operator,seed,city,alpha,level,n_cities,q_city,qhat,valid,resid_cov,true_cov,claimed,false_claim,naive_claimed,naive_false
gbdt,0,amsterdam,0.05,130.0,11,21.10729217529297,22.54131317138672,True,0.9587007832407614,0.8929531816954168,0.2771756361629423,0.004650125060181543,0.999988257259949,0.1070468183045832
gbdt,0,amsterdam,0.05,140.0,11,21.10729217529297,22.54131317138672,True,0.9587007832407614,0.960450451508355,0.7038363531746498,0.012365105273664558,1.0,0.03954954849164504
gbdt,0,barcelona,0.05,130.0,11,21.358047485351562,22.54131317138672,True,0.9589896864898148,0.8347016265585715,0.22664066909538713,0.0036559084611832316,0.9862358253373698,0.16173225922315151
gbdt,0,barcelona,0.05,140.0,11,21.358047485351562,22.54131317138672,True,0.9589896864898148,0.9331802555287598,0.58500949253425,0.011840012314639027,1.0,0.06681974447124019
gbdt,0,berlin,0.05,130.0,11,11.501022338867188,22.54131317138672,True,0.9935590828133927,0.92165604382064,0.2671580433053667,0.00048166858960716006,0.928769056713676,0.052837924120394744
gbdt,0,berlin,0.05,140.0,11,11.501022338867188,22.54131317138672,True,0.9935590828133927,0.9796691048805349,0.5862242783372352,0.0013665946030714774,1.0,0.020330895119465012
gbdt,0,chicago,0.05,130.0,11,7.724205017089844,22.54131317138672,True,0.9967866038071518,0.9697006760362925,0.10024906600249066,0.00020014232342999467,0.9741371642056573,0.028987279843444225
gbdt,0,chicago,0.05,140.0,11,7.724205017089844,22.54131317138672,True,0.9967866038071518,0.9955746308486034,0.5673145347802883,0.001223091976516634,1.0,0.004425369151396548
gbdt,0,hamburg,0.05,130.0,11,12.85968017578125,22.54131317138672,True,0.9902323184801846,0.9524161569997984,0.37401707103972043,0.0006608867083361337,0.9959786724018191,0.04610524900866994
gbdt,0,hamburg,0.05,140.0,11,12.85968017578125,22.54131317138672,True,0.9902323184801846,0.9864126173353944,0.7879001725026323,0.0021954880480319016,1.0,0.013587382664605597
gbdt,0,london,0.05,130.0,11,13.241653442382812,22.54131317138672,True,0.9906662411961799,0.9126455906821963,0.25153283340551136,0.0007179814464477013,0.9481913705468056,0.06925671825496318
gbdt,0,london,0.05,140.0,11,13.241653442382812,22.54131317138672,True,0.9906662411961799,0.973548651790395,0.5797757162719668,0.002416064549950995,1.0,0.026451348209604996
gbdt,0,munich,0.05,130.0,11,19.429893493652344,22.54131317138672,True,0.971089230909651,0.8802268137685542,0.2935914842154503,0.001711371493114582,0.999178541683305,0.11922554735364921
gbdt,0,munich,0.05,140.0,11,19.429893493652344,22.54131317138672,True,0.971089230909651,0.957124439525836,0.6702985772798321,0.007974991157913952,1.0,0.04287556047416399
gbdt,0,newyork,0.05,130.0,11,9.634552001953125,22.54131317138672,True,0.9966153949264435,0.9081576801492354,0.019201769377701818,3.3510941322341746e-05,0.9391888118137238,0.07876188242127721
gbdt,0,newyork,0.05,140.0,11,9.634552001953125,22.54131317138672,True,0.9966153949264435,0.9808429118773946,0.15960144320453962,0.0006478781988986071,1.0,0.019157088122605363
gbdt,0,paris,0.05,130.0,11,20.992538452148438,22.54131317138672,True,0.9612773727714975,0.818012015444446,0.20682733722696925,0.0034290015472324053,0.9645809230426117,0.17034889393791555
gbdt,0,paris,0.05,140.0,11,20.992538452148438,22.54131317138672,True,0.9612773727714975,0.9254958810164341,0.5142805369314618,0.010008224028101085,1.0,0.07450411898356589
gbdt,0,prague,0.05,130.0,11,15.510627746582031,22.54131317138672,True,0.9840632959899015,0.9283073732615017,0.23433942699997745,0.0015553501792033902,0.9983206726325993,0.07109528210445641
gbdt,0,prague,0.05,140.0,11,15.510627746582031,22.54131317138672,True,0.9840632959899015,0.979228185650204,0.6327232152920226,0.004305389626490544,1.0,0.020771814349796
gbdt,0,vienna,0.05,130.0,11,22.54131317138672,21.358047485351562,False,0.9391356814239384,0.8048118259295572,0.22461472710360258,0.004273826583201347,0.9951102395856902,0.19191995374211226
gbdt,0,vienna,0.05,140.0,11,22.54131317138672,21.358047485351562,False,0.9391356814239384,0.9233476632224652,0.6209367222264123,0.018729416496970613,1.0,0.07665233677753476
gbdt,0,amsterdam,0.1,130.0,11,15.0057373046875,17.97295379638672,True,0.9261616505595416,0.8929531816954168,0.4378045773200719,0.012376848013715521,0.999988257259949,0.1070468183045832
gbdt,0,amsterdam,0.1,140.0,11,15.0057373046875,17.97295379638672,True,0.9261616505595416,0.960450451508355,0.9125987858006788,0.0285935720240961,1.0,0.03954954849164504
gbdt,0,barcelona,0.1,130.0,11,16.23485565185547,17.97295379638672,True,0.9183128944532813,0.8347016265585715,0.38607676124993584,0.011557801836933656,0.9862358253373698,0.16173225922315151
gbdt,0,barcelona,0.1,140.0,11,16.23485565185547,17.97295379638672,True,0.9183128944532813,0.9331802555287598,0.7718456565241931,0.02837498075837652,1.0,0.06681974447124019
gbdt,0,berlin,0.1,130.0,11,6.905616760253906,17.97295379638672,True,0.9846426131081066,0.92165604382064,0.40815252091897886,0.002128303070357219,0.928769056713676,0.052837924120394744
gbdt,0,berlin,0.1,140.0,11,6.905616760253906,17.97295379638672,True,0.9846426131081066,0.9796691048805349,0.7194336473513828,0.0030020274887143927,1.0,0.020330895119465012
gbdt,0,chicago,0.1,130.0,11,2.9037551879882812,17.97295379638672,True,0.9916496175057818,0.9697006760362925,0.237546699875467,0.001256449030421633,0.9741371642056573,0.028987279843444225
gbdt,0,chicago,0.1,140.0,11,2.9037551879882812,17.97295379638672,True,0.9916496175057818,0.9955746308486034,0.8011141256004269,0.002446183953033268,1.0,0.004425369151396548
gbdt,0,hamburg,0.1,130.0,11,7.362510681152344,17.97295379638672,True,0.9758832358805475,0.9524161569997984,0.5894885408965657,0.003069202679391536,0.9959786724018191,0.04610524900866994
gbdt,0,hamburg,0.1,140.0,11,7.362510681152344,17.97295379638672,True,0.9758832358805475,0.9864126173353944,0.9219033537200081,0.006664874431525416,1.0,0.013587382664605597
gbdt,0,london,0.1,130.0,11,8.110099792480469,17.97295379638672,True,0.9769106284047137,0.9126455906821963,0.3962915688464431,0.003156839058190687,0.9481913705468056,0.06925671825496318
gbdt,0,london,0.1,140.0,11,8.110099792480469,17.97295379638672,True,0.9769106284047137,0.973548651790395,0.733252797848335,0.005948989127709525,1.0,0.026451348209604996
gbdt,0,munich,0.1,130.0,11,14.24346923828125,17.97295379638672,True,0.938071170235827,0.8802268137685542,0.4569475978048808,0.007746808292165341,0.999178541683305,0.11922554735364921
gbdt,0,munich,0.1,140.0,11,14.24346923828125,17.97295379638672,True,0.938071170235827,0.957124439525836,0.8602608130155507,0.02043377562778811,1.0,0.04287556047416399
gbdt,0,newyork,0.1,130.0,11,4.6344451904296875,17.97295379638672,True,0.989108944070239,0.9081576801492354,0.05790690660500653,0.00016755470661170872,0.9391888118137238,0.07876188242127721
gbdt,0,newyork,0.1,140.0,11,4.6344451904296875,17.97295379638672,True,0.989108944070239,0.9808429118773946,0.4382449202998112,0.0033622644460082883,1.0,0.019157088122605363
gbdt,0,paris,0.1,130.0,11,15.947601318359375,17.97295379638672,True,0.921760220794246,0.818012015444446,0.3333658577382529,0.009478540862268438,0.9645809230426117,0.17034889393791555
gbdt,0,paris,0.1,140.0,11,15.947601318359375,17.97295379638672,True,0.921760220794246,0.9254958810164341,0.7090366735897186,0.02720898788698234,1.0,0.07450411898356589
gbdt,0,prague,0.1,130.0,11,10.25054931640625,17.97295379638672,True,0.9654329057998783,0.9283073732615017,0.3871582174334468,0.005567702815409237,0.9983206726325993,0.07109528210445641
gbdt,0,prague,0.1,140.0,11,10.25054931640625,17.97295379638672,True,0.9654329057998783,0.979228185650204,0.834772220093321,0.009106688005770575,1.0,0.020771814349796
gbdt,0,vienna,0.1,130.0,11,17.97295379638672,16.23485565185547,False,0.8771149156547754,0.8048118259295572,0.39422279206576666,0.019508761344495563,0.9951102395856902,0.19191995374211226
gbdt,0,vienna,0.1,140.0,11,17.97295379638672,16.23485565185547,False,0.8771149156547754,0.9233476632224652,0.8549538678130578,0.045327701938306056,1.0,0.07665233677753476
gbdt,1,amsterdam,0.05,130.0,11,21.245826721191406,22.24725341796875,True,0.9564109489308236,0.8929531816954168,0.2902218203595627,0.0050728637020162285,0.9999647717798471,0.1070468183045832
gbdt,1,amsterdam,0.05,140.0,11,21.245826721191406,22.24725341796875,True,0.9564109489308236,0.960450451508355,0.7248088869056706,0.013762491339729212,1.0,0.03954954849164504
gbdt,1,barcelona,0.05,130.0,11,21.13355255126953,22.24725341796875,True,0.9585278875262969,0.8347016265585715,0.23749294473805738,0.0038354969469957412,0.9838626917748473,0.16050079532043718
gbdt,1,barcelona,0.05,140.0,11,21.13355255126953,22.24725341796875,True,0.9585278875262969,0.9331802555287598,0.5876648365744779,0.011609112832880086,1.0,0.06681974447124019
gbdt,1,berlin,0.05,130.0,11,11.464096069335938,22.24725341796875,True,0.9932342365552854,0.92165604382064,0.2773178900675456,0.0006384909211071657,0.9288810726647475,0.05291633528614475
gbdt,1,berlin,0.05,140.0,11,11.464096069335938,22.24725341796875,True,0.9932342365552854,0.9796691048805349,0.5970898255911642,0.0014001993883929072,1.0,0.020330895119465012
gbdt,1,chicago,0.05,130.0,11,7.715324401855469,22.24725341796875,True,0.9964419142501334,0.9697006760362925,0.09924835438534069,0.00022238035936666075,0.9760162782423056,0.028987279843444225
gbdt,1,chicago,0.05,140.0,11,7.715324401855469,22.24725341796875,True,0.9964419142501334,0.9955746308486034,0.5749644191425013,0.0013231631382316315,1.0,0.004425369151396548
gbdt,1,hamburg,0.05,130.0,11,12.915771484375,22.24725341796875,True,0.9893137979702937,0.9524161569997984,0.38557698770078636,0.000772901404664292,0.9956426283128347,0.046049241660505856
gbdt,1,hamburg,0.05,140.0,11,12.915771484375,22.24725341796875,True,0.9893137979702937,0.9864126173353944,0.7973766158119945,0.0024643233192194816,1.0,0.013587382664605597
gbdt,1,london,0.05,130.0,11,13.307083129882812,22.24725341796875,True,0.9898456909716682,0.9126455906821963,0.25732227110067696,0.0009345155334716112,0.9490575068949012,0.06932509744033916
gbdt,1,london,0.05,140.0,11,13.307083129882812,22.24725341796875,True,0.9898456909716682,0.973548651790395,0.5874455815649716,0.0026667882296628905,1.0,0.026451348209604996
gbdt,1,munich,0.05,130.0,11,19.318641662597656,22.24725341796875,True,0.970267772592956,0.8802268137685542,0.3015436570867894,0.0020992823648872208,0.9992812239728919,0.11921413821036178
gbdt,1,munich,0.05,140.0,11,19.318641662597656,22.24725341796875,True,0.970267772592956,0.957124439525836,0.6755467831920501,0.008214583166949993,1.0,0.04287556047416399
gbdt,1,newyork,0.05,130.0,11,9.336593627929688,22.24725341796875,True,0.9966935871228623,0.9081576801492354,0.019849647576600425,3.3510941322341746e-05,0.9292472325547625,0.07678473688325906
gbdt,1,newyork,0.05,140.0,11,9.336593627929688,22.24725341796875,True,0.9966935871228623,0.9808429118773946,0.15772483049048847,0.0007149000815432905,1.0,0.019157088122605363
gbdt,1,paris,0.05,130.0,11,21.126914978027344,22.24725341796875,True,0.959075005924088,0.818012015444446,0.215706499770006,0.0037495992528679555,0.9628385442076358,0.16933134469828967
gbdt,1,paris,0.05,140.0,11,21.126914978027344,22.24725341796875,True,0.959075005924088,0.9254958810164341,0.5302267880291605,0.010816687807529864,1.0,0.07450411898356589
gbdt,1,prague,0.05,130.0,11,15.38623046875,22.24725341796875,True,0.9833081622072448,0.9283073732615017,0.24011000157789147,0.0016680567139282735,0.9978134932263373,0.07066699727250186
gbdt,1,prague,0.05,140.0,11,15.38623046875,22.24725341796875,True,0.9833081622072448,0.979228185650204,0.6471834636972251,0.004564614656357775,1.0,0.020771814349796
gbdt,1,vienna,0.05,130.0,11,22.24725341796875,21.245826721191406,False,0.9402795585388541,0.8048118259295572,0.22388566256882117,0.0038841541594388717,0.9941297734871911,0.19105261834728612
gbdt,1,vienna,0.05,140.0,11,22.24725341796875,21.245826721191406,False,0.9402795585388541,0.9233476632224652,0.617316539708877,0.018465444855066997,1.0,0.07665233677753476
gbdt,1,amsterdam,0.1,130.0,11,15.085968017578125,17.740921020507812,True,0.9237309033689921,0.8929531816954168,0.4509212179569981,0.013703777639474396,0.9999647717798471,0.1070468183045832
gbdt,1,amsterdam,0.1,140.0,11,15.085968017578125,17.740921020507812,True,0.9237309033689921,0.960450451508355,0.914759449970056,0.02888714052537019,1.0,0.03954954849164504
gbdt,1,barcelona,0.1,130.0,11,16.03046417236328,17.740921020507812,True,0.9179537174816563,0.8347016265585715,0.38933500949253425,0.01122428036328185,0.9838626917748473,0.16050079532043718
gbdt,1,barcelona,0.1,140.0,11,16.03046417236328,17.740921020507812,True,0.9179537174816563,0.9331802555287598,0.7764123351634256,0.028823951972907793,1.0,0.06681974447124019
gbdt,1,berlin,0.1,130.0,11,6.9188079833984375,17.740921020507812,True,0.9839929205918923,0.92165604382064,0.4156463880456577,0.0023299317822857977,0.9288810726647475,0.05291633528614475
gbdt,1,berlin,0.1,140.0,11,6.9188079833984375,17.740921020507812,True,0.9839929205918923,0.9796691048805349,0.7211026850223472,0.0033604785321429773,1.0,0.020330895119465012
gbdt,1,chicago,0.1,130.0,11,2.8757095336914062,17.740921020507812,True,0.9908268101761253,0.9697006760362925,0.23104207436399218,0.001200853940579968,0.9760162782423056,0.028987279843444225
gbdt,1,chicago,0.1,140.0,11,2.8757095336914062,17.740921020507812,True,0.9908268101761253,0.9955746308486034,0.8007027219355987,0.0025462551147482654,1.0,0.004425369151396548
gbdt,1,hamburg,0.1,130.0,11,7.4277496337890625,17.740921020507812,True,0.9746846786298362,0.9524161569997984,0.6009812487398347,0.003472455586172906,0.9956426283128347,0.046049241660505856
gbdt,1,hamburg,0.1,140.0,11,7.4277496337890625,17.740921020507812,True,0.9746846786298362,0.9864126173353944,0.9264511503909313,0.0069897170508770754,1.0,0.013587382664605597
gbdt,1,london,0.1,130.0,11,8.145248413085938,17.740921020507812,True,0.9754860620427142,0.9126455906821963,0.4045540537460397,0.0032366147744626534,0.9490575068949012,0.06932509744033916
gbdt,1,london,0.1,140.0,11,8.145248413085938,17.740921020507812,True,0.9754860620427142,0.973548651790395,0.7426321427757391,0.006051557905773482,1.0,0.026451348209604996
gbdt,1,munich,0.1,130.0,11,14.135986328125,17.740921020507812,True,0.9368503919040719,0.8802268137685542,0.46505949868224394,0.008579675752147771,0.9992812239728919,0.11921413821036178
gbdt,1,munich,0.1,140.0,11,14.135986328125,17.740921020507812,True,0.9368503919040719,0.957124439525836,0.8646989697543611,0.02044518477107554,1.0,0.04287556047416399
gbdt,1,newyork,0.1,130.0,11,4.401969909667969,17.740921020507812,True,0.9890754331289165,0.9081576801492354,0.06268780090032729,0.00017872502038582264,0.9292472325547625,0.07678473688325906
gbdt,1,newyork,0.1,140.0,11,4.401969909667969,17.740921020507812,True,0.9890754331289165,0.9808429118773946,0.4340560526345185,0.0030718362878813265,1.0,0.019157088122605363
gbdt,1,paris,0.1,130.0,11,15.988059997558594,17.740921020507812,True,0.9195160368547971,0.818012015444446,0.34140867844050127,0.009617931169066504,0.9628385442076358,0.16933134469828967
gbdt,1,paris,0.1,140.0,11,15.988059997558594,17.740921020507812,True,0.9195160368547971,0.9254958810164341,0.7220696672753377,0.028240476157288023,1.0,0.07450411898356589
gbdt,1,prague,0.1,130.0,11,10.198394775390625,17.740921020507812,True,0.9643734643734644,0.9283073732615017,0.38834163604805805,0.005556432161936749,0.9978134932263373,0.07066699727250186
gbdt,1,prague,0.1,140.0,11,10.198394775390625,17.740921020507812,True,0.9643734643734644,0.979228185650204,0.8534251515902892,0.00954624349119762,1.0,0.020771814349796
gbdt,1,vienna,0.1,130.0,11,17.740921020507812,16.03046417236328,False,0.877378887296679,0.8048118259295572,0.3927143826834603,0.01884254720064359,0.9941297734871911,0.19105261834728612
gbdt,1,vienna,0.1,140.0,11,17.740921020507812,16.03046417236328,False,0.877378887296679,0.9233476632224652,0.8618799808934812,0.04570480428388265,1.0,0.07665233677753476
gbdt,2,amsterdam,0.05,130.0,11,21.140838623046875,22.26531982421875,True,0.9573033971746967,0.8929531816954168,0.28390422621214434,0.005002407261710447,0.999682946018624,0.1070468183045832
gbdt,2,amsterdam,0.05,140.0,11,21.140838623046875,22.26531982421875,True,0.9573033971746967,0.960450451508355,0.7119975575100694,0.013398466398149345,1.0,0.03954954849164504
gbdt,2,barcelona,0.05,130.0,11,21.864234924316406,22.26531982421875,True,0.9530760942069886,0.8347016265585715,0.23074554877110165,0.004130535173687722,0.9925214223408076,0.16337421109343733
gbdt,2,barcelona,0.05,140.0,11,21.864234924316406,22.26531982421875,True,0.9530760942069886,0.9331802555287598,0.6108317512442917,0.01395659089742932,1.0,0.06681974447124019
gbdt,2,berlin,0.05,130.0,11,11.459518432617188,22.26531982421875,True,0.9933126477210354,0.92165604382064,0.2725460105519026,0.0005264749700357331,0.9302364656727118,0.05370044694364477
gbdt,2,berlin,0.05,140.0,11,11.459518432617188,22.26531982421875,True,0.9933126477210354,0.9796691048805349,0.596921801664557,0.001523416934571483,1.0,0.020330895119465012
gbdt,2,chicago,0.05,130.0,11,7.6910552978515625,22.26531982421875,True,0.9965531044298167,0.9697006760362925,0.112580056929372,0.00022238035936666075,0.975460327343889,0.0287426614481409
gbdt,2,chicago,0.05,140.0,11,7.6910552978515625,22.26531982421875,True,0.9965531044298167,0.9955746308486034,0.587940313111546,0.0012453300124533001,1.0,0.004425369151396548
gbdt,2,hamburg,0.05,130.0,11,12.984367370605469,22.26531982421875,True,0.9890225597598404,0.9524161569997984,0.3726280888052512,0.0007616999350314761,0.9958890606447566,0.046116450478302755
gbdt,2,hamburg,0.05,140.0,11,12.984367370605469,22.26531982421875,True,0.9890225597598404,0.9864126173353944,0.8001097744024016,0.002565136545914824,1.0,0.013587382664605597
gbdt,2,london,0.05,130.0,11,13.137405395507812,22.26531982421875,True,0.990164793836756,0.9126455906821963,0.2584505276593805,0.0009345155334716112,0.9479862329906776,0.06907437376062726
gbdt,2,london,0.05,140.0,11,13.137405395507812,22.26531982421875,True,0.990164793836756,0.973548651790395,0.5799124746427188,0.0024616506735349757,1.0,0.026451348209604996
gbdt,2,munich,0.05,130.0,11,19.185134887695312,22.26531982421875,True,0.9708040023274652,0.8802268137685542,0.29661490718661937,0.0019053269290009013,0.9989959953907062,0.1189631370580383
gbdt,2,munich,0.05,140.0,11,19.185134887695312,22.26531982421875,True,0.9708040023274652,0.957124439525836,0.6763340140788828,0.008032036874351105,1.0,0.04287556047416399
gbdt,2,newyork,0.05,130.0,11,9.566490173339844,22.26531982421875,True,0.9963361370820907,0.9081576801492354,0.020843805502496565,3.3510941322341746e-05,0.9395909431095919,0.07957731532678752
gbdt,2,newyork,0.05,140.0,11,9.566490173339844,22.26531982421875,True,0.9963361370820907,0.9808429118773946,0.16155624811500954,0.0005808563162539236,1.0,0.019157088122605363
gbdt,2,paris,0.05,130.0,11,21.040565490722656,22.26531982421875,True,0.9592422742922457,0.818012015444446,0.21538590206437044,0.0035683918540304707,0.9602180064398321,0.16779805132351097
gbdt,2,paris,0.05,140.0,11,21.040565490722656,22.26531982421875,True,0.9592422742922457,0.9254958810164341,0.5284286530714654,0.01078880974617025,1.0,0.07450411898356589
gbdt,2,prague,0.05,130.0,11,15.406578063964844,22.26531982421875,True,0.9833983274350246,0.9283073732615017,0.23765299912088902,0.001780763248653157,0.9981403421770394,0.07080224511417171
gbdt,2,prague,0.05,140.0,11,15.406578063964844,22.26531982421875,True,0.9833983274350246,0.979228185650204,0.6437684556950612,0.004711133151500124,1.0,0.020771814349796
gbdt,2,vienna,0.05,130.0,11,22.26531982421875,21.864234924316406,False,0.9465771677099831,0.8048118259295572,0.21132815446112074,0.0032430801719586697,0.9943811750509088,0.19173140256932397
gbdt,2,vienna,0.05,140.0,11,22.26531982421875,21.864234924316406,False,0.9465771677099831,0.9233476632224652,0.5900394700455037,0.016366241798023984,1.0,0.07665233677753476
gbdt,2,amsterdam,0.1,130.0,11,15.043014526367188,17.662567138671875,True,0.9232729365070046,0.8929531816954168,0.45285877006540703,0.013492408318557051,0.999682946018624,0.1070468183045832
gbdt,2,amsterdam,0.1,140.0,11,15.043014526367188,17.662567138671875,True,0.9232729365070046,0.960450451508355,0.922814969645017,0.029450792047816438,1.0,0.03954954849164504
gbdt,2,barcelona,0.1,130.0,11,16.7767333984375,17.662567138671875,True,0.9093334701626559,0.8347016265585715,0.39835291703011955,0.013353686695058752,0.9925214223408076,0.16337421109343733
gbdt,2,barcelona,0.1,140.0,11,16.7767333984375,17.662567138671875,True,0.9093334701626559,0.9331802555287598,0.8061983683103289,0.03335214736518036,1.0,0.06681974447124019
gbdt,2,berlin,0.1,130.0,11,6.901756286621094,17.662567138671875,True,0.9836792759288923,0.92165604382064,0.41550076730926483,0.0023299317822857977,0.9302364656727118,0.05370044694364477
gbdt,2,berlin,0.1,140.0,11,6.901756286621094,17.662567138671875,True,0.9836792759288923,0.9796691048805349,0.727969262823026,0.003618115219607272,1.0,0.020330895119465012
gbdt,2,chicago,0.1,130.0,11,2.9928741455078125,17.662567138671875,True,0.9910047144636186,0.9697006760362925,0.25543719978651486,0.0010340686710549724,0.975460327343889,0.0287426614481409
gbdt,2,chicago,0.1,140.0,11,2.9928741455078125,17.662567138671875,True,0.9910047144636186,0.9955746308486034,0.8162804661092332,0.0025240170788115995,1.0,0.004425369151396548
gbdt,2,hamburg,0.1,130.0,11,7.390594482421875,17.662567138671875,True,0.9741470080874611,0.9524161569997984,0.5927033626811837,0.0034948585254385377,0.9958890606447566,0.046116450478302755
gbdt,2,hamburg,0.1,140.0,11,7.390594482421875,17.662567138671875,True,0.9741470080874611,0.9864126173353944,0.9290050854672133,0.007224947913166207,1.0,0.013587382664605597
gbdt,2,london,0.1,130.0,11,8.032684326171875,17.662567138671875,True,0.976090078180202,0.9126455906821963,0.4050668976363595,0.0032594078362546443,0.9479862329906776,0.06907437376062726
gbdt,2,london,0.1,140.0,11,8.032684326171875,17.662567138671875,True,0.976090078180202,0.973548651790395,0.7382102887880929,0.006279488523693388,1.0,0.026451348209604996
gbdt,2,munich,0.1,130.0,11,14.042610168457031,17.662567138671875,True,0.9375691679311801,0.8802268137685542,0.4641695855058244,0.008488402605848327,0.9989959953907062,0.1189631370580383
gbdt,2,munich,0.1,140.0,11,14.042610168457031,17.662567138671875,True,0.9375691679311801,0.957124439525836,0.8652808360620201,0.020707595066686443,1.0,0.04287556047416399
gbdt,2,newyork,0.1,130.0,11,4.647529602050781,17.662567138671875,True,0.9879137204964088,0.9081576801492354,0.0612468304234666,0.0001563843928375948,0.9395909431095919,0.07957731532678752
gbdt,2,newyork,0.1,140.0,11,4.647529602050781,17.662567138671875,True,0.9879137204964088,0.9808429118773946,0.4481753292449985,0.0031835394256224656,1.0,0.019157088122605363
gbdt,2,paris,0.1,130.0,11,15.972457885742188,17.662567138671875,True,0.9182615240936145,0.818012015444446,0.3482388034736065,0.01055184622461354,0.9602180064398321,0.16779805132351097
gbdt,2,paris,0.1,140.0,11,15.972457885742188,17.662567138671875,True,0.9182615240936145,0.9254958810164341,0.72622349841792,0.029035000906036994,1.0,0.07450411898356589
gbdt,2,prague,0.1,130.0,11,10.113662719726562,17.662567138671875,True,0.9644636296012443,0.9283073732615017,0.39223001149606657,0.005793115884859004,0.9981403421770394,0.07080224511417171
gbdt,2,prague,0.1,140.0,11,10.113662719726562,17.662567138671875,True,0.9644636296012443,0.979228185650204,0.8460541442192818,0.009692761986339967,1.0,0.020771814349796
gbdt,2,vienna,0.1,130.0,11,17.662567138671875,16.7767333984375,False,0.8881640143801695,0.8048118259295572,0.3643060059833572,0.015046383588505921,0.9943811750509088,0.19173140256932397
gbdt,2,vienna,0.1,140.0,11,17.662567138671875,16.7767333984375,False,0.8881640143801695,0.9233476632224652,0.8168413907534505,0.03843929909244036,1.0,0.07665233677753476
gbdt,3,amsterdam,0.05,130.0,11,21.151084899902344,22.371803283691406,True,0.9580079615777546,0.8929531816954168,0.2897051397973203,0.005143320142322009,1.0,0.1070468183045832
gbdt,3,amsterdam,0.05,140.0,11,21.151084899902344,22.371803283691406,True,0.9580079615777546,0.960450451508355,0.7129369767141465,0.013010955976467549,1.0,0.03954954849164504
gbdt,3,barcelona,0.05,130.0,11,21.679916381835938,22.371803283691406,True,0.9552568115347119,0.8347016265585715,0.22986043409102572,0.0036559084611832316,0.9903663605110575,0.16306634511775875
gbdt,3,barcelona,0.05,140.0,11,21.679916381835938,22.371803283691406,True,0.9552568115347119,0.9331802555287598,0.6017881882087331,0.013212581456206065,1.0,0.06681974447124019
gbdt,3,berlin,0.05,130.0,11,11.442634582519531,22.371803283691406,True,0.9934134620769998,0.92165604382064,0.2688718873567596,0.0004704669945000168,0.9277945179393545,0.05253548105250187
gbdt,3,berlin,0.05,140.0,11,11.442634582519531,22.371803283691406,True,0.9934134620769998,0.9796691048805349,0.5942782252192712,0.0013777961981786206,1.0,0.020330895119465012
gbdt,3,chicago,0.05,130.0,11,7.6999664306640625,22.371803283691406,True,0.9966754136274685,0.9697006760362925,0.10213929905710728,0.00022238035936666075,0.9710460772104608,0.028342376801280912
gbdt,3,chicago,0.05,140.0,11,7.6999664306640625,22.371803283691406,True,0.9966754136274685,0.9955746308486034,0.5711061199074897,0.001211972958548301,1.0,0.004425369151396548
gbdt,3,hamburg,0.05,130.0,11,12.8665771484375,22.371803283691406,True,0.990030692026794,0.9524161569997984,0.3903600152339987,0.0006496852387033179,0.9954634047987095,0.04600443578197459
gbdt,3,hamburg,0.05,140.0,11,12.8665771484375,22.371803283691406,True,0.990030692026794,0.9864126173353944,0.7935009073190402,0.0021730851087662702,1.0,0.013587382664605597
gbdt,3,london,0.05,130.0,11,13.168327331542969,22.371803283691406,True,0.990415517516468,0.9126455906821963,0.25163540218357533,0.0007863606318236729,0.949444988945365,0.06913135641510725
gbdt,3,london,0.05,140.0,11,13.168327331542969,22.371803283691406,True,0.990415517516468,0.973548651790395,0.5756273790258245,0.0023020992409910424,1.0,0.026451348209604996
gbdt,3,munich,0.05,130.0,11,19.3277587890625,22.371803283691406,True,0.9706442743214412,0.8802268137685542,0.2951317185592534,0.0018939177857134708,0.9974899884767653,0.11781081358600783
gbdt,3,munich,0.05,140.0,11,19.3277587890625,22.371803283691406,True,0.9706442743214412,0.957124439525836,0.6738696391287978,0.008408538602836312,1.0,0.04287556047416399
gbdt,3,newyork,0.05,130.0,11,9.305305480957031,22.371803283691406,True,0.9967829496330551,0.9081576801492354,0.020542207030595488,3.3510941322341746e-05,0.9353015426203322,0.07734325257196474
gbdt,3,newyork,0.05,140.0,11,9.305305480957031,22.371803283691406,True,0.9967829496330551,0.9808429118773946,0.15713280386046044,0.0006367078851244932,1.0,0.019157088122605363
gbdt,3,paris,0.05,130.0,11,21.12293243408203,22.371803283691406,True,0.9596604452126399,0.818012015444446,0.21265385205112836,0.0037774773142275684,0.9636748860484242,0.16944285694372813
gbdt,3,paris,0.05,140.0,11,21.12293243408203,22.371803283691406,True,0.9596604452126399,0.9254958810164341,0.5245257244811196,0.010942139083648123,1.0,0.07450411898356589
gbdt,3,prague,0.05,130.0,11,15.205902099609375,22.371803283691406,True,0.9842323557919889,0.9283073732615017,0.22720510335189234,0.0017131393278182268,0.9991885129499808,0.07137704844126863
gbdt,3,prague,0.05,140.0,11,15.205902099609375,22.371803283691406,True,0.9842323557919889,0.979228185650204,0.6346166850754007,0.004722403804972612,1.0,0.020771814349796
gbdt,3,vienna,0.05,130.0,11,22.371803283691406,21.679916381835938,False,0.9435854891017422,0.8048118259295572,0.21814113683787112,0.003607612439349373,0.9943057545817935,0.19174397264750986
gbdt,3,vienna,0.05,140.0,11,22.371803283691406,21.679916381835938,False,0.9435854891017422,0.9233476632224652,0.598411142117304,0.017208437036478366,1.0,0.07665233677753476
gbdt,3,amsterdam,0.1,130.0,11,15.067802429199219,17.792739868164062,True,0.9246703225730692,0.8929531816954168,0.4434998062447892,0.012893528575957915,1.0,0.1070468183045832
gbdt,3,amsterdam,0.1,140.0,11,15.067802429199219,17.792739868164062,True,0.9246703225730692,0.960450451508355,0.9128453833417489,0.027900750361089258,1.0,0.03954954849164504
gbdt,3,barcelona,0.1,130.0,11,16.647377014160156,17.792739868164062,True,0.9124634409153881,0.8347016265585715,0.39310636769459695,0.012776437990661398,0.9903663605110575,0.16306634511775875
gbdt,3,barcelona,0.1,140.0,11,16.647377014160156,17.792739868164062,True,0.9124634409153881,0.9331802555287598,0.7931910308379085,0.03154343475806865,1.0,0.06681974447124019
gbdt,3,berlin,0.1,130.0,11,6.931915283203125,17.792739868164062,True,0.984205750898928,0.92165604382064,0.41252114301076476,0.002486754113785803,0.9277945179393545,0.05253548105250187
gbdt,3,berlin,0.1,140.0,11,6.931915283203125,17.792739868164062,True,0.984205750898928,0.9796691048805349,0.723511027970383,0.003181253010428685,1.0,0.020330895119465012
gbdt,3,chicago,0.1,130.0,11,2.8152847290039062,17.792739868164062,True,0.9912604518768903,0.9697006760362925,0.2367683686176837,0.0013009251022949653,0.9710460772104608,0.028342376801280912
gbdt,3,chicago,0.1,140.0,11,2.8152847290039062,17.792739868164062,True,0.9912604518768903,0.9955746308486034,0.8003024372887386,0.0024906600249066002,1.0,0.004425369151396548
gbdt,3,hamburg,0.1,130.0,11,7.3977508544921875,17.792739868164062,True,0.9752895579900083,0.9524161569997984,0.6069852364630239,0.0033044335416806685,0.9954634047987095,0.04600443578197459
gbdt,3,hamburg,0.1,140.0,11,7.3977508544921875,17.792739868164062,True,0.9752895579900083,0.9864126173353944,0.9224410242623833,0.006530456795931627,1.0,0.013587382664605597
gbdt,3,london,0.1,130.0,11,8.042564392089844,17.792739868164062,True,0.9763635949217059,0.9126455906821963,0.3982403756296583,0.0032252182435666583,0.949444988945365,0.06913135641510725
gbdt,3,london,0.1,140.0,11,8.042564392089844,17.792739868164062,True,0.9763635949217059,0.973548651790395,0.7344836231851024,0.006028764843981492,1.0,0.026451348209604996
gbdt,3,munich,0.1,130.0,11,14.147613525390625,17.792739868164062,True,0.9372725302057069,0.8802268137685542,0.4633367180458419,0.008271628883387146,0.9974899884767653,0.11781081358600783
gbdt,3,munich,0.1,140.0,11,14.147613525390625,17.792739868164062,True,0.9372725302057069,0.957124439525836,0.8634781914226061,0.020764640783123595,1.0,0.04287556047416399
gbdt,3,newyork,0.1,130.0,11,4.4324493408203125,17.792739868164062,True,0.9889637299911754,0.9081576801492354,0.05872233951051685,0.00016755470661170872,0.9353015426203322,0.07734325257196474
gbdt,3,newyork,0.1,140.0,11,4.4324493408203125,17.792739868164062,True,0.9889637299911754,0.9808429118773946,0.4348491449124806,0.0032170503669448074,1.0,0.019157088122605363
gbdt,3,paris,0.1,130.0,11,16.041946411132812,17.792739868164062,True,0.9188887804742059,0.818012015444446,0.34263531314032425,0.010119736273539537,0.9636748860484242,0.16944285694372813
gbdt,3,paris,0.1,140.0,11,16.041946411132812,17.792739868164062,True,0.9188887804742059,0.9254958810164341,0.7247599001965404,0.028728342231081252,1.0,0.07450411898356589
gbdt,3,prague,0.1,130.0,11,9.899246215820312,17.792739868164062,True,0.9659851678200302,0.9283073732615017,0.3783220251110159,0.005094335369564727,0.9991885129499808,0.07137704844126863
gbdt,3,prague,0.1,140.0,11,9.899246215820312,17.792739868164062,True,0.9659851678200302,0.979228185650204,0.8437887428713117,0.00912922931271555,1.0,0.020771814349796
gbdt,3,vienna,0.1,130.0,11,17.792739868164062,16.647377014160156,False,0.8855871483520628,0.8048118259295572,0.3745883299394122,0.01678105437815823,0.9943057545817935,0.19174397264750986
gbdt,3,vienna,0.1,140.0,11,17.792739868164062,16.647377014160156,False,0.8855871483520628,0.9233476632224652,0.8339744073208135,0.041506398169796614,1.0,0.07665233677753476
gbdt,4,amsterdam,0.05,130.0,11,21.001686096191406,22.217796325683594,True,0.9577261358165314,0.8929531816954168,0.2892589156753837,0.004814523420895032,0.999988257259949,0.1070468183045832
gbdt,4,amsterdam,0.05,140.0,11,21.001686096191406,22.217796325683594,True,0.9577261358165314,0.960450451508355,0.7142051926396505,0.013069669676722366,1.0,0.03954954849164504
gbdt,4,barcelona,0.05,130.0,11,21.255691528320312,22.217796325683594,True,0.9576684283441942,0.8347016265585715,0.2380317101954949,0.004002257683821643,0.9835676535481553,0.16094976653496845
gbdt,4,barcelona,0.05,140.0,11,21.255691528320312,22.217796325683594,True,0.9576684283441942,0.9331802555287598,0.5936169121042639,0.012147878290317615,1.0,0.06681974447124019
gbdt,4,berlin,0.05,130.0,11,11.486282348632812,22.217796325683594,True,0.9932566397454997,0.92165604382064,0.27936778197215284,0.0006048861357857359,0.9281193641974618,0.05279311773996617
gbdt,4,berlin,0.05,140.0,11,11.486282348632812,22.217796325683594,True,0.9932566397454997,0.9796691048805349,0.597392268659057,0.001568223315000056,1.0,0.020330895119465012
gbdt,4,chicago,0.05,130.0,11,7.6679534912109375,22.217796325683594,True,0.9964752713040385,0.9697006760362925,0.10866616260451877,0.00022238035936666075,0.9749488525173456,0.028731542430172567
gbdt,4,chicago,0.05,140.0,11,7.6679534912109375,22.217796325683594,True,0.9964752713040385,0.9955746308486034,0.5859388898772461,0.0012786870663582992,1.0,0.004425369151396548
gbdt,4,hamburg,0.05,130.0,11,12.918838500976562,22.217796325683594,True,0.9893474023791922,0.9524161569997984,0.39987006295225935,0.0008401102224611869,0.995317785693483,0.04597083137307615
gbdt,4,hamburg,0.05,140.0,11,12.918838500976562,22.217796325683594,True,0.9893474023791922,0.9864126173353944,0.8034814167618791,0.0022850998050944283,1.0,0.013587382664605597
gbdt,4,london,0.05,130.0,11,13.391777038574219,22.217796325683594,True,0.9895721742301643,0.9126455906821963,0.2558065324915096,0.000877532878991635,0.9523852939165318,0.07073826727144257
gbdt,4,london,0.05,140.0,11,13.391777038574219,22.217796325683594,True,0.9895721742301643,0.973548651790395,0.5914115743167779,0.0027123743532468715,1.0,0.026451348209604996
gbdt,4,munich,0.05,130.0,11,19.30266571044922,22.217796325683594,True,0.9698912708644708,0.8802268137685542,0.3015322479435019,0.0016885532065397208,0.9988819039578318,0.11891750048488858
gbdt,4,munich,0.05,140.0,11,19.30266571044922,22.217796325683594,True,0.9698912708644708,0.957124439525836,0.6801218496503098,0.008385720316261452,1.0,0.04287556047416399
gbdt,4,newyork,0.05,130.0,11,9.210525512695312,22.217796325683594,True,0.9965930542988952,0.9081576801492354,0.021703919663103338,3.3510941322341746e-05,0.9283312668252851,0.07651664935268032
gbdt,4,newyork,0.05,140.0,11,9.210525512695312,22.217796325683594,True,0.9965930542988952,0.9808429118773946,0.1580599399037119,0.0006367078851244932,1.0,0.019157088122605363
gbdt,4,paris,0.05,130.0,11,20.93280792236328,22.217796325683594,True,0.9599252867955562,0.818012015444446,0.21552529237116852,0.003805355375587182,0.9619743243054878,0.16878772250177723
gbdt,4,paris,0.05,140.0,11,20.93280792236328,22.217796325683594,True,0.9599252867955562,0.9254958810164341,0.5259196275491003,0.010231248518977991,1.0,0.07450411898356589
gbdt,4,prague,0.05,130.0,11,15.541023254394531,22.217796325683594,True,0.9829813132565426,0.9283073732615017,0.24071861686540585,0.0017694925951806685,0.9991096183756735,0.07127561256001623
gbdt,4,prague,0.05,140.0,11,15.541023254394531,22.217796325683594,True,0.9829813132565426,0.979228185650204,0.6515113946306607,0.004857651646642472,1.0,0.020771814349796
gbdt,4,vienna,0.05,130.0,11,22.217796325683594,21.255691528320312,False,0.9410211931518214,0.8048118259295572,0.22785780727556126,0.003984714784925962,0.9947457073182995,0.19186967342936873
gbdt,4,vienna,0.05,140.0,11,22.217796325683594,21.255691528320312,False,0.9410211931518214,0.9233476632224652,0.6207733112099957,0.018276893682278705,1.0,0.07665233677753476
gbdt,4,amsterdam,0.1,130.0,11,14.941635131835938,17.68963623046875,True,0.9248582064138846,0.8929531816954168,0.44507333341161825,0.012247677873154922,0.999988257259949,0.1070468183045832
gbdt,4,amsterdam,0.1,140.0,11,14.941635131835938,17.68963623046875,True,0.9248582064138846,0.960450451508355,0.9147124790098522,0.028405688183280688,1.0,0.03954954849164504
gbdt,4,barcelona,0.1,130.0,11,16.162094116210938,17.68963623046875,True,0.9162347991174509,0.8347016265585715,0.39365796090102106,0.01200677305146493,0.9835676535481553,0.16094976653496845
gbdt,4,barcelona,0.1,140.0,11,16.162094116210938,17.68963623046875,True,0.9162347991174509,0.9331802555287598,0.781825645235774,0.0294909949202114,1.0,0.06681974447124019
gbdt,4,berlin,0.1,130.0,11,6.939048767089844,17.68963623046875,True,0.9838248966652852,0.92165604382064,0.4155231704994791,0.0021507062605715054,0.9281193641974618,0.05279311773996617
gbdt,4,berlin,0.1,140.0,11,6.939048767089844,17.68963623046875,True,0.9838248966652852,0.9796691048805349,0.728977406382669,0.003528502458750126,1.0,0.020330895119465012
gbdt,4,chicago,0.1,130.0,11,2.8874969482421875,17.68963623046875,True,0.9913271659847003,0.9697006760362925,0.24387342109944848,0.0013787582280732965,0.9749488525173456,0.028731542430172567
gbdt,4,chicago,0.1,140.0,11,2.8874969482421875,17.68963623046875,True,0.9913271659847003,0.9955746308486034,0.8072962995908202,0.002423945917096602,1.0,0.004425369151396548
gbdt,4,hamburg,0.1,130.0,11,7.4327850341796875,17.68963623046875,True,0.9746174698120393,0.9524161569997984,0.6120931066155879,0.003506059995071353,0.995317785693483,0.04597083137307615
gbdt,4,hamburg,0.1,140.0,11,7.4327850341796875,17.68963623046875,True,0.9746174698120393,0.9864126173353944,0.924647713780048,0.006698478840423863,1.0,0.013587382664605597
gbdt,4,london,0.1,130.0,11,8.219886779785156,17.68963623046875,True,0.9746997014108906,0.9126455906821963,0.4048047774257516,0.003350580083422606,0.9523852939165318,0.07073826727144257
gbdt,4,london,0.1,140.0,11,8.219886779785156,17.68963623046875,True,0.9746997014108906,0.973548651790395,0.7493674925352722,0.006302281585485378,1.0,0.026451348209604996
gbdt,4,munich,0.1,130.0,11,14.152824401855469,17.68963623046875,True,0.9365993907517485,0.8802268137685542,0.46737555476959236,0.008842086047758674,0.9988819039578318,0.11891750048488858
gbdt,4,munich,0.1,140.0,11,14.152824401855469,17.68963623046875,True,0.9365993907517485,0.957124439525836,0.8690344442035848,0.02166596310283061,1.0,0.04287556047416399
gbdt,4,newyork,0.1,130.0,11,4.3096160888671875,17.68963623046875,True,0.9889860706187237,0.9081576801492354,0.058856383275806216,0.0001563843928375948,0.9283312668252851,0.07651664935268032
gbdt,4,newyork,0.1,140.0,11,4.3096160888671875,17.68963623046875,True,0.9889860706187237,0.9808429118773946,0.43698267484333636,0.0032170503669448074,1.0,0.019157088122605363
gbdt,4,paris,0.1,130.0,11,15.856407165527344,17.68963623046875,True,0.9197530003763539,0.818012015444446,0.34012628761795904,0.010091858212179925,0.9619743243054878,0.16878772250177723
gbdt,4,paris,0.1,140.0,11,15.856407165527344,17.68963623046875,True,0.9197530003763539,0.9254958810164341,0.7184733973599476,0.027627158807376536,1.0,0.07450411898356589
gbdt,4,prague,0.1,130.0,11,10.246253967285156,17.68963623046875,True,0.9638888262741474,0.9283073732615017,0.39328945292248046,0.005894551766111399,0.9991096183756735,0.07127561256001623
gbdt,4,prague,0.1,140.0,11,10.246253967285156,17.68963623046875,True,0.9638888262741474,0.979228185650204,0.8543606158285058,0.009828009828009828,1.0,0.020771814349796
gbdt,4,vienna,0.1,130.0,11,17.68963623046875,16.162094116210938,False,0.8802071548885034,0.8048118259295572,0.39129396384845516,0.01822661336953516,0.9947457073182995,0.19186967342936873
gbdt,4,vienna,0.1,140.0,11,17.68963623046875,16.162094116210938,False,0.8802071548885034,0.9233476632224652,0.8500263971641904,0.04315307841214772,1.0,0.07665233677753476
kernel,0,amsterdam,0.05,130.0,11,19.537704467773438,24.66912078857422,True,0.9784755574865839,0.8929531816954168,0.20458201716788596,0.0017496682675935604,0.9947509951972193,0.1068824199438697
kernel,0,amsterdam,0.05,140.0,11,19.537704467773438,24.66912078857422,True,0.9784755574865839,0.960450451508355,0.504655996430207,0.003910332436970843,1.0,0.03954954849164504
kernel,0,barcelona,0.05,130.0,11,24.66912078857422,22.97765350341797,False,0.9358227718200011,0.8347016265585715,0.1995356354866848,0.005605726307147622,1.0,0.1652983734414285
kernel,0,barcelona,0.05,140.0,11,24.66912078857422,22.97765350341797,False,0.9358227718200011,0.9331802555287598,0.6630022063728257,0.022384421981630664,1.0,0.06681974447124019
kernel,0,berlin,0.05,130.0,11,12.106475830078125,24.66912078857422,True,0.9953177332452141,0.92165604382064,0.21072440715557894,0.0003696526385357275,0.9350643531638906,0.05492142081032339
kernel,0,berlin,0.05,140.0,11,12.106475830078125,24.66912078857422,True,0.9953177332452141,0.9796691048805349,0.5081267572502325,0.0010641515351786095,1.0,0.020330895119465012
kernel,0,chicago,0.05,130.0,11,8.356468200683594,24.66912078857422,True,0.9974092688133784,0.9697006760362925,0.10486345845934887,0.0003558085749866572,0.9726138587439958,0.028442447962995908
kernel,0,chicago,0.05,140.0,11,8.356468200683594,24.66912078857422,True,0.9974092688133784,0.9955746308486034,0.461472602739726,0.0005225938445116527,1.0,0.004425369151396548
kernel,0,hamburg,0.05,130.0,11,13.702423095703125,24.66912078857422,True,0.9919909492125367,0.9524161569997984,0.17435087483477832,0.00047046172457826466,1.0,0.047583843000201624
kernel,0,hamburg,0.05,140.0,11,13.702423095703125,24.66912078857422,True,0.9919909492125367,0.9864126173353944,0.6020117839460537,0.0018818468983130587,1.0,0.013587382664605597
kernel,0,london,0.05,130.0,11,14.7657470703125,24.66912078857422,True,0.9919084630638434,0.9126455906821963,0.16597907596927494,0.0004786542976318009,0.9773778861714494,0.07869304583684726
kernel,0,london,0.05,140.0,11,14.7657470703125,24.66912078857422,True,0.9919084630638434,0.973548651790395,0.5078408132564447,0.0016297039181273221,1.0,0.026451348209604996
kernel,0,munich,0.05,130.0,11,18.659271240234375,24.66912078857422,True,0.9835822428093874,0.8802268137685542,0.18499925840568632,0.0006959577405332634,0.9986651302353706,0.11871213590571485
kernel,0,munich,0.05,140.0,11,18.659271240234375,24.66912078857422,True,0.9835822428093874,0.957124439525836,0.5482891989640498,0.003901927004301247,1.0,0.04287556047416399
kernel,0,newyork,0.05,130.0,11,10.464385986328125,24.66912078857422,True,0.9970733777911821,0.9081576801492354,0.010366051182377713,0.00013404376528936698,0.8991655775610737,0.0715235190956514
kernel,0,newyork,0.05,140.0,11,10.464385986328125,24.66912078857422,True,0.9970733777911821,0.9808429118773946,0.12269472649486723,0.0004691531785127844,0.9982574310512382,0.019011874043541883
kernel,0,paris,0.05,130.0,11,21.9281005859375,24.66912078857422,True,0.9695153399032631,0.818012015444446,0.17097615031850685,0.0019096472031334942,0.9699892669463765,0.17252338272396536
kernel,0,paris,0.05,140.0,11,21.9281005859375,24.66912078857422,True,0.9695153399032631,0.9254958810164341,0.4711392369774606,0.008112515855647399,1.0,0.07450411898356589
kernel,0,prague,0.05,130.0,11,15.39093017578125,24.66912078857422,True,0.9901156369046278,0.9283073732615017,0.15705655613912495,0.0005409913666794401,0.9988616639992787,0.07153483758988347
kernel,0,prague,0.05,140.0,11,15.39093017578125,24.66912078857422,True,0.9901156369046278,0.979228185650204,0.5028514753285396,0.002479543763947434,1.0,0.020771814349796
kernel,0,vienna,0.05,130.0,11,22.97765350341797,24.66912078857422,True,0.9636096236518591,0.8048118259295572,0.1571762576363225,0.0015335495386781307,0.9969454710008296,0.19331523242074566
kernel,0,vienna,0.05,140.0,11,22.97765350341797,24.66912078857422,True,0.9636096236518591,0.9233476632224652,0.4748221333936697,0.008912185433793398,1.0,0.07665233677753476
kernel,0,amsterdam,0.1,130.0,11,13.850074768066406,19.384422302246094,True,0.9487546824175953,0.8929531816954168,0.33725149426367146,0.0059418264657875265,0.9947509951972193,0.1068824199438697
kernel,0,amsterdam,0.1,140.0,11,13.850074768066406,19.384422302246094,True,0.9487546824175953,0.960450451508355,0.7692316725184655,0.017073944034100917,1.0,0.03954954849164504
kernel,0,barcelona,0.1,130.0,11,19.384422302246094,18.39844512939453,False,0.8888475550310432,0.8347016265585715,0.4009954333213608,0.02321822566576017,1.0,0.1652983734414285
kernel,0,barcelona,0.1,140.0,11,19.384422302246094,18.39844512939453,False,0.8888475550310432,0.9331802555287598,0.8604340910257068,0.04444815023859613,1.0,0.06681974447124019
kernel,0,berlin,0.1,130.0,11,7.387962341308594,19.384422302246094,True,0.9867709161784638,0.92165604382064,0.35339912403526264,0.0012881834373214746,0.9350643531638906,0.05492142081032339
kernel,0,berlin,0.1,140.0,11,7.387962341308594,19.384422302246094,True,0.9867709161784638,0.9796691048805349,0.6750417259417741,0.002139504665464362,1.0,0.020330895119465012
kernel,0,chicago,0.1,130.0,11,3.7344131469726562,19.384422302246094,True,0.9927281622487102,0.9697006760362925,0.2430617327877602,0.0013009251022949653,0.9726138587439958,0.028442447962995908
kernel,0,chicago,0.1,140.0,11,3.7344131469726562,19.384422302246094,True,0.9927281622487102,0.9955746308486034,0.7231030955346024,0.0016900907311866217,1.0,0.004425369151396548
kernel,0,hamburg,0.1,130.0,11,7.50848388671875,19.384422302246094,True,0.9780339180500481,0.9524161569997984,0.3682259112395546,0.0025203306673835606,1.0,0.047583843000201624
kernel,0,hamburg,0.1,140.0,11,7.50848388671875,19.384422302246094,True,0.9780339180500481,0.9864126173353944,0.8697381096399848,0.006720881779689495,1.0,0.013587382664605597
kernel,0,london,0.1,130.0,11,9.469009399414062,19.384422302246094,True,0.9769904041209856,0.9126455906821963,0.3206983794133066,0.0026553916987668955,0.9773778861714494,0.07869304583684726
kernel,0,london,0.1,140.0,11,9.469009399414062,19.384422302246094,True,0.9769904041209856,0.973548651790395,0.7394980967793404,0.006439039956237322,1.0,0.026451348209604996
kernel,0,munich,0.1,130.0,11,13.470474243164062,19.384422302246094,True,0.9555956143253204,0.8802268137685542,0.3627879382537165,0.004358292735798469,0.9986651302353706,0.11871213590571485
kernel,0,munich,0.1,140.0,11,13.470474243164062,19.384422302246094,True,0.9555956143253204,0.957124439525836,0.7772136590263438,0.013599698798617213,1.0,0.04287556047416399
kernel,0,newyork,0.1,130.0,11,5.224632263183594,19.384422302246094,True,0.9886956424605967,0.9081576801492354,0.057672330015750145,0.0006031969438021514,0.8991655775610737,0.0715235190956514
kernel,0,newyork,0.1,140.0,11,5.224632263183594,19.384422302246094,True,0.9886956424605967,0.9808429118773946,0.3508707259586922,0.0037197144867799335,0.9982574310512382,0.019011874043541883
kernel,0,paris,0.1,130.0,11,16.775917053222656,19.384422302246094,True,0.9279352113854002,0.818012015444446,0.29839282976261833,0.007136783708060941,0.9699892669463765,0.17252338272396536
kernel,0,paris,0.1,140.0,11,16.775917053222656,19.384422302246094,True,0.9279352113854002,0.9254958810164341,0.6797786481928046,0.0258429628803613,1.0,0.07450411898356589
kernel,0,prague,0.1,130.0,11,9.958244323730469,19.384422302246094,True,0.9732096566958952,0.9283073732615017,0.3107093749295584,0.003302301467439082,0.9988616639992787,0.07153483758988347
kernel,0,prague,0.1,140.0,11,9.958244323730469,19.384422302246094,True,0.9732096566958952,0.979228185650204,0.7761648220363817,0.007461172598787278,1.0,0.020771814349796
kernel,0,vienna,0.1,130.0,11,18.39844512939453,19.384422302246094,True,0.9123865550443724,0.8048118259295572,0.2845991402066521,0.009012746059280489,0.9969454710008296,0.19331523242074566
kernel,0,vienna,0.1,140.0,11,18.39844512939453,19.384422302246094,True,0.9123865550443724,0.9233476632224652,0.7281846293083943,0.028873469592980868,1.0,0.07665233677753476
link,0,amsterdam,0.05,130.0,11,13.652496337890625,14.674598693847656,True,0.9569511149731679,0.8929531816954168,0.6173863009194566,0.005413403163494169,0.9407461337028382,0.07623386841085499
link,0,amsterdam,0.05,140.0,11,13.652496337890625,14.674598693847656,True,0.9569511149731679,0.960450451508355,0.8482837985415517,0.013809462299933066,0.9933066381709508,0.03781162296410245
link,0,barcelona,0.05,130.0,11,12.982528686523438,14.674598693847656,True,0.9633254656472882,0.8347016265585715,0.5125711940068757,0.002514238801375135,0.8501718918364205,0.07384935091590128
link,0,barcelona,0.05,140.0,11,12.982528686523438,14.674598693847656,True,0.9633254656472882,0.9331802555287598,0.7355174713941197,0.009389912258196931,0.9648263122787213,0.053953512237672537
link,0,berlin,0.05,130.0,11,9.138137817382812,14.674598693847656,True,0.9817974079508922,0.92165604382064,0.6466680855353802,0.0025763668746429493,0.9418749229890336,0.04425750226832301
link,0,berlin,0.05,140.0,11,9.138137817382812,14.674598693847656,True,0.9817974079508922,0.9796691048805349,0.8663537687766738,0.004054977428785859,0.9991038723914285,0.01987162972007214
link,0,chicago,0.05,130.0,11,5.088165283203125,14.674598693847656,True,0.9944404910158334,0.9697006760362925,0.7271170610211706,0.0006226650062266501,0.9741705212595624,0.02024773172033446
link,0,chicago,0.05,140.0,11,5.088165283203125,14.674598693847656,True,0.9944404910158334,0.9955746308486034,0.9099025974025974,0.0008005692937199787,1.0,0.004425369151396548
link,0,hamburg,0.05,130.0,11,7.2761077880859375,14.674598693847656,True,0.984978829222394,0.9524161569997984,0.7694177476084862,0.001545802809328584,0.9764433093621884,0.03375002800367408
link,0,hamburg,0.05,140.0,11,7.2761077880859375,14.674598693847656,True,0.984978829222394,0.9864126173353944,0.931334991150839,0.004323767278266909,0.9966283576405225,0.012456034231691199
link,0,london,0.05,130.0,11,9.7135009765625,14.674598693847656,True,0.9790759692749527,0.9126455906821963,0.6159597018667518,0.0024388576117429853,0.920668748432977,0.04710186219314841
link,0,london,0.05,140.0,11,9.7135009765625,14.674598693847656,True,0.9790759692749527,0.973548651790395,0.83161625601167,0.005344972990221777,0.9871219200875253,0.02221183871629476
link,0,munich,0.05,130.0,11,13.307167053222656,14.674598693847656,True,0.9598398156282445,0.8802268137685542,0.6178963821606636,0.0050998870494814545,0.9360175244440895,0.08103914477061917
link,0,munich,0.05,140.0,11,13.307167053222656,14.674598693847656,True,0.9598398156282445,0.957124439525836,0.8399525379639243,0.01106686898880763,0.9836849250989743,0.03567639105979532
link,0,newyork,0.05,130.0,11,8.322120666503906,14.674598693847656,True,0.9877908470448935,0.9081576801492354,0.48244585190398,0.0007037297677691766,0.9158540263395999,0.04968555566725869
link,0,newyork,0.05,140.0,11,8.322120666503906,14.674598693847656,True,0.9877908470448935,0.9808429118773946,0.790255018263463,0.003150028484300124,0.9965595433575729,0.01843101772728796
link,0,paris,0.05,130.0,11,13.977142333984375,14.674598693847656,True,0.9553114676405403,0.818012015444446,0.485231596994745,0.004028379866464086,0.8365788043099482,0.08920979635076177
link,0,paris,0.05,140.0,11,13.977142333984375,14.674598693847656,True,0.9553114676405403,0.9254958810164341,0.7123123457994731,0.012712395979983552,0.9336780920254806,0.05533795179883191
link,0,prague,0.05,130.0,11,10.226737976074219,14.674598693847656,True,0.9770980321439037,0.9283073732615017,0.6431034871401844,0.003302301467439082,0.9549850100308815,0.04722403804972612
link,0,prague,0.05,140.0,11,10.226737976074219,14.674598693847656,True,0.9770980321439037,0.979228185650204,0.8789982643193652,0.005838198498748957,0.9951085363929401,0.01896850979419787
link,0,vienna,0.05,130.0,11,14.674598693847656,13.977142333984375,False,0.9443774040274531,0.8048118259295572,0.46110817809286775,0.006184478467456068,0.845752570580989,0.0993916082158031
link,0,vienna,0.05,140.0,11,14.674598693847656,13.977142333984375,False,0.9443774040274531,0.9233476632224652,0.737612187947809,0.01698217562913241,0.9701837745430777,0.06391884757523192
link,0,amsterdam,0.1,130.0,11,7.956779479980469,10.024810791015625,True,0.9210535586373725,0.8929531816954168,0.7310677673528341,0.016486807031552742,0.9407461337028382,0.07623386841085499
link,0,amsterdam,0.1,140.0,11,7.956779479980469,10.024810791015625,True,0.9210535586373725,0.960450451508355,0.9402646813607487,0.02640942237461689,0.9933066381709508,0.03781162296410245
link,0,barcelona,0.1,130.0,11,8.097724914550781,10.024810791015625,True,0.9219816306634512,0.8347016265585715,0.6068423213094566,0.009890194468674637,0.8501718918364205,0.07384935091590128
link,0,barcelona,0.1,140.0,11,8.097724914550781,10.024810791015625,True,0.9219816306634512,0.9331802555287598,0.8494920211401303,0.024231617835702192,0.9648263122787213,0.053953512237672537
link,0,berlin,0.1,130.0,11,5.014335632324219,10.024810791015625,True,0.9568738588374984,0.92165604382064,0.7555923963572413,0.007796310194571707,0.9418749229890336,0.04425750226832301
link,0,berlin,0.1,140.0,11,5.014335632324219,10.024810791015625,True,0.9568738588374984,0.9796691048805349,0.9415388751358194,0.009062090441678895,0.9991038723914285,0.01987162972007214
link,0,chicago,0.1,130.0,11,2.2563018798828125,10.024810791015625,True,0.9832769969756271,0.9697006760362925,0.8167808219178082,0.0026018502045899307,0.9741705212595624,0.02024773172033446
link,0,chicago,0.1,140.0,11,2.2563018798828125,10.024810791015625,True,0.9832769969756271,0.9955746308486034,0.9739370218822274,0.0025573741327165984,1.0,0.004425369151396548
link,0,hamburg,0.1,130.0,11,2.8080215454101562,10.024810791015625,True,0.9673141116114434,0.9524161569997984,0.8518829670452763,0.006239218585478414,0.9764433093621884,0.03375002800367408
link,0,hamburg,0.1,140.0,11,2.8080215454101562,10.024810791015625,True,0.9673141116114434,0.9864126173353944,0.9763088917265945,0.00834509487644779,0.9966283576405225,0.012456034231691199
link,0,london,0.1,130.0,11,5.2226104736328125,10.024810791015625,True,0.9523397077929479,0.9126455906821963,0.7185512729925011,0.007578693045836847,0.920668748432977,0.04710186219314841
link,0,london,0.1,140.0,11,5.2226104736328125,10.024810791015625,True,0.9523397077929479,0.973548651790395,0.9202356802589292,0.011989150502587012,0.9871219200875253,0.02221183871629476
link,0,munich,0.1,130.0,11,8.192855834960938,10.024810791015625,True,0.9203641798537348,0.8802268137685542,0.7205786717475384,0.01621239261143881,0.9360175244440895,0.08103914477061917
link,0,munich,0.1,140.0,11,8.192855834960938,10.024810791015625,True,0.9203641798537348,0.957124439525836,0.9354584764230054,0.023924973473741857,0.9836849250989743,0.03567639105979532
link,0,newyork,0.1,130.0,11,4.4948883056640625,10.024810791015625,True,0.963819353685645,0.9081576801492354,0.6054533471845224,0.003641522290361136,0.9158540263395999,0.04968555566725869
link,0,newyork,0.1,140.0,11,4.4948883056640625,10.024810791015625,True,0.963819353685645,0.9808429118773946,0.915373702847313,0.008601141606067715,0.9965595433575729,0.01843101772728796
link,0,paris,0.1,130.0,11,9.135223388671875,10.024810791015625,True,0.9108877768639969,0.818012015444446,0.5813830306240504,0.01392509164912672,0.8365788043099482,0.08920979635076177
link,0,paris,0.1,140.0,11,9.135223388671875,10.024810791015625,True,0.9108877768639969,0.9254958810164341,0.8360630601747955,0.030651928464894552,0.9336780920254806,0.05533795179883191
link,0,prague,0.1,130.0,11,5.9134521484375,10.024810791015625,True,0.948278971214751,0.9283073732615017,0.7610396050763023,0.010571872957194058,0.9549850100308815,0.04722403804972612
link,0,prague,0.1,140.0,11,5.9134521484375,10.024810791015625,True,0.948278971214751,0.979228185650204,0.9547032436940693,0.011203029551653405,0.9951085363929401,0.01896850979419787
link,0,vienna,0.1,130.0,11,10.024810791015625,9.135223388671875,False,0.8876989214872917,0.8048118259295572,0.5944892777233074,0.021469693541493827,0.845752570580989,0.0993916082158031
link,0,vienna,0.1,140.0,11,10.024810791015625,9.135223388671875,False,0.8876989214872917,0.9233476632224652,0.86930889710134,0.03794906604319079,0.9701837745430777,0.06391884757523192
link,1,amsterdam,0.05,130.0,11,13.672103881835938,14.475425720214844,True,0.9554010732864406,0.8929531816954168,0.6233868410854989,0.005554316044105731,0.943059453492878,0.07698540377411665
link,1,amsterdam,0.05,140.0,11,13.672103881835938,14.475425720214844,True,0.9554010732864406,0.960450451508355,0.8541199403468805,0.014114773541258117,0.9934358083115115,0.037952535844714
link,1,barcelona,0.05,130.0,11,12.891433715820312,14.475425720214844,True,0.9622222792344399,0.8347016265585715,0.5167658679254964,0.0024501000564420955,0.8478628970188311,0.07251526502129406
link,1,barcelona,0.05,140.0,11,12.891433715820312,14.475425720214844,True,0.9622222792344399,0.9331802555287598,0.7424829390938478,0.009864538970701421,0.9618246190158551,0.052786187079891224
link,1,berlin,0.05,130.0,11,9.120735168457031,14.475425720214844,True,0.9809124819374279,0.92165604382064,0.6527841564638804,0.0026435764452858086,0.9399818534159264,0.04375343048850156
link,1,berlin,0.05,140.0,11,9.120735168457031,14.475425720214844,True,0.9809124819374279,0.9796691048805349,0.8713048738140311,0.004346218901571584,0.9985213894458571,0.019580388247286414
link,1,chicago,0.05,130.0,11,5.400978088378906,14.475425720214844,True,0.9936843977939869,0.9697006760362925,0.7365904643301904,0.0006782600960683153,0.9777286070094289,0.02170432307418609
link,1,chicago,0.05,140.0,11,5.400978088378906,14.475425720214844,True,0.9936843977939869,0.9955746308486034,0.9170410069382672,0.0010563067069916385,1.0,0.004425369151396548
link,1,hamburg,0.05,130.0,11,7.26971435546875,14.475425720214844,True,0.9843963528014875,0.9524161569997984,0.7749848780159957,0.0015794072182270314,0.9757152138360553,0.033290767748728634
link,1,hamburg,0.05,140.0,11,7.26971435546875,14.475425720214844,True,0.9843963528014875,0.9864126173353944,0.9335976880166678,0.004424580504962251,0.9969419987902413,0.012523243049488092
link,1,london,0.05,130.0,11,9.414512634277344,14.475425720214844,True,0.9790987623367446,0.9126455906821963,0.6132587240444008,0.0025300298589109476,0.920737127618353,0.047295603218380326
link,1,london,0.05,140.0,11,9.414512634277344,14.475425720214844,True,0.9790987623367446,0.973548651790395,0.8310350329359742,0.00526519727394981,0.985549198823878,0.02175597748045495
link,1,munich,0.05,130.0,11,13.324752807617188,14.475425720214844,True,0.9588700384488129,0.8802268137685542,0.6203493479674611,0.005248205912218052,0.9357208867186163,0.08033177788679847
link,1,munich,0.05,140.0,11,13.324752807617188,14.475425720214844,True,0.9588700384488129,0.957124439525836,0.8455544273180526,0.01169437186961631,0.9833996965167886,0.03557370877020845
link,1,newyork,0.05,130.0,11,7.497650146484375,14.475425720214844,True,0.9892876690906247,0.9081576801492354,0.47339789774694774,0.0005808563162539236,0.907722037912045,0.04598818180802699
link,1,newyork,0.05,140.0,11,7.497650146484375,14.475425720214844,True,0.9892876690906247,0.9808429118773946,0.7732984819543581,0.002490979971627403,0.9972409324977939,0.01874378651296315
link,1,paris,0.05,130.0,11,14.010208129882812,14.475425720214844,True,0.9540011987566385,0.818012015444446,0.48774062251711015,0.0041120140505429255,0.8374709022734559,0.08865223512356951
link,1,paris,0.05,140.0,11,14.010208129882812,14.475425720214844,True,0.9540011987566385,0.9254958810164341,0.7186685437894649,0.013311774299215233,0.937608898677186,0.056188232670300105
link,1,prague,0.05,130.0,11,10.149246215820312,14.475425720214844,True,0.9758920722223474,0.9283073732615017,0.6409958749408291,0.003899646101480964,0.956979915695512,0.048306020783085005
link,1,prague,0.05,140.0,11,10.149246215820312,14.475425720214844,True,0.9758920722223474,0.979228185650204,0.8879358925230485,0.006446813786263328,0.9943195906498659,0.018585307576133265
link,1,vienna,0.05,130.0,11,14.475425720214844,14.010208129882812,False,0.9462503456771502,0.8048118259295572,0.46017799230711215,0.006021067451039546,0.8392664102370717,0.09621137843477387
link,1,vienna,0.05,140.0,11,14.475425720214844,14.010208129882812,False,0.9462503456771502,0.9233476632224652,0.7325087362043392,0.016441662267139303,0.9697186816501998,0.06345375468235412
link,1,amsterdam,0.1,130.0,11,8.046768188476562,9.824737548828125,True,0.9178477906034594,0.8929531816954168,0.7347549877288366,0.016721661832572014,0.943059453492878,0.07698540377411665
link,1,amsterdam,0.1,140.0,11,8.046768188476562,9.824737548828125,True,0.9178477906034594,0.960450451508355,0.9458659683650583,0.027184443217980483,0.9934358083115115,0.037952535844714
link,1,barcelona,0.1,130.0,11,7.981651306152344,9.824737548828125,True,0.9202498845502591,0.8347016265585715,0.6150520806608857,0.010647031658884499,0.8478628970188311,0.07251526502129406
link,1,barcelona,0.1,140.0,11,7.981651306152344,9.824737548828125,True,0.9202498845502591,0.9331802555287598,0.8513905279901482,0.024090512596849505,0.9618246190158551,0.052786187079891224
link,1,berlin,0.1,130.0,11,5.022300720214844,9.824737548828125,True,0.9553728450931412,0.92165604382064,0.75838159353892,0.008053946882036003,0.9399818534159264,0.04375343048850156
link,1,berlin,0.1,140.0,11,5.022300720214844,9.824737548828125,True,0.9553728450931412,0.9796691048805349,0.942681437836748,0.00928612234382176,0.9985213894458571,0.019580388247286414
link,1,chicago,0.1,130.0,11,2.511138916015625,9.824737548828125,True,0.9813534068671055,0.9697006760362925,0.8241304927948764,0.0028575876178615904,0.9777286070094289,0.02170432307418609
link,1,chicago,0.1,140.0,11,2.511138916015625,9.824737548828125,True,0.9813534068671055,0.9955746308486034,0.9792852695249955,0.002946539761608255,1.0,0.004425369151396548
link,1,hamburg,0.1,130.0,11,2.815887451171875,9.824737548828125,True,0.9659139279073414,0.9524161569997984,0.8567780092748168,0.0067656876582207585,0.9757152138360553,0.033290767748728634
link,1,hamburg,0.1,140.0,11,2.815887451171875,9.824737548828125,True,0.9659139279073414,0.9864126173353944,0.9770593901919932,0.00855792279947129,0.9969419987902413,0.012523243049488092
link,1,london,0.1,130.0,11,4.9312286376953125,9.824737548828125,True,0.9532514302646274,0.9126455906821963,0.7172748615321496,0.007726847947484785,0.920737127618353,0.047295603218380326
link,1,london,0.1,140.0,11,4.9312286376953125,9.824737548828125,True,0.9532514302646274,0.973548651790395,0.9240079319855036,0.012422218676634832,0.985549198823878,0.02175597748045495
link,1,munich,0.1,130.0,11,8.1094970703125,9.824737548828125,True,0.9189266277995185,0.8802268137685542,0.7238074592978814,0.016794258919097766,0.9357208867186163,0.08033177788679847
link,1,munich,0.1,140.0,11,8.1094970703125,9.824737548828125,True,0.9189266277995185,0.957124439525836,0.9388013554062226,0.024506839781400815,0.9833996965167886,0.03557370877020845
link,1,newyork,0.1,130.0,11,3.8158645629882812,9.824737548828125,True,0.9689018464528668,0.9081576801492354,0.5853579527048914,0.0027143862471096813,0.907722037912045,0.04598818180802699
link,1,newyork,0.1,140.0,11,3.8158645629882812,9.824737548828125,True,0.9689018464528668,0.9808429118773946,0.9114640930263731,0.008310713447940753,0.9972409324977939,0.01874378651296315
link,1,paris,0.1,130.0,11,9.226356506347656,9.824737548828125,True,0.9075424095008433,0.818012015444446,0.586094422993825,0.013994786802525753,0.8374709022734559,0.08865223512356951
link,1,paris,0.1,140.0,11,9.226356506347656,9.824737548828125,True,0.9075424095008433,0.9254958810164341,0.8412065624956441,0.03090283101713107,0.937608898677186,0.056188232670300105
link,1,prague,0.1,130.0,11,5.801765441894531,9.824737548828125,True,0.9474449428577869,0.9283073732615017,0.7658521741090548,0.010909992561368709,0.956979915695512,0.048306020783085005
link,1,prague,0.1,140.0,11,5.801765441894531,9.824737548828125,True,0.9474449428577869,0.979228185650204,0.9591664224691747,0.011721479611387869,0.9943195906498659,0.018585307576133265
link,1,vienna,0.1,130.0,11,9.824737548828125,9.226356506347656,False,0.891972748070493,0.8048118259295572,0.5856902229931871,0.0196596022827262,0.8392664102370717,0.09621137843477387
link,1,vienna,0.1,140.0,11,9.824737548828125,9.226356506347656,False,0.891972748070493,0.9233476632224652,0.8600321794001559,0.03616411494079493,0.9697186816501998,0.06345375468235412
link,2,amsterdam,0.05,130.0,11,13.706809997558594,14.483718872070312,True,0.9552131894456253,0.8929531816954168,0.6215549736375486,0.005260747542831645,0.9455958853438862,0.07842976080038516
link,2,amsterdam,0.05,140.0,11,13.706809997558594,14.483718872070312,True,0.9552131894456253,0.960450451508355,0.8561396916356463,0.014373113822379314,0.9921323641658545,0.03748282624267547
link,2,barcelona,0.05,130.0,11,13.158042907714844,14.483718872070312,True,0.960157011647596,0.8347016265585715,0.5193827287187645,0.002924726768946585,0.8536995228077376,0.07592744625173174
link,2,barcelona,0.05,140.0,11,13.158042907714844,14.483718872070312,True,0.960157011647596,0.9331802555287598,0.746600646518549,0.011006208630509518,0.9618631022628149,0.052632254092051925
link,2,berlin,0.05,130.0,11,9.164047241210938,14.483718872070312,True,0.9810917074591422,0.92165604382064,0.6560662238302735,0.0028116003718929574,0.9411468193070693,0.04408947834171586
link,2,berlin,0.05,140.0,11,9.164047241210938,14.483718872070312,True,0.9810917074591422,0.9796691048805349,0.8710360355314597,0.004357420496678727,0.9989358484648214,0.019804420149429278
link,2,chicago,0.05,130.0,11,5.2290191650390625,14.483718872070312,True,0.9936843977939869,0.9697006760362925,0.7290851272015656,0.000600426970289984,0.9760718733321473,0.021248443337484435
link,2,chicago,0.05,140.0,11,5.2290191650390625,14.483718872070312,True,0.9936843977939869,0.9955746308486034,0.913827610745419,0.0012898060843266324,1.0,0.004425369151396548
link,2,hamburg,0.05,130.0,11,7.38934326171875,14.483718872070312,True,0.984553173376347,0.9524161569997984,0.7780204762864887,0.0016578175056567422,0.9741918139659923,0.03288751484194726
link,2,hamburg,0.05,140.0,11,7.38934326171875,14.483718872070312,True,0.984553173376347,0.9864126173353944,0.9314358043775344,0.004290162869368461,0.9965163429441943,0.012433631292425567
link,2,london,0.05,130.0,11,9.577079772949219,14.483718872070312,True,0.9778679369999772,0.9126455906821963,0.612985207302897,0.002416064549950995,0.9240193285163996,0.0485606181478358
link,2,london,0.05,140.0,11,9.577079772949219,14.483718872070312,True,0.9778679369999772,0.973548651790395,0.8371435734962277,0.0057780411642695964,0.985583388416566,0.021687598295078978
link,2,munich,0.05,130.0,11,13.595802307128906,14.483718872070312,True,0.9562459354927039,0.8802268137685542,0.6206345765496469,0.005533434494403815,0.9440153338885783,0.08522630035710618
link,2,munich,0.05,140.0,11,13.595802307128906,14.483718872070312,True,0.9562459354927039,0.957124439525836,0.8558226562767401,0.013154742210407421,0.9840842451140344,0.03581330077924449
link,2,newyork,0.05,130.0,11,7.3529510498046875,14.483718872070312,True,0.989801503524234,0.9081576801492354,0.47184522413234586,0.0006143672575762653,0.9001038839180993,0.044323805055684014
link,2,newyork,0.05,140.0,11,7.3529510498046875,14.483718872070312,True,0.989801503524234,0.9808429118773946,0.7698803659394793,0.00236810652011215,0.994805804095037,0.018017716117645743
link,2,paris,0.05,130.0,11,13.750541687011719,14.483718872070312,True,0.9555205531007374,0.818012015444446,0.4838934500494836,0.0037495992528679555,0.8345018887386572,0.08739772236238692
link,2,paris,0.05,140.0,11,13.750541687011719,14.483718872070312,True,0.9555205531007374,0.9254958810164341,0.7149328835672767,0.013046932716298908,0.9355041050445352,0.05577006174990591
link,2,prague,0.05,130.0,11,10.108245849609375,14.483718872070312,True,0.9764781462029168,0.9283073732615017,0.6469693212812478,0.003708044992448662,0.9532718707030634,0.04662669341568424
link,2,prague,0.05,140.0,11,10.108245849609375,14.483718872070312,True,0.9764781462029168,0.979228185650204,0.8843969073326872,0.005669138696661633,0.9937447873227689,0.01848387169488087
link,2,vienna,0.05,130.0,11,14.483718872070312,13.750541687011719,False,0.9439877316036905,0.8048118259295572,0.4625285969278729,0.00583251627825125,0.8440430399477085,0.09841114211730397
link,2,vienna,0.05,140.0,11,14.483718872070312,13.750541687011719,False,0.9439877316036905,0.9233476632224652,0.7390954571737436,0.017082736254619504,0.9683988234406818,0.063026372024034
link,2,amsterdam,0.1,130.0,11,8.102630615234375,9.806671142578125,True,0.9176364212825421,0.8929531816954168,0.7344966474477155,0.016486807031552742,0.9455958853438862,0.07842976080038516
link,2,amsterdam,0.1,140.0,11,8.102630615234375,9.806671142578125,True,0.9176364212825421,0.960450451508355,0.9486724832372386,0.02774809474042673,0.9921323641658545,0.03748282624267547
link,2,barcelona,0.1,130.0,11,8.250755310058594,9.806671142578125,True,0.9174277797732054,0.8347016265585715,0.6223510698342655,0.012109395043357792,0.8536995228077376,0.07592744625173174
link,2,barcelona,0.1,140.0,11,8.250755310058594,9.806671142578125,True,0.9174277797732054,0.9331802555287598,0.8580481297141977,0.025783775463081738,0.9618631022628149,0.052632254092051925
link,2,berlin,0.1,130.0,11,5.064964294433594,9.806671142578125,True,0.9545999350307484,0.92165604382064,0.76159645133467,0.008266777189071723,0.9411468193070693,0.04408947834171586
link,2,berlin,0.1,140.0,11,5.064964294433594,9.806671142578125,True,0.9545999350307484,0.9796691048805349,0.9437903957523551,0.009454146270428909,0.9989358484648214,0.019804420149429278
link,2,chicago,0.1,130.0,11,2.3557891845703125,9.806671142578125,True,0.9812422166874222,0.9697006760362925,0.8207725493684398,0.0027686354741149263,0.9760718733321473,0.021248443337484435
link,2,chicago,0.1,140.0,11,2.3557891845703125,9.806671142578125,True,0.9812422166874222,0.9955746308486034,0.977962106386764,0.002801992528019925,1.0,0.004425369151396548
link,2,hamburg,0.1,130.0,11,3.063629150390625,9.806671142578125,True,0.965824316150279,0.9524161569997984,0.8553778255707148,0.006530456795931627,0.9741918139659923,0.03288751484194726
link,2,hamburg,0.1,140.0,11,3.063629150390625,9.806671142578125,True,0.965824316150279,0.9864126173353944,0.9753455653381724,0.008255483119385263,0.9965163429441943,0.012433631292425567
link,2,london,0.1,130.0,11,5.0302734375,9.806671142578125,True,0.9516787090009801,0.9126455906821963,0.7232124541289632,0.008308071023180544,0.9240193285163996,0.0485606181478358
link,2,london,0.1,140.0,11,5.0302734375,9.806671142578125,True,0.9516787090009801,0.973548651790395,0.9272445467599663,0.01293506256695462,0.985583388416566,0.021687598295078978
link,2,munich,0.1,130.0,11,8.361671447753906,9.806671142578125,True,0.915572339673014,0.8802268137685542,0.7310522652853997,0.018231810973314014,0.9440153338885783,0.08522630035710618
link,2,munich,0.1,140.0,11,8.361671447753906,9.806671142578125,True,0.915572339673014,0.957124439525836,0.9470843934328971,0.02653766728656345,0.9840842451140344,0.03581330077924449
link,2,newyork,0.1,130.0,11,3.607757568359375,9.806671142578125,True,0.9696725981032808,0.9081576801492354,0.5819510070037868,0.002613853423142656,0.9001038839180993,0.044323805055684014
link,2,newyork,0.1,140.0,11,3.607757568359375,9.806671142578125,True,0.9696725981032808,0.9808429118773946,0.9038124280911051,0.007953263407169108,0.994805804095037,0.018017716117645743
link,2,paris,0.1,130.0,11,8.985626220703125,9.806671142578125,True,0.9097587153789326,0.818012015444446,0.5830557143056272,0.01360449394349117,0.8345018887386572,0.08739772236238692
link,2,paris,0.1,140.0,11,8.985626220703125,9.806671142578125,True,0.9097587153789326,0.9254958810164341,0.8384466344210424,0.030805257802372425,0.9355041050445352,0.05577006174990591
link,2,prague,0.1,130.0,11,5.989166259765625,9.806671142578125,True,0.9471406352140297,0.9283073732615017,0.7679597863084101,0.0106282262245565,0.9532718707030634,0.04662669341568424
link,2,prague,0.1,140.0,11,5.989166259765625,9.806671142578125,True,0.9471406352140297,0.979228185650204,0.9556950611996483,0.01137208935374073,0.9937447873227689,0.01848387169488087
link,2,vienna,0.1,130.0,11,9.806671142578125,8.985626220703125,False,0.887761771878221,0.8048118259295572,0.5880911079266913,0.020187545566533426,0.8440430399477085,0.09841114211730397
link,2,vienna,0.1,140.0,11,9.806671142578125,8.985626220703125,False,0.887761771878221,0.9233476632224652,0.869195766397667,0.03841415893606858,0.9683988234406818,0.063026372024034
link,3,amsterdam,0.05,130.0,11,13.693695068359375,14.380416870117188,True,0.9548021935438415,0.8929531816954168,0.6222712807806574,0.005413403163494169,0.9406404490423795,0.07621038293075307
link,3,amsterdam,0.05,140.0,11,13.693695068359375,14.380416870117188,True,0.9548021935438415,0.960450451508355,0.8556230110734039,0.014690167803755328,0.9943752275155885,0.03815216242558039
link,3,barcelona,0.05,130.0,11,12.958999633789062,14.380416870117188,True,0.9613499923033506,0.8347016265585715,0.5151239160552107,0.002488583303401919,0.8485299399661348,0.0735671404381959
link,3,barcelona,0.05,140.0,11,12.958999633789062,14.380416870117188,True,0.9613499923033506,0.9331802555287598,0.7441505464621069,0.01051875416901842,0.9631843604084356,0.053286469290368926
link,3,berlin,0.05,130.0,11,9.199882507324219,14.380416870117188,True,0.9805204261086778,0.92165604382064,0.6557861839525948,0.0028452051572143873,0.9411468193070693,0.04424630067321587
link,3,berlin,0.05,140.0,11,9.199882507324219,14.380416870117188,True,0.9805204261086778,0.9796691048805349,0.8737468215473884,0.004615057184143022,0.9990478644158928,0.019849226529857853
link,3,chicago,0.05,130.0,11,4.991477966308594,14.380416870117188,True,0.9941625155666252,0.9697006760362925,0.727328322362569,0.0005448318804483188,0.9744707347447074,0.020714730475004446
link,3,chicago,0.05,140.0,11,4.991477966308594,14.380416870117188,True,0.9941625155666252,0.9955746308486034,0.9137720156555773,0.0012342109944849672,1.0,0.004425369151396548
link,3,hamburg,0.05,130.0,11,7.3968505859375,14.380416870117188,True,0.9839258910769093,0.9524161569997984,0.7756793691332303,0.001534601339695768,0.9760512579250398,0.03363801330734592
link,3,hamburg,0.05,140.0,11,7.3968505859375,14.380416870117188,True,0.9839258910769093,0.9864126173353944,0.932063086676972,0.00448058785312633,0.996717969397585,0.012512041579855276
link,3,london,0.05,130.0,11,9.409408569335938,14.380416870117188,True,0.9788366421261369,0.9126455906821963,0.6124495703507852,0.0023476853645750233,0.918229890821234,0.04656622524103663
link,3,london,0.05,140.0,11,9.409408569335938,14.380416870117188,True,0.9788366421261369,0.973548651790395,0.8314111184555422,0.005493127891869715,0.9867002484443735,0.02208647687643881
link,3,munich,0.05,130.0,11,13.598289489746094,14.380416870117188,True,0.9559949343403804,0.8802268137685542,0.6262364659037752,0.005750208216864995,0.9398966331618159,0.08329815514153042
link,3,munich,0.05,140.0,11,13.598289489746094,14.380416870117188,True,0.9559949343403804,0.957124439525836,0.8522858218576367,0.01274401305205992,0.9840500176841721,0.03585893735239421
link,3,newyork,0.05,130.0,11,7.479393005371094,14.380416870117188,True,0.9888743674809826,0.9081576801492354,0.47763144666733687,0.000525004747383354,0.9005953777241603,0.044066887838879396
link,3,newyork,0.05,140.0,11,7.479393005371094,14.380416870117188,True,0.9888743674809826,0.9808429118773946,0.7763814885560135,0.002725556560883795,0.995587726059225,0.01800654580387163
link,3,paris,0.05,130.0,11,13.807868957519531,14.380416870117188,True,0.9545169428917913,0.818012015444446,0.48411647454036044,0.0036938431301487295,0.8355473160396426,0.08828982032589454
link,3,paris,0.05,140.0,11,13.807868957519531,14.380416870117188,True,0.9545169428917913,0.9254958810164341,0.7133159560084191,0.012586944703865293,0.935950154026289,0.055588854351068424
link,3,prague,0.05,130.0,11,10.05145263671875,14.380416870117188,True,0.9756779298063701,0.9283073732615017,0.6459211505083065,0.003674233032031197,0.9538692153371052,0.0468633771386065
link,3,prague,0.05,140.0,11,10.05145263671875,14.380416870117188,True,0.9756779298063701,0.979228185650204,0.8844870725604671,0.006007258300836283,0.993767328629714,0.01840497712057345
link,3,vienna,0.05,130.0,11,14.380416870117188,13.807868957519531,False,0.945043618171305,0.8048118259295572,0.4616989717676044,0.005794806043693592,0.8402091661010131,0.09536918319631948
link,3,vienna,0.05,140.0,11,14.380416870117188,13.807868957519531,False,0.945043618171305,0.9233476632224652,0.7352364431706765,0.016806194534530004,0.9714407823616663,0.06427080976443673
link,3,amsterdam,0.1,130.0,11,7.999000549316406,9.828025817871094,True,0.918305757465447,0.8929531816954168,0.7353538674714358,0.017379255275425966,0.9406404490423795,0.07621038293075307
link,3,amsterdam,0.1,140.0,11,7.999000549316406,9.828025817871094,True,0.918305757465447,0.960450451508355,0.9434352211745088,0.0267617045761458,0.9943752275155885,0.03815216242558039
link,3,barcelona,0.1,130.0,11,8.101890563964844,9.828025817871094,True,0.9199548463235672,0.8347016265585715,0.6134870952845195,0.010441787675098773,0.8485299399661348,0.0735671404381959
link,3,barcelona,0.1,140.0,11,8.101890563964844,9.828025817871094,True,0.9199548463235672,0.9331802555287598,0.85248088665401,0.024924316280979013,0.9631843604084356,0.053286469290368926
link,3,berlin,0.1,130.0,11,5.115753173828125,9.828025817871094,True,0.955193619571427,0.92165604382064,0.7568805797945627,0.008121156452678862,0.9411468193070693,0.04424630067321587
link,3,berlin,0.1,140.0,11,5.115753173828125,9.828025817871094,True,0.955193619571427,0.9796691048805349,0.9436671782061765,0.00928612234382176,0.9990478644158928,0.019849226529857853
link,3,chicago,0.1,130.0,11,2.2236862182617188,9.828025817871094,True,0.9820983810709838,0.9697006760362925,0.8166585127201565,0.0028575876178615904,0.9744707347447074,0.020714730475004446
link,3,chicago,0.1,140.0,11,2.2236862182617188,9.828025817871094,True,0.9820983810709838,0.9955746308486034,0.9762386586016722,0.002801992528019925,1.0,0.004425369151396548
link,3,hamburg,0.1,130.0,11,3.0164108276367188,9.828025817871094,True,0.9658467190895446,0.9524161569997984,0.8549521697246679,0.0064408450388690995,0.9760512579250398,0.03363801330734592
link,3,hamburg,0.1,140.0,11,3.0164108276367188,9.828025817871094,True,0.9658467190895446,0.9864126173353944,0.9772050092972198,0.008591527208369738,0.996717969397585,0.012512041579855276
link,3,london,0.1,130.0,11,4.892463684082031,9.828025817871094,True,0.9533653955735873,0.9126455906821963,0.7146080733024868,0.0074419346750849045,0.918229890821234,0.04656622524103663
link,3,london,0.1,140.0,11,4.892463684082031,9.828025817871094,True,0.9533653955735873,0.973548651790395,0.9214323160030087,0.012388029083946846,0.9867002484443735,0.02208647687643881
link,3,munich,0.1,130.0,11,8.351036071777344,9.828025817871094,True,0.9166447991420325,0.8802268137685542,0.7286563451950393,0.017775445241816793,0.9398966331618159,0.08329815514153042
link,3,munich,0.1,140.0,11,8.351036071777344,9.828025817871094,True,0.9166447991420325,0.957124439525836,0.9424750995447752,0.025750436399730743,0.9840500176841721,0.03585893735239421
link,3,newyork,0.1,130.0,11,3.7274322509765625,9.828025817871094,True,0.9692257855523162,0.9081576801492354,0.588831920288641,0.0031053472292036683,0.9005953777241603,0.044066887838879396
link,3,newyork,0.1,140.0,11,3.7274322509765625,9.828025817871094,True,0.9692257855523162,0.9808429118773946,0.9046390313103895,0.00787507121075031,0.995587726059225,0.01800654580387163
link,3,paris,0.1,130.0,11,8.939682006835938,9.828025817871094,True,0.9105114230356421,0.818012015444446,0.5817175673603657,0.01384145746504788,0.8355473160396426,0.08828982032589454
link,3,paris,0.1,140.0,11,8.939682006835938,9.828025817871094,True,0.9105114230356421,0.9254958810164341,0.8396872081515452,0.031056160354608942,0.935950154026289,0.055588854351068424
link,3,prague,0.1,130.0,11,5.8558502197265625,9.828025817871094,True,0.9481324527196087,0.9283073732615017,0.7655478664652977,0.010774744719698848,0.9538692153371052,0.0468633771386065
link,3,prague,0.1,140.0,11,5.8558502197265625,9.828025817871094,True,0.9481324527196087,0.979228185650204,0.9559430155760431,0.011417171967630682,0.993767328629714,0.01840497712057345
link,3,vienna,0.1,130.0,11,9.828025817871094,8.939682006835938,False,0.8878623325037082,0.8048118259295572,0.5904919928601956,0.020589788068481787,0.8402091661010131,0.09536918319631948
link,3,vienna,0.1,140.0,11,9.828025817871094,8.939682006835938,False,0.8878623325037082,0.9233476632224652,0.8686049727229304,0.037760514870402495,0.9714407823616663,0.06427080976443673
link,4,amsterdam,0.05,130.0,11,13.67803955078125,14.629661560058594,True,0.9566340609917918,0.8929531816954168,0.6132411136814664,0.005014150001761411,0.9422139762092087,0.07711457391467726
link,4,amsterdam,0.05,140.0,11,13.67803955078125,14.629661560058594,True,0.9566340609917918,0.960450451508355,0.851395624655057,0.014196972721614862,0.9930013269296257,0.0377294237837457
link,4,barcelona,0.05,130.0,11,12.574447631835938,14.629661560058594,True,0.9658012212017035,0.8347016265585715,0.5123659500230899,0.0021037508338036842,0.8389347837241521,0.06941094976653497
link,4,barcelona,0.05,140.0,11,12.574447631835938,14.629661560058594,True,0.9658012212017035,0.9331802555287598,0.7322848786494945,0.009005079788598696,0.9647878290317615,0.05385089024577967
link,4,berlin,0.05,130.0,11,9.184700012207031,14.629661560058594,True,0.9811925218151065,0.92165604382064,0.6480122769482374,0.002531560494214376,0.9418973261792479,0.0446159533117516
link,4,berlin,0.05,140.0,11,9.184700012207031,14.629661560058594,True,0.9811925218151065,0.9796691048805349,0.8702071174935311,0.004178194974964435,0.9978156889541071,0.01933395315492926
link,4,chicago,0.05,130.0,11,5.360191345214844,14.629661560058594,True,0.9935509695783669,0.9697006760362925,0.7311199074897705,0.000589307952321651,0.9772949653086639,0.021759918164027753
link,4,chicago,0.05,140.0,11,5.360191345214844,14.629661560058594,True,0.9935509695783669,0.9955746308486034,0.9148727984344422,0.0010785447429283047,0.9999777619640633,0.004425369151396548
link,4,hamburg,0.05,130.0,11,7.172996520996094,14.629661560058594,True,0.9848332101171674,0.9524161569997984,0.7686336447341892,0.0014449895826332414,0.9763648990747587,0.03373882653404127
link,4,hamburg,0.05,140.0,11,7.172996520996094,14.629661560058594,True,0.9848332101171674,0.9864126173353944,0.9309429397136905,0.004357371687165356,0.9972108340614289,0.012601653336917804
link,4,london,0.05,130.0,11,9.526496887207031,14.629661560058594,True,0.9796230027579604,0.9126455906821963,0.6171905272035193,0.0022565131174070614,0.9200305427028013,0.046965103822396465
link,4,london,0.05,140.0,11,9.526496887207031,14.629661560058594,True,0.9796230027579604,0.973548651790395,0.8275590910126958,0.005196818088573838,0.9847172520684704,0.021573632986119026
link,4,munich,0.05,130.0,11,13.479339599609375,14.629661560058594,True,0.9581740807082796,0.8802268137685542,0.6218097183082523,0.005533434494403815,0.9375805770744675,0.0819062396604639
link,4,munich,0.05,140.0,11,13.479339599609375,14.629661560058594,True,0.9581740807082796,0.957124439525836,0.8428846877887939,0.011717190156191172,0.984974158290454,0.03612134764800511
link,4,newyork,0.05,130.0,11,7.7402496337890625,14.629661560058594,True,0.9889637299911754,0.9081576801492354,0.4755761089328999,0.0006255375713503792,0.9094981178021291,0.046468505300313885
link,4,newyork,0.05,140.0,11,7.7402496337890625,14.629661560058594,True,0.9889637299911754,0.9808429118773946,0.7712543145336953,0.0025691721680462004,0.9957664510796108,0.01835282553086916
link,4,paris,0.05,130.0,11,13.91070556640625,14.629661560058594,True,0.955618126315496,0.818012015444446,0.47939114313990605,0.0038471724676266013,0.8359236698679974,0.0879971006816186
link,4,paris,0.05,140.0,11,13.91070556640625,14.629661560058594,True,0.955618126315496,0.9254958810164341,0.7089112223136003,0.012252407967549936,0.9337617262095594,0.0553240127681521
link,4,prague,0.05,130.0,11,10.237876892089844,14.629661560058594,True,0.9767261005793116,0.9283073732615017,0.6420778576741879,0.003527714536888849,0.9566192547843924,0.04791154791154791
link,4,prague,0.05,140.0,11,10.237876892089844,14.629661560058594,True,0.9767261005793116,0.979228185650204,0.8833825485201632,0.005950905033473841,0.9943083199963934,0.018596578229605754
link,4,vienna,0.05,130.0,11,14.629661560058594,13.91070556640625,False,0.9436609095708576,0.8048118259295572,0.4621640646604822,0.006385599718430249,0.8456897201900596,0.09929104759031601
link,4,vienna,0.05,140.0,11,14.629661560058594,13.91070556640625,False,0.9436609095708576,0.9233476632224652,0.7392965784247179,0.017221007114664254,0.971139100485205,0.0643965105462956
link,4,amsterdam,0.1,130.0,11,7.970008850097656,10.00933837890625,True,0.9211592432978312,0.8929531816954168,0.7264528705128055,0.015887927288953604,0.9422139762092087,0.07711457391467726
link,4,amsterdam,0.1,140.0,11,7.970008850097656,10.00933837890625,True,0.9211592432978312,0.960450451508355,0.9419791214081894,0.02690261745675736,0.9930013269296257,0.0377294237837457
link,4,barcelona,0.1,130.0,11,7.7413177490234375,10.00933837890625,True,0.9252398789060495,0.8347016265585715,0.6066242495766843,0.009184668274411206,0.8389347837241521,0.06941094976653497
link,4,barcelona,0.1,140.0,11,7.7413177490234375,10.00933837890625,True,0.9252398789060495,0.9331802555287598,0.8387167119913798,0.02269228795730925,0.9647878290317615,0.05385089024577967
link,4,berlin,0.1,130.0,11,5.094261169433594,10.00933837890625,True,0.956605020554927,0.92165604382064,0.7557716218789555,0.007807511789678851,0.9418973261792479,0.0446159533117516
link,4,berlin,0.1,140.0,11,5.094261169433594,10.00933837890625,True,0.956605020554927,0.9796691048805349,0.941751705442855,0.009274920748714617,0.9978156889541071,0.01933395315492926
link,4,chicago,0.1,130.0,11,2.41461181640625,10.00933837890625,True,0.9814312399928838,0.9697006760362925,0.8202499555239281,0.0029020636897349227,0.9772949653086639,0.021759918164027753
link,4,chicago,0.1,140.0,11,2.41461181640625,10.00933837890625,True,0.9814312399928838,0.9955746308486034,0.9772838462906956,0.0029354207436399216,0.9999777619640633,0.004425369151396548
link,4,hamburg,0.1,130.0,11,2.65728759765625,10.00933837890625,True,0.9672693057329121,0.9524161569997984,0.8493290319689943,0.006082398010618993,0.9763648990747587,0.03373882653404127
link,4,hamburg,0.1,140.0,11,2.65728759765625,10.00933837890625,True,0.9672693057329121,0.9864126173353944,0.9763312946658601,0.008389900754979054,0.9972108340614289,0.012601653336917804
link,4,london,0.1,130.0,11,5.0330047607421875,10.00933837890625,True,0.9536617053768833,0.9126455906821963,0.7171039135687097,0.0075331069222528664,0.9200305427028013,0.046965103822396465
link,4,london,0.1,140.0,11,5.0330047607421875,10.00933837890625,True,0.9536617053768833,0.973548651790395,0.9197798190230894,0.011932167848107036,0.9847172520684704,0.021573632986119026
link,4,munich,0.1,130.0,11,8.32025146484375,10.00933837890625,True,0.9193944026743032,0.8802268137685542,0.7224954078198268,0.016760031489235473,0.9375805770744675,0.0819062396604639
link,4,munich,0.1,140.0,11,8.32025146484375,10.00933837890625,True,0.9193944026743032,0.957124439525836,0.9374550764983057,0.024586703784412828,0.984974158290454,0.03612134764800511
link,4,newyork,0.1,130.0,11,3.9580764770507812,10.00933837890625,True,0.96823162762642,0.9081576801492354,0.5873797794980061,0.0028484300123990483,0.9094981178021291,0.046468505300313885
link,4,newyork,0.1,140.0,11,3.9580764770507812,10.00933837890625,True,0.96823162762642,0.9808429118773946,0.9093305630955174,0.008199010310199614,0.9957664510796108,0.01835282553086916
link,4,paris,0.1,130.0,11,8.985214233398438,10.00933837890625,True,0.9113338258457507,0.818012015444446,0.5754868206464923,0.013869335526407494,0.8359236698679974,0.0879971006816186
link,4,paris,0.1,140.0,11,8.985214233398438,10.00933837890625,True,0.9113338258457507,0.9254958810164341,0.8357982185918791,0.030387086881978227,0.9337617262095594,0.0553240127681521
link,4,prague,0.1,130.0,11,6.024879455566406,10.00933837890625,True,0.948256429907806,0.9283073732615017,0.7606564028582378,0.010323918580799315,0.9566192547843924,0.04791154791154791
link,4,prague,0.1,140.0,11,6.024879455566406,10.00933837890625,True,0.948256429907806,0.979228185650204,0.9565403602100849,0.011394630660685707,0.9943083199963934,0.018596578229605754
link,4,vienna,0.1,130.0,11,10.00933837890625,8.985214233398438,False,0.8858259798375946,0.8048118259295572,0.5932196998265329,0.021469693541493827,0.8456897201900596,0.09929104759031601
link,4,vienna,0.1,140.0,11,10.00933837890625,8.985214233398438,False,0.8858259798375946,0.9233476632224652,0.8723508560223244,0.03882897151620283,0.971139100485205,0.0643965105462956
link_reg,0,amsterdam,0.05,130.0,11,13.761299133300781,14.835617065429688,True,0.9574325673152574,0.8929531816954168,0.6134524830023838,0.005119834662220083,0.941462440845947,0.076550922392231
link_reg,0,amsterdam,0.05,140.0,11,13.761299133300781,14.835617065429688,True,0.9574325673152574,0.960450451508355,0.8451132587277915,0.013328009957843563,1.0,0.03954954849164504
link_reg,0,barcelona,0.05,130.0,11,13.512397766113281,14.835617065429688,True,0.9619144132587614,0.8347016265585715,0.5091461850274513,0.002411616809482272,0.8548155369695726,0.0761840012314639
link_reg,0,barcelona,0.05,140.0,11,13.512397766113281,14.835617065429688,True,0.9619144132587614,0.9331802555287598,0.732272050900508,0.00909487403150495,1.0,0.06681974447124019
link_reg,0,berlin,0.05,130.0,11,9.179855346679688,14.835617065429688,True,0.9822678749453922,0.92165604382064,0.6427923336283087,0.0024643509235715167,0.9419421325596765,0.04429110705364444
link_reg,0,berlin,0.05,140.0,11,9.179855346679688,14.835617065429688,True,0.9822678749453922,0.9796691048805349,0.863553369999888,0.0038869535021787104,1.0,0.020330895119465012
link_reg,0,chicago,0.05,130.0,11,5.088615417480469,14.835617065429688,True,0.9947073474470735,0.9697006760362925,0.7243706635829924,0.0005781889343533179,0.9741705212595624,0.02024773172033446
link_reg,0,chicago,0.05,140.0,11,5.088615417480469,14.835617065429688,True,0.9947073474470735,0.9955746308486034,0.9072896281800391,0.0007560932218466465,1.0,0.004425369151396548
link_reg,0,hamburg,0.05,130.0,11,7.41815185546875,14.835617065429688,True,0.9853148733113785,0.9524161569997984,0.7661021125971728,0.0014001837041019783,0.9769249725563994,0.03400766180522884
link_reg,0,hamburg,0.05,140.0,11,7.41815185546875,14.835617065429688,True,0.9853148733113785,0.9864126173353944,0.9292179133902368,0.004267759930102829,1.0,0.013587382664605597
link_reg,0,london,0.05,130.0,11,9.982421875,14.835617065429688,True,0.9794406582636246,0.9126455906821963,0.612745880154081,0.002336288833679028,0.9215918674355527,0.04745515465092426
link_reg,0,london,0.05,140.0,11,9.982421875,14.835617065429688,True,0.9794406582636246,0.973548651790395,0.8284822100152713,0.005117042372301871,1.0,0.026451348209604996
link_reg,0,munich,0.05,130.0,11,13.491813659667969,14.835617065429688,True,0.960090816780568,0.8802268137685542,0.6137320448607514,0.004814658467295691,0.9369074376205091,0.08148410135882897
link_reg,0,munich,0.05,140.0,11,13.491813659667969,14.835617065429688,True,0.960090816780568,0.957124439525836,0.8365982498374197,0.010907140982783602,1.0,0.04287556047416399
link_reg,0,newyork,0.05,130.0,11,8.410446166992188,14.835617065429688,True,0.9879919126928275,0.9081576801492354,0.47921763122326105,0.0006702188264468349,0.9170604202272041,0.05016587915954559
link_reg,0,newyork,0.05,140.0,11,8.410446166992188,14.835617065429688,True,0.9879919126928275,0.9808429118773946,0.7860773209119444,0.003027155032784871,1.0,0.019157088122605363
link_reg,0,paris,0.05,130.0,11,14.329689025878906,14.835617065429688,True,0.9539733206952788,0.818012015444446,0.48217894927586735,0.003833233436946795,0.8435343806191717,0.0918442731492452
link_reg,0,paris,0.05,140.0,11,14.329689025878906,14.835617065429688,True,0.9539733206952788,0.9254958810164341,0.7077264047058167,0.012126956691431677,1.0,0.07450411898356589
link_reg,0,prague,0.05,130.0,11,10.372413635253906,14.835617065429688,True,0.9773459865202985,0.9283073732615017,0.6389220747018912,0.0031219710118792687,0.9555598133579785,0.047618510921263214
link_reg,0,prague,0.05,140.0,11,10.372413635253906,14.835617065429688,True,0.9773459865202985,0.979228185650204,0.8754705497824764,0.005646597389716655,1.0,0.020771814349796
link_reg,0,vienna,0.05,130.0,11,14.835617065429688,14.329689025878906,False,0.9454584307514393,0.8048118259295572,0.45154234859340825,0.005505694245418207,0.847751213012545,0.10047263493978932
link_reg,0,vienna,0.05,140.0,11,14.835617065429688,14.329689025878906,False,0.9454584307514393,0.9233476632224652,0.727996078135606,0.0160771299997486,1.0,0.07665233677753476
link_reg,0,amsterdam,0.1,130.0,11,8.092231750488281,10.4964599609375,True,0.923777874329196,0.8929531816954168,0.7199473925245717,0.015007221785131343,0.941462440845947,0.076550922392231
link_reg,0,amsterdam,0.1,140.0,11,8.092231750488281,10.4964599609375,True,0.923777874329196,0.960450451508355,0.9319860496248195,0.0251529491891638,1.0,0.03954954849164504
link_reg,0,barcelona,0.1,130.0,11,8.980209350585938,10.4964599609375,True,0.9183642054492278,0.8347016265585715,0.596362050387398,0.008735697059879931,0.8548155369695726,0.0761840012314639
link_reg,0,barcelona,0.1,140.0,11,8.980209350585938,10.4964599609375,True,0.9183642054492278,0.9331802555287598,0.8429626969059469,0.023744163374211095,1.0,0.06681974447124019
link_reg,0,berlin,0.1,130.0,11,5.060935974121094,10.4964599609375,True,0.95973026558982,0.92165604382064,0.7450404937663123,0.007068206512607395,0.9419421325596765,0.04429110705364444
link_reg,0,berlin,0.1,140.0,11,5.060935974121094,10.4964599609375,True,0.95973026558982,0.9796691048805349,0.9355796265388191,0.008513212281428876,1.0,0.020330895119465012
link_reg,0,chicago,0.1,130.0,11,2.2563018798828125,10.4964599609375,True,0.9849559686888454,0.9697006760362925,0.8076965842376801,0.0022238035936666075,0.9741705212595624,0.02024773172033446
link_reg,0,chicago,0.1,140.0,11,2.2563018798828125,10.4964599609375,True,0.9849559686888454,0.9955746308486034,0.9685665362035225,0.0023016367194449387,1.0,0.004425369151396548
link_reg,0,hamburg,0.1,130.0,11,2.8925552368164062,10.4964599609375,True,0.9688711158904049,0.9524161569997984,0.8429329928086565,0.0054439142415484915,0.9769249725563994,0.03400766180522884
link_reg,0,hamburg,0.1,140.0,11,2.8925552368164062,10.4964599609375,True,0.9688711158904049,0.9864126173353944,0.9734413155005937,0.008009050787463315,1.0,0.013587382664605597
link_reg,0,london,0.1,130.0,11,5.489692687988281,10.4964599609375,True,0.9540719804891391,0.9126455906821963,0.7082716021243134,0.00682652200670116,0.9215918674355527,0.04745515465092426
link_reg,0,london,0.1,140.0,11,5.489692687988281,10.4964599609375,True,0.9540719804891391,0.973548651790395,0.9122011259772526,0.011259772525243315,1.0,0.026451348209604996
link_reg,0,munich,0.1,130.0,11,8.655082702636719,10.4964599609375,True,0.921322547889879,0.8802268137685542,0.710390306791863,0.014683567410923113,0.9369074376205091,0.08148410135882897
link_reg,0,munich,0.1,140.0,11,8.655082702636719,10.4964599609375,True,0.921322547889879,0.957124439525836,0.9277458955607023,0.02233910255678901,1.0,0.04287556047416399
link_reg,0,newyork,0.1,130.0,11,4.568145751953125,10.4964599609375,True,0.9667236352669146,0.9081576801492354,0.5902282095104051,0.0031053472292036683,0.9170604202272041,0.05016587915954559
link_reg,0,newyork,0.1,140.0,11,4.568145751953125,10.4964599609375,True,0.9667236352669146,0.9808429118773946,0.9062252158663137,0.008154329055103158,1.0,0.019157088122605363
link_reg,0,paris,0.1,130.0,11,9.971389770507812,10.4964599609375,True,0.9069569702122915,0.818012015444446,0.5709566356755551,0.012684517918623938,0.8435343806191717,0.0918442731492452
link_reg,0,paris,0.1,140.0,11,9.971389770507812,10.4964599609375,True,0.9069569702122915,0.9254958810164341,0.8295674718780056,0.029383476673032156,1.0,0.07450411898356589
link_reg,0,prague,0.1,130.0,11,6.041259765625,10.4964599609375,True,0.9510515519689832,0.9283073732615017,0.7493293961183869,0.00961386741203255,0.9555598133579785,0.047618510921263214
link_reg,0,prague,0.1,140.0,11,6.041259765625,10.4964599609375,True,0.9510515519689832,0.979228185650204,0.9492595180668575,0.01054933165024908,1.0,0.020771814349796
link_reg,0,vienna,0.1,130.0,11,10.4964599609375,9.971389770507812,False,0.8925006913543002,0.8048118259295572,0.5713351937049048,0.01805063227493275,0.847751213012545,0.10047263493978932
link_reg,0,vienna,0.1,140.0,11,10.4964599609375,9.971389770507812,False,0.8925006913543002,0.9233476632224652,0.8484551373909546,0.034617995323930915,1.0,0.07665233677753476
link_reg,1,amsterdam,0.05,130.0,11,13.764053344726562,14.707916259765625,True,0.9562935215303139,0.8929531816954168,0.6177855540811893,0.005202033842576827,0.9444098685987389,0.07750208433635905
link_reg,1,amsterdam,0.05,140.0,11,13.764053344726562,14.707916259765625,True,0.9562935215303139,0.960450451508355,0.8493993588463932,0.013574607498913796,1.0,0.03954954849164504
link_reg,1,barcelona,0.05,130.0,11,13.449615478515625,14.707916259765625,True,0.9606701216070604,0.8347016265585715,0.5126481605007953,0.0023218225665760173,0.8540971830263225,0.07573503001693263
link_reg,1,barcelona,0.05,140.0,11,13.449615478515625,14.707916259765625,True,0.9606701216070604,0.9331802555287598,0.7384165426650932,0.009505361999076402,1.0,0.06681974447124019
link_reg,1,berlin,0.05,130.0,11,9.171890258789062,14.707916259765625,True,0.9816181824291779,0.92165604382064,0.6476538259048088,0.002520358899107233,0.9400042566061407,0.04376463208360871
link_reg,1,berlin,0.05,140.0,11,9.171890258789062,14.707916259765625,True,0.9816181824291779,0.9796691048805349,0.8671826868146024,0.004234202950500151,1.0,0.020330895119465012
link_reg,1,chicago,0.05,130.0,11,5.400978088378906,14.707916259765625,True,0.9940624444049102,0.9697006760362925,0.7321873332147305,0.0006671410780999822,0.9777286070094289,0.02170432307418609
link_reg,1,chicago,0.05,140.0,11,5.400978088378906,14.707916259765625,True,0.9940624444049102,0.9955746308486034,0.913093755559509,0.0009784735812133072,1.0,0.004425369151396548
link_reg,1,hamburg,0.05,130.0,11,7.403923034667969,14.707916259765625,True,0.9848332101171674,0.9524161569997984,0.7708851401303851,0.0014337881130004257,0.9761296682124695,0.03351479714138495
link_reg,1,hamburg,0.05,140.0,11,7.403923034667969,14.707916259765625,True,0.9848332101171674,0.9864126173353944,0.9304052691713153,0.004256558460470013,1.0,0.013587382664605597
link_reg,1,london,0.05,130.0,11,9.722419738769531,14.707916259765625,True,0.9795888131652725,0.9126455906821963,0.6083126296355389,0.002370478426367014,0.9215348847810726,0.04767168873794817
link_reg,1,london,0.05,140.0,11,9.722419738769531,14.707916259765625,True,0.9795888131652725,0.973548651790395,0.8260433524035283,0.004968887470653933,1.0,0.026451348209604996
link_reg,1,munich,0.05,130.0,11,13.565711975097656,14.707916259765625,True,0.9596230419057833,0.8802268137685542,0.6150326871955185,0.004917340756882565,0.9366222090383233,0.080822371048158
link_reg,1,munich,0.05,140.0,11,13.565711975097656,14.707916259765625,True,0.9596230419057833,0.957124439525836,0.8406713139910325,0.011226596994831658,1.0,0.04287556047416399
link_reg,1,newyork,0.05,130.0,11,7.535789489746094,14.707916259765625,True,0.9899132066619751,0.9081576801492354,0.4694436066709114,0.0005585156887056958,0.9088390692894563,0.04628978027992806
link_reg,1,newyork,0.05,140.0,11,7.535789489746094,14.707916259765625,True,0.9899132066619751,0.9808429118773946,0.7657696904706053,0.0022787440099192387,1.0,0.019157088122605363
link_reg,1,paris,0.05,130.0,11,14.386932373046875,14.707916259765625,True,0.9526351737500174,0.818012015444446,0.4836007304052076,0.003763538283547762,0.8459179548654187,0.0916351876890481
link_reg,1,paris,0.05,140.0,11,14.386932373046875,14.707916259765625,True,0.9526351737500174,0.9254958810164341,0.7128420289653058,0.012698456949303745,1.0,0.07450411898356589
link_reg,1,prague,0.05,130.0,11,10.316558837890625,14.707916259765625,True,0.9763090864008295,0.9283073732615017,0.6353718188580574,0.0036066091111962672,0.9575772603295539,0.04861032842684219
link_reg,1,prague,0.05,140.0,11,10.316558837890625,14.707916259765625,True,0.9763090864008295,0.979228185650204,0.8835065257083605,0.006176318102923607,1.0,0.020771814349796
link_reg,1,vienna,0.05,130.0,11,14.707916259765625,14.386932373046875,False,0.9472433818538352,0.8048118259295572,0.45092641476229983,0.005367423385373457,0.8421952384543832,0.09793347914624029
link_reg,1,vienna,0.05,140.0,11,14.707916259765625,14.386932373046875,False,0.9472433818538352,0.9233476632224652,0.7227417854539055,0.015511476481383714,1.0,0.07665233677753476
link_reg,1,amsterdam,0.1,130.0,11,8.200019836425781,10.347740173339844,True,0.9217816085205321,0.8929531816954168,0.7226717082163953,0.01503070726523327,0.9444098685987389,0.07750208433635905
link_reg,1,amsterdam,0.1,140.0,11,8.200019836425781,10.347740173339844,True,0.9217816085205321,0.960450451508355,0.9375755938890781,0.02586925633227257,1.0,0.03954954849164504
link_reg,1,barcelona,0.1,130.0,11,8.999046325683594,10.347740173339844,True,0.9163374211093437,0.8347016265585715,0.6019421211965724,0.009389912258196931,0.8540971830263225,0.07573503001693263
link_reg,1,barcelona,0.1,140.0,11,8.999046325683594,10.347740173339844,True,0.9163374211093437,0.9331802555287598,0.8463235671404382,0.02398789060495664,1.0,0.06681974447124019
link_reg,1,berlin,0.1,130.0,11,5.0943145751953125,10.347740173339844,True,0.9590469682882843,0.92165604382064,0.7461830564672409,0.007213827249000258,0.9400042566061407,0.04376463208360871
link_reg,1,berlin,0.1,140.0,11,5.0943145751953125,10.347740173339844,True,0.9590469682882843,0.9796691048805349,0.9347731116911048,0.008401196330357442,1.0,0.020330895119465012
link_reg,1,chicago,0.1,130.0,11,2.511138916015625,10.347740173339844,True,0.9833325920654687,0.9697006760362925,0.8133450453655933,0.0025240170788115995,0.9777286070094289,0.02170432307418609
link_reg,1,chicago,0.1,140.0,11,2.511138916015625,10.347740173339844,True,0.9833325920654687,0.9955746308486034,0.9740593310798791,0.0027908735100515922,1.0,0.004425369151396548
link_reg,1,hamburg,0.1,130.0,11,2.8984298706054688,10.347740173339844,True,0.9682214306517015,0.9524161569997984,0.8480968703093846,0.0058919730268611244,0.9761296682124695,0.03351479714138495
link_reg,1,hamburg,0.1,140.0,11,2.8984298706054688,10.347740173339844,True,0.9682214306517015,0.9864126173353944,0.9738109639984766,0.00807625960526021,1.0,0.013587382664605597
link_reg,1,london,0.1,130.0,11,5.243095397949219,10.347740173339844,True,0.9545962209103549,0.9126455906821963,0.7051717457206026,0.0066669705741572265,0.9215348847810726,0.04767168873794817
link_reg,1,london,0.1,140.0,11,5.243095397949219,10.347740173339844,True,0.9545962209103549,0.973548651790395,0.9147197593052675,0.011624461513915165,1.0,0.026451348209604996
link_reg,1,munich,0.1,130.0,11,8.615135192871094,10.347740173339844,True,0.9198279501192256,0.8802268137685542,0.7112916291115701,0.014626521694485962,0.9366222090383233,0.080822371048158
link_reg,1,munich,0.1,140.0,11,8.615135192871094,10.347740173339844,True,0.9198279501192256,0.957124439525836,0.9303471802302365,0.022818286574861093,1.0,0.04287556047416399
link_reg,1,newyork,0.1,130.0,11,3.846649169921875,10.347740173339844,True,0.9719960233682964,0.9081576801492354,0.5706466494643835,0.0022005518135004413,0.9088390692894563,0.04628978027992806
link_reg,1,newyork,0.1,140.0,11,3.846649169921875,10.347740173339844,True,0.9719960233682964,0.9808429118773946,0.9003272901935815,0.007674005562816259,1.0,0.019157088122605363
link_reg,1,paris,0.1,130.0,11,10.062843322753906,10.347740173339844,True,0.9037649321866157,0.818012015444446,0.5753195522783345,0.012531188581146067,0.8459179548654187,0.0916351876890481
link_reg,1,paris,0.1,140.0,11,10.062843322753906,10.347740173339844,True,0.9037649321866157,0.9254958810164341,0.8368436458928646,0.030150123360421516,1.0,0.07450411898356589
link_reg,1,prague,0.1,130.0,11,5.938056945800781,10.347740173339844,True,0.9502964181863265,0.9283073732615017,0.7516962333476095,0.009918175055789735,0.9575772603295539,0.04861032842684219
link_reg,1,prague,0.1,140.0,11,5.938056945800781,10.347740173339844,True,0.9502964181863265,0.979228185650204,0.9536212609607105,0.011157946937763452,1.0,0.020771814349796
link_reg,1,vienna,0.1,130.0,11,10.347740173339844,10.062843322753906,False,0.8959951730899767,0.8048118259295572,0.5617442240490735,0.016240541016165122,0.8421952384543832,0.09793347914624029
link_reg,1,vienna,0.1,140.0,11,10.347740173339844,10.062843322753906,False,0.8959951730899767,0.9233476632224652,0.8404354275083591,0.032883324534278606,1.0,0.07665233677753476
link_reg,2,amsterdam,0.05,130.0,11,13.817474365234375,14.669914245605469,True,0.955917753848683,0.8929531816954168,0.6169870477577238,0.0050728637020162285,0.9465235618079123,0.07886424218227081
link_reg,2,amsterdam,0.05,140.0,11,13.817474365234375,14.669914245605469,True,0.955917753848683,0.960450451508355,0.8524289857795418,0.013962117920595592,1.0,0.03954954849164504
link_reg,2,barcelona,0.05,130.0,11,13.726547241210938,14.669914245605469,True,0.958232849299605,0.8347016265585715,0.5158679254964339,0.0027451382831340755,0.8589332443942737,0.07871106778182564
link_reg,2,barcelona,0.05,140.0,11,13.726547241210938,14.669914245605469,True,0.958232849299605,0.9331802555287598,0.7425855610857407,0.010659859407871107,1.0,0.06681974447124019
link_reg,2,berlin,0.05,130.0,11,9.231903076171875,14.669914245605469,True,0.9817974079508922,0.92165604382064,0.6517872144993447,0.002699584420821525,0.9411580209021765,0.04408947834171586
link_reg,2,berlin,0.05,140.0,11,9.231903076171875,14.669914245605469,True,0.9817974079508922,0.9796691048805349,0.8678883873063524,0.004189396570071578,1.0,0.020330895119465012
link_reg,2,chicago,0.05,130.0,11,5.2290191650390625,14.669914245605469,True,0.9939734922611635,0.9697006760362925,0.7260162782423056,0.0005781889343533179,0.976094111368084,0.021248443337484435
link_reg,2,chicago,0.05,140.0,11,5.2290191650390625,14.669914245605469,True,0.9939734922611635,0.9955746308486034,0.9106698096424124,0.001178615904643302,1.0,0.004425369151396548
link_reg,2,hamburg,0.05,130.0,11,7.5186614990234375,14.669914245605469,True,0.984855613056433,0.9524161569997984,0.7749848780159957,0.0015794072182270314,0.9748302977350628,0.033234760400564556
link_reg,2,hamburg,0.05,140.0,11,7.5186614990234375,14.669914245605469,True,0.984855613056433,0.9864126173353944,0.9291395031028071,0.004189349642673119,1.0,0.013587382664605597
link_reg,2,london,0.05,130.0,11,9.908493041992188,14.669914245605469,True,0.978266815581337,0.9126455906821963,0.6089280423039227,0.002290702710095047,0.9251133954824151,0.049096255099947576
link_reg,2,london,0.05,140.0,11,9.908493041992188,14.669914245605469,True,0.978266815581337,0.973548651790395,0.8334852870786132,0.005561507077245687,1.0,0.026451348209604996
link_reg,2,munich,0.05,130.0,11,13.880172729492188,14.669914245605469,True,0.9560976166299673,0.8802268137685542,0.6160138735182376,0.005248205912218052,0.9463085716893519,0.08681217127405903
link_reg,2,munich,0.05,140.0,11,13.880172729492188,14.669914245605469,True,0.9560976166299673,0.957124439525836,0.8518408652694269,0.012801058768497074,1.0,0.04287556047416399
link_reg,2,newyork,0.05,130.0,11,7.441864013671875,14.669914245605469,True,0.9902371457614244,0.9081576801492354,0.4687957284720128,0.0005585156887056958,0.900863465254739,0.04456955195871452
link_reg,2,newyork,0.05,140.0,11,7.441864013671875,14.669914245605469,True,0.9902371457614244,0.9808429118773946,0.763781374618813,0.0023010846374674665,1.0,0.019157088122605363
link_reg,2,paris,0.05,130.0,11,14.161056518554688,14.669914245605469,True,0.9544751257997519,0.818012015444446,0.480478387532931,0.003526574761991051,0.84149928213992,0.08958615017911654
link_reg,2,paris,0.05,140.0,11,14.161056518554688,14.669914245605469,True,0.9544751257997519,0.9254958810164341,0.7096639299703099,0.012377859243668195,1.0,0.07450411898356589
link_reg,2,prague,0.05,130.0,11,10.2816162109375,14.669914245605469,True,0.9767261005793116,0.9283073732615017,0.6421003989811329,0.0035164438834163606,0.9537339674954354,0.046874647792078984
link_reg,2,prague,0.05,140.0,11,10.2816162109375,14.669914245605469,True,0.9767261005793116,0.979228185650204,0.880677591686766,0.0054888082411018195,1.0,0.020771814349796
link_reg,2,vienna,0.05,130.0,11,14.669914245605469,14.161056518554688,False,0.945156748874978,0.8048118259295572,0.4520577217990296,0.0052040123689569345,0.8465067752721422,0.09979385071775146
link_reg,2,vienna,0.05,140.0,11,14.669914245605469,14.161056518554688,False,0.945156748874978,0.9233476632224652,0.7275058450863564,0.015750307966915553,0.9996857480453528,0.07641350529200291
link_reg,2,amsterdam,0.1,130.0,11,8.271781921386719,10.337142944335938,True,0.9212884134383917,0.8929531816954168,0.7217910027125729,0.014643196843551474,0.9465235618079123,0.07886424218227081
link_reg,2,amsterdam,0.1,140.0,11,8.271781921386719,10.337142944335938,True,0.9212884134383917,0.960450451508355,0.9408400756232459,0.026350708674362077,1.0,0.03954954849164504
link_reg,2,barcelona,0.1,130.0,11,9.224807739257812,10.337142944335938,True,0.9137718713120222,0.8347016265585715,0.609510493098671,0.010557237415978244,0.8589332443942737,0.07871106778182564
link_reg,2,barcelona,0.1,140.0,11,9.224807739257812,10.337142944335938,True,0.9137718713120222,0.9331802555287598,0.8501077530914875,0.025026938272871876,1.0,0.06681974447124019
link_reg,2,berlin,0.1,130.0,11,5.1002349853515625,10.337142944335938,True,0.9581844454650342,0.92165604382064,0.7499355908281339,0.007493867126678839,0.9411580209021765,0.04408947834171586
link_reg,2,berlin,0.1,140.0,11,5.1002349853515625,10.337142944335938,True,0.9581844454650342,0.9796691048805349,0.9359716823675691,0.008591623447178879,1.0,0.020330895119465012
link_reg,2,chicago,0.1,130.0,11,2.3557891845703125,10.337142944335938,True,0.9834215442092155,0.9697006760362925,0.8109433374844334,0.0025240170788115995,0.976094111368084,0.021248443337484435
link_reg,2,chicago,0.1,140.0,11,2.3557891845703125,10.337142944335938,True,0.9834215442092155,0.9955746308486034,0.9724137164205657,0.002512898060843266,1.0,0.004425369151396548
link_reg,2,hamburg,0.1,130.0,11,3.13421630859375,10.337142944335938,True,0.9679861997894124,0.9524161569997984,0.8470775365727984,0.005746353921634519,0.9748302977350628,0.033234760400564556
link_reg,2,hamburg,0.1,140.0,11,3.13421630859375,10.337142944335938,True,0.9679861997894124,0.9864126173353944,0.9727916302618903,0.007964244908932052,1.0,0.013587382664605597
link_reg,2,london,0.1,130.0,11,5.358940124511719,10.337142944335938,True,0.9534565678207554,0.9126455906821963,0.7113258724044401,0.007373555489708933,0.9251133954824151,0.049096255099947576
link_reg,2,london,0.1,140.0,11,5.358940124511719,10.337142944335938,True,0.9534565678207554,0.973548651790395,0.9192897681945615,0.012205684589610922,1.0,0.026451348209604996
link_reg,2,munich,0.1,130.0,11,8.905410766601562,10.337142944335938,True,0.9165078894225832,0.8802268137685542,0.7181599333706032,0.016235210898013667,0.9463085716893519,0.08681217127405903
link_reg,2,munich,0.1,140.0,11,8.905410766601562,10.337142944335938,True,0.9165078894225832,0.957124439525836,0.9404899086127623,0.02543098038768269,1.0,0.04287556047416399
link_reg,2,newyork,0.1,130.0,11,3.7108917236328125,10.337142944335938,True,0.9724093249779386,0.9081576801492354,0.5671950225081822,0.0021670408721780996,0.900863465254739,0.04456955195871452
link_reg,2,newyork,0.1,140.0,11,3.7108917236328125,10.337142944335938,True,0.9724093249779386,0.9808429118773946,0.8936586128704356,0.007227193011851703,1.0,0.019157088122605363
link_reg,2,paris,0.1,130.0,11,9.848503112792969,10.337142944335938,True,0.9062878967396607,0.818012015444446,0.5711239040437128,0.011973627353953806,0.84149928213992,0.08958615017911654
link_reg,2,paris,0.1,140.0,11,9.848503112792969,10.337142944335938,True,0.9062878967396607,0.9254958810164341,0.8331776808240755,0.029745891470707126,1.0,0.07450411898356589
link_reg,2,prague,0.1,130.0,11,6.132514953613281,10.337142944335938,True,0.9505556432161937,0.9283073732615017,0.7550661587358835,0.009737844600229922,0.9537339674954354,0.046874647792078984
link_reg,2,prague,0.1,140.0,11,6.132514953613281,10.337142944335938,True,0.9505556432161937,0.979228185650204,0.9494849311363073,0.010526790343304105,1.0,0.020771814349796
link_reg,2,vienna,0.1,130.0,11,10.337142944335938,9.848503112792969,False,0.8932171858108957,0.8048118259295572,0.5649118837519169,0.016567363048998165,0.8465067752721422,0.09979385071775146
link_reg,2,vienna,0.1,140.0,11,10.337142944335938,9.848503112792969,False,0.8932171858108957,0.9233476632224652,0.8503155089624658,0.034894537044020416,0.9996857480453528,0.07641350529200291
link_reg,3,amsterdam,0.05,130.0,11,13.752815246582031,14.52435302734375,True,0.9552484176657782,0.8929531816954168,0.6182670064232788,0.005119834662220083,0.9412393287849787,0.07650395143202715
link_reg,3,amsterdam,0.05,140.0,11,13.752815246582031,14.52435302734375,True,0.9552484176657782,0.960450451508355,0.852675583320612,0.014408342042532205,1.0,0.03954954849164504
link_reg,3,barcelona,0.05,130.0,11,13.599899291992188,14.52435302734375,True,0.9585535430242701,0.8347016265585715,0.5125070552619426,0.002385961311509056,0.8545333264918672,0.07646621170916927
link_reg,3,barcelona,0.05,140.0,11,13.599899291992188,14.52435302734375,True,0.9585535430242701,0.9331802555287598,0.7419441736364103,0.01028785468725948,1.0,0.06681974447124019
link_reg,3,berlin,0.05,130.0,11,9.242996215820312,14.52435302734375,True,0.9810693042689279,0.92165604382064,0.6528065596540947,0.002755592396357241,0.9411468193070693,0.04424630067321587
link_reg,3,berlin,0.05,140.0,11,9.242996215820312,14.52435302734375,True,0.9810693042689279,0.9796691048805349,0.8713048738140311,0.004570250803714449,1.0,0.020330895119465012
link_reg,3,chicago,0.05,130.0,11,4.991477966308594,14.52435302734375,True,0.9944071339619285,0.9697006760362925,0.725093399750934,0.0005225938445116527,0.9744707347447074,0.020714730475004446
link_reg,3,chicago,0.05,140.0,11,4.991477966308594,14.52435302734375,True,0.9944071339619285,0.9955746308486034,0.9115482120619107,0.001178615904643302,1.0,0.004425369151396548
link_reg,3,hamburg,0.05,130.0,11,7.524436950683594,14.52435302734375,True,0.9840715101821359,0.9524161569997984,0.7730134193606201,0.0014673925218988732,0.9763761005443914,0.03383963976073661
link_reg,3,hamburg,0.05,140.0,11,7.524436950683594,14.52435302734375,True,0.9840715101821359,0.9864126173353944,0.9303940677016824,0.004390976096063803,1.0,0.013587382664605597
link_reg,3,london,0.05,130.0,11,9.68817138671875,14.52435302734375,True,0.9788480386570328,0.9126455906821963,0.6091445763909465,0.0022679096483030564,0.9195290953433775,0.0471132587240444
link_reg,3,london,0.05,140.0,11,9.68817138671875,14.52435302734375,True,0.9788480386570328,0.973548651790395,0.8288582955348391,0.005322179928429786,1.0,0.026451348209604996
link_reg,3,munich,0.05,130.0,11,13.842605590820312,14.52435302734375,True,0.9556868874716198,0.8802268137685542,0.6230419057832948,0.005510616207828954,0.941596595511643,0.08421088660452486
link_reg,3,munich,0.05,140.0,11,13.842605590820312,14.52435302734375,True,0.9556868874716198,0.957124439525836,0.849273808029755,0.012493011899736449,1.0,0.04287556047416399
link_reg,3,newyork,0.05,130.0,11,7.559669494628906,14.52435302734375,True,0.9890977737564648,0.9081576801492354,0.4746936541447449,0.0005138344336092401,0.9010086793338025,0.04418976129039465
link_reg,3,newyork,0.05,140.0,11,7.559669494628906,14.52435302734375,True,0.9890977737564648,0.9808429118773946,0.7721814505769468,0.00262502373691677,1.0,0.019157088122605363
link_reg,3,paris,0.05,130.0,11,14.250106811523438,14.52435302734375,True,0.9525376005352588,0.818012015444446,0.481412302588478,0.0034708186392718252,0.8428931852079007,0.09084066294029913
link_reg,3,paris,0.05,140.0,11,14.250106811523438,14.52435302734375,True,0.9525376005352588,0.9254958810164341,0.7095245396635118,0.012126956691431677,1.0,0.07450411898356589
link_reg,3,prague,0.05,130.0,11,10.2216796875,14.52435302734375,True,0.9761062146383247,0.9283073732615017,0.6419989630998806,0.0034826319229988956,0.9543989360503122,0.04719022608930866
link_reg,3,prague,0.05,140.0,11,10.2216796875,14.52435302734375,True,0.9761062146383247,0.979228185650204,0.8818384689944323,0.0058607398056939345,1.0,0.020771814349796
link_reg,3,vienna,0.05,130.0,11,14.52435302734375,14.250106811523438,False,0.9474696432611811,0.8048118259295572,0.4495562762400382,0.004965180883425095,0.8417175754833195,0.09621137843477387
link_reg,3,vienna,0.05,140.0,11,14.52435302734375,14.250106811523438,False,0.9474696432611811,0.9233476632224652,0.7230811775649244,0.015373205621338966,1.0,0.07665233677753476
link_reg,3,amsterdam,0.1,130.0,11,8.139419555664062,10.267387390136719,True,0.9217698657804813,0.8929531816954168,0.7248910860860273,0.015899670029004567,0.9412393287849787,0.07650395143202715
link_reg,3,amsterdam,0.1,140.0,11,8.139419555664062,10.267387390136719,True,0.9217698657804813,0.960450451508355,0.936307377963574,0.02575182893176294,1.0,0.03954954849164504
link_reg,3,barcelona,0.1,130.0,11,9.053627014160156,10.267387390136719,True,0.9149776797167632,0.8347016265585715,0.603494278823952,0.009377084509210324,0.8545333264918672,0.07646621170916927
link_reg,3,barcelona,0.1,140.0,11,9.053627014160156,10.267387390136719,True,0.9149776797167632,0.9331802555287598,0.8472984760634203,0.024385550823541484,1.0,0.06681974447124019
link_reg,3,berlin,0.1,130.0,11,5.155120849609375,10.267387390136719,True,0.9577923896362842,0.92165604382064,0.7469447649345267,0.0075610766973216986,0.9411468193070693,0.04424630067321587
link_reg,3,berlin,0.1,140.0,11,5.155120849609375,10.267387390136719,True,0.9577923896362842,0.9796691048805349,0.9376295184434263,0.008625228232500308,1.0,0.020330895119465012
link_reg,3,chicago,0.1,130.0,11,2.2236862182617188,10.267387390136719,True,0.9839330190357588,0.9697006760362925,0.8068626578900552,0.002512898060843266,0.9744707347447074,0.020714730475004446
link_reg,3,chicago,0.1,140.0,11,2.2236862182617188,10.267387390136719,True,0.9839330190357588,0.9955746308486034,0.9717688133784024,0.0026129692225582636,1.0,0.004425369151396548
link_reg,3,hamburg,0.1,130.0,11,3.0911407470703125,10.267387390136719,True,0.9675157380648342,0.9524161569997984,0.8478952438559939,0.0057911598001657814,0.9763761005443914,0.03383963976073661
link_reg,3,hamburg,0.1,140.0,11,3.0911407470703125,10.267387390136719,True,0.9675157380648342,0.9864126173353944,0.9745278580549768,0.008143468423057106,1.0,0.013587382664605597
link_reg,3,london,0.1,130.0,11,5.2116241455078125,10.267387390136719,True,0.9546987896884188,0.9126455906821963,0.7051945387823947,0.006735349759533198,0.9195290953433775,0.0471132587240444
link_reg,3,london,0.1,140.0,11,5.2116241455078125,10.267387390136719,True,0.9546987896884188,0.973548651790395,0.9145260182800355,0.011578875390331183,1.0,0.026451348209604996
link_reg,3,munich,0.1,130.0,11,8.813095092773438,10.267387390136719,True,0.9164394345628587,0.8802268137685542,0.7193122568426337,0.016315074901025683,0.941596595511643,0.08421088660452486
link_reg,3,munich,0.1,140.0,11,8.813095092773438,10.267387390136719,True,0.9164394345628587,0.957124439525836,0.9371356204862576,0.02487193236659859,1.0,0.04287556047416399
link_reg,3,newyork,0.1,130.0,11,3.8188018798828125,10.267387390136719,True,0.9712364420316567,0.9081576801492354,0.5760419110172805,0.0025803424818203143,0.9010086793338025,0.04418976129039465
link_reg,3,newyork,0.1,140.0,11,3.8188018798828125,10.267387390136719,True,0.9712364420316567,0.9808429118773946,0.8949208583269104,0.007383577404689297,1.0,0.019157088122605363
link_reg,3,paris,0.1,130.0,11,9.859512329101562,10.267387390136719,True,0.9049358107637195,0.818012015444446,0.5720299410379002,0.012349981182308583,0.8428931852079007,0.09084066294029913
link_reg,3,paris,0.1,140.0,11,9.859512329101562,10.267387390136719,True,0.9049358107637195,0.9254958810164341,0.8358679137452781,0.030080428207022485,1.0,0.07450411898356589
link_reg,3,prague,0.1,130.0,11,6.000587463378906,10.267387390136719,True,0.9504429366814688,0.9283073732615017,0.7536573270518224,0.009771656560647386,0.9543989360503122,0.04719022608930866
link_reg,3,prague,0.1,140.0,11,6.000587463378906,10.267387390136719,True,0.9504429366814688,0.979228185650204,0.9510402813155107,0.010797286026643824,1.0,0.020771814349796
link_reg,3,vienna,0.1,130.0,11,10.267387390136719,9.859512329101562,False,0.8940970912839078,0.8048118259295572,0.5652135656283782,0.016843904769087665,0.8417175754833195,0.09621137843477387
link_reg,3,vienna,0.1,140.0,11,10.267387390136719,9.859512329101562,False,0.8940970912839078,0.9233476632224652,0.8457651406591749,0.03341126781808583,1.0,0.07665233677753476
link_reg,4,amsterdam,0.05,130.0,11,13.75762939453125,14.794662475585938,True,0.9571037705938303,0.8929531816954168,0.6091076691835273,0.004838008900996959,0.9432003663734896,0.07760776899681772
link_reg,4,amsterdam,0.05,140.0,11,13.75762939453125,14.794662475585938,True,0.9571037705938303,0.960450451508355,0.8476027196185958,0.01371552037952536,1.0,0.03954954849164504
link_reg,4,barcelona,0.05,130.0,11,13.236312866210938,14.794662475585938,True,0.9632228436553953,0.8347016265585715,0.5093770845092104,0.002052439837857253,0.8445918210272462,0.07213043255169582
link_reg,4,barcelona,0.05,140.0,11,13.236312866210938,14.794662475585938,True,0.9632228436553953,0.9331802555287598,0.7298860895889989,0.008799835804812972,1.0,0.06681974447124019
link_reg,4,berlin,0.05,130.0,11,9.222991943359375,14.794662475585938,True,0.9816853919998207,0.92165604382064,0.6444501697041659,0.0024643509235715167,0.9418973261792479,0.0446159533117516
link_reg,4,berlin,0.05,140.0,11,9.222991943359375,14.794662475585938,True,0.9816853919998207,0.9796691048805349,0.8673619123363167,0.004077380619000146,0.9999887984048929,0.02031969352435787
link_reg,4,chicago,0.05,130.0,11,5.360191345214844,14.794662475585938,True,0.9939067781533535,0.9697006760362925,0.728095534602384,0.0005559508984166519,0.9772949653086639,0.021759918164027753
link_reg,4,chicago,0.05,140.0,11,5.360191345214844,14.794662475585938,True,0.9939067781533535,0.9955746308486034,0.9125489236790607,0.0010563067069916385,1.0,0.004425369151396548
link_reg,4,hamburg,0.05,130.0,11,7.327667236328125,14.794662475585938,True,0.9850460380401909,0.9524161569997984,0.7657884714474539,0.001355377825570715,0.9766897416941103,0.033985258865963215
link_reg,4,hamburg,0.05,140.0,11,7.327667236328125,14.794662475585938,True,0.9850460380401909,0.9864126173353944,0.9287362501960257,0.004234155521204382,1.0,0.013587382664605597
link_reg,4,london,0.05,130.0,11,9.847404479980469,14.794662475585938,True,0.9797939507214004,0.9126455906821963,0.6134068789460488,0.002108358215759123,0.9212955576322568,0.04743236158913227
link_reg,4,london,0.05,140.0,11,9.847404479980469,14.794662475585938,True,0.9797939507214004,0.973548651790395,0.8243110797073371,0.005037266656029904,1.0,0.026451348209604996
link_reg,4,munich,0.05,130.0,11,13.698143005371094,14.794662475585938,True,0.9583338087143036,0.8802268137685542,0.6181131558831248,0.005271024198792913,0.9387100822599231,0.0825793791144223
link_reg,4,munich,0.05,140.0,11,13.698143005371094,14.794662475585938,True,0.9583338087143036,0.957124439525836,0.8394048990861276,0.011238006138119089,1.0,0.04287556047416399
link_reg,4,newyork,0.05,130.0,11,7.833030700683594,14.794662475585938,True,0.9892988394043989,0.9081576801492354,0.47238139919350336,0.0006031969438021514,0.9109167476514415,0.04685946628240787
link_reg,4,newyork,0.05,140.0,11,7.833030700683594,14.794662475585938,True,0.9892988394043989,0.9808429118773946,0.7654904326262525,0.002468639344079175,1.0,0.019157088122605363
link_reg,4,paris,0.05,130.0,11,14.261184692382812,14.794662475585938,True,0.9540430158486779,0.818012015444446,0.4764639466971467,0.003679904099468923,0.8420150262750729,0.09032491880514629
link_reg,4,paris,0.05,140.0,11,14.261184692382812,14.794662475585938,True,0.9540430158486779,0.9254958810164341,0.7042137689745055,0.011806358985796128,1.0,0.07450411898356589
link_reg,4,prague,0.05,130.0,11,10.420341491699219,14.794662475585938,True,0.9769515136487613,0.9283073732615017,0.6378400919685323,0.0033248427743840588,0.9573743885670492,0.048306020783085005
link_reg,4,prague,0.05,140.0,11,10.420341491699219,14.794662475585938,True,0.9769515136487613,0.979228185650204,0.880192953587449,0.0058269278452764695,1.0,0.020771814349796
link_reg,4,vienna,0.05,130.0,11,14.794662475585938,14.261184692382812,False,0.9447042260602861,0.8048118259295572,0.4538678130577972,0.005807376121879478,0.8478014933252885,0.10038464439248812
link_reg,4,vienna,0.05,140.0,11,14.794662475585938,14.261184692382812,False,0.9447042260602861,0.9233476632224652,0.7294793473615406,0.0160771299997486,1.0,0.07665233677753476
link_reg,4,amsterdam,0.1,130.0,11,8.107528686523438,10.477714538574219,True,0.924083185570521,0.8929531816954168,0.7151680973238296,0.014373113822379314,0.9432003663734896,0.07760776899681772
link_reg,4,amsterdam,0.1,140.0,11,8.107528686523438,10.477714538574219,True,0.924083185570521,0.960450451508355,0.9346399088763372,0.025599173311100412,1.0,0.03954954849164504
link_reg,4,barcelona,0.1,130.0,11,8.670761108398438,10.477714538574219,True,0.9212247934732413,0.8347016265585715,0.5955795576992149,0.007901893375750424,0.8445918210272462,0.07213043255169582
link_reg,4,barcelona,0.1,140.0,11,8.670761108398438,10.477714538574219,True,0.9212247934732413,0.9331802555287598,0.8335984401457233,0.02234593873467084,1.0,0.06681974447124019
link_reg,4,berlin,0.1,130.0,11,5.1480255126953125,10.477714538574219,True,0.9594614273072486,0.92165604382064,0.7447604538886338,0.0070458033223931085,0.9418973261792479,0.0446159533117516
link_reg,4,berlin,0.1,140.0,11,5.1480255126953125,10.477714538574219,True,0.9594614273072486,0.9796691048805349,0.9349075308323905,0.008524413876536019,0.9999887984048929,0.02031969352435787
link_reg,4,chicago,0.1,130.0,11,2.41461181640625,10.477714538574219,True,0.9835549724248355,0.9697006760362925,0.8115215264187867,0.0026352072584949295,0.9772949653086639,0.021759918164027753
link_reg,4,chicago,0.1,140.0,11,2.41461181640625,10.477714538574219,True,0.9835549724248355,0.9955746308486034,0.9718800035580858,0.002724159402241594,1.0,0.004425369151396548
link_reg,4,hamburg,0.1,130.0,11,2.734283447265625,10.477714538574219,True,0.9688487129511392,0.9524161569997984,0.8415776149830858,0.0054439142415484915,0.9766897416941103,0.033985258865963215
link_reg,4,hamburg,0.1,140.0,11,2.734283447265625,10.477714538574219,True,0.9688487129511392,0.9864126173353944,0.9731388758205076,0.008065058135627395,1.0,0.013587382664605597
link_reg,4,london,0.1,130.0,11,5.37347412109375,10.477714538574219,True,0.9549039272445468,0.9126455906821963,0.7075764137396576,0.006780935883117179,0.9212955576322568,0.04743236158913227
link_reg,4,london,0.1,140.0,11,5.37347412109375,10.477714538574219,True,0.9549039272445468,0.973548651790395,0.9111868347275089,0.01120278987076334,1.0,0.026451348209604996
link_reg,4,munich,0.1,130.0,11,8.76519775390625,10.477714538574219,True,0.9197252678296387,0.8802268137685542,0.7127976360255108,0.015402343438031239,0.9387100822599231,0.0825793791144223
link_reg,4,munich,0.1,140.0,11,8.76519775390625,10.477714538574219,True,0.9197252678296387,0.957124439525836,0.9300391333614759,0.023297470592933175,1.0,0.04287556047416399
link_reg,4,newyork,0.1,130.0,11,4.04327392578125,10.477714538574219,True,0.9708454810495627,0.9081576801492354,0.5732158216324297,0.0022675736961451248,0.9109167476514415,0.04685946628240787
link_reg,4,newyork,0.1,140.0,11,4.04327392578125,10.477714538574219,True,0.9708454810495627,0.9808429118773946,0.9005283558415156,0.007595813366397462,1.0,0.019157088122605363
link_reg,4,paris,0.1,130.0,11,9.89349365234375,10.477714538574219,True,0.906984848273651,0.818012015444446,0.564628315746923,0.012475432458426841,0.8420150262750729,0.09032491880514629
link_reg,4,paris,0.1,140.0,11,9.89349365234375,10.477714538574219,True,0.906984848273651,0.9254958810164341,0.828312959116823,0.029118635090115832,1.0,0.07450411898356589
link_reg,4,prague,0.1,130.0,11,6.153221130371094,10.477714538574219,True,0.9503865834141063,0.9283073732615017,0.7491490656628271,0.009298289114802877,0.9573743885670492,0.048306020783085005
link_reg,4,prague,0.1,140.0,11,6.153221130371094,10.477714538574219,True,0.9503865834141063,0.979228185650204,0.9514911074544102,0.010955075175258662,1.0,0.020771814349796
link_reg,4,vienna,0.1,130.0,11,10.477714538574219,9.89349365234375,False,0.8919350378359353,0.8048118259295572,0.5679412725947155,0.017686100007542047,0.8478014933252885,0.10038464439248812
link_reg,4,vienna,0.1,140.0,11,10.477714538574219,9.89349365234375,False,0.8919350378359353,0.9233476632224652,0.8505669105261835,0.03510822837318048,1.0,0.07665233677753476
median,0,amsterdam,0.05,130.0,11,23.330337524414062,27.513565063476562,True,0.9732617809039561,0.8929531816954168,0.0709261499078195,0.0031000833734543616,1.0,0.1070468183045832
median,0,amsterdam,0.05,140.0,11,23.330337524414062,27.513565063476562,True,0.9732617809039561,0.960450451508355,0.37323124977982364,0.006810789229558825,1.0,0.03954954849164504
median,0,barcelona,0.05,130.0,11,27.05597686767578,27.513565063476562,True,0.9536918261583457,0.8347016265585715,0.0811098568423213,0.0033608702344912517,1.0,0.1652983734414285
median,0,barcelona,0.05,140.0,11,27.05597686767578,27.513565063476562,True,0.9536918261583457,0.9331802555287598,0.42322592231515216,0.01602185848427318,1.0,0.06681974447124019
median,0,berlin,0.05,130.0,11,12.36614990234375,27.513565063476562,True,0.9973116171742856,0.92165604382064,0.037424529252965626,0.00011201595107143258,0.9480918082734981,0.06313219002385939
median,0,berlin,0.05,140.0,11,12.36614990234375,27.513565063476562,True,0.9973116171742856,0.9796691048805349,0.31609781232847556,0.0006160877308928792,1.0,0.020330895119465012
median,0,chicago,0.05,130.0,11,8.265480041503906,27.513565063476562,True,0.9984544565024017,0.9697006760362925,0.0,0.0,0.9226116349404021,0.029042874933285893
median,0,chicago,0.05,140.0,11,8.265480041503906,27.513565063476562,True,0.9984544565024017,0.9955746308486034,0.087506671410781,0.0004892367906066536,1.0,0.004425369151396548
median,0,hamburg,0.05,130.0,11,14.028976440429688,27.513565063476562,True,0.9952169724667876,0.9524161569997984,0.04639648721912315,0.00010081322669534243,0.9995631426843202,0.047583843000201624
median,0,hamburg,0.05,140.0,11,14.028976440429688,27.513565063476562,True,0.9952169724667876,0.9864126173353944,0.3200035844702825,0.0012321616596097408,1.0,0.013587382664605597
median,0,london,0.05,130.0,11,19.144737243652344,27.513565063476562,True,0.9882843662389169,0.9126455906821963,0.04829849793722791,0.0008205502245116587,0.9988945365030885,0.08695553073644383
median,0,london,0.05,140.0,11,19.144737243652344,27.513565063476562,True,0.9882843662389169,0.973548651790395,0.3733047660292207,0.003122649465502701,1.0,0.026451348209604996
median,0,munich,0.05,130.0,11,21.283599853515625,27.513565063476562,True,0.9833198325137765,0.8802268137685542,0.06959577405332634,0.000855685746557291,1.0,0.11977318623144588
median,0,munich,0.05,140.0,11,21.283599853515625,27.513565063476562,True,0.9833198325137765,0.957124439525836,0.3774144599482025,0.004894522470307704,1.0,0.04287556047416399
median,0,newyork,0.05,130.0,11,14.033882141113281,27.513565063476562,True,0.9973749762630832,0.9081576801492354,0.0,0.0,0.9463824938842532,0.09123912290696246
median,0,newyork,0.05,140.0,11,14.033882141113281,27.513565063476562,True,0.9973749762630832,0.9808429118773946,0.029322073657049027,0.00018989533415993655,1.0,0.019157088122605363
median,0,paris,0.05,130.0,11,27.513565063476562,27.05597686767578,False,0.9468922931099372,0.818012015444446,0.1048633278041845,0.004516245940257314,0.9847925175283311,0.17860080010036103
median,0,paris,0.05,140.0,11,27.513565063476562,27.05597686767578,False,0.9468922931099372,0.9254958810164341,0.45586205935239266,0.019807362596005074,1.0,0.07450411898356589
median,0,prague,0.05,130.0,11,17.518089294433594,27.513565063476562,True,0.991299055519239,0.9283073732615017,0.07164754412460834,0.0005184500597344634,1.0,0.0716926267384983
median,0,prague,0.05,140.0,11,17.518089294433594,27.513565063476562,True,0.991299055519239,0.979228185650204,0.372483826612267,0.0022203187340802018,1.0,0.020771814349796
median,0,vienna,0.05,130.0,11,27.00420379638672,27.513565063476562,True,0.9539683736832844,0.8048118259295572,0.08831736933403726,0.0034442014229328507,1.0,0.19518817407044273
median,0,vienna,0.05,140.0,11,27.00420379638672,27.513565063476562,True,0.9539683736832844,0.9233476632224652,0.43077657943032405,0.014493300148326923,1.0,0.07665233677753476
median,0,amsterdam,0.1,130.0,11,16.850494384765625,22.17510986328125,True,0.9422961753895654,0.8929531816954168,0.18795429725572166,0.008313859956082153,1.0,0.1070468183045832
median,0,amsterdam,0.1,140.0,11,16.850494384765625,22.17510986328125,True,0.9422961753895654,0.960450451508355,0.7113869350274193,0.023121455160347117,1.0,0.03954954849164504
median,0,barcelona,0.1,130.0,11,21.72154998779297,22.17510986328125,True,0.9053312124788342,0.8347016265585715,0.22186874647236904,0.017176355893067884,1.0,0.1652983734414285
median,0,barcelona,0.1,140.0,11,21.72154998779297,22.17510986328125,True,0.9053312124788342,0.9331802555287598,0.7240238083021191,0.036815639591564475,1.0,0.06681974447124019
median,0,berlin,0.1,130.0,11,7.5040283203125,22.17510986328125,True,0.9908034904170354,0.92165604382064,0.14605759860204093,0.0008849260134643173,0.9480918082734981,0.06313219002385939
median,0,berlin,0.1,140.0,11,7.5040283203125,22.17510986328125,True,0.9908034904170354,0.9796691048805349,0.5850145060656637,0.0016354328856429156,1.0,0.020330895119465012
median,0,chicago,0.1,130.0,11,2.5563888549804688,22.17510986328125,True,0.9957191780821918,0.9697006760362925,0.0,0.0,0.9226116349404021,0.029042874933285893
median,0,chicago,0.1,140.0,11,2.5563888549804688,22.17510986328125,True,0.9957191780821918,0.9955746308486034,0.3954033979718911,0.0016567336772816226,1.0,0.004425369151396548
median,0,hamburg,0.1,130.0,11,7.5353851318359375,22.17510986328125,True,0.9847884042386361,0.9524161569997984,0.14915876963057553,0.0014897954611645047,0.9995631426843202,0.047583843000201624
median,0,hamburg,0.1,140.0,11,7.5353851318359375,22.17510986328125,True,0.9847884042386361,0.9864126173353944,0.5895445482447297,0.004099737885610592,1.0,0.013587382664605597
median,0,london,0.1,130.0,11,13.597824096679688,22.17510986328125,True,0.9683518337018212,0.9126455906821963,0.17052629179677706,0.004968887470653933,0.9988945365030885,0.08695553073644383
median,0,london,0.1,140.0,11,13.597824096679688,22.17510986328125,True,0.9683518337018212,0.973548651790395,0.6853759715542589,0.009094431655004218,1.0,0.026451348209604996
median,0,munich,0.1,130.0,11,15.710807800292969,22.17510986328125,True,0.9563600269255782,0.8802268137685542,0.1886844116875264,0.0051341144793437465,1.0,0.11977318623144588
median,0,munich,0.1,140.0,11,15.710807800292969,22.17510986328125,True,0.9563600269255782,0.957124439525836,0.6447649146025625,0.01396479138381499,1.0,0.04287556047416399
median,0,newyork,0.1,130.0,11,9.026611328125,22.17510986328125,True,0.9883940439886957,0.9081576801492354,0.0,0.0,0.9463824938842532,0.09123912290696246
median,0,newyork,0.1,140.0,11,9.026611328125,22.17510986328125,True,0.9883940439886957,0.9808429118773946,0.3431632094545536,0.0040324832724551235,1.0,0.019157088122605363
median,0,paris,0.1,130.0,11,22.138145446777344,22.17510986328125,True,0.9003080525780237,0.818012015444446,0.24206520678552013,0.019166167184733972,0.9847925175283311,0.17860080010036103
median,0,paris,0.1,140.0,11,22.138145446777344,22.17510986328125,True,0.9003080525780237,0.9254958810164341,0.6861906023055157,0.03883413947394098,1.0,0.07450411898356589
median,0,prague,0.1,130.0,11,11.899978637695312,22.17510986328125,True,0.9752609156278881,0.9283073732615017,0.18544733223632306,0.002659874219507247,1.0,0.0716926267384983
median,0,prague,0.1,140.0,11,11.899978637695312,22.17510986328125,True,0.9752609156278881,0.979228185650204,0.6069021481865519,0.007021617113360233,1.0,0.020771814349796
median,0,vienna,0.1,130.0,11,22.17510986328125,22.138145446777344,False,0.8995022249038389,0.8048118259295572,0.23362747316288307,0.018603715715111747,1.0,0.19518817407044273
median,0,vienna,0.1,140.0,11,22.17510986328125,22.138145446777344,False,0.8995022249038389,0.9233476632224652,0.6799532393091485,0.03548533071875707,1.0,0.07665233677753476
oracle,0,amsterdam,0.05,130.0,11,18.451629638671875,18.76988983154297,True,0.9519487077114573,0.8929531816954168,0.4144365246186545,0.007480125412463744,0.9850162636949706,0.09816930682605479
oracle,0,amsterdam,0.05,140.0,11,18.451629638671875,18.76988983154297,True,0.9519487077114573,0.960450451508355,0.7981540412639886,0.01674514731267394,0.9997416597188789,0.03932643643067674
oracle,0,barcelona,0.05,130.0,11,18.409156799316406,18.76988983154297,True,0.9531402329519216,0.8347016265585715,0.37409564369644416,0.00455385089024578,0.9358612550669608,0.12820052337215865
oracle,0,barcelona,0.05,140.0,11,18.409156799316406,18.76988983154297,True,0.9531402329519216,0.9331802555287598,0.6559341166812048,0.01246857201498281,1.0,0.06681974447124019
oracle,0,berlin,0.05,130.0,11,11.824935913085938,18.76988983154297,True,0.9875438262408567,0.92165604382064,0.4341066167822298,0.0009633371792143201,0.9565602141744984,0.06192241775228793
oracle,0,berlin,0.05,140.0,11,11.824935913085938,18.76988983154297,True,0.9875438262408567,0.9796691048805349,0.7131271493060611,0.0024755525186786597,1.0,0.020330895119465012
oracle,0,chicago,0.05,130.0,11,6.0579681396484375,18.76988983154297,True,0.9962417719267034,0.9697006760362925,0.24720912648994842,0.00031133250311332503,0.9825097847358122,0.02548478918341932
oracle,0,chicago,0.05,140.0,11,6.0579681396484375,18.76988983154297,True,0.9962417719267034,0.9955746308486034,0.7567937199786515,0.0009451165273083081,1.0,0.004425369151396548
oracle,0,hamburg,0.05,130.0,11,12.373802185058594,18.76988983154297,True,0.9832313999596747,0.9524161569997984,0.6335103165535318,0.0020834733517037436,0.984855613056433,0.03933956135044918
oracle,0,hamburg,0.05,140.0,11,12.373802185058594,18.76988983154297,True,0.9832313999596747,0.9864126173353944,0.8895759123597016,0.0036628805699307748,0.9997535676680781,0.013475367968277438
oracle,0,london,0.05,130.0,11,13.061790466308594,18.76988983154297,True,0.9822100152713514,0.9126455906821963,0.4292845257903494,0.0011624461513915164,0.9732409454562031,0.07435096756547308
oracle,0,london,0.05,140.0,11,13.061790466308594,18.76988983154297,True,0.9822100152713514,0.973548651790395,0.742825883800971,0.00459280195108609,1.0,0.026451348209604996
oracle,0,munich,0.05,130.0,11,16.093955993652344,18.76988983154297,True,0.9670503941859006,0.8802268137685542,0.433421944346199,0.0049629773300322874,0.9519903250464923,0.09022350511700077
oracle,0,munich,0.05,140.0,11,16.093955993652344,18.76988983154297,True,0.9670503941859006,0.957124439525836,0.7376467501055346,0.008454175175986036,0.9982087645038734,0.0420198747276067
oracle,0,newyork,0.05,130.0,11,9.715965270996094,18.76988983154297,True,0.9934541961283693,0.9081576801492354,0.04922757280252002,0.00017872502038582264,0.9417803246093183,0.06934530790969919
oracle,0,newyork,0.05,140.0,11,9.715965270996094,18.76988983154297,True,0.9934541961283693,0.9808429118773946,0.5170849949175073,0.0015303329870536063,1.0,0.019157088122605363
oracle,0,paris,0.05,130.0,11,18.76988983154297,18.451629638671875,False,0.9475613665825678,0.818012015444446,0.3477369983691334,0.0060634783457158385,0.9093266054278586,0.1263991302044856
oracle,0,paris,0.05,140.0,11,18.76988983154297,18.451629638671875,False,0.9475613665825678,0.9254958810164341,0.6390348615157302,0.01646199523285151,0.998703670146778,0.07362596005073807
oracle,0,prague,0.05,130.0,11,14.449104309082031,18.76988983154297,True,0.9745283231521764,0.9283073732615017,0.39529562924058337,0.0032797601604941055,0.9835561165836395,0.0629015170299574
oracle,0,prague,0.05,140.0,11,14.449104309082031,18.76988983154297,True,0.9745283231521764,0.979228185650204,0.8264770191375695,0.006942722539052815,1.0,0.020771814349796
oracle,0,vienna,0.05,130.0,11,16.804771423339844,18.76988983154297,True,0.9650928928777937,0.8048118259295572,0.22691505141161977,0.0027151368881514443,0.8758956180707445,0.12182919777761017
oracle,0,vienna,0.05,140.0,11,16.804771423339844,18.76988983154297,True,0.9650928928777937,0.9233476632224652,0.5361389747844232,0.008233401211755536,0.992596223948513,0.07221509917791688
oracle,0,amsterdam,0.1,130.0,11,12.399040222167969,13.453125,True,0.9102384950504351,0.8929531816954168,0.6140865909651358,0.022252492396575816,0.9850162636949706,0.09816930682605479
oracle,0,amsterdam,0.1,140.0,11,12.399040222167969,13.453125,True,0.9102384950504351,0.960450451508355,0.9457015700043448,0.029850045209549196,0.9997416597188789,0.03932643643067674
oracle,0,barcelona,0.1,130.0,11,13.398307800292969,13.453125,True,0.9007003950946688,0.8347016265585715,0.5072861614243932,0.014854533326491868,0.9358612550669608,0.12820052337215865
oracle,0,barcelona,0.1,140.0,11,13.398307800292969,13.453125,True,0.9007003950946688,0.9331802555287598,0.8392426496998306,0.03346759710605983,1.0,0.06681974447124019
oracle,0,berlin,0.1,130.0,11,7.55865478515625,13.453125,True,0.9624970595812844,0.92165604382064,0.5853841587041995,0.0044022268771073,0.9565602141744984,0.06192241775228793
oracle,0,berlin,0.1,140.0,11,7.55865478515625,13.453125,True,0.9624970595812844,0.9796691048805349,0.8725818556562455,0.007885922955428852,1.0,0.020330895119465012
oracle,0,chicago,0.1,130.0,11,1.825897216796875,13.453125,True,0.9884251022949653,0.9697006760362925,0.5364926169720691,0.0020014232342999466,0.9825097847358122,0.02548478918341932
oracle,0,chicago,0.1,140.0,11,1.825897216796875,13.453125,True,0.9884251022949653,0.9955746308486034,0.9347647215797901,0.002446183953033268,1.0,0.004425369151396548
oracle,0,hamburg,0.1,130.0,11,7.533599853515625,13.453125,True,0.9582185182695969,0.9524161569997984,0.7913166207406411,0.008255483119385263,0.984855613056433,0.03933956135044918
oracle,0,hamburg,0.1,140.0,11,7.533599853515625,13.453125,True,0.9582185182695969,0.9864126173353944,0.9619038017787934,0.00794184196966642,0.9997535676680781,0.013475367968277438
oracle,0,london,0.1,130.0,11,8.385887145996094,13.453125,True,0.9529209308686436,0.9126455906821963,0.5833884165659973,0.006005971782189501,0.9732409454562031,0.07435096756547308
oracle,0,london,0.1,140.0,11,8.385887145996094,13.453125,True,0.9529209308686436,0.973548651790395,0.9104232671574772,0.013299751555626467,1.0,0.026451348209604996
oracle,0,munich,0.1,130.0,11,11.128562927246094,13.453125,True,0.926890209814145,0.8802268137685542,0.5966753756460428,0.013246015356706865,0.9519903250464923,0.09022350511700077
oracle,0,munich,0.1,140.0,11,11.128562927246094,13.453125,True,0.926890209814145,0.957124439525836,0.8914420016200983,0.020342502481488663,0.9982087645038734,0.0420198747276067
oracle,0,newyork,0.1,130.0,11,5.5514984130859375,13.453125,True,0.9756933972275281,0.9081576801492354,0.24101068999028183,0.002356936206338036,0.9417803246093183,0.06934530790969919
oracle,0,newyork,0.1,140.0,11,5.5514984130859375,13.453125,True,0.9756933972275281,0.9808429118773946,0.8245255409224446,0.006746869519564804,1.0,0.019157088122605363
oracle,0,paris,0.1,130.0,11,13.453125,13.398307800292969,False,0.8994717107372353,0.818012015444446,0.4619673547901479,0.01781408120879274,0.9093266054278586,0.1263991302044856
oracle,0,paris,0.1,140.0,11,13.453125,13.398307800292969,False,0.8994717107372353,0.9254958810164341,0.8223609930165456,0.03516817440515187,0.998703670146778,0.07362596005073807
oracle,0,prague,0.1,130.0,11,9.515846252441406,13.453125,True,0.9418997813493226,0.9283073732615017,0.6261186123571445,0.013017604760724028,0.9835561165836395,0.0629015170299574
oracle,0,prague,0.1,140.0,11,9.515846252441406,13.453125,True,0.9418997813493226,0.979228185650204,0.9515023781078827,0.013254288483646282,1.0,0.020771814349796
oracle,0,vienna,0.1,130.0,11,12.118751525878906,13.453125,True,0.9159187470146064,0.8048118259295572,0.3715840812529854,0.010470875128843302,0.8758956180707445,0.12182919777761017
oracle,0,vienna,0.1,140.0,11,12.118751525878906,13.453125,True,0.9159187470146064,0.9233476632224652,0.7514644141086557,0.026824546848681397,0.992596223948513,0.07221509917791688
ridge,0,amsterdam,0.05,130.0,11,20.57354736328125,22.64952850341797,True,0.9628577132188024,0.8929531816954168,0.2814734790215949,0.004297842858652638,1.0,0.1070468183045832
ridge,0,amsterdam,0.05,140.0,11,20.57354736328125,22.64952850341797,True,0.9628577132188024,0.960450451508355,0.6778379267018166,0.010063528223675712,1.0,0.03954954849164504
ridge,0,barcelona,0.05,130.0,11,20.019683837890625,22.64952850341797,True,0.9692134024321412,0.8347016265585715,0.21861049822977063,0.0029888655138796245,0.9775642670224229,0.15651136538560215
ridge,0,barcelona,0.05,140.0,11,20.019683837890625,22.64952850341797,True,0.9692134024321412,0.9331802555287598,0.5309405305556981,0.007311816922366463,1.0,0.06681974447124019
ridge,0,berlin,0.05,130.0,11,12.127204895019531,22.64952850341797,True,0.9926629552048212,0.92165604382064,0.27369977484793834,0.0008737244183571741,0.9444512898636765,0.056747280812787744
ridge,0,berlin,0.05,140.0,11,12.127204895019531,22.64952850341797,True,0.9926629552048212,0.9796691048805349,0.594188612458414,0.0017250456465000615,1.0,0.020330895119465012
ridge,0,chicago,0.05,130.0,11,7.806976318359375,22.64952850341797,True,0.9965642234477851,0.9697006760362925,0.1331502401707881,0.00031133250311332503,0.9635073830279309,0.026274239459170966
ridge,0,chicago,0.05,140.0,11,7.806976318359375,22.64952850341797,True,0.9965642234477851,0.9955746308486034,0.5660580857498666,0.0009228784913716421,0.9980430528375733,0.004336417007649885
ridge,0,hamburg,0.05,130.0,11,13.45465087890625,22.64952850341797,True,0.9885408965656294,0.9524161569997984,0.3384748078947958,0.0008625131617268185,1.0,0.047583843000201624
ridge,0,hamburg,0.05,140.0,11,13.45465087890625,22.64952850341797,True,0.9885408965656294,0.9864126173353944,0.7782557071487779,0.00271075565114143,1.0,0.013587382664605597
ridge,0,london,0.05,130.0,11,13.630058288574219,22.64952850341797,True,0.9902217764912361,0.9126455906821963,0.22876256467531284,0.0007749641009276776,0.9627561370318874,0.07365577918081737
ridge,0,london,0.05,140.0,11,13.630058288574219,22.64952850341797,True,0.9902217764912361,0.973548651790395,0.5876393225902036,0.002678184760558886,1.0,0.026451348209604996
ridge,0,munich,0.05,130.0,11,19.50788116455078,22.64952850341797,True,0.9708610480439024,0.8802268137685542,0.2773790916040115,0.002247601227623818,0.9998288628506885,0.11965909479857158
ridge,0,munich,0.05,140.0,11,19.50788116455078,22.64952850341797,True,0.9708610480439024,0.957124439525836,0.6649590982213146,0.008283038026674577,1.0,0.04287556047416399
ridge,0,newyork,0.05,130.0,11,9.915611267089844,22.64952850341797,True,0.9954090010388392,0.9081576801492354,0.01600705963830524,6.702188264468349e-05,0.8791036940227651,0.07237246294248405
ridge,0,newyork,0.05,140.0,11,9.915611267089844,22.64952850341797,True,0.9954090010388392,0.9808429118773946,0.16295253733677378,0.0008266032192844297,0.9972632731253421,0.019157088122605363
ridge,0,paris,0.05,130.0,11,20.264572143554688,22.64952850341797,True,0.9675499365774104,0.818012015444446,0.2082073012642701,0.0035405137926708577,0.939699753279157,0.15836132755328194
ridge,0,paris,0.05,140.0,11,20.264572143554688,22.64952850341797,True,0.9675499365774104,0.9254958810164341,0.49707977307258056,0.00886522351235695,1.0,0.07450411898356589
ridge,0,prague,0.05,130.0,11,15.764350891113281,22.64952850341797,True,0.983082749137795,0.9283073732615017,0.2159457205328765,0.0016905980208732501,0.9988842053062237,0.07135450713432365
ridge,0,prague,0.05,140.0,11,15.764350891113281,22.64952850341797,True,0.983082749137795,0.979228185650204,0.6447039199332777,0.004914004914004914,1.0,0.020771814349796
ridge,0,vienna,0.05,130.0,11,22.64952850341797,20.57354736328125,False,0.9293938708298766,0.8048118259295572,0.24130779093445962,0.004927470648867436,0.996782059984413,0.19334037257711742
ridge,0,vienna,0.05,140.0,11,22.64952850341797,20.57354736328125,False,0.9293938708298766,0.9233476632224652,0.6569625663071624,0.02184679588707042,1.0,0.07665233677753476
ridge,0,amsterdam,0.1,130.0,11,14.575775146484375,18.01886749267578,True,0.9298488709355441,0.8929531816954168,0.4321328338754565,0.010885520027243157,1.0,0.1070468183045832
ridge,0,amsterdam,0.1,140.0,11,14.575775146484375,18.01886749267578,True,0.9298488709355441,0.960450451508355,0.8898883265421154,0.02578705715191583,1.0,0.03954954849164504
ridge,0,barcelona,0.1,130.0,11,15.059814453125,18.01886749267578,True,0.9314998204115141,0.8347016265585715,0.35137770024116166,0.007966032120683463,0.9775642670224229,0.15651136538560215
ridge,0,barcelona,0.1,140.0,11,15.059814453125,18.01886749267578,True,0.9314998204115141,0.9331802555287598,0.7202781055980296,0.02140951305864847,1.0,0.06681974447124019
ridge,0,berlin,0.1,130.0,11,7.682518005371094,18.01886749267578,True,0.9823910924915707,0.92165604382064,0.41166982178262185,0.0024755525186786597,0.9444512898636765,0.056747280812787744
ridge,0,berlin,0.1,140.0,11,7.682518005371094,18.01886749267578,True,0.9823910924915707,0.9796691048805349,0.7354295251643834,0.0036405184098215588,1.0,0.020330895119465012
ridge,0,chicago,0.1,130.0,11,3.23516845703125,18.01886749267578,True,0.9916607365237502,0.9697006760362925,0.27644102472869597,0.0016567336772816226,0.9635073830279309,0.026274239459170966
ridge,0,chicago,0.1,140.0,11,3.23516845703125,18.01886749267578,True,0.9916607365237502,0.9955746308486034,0.7882049457391923,0.002145970467888276,0.9980430528375733,0.004336417007649885
ridge,0,hamburg,0.1,130.0,11,7.701637268066406,18.01886749267578,True,0.9735757331361875,0.9524161569997984,0.5345229294083383,0.00346125411654009,1.0,0.047583843000201624
ridge,0,hamburg,0.1,140.0,11,7.701637268066406,18.01886749267578,True,0.9735757331361875,0.9864126173353944,0.9244460873266572,0.007336962609494365,1.0,0.013587382664605597
ridge,0,london,0.1,130.0,11,8.368560791015625,18.01886749267578,True,0.9756114238825702,0.9126455906821963,0.3900462699154377,0.0027123743532468715,0.9627561370318874,0.07365577918081737
ridge,0,london,0.1,140.0,11,8.368560791015625,18.01886749267578,True,0.9756114238825702,0.973548651790395,0.7552481024776058,0.0065188156725092886,1.0,0.026451348209604996
ridge,0,munich,0.1,130.0,11,14.271293640136719,18.01886749267578,True,0.9382080799552761,0.8802268137685542,0.44220698467752056,0.007997809444488814,0.9998288628506885,0.11965909479857158
ridge,0,munich,0.1,140.0,11,14.271293640136719,18.01886749267578,True,0.9382080799552761,0.957124439525836,0.8568152517427466,0.019908955036566305,1.0,0.04287556047416399
ridge,0,newyork,0.1,130.0,11,4.71917724609375,18.01886749267578,True,0.9872658422975101,0.9081576801492354,0.05647710644191995,0.0003127687856751896,0.8791036940227651,0.07237246294248405
ridge,0,newyork,0.1,140.0,11,4.71917724609375,18.01886749267578,True,0.9872658422975101,0.9808429118773946,0.41119042033890735,0.004311741116807971,0.9972632731253421,0.019157088122605363
ridge,0,paris,0.1,130.0,11,15.262222290039062,18.01886749267578,True,0.9298727366498933,0.818012015444446,0.3402517388940773,0.010119736273539537,0.939699753279157,0.15836132755328194
ridge,0,paris,0.1,140.0,11,15.262222290039062,18.01886749267578,True,0.9298727366498933,0.9254958810164341,0.6689619603852748,0.021284899848064566,1.0,0.07450411898356589
ridge,0,prague,0.1,130.0,11,10.375091552734375,18.01886749267578,True,0.9639451795415098,0.9283073732615017,0.36660054549962806,0.005545161508464261,0.9988842053062237,0.07135450713432365
ridge,0,prague,0.1,140.0,11,10.375091552734375,18.01886749267578,True,0.9639451795415098,0.979228185650204,0.8768906521200099,0.010447895768996686,1.0,0.020771814349796
ridge,0,vienna,0.1,130.0,11,18.01886749267578,15.262222290039062,False,0.8624204942554743,0.8048118259295572,0.4308394298212535,0.023254644643889686,0.996782059984413,0.19334037257711742
ridge,0,vienna,0.1,140.0,11,18.01886749267578,15.262222290039062,False,0.8624204942554743,0.9233476632224652,0.903361238906906,0.053259421273600324,1.0,0.07665233677753476
uma_nlos,0,amsterdam,0.05,130.0,11,17.02422332763672,20.438751220703125,True,0.9687055977641823,0.8929531816954168,0.14312051574114304,0.006352822367571249,0.8525111849598985,0.08540494839065747
uma_nlos,0,amsterdam,0.05,140.0,11,17.02422332763672,20.438751220703125,True,0.9687055977641823,0.960450451508355,0.40294038210876126,0.00793809227445132,1.0,0.03954954849164504
uma_nlos,0,barcelona,0.05,130.0,11,19.99329376220703,20.438751220703125,True,0.952704089486377,0.8347016265585715,0.14408127661757913,0.007837754630817383,0.8319949715223972,0.12006773051464929
uma_nlos,0,barcelona,0.05,140.0,11,19.99329376220703,20.438751220703125,True,0.952704089486377,0.9331802555287598,0.4177613012468572,0.015637026014674944,0.9993201293037098,0.06679408897326697
uma_nlos,0,berlin,0.05,130.0,11,4.8675537109375,20.438751220703125,True,0.9969419645357499,0.92165604382064,0.10965241450382535,0.0005600797553571629,0.6949357588520605,0.019210735608750685
uma_nlos,0,berlin,0.05,140.0,11,4.8675537109375,20.438751220703125,True,0.9969419645357499,0.9796691048805349,0.35591948293436987,0.000739305277071455,0.895847568693782,0.011672062101643274
uma_nlos,0,chicago,0.05,130.0,11,1.26934814453125,20.438751220703125,True,0.9982543141789717,0.9697006760362925,0.0,0.0,0.5419186977406155,0.017957214018857855
uma_nlos,0,chicago,0.05,140.0,11,1.26934814453125,20.438751220703125,True,0.9982543141789717,0.9955746308486034,0.15089619284824765,0.0007004981320049813,0.8538849848781356,0.0041585127201565555
uma_nlos,0,hamburg,0.05,130.0,11,8.712684631347656,20.438751220703125,True,0.9922933888926228,0.9524161569997984,0.12736070972511593,0.00128816900777382,0.7532764298675986,0.03205860608911889
uma_nlos,0,hamburg,0.05,140.0,11,8.712684631347656,20.438751220703125,True,0.9922933888926228,0.9864126173353944,0.3833702981831216,0.0015121984004301365,0.9847547998297377,0.013587382664605597
uma_nlos,0,london,0.05,130.0,11,12.385276794433594,20.438751220703125,True,0.985549198823878,0.9126455906821963,0.10677409796457958,0.0026439951678709,0.8203564834864268,0.053039454789961936
uma_nlos,0,london,0.05,140.0,11,12.385276794433594,20.438751220703125,True,0.985549198823878,0.973548651790395,0.3860005014473594,0.0033277870216306157,0.9819706881225355,0.02346545711485424
uma_nlos,0,munich,0.05,130.0,11,13.938400268554688,20.438751220703125,True,0.9813916872982008,0.8802268137685542,0.13712649317162776,0.002863694965145067,0.7451881938185262,0.06777031112733745
uma_nlos,0,munich,0.05,140.0,11,13.938400268554688,20.438751220703125,True,0.9813916872982008,0.957124439525836,0.39571472578124106,0.005453570491391801,0.9876438978197127,0.04027427580462983
uma_nlos,0,newyork,0.05,130.0,11,4.497283935546875,20.438751220703125,True,0.9983467935614312,0.9081576801492354,0.0,0.0,0.51049450979078,0.036873205768350036
uma_nlos,0,newyork,0.05,140.0,11,4.497283935546875,20.438751220703125,True,0.9983467935614312,0.9808429118773946,0.03611362443171029,0.00021223596170816437,0.8677993364833618,0.017570903566681187
uma_nlos,0,paris,0.05,130.0,11,20.438751220703125,19.99329376220703,False,0.9468225979565381,0.818012015444446,0.16268242706402197,0.009534296984987664,0.7601929161846085,0.11552668627423648
uma_nlos,0,paris,0.05,140.0,11,20.438751220703125,19.99329376220703,False,0.9468225979565381,0.9254958810164341,0.4331553783749878,0.01789771539287158,0.946042012238469,0.07060119039322006
uma_nlos,0,prague,0.05,130.0,11,11.096649169921875,20.438751220703125,True,0.9890336541712689,0.9283073732615017,0.13064941505308478,0.001318666456281135,0.7063656650812614,0.03889502513355724
uma_nlos,0,prague,0.05,140.0,11,11.096649169921875,20.438751220703125,True,0.9890336541712689,0.979228185650204,0.3832360300250208,0.0024006491896400154,0.9965173680770011,0.020568942587291212
uma_nlos,0,vienna,0.05,130.0,11,19.68535614013672,20.438751220703125,True,0.9549739799381552,0.8048118259295572,0.1478995399351384,0.008761344495562762,0.7526962817708727,0.1241043819292556
uma_nlos,0,vienna,0.05,140.0,11,19.68535614013672,20.438751220703125,True,0.9549739799381552,0.9233476632224652,0.4152776730271262,0.01378937576991729,0.989604545340272,0.07430173215677402
uma_nlos,0,amsterdam,0.1,130.0,11,10.586837768554688,14.574996948242188,True,0.9332190373301706,0.8929531816954168,0.26958982609001986,0.013962117920595592,0.8525111849598985,0.08540494839065747
uma_nlos,0,amsterdam,0.1,140.0,11,10.586837768554688,14.574996948242188,True,0.9332190373301706,0.960450451508355,0.6579574677955354,0.02037365398842166,1.0,0.03954954849164504
uma_nlos,0,barcelona,0.1,130.0,11,14.325386047363281,14.574996948242188,True,0.9028169736774591,0.8347016265585715,0.2836856688388322,0.025437426240443328,0.8319949715223972,0.12006773051464929
uma_nlos,0,barcelona,0.1,140.0,11,14.325386047363281,14.574996948242188,True,0.9028169736774591,0.9331802555287598,0.6475575965929499,0.02992713838575607,0.9993201293037098,0.06679408897326697
uma_nlos,0,berlin,0.1,130.0,11,-0.0431976318359375,14.574996948242188,True,0.9891008479607496,0.92165604382064,0.23466221589954409,0.0018930695731072104,0.6949357588520605,0.019210735608750685
uma_nlos,0,berlin,0.1,140.0,11,-0.0431976318359375,14.574996948242188,True,0.9891008479607496,0.9796691048805349,0.5613231324140557,0.0015010137443571964,0.895847568693782,0.011672062101643274
uma_nlos,0,chicago,0.1,130.0,11,-4.904266357421875,14.574996948242188,True,0.9944849670877068,0.9697006760362925,0.03397971891122576,0.0009784735812133072,0.5419186977406155,0.017957214018857855
uma_nlos,0,chicago,0.1,140.0,11,-4.904266357421875,14.574996948242188,True,0.9944849670877068,0.9955746308486034,0.3925902864259029,0.0016344956413449564,0.8538849848781356,0.0041585127201565555
uma_nlos,0,hamburg,0.1,130.0,11,2.431610107421875,14.574996948242188,True,0.9782915518516029,0.9524161569997984,0.25854112059502204,0.003830902614423012,0.7532764298675986,0.03205860608911889
uma_nlos,0,hamburg,0.1,140.0,11,2.431610107421875,14.574996948242188,True,0.9782915518516029,0.9864126173353944,0.5902838452404956,0.004122140824876224,0.9847547998297377,0.013587382664605597
uma_nlos,0,london,0.1,130.0,11,6.5089569091796875,14.574996948242188,True,0.9630410503042873,0.9126455906821963,0.24707678982517722,0.0081713126524286,0.8203564834864268,0.053039454789961936
uma_nlos,0,london,0.1,140.0,11,6.5089569091796875,14.574996948242188,True,0.9630410503042873,0.973548651790395,0.6257265288446197,0.0076014861076288374,0.9819706881225355,0.02346545711485424
uma_nlos,0,munich,0.1,130.0,11,8.325042724609375,14.574996948242188,True,0.9542036988442538,0.8802268137685542,0.270556423918128,0.009469588928567354,0.7451881938185262,0.06777031112733745
uma_nlos,0,munich,0.1,140.0,11,8.325042724609375,14.574996948242188,True,0.9542036988442538,0.957124439525836,0.6004403929308948,0.011979600451802075,0.9876438978197127,0.04027427580462983
uma_nlos,0,newyork,0.1,130.0,11,-0.6497116088867188,14.574996948242188,True,0.9920355662790568,0.9081576801492354,0.0,0.0,0.51049450979078,0.036873205768350036
uma_nlos,0,newyork,0.1,140.0,11,-0.6497116088867188,14.574996948242188,True,0.9920355662790568,0.9808429118773946,0.24937725500709315,0.002770237815980251,0.8677993364833618,0.017570903566681187
uma_nlos,0,paris,0.1,130.0,11,14.574996948242188,14.325386047363281,False,0.897339039043225,0.818012015444446,0.30138972135877673,0.027501707531258277,0.7601929161846085,0.11552668627423648
uma_nlos,0,paris,0.1,140.0,11,14.574996948242188,14.325386047363281,False,0.897339039043225,0.9254958810164341,0.6219316708716076,0.03271490500550592,0.946042012238469,0.07060119039322006
uma_nlos,0,prague,0.1,130.0,11,5.420806884765625,14.574996948242188,True,0.9704483465951356,0.9283073732615017,0.2541645064580844,0.005567702815409237,0.7063656650812614,0.03889502513355724
uma_nlos,0,prague,0.1,140.0,11,5.420806884765625,14.574996948242188,True,0.9704483465951356,0.979228185650204,0.5628789757230124,0.005748033270969051,0.9965173680770011,0.020568942587291212
uma_nlos,0,vienna,0.1,130.0,11,14.300239562988281,14.574996948242188,True,0.9031726877341177,0.8048118259295572,0.2890992281971994,0.02593207129748347,0.7526962817708727,0.1241043819292556
uma_nlos,0,vienna,0.1,140.0,11,14.300239562988281,14.574996948242188,True,0.9031726877341177,0.9233476632224652,0.6018553435402368,0.026950247630540262,0.989604545340272,0.07430173215677402
