fold,operator,seed,draw,sites,pl_rmse_db,pl_bias_db,assoc_acc,cov_true_120,cov_acc_120,cov_err_120,cov_true_130,cov_acc_130,cov_err_130,cov_true_140,cov_acc_140,cov_err_140,sinr_mae_db,sinr_ks,se_true,se_err,edge_disp_m,handover_err
amsterdam,oracle,0,0,20,11.271819555998684,-5.09389108987618e-05,0.5630056717434446,0.784508977324769,0.7860825044915981,-0.030096642750619407,0.8929531816954168,0.8957244683474442,0.09206308199955382,0.960450451508355,0.9606383353491704,0.0392912082105239,7.8133824614109635,0.23395061003534567,1.6403155978739785,-0.6462332985079352,66.75072182982188,-0.9224317916416009
amsterdam,oracle,0,0,10,11.196373840660216,1.152228369604386,0.5874775420096525,0.7007245270611444,0.7547528740356275,-0.07495390974529992,0.826641928627626,0.841426038351789,0.11216665296680328,0.9046606935262274,0.9050951749081131,0.0944586009699504,8.746892559551393,0.16261346422574247,1.7976486732473154,-0.4939320030335359,96.69258405674736,-0.9471661139583961
amsterdam,coral,0,0,20,12.440045929453568,2.003270223025543,0.5630761281837504,0.784508977324769,0.7096959804600805,-0.1285360325978464,0.8929531816954168,0.8879977453939102,0.09708897474136613,0.960450451508355,0.9595227750443288,0.03852793010721123,8.078999633599068,0.2880259279700325,1.6403155978739785,-0.76390435581858,67.45730534527266,-0.9228564351180155
amsterdam,coral,0,0,10,12.493024935070755,3.073215511321131,0.5875479984499583,0.7007245270611444,0.6808910391150671,-0.1934146713794196,0.826641928627626,0.828544252515882,0.09282636010286638,0.9046606935262274,0.9037565025423032,0.09431768808933882,8.929473541347564,0.21414060756937026,1.7976486732473154,-0.6413630503873544,98.8725307761562,-0.9476183298160988
amsterdam,cost231,0,0,20,23.659899961324413,19.53490247863,0.5630761281837504,0.784508977324769,0.3675947345553611,-0.5857865874423138,0.8929531816954168,0.6035181249192687,-0.2906797872215503,0.960450451508355,0.9549431064244531,0.03150577155673506,7.352262685373536,0.16121607815967776,1.6403155978739785,-0.44575146031683577,67.45730534527266,-0.9228564351180155
amsterdam,cost231,0,0,10,24.499074790094948,20.613168812510096,0.5875479984499583,0.7007245270611444,0.36714851043342456,-0.6021794525534587,0.826641928627626,0.49708192909733556,-0.4373466104580843,0.9046606935262274,0.8669664979626346,0.005460374123698042,8.699139213654927,0.16746321586679042,1.7976486732473154,-0.49057654065860445,98.8725307761562,-0.9476183298160988
amsterdam,encoder,0,0,20,12.167710313281908,-0.8682832927561839,0.5630761281837504,0.784508977324769,0.7630432485116077,0.05649432238518537,0.8929531816954168,0.8929531816954168,0.10704681830458318,0.960450451508355,0.960450451508355,0.03954954849164505,7.783972687572395,0.23703895066874903,1.6403155978739785,-0.6659222561951293,67.45730534527266,-0.9228564351180155
amsterdam,encoder,0,0,10,11.987713469789469,0.23045870589313916,0.5875479984499583,0.7007245270611444,0.7356709214528118,-0.021136932091734284,0.826641928627626,0.8276635470120598,0.16914242769407817,0.9046606935262274,0.9046606935262274,0.09533930647377264,8.763446576411772,0.1694712244155051,1.7976486732473154,-0.5246452929562713,98.8725307761562,-0.9476183298160988
amsterdam,encoder,1,0,20,12.175260032613343,-1.167737751472407,0.5630761281837504,0.784508977324769,0.7691729588182107,0.08777698188095207,0.8929531816954168,0.8929531816954168,0.10704681830458318,0.960450451508355,0.960450451508355,0.03954954849164505,7.809955604141645,0.24111368146643342,1.6403155978739785,-0.6720615405669613,67.45730534527266,-0.9228564351180155
amsterdam,encoder,1,0,10,11.980399417267986,-0.08936362900020328,0.5875479984499583,0.7007245270611444,0.742364283281861,0.015101163705539045,0.826641928627626,0.8268298124684413,0.17220728284737963,0.9046606935262274,0.9046606935262274,0.09533930647377264,8.778983021237448,0.1740743785154828,1.7976486732473154,-0.5301454249061834,98.8725307761562,-0.9476183298160988
amsterdam,encoder,2,0,20,12.143674771933169,0.031394210037677416,0.5630761281837504,0.784508977324769,0.758451837151681,0.031282659495766696,0.8929531816954168,0.8929531816954168,0.10704681830458318,0.960450451508355,0.960450451508355,0.03954954849164505,7.731889839540673,0.22908911565424672,1.6403155978739785,-0.6478583831627237,67.45730534527266,-0.9228564351180155
amsterdam,encoder,2,0,10,12.05692289321922,1.1267173894359264,0.5875479984499583,0.7007245270611444,0.7301048626686552,-0.04791037940793097,0.826641928627626,0.8282741694947099,0.16599537336041992,0.9046606935262274,0.9046606935262274,0.09533930647377264,8.736310726717551,0.1637877382308387,1.7976486732473154,-0.5064476943003842,98.8725307761562,-0.9476183298160988
amsterdam,encoder,3,0,20,12.215680071568642,-0.3332722659364006,0.5630761281837504,0.784508977324769,0.7574067332871453,0.01964560410526195,0.8929531816954168,0.8929531816954168,0.10704681830458318,0.960450451508355,0.960450451508355,0.03954954849164505,7.781871513161162,0.23553587994222575,1.6403155978739785,-0.660959852582269,67.45730534527266,-0.9228564351180155
amsterdam,encoder,3,0,10,12.078397025051679,0.7586295747879567,0.5875479984499583,0.7007245270611444,0.7308681407719677,-0.049566105755116885,0.826641928627626,0.8293897297995514,0.1569182353010251,0.9046606935262274,0.9046606935262274,0.09533930647377264,8.764003678372331,0.16927159783463874,1.7976486732473154,-0.5202928776043174,98.8725307761562,-0.9476183298160988
amsterdam,encoder,4,0,20,12.166435641004375,-0.2911800844710933,0.5630761281837504,0.784508977324769,0.7595908829366245,0.04198029568219441,0.8929531816954168,0.8929531816954168,0.10704681830458318,0.960450451508355,0.960450451508355,0.03954954849164505,7.728637274799956,0.22708110710553203,1.6403155978739785,-0.6461657111190408,67.45730534527266,-0.9228564351180155
amsterdam,encoder,4,0,10,12.045099224359944,0.8068820161030764,0.5875479984499583,0.7007245270611444,0.7310090536525793,-0.03516950645263561,0.826641928627626,0.8275108913913972,0.167251846545873,0.9046606935262274,0.9046606935262274,0.09533930647377264,8.733876008233377,0.16282483354665978,1.7976486732473154,-0.5039432066467613,98.8725307761562,-0.9476183298160988
amsterdam,gbdt,0,0,20,12.084032135374606,-0.12356636120439865,0.5630761281837504,0.784508977324769,0.7657440787233293,0.04468112589391604,0.8929531816954168,0.8929414389553658,0.10703507556453218,0.960450451508355,0.960450451508355,0.03954954849164505,7.754909354674331,0.23976326636057255,1.6403155978739785,-0.6680057620945677,67.45730534527266,-0.9228564351180155
amsterdam,gbdt,0,0,10,11.981676143936284,0.9752621787837806,0.5875479984499583,0.7007245270611444,0.7322772695780834,-0.03608544017661075,0.826641928627626,0.8298242111814371,0.16313014478798482,0.9046606935262274,0.9046606935262274,0.09533930647377264,8.711715267442555,0.1728883617703355,1.7976486732473154,-0.5316030626954031,98.8725307761562,-0.9476183298160988
amsterdam,gbdt+k10,0,0,20,12.518205449991562,3.2029390674387885,0.5630761281837504,0.784508977324769,0.6935966838502096,-0.17464977277798,0.8929531816954168,0.8896417290010451,0.09762914078371043,0.960450451508355,0.960450451508355,0.03954954849164505,8.03395772751674,0.28519592761775037,1.6403155978739785,-0.7574699903813276,67.45730534527266,-0.9228564351180155
amsterdam,gbdt+k10,0,1,20,12.05596299354307,-0.35185844949488426,0.5630761281837504,0.784508977324769,0.768738477436325,0.05089303538087575,0.8929531816954168,0.8933994058173534,0.10653013774234077,0.960450451508355,0.960450451508355,0.03954954849164505,7.808647682751534,0.23500745663993233,1.6403155978739785,-0.6579098620940539,67.45730534527266,-0.9228564351180155
amsterdam,gbdt+k10,0,2,20,12.241636139071364,1.768694264783427,0.5630761281837504,0.784508977324769,0.761962916426919,0.03329066804448144,0.8929531816954168,0.8925187003135312,0.10611914184055704,0.960450451508355,0.960450451508355,0.03954954849164505,7.455355929488454,0.13282213271644805,1.6403155978739785,-0.41361517482797483,67.45730534527266,-0.9228564351180155
amsterdam,gbdt+k10,0,3,20,12.343618695835831,2.4909286020233883,0.5630761281837504,0.784508977324769,0.7441491797696075,-0.023720334902946227,0.8929531816954168,0.8925187003135312,0.10564943223851853,0.960450451508355,0.960450451508355,0.03954954849164505,7.5437913976325595,0.19327375849880807,1.6403155978739785,-0.5680057256762971,67.45730534527266,-0.9228564351180155
amsterdam,gbdt+k10,0,4,20,12.054768426600827,-0.021920346504665178,0.5630761281837504,0.784508977324769,0.7718737890299322,0.07145457321011284,0.8929531816954168,0.8929531816954168,0.10704681830458318,0.960450451508355,0.960450451508355,0.03954954849164505,7.594489161778024,0.17339329959252692,1.6403155978739785,-0.5214167400283312,67.45730534527266,-0.9228564351180155
amsterdam,gbdt+k10,0,5,20,12.083142410981702,-0.12198247973778575,0.5630761281837504,0.784508977324769,0.7736939137378316,0.08494698152866986,0.8929531816954168,0.8929531816954168,0.10704681830458318,0.960450451508355,0.960450451508355,0.03954954849164505,7.556304732219469,0.14785283998168136,1.6403155978739785,-0.4530845278396509,67.45730534527266,-0.9228564351180155
amsterdam,gbdt+k10,0,6,20,12.124565350981532,0.8788081606276612,0.5630761281837504,0.784508977324769,0.7679986848131143,0.06668702074942168,0.8929531816954168,0.892882725255111,0.10697636186427739,0.960450451508355,0.960450451508355,0.03954954849164505,7.510728525138323,0.15036578635258746,1.6403155978739785,-0.4605796733778724,67.45730534527266,-0.9228564351180155
amsterdam,gbdt+k10,0,7,20,12.113756391399503,-0.4802459179970751,0.5630761281837504,0.784508977324769,0.7782853250977583,0.12354536807618688,0.8929531816954168,0.8929531816954168,0.10704681830458318,0.960450451508355,0.960450451508355,0.03954954849164505,7.404289448697813,0.1430500593008373,1.6403155978739785,-0.44425051151995887,67.45730534527266,-0.9228564351180155
amsterdam,gbdt+k10,0,8,20,12.134499268523154,-0.431429806094364,0.5630761281837504,0.784508977324769,0.7787785201798988,0.1246022146807736,0.8929531816954168,0.8929531816954168,0.10704681830458318,0.960450451508355,0.960450451508355,0.03954954849164505,7.436768550253027,0.11740391502953296,1.6403155978739785,-0.3731415445099464,67.45730534527266,-0.9228564351180155
amsterdam,gbdt+k10,0,9,20,12.033772012840187,0.14642019994949138,0.5630761281837504,0.784508977324769,0.7636421282542069,0.013739005859627285,0.8929531816954168,0.8930823518359774,0.10647142404208598,0.960450451508355,0.960450451508355,0.03954954849164505,7.83883676641246,0.21950703977266056,1.6403155978739785,-0.6204659207052599,67.45730534527266,-0.9228564351180155
amsterdam,gbdt+k10d,0,0,20,12.097451190298107,0.7354067928607775,0.5630761281837504,0.784508977324769,0.7657088505031764,0.05037635481863334,0.8929531816954168,0.8928357542949071,0.1069293909040735,0.960450451508355,0.960450451508355,0.03954954849164505,7.519840969247049,0.1826230932725842,1.6403155978739785,-0.5438604612303626,67.45730534527266,-0.9228564351180155
amsterdam,gbdt,1,0,20,12.091332503107608,-0.25182671667501577,0.5630761281837504,0.784508977324769,0.765849763383788,0.04443452835284578,0.8929531816954168,0.8929179534752639,0.10701159008443029,0.960450451508355,0.960450451508355,0.03954954849164505,7.777141634459124,0.24274592233351727,1.6403155978739785,-0.6731018199278126,67.45730534527266,-0.9228564351180155
amsterdam,gbdt,1,0,10,11.980988593252674,0.8552719057768393,0.5875479984499583,0.7007245270611444,0.7342735353867471,-0.029744360549090465,0.826641928627626,0.8291431322584812,0.16359985439002334,0.9046606935262274,0.9046606935262274,0.09533930647377264,8.72517371208993,0.1746850009981329,1.7976486732473154,-0.5369507159195621,98.8725307761562,-0.9476183298160988
amsterdam,gbdt+k10,1,0,20,12.368999067682472,2.495197592818511,0.5630761281837504,0.784508977324769,0.7097194659401825,-0.14323794314165272,0.8929531816954168,0.8902053805234913,0.10002465975410701,0.960450451508355,0.960450451508355,0.03954954849164505,8.079322167918168,0.2938855552554633,1.6403155978739785,-0.772781348602465,67.45730534527266,-0.9228564351180155
amsterdam,gbdt+k10,1,1,20,12.057637871903333,0.20099913622313845,0.5630761281837504,0.784508977324769,0.7622564849281931,0.0267264763559929,0.8929531816954168,0.8931762937563851,0.10630702568137251,0.960450451508355,0.960450451508355,0.03954954849164505,7.788270485999452,0.2277974142486408,1.6403155978739785,-0.641716811134417,67.45730534527266,-0.9228564351180155
amsterdam,gbdt+k10,1,2,20,12.2433385672289,1.6926575432122437,0.5630761281837504,0.784508977324769,0.7624795969891615,0.036367265937833904,0.8929531816954168,0.8924365011331744,0.10610739910050615,0.960450451508355,0.960450451508355,0.03954954849164505,7.460040031234533,0.12980424852335037,1.6403155978739785,-0.4059371040681843,67.45730534527266,-0.9228564351180155
amsterdam,gbdt+k10,1,3,20,12.34870521264707,2.496631131337916,0.5630761281837504,0.784508977324769,0.7443722918305757,-0.02690261745675737,0.8929531816954168,0.8923425592127667,0.10552026209795795,0.960450451508355,0.960450451508355,0.03954954849164505,7.555890763525736,0.1942601486630891,1.6403155978739785,-0.5697622813876158,67.45730534527266,-0.9228564351180155
amsterdam,gbdt+k10,1,4,20,12.06144758274571,0.07518637937154939,0.5630761281837504,0.784508977324769,0.770664286804683,0.06284714475275655,0.8929531816954168,0.8929179534752639,0.10701159008443029,0.960450451508355,0.960450451508355,0.03954954849164505,7.611961045811902,0.17516645334022235,1.6403155978739785,-0.526250777738821,67.45730534527266,-0.9228564351180155
amsterdam,gbdt+k10,1,5,20,12.09183919618306,0.235198029378697,0.5630761281837504,0.784508977324769,0.7703354900832561,0.06451461383999335,0.8929531816954168,0.892894467995162,0.1069881046043284,0.960450451508355,0.960450451508355,0.03954954849164505,7.5615904724774285,0.14831080684366893,1.6403155978739785,-0.4539691957435841,67.45730534527266,-0.9228564351180155
amsterdam,gbdt+k10,1,6,20,12.1381653212229,0.9457686177213754,0.5630761281837504,0.784508977324769,0.7667656971077631,0.060451625782360074,0.8929531816954168,0.8927652978546013,0.10685893446376782,0.960450451508355,0.960450451508355,0.03954954849164505,7.517084785083644,0.14832254958371982,1.6403155978739785,-0.4545829942023514,67.45730534527266,-0.9228564351180155
amsterdam,gbdt+k10,1,7,20,12.129563209763075,-0.9855341106638792,0.5630761281837504,0.784508977324769,0.7800819643255558,0.12715038927183264,0.8929531816954168,0.8929531816954168,0.10704681830458318,0.960450451508355,0.960450451508355,0.03954954849164505,7.4371541021008225,0.1555325919750114,1.6403155978739785,-0.47665321093821533,67.45730534527266,-0.9228564351180155
amsterdam,gbdt+k10,1,8,20,12.130296276854896,-0.22809165093614547,0.5630761281837504,0.784508977324769,0.7775103042543947,0.11173217158491755,0.8929531816954168,0.8929531816954168,0.10704681830458318,0.960450451508355,0.960450451508355,0.03954954849164505,7.450216078754402,0.12076233868410857,1.6403155978739785,-0.38343096454580716,67.45730534527266,-0.9228564351180155
amsterdam,gbdt+k10,1,9,20,12.046428427972357,0.4557006643890728,0.5630761281837504,0.784508977324769,0.7600958207588159,0.0043682992989584335,0.8929531816954168,0.8928005260747542,0.10618959828086283,0.960450451508355,0.960450451508355,0.03954954849164505,7.825586011419661,0.2132951302857009,1.6403155978739785,-0.6049346219983114,67.45730534527266,-0.9228564351180155
amsterdam,gbdt+k10d,1,0,20,12.14466470513011,1.214930701583919,0.5630761281837504,0.784508977324769,0.7603306755598351,0.028605314764147072,0.8929531816954168,0.8924834720933783,0.10648316678213698,0.960450451508355,0.960450451508355,0.03954954849164505,7.532194180899408,0.18279923437334872,1.6403155978739785,-0.5440977664938569,67.45730534527266,-0.9228564351180155
amsterdam,gbdt,2,0,20,12.110748655878186,-0.02378130818075665,0.5630761281837504,0.784508977324769,0.7706408013245811,0.04927253725384284,0.8929531816954168,0.8926361277140408,0.10672976432320713,0.960450451508355,0.960450451508355,0.03954954849164505,7.763287840674165,0.23908218743761667,1.6403155978739785,-0.6683597196212898,67.45730534527266,-0.9228564351180155
amsterdam,gbdt,2,0,10,12.024262600637357,1.0791772233085841,0.5875479984499583,0.7007245270611444,0.7328056928803767,-0.0352282201528904,0.826641928627626,0.8302704353033737,0.1631536302680867,0.9046606935262274,0.9046606935262274,0.09533930647377264,8.71402120913179,0.17203114174661516,1.7976486732473154,-0.5316951265374306,98.8725307761562,-0.9476183298160988
amsterdam,gbdt+k10,2,0,20,12.479211798876516,2.9485411365782412,0.5630761281837504,0.784508977324769,0.6966263107833582,-0.1620380699632452,0.8929531816954168,0.8902993224438991,0.10094059347808215,0.960450451508355,0.960450451508355,0.03954954849164505,8.030603776335216,0.28453833417489643,1.6403155978739785,-0.7566625567440564,67.45730534527266,-0.9228564351180155
amsterdam,gbdt+k10,2,1,20,12.079915536051038,0.23719807040119872,0.5630761281837504,0.784508977324769,0.7689146185370894,0.0335490083256027,0.8929531816954168,0.8929179534752639,0.10597822895994546,0.960450451508355,0.960450451508355,0.03954954849164505,7.806059681539036,0.23083878392184026,1.6403155978739785,-0.6503872785929123,67.45730534527266,-0.9228564351180155
amsterdam,gbdt+k10,2,2,20,12.206472100616942,1.2722545069425573,0.5630761281837504,0.784508977324769,0.7704881457039185,0.05508519357906971,0.8929531816954168,0.8925304430535821,0.1063187684214234,0.960450451508355,0.960450451508355,0.03954954849164505,7.468589987532116,0.135417278267711,1.6403155978739785,-0.42296986905829326,67.45730534527266,-0.9228564351180155
amsterdam,gbdt+k10,2,3,20,12.289752593682941,2.0286551549974865,0.5630761281837504,0.784508977324769,0.7518759027231414,-0.0015970126469310175,0.8929531816954168,0.8926948414142956,0.10613088458060804,0.960450451508355,0.960450451508355,0.03954954849164505,7.558775581915737,0.19424840592303805,1.6403155978739785,-0.5718284592874345,67.45730534527266,-0.9228564351180155
amsterdam,gbdt+k10,2,4,20,12.091181356224116,-0.3429543202863045,0.5630761281837504,0.784508977324769,0.7751147852839981,0.08944445096818887,0.8929531816954168,0.8929414389553658,0.10703507556453218,0.960450451508355,0.960450451508355,0.03954954849164505,7.600799216043341,0.17162014584483143,1.6403155978739785,-0.5193976779984195,67.45730534527266,-0.9228564351180155
amsterdam,gbdt+k10,2,5,20,12.117491410466348,0.2601150110075932,0.5630761281837504,0.784508977324769,0.7732007186556911,0.07527096372667597,0.8929531816954168,0.8927535551145505,0.10684719172371682,0.960450451508355,0.960450451508355,0.03954954849164505,7.5636916630084485,0.14545732101128478,1.6403155978739785,-0.4494898835471479,67.45730534527266,-0.9228564351180155
amsterdam,gbdt+k10,2,6,20,12.142115696905273,0.4712147626310331,0.5630761281837504,0.784508977324769,0.7731772331755892,0.0887281438250801,0.8929531816954168,0.89287098251506,0.10696461912422639,0.960450451508355,0.960450451508355,0.03954954849164505,7.521106741690504,0.14806420930259867,1.6403155978739785,-0.457463353928363,67.45730534527266,-0.9228564351180155
amsterdam,gbdt+k10,2,7,20,12.139156655672489,-0.2935371093251593,0.5630761281837504,0.784508977324769,0.7778156154957198,0.11633532568489524,0.8929531816954168,0.8929531816954168,0.10704681830458318,0.960450451508355,0.960450451508355,0.03954954849164505,7.415679286647367,0.14435350344649422,1.6403155978739785,-0.4501973191944879,67.45730534527266,-0.9228564351180155
amsterdam,gbdt+k10,2,8,20,12.162653390697626,-0.16366103464998089,0.5630761281837504,0.784508977324769,0.7776159889148534,0.11540764922086921,0.8929531816954168,0.8929531816954168,0.10704681830458318,0.960450451508355,0.960450451508355,0.03954954849164505,7.449725198545905,0.11739217228948207,1.6403155978739785,-0.37568749509159627,67.45730534527266,-0.9228564351180155
amsterdam,gbdt+k10,2,9,20,12.063173269850324,0.3139653852658633,0.5630761281837504,0.784508977324769,0.7672001784896487,0.01957514766495616,0.8929531816954168,0.8927418123744995,0.10603694266020036,0.960450451508355,0.960450451508355,0.03954954849164505,7.822892016739681,0.21315421740508927,1.6403155978739785,-0.6068676126886468,67.45730534527266,-0.9228564351180155
amsterdam,gbdt+k10d,2,0,20,12.126196072829643,0.6870602512998834,0.5630761281837504,0.784508977324769,0.7717681043694735,0.05758639720992498,0.8929531816954168,0.8925187003135312,0.10661233692269756,0.960450451508355,0.960450451508355,0.03954954849164505,7.533163345251665,0.18308106013457182,1.6403155978739785,-0.5466784761897774,67.45730534527266,-0.9228564351180155
amsterdam,gbdt,3,0,20,12.127381924124746,-0.27636152032048916,0.5630761281837504,0.784508977324769,0.7680104275531653,0.04535046207682103,0.8929531816954168,0.8929531816954168,0.10704681830458318,0.960450451508355,0.960450451508355,0.03954954849164505,7.764143747327366,0.24077314200495548,1.6403155978739785,-0.6699140161682311,67.45730534527266,-0.9228564351180155
amsterdam,gbdt,3,0,10,12.013010864960291,0.8211134643115258,0.5875479984499583,0.7007245270611444,0.7354830376119964,-0.028370459963127703,0.826641928627626,0.8289787338977677,0.16183844338237885,0.9046606935262274,0.9046606935262274,0.09533930647377264,8.714381749555537,0.17361641165349517,1.7976486732473154,-0.5343179589391254,98.8725307761562,-0.9476183298160988
amsterdam,gbdt+k10,3,0,20,12.516676346158668,3.0108008217233477,0.5630761281837504,0.784508977324769,0.692809920266795,-0.1769865780481218,0.8929531816954168,0.8889136791178853,0.09701851830106034,0.960450451508355,0.960450451508355,0.03954954849164505,8.051959702062117,0.28830775373125567,1.6403155978739785,-0.7633309958418233,67.45730534527266,-0.9228564351180155
amsterdam,gbdt+k10,3,1,20,12.095994847921956,0.3666318893591944,0.5630761281837504,0.784508977324769,0.7628201364506394,0.020549795089186085,0.8929531816954168,0.8933054638969458,0.10643619582193309,0.960450451508355,0.960450451508355,0.03954954849164505,7.794079865161248,0.2283962939912399,1.6403155978739785,-0.6447816942595016,67.45730534527266,-0.9228564351180155
amsterdam,gbdt+k10,3,2,20,12.215013727694993,1.2421315876630277,0.5630761281837504,0.784508977324769,0.7676346598715345,0.047699010087013716,0.8929531816954168,0.8926596131941428,0.10675324980330914,0.960450451508355,0.960450451508355,0.03954954849164505,7.456177361753982,0.1318944562524219,1.6403155978739785,-0.4114540689737274,67.45730534527266,-0.9228564351180155
amsterdam,gbdt+k10,3,3,20,12.472871752920403,2.9148625200740885,0.5630761281837504,0.784508977324769,0.7396751958101904,-0.04289622940616966,0.8929531816954168,0.8926243849739899,0.10568466045867142,0.960450451508355,0.960450451508355,0.03954954849164505,7.537117795105562,0.18814218109653708,1.6403155978739785,-0.5562447093595853,67.45730534527266,-0.9228564351180155
amsterdam,gbdt+k10,3,4,20,12.101244034713693,0.35466117896765564,0.5630761281837504,0.784508977324769,0.7692903862187203,0.04850925915053017,0.8929531816954168,0.8929179534752639,0.10701159008443029,0.960450451508355,0.960450451508355,0.03954954849164505,7.595966885197352,0.17277093436982582,1.6403155978739785,-0.5210823342901751,67.45730534527266,-0.9228564351180155
amsterdam,gbdt+k10,3,5,20,12.12290319031732,-0.03986640914394814,0.5630761281837504,0.784508977324769,0.7734003452365575,0.07237050693408797,0.8929531816954168,0.8929531816954168,0.10704681830458318,0.960450451508355,0.960450451508355,0.03954954849164505,7.560164330766341,0.1478058690214774,1.6403155978739785,-0.45401979924910196,67.45730534527266,-0.9228564351180155
amsterdam,gbdt+k10,3,6,20,12.186556312056037,1.1117847196634902,0.5630761281837504,0.784508977324769,0.7677403445319931,0.05834967531323754,0.8929531816954168,0.89287098251506,0.10696461912422639,0.960450451508355,0.960450451508355,0.03954954849164505,7.507506089484596,0.14575088951255888,1.6403155978739785,-0.4489071411669734,67.45730534527266,-0.9228564351180155
amsterdam,gbdt+k10,3,7,20,12.135803934199696,-0.33471680852901614,0.5630761281837504,0.784508977324769,0.7772871921934265,0.10718773118519476,0.8929531816954168,0.8929531816954168,0.10704681830458318,0.960450451508355,0.960450451508355,0.03954954849164505,7.412858624832482,0.14570391855235498,1.6403155978739785,-0.4515103115549117,67.45730534527266,-0.9228564351180155
amsterdam,gbdt+k10,3,8,20,12.178473632805316,0.28733536045595487,0.5630761281837504,0.784508977324769,0.7750912998038962,0.0972416303620286,0.8929531816954168,0.8929531816954168,0.10704681830458318,0.960450451508355,0.960450451508355,0.03954954849164505,7.44164410378346,0.11391632123439688,1.6403155978739785,-0.3640883462067295,67.45730534527266,-0.9228564351180155
amsterdam,gbdt+k10,3,9,20,12.075819800413573,0.16875168161842347,0.5630761281837504,0.784508977324769,0.7638534975751242,0.011155603048415341,0.8929531816954168,0.8931762937563851,0.10656536596249366,0.960450451508355,0.960450451508355,0.03954954849164505,7.834355912776153,0.21765168684460828,1.6403155978739785,-0.6169679893106541,67.45730534527266,-0.9228564351180155
amsterdam,gbdt+k10d,3,0,20,12.140916583179848,0.8390316887089184,0.5630761281837504,0.784508977324769,0.7663547012059794,0.04306062776688313,0.8929531816954168,0.8928592397750091,0.1069528763841755,0.960450451508355,0.960450451508355,0.03954954849164505,7.520098599156733,0.18075599760448102,1.6403155978739785,-0.5393370783177558,67.45730534527266,-0.9228564351180155
amsterdam,gbdt,4,0,20,12.136863775615671,-0.23395998085543462,0.5630761281837504,0.784508977324769,0.762961049331251,0.0335372655855517,0.8929531816954168,0.8929414389553658,0.10703507556453218,0.960450451508355,0.960450451508355,0.03954954849164505,7.762829726573819,0.24043260254347742,1.6403155978739785,-0.6703058868288134,67.45730534527266,-0.9228564351180155
amsterdam,gbdt,4,0,10,12.010408295921508,0.8721491500427141,0.5875479984499583,0.7007245270611444,0.7306567714510503,-0.04345988092861586,0.826641928627626,0.8295188999401121,0.16244906586502894,0.9046606935262274,0.9046606935262274,0.09533930647377264,8.711577602836181,0.17320541575171144,1.7976486732473154,-0.5334144821302551,98.8725307761562,-0.9476183298160988
amsterdam,gbdt+k10,4,0,20,12.424539276645676,2.527144987488498,0.5630761281837504,0.784508977324769,0.7049284279993894,-0.15500416867271816,0.8929531816954168,0.890616376425275,0.0995901783722214,0.960450451508355,0.960450451508355,0.03954954849164505,8.066152502662012,0.29255862562970447,1.6403155978739785,-0.7707584137786043,67.45730534527266,-0.9228564351180155
amsterdam,gbdt+k10,4,1,20,12.103817692244911,0.33757004718383204,0.5630761281837504,0.784508977324769,0.7589098040136686,0.009218050940006273,0.8929531816954168,0.8931762937563851,0.10630702568137251,0.960450451508355,0.960450451508355,0.03954954849164505,7.797548496997178,0.22971148087694787,1.6403155978739785,-0.6473686581077306,67.45730534527266,-0.9228564351180155
amsterdam,gbdt+k10,4,2,20,12.193155303495937,0.9328715261363789,0.5630761281837504,0.784508977324769,0.7655444521424629,0.05140971594311816,0.8929531816954168,0.8926830986742447,0.10675324980330914,0.960450451508355,0.960450451508355,0.03954954849164505,7.458723845202494,0.13517068072664074,1.6403155978739785,-0.420486322725075,67.45730534527266,-0.9228564351180155
amsterdam,gbdt+k10,4,3,20,12.424732292843172,2.6942244684831356,0.5630761281837504,0.784508977324769,0.7372561913596919,-0.04357730832912554,0.8929531816954168,0.8922955882525628,0.10505055249591944,0.960450451508355,0.960450451508355,0.03954954849164505,7.5508738419608745,0.1931915593184514,1.6403155978739785,-0.5678661535235738,67.45730534527266,-0.9228564351180155
amsterdam,gbdt+k10,4,4,20,12.11071572190195,0.3810555550707062,0.5630761281837504,0.784508977324769,0.7643232071771627,0.04135793045949343,0.8929531816954168,0.8928592397750091,0.1069528763841755,0.960450451508355,0.960450451508355,0.03954954849164505,7.5968625911443795,0.17306450287109992,1.6403155978739785,-0.5211081916232663,67.45730534527266,-0.9228564351180155
amsterdam,gbdt+k10,4,5,20,12.13016877956425,-0.07028389387906836,0.5630761281837504,0.784508977324769,0.7707112577648868,0.07127843210934837,0.8929531816954168,0.8929531816954168,0.10704681830458318,0.960450451508355,0.960450451508355,0.03954954849164505,7.571821498502996,0.15173968693855028,1.6403155978739785,-0.46306266985771205,67.45730534527266,-0.9228564351180155
amsterdam,gbdt+k10,4,6,20,12.207389896390312,1.239847898067391,0.5630761281837504,0.784508977324769,0.7627731654904355,0.04781643748752329,0.8929531816954168,0.8927300696344485,0.10682370624361492,0.960450451508355,0.960450451508355,0.03954954849164505,7.501456992876505,0.1421341255768621,1.6403155978739785,-0.4402347135537694,67.45730534527266,-0.9228564351180155
amsterdam,gbdt+k10,4,7,20,12.15473705793797,-0.48876271570334556,0.5630761281837504,0.784508977324769,0.7774633332941908,0.10931316713441908,0.8929531816954168,0.8929531816954168,0.10704681830458318,0.960450451508355,0.960450451508355,0.03954954849164505,7.409145074248356,0.1442713042661375,1.6403155978739785,-0.4485768046483092,67.45730534527266,-0.9228564351180155
amsterdam,gbdt+k10,4,8,20,12.170144241278138,-0.013479746998803853,0.5630761281837504,0.784508977324769,0.7747390176023673,0.09872121560845004,0.8929531816954168,0.8929531816954168,0.10704681830458318,0.960450451508355,0.960450451508355,0.03954954849164505,7.4443245380695835,0.11908312685682076,1.6403155978739785,-0.378532302039037,67.45730534527266,-0.9228564351180155
amsterdam,gbdt+k10,4,9,20,12.090604041935377,0.2939538898286842,0.5630761281837504,0.784508977324769,0.7596378538968283,0.0020784649890205342,0.8929531816954168,0.8929062107352129,0.10617785554081183,0.960450451508355,0.960450451508355,0.03954954849164505,7.81462824467266,0.2119447151798401,1.6403155978739785,-0.6026326203458297,67.45730534527266,-0.9228564351180155
amsterdam,gbdt+k10d,4,0,20,12.156430513394698,0.9220586201922338,0.5630761281837504,0.784508977324769,0.7615401777850844,0.03244519076081209,0.8929531816954168,0.8927300696344485,0.10682370624361492,0.960450451508355,0.960450451508355,0.03954954849164505,7.528315822168999,0.18250566587207462,1.6403155978739785,-0.5439571325282058,67.45730534527266,-0.9228564351180155
amsterdam,gbdt_iw,0,0,20,12.166175478714946,-0.4269419914021829,0.5630761281837504,0.784508977324769,0.7678460291924518,0.05718714404819214,0.8929531816954168,0.8928474970349581,0.10658885144259556,0.960450451508355,0.960450451508355,0.03954954849164505,7.708483080517823,0.23302293357131953,1.6403155978739785,-0.6532267559080899,67.45730534527266,-0.9228564351180155
amsterdam,gbdt_iw,0,0,10,12.032190474393698,0.6927493049354689,0.5875479984499583,0.7007245270611444,0.737209220399488,-0.021148674831785175,0.826641928627626,0.8288025927970033,0.16457450181425337,0.9046606935262274,0.9046606935262274,0.09533930647377264,8.688650531721889,0.1677098134078605,1.7976486732473154,-0.5171433450313279,98.8725307761562,-0.9476183298160988
amsterdam,gbdt_iw,1,0,20,12.195164619945876,-0.7481376683117702,0.5630761281837504,0.784508977324769,0.7691259878580068,0.05933606547751846,0.8929531816954168,0.8929531816954168,0.10704681830458318,0.960450451508355,0.960450451508355,0.03954954849164505,7.738154410240324,0.23878861893634262,1.6403155978739785,-0.6648675393056528,67.45730534527266,-0.9228564351180155
amsterdam,gbdt_iw,1,0,10,12.036157930191818,0.37543858472118935,0.5875479984499583,0.7007245270611444,0.736563369696685,-0.01200108033208469,0.826641928627626,0.8274286922110405,0.16745147312673936,0.9046606935262274,0.9046606935262274,0.09533930647377264,8.691648537262074,0.17196068530630937,1.7976486732473154,-0.5304500408039594,98.8725307761562,-0.9476183298160988
amsterdam,gbdt_iw,2,0,20,12.191561411468676,-0.6492724592430421,0.5630761281837504,0.784508977324769,0.7706877722847849,0.06378656395683369,0.8929531816954168,0.8929531816954168,0.10704681830458318,0.960450451508355,0.960450451508355,0.03954954849164505,7.745601644433451,0.23659272654681246,1.6403155978739785,-0.6609571145052159,67.45730534527266,-0.9228564351180155
amsterdam,gbdt_iw,2,0,10,12.035175693430904,0.4716925896269792,0.5875479984499583,0.7007245270611444,0.7369273946382648,-0.00799680597470609,0.826641928627626,0.8279101445531301,0.1655139210183304,0.9046606935262274,0.9046606935262274,0.09533930647377264,8.713440346460827,0.1712796063833535,1.7976486732473154,-0.5273859398033254,98.8725307761562,-0.9476183298160988
amsterdam,gbdt_iw,3,0,20,12.192481071175852,-0.6347518170310952,0.5630761281837504,0.784508977324769,0.7728014654939583,0.06343428175530474,0.8929531816954168,0.8929531816954168,0.10704681830458318,0.960450451508355,0.960450451508355,0.03954954849164505,7.726177444446402,0.23480783005906591,1.6403155978739785,-0.6588200098149537,67.45730534527266,-0.9228564351180155
amsterdam,gbdt_iw,3,0,10,12.040382516833292,0.4875973567951643,0.5875479984499583,0.7007245270611444,0.7361288883147994,-0.011331744149179701,0.826641928627626,0.8283681114151176,0.162754377106354,0.9046606935262274,0.9046606935262274,0.09533930647377264,8.698271958950576,0.16988222031728883,1.7976486732473154,-0.5227935330162723,98.8725307761562,-0.9476183298160988
amsterdam,gbdt_iw,4,0,20,12.14132525775309,-0.3724323806650225,0.5630761281837504,0.784508977324769,0.7674350332906681,0.05792693667140292,0.8929531816954168,0.8929531816954168,0.10704681830458318,0.960450451508355,0.960450451508355,0.03954954849164505,7.703640219349363,0.2321304853274463,1.6403155978739785,-0.6534378845320596,67.45730534527266,-0.9228564351180155
amsterdam,gbdt_iw,4,0,10,12.01704132031191,0.7374041053078305,0.5875479984499583,0.7007245270611444,0.7386300919456547,-0.013903404220340754,0.826641928627626,0.8280745429138435,0.16673516598363058,0.9046606935262274,0.9046606935262274,0.09533930647377264,8.686649583854681,0.1672048755856691,1.7976486732473154,-0.5167324104780255,98.8725307761562,-0.9476183298160988
amsterdam,gp_ard,0,0,20,12.130939963070032,-0.45124924602406263,0.5630761281837504,0.784508977324769,0.7649690578799657,0.029626933148580892,0.8929531816954168,0.8929531816954168,0.10704681830458318,0.960450451508355,0.960450451508355,0.03954954849164505,7.829535002373773,0.24732559095339307,1.6403155978739785,-0.6852525685655193,67.45730534527266,-0.9228564351180155
amsterdam,gp_ard,0,0,10,11.998791849507988,0.6467335067018418,0.5875479984499583,0.7007245270611444,0.7315609624349746,-0.043964818750807266,0.826641928627626,0.8297537547411313,0.16122782089972876,0.9046606935262274,0.9046606935262274,0.09533930647377264,8.770724591323981,0.1775150013504151,1.7976486732473154,-0.5481270257121942,98.8725307761562,-0.9476183298160988
amsterdam,kernel,0,0,20,12.22981431992057,0.39733307127058426,0.5630761281837504,0.784508977324769,0.7357648633732196,-0.04532697659671914,0.8929531816954168,0.8880329736140631,0.1017978135018025,0.960450451508355,0.960450451508355,0.03954954849164505,8.08226512026205,0.2767059265609037,1.6403155978739785,-0.7308052509466174,67.45730534527266,-0.9228564351180155
amsterdam,kernel,0,0,10,12.155058931373922,1.4957841676297097,0.5875479984499583,0.7007245270611444,0.709872121560845,-0.12333399875526951,0.826641928627626,0.8226259115301965,0.15508636785307484,0.9046606935262274,0.9046606935262274,0.09533930647377264,8.950604563066102,0.20549795089186113,1.7976486732473154,-0.6015411835951665,98.8725307761562,-0.9476183298160988
amsterdam,knn,0,0,20,12.076451345986492,0.3144747124212658,0.5630761281837504,0.784508977324769,0.7416127479185993,-0.041569299780410796,0.8929531816954168,0.8929531816954168,0.10704681830458318,0.960450451508355,0.960450451508355,0.03954954849164505,8.077720773292018,0.26223887081811675,1.6403155978739785,-0.7128460397049263,67.45730534527266,-0.9228564351180155
amsterdam,knn,0,0,10,11.991722344080843,1.4247178242496978,0.5875479984499583,0.7007245270611444,0.7164245705092827,-0.11452694371704686,0.826641928627626,0.8291431322584812,0.15728226024260505,0.9046606935262274,0.9046606935262274,0.09533930647377264,9.013193795049178,0.1907960403480548,1.7976486732473154,-0.5715305079036761,98.8725307761562,-0.9476183298160988
amsterdam,median,0,0,20,13.451820085737104,2.997004939579687,0.5630761281837504,0.784508977324769,0.7215561479115536,0.05805610681196349,0.8929531816954168,0.8929531816954168,0.10704681830458318,0.960450451508355,0.960450451508355,0.03954954849164505,7.571221708475759,0.25364318510081146,1.6403155978739785,-0.6883728330053169,67.45730534527266,-0.9228564351180155
amsterdam,median,0,0,10,13.609536360793957,3.983753263545915,0.5875479984499583,0.7007245270611444,0.6615742317312322,-0.041992038422245415,0.826641928627626,0.826641928627626,0.17335807137237402,0.9046606935262274,0.9046606935262274,0.09533930647377264,8.465986193747364,0.19477682922533146,1.7976486732473154,-0.5778541402370398,98.8725307761562,-0.9476183298160988
amsterdam,mlp,0,0,20,12.134253681706829,-0.45112845036263827,0.5630761281837504,0.784508977324769,0.7592151152549936,0.021829753754741055,0.8929531816954168,0.8929531816954168,0.10704681830458318,0.960450451508355,0.960450451508355,0.03954954849164505,7.7954323659889075,0.24531758240467827,1.6403155978739785,-0.6818070718213639,67.45730534527266,-0.9228564351180155
amsterdam,mlp,0,0,10,11.977474838630336,0.6497393071082611,0.5875479984499583,0.7007245270611444,0.7293885555255464,-0.056541293345389154,0.826641928627626,0.8287908500569523,0.164351389753285,0.9046606935262274,0.9046606935262274,0.09533930647377264,8.740202225626993,0.17649338296598127,1.7976486732473154,-0.5438833922967794,98.8725307761562,-0.9476183298160988
amsterdam,mlp,1,0,20,12.102315155276528,-0.29263487840778823,0.5630761281837504,0.784508977324769,0.7642762362169588,0.04852100189058117,0.8929531816954168,0.8929531816954168,0.10704681830458318,0.960450451508355,0.960450451508355,0.03954954849164505,7.644632800652401,0.2192721849716413,1.6403155978739785,-0.628518466354794,67.45730534527266,-0.9228564351180155
amsterdam,mlp,1,0,10,11.978880203270776,0.8271316069748353,0.5875479984499583,0.7007245270611444,0.7324534106788478,-0.02876971312486054,0.826641928627626,0.827604833311805,0.1683791495907655,0.9046606935262274,0.9046606935262274,0.09533930647377264,8.67016136032999,0.15743491586326752,1.7976486732473154,-0.48727300824500763,98.8725307761562,-0.9476183298160988
amsterdam,mlp,2,0,20,12.10594823930799,-0.861123620438072,0.5630761281837504,0.784508977324769,0.7706995150248359,0.08653225143554999,0.8929531816954168,0.8929531816954168,0.10704681830458318,0.960450451508355,0.960450451508355,0.03954954849164505,7.695395599702532,0.2238166253713642,1.6403155978739785,-0.6402871415138984,67.45730534527266,-0.9228564351180155
amsterdam,mlp,2,0,10,11.931141902551243,0.24035674734281937,0.5875479984499583,0.7007245270611444,0.74040324569335,0.008396059136438927,0.826641928627626,0.82729952207048,0.17206636996676805,0.9046606935262274,0.9046606935262274,0.09533930647377264,8.703330009293861,0.15975997839335832,1.7976486732473154,-0.4967673592924178,98.8725307761562,-0.9476183298160988
amsterdam,mlp,3,0,20,12.093550785380485,-0.17373186488576176,0.5630761281837504,0.784508977324769,0.7598139949975927,0.02867577120445286,0.8929531816954168,0.8929531816954168,0.10704681830458318,0.960450451508355,0.960450451508355,0.03954954849164505,7.751458143339483,0.23271762232999443,1.6403155978739785,-0.6566312500386514,67.45730534527266,-0.9228564351180155
amsterdam,mlp,3,0,10,11.97326005011751,0.9329723575271992,0.5875479984499583,0.7007245270611444,0.7288366467431511,-0.04877934217170232,0.826641928627626,0.8277222607123146,0.1638229664509917,0.9046606935262274,0.9046606935262274,0.09533930647377264,8.739225176359444,0.1661362862410315,1.7976486732473154,-0.5142569509140604,98.8725307761562,-0.9476183298160988
amsterdam,mlp,4,0,20,12.063239350664258,0.15244397517891398,0.5630761281837504,0.784508977324769,0.75490552965629,-0.013410209138200346,0.8929531816954168,0.8929531816954168,0.10704681830458318,0.960450451508355,0.960450451508355,0.03954954849164505,7.895187937623486,0.2547704881457039,1.6403155978739785,-0.6973936592296635,67.45730534527266,-0.9228564351180155
amsterdam,mlp,4,0,10,11.962585523428558,1.2173699383656824,0.5875479984499583,0.7007245270611444,0.7293415845653425,-0.08120104745241252,0.826641928627626,0.8333000622365223,0.15096466609518666,0.9046606935262274,0.9046606935262274,0.09533930647377264,8.829548825951893,0.18389130919808827,1.7976486732473154,-0.5617848159648471,98.8725307761562,-0.9476183298160988
amsterdam,ridge,0,0,20,12.088301980596334,-0.2632239900272606,0.5630761281837504,0.784508977324769,0.7644993482779272,0.018518301060369446,0.8929531816954168,0.8929531816954168,0.10704681830458318,0.960450451508355,0.960450451508355,0.03954954849164505,7.845025998060015,0.25071924282812147,1.6403155978739785,-0.687617241684493,67.45730534527266,-0.9228564351180155
amsterdam,ridge,0,0,10,11.963138145731946,0.8079476444744942,0.5875479984499583,0.7007245270611444,0.7348724151293463,-0.05190291102525857,0.826641928627626,0.8322079874117827,0.15518030977348252,0.9046606935262274,0.9046606935262274,0.09533930647377264,8.792402171991984,0.18184807242922063,1.7976486732473154,-0.5537266015535565,98.8725307761562,-0.9476183298160988
amsterdam,ridge+k10,0,0,20,12.500534774800562,3.0080551793848036,0.5630761281837504,0.784508977324769,0.6890639861905377,-0.20048380089009976,0.8929531816954168,0.8864359609671321,0.09047781209267369,0.960450451508355,0.960450451508355,0.03954954849164505,8.240438213538257,0.3176646038586644,1.6403155978739785,-0.8120994744212279,67.45730534527266,-0.9228564351180155
amsterdam,ridge+k10,0,1,20,12.084332694051714,0.7260814013682545,0.5630761281837504,0.784508977324769,0.7532498033091042,-0.02892236874552312,0.8929531816954168,0.8934228912974553,0.10645968130203498,0.960450451508355,0.960450451508355,0.03954954849164505,7.907313854649623,0.24781878603553353,1.6403155978739785,-0.6817204198874599,67.45730534527266,-0.9228564351180155
amsterdam,ridge+k10,0,2,20,12.157155573102381,1.1774728298055508,0.5630761281837504,0.784508977324769,0.7650512570603225,0.02818257612231234,0.8929531816954168,0.8929531816954168,0.10702333282448129,0.960450451508355,0.960450451508355,0.03954954849164505,7.5229883333295975,0.14462358646766638,1.6403155978739785,-0.4472918029903339,67.45730534527266,-0.9228564351180155
amsterdam,ridge+k10,0,3,20,12.278723806428212,2.2368957431694407,0.5630761281837504,0.784508977324769,0.7485644500287697,-0.03196373841872269,0.8929531816954168,0.8928592397750091,0.10674150706325813,0.960450451508355,0.960450451508355,0.03954954849164505,7.595957435110139,0.19637384187226253,1.6403155978739785,-0.5751349027397086,67.45730534527266,-0.9228564351180155
amsterdam,ridge+k10,0,4,20,12.0907243752063,0.7840447737443542,0.5630761281837504,0.784508977324769,0.7618454890264095,0.01004004274357373,0.8929531816954168,0.8929531816954168,0.10704681830458318,0.960450451508355,0.960450451508355,0.03954954849164505,7.661087821562227,0.1794173252386712,1.6403155978739785,-0.5343426373910622,67.45730534527266,-0.9228564351180155
amsterdam,ridge+k10,0,5,20,12.104729962963313,0.43623496847910387,0.5630761281837504,0.784508977324769,0.7679047428927066,0.04082950715720002,0.8929531816954168,0.8929531816954168,0.10704681830458318,0.960450451508355,0.960450451508355,0.03954954849164505,7.597743290915929,0.15060064115360677,1.6403155978739785,-0.46067558224714,67.45730534527266,-0.9228564351180155
amsterdam,ridge+k10,0,6,20,12.114026008839947,0.532067962161907,0.5630761281837504,0.784508977324769,0.7718855317699832,0.06989278878333471,0.8929531816954168,0.8929531816954168,0.10704681830458318,0.960450451508355,0.960450451508355,0.03954954849164505,7.532148204063717,0.13673246515341891,1.6403155978739785,-0.42674045355416323,67.45730534527266,-0.9228564351180155
amsterdam,ridge+k10,0,7,20,12.072902714124364,0.26903439611165586,0.5630761281837504,0.784508977324769,0.7707582287250907,0.05984100329970998,0.8929531816954168,0.8929531816954168,0.10704681830458318,0.960450451508355,0.960450451508355,0.03954954849164505,7.515536356071974,0.17921769865780485,1.6403155978739785,-0.5366233432359668,67.45730534527266,-0.9228564351180155
amsterdam,ridge+k10,0,8,20,12.129037889730098,-0.49273757811478575,0.5630761281837504,0.784508977324769,0.7782500968776054,0.1098181049566106,0.8929531816954168,0.8929531816954168,0.10704681830458318,0.960450451508355,0.960450451508355,0.03954954849164505,7.481633467361087,0.12349839711598298,1.6403155978739785,-0.39040306839720396,67.45730534527266,-0.9228564351180155
amsterdam,ridge+k10,0,9,20,12.047306496635262,-0.10482038312000373,0.5630761281837504,0.784508977324769,0.7665895560069986,0.019011496142509854,0.8929531816954168,0.8932467501966909,0.10661233692269756,0.960450451508355,0.960450451508355,0.03954954849164505,7.82305430689941,0.20554492185206502,1.6403155978739785,-0.5858917166595792,67.45730534527266,-0.9228564351180155
amsterdam,ridge+k10d,0,0,20,12.138560660081666,1.2903222941354613,0.5630761281837504,0.784508977324769,0.7606712150213131,0.011754482791014431,0.8929531816954168,0.8929531816954168,0.10704681830458318,0.960450451508355,0.960450451508355,0.03954954849164505,7.561570271297602,0.18178935872896584,1.6403155978739785,-0.5405785369217604,67.45730534527266,-0.9228564351180155
amsterdam,uma_los,0,0,20,24.159623030447953,-20.285555282907374,0.5630761281837504,0.784508977324769,0.784508977324769,0.21549102267523101,0.8929531816954168,0.8929531816954168,0.10704681830458318,0.960450451508355,0.960450451508355,0.03954954849164505,8.429272852382882,0.3861365210958325,1.6403155978739785,-0.9359868646861005,67.45730534527266,-0.9228564351180155
amsterdam,uma_los,0,0,10,23.336759816255643,-19.367779716484865,0.5875479984499583,0.7007245270611444,0.7007245270611444,0.2992754729388556,0.826641928627626,0.826641928627626,0.17335807137237402,0.9046606935262274,0.9046606935262274,0.09533930647377264,8.903791962233708,0.3072605361735107,1.7976486732473154,-0.8596161710373705,98.8725307761562,-0.9476183298160988
amsterdam,uma_nlos,0,0,20,21.38838979035896,16.343223837523574,0.5630761281837504,0.784508977324769,0.5003346680914524,-0.36478821968318087,0.8929531816954168,0.7887481064831667,-0.04044199673551829,0.960450451508355,0.960450451508355,0.03954954849164505,7.376710472295962,0.0500593008372574,1.6403155978739785,-0.13355973070583582,67.45730534527266,-0.9228564351180155
amsterdam,uma_nlos,0,0,10,22.211204165293008,17.505309069513153,0.5875479984499583,0.7007245270611444,0.45894150941180617,-0.45714487018400873,0.826641928627626,0.6868915792811094,-0.15324275766507356,0.9046606935262274,0.9042849258445966,0.08096619265139338,8.94105100668503,0.0628823729729095,1.7976486732473154,-0.08653365119189416,98.8725307761562,-0.9476183298160988
barcelona,oracle,0,0,20,11.557482442069597,-0.0002002677988234305,0.5944891990353532,0.7099132844168505,0.7578634101287905,-0.0925137256914157,0.8347016265585715,0.844758581764072,0.10115962850838933,0.9331802555287598,0.9331802555287598,0.06681974447124017,9.2175729711114,0.29979732156601163,1.7354942980861963,-0.8191667660870663,63.064473021351674,-0.9094521835740534
barcelona,oracle,0,0,10,11.450802180285958,1.1965063864178296,0.5651008261070347,0.5915003335214737,0.7489481245830981,-0.11125506696084975,0.7315280414592847,0.7862640463851404,0.1335625224485607,0.8484401457232285,0.849273949407358,0.15062342860074918,9.045518026940945,0.22098363179229313,1.667985330713605,-0.604180319802132,96.02947341783403,-0.9441358641358641
barcelona,coral,0,0,20,12.684273684308595,2.0673215790152337,0.5979142080147776,0.7099132844168505,0.7289240084150034,-0.04212632767202007,0.8347016265585715,0.8316486222997589,0.1533942223818564,0.9331802555287598,0.9331802555287598,0.06681974447124017,8.643489876493188,0.24925599055877673,1.7354942980861963,-0.7406775619280642,68.08016765986046,-0.9192804033843262
barcelona,coral,0,0,10,12.792328041721365,3.3304248223954143,0.5687054235722715,0.5915003335214737,0.7106572938580737,-0.138231823079686,0.7315280414592847,0.7464467135307097,0.19008158448355483,0.8484401457232285,0.8484401457232285,0.15155985427677154,8.780374896641211,0.20423059161578327,1.667985330713605,-0.5620934382762486,110.8084528727707,-0.9536863136863137
barcelona,cost231,0,0,20,25.86747051230321,21.29140372450197,0.5979142080147776,0.7099132844168505,0.41995484632356717,-0.5224998717225101,0.8347016265585715,0.5875750423315717,-0.2730386371799477,0.9331802555287598,0.9054851454666735,0.027579660321206845,7.887658735301661,0.14986659141053932,1.7354942980861963,-0.4868456184792742,68.08016765986046,-0.9192804033843262
barcelona,cost231,0,0,10,27.045988318098278,22.841787483210755,0.5687054235722715,0.5915003335214737,0.46962389039971264,-0.506413874493304,0.7315280414592847,0.5060290420237057,-0.40681923136128073,0.8484401457232285,0.7400456667863923,-0.06404895069013283,8.925243625330493,0.19013289547950124,1.667985330713605,-0.5270603128684916,110.8084528727707,-0.9536863136863137
barcelona,encoder,0,0,20,12.590391928507636,1.3684228668716754,0.5979142080147776,0.7099132844168505,0.7283724152085792,-0.06053414746780239,0.8347016265585715,0.828865000769665,0.15202165324028938,0.9331802555287598,0.9331802555287598,0.06681974447124017,8.943411364937228,0.27682282313099693,1.7354942980861963,-0.7949738935371153,68.08016765986046,-0.9192804033843262
barcelona,encoder,0,0,10,12.609562436399727,2.6148542468823934,0.5687054235722715,0.5915003335214737,0.7201113448612038,-0.13734670839961005,0.7315280414592847,0.743752886243522,0.19708553543024265,0.8484401457232285,0.8484401457232285,0.15155985427677154,8.958640174549402,0.2262173533788291,1.667985330713605,-0.610615605611841,110.8084528727707,-0.9536863136863137
barcelona,encoder,1,0,20,12.673000439857121,1.5136906987042082,0.5979142080147776,0.7099132844168505,0.7288470419210837,-0.046898250295038246,0.8347016265585715,0.8317768997896249,0.15916670942583,0.9331802555287598,0.9331802555287598,0.06681974447124017,8.823543893712007,0.26514957155318386,1.7354942980861963,-0.7693171728155732,68.08016765986046,-0.9192804033843262
barcelona,encoder,1,0,10,12.70969840750626,2.761680338336853,0.5687054235722715,0.5915003335214737,0.7130689106675561,-0.13533275180871263,0.7315280414592847,0.7381471599363744,0.21095233208476571,0.8484401457232285,0.8484401457232285,0.15155985427677154,8.880594501300026,0.21726358458617684,1.667985330713605,-0.588188051014197,110.8084528727707,-0.9536863136863137
barcelona,encoder,2,0,20,12.653053406767576,1.837302192296031,0.5979142080147776,0.7099132844168505,0.7266150135974139,-0.0690902560418698,0.8347016265585715,0.8277233311098569,0.14808353430140075,0.9331802555287598,0.9331802555287598,0.06681974447124017,8.854463573014273,0.2665991071886705,1.7354942980861963,-0.7751436865813625,68.08016765986046,-0.9192804033843262
barcelona,encoder,2,0,10,12.723365881567563,3.1019736202704102,0.5687054235722715,0.5915003335214737,0.7166478526348197,-0.14419672635845865,0.7315280414592847,0.7483580481297142,0.1777028067114782,0.8484401457232285,0.8484401457232285,0.15155985427677154,8.907724688681125,0.21809738827030634,1.667985330713605,-0.5922136524138097,110.8084528727707,-0.9536863136863137
barcelona,encoder,3,0,20,12.599212971946912,1.3151550706422823,0.5979142080147776,0.7099132844168505,0.7303607163015035,-0.06193237210734259,0.8347016265585715,0.8313792395710401,0.15663964287546817,0.9331802555287598,0.9331802555287598,0.06681974447124017,8.937803092112318,0.27577094771409505,1.7354942980861963,-0.7872101943273808,68.08016765986046,-0.9192804033843262
barcelona,encoder,3,0,10,12.608489425500823,2.557651870108406,0.5687054235722715,0.5915003335214737,0.7166735081327928,-0.14268305197803893,0.7315280414592847,0.7427523218225666,0.2068859356560111,0.8484401457232285,0.8484401457232285,0.15155985427677154,8.9506073044811,0.2248704397352353,1.667985330713605,-0.6031808329986628,110.8084528727707,-0.9536863136863137
barcelona,encoder,4,0,20,12.577724710706747,1.0148447581556574,0.5979142080147776,0.7099132844168505,0.7306814100261686,-0.04021499307301557,0.8347016265585715,0.8327004977166607,0.16188619221099088,0.9331802555287598,0.9331802555287598,0.06681974447124017,8.970904244396719,0.27933706193237207,1.7354942980861963,-0.7960753272725002,68.08016765986046,-0.9192804033843262
barcelona,encoder,4,0,10,12.564719055603817,2.246471684633354,0.5687054235722715,0.5915003335214737,0.7164297809020473,-0.12650726050592648,0.7315280414592847,0.7385576479039458,0.22298476063420392,0.8484401457232285,0.8484401457232285,0.15155985427677154,8.96318369533826,0.22801323823695419,1.667985330713605,-0.6118441780041968,110.8084528727707,-0.9536863136863137
barcelona,gbdt,0,0,20,12.687433088588032,1.7830641338555042,0.5979142080147776,0.7099132844168505,0.7309379650059008,-0.014200318128174905,0.8347016265585715,0.8280696803324953,0.15153419877879826,0.9331802555287598,0.9331802555287598,0.06681974447124017,8.349937330492397,0.23958386782287439,1.7354942980861963,-0.7406529449487961,68.08016765986046,-0.9192804033843262
barcelona,gbdt,0,0,10,12.738126907102163,3.056028652866596,0.5687054235722715,0.5915003335214737,0.7198547898814716,-0.11017753604597469,0.7315280414592847,0.7470624454820668,0.19582841602955514,0.8484401457232285,0.8484401457232285,0.15155985427677154,8.587059306711438,0.1983041715839704,1.667985330713605,-0.5632838322255875,110.8084528727707,-0.9536863136863137
barcelona,gbdt+k10,0,0,20,12.509295812998612,0.3568739252084278,0.5979142080147776,0.7099132844168505,0.7346067012160706,-0.0680768638719278,0.8347016265585715,0.8292498332392632,0.14978962491661962,0.9331802555287598,0.9331802555287598,0.06681974447124017,9.065211714730696,0.3360741957001385,1.7354942980861963,-0.9530211937348193,68.08016765986046,-0.9192804033843262
barcelona,gbdt+k10,0,1,20,12.63001135578036,0.8689218771580377,0.5979142080147776,0.7099132844168505,0.7160834316794089,-0.127700241161681,0.8347016265585715,0.8279285750936426,0.14746780235004364,0.9331802555287598,0.9331802555287598,0.06681974447124017,9.541788857722006,0.40257324644671355,1.7354942980861963,-1.0764026791925911,68.08016765986046,-0.9192804033843262
barcelona,gbdt+k10,0,2,20,12.515642389980043,0.08761112498064375,0.5979142080147776,0.7099132844168505,0.7378906049566422,0.025617014726255882,0.8347016265585715,0.8311355123402945,0.1580122120170353,0.9331802555287598,0.9331802555287598,0.06681974447124017,8.49399792346197,0.2551310995946431,1.7354942980861963,-0.777873184681401,68.08016765986046,-0.9192804033843262
barcelona,gbdt+k10,0,3,20,12.63009558442022,1.5792507976563104,0.5979142080147776,0.7099132844168505,0.7302837498075838,-0.036636051105751966,0.8347016265585715,0.8276078813689773,0.15009749089229818,0.9331802555287598,0.9331802555287598,0.06681974447124017,8.584704006312384,0.2779516650418185,1.7354942980861963,-0.8281747726992056,68.08016765986046,-0.9192804033843262
barcelona,gbdt+k10,0,4,20,12.536654193666616,0.1407876458130938,0.5979142080147776,0.7099132844168505,0.7361716865924368,0.034083329057416956,0.8347016265585715,0.8315588280568526,0.15933347016265587,0.9331802555287598,0.9331802555287598,0.06681974447124017,8.350425727894455,0.2390835856123968,1.7354942980861963,-0.7357774849233069,68.08016765986046,-0.9192804033843262
barcelona,gbdt+k10,0,5,20,12.61010498102222,1.563626540744069,0.5979142080147776,0.7099132844168505,0.7207399045615476,-0.1147570424341936,0.8347016265585715,0.8278387808507364,0.14096413361383342,0.9331802555287598,0.9331802555287598,0.06681974447124017,9.165384384775695,0.351172456257376,1.7354942980861963,-0.9784807873262538,68.08016765986046,-0.9192804033843262
barcelona,gbdt+k10,0,6,20,12.647190556268626,1.6866606142119611,0.5979142080147776,0.7099132844168505,0.714967417517574,-0.14133613833444503,0.8347016265585715,0.8267099389399148,0.1361408999948689,0.9331802555287598,0.9331802555287598,0.06681974447124017,9.32525141637434,0.3694648263122788,1.7354942980861963,-1.0100593661410038,68.08016765986046,-0.9192804033843262
barcelona,gbdt+k10,0,7,20,12.995183542043568,3.3965552207127905,0.5979142080147776,0.7099132844168505,0.7174175175740161,-0.09026886961875935,0.8347016265585715,0.8237852121709682,0.1274436861819488,0.9331802555287598,0.9331802555287598,0.06681974447124017,8.441705165137405,0.24694699574118734,1.7354942980861963,-0.752949147158841,68.08016765986046,-0.9192804033843262
barcelona,gbdt+k10,0,8,20,12.559644125409635,0.951397478745541,0.5979142080147776,0.7099132844168505,0.7341192467545795,-0.01679152342346968,0.8347016265585715,0.8301990866642721,0.1556903894504592,0.9331802555287598,0.9331802555287598,0.06681974447124017,8.649647732282629,0.2847118887577608,1.7354942980861963,-0.8477563481725408,68.08016765986046,-0.9192804033843262
barcelona,gbdt+k10,0,9,20,12.576728255674329,0.5329661968201291,0.5969264713428087,0.7099132844168505,0.7299887115808917,-0.09963312637898303,0.8347016265585715,0.8292113499923034,0.15195751449535633,0.9331802555287598,0.9331802555287598,0.06681974447124017,9.519508507991082,0.3943250038483247,1.7354942980861963,-1.0597278122571858,67.84561457035265,-0.9178702674985044
barcelona,gbdt+k10d,0,0,20,12.914728620816424,3.1733092076613354,0.5979142080147776,0.7099132844168505,0.7123890399712658,-0.11358971727641232,0.8347016265585715,0.8224254707783878,0.12002924726768949,0.9331802555287598,0.9331802555287598,0.06681974447124017,8.544301748926062,0.26566268151264816,1.7354942980861963,-0.8040211147374137,68.08016765986046,-0.9192804033843262
barcelona,gbdt,1,0,20,12.658701226863474,1.7048397464330471,0.5979142080147776,0.7099132844168505,0.7328749551028786,-0.02208938375493863,0.8347016265585715,0.8281594745754015,0.1491610652162758,0.9331802555287598,0.9331802555287598,0.06681974447124017,8.363609198801313,0.2409820924624147,1.7354942980861963,-0.7429484146535302,68.08016765986046,-0.9192804033843262
barcelona,gbdt,1,0,10,12.698732367064405,2.9751086370297064,0.5687054235722715,0.5915003335214737,0.7242418800348914,-0.11687362101698395,0.7315280414592847,0.7479475601621427,0.1885807378521217,0.8484401457232285,0.8484401457232285,0.15155985427677154,8.59632845488577,0.1995869464826313,1.667985330713605,-0.5666737170095013,110.8084528727707,-0.9536863136863137
barcelona,gbdt+k10,1,0,20,12.504817274243875,0.24237294727587666,0.5979142080147776,0.7099132844168505,0.7353250551593207,-0.0774154651341783,0.8347016265585715,0.8298655651906204,0.1477884960747088,0.9331802555287598,0.9331802555287598,0.06681974447124017,9.08336316360352,0.33747242033967884,1.7354942980861963,-0.9546137087936967,68.08016765986046,-0.9192804033843262
barcelona,gbdt+k10,1,1,20,12.612214425570818,0.47084000110400104,0.5979142080147776,0.7099132844168505,0.7209451485453333,-0.12496793062753353,0.8347016265585715,0.8289932782595311,0.14794242906254806,0.9331802555287598,0.9331802555287598,0.06681974447124017,9.601961634906912,0.4086151162194059,1.7354942980861963,-1.0859536770775378,68.08016765986046,-0.9192804033843262
barcelona,gbdt+k10,1,2,20,12.50354320652607,-0.1693297941321298,0.5979142080147776,0.7099132844168505,0.741136025450254,0.02909333470162656,0.8347016265585715,0.8310842013443481,0.1574991020575709,0.9331802555287598,0.9331802555287598,0.06681974447124017,8.496366544268477,0.25513109959464314,1.7354942980861963,-0.777099475607811,68.08016765986046,-0.9192804033843262
barcelona,gbdt+k10,1,3,20,12.601543386613992,1.4625047880407605,0.5979142080147776,0.7099132844168505,0.7330673713376776,-0.042164810918979945,0.8347016265585715,0.827851608599723,0.14813484529734722,0.9331802555287598,0.9331802555287598,0.06681974447124017,8.5868123843352,0.2774000718353943,1.7354942980861963,-0.8259816999875056,68.08016765986046,-0.9192804033843262
barcelona,gbdt+k10,1,4,20,12.522481158035795,-0.14368869945659843,0.5979142080147776,0.7099132844168505,0.7395582123249013,0.037341577300015416,0.8347016265585715,0.8319949715223972,0.15948740315049514,0.9331802555287598,0.9331802555287598,0.06681974447124017,8.367249212956192,0.24104623120734775,1.7354942980861963,-0.7393072471555768,68.08016765986046,-0.9192804033843262
barcelona,gbdt+k10,1,5,20,12.544879969536474,0.9707838514375419,0.5979142080147776,0.7099132844168505,0.72817999897378,-0.10464877623274671,0.8347016265585715,0.8285186515470265,0.14361947765406124,0.9331802555287598,0.9331802555287598,0.06681974447124017,9.212147197996815,0.3560983118682334,1.7354942980861963,-0.9871335587631626,68.08016765986046,-0.9192804033843262
barcelona,gbdt+k10,1,6,20,12.608734872333743,1.440760810433906,0.5979142080147776,0.7099132844168505,0.7181358715172661,-0.13909128226178868,0.8347016265585715,0.827094771409513,0.1365257324644671,0.9331802555287598,0.9331802555287598,0.06681974447124017,9.312010582390897,0.3667709990250911,1.7354942980861963,-1.0051538422014004,68.08016765986046,-0.9192804033843262
barcelona,gbdt+k10,1,7,20,12.965187527041325,3.3408169034792627,0.5979142080147776,0.7099132844168505,0.7190594694443019,-0.09765765303504537,0.8347016265585715,0.8231438247216378,0.12380060546975213,0.9331802555287598,0.9331802555287598,0.06681974447124017,8.445342502428607,0.24617733080199083,1.7354942980861963,-0.7501256487963723,68.08016765986046,-0.9192804033843262
barcelona,gbdt+k10,1,8,20,12.552860383376341,1.0466278419225252,0.5979142080147776,0.7099132844168505,0.735248088665401,-0.03852173020678329,0.8347016265585715,0.8289932782595311,0.151739442762584,0.9331802555287598,0.9331802555287598,0.06681974447124017,8.690191761290315,0.290035404587203,1.7354942980861963,-0.8585398812118025,68.08016765986046,-0.9192804033843262
barcelona,gbdt+k10,1,9,20,12.561980498740006,0.29322923733894474,0.5969264713428087,0.7099132844168505,0.7322848786494945,-0.10180101595771973,0.8347016265585715,0.829775770947714,0.1503155626250705,0.9331802555287598,0.9331802555287598,0.06681974447124017,9.514024003853141,0.3926060854841192,1.7354942980861963,-1.0566873688970184,67.84561457035265,-0.9178702674985044
barcelona,gbdt+k10d,1,0,20,12.886176961217034,3.099850243675222,0.5979142080147776,0.7099132844168505,0.7146980347888553,-0.12033711324336804,0.8347016265585715,0.8220919493047361,0.11746369747036789,0.9331802555287598,0.9331802555287598,0.06681974447124017,8.55093777660418,0.26604751398224646,1.7354942980861963,-0.803270574762296,68.08016765986046,-0.9192804033843262
barcelona,gbdt,2,0,20,12.72866883008482,1.8126374639377707,0.5979142080147776,0.7099132844168505,0.7308866540099543,0.002578377546308186,0.8347016265585715,0.8310713735953615,0.15781979578223615,0.9331802555287598,0.9331802555287598,0.06681974447124017,8.418966269126532,0.24435579044589256,1.7354942980861963,-0.7483217439570431,68.08016765986046,-0.9192804033843262
barcelona,gbdt,2,0,10,12.789822966609764,3.0750476597006426,0.5687054235722715,0.5915003335214737,0.717225101339217,-0.10287854687259484,0.7315280414592847,0.7419698291343835,0.21777669454564108,0.8484401457232285,0.8484401457232285,0.15155985427677154,8.628528332556817,0.20128020934886348,1.667985330713605,-0.5696663749994484,110.8084528727707,-0.9536863136863137
barcelona,gbdt+k10,2,0,20,12.524861384212718,0.8781132319864313,0.5979142080147776,0.7099132844168505,0.7313612807224589,-0.06968033249525374,0.8347016265585715,0.830237569911232,0.15295807891631175,0.9331802555287598,0.9331802555287598,0.06681974447124017,9.096539699413865,0.3343167940889733,1.7354942980861963,-0.9462973433161006,68.08016765986046,-0.9192804033843262
barcelona,gbdt+k10,2,1,20,12.630950310756377,0.8866697321932585,0.5979142080147776,0.7099132844168505,0.7208040433064806,-0.10876648365744779,0.8347016265585715,0.8307891631176562,0.1557160449484325,0.9331802555287598,0.9331802555287598,0.06681974447124017,9.603060488883422,0.4058058391913387,1.7354942980861963,-1.0788135109330972,68.08016765986046,-0.9192804033843262
barcelona,gbdt+k10,2,2,20,12.540598378334892,0.32867400043080286,0.5979142080147776,0.7099132844168505,0.737146595515419,0.03752116578582787,0.8347016265585715,0.8328929139514598,0.16156549848632562,0.9331802555287598,0.9331802555287598,0.06681974447124017,8.543035008793561,0.25685001795884865,1.7354942980861963,-0.7789044701356056,68.08016765986046,-0.9192804033843262
barcelona,gbdt+k10,2,3,20,12.707798532661919,1.9073942159055768,0.5979142080147776,0.7099132844168505,0.7293729796295346,-0.028798296474934593,0.8347016265585715,0.8294037662271024,0.15399712658422704,0.9331802555287598,0.9331802555287598,0.06681974447124017,8.616286326844774,0.2760916414387603,1.7354942980861963,-0.8203064936441665,68.08016765986046,-0.9192804033843262
barcelona,gbdt+k10,2,4,20,12.562011879124753,0.2619322001938607,0.5979142080147776,0.7099132844168505,0.7349658781876957,0.05247832110421258,0.8347016265585715,0.8332520909230848,0.1628739288829596,0.9331802555287598,0.9331802555287598,0.06681974447124017,8.40711189140264,0.24170044640566474,1.7354942980861963,-0.7390183717010933,68.08016765986046,-0.9192804033843262
barcelona,gbdt+k10,2,5,20,12.635478587105778,1.6555775473493466,0.5979142080147776,0.7099132844168505,0.7233567653548155,-0.10151880548001435,0.8347016265585715,0.8291472112473703,0.14912258196931605,0.9331802555287598,0.9331802555287598,0.06681974447124017,9.235392345792464,0.35495664220842527,1.7354942980861963,-0.9817380049867528,68.08016765986046,-0.9192804033843262
barcelona,gbdt+k10,2,6,20,12.679938418215949,1.8750149688133466,0.5979142080147776,0.7099132844168505,0.7173148955821232,-0.12787982964749345,0.8347016265585715,0.8283903740571604,0.14556929550002562,0.9331802555287598,0.9331802555287598,0.06681974447124017,9.333701201539535,0.3658987120940018,1.7354942980861963,-1.0006099815314253,68.08016765986046,-0.9192804033843262
barcelona,gbdt+k10,2,7,20,13.179794453528556,3.9184878975337134,0.5979142080147776,0.7099132844168505,0.7141720970804043,-0.09402740007183541,0.8347016265585715,0.8246703268510441,0.1335625224485607,0.9331802555287598,0.9331802555287598,0.06681974447124017,8.488772991086176,0.247383139206732,1.7354942980861963,-0.7506440083676093,68.08016765986046,-0.9192804033843262
barcelona,gbdt+k10,2,8,20,12.616269443731856,1.255325718052214,0.5979142080147776,0.7099132844168505,0.7326440556211196,-0.013546102929857917,0.8347016265585715,0.8319949715223972,0.1597952691261737,0.9331802555287598,0.9331802555287598,0.06681974447124017,8.735003721108617,0.29088203602031915,1.7354942980861963,-0.8586839825111158,68.08016765986046,-0.9192804033843262
barcelona,gbdt+k10,2,9,20,12.59212437017372,0.7563283118098498,0.5969264713428087,0.7099132844168505,0.7320283236697624,-0.08432962183795989,0.8347016265585715,0.8320206270203705,0.15805069526399507,0.9331802555287598,0.9331802555287598,0.06681974447124017,9.523348850571251,0.3906306121401816,1.7354942980861963,-1.0500485661260588,67.84561457035265,-0.9178702674985044
barcelona,gbdt+k10d,2,0,20,12.986888567031246,3.3710266870221255,0.5979142080147776,0.7099132844168505,0.7145569295500026,-0.09920981066242496,0.8347016265585715,0.8249397095797629,0.13449894812458307,0.9331802555287598,0.9331802555287598,0.06681974447124017,8.570567991559395,0.2633408589460722,1.7354942980861963,-0.7946001019989424,68.08016765986046,-0.9192804033843262
barcelona,gbdt,3,0,20,12.702987069784841,1.744915378022144,0.5979142080147776,0.7099132844168505,0.7316434912001641,-0.0008209759351428536,0.8347016265585715,0.8295320437169685,0.15566473395248603,0.9331802555287598,0.9331802555287598,0.06681974447124017,8.421637854235762,0.24452255118271843,1.7354942980861963,-0.7491357538316985,68.08016765986046,-0.9192804033843262
barcelona,gbdt,3,0,10,12.756082058217629,3.010338265224284,0.5687054235722715,0.5915003335214737,0.720265277849043,-0.09950484888911698,0.7315280414592847,0.7396736620657807,0.21165785827902917,0.8484401457232285,0.8484401457232285,0.15155985427677154,8.631654384779631,0.2022936015188055,1.667985330713605,-0.5716283253637882,110.8084528727707,-0.9536863136863137
barcelona,gbdt+k10,3,0,20,12.517207517514835,0.7629982362780504,0.5979142080147776,0.7099132844168505,0.7303350608035302,-0.07414438914259325,0.8347016265585715,0.8292754887372364,0.1512263328031197,0.9331802555287598,0.9331802555287598,0.06681974447124017,9.093610839792769,0.3348555595464108,1.7354942980861963,-0.945448160631967,68.08016765986046,-0.9192804033843262
barcelona,gbdt+k10,3,1,20,12.621444922424299,0.7289581727559442,0.5979142080147776,0.7099132844168505,0.720560316075735,-0.11134486120375597,0.8347016265585715,0.8298527374416338,0.15449740879470475,0.9331802555287598,0.9331802555287598,0.06681974447124017,9.620797164063054,0.4086151162194058,1.7354942980861963,-1.0820444881202613,68.08016765986046,-0.9192804033843262
barcelona,gbdt+k10,3,2,20,12.530644860702138,0.2693125631402191,0.5979142080147776,0.7099132844168505,0.7377238442198163,0.031248396531376676,0.8347016265585715,0.832559392477808,0.1613345990045667,0.9331802555287598,0.9331802555287598,0.06681974447124017,8.564373822397762,0.26057006516496484,1.7354942980861963,-0.7866229810144567,68.08016765986046,-0.9192804033843262
barcelona,gbdt+k10,3,3,20,12.662688440071904,1.664057552636138,0.5979142080147776,0.7099132844168505,0.7305659602852891,-0.024808866540099506,0.8347016265585715,0.8286469290368926,0.15347118887577604,0.9331802555287598,0.9331802555287598,0.06681974447124017,8.619117338645967,0.27704089486376937,1.7354942980861963,-0.8222123696299025,68.08016765986046,-0.9192804033843262
barcelona,gbdt+k10,3,4,20,12.548845220224038,0.1492128629161015,0.5979142080147776,0.7099132844168505,0.7351454666735081,0.049168761865667765,0.8347016265585715,0.8331622966801786,0.1631176561137052,0.9331802555287598,0.9331802555287598,0.06681974447124017,8.404278129951203,0.24095643696444147,1.7354942980861963,-0.7372665231250224,68.08016765986046,-0.9192804033843262
barcelona,gbdt+k10,3,5,20,12.607283962726111,1.439926347776064,0.5979142080147776,0.7099132844168505,0.7238955308122531,-0.10241674790907696,0.8347016265585715,0.8280696803324953,0.14889168248755713,0.9331802555287598,0.9331802555287598,0.06681974447124017,9.273710401211122,0.3603186412848273,1.7354942980861963,-0.9903093728918857,68.08016765986046,-0.9192804033843262
barcelona,gbdt+k10,3,6,20,12.650027405739971,1.685377140205872,0.5979142080147776,0.7099132844168505,0.717520139565909,-0.13003489147724356,0.8347016265585715,0.8264918672071425,0.14556929550002562,0.9331802555287598,0.9331802555287598,0.06681974447124017,9.359103264446697,0.3691441325876136,1.7354942980861963,-1.005365142275322,68.08016765986046,-0.9192804033843262
barcelona,gbdt+k10,3,7,20,13.112196888713195,3.7416159367853687,0.5979142080147776,0.7099132844168505,0.7144029965621632,-0.09400174457386223,0.8347016265585715,0.822386987531428,0.13099697265123922,0.9331802555287598,0.9331802555287598,0.06681974447124017,8.488486039491256,0.24758838319051768,1.7354942980861963,-0.750461570031672,68.08016765986046,-0.9192804033843262
barcelona,gbdt+k10,3,8,20,12.606178583227281,1.303152147100634,0.5979142080147776,0.7099132844168505,0.7316691466981374,-0.025475909487403192,0.8347016265585715,0.8303401919031248,0.15706295859202624,0.9331802555287598,0.9331802555287598,0.06681974447124017,8.738665148408964,0.29201087793114067,1.7354942980861963,-0.8602548166562253,68.08016765986046,-0.9192804033843262
barcelona,gbdt+k10,3,9,20,12.590995979237595,0.8159637884917535,0.5969264713428087,0.7099132844168505,0.7288598696700703,-0.09763199753707219,0.8347016265585715,0.8302247421622454,0.15512596849504845,0.9331802555287598,0.9331802555287598,0.06681974447124017,9.529015586794403,0.39140027707937813,1.7354942980861963,-1.0505111670824072,67.84561457035265,-0.9178702674985044
barcelona,gbdt+k10d,3,0,20,12.960959622634823,3.305006931321808,0.5979142080147776,0.7099132844168505,0.7130817384165427,-0.10558520190876908,0.8347016265585715,0.8225280927702807,0.12944481502385963,0.9331802555287598,0.9331802555287598,0.06681974447124017,8.58069390397108,0.26517522705115704,1.7354942980861963,-0.7979342221872165,68.08016765986046,-0.9192804033843262
barcelona,gbdt,4,0,20,12.674070247271148,1.735945902228482,0.5979142080147776,0.7099132844168505,0.7336189645441018,-0.01634255220893832,0.8347016265585715,0.8269664939196469,0.14886602698958384,0.9331802555287598,0.9331802555287598,0.06681974447124017,8.322343033747819,0.23758273898096366,1.7354942980861963,-0.7367383976144425,68.08016765986046,-0.9192804033843262
barcelona,gbdt,4,0,10,12.720354143266842,3.0126749919273865,0.5687054235722715,0.5915003335214737,0.7237159423264405,-0.11165272717943459,0.7315280414592847,0.746857201498281,0.18995330699368873,0.8484401457232285,0.8484401457232285,0.15155985427677154,8.574030105356327,0.19747036789984096,1.667985330713605,-0.5613054425384763,110.8084528727707,-0.9536863136863137
barcelona,gbdt+k10,4,0,20,12.50854661481414,0.3894093882270193,0.5979142080147776,0.7099132844168505,0.7344142849812715,-0.07132228436553956,0.8347016265585715,0.8284416850531069,0.14767304633382938,0.9331802555287598,0.9331802555287598,0.06681974447124017,9.01638174185904,0.3304812971419775,1.7354942980861963,-0.9440515776974051,68.08016765986046,-0.9192804033843262
barcelona,gbdt+k10,4,1,20,12.614203734830513,0.3664588227868884,0.5979142080147776,0.7099132844168505,0.724421468520704,-0.11417979372979625,0.8347016265585715,0.828210785571348,0.14959720868182047,0.9331802555287598,0.9331802555287598,0.06681974447124017,9.57853597988572,0.407627379547437,1.7354942980861963,-1.085412298781355,68.08016765986046,-0.9192804033843262
barcelona,gbdt+k10,4,2,20,12.511360164017953,0.04957403915374112,0.5979142080147776,0.7099132844168505,0.7401354610292986,0.025604186977269183,0.8347016265585715,0.8304299861460311,0.1562034994099235,0.9331802555287598,0.9331802555287598,0.06681974447124017,8.47193223096319,0.25379701370003593,1.7354942980861963,-0.7768871478489896,68.08016765986046,-0.9192804033843262
barcelona,gbdt+k10,4,3,20,12.6179126168376,1.5295813081912557,0.5979142080147776,0.7099132844168505,0.7332726153214634,-0.03985581610139055,0.8347016265585715,0.8265688337010622,0.1476473908358561,0.9331802555287598,0.9331802555287598,0.06681974447124017,8.562081035761912,0.2762712299245728,1.7354942980861963,-0.8264020298272132,68.08016765986046,-0.9192804033843262
barcelona,gbdt+k10,4,4,20,12.531400573514114,0.03416464785440562,0.5979142080147776,0.7099132844168505,0.7378392939606958,0.03729026630406895,0.8347016265585715,0.8307891631176562,0.1580250397660219,0.9331802555287598,0.9331802555287598,0.06681974447124017,8.330320689988266,0.23869875314279848,1.7354942980861963,-0.7358914000623148,68.08016765986046,-0.9192804033843262
barcelona,gbdt+k10,4,5,20,12.55960479814607,1.0825000839864325,0.5979142080147776,0.7099132844168505,0.728475037200472,-0.10071065729385809,0.8347016265585715,0.8272487043973523,0.14322181743547646,0.9331802555287598,0.9331802555287598,0.06681974447124017,9.163461790435848,0.35192929344758583,1.7354942980861963,-0.9823839765945942,68.08016765986046,-0.9192804033843262
barcelona,gbdt+k10,4,6,20,12.61666553551467,1.458022939438505,0.5979142080147776,0.7099132844168505,0.7186361537277438,-0.13646159371953415,0.8347016265585715,0.826440556211196,0.13694904818102516,0.9331802555287598,0.9331802555287598,0.06681974447124017,9.294177395841041,0.36612961157576074,1.7354942980861963,-1.0063287330982724,68.08016765986046,-0.9192804033843262
barcelona,gbdt+k10,4,7,20,12.975143262016429,3.3520845997323505,0.5979142080147776,0.7099132844168505,0.7167889578736724,-0.09728564831443376,0.8347016265585715,0.8233490687054236,0.12382626096772542,0.9331802555287598,0.9331802555287598,0.06681974447124017,8.42579417302561,0.2466134742675356,1.7354942980861963,-0.7543201305842601,68.08016765986046,-0.9192804033843262
barcelona,gbdt+k10,4,8,20,12.570336343594175,1.127444186698601,0.5979142080147776,0.7099132844168505,0.7353891939042537,-0.031248396531376676,0.8347016265585715,0.8283775463081738,0.15240648570988768,0.9331802555287598,0.9331802555287598,0.06681974447124017,8.639558536004373,0.2853147929601313,1.7354942980861963,-0.850274656246983,68.08016765986046,-0.9192804033843262
barcelona,gbdt+k10,4,9,20,12.570843395673961,0.4543569513845074,0.5969264713428087,0.7099132844168505,0.7320283236697624,-0.10049258556108576,0.8347016265585715,0.828762378777772,0.14989224690851255,0.9331802555287598,0.9331802555287598,0.06681974447124017,9.472903959564528,0.3899122581969316,1.7354942980861963,-1.053629662125022,67.84561457035265,-0.9178702674985044
barcelona,gbdt+k10d,4,0,20,12.848533173449368,2.914400226663048,0.5979142080147776,0.7099132844168505,0.7159038431935963,-0.10863820616758169,0.8347016265585715,0.8231181692236647,0.12236389758325206,0.9331802555287598,0.9331802555287598,0.06681974447124017,8.51456167091453,0.263148442711273,1.7354942980861963,-0.7994946142169527,68.08016765986046,-0.9192804033843262
barcelona,gbdt_iw,0,0,20,12.669451645139477,1.5605806836362144,0.5979142080147776,0.7099132844168505,0.7321052901636821,-0.08689517163528149,0.8347016265585715,0.8259787572476782,0.1334599004566679,0.9331802555287598,0.9331802555287598,0.06681974447124017,8.527677857990302,0.2763738519164657,1.7354942980861963,-0.8301767415721989,68.08016765986046,-0.9192804033843262
barcelona,gbdt_iw,0,0,10,12.68222070295373,2.7576355483561272,0.5687054235722715,0.5915003335214737,0.7274231617835702,-0.1546128585355842,0.7315280414592847,0.7549771666068038,0.14299091795371743,0.8484401457232285,0.8484401457232285,0.15155985427677154,8.674765534456096,0.2301683000667043,1.667985330713605,-0.6495835230080336,110.8084528727707,-0.9536863136863137
barcelona,gbdt_iw,1,0,20,12.72849736228678,2.0032769235943086,0.5979142080147776,0.7099132844168505,0.7295012571194007,-0.06381805120837392,0.8347016265585715,0.8278259531017497,0.1435681666581149,0.9331802555287598,0.9331802555287598,0.06681974447124017,8.472128004147766,0.27406485709887635,1.7354942980861963,-0.828286357266868,68.08016765986046,-0.9192804033843262
barcelona,gbdt_iw,1,0,10,12.791308823132288,3.2004854344985207,0.5687054235722715,0.5915003335214737,0.7187387757196367,-0.1495202421879009,0.7315280414592847,0.7530016932628663,0.1649007132228436,0.8484401457232285,0.8484401457232285,0.15155985427677154,8.638112215793676,0.22778233875519527,1.667985330713605,-0.6468190791321298,110.8084528727707,-0.9536863136863137
barcelona,gbdt_iw,2,0,20,12.719985745280777,1.914613266479463,0.5979142080147776,0.7099132844168505,0.7304505105444097,-0.06866694032531173,0.8347016265585715,0.82703063266458,0.1415157268202576,0.9331802555287598,0.9331802555287598,0.06681974447124017,8.428510763593968,0.2715249627995279,1.7354942980861963,-0.8257422108251075,68.08016765986046,-0.9192804033843262
barcelona,gbdt_iw,2,0,10,12.769889439756204,3.111459551706828,0.5687054235722715,0.5915003335214737,0.7219072297193289,-0.1511750218071733,0.7315280414592847,0.75219354507671,0.16111652727179437,0.8484401457232285,0.8484401457232285,0.15155985427677154,8.610140191518843,0.22656370260146752,1.667985330713605,-0.6441290700904152,110.8084528727707,-0.9536863136863137
barcelona,gbdt_iw,3,0,20,12.787983644454858,2.238406896148798,0.5979142080147776,0.7099132844168505,0.7285263481964185,-0.05127251269947153,0.8347016265585715,0.8282492688183077,0.14963569192878035,0.9331802555287598,0.9331802555287598,0.06681974447124017,8.457597876584751,0.27217917799784497,1.7354942980861963,-0.8261486052028668,68.08016765986046,-0.9192804033843262
barcelona,gbdt_iw,3,0,10,12.87488222120285,3.433952463712287,0.5687054235722715,0.5915003335214737,0.7135563651290472,-0.14846836677099906,0.7315280414592847,0.7501795884858125,0.1843732361845143,0.8484401457232285,0.8484401457232285,0.15155985427677154,8.629018002954119,0.22648673610754788,1.667985330713605,-0.6440310422194055,110.8084528727707,-0.9536863136863137
barcelona,gbdt_iw,4,0,20,12.684360609570875,1.6589158982126986,0.5979142080147776,0.7099132844168505,0.7284878649494587,-0.0821489045102366,0.8347016265585715,0.8255297860331469,0.13077890091846678,0.9331802555287598,0.9331802555287598,0.06681974447124017,8.474961443864885,0.27461645030530046,1.7354942980861963,-0.8290307831654282,68.08016765986046,-0.9192804033843262
barcelona,gbdt_iw,4,0,10,12.708611251173028,2.8575499521511625,0.5687054235722715,0.5915003335214737,0.7226255836625789,-0.1540997485761199,0.7315280414592847,0.7543999179024065,0.14497921904664168,0.8484401457232285,0.8484401457232285,0.15155985427677154,8.640271080138822,0.2290266304068962,1.667985330713605,-0.6487859867742969,110.8084528727707,-0.9536863136863137
barcelona,gp_ard,0,0,20,12.754213812535367,2.265815549034312,0.5979142080147776,0.7099132844168505,0.7232156601159628,-0.14286264046385144,0.8347016265585715,0.8221689157986557,0.1128457078351891,0.9331802555287598,0.9331802555287598,0.06681974447124017,9.112831445788494,0.29215198316999336,1.7354942980861963,-0.8054529919708244,68.08016765986046,-0.9192804033843262
barcelona,gp_ard,0,0,10,12.860676642531185,3.5054707704491355,0.5687054235722715,0.5915003335214737,0.7118117912668684,-0.19267278977884966,0.7315280414592847,0.7575427164041254,0.09963312637898303,0.8484401457232285,0.8486453897070142,0.1503283903740572,9.030380276036363,0.23980193955564683,1.667985330713605,-0.6286567834676255,110.8084528727707,-0.9536863136863137
barcelona,kernel,0,0,20,13.220780425283515,2.11940479586724,0.5979142080147776,0.7099132844168505,0.709079480732721,0.07782595310174967,0.8347016265585715,0.8347016265585715,0.1652983734414285,0.9331802555287598,0.9331802555287598,0.06681974447124017,8.302503095608744,0.23045051054440963,1.7354942980861963,-0.7187554814537971,68.08016765986046,-0.9192804033843262
barcelona,kernel,0,0,10,13.328929584085996,3.378905676521574,0.5687054235722715,0.5915003335214737,0.6814869926625275,-0.04181846169634151,0.7315280414592847,0.7380188824465083,0.2473061727128123,0.8484401457232285,0.8484401457232285,0.15155985427677154,8.583661870133357,0.1909025604186977,1.667985330713605,-0.538830061543768,110.8084528727707,-0.9536863136863137
barcelona,knn,0,0,20,12.662097812424163,1.284383160804594,0.5979142080147776,0.7099132844168505,0.7184052542459849,-0.03545589819898409,0.8347016265585715,0.8307506798706963,0.15829442249474068,0.9331802555287598,0.9331802555287598,0.06681974447124017,8.728077612350079,0.25459233413720567,1.7354942980861963,-0.7478534709860974,68.08016765986046,-0.9192804033843262
barcelona,knn,0,0,10,12.67851196444316,2.554262710936967,0.5687054235722715,0.5915003335214737,0.7077197393401405,-0.13288265175227054,0.7315280414592847,0.7379419159525886,0.22316434912001637,0.8484401457232285,0.8484401457232285,0.15155985427677154,8.849886955210561,0.2096823849350915,1.667985330713605,-0.5721453647274501,110.8084528727707,-0.9536863136863137
barcelona,median,0,0,20,14.585538966033651,3.3550288105090837,0.5979142080147776,0.7099132844168505,0.6898250295038226,0.13617938324182877,0.8347016265585715,0.8347016265585715,0.1652983734414285,0.9331802555287598,0.9331802555287598,0.06681974447124017,8.032322793228104,0.21994458412437784,1.7354942980861963,-0.6982747375189566,68.08016765986046,-0.9192804033843262
barcelona,median,0,0,10,14.777222064138158,4.626448583931763,0.5687054235722715,0.5915003335214737,0.6125634973574837,-0.004297295910513643,0.7315280414592847,0.7375570834829904,0.2515393298783929,0.8484401457232285,0.8484401457232285,0.15155985427677154,8.402832138642305,0.18120478218482228,1.667985330713605,-0.5222378144170945,110.8084528727707,-0.9536863136863137
barcelona,mlp,0,0,20,12.630145004672299,2.2279779128082766,0.5979142080147776,0.7099132844168505,0.7232028323669762,-0.13610241674790913,0.8347016265585715,0.8226435425111601,0.1111909282159167,0.9331802555287598,0.9331802555287598,0.06681974447124017,8.998843260869561,0.27795166504181845,1.7354942980861963,-0.7871421267268349,68.08016765986046,-0.9192804033843262
barcelona,mlp,0,0,10,12.736336862532543,3.4883199477247038,0.5687054235722715,0.5915003335214737,0.7173277233311098,-0.1838729539740367,0.7315280414592847,0.7581456206064959,0.09597721791779978,0.8484401457232285,0.8484401457232285,0.15155985427677154,8.991084333693621,0.22902663040689625,1.667985330713605,-0.6093615308942613,110.8084528727707,-0.9536863136863137
barcelona,mlp,1,0,20,12.685250937409688,2.5990080316451842,0.5979142080147776,0.7099132844168505,0.7190722971932885,-0.14274719072297193,0.8347016265585715,0.8227205090050798,0.11352557853147927,0.9331802555287598,0.9331802555287598,0.06681974447124017,9.014615395668903,0.2845836112678948,1.7354942980861963,-0.8052857661688398,68.08016765986046,-0.9192804033843262
barcelona,mlp,1,0,10,12.823623214919387,3.84032971228143,0.5687054235722715,0.5915003335214737,0.7112858535584176,-0.19430191390014884,0.7315280414592847,0.7568115347118888,0.09938939914823741,0.8484401457232285,0.8484401457232285,0.15155985427677154,8.991602570646116,0.23500436143465542,1.667985330713605,-0.6258083471431883,110.8084528727707,-0.9536863136863137
barcelona,mlp,2,0,20,12.645234958842424,2.2599381029702643,0.5979142080147776,0.7099132844168505,0.725729898917338,-0.12528862435219867,0.8347016265585715,0.8258376520088255,0.13303658474010982,0.9331802555287598,0.9331802555287598,0.06681974447124017,9.024977409780417,0.28427574529221616,1.7354942980861963,-0.7995924454459243,68.08016765986046,-0.9192804033843262
barcelona,mlp,2,0,10,12.744226213702648,3.501938502411632,0.5687054235722715,0.5915003335214737,0.717058340602391,-0.18375750423315718,0.7315280414592847,0.7524629278054287,0.13706449792190467,0.8484401457232285,0.8484401457232285,0.15155985427677154,8.986732034421104,0.233413720560316,1.667985330713605,-0.6197685735441856,110.8084528727707,-0.9536863136863137
barcelona,mlp,3,0,20,12.586190575156625,2.0245813171352807,0.5979142080147776,0.7099132844168505,0.7292190466416953,-0.10994663656421566,0.8347016265585715,0.8259659294986915,0.13149725486171682,0.9331802555287598,0.9331802555287598,0.06681974447124017,8.946231914942905,0.27350043614346553,1.7354942980861963,-0.780402384857325,68.08016765986046,-0.9192804033843262
barcelona,mlp,3,0,10,12.679703072919883,3.284581158980608,0.5687054235722715,0.5915003335214737,0.7192903689260609,-0.17193031966750477,0.7315280414592847,0.7568115347118888,0.1374108471445431,0.8484401457232285,0.8484401457232285,0.15155985427677154,8.953042309743436,0.22485761198624865,1.667985330713605,-0.6012713972681745,110.8084528727707,-0.9536863136863137
barcelona,mlp,4,0,20,12.597122612098827,2.0659224956443785,0.5979142080147776,0.7099132844168505,0.7250115449740879,-0.12572476781774333,0.8347016265585715,0.8237852121709682,0.12033711324336804,0.9331802555287598,0.9331802555287598,0.06681974447124017,9.007945690120222,0.2821976499563857,1.7354942980861963,-0.7993088145882327,68.08016765986046,-0.9192804033843262
barcelona,mlp,4,0,10,12.686560892231597,3.3122481545454576,0.5687054235722715,0.5915003335214737,0.7184052542459849,-0.17938324182872395,0.7315280414592847,0.7577736158858843,0.11518035815075167,0.8484401457232285,0.8484401457232285,0.15155985427677154,8.992202240307947,0.23237467289240088,1.667985330713605,-0.6197262915636976,110.8084528727707,-0.9536863136863137
barcelona,ridge,0,0,20,12.6345175761736,2.0782559401613376,0.5979142080147776,0.7099132844168505,0.7312073477346195,-0.07771050336087026,0.8347016265585715,0.8298399096926471,0.14286264046385144,0.9331802555287598,0.9331802555287598,0.06681974447124017,8.798958562284882,0.2662655857150187,1.7354942980861963,-0.7763047007822281,68.08016765986046,-0.9192804033843262
barcelona,ridge,0,0,10,12.737549788774736,3.3205060960461528,0.5687054235722715,0.5915003335214737,0.7124788342141721,-0.15978244137718717,0.7315280414592847,0.7525270665503617,0.16729950228333934,0.8484401457232285,0.8484401457232285,0.15155985427677154,8.86163474270069,0.2180204217763867,1.667985330713605,-0.5946440711325613,110.8084528727707,-0.9536863136863137
barcelona,ridge+k10,0,0,20,12.472399266635302,0.6650547877661888,0.5979142080147776,0.7099132844168505,0.7286546256862846,-0.1033788290830725,0.8347016265585715,0.8319564882754374,0.1452357740263739,0.9331802555287598,0.9331802555287598,0.06681974447124017,9.312330890410356,0.33693365488224125,1.7354942980861963,-0.9215797823818745,68.08016765986046,-0.9192804033843262
barcelona,ridge+k10,0,1,20,12.591144108639904,1.2811444014655151,0.5979142080147776,0.7099132844168505,0.7064369644414799,-0.1771896967520139,0.8347016265585715,0.8300836369233927,0.1347426753553287,0.9331802555287598,0.9331802555287598,0.06681974447124017,9.884145931811574,0.4236492380317103,1.7354942980861963,-1.0791475867324207,68.08016765986046,-0.9192804033843262
barcelona,ridge+k10,0,2,20,12.44800342432553,0.3848416859802711,0.5979142080147776,0.7099132844168505,0.7415593411668121,-0.00891528554569243,0.8347016265585715,0.833085330186259,0.15483093026835648,0.9331802555287598,0.9331802555287598,0.06681974447124017,8.812715480131297,0.26525219354507673,1.7354942980861963,-0.7748801392664154,68.08016765986046,-0.9192804033843262
barcelona,ridge+k10,0,3,20,12.524272716586045,1.345608805513336,0.5979142080147776,0.7099132844168505,0.7368387295397404,-0.040599825542613766,0.8347016265585715,0.8314690338139463,0.15018728513520452,0.9331802555287598,0.9331802555287598,0.06681974447124017,8.789299803699814,0.26811278156909024,1.7354942980861963,-0.7759878414518072,68.08016765986046,-0.9192804033843262
barcelona,ridge+k10,0,4,20,12.468166405605855,-0.4011264208333487,0.5979142080147776,0.7099132844168505,0.7400328390374057,0.02691261737390327,0.8347016265585715,0.8339191338703884,0.16166812047821844,0.9331802555287598,0.9331802555287598,0.06681974447124017,8.729086167980068,0.25815844835548263,1.7354942980861963,-0.7561662503483111,68.08016765986046,-0.9192804033843262
barcelona,ridge+k10,0,5,20,12.568478724367285,1.8411035527909818,0.5979142080147776,0.7099132844168505,0.7161603981733285,-0.15104674431730725,0.8347016265585715,0.829288316486223,0.1297398532505516,0.9331802555287598,0.9331802555287598,0.06681974447124017,9.484170167225841,0.36034429678280055,1.7354942980861963,-0.9593382192926106,68.08016765986046,-0.9192804033843262
barcelona,ridge+k10,0,6,20,12.51676676954258,1.2717333716980792,0.5979142080147776,0.7099132844168505,0.7226640669095387,-0.1285853558417569,0.8347016265585715,0.8307506798706963,0.14231104725742727,0.9331802555287598,0.9331802555287598,0.06681974447124017,9.466750561696857,0.3595104930986711,1.7354942980861963,-0.9597178727504596,68.08016765986046,-0.9192804033843262
barcelona,ridge+k10,0,7,20,12.92549638023384,3.405931832824493,0.5979142080147776,0.7099132844168505,0.7210349427882395,-0.11243521986761762,0.8347016265585715,0.8257606855149059,0.1237236389758325,0.9331802555287598,0.9331802555287598,0.06681974447124017,8.727736837575543,0.24865308635640615,1.7354942980861963,-0.7292818359180695,68.08016765986046,-0.9192804033843262
barcelona,ridge+k10,0,8,20,12.430972102181896,-0.02443166452869625,0.5979142080147776,0.7099132844168505,0.7415593411668121,-0.02774642105803271,0.8347016265585715,0.8339832726153215,0.16011596285083896,0.9331802555287598,0.9331802555287598,0.06681974447124017,9.152377037127206,0.3203473754425573,1.7354942980861963,-0.892284657876684,68.08016765986046,-0.9192804033843262
barcelona,ridge+k10,0,9,20,12.464240876819684,0.4114389815299164,0.5969264713428087,0.7099132844168505,0.7326697111190928,-0.09497665349684437,0.8347016265585715,0.8331109856842321,0.1528811124223921,0.9331802555287598,0.9331802555287598,0.06681974447124017,9.52982682636393,0.3672584534865822,1.7354942980861963,-0.9749839980700625,67.84561457035265,-0.9178702674985044
barcelona,ridge+k10d,0,0,20,12.887380077063304,3.322835321118154,0.5979142080147776,0.7099132844168505,0.7137872646108061,-0.14310636769459695,0.8347016265585715,0.8220791215557494,0.11201190415105955,0.9331802555287598,0.9331802555287598,0.06681974447124017,8.858551359511647,0.27382112986813073,1.7354942980861963,-0.7930365294763424,68.08016765986046,-0.9192804033843262
barcelona,uma_los,0,0,20,24.176742632727205,-19.73022410405331,0.5979142080147776,0.7099132844168505,0.7099132844168505,0.29008671558314947,0.8347016265585715,0.8347016265585715,0.1652983734414285,0.9331802555287598,0.9331802555287598,0.06681974447124017,9.009921374361195,0.3585099286777156,1.7354942980861963,-1.008113254143869,68.08016765986046,-0.9192804033843262
barcelona,uma_los,0,0,10,23.28213057096331,-18.70894417205848,0.5687054235722715,0.5915003335214737,0.5915003335214737,0.4084996664785263,0.7315280414592847,0.7315280414592847,0.26847195854071526,0.8484401457232285,0.8484401457232285,0.15155985427677154,8.902436742612863,0.29125404074093075,1.667985330713605,-0.8066707900214535,110.8084528727707,-0.9536863136863137
barcelona,uma_nlos,0,0,20,22.952344803644902,17.0981314074181,0.5979142080147776,0.7099132844168505,0.5253476319975371,-0.2763610241674791,0.8347016265585715,0.7571578839345272,-0.002706655036174288,0.9331802555287598,0.932551695828416,0.06613987377495001,7.950122335925207,0.045551336651444396,1.7354942980861963,-0.14758276405453952,68.08016765986046,-0.9192804033843262
barcelona,uma_nlos,0,0,10,24.162676457320106,18.890060885317652,0.5687054235722715,0.5915003335214737,0.5313895017702294,-0.35675252706655036,0.7315280414592847,0.6202986299964083,-0.16150135974139257,0.8484401457232285,0.8192698445276823,0.09003797013700043,8.756625317080385,0.08031453640515163,1.667985330713605,-0.13544087243657676,110.8084528727707,-0.9536863136863137
berlin,oracle,0,0,20,11.615051035088177,-0.0002631918639423146,0.37564549191804913,0.8094720688226004,0.7865424036382781,-0.12756376508014744,0.92165604382064,0.9110593348492826,0.0349041703538584,0.9796691048805349,0.9796691048805349,0.020330895119465064,6.613908188743631,0.31352144545383265,1.2689736784108612,-0.49530446646549575,85.72153485418195,-0.9396699232764807
berlin,oracle,0,0,10,11.901179164002508,0.9119865898665559,0.3598064364365486,0.7617644752612772,0.6874754965107032,-0.22405430533307946,0.9006866577800678,0.877398541552317,0.014752500756107678,0.972007213827249,0.972007213827249,0.027992786172751027,7.400333824330472,0.3862870072698352,1.4706625959242732,-0.6818858217395327,129.8651277521705,-0.9614883665857558
berlin,coral,0,0,20,13.574788666170107,5.43003157172197,0.375947934985942,0.8094720688226004,0.6241192745847008,-0.3391842998442979,0.92165604382064,0.834081973272994,-0.10231536970864652,0.9796691048805349,0.9787729772719636,0.019165929228322165,7.113379666553057,0.3890201964759782,1.2689736784108612,-0.6378209863227984,87.97363145707796,-0.9405806700888668
berlin,coral,0,0,10,14.088455666177147,6.17594097042363,0.3601200810995486,0.7617644752612772,0.49730601637673205,-0.4656391070088381,0.9006866577800678,0.7367177086017049,-0.2067366392974359,0.972007213827249,0.9710998846235704,0.02681661868650098,7.946662944409516,0.4674761686064096,1.4706625959242732,-0.8138653370810286,132.20701535449467,-0.962465218163519
berlin,cost231,0,0,20,24.447364956745847,20.77594312411256,0.375947934985942,0.8094720688226004,0.3363502962821906,-0.6545316053005948,0.92165604382064,0.5612783260336272,-0.42422680989772943,0.9796691048805349,0.8205616479786721,-0.16176223494225572,6.9232666835363945,0.24656951149843737,1.2689736784108612,-0.37303052826565863,87.97363145707796,-0.9405806700888668
berlin,cost231,0,0,10,25.155792798307466,21.38039669894474,0.3601200810995486,0.7617644752612772,0.29748076126040346,-0.6939388168875248,0.9006866577800678,0.34478509739786944,-0.6432291958374872,0.972007213827249,0.6469145206277374,-0.3380081323580477,8.638753270643743,0.4248316960335152,1.4706625959242732,-0.7247699628570896,132.20701535449467,-0.962465218163519
berlin,encoder,0,0,20,12.36123024940171,1.1835258326175877,0.375947934985942,0.8094720688226004,0.762526183728563,-0.14781624903386248,0.92165604382064,0.905615359627211,0.0186170510680721,0.9796691048805349,0.9796691048805349,0.020330895119465064,6.608272359400045,0.2904797643184389,1.2689736784108612,-0.5030792264247181,87.97363145707796,-0.9405806700888668
berlin,encoder,0,0,10,12.74089116513546,2.071443098038236,0.3601200810995486,0.7617644752612772,0.6348728058875583,-0.2819217456565815,0.9006866577800678,0.865345625217031,-0.0063289012355358665,0.972007213827249,0.972007213827249,0.027992786172751027,7.4074124337151614,0.38425951855544227,1.4706625959242732,-0.6896233471054708,132.20701535449467,-0.962465218163519
berlin,encoder,1,0,20,12.343817785283509,0.7267443876172984,0.375947934985942,0.8094720688226004,0.7728428528222419,-0.1269476773492546,0.92165604382064,0.9104208439281753,0.027119061754393825,0.9796691048805349,0.9796691048805349,0.020330895119465064,6.5758831518547085,0.2855062560908673,1.2689736784108612,-0.49969633202457886,87.97363145707796,-0.9405806700888668
berlin,encoder,1,0,10,12.68472223220887,1.6003215561691595,0.3601200810995486,0.7617644752612772,0.6513503522901661,-0.2546906679511163,0.9006866577800678,0.8722794125883526,0.007572278292428902,0.972007213827249,0.972007213827249,0.027992786172751027,7.382192853375082,0.38064140333583507,1.4706625959242732,-0.6850222155446133,132.20701535449467,-0.962465218163519
berlin,encoder,2,0,20,12.327753860727238,0.25687132516232525,0.375947934985942,0.8094720688226004,0.7771218621531706,-0.11476034187268269,0.92165604382064,0.9151815218487113,0.038533487168572855,0.9796691048805349,0.9796691048805349,0.020330895119465064,6.590529893781252,0.2802639095807243,1.2689736784108612,-0.48027206504549813,87.97363145707796,-0.9405806700888668
berlin,encoder,2,0,10,12.65974799883291,1.1364731911921608,0.3601200810995486,0.7617644752612772,0.6600539916884164,-0.2376306386029371,0.9006866577800678,0.8813527046251386,0.02672700592564381,0.972007213827249,0.972007213827249,0.027992786172751027,7.382191432860376,0.376183168483192,1.4706625959242732,-0.6682487756870864,132.20701535449467,-0.962465218163519
berlin,encoder,3,0,20,12.333548280415181,1.0666266904933062,0.375947934985942,0.8094720688226004,0.7670852329371702,-0.14043439785825507,0.92165604382064,0.9082477344773896,0.023131293896250904,0.9796691048805349,0.9796691048805349,0.020330895119465064,6.621651951347143,0.29398586358697476,1.2689736784108612,-0.5106544024565614,87.97363145707796,-0.9405806700888668
berlin,encoder,3,0,10,12.704770686491702,1.9337113398815657,0.3601200810995486,0.7617644752612772,0.6361385861346656,-0.2777211474914028,0.9006866577800678,0.8682804431351024,-0.00034724944832142945,0.972007213827249,0.972007213827249,0.027992786172751027,7.421113150304056,0.38661185352794236,1.4706625959242732,-0.6957468169854663,132.20701535449467,-0.962465218163519
berlin,encoder,4,0,20,12.337958476222015,0.7921063560617333,0.375947934985942,0.8094720688226004,0.768395819564706,-0.1372867496331478,0.92165604382064,0.908124516931211,0.022649625306643717,0.9796691048805349,0.9796691048805349,0.020330895119465064,6.585025428318129,0.28679443952818884,1.2689736784108612,-0.5013234630284557,87.97363145707796,-0.9405806700888668
berlin,encoder,4,0,10,12.684432609969813,1.6920308545589555,0.3601200810995486,0.7617644752612772,0.6463432392772731,-0.26514175618608093,0.9006866577800678,0.8697142473088167,0.0008625228232500559,0.972007213827249,0.972007213827249,0.027992786172751027,7.391205985267669,0.38189598198783503,1.4706625959242732,-0.687656393526329,132.20701535449467,-0.962465218163519
berlin,gbdt,0,0,20,12.364873170501884,1.349759910035869,0.375947934985942,0.8094720688226004,0.7595017530496343,-0.15162479137029117,0.92165604382064,0.9014371646522464,0.007113012893036008,0.9796691048805349,0.9796691048805349,0.020330895119465064,6.643368911999397,0.29873533991240353,1.2689736784108612,-0.5280020820125787,87.97363145707796,-0.9405806700888668
berlin,gbdt,0,0,10,12.753272809750941,2.2079536962120554,0.3601200810995486,0.7617644752612772,0.621083642310665,-0.29575571561390346,0.9006866577800678,0.8609545999350308,-0.015021339038679082,0.972007213827249,0.972007213827249,0.027992786172751027,7.469933185156563,0.39406091427419265,1.4706625959242732,-0.7115368820725299,132.20701535449467,-0.962465218163519
berlin,gbdt+k10,0,0,20,12.31585689813459,0.6183337369416495,0.375947934985942,0.8094720688226004,0.7784996583513493,-0.11463712432650408,0.92165604382064,0.9081357185263181,0.02310889070603661,0.9796691048805349,0.9796691048805349,0.020330895119465064,6.517654482872781,0.2644584588845452,1.2689736784108612,-0.46056849180273995,87.97363145707796,-0.9405806700888668
berlin,gbdt+k10,0,1,20,12.347984926492604,1.022451830188531,0.375947934985942,0.8094720688226004,0.773167699080349,-0.12509941415657588,0.92165604382064,0.9051448926327109,0.015413394867429098,0.9796691048805349,0.9796691048805349,0.020330895119465064,6.50611593514873,0.2634055089444737,1.2689736784108612,-0.45422153470625204,87.97363145707796,-0.9405806700888668
berlin,gbdt+k10,0,2,20,12.70472205789923,3.088518708529561,0.375947934985942,0.8094720688226004,0.7519182731620982,-0.1650779070939702,0.92165604382064,0.882708097633103,-0.024789129972108026,0.9796691048805349,0.9796691048805349,0.020330895119465064,6.450948580690954,0.2418088335779015,1.2689736784108612,-0.402308986199746,87.97363145707796,-0.9405806700888668
berlin,gbdt+k10,0,3,20,12.307091541014223,-0.3665550306660864,0.375947934985942,0.8094720688226004,0.7894996247465639,-0.08221970808643153,0.92165604382064,0.9141621766939613,0.03827585048110849,0.9796691048805349,0.9796691048805349,0.020330895119465064,6.472251030199512,0.261008367591545,1.2689736784108612,-0.4609402203302506,87.97363145707796,-0.9405806700888668
berlin,gbdt+k10,0,4,20,12.324790086630214,-0.8900274501435816,0.375947934985942,0.8094720688226004,0.7930057240150997,-0.07235110279703838,0.92165604382064,0.9182619605031757,0.052300247555251866,0.9796691048805349,0.9796691048805349,0.020330895119465064,6.537486651700625,0.27749711558925994,1.2689736784108612,-0.4880719213293908,87.97363145707796,-0.9405806700888668
berlin,gbdt+k10,0,5,20,12.504990974825366,-2.3440386290956625,0.375947934985942,0.8094720688226004,0.7976767891747785,-0.05121369282985899,0.92165604382064,0.922272131551533,0.06715356266732386,0.9796691048805349,0.9796691048805349,0.020330895119465064,6.7327901043139455,0.32019759613769,1.2689736784108612,-0.5624719965934971,87.97363145707796,-0.9405806700888668
berlin,gbdt+k10,0,6,20,12.288705747203688,-0.36975660285425505,0.375947934985942,0.8094720688226004,0.7799894705005993,-0.11399863340539695,0.92165604382064,0.9150246995172112,0.04030333919550144,0.9796691048805349,0.9796691048805349,0.020330895119465064,6.74393546210024,0.3233004379823687,1.2689736784108612,-0.5697378269165252,87.97363145707796,-0.9405806700888668
berlin,gbdt+k10,0,7,20,12.392486953499144,-1.3205789941440609,0.375947934985942,0.8094720688226004,0.7962093802157427,-0.05028396043596606,0.92165604382064,0.9186652179270328,0.05449576019625202,0.9796691048805349,0.9796691048805349,0.020330895119465064,6.419450205143965,0.23944529701029427,1.2689736784108612,-0.4034841901610603,87.97363145707796,-0.9405806700888668
berlin,gbdt+k10,0,8,20,12.390257976241525,1.4710557582612689,0.375947934985942,0.8094720688226004,0.7710954039855276,-0.12882954532725466,0.92165604382064,0.9012131327501036,0.008905268110178888,0.9796691048805349,0.9796691048805349,0.020330895119465064,6.457915884799086,0.2517558500330447,1.2689736784108612,-0.4343040733288186,87.97363145707796,-0.9405806700888668
berlin,gbdt+k10,0,9,20,12.321011931582944,1.0239224628999783,0.375947934985942,0.8094720688226004,0.766827596249706,-0.13793644214936207,0.92165604382064,0.9066010999966395,0.01893069573107209,0.9796691048805349,0.9796691048805349,0.020330895119465064,6.643581568708492,0.2962373842035106,1.2689736784108612,-0.5205721086978828,87.97363145707796,-0.9405806700888668
berlin,gbdt+k10d,0,0,20,12.562220641527706,2.666952473408102,0.375947934985942,0.8094720688226004,0.739226865905705,-0.18968781154436398,0.92165604382064,0.8861805921163174,-0.019882831315179206,0.9796691048805349,0.9796691048805349,0.020330895119465064,6.685341951397467,0.31356625183426123,1.2689736784108612,-0.5568281922432584,87.97363145707796,-0.9405806700888668
berlin,gbdt,1,0,20,12.375422582158656,1.2828041819511289,0.375947934985942,0.8094720688226004,0.7592217131719556,-0.1557357767746127,0.92165604382064,0.901392358271818,0.007225028844107473,0.9796691048805349,0.9796691048805349,0.020330895119465064,6.638360476325481,0.3017821737815465,1.2689736784108612,-0.5321483206652581,87.97363145707796,-0.9405806700888668
berlin,gbdt,1,0,10,12.75430342824556,2.1439946058021575,0.3601200810995486,0.7617644752612772,0.6236712107804151,-0.2959237395405106,0.9006866577800678,0.8602376978481736,-0.0158502570766077,0.972007213827249,0.972007213827249,0.027992786172751027,7.470698735240547,0.39466580040997845,1.4706625959242732,-0.7145753617377109,132.20701535449467,-0.962465218163519
berlin,gbdt+k10,1,0,20,12.327657433384536,0.3743440922840282,0.375947934985942,0.8094720688226004,0.7790933428920278,-0.10992125278639686,0.92165604382064,0.9086285887110325,0.0269174330424653,0.9796691048805349,0.9796691048805349,0.020330895119465064,6.487478833043166,0.25849921028754497,1.2689736784108612,-0.4481129734902993,87.97363145707796,-0.9405806700888668
berlin,gbdt+k10,1,1,20,12.373778918532542,1.0930227132973347,0.375947934985942,0.8094720688226004,0.7706697433714561,-0.13122668668018334,0.92165604382064,0.9043159745947823,0.013262688606857642,0.9796691048805349,0.9796691048805349,0.020330895119465064,6.483178017221221,0.2595521602276164,1.2689736784108612,-0.4459679377881768,87.97363145707796,-0.9405806700888668
berlin,gbdt+k10,1,2,20,12.773807543623851,3.296128835284565,0.375947934985942,0.8094720688226004,0.7504396626079554,-0.1726277821961848,0.92165604382064,0.8794820382422457,-0.0298074445801082,0.9796691048805349,0.9796691048805349,0.020330895119465064,6.437021515167019,0.23917645872772283,1.2689736784108612,-0.3989822232342567,87.97363145707796,-0.9405806700888668
berlin,gbdt+k10,1,3,20,12.365725279037603,-1.092120044255714,0.375947934985942,0.8094720688226004,0.7932745622976712,-0.06578696806425233,0.92165604382064,0.91765707436739,0.05234505393568045,0.9796691048805349,0.9796691048805349,0.020330895119465064,6.455392101554924,0.2602802639095807,1.2689736784108612,-0.46025534487203545,87.97363145707796,-0.9405806700888668
berlin,gbdt+k10,1,4,20,12.352500852463882,-1.0428731992004758,0.375947934985942,0.8094720688226004,0.7919191692897068,-0.07281036819643116,0.92165604382064,0.9189340562096042,0.05545909737546628,0.9796691048805349,0.9796691048805349,0.020330895119465064,6.5283798437845935,0.2788525085972242,1.2689736784108612,-0.48987797073256156,87.97363145707796,-0.9405806700888668
berlin,gbdt+k10,1,5,20,12.439079681786863,-1.852870018482582,0.375947934985942,0.8094720688226004,0.7908886225398497,-0.06960671199578827,0.92165604382064,0.922272131551533,0.06746720733032385,0.9796691048805349,0.9796691048805349,0.020330895119465064,6.721278344539755,0.32099290939029723,1.2689736784108612,-0.5640553621253406,87.97363145707796,-0.9405806700888668
berlin,gbdt+k10,1,6,20,12.321375393837883,-0.6712498421994858,0.375947934985942,0.8094720688226004,0.7778163610498134,-0.11449150359011129,0.92165604382064,0.9165257132615684,0.04527684742307303,0.9796691048805349,0.9796691048805349,0.020330895119465064,6.751676466908645,0.3282851478050475,1.2689736784108612,-0.5773290824421807,87.97363145707796,-0.9405806700888668
berlin,gbdt+k10,1,7,20,12.434322050139839,-1.5839791445636011,0.375947934985942,0.8094720688226004,0.7963662025472428,-0.04817806055582319,0.92165604382064,0.9201886348616043,0.059603687565109253,0.9796691048805349,0.9796691048805349,0.020330895119465064,6.417290937048531,0.24245852609411578,1.2689736784108612,-0.4135852561353178,87.97363145707796,-0.9405806700888668
berlin,gbdt+k10,1,8,20,12.450294276247602,1.822030423556693,0.375947934985942,0.8094720688226004,0.7649905346521345,-0.14360444927357663,0.92165604382064,0.8980542829298892,0.0023411333773929455,0.9796691048805349,0.9796691048805349,0.020330895119465064,6.449284235537925,0.25131898782386614,1.2689736784108612,-0.4352270585054562,87.97363145707796,-0.9405806700888668
berlin,gbdt+k10,1,9,20,12.331808139109512,0.9297518829314764,0.375947934985942,0.8094720688226004,0.7661106941628488,-0.14261870890414796,0.92165604382064,0.9066235031868538,0.019199534013643604,0.9796691048805349,0.9796691048805349,0.020330895119465064,6.640403625363066,0.30026995844208215,1.2689736784108612,-0.5266874221971376,87.97363145707796,-0.9405806700888668
berlin,gbdt+k10d,1,0,20,12.530722437781167,2.436720805813319,0.375947934985942,0.8094720688226004,0.7435394800219551,-0.1851287623357566,0.92165604382064,0.8901235535940318,-0.01336350296282185,0.9796691048805349,0.9796691048805349,0.020330895119465064,6.696405816498494,0.31934627490954715,1.2689736784108612,-0.5653798244991382,87.97363145707796,-0.9405806700888668
berlin,gbdt,2,0,20,12.364753097495381,1.3548736803586057,0.375947934985942,0.8094720688226004,0.7578775217590985,-0.15510848744861272,0.92165604382064,0.9011795279647822,0.008580421852071751,0.9796691048805349,0.9796691048805349,0.020330895119465064,6.639004369842674,0.29995631377908216,1.2689736784108612,-0.5284992469382653,87.97363145707796,-0.9405806700888668
berlin,gbdt,2,0,10,12.750392906868084,2.2160429355492837,0.3601200810995486,0.7617644752612772,0.6228758975278079,-0.295173232668332,0.9006866577800678,0.8631165077907094,-0.01106717596585749,0.972007213827249,0.972007213827249,0.027992786172751027,7.468369387284355,0.3939825031084426,1.4706625959242732,-0.7111624710044786,132.20701535449467,-0.962465218163519
berlin,gbdt+k10,2,0,20,12.317347977958379,0.582419949340113,0.375947934985942,0.8094720688226004,0.7785780695170992,-0.11059334849282543,0.92165604382064,0.9075084292003182,0.02357935770053654,0.9796691048805349,0.9796691048805349,0.020330895119465064,6.491696798960678,0.25808475126858066,1.2689736784108612,-0.4459988001509375,87.97363145707796,-0.9405806700888668
berlin,gbdt+k10,2,1,20,12.324558257873573,0.7231246772952497,0.375947934985942,0.8094720688226004,0.7769426366314564,-0.11695585451368273,0.92165604382064,0.9065226888308895,0.021047797206322216,0.9796691048805349,0.9796691048805349,0.020330895119465064,6.502407975993001,0.264604079620938,1.2689736784108612,-0.45609916066424916,87.97363145707796,-0.9405806700888668
berlin,gbdt+k10,2,2,20,12.920157782162388,3.854657255393015,0.375947934985942,0.8094720688226004,0.7443683980598838,-0.1813650263797565,0.92165604382064,0.8762111724709598,-0.03726770692146564,0.9796691048805349,0.9795682905245707,0.020207677573286453,6.438540655084821,0.2350878765136155,1.2689736784108612,-0.3865305481845377,87.97363145707796,-0.9405806700888668
berlin,gbdt+k10,2,3,20,12.324404821929665,-0.8008684221324063,0.375947934985942,0.8094720688226004,0.792008782050564,-0.06965151837621675,0.92165604382064,0.9177018807478184,0.048088447794966016,0.9796691048805349,0.9796691048805349,0.020330895119465064,6.4719521386958805,0.2626886068576165,1.2689736784108612,-0.46480146514415155,87.97363145707796,-0.9405806700888668
berlin,gbdt+k10,2,4,20,12.379831513493318,-1.4930676625966028,0.375947934985942,0.8094720688226004,0.7964222105227784,-0.05538068620971626,0.92165604382064,0.9206703034512115,0.061519160328430744,0.9796691048805349,0.9796691048805349,0.020330895119465064,6.5452063158853475,0.2818097297055101,1.2689736784108612,-0.49514943072144035,87.97363145707796,-0.9405806700888668
berlin,gbdt+k10,2,5,20,12.48778873775676,-2.2488473816628223,0.375947934985942,0.8094720688226004,0.797956829052457,-0.05140411994668048,0.92165604382064,0.9217232533912829,0.06694073236028808,0.9796691048805349,0.9796691048805349,0.020330895119465064,6.736923875968297,0.3239277273083687,1.2689736784108612,-0.5676947396724898,87.97363145707796,-0.9405806700888668
berlin,gbdt+k10,2,6,20,12.282212404017816,-0.03331801794826498,0.375947934985942,0.8094720688226004,0.7727308368711705,-0.12690287096882602,0.92165604382064,0.9141285719086398,0.03376160765292979,0.9796691048805349,0.9796691048805349,0.020330895119465064,6.734195431959713,0.32266194706126156,1.2689736784108612,-0.5663878835332898,87.97363145707796,-0.9405806700888668
berlin,gbdt+k10,2,7,20,12.405376237638997,-1.5254114749637984,0.375947934985942,0.8094720688226004,0.7974079508922071,-0.04473917085793022,0.92165604382064,0.9196621598915685,0.0575986020409307,0.9796691048805349,0.9796691048805349,0.020330895119465064,6.425742095186359,0.24407155578954443,1.2689736784108612,-0.41616916350763644,87.97363145707796,-0.9405806700888668
berlin,gbdt+k10,2,8,20,12.410271110555465,1.6447437886991025,0.375947934985942,0.8094720688226004,0.767846941404456,-0.1348336003046834,0.92165604382064,0.8993424663672107,0.006608941113214528,0.9796691048805349,0.9796691048805349,0.020330895119465064,6.448570803895707,0.2501764251229375,1.2689736784108612,-0.43154974517384825,87.97363145707796,-0.9405806700888668
berlin,gbdt+k10,2,9,20,12.31390860310431,0.9522860935892767,0.375947934985942,0.8094720688226004,0.7656626303585631,-0.14071443773593362,0.92165604382064,0.9066683095672824,0.02011806481242928,0.9796691048805349,0.9796691048805349,0.020330895119465064,6.653818289533575,0.3015469402842965,1.2689736784108612,-0.5280287851155248,87.97363145707796,-0.9405806700888668
berlin,gbdt+k10d,2,0,20,12.563174933746772,2.6707485268911473,0.375947934985942,0.8094720688226004,0.7388124068867407,-0.19068475350889968,0.92165604382064,0.8885889350643532,-0.017026424562857745,0.9796691048805349,0.9796691048805349,0.020330895119465064,6.707461722989796,0.3205448455860115,1.2689736784108612,-0.5656817735122751,87.97363145707796,-0.9405806700888668
berlin,gbdt,3,0,20,12.384719829457268,1.3360006933860842,0.375947934985942,0.8094720688226004,0.7625149821334558,-0.14890280375925535,0.92165604382064,0.9010675120137107,0.0061384741187144876,0.9796691048805349,0.9796691048805349,0.020330895119465064,6.639045636976476,0.30033716801272503,1.2689736784108612,-0.5289776003567705,87.97363145707796,-0.9405806700888668
berlin,gbdt,3,0,10,12.762511169025823,2.189686221518232,0.3601200810995486,0.7617644752612772,0.6280622360624153,-0.2890683633349389,0.9006866577800678,0.8620859610408522,-0.016690376709643462,0.972007213827249,0.972007213827249,0.027992786172751027,7.468977298380028,0.3933440121873355,1.4706625959242732,-0.7130571782585242,132.20701535449467,-0.962465218163519
berlin,gbdt+k10,3,0,20,12.351172536622997,0.8089731236740968,0.375947934985942,0.8094720688226004,0.7769314350363492,-0.11356177119621835,0.92165604382064,0.9064666808553538,0.019289146774500665,0.9796691048805349,0.9796691048805349,0.020330895119465064,6.4900047198248565,0.25723343004043775,1.2689736784108612,-0.4431807415499004,87.97363145707796,-0.9405806700888668
berlin,gbdt+k10,3,1,20,12.339058663391329,0.6128851520772898,0.375947934985942,0.8094720688226004,0.7791605524626707,-0.10983164002553969,0.92165604382064,0.9071163733715681,0.02128303070357218,0.9796691048805349,0.9796691048805349,0.020330895119465064,6.496247022272275,0.2625653893114379,1.2689736784108612,-0.45159709641891155,87.97363145707796,-0.9405806700888668
berlin,gbdt+k10,3,2,20,12.840632704385014,3.5237378573169194,0.375947934985942,0.8094720688226004,0.7505292753688125,-0.17249336305489904,0.92165604382064,0.87973967492971,-0.03127485353914394,0.9796691048805349,0.9796691048805349,0.020330895119465064,6.439546404959762,0.2379218800757228,1.2689736784108612,-0.3926561713344815,87.97363145707796,-0.9405806700888668
berlin,gbdt+k10,3,3,20,12.358586246582158,-0.9442920658913146,0.375947934985942,0.8094720688226004,0.7915943230315997,-0.0682065126073953,0.92165604382064,0.9191916928970686,0.052647497003573296,0.9796691048805349,0.9796691048805349,0.020330895119465064,6.462108147140506,0.2611763915181522,1.2689736784108612,-0.4612637639158381,87.97363145707796,-0.9405806700888668
berlin,gbdt+k10,3,4,20,12.402683899275054,-1.5085236183191852,0.375947934985942,0.8094720688226004,0.7939018516236712,-0.059446865233609314,0.92165604382064,0.9217904629619258,0.06431955910521658,0.9796691048805349,0.9796691048805349,0.020330895119465064,6.551072814821365,0.2840164439416173,1.2689736784108612,-0.49821602541836574,87.97363145707796,-0.9405806700888668
berlin,gbdt+k10,3,5,20,12.534753368667218,-2.387025057582808,0.375947934985942,0.8094720688226004,0.7960301546940284,-0.050956056142394734,0.92165604382064,0.9222945347417473,0.06760162647160961,0.9796691048805349,0.9796691048805349,0.020330895119465064,6.736720990668154,0.32333404276769007,1.2689736784108612,-0.5661654944041994,87.97363145707796,-0.9405806700888668
berlin,gbdt+k10,3,6,20,12.303946502213881,0.004256308059011326,0.375947934985942,0.8094720688226004,0.7746799144198134,-0.12360960200732585,0.92165604382064,0.9141285719086398,0.03555386287007267,0.9796691048805349,0.9796691048805349,0.020330895119465064,6.7583729246277064,0.32875561479954746,1.2689736784108612,-0.5755149078360262,87.97363145707796,-0.9405806700888668
berlin,gbdt+k10,3,7,20,12.38904903523216,-1.1453139894030455,0.375947934985942,0.8094720688226004,0.7937786340774926,-0.05652324891064486,0.92165604382064,0.9195613455356043,0.055123049522252,0.9796691048805349,0.9796691048805349,0.020330895119465064,6.428129249485028,0.24371310474611585,1.2689736784108612,-0.4136114886844581,87.97363145707796,-0.9405806700888668
berlin,gbdt+k10,3,8,20,12.406761077406388,1.455436165384575,0.375947934985942,0.8094720688226004,0.7715882741702419,-0.1284262879033975,0.92165604382064,0.9015043742228893,0.008546817066750312,0.9796691048805349,0.9796691048805349,0.020330895119465064,6.45746304884232,0.2530216302801519,1.2689736784108612,-0.43796810072112957,87.97363145707796,-0.9405806700888668
berlin,gbdt+k10,3,9,20,12.344563319162077,1.0316152383660762,0.375947934985942,0.8094720688226004,0.7681269812821345,-0.13634581564414772,0.92165604382064,0.9055145452712466,0.015827853886393406,0.9796691048805349,0.9796691048805349,0.020330895119465064,6.644746466983509,0.2996538707111893,1.2689736784108612,-0.5243939482073393,87.97363145707796,-0.9405806700888668
berlin,gbdt+k10d,3,0,20,12.582004566257654,2.6635234745326937,0.375947934985942,0.8094720688226004,0.7399773727778836,-0.18985583547097107,0.92165604382064,0.8857101251218173,-0.020286088739036368,0.9796691048805349,0.9796691048805349,0.020330895119465064,6.70587718329128,0.3207352727028329,1.2689736784108612,-0.5659836085836082,87.97363145707796,-0.9405806700888668
berlin,gbdt,4,0,20,12.379994816096241,1.2535172672986012,0.375947934985942,0.8094720688226004,0.7596137690007057,-0.15348425615807693,0.92165604382064,0.9008770848968893,0.006463320376821735,0.9796691048805349,0.9796691048805349,0.020330895119465064,6.643522856062586,0.3001355393007964,1.2689736784108612,-0.5295818787180204,87.97363145707796,-0.9405806700888668
berlin,gbdt,4,0,10,12.761596054355978,2.118429136367937,0.3601200810995486,0.7617644752612772,0.6262139728697367,-0.29190236689704613,0.9006866577800678,0.8645839167497452,-0.010652716946893181,0.972007213827249,0.972007213827249,0.027992786172751027,7.473388321306235,0.39408331746440695,1.4706625959242732,-0.7130751568349777,132.20701535449467,-0.962465218163519
berlin,gbdt+k10,4,0,20,12.346569741894305,0.65202947246621,0.375947934985942,0.8094720688226004,0.7778947722155635,-0.11356177119621835,0.92165604382064,0.9064554792602466,0.02015166959775072,0.9796691048805349,0.9796691048805349,0.020330895119465064,6.49553968456788,0.25806234807836637,1.2689736784108612,-0.44628091169867146,87.97363145707796,-0.9405806700888668
berlin,gbdt+k10,4,1,20,12.365865559209134,0.9850010658793508,0.375947934985942,0.8094720688226004,0.7709945896295632,-0.1282806671670046,0.92165604382064,0.903274226249818,0.012848229587893334,0.9796691048805349,0.9796691048805349,0.020330895119465064,6.516442241611886,0.26732606723197383,1.2689736784108612,-0.46282021761232994,87.97363145707796,-0.9405806700888668
berlin,gbdt+k10,4,2,20,12.868098915880545,3.597195463258822,0.375947934985942,0.8094720688226004,0.7478856989235267,-0.17677237238582777,0.92165604382064,0.8782946691608885,-0.03106202323210827,0.9796691048805349,0.9794898793588207,0.019815621744536438,6.441029913376991,0.2360176089075084,1.2689736784108612,-0.38986295300932505,87.97363145707796,-0.9405806700888668
berlin,gbdt+k10,4,3,20,12.342126786759934,-0.5903172690743829,0.375947934985942,0.8094720688226004,0.7904517603306711,-0.07654049936710994,0.92165604382064,0.9163128829545327,0.043563003371680176,0.9796691048805349,0.9796691048805349,0.020330895119465064,6.46437170620772,0.25954095863250926,1.2689736784108612,-0.4583306386467084,87.97363145707796,-0.9405806700888668
berlin,gbdt+k10,4,4,20,12.394577007944973,-1.381314265855067,0.375947934985942,0.8094720688226004,0.7953468573924927,-0.06010775934493073,0.92165604382064,0.91953894234539,0.05830430253268071,0.9796691048805349,0.9796691048805349,0.020330895119465064,6.54031315079642,0.27968142663515283,1.2689736784108612,-0.4916207840578878,87.97363145707796,-0.9405806700888668
berlin,gbdt+k10,4,5,20,12.48033348909922,-2.0728509817859013,0.375947934985942,0.8094720688226004,0.7961085658597784,-0.058629148790787844,0.92165604382064,0.9216448422255329,0.06426355112968085,0.9796691048805349,0.9796691048805349,0.020330895119465064,6.744831651243208,0.3233900507432258,1.2689736784108612,-0.5688724294061543,87.97363145707796,-0.9405806700888668
berlin,gbdt+k10,4,6,20,12.309859434339248,-0.27727878686913626,0.375947934985942,0.8094720688226004,0.7757888723354206,-0.11963303574428996,0.92165604382064,0.9166937371881756,0.040516169502537225,0.9796691048805349,0.9796691048805349,0.020330895119465064,6.740936960963434,0.3227291566319043,1.2689736784108612,-0.5688264007542786,87.97363145707796,-0.9405806700888668
berlin,gbdt+k10,4,7,20,12.438199378303212,-1.5647450804561247,0.375947934985942,0.8094720688226004,0.7978448131013857,-0.045265645827965884,0.92165604382064,0.9192477008726042,0.05707212707089493,0.9796691048805349,0.9796691048805349,0.020330895119465064,6.423098647315995,0.2414167777491515,1.2689736784108612,-0.41027759749910864,87.97363145707796,-0.9405806700888668
berlin,gbdt+k10,4,8,20,12.487138685599012,2.0091833098291256,0.375947934985942,0.8094720688226004,0.7632654890056344,-0.1451502693983624,0.92165604382064,0.8961164069763534,-0.00226272221164292,0.9796691048805349,0.9796691048805349,0.020330895119465064,6.458085281782219,0.2508933272097946,1.2689736784108612,-0.4336751483521284,87.97363145707796,-0.9405806700888668
berlin,gbdt+k10,4,9,20,12.359066216045909,1.1804947078189203,0.375947934985942,0.8094720688226004,0.7635903352637415,-0.14540790608582665,0.92165604382064,0.9030950007281037,0.011929698789107546,0.9796691048805349,0.9796691048805349,0.020330895119465064,6.640285104505056,0.29681986714908204,1.2689736784108612,-0.5203424587218681,87.97363145707796,-0.9405806700888668
berlin,gbdt+k10d,4,0,20,12.618609081454734,2.8093515178579804,0.375947934985942,0.8094720688226004,0.7346454135068834,-0.19780896799704284,0.92165604382064,0.8852620613175316,-0.020039653646679256,0.9796691048805349,0.9796691048805349,0.020330895119465064,6.724083552471602,0.32204585933036867,1.2689736784108612,-0.5709260187751047,87.97363145707796,-0.9405806700888668
berlin,gbdt_iw,0,0,20,12.42810421760811,1.2711938651797872,0.375947934985942,0.8094720688226004,0.7600842359952057,-0.15547814008714844,0.92165604382064,0.8983903307831035,-0.0014226025786071572,0.9796691048805349,0.9796691048805349,0.020330895119465064,6.579235914763707,0.2959797475160463,1.2689736784108612,-0.5238438979498683,87.97363145707796,-0.9405806700888668
berlin,gbdt_iw,0,0,10,12.79502878855828,2.1550274384439603,0.3601200810995486,0.7617644752612772,0.6303025550838439,-0.2917791493508676,0.9006866577800678,0.857067646432852,-0.028340035621072457,0.972007213827249,0.972007213827249,0.027992786172751027,7.428051702975513,0.38888577733469243,1.4706625959242732,-0.7090321970700646,132.20701535449467,-0.962465218163519
berlin,gbdt_iw,1,0,20,12.399641850308006,1.285198520602623,0.375947934985942,0.8094720688226004,0.7602970663022415,-0.1563406629103985,0.92165604382064,0.8989056041580321,0.0026323748501786426,0.9796691048805349,0.9796691048805349,0.020330895119465064,6.594017286097513,0.29661823843715346,1.2689736784108612,-0.5230892678023422,87.97363145707796,-0.9405806700888668
berlin,gbdt_iw,1,0,10,12.77263917437397,2.1616561817177384,0.3601200810995486,0.7617644752612772,0.6328565187682726,-0.28870991229151033,0.9006866577800678,0.858086991587602,-0.022369585428965055,0.972007213827249,0.972007213827249,0.027992786172751027,7.440412917481027,0.38842651193529953,1.4706625959242732,-0.7078578151146737,132.20701535449467,-0.962465218163519
berlin,gbdt_iw,2,0,20,12.398623818920086,1.1950694252631395,0.375947934985942,0.8094720688226004,0.7603754774679914,-0.15321541787550552,0.92165604382064,0.9001713844051393,0.0011201595107143136,0.9796691048805349,0.9796691048805349,0.020330895119465064,6.5707934899882305,0.29462435450808194,1.2689736784108612,-0.5214233865989938,87.97363145707796,-0.9405806700888668
berlin,gbdt_iw,2,0,10,12.760601825204386,2.0892676176087193,0.3601200810995486,0.7617644752612772,0.636956302577487,-0.2834003562107244,0.9006866577800678,0.8612346398127093,-0.022537609355572252,0.972007213827249,0.972007213827249,0.027992786172751027,7.42502755019259,0.38857213267169244,1.4706625959242732,-0.705465370008215,132.20701535449467,-0.962465218163519
berlin,gbdt_iw,3,0,20,12.392563762724883,1.1946330332371535,0.375947934985942,0.8094720688226004,0.7617308704759558,-0.1528681684271841,0.92165604382064,0.901089915203925,0.002934817918071597,0.9796691048805349,0.9796691048805349,0.020330895119465064,6.5941183474367335,0.2956212964726177,1.2689736784108612,-0.5222158249992213,87.97363145707796,-0.9405806700888668
berlin,gbdt_iw,3,0,10,12.754527412778444,2.0699693631006286,0.3601200810995486,0.7617644752612772,0.6348728058875583,-0.2864023836994388,0.9006866577800678,0.8625676296304594,-0.018807478184893478,0.972007213827249,0.972007213827249,0.027992786172751027,7.439435089375159,0.38963628420687113,1.4706625959242732,-0.7065519323735452,132.20701535449467,-0.962465218163519
berlin,gbdt_iw,4,0,20,12.394564227424723,1.1609074307497778,0.375947934985942,0.8094720688226004,0.7605098966092771,-0.154425190147077,0.92165604382064,0.8994544823182822,0.0021058998801429807,0.9796691048805349,0.9796691048805349,0.020330895119465064,6.575560028002254,0.2959349411356177,1.2689736784108612,-0.5238769490057574,87.97363145707796,-0.9405806700888668
berlin,gbdt_iw,4,0,10,12.758633722698363,2.047204994310297,0.3601200810995486,0.7617644752612772,0.6346599755805227,-0.2860999406315459,0.9006866577800678,0.8582438139191021,-0.021585473771465025,0.972007213827249,0.972007213827249,0.027992786172751027,7.431119669187115,0.3888745757395853,1.4706625959242732,-0.707545800104065,132.20701535449467,-0.962465218163519
berlin,gp_ard,0,0,20,12.37231424851604,1.0425871597715524,0.375947934985942,0.8094720688226004,0.764329640540813,-0.1467296943084696,0.92165604382064,0.9015715837935322,0.009420541485107514,0.9796691048805349,0.9796691048805349,0.020330895119465064,6.611674227667608,0.2962597873937248,1.2689736784108612,-0.5263851647151923,87.97363145707796,-0.9405806700888668
berlin,gp_ard,0,0,10,12.723425477642024,1.951191695863877,0.3601200810995486,0.7617644752612772,0.6356681191401655,-0.2814848834474029,0.9006866577800678,0.8652672140512809,-0.009252517558500317,0.972007213827249,0.972007213827249,0.027992786172751027,7.450536344373482,0.3898043081334782,1.4706625959242732,-0.7078795345111056,132.20701535449467,-0.962465218163519
berlin,kernel,0,0,20,12.419477037043876,1.1730679579951084,0.375947934985942,0.8094720688226004,0.7581911664220985,-0.1539883279378984,0.92165604382064,0.9035654677226037,0.013408309343250546,0.9796691048805349,0.9796691048805349,0.020330895119465064,6.716112312014962,0.3074613825008682,1.2689736784108612,-0.5236498737245535,87.97363145707796,-0.9405806700888668
berlin,kernel,0,0,10,12.780604236296302,2.026430135288889,0.3601200810995486,0.7617644752612772,0.6218117459926293,-0.29419869389401054,0.9006866577800678,0.8630829030053879,-0.011772876457607495,0.972007213827249,0.972007213827249,0.027992786172751027,7.520115605419718,0.39376967280140684,1.4706625959242732,-0.7050694538307468,132.20701535449467,-0.962465218163519
berlin,knn,0,0,20,12.394227286777092,1.2397916582971968,0.375947934985942,0.8094720688226004,0.7593113259328128,-0.15029180155254107,0.92165604382064,0.9037670964345322,0.01405800185946482,0.9796691048805349,0.9796691048805349,0.020330895119465064,6.696840135248338,0.30453776617790373,1.2689736784108612,-0.5218712831384487,87.97363145707796,-0.9405806700888668
berlin,knn,0,0,10,12.764037541236165,2.0836482373895424,0.3601200810995486,0.7617644752612772,0.6231783405957009,-0.2901661196554389,0.9006866577800678,0.8603385122041378,-0.014853315112071885,0.972007213827249,0.972007213827249,0.027992786172751027,7.50193821834222,0.39264951329069264,1.4706625959242732,-0.7057297601384739,132.20701535449467,-0.962465218163519
berlin,median,0,0,20,13.28886125258784,3.7399199583423712,0.375947934985942,0.8094720688226004,0.7457573958531695,-0.13357902165268332,0.92165604382064,0.9001713844051393,0.026435764452858113,0.9796691048805349,0.9796691048805349,0.020330895119465064,6.5258727262850025,0.31730758460004704,1.2689736784108612,-0.5612179085961093,87.97363145707796,-0.9405806700888668
berlin,median,0,0,10,13.6598315034045,4.17405643220469,0.3601200810995486,0.7617644752612772,0.5692090553694846,-0.32574238571572595,0.9006866577800678,0.8433680956168158,-0.010047830811107494,0.972007213827249,0.972007213827249,0.027992786172751027,7.424219043494686,0.4021820707268715,1.4706625959242732,-0.7399684358854965,132.20701535449467,-0.962465218163519
berlin,mlp,0,0,20,12.287055933404535,0.9028944150722571,0.375947934985942,0.8094720688226004,0.7660322829970988,-0.1414649446081122,0.92165604382064,0.9054585372957109,0.015390991677214805,0.9796691048805349,0.9796691048805349,0.020330895119465064,6.677147115829918,0.2975367692359392,1.2689736784108612,-0.5170976163415006,87.97363145707796,-0.9405806700888668
berlin,mlp,0,0,10,12.659627863545685,1.7892540861721276,0.3601200810995486,0.7617644752612772,0.6372587456453799,-0.2766681975513313,0.9006866577800678,0.8699270776158525,-0.0028003987767857286,0.972007213827249,0.972007213827249,0.027992786172751027,7.46536977052185,0.3912269107120854,1.4706625959242732,-0.702785331569921,132.20701535449467,-0.962465218163519
berlin,mlp,1,0,20,12.310280316806015,1.2368608788432418,0.375947934985942,0.8094720688226004,0.7600506312098843,-0.1528233620467555,0.92165604382064,0.9060858266217109,0.01754169793778637,0.9796691048805349,0.9796691048805349,0.020330895119465064,6.716052891193398,0.30612839268311803,1.2689736784108612,-0.5246688001345591,87.97363145707796,-0.9405806700888668
berlin,mlp,1,0,10,12.693269398233411,2.094443520252992,0.3601200810995486,0.7617644752612772,0.6237496219461651,-0.2955988932824034,0.9006866577800678,0.8691429659583525,-0.0035845104342857592,0.972007213827249,0.972007213827249,0.027992786172751027,7.50924270412647,0.39624522532008555,1.4706625959242732,-0.7081723205052071,132.20701535449467,-0.962465218163519
berlin,mlp,2,0,20,12.334314342939965,1.4591313612150698,0.375947934985942,0.8094720688226004,0.76065551734567,-0.1519496376283983,0.92165604382064,0.9023668970461394,0.010775934493071793,0.9796691048805349,0.9796691048805349,0.020330895119465064,6.613822979664871,0.2926304705790105,1.2689736784108612,-0.517719902543214,87.97363145707796,-0.9405806700888668
berlin,mlp,2,0,10,12.739086093816017,2.3225149374959226,0.3601200810995486,0.7617644752612772,0.626236376059951,-0.2946355561031891,0.9006866577800678,0.8641806593258881,-0.012713810446607576,0.972007213827249,0.972007213827249,0.027992786172751027,7.422517913513872,0.38619739450897805,1.4706625959242732,-0.7024318324681285,132.20701535449467,-0.962465218163519
berlin,mlp,3,0,20,12.351270470458537,1.581420412655624,0.375947934985942,0.8094720688226004,0.7567685638434913,-0.15834574843457716,0.92165604382064,0.8981102909054249,0.0017250456465001118,0.9796691048805349,0.9796691048805349,0.020330895119465064,6.65539539840075,0.2895052255441175,1.2689736784108612,-0.5004094708584343,87.97363145707796,-0.9405806700888668
berlin,mlp,3,0,10,12.776185948612925,2.4717379717542185,0.3601200810995486,0.7617644752612772,0.6230775262397366,-0.2986457271515464,0.9006866577800678,0.8592183526934235,-0.02415063905100079,0.972007213827249,0.972007213827249,0.027992786172751027,7.442309019089143,0.38595095941662094,1.4706625959242732,-0.6880291959279847,132.20701535449467,-0.962465218163519
berlin,mlp,4,0,20,12.313764379650445,1.1927337948406183,0.375947934985942,0.8094720688226004,0.7616188545248843,-0.1496197058461125,0.92165604382064,0.9038007012198537,0.013352301367714814,0.9796691048805349,0.9796691048805349,0.020330895119465064,6.719769502312302,0.30796545428068955,1.2689736784108612,-0.5320720552928089,87.97363145707796,-0.9405806700888668
berlin,mlp,4,0,10,12.701211793842475,2.0407585543283284,0.3601200810995486,0.7617644752612772,0.6267068430544509,-0.29246244665240334,0.9006866577800678,0.8669586549124595,-0.0063064980453215735,0.972007213827249,0.972007213827249,0.027992786172751027,7.50668718193784,0.39816069808340715,1.4706625959242732,-0.7164706741674555,132.20701535449467,-0.962465218163519
berlin,ridge,0,0,20,12.30929580958304,1.03217642671539,0.375947934985942,0.8094720688226004,0.7666371691328845,-0.1359985661958263,0.92165604382064,0.909300684417461,0.02279524604303651,0.9796691048805349,0.9796691048805349,0.020330895119465064,6.6714494258679045,0.3032719859307966,1.2689736784108612,-0.5131320923302459,87.97363145707796,-0.9405806700888668
berlin,ridge,0,0,10,12.675989818785297,1.8678411522375558,0.3601200810995486,0.7617644752612772,0.6270092861223439,-0.283601984922653,0.9006866577800678,0.8774657511229599,0.01188489240867907,0.972007213827249,0.972007213827249,0.027992786172751027,7.4679019088807905,0.3922462558668355,1.4706625959242732,-0.6972301824715599,132.20701535449467,-0.962465218163519
berlin,ridge+k10,0,0,20,12.303597911261596,0.606663200291296,0.375947934985942,0.8094720688226004,0.7801798976174207,-0.10065753363278929,0.92165604382064,0.9103088279771039,0.02956100948775109,0.9796691048805349,0.9796691048805349,0.020330895119465064,6.527497525180018,0.25463465997558055,1.2689736784108612,-0.42462766899903814,87.97363145707796,-0.9405806700888668
berlin,ridge+k10,0,1,20,12.334376287101618,1.1579612432086237,0.375947934985942,0.8094720688226004,0.7726748288956348,-0.12310553022750448,0.92165604382064,0.9076428483416038,0.020420507880322236,0.9796691048805349,0.9796691048805349,0.020330895119465064,6.55262778803707,0.26706843054450957,1.2689736784108612,-0.4467808596103078,87.97363145707796,-0.9405806700888668
berlin,ridge+k10,0,2,20,12.681734707214975,3.0456103814513753,0.375947934985942,0.8094720688226004,0.7536545204037055,-0.15955552070614853,0.92165604382064,0.8879056377628174,-0.015357386891893365,0.9796691048805349,0.9796691048805349,0.020330895119465064,6.478462321716282,0.23672330939925845,1.2689736784108612,-0.3780430493496322,87.97363145707796,-0.9405806700888668
berlin,ridge+k10,0,3,20,12.278802346630306,-0.20173901523806856,0.375947934985942,0.8094720688226004,0.7856574776248137,-0.08182765225768152,0.92165604382064,0.9172986233239613,0.04318214913803731,0.9796691048805349,0.9796691048805349,0.020330895119465064,6.51062235296676,0.26406640305579515,1.2689736784108612,-0.4544112391484574,87.97363145707796,-0.9405806700888668
berlin,ridge+k10,0,4,20,12.34127144669492,-1.3382786689454207,0.375947934985942,0.8094720688226004,0.7959069371478499,-0.0506312098842876,0.92165604382064,0.9200206109349971,0.06095908057307364,0.9796691048805349,0.9796691048805349,0.020330895119465064,6.562578174407367,0.2769258342387956,1.2689736784108612,-0.4695833565684904,87.97363145707796,-0.9405806700888668
berlin,ridge+k10,0,5,20,12.374549349991721,-1.7380705463145056,0.375947934985942,0.8094720688226004,0.7946411569007427,-0.058371512103323586,0.92165604382064,0.9208383273778186,0.06464440536332372,0.9796691048805349,0.9796691048805349,0.020330895119465064,6.780618828192274,0.33218330290233333,1.2689736784108612,-0.5594601355275043,87.97363145707796,-0.9405806700888668
berlin,ridge+k10,0,6,20,12.262022710244787,-0.35915644651904316,0.375947934985942,0.8094720688226004,0.7794405923403492,-0.10370436750193235,0.92165604382064,0.91765707436739,0.046744256382108884,0.9796691048805349,0.9796691048805349,0.020330895119465064,6.775462205030654,0.33225051247297616,1.2689736784108612,-0.5614776155212737,87.97363145707796,-0.9405806700888668
berlin,ridge+k10,0,7,20,12.298360105716798,-0.853052115016575,0.375947934985942,0.8094720688226004,0.7932857638927784,-0.058001859464787864,0.92165604382064,0.9180715333863542,0.052781916144859053,0.9796691048805349,0.9796691048805349,0.020330895119465064,6.490608649754271,0.2539401610789377,1.2689736784108612,-0.4282965083693674,87.97363145707796,-0.9405806700888668
berlin,ridge+k10,0,8,20,12.344669397772904,1.412588262218326,0.375947934985942,0.8094720688226004,0.7719243220234562,-0.12515542213211162,0.92165604382064,0.9072059861324253,0.02009566162221499,0.9796691048805349,0.9796691048805349,0.020330895119465064,6.514918287003556,0.26106437556708073,1.2689736784108612,-0.44340621869973984,87.97363145707796,-0.9405806700888668
berlin,ridge+k10,0,9,20,12.37604043960565,1.7347591713582764,0.375947934985942,0.8094720688226004,0.7584263999193486,-0.15128874351707688,0.92165604382064,0.9047752399941752,0.013229083821536203,0.9796691048805349,0.9796691048805349,0.020330895119465064,6.669036223251905,0.29834328408365346,1.2689736784108612,-0.5015547773864852,87.97363145707796,-0.9405806700888668
berlin,ridge+k10d,0,0,20,12.511193117302913,2.6019278953386484,0.375947934985942,0.8094720688226004,0.7390700435742049,-0.18811958822936392,0.92165604382064,0.8920950343328891,-0.006956190561535958,0.9796691048805349,0.9796691048805349,0.020330895119465064,6.737185834609745,0.3250814916044044,1.2689736784108612,-0.5512265437847534,87.97363145707796,-0.9405806700888668
berlin,uma_los,0,0,20,23.618393871176107,-19.8445245429422,0.375947934985942,0.8094720688226004,0.8094720688226004,0.19052793117739963,0.92165604382064,0.92165604382064,0.07834395617935996,0.9796691048805349,0.9796691048805349,0.020330895119465064,7.312031666177386,0.44781736919337317,1.2689736784108612,-0.748909406286025,87.97363145707796,-0.9405806700888668
berlin,uma_los,0,0,10,23.442383383740058,-19.52947490951966,0.3601200810995486,0.7617644752612772,0.7617644752612772,0.23823552473872278,0.9006866577800678,0.9006866577800678,0.09931334221993215,0.972007213827249,0.972007213827249,0.027992786172751027,8.07033468244445,0.49787729772719636,1.4706625959242732,-0.901237659429813,132.20701535449467,-0.962465218163519
berlin,uma_nlos,0,0,20,21.454462121048195,16.93353068179008,0.375947934985942,0.8094720688226004,0.5260269062314473,-0.4388224883223371,0.92165604382064,0.7348582438139191,-0.22672028496857954,0.9796691048805349,0.8928343396099605,-0.08382153618675292,6.804614624000621,0.14973172179718391,1.2689736784108612,-0.10437053690206533,87.97363145707796,-0.9405806700888668
berlin,uma_nlos,0,0,10,22.312386958056948,17.67644285835658,0.3601200810995486,0.7617644752612772,0.38764240027779956,-0.5828750014001994,0.9006866577800678,0.5282672252528761,-0.4393377616972656,0.972007213827249,0.7815352906253851,-0.19081917265018533,7.776386923622646,0.29407547634783193,1.4706625959242732,-0.4442753974157825,132.20701535449467,-0.962465218163519
chicago,oracle,0,0,20,12.72891146582496,0.0005301905506080871,0.40602206013164915,0.8661603807151752,0.7637097491549546,-0.16152597402597402,0.9697006760362925,0.961839530332681,0.012809108699519678,0.9955746308486034,0.9955746308486034,0.004425369151396574,6.627887937359462,0.37369907489770504,1.1229289826909397,-0.6819547830124466,82.65714010721794,-0.9165667536497637
chicago,oracle,0,0,10,12.598091489146753,1.1997771062816118,0.4042874933285892,0.7793764454723359,0.710538605230386,-0.21525306884895923,0.9146392990571073,0.9165740081835972,0.046399661981853746,0.9730475004447607,0.9730475004447607,0.026952499555239262,7.563424520709784,0.3615015121864437,1.400612278621378,-0.8054366271767828,131.49182000394373,-0.9462952849080648
chicago,coral,0,0,20,14.312314217259194,0.7502890523317169,0.40602206013164915,0.8661603807151752,0.762453300124533,-0.1035847713929905,0.9697006760362925,0.9490415406511297,0.004881248888098155,0.9955746308486034,0.9955746308486034,0.004425369151396574,6.609502039536461,0.3405199252801992,1.1229289826909397,-0.6344543871152044,87.04548602492129,-0.9179420269412512
chicago,coral,0,0,10,14.495319512344588,1.9119328032610317,0.40429861234655756,0.7793764454723359,0.6884451165273083,-0.12662337662337664,0.9146392990571073,0.8932463084860345,0.05498354385340687,0.9730475004447607,0.9730475004447607,0.026952499555239262,7.779685446591196,0.29253024372887393,1.400612278621378,-0.7025809153671959,136.98252321450414,-0.9477152739850719
chicago,cost231,0,0,20,28.99324282929298,24.320922883629787,0.40602206013164915,0.8661603807151752,0.13383961928482477,-0.8661603807151752,0.9697006760362925,0.3258650595979363,-0.6568782245152108,0.9955746308486034,0.6954723358832948,-0.2978562533357053,6.718728260860322,0.3091198185376267,1.1229289826909397,-0.6290093129376381,87.04548602492129,-0.9179420269412512
chicago,cost231,0,0,10,30.05550484082383,25.438135661552487,0.40429861234655756,0.7793764454723359,0.2206235545276641,-0.7793764454723359,0.9146392990571073,0.20497909624621954,-0.7725827254936843,0.9730475004447607,0.5705056929371998,-0.39773839174524106,8.764930926637845,0.35431862657890056,1.400612278621378,-0.8844889658318186,136.98252321450414,-0.9477152739850719
chicago,encoder,0,0,20,14.028321870779044,0.735457317285993,0.40602206013164915,0.8661603807151752,0.7436065646682085,-0.15005114748265425,0.9697006760362925,0.9538227183775129,0.011463707525351308,0.9955746308486034,0.9955746308486034,0.004425369151396574,6.802872698931926,0.35902197117950546,1.1229289826909397,-0.6490228818149193,87.04548602492129,-0.9179420269412512
chicago,encoder,0,0,10,14.156664563377213,1.9354961214558923,0.40429861234655756,0.7793764454723359,0.6757027219355987,-0.19943070628002135,0.9146392990571073,0.9000177904287493,0.058686176836861725,0.9730475004447607,0.9730475004447607,0.026952499555239262,7.9724249823394,0.3071851094111368,1.400612278621378,-0.711398480008149,136.98252321450414,-0.9477152739850719
chicago,encoder,1,0,20,14.093961439479848,1.0409018175258984,0.40602206013164915,0.8661603807151752,0.7378580323785803,-0.15270859277708593,0.9697006760362925,0.9520325564846113,0.009584593488702997,0.9955746308486034,0.9955746308486034,0.004425369151396574,6.783665593614299,0.3539183419320406,1.1229289826909397,-0.6439993501407446,87.04548602492129,-0.9179420269412512
chicago,encoder,1,0,10,14.260084013141801,2.2378786553989305,0.40429861234655756,0.7793764454723359,0.6714552570716954,-0.1905577299412916,0.9146392990571073,0.8952032556484611,0.058230297100160144,0.9730475004447607,0.9730475004447607,0.026952499555239262,7.96076040593549,0.30133650595979367,1.400612278621378,-0.70450223132454,136.98252321450414,-0.9477152739850719
chicago,encoder,2,0,20,14.057491816209312,1.074362291157155,0.40602206013164915,0.8661603807151752,0.7301080768546522,-0.1686421455257071,0.9697006760362925,0.9515877957658779,0.009117594734033063,0.9955746308486034,0.9955746308486034,0.004425369151396574,6.786670847321347,0.35639788293897884,1.1229289826909397,-0.645729904874729,87.04548602492129,-0.9179420269412512
chicago,encoder,2,0,10,14.20433231048173,2.2815446771089296,0.40429861234655756,0.7793764454723359,0.663293897882939,-0.2167096602028109,0.9146392990571073,0.8934464508094645,0.05269302615193028,0.9730475004447607,0.9730475004447607,0.026952499555239262,7.955123734696962,0.3030265966909803,1.400612278621378,-0.7073760478998778,136.98252321450414,-0.9477152739850719
chicago,encoder,3,0,20,14.125127417731774,1.3108245802970446,0.40602206013164915,0.8661603807151752,0.7294409357765522,-0.173312133072407,0.9697006760362925,0.9449608610567515,0.002179327521793284,0.9955746308486034,0.9955746308486034,0.004425369151396574,6.7559949190666595,0.3515277530688489,1.1229289826909397,-0.6412408260394975,87.04548602492129,-0.9179420269412512
chicago,encoder,3,0,10,14.298624767211892,2.5220621819044107,0.40429861234655756,0.7793764454723359,0.6657623198719089,-0.21862213129336416,0.9146392990571073,0.885118306351183,0.0453211172389254,0.9730475004447607,0.9730475004447607,0.026952499555239262,7.925934285820784,0.29774506315602206,1.400612278621378,-0.7025879504490632,136.98252321450414,-0.9477152739850719
chicago,encoder,4,0,20,14.041589214632369,0.7729189510397014,0.40602206013164915,0.8661603807151752,0.7310976694538338,-0.16883116883116878,0.9697006760362925,0.950620441202633,0.0075942892723713795,0.9955746308486034,0.9955746308486034,0.004425369151396574,6.8142255878234606,0.36121241771926704,1.1229289826909397,-0.649767291978997,87.04548602492129,-0.9179420269412512
chicago,encoder,4,0,10,14.161015021443168,1.9796697475285359,0.40429861234655756,0.7793764454723359,0.6692314534780288,-0.2142190001779043,0.9146392990571073,0.8946361857320762,0.0524150507027219,0.9730475004447607,0.9730475004447607,0.026952499555239262,7.9807802397581105,0.3076076320939335,1.400612278621378,-0.7125437180265358,136.98252321450414,-0.9477152739850719
chicago,gbdt,0,0,20,14.28635864626738,1.9562691835852697,0.40602206013164915,0.8661603807151752,0.7334104251912471,-0.1534424479629959,0.9697006760362925,0.9464619284824765,0.004436488169364816,0.9955746308486034,0.9955746308486034,0.004425369151396574,6.780108037188763,0.3597224693115105,1.1229289826909397,-0.6520466524213522,87.04548602492129,-0.9179420269412512
chicago,gbdt,0,0,10,14.56075795744696,3.121588704542234,0.40429861234655756,0.7793764454723359,0.6629380893079523,-0.2058797367016545,0.9146392990571073,0.8865748977050347,0.05040250845045369,0.9730475004447607,0.9730475004447607,0.026952499555239262,7.943349227098799,0.30430528375733856,1.400612278621378,-0.7161375932583905,136.98252321450414,-0.9477152739850719
chicago,gbdt+k10,0,0,20,14.122154384762156,-0.24717694699421164,0.40602206013164915,0.8661603807151752,0.7961884006404555,-0.045454545454545414,0.9697006760362925,0.9611167941647394,0.020158779576587738,0.9955746308486034,0.9955746308486034,0.004425369151396574,6.505225467189308,0.3178704856787049,1.1229289826909397,-0.6110119390727252,87.04548602492129,-0.9179420269412512
chicago,gbdt+k10,0,1,20,13.968812599464204,1.8585215129633073,0.40602206013164915,0.8661603807151752,0.6447362568937911,-0.2961995196584237,0.9697006760362925,0.950587084148728,0.00869507205123643,0.9955746308486034,0.9955746308486034,0.004425369151396574,7.631315279130964,0.47510451876890225,1.1229289826909397,-0.7663124388973799,87.04548602492129,-0.9179420269412512
chicago,gbdt+k10,0,2,20,14.153112093096748,-0.2559555076852672,0.40602206013164915,0.8661603807151752,0.7922077922077922,-0.047055684041985346,0.9697006760362925,0.9610834371108343,0.020281088774239397,0.9955746308486034,0.9955746308486034,0.004425369151396574,6.59791273320841,0.33579434264365776,1.1229289826909397,-0.6301229583540953,87.04548602492129,-0.9179420269412512
chicago,gbdt+k10,0,3,20,13.896215726516795,0.02699623897368021,0.40602206013164915,0.8661603807151752,0.7415606653620352,-0.1506960505248176,0.9697006760362925,0.960271748799146,0.0197140188578544,0.9955746308486034,0.9955746308486034,0.004425369151396574,7.375914855761097,0.4414694894146948,1.1229289826909397,-0.7312232818635434,87.04548602492129,-0.9179420269412512
chicago,gbdt+k10,0,4,20,14.010487994052665,0.5323299875092384,0.40602206013164915,0.8661603807151752,0.761719444938623,-0.1131026507738836,0.9697006760362925,0.9562355452766411,0.014921722113502955,0.9955746308486034,0.9955746308486034,0.004425369151396574,6.863730829158294,0.38092643657712144,1.1229289826909397,-0.6752936496543915,87.04548602492129,-0.9179420269412512
chicago,gbdt+k10,0,5,20,14.541911244716363,-2.673293931884762,0.40602206013164915,0.8661603807151752,0.8324030421633162,0.02943204056217763,0.9697006760362925,0.9652419498309909,0.02519569471624261,0.9955746308486034,0.9955746308486034,0.004425369151396574,6.251346321026874,0.2741060309553461,1.1229289826909397,-0.5567495860109757,87.04548602492129,-0.9179420269412512
chicago,gbdt+k10,0,6,20,13.93393151302664,0.6241352504547886,0.40602206013164915,0.8661603807151752,0.7259829211884007,-0.17187777975449203,0.9697006760362925,0.9564801636719444,0.01514410247286957,0.9955746308486034,0.9955746308486034,0.004425369151396574,7.4506363960326745,0.45934887030777444,1.1229289826909397,-0.7485594724746572,87.04548602492129,-0.9179420269412512
chicago,gbdt+k10,0,7,20,14.126998444786663,1.6091107137259741,0.40602206013164915,0.8661603807151752,0.7385474114926169,-0.14903931684753602,0.9697006760362925,0.949619729585483,0.008105764098914725,0.9955746308486034,0.9955746308486034,0.004425369151396574,6.693796456848599,0.3504492083259207,1.1229289826909397,-0.6441834721203685,87.04548602492129,-0.9179420269412512
chicago,gbdt+k10,0,8,20,14.24702196540559,2.4067399816521173,0.40602206013164915,0.8661603807151752,0.6938378402419498,-0.21903353495819244,0.9697006760362925,0.9457836683864081,0.002401707881159898,0.9955746308486034,0.9955746308486034,0.004425369151396574,6.991710482960829,0.389054438711973,1.1229289826909397,-0.6802115374978295,87.04548602492129,-0.9179420269412512
chicago,gbdt+k10,0,9,20,14.076107697683828,0.6238264630760798,0.40602206013164915,0.8661603807151752,0.7688244974203878,-0.09852561821739902,0.9697006760362925,0.9573585660914428,0.0160892190001779,0.9955746308486034,0.9955746308486034,0.004425369151396574,6.693165997671936,0.34640188578544745,1.1229289826909397,-0.6407051453195209,87.04548602492129,-0.9179420269412512
chicago,gbdt+k10d,0,0,20,14.243734798854144,2.7390776349759762,0.40602206013164915,0.8661603807151752,0.6736123465575521,-0.25044476071873334,0.9697006760362925,0.9407356342287849,-0.0030243728873866615,0.9955746308486034,0.9955746308486034,0.004425369151396574,6.972873287237366,0.3905443871197296,1.1229289826909397,-0.6838933508991385,87.04548602492129,-0.9179420269412512
chicago,gbdt,1,0,20,14.39191550349574,2.2860842929695533,0.40602206013164915,0.8661603807151752,0.7267723714641523,-0.15799012631204412,0.9697006760362925,0.9483410425191248,0.006315602206013127,0.9955746308486034,0.9955746308486034,0.004425369151396574,6.778968199259842,0.35749866571784383,1.1229289826909397,-0.6507958575106418,87.04548602492129,-0.9179420269412512
chicago,gbdt,1,0,10,14.705105765220447,3.4435009332270794,0.40429861234655756,0.7793764454723359,0.6543986835082726,-0.2120619106920476,0.9146392990571073,0.887820227717488,0.0529376445472336,0.9730475004447607,0.9730475004447607,0.026952499555239262,7.941137911210202,0.3037270948229852,1.400612278621378,-0.713944522788138,136.98252321450414,-0.9477152739850719
chicago,gbdt+k10,1,0,20,14.164541609070902,0.06935321912236288,0.40602206013164915,0.8661603807151752,0.7898727984344422,-0.05016900907311861,0.9697006760362925,0.9603051058530511,0.01972513787582275,0.9955746308486034,0.9955746308486034,0.004425369151396574,6.488541057499562,0.313800925102295,1.1229289826909397,-0.6064139113342971,87.04548602492129,-0.9179420269412512
chicago,gbdt+k10,1,1,20,14.026997089361114,2.058312998051582,0.40602206013164915,0.8661603807151752,0.6457592065468778,-0.2933752890944672,0.9697006760362925,0.9524550791674079,0.009940402063689735,0.9955746308486034,0.9955746308486034,0.004425369151396574,7.6245974205635,0.472891834193204,1.1229289826909397,-0.7650713014605053,87.04548602492129,-0.9179420269412512
chicago,gbdt+k10,1,2,20,14.186341030614837,-0.27817363151670027,0.40602206013164915,0.8661603807151752,0.7922633872976339,-0.04253024372887382,0.9697006760362925,0.962740170788116,0.022382583170254322,0.9955746308486034,0.9955746308486034,0.004425369151396574,6.6245927980418475,0.3394302615193026,1.1229289826909397,-0.6334405446448401,87.04548602492129,-0.9179420269412512
chicago,gbdt+k10,1,3,20,13.927858817140082,0.6193019859000234,0.40602206013164915,0.8661603807151752,0.7209904821206191,-0.1791162604518769,0.9697006760362925,0.9596824408468244,0.0191024728695961,0.9955746308486034,0.9955746308486034,0.004425369151396574,7.369900313866003,0.4394347091264899,1.1229289826909397,-0.7301201635802153,87.04548602492129,-0.9179420269412512
chicago,gbdt+k10,1,4,20,14.034353668456902,0.4602538153268582,0.40602206013164915,0.8661603807151752,0.7662226472157979,-0.09888142679238565,0.9697006760362925,0.9581702544031311,0.017212239814979546,0.9955746308486034,0.9955746308486034,0.004425369151396574,6.886712193309009,0.38223848069738486,1.1229289826909397,-0.6775601635079591,87.04548602492129,-0.9179420269412512
chicago,gbdt+k10,1,5,20,14.677629867433154,-3.1592133959459514,0.40602206013164915,0.8661603807151752,0.8403531400106743,0.04676658957480884,0.9697006760362925,0.965475449208326,0.025851716776374323,0.9955746308486034,0.9955746308486034,0.004425369151396574,6.251116536984018,0.27319427148194264,1.1229289826909397,-0.5560687875346616,87.04548602492129,-0.9179420269412512
chicago,gbdt+k10,1,6,20,13.965756896395687,0.5637409386292471,0.40602206013164915,0.8661603807151752,0.7328433552748621,-0.15598870307774415,0.9697006760362925,0.9588596335171677,0.018257427504002832,0.9955746308486034,0.9955746308486034,0.004425369151396574,7.4875819593388675,0.4620841487279843,1.1229289826909397,-0.7518831362200589,87.04548602492129,-0.9179420269412512
chicago,gbdt+k10,1,7,20,14.232157578216242,2.0808085193378347,0.40602206013164915,0.8661603807151752,0.7301525529265255,-0.1579456502401707,0.9697006760362925,0.9495641344956414,0.007383027930973118,0.9955746308486034,0.9955746308486034,0.004425369151396574,6.678860952318062,0.34742483543853414,1.1229289826909397,-0.6409308030851101,87.04548602492129,-0.9179420269412512
chicago,gbdt+k10,1,8,20,14.300387059306173,2.495469229315785,0.40602206013164915,0.8661603807151752,0.6935153887208682,-0.2143079523216509,0.9697006760362925,0.946851094111368,0.0032467532467531646,0.9955746308486034,0.9955746308486034,0.004425369151396574,7.006957034938299,0.39031088774239453,1.1229289826909397,-0.681315553943536,87.04548602492129,-0.9179420269412512
chicago,gbdt+k10,1,9,20,14.110497851821128,0.6473716954157674,0.40602206013164915,0.8661603807151752,0.7699697562711262,-0.09128713752001416,0.9697006760362925,0.9593599893257427,0.01833526062978119,0.9955746308486034,0.9955746308486034,0.004425369151396574,6.717411161287535,0.3488703077744174,1.1229289826909397,-0.6434681690081432,87.04548602492129,-0.9179420269412512
chicago,gbdt+k10d,1,0,20,14.24715817443301,2.587668675095447,0.40602206013164915,0.8661603807151752,0.6869218110656466,-0.22941869774061552,0.9697006760362925,0.9460060487457748,0.0027130403842732242,0.9955746308486034,0.9955746308486034,0.004425369151396574,6.972298293302582,0.3890766767479097,1.1229289826909397,-0.683318171093011,87.04548602492129,-0.9179420269412512
chicago,gbdt,2,0,20,14.226622745283478,1.737308486277208,0.40602206013164915,0.8661603807151752,0.7389810531933819,-0.14798301014054438,0.9697006760362925,0.9482743284113148,0.005759651307596481,0.9955746308486034,0.9955746308486034,0.004425369151396574,6.784502025135889,0.36013387297633875,1.1229289826909397,-0.6536637380240867,87.04548602492129,-0.9179420269412512
chicago,gbdt,2,0,10,14.480686906412402,2.9053540773899904,0.40429861234655756,0.7793764454723359,0.6709660202810888,-0.1999421811065647,0.9146392990571073,0.8858855185909981,0.04971312933641703,0.9730475004447607,0.9730475004447607,0.026952499555239262,7.946093808336691,0.3065846824408468,1.400612278621378,-0.7176816859573767,136.98252321450414,-0.9477152739850719
chicago,gbdt+k10,2,0,20,14.1138989123252,-0.6803759735261969,0.40602206013164915,0.8661603807151752,0.8044831880448319,-0.03424657534246567,0.9697006760362925,0.9610056039850561,0.020514588151574364,0.9955746308486034,0.9955746308486034,0.004425369151396574,6.509892883571893,0.31928260096068317,1.1229289826909397,-0.61224432155204,87.04548602492129,-0.9179420269412512
chicago,gbdt+k10,2,1,20,13.926844142814373,1.6387448187175695,0.40602206013164915,0.8661603807151752,0.6543986835082726,-0.28740437644547234,0.9697006760362925,0.9525996264009963,0.010396281800391316,0.9955746308486034,0.9955746308486034,0.004425369151396574,7.6111263024379205,0.47315869062444404,1.1229289826909397,-0.7645950389803324,87.04548602492129,-0.9179420269412512
chicago,gbdt+k10,2,2,20,14.114057980604642,-0.235453096136133,0.40602206013164915,0.8661603807151752,0.7951432129514321,-0.05030243728873862,0.9697006760362925,0.9590708948585661,0.018468688845401093,0.9955746308486034,0.9955746308486034,0.004425369151396574,6.614478384435417,0.3401529976872442,1.1229289826909397,-0.6336448830311653,87.04548602492129,-0.9179420269412512
chicago,gbdt+k10,2,3,20,13.874144819268032,0.18402044833583747,0.40602206013164915,0.8661603807151752,0.7304416473937022,-0.1696873332147304,0.9697006760362925,0.9569249243906778,0.015744529443159516,0.9955746308486034,0.9955746308486034,0.004425369151396574,7.365657882135623,0.44040206368973495,1.1229289826909397,-0.7307348946873278,87.04548602492129,-0.9179420269412512
chicago,gbdt+k10,2,4,20,13.979096085403167,0.4610728772730145,0.40602206013164915,0.8661603807151752,0.7649106030955346,-0.10826587795765874,0.9697006760362925,0.9543564312399929,0.012597847358121306,0.9955746308486034,0.9955746308486034,0.004425369151396574,6.8558934437331756,0.3796032734388899,1.1229289826909397,-0.6750109406215796,87.04548602492129,-0.9179420269412512
chicago,gbdt+k10,2,5,20,14.563377290198183,-2.9945509364515583,0.40602206013164915,0.8661603807151752,0.8405755203700409,0.039539227895392326,0.9697006760362925,0.9641300480341576,0.02408379291940932,0.9955746308486034,0.9955746308486034,0.004425369151396574,6.254491603131935,0.2762631204412026,1.1229289826909397,-0.5588357380226489,87.04548602492129,-0.9179420269412512
chicago,gbdt+k10,2,6,20,13.9038981869111,0.5449276715517749,0.40602206013164915,0.8661603807151752,0.7237479985767657,-0.1769369329300836,0.9697006760362925,0.9544342643657712,0.012898060843266279,0.9955746308486034,0.9955746308486034,0.004425369151396574,7.4980169086980935,0.4654309731364526,1.1229289826909397,-0.7541029987317707,87.04548602492129,-0.9179420269412512
chicago,gbdt+k10,2,7,20,14.08484296062303,1.4640714850971321,0.40602206013164915,0.8661603807151752,0.7410491905354919,-0.14655977584059776,0.9697006760362925,0.9504647749510763,0.008016811955168124,0.9955746308486034,0.9955746308486034,0.004425369151396574,6.7007491164883515,0.3527730830813023,1.1229289826909397,-0.6463104341032122,87.04548602492129,-0.9179420269412512
chicago,gbdt+k10,2,8,20,14.20651682821222,2.3396946810289077,0.40602206013164915,0.8661603807151752,0.6938044831880449,-0.2228695961572673,0.9697006760362925,0.9450275751645615,0.0011786159046432987,0.9955746308486034,0.9955746308486034,0.004425369151396574,6.989813806485958,0.38917674790962464,1.1229289826909397,-0.6806834401387166,87.04548602492129,-0.9179420269412512
chicago,gbdt+k10,2,9,20,14.025809160357687,0.3570405454114055,0.40602206013164915,0.8661603807151752,0.776174168297456,-0.09142056573563417,0.9697006760362925,0.9568359722469312,0.01563333926347621,0.9955746308486034,0.9955746308486034,0.004425369151396574,6.737851010693867,0.3539294609500089,1.1229289826909397,-0.6489860361761045,87.04548602492129,-0.9179420269412512
chicago,gbdt+k10d,2,0,20,14.150514808124939,2.2985737473136783,0.40602206013164915,0.8661603807151752,0.6911581569115816,-0.2286292474648639,0.9697006760362925,0.9422367016545099,-0.0011897349226116516,0.9955746308486034,0.9955746308486034,0.004425369151396574,6.950909591409626,0.387119729585483,1.1229289826909397,-0.6816399851682085,87.04548602492129,-0.9179420269412512
chicago,gbdt,3,0,20,14.39508306820711,2.2359117354392763,0.40602206013164915,0.8661603807151752,0.7253713752001423,-0.1637497776196406,0.9697006760362925,0.9446606475716065,0.0013454011741682592,0.9955746308486034,0.9955746308486034,0.004425369151396574,6.791087001326659,0.3595334460060488,1.1229289826909397,-0.650233093066336,87.04548602492129,-0.9179420269412512
chicago,gbdt,3,0,10,14.700359409476489,3.394822308411022,0.40429861234655756,0.7793764454723359,0.6525862835794343,-0.21936710549724248,0.9146392990571073,0.8838729763387297,0.045743639921722146,0.9730475004447607,0.9730475004447607,0.026952499555239262,7.960685602771882,0.30287093043942365,1.400612278621378,-0.7126284240803956,136.98252321450414,-0.9477152739850719
chicago,gbdt+k10,3,0,20,14.17175458022357,-0.1904183300051029,0.40602206013164915,0.8661603807151752,0.7938534068671055,-0.043453122220245444,0.9697006760362925,0.9585260629781178,0.017456858210282866,0.9955746308486034,0.9955746308486034,0.004425369151396574,6.5032352469887424,0.31576899128268987,1.1229289826909397,-0.6070964713168052,87.04548602492129,-0.9179420269412512
chicago,gbdt+k10,3,1,20,14.027011548601772,1.9606550891319159,0.40602206013164915,0.8661603807151752,0.6559887030777442,-0.2830568404198541,0.9697006760362925,0.9478962818003914,0.005181462373243129,0.9955746308486034,0.9955746308486034,0.004425369151396574,7.634300298947639,0.4739703789361323,1.1229289826909397,-0.7644221550723014,87.04548602492129,-0.9179420269412512
chicago,gbdt+k10,3,2,20,14.181673903138092,-0.39186281012749136,0.40602206013164915,0.8661603807151752,0.7934308841843088,-0.04214107809998213,0.9697006760362925,0.9619951965842377,0.021726561110122722,0.9955746308486034,0.9955746308486034,0.004425369151396574,6.68179980862358,0.3477361679416474,1.1229289826909397,-0.6410198351236672,87.04548602492129,-0.9179420269412512
chicago,gbdt+k10,3,3,20,13.937680389071556,0.49150749718256237,0.40602206013164915,0.8661603807151752,0.7237702366127023,-0.17727050346913353,0.9697006760362925,0.9556573563422879,0.014121152819782878,0.9955746308486034,0.9955746308486034,0.004425369151396574,7.376742927066001,0.4404131827077032,1.1229289826909397,-0.7291602006650919,87.04548602492129,-0.9179420269412512
chicago,gbdt+k10,3,4,20,14.037894664163634,0.2841618754840505,0.40602206013164915,0.8661603807151752,0.7664227895392279,-0.10008228073296566,0.9697006760362925,0.9552459526774595,0.013598558975271291,0.9955746308486034,0.9955746308486034,0.004425369151396574,6.9166806806356105,0.38772015655577297,1.1229289826909397,-0.6801975419293,87.04548602492129,-0.9179420269412512
chicago,gbdt+k10,3,5,20,14.651711027877935,-3.068338608347992,0.40602206013164915,0.8661603807151752,0.8396304038427326,0.04032867817114394,0.9697006760362925,0.9650862835794343,0.025462551147482637,0.9955746308486034,0.9955746308486034,0.004425369151396574,6.307360116259347,0.28232298523394417,1.1229289826909397,-0.5660212799760052,87.04548602492129,-0.9179420269412512
chicago,gbdt+k10,3,6,20,13.962884723519938,0.4910671263164963,0.40602206013164915,0.8661603807151752,0.7316313823163139,-0.16276018502045897,0.9697006760362925,0.9554572140188579,0.013765344244796252,0.9955746308486034,0.9955746308486034,0.004425369151396574,7.516047126258393,0.4650084504536559,1.1229289826909397,-0.7537938056894415,87.04548602492129,-0.9179420269412512
chicago,gbdt+k10,3,7,20,14.261828407659285,2.2693319557905705,0.40602206013164915,0.8661603807151752,0.7207792207792207,-0.17552481764810524,0.9697006760362925,0.946917808219178,0.0039361323607898235,0.9955746308486034,0.9955746308486034,0.004425369151396574,6.695185165908411,0.34853673723536743,1.1229289826909397,-0.6407858541050725,87.04548602492129,-0.9179420269412512
chicago,gbdt+k10,3,8,20,14.335751883297863,2.6237975945061556,0.40602206013164915,0.8661603807151752,0.6913805372709483,-0.22304750044476074,0.9697006760362925,0.9420921544209215,-0.002379469845223303,0.9955746308486034,0.9955746308486034,0.004425369151396574,6.992066641817472,0.38797589396904464,1.1229289826909397,-0.6770760862936649,87.04548602492129,-0.9179420269412512
chicago,gbdt+k10,3,9,20,14.09387168536502,0.2585987552000784,0.40602206013164915,0.8661603807151752,0.7735723180928661,-0.08737324319516093,0.9697006760362925,0.9581480163671945,0.016567336772816188,0.9955746308486034,0.9955746308486034,0.004425369151396574,6.763248471309471,0.3566536203522505,1.1229289826909397,-0.6495375098905272,87.04548602492129,-0.9179420269412512
chicago,gbdt+k10d,3,0,20,14.266483616177394,2.5633974736468295,0.40602206013164915,0.8661603807151752,0.6917029887920298,-0.2242817114392457,0.9697006760362925,0.94050213485145,-0.0029465397616083022,0.9955746308486034,0.9955746308486034,0.004425369151396574,6.965584101702761,0.3879425369151397,1.1229289826909397,-0.6798607272121395,87.04548602492129,-0.9179420269412512
chicago,gbdt,4,0,20,14.29521885889303,2.025643076239464,0.40602206013164915,0.8661603807151752,0.7333881871553104,-0.1534646859989326,0.9697006760362925,0.947785091620708,0.005248176481053135,0.9955746308486034,0.9955746308486034,0.004425369151396574,6.777259427702865,0.3586661626045188,1.1229289826909397,-0.6509237072271095,87.04548602492129,-0.9179420269412512
chicago,gbdt,4,0,10,14.575670372973457,3.1908167688598295,0.40429861234655756,0.7793764454723359,0.6644725137875823,-0.20321117238925457,0.9146392990571073,0.8867416829745597,0.04976872442625868,0.9730475004447607,0.9730475004447607,0.026952499555239262,7.943416313856794,0.30446095000889517,1.400612278621378,-0.7144553767845742,136.98252321450414,-0.9477152739850719
chicago,gbdt+k10,4,0,20,14.127068893031735,-0.24263966270925116,0.40602206013164915,0.8661603807151752,0.8004247464863903,-0.04270814801636713,0.9697006760362925,0.962673456680306,0.022226916918697714,0.9955746308486034,0.9955746308486034,0.004425369151396574,6.4975198583943445,0.31613591887564496,1.1229289826909397,-0.6082889963680564,87.04548602492129,-0.9179420269412512
chicago,gbdt+k10,4,1,20,13.954330262988412,1.7293816864831262,0.40602206013164915,0.8661603807151752,0.6550991816402776,-0.28321250667141074,0.9697006760362925,0.9526107454189646,0.010629781177726394,0.9955746308486034,0.9955746308486034,0.004425369151396574,7.634134533121495,0.47499332858921905,1.1229289826909397,-0.765962895179541,87.04548602492129,-0.9179420269412512
chicago,gbdt+k10,4,2,20,14.140157778058988,-0.38930045611261344,0.40602206013164915,0.8661603807151752,0.7968666607365238,-0.04551014054438707,0.9697006760362925,0.9624621953389076,0.02208236968510935,0.9955746308486034,0.9955746308486034,0.004425369151396574,6.6358351678353396,0.34221001601138595,1.1229289826909397,-0.6358577589653478,87.04548602492129,-0.9179420269412512
chicago,gbdt+k10,4,3,20,13.892179811783398,0.16629072640965922,0.40602206013164915,0.8661603807151752,0.7331102117061021,-0.1602139299057107,0.9697006760362925,0.9616505070272193,0.021048301014054416,0.9955746308486034,0.9955746308486034,0.004425369151396574,7.4027934614663895,0.4440379825653798,1.1229289826909397,-0.7336337218957525,87.04548602492129,-0.9179420269412512
chicago,gbdt+k10,4,4,20,14.003793188793644,0.5356582239869053,0.40602206013164915,0.8661603807151752,0.760551948051948,-0.11062310976694534,0.9697006760362925,0.9576143035047144,0.016433908557196175,0.9955746308486034,0.9955746308486034,0.004425369151396574,6.875991196072183,0.38199386230208143,1.1229289826909397,-0.6765008128526546,87.04548602492129,-0.9179420269412512
chicago,gbdt+k10,4,5,20,14.624818858321587,-3.2144859556502943,0.40602206013164915,0.8661603807151752,0.8401307596513076,0.044231453478028815,0.9697006760362925,0.964841665184131,0.025173456680306017,0.9955746308486034,0.9955746308486034,0.004425369151396574,6.285595538258659,0.28011030065824594,1.1229289826909397,-0.5646138711466289,87.04548602492129,-0.9179420269412512
chicago,gbdt+k10,4,6,20,13.929708880299804,0.7105040459725839,0.40602206013164915,0.8661603807151752,0.7244707347447074,-0.17490215264187858,0.9697006760362925,0.9565135207258495,0.01531088774239453,0.9955746308486034,0.9955746308486034,0.004425369151396574,7.456949281142217,0.46004936843977945,1.1229289826909397,-0.7490296835138088,87.04548602492129,-0.9179420269412512
chicago,gbdt+k10,4,7,20,14.140922462250018,1.774939256672897,0.40602206013164915,0.8661603807151752,0.7339774951076321,-0.15596646504180744,0.9697006760362925,0.9500311332503113,0.008361501512186398,0.9955746308486034,0.9955746308486034,0.004425369151396574,6.71766963774879,0.35473003024372884,1.1229289826909397,-0.6477658646009249,87.04548602492129,-0.9179420269412512
chicago,gbdt+k10,4,8,20,14.197608718771166,2.1951345416785593,0.40602206013164915,0.8661603807151752,0.699386230208148,-0.20892634762497775,0.9697006760362925,0.9478406867105498,0.004325297989681509,0.9955746308486034,0.9955746308486034,0.004425369151396574,7.031086779313322,0.39439156733677283,1.1229289826909397,-0.6849969050678892,87.04548602492129,-0.9179420269412512
chicago,gbdt+k10,4,9,20,14.06928864355625,0.518025830356347,0.40602206013164915,0.8661603807151752,0.7720934887030777,-0.09269925280199254,0.9697006760362925,0.9594378224515211,0.018390855719622845,0.9955746308486034,0.9955746308486034,0.004425369151396574,6.71139450135775,0.34900373599003737,1.1229289826909397,-0.6428792655387523,87.04548602492129,-0.9179420269412512
chicago,gbdt+k10d,4,0,20,14.150384126878508,2.267055516469695,0.40602206013164915,0.8661603807151752,0.6919142501334282,-0.22478206724782068,0.9697006760362925,0.9438489592599182,0.0004892367906066397,0.9955746308486034,0.9955746308486034,0.004425369151396574,7.009220248209803,0.3951476605586195,1.1229289826909397,-0.6888098775204533,87.04548602492129,-0.9179420269412512
chicago,gbdt_iw,0,0,20,14.179586798078608,0.9875147871976849,0.40602206013164915,0.8661603807151752,0.7663449564134496,-0.09486746130581747,0.9697006760362925,0.9535669809642412,0.012520014232342946,0.9955746308486034,0.9955746308486034,0.004425369151396574,6.706553152105262,0.35378491371642057,1.1229289826909397,-0.6467048691331376,87.04548602492129,-0.9179420269412512
chicago,gbdt_iw,0,0,10,14.384344103513016,2.150101080242821,0.40429861234655756,0.7793764454723359,0.6910469667318982,-0.12918075075609325,0.9146392990571073,0.8944026863547412,0.0600982921188401,0.9730475004447607,0.9730475004447607,0.026952499555239262,7.87386456904283,0.299813200498132,1.400612278621378,-0.7092289857697595,136.98252321450414,-0.9477152739850719
chicago,gbdt_iw,1,0,20,14.271388892068162,1.0294365771158522,0.40602206013164915,0.8661603807151752,0.7668341932040562,-0.08877423945917096,0.9697006760362925,0.9558574986657179,0.01465486568226293,0.9955746308486034,0.9955746308486034,0.004425369151396574,6.7028881449542945,0.35161670521259564,1.1229289826909397,-0.6453383587519024,87.04548602492129,-0.9179420269412512
chicago,gbdt_iw,1,0,10,14.49637582986845,2.174833284456153,0.40429861234655756,0.7793764454723359,0.6929705568404199,-0.11264677103718201,0.9146392990571073,0.8994840775662694,0.06578011030065822,0.9730475004447607,0.9730475004447607,0.026952499555239262,7.8723768205254885,0.299079345312222,1.400612278621378,-0.7070052874763809,136.98252321450414,-0.9477152739850719
chicago,gbdt_iw,2,0,20,14.174139297854335,0.9723803117225231,0.40602206013164915,0.8661603807151752,0.7658223625689379,-0.09423367728162246,0.9697006760362925,0.9556128802704145,0.014299057107276303,0.9955746308486034,0.9955746308486034,0.004425369151396574,6.709932631210248,0.35419631738124885,1.1229289826909397,-0.6455230328544961,87.04548602492129,-0.9179420269412512
chicago,gbdt_iw,2,0,10,14.37512289017153,2.1340914346614066,0.40429861234655756,0.7793764454723359,0.6896014943960149,-0.13160469667318986,0.9146392990571073,0.899172745063156,0.06533534958192488,0.9730475004447607,0.9730475004447607,0.026952499555239262,7.879498495051146,0.2983566091442804,1.400612278621378,-0.7073553158185655,136.98252321450414,-0.9477152739850719
chicago,gbdt_iw,3,0,20,14.18704970728279,1.008987421223487,0.40602206013164915,0.8661603807151752,0.7683352606297812,-0.09332191780821919,0.9697006760362925,0.9562244262586729,0.014888365059597897,0.9955746308486034,0.9955746308486034,0.004425369151396574,6.66069790924871,0.34812533357053904,1.1229289826909397,-0.6432717906030232,87.04548602492129,-0.9179420269412512
chicago,gbdt_iw,3,0,10,14.390691883029104,2.170356223656852,0.40429861234655756,0.7793764454723359,0.6957169542785981,-0.13064846112791317,0.9146392990571073,0.8999844333748444,0.06572451521081657,0.9730475004447607,0.9730475004447607,0.026952499555239262,7.830992770131396,0.29697785091620704,1.400612278621378,-0.7061543094315412,136.98252321450414,-0.9477152739850719
chicago,gbdt_iw,4,0,20,14.205079226182656,1.0149721632451965,0.40602206013164915,0.8661603807151752,0.7722713929905711,-0.08449341754136275,0.9697006760362925,0.9581257783312578,0.01690090731186622,0.9955746308486034,0.9955746308486034,0.004425369151396574,6.711318111335476,0.3518502045899306,1.1229289826909397,-0.6458271738678407,87.04548602492129,-0.9179420269412512
chicago,gbdt_iw,4,0,10,14.41609807119573,2.170865573506247,0.40429861234655756,0.7793764454723359,0.6951610033801815,-0.1191291585127201,0.9146392990571073,0.8998954812310976,0.06590241949830988,0.9730475004447607,0.9730475004447607,0.026952499555239262,7.877728873658714,0.2984789183419321,1.400612278621378,-0.7084764738557194,136.98252321450414,-0.9477152739850719
chicago,gp_ard,0,0,20,14.072640125795138,0.9468778221662589,0.40602206013164915,0.8661603807151752,0.7346112791318271,-0.16698541184842552,0.9697006760362925,0.9481409001956947,0.005559508984166461,0.9955746308486034,0.9955746308486034,0.004425369151396574,6.848057077068269,0.362546699875467,1.1229289826909397,-0.6517854212072042,87.04548602492129,-0.9179420269412512
chicago,gp_ard,0,0,10,14.191255732689735,2.1530225401318392,0.40429861234655756,0.7793764454723359,0.6677637431062089,-0.22293631026507732,0.9146392990571073,0.8898883650595979,0.04388676392101054,0.9730475004447607,0.9730475004447607,0.026952499555239262,8.005538530471245,0.30612880270414516,1.400612278621378,-0.7140410898442029,136.98252321450414,-0.9477152739850719
chicago,kernel,0,0,20,14.11597427323624,0.9209176553549807,0.40602206013164915,0.8661603807151752,0.7248376623376623,-0.17620307774417365,0.9697006760362925,0.9460282867817115,0.0029131827077032435,0.9955746308486034,0.9955746308486034,0.004425369151396574,6.834986886201168,0.3529398683508273,1.1229289826909397,-0.6464651903858425,87.04548602492129,-0.9179420269412512
chicago,kernel,0,0,10,14.250268768875872,2.1198095478717267,0.40429861234655756,0.7793764454723359,0.6656288916562889,-0.2153976160825476,0.9146392990571073,0.8883761786159047,0.04717799323963712,0.9730475004447607,0.9730475004447607,0.026952499555239262,8.0005624223181,0.2955879736701654,1.400612278621378,-0.7102261544943493,136.98252321450414,-0.9477152739850719
chicago,knn,0,0,20,14.161852497858051,1.288009823451269,0.40602206013164915,0.8661603807151752,0.7391367194449386,-0.15109633517167764,0.9697006760362925,0.9546900017790428,0.012642323429994606,0.9955746308486034,0.9955746308486034,0.004425369151396574,6.813703885034794,0.3378624799857676,1.1229289826909397,-0.6262269565740373,87.04548602492129,-0.9179420269412512
chicago,knn,0,0,10,14.34283913285292,2.4849577265590646,0.40429861234655756,0.7793764454723359,0.6637720156555773,-0.2147193559864793,0.9146392990571073,0.8961261341398328,0.060732076143034996,0.9730475004447607,0.9730475004447607,0.026952499555239262,8.025189314337588,0.28461350293542076,1.400612278621378,-0.6770084371805876,136.98252321450414,-0.9477152739850719
chicago,median,0,0,20,16.638521701230275,6.830818982474124,0.40602206013164915,0.8661603807151752,0.5073830279309731,-0.36608254758939685,0.9697006760362925,0.8948252090375378,-0.047089041095890405,0.9955746308486034,0.9955746308486034,0.004425369151396574,6.710864305816854,0.38426214196762143,1.1229289826909397,-0.6893467816690262,87.04548602492129,-0.9179420269412512
chicago,median,0,0,10,17.27150598746397,7.838672459220362,0.40429861234655756,0.7793764454723359,0.41570672478206727,-0.43078411314712683,0.9146392990571073,0.8028042163316136,-0.034635740971357465,0.9730475004447607,0.9730475004447607,0.026952499555239262,7.656370412398049,0.3435331791496175,1.400612278621378,-0.7874251366246565,136.98252321450414,-0.9477152739850719
chicago,mlp,0,0,20,14.039643027159299,1.4405192506704811,0.40602206013164915,0.8661603807151752,0.727028108877424,-0.1797945205479452,0.9697006760362925,0.9457614303504714,0.0008672834015299724,0.9955746308486034,0.9955746308486034,0.004425369151396574,6.790539262396011,0.35435198363280557,1.1229289826909397,-0.6477198735551882,87.04548602492129,-0.9179420269412512
chicago,mlp,0,0,10,14.21383637269198,2.643793042137794,0.40429861234655756,0.7793764454723359,0.662159758050169,-0.2333214730475004,0.9146392990571073,0.8868639921722113,0.038927681907133915,0.9730475004447607,0.9730475004447607,0.026952499555239262,7.959394580906081,0.3060287315424302,1.400612278621378,-0.7094640130286044,136.98252321450414,-0.9477152739850719
chicago,mlp,1,0,20,14.049677352451695,1.6559348922150587,0.40602206013164915,0.8661603807151752,0.7247042341220423,-0.18823385518590996,0.9697006760362925,0.9438711972958548,-0.001378758228073318,0.9955746308486034,0.9955746308486034,0.004425369151396574,6.811204244560893,0.35778776018502045,1.1229289826909397,-0.6483591418989365,87.04548602492129,-0.9179420269412512
chicago,mlp,1,0,10,14.23810917512904,2.8450689628442363,0.40429861234655756,0.7793764454723359,0.6642056573563423,-0.23910336239103358,0.9146392990571073,0.8872309197651663,0.03715975805016902,0.9730475004447607,0.9730475004447607,0.026952499555239262,7.973358125839359,0.30255959793631026,1.400612278621378,-0.7111710949016604,136.98252321450414,-0.9477152739850719
chicago,mlp,2,0,20,14.023167763370829,1.0476010243955796,0.40602206013164915,0.8661603807151752,0.7362012987012987,-0.16281578011030062,0.9697006760362925,0.9452499555239281,0.000689379114036659,0.9955746308486034,0.9955746308486034,0.004425369151396574,6.87633072779718,0.36240215264187864,1.1229289826909397,-0.6549325023985202,87.04548602492129,-0.9179420269412512
chicago,mlp,2,0,10,14.169579951595063,2.237785306868584,0.40429861234655756,0.7793764454723359,0.6704656644725138,-0.2112946984522327,0.9146392990571073,0.886886230208148,0.042352339441380504,0.9730475004447607,0.9730475004447607,0.026952499555239262,8.028509145531224,0.31287804661092333,1.400612278621378,-0.7161074917987346,136.98252321450414,-0.9477152739850719
chicago,mlp,3,0,20,13.955930667782296,0.2840534243929983,0.40602206013164915,0.8661603807151752,0.7450297989681551,-0.15238614125600425,0.9697006760362925,0.948819160291763,0.004947962995908162,0.9955746308486034,0.9955746308486034,0.004425369151396574,6.93443044664777,0.36840642234477855,1.1229289826909397,-0.6639746887089237,87.04548602492129,-0.9179420269412512
chicago,mlp,3,0,10,14.009073683664713,1.4813977081545777,0.40429861234655756,0.7793764454723359,0.6803171143924569,-0.2042230030243729,0.9146392990571073,0.8959148727984344,0.052759740259740284,0.9730475004447607,0.9730475004447607,0.026952499555239262,8.060897020961958,0.3181262230919766,1.400612278621378,-0.7257946660415588,136.98252321450414,-0.9477152739850719
chicago,mlp,4,0,20,14.034259392301628,1.0479467181886692,0.40602206013164915,0.8661603807151752,0.7266945383383739,-0.17819338196050527,0.9697006760362925,0.9434486746130581,-0.0014677103718200302,0.9955746308486034,0.9955746308486034,0.004425369151396574,6.797101887245086,0.351127468421989,1.1229289826909397,-0.6447599164000022,87.04548602492129,-0.9179420269412512
chicago,mlp,4,0,10,14.160534630455013,2.2625841727616773,0.40429861234655756,0.7793764454723359,0.6694871908913005,-0.22014543675502574,0.9146392990571073,0.8852183775128981,0.036192403486923985,0.9730475004447607,0.9730475004447607,0.026952499555239262,7.976277114946769,0.300947340330902,1.400612278621378,-0.7043471215110207,136.98252321450414,-0.9477152739850719
chicago,ridge,0,0,20,14.146518760091805,1.2733909247723902,0.40602206013164915,0.8661603807151752,0.7290851272015656,-0.16904243017256715,0.9697006760362925,0.9412582280732966,-0.006193293008361578,0.9955746308486034,0.9937955879736702,0.0024684219889699044,6.780077131080815,0.34851449919943067,1.1229289826909397,-0.6482960261181454,87.04548602492129,-0.9179420269412512
chicago,ridge,0,0,10,14.292367273210337,2.4638379697251933,0.40429861234655756,0.7793764454723359,0.6663071517523572,-0.21431907133961925,0.9146392990571073,0.8825831702544031,0.03520281088774235,0.9730475004447607,0.9718466465041807,0.024995552392812592,7.939543546881497,0.2997020103184487,1.400612278621378,-0.7091227777454432,136.98252321450414,-0.9477152739850719
chicago,ridge+k10,0,0,20,14.480700102146118,-2.7015514073362934,0.40602206013164915,0.8661603807151752,0.8361612702366127,0.024228340152997685,0.9697006760362925,0.962206457925636,0.021159491193737723,0.9955746308486034,0.9955746308486034,0.004425369151396574,6.290776362714356,0.2737502223803594,1.1229289826909397,-0.5635180634302175,87.04548602492129,-0.9179420269412512
chicago,ridge+k10,0,1,20,13.987629378097044,1.9455859379887992,0.4058219178082192,0.8661603807151752,0.6123354385340687,-0.33911892901618923,0.9697006760362925,0.9347869596157268,-0.01350960683152469,0.9955746308486034,0.9935287315424302,0.0022015655577299897,7.785440580466989,0.48344378224515216,1.1229289826909397,-0.779689131781149,86.92674042535376,-0.9167078073206856
chicago,ridge+k10,0,2,20,14.054301567716953,-0.6002920271297035,0.4058219178082192,0.8661603807151752,0.7884050880626223,-0.07592065468777798,0.9697006760362925,0.9529776730119196,0.009573474470734755,0.9955746308486034,0.9944627290517701,0.003313467354563282,6.789738659928102,0.3571762141967621,1.1229289826909397,-0.6579374044571875,86.92674042535376,-0.9167078073206856
chicago,ridge+k10,0,3,20,13.909279194162057,-0.35858160065914996,0.4058219178082192,0.8661603807151752,0.7076476605586195,-0.20953789361323605,0.9697006760362925,0.9480297100160114,0.0020236612702365653,0.9955746308486034,0.9955746308486034,0.004425369151396574,7.5915435501638,0.45527930973136455,1.1229289826909397,-0.7518406607131661,86.92674042535376,-0.9167078073206856
chicago,ridge+k10,0,4,20,14.017261566714142,1.1143098183447082,0.4058219178082192,0.8661603807151752,0.7053571428571429,-0.20849270592421276,0.9697006760362925,0.9397793986835082,-0.007872264721579869,0.9955746308486034,0.9935287315424302,0.0022015655577299897,6.9946871261370775,0.3897215797900729,1.1229289826909397,-0.6907829821419798,86.92674042535376,-0.9167078073206856
chicago,ridge+k10,0,5,20,14.558003063128506,-2.9328886527294697,0.40602206013164915,0.8661603807151752,0.838107098381071,0.02690802348336596,0.9697006760362925,0.9606831524639744,0.01948051948051943,0.9955746308486034,0.9955746308486034,0.004425369151396574,6.248150043738401,0.26730119195872615,1.1229289826909397,-0.5531255011656799,87.04548602492129,-0.9179420269412512
chicago,ridge+k10,0,6,20,13.954184372169157,-0.775179040563275,0.4058219178082192,0.8661603807151752,0.7560153887208682,-0.13315024017078814,0.9697006760362925,0.9517212239814979,0.006715886852873165,0.9955746308486034,0.9946406333392634,0.003313467354563282,7.382263169897481,0.4401352072584949,1.1229289826909397,-0.7369988897052315,86.92674042535376,-0.9167078073206856
chicago,ridge+k10,0,7,20,14.067898611923951,1.3705047667744739,0.4058219178082192,0.8661603807151752,0.7105608432663227,-0.19966420565735632,0.9697006760362925,0.938400640455435,-0.009206546877779775,0.9955746308486034,0.9935287315424302,0.0022015655577299897,6.867692626696991,0.3705079167407935,1.1229289826909397,-0.67181158594716,86.92674042535376,-0.9167078073206856
chicago,ridge+k10,0,8,20,14.10961327914839,1.5898928565678347,0.4058219178082192,0.8661603807151752,0.698685732076143,-0.21669854118484255,0.9697006760362925,0.9391233766233766,-0.009440046255114742,0.9955746308486034,0.9935287315424302,0.0022015655577299897,7.017008952372677,0.38467354563244976,1.1229289826909397,-0.6826536707904954,86.92674042535376,-0.9167078073206856
chicago,ridge+k10,0,9,20,14.057915793380314,0.5427121722645167,0.40602206013164915,0.8661603807151752,0.7477761964063334,-0.1452143746664294,0.9697006760362925,0.9455279309731365,-0.0008116883116883189,0.9955746308486034,0.9944627290517701,0.003313467354563282,6.783855322530729,0.3467132182885608,1.1229289826909397,-0.6482009581684265,87.04548602492129,-0.9179420269412512
chicago,ridge+k10d,0,0,20,14.125760542221563,2.067617368463994,0.4058219178082192,0.8661603807151752,0.6712773527842021,-0.26036292474648637,0.9697006760362925,0.9325297989681551,-0.015233054616616282,0.9955746308486034,0.9935287315424302,0.0022015655577299897,7.055236181647406,0.39325742750400283,1.1229289826909397,-0.6940271617002778,86.92674042535376,-0.9167078073206856
chicago,uma_los,0,0,20,23.072161523437998,-17.67270270849651,0.40602206013164915,0.8661603807151752,0.8661603807151752,0.1338396192848248,0.9697006760362925,0.9697006760362925,0.030299323963707492,0.9955746308486034,0.9955746308486034,0.004425369151396574,7.621609771903866,0.5075386941825298,1.1229289826909397,-0.7979869892057063,87.04548602492129,-0.9179420269412512
chicago,uma_los,0,0,10,22.503764343951858,-16.744826566646648,0.40429861234655756,0.7793764454723359,0.7793764454723359,0.22062355452766413,0.9146392990571073,0.9146392990571073,0.08536070094289272,0.9730475004447607,0.9730475004447607,0.026952499555239262,8.206940662277189,0.45448985945561293,1.400612278621378,-0.9225156789044835,136.98252321450414,-0.9477152739850719
chicago,uma_nlos,0,0,20,26.278426489248112,20.55346874192656,0.40602206013164915,0.8661603807151752,0.2715820138765344,-0.6951943604340864,0.9697006760362925,0.5363035936666074,-0.427781978295677,0.9955746308486034,0.849993328589219,-0.14168964597046785,5.851979237364912,0.1822184664650418,1.1229289826909397,-0.44522315411921054,87.04548602492129,-0.9179420269412512
chicago,uma_nlos,0,0,10,27.360823100554157,21.756985455411865,0.40429861234655756,0.7793764454723359,0.2531689201209749,-0.7337995908201388,0.9146392990571073,0.4143057285180573,-0.5160892190001779,0.9730475004447607,0.7602294965308664,-0.19344867461305815,7.586078760612912,0.22143524283935245,1.400612278621378,-0.6194812501397086,136.98252321450414,-0.9477152739850719
hamburg,oracle,0,0,20,11.444506151210437,6.239921085009434e-05,0.5760915832157179,0.8799986558236441,0.8807043484105115,-0.012299213656831842,0.9524161569997984,0.9537603333557363,0.032439456056634564,0.9864126173353944,0.9863902143961287,0.013340950332683676,5.567238394697943,0.06836256916907496,1.2217241384226027,-0.1797771780772386,80.19170624490246,-0.912354475723241
hamburg,oracle,0,0,10,11.399621102811112,1.6652761758844081,0.6076461231713601,0.8058225239151376,0.81876022134104,-0.08734906019669775,0.9088536415977776,0.914667204337209,0.027488406478930028,0.9626655017138248,0.9633151869525282,0.03522862199520582,6.193690268031055,0.1561372852118198,1.3852691712942142,-0.2856515280832588,96.33546438111549,-0.9426188554517853
hamburg,coral,0,0,20,12.68962190663364,1.328887914842436,0.5762820081994757,0.8799986558236441,0.8754508591527208,0.03894750991330054,0.9524161569997984,0.9524161569997984,0.047583843000201576,0.9864126173353944,0.9864126173353944,0.013587382664605574,5.45335728926331,0.08471671483298604,1.2217241384226027,-0.2530544986050355,81.4852164415456,-0.9139119261768485
hamburg,coral,0,0,10,12.86842605326475,2.750821435382523,0.6078701525640164,0.8058225239151376,0.7978806819454712,-0.06245939467258099,0.9088536415977776,0.9121580751394583,0.07260792615991218,0.9626655017138248,0.9626655017138248,0.03733449828617519,6.056260839127689,0.16316060667159532,1.3852691712942142,-0.3427389414018056,97.60092877771605,-0.9441561935508667
hamburg,cost231,0,0,20,28.686929985345735,24.90744936738194,0.5762820081994757,0.8799986558236441,0.2718932723973385,-0.7106772408540001,0.9524161569997984,0.5352062190559401,-0.4379774626430988,0.9864126173353944,0.879640208795394,-0.09600779622286448,5.2313664789258265,0.09596299034433318,1.2217241384226027,-0.1604910392681309,81.4852164415456,-0.9139119261768485
hamburg,cost231,0,0,10,29.878059374498104,26.283474221928977,0.6078701525640164,0.8058225239151376,0.266572574321751,-0.7269529762304814,0.9088536415977776,0.37623496202701795,-0.6062683424065237,0.9626655017138248,0.7321952640186392,-0.24360956157447855,6.787392814004845,0.29143983690660213,1.3852691712942142,-0.4458523722080491,97.60092877771605,-0.9441561935508667
hamburg,encoder,0,0,20,12.626031497784693,2.2924433498575456,0.5762820081994757,0.8799986558236441,0.8533391580975423,-0.02817169612653181,0.9524161569997984,0.9523937540605327,0.04733741066827968,0.9864126173353944,0.9864126173353944,0.013587382664605574,5.546302921098546,0.09989470618545154,1.2217241384226027,-0.29477901233652826,81.4852164415456,-0.9139119261768485
hamburg,encoder,0,0,10,12.888285712404123,3.769985711619964,0.6078701525640164,0.8058225239151376,0.7709747518874477,-0.14541747877321498,0.9088536415977776,0.9135022514953962,0.04193830230526252,0.9626655017138248,0.9626655017138248,0.03733449828617519,6.145361228312877,0.17989560230302215,1.3852691712942142,-0.37976096288028804,97.60092877771605,-0.9441561935508667
hamburg,encoder,1,0,20,12.600124773513912,2.071316213177082,0.5762820081994757,0.8799986558236441,0.8575397092098483,-0.01785514259470844,0.9524161569997984,0.9524161569997984,0.04744942536460783,0.9864126173353944,0.9864126173353944,0.013587382664605574,5.560922102596261,0.09511167865223913,1.2217241384226027,-0.2852056445034098,81.4852164415456,-0.9139119261768485
hamburg,encoder,1,0,10,12.83920829598813,3.54977515069837,0.6078701525640164,0.8058225239151376,0.7749512736070973,-0.1361538633868763,0.9088536415977776,0.9136142661917244,0.04646369603692013,0.9626655017138248,0.9626655017138248,0.03733449828617519,6.154008387027222,0.17594148352263816,1.3852691712942142,-0.3700097584613329,97.60092877771605,-0.9441561935508667
hamburg,encoder,2,0,20,12.685045878363614,2.465054945840427,0.5762820081994757,0.8799986558236441,0.8502475524788853,-0.03341398391468964,0.9524161569997984,0.9522369334856733,0.047046172457826385,0.9864126173353944,0.9864126173353944,0.013587382664605574,5.565708741248721,0.09402513609785601,1.2217241384226027,-0.27819220913829157,81.4852164415456,-0.9139119261768485
hamburg,encoder,2,0,10,12.969844192116787,3.9422579464862535,0.6078701525640164,0.8058225239151376,0.7675695051190716,-0.14978605193001315,0.9088536415977776,0.9118220310504738,0.04099737885610599,0.9626655017138248,0.9626655017138248,0.03733449828617519,6.157065041056507,0.172973094069942,1.3852691712942142,-0.36495903532759333,97.60092877771605,-0.9441561935508667
hamburg,encoder,3,0,20,12.571389496183313,2.0185162315641287,0.5762820081994757,0.8799986558236441,0.852935905190761,-0.03565427784125286,0.9524161569997984,0.9516320541255012,0.04507471380245087,0.9864126173353944,0.9864126173353944,0.013587382664605574,5.5769973357833456,0.09691511526312252,1.2217241384226027,-0.28930442150238855,81.4852164415456,-0.9139119261768485
hamburg,encoder,3,0,10,12.800214038747601,3.5086638431177515,0.6078701525640164,0.8058225239151376,0.7787149674037234,-0.14083607769339335,0.9088536415977776,0.9101978179537156,0.03168895759123602,0.9626655017138248,0.9626655017138248,0.03733449828617519,6.169813405407177,0.17930192441248294,1.3852691712942142,-0.3744876099545127,97.60092877771605,-0.9441561935508667
hamburg,encoder,4,0,20,12.519588931760392,1.6035732211798828,0.5762820081994757,0.8799986558236441,0.8617178573828886,-0.01300490624369921,0.9524161569997984,0.9521025158500795,0.046889351882966945,0.9864126173353944,0.9864126173353944,0.013587382664605574,5.564340378319483,0.08858122185630757,1.2217241384226027,-0.2701964906464437,81.4852164415456,-0.9139119261768485
hamburg,encoder,4,0,10,12.70730597734959,3.0957972807771825,0.6078701525640164,0.8058225239151376,0.7897708179313125,-0.11671931357394083,0.9088536415977776,0.913143804467146,0.04561238434482606,0.9626655017138248,0.9626655017138248,0.03733449828617519,6.1515395140578635,0.17140488832134776,1.3852691712942142,-0.3572429432031772,97.60092877771605,-0.9441561935508667
hamburg,gbdt,0,0,20,12.426846002774703,0.6621138171558113,0.5762820081994757,0.8799986558236441,0.8624907587875529,-0.007168940565002169,0.9524161569997984,0.9513520173846809,0.04356251540202072,0.9864126173353944,0.9864126173353944,0.013587382664605574,5.217918580939327,0.13065394179716378,1.2217241384226027,-0.3458233236012773,81.4852164415456,-0.9139119261768485
hamburg,gbdt,0,0,10,12.461468816585453,2.1577035242564615,0.6078701525640164,0.8058225239151376,0.803436610883348,-0.09442838900463735,0.9088536415977776,0.9114299796133253,0.04394336536953647,0.9626655017138248,0.9626655017138248,0.03733449828617519,5.899642713354996,0.20497569281089675,1.3852691712942142,-0.4426926669432234,97.60092877771605,-0.9441561935508667
hamburg,gbdt+k10,0,0,20,12.438551948513368,0.913373102957935,0.5762820081994757,0.8799986558236441,0.8590855120191769,-0.015906086878598513,0.9524161569997984,0.9509599659475323,0.04285682281515335,0.9864126173353944,0.9864126173353944,0.013587382664605574,5.197673600552689,0.12002374711562153,1.2217241384226027,-0.3267633096697711,81.4852164415456,-0.9139119261768485
hamburg,gbdt+k10,0,1,20,12.412514272495146,0.6692696698582287,0.5762820081994757,0.8799986558236441,0.8688419920693595,0.00953245065752617,0.9524161569997984,0.9516544570647669,0.043573716871653456,0.9864126173353944,0.9863902143961287,0.013340950332683676,5.222753779025277,0.08417904429061096,1.2217241384226027,-0.25900929155221364,81.4852164415456,-0.9139119261768485
hamburg,gbdt+k10,0,2,20,12.40192393580065,-0.004962898200308203,0.5762820081994757,0.8799986558236441,0.8714967403723368,0.020095436521271548,0.9524161569997984,0.9517888747003607,0.044828281470528863,0.9864126173353944,0.9864126173353944,0.013587382664605574,5.246348876457985,0.11517351076461235,1.2217241384226027,-0.31862738969256743,81.4852164415456,-0.9139119261768485
hamburg,gbdt+k10,0,3,20,12.665126594238103,-2.5473147492967243,0.5762820081994757,0.8799986558236441,0.881342832179582,0.0721710688442323,0.9524161569997984,0.9524161569997984,0.047583843000201576,0.9864126173353944,0.9864126173353944,0.013587382664605574,5.31820198949904,0.05009297219795228,1.2217241384226027,-0.17464808865496528,81.4852164415456,-0.9139119261768485
hamburg,gbdt+k10,0,4,20,12.409698759154402,-0.115689568491657,0.5762820081994757,0.8799986558236441,0.8746331518695253,0.03517261464704169,0.9524161569997984,0.9518784864574232,0.04514192262024774,0.9864126173353944,0.9864126173353944,0.013587382664605574,5.222174136653192,0.05823644062100952,1.2217241384226027,-0.1993597475065727,81.4852164415456,-0.9139119261768485
hamburg,gbdt+k10,0,5,20,12.719459783932901,-2.829470865306224,0.5762820081994757,0.8799986558236441,0.8805139234267536,0.07058046015637243,0.9524161569997984,0.9524161569997984,0.047583843000201576,0.9864126173353944,0.9864126173353944,0.013587382664605574,5.210514627972101,0.10206779129421784,1.2217241384226027,-0.29449418992559895,81.4852164415456,-0.9139119261768485
hamburg,gbdt+k10,0,6,20,12.441786335503888,0.7591466433477466,0.5762820081994757,0.8799986558236441,0.872157627080673,0.02678271389206255,0.9524161569997984,0.9516432555951341,0.04472746824383356,0.9864126173353944,0.9864126173353944,0.013587382664605574,5.218107236395214,0.05317337634697672,1.2217241384226027,-0.18579602378051074,81.4852164415456,-0.9139119261768485
hamburg,gbdt+k10,0,7,20,12.569738817006321,-1.7505373937647934,0.5762820081994757,0.8799986558236441,0.8792257544189798,0.06593185025875392,0.9524161569997984,0.952259336424939,0.04738221654681085,0.9864126173353944,0.9864126173353944,0.013587382664605574,5.359915221033537,0.02994152832851671,1.2217241384226027,-0.07457442257512437,81.4852164415456,-0.9139119261768485
hamburg,gbdt+k10,0,8,20,12.427910323023724,0.6643924542665683,0.5762820081994757,0.8799986558236441,0.8721464256110402,0.023971145014225814,0.9524161569997984,0.9515760467773372,0.04441382709411468,0.9864126173353944,0.9864126173353944,0.013587382664605574,5.232123856829768,0.05417030714429727,1.2217241384226027,-0.18664117435595484,81.4852164415456,-0.9139119261768485
hamburg,gbdt+k10,0,9,20,12.40037279414543,-0.035852002302119323,0.5762820081994757,0.8799986558236441,0.8675538230615857,0.0006048793601719504,0.9524161569997984,0.9514528306113762,0.043976969778434905,0.9864126173353944,0.9864126173353944,0.013587382664605574,5.240008574922995,0.16000179223514122,1.2217241384226027,-0.39366926866293106,81.4852164415456,-0.9139119261768485
hamburg,gbdt+k10d,0,0,20,12.52904491863152,1.1120366271316515,0.5762820081994757,0.8799986558236441,0.8749243900799785,0.039272352532652266,0.9524161569997984,0.9517440688218294,0.04507471380245087,0.9864126173353944,0.9864126173353944,0.013587382664605574,5.3646635813803725,0.02692833299728925,1.2217241384226027,-0.051153018945500284,81.4852164415456,-0.9139119261768485
hamburg,gbdt,1,0,20,12.425322525265667,0.7558786482670556,0.5762820081994757,0.8799986558236441,0.8590407061406456,-0.010372560879987502,0.9524161569997984,0.9511279879920246,0.04322647131303625,0.9864126173353944,0.9864126173353944,0.013587382664605574,5.232518131630276,0.1287944978381163,1.2217241384226027,-0.3436100077437685,81.4852164415456,-0.9139119261768485
hamburg,gbdt,1,0,10,12.474478459482762,2.2496288582595083,0.6078701525640164,0.8058225239151376,0.7995497009207608,-0.10447610726527323,0.9088536415977776,0.9119900530949661,0.045601182875193214,0.9626655017138248,0.9626655017138248,0.03733449828617519,5.911362794495062,0.20295942827698993,1.3852691712942142,-0.44022294041725774,97.60092877771605,-0.9441561935508667
hamburg,gbdt+k10,1,0,20,12.455143493528226,1.2026927359395956,0.5762820081994757,0.8799986558236441,0.8543584918341286,-0.024844859645585582,0.9524161569997984,0.950612720388915,0.042061518471223414,0.9864126173353944,0.9864126173353944,0.013587382664605574,5.209171314939909,0.11776105024979278,1.2217241384226027,-0.32374071458543285,81.4852164415456,-0.9139119261768485
hamburg,gbdt+k10,1,1,20,12.445982698598959,1.1952442576055713,0.5762820081994757,0.8799986558236441,0.859443959047427,-0.009431637430830975,0.9524161569997984,0.951284808566884,0.04264399489212978,0.9864126173353944,0.9863902143961287,0.013340950332683676,5.2388445089913676,0.0852207809664628,1.2217241384226027,-0.26174224574507243,81.4852164415456,-0.9139119261768485
hamburg,gbdt+k10,1,2,20,12.400205712484611,0.25907727127190977,0.5762820081994757,0.8799986558236441,0.8680690906646952,0.013979434101754062,0.9524161569997984,0.9515312408988059,0.044346618276317806,0.9864126173353944,0.9864126173353944,0.013587382664605574,5.260040701757881,0.1127539933239241,1.2217241384226027,-0.3139720112779716,81.4852164415456,-0.9139119261768485
hamburg,gbdt+k10,1,3,20,12.686847003998965,-2.670183439492737,0.5762820081994757,0.8799986558236441,0.8810067880905975,0.07886954768465615,0.9524161569997984,0.9524161569997984,0.047583843000201576,0.9864126173353944,0.9864126173353944,0.013587382664605574,5.330440845680957,0.050966686829311936,1.2217241384226027,-0.17821430184284193,81.4852164415456,-0.9139119261768485
hamburg,gbdt+k10,1,4,20,12.40931650632248,-0.38536192774654526,0.5762820081994757,0.8799986558236441,0.8754732620919865,0.04002285099805092,0.9524161569997984,0.9516432555951341,0.04492909469722417,0.9864126173353944,0.9864126173353944,0.013587382664605574,5.233365334650333,0.059782243430338,1.2217241384226027,-0.20464474304784352,81.4852164415456,-0.9139119261768485
hamburg,gbdt+k10,1,5,20,12.67729440392591,-2.6626099801330523,0.5762820081994757,0.8799986558236441,0.8812084145439881,0.07270873938660749,0.9524161569997984,0.9524161569997984,0.047583843000201576,0.9864126173353944,0.9864126173353944,0.013587382664605574,5.223744037230316,0.09930102829491227,1.2217241384226027,-0.28966473436529017,81.4852164415456,-0.9139119261768485
hamburg,gbdt+k10,1,6,20,12.472230387409072,1.1781116523729553,0.5762820081994757,0.8799986558236441,0.8674194054259919,0.016264533906848566,0.9524161569997984,0.9514864350202746,0.04407778300513021,0.9864126173353944,0.9864126173353944,0.013587382664605574,5.236804525573864,0.05133633532719484,1.2217241384226027,-0.18093398521699444,81.4852164415456,-0.9139119261768485
hamburg,gbdt+k10,1,7,20,12.523768897417542,-1.4104353393502347,0.5762820081994757,0.8799986558236441,0.8804355131393239,0.06541658265564432,0.9524161569997984,0.951956896744853,0.04667652395994348,0.9864126173353944,0.9864126173353944,0.013587382664605574,5.381450476935812,0.02948226807357124,1.2217241384226027,-0.0697122106048631,81.4852164415456,-0.9139119261768485
hamburg,gbdt+k10,1,8,20,12.424442007844068,0.7017130482082511,0.5762820081994757,0.8799986558236441,0.8699173331541098,0.021786858435826728,0.9524161569997984,0.9515536438380715,0.04425700651925524,0.9864126173353944,0.9864126173353944,0.013587382664605574,5.24439718263034,0.05615296726930574,1.2217241384226027,-0.19326156125742378,81.4852164415456,-0.9139119261768485
hamburg,gbdt+k10,1,9,20,12.391976125459397,0.12528519513141617,0.5762820081994757,0.8799986558236441,0.8627931984676389,-0.004110939355243426,0.9524161569997984,0.951340815915048,0.04368573156798172,0.9864126173353944,0.9864126173353944,0.013587382664605574,5.24760059148923,0.15783990859600783,1.2217241384226027,-0.39038347635439763,81.4852164415456,-0.9139119261768485
hamburg,gbdt+k10d,1,0,20,12.517725839270328,0.9720820343089718,0.5762820081994757,0.8799986558236441,0.8748683827318144,0.04271120370992665,0.9524161569997984,0.95158724824697,0.044828281470528863,0.9864126173353944,0.9864126173353944,0.013587382664605574,5.388561936144479,0.02631225216748445,1.2217241384226027,-0.043567437538517995,81.4852164415456,-0.9139119261768485
hamburg,gbdt,2,0,20,12.435063892744406,0.961306144379679,0.5762820081994757,0.8799986558236441,0.8641037704146785,-0.0042789613997357145,0.9524161569997984,0.9512400026883527,0.04347290364495815,0.9864126173353944,0.9864126173353944,0.013587382664605574,5.217582679282428,0.1303178977081793,1.2217241384226027,-0.3467251551169813,81.4852164415456,-0.9139119261768485
hamburg,gbdt,2,0,10,12.50983437083753,2.442350911551941,0.6078701525640164,0.8058225239151376,0.7998297376615812,-0.09920021506821697,0.9088536415977776,0.9136926764791541,0.0466541210206779,0.9626655017138248,0.9626655017138248,0.03733449828617519,5.897977560034939,0.20481887223603737,1.3852691712942142,-0.4433024876686341,97.60092877771605,-0.9441561935508667
hamburg,gbdt+k10,2,0,20,12.431420605966567,1.0327009893189714,0.5762820081994757,0.8799986558236441,0.8630396307995609,-0.009174003629276228,0.9524161569997984,0.9509711674171651,0.042823218406254804,0.9864126173353944,0.9864126173353944,0.013587382664605574,5.195314791999063,0.11902681631830092,1.2217241384226027,-0.3267407421022488,81.4852164415456,-0.9139119261768485
hamburg,gbdt+k10,2,1,20,12.39442366299487,0.5244600575727065,0.5762820081994757,0.8799986558236441,0.8709478683603289,0.019344938055872896,0.9524161569997984,0.9517888747003607,0.04411138741402865,0.9864126173353944,0.9863902143961287,0.013340950332683676,5.217897555360764,0.08339494141631376,1.2217241384226027,-0.2584267953037571,81.4852164415456,-0.9139119261768485
hamburg,gbdt+k10,2,2,20,12.399774269594653,0.2559489040481467,0.5762820081994757,0.8799986558236441,0.8707462419069382,0.02115957613638908,0.9524161569997984,0.9515312408988059,0.04472746824383356,0.9864126173353944,0.9864126173353944,0.013587382664605574,5.241680004804943,0.11347088738042432,1.2217241384226027,-0.3160452404192746,81.4852164415456,-0.9139119261768485
hamburg,gbdt+k10,2,3,20,12.641922639423434,-2.449028551731271,0.5762820081994757,0.8799986558236441,0.8816116674507696,0.0799896946479377,0.9524161569997984,0.9524161569997984,0.047583843000201576,0.9864126173353944,0.9864126173353944,0.013587382664605574,5.317621973807477,0.049588906064475635,1.2217241384226027,-0.17185859929852132,81.4852164415456,-0.9139119261768485
hamburg,gbdt+k10,2,4,20,12.399441034642745,-0.05411511739745408,0.5762820081994757,0.8799986558236441,0.8747787709747519,0.038499451127987916,0.9524161569997984,0.9516656585343997,0.04506351233281802,0.9864126173353944,0.9864126173353944,0.013587382664605574,5.22105416900986,0.058830118511548735,1.2217241384226027,-0.2001969843477538,81.4852164415456,-0.9139119261768485
hamburg,gbdt+k10,2,5,20,12.711632901146057,-2.83742029864128,0.5762820081994757,0.8799986558236441,0.881163608665457,0.0792503976521719,0.9524161569997984,0.9524161569997984,0.047583843000201576,0.9864126173353944,0.9864126173353944,0.013587382664605574,5.206447521324123,0.09990590765508434,1.2217241384226027,-0.29124408197110474,81.4852164415456,-0.9139119261768485
hamburg,gbdt+k10,2,6,20,12.448881466118879,0.8818692107398168,0.5762820081994757,0.8799986558236441,0.8715415462508681,0.029191029863117945,0.9524161569997984,0.9515648453077044,0.044738669713466406,0.9864126173353944,0.9864126173353944,0.013587382664605574,5.217889713011055,0.05369984541971906,1.2217241384226027,-0.18607142741106242,81.4852164415456,-0.9139119261768485
hamburg,gbdt+k10,2,7,20,12.510379566757443,-1.3569431531072942,0.5762820081994757,0.8799986558236441,0.8792369558886126,0.06742164571991838,0.9524161569997984,0.9521697246678764,0.04724779891121711,0.9864126173353944,0.9864126173353944,0.013587382664605574,5.358056754860664,0.03017675919080587,1.2217241384226027,-0.07724792805496583,81.4852164415456,-0.9139119261768485
hamburg,gbdt+k10,2,8,20,12.415541355847909,0.5061304022189851,0.5762820081994757,0.8799986558236441,0.8730873490601967,0.03221542666397825,0.9524161569997984,0.95158724824697,0.044828281470528863,0.9864126173353944,0.9864126173353944,0.013587382664605574,5.230101526046066,0.05532405851647737,1.2217241384226027,-0.18854208387670202,81.4852164415456,-0.9139119261768485
hamburg,gbdt+k10,2,9,20,12.392388832324677,0.3707438723907297,0.5762820081994757,0.8799986558236441,0.8666689069605932,0.0008849161009923945,0.9524161569997984,0.9514976364899075,0.04393216389990362,0.9864126173353944,0.9864126173353944,0.013587382664605574,5.230049271975572,0.15582364406210092,1.2217241384226027,-0.3879586318142292,81.4852164415456,-0.9139119261768485
hamburg,gbdt+k10d,2,0,20,12.547643965870328,1.211282963180081,0.5762820081994757,0.8799986558236441,0.8748571812621816,0.04310325514707525,0.9524161569997984,0.9516320541255012,0.04509711674171646,0.9864126173353944,0.9864126173353944,0.013587382664605574,5.370332010906277,0.026681900665367242,1.2217241384226027,-0.048812243040564196,81.4852164415456,-0.9139119261768485
hamburg,gbdt,3,0,20,12.434354009288285,0.39516649161737377,0.5762820081994757,0.8799986558236441,0.8620987073504044,-0.011907162219683243,0.9524161569997984,0.951038376234962,0.043047247798911115,0.9864126173353944,0.9864126173353944,0.013587382664605574,5.209672140010725,0.1329950489504223,1.2217241384226027,-0.35111339635955474,81.4852164415456,-0.9139119261768485
hamburg,gbdt,3,0,10,12.43194421705093,1.899338479480935,0.6078701525640164,0.8058225239151376,0.8045455563769967,-0.09513408159150483,0.9088536415977776,0.9106010708604969,0.04031408920850421,0.9626655017138248,0.9626655017138248,0.03733449828617519,5.895170951212866,0.20737280731231936,1.3852691712942142,-0.4483922988090354,97.60092877771605,-0.9441561935508667
hamburg,gbdt+k10,3,0,20,12.445405953252592,0.76163306222379,0.5762820081994757,0.8799986558236441,0.8574500974527858,-0.022492551022694207,0.9524161569997984,0.9507023321459775,0.042083921410489,0.9864126173353944,0.9864126173353944,0.013587382664605574,5.194555775584353,0.12283531599345832,1.2217241384226027,-0.333320002992443,81.4852164415456,-0.9139119261768485
hamburg,gbdt+k10,3,1,20,12.455051201510933,1.0385017949970003,0.5762820081994757,0.8799986558236441,0.8615498353383964,-0.011716737235925367,0.9524161569997984,0.9511727938705559,0.04230795080314531,0.9864126173353944,0.9863902143961287,0.013340950332683676,5.210515020404568,0.07941841969666419,1.2217241384226027,-0.25063100873045474,81.4852164415456,-0.9139119261768485
hamburg,gbdt+k10,3,2,20,12.418126108664762,-0.1935222520191977,0.5762820081994757,0.8799986558236441,0.8713287183278446,0.01515558841319975,0.9524161569997984,0.9514864350202746,0.044212200640724064,0.9864126173353944,0.9864126173353944,0.013587382664605574,5.231835091637266,0.11499428725048721,1.2217241384226027,-0.3194856351236045,81.4852164415456,-0.9139119261768485
hamburg,gbdt+k10,3,3,20,12.662316608820882,-2.459588881643273,0.5762820081994757,0.8799986558236441,0.8807379528194099,0.06704079575240263,0.9524161569997984,0.9521697246678764,0.047292604789748394,0.9864126173353944,0.9864126173353944,0.013587382664605574,5.309198150416595,0.049286466384389716,1.2217241384226027,-0.17237855319508855,81.4852164415456,-0.9139119261768485
hamburg,gbdt+k10,3,4,20,12.42520735244119,-0.11871055276100397,0.5762820081994757,0.8799986558236441,0.8754508591527208,0.029807110692922856,0.9524161569997984,0.9515312408988059,0.04439142415484909,0.9864126173353944,0.9864126173353944,0.013587382664605574,5.213084752783134,0.05781078477496249,1.2217241384226027,-0.19753651488506474,81.4852164415456,-0.9139119261768485
hamburg,gbdt+k10,3,5,20,12.75913205618234,-2.9354158586867882,0.5762820081994757,0.8799986558236441,0.880424311669691,0.06690637811680888,0.9524161569997984,0.9523489481820014,0.04747182830387342,0.9864126173353944,0.9864126173353944,0.013587382664605574,5.195774070262948,0.09952505768756859,1.2217241384226027,-0.29067015681270536,81.4852164415456,-0.9139119261768485
hamburg,gbdt+k10,3,6,20,12.435945274347157,0.45044285974920323,0.5762820081994757,0.8799986558236441,0.8727289020319466,0.025494544884288817,0.9524161569997984,0.9515200394291731,0.044357819745950655,0.9864126173353944,0.9864126173353944,0.013587382664605574,5.206832883058733,0.054058292447969225,1.2217241384226027,-0.18845887859921584,81.4852164415456,-0.9139119261768485
hamburg,gbdt+k10,3,7,20,12.588842150321467,-1.8097870293410174,0.5762820081994757,0.8799986558236441,0.8796178058561284,0.06184331384277608,0.9524161569997984,0.9521025158500795,0.04617245782646673,0.9864126173353944,0.9864126173353944,0.013587382664605574,5.343030356023742,0.030748034142079494,1.2217241384226027,-0.08026319760020306,81.4852164415456,-0.9139119261768485
hamburg,gbdt+k10,3,8,20,12.47380474491523,1.1191803099019266,0.5762820081994757,0.8799986558236441,0.8654479467706163,0.0027779644689382987,0.9524161569997984,0.9510719806438604,0.043125658086340835,0.9864126173353944,0.9864126173353944,0.013587382664605574,5.223793628720552,0.05300535430248454,1.2217241384226027,-0.18299059691407105,81.4852164415456,-0.9139119261768485
hamburg,gbdt+k10,3,9,20,12.419388560146626,0.014825224226631356,0.5762820081994757,0.8799986558236441,0.8639357483701862,-0.010675000560073533,0.9524161569997984,0.951217599749087,0.04338329188789569,0.9864126173353944,0.9864126173353944,0.013587382664605574,5.223720774079367,0.15716782041803884,1.2217241384226027,-0.3894340426905003,81.4852164415456,-0.9139119261768485
hamburg,gbdt+k10d,3,0,20,12.534217028647214,1.1108631993333637,0.5762820081994757,0.8799986558236441,0.873490601966978,0.032887514841947185,0.9524161569997984,0.9515088379595403,0.044346618276317806,0.9864126173353944,0.9864126173353944,0.013587382664605574,5.354260105804563,0.02732038443443785,1.2217241384226027,-0.05284994157075329,81.4852164415456,-0.9139119261768485
hamburg,gbdt,4,0,20,12.431197064832423,0.37215947441457553,0.5762820081994757,0.8799986558236441,0.8628268028765373,-0.008893966888455784,0.9524161569997984,0.9509599659475323,0.042901628693684524,0.9864126173353944,0.9864126173353944,0.013587382664605574,5.224295411108499,0.13078835943275757,1.2217241384226027,-0.34726555574803897,81.4852164415456,-0.9139119261768485
hamburg,gbdt,4,0,10,12.426726609024907,1.8770257915834685,0.6078701525640164,0.8058225239151376,0.8056881062795439,-0.09168402894459748,0.9088536415977776,0.912662141272935,0.045511571118130756,0.9626655017138248,0.9626655017138248,0.03733449828617519,5.906459520927848,0.20521092367318594,1.3852691712942142,-0.444031705198898,97.60092877771605,-0.9441561935508667
hamburg,gbdt+k10,4,0,20,12.454051178368367,0.8939119785115329,0.5762820081994757,0.8799986558236441,0.8563299504895042,-0.022873400990209958,0.9524161569997984,0.9504783027533212,0.04179268320003582,0.9864126173353944,0.9864126173353944,0.013587382664605574,5.2045510670962365,0.11975491184443399,1.2217241384226027,-0.3273061036317244,81.4852164415456,-0.9139119261768485
hamburg,gbdt+k10,4,1,20,12.434665646990195,0.8046888484927116,0.5762820081994757,0.8799986558236441,0.8641485762932096,-0.004682214306517052,0.9524161569997984,0.951161592400923,0.04254318166543447,0.9864126173353944,0.9863902143961287,0.013340950332683676,5.2273486871735795,0.08285727087393868,1.2217241384226027,-0.2573711489172398,81.4852164415456,-0.9139119261768485
hamburg,gbdt+k10,4,2,20,12.414159818854076,0.09357012174148838,0.5762820081994757,0.8799986558236441,0.8680242847861639,0.007370567018392782,0.9524161569997984,0.9514416291417434,0.04387615655173949,0.9864126173353944,0.9864126173353944,0.013587382664605574,5.249110620733787,0.11237314335640836,1.2217241384226027,-0.3137235738207371,81.4852164415456,-0.9139119261768485
hamburg,gbdt+k10,4,3,20,12.636108640027345,-2.3374102041846823,0.5762820081994757,0.8799986558236441,0.880917176333535,0.06710800457019961,0.9524161569997984,0.9520689114411811,0.04631807693169343,0.9864126173353944,0.9864126173353944,0.013587382664605574,5.32511767103714,0.05017138248538211,1.2217241384226027,-0.17436891920353714,81.4852164415456,-0.9139119261768485
hamburg,gbdt+k10,4,4,20,12.421019830218704,-0.027583714071134694,0.5762820081994757,0.8799986558236441,0.8733001769832202,0.02422877881578056,0.9524161569997984,0.9514976364899075,0.04415619329255993,0.9864126173353944,0.9864126173353944,0.013587382664605574,5.227336346693584,0.059054147904205045,1.2217241384226027,-0.20067493823982963,81.4852164415456,-0.9139119261768485
hamburg,gbdt+k10,4,5,20,12.754966217076651,-2.929124236651147,0.5762820081994757,0.8799986558236441,0.8810291910298631,0.06845218092613747,0.9524161569997984,0.9521473217286108,0.04695656070076393,0.9864126173353944,0.9864126173353944,0.013587382664605574,5.214738700719755,0.10144050899478008,1.2217241384226027,-0.29457341359670186,81.4852164415456,-0.9139119261768485
hamburg,gbdt+k10,4,6,20,12.431552303619887,0.41918012773533003,0.5762820081994757,0.8799986558236441,0.8723032461858996,0.024195174406882125,0.9524161569997984,0.9515200394291731,0.04433541680668496,0.9864126173353944,0.9864126173353944,0.013587382664605574,5.223767938548382,0.05341980867889873,1.2217241384226027,-0.18586785239621317,81.4852164415456,-0.9139119261768485
hamburg,gbdt+k10,4,7,20,12.575725413952446,-1.7083103779801831,0.5762820081994757,0.8799986558236441,0.8799874543540113,0.06331070636467495,0.9524161569997984,0.9517776732307278,0.04539955642180249,0.9864126173353944,0.9864126173353944,0.013587382664605574,5.36998641144498,0.029650290118063527,1.2217241384226027,-0.07242166587471499,81.4852164415456,-0.9139119261768485
hamburg,gbdt+k10,4,8,20,12.460750127556803,1.0328612280552782,0.5762820081994757,0.8799986558236441,0.8660976320093197,0.004682214306516941,0.9524161569997984,0.951038376234962,0.04306965073817681,0.9864126173353944,0.9864126173353944,0.013587382664605574,5.237069721295446,0.056208974617469876,1.2217241384226027,-0.1919832174213323,81.4852164415456,-0.9139119261768485
hamburg,gbdt+k10,4,9,20,12.412044227337361,-0.1578228806928395,0.5762820081994757,0.8799986558236441,0.8661872437663821,-0.0029571879830634362,0.9524161569997984,0.9512960100365168,0.04355131393238787,0.9864126173353944,0.9864126173353944,0.013587382664605574,5.229741606642688,0.15275444138270944,1.2217241384226027,-0.3827078815402857,81.4852164415456,-0.9139119261768485
hamburg,gbdt+k10d,4,0,20,12.508631476102396,0.8400544583362803,0.5762820081994757,0.8799986558236441,0.8748683827318144,0.03594551605170593,0.9524161569997984,0.9515200394291731,0.044514640320809984,0.9864126173353944,0.9864126173353944,0.013587382664605574,5.375136675363148,0.026536281560140762,1.2217241384226027,-0.047407625441686196,81.4852164415456,-0.9139119261768485
hamburg,gbdt_iw,0,0,20,12.467084443048247,1.2444734072347177,0.5762820081994757,0.8799986558236441,0.8625131617268186,-0.0028675762260008675,0.9524161569997984,0.9514304276721106,0.043976969778434905,0.9864126173353944,0.9864126173353944,0.013587382664605574,5.197812978946043,0.08022492551022697,1.2217241384226027,-0.24886253573632788,81.4852164415456,-0.9139119261768485
hamburg,gbdt_iw,0,0,10,12.594077568758216,2.775442574585245,0.6078701525640164,0.8058225239151376,0.8014763536976052,-0.09195286421578508,0.9088536415977776,0.9115307928400206,0.04063893182785583,0.9626655017138248,0.9626655017138248,0.03733449828617519,5.870020460272958,0.16320541255012658,1.3852691712942142,-0.35535845734860083,97.60092877771605,-0.9441561935508667
hamburg,gbdt_iw,1,0,20,12.472548671245743,1.2002313413555346,0.5762820081994757,0.8799986558236441,0.8617178573828886,-0.0011089454936488163,0.9524161569997984,0.9513520173846809,0.04407778300513021,0.9864126173353944,0.9864126173353944,0.013587382664605574,5.183563948209613,0.0807513945829692,1.2217241384226027,-0.24871154137619267,81.4852164415456,-0.9139119261768485
hamburg,gbdt_iw,1,0,10,12.594195683543198,2.7337908454279445,0.6078701525640164,0.8058225239151376,0.8004010126128548,-0.09396912874969199,0.9088536415977776,0.9112843605080987,0.04133342294509046,0.9626655017138248,0.9626655017138248,0.03733449828617519,5.859334904003026,0.1626565405381186,1.3852691712942142,-0.35594446819440484,97.60092877771605,-0.9441561935508667
hamburg,gbdt_iw,2,0,20,12.534431049711875,1.487569002474685,0.5762820081994757,0.8799986558236441,0.8688307905997267,0.02455362143513229,0.9524161569997984,0.9519456952752201,0.04657571073324818,0.9864126173353944,0.9864126173353944,0.013587382664605574,5.220136093264351,0.08087461074893021,1.2217241384226027,-0.2503111825738773,81.4852164415456,-0.9139119261768485
hamburg,gbdt_iw,2,0,10,12.70671808846576,2.976760270914515,0.6078701525640164,0.8058225239151376,0.8025292918430899,-0.07575553912673338,0.9088536415977776,0.9128077603781616,0.06001747429262727,0.9626655017138248,0.9626655017138248,0.03733449828617519,5.885439574161702,0.16272374935591546,1.3852691712942142,-0.3551747361670303,97.60092877771605,-0.9441561935508667
hamburg,gbdt_iw,3,0,20,12.513258118555662,1.4249112556493149,0.5762820081994757,0.8799986558236441,0.8672625848511325,0.01937854246477133,0.9524161569997984,0.9521025158500795,0.04673253130810762,0.9864126173353944,0.9864126173353944,0.013587382664605574,5.202075936238562,0.08037054461545345,1.2217241384226027,-0.24942556990466236,81.4852164415456,-0.9139119261768485
hamburg,gbdt_iw,3,0,10,12.672732617829412,2.9201372313058758,0.6078701525640164,0.8058225239151376,0.8008602728678003,-0.07874633151869526,0.9088536415977776,0.9130205883011852,0.05841566413513455,0.9626655017138248,0.9626655017138248,0.03733449828617519,5.868557821777607,0.16209646705647782,1.3852691712942142,-0.35501484582546183,97.60092877771605,-0.9441561935508667
hamburg,gbdt_iw,4,0,20,12.469962167724137,1.2540069440719241,0.5762820081994757,0.8799986558236441,0.8617850662006855,0.0018034366108833355,0.9524161569997984,0.9514752335506419,0.0442234021103568,0.9864126173353944,0.9864126173353944,0.013587382664605574,5.183508720464734,0.07973206084638307,1.2217241384226027,-0.24780835983989435,81.4852164415456,-0.9139119261768485
hamburg,gbdt_iw,4,0,10,12.601400125941188,2.7830525123733074,0.6078701525640164,0.8058225239151376,0.8027085153572149,-0.08908528798978421,0.9088536415977776,0.911205950220669,0.04219593610681727,0.9626655017138248,0.9626655017138248,0.03733449828617519,5.8589627562588475,0.16248851849362636,1.3852691712942142,-0.3548290427301095,97.60092877771605,-0.9441561935508667
hamburg,gp_ard,0,0,20,12.487191658518393,1.56549884731877,0.5762820081994757,0.8799986558236441,0.8585142370679033,-0.021114770257857907,0.9524161569997984,0.9519344938055873,0.04522033290767746,0.9864126173353944,0.9864126173353944,0.013587382664605574,5.64069130020189,0.0916616260053319,1.2217241384226027,-0.27108962912534806,81.4852164415456,-0.9139119261768485
hamburg,gp_ard,0,0,10,12.67773148078059,3.0568592244470167,0.6078701525640164,0.8058225239151376,0.7918878956919148,-0.11552075632322956,0.9088536415977776,0.9133454309205368,0.04415619329256004,0.9626655017138248,0.9626655017138248,0.03733449828617519,6.2097587802286105,0.17377959988350475,1.3852691712942142,-0.3613958719840695,97.60092877771605,-0.9441561935508667
hamburg,kernel,0,0,20,13.716038731733217,4.5793068247019555,0.5762820081994757,0.8799986558236441,0.815164549588906,-0.037289692407643904,0.9524161569997984,0.9524161569997984,0.047583843000201576,0.9864126173353944,0.9864126173353944,0.013587382664605574,5.312307149273385,0.12295853215941932,1.2217241384226027,-0.3356663317563279,81.4852164415456,-0.9139119261768485
hamburg,kernel,0,0,10,14.188444246349286,5.922041280005811,0.6078701525640164,0.8058225239151376,0.6950959965947532,-0.19297891883415097,0.9088536415977776,0.9092792974438246,0.05655622017608719,0.9626655017138248,0.9626655017138248,0.03733449828617519,5.966806590296689,0.1995205770997155,1.3852691712942142,-0.4240796100390002,97.60092877771605,-0.9441561935508667
hamburg,knn,0,0,20,12.780266307740956,2.1708029697278812,0.5762820081994757,0.8799986558236441,0.8478168335685642,-0.029527073952102523,0.9524161569997984,0.9524161569997984,0.047583843000201576,0.9864126173353944,0.9864126173353944,0.013587382664605574,5.545991397180865,0.09050787463315191,1.2217241384226027,-0.27025962633269873,81.4852164415456,-0.9139119261768485
hamburg,knn,0,0,10,13.048386317819052,3.6202795675607153,0.6078701525640164,0.8058225239151376,0.7685104285682282,-0.13056433004010126,0.9088536415977776,0.9131326029975133,0.04380894773394273,0.9626655017138248,0.9626655017138248,0.03733449828617519,6.138336930757206,0.17388041311020005,1.3852691712942142,-0.3570700190415046,97.60092877771605,-0.9441561935508667
hamburg,median,0,0,20,15.824316441827893,7.601948673325085,0.5762820081994757,0.8799986558236441,0.6686157223827767,-0.17532540269283337,0.9524161569997984,0.9519792996841185,0.0471469856845218,0.9864126173353944,0.9864126173353944,0.013587382664605574,5.131191151107331,0.1616820126800636,1.2217241384226027,-0.38976156315464305,81.4852164415456,-0.9139119261768485
hamburg,median,0,0,10,16.430050292358906,8.827700119479905,0.6078701525640164,0.8058225239151376,0.5538902704034769,-0.33250442458050494,0.9088536415977776,0.8820821291753478,0.03354840155028338,0.9626655017138248,0.9626655017138248,0.03733449828617519,5.837435951348824,0.23548849609068712,1.3852691712942142,-0.4910409738932501,97.60092877771605,-0.9441561935508667
hamburg,mlp,0,0,20,12.652385009691256,2.2499070338801737,0.5762820081994757,0.8799986558236441,0.8592983399422004,-0.02100275556152975,0.9524161569997984,0.9516320541255012,0.04509711674171646,0.9864126173353944,0.9864126173353944,0.013587382664605574,5.5871088998023986,0.09219929654770709,1.2217241384226027,-0.2715088636252,81.4852164415456,-0.9139119261768485
hamburg,mlp,0,0,10,12.924857950347107,3.706274091972348,0.6078701525640164,0.8058225239151376,0.7800703452292941,-0.1268902480005376,0.9088536415977776,0.9134126397383336,0.04619486076573254,0.9626655017138248,0.9626655017138248,0.03733449828617519,6.171119815755511,0.17296189260030917,1.3852691712942142,-0.35848320830973046,97.60092877771605,-0.9441561935508667
hamburg,mlp,1,0,20,12.562889968605345,1.7477202475168805,0.5762820081994757,0.8799986558236441,0.8625019602571857,-0.012601653336917873,0.9524161569997984,0.9520577099715483,0.0462620695835293,0.9864126173353944,0.9864126173353944,0.013587382664605574,5.585604048731461,0.0940699419763873,1.2217241384226027,-0.2754902146311945,81.4852164415456,-0.9139119261768485
hamburg,mlp,1,0,10,12.777039834655868,3.204732702719911,0.6078701525640164,0.8058225239151376,0.7876313372314447,-0.11292201536841628,0.9088536415977776,0.9136814750095212,0.05130273091829651,0.9626655017138248,0.9626655017138248,0.03733449828617519,6.169210934671423,0.17533660416246613,1.3852691712942142,-0.36156665631390417,97.60092877771605,-0.9441561935508667
hamburg,mlp,2,0,20,12.539918438523815,1.5762427895516349,0.5762820081994757,0.8799986558236441,0.8674306068956247,-0.0023635100925242236,0.9524161569997984,0.9519232923359545,0.04632927840132617,0.9864126173353944,0.9864126173353944,0.013587382664605574,5.599646035112776,0.08743867195376032,1.2217241384226027,-0.26285633423252086,81.4852164415456,-0.9139119261768485
hamburg,mlp,2,0,10,12.738502787075042,3.042181911204715,0.6078701525640164,0.8058225239151376,0.7929632367766651,-0.10384882496583547,0.9088536415977776,0.913883101462912,0.054595962990344415,0.9626655017138248,0.9626655017138248,0.03733449828617519,6.17722651801222,0.16847010327755005,1.3852691712942142,-0.3495738158167503,97.60092877771605,-0.9441561935508667
hamburg,mlp,3,0,20,12.63500189491604,2.099693288172039,0.5762820081994757,0.8799986558236441,0.863465286645608,-0.013520173846808703,0.9524161569997984,0.9514528306113762,0.04429061092815367,0.9864126173353944,0.9864126173353944,0.013587382664605574,5.615033042139773,0.08309250173622773,1.2217241384226027,-0.2530038291934059,81.4852164415456,-0.9139119261768485
hamburg,mlp,3,0,10,12.895678438848952,3.563534567970592,0.6078701525640164,0.8058225239151376,0.7864215785111006,-0.11664090328651122,0.9088536415977776,0.9123036942446849,0.04607164459977153,0.9626655017138248,0.9626655017138248,0.03733449828617519,6.189085749922124,0.16512086385733807,1.3852691712942142,-0.34033767757417843,97.60092877771605,-0.9441561935508667
hamburg,mlp,4,0,20,12.609561131298483,2.0665761695989846,0.5762820081994757,0.8799986558236441,0.8593319443510988,-0.02325425095772571,0.9524161569997984,0.951464032081009,0.044055380065864624,0.9864126173353944,0.9864126173353944,0.013587382664605574,5.61706259842711,0.09197526715505078,1.2217241384226027,-0.27140786104552084,81.4852164415456,-0.9139119261768485
hamburg,mlp,4,0,10,12.860180384727286,3.528341061602899,0.6078701525640164,0.8058225239151376,0.7840356654793109,-0.12429150704572434,0.9088536415977776,0.9132558191634742,0.0432376727826691,0.9626655017138248,0.9626655017138248,0.03733449828617519,6.194497617677963,0.17319712346259827,1.3852691712942142,-0.35740612602724364,97.60092877771605,-0.9441561935508667
hamburg,ridge,0,0,20,12.777048124347077,2.439091426354353,0.5762820081994757,0.8799986558236441,0.8594663619866927,-0.008065058135627412,0.9524161569997984,0.9524161569997984,0.047583843000201576,0.9864126173353944,0.9864126173353944,0.013587382664605574,5.481086886021919,0.09632143737258325,1.2217241384226027,-0.27842086854665526,81.4852164415456,-0.9139119261768485
hamburg,ridge,0,0,10,13.071642367630943,3.8700258338295175,0.6078701525640164,0.8058225239151376,0.7731814414051124,-0.11986692654076214,0.9088536415977776,0.9139615117503417,0.05169478235544511,0.9626655017138248,0.9626655017138248,0.03733449828617519,6.091159136516171,0.17502296301274725,1.3852691712942142,-0.3657854572673489,97.60092877771605,-0.9441561935508667
hamburg,ridge+k10,0,0,20,12.549149934880472,1.1597734478786985,0.5762820081994757,0.8799986558236441,0.8696933037614535,0.02075632322960763,0.9524161569997984,0.9524161569997984,0.047583843000201576,0.9864126173353944,0.9864126173353944,0.013587382664605574,5.391130145316384,0.09641104912964582,1.2217241384226027,-0.28085743859292156,81.4852164415456,-0.9139119261768485
hamburg,ridge+k10,0,1,20,12.515898946999284,0.8715380319045609,0.5762820081994757,0.8799986558236441,0.8699957434415395,0.016488563299504877,0.9524161569997984,0.9526625893317203,0.04733741066827968,0.9864126173353944,0.9863902143961287,0.013340950332683676,5.519898711745521,0.12741671707328006,1.2217241384226027,-0.3380307638085428,81.4852164415456,-0.9139119261768485
hamburg,ridge+k10,0,2,20,12.591862276014849,1.1293778725812778,0.5762820081994757,0.8799986558236441,0.8699733405022739,0.02531532137016368,0.9524161569997984,0.9524161569997984,0.047583843000201576,0.9864126173353944,0.9864126173353944,0.013587382664605574,5.5144176157040885,0.10357998969464788,1.2217241384226027,-0.2930018653477089,81.4852164415456,-0.9139119261768485
hamburg,ridge+k10,0,3,20,12.714767824729625,-2.204328975111478,0.5762820081994757,0.8799986558236441,0.8825189864910277,0.09014942760490174,0.9524161569997984,0.9524161569997984,0.047583843000201576,0.9864126173353944,0.9864126173353944,0.013587382664605574,5.562276528722995,0.07397450545511564,1.2217241384226027,-0.23502599524229362,81.4852164415456,-0.9139119261768485
hamburg,ridge+k10,0,4,20,12.503966279780903,-0.32399576485402426,0.5762820081994757,0.8799986558236441,0.8752156282904318,0.05318457781660946,0.9524161569997984,0.9524161569997984,0.047583843000201576,0.9864126173353944,0.9864126173353944,0.013587382664605574,5.4596705600657245,0.07726773752716354,1.2217241384226027,-0.24094323874638202,81.4852164415456,-0.9139119261768485
hamburg,ridge+k10,0,5,20,12.566636521055962,-1.3020744951743237,0.5762820081994757,0.8799986558236441,0.8791921500100813,0.07078208660976315,0.9524161569997984,0.9524161569997984,0.047583843000201576,0.9864126173353944,0.9864126173353944,0.013587382664605574,5.521590186166748,0.13223334901539086,1.2217241384226027,-0.3475881098977395,81.4852164415456,-0.9139119261768485
hamburg,ridge+k10,0,6,20,12.931447853081938,2.861296213771941,0.5762820081994757,0.8799986558236441,0.8631740484351547,0.00984609180724505,0.9524161569997984,0.9524161569997984,0.047583843000201576,0.9864126173353944,0.9864126173353944,0.013587382664605574,5.4955575902927025,0.04044850684409795,1.2217241384226027,-0.1406138837891555,81.4852164415456,-0.9139119261768485
hamburg,ridge+k10,0,7,20,12.623816866393945,-0.07866976319177743,0.5762820081994757,0.8799986558236441,0.8783184353787217,0.0726639335080762,0.9524161569997984,0.9524161569997984,0.047583843000201576,0.9864126173353944,0.9864126173353944,0.013587382664605574,5.627762658230837,0.02717476532921126,1.2217241384226027,-0.05686104031358119,81.4852164415456,-0.9139119261768485
hamburg,ridge+k10,0,8,20,12.573404889975672,-1.0385118416409709,0.5762820081994757,0.8799986558236441,0.8794161794027376,0.07716692430046812,0.9524161569997984,0.9524161569997984,0.047583843000201576,0.9864126173353944,0.9864126173353944,0.013587382664605574,5.47605934766007,0.07866792123126554,1.2217241384226027,-0.24633190496576762,81.4852164415456,-0.9139119261768485
hamburg,ridge+k10,0,9,20,12.500884397743704,0.7786832165862252,0.5762820081994757,0.8799986558236441,0.8689428052960548,0.009790084459081028,0.9524161569997984,0.9524049555301656,0.04757264153056873,0.9864126173353944,0.9864126173353944,0.013587382664605574,5.497571803576383,0.16137957299997757,1.2217241384226027,-0.3947934023351144,81.4852164415456,-0.9139119261768485
hamburg,ridge+k10d,0,0,20,13.155235843171166,3.3568214506199587,0.5762820081994757,0.8799986558236441,0.8633196675403813,0.01884087192239614,0.9524161569997984,0.9524161569997984,0.047583843000201576,0.9864126173353944,0.9864126173353944,0.013587382664605574,5.6254361389683964,0.02538253018796066,1.2217241384226027,-0.036389370703048485,81.4852164415456,-0.9139119261768485
hamburg,uma_los,0,0,20,21.630537556903693,-16.655961407669984,0.5762820081994757,0.8799986558236441,0.8799986558236441,0.12000134417635588,0.9524161569997984,0.9524161569997984,0.047583843000201576,0.9864126173353944,0.9864126173353944,0.013587382664605574,5.892018899628865,0.3075027443600601,1.2217241384226027,-0.6089423348462915,81.4852164415456,-0.9139119261768485
hamburg,uma_los,0,0,10,20.758954448169412,-15.528427761025931,0.6078701525640164,0.8058225239151376,0.8058225239151376,0.19417747608486235,0.9088536415977776,0.9088536415977776,0.0911463584022224,0.9626655017138248,0.9626655017138248,0.03733449828617519,6.394002834931398,0.3610681721441853,1.3852691712942142,-0.6865537337031044,97.60092877771605,-0.9441561935508667
hamburg,uma_nlos,0,0,20,25.618048356446817,20.99669249552794,0.5762820081994757,0.8799986558236441,0.4566279095817371,-0.4818312162555728,0.9524161569997984,0.7367430606895625,-0.19913972713219985,0.9864126173353944,0.9711674171651321,-0.0016578175056567446,5.638167949962376,0.07773819925174186,1.2217241384226027,0.15380500339715364,81.4852164415456,-0.9139119261768485
hamburg,uma_nlos,0,0,10,26.836361159802433,22.486503509677352,0.6078701525640164,0.8058225239151376,0.37551806797051773,-0.5881443645406277,0.9088536415977776,0.5688442323632861,-0.3822053453413088,0.9626655017138248,0.8763581781929789,-0.0867217778972601,6.424481227903736,0.1290297287004055,1.3852691712942142,-0.0998112156834543,97.60092877771605,-0.9441561935508667
london,oracle,0,0,20,11.215852066038098,-3.829592099878035e-06,0.523898525288902,0.7958881316527249,0.7882410594215121,-0.09186743555261778,0.9126455906821963,0.9118934196430607,0.06059535477400679,0.973548651790395,0.973548651790395,0.02645134820960504,6.809549718037749,0.25290041711303085,1.3807408189649066,-0.6457184577243079,75.38214350142196,-0.9270174550973944
london,oracle,0,0,10,11.23233760231726,1.536338179671298,0.5783739429717594,0.6967611059193581,0.7515328334055114,-0.16803045153055407,0.8453832653340323,0.8508422036332141,0.034827798418161526,0.9372165112939621,0.9372734939484421,0.06254416155722198,7.071766102946488,0.22532081234472234,1.4214810024423676,-0.6313185667023222,147.95166113796333,-0.9577654491229195
london,coral,0,0,20,13.141432282999313,4.593054202329958,0.523898525288902,0.7958881316527249,0.7590203542041802,-0.09553711850112823,0.9126455906821963,0.9053404143778634,0.055432726278121014,0.973548651790395,0.973548651790395,0.02645134820960504,6.759574872562799,0.18868096551409752,1.3807408189649066,-0.5595183889355522,75.38214350142196,-0.9270174550973944
london,coral,0,0,10,13.675001816510836,5.87821429662371,0.5783739429717594,0.6967611059193581,0.7001800651881567,-0.1932167848107036,0.8453832653340323,0.8327331160394775,0.0010142912497436152,0.9372165112939621,0.9372165112939621,0.0627834887060379,7.106061643055964,0.17220158183848844,1.4214810024423676,-0.5274923619713376,147.95166113796333,-0.9577654491229195
london,cost231,0,0,20,28.31624009294936,23.983454774142476,0.523898525288902,0.7958881316527249,0.3290634330909671,-0.6367469742210471,0.9126455906821963,0.591309005538714,-0.3548765755703963,0.973548651790395,0.9276206322795341,-0.031534200989218886,6.327419779669764,0.09761128712419931,1.3807408189649066,-0.31805811334914247,75.38214350142196,-0.9270174550973944
london,cost231,0,0,10,29.2081814387506,25.11325531980221,0.5783739429717594,0.6967611059193581,0.3521528046862535,-0.6316641214414332,0.8453832653340323,0.41624689444533086,-0.5469651038223964,0.9372165112939621,0.7569575821120051,-0.20030542702801268,7.387695250923409,0.18449843867526722,1.4214810024423676,-0.5123134866958717,147.95166113796333,-0.9577654491229195
london,encoder,0,0,20,12.957098479485182,4.24057846727275,0.523898525288902,0.7958881316527249,0.7437603993344426,-0.13630250951610323,0.9126455906821963,0.901442800811433,0.047136051785836464,0.973548651790395,0.973548651790395,0.02645134820960504,6.969417382771145,0.1987441022952613,1.3807408189649066,-0.5740534441657391,75.38214350142196,-0.9270174550973944
london,encoder,0,0,10,13.475323190895905,5.552945109566011,0.5783739429717594,0.6967611059193581,0.6976842249219337,-0.20416885100175508,0.8453832653340323,0.8334055113623413,-0.00923119002575612,0.9372165112939621,0.9372165112939621,0.0627834887060379,7.266627896189266,0.17963211998267736,1.4214810024423676,-0.543985602124498,147.95166113796333,-0.9577654491229195
london,encoder,1,0,20,12.93699809641548,4.179265446882816,0.523898525288902,0.7958881316527249,0.7424384017505071,-0.13974426184669386,0.9126455906821963,0.901306042440681,0.046247122375948746,0.973548651790395,0.973548651790395,0.02645134820960504,6.957368537426424,0.19923415312378912,1.3807408189649066,-0.5755392314815242,75.38214350142196,-0.9270174550973944
london,encoder,1,0,10,13.453277854741886,5.496399006352994,0.5783739429717594,0.6967611059193581,0.6961229001891824,-0.20739406924532172,0.8453832653340323,0.8344881817974609,-0.009447724112780054,0.9372165112939621,0.9372165112939621,0.0627834887060379,7.256967916665178,0.180201946527477,1.4214810024423676,-0.5449574645557658,147.95166113796333,-0.9577654491229195
london,encoder,2,0,20,12.981199272708581,4.407569474642323,0.523898525288902,0.7958881316527249,0.735509310965742,-0.1574316777972785,0.9126455906821963,0.8986392542110182,0.03754017277140842,0.973548651790395,0.973548651790395,0.02645134820960504,6.986683256040623,0.1966585371412941,1.3807408189649066,-0.569555673955037,75.38214350142196,-0.9270174550973944
london,encoder,2,0,10,13.520910701202222,5.740803658237662,0.5783739429717594,0.6967611059193581,0.6932281813415996,-0.21623777722061405,0.8453832653340323,0.8238210288788093,-0.036206778656576954,0.9372165112939621,0.9372165112939621,0.0627834887060379,7.29010039063039,0.17810498484261394,1.4214810024423676,-0.541875166932956,147.95166113796333,-0.9577654491229195
london,encoder,3,0,20,12.906315910466505,4.0274493454562705,0.523898525288902,0.7958881316527249,0.7498005607093201,-0.12000547033483,0.9126455906821963,0.9046794155858957,0.05650400018234458,0.973548651790395,0.973548651790395,0.02645134820960504,6.9234712463279875,0.1977184145146217,1.3807408189649066,-0.5727326663333889,75.38214350142196,-0.9270174550973944
london,encoder,3,0,10,13.406537963625631,5.332935673430343,0.5783739429717594,0.6967611059193581,0.699644428236045,-0.19671551979577417,0.8453832653340323,0.8406195154195063,0.01252478745469876,0.9372165112939621,0.9372165112939621,0.0627834887060379,7.22201483283102,0.17922184487042148,1.4214810024423676,-0.5415171897699483,147.95166113796333,-0.9577654491229195
london,encoder,4,0,20,13.017900141232879,4.462058258091488,0.523898525288902,0.7958881316527249,0.7363298611902537,-0.15207530827616067,0.9126455906821963,0.9010667152918651,0.04384245435689382,0.973548651790395,0.973548651790395,0.02645134820960504,6.99382282897265,0.20421443712533904,1.3807408189649066,-0.5863395020898101,75.38214350142196,-0.9270174550973944
london,encoder,4,0,10,13.553370187564028,5.769744713385203,0.5783739429717594,0.6967611059193581,0.6910400474095685,-0.21753698174275748,0.8453832653340323,0.8303626376131106,-0.01938549905408793,0.9372165112939621,0.9372165112939621,0.0627834887060379,7.2841103274280385,0.18430469765003543,1.4214810024423676,-0.5560458896747892,147.95166113796333,-0.9577654491229195
london,gbdt,0,0,20,12.991898809189061,4.53354366206348,0.523898525288902,0.7958881316527249,0.7457547922412417,-0.13086636427871357,0.9126455906821963,0.8970323433546828,0.03554577986460927,0.973548651790395,0.973548651790395,0.02645134820960504,6.675691335374168,0.17576869600893485,1.3807408189649066,-0.5256141037230745,75.38214350142196,-0.9270174550973944
london,gbdt,0,0,10,13.555728859893863,5.911921632298739,0.5783739429717594,0.6967611059193581,0.7029266291340915,-0.20261892279989968,0.8453832653340323,0.822043170059034,-0.03579650354432107,0.9372165112939621,0.9366352882182664,0.061883162765254296,7.074767146039116,0.1591183643698858,1.4214810024423676,-0.4980957402890117,147.95166113796333,-0.9577654491229195
london,gbdt+k10,0,0,20,12.21644148022355,1.2999492418431626,0.523898525288902,0.7958881316527249,0.7868392861213047,-0.025938504319285127,0.9126455906821963,0.9092608210060857,0.06862990905568345,0.973548651790395,0.973548651790395,0.02645134820960504,6.702674768308128,0.1834271647710437,1.3807408189649066,-0.5452457910410617,75.38214350142196,-0.9270174550973944
london,gbdt+k10,0,1,20,12.184271007066206,1.7678687153672696,0.523898525288902,0.7958881316527249,0.7629293643015066,-0.08955393978073067,0.9126455906821963,0.9070384974813667,0.06221366216123814,0.973548651790395,0.973548651790395,0.02645134820960504,6.983848117034344,0.24341850340756266,1.3807408189649066,-0.6723710178269846,75.38214350142196,-0.9270174550973944
london,gbdt+k10,0,2,20,12.276486095685167,1.914764507921122,0.523898525288902,0.7958881316527249,0.7734939484420942,-0.058771909830647506,0.9126455906821963,0.9075285483098945,0.06361543546144555,0.973548651790395,0.973548651790395,0.02645134820960504,6.742630911529616,0.19967861782873286,1.3807408189649066,-0.5817330879141335,75.38214350142196,-0.9270174550973944
london,gbdt+k10,0,3,20,12.472681590583145,3.2583065534730644,0.523898525288902,0.7958881316527249,0.7394297175939644,-0.14824607389510625,0.9126455906821963,0.8988785813598341,0.041061700818270985,0.973548651790395,0.973548651790395,0.02645134820960504,6.946859424916124,0.24558384427780178,1.3807408189649066,-0.677573996617439,75.38214350142196,-0.9270174550973944
london,gbdt+k10,0,4,20,12.281412320922097,2.3849122341913476,0.523898525288902,0.7958881316527249,0.7507692658354796,-0.12437034166799621,0.9126455906821963,0.9044172953752878,0.05526177831468104,0.973548651790395,0.973548651790395,0.02645134820960504,7.077734097968751,0.2647642057757619,1.3807408189649066,-0.7126605659959021,75.38214350142196,-0.9270174550973944
london,gbdt+k10,0,5,20,12.063358606066735,1.1645105307533525,0.523898525288902,0.7958881316527249,0.7457433957103458,-0.1354363731680076,0.9126455906821963,0.906411688282087,0.06024206231623097,0.973548651790395,0.973548651790395,0.02645134820960504,7.526683866193469,0.3361064891846922,1.3807408189649066,-0.820171746181021,75.38214350142196,-0.9270174550973944
london,gbdt+k10,0,6,20,12.057686505263007,0.851474919511601,0.523898525288902,0.7958881316527249,0.7608551956784355,-0.09819251019989517,0.9126455906821963,0.908645408337702,0.06628222369110848,0.973548651790395,0.973548651790395,0.02645134820960504,7.379396446966805,0.30793426480979186,1.3807408189649066,-0.781113918460013,75.38214350142196,-0.9270174550973944
london,gbdt+k10,0,7,20,12.102688269562979,1.1189219958705487,0.523898525288902,0.7958881316527249,0.7682287511681444,-0.07135367993982633,0.9126455906821963,0.9095001481549017,0.06966699336721904,0.973548651790395,0.973548651790395,0.02645134820960504,7.033591193683506,0.2586670617464043,1.3807408189649066,-0.7001983621196214,75.38214350142196,-0.9270174550973944
london,gbdt+k10,0,8,20,12.601905505389505,3.434389173531881,0.523898525288902,0.7958881316527249,0.7535272263123105,-0.11586852961958372,0.9126455906821963,0.9015909557130809,0.04833268752991593,0.973548651790395,0.973548651790395,0.02645134820960504,6.808367621763152,0.20361042098785131,1.3807408189649066,-0.5928341420838376,75.38214350142196,-0.9270174550973944
london,gbdt+k10,0,9,20,12.085314394783952,0.6685303185840041,0.523898525288902,0.7958881316527249,0.7853121509812413,-0.03051990973947527,0.9126455906821963,0.9095229412166936,0.06905158069883532,0.973548651790395,0.973548651790395,0.02645134820960504,6.726995960375365,0.20673307045335398,1.3807408189649066,-0.5963187472662879,75.38214350142196,-0.9270174550973944
london,gbdt+k10d,0,0,20,12.069752895055297,1.2333085977910783,0.523898525288902,0.7958881316527249,0.7568778063957331,-0.10704761470608348,0.9126455906821963,0.9077906685205024,0.06456134752581322,0.973548651790395,0.973548651790395,0.02645134820960504,7.218266359577062,0.30050372666560304,1.3807408189649066,-0.7672963646452786,75.38214350142196,-0.9270174550973944
london,gbdt,1,0,20,13.083769872925222,4.685766549002413,0.523898525288902,0.7958881316527249,0.7450937934492741,-0.13446766804184807,0.9126455906821963,0.8977617213320266,0.0364119162127049,0.973548651790395,0.973548651790395,0.02645134820960504,6.703340473696219,0.1761219884667108,1.3807408189649066,-0.5236849862197694,75.38214350142196,-0.9270174550973944
london,gbdt,1,0,10,13.657241165176494,6.047583506792088,0.5783739429717594,0.6967611059193581,0.7045335399904269,-0.20071570214026851,0.8453832653340323,0.8211998267727304,-0.03818977503248011,0.9372165112939621,0.93730768354113,0.0616210425546464,7.102095843711343,0.15909557130809382,1.4214810024423676,-0.497783336038391,147.95166113796333,-0.9577654491229195
london,gbdt+k10,1,0,20,12.353584578091418,1.980816098913557,0.523898525288902,0.7958881316527249,0.7833861372598181,-0.03926104893670368,0.9126455906821963,0.9089987007954778,0.0670229981993482,0.973548651790395,0.973548651790395,0.02645134820960504,6.710746529662311,0.18050965286166898,1.3807408189649066,-0.5353628908437242,75.38214350142196,-0.9270174550973944
london,gbdt+k10,1,1,20,12.313096745113404,2.3278472116949533,0.523898525288902,0.7958881316527249,0.759635766872564,-0.10670571877920354,0.9126455906821963,0.9067535842089668,0.06103981947895065,0.973548651790395,0.973548651790395,0.02645134820960504,6.995625852487261,0.24167483418047542,1.3807408189649066,-0.6662534257274527,75.38214350142196,-0.9270174550973944
london,gbdt+k10,1,2,20,12.267587366318534,1.6825626815882717,0.523898525288902,0.7958881316527249,0.778690766530668,-0.04947234061951533,0.9126455906821963,0.9093178036605657,0.0677979623002758,0.973548651790395,0.973548651790395,0.02645134820960504,6.795880075213776,0.2059239167597383,1.3807408189649066,-0.5935558748177746,75.38214350142196,-0.9270174550973944
london,gbdt+k10,1,3,20,12.535511828339015,3.3875331807483384,0.523898525288902,0.7958881316527249,0.7394183210630684,-0.1498529847514416,0.9126455906821963,0.8999384587331616,0.039659927518063576,0.973548651790395,0.973548651790395,0.02645134820960504,6.932369792061581,0.23986278576801223,1.3807408189649066,-0.6655291263784677,75.38214350142196,-0.9270174550973944
london,gbdt+k10,1,4,20,12.219382256119436,1.8140813976458547,0.523898525288902,0.7958881316527249,0.7626786406217947,-0.10209012376632554,0.9126455906821963,0.9083490985344062,0.06473229548925308,0.973548651790395,0.973548651790395,0.02645134820960504,7.139362492333137,0.2706220226563034,1.3807408189649066,-0.7209131865915843,75.38214350142196,-0.9270174550973944
london,gbdt+k10,1,5,20,12.057452280072855,0.8013422108514459,0.523898525288902,0.7958881316527249,0.7526496934333189,-0.12686618193421917,0.9126455906821963,0.9093519932532537,0.06742187678070799,0.973548651790395,0.973548651790395,0.02645134820960504,7.642790131740036,0.35027237708841424,1.3807408189649066,-0.8363511560677932,75.38214350142196,-0.9270174550973944
london,gbdt+k10,1,6,20,12.08764238618664,0.9765117044190216,0.523898525288902,0.7958881316527249,0.7598636974904839,-0.110352608665922,0.9126455906821963,0.9092380279442938,0.06742187678070799,0.973548651790395,0.973548651790395,0.02645134820960504,7.44057669316964,0.3146696145693251,1.3807408189649066,-0.7893399754035089,75.38214350142196,-0.9270174550973944
london,gbdt+k10,1,7,20,12.121786707269816,0.9855729214414987,0.523898525288902,0.7958881316527249,0.7734939484420942,-0.05979759761128711,0.9126455906821963,0.9102181296013494,0.07261869486928185,0.973548651790395,0.973548651790395,0.02645134820960504,7.029669140974165,0.2560800492330134,1.3807408189649066,-0.6926450781878962,75.38214350142196,-0.9270174550973944
london,gbdt+k10,1,8,20,12.52893162123204,3.0255218210562167,0.523898525288902,0.7958881316527249,0.7598523009595879,-0.10407312014222869,0.9126455906821963,0.9050782941672555,0.05626467303352867,0.973548651790395,0.973548651790395,0.02645134820960504,6.861284017212652,0.20974175460989675,1.3807408189649066,-0.6029844202586138,75.38214350142196,-0.9270174550973944
london,gbdt+k10,1,9,20,12.126171762687331,0.8064794394074439,0.523898525288902,0.7958881316527249,0.7853007544503453,-0.030713650764707223,0.9126455906821963,0.9099901989834295,0.07100038748205051,0.973548651790395,0.973548651790395,0.02645134820960504,6.7520610257435365,0.20737127618352968,1.3807408189649066,-0.5958390945263644,75.38214350142196,-0.9270174550973944
london,gbdt+k10d,1,0,20,12.085485069664166,1.1259728495963495,0.523898525288902,0.7958881316527249,0.7640690173911061,-0.09766826977867937,0.9126455906821963,0.9093064071296697,0.06796891026371576,0.973548651790395,0.973548651790395,0.02645134820960504,7.218784299769482,0.2978369384359401,1.3807408189649066,-0.7623711849278484,75.38214350142196,-0.9270174550973944
london,gbdt,2,0,20,13.054725424496871,4.621310554204526,0.523898525288902,0.7958881316527249,0.7390650286052926,-0.14400656440179604,0.9126455906821963,0.8971804982563307,0.03532924577758534,0.973548651790395,0.973548651790395,0.02645134820960504,6.697220366935181,0.17686276297495052,1.3807408189649066,-0.5242800304178802,75.38214350142196,-0.9270174550973944
london,gbdt,2,0,10,13.632820683576918,5.999843617999601,0.5783739429717594,0.6967611059193581,0.7017413899209081,-0.20622022656303418,0.8453832653340323,0.8185672281357554,-0.04132382102887877,0.9372165112939621,0.9377863378387619,0.061735007863606306,7.095245891357337,0.16034918970665324,1.4214810024423676,-0.4975914021401405,147.95166113796333,-0.9577654491229195
london,gbdt+k10,2,0,20,12.229268378545697,1.159396568560241,0.523898525288902,0.7958881316527249,0.7874546987896884,-0.021835753196726926,0.9126455906821963,0.9088847354865179,0.06654434390171637,0.973548651790395,0.973548651790395,0.02645134820960504,6.723389227252238,0.18597998769174662,1.3807408189649066,-0.5475560367807911,75.38214350142196,-0.9270174550973944
london,gbdt+k10,2,1,20,12.25997811878058,2.0285715856191717,0.523898525288902,0.7958881316527249,0.7574932190641169,-0.10645499509949163,0.9126455906821963,0.9051124837599435,0.05664075855309647,0.973548651790395,0.973548651790395,0.02645134820960504,7.004569022578691,0.2463474118478335,1.3807408189649066,-0.6723741488674767,75.38214350142196,-0.9270174550973944
london,gbdt+k10,2,2,20,12.326956844465329,2.049152434974905,0.523898525288902,0.7958881316527249,0.7702801267294236,-0.06757003168235587,0.9126455906821963,0.9061495680714791,0.05947849474619926,0.973548651790395,0.973548651790395,0.02645134820960504,6.754121559638091,0.20070430560937247,1.3807408189649066,-0.5789522673270018,75.38214350142196,-0.9270174550973944
london,gbdt+k10,2,3,20,12.402709784061791,2.8607488166918102,0.523898525288902,0.7958881316527249,0.7397374239281562,-0.14698105896565083,0.9126455906821963,0.901670731429353,0.045267020718893214,0.973548651790395,0.973548651790395,0.02645134820960504,6.968814662326834,0.2487862694595765,1.3807408189649066,-0.6792911063840104,75.38214350142196,-0.9270174550973944
london,gbdt+k10,2,4,20,12.302925494511502,2.2975848787063278,0.523898525288902,0.7958881316527249,0.7507008866501037,-0.12439313472978819,0.9126455906821963,0.9048503635493356,0.05398536685432953,0.973548651790395,0.973548651790395,0.02645134820960504,7.0670691897765225,0.2619378661135551,1.3807408189649066,-0.7030416595575055,75.38214350142196,-0.9270174550973944
london,gbdt+k10,2,5,20,12.120523127781535,1.3964856817349147,0.523898525288902,0.7958881316527249,0.7359879652633738,-0.15677067900531072,0.9126455906821963,0.903858865361384,0.0527431449866661,0.973548651790395,0.973548651790395,0.02645134820960504,7.542092887406654,0.33883026006883504,1.3807408189649066,-0.819457847288117,75.38214350142196,-0.9270174550973944
london,gbdt+k10,2,6,20,12.084419081558465,0.7249030157383622,0.523898525288902,0.7958881316527249,0.7600460419848198,-0.10139493538166977,0.9126455906821963,0.908497253436054,0.06449296834043716,0.973548651790395,0.973548651790395,0.02645134820960504,7.415043710228449,0.31192305062339026,1.3807408189649066,-0.7831884059855553,75.38214350142196,-0.9270174550973944
london,gbdt+k10,2,7,20,12.143567231001184,1.1754393496187074,0.523898525288902,0.7958881316527249,0.7682857338226244,-0.07232238506598587,0.9126455906821963,0.9080641852620063,0.06499441569986097,0.973548651790395,0.973548651790395,0.02645134820960504,6.979836789154442,0.24997150867275997,1.3807408189649066,-0.6788835927244088,75.38214350142196,-0.9270174550973944
london,gbdt+k10,2,8,20,12.503654490954771,2.958070257777718,0.523898525288902,0.7958881316527249,0.7558635151459896,-0.11109338317416173,0.9126455906821963,0.9033574180019602,0.05148952658810657,0.973548651790395,0.973548651790395,0.02645134820960504,6.854914978093051,0.2104483395254485,1.3807408189649066,-0.6025648652943923,75.38214350142196,-0.9270174550973944
london,gbdt+k10,2,9,20,12.102670866226758,0.48144983568448274,0.523898525288902,0.7958881316527249,0.7853691336357213,-0.02898137806851586,0.9126455906821963,0.9093861828459417,0.06768399699131589,0.973548651790395,0.973548651790395,0.02645134820960504,6.780168812158037,0.2161010188498621,1.3807408189649066,-0.6110156367297989,75.38214350142196,-0.9270174550973944
london,gbdt+k10d,2,0,20,12.100396770617776,1.1750401839729439,0.523898525288902,0.7958881316527249,0.7563877555672054,-0.10758325165819516,0.9126455906821963,0.906252136849543,0.060128097007271064,0.973548651790395,0.973548651790395,0.02645134820960504,7.208730452063823,0.29814464477013203,1.3807408189649066,-0.7599712995017573,75.38214350142196,-0.9270174550973944
london,gbdt,3,0,20,13.095796421829535,4.740400992133554,0.523898525288902,0.7958881316527249,0.7431449866660589,-0.13691792218448695,0.9126455906821963,0.8985366854329542,0.03679939826316869,0.973548651790395,0.973548651790395,0.02645134820960504,6.6925788613986645,0.17433273311603947,1.3807408189649066,-0.5193459804423224,75.38214350142196,-0.9270174550973944
london,gbdt,3,0,10,13.671667520539378,6.114302056175933,0.5783739429717594,0.6967611059193581,0.7006701160166845,-0.20738267271442573,0.8453832653340323,0.8187609691609874,-0.040309529779135156,0.9372165112939621,0.9364529437239304,0.06088026804640667,7.091364177223472,0.158890433751966,1.4214810024423676,-0.4945554954044835,147.95166113796333,-0.9577654491229195
london,gbdt+k10,3,0,20,12.289932835578059,1.7273122173444377,0.523898525288902,0.7958881316527249,0.7810840380188271,-0.04058304652063904,0.9126455906821963,0.908713787523078,0.06578077633168466,0.973548651790395,0.973548651790395,0.02645134820960504,6.720448004415866,0.18453262826795525,1.3807408189649066,-0.5454626099978875,75.38214350142196,-0.9270174550973944
london,gbdt+k10,3,1,20,12.315497301276704,2.375356477087678,0.523898525288902,0.7958881316527249,0.7558293255533016,-0.11030702254233804,0.9126455906821963,0.9044742780297678,0.05572903608141688,0.973548651790395,0.973548651790395,0.02645134820960504,6.959738592632462,0.23687689467326145,1.3807408189649066,-0.6576467939054048,75.38214350142196,-0.9270174550973944
london,gbdt+k10,3,2,20,12.32588600253603,2.0837649612782743,0.523898525288902,0.7958881316527249,0.7719896063638229,-0.06501720876165296,0.9126455906821963,0.9075741344334785,0.06240740318647009,0.973548651790395,0.973548651790395,0.02645134820960504,6.758053044289682,0.19917717046930916,1.3807408189649066,-0.579044179525037,75.38214350142196,-0.9270174550973944
london,gbdt+k10,3,3,20,12.540240633532427,3.399362851758169,0.523898525288902,0.7958881316527249,0.7363868438447336,-0.1532035648348642,0.9126455906821963,0.901533973058601,0.04260023248923028,0.973548651790395,0.973548651790395,0.02645134820960504,6.9412564890170945,0.24103662845029972,1.3807408189649066,-0.6674862219252664,75.38214350142196,-0.9270174550973944
london,gbdt+k10,3,4,20,12.290058301190788,2.302559113941543,0.523898525288902,0.7958881316527249,0.7501538531670959,-0.12418799717366025,0.9126455906821963,0.9050099149818795,0.05569484648872891,0.973548651790395,0.973548651790395,0.02645134820960504,7.093342463613974,0.2634308116609304,1.3807408189649066,-0.7086394556309912,75.38214350142196,-0.9270174550973944
london,gbdt+k10,3,5,20,12.077091574197949,1.0600957170418435,0.523898525288902,0.7958881316527249,0.7459371367355777,-0.13524263214277565,0.9126455906821963,0.9071524627903266,0.060618147835798775,0.973548651790395,0.973548651790395,0.02645134820960504,7.56159596550344,0.33959382763886675,1.3807408189649066,-0.8213041909012317,75.38214350142196,-0.9270174550973944
london,gbdt+k10,3,6,20,12.06470883468616,0.5500360663786409,0.523898525288902,0.7958881316527249,0.7657101178401294,-0.08624894582089204,0.9126455906821963,0.9094203724386297,0.0689490119207713,0.973548651790395,0.973548651790395,0.02645134820960504,7.404348355515145,0.30932464157910333,1.3807408189649066,-0.780670834969168,75.38214350142196,-0.9270174550973944
london,gbdt+k10,3,7,20,12.133228668457463,1.1123176009213722,0.523898525288902,0.7958881316527249,0.7707017983725754,-0.0668748432977001,0.9126455906821963,0.9092380279442938,0.06945045928019511,0.973548651790395,0.973548651790395,0.02645134820960504,7.011646497051059,0.25203428076493517,1.3807408189649066,-0.6859321274902521,75.38214350142196,-0.9270174550973944
london,gbdt+k10,3,8,20,12.53241057349237,3.087955732545267,0.523898525288902,0.7958881316527249,0.7564561347525813,-0.10879128393317072,0.9126455906821963,0.903790486176008,0.05205935313290633,0.973548651790395,0.973548651790395,0.02645134820960504,6.851928382783701,0.20804367150639347,1.3807408189649066,-0.60052853685168,75.38214350142196,-0.9270174550973944
london,gbdt+k10,3,9,20,12.090670925809412,0.44282934063322144,0.523898525288902,0.7958881316527249,0.7857680122170811,-0.02707815740888475,0.9126455906821963,0.9100813712305974,0.07120552503817845,0.973548651790395,0.973548651790395,0.02645134820960504,6.810040006141095,0.2194515989332847,1.3807408189649066,-0.6208881528425448,75.38214350142196,-0.9270174550973944
london,gbdt+k10d,3,0,20,12.090435961376363,1.2005014800562372,0.523898525288902,0.7958881316527249,0.7590317507350762,-0.10480249811957232,0.9126455906821963,0.9079388234221503,0.06325074647277373,0.973548651790395,0.973548651790395,0.02645134820960504,7.213743545039535,0.29713035352038847,1.3807408189649066,-0.759986048383154,75.38214350142196,-0.9270174550973944
london,gbdt,4,0,20,13.10956776430976,4.683625149900154,0.523898525288902,0.7958881316527249,0.7454242928452579,-0.1317211040959132,0.9126455906821963,0.8982631686914503,0.03973970323433551,0.973548651790395,0.973548651790395,0.02645134820960504,6.70913920819166,0.17603081621954275,1.3807408189649066,-0.5245238402121591,75.38214350142196,-0.9270174550973944
london,gbdt,4,0,10,13.679179473147908,6.0414701453718775,0.5783739429717594,0.6967611059193581,0.7035990244569553,-0.20247076789825175,0.8453832653340323,0.8203906730791147,-0.03439473024411366,0.9372165112939621,0.9368290292434983,0.06194014541973425,7.101739335255333,0.15996170765618944,1.4214810024423676,-0.49957228284465394,147.95166113796333,-0.9577654491229195
london,gbdt+k10,4,0,20,12.299904394079444,1.4924127906726707,0.523898525288902,0.7958881316527249,0.7869760444920566,-0.020992409910423282,0.9126455906821963,0.9089189250792059,0.0693364939712352,0.973548651790395,0.973548651790395,0.02645134820960504,6.723378824928247,0.18234449433592415,1.3807408189649066,-0.5411928692215198,75.38214350142196,-0.9270174550973944
london,gbdt+k10,4,1,20,12.291882409776358,2.1100645284122987,0.523898525288902,0.7958881316527249,0.7599548697376518,-0.09854580265767099,0.9126455906821963,0.9066282223691109,0.061393111936726474,0.973548651790395,0.973548651790395,0.02645134820960504,7.011713101522639,0.24341850340756266,1.3807408189649066,-0.6703628280933772,75.38214350142196,-0.9270174550973944
london,gbdt+k10,4,2,20,12.268677790223336,1.4953276729575211,0.523898525288902,0.7958881316527249,0.7809130900553871,-0.03838351605771195,0.9126455906821963,0.908645408337702,0.06885783967360337,0.973548651790395,0.973548651790395,0.02645134820960504,6.81112412427366,0.20796389579012153,1.3807408189649066,-0.5984111857004213,75.38214350142196,-0.9270174550973944
london,gbdt+k10,4,3,20,12.643887636089774,3.6930617518525795,0.523898525288902,0.7958881316527249,0.7359423791397899,-0.15638319695484693,0.9126455906821963,0.8980580311353225,0.039055911380575736,0.973548651790395,0.973548651790395,0.02645134820960504,6.913752664665314,0.23613612016502172,1.3807408189649066,-0.6578107446660932,75.38214350142196,-0.9270174550973944
london,gbdt+k10,4,4,20,12.480457616495842,2.982057598907564,0.523898525288902,0.7958881316527249,0.7464043945023136,-0.13450185763453604,0.9126455906821963,0.9041551751646799,0.052036560071114346,0.973548651790395,0.973548651790395,0.02645134820960504,7.047935284647471,0.25487201695803796,1.3807408189649066,-0.6924312583385988,75.38214350142196,-0.9270174550973944
london,gbdt+k10,4,5,20,12.11939435277285,1.1982643520740257,0.523898525288902,0.7958881316527249,0.7477719782098329,-0.13315706698880858,0.9126455906821963,0.9069587217650947,0.06261254074259803,0.973548651790395,0.973548651790395,0.02645134820960504,7.574390822031843,0.33879607047614707,1.3807408189649066,-0.8218177231513045,75.38214350142196,-0.9270174550973944
london,gbdt+k10,4,6,20,12.089402969212953,0.5393311226242801,0.523898525288902,0.7958881316527249,0.7645932578123219,-0.08982745652223456,0.9126455906821963,0.9104802498119572,0.07338226243931356,0.973548651790395,0.973548651790395,0.02645134820960504,7.505021089440414,0.3228751168144417,1.3807408189649066,-0.8015216314579373,75.38214350142196,-0.9270174550973944
london,gbdt+k10,4,7,20,12.141037959023372,0.8878459020262783,0.523898525288902,0.7958881316527249,0.7757048754359173,-0.05223030109634619,0.9126455906821963,0.911027283294965,0.07607184373076836,0.973548651790395,0.973548651790395,0.02645134820960504,7.067404283574061,0.26026257607184367,1.3807408189649066,-0.7008602518230179,75.38214350142196,-0.9270174550973944
london,gbdt+k10,4,8,20,12.491835005757764,2.753937736531692,0.523898525288902,0.7958881316527249,0.7638752763658743,-0.08853964853098717,0.9126455906821963,0.906172361133271,0.059341736375447374,0.973548651790395,0.973548651790395,0.02645134820960504,6.873910322940324,0.2105623048344084,1.3807408189649066,-0.605311295587273,75.38214350142196,-0.9270174550973944
london,gbdt+k10,4,9,20,12.170169352572104,1.1715169759539776,0.523898525288902,0.7958881316527249,0.7818703986506508,-0.04057164998974305,0.9126455906821963,0.9081325644473822,0.06743327331160398,0.973548651790395,0.973548651790395,0.02645134820960504,6.760067848434084,0.2077245686413055,1.3807408189649066,-0.596680944151501,75.38214350142196,-0.9270174550973944
london,gbdt+k10d,4,0,20,12.149633868848396,1.5073774669684648,0.523898525288902,0.7958881316527249,0.7564105486289974,-0.10658035693934764,0.9126455906821963,0.9073120142228706,0.06421945159893327,0.973548651790395,0.973548651790395,0.02645134820960504,7.161352844517966,0.28809290451986425,1.3807408189649066,-0.7472089748773474,75.38214350142196,-0.9270174550973944
london,gbdt_iw,0,0,20,13.095031840495805,4.706200348373363,0.523898525288902,0.7958881316527249,0.7449342420167301,-0.13601759624370335,0.9126455906821963,0.894319969001436,0.031374649556675016,0.973548651790395,0.973548651790395,0.02645134820960504,6.66604022089608,0.1741845782143916,1.3807408189649066,-0.5202842283275297,75.38214350142196,-0.9270174550973944
london,gbdt_iw,0,0,10,13.669980167705651,6.086879764591023,0.5783739429717594,0.6967611059193581,0.7038041620130833,-0.2036332140496433,0.8453832653340323,0.819695484694459,-0.03978528935791947,0.9372165112939621,0.9371709251703781,0.06212248991407021,7.070696986091904,0.156018507966175,1.4214810024423676,-0.4949214645974376,147.95166113796333,-0.9577654491229195
london,gbdt_iw,1,0,20,13.152559080869185,4.773982500851806,0.523898525288902,0.7958881316527249,0.7466893077747134,-0.1313222255145533,0.9126455906821963,0.8983315478768263,0.0378250860438083,0.973548651790395,0.973548651790395,0.02645134820960504,6.686693286167858,0.17511909374786316,1.3807408189649066,-0.5194125314318871,75.38214350142196,-0.9270174550973944
london,gbdt_iw,1,0,10,13.726438694925031,6.139445740672602,0.5783739429717594,0.6967611059193581,0.7037699724203952,-0.2016388211428441,0.8453832653340323,0.8167779727850842,-0.04400200578943769,0.9372165112939621,0.9369885806760422,0.061256353565974475,7.0879111831296,0.15506119937091156,1.4214810024423676,-0.49515439958653906,147.95166113796333,-0.9577654491229195
london,gbdt_iw,2,0,20,13.138604690344554,4.804453652122949,0.523898525288902,0.7958881316527249,0.7456978095867618,-0.1362341303307273,0.9126455906821963,0.8973286531579787,0.03725525949900854,0.973548651790395,0.973548651790395,0.02645134820960504,6.674186831990651,0.17580288560162294,1.3807408189649066,-0.5216019705802285,75.38214350142196,-0.9270174550973944
london,gbdt_iw,2,0,10,13.7229792251718,6.1725565600350825,0.5783739429717594,0.6967611059193581,0.7011259772525243,-0.21002666788229662,0.8453832653340323,0.8186470038520275,-0.04322704168850999,0.9372165112939621,0.9367492535272263,0.061404508467622465,7.075747366626424,0.1560299044970711,1.4214810024423676,-0.49571719459521746,147.95166113796333,-0.9577654491229195
london,gbdt_iw,3,0,20,13.054412111893352,4.536997219542979,0.523898525288902,0.7958881316527249,0.7449228454858341,-0.13281517106192875,0.9126455906821963,0.8954254324983475,0.03437193718232179,0.973548651790395,0.973548651790395,0.02645134820960504,6.66125433987064,0.17568892029266292,1.3807408189649066,-0.5241810930440762,75.38214350142196,-0.9270174550973944
london,gbdt_iw,3,0,10,13.611359146704887,5.918335543653442,0.5783739429717594,0.6967611059193581,0.701889544822556,-0.2079411027283295,0.8453832653340323,0.8170400929956921,-0.042463474118478284,0.9372165112939621,0.9362592026986986,0.06066373395938274,7.0619463946773084,0.15868529619583793,1.4214810024423676,-0.49777432767782526,147.95166113796333,-0.9577654491229195
london,gbdt_iw,4,0,20,13.030556663940144,4.5575698684357375,0.523898525288902,0.7958881316527249,0.7434071068766668,-0.13941376245071002,0.9126455906821963,0.8929751783557085,0.02581314247942934,0.973548651790395,0.973548651790395,0.02645134820960504,6.673402337512171,0.17608779887402282,1.3807408189649066,-0.5192643484790794,75.38214350142196,-0.9270174550973944
london,gbdt_iw,4,0,10,13.589068696779186,5.951776540581408,0.5783739429717594,0.6967611059193581,0.7017527864518041,-0.21167916486221594,0.8453832653340323,0.8171312652428601,-0.04804777425751594,0.9372165112939621,0.9363503749458665,0.05959246005515917,7.07810278674875,0.15678207553620682,1.4214810024423676,-0.49521371146399773,147.95166113796333,-0.9577654491229195
london,gp_ard,0,0,20,12.96114593988306,4.382839568680866,0.523898525288902,0.7958881316527249,0.7422218676634832,-0.13729400770405487,0.9126455906821963,0.901271852847993,0.042634422081918255,0.973548651790395,0.973548651790395,0.02645134820960504,6.828856749820261,0.19061837576641671,1.3807408189649066,-0.5617037706786466,75.38214350142196,-0.9270174550973944
london,gp_ard,0,0,10,13.505324986938977,5.717969347066228,0.5783739429717594,0.6967611059193581,0.697205570624302,-0.2069723976021699,0.8453832653340323,0.8223850659859139,-0.02955120461331573,0.9372165112939621,0.9381054407038497,0.061074009071638624,7.167971163407998,0.1750849041551752,1.4214810024423676,-0.5349300639510376,147.95166113796333,-0.9577654491229195
london,kernel,0,0,20,13.199881656601274,4.441869280507549,0.523898525288902,0.7958881316527249,0.7566612723087093,-0.08148519590636605,0.9126455906821963,0.9073462038155585,0.06473229548925308,0.973548651790395,0.973548651790395,0.02645134820960504,6.75308134012064,0.1910058578168805,1.3807408189649066,-0.5587897022787909,75.38214350142196,-0.9270174550973944
london,kernel,0,0,10,13.740411273461463,5.7354332792195795,0.5783739429717594,0.6967611059193581,0.6908007202607527,-0.19860734392450935,0.8453832653340323,0.8428874250678093,0.03471383310920162,0.9372165112939621,0.9372165112939621,0.0627834887060379,7.07919652224395,0.1726232534816402,1.4214810024423676,-0.5287976168939245,147.95166113796333,-0.9577654491229195
london,knn,0,0,20,13.051819864306776,4.403028269291199,0.523898525288902,0.7958881316527249,0.7404895949672919,-0.14374444419118815,0.9126455906821963,0.9046224329314156,0.056059535477400724,0.973548651790395,0.973548651790395,0.02645134820960504,7.006114465746727,0.19033346249401673,1.3807408189649066,-0.5596627003553866,75.38214350142196,-0.9270174550973944
london,knn,0,0,10,13.600409328697243,5.699991724224506,0.5783739429717594,0.6967611059193581,0.6960887105964945,-0.20988990951154468,0.8453832653340323,0.8248695097212408,-0.019362705992295948,0.9372165112939621,0.9372165112939621,0.0627834887060379,7.30944564768989,0.1709479634399289,1.4214810024423676,-0.5302012752985761,147.95166113796333,-0.9577654491229195
london,median,0,0,20,16.16558516841497,6.882606610872341,0.523898525288902,0.7958881316527249,0.7362614820048777,0.020399790303831544,0.9126455906821963,0.9123378843480044,0.08624894582089215,0.973548651790395,0.973548651790395,0.02645134820960504,6.225537650170785,0.1665716955758667,1.3807408189649066,-0.4984666181969726,75.38214350142196,-0.9270174550973944
london,median,0,0,10,16.620560843782766,7.920550217774651,0.5783739429717594,0.6967611059193581,0.6289517470881864,-0.17049210220408906,0.8453832653340323,0.8445513185786246,0.11619902901556767,0.9372165112939621,0.9372165112939621,0.0627834887060379,6.637368178271985,0.14357349622774818,1.4214810024423676,-0.4570267900029643,147.95166113796333,-0.9577654491229195
london,mlp,0,0,20,13.025879881522435,4.632225465439305,0.523898525288902,0.7958881316527249,0.7392473730996285,-0.14902103799603394,0.9126455906821963,0.9041551751646799,0.04948373715041143,0.973548651790395,0.973548651790395,0.02645134820960504,6.946194703710935,0.2023340095274998,1.3807408189649066,-0.587582543719466,75.38214350142196,-0.9270174550973944
london,mlp,0,0,10,13.578866153147008,5.9324015713623535,0.5783739429717594,0.6967611059193581,0.6969890365372781,-0.21265926651927153,0.8453832653340323,0.8248125270667609,-0.03051990973947527,0.9372165112939621,0.9372165112939621,0.0627834887060379,7.245448177849149,0.18428190458824334,1.4214810024423676,-0.5563814813278848,147.95166113796333,-0.9577654491229195
london,mlp,1,0,20,12.932739216722196,4.369316492195069,0.523898525288902,0.7958881316527249,0.7409910423267158,-0.14037107104597357,0.9126455906821963,0.903779089645112,0.05284571376473002,0.973548651790395,0.973548651790395,0.02645134820960504,6.952574725030028,0.2038839377293552,1.3807408189649066,-0.5897007821353314,75.38214350142196,-0.9270174550973944
london,mlp,1,0,10,13.460699251140017,5.670389935061959,0.5783739429717594,0.6967611059193581,0.6973423289950539,-0.20918332459599298,0.8453832653340323,0.8267271442572881,-0.019032206596312107,0.9372165112939621,0.9372165112939621,0.0627834887060379,7.252153373787739,0.18411095662480348,1.4214810024423676,-0.5555047881973209,147.95166113796333,-0.9577654491229195
london,mlp,2,0,20,12.99832944620971,4.477424516616799,0.523898525288902,0.7958881316527249,0.7472933239122012,-0.13454744375812,0.9126455906821963,0.9047363982403757,0.05238985252889028,0.973548651790395,0.973548651790395,0.02645134820960504,6.931824676450401,0.19858455086271742,1.3807408189649066,-0.5781607860948584,75.38214350142196,-0.9270174550973944
london,mlp,2,0,10,13.538274524392689,5.768100256292391,0.5783739429717594,0.6967611059193581,0.7024593713673558,-0.20053335764593255,0.8453832653340323,0.8290406400291751,-0.019180361497959986,0.9372165112939621,0.9372165112939621,0.0627834887060379,7.234899560856157,0.18045267020718903,1.4214810024423676,-0.5465424989195018,147.95166113796333,-0.9577654491229195
london,mlp,3,0,20,12.938504484460035,4.259572642345185,0.523898525288902,0.7958881316527249,0.7536639846830625,-0.12019921136006195,0.9126455906821963,0.9053176213160714,0.055774622205000846,0.973548651790395,0.973548651790395,0.02645134820960504,6.882147191025805,0.1909032890388166,1.3807408189649066,-0.560183220823325,75.38214350142196,-0.9270174550973944
london,mlp,3,0,10,13.462439981165579,5.559396083469738,0.5783739429717594,0.6967611059193581,0.7079524992592255,-0.1911654092494245,0.8453832653340323,0.8326647368541016,-0.008216898776012505,0.9372165112939621,0.9372165112939621,0.0627834887060379,7.203164895835609,0.1735121828915278,1.4214810024423676,-0.5292950030785895,147.95166113796333,-0.9577654491229195
london,mlp,4,0,20,12.84970460762693,4.252363484316671,0.523898525288902,0.7958881316527249,0.7398171996444283,-0.1506393453832653,0.9126455906821963,0.901488386935017,0.041551751646798696,0.973548651790395,0.973548651790395,0.02645134820960504,6.933424043201343,0.19645339958516628,1.3807408189649066,-0.5736907163321198,75.38214350142196,-0.9270174550973944
london,mlp,4,0,10,13.384927068067768,5.580399451147741,0.5783739429717594,0.6967611059193581,0.7053085040913546,-0.20367880017322726,0.8453832653340323,0.8194447610147471,-0.04163152736307063,0.9372165112939621,0.9372165112939621,0.0627834887060379,7.243385667038044,0.18023613612016498,1.4214810024423676,-0.5439538820208734,147.95166113796333,-0.9577654491229195
london,ridge,0,0,20,13.031582386081242,4.436005227832697,0.523898525288902,0.7958881316527249,0.7546098967474301,-0.11489982449342417,0.9126455906821963,0.9027989879880565,0.05011054634969114,0.973548651790395,0.973548651790395,0.02645134820960504,6.838767977286649,0.19057278964283264,1.3807408189649066,-0.5638484388988491,75.38214350142196,-0.9270174550973944
london,ridge,0,0,10,13.571515031799667,5.722077242201359,0.5783739429717594,0.6967611059193581,0.7061632439085542,-0.19085770291523263,0.8453832653340323,0.8281859002119755,-0.015408109771385514,0.9372165112939621,0.9372165112939621,0.0627834887060379,7.164128579422733,0.17410480249811966,1.4214810024423676,-0.5346325174744132,147.95166113796333,-0.9577654491229195
london,ridge+k10,0,0,20,12.35913829817307,1.8136037954707558,0.523898525288902,0.7958881316527249,0.7888564720898958,-0.025083764502085493,0.9126455906821963,0.911072869418549,0.07634536047227225,0.973548651790395,0.973548651790395,0.02645134820960504,6.885629556376193,0.20280126729423564,1.3807408189649066,-0.5893483453098932,75.38214350142196,-0.9270174550973944
london,ridge+k10,0,1,20,12.451794067301902,2.679441163241859,0.523898525288902,0.7958881316527249,0.7702345406058396,-0.08003783648257468,0.9126455906821963,0.9069701182959907,0.0644473822168532,0.973548651790395,0.973548651790395,0.02645134820960504,6.979892011616157,0.22750894627675333,1.3807408189649066,-0.639324773531706,75.38214350142196,-0.9270174550973944
london,ridge+k10,0,2,20,12.349911146602546,1.8679725592385787,0.523898525288902,0.7958881316527249,0.7867253208123447,-0.02974494563854757,0.9126455906821963,0.9103776810338933,0.07368996877350542,0.973548651790395,0.973548651790395,0.02645134820960504,6.839343652874217,0.20243657830556372,1.3807408189649066,-0.5868978827989602,75.38214350142196,-0.9270174550973944
london,ridge+k10,0,3,20,12.520765291087507,3.1956428628840565,0.523898525288902,0.7958881316527249,0.7445467599662663,-0.13695211177717503,0.9126455906821963,0.9043489161899118,0.052800127641146055,0.973548651790395,0.973548651790395,0.02645134820960504,7.169032182083484,0.2731976386387983,1.3807408189649066,-0.7183084012213602,75.38214350142196,-0.9270174550973944
london,ridge+k10,0,4,20,12.412768992627456,2.4515664309615532,0.523898525288902,0.7958881316527249,0.7732888108859663,-0.07386091673694528,0.9126455906821963,0.9080755817929023,0.0661226722585645,0.973548651790395,0.973548651790395,0.02645134820960504,6.990541897377954,0.23590818954710185,1.3807408189649066,-0.6574571341662915,75.38214350142196,-0.9270174550973944
london,ridge+k10,0,5,20,12.152791419180705,1.4540089507056042,0.523898525288902,0.7958881316527249,0.7491509584482483,-0.13291773983999267,0.9126455906821963,0.9069359287033028,0.06571239714630872,0.973548651790395,0.973548651790395,0.02645134820960504,7.785298909689529,0.35921865384177054,1.3807408189649066,-0.8466125966602107,75.38214350142196,-0.9270174550973944
london,ridge+k10,0,6,20,12.124808098870263,0.8465879642531193,0.523898525288902,0.7958881316527249,0.7677614934014086,-0.08725184053973967,0.9126455906821963,0.9112096277893009,0.07814601235383956,0.973548651790395,0.973548651790395,0.02645134820960504,7.663163594993389,0.3359697308139402,1.3807408189649066,-0.8167264495780899,75.38214350142196,-0.9270174550973944
london,ridge+k10,0,7,20,12.208762665549584,1.2662949236301924,0.523898525288902,0.7958881316527249,0.7833975337907141,-0.0388393772935518,0.9126455906821963,0.9118136439267887,0.0806646456818545,0.973548651790395,0.973548651790395,0.02645134820960504,7.051640038804476,0.2482050463838808,1.3807408189649066,-0.6784300865054457,75.38214350142196,-0.9270174550973944
london,ridge+k10,0,8,20,12.851068897393974,3.920840156802106,0.523898525288902,0.7958881316527249,0.7593736466619561,-0.10614728876529977,0.9126455906821963,0.9050896906981515,0.0547945205479452,0.973548651790395,0.973548651790395,0.02645134820960504,6.903818196586767,0.20411186834727502,1.3807408189649066,-0.5927984109042579,75.38214350142196,-0.9270174550973944
london,ridge+k10,0,9,20,12.182515324325362,0.8778653569390635,0.523898525288902,0.7958881316527249,0.7929592232124542,-0.004091354591662211,0.9126455906821963,0.9116199029015568,0.07921728625806312,0.973548651790395,0.973548651790395,0.02645134820960504,6.789878702159203,0.1998837553848608,1.3807408189649066,-0.5821316949762889,75.38214350142196,-0.9270174550973944
london,ridge+k10d,0,0,20,12.236455039503431,1.9468952089303944,0.523898525288902,0.7958881316527249,0.766758598682561,-0.08948556059535473,0.9126455906821963,0.9078020650513984,0.06723953228637203,0.973548651790395,0.973548651790395,0.02645134820960504,7.17487103081936,0.281175210265995,1.3807408189649066,-0.7328548699651418,75.38214350142196,-0.9270174550973944
london,uma_los,0,0,20,22.008206296502784,-16.648335496798456,0.523898525288902,0.7958881316527249,0.7958881316527249,0.20411186834727513,0.9126455906821963,0.9126455906821963,0.0873544093178037,0.973548651790395,0.973548651790395,0.02645134820960504,6.928937872898444,0.2971189569894924,1.3807408189649066,-0.7549185579134362,75.38214350142196,-0.9270174550973944
london,uma_los,0,0,10,21.357918862375744,-15.696624184847602,0.5783739429717594,0.6967611059193581,0.6967611059193581,0.30323889408064186,0.8453832653340323,0.8453832653340323,0.1546167346659677,0.9372165112939621,0.9372165112939621,0.0627834887060379,7.082000319676665,0.2491851480409364,1.4214810024423676,-0.7020614830226881,147.95166113796333,-0.9577654491229195
london,uma_nlos,0,0,20,25.74887050252452,20.47221514004062,0.523898525288902,0.7958881316527249,0.5020855651539672,-0.39327148815900437,0.9126455906821963,0.8016319832243065,-0.09228910719576955,0.973548651790395,0.961491122102432,0.008422036332140559,6.594906402018071,0.056652155083992434,1.3807408189649066,-0.020882765682048055,75.38214350142196,-0.9270174550973944
london,uma_nlos,0,0,10,26.573749046720888,21.68959736058135,0.5783739429717594,0.6967611059193581,0.44243612244432795,-0.5016069108563354,0.8453832653340323,0.6080846990176191,-0.3144872700749891,0.9372165112939621,0.8783192396234586,-0.05102226882137073,7.129363153076972,0.059615253116951206,1.4214810024423676,-0.17085540786683295,147.95166113796333,-0.9577654491229195
munich,oracle,0,0,20,11.15855220731903,-0.00019067483881699145,0.5231776745884151,0.7598489429428744,0.7989708952754737,-0.05907654394231532,0.8802268137685542,0.8913165010439366,0.07176351127793812,0.957124439525836,0.957044575522824,0.04108432497803738,7.108107122630119,0.19038437403735353,1.5714517973879782,-0.45705832268442315,83.90144934404806,-0.9297087255955013
munich,oracle,0,0,10,11.252504275768459,1.375428207419233,0.5193442024438385,0.6753528277561638,0.7425640908624171,-0.131091056372577,0.8225650035938802,0.8399753562504991,0.0512270533605631,0.9195541306803272,0.9192689020981415,0.07388561192940024,7.3961910694488235,0.25960364636219463,1.5614381243890376,-0.6109350678700738,124.14114011103509,-0.9507680068539257
munich,coral,0,0,20,12.101158336784062,0.7295299691837421,0.5231776745884151,0.7598489429428744,0.754087325582722,-0.07388561192940024,0.8802268137685542,0.8822234138438545,0.11590548665700684,0.957124439525836,0.957124439525836,0.042875560474163965,7.550459752561833,0.26341430022019646,1.5714517973879782,-0.6695482688916112,104.63311900157939,-0.9300878246035256
munich,coral,0,0,10,12.242173409740353,2.026784396717247,0.519332793300551,0.6753528277561638,0.6800533947905851,-0.19011055459845522,0.8225650035938802,0.8184348937238303,0.09919109174092111,0.9195541306803272,0.9195541306803272,0.08044586931967279,7.772175795000241,0.344407808417666,1.5614381243890376,-0.7974468917259282,125.31623936508332,-0.951135181445444
munich,cost231,0,0,20,24.304423265043855,19.823107556639375,0.5231776745884151,0.7598489429428744,0.4047279489783112,-0.564855275017399,0.8802268137685542,0.6041711827858846,-0.319022464603133,0.957124439525836,0.897899576720784,-0.035516663053771325,6.790812497378198,0.17460552887083708,1.5714517973879782,-0.44096622652219986,104.63311900157939,-0.9300878246035256
munich,cost231,0,0,10,25.226183046358877,20.790722976569533,0.519332793300551,0.6753528277561638,0.40137366085180665,-0.5784549738160162,0.8225650035938802,0.4734908555716551,-0.47128889091718107,0.9195541306803272,0.6799278942144235,-0.23708199751280679,8.341355364139634,0.30721400130064236,1.5614381243890376,-0.692820885422037,125.31623936508332,-0.951135181445444
munich,encoder,0,0,20,12.155056046016952,-0.09565954006982798,0.5231776745884151,0.7598489429428744,0.7727755022875332,-0.030279866284840695,0.8802268137685542,0.8821207315542676,0.11600816894659371,0.957124439525836,0.957124439525836,0.042875560474163965,7.382460346287986,0.2266882679779576,1.5714517973879782,-0.6063539226364311,104.63311900157939,-0.9300878246035256
munich,encoder,0,0,10,12.212202538208976,1.1982883150917167,0.519332793300551,0.6753528277561638,0.7020388139054639,-0.13633926228479498,0.8225650035938802,0.8205798126618672,0.1053292108295587,0.9195541306803272,0.9195541306803272,0.08044586931967279,7.591007641917231,0.31809832399685106,1.5614381243890376,-0.7509288845019855,125.31623936508332,-0.951135181445444
munich,encoder,1,0,20,12.161858821431037,-0.5855955494694483,0.5231776745884151,0.7598489429428744,0.7803055368572374,-0.004130109870049803,0.8802268137685542,0.8814133646704468,0.11774235872628325,0.957124439525836,0.957124439525836,0.042875560474163965,7.440518718552033,0.22989423724172553,1.5714517973879782,-0.6137462678602188,104.63311900157939,-0.9300878246035256
munich,encoder,1,0,10,12.17695948469464,0.7089946999574819,0.519332793300551,0.6753528277561638,0.7098426679140664,-0.10751976634074545,0.8225650035938802,0.8217435452771852,0.11493570947757525,0.9195541306803272,0.9195541306803272,0.08044586931967279,7.635511855500372,0.32075665438282236,1.5614381243890376,-0.7585699084943222,125.31623936508332,-0.951135181445444
munich,encoder,2,0,20,12.14955236829045,-0.710328559438723,0.5231776745884151,0.7598489429428744,0.779792125409303,-0.010005818663076593,0.8802268137685542,0.8815845018197583,0.11704640098574992,0.957124439525836,0.957124439525836,0.042875560474163965,7.409219030122414,0.22661981311823293,1.5714517973879782,-0.6075718178288311,104.63311900157939,-0.9300878246035256
munich,encoder,2,0,10,12.132914548716046,0.6004260850281294,0.519332793300551,0.6753528277561638,0.7146230989514998,-0.10858081666647657,0.8225650035938802,0.8217777727070474,0.11218610594530454,0.9195541306803272,0.9195541306803272,0.08044586931967279,7.60693115611937,0.31839496172232434,1.5614381243890376,-0.7530547089888224,125.31623936508332,-0.951135181445444
munich,encoder,3,0,20,12.184977482580791,-1.1817967369733937,0.5231776745884151,0.7598489429428744,0.785120195324533,0.016292256614450773,0.8802268137685542,0.8811053178016862,0.11830140674736733,0.957124439525836,0.957124439525836,0.042875560474163965,7.377708862464348,0.22096087804766745,1.5714517973879782,-0.5956881527075039,104.63311900157939,-0.9300878246035256
munich,encoder,3,0,10,12.121923653753157,0.12968060553722582,0.519332793300551,0.6753528277561638,0.7217195860762815,-0.08160960193499067,0.8225650035938802,0.8224280938744309,0.1204349165421168,0.9195541306803272,0.9195541306803272,0.08044586931967279,7.576461482457393,0.3140024415566635,1.5614381243890376,-0.7438013372423845,125.31623936508332,-0.951135181445444
munich,encoder,4,0,20,12.13351833160002,-0.41245805518342077,0.5231776745884151,0.7598489429428744,0.774041917192438,-0.02981209141005603,0.8802268137685542,0.8821435498408424,0.11607662380631834,0.957124439525836,0.957124439525836,0.042875560474163965,7.434362358778096,0.2323814304783854,1.5714517973879782,-0.6191076931024949,104.63311900157939,-0.9300878246035256
munich,encoder,4,0,10,12.14533288602522,0.905443330267419,0.519332793300551,0.6753528277561638,0.7083366610001255,-0.1285810448493423,0.8225650035938802,0.8209220869604902,0.10482720852491179,0.9195541306803272,0.9195541306803272,0.08044586931967279,7.636897740851784,0.322707617884973,1.5614381243890376,-0.7620552752757631,125.31623936508332,-0.951135181445444
munich,gbdt,0,0,20,12.165454192931044,-0.7069349915194432,0.5231776745884151,0.7598489429428744,0.7791418042419195,0.016817077205672604,0.8802268137685542,0.8805006332074524,0.11895172791475084,0.957124439525836,0.957124439525836,0.042875560474163965,7.3252157087716645,0.21549589841298816,1.5714517973879782,-0.6013365408390919,104.63311900157939,-0.9300878246035256
munich,gbdt,0,0,10,12.162440729472094,0.5905504347513274,0.519332793300551,0.6753528277561638,0.7088044358749102,-0.09048591541261164,0.8225650035938802,0.8208992686739153,0.12011546053006872,0.9195541306803272,0.9195541306803272,0.08044586931967279,7.5510457884705335,0.31213134205752496,1.5614381243890376,-0.7460392380074969,125.31623936508332,-0.951135181445444
munich,gbdt+k10,0,0,20,12.299587353695406,2.050531645769613,0.5231776745884151,0.7598489429428744,0.7516115414893496,-0.08021768645392413,0.8802268137685542,0.8840032401966936,0.10627616972241549,0.957124439525836,0.957124439525836,0.042875560474163965,7.215757985646336,0.19004209973873065,1.5714517973879782,-0.5439151957077635,104.63311900157939,-0.9300878246035256
munich,gbdt+k10,0,1,20,12.330822219113893,1.7542053220908662,0.5231776745884151,0.7598489429428744,0.767470250658878,-0.025248434095083816,0.8802268137685542,0.8842428322057296,0.1085465892366142,0.957124439525836,0.957124439525836,0.042875560474163965,7.116314389668874,0.12952800374219897,1.5714517973879782,-0.39481729203345783,104.63311900157939,-0.9300878246035256
munich,gbdt+k10,0,2,20,12.231147705280728,1.6468630116561773,0.5231776745884151,0.7598489429428744,0.7419023605517462,-0.11130760191217237,0.8802268137685542,0.8849730173761252,0.10644730687172699,0.957124439525836,0.957124439525836,0.042875560474163965,7.474183716848711,0.23636322148569866,1.5714517973879782,-0.6410870834736137,104.63311900157939,-0.9300878246035256
munich,gbdt+k10,0,3,20,12.77249043129376,3.7089530426957267,0.5231776745884151,0.7598489429428744,0.7426097274355669,-0.09736562881493227,0.8802268137685542,0.885098517952287,0.09744549281794423,0.957124439525836,0.957124439525836,0.042875560474163965,7.085045072860957,0.1424773813734327,1.5714517973879782,-0.423785210635236,104.63311900157939,-0.9300878246035256
munich,gbdt+k10,0,4,20,12.396117242213315,2.415073069459569,0.5231776745884151,0.7598489429428744,0.7037159579687161,-0.20450889342719258,0.8802268137685542,0.8818583212586567,0.09596230419057827,0.957124439525836,0.9569304840899497,0.04195141986788209,7.934840045986045,0.3267236363221485,1.5714517973879782,-0.8027527781074796,104.63311900157939,-0.9300878246035256
munich,gbdt+k10,0,5,20,12.224749518417001,1.5969725327459927,0.5231776745884151,0.7598489429428744,0.7408527193693025,-0.11493570947757537,0.8802268137685542,0.8844139693550411,0.10709762803911049,0.957124439525836,0.957124439525836,0.042875560474163965,7.544324439256075,0.2507501511711485,1.5714517973879782,-0.6689425769122425,104.63311900157939,-0.9300878246035256
munich,gbdt+k10,0,6,20,12.15497794090999,-0.6161420091715071,0.5231776745884151,0.7598489429428744,0.7808874031648964,0.026161165558078237,0.8802268137685542,0.8805006332074524,0.11895172791475084,0.957124439525836,0.957124439525836,0.042875560474163965,7.319475400864129,0.1935104792981095,1.5714517973879782,-0.5450049286042324,104.63311900157939,-0.9300878246035256
munich,gbdt+k10,0,7,20,12.313348472614447,1.98333636367592,0.5231776745884151,0.7598489429428744,0.7535282775616379,-0.07095346210453057,0.8802268137685542,0.8837522390443702,0.10593389542379261,0.957124439525836,0.957124439525836,0.042875560474163965,7.192086678269233,0.18628849159716604,1.5714517973879782,-0.5356157255043403,104.63311900157939,-0.9300878246035256
munich,gbdt+k10,0,8,20,12.415812339675506,2.636329785819496,0.5231776745884151,0.7598489429428744,0.7364830174902166,-0.11891750048488858,0.8802268137685542,0.884676379650652,0.1011534643863592,0.957124439525836,0.957124439525836,0.042875560474163965,7.310264540254124,0.20203310933382013,1.5714517973879782,-0.5667599711705231,104.63311900157939,-0.9300878246035256
munich,gbdt+k10,0,9,20,12.225454428949277,0.46473759932198655,0.5231776745884151,0.7598489429428744,0.7798491711257401,0.027108124450935023,0.8802268137685542,0.8822005955572796,0.11606521466303088,0.957124439525836,0.957124439525836,0.042875560474163965,7.159697741261845,0.12600257846638296,1.5714517973879782,-0.3818558361578883,104.63311900157939,-0.9300878246035256
munich,gbdt+k10d,0,0,20,12.175745405101926,-0.5886576285466274,0.5231776745884151,0.7598489429428744,0.7813779963262558,0.03854008602494041,0.8802268137685542,0.8805120423507399,0.119008773631188,0.957124439525836,0.957124439525836,0.042875560474163965,7.208339284836309,0.18689317619139983,1.5714517973879782,-0.5377916372173952,104.63311900157939,-0.9300878246035256
munich,gbdt,1,0,20,12.182454396415874,-0.6307450277266718,0.5231776745884151,0.7598489429428744,0.7773049321726432,0.008796449474609003,0.8802268137685542,0.8806261337836142,0.11905441020433771,0.957124439525836,0.957124439525836,0.042875560474163965,7.3260073511063295,0.21452612123355658,1.5714517973879782,-0.5975030334920646,104.63311900157939,-0.9300878246035256
munich,gbdt,1,0,10,12.188804603194422,0.6723543951080933,0.519332793300551,0.6753528277561638,0.7072984289609693,-0.09721730995219569,0.8225650035938802,0.8201804926468071,0.12005841481363155,0.9195541306803272,0.9195541306803272,0.08044586931967279,7.543480784767809,0.3086857807847208,1.5614381243890376,-0.7434995810237841,125.31623936508332,-0.951135181445444
munich,gbdt+k10,1,0,20,12.280471584649238,1.7511192106103624,0.5231776745884151,0.7598489429428744,0.7561637896610344,-0.06964141062647611,0.8802268137685542,0.8836495567547833,0.11057741674177679,0.957124439525836,0.957124439525836,0.042875560474163965,7.222910793545999,0.1902246460313295,1.5714517973879782,-0.5426656968590595,104.63311900157939,-0.9300878246035256
munich,gbdt+k10,1,1,20,12.424677947179271,2.1560247656301486,0.5231776745884151,0.7598489429428744,0.7646065556937329,-0.03899645175643762,0.8802268137685542,0.883934785336969,0.10864927152620107,0.957124439525836,0.957124439525836,0.042875560474163965,7.1176012314096395,0.12443952583600493,1.5714517973879782,-0.3790978238512186,104.63311900157939,-0.9300878246035256
munich,gbdt+k10,1,2,20,12.223123922996898,1.4044077959752308,0.5231776745884151,0.7598489429428744,0.7461807892845326,-0.10198633184634165,0.8802268137685542,0.8842200139191548,0.10991568643110583,0.957124439525836,0.957124439525836,0.042875560474163965,7.45642180411815,0.23249552191125966,1.5714517973879782,-0.6302298569613461,104.63311900157939,-0.9300878246035256
munich,gbdt+k10,1,3,20,12.911936612403801,4.063220616794593,0.5231776745884151,0.7598489429428744,0.7347944642836769,-0.11355520313979628,0.8802268137685542,0.8843226962087417,0.09452475213636202,0.957124439525836,0.957124439525836,0.042875560474163965,7.084609870636942,0.1386325000855686,1.5714517973879782,-0.41205307584680684,104.63311900157939,-0.9300878246035256
munich,gbdt+k10,1,4,20,12.39730757704072,2.3223125012778647,0.5231776745884151,0.7598489429428744,0.7045031888555489,-0.2014398338828738,0.8802268137685542,0.8832274184531483,0.09753676596424365,0.957124439525836,0.9569304840899497,0.04195141986788209,7.928829566387681,0.32415657908247664,1.5714517973879782,-0.7984383237053845,104.63311900157939,-0.9300878246035256
munich,gbdt+k10,1,5,20,12.187047377820555,1.0607606740286486,0.5231776745884151,0.7598489429428744,0.7466029275861675,-0.10377756734246824,0.8802268137685542,0.8831361453068489,0.11209483279900512,0.957124439525836,0.957124439525836,0.042875560474163965,7.5731387089586235,0.2565688142477381,1.5714517973879782,-0.6780896818328153,104.63311900157939,-0.9300878246035256
munich,gbdt+k10,1,6,20,12.19461152403998,-0.8756593208063312,0.5231776745884151,0.7598489429428744,0.7804538557199739,0.03063354972675103,0.8802268137685542,0.8804892240641651,0.11921413821036175,0.957124439525836,0.957124439525836,0.042875560474163965,7.3270758232101025,0.19510775935834979,1.5714517973879782,-0.5470497821491682,104.63311900157939,-0.9300878246035256
munich,gbdt+k10,1,7,20,12.380317685900762,2.2600216721494344,0.5231776745884151,0.7598489429428744,0.7479377973507969,-0.08772490273705347,0.8802268137685542,0.8839461944802565,0.10505539139066045,0.957124439525836,0.957124439525836,0.042875560474163965,7.196702993766029,0.1863455373136031,1.5714517973879782,-0.5341725535455157,104.63311900157939,-0.9300878246035256
munich,gbdt+k10,1,8,20,12.395538826653565,2.4415868569700385,0.5231776745884151,0.7598489429428744,0.7405788999304043,-0.11210624194229257,0.8802268137685542,0.8852696551015984,0.10302456388549774,0.957124439525836,0.957124439525836,0.042875560474163965,7.294737264080603,0.1966137662722906,1.5714517973879782,-0.5533293500741054,104.63311900157939,-0.9300878246035256
munich,gbdt+k10,1,9,20,12.259052553636831,0.6472844134662628,0.5231776745884151,0.7598489429428744,0.7767230658649842,0.016588894339924054,0.8802268137685542,0.882291868703579,0.11624776095562983,0.957124439525836,0.957124439525836,0.042875560474163965,7.16114794906583,0.12202078745906969,1.5714517973879782,-0.37116519560660244,104.63311900157939,-0.9300878246035256
munich,gbdt+k10d,1,0,20,12.193871788646954,-0.5358886745541819,0.5231776745884151,0.7598489429428744,0.7787082567969971,0.029595317687594824,0.8802268137685542,0.8806033154970393,0.11907722849091262,0.957124439525836,0.957124439525836,0.042875560474163965,7.2156272853609975,0.1867220390420884,1.5714517973879782,-0.5359957964311766,104.63311900157939,-0.9300878246035256
munich,gbdt,2,0,20,12.153105135254426,-0.5394064203578761,0.5231776745884151,0.7598489429428744,0.7781035722027633,0.007906536298189382,0.8802268137685542,0.8808429075060754,0.118769181622152,0.957124439525836,0.957124439525836,0.042875560474163965,7.317580830197282,0.21493685039190408,1.5714517973879782,-0.5974197022629352,104.63311900157939,-0.9300878246035256
munich,gbdt,2,0,10,12.166876211668265,0.7625543735461424,0.519332793300551,0.6753528277561638,0.7070816552385082,-0.10122191924608381,0.8225650035938802,0.8186288491597166,0.11702358269917512,0.9195541306803272,0.9195541306803272,0.08044586931967279,7.5421218600631255,0.3109447911556321,1.5614381243890376,-0.7433649613878052,125.31623936508332,-0.951135181445444
munich,gbdt+k10,2,0,20,12.252969515142516,1.7478216813512693,0.5231776745884151,0.7598489429428744,0.7561523805177469,-0.07113600839712941,0.8802268137685542,0.8838206939040948,0.10940227498317145,0.957124439525836,0.957124439525836,0.042875560474163965,7.234678513159066,0.19662517541557806,1.5714517973879782,-0.5556425694039915,104.63311900157939,-0.9300878246035256
munich,gbdt+k10,2,1,20,12.316883117348286,1.651528836598446,0.5231776745884151,0.7598489429428744,0.7689420301429566,-0.022498830562812988,0.8802268137685542,0.8831589635934237,0.11214046937215483,0.957124439525836,0.957124439525836,0.042875560474163965,7.112735414861218,0.12641330762473046,1.5714517973879782,-0.3881084167638915,104.63311900157939,-0.9300878246035256
munich,gbdt+k10,2,2,20,12.238442011285755,1.7232580531311197,0.5231776745884151,0.7598489429428744,0.7411721753813506,-0.11689808212301334,0.8802268137685542,0.8848589259432509,0.10624194229255324,0.957124439525836,0.957124439525836,0.042875560474163965,7.474956589985293,0.2385423678535979,1.5714517973879782,-0.6430419224378576,104.63311900157939,-0.9300878246035256
munich,gbdt+k10,2,3,20,12.65480796157627,3.329544497084804,0.5231776745884151,0.7598489429428744,0.7461807892845326,-0.08852354276717356,0.8802268137685542,0.8847334253670892,0.09876895343928616,0.957124439525836,0.957124439525836,0.042875560474163965,7.0964162613715445,0.14942554963547783,1.5714517973879782,-0.4431507505400447,104.63311900157939,-0.9300878246035256
munich,gbdt+k10,2,4,20,12.419171973580022,2.554895392757917,0.5231776745884151,0.7598489429428744,0.7016851304635535,-0.2098940090588598,0.8802268137685542,0.8825542789991899,0.09198051318326506,0.957124439525836,0.9569304840899497,0.04195141986788209,7.91704181687315,0.3229928464671588,1.5714517973879782,-0.7986264615797829,104.63311900157939,-0.9300878246035256
munich,gbdt+k10,2,5,20,12.245755807211685,1.7596659808085913,0.5231776745884151,0.7598489429428744,0.7398258964734338,-0.12230601604125546,0.8802268137685542,0.8842542413490171,0.10691508174651165,0.957124439525836,0.957124439525836,0.042875560474163965,7.5394455658883155,0.25108101632648405,1.5714517973879782,-0.6673645156222103,104.63311900157939,-0.9300878246035256
munich,gbdt+k10,2,6,20,12.166209019604024,-0.8850038223310399,0.5231776745884151,0.7598489429428744,0.7821994546429508,0.029732227407043954,0.8802268137685542,0.8806261337836142,0.11907722849091262,0.957124439525836,0.957124439525836,0.042875560474163965,7.33907771954643,0.2004472384168673,1.5714517973879782,-0.557263655869805,104.63311900157939,-0.9300878246035256
munich,gbdt+k10,2,7,20,12.303129542384506,1.9474817363537351,0.5231776745884151,0.7598489429428744,0.7549772387591416,-0.06986959349222466,0.8802268137685542,0.8837180116145079,0.10710903718239795,0.957124439525836,0.957124439525836,0.042875560474163965,7.194417842870455,0.18787436251411882,1.5714517973879782,-0.536859344783172,104.63311900157939,-0.9300878246035256
munich,gbdt+k10,2,8,20,12.338853006253707,2.2818884775796233,0.5231776745884151,0.7598489429428744,0.7439217789136213,-0.10529498339969656,0.8802268137685542,0.8852126093851612,0.10305879131536011,0.957124439525836,0.957124439525836,0.042875560474163965,7.313145899458631,0.20445184771075542,1.5714517973879782,-0.569852075446571,104.63311900157939,-0.9300878246035256
munich,gbdt+k10,2,9,20,12.21850979830408,0.37117992422127105,0.5231776745884151,0.7598489429428744,0.7793015322479435,0.027541671895857323,0.8802268137685542,0.8811965909479857,0.11766249472327117,0.957124439525836,0.957124439525836,0.042875560474163965,7.1544635782741235,0.12424557040011863,1.5714517973879782,-0.3768204365510974,104.63311900157939,-0.9300878246035256
munich,gbdt+k10d,2,0,20,12.165019564253749,-0.47809382960173685,0.5231776745884151,0.7598489429428744,0.7802827185706626,0.030644958870038486,0.8802268137685542,0.8807972709329256,0.11881481819530171,0.957124439525836,0.957124439525836,0.042875560474163965,7.203762272128711,0.18415498180241646,1.5714517973879782,-0.5324123546105546,104.63311900157939,-0.9300878246035256
munich,gbdt,3,0,20,12.175235926466996,-0.6106079361548418,0.5231776745884151,0.7598489429428744,0.7766432018619722,0.008659539755159762,0.8802268137685542,0.8816415475361955,0.11726317470821113,0.957124439525836,0.957124439525836,0.042875560474163965,7.322263934216123,0.2142751200812331,1.5714517973879782,-0.5969846714548231,104.63311900157939,-0.9300878246035256
munich,gbdt,3,0,10,12.187433842514926,0.6920106683908709,0.519332793300551,0.6753528277561638,0.7085192072927244,-0.09700053622973448,0.8225650035938802,0.8151718787436252,0.11329279284418525,0.9195541306803272,0.9195541306803272,0.08044586931967279,7.547673787242918,0.3111615648780933,1.5614381243890376,-0.7444918182692785,125.31623936508332,-0.951135181445444
munich,gbdt+k10,3,0,20,12.233216410549062,1.4336893168915574,0.5231776745884151,0.7598489429428744,0.7609328115551803,-0.053463245444899554,0.8802268137685542,0.8835012378920467,0.11259683510365204,0.957124439525836,0.957124439525836,0.042875560474163965,7.214827975245459,0.18892400369656243,1.5714517973879782,-0.5386762304339383,104.63311900157939,-0.9300878246035256
munich,gbdt+k10,3,1,20,12.460174109887102,2.382870943768788,0.5231776745884151,0.7598489429428744,0.7613435407135278,-0.04577348286917138,0.8802268137685542,0.8831931910232861,0.10804458693196728,0.957124439525836,0.957124439525836,0.042875560474163965,7.116077572733852,0.12381202295519633,1.5714517973879782,-0.3780262079586343,104.63311900157939,-0.9300878246035256
munich,gbdt+k10,3,2,20,12.269454155506665,1.8061641814526297,0.5231776745884151,0.7598489429428744,0.7390728930164634,-0.11655580782439046,0.8802268137685542,0.8842656504923045,0.10699494574952362,0.957124439525836,0.957124439525836,0.042875560474163965,7.463513544812941,0.23387602824903878,1.5714517973879782,-0.6337826188080041,104.63311900157939,-0.9300878246035256
munich,gbdt+k10,3,3,20,12.841772377801862,3.8625051084148816,0.5231776745884151,0.7598489429428744,0.7380802975504569,-0.1013702381088204,0.8802268137685542,0.8843341053520292,0.09661262535796178,0.957124439525836,0.957124439525836,0.042875560474163965,7.083149326874074,0.13876940980501773,1.5714517973879782,-0.41344662510672703,104.63311900157939,-0.9300878246035256
munich,gbdt+k10,3,4,20,12.456850229087138,2.6621366186898947,0.5231776745884151,0.7598489429428744,0.6985019794863604,-0.21389861835274793,0.8802268137685542,0.8828965532978129,0.09353215667035553,0.957124439525836,0.9569304840899497,0.04195141986788209,7.910076875969918,0.3207338360962475,1.5714517973879782,-0.7940636642652033,104.63311900157939,-0.9300878246035256
munich,gbdt+k10,3,5,20,12.221956560757363,1.4477523432989607,0.5231776745884151,0.7598489429428744,0.7425298634325549,-0.11045191616561512,0.8802268137685542,0.8836267384682084,0.10998414129083045,0.957124439525836,0.957124439525836,0.042875560474163965,7.548975083301539,0.25208502093577795,1.5714517973879782,-0.6703681749388952,104.63311900157939,-0.9300878246035256
munich,gbdt+k10,3,6,20,12.187555046386144,-0.9344102069877713,0.5231776745884151,0.7598489429428744,0.7805679471528483,0.02956109025773257,0.8802268137685542,0.8816985932526327,0.11745713014409742,0.957124439525836,0.957124439525836,0.042875560474163965,7.344960697441831,0.20115460530068796,1.5714517973879782,-0.5599744201384425,104.63311900157939,-0.9300878246035256
munich,gbdt+k10,3,7,20,12.270321007007517,1.6271017364029416,0.5231776745884151,0.7598489429428744,0.7569966571210168,-0.062122785200059316,0.8802268137685542,0.8832502367397232,0.11054318931191454,0.957124439525836,0.957124439525836,0.042875560474163965,7.213952678847641,0.19219842782005497,1.5714517973879782,-0.5475060049663347,104.63311900157939,-0.9300878246035256
munich,gbdt+k10,3,8,20,12.461207831620875,2.7706370749005447,0.5231776745884151,0.7598489429428744,0.7350682837225753,-0.1206288719780032,0.8802268137685542,0.8847448345103767,0.10085682666088602,0.957124439525836,0.957124439525836,0.042875560474163965,7.297060435758589,0.19696744971420094,1.5714517973879782,-0.5532500849102808,104.63311900157939,-0.9300878246035256
munich,gbdt+k10,3,9,20,12.24730946902743,0.5140966811758185,0.5231776745884151,0.7598489429428744,0.7779780716266016,0.02320619744663377,0.8802268137685542,0.8819610035482436,0.11685244554986363,0.957124439525836,0.957124439525836,0.042875560474163965,7.16381998381899,0.12463348127189128,1.5714517973879782,-0.37615730375590495,104.63311900157939,-0.9300878246035256
munich,gbdt+k10d,3,0,20,12.205323723357187,-0.9285178199489673,0.5231776745884151,0.7598489429428744,0.780613583725998,0.04329769877579892,0.8802268137685542,0.8816985932526327,0.11745713014409742,0.957124439525836,0.957124439525836,0.042875560474163965,7.223821840421198,0.19000787230886834,1.5714517973879782,-0.5442820362929626,104.63311900157939,-0.9300878246035256
munich,gbdt,4,0,20,12.17690104866964,-0.6019931613676835,0.5231776745884151,0.7598489429428744,0.7775673424682541,0.0122762381772753,0.8802268137685542,0.8808200892195005,0.11865509018927767,0.957124439525836,0.957124439525836,0.042875560474163965,7.331496670735426,0.21557576241600018,1.5714517973879782,-0.59873400893408,104.63311900157939,-0.9300878246035256
munich,gbdt,4,0,10,12.18636391103427,0.6911375384208986,0.519332793300551,0.6753528277561638,0.7088957090212096,-0.0923798331983251,0.8225650035938802,0.8146698764389781,0.10973314013850699,0.9195541306803272,0.9195541306803272,0.08044586931967279,7.555354158179269,0.3124165706397106,1.5614381243890376,-0.7449970282171768,125.31623936508332,-0.951135181445444
munich,gbdt+k10,4,0,20,12.267663695483153,1.702288359203659,0.5231776745884151,0.7598489429428744,0.7598717612294493,-0.059338954237926234,0.8802268137685542,0.8841059224862805,0.1122659699483165,0.957124439525836,0.957124439525836,0.042875560474163965,7.205177510426666,0.18563817042978242,1.5714517973879782,-0.530101825517918,104.63311900157939,-0.9300878246035256
munich,gbdt+k10,4,1,20,12.33863720234003,1.6614087158829856,0.5231776745884151,0.7598489429428744,0.7691017581489806,-0.020536457917375017,0.8802268137685542,0.8834441921756095,0.11365788542938304,0.957124439525836,0.957124439525836,0.042875560474163965,7.123881503671242,0.12928841173316297,1.5714517973879782,-0.3914184993467589,104.63311900157939,-0.9300878246035256
munich,gbdt+k10,4,2,20,12.248807032259005,1.6646831926488748,0.5231776745884151,0.7598489429428744,0.7438190966240344,-0.11080559960752545,0.8802268137685542,0.8853951556777602,0.1087405446725005,0.957124439525836,0.957124439525836,0.042875560474163965,7.462540832685302,0.23318007050850553,1.5714517973879782,-0.6310177906374946,104.63311900157939,-0.9300878246035256
munich,gbdt+k10,4,3,20,12.862701917509506,3.9458551273271345,0.5231776745884151,0.7598489429428744,0.7374642038129356,-0.10942509326974637,0.8802268137685542,0.8850300630925624,0.09468448014238606,0.957124439525836,0.957124439525836,0.042875560474163965,7.0977378520953,0.1435156134125889,1.5714517973879782,-0.42349037828386615,104.63311900157939,-0.9300878246035256
munich,gbdt+k10,4,4,20,12.34882374956017,2.0905621125154132,0.5231776745884151,0.7598489429428744,0.708165523850814,-0.19654531141256604,0.8802268137685542,0.8845052425013405,0.10050314321897569,0.957124439525836,0.9569304840899497,0.04195141986788209,7.940065576056728,0.3269175917580349,1.5714517973879782,-0.8026621139984622,104.63311900157939,-0.9300878246035256
munich,gbdt+k10,4,5,20,12.291807394776667,1.9401283501961333,0.5231776745884151,0.7598489429428744,0.7379433878310078,-0.12649317162774243,0.8802268137685542,0.8848931533731133,0.10689226345993674,0.957124439525836,0.957124439525836,0.042875560474163965,7.524822840374146,0.24611803899645174,1.5714517973879782,-0.6557152437179566,104.63311900157939,-0.9300878246035256
munich,gbdt+k10,4,6,20,12.19008618861641,-0.8737553811386685,0.5231776745884151,0.7598489429428744,0.7804196282901117,0.03655489509292742,0.8802268137685542,0.880591906353752,0.11895172791475084,0.957124439525836,0.957124439525836,0.042875560474163965,7.323065217663471,0.19365879816084614,1.5714517973879782,-0.5416791004667092,104.63311900157939,-0.9300878246035256
munich,gbdt+k10,4,7,20,12.353168184608364,2.114955465666156,0.5231776745884151,0.7598489429428744,0.7534484135586259,-0.07502652625814332,0.8802268137685542,0.8849730173761252,0.10742849319444603,0.957124439525836,0.957124439525836,0.042875560474163965,7.19869414693351,0.18582071672238132,1.5714517973879782,-0.5320239423093651,104.63311900157939,-0.9300878246035256
munich,gbdt+k10,4,8,20,12.353024448243918,2.263166284235151,0.5231776745884151,0.7598489429428744,0.7458841515590594,-0.10048032493240078,0.8802268137685542,0.8858287031226825,0.10435943365012712,0.957124439525836,0.957124439525836,0.042875560474163965,7.297770519079632,0.1976634074547342,1.5714517973879782,-0.5545808152336409,104.63311900157939,-0.9300878246035256
munich,gbdt+k10,4,9,20,12.263790387784407,0.794076120119709,0.5231776745884151,0.7598489429428744,0.7768827938710082,0.015562071444055303,0.8802268137685542,0.881470410386884,0.11716049241862425,0.957124439525836,0.957124439525836,0.042875560474163965,7.162971720487204,0.1216556948738719,1.5714517973879782,-0.3692670031273695,104.63311900157939,-0.9300878246035256
munich,gbdt+k10d,4,0,20,12.190924326097505,-0.6076586782507666,0.5231776745884151,0.7598489429428744,0.779472669397255,0.037136761400586416,0.8802268137685542,0.8807174069299136,0.11875777247886454,0.957124439525836,0.957124439525836,0.042875560474163965,7.214410128677206,0.18731531449303468,1.5714517973879782,-0.5359579089756807,104.63311900157939,-0.9300878246035256
munich,gbdt_iw,0,0,20,12.184878245634684,-0.6779436673754478,0.5231776745884151,0.7598489429428744,0.7817659071980285,0.01191114559207751,0.8802268137685542,0.880648952070189,0.11871213590571483,0.957124439525836,0.957124439525836,0.042875560474163965,7.323400623497851,0.2149482595351915,1.5714517973879782,-0.5978255819600591,104.63311900157939,-0.9300878246035256
munich,gbdt_iw,0,0,10,12.190113339323071,0.6311889113623997,0.519332793300551,0.6753528277561638,0.7109607639562345,-0.09720590080890823,0.8225650035938802,0.8199523097810585,0.11752558500382204,0.9195541306803272,0.9195541306803272,0.08044586931967279,7.5555135381529865,0.31214275120081236,1.5614381243890376,-0.7455195518313794,125.31623936508332,-0.951135181445444
munich,gbdt_iw,1,0,20,12.159835584016358,-0.5968709938474843,0.5231776745884151,0.7598489429428744,0.7812410866068067,0.014854704560234522,0.8802268137685542,0.8810824995151114,0.11830140674736733,0.957124439525836,0.957124439525836,0.042875560474163965,7.304124513857446,0.2146059852365686,1.5714517973879782,-0.6002357562084272,104.63311900157939,-0.9300878246035256
munich,gbdt_iw,1,0,10,12.1709236208083,0.6986141238862492,0.519332793300551,0.6753528277561638,0.7089983913107964,-0.09480998071854785,0.8225650035938802,0.8189140777419024,0.12150737601113526,0.9195541306803272,0.9195541306803272,0.08044586931967279,7.538926482628603,0.31069379000330866,1.5614381243890376,-0.7447835205616734,125.31623936508332,-0.951135181445444
munich,gbdt_iw,2,0,20,12.18281719703954,-0.6173045511808399,0.5231776745884151,0.7598489429428744,0.7771566133099066,0.01220778331755068,0.8802268137685542,0.880591906353752,0.11895172791475084,0.957124439525836,0.957124439525836,0.042875560474163965,7.327172093671644,0.21352211662426268,1.5714517973879782,-0.5969736889477684,104.63311900157939,-0.9300878246035256
munich,gbdt_iw,2,0,10,12.185161677172957,0.6812653764004759,0.519332793300551,0.6753528277561638,0.705701148900729,-0.10385743134548031,0.8225650035938802,0.8148980593047268,0.11203778708256795,0.9195541306803272,0.9195541306803272,0.08044586931967279,7.548452349107211,0.3113555203139796,1.5614381243890376,-0.7446722210667773,125.31623936508332,-0.951135181445444
munich,gbdt_iw,3,0,20,12.1797562938684,-0.6387118160829949,0.5231776745884151,0.7598489429428744,0.7793585779643807,0.013976200527102467,0.8802268137685542,0.8803865417745782,0.11938527535967325,0.957124439525836,0.957124439525836,0.042875560474163965,7.316362357545118,0.21340802519138838,1.5714517973879782,-0.5987613031163885,104.63311900157939,-0.9300878246035256
munich,gbdt_iw,3,0,10,12.185292777023536,0.6645314958935651,0.519332793300551,0.6753528277561638,0.7084165250031376,-0.09493548129470952,0.8225650035938802,0.8156054261885475,0.11037205216260304,0.9195541306803272,0.9195541306803272,0.08044586931967279,7.547602824332097,0.31246220721286033,1.5614381243890376,-0.7453375103950027,125.31623936508332,-0.951135181445444
munich,gbdt_iw,4,0,20,12.173945041362082,-0.7704057441998096,0.5231776745884151,0.7598489429428744,0.7823591826489749,0.020970005362297317,0.8802268137685542,0.880591906353752,0.11911145592077488,0.957124439525836,0.957124439525836,0.042875560474163965,7.3273919733700525,0.21433216579767023,1.5714517973879782,-0.5979421164651901,104.63311900157939,-0.9300878246035256
munich,gbdt_iw,4,0,10,12.161700130268054,0.5338591313876814,0.519332793300551,0.6753528277561638,0.7110862645323963,-0.09105637257698318,0.8225650035938802,0.8184234845805428,0.11512966491346155,0.9195541306803272,0.9195541306803272,0.08044586931967279,7.547697683888936,0.31134411117069216,1.5614381243890376,-0.745622101530395,125.31623936508332,-0.951135181445444
munich,gp_ard,0,0,20,12.11487473231495,-0.3672179788323981,0.5231776745884151,0.7598489429428744,0.776186836130475,-0.008978995767207842,0.8802268137685542,0.8809798172255245,0.11849536218325363,0.957124439525836,0.957124439525836,0.042875560474163965,7.401434853984113,0.24190806512338986,1.5714517973879782,-0.633976172804927,104.63311900157939,-0.9300878246035256
munich,gp_ard,0,0,10,12.144427197061749,0.9134133071705692,0.519332793300551,0.6753528277561638,0.7051991465960821,-0.11661285354082762,0.8225650035938802,0.8182979840043811,0.10959623041905775,0.9195541306803272,0.9195541306803272,0.08044586931967279,7.625328998690095,0.32739677577610693,1.5614381243890376,-0.7660554111947327,125.31623936508332,-0.951135181445444
munich,kernel,0,0,20,12.251666370766419,0.040904120419994826,0.5231776745884151,0.7598489429428744,0.7683829821218725,-0.007244805987518421,0.8802268137685542,0.8810140446553868,0.11843831646681646,0.957124439525836,0.957124439525836,0.042875560474163965,7.380345304491647,0.24324293488801924,1.5714517973879782,-0.6382325305158865,104.63311900157939,-0.9300878246035256
munich,kernel,0,0,10,12.34237909591822,1.2881217222661836,0.519332793300551,0.6753528277561638,0.6997455761046903,-0.11442229802964099,0.8225650035938802,0.8106652671450901,0.1046560713756004,0.9195541306803272,0.9195541306803272,0.08044586931967279,7.631983291502088,0.3265524991728371,1.5614381243890376,-0.7665233216344217,125.31623936508332,-0.951135181445444
munich,knn,0,0,20,12.17676119054953,-0.10930089628954237,0.5231776745884151,0.7598489429428744,0.7720224988305628,-0.0071649419845063456,0.8802268137685542,0.8811395452315486,0.11799335987860671,0.957124439525836,0.957124439525836,0.042875560474163965,7.530122171200298,0.22125751577314062,1.5714517973879782,-0.5952043297061553,104.63311900157939,-0.9300878246035256
munich,knn,0,0,10,12.244658443216105,1.1762053766969722,0.519332793300551,0.6753528277561638,0.6969046994261201,-0.11938527535967325,0.8225650035938802,0.8178302091295965,0.1100183687206927,0.9195541306803272,0.9195541306803272,0.08044586931967279,7.632958699679411,0.3161245422081256,1.5614381243890376,-0.7496395980061406,125.31623936508332,-0.951135181445444
munich,median,0,0,20,13.998933393369654,2.9230689977806943,0.5231776745884151,0.7598489429428744,0.6776460655569373,-0.014968795993108852,0.8802268137685542,0.8802268137685542,0.11977318623144584,0.957124439525836,0.957124439525836,0.042875560474163965,7.089597216105076,0.25450375931271313,1.5714517973879782,-0.6636965217494286,104.63311900157939,-0.9300878246035256
munich,median,0,0,10,14.4089228320788,3.842560540345037,0.519332793300551,0.6753528277561638,0.5823112642471677,-0.16531848623486867,0.8225650035938802,0.7812296774635192,0.09739985624479452,0.9195541306803272,0.9195541306803272,0.08044586931967279,7.584887075482012,0.32132711154719396,1.5614381243890376,-0.7690925684315502,125.31623936508332,-0.951135181445444
munich,mlp,0,0,20,12.123228184099712,-0.5312196116959887,0.5231776745884151,0.7598489429428744,0.7852000593275451,0.014113110246551597,0.8802268137685542,0.8805462697806021,0.11915709249392459,0.957124439525836,0.957124439525836,0.042875560474163965,7.355322435261672,0.22639163025248438,1.5714517973879782,-0.6052510292155581,104.63311900157939,-0.9300878246035256
munich,mlp,0,0,10,12.15557591364292,0.7341999630077529,0.519332793300551,0.6753528277561638,0.7118392679893667,-0.09906559116475944,0.8225650035938802,0.8211388606829513,0.12135905714839867,0.9195541306803272,0.9195541306803272,0.08044586931967279,7.565526167582199,0.31663795365605996,1.5614381243890376,-0.7471425046238315,125.31623936508332,-0.951135181445444
munich,mlp,1,0,20,12.109862318895633,-0.5414014203795039,0.5231776745884151,0.7598489429428744,0.7801001722780636,0.0016657349199649119,0.8802268137685542,0.8809341806523748,0.11840408903695421,0.957124439525836,0.957124439525836,0.042875560474163965,7.387351310333152,0.22724731599904163,1.5714517973879782,-0.6129336815907636,104.63311900157939,-0.9300878246035256
munich,mlp,1,0,10,12.128487196700709,0.758135703599905,0.519332793300551,0.6753528277561638,0.709728576481192,-0.10464466223231295,0.8225650035938802,0.8213099978322628,0.11541489349564737,0.9195541306803272,0.9195541306803272,0.08044586931967279,7.608705808228811,0.3190795103195701,1.5614381243890376,-0.7545418336206436,125.31623936508332,-0.951135181445444
munich,mlp,2,0,20,12.102120762427473,-0.5966114929067061,0.5231776745884151,0.7598489429428744,0.7800317174183391,-0.0014831886273659611,0.8802268137685542,0.8809455897956623,0.11850677132654108,0.957124439525836,0.957124439525836,0.042875560474163965,7.378990754476234,0.22709899713630505,1.5714517973879782,-0.6112650181457422,104.63311900157939,-0.9300878246035256
munich,mlp,2,0,10,12.106618187956922,0.7106984151987493,0.519332793300551,0.6753528277561638,0.7134251389063195,-0.10377756734246824,0.8225650035938802,0.8198268092048968,0.11210624194229246,0.9195541306803272,0.9195541306803272,0.08044586931967279,7.5982004290338105,0.3186459628746478,1.5614381243890376,-0.7538661539357311,125.31623936508332,-0.951135181445444
munich,mlp,3,0,20,12.109535552903989,-0.5765147567530864,0.5231776745884151,0.7598489429428744,0.7841960547182512,0.0009469588928567862,0.8802268137685542,0.8806831795000514,0.11902018277447546,0.957124439525836,0.957124439525836,0.042875560474163965,7.426474679613236,0.23318007050850553,1.5714517973879782,-0.6169894733841363,104.63311900157939,-0.9300878246035256
munich,mlp,3,0,10,12.128268344506438,0.7050942375237825,0.519332793300551,0.6753528277561638,0.7124895891567502,-0.1053063925429839,0.8225650035938802,0.8215495898412988,0.12072014512430251,0.9195541306803272,0.9195541306803272,0.08044586931967279,7.613275694438058,0.3216922041323917,1.5614381243890376,-0.7576128684322417,125.31623936508332,-0.951135181445444
munich,mlp,4,0,20,12.10662782620819,-0.7565578753373692,0.5231776745884151,0.7598489429428744,0.7807961300185969,-0.0025442389530969667,0.8802268137685542,0.8813449098107223,0.11787926844573238,0.957124439525836,0.957124439525836,0.042875560474163965,7.402312782977035,0.23168547273785212,1.5714517973879782,-0.6244455888882003,104.63311900157939,-0.9300878246035256
munich,mlp,4,0,10,12.090947233219408,0.5619335938446862,0.519332793300551,0.6753528277561638,0.7178975230749923,-0.09713744594918372,0.8225650035938802,0.8211730881128136,0.113498157423359,0.9195541306803272,0.9195541306803272,0.08044586931967279,7.63372204144659,0.32261634473867357,1.5614381243890376,-0.7633566825060647,125.31623936508332,-0.951135181445444
munich,ridge,0,0,20,12.125483463464054,-0.5955012945142766,0.5231776745884151,0.7598489429428744,0.7832262775388196,0.016680167486223474,0.8802268137685542,0.8802838594849913,0.11960204908213434,0.957124439525836,0.957124439525836,0.042875560474163965,7.378986437423665,0.23597531061392601,1.5714517973879782,-0.6198429792149195,104.63311900157939,-0.9300878246035256
munich,ridge,0,0,10,12.149799722412657,0.6741271546261262,0.519332793300551,0.6753528277561638,0.7070588369519333,-0.10222592385537765,0.8225650035938802,0.8182979840043811,0.12440529840614267,0.9195541306803272,0.9195541306803272,0.08044586931967279,7.602949427422526,0.3226391630252485,1.5614381243890376,-0.7566751278350685,125.31623936508332,-0.951135181445444
munich,ridge+k10,0,0,20,12.374781004601381,2.6482007687920097,0.5231776745884151,0.7598489429428744,0.7389245741537268,-0.11455920774909012,0.8802268137685542,0.8846877887939395,0.10230578785838962,0.957124439525836,0.957124439525836,0.042875560474163965,7.316283226054286,0.22217024723613504,1.5714517973879782,-0.5900485954417706,104.63311900157939,-0.9300878246035256
munich,ridge+k10,0,1,20,12.323050323263136,1.9812662542261514,0.5231776745884151,0.7598489429428744,0.7652112402879668,-0.03229928464671583,0.8802268137685542,0.8837408299010827,0.11032641558945333,0.957124439525836,0.957124439525836,0.042875560474163965,7.1318059135389955,0.1376855411927118,1.5714517973879782,-0.40229545389811094,104.63311900157939,-0.9300878246035256
munich,ridge+k10,0,2,20,12.19723121517176,1.7132217948408413,0.5231776745884151,0.7598489429428744,0.7450855115289393,-0.10253397072413828,0.8802268137685542,0.8841401499161428,0.10807881436182953,0.957124439525836,0.957124439525836,0.042875560474163965,7.470306995632192,0.2448972606646967,1.5714517973879782,-0.6322072142709394,104.63311900157939,-0.9300878246035256
munich,ridge+k10,0,3,20,12.749808570710972,3.7951835815628763,0.5231776745884151,0.7598489429428744,0.7415372679665484,-0.10249974329427602,0.8802268137685542,0.883615329324921,0.09870049857956165,0.957124439525836,0.957124439525836,0.042875560474163965,7.128165755145609,0.1626145192757476,1.5714517973879782,-0.46064307218642964,104.63311900157939,-0.9300878246035256
munich,ridge+k10,0,4,20,12.578795003763256,3.37552845620224,0.5231776745884151,0.7598489429428744,0.6964825611244851,-0.2222387020958596,0.8802268137685542,0.8790174445800865,0.08447329690013572,0.957124439525836,0.9569304840899497,0.04195141986788209,7.907369375134832,0.32975846843660506,1.5714517973879782,-0.7912629943259945,104.63311900157939,-0.9300878246035256
munich,ridge+k10,0,5,20,12.292391733779645,2.244929860997535,0.5231776745884151,0.7598489429428744,0.7338475053908202,-0.13330443017033855,0.8802268137685542,0.8839233761936817,0.10416547821424083,0.957124439525836,0.957124439525836,0.042875560474163965,7.5627069345698885,0.2646578968385264,1.5714517973879782,-0.6701276888365267,104.63311900157939,-0.9300878246035256
munich,ridge+k10,0,6,20,12.116862573666515,-0.372485204705331,0.5231776745884151,0.7598489429428744,0.7852456959006948,0.024495430638113436,0.8802268137685542,0.880409360061153,0.11943091193282296,0.957124439525836,0.957124439525836,0.042875560474163965,7.315172637902787,0.20261497564147907,1.5714517973879782,-0.5453592395538556,104.63311900157939,-0.9300878246035256
munich,ridge+k10,0,7,20,12.234872007120256,1.5782540192182208,0.5231776745884151,0.7598489429428744,0.7657931065956257,-0.03326906182614742,0.8802268137685542,0.8831247361635615,0.11256260767378978,0.957124439525836,0.957124439525836,0.042875560474163965,7.159816519627035,0.17644240094011338,1.5714517973879782,-0.49524029899842126,104.63311900157939,-0.9300878246035256
munich,ridge+k10,0,8,20,12.417944126330937,2.8275160372395844,0.5231776745884151,0.7598489429428744,0.7352850574450365,-0.1253864847288617,0.8802268137685542,0.8848132893701012,0.10001255005761611,0.957124439525836,0.957124439525836,0.042875560474163965,7.362370128424445,0.22308297869912952,1.5714517973879782,-0.5891043343100618,104.63311900157939,-0.9300878246035256
munich,ridge+k10,0,9,20,12.198709340023148,0.3098243684201548,0.5231776745884151,0.7598489429428744,0.7839678718525026,0.03998904722244412,0.8802268137685542,0.8809341806523748,0.11860945361612796,0.957124439525836,0.957124439525836,0.042875560474163965,7.1614481435764485,0.1235267943730105,1.5714517973879782,-0.3636856398022097,104.63311900157939,-0.9300878246035256
munich,ridge+k10d,0,0,20,12.157464582471288,-0.5962441524937202,0.5231776745884151,0.7598489429428744,0.7871624319729832,0.05208273910712047,0.8802268137685542,0.8802610411984164,0.11964768565528405,0.957124439525836,0.957124439525836,0.042875560474163965,7.199777915182742,0.18195301714794238,1.5714517973879782,-0.5085872154219471,104.63311900157939,-0.9300878246035256
munich,uma_los,0,0,20,24.391031086195515,-20.25472466746383,0.5231776745884151,0.7598489429428744,0.7598489429428744,0.24015105705712558,0.8802268137685542,0.8802268137685542,0.11977318623144584,0.957124439525836,0.957124439525836,0.042875560474163965,8.051322781893855,0.3967985943935469,1.5714517973879782,-0.9063060520330816,104.63311900157939,-0.9300878246035256
munich,uma_los,0,0,10,23.750206216949348,-19.370633966697234,0.519332793300551,0.6753528277561638,0.6753528277561638,0.3246471722438362,0.8225650035938802,0.8225650035938802,0.17743499640611982,0.9195541306803272,0.9195541306803272,0.08044586931967279,8.394224994530301,0.424066446850506,1.5614381243890376,-0.9400796180048856,125.31623936508332,-0.951135181445444
munich,uma_nlos,0,0,20,22.242927411111626,16.76584688982228,0.5231776745884151,0.7598489429428744,0.5369599196796313,-0.34938219489098565,0.8802268137685542,0.7294207577952971,-0.13503861995002797,0.957124439525836,0.949970906684617,0.0305194582938767,6.868621624240314,0.04186014672158267,1.5714517973879782,-0.1133701664620439,104.63311900157939,-0.9300878246035256
munich,uma_nlos,0,0,10,23.154325515544862,17.777084444758074,0.519332793300551,0.6753528277561638,0.482629579344887,-0.4412942532145261,0.8225650035938802,0.5744275462355531,-0.3122796609202615,0.9195541306803272,0.7708245387853826,-0.11636185238850416,7.5989075515230855,0.18859313854122695,1.5614381243890376,-0.43346223524694305,125.31623936508332,-0.951135181445444
newyork,oracle,0,0,20,12.56496873919285,0.00021670571274301056,0.39050299922924836,0.747204628978028,0.6025155546619304,-0.3134390045016364,0.9081576801492354,0.8949320286406846,0.033622644460082896,0.9808429118773946,0.9808429118773946,0.019157088122605415,8.364335861257587,0.5930766395228042,1.232877145119899,-0.888248486691254,78.96107335238895,-0.9355089570892932
newyork,oracle,0,0,10,12.45149449434722,1.6246309127047254,0.409984026451303,0.6448957251209186,0.5532433006043139,-0.39030193358131426,0.8301106978095014,0.8268154552461379,0.06811657339454669,0.9387531695765334,0.9387531695765334,0.06124683042346657,9.18270031890032,0.5558459837136825,1.5260107527938294,-1.0739957074182298,106.10165868034193,-0.9478269133299544
newyork,coral,0,0,20,14.007568257094354,1.2105066121530035,0.3907040648771824,0.747204628978028,0.5426761837740022,-0.3369971962512427,0.9081576801492354,0.8443081666164003,0.0029489628363661424,0.9808429118773946,0.9792343866939223,0.01748154105648836,8.48587721004213,0.6360935178669168,1.232877145119899,-0.9257680668701188,81.0994059517676,-0.9382308012776004
newyork,coral,0,0,10,14.231840232052658,3.00589458873074,0.40993934519620656,0.6448957251209186,0.5122929303084124,-0.41708834601163947,0.8301106978095014,0.7479977212559901,0.03750991365347456,0.9387531695765334,0.9370552818828681,0.05901276766864383,9.27626445776271,0.5984719010757011,1.5260107527938294,-1.09049497717298,114.52322702908799,-0.9509313228585909
newyork,cost231,0,0,20,24.91719880532545,19.926478798234797,0.3907040648771824,0.747204628978028,0.252795371021972,-0.747204628978028,0.9081576801492354,0.23266646560101872,-0.7532589390435978,0.9808429118773946,0.710230890385711,-0.26293801592886734,8.021919767563466,0.5101817410051048,1.232877145119899,-0.855120763165023,81.0994059517676,-0.9382308012776004
newyork,cost231,0,0,10,26.434656236629714,21.73174830907122,0.40993934519620656,0.6448957251209186,0.35510427487908136,-0.6448957251209186,0.8301106978095014,0.17699362175083497,-0.8224478625604593,0.9387531695765334,0.5713503792321526,-0.35092657752756273,10.182305477676609,0.5646146800263618,1.5260107527938294,-1.1388766063010543,114.52322702908799,-0.9509313228585909
newyork,encoder,0,0,20,13.864872196004217,2.4377823763196522,0.3907040648771824,0.747204628978028,0.459111066429856,-0.4981736536979323,0.9081576801492354,0.8479273482792131,-0.006635166381823598,0.9808429118773946,0.9808429118773946,0.019157088122605415,8.518836138845153,0.6458898830468147,1.232877145119899,-0.928464753637085,81.0994059517676,-0.9382308012776004
newyork,encoder,0,0,10,14.133439878382013,4.182845341595579,0.40993934519620656,0.6448957251209186,0.4720909710353764,-0.5117344146197067,0.8301106978095014,0.7527227639824403,-0.0013516079666677783,0.9387531695765334,0.9387531695765334,0.06124683042346657,9.325324779803493,0.6015325670498084,1.5260107527938294,-1.0967207585407743,114.52322702908799,-0.9509313228585909
newyork,encoder,1,0,20,13.831799316321595,2.391553245305739,0.3907040648771824,0.747204628978028,0.4586977648202138,-0.4963528925527518,0.9081576801492354,0.8598907543312891,0.011583615383756185,0.9808429118773946,0.9808429118773946,0.019157088122605415,8.495803610965835,0.6405728136903366,1.232877145119899,-0.9258132174467696,81.0994059517676,-0.9382308012776004
newyork,encoder,1,0,10,14.110475414838112,4.1212388131817335,0.40993934519620656,0.6448957251209186,0.46741060956402264,-0.5164594573461568,0.8301106978095014,0.7692101471130324,0.030707192565039176,0.9387531695765334,0.9387531695765334,0.06124683042346657,9.303714249264358,0.5972096556192263,1.5260107527938294,-1.0933885243991739,114.52322702908799,-0.9509313228585909
newyork,encoder,2,0,20,13.638026728113537,1.0077200521283627,0.3907040648771824,0.747204628978028,0.5195312936340382,-0.40133820359013883,0.9081576801492354,0.8800978519486612,0.047429152284887754,0.9808429118773946,0.9808429118773946,0.019157088122605415,8.47767507495554,0.6410866481239458,1.232877145119899,-0.9259488821667032,81.0994059517676,-0.9382308012776004
newyork,encoder,2,0,10,13.781943964242458,2.7276314517296827,0.40993934519620656,0.6448957251209186,0.4923204092802967,-0.4754197245400623,0.8301106978095014,0.7960300704846799,0.0969136423042124,0.9387531695765334,0.9387531695765334,0.06124683042346657,9.273529347935673,0.5949755928644036,1.5260107527938294,-1.0919560626259028,114.52322702908799,-0.9509313228585909
newyork,encoder,3,0,20,13.772432390286411,1.8590364856720547,0.3907040648771824,0.747204628978028,0.48450118963841693,-0.4545312377824693,0.9081576801492354,0.8630966343844598,0.015437373635825424,0.9808429118773946,0.9808429118773946,0.019157088122605415,8.37697400869747,0.6269003496308211,1.232877145119899,-0.9173786598714514,81.0994059517676,-0.9382308012776004
newyork,encoder,3,0,10,13.98887967054881,3.623982113775206,0.40993934519620656,0.6448957251209186,0.48042402511086535,-0.4969672598103281,0.8301106978095014,0.7764485104386583,0.04826692581794623,0.9387531695765334,0.9387531695765334,0.06124683042346657,9.224420077499232,0.5827440992817489,1.5260107527938294,-1.0841391997503727,114.52322702908799,-0.9509313228585909
newyork,encoder,4,0,20,13.733042758267464,1.6838172317318842,0.3907040648771824,0.747204628978028,0.4861432257632117,-0.45058811702020707,0.9081576801492354,0.8730717245847436,0.03153379578432358,0.9808429118773946,0.9808429118773946,0.019157088122605415,8.41933061603575,0.6339041363671906,1.232877145119899,-0.9209929911302204,81.0994059517676,-0.9382308012776004
newyork,encoder,4,0,10,13.939345798996307,3.4261343491066136,0.40993934519620656,0.6448957251209186,0.4767043106240854,-0.5012454899858136,0.8301106978095014,0.7865464740904572,0.06960222512650382,0.9387531695765334,0.9387531695765334,0.06124683042346657,9.240263384313268,0.5886308546407069,1.5260107527938294,-1.086918333580277,114.52322702908799,-0.9509313228585909
newyork,gbdt,0,0,20,13.718076889794999,1.7863178091496092,0.3907040648771824,0.747204628978028,0.4851155568959932,-0.45764775532544705,0.9081576801492354,0.873507366821934,0.031031131664488454,0.9808429118773946,0.9808429118773946,0.019157088122605415,8.455835018647987,0.6339934988773834,1.232877145119899,-0.9270367902534049,81.0994059517676,-0.9382308012776004
newyork,gbdt,0,0,10,13.92671060683669,3.516303089135758,0.40993934519620656,0.6448957251209186,0.47247076170369623,-0.506372664008132,0.8301106978095014,0.7872055226031299,0.057057962758173875,0.9387531695765334,0.9387531695765334,0.06124683042346657,9.247689955409445,0.5984160495068307,1.5260107527938294,-1.0939774412937777,114.52322702908799,-0.9509313228585909
newyork,gbdt+k10,0,0,20,13.711129693658767,-1.7148224820601072,0.39049182891547424,0.747204628978028,0.5528188286808976,-0.36677725277303036,0.9081576801492354,0.8998581370150688,0.06991499391217904,0.9808429118773946,0.9808429118773946,0.019157088122605415,9.621320956164364,0.7522759514314756,1.232877145119899,-1.0004538384282164,79.74698718787661,-0.9371476183863352
newyork,gbdt+k10,0,1,20,14.489174603766985,4.642966056763494,0.3907040648771824,0.747204628978028,0.437340124884108,-0.5135775163924354,0.9081576801492354,0.8160025915127956,-0.04923874311629406,0.9808429118773946,0.9808429118773946,0.019157088122605415,7.8227683509992465,0.5638215877483999,1.232877145119899,-0.8752015198943911,81.0994059517676,-0.9382308012776004
newyork,gbdt+k10,0,2,20,13.594332194282412,-0.4474646387208542,0.3907040648771824,0.747204628978028,0.573349865397719,-0.32774817644627635,0.9081576801492354,0.8957139506048725,0.06492186365515007,0.9808429118773946,0.9808429118773946,0.019157088122605415,8.641808156311292,0.655518693520101,1.232877145119899,-0.9411742839222601,81.0994059517676,-0.9382308012776004
newyork,gbdt+k10,0,3,20,13.834442957548452,2.5144082847610956,0.3907040648771824,0.747204628978028,0.45778179909073646,-0.49020921997698913,0.9081576801492354,0.8631859968946528,0.020441674206628457,0.9808429118773946,0.9808429118773946,0.019157088122605415,8.51635707248706,0.6394111010578287,1.232877145119899,-0.9306807539980186,81.0994059517676,-0.9382308012776004
newyork,gbdt+k10,0,4,20,13.663812974952524,-0.8086079218518502,0.3907040648771824,0.747204628978028,0.5954559163566905,-0.2904058174994135,0.9081576801492354,0.8968086413547357,0.06507824804798767,0.9808429118773946,0.9808429118773946,0.019157088122605415,8.358074459223207,0.6261631089217297,1.232877145119899,-0.9204652669444112,81.0994059517676,-0.9382308012776004
newyork,gbdt+k10,0,5,20,13.711069532319605,1.7736917788908015,0.3907040648771824,0.747204628978028,0.4942863845045407,-0.43949599544251194,0.9081576801492354,0.8690169006847402,0.0267864124303252,0.9808429118773946,0.9808429118773946,0.019157088122605415,8.47729107293283,0.6412206918892351,1.232877145119899,-0.9282929389161245,81.0994059517676,-0.9382308012776004
newyork,gbdt+k10,0,6,20,13.720075194790397,2.0673211462576933,0.3907040648771824,0.747204628978028,0.43850183751661587,-0.5279872211610424,0.9081576801492354,0.8626386515197212,0.008589971292293663,0.9808429118773946,0.9808429118773946,0.019157088122605415,9.058496780859903,0.6962791684818427,1.232877145119899,-0.9677597319807028,81.0994059517676,-0.9382308012776004
newyork,gbdt+k10,0,7,20,13.890270689143716,2.705605599741963,0.3907040648771824,0.747204628978028,0.49400712666018787,-0.4391497157155144,0.9081576801492354,0.8626609921472694,0.016610256582107463,0.9808429118773946,0.9808429118773946,0.019157088122605415,7.857715138081224,0.568647163298817,1.232877145119899,-0.8779568135828812,81.0994059517676,-0.9382308012776004
newyork,gbdt+k10,0,8,20,14.017224831282087,3.4540119826119677,0.3907040648771824,0.747204628978028,0.4335980697697798,-0.5235302659651709,0.9081576801492354,0.8459166917998726,-0.009561788590641496,0.9808429118773946,0.9808429118773946,0.019157088122605415,8.310511165752818,0.6183774002211723,1.232877145119899,-0.915720045771167,81.0994059517676,-0.9382308012776004
newyork,gbdt+k10,0,9,20,13.627836015048528,-0.9123711652762748,0.3907040648771824,0.747204628978028,0.6216949834120841,-0.2405527071255431,0.9081576801492354,0.8985958915585939,0.07142298627168442,0.9808429118773946,0.9808429118773946,0.019157088122605415,8.15476342600009,0.6037889704321794,1.232877145119899,-0.9039160354583596,81.0994059517676,-0.9382308012776004
newyork,gbdt+k10d,0,0,20,13.615842671366885,-0.2439679348287221,0.3907040648771824,0.747204628978028,0.5342984484434168,-0.3960658154887571,0.9081576801492354,0.8928990315337958,0.05498028439618874,0.9808429118773946,0.9808429118773946,0.019157088122605415,8.924040435616103,0.6842263999195738,1.232877145119899,-0.9597674342572976,81.0994059517676,-0.9382308012776004
newyork,gbdt,1,0,20,13.731547494251771,1.9371331165738488,0.3907040648771824,0.747204628978028,0.47910592808551994,-0.470582978675871,0.9081576801492354,0.8675200786390089,0.021089552405527123,0.9808429118773946,0.9808429118773946,0.019157088122605415,8.459615559635285,0.6342727567217363,1.232877145119899,-0.9275059001909959,81.0994059517676,-0.9382308012776004
newyork,gbdt,1,0,10,13.950936768376623,3.668435125873465,0.40993934519620656,0.6448957251209186,0.47256012421388915,-0.5081599142119902,0.8301106978095014,0.7816427063436212,0.04499402388213092,0.9387531695765334,0.9387531695765334,0.06124683042346657,9.25308592778599,0.5977905119354803,1.5260107527938294,-1.0935947403710717,114.52322702908799,-0.9509313228585909
newyork,gbdt+k10,1,0,20,13.733604968689674,-1.885687672140802,0.39049182891547424,0.747204628978028,0.5562369446957766,-0.3627559398143494,0.9081576801492354,0.9012432559230589,0.07585760084000759,0.9808429118773946,0.9808429118773946,0.019157088122605415,9.687687890440314,0.7591345240887817,1.232877145119899,-1.00414886234951,79.74698718787661,-0.9371476183863352
newyork,gbdt+k10,1,1,20,14.450512988502338,4.599066828734272,0.3907040648771824,0.747204628978028,0.439105034460418,-0.515096679065715,0.9081576801492354,0.8200239044714766,-0.04336315807111024,0.9808429118773946,0.9808429118773946,0.019157088122605415,7.76410666122628,0.5590630340806273,1.232877145119899,-0.8703801438740997,81.0994059517676,-0.9382308012776004
newyork,gbdt+k10,1,2,20,13.587188633483509,0.014560267796065828,0.3907040648771824,0.747204628978028,0.5584598371368251,-0.35588619684326933,0.9081576801492354,0.894585748913687,0.0659383622085945,0.9808429118773946,0.9808429118773946,0.019157088122605415,8.516217964445072,0.6423265529528724,1.232877145119899,-0.9324475477887628,81.0994059517676,-0.9382308012776004
newyork,gbdt+k10,1,3,20,13.719702618706384,1.8851863446673207,0.3907040648771824,0.747204628978028,0.4782123029835908,-0.4619148151871586,0.9081576801492354,0.8712844743808854,0.03227103649341512,0.9808429118773946,0.9808429118773946,0.019157088122605415,8.57586984640089,0.6472973425823532,1.232877145119899,-0.9352400647700264,81.0994059517676,-0.9382308012776004
newyork,gbdt+k10,1,4,20,13.674141151246948,-0.8908842601081073,0.3907040648771824,0.747204628978028,0.5953888944740457,-0.29998994671760326,0.9081576801492354,0.8992661103850407,0.0718251175675525,0.9808429118773946,0.9808429118773946,0.019157088122605415,8.399789235533925,0.6315918814159489,1.232877145119899,-0.9239185830152099,81.0994059517676,-0.9382308012776004
newyork,gbdt+k10,1,5,20,13.727105931085253,1.9375676278280896,0.3907040648771824,0.747204628978028,0.4853724741127978,-0.45674295990974384,0.9081576801492354,0.8642024954480971,0.018620913061447975,0.9808429118773946,0.9808429118773946,0.019157088122605415,8.449857979817676,0.6358812819052087,1.232877145119899,-0.9266443143462744,81.0994059517676,-0.9382308012776004
newyork,gbdt+k10,1,6,20,13.642204673875165,1.5305176536404057,0.3907040648771824,0.747204628978028,0.45372697519073313,-0.5087854517833406,0.9081576801492354,0.8693184991566413,0.022820951040514736,0.9808429118773946,0.9808429118773946,0.019157088122605415,9.12991954122527,0.7021212425857042,1.232877145119899,-0.9721991992092454,81.0994059517676,-0.9382308012776004
newyork,gbdt+k10,1,7,20,13.981917722344836,3.153317791337393,0.3907040648771824,0.747204628978028,0.4771958044301464,-0.4664834735207712,0.9081576801492354,0.8520715346894094,0.0011282016911855486,0.9808429118773946,0.9808429118773946,0.019157088122605415,7.839700087554634,0.5673290662734716,1.232877145119899,-0.8767653075888028,81.0994059517676,-0.9382308012776004
newyork,gbdt+k10,1,8,20,13.934393577251422,3.119900967907347,0.3907040648771824,0.747204628978028,0.4477843682629045,-0.5071545859723199,0.9081576801492354,0.8471789372563475,-0.0041441864101962045,0.9808429118773946,0.9808429118773946,0.019157088122605415,8.270339755881258,0.6135853356120774,1.232877145119899,-0.913011611341831,81.0994059517676,-0.9382308012776004
newyork,gbdt+k10,1,9,20,13.598633796295136,-0.05510547578079823,0.3907040648771824,0.747204628978028,0.5902728907655016,-0.30097293432972533,0.9081576801492354,0.8968756632373803,0.06896551724137934,0.9808429118773946,0.9808429118773946,0.019157088122605415,8.09820839727002,0.5983155166828636,1.232877145119899,-0.8995511715964191,81.0994059517676,-0.9382308012776004
newyork,gbdt+k10d,1,0,20,13.608528108541892,-0.21203558164046607,0.3907040648771824,0.747204628978028,0.5312936340381801,-0.40126001139372003,0.9081576801492354,0.894876177071814,0.06334684941300006,0.9808429118773946,0.9808429118773946,0.019157088122605415,8.896649851045362,0.6804396635501492,1.232877145119899,-0.9580901670517439,81.0994059517676,-0.9382308012776004
newyork,gbdt,2,0,20,13.737889338916334,1.8198503850827796,0.3907040648771824,0.747204628978028,0.4754532354813847,-0.4737441774739452,0.9081576801492354,0.8722786323067815,0.031433262960356534,0.9808429118773946,0.9808429118773946,0.019157088122605415,8.484666760807826,0.6343732895457034,1.232877145119899,-0.9288257544344316,81.0994059517676,-0.9382308012776004
newyork,gbdt,2,0,10,13.948100112287927,3.5452372171587974,0.40993934519620656,0.6448957251209186,0.4733085352367548,-0.5073444813064799,0.8301106978095014,0.784759223886599,0.05937021770941553,0.9387531695765334,0.9387531695765334,0.06124683042346657,9.2656458598408,0.5996894652770797,1.5260107527938294,-1.0953712135319158,114.52322702908799,-0.9509313228585909
newyork,gbdt+k10,2,0,20,13.675533997281649,-1.2103267053426747,0.39049182891547424,0.747204628978028,0.5182802184913374,-0.4202383744959396,0.9081576801492354,0.9021145403974398,0.07643845715626152,0.9808429118773946,0.9808429118773946,0.019157088122605415,9.638984345564277,0.7492264557711427,1.232877145119899,-1.0011799298120065,79.74698718787661,-0.9371476183863352
newyork,gbdt+k10,2,1,20,14.46527939719401,4.5332295277867685,0.3907040648771824,0.747204628978028,0.44299230365380965,-0.5101370597500083,0.9081576801492354,0.8203590138847,-0.039185460719591614,0.9808429118773946,0.9808429118773946,0.019157088122605415,7.789866133444021,0.5609619874222267,1.232877145119899,-0.8720491543773915,81.0994059517676,-0.9382308012776004
newyork,gbdt+k10,2,2,20,13.621931295488304,0.3837558154869189,0.3907040648771824,0.747204628978028,0.5421511790266189,-0.3777129899578879,0.9081576801492354,0.8916591267048691,0.0630564212548731,0.9808429118773946,0.9808429118773946,0.019157088122605415,8.487215726674878,0.6354791506093407,1.232877145119899,-0.9295718371173447,81.0994059517676,-0.9382308012776004
newyork,gbdt+k10,2,3,20,13.81058938853191,2.301733396417147,0.3907040648771824,0.747204628978028,0.45360410173921784,-0.49657629882823406,0.9081576801492354,0.8651519721188968,0.02526724975704575,0.9808429118773946,0.9808429118773946,0.019157088122605415,8.571978946270784,0.6440244406465377,1.232877145119899,-0.9344683154660385,81.0994059517676,-0.9382308012776004
newyork,gbdt+k10,2,4,20,13.70631517390188,-0.9495980501800394,0.3907040648771824,0.747204628978028,0.5972990181294192,-0.3005372920925349,0.9081576801492354,0.9022374138489551,0.07638260558739096,0.9808429118773946,0.9808429118773946,0.019157088122605415,8.391232244219786,0.6279280184980396,1.232877145119899,-0.9227631598467247,81.0994059517676,-0.9382308012776004
newyork,gbdt+k10,2,5,20,13.705461316846591,1.5544885956682528,0.3907040648771824,0.747204628978028,0.49979334919517887,-0.43378796510393974,0.9081576801492354,0.8699663773555399,0.03068485193749093,0.9808429118773946,0.9808429118773946,0.019157088122605415,8.47600283042436,0.6386626900349631,1.232877145119899,-0.9280848201940852,81.0994059517676,-0.9382308012776004
newyork,gbdt+k10,2,6,20,13.676522339040082,1.6618313782976022,0.3907040648771824,0.747204628978028,0.4411156909397585,-0.5261776303296359,0.9081576801492354,0.8692514772739967,0.02572523262178439,0.9808429118773946,0.9808429118773946,0.019157088122605415,9.14292721484611,0.7009707002669705,1.232877145119899,-0.9726970763673142,81.0994059517676,-0.9382308012776004
newyork,gbdt+k10,2,7,20,13.766037513621448,1.9161637067666515,0.3907040648771824,0.747204628978028,0.5192743764172335,-0.40255576779151725,0.9081576801492354,0.87683612032662,0.0390737575818505,0.9808429118773946,0.9808429118773946,0.019157088122605415,7.900176890469211,0.5754498843872524,1.232877145119899,-0.8815747475218237,81.0994059517676,-0.9382308012776004
newyork,gbdt+k10,2,8,20,14.024386198716803,3.397161528808561,0.3907040648771824,0.747204628978028,0.4315650726628911,-0.5306569261530556,0.9081576801492354,0.8441406119097885,-0.007852730583202017,0.9808429118773946,0.9808429118773946,0.019157088122605415,8.30193925184825,0.6164002546831541,1.232877145119899,-0.9148803573440589,81.0994059517676,-0.9382308012776004
newyork,gbdt+k10,2,9,20,13.626320066459279,0.10199604233974252,0.3907040648771824,0.747204628978028,0.5877372295387777,-0.3099203556627905,0.9081576801492354,0.8983278040280152,0.07052936116975528,0.9808429118773946,0.9808429118773946,0.019157088122605415,8.034740714028276,0.5901611876277605,1.232877145119899,-0.8936484341476176,81.0994059517676,-0.9382308012776004
newyork,gbdt+k10d,2,0,20,13.625813257052739,0.08309016379504927,0.3907040648771824,0.747204628978028,0.5105950426147471,-0.430381019402835,0.9081576801492354,0.8932788222021156,0.06110161634440314,0.9808429118773946,0.9808429118773946,0.019157088122605415,8.904713938043239,0.6789205008768696,1.232877145119899,-0.9582116554433048,81.0994059517676,-0.9382308012776004
newyork,gbdt,3,0,20,13.728214468324081,1.9122857182319628,0.3907040648771824,0.747204628978028,0.4801335969527384,-0.467544653329312,0.9081576801492354,0.8724573573271673,0.02714386247109679,0.9808429118773946,0.9808429118773946,0.019157088122605415,8.429494699033139,0.6280844028908772,1.232877145119899,-0.9250906201774748,81.0994059517676,-0.9382308012776004
newyork,gbdt,3,0,10,13.951674245474814,3.649518781192673,0.40993934519620656,0.6448957251209186,0.4743250337901992,-0.5053226545133653,0.8301106978095014,0.7849938004758553,0.048010008601141685,0.9387531695765334,0.9387531695765334,0.06124683042346657,9.228282183942424,0.5950537850608224,1.5260107527938294,-1.0917001010232232,114.52322702908799,-0.9509313228585909
newyork,gbdt+k10,3,0,20,13.686303366755945,-1.509525525345634,0.39049182891547424,0.747204628978028,0.5426203322051316,-0.38508539704880307,0.9081576801492354,0.900081543290551,0.07456184444221037,0.9808429118773946,0.9808429118773946,0.019157088122605415,9.632252144906435,0.7526780827273438,1.232877145119899,-1.000969217145855,79.74698718787661,-0.9371476183863352
newyork,gbdt+k10,3,1,20,14.381373655789533,4.343737832591461,0.3907040648771824,0.747204628978028,0.44797426359706444,-0.5015135775163924,0.9081576801492354,0.8241792611954469,-0.03746523239837807,0.9808429118773946,0.9808429118773946,0.019157088122605415,7.787602092355902,0.5581582386649241,1.232877145119899,-0.8721970440976708,81.0994059517676,-0.9382308012776004
newyork,gbdt+k10,3,2,20,13.590042948573853,0.24341603388980892,0.3907040648771824,0.747204628978028,0.5536566022139562,-0.3652022385308803,0.9081576801492354,0.8935357394189203,0.06296705874468012,0.9808429118773946,0.9808429118773946,0.019157088122605415,8.502686978382963,0.6373445930096177,1.232877145119899,-0.9312783508245159,81.0994059517676,-0.9382308012776004
newyork,gbdt+k10,3,3,20,13.833041758875613,2.6351075155241404,0.3907040648771824,0.747204628978028,0.44372954436290113,-0.5141583727086894,0.9081576801492354,0.8590753214257788,0.012175642013784183,0.9808429118773946,0.9808429118773946,0.019157088122605415,8.539767796552985,0.6403940886699506,1.232877145119899,-0.9324777169395115,81.0994059517676,-0.9382308012776004
newyork,gbdt+k10,3,4,20,13.685364243851982,-1.0936029649850154,0.3907040648771824,0.747204628978028,0.5985277526445718,-0.2997106888732504,0.9081576801492354,0.9000480323492287,0.07365704902650716,0.9808429118773946,0.9808429118773946,0.019157088122605415,8.46984561673985,0.6362945835148509,1.232877145119899,-0.9289392764160135,81.0994059517676,-0.9382308012776004
newyork,gbdt+k10,3,5,20,13.691101712372562,1.6926822141625768,0.3907040648771824,0.747204628978028,0.4987433397004122,-0.43995397830725064,0.9081576801492354,0.8703126570825375,0.027702378159802477,0.9808429118773946,0.9808429118773946,0.019157088122605415,8.43124944546623,0.6311897501200809,1.232877145119899,-0.9248392625844446,81.0994059517676,-0.9382308012776004
newyork,gbdt+k10,3,6,20,13.660406861040165,1.6977770466022284,0.3907040648771824,0.747204628978028,0.4391943969706109,-0.5277191336304636,0.9081576801492354,0.8695530757458977,0.01845335835483619,0.9808429118773946,0.9808429118773946,0.019157088122605415,9.137449031166959,0.7031600817666968,1.232877145119899,-0.9725821227467926,81.0994059517676,-0.9382308012776004
newyork,gbdt+k10,3,7,20,13.753975318058378,1.9941330625060596,0.3907040648771824,0.747204628978028,0.5187493716698502,-0.40406376015102263,0.9081576801492354,0.8744791841202819,0.034348714855400364,0.9808429118773946,0.9808429118773946,0.019157088122605415,7.917036428436195,0.5731823106911073,1.232877145119899,-0.8834012814992145,81.0994059517676,-0.9382308012776004
newyork,gbdt+k10,3,8,20,13.907195513149775,3.0038197200666277,0.3907040648771824,0.747204628978028,0.45248707036180646,-0.5012231493582655,0.9081576801492354,0.8523619628475364,0.001061179808540813,0.9808429118773946,0.9808429118773946,0.019157088122605415,8.274251635448989,0.611597019760285,1.232877145119899,-0.913011884598367,81.0994059517676,-0.9382308012776004
newyork,gbdt+k10,3,9,20,13.606355132574171,-0.1246409377386473,0.3907040648771824,0.747204628978028,0.5925739754029691,-0.30396657842118785,0.9081576801492354,0.8975347117500531,0.0685075343766407,0.9808429118773946,0.9808429118773946,0.019157088122605415,8.072567254246495,0.5925069535203243,1.232877145119899,-0.8971461835243786,81.0994059517676,-0.9382308012776004
newyork,gbdt+k10d,3,0,20,13.625657660686581,-0.6428724183520923,0.3907040648771824,0.747204628978028,0.5447650324497615,-0.382918356176625,0.9081576801492354,0.8978027992806318,0.06797135931548315,0.9808429118773946,0.9808429118773946,0.019157088122605415,8.983196698996327,0.6879014331512573,1.232877145119899,-0.9635505257892782,81.0994059517676,-0.9382308012776004
newyork,gbdt,4,0,20,13.769108970195534,2.008162399942809,0.3907040648771824,0.747204628978028,0.4734537493158183,-0.47784368262904503,0.9081576801492354,0.8671402879706891,0.020173586676049737,0.9808429118773946,0.9808429118773946,0.019157088122605415,8.465478684170774,0.6318487986327536,1.232877145119899,-0.9278592857108898,81.0994059517676,-0.9382308012776004
newyork,gbdt,4,0,10,14.000821972005408,3.7358049608203774,0.40993934519620656,0.6448957251209186,0.4724372507623739,-0.5068753281279671,0.8301106978095014,0.7795873686091842,0.04340783932620673,0.9387531695765334,0.9387531695765334,0.06124683042346657,9.254597885440903,0.5985612635858941,1.5260107527938294,-1.0945529240991574,114.52322702908799,-0.9509313228585909
newyork,gbdt+k10,4,0,20,13.734439136705863,-1.6948896913058147,0.39049182891547424,0.747204628978028,0.5433799135417714,-0.38383432190610234,0.9081576801492354,0.9026060342035008,0.07914167308959708,0.9808429118773946,0.9808429118773946,0.019157088122605415,9.6475480704144,0.7551020408163265,1.232877145119899,-1.0019627109637603,79.74698718787661,-0.9371476183863352
newyork,gbdt+k10,4,1,20,14.428713841620857,4.4331561533895645,0.3907040648771824,0.747204628978028,0.4437742256179976,-0.508037040760475,0.9081576801492354,0.8203255029433777,-0.0420338907319906,0.9808429118773946,0.9808429118773946,0.019157088122605415,7.823238328251322,0.5656200082660322,1.232877145119899,-0.8758079926353679,81.0994059517676,-0.9382308012776004
newyork,gbdt+k10,4,2,20,13.619153012877119,0.26577626195205634,0.3907040648771824,0.747204628978028,0.547758676541224,-0.37268634875953666,0.9081576801492354,0.893502228477598,0.06478781988986071,0.9808429118773946,0.9808429118773946,0.019157088122605415,8.514722597564797,0.6391318432134758,1.232877145119899,-0.9320372625228359,81.0994059517676,-0.9382308012776004
newyork,gbdt+k10,4,3,20,13.750887924650005,1.9127229005622994,0.3907040648771824,0.747204628978028,0.4780224076494309,-0.4633111044089228,0.9081576801492354,0.8730270433296471,0.03508595556449179,0.9808429118773946,0.9808429118773946,0.019157088122605415,8.586438909608809,0.6458563721054924,1.232877145119899,-0.9358483440791738,81.0994059517676,-0.9382308012776004
newyork,gbdt+k10,4,4,20,13.685919494597112,-0.6692797949534103,0.3907040648771824,0.747204628978028,0.5931771723467713,-0.3049048847782134,0.9081576801492354,0.8988304681478503,0.07165756286094083,0.9808429118773946,0.9808429118773946,0.019157088122605415,8.39202026057932,0.6276934419087832,1.232877145119899,-0.9232760620511293,81.0994059517676,-0.9382308012776004
newyork,gbdt+k10,4,5,20,13.829958680426635,2.3593532564835757,0.3907040648771824,0.747204628978028,0.4693989254158149,-0.47970912502932206,0.9081576801492354,0.855266244428806,0.006020799124247467,0.9808429118773946,0.9808429118773946,0.019157088122605415,8.407782604950564,0.629447181171319,1.232877145119899,-0.923593917451689,81.0994059517676,-0.9382308012776004
newyork,gbdt+k10,4,6,20,13.670426196865668,1.5840290386709803,0.3907040648771824,0.747204628978028,0.44405348346235046,-0.5204695999910638,0.9081576801492354,0.8700557398657328,0.022820951040514736,0.9808429118773946,0.9808429118773946,0.019157088122605415,9.170555469110198,0.7075053338248272,1.232877145119899,-0.9747101208804722,81.0994059517676,-0.9382308012776004
newyork,gbdt+k10,4,7,20,13.912999732327213,2.7359928740686206,0.3907040648771824,0.747204628978028,0.49116986696156295,-0.44694659472984594,0.9081576801492354,0.8605721434715101,0.011773510717916102,0.9808429118773946,0.9808429118773946,0.019157088122605415,7.8527427659050995,0.5681780101203042,1.232877145119899,-0.8779584764145447,81.0994059517676,-0.9382308012776004
newyork,gbdt+k10,4,8,20,13.871771140578648,2.6534360970589494,0.3907040648771824,0.747204628978028,0.471074472481932,-0.4761346246216056,0.9081576801492354,0.855076349094646,0.007685175876590344,0.9808429118773946,0.9808429118773946,0.019157088122605415,8.277056730309646,0.612970968354501,1.232877145119899,-0.9136154269299068,81.0994059517676,-0.9382308012776004
newyork,gbdt+k10,4,9,20,13.630733803857241,0.027539075302879256,0.3907040648771824,0.747204628978028,0.5937803692905733,-0.29882823408509546,0.9081576801492354,0.8964288506864158,0.06851870469041477,0.9808429118773946,0.9808429118773946,0.019157088122605415,8.059524093374833,0.5927973816784513,1.232877145119899,-0.8963115085265736,81.0994059517676,-0.9382308012776004
newyork,gbdt+k10d,4,0,20,13.634204807176667,-0.13305570051073795,0.3907040648771824,0.747204628978028,0.5283670118293623,-0.40986115299978776,0.9081576801492354,0.8930554159266334,0.058577125431453436,0.9808429118773946,0.9808429118773946,0.019157088122605415,8.941531443075217,0.6857679032204015,1.232877145119899,-0.9609820430855146,81.0994059517676,-0.9382308012776004
newyork,gbdt_iw,0,0,20,13.798255519753665,1.7798338394256554,0.3907040648771824,0.747204628978028,0.4832054332406197,-0.4619259855009327,0.9081576801492354,0.8795281659461814,0.036850865140801825,0.9808429118773946,0.9805524837192676,0.01886665996447845,8.568481240544816,0.6391095025859277,1.232877145119899,-0.9307348970407364,81.0994059517676,-0.9382308012776004
newyork,gbdt_iw,0,0,10,14.003716227219762,3.5090442691863695,0.40993934519620656,0.6448957251209186,0.47382236967036406,-0.5007763368073009,0.8301106978095014,0.7875294617025792,0.05671168303117635,0.9387531695765334,0.9377590116506372,0.060140969359829266,9.311845358099067,0.5982484948002189,1.5260107527938294,-1.0975212874071625,114.52322702908799,-0.9509313228585909
newyork,gbdt_iw,1,0,20,13.826295453673964,1.8281430096280926,0.3907040648771824,0.747204628978028,0.48159690805714733,-0.4621047105213185,0.9081576801492354,0.8667269863610468,0.018576231806351484,0.9808429118773946,0.979804072696402,0.01805122705896811,8.577557960294058,0.6435999687231214,1.232877145119899,-0.9312637104528829,81.0994059517676,-0.9382308012776004
newyork,gbdt_iw,1,0,10,14.02780565216904,3.5593994193830603,0.40993934519620656,0.6448957251209186,0.4713313896987366,-0.508137573584442,0.8301106978095014,0.7748958368240564,0.04474827697910044,0.9387531695765334,0.9377590116506372,0.060140969359829266,9.315500834464979,0.5938250505456697,1.5260107527938294,-1.0972639298330262,114.52322702908799,-0.9509313228585909
newyork,gbdt_iw,2,0,20,13.842174830809691,1.8248671021993714,0.3907040648771824,0.747204628978028,0.4805357282486065,-0.46309886844721465,0.9081576801492354,0.8691956257051261,0.025155546619304525,0.9808429118773946,0.9805524837192676,0.018844319336930204,8.56246971257709,0.6454765814371726,1.232877145119899,-0.9300434228455303,81.0994059517676,-0.9382308012776004
newyork,gbdt_iw,2,0,10,14.054547837587181,3.545516158470849,0.40993934519620656,0.6448957251209186,0.4743473744177474,-0.503133273013639,0.8301106978095014,0.7769400042447192,0.04556370988461067,0.9387531695765334,0.9377590116506372,0.060140969359829266,9.309857333773893,0.5965729477341019,1.5260107527938294,-1.096468320346215,114.52322702908799,-0.9509313228585909
newyork,gbdt_iw,3,0,20,13.846816116555027,1.8643269270728955,0.3907040648771824,0.747204628978028,0.47777666074640035,-0.4656121890463903,0.9081576801492354,0.86448175329245,0.020754442992303668,0.9808429118773946,0.979804072696402,0.01805122705896811,8.605726819837505,0.6468728706589368,1.232877145119899,-0.9336346827275763,81.0994059517676,-0.9382308012776004
newyork,gbdt_iw,3,0,10,14.07017701453903,3.589259716216949,0.40993934519620656,0.6448957251209186,0.47166649911196007,-0.49846408185605934,0.8301106978095014,0.7696681299777711,0.040928029668353405,0.9387531695765334,0.9377590116506372,0.060140969359829266,9.333325337859097,0.6006501122616534,1.5260107527938294,-1.099568489818211,114.52322702908799,-0.9509313228585909
newyork,gbdt_iw,4,0,20,13.774384664562854,1.7158483570501517,0.3907040648771824,0.747204628978028,0.48660120862795037,-0.4580610569350893,0.9081576801492354,0.8745462060029267,0.03329870536063362,0.9808429118773946,0.9798710945790468,0.018118248941612847,8.546612451496166,0.6430302827206417,1.232877145119899,-0.9292304930056043,81.0994059517676,-0.9382308012776004
newyork,gbdt_iw,4,0,10,13.96591243660557,3.4457909721888043,0.40993934519620656,0.6448957251209186,0.47478301665493783,-0.5005752711593668,0.8301106978095014,0.7853735911441753,0.054913262513544,0.9387531695765334,0.9377590116506372,0.060140969359829266,9.300955177617025,0.5961037945555892,1.5260107527938294,-1.0953265129936176,114.52322702908799,-0.9509313228585909
newyork,gp_ard,0,0,20,13.94518189751747,2.0426036945960955,0.3907040648771824,0.747204628978028,0.46518771712297396,-0.44944874501524745,0.9081576801492354,0.8557465679210929,0.001965975224244021,0.9808429118773946,0.9808317415636205,0.019145917808831348,8.42567810004692,0.6262524714319225,1.232877145119899,-0.9231925178497179,81.0994059517676,-0.9382308012776004
newyork,gp_ard,0,0,10,14.162350730120327,3.7976281257459643,0.40993934519620656,0.6448957251209186,0.4606190587893614,-0.4934932922265787,0.8301106978095014,0.7660601186287322,0.01200808730717251,0.9387531695765334,0.9378036929057337,0.060207991242474,9.264984739005747,0.5905633189236286,1.5260107527938294,-1.092238997016095,114.52322702908799,-0.9509313228585909
newyork,kernel,0,0,20,13.967331438976672,1.9814567323930121,0.3907040648771824,0.747204628978028,0.48497034281692974,-0.43556404499402385,0.9081576801492354,0.8479608592205355,-0.008992102588161632,0.9808429118773946,0.9793907710867599,0.017414519173843623,8.349720373108267,0.6094634898294293,1.232877145119899,-0.9032277001403939,81.0994059517676,-0.9382308012776004
newyork,kernel,0,0,10,14.16872785528129,3.7448532692841496,0.40993934519620656,0.6448957251209186,0.4802564704042537,-0.4764473934072808,0.8301106978095014,0.7556270455637099,0.010377221496151834,0.9387531695765334,0.9376137975715738,0.05950426147470478,9.20913229754179,0.5502049752577549,1.5260107527938294,-1.0663482644649205,114.52322702908799,-0.9509313228585909
newyork,knn,0,0,20,13.784305360331723,2.193180421767096,0.3907040648771824,0.747204628978028,0.45559241759101016,-0.4947667079968276,0.9081576801492354,0.8637445125833585,0.01510226422260208,0.9808429118773946,0.9808429118773946,0.019157088122605415,8.368517215012252,0.6265205589625013,1.232877145119899,-0.9202393655805798,81.0994059517676,-0.9382308012776004
newyork,knn,0,0,10,14.044191580927482,3.8896755088342947,0.40993934519620656,0.6448957251209186,0.45853021011360207,-0.5239994191436838,0.8301106978095014,0.7740133820359014,0.042369000145214164,0.9387531695765334,0.9387531695765334,0.06124683042346657,9.197345319474104,0.5950761256883705,1.5260107527938294,-1.0863598282336646,114.52322702908799,-0.9509313228585909
newyork,median,0,0,20,14.6465724590524,2.002203558973274,0.3907040648771824,0.747204628978028,0.5440389620544441,-0.23400690325391238,0.9081576801492354,0.8557353976073188,0.03821364342124367,0.9808429118773946,0.9808429118773946,0.019157088122605415,8.06030043062172,0.5852797605084727,1.232877145119899,-0.8958933031371632,81.0994059517676,-0.9382308012776004
newyork,median,0,0,10,15.069563714275267,3.601752571257391,0.40993934519620656,0.6448957251209186,0.4688850909822057,-0.3778805446644996,0.8301106978095014,0.7703718597455402,0.10677702936675493,0.9387531695765334,0.9387531695765334,0.06124683042346657,8.943931749836624,0.5429107603632586,1.5260107527938294,-1.0561796562469294,114.52322702908799,-0.9509313228585909
newyork,mlp,0,0,20,13.759826490130397,1.81906637245521,0.3907040648771824,0.747204628978028,0.47782134200149684,-0.4600270321593333,0.9081576801492354,0.8648503736469958,0.02145817276007289,0.9808429118773946,0.9808429118773946,0.019157088122605415,8.498380109337452,0.6478446879572848,1.232877145119899,-0.9285664332536825,81.0994059517676,-0.9382308012776004
newyork,mlp,0,0,10,13.974526679043006,3.5571017258093933,0.40993934519620656,0.6448957251209186,0.46790210337008364,-0.5100923784949118,0.8301106978095014,0.7785373591144176,0.058353719155971095,0.9387531695765334,0.9387531695765334,0.06124683042346657,9.286289376735768,0.602470873406834,1.5260107527938294,-1.0947633028921573,114.52322702908799,-0.9509313228585909
newyork,mlp,1,0,20,13.73740420137045,1.4169912896208992,0.3907040648771824,0.747204628978028,0.5097349284541403,-0.4078728371479955,0.9081576801492354,0.8680785943277146,0.029042815812696188,0.9808429118773946,0.9808429118773946,0.019157088122605415,8.340109466080454,0.6279280184980396,1.232877145119899,-0.916532515901741,81.0994059517676,-0.9382308012776004
newyork,mlp,1,0,10,13.920621217426328,3.180727485478774,0.40993934519620656,0.6448957251209186,0.4802229594629313,-0.49301296873429173,0.8301106978095014,0.7815756844609765,0.07379109279179652,0.9387531695765334,0.9387531695765334,0.06124683042346657,9.175695827766871,0.5868994560057192,1.5260107527938294,-1.0809303105214987,114.52322702908799,-0.9509313228585909
newyork,mlp,2,0,20,13.794498645129169,2.2345725205217652,0.3907040648771824,0.747204628978028,0.4652100577505222,-0.4925438155557789,0.9081576801492354,0.8549423053293567,0.002770237815980292,0.9808429118773946,0.9808429118773946,0.019157088122605415,8.5078042606789,0.6458452017917183,1.232877145119899,-0.9297024992442385,81.0994059517676,-0.9382308012776004
newyork,mlp,2,0,10,14.028200348191405,3.9607555946720416,0.40993934519620656,0.6448957251209186,0.46772337834969785,-0.5162583916982229,0.8301106978095014,0.7639265886978766,0.014767154809378624,0.9387531695765334,0.9387531695765334,0.06124683042346657,9.306149095776874,0.6043028048657887,1.5260107527938294,-1.097387559055424,114.52322702908799,-0.9509313228585909
newyork,mlp,3,0,20,13.760778352224762,2.23374317625367,0.3907040648771824,0.747204628978028,0.4478402198317751,-0.5161913698155781,0.9081576801492354,0.8618678998693073,0.006836232029757694,0.9808429118773946,0.9808429118773946,0.019157088122605415,8.699167808333522,0.6644326039118439,1.232877145119899,-0.9434031100390698,81.0994059517676,-0.9382308012776004
newyork,mlp,3,0,10,14.001500299058984,3.917457123614385,0.40993934519620656,0.6448957251209186,0.46132278855713055,-0.5213185438378964,0.8301106978095014,0.7686516314243267,0.007919752465846863,0.9387531695765334,0.9387531695765334,0.06124683042346657,9.436499094923029,0.6305753828625046,1.5260107527938294,-1.113880116762405,114.52322702908799,-0.9509313228585909
newyork,mlp,4,0,20,13.847242277124002,2.4765425755044865,0.3907040648771824,0.747204628978028,0.44632105715849557,-0.513331769489405,0.9081576801492354,0.847514046669571,-0.00443461456832317,0.9808429118773946,0.9808429118773946,0.019157088122605415,8.676054391035224,0.6536309104922757,1.232877145119899,-0.9389721703260288,81.0994059517676,-0.9382308012776004
newyork,mlp,4,0,10,14.117978696287567,4.18315595676041,0.40993934519620656,0.6448957251209186,0.4630541871921182,-0.5232510081208182,0.8301106978095014,0.7578164270634362,0.014487896965025837,0.9387531695765334,0.9387531695765334,0.06124683042346657,9.426734804686191,0.6118092557219932,1.5260107527938294,-1.108027426903134,114.52322702908799,-0.9509313228585909
newyork,ridge,0,0,20,13.970209554869937,2.264786205869701,0.3907040648771824,0.747204628978028,0.47067234118606394,-0.4576812662667694,0.9081576801492354,0.8262010879885616,-0.029053986126470255,0.9808429118773946,0.9781061850027367,0.016420361247947546,8.669418454994902,0.6494308725132089,1.232877145119899,-0.9378621719598768,81.0994059517676,-0.9382308012776004
newyork,ridge,0,0,10,14.206776901132542,3.972947896263962,0.40993934519620656,0.6448957251209186,0.46805848776292125,-0.4984082302871887,0.8301106978095014,0.7411950001675547,-0.017771969214615213,0.9387531695765334,0.9343744065770807,0.05622018922511529,9.454194797533145,0.6222646694145639,1.5260107527938294,-1.112747631751631,114.52322702908799,-0.9509313228585909
newyork,ridge+k10,0,0,20,13.867593879970402,-1.0091274871351987,0.39049182891547424,0.747204628978028,0.526289333467377,-0.384191771946874,0.9081576801492354,0.8604716106475431,0.01877729745428547,0.9808429118773946,0.9786088491225718,0.016923025367782674,9.754745942458785,0.7562525831350603,1.232877145119899,-1.0042450041659545,79.74698718787661,-0.9371476183863352
newyork,ridge+k10,0,1,20,14.243848267048717,3.390863603502717,0.3907040648771824,0.747204628978028,0.4650425030439105,-0.44756096198742223,0.9081576801492354,0.825363314455503,-0.029221540833081927,0.9808429118773946,0.979603007048468,0.01791718329367875,8.14466325489605,0.5961261351831373,1.232877145119899,-0.8989708161858444,81.0994059517676,-0.9382308012776004
newyork,ridge+k10,0,2,20,13.859482845343848,-1.4402100174420058,0.3907040648771824,0.747204628978028,0.6328206159311015,-0.17554148096020017,0.9081576801492354,0.8911341219574858,0.06302291031355078,0.9808429118773946,0.9797258804999832,0.018040056745194044,8.199585291052848,0.6059671816181317,1.232877145119899,-0.905069216727185,81.0994059517676,-0.9382308012776004
newyork,ridge+k10,0,3,20,13.913229447896935,1.9609337683243235,0.3907040648771824,0.747204628978028,0.4940964891703808,-0.4057504775309138,0.9081576801492354,0.8448890229326542,-0.0010946907498631253,0.9808429118773946,0.9786088491225718,0.016923025367782674,8.43722825049997,0.6233370195368788,1.232877145119899,-0.9193533225958981,81.0994059517676,-0.9382308012776004
newyork,ridge+k10,0,4,20,13.829707359533806,-0.3504905556504801,0.3907040648771824,0.747204628978028,0.5747684952470314,-0.29965483730437986,0.9081576801492354,0.8686259397026462,0.02871887671324691,0.9808429118773946,0.9786088491225718,0.016923025367782674,8.463361575133678,0.6315025189057561,1.232877145119899,-0.9241040247051062,81.0994059517676,-0.9382308012776004
newyork,ridge+k10,0,5,20,13.857082402994374,1.6640855271516504,0.3907040648771824,0.747204628978028,0.4952693721166628,-0.4073478324006121,0.9081576801492354,0.8463746746646114,-0.003272901935815309,0.9808429118773946,0.9797258804999832,0.018040056745194044,8.560717140804991,0.6419579325983267,1.232877145119899,-0.9308019832314848,81.0994059517676,-0.9382308012776004
newyork,ridge+k10,0,6,20,13.786557660358676,1.1461391728558512,0.3907040648771824,0.747204628978028,0.4796644437742256,-0.44824235112764316,0.9081576801492354,0.8411916490734225,-0.010287858985958853,0.9808429118773946,0.9786088491225718,0.016923025367782674,9.236530188378431,0.7071590540978296,1.232877145119899,-0.9750920270641019,81.0994059517676,-0.9382308012776004
newyork,ridge+k10,0,7,20,14.047595061851293,2.673024563195964,0.3907040648771824,0.747204628978028,0.48217776437340126,-0.4295767568110988,0.9081576801492354,0.831641030796555,-0.021245936798364617,0.9808429118773946,0.9784971459848307,0.016811322230041448,8.145996534156536,0.5950761256883705,1.232877145119899,-0.8982852554434191,81.0994059517676,-0.9382308012776004
newyork,ridge+k10,0,8,20,14.128919434117183,3.1500387490290866,0.3907040648771824,0.747204628978028,0.46147917294996815,-0.45539135194307606,0.9081576801492354,0.8318867776995856,-0.021782111859522058,0.9808429118773946,0.9791003429286329,0.017369837918747133,8.258986079121064,0.6058443081666164,1.232877145119899,-0.9079221936407814,81.0994059517676,-0.9382308012776004
newyork,ridge+k10,0,9,20,13.795692589924961,0.3212710085085436,0.3907040648771824,0.747204628978028,0.5735062497905566,-0.30154262033220514,0.9081576801492354,0.8692067960189002,0.029724204952917166,0.9808429118773946,0.9786088491225718,0.016923025367782674,8.148330883213749,0.5955005976117869,1.232877145119899,-0.8987921400405898,81.0994059517676,-0.9382308012776004
newyork,ridge+k10d,0,0,20,13.846621451987533,1.0964599016394867,0.3907040648771824,0.747204628978028,0.5082604470359572,-0.4152899254940071,0.9081576801492354,0.8434368821420194,-0.007484110228656249,0.9808429118773946,0.9783519319057672,0.01666610815097802,8.78475216569475,0.6618075801749271,1.232877145119899,-0.9467851441553206,81.0994059517676,-0.9382308012776004
newyork,uma_los,0,0,20,25.767650409811345,-21.465759757637617,0.3907040648771824,0.747204628978028,0.747204628978028,0.252795371021972,0.9081576801492354,0.9081576801492354,0.09184231985076463,0.9808429118773946,0.9808429118773946,0.019157088122605415,9.237223527843542,0.7137718798521051,1.232877145119899,-0.9788135835978764,81.0994059517676,-0.9382308012776004
newyork,uma_los,0,0,10,24.660224619717646,-20.02834027247973,0.40993934519620656,0.6448957251209186,0.6448957251209186,0.35510427487908136,0.8301106978095014,0.8301106978095014,0.16988930219049858,0.9387531695765334,0.9387531695765334,0.06124683042346657,9.764664992249566,0.6583894641600483,1.5260107527938294,-1.1537870257516447,114.52322702908799,-0.9509313228585909
newyork,uma_nlos,0,0,20,22.460956203675984,16.308631901404066,0.3907040648771824,0.747204628978028,0.28887548451235995,-0.7020318800755113,0.9081576801492354,0.5285904181048445,-0.39766317035845533,0.9808429118773946,0.8518146174726048,-0.11304357539403276,6.701317394632821,0.37879651039397694,1.232877145119899,-0.713613630854222,81.0994059517676,-0.9382308012776004
newyork,uma_nlos,0,0,10,23.966190620042322,18.287774405138585,0.40993934519620656,0.6448957251209186,0.35510427487908136,-0.6448957251209186,0.8301106978095014,0.37015068753281277,-0.5668710834087329,0.9387531695765334,0.7695229158987076,-0.12297398433922013,8.561088951291135,0.3962333701953688,1.5260107527938294,-0.9369732703641735,114.52322702908799,-0.9509313228585909
paris,oracle,0,0,20,11.77214600973585,0.0003186128161908556,0.5257662982116224,0.6763775247069319,0.7471878005603491,-0.09730837317572938,0.818012015444446,0.8385163295744414,0.09131458998341258,0.9254958810164341,0.9259558690288677,0.07320778913034387,8.455764649384976,0.36753042193445873,1.5831195753420477,-0.8283947324417794,72.71277169016385,-0.9196324629968402
paris,oracle,0,0,10,11.781906064296994,1.6059817176188333,0.5636386445686566,0.6034903332822236,0.7360644540778635,-0.12354162891512527,0.745389665602654,0.8026233255739396,0.09643021424290155,0.8586721679374416,0.8634950725526547,0.1331038039614726,8.85879999656921,0.26400524107553563,1.6284293932409324,-0.7053670320705567,110.96482266716087,-0.9440931049626702
paris,coral,0,0,20,13.762445480674737,4.5725715048181765,0.5281777505192289,0.6763775247069319,0.6948746184190352,-0.17621722585411415,0.818012015444446,0.7939671875217797,0.07837916951255208,0.9254958810164341,0.9254540639243947,0.07446230189152647,8.270744676645261,0.3148827030568294,1.5831195753420477,-0.8313190142237987,77.1172082364544,-0.9254947613504074
paris,coral,0,0,10,14.330708119599187,6.18250998334885,0.5659107065694652,0.6034903332822236,0.6838906622433476,-0.22090575821357383,0.745389665602654,0.7586735618405096,0.046542423439874026,0.8586721679374416,0.8586303508454022,0.14128601497051896,8.858854014305937,0.23466358149454286,1.6284293932409324,-0.6878992043425931,116.6995293715038,-0.9498023715415019
paris,cost231,0,0,20,25.369318887979766,20.638850007439416,0.5281777505192289,0.6763775247069319,0.45997407340293556,-0.46648360073040523,0.818012015444446,0.5961862812060049,-0.25672906706067666,0.9254958810164341,0.8417641237228363,-0.030108306268382123,7.738275921026622,0.17846140979356295,1.5831195753420477,-0.5111854393015189,77.1172082364544,-0.9254947613504074
paris,cost231,0,0,10,26.65946199226045,22.060005917910903,0.5659107065694652,0.6034903332822236,0.4756415438870381,-0.48881392787945527,0.745389665602654,0.527229896433002,-0.35537558718166734,0.8586721679374416,0.7759161427914303,-0.03456879608592012,9.041377894369417,0.17164522379113756,1.6284293932409324,-0.4893276705183418,116.6995293715038,-0.9498023715415019
paris,encoder,0,0,20,13.040589956612388,1.6618176648572198,0.5281777505192289,0.6763775247069319,0.724355668306826,-0.06276745515116877,0.818012015444446,0.8100249508649169,0.14213629584198717,0.9254958810164341,0.9254958810164341,0.0745041189835659,8.225800493019683,0.3062962601580686,1.5831195753420477,-0.7991438616125192,77.1172082364544,-0.9254947613504074
paris,encoder,0,0,10,13.322936264547925,3.253126500289872,0.5659107065694652,0.6034903332822236,0.72046667874716,-0.11360310004042318,0.745389665602654,0.7597608062335345,0.1616788168550759,0.8586721679374416,0.8586721679374416,0.1413278320625584,8.818826033999935,0.2231499421530227,1.6284293932409324,-0.6454000765042541,116.6995293715038,-0.9498023715415019
paris,encoder,1,0,20,13.012708709188663,1.6822983008348835,0.5281777505192289,0.6763775247069319,0.7248992905033383,-0.05751244058488181,0.818012015444446,0.8112237075033802,0.14587195606417525,0.9254958810164341,0.9254958810164341,0.0745041189835659,8.225631307115329,0.30296483182559486,1.5831195753420477,-0.7924057142643891,77.1172082364544,-0.9254947613504074
paris,encoder,1,0,10,13.310595018289034,3.2689079486074895,0.5659107065694652,0.6034903332822236,0.7181946167463514,-0.10971411048075719,0.745389665602654,0.7596074768960567,0.16963800337324542,0.8586721679374416,0.8586721679374416,0.1413278320625584,8.820893261395861,0.21810401304693272,1.6284293932409324,-0.6365475715203783,116.6995293715038,-0.9498023715415019
paris,encoder,2,0,20,12.998181228436149,1.3589919394697911,0.5281777505192289,0.6763775247069319,0.7241187047852692,-0.04388006858003102,0.818012015444446,0.8116279393930946,0.15162877573493538,0.9254958810164341,0.9254958810164341,0.0745041189835659,8.226302057460265,0.3010551846224614,1.5831195753420477,-0.7877671361262056,77.1172082364544,-0.9254947613504074
paris,encoder,2,0,10,13.261565788061938,2.9391931354615375,0.5659107065694652,0.6034903332822236,0.7192121659859774,-0.09785199537224187,0.745389665602654,0.75648513402378,0.18321461925537696,0.8586721679374416,0.8586721679374416,0.1413278320625584,8.826402424060522,0.21517681660417337,1.6284293932409324,-0.6305534477502838,116.6995293715038,-0.9498023715415019
paris,encoder,3,0,20,12.99050770741011,1.335714974024835,0.5281777505192289,0.6763775247069319,0.725359278515772,-0.04829874130552969,0.818012015444446,0.8118230858226119,0.14981670174656048,0.9254958810164341,0.9254958810164341,0.0745041189835659,8.217001737694813,0.3024351486597622,1.5831195753420477,-0.7913667372990795,77.1172082364544,-0.9254947613504074
paris,encoder,3,0,10,13.245213171957566,2.9247277631721462,0.5659107065694652,0.6034903332822236,0.721832703753781,-0.09882772751982827,0.745389665602654,0.7559693898886272,0.1764541893756708,0.8586721679374416,0.8586721679374416,0.1413278320625584,8.816143464834786,0.21722585411410483,1.6284293932409324,-0.6344821762850144,116.6995293715038,-0.9498023715415019
paris,encoder,4,0,20,12.99114665447964,1.2775292264326497,0.5281777505192289,0.6763775247069319,0.7227944968706876,-0.022455778425168327,0.818012015444446,0.8127291228167993,0.16067520664612978,0.9254958810164341,0.9254958810164341,0.0745041189835659,8.210224286434677,0.30099942849974215,1.5831195753420477,-0.7916091627901596,77.1172082364544,-0.9254947613504074
paris,encoder,4,0,10,13.25569354991156,2.8471915805334804,0.5659107065694652,0.6034903332822236,0.7188218731269428,-0.08179423202910474,0.745389665602654,0.7546730600354051,0.201084456586889,0.8586721679374416,0.8586721679374416,0.1413278320625584,8.81156275673201,0.21637557324263668,1.6284293932409324,-0.6337945918598074,116.6995293715038,-0.9498023715415019
paris,gbdt,0,0,20,13.05228815082863,1.8439764374381231,0.5281777505192289,0.6763775247069319,0.7216793744163031,-0.06036994187424205,0.818012015444446,0.8058711197223345,0.14656890759816565,0.9254958810164341,0.9254958810164341,0.0745041189835659,8.286027005302708,0.3135724341729276,1.5831195753420477,-0.8020926472218051,77.1172082364544,-0.9254947613504074
paris,gbdt,0,0,10,13.37840151080272,3.420959783977306,0.5659107065694652,0.6034903332822236,0.7158110425001045,-0.11190253829748681,0.745389665602654,0.7592590011290615,0.16845318576546187,0.8586721679374416,0.8586721679374416,0.1413278320625584,8.859126178825008,0.2218396732691209,1.6284293932409324,-0.6472518816183421,116.6995293715038,-0.9498023715415019
paris,gbdt+k10,0,0,20,12.974914613438905,-1.393902964249399,0.5281777505192289,0.6763775247069319,0.7311160981865321,0.05104473034945145,0.818012015444446,0.8162696366094702,0.17901897102075515,0.9254958810164341,0.9254958810164341,0.0745041189835659,8.626365676878107,0.35711796601664325,1.5831195753420477,-0.8761683836807543,77.1172082364544,-0.9254947613504074
paris,gbdt+k10,0,1,20,12.947701690003488,1.0703821187364113,0.5281777505192289,0.6763775247069319,0.7271713525041469,-0.08172453687570569,0.818012015444446,0.805982631967773,0.14754463974575205,0.9254958810164341,0.9254958810164341,0.0745041189835659,8.62199135700602,0.36058878465591504,1.5831195753420477,-0.8832383645364735,77.1172082364544,-0.9254947613504074
paris,gbdt+k10,0,2,20,13.894726966887609,5.112834225603283,0.5281777505192289,0.6763775247069319,0.6766841833818876,-0.22381901562565343,0.818012015444446,0.7902315272995916,0.05445979286600411,0.9254958810164341,0.9254958810164341,0.0745041189835659,8.653510731030101,0.3643244448781032,1.5831195753420477,-0.8938557939663913,77.1172082364544,-0.9254947613504074
paris,gbdt+k10,0,3,20,13.039210483093667,1.8028580234295681,0.5281777505192289,0.6763775247069319,0.7215678621708647,-0.09493873796016228,0.818012015444446,0.805759607476896,0.13151475446397454,0.9254958810164341,0.9254958810164341,0.0745041189835659,8.445170417963544,0.3377287743410323,1.5831195753420477,-0.8458517788717653,77.1172082364544,-0.9254947613504074
paris,gbdt+k10,0,4,20,13.388816080956953,3.421630111824485,0.5281777505192289,0.6763775247069319,0.691138958196847,-0.19260952593356662,0.818012015444446,0.7998355194379783,0.10312094896920865,0.9254958810164341,0.9256352713232322,0.07397443581773322,8.993493274283349,0.4071730251878284,1.5831195753420477,-0.9653806402913409,77.1172082364544,-0.9254947613504074
paris,gbdt+k10,0,5,20,13.237517828185942,2.519465429850556,0.5281777505192289,0.6763775247069319,0.720243654256283,-0.027041719518824725,0.818012015444446,0.8034875454760876,0.13431649963061565,0.9254958810164341,0.9254958810164341,0.0745041189835659,7.831301716230651,0.2264256143627772,1.5831195753420477,-0.6288465712463772,77.1172082364544,-0.9254947613504074
paris,gbdt+k10,0,6,20,14.393224071899898,6.346552922604637,0.5281777505192289,0.6763775247069319,0.6624942501498445,-0.2557951520051296,0.818012015444446,0.7735046904838238,0.0016866227122566135,0.9254958810164341,0.9254958810164341,0.0745041189835659,8.463827773225123,0.3379657378625891,1.5831195753420477,-0.8458885995385397,77.1172082364544,-0.9254947613504074
paris,gbdt+k10,0,7,20,13.152243793511978,2.416578584331593,0.5281777505192289,0.6763775247069319,0.7070155141411466,-0.14905005505917124,0.818012015444446,0.8022748498069444,0.12089321308596201,0.9254958810164341,0.9254958810164341,0.0745041189835659,8.790872406027276,0.3851632957444139,1.5831195753420477,-0.9275819830183166,77.1172082364544,-0.9254947613504074
paris,gbdt+k10,0,8,20,12.915273529885528,0.17409861419872183,0.5281777505192289,0.6763775247069319,0.7290113045538813,0.01094213908364805,0.818012015444446,0.8142066600688588,0.17135250414686165,0.9254958810164341,0.9254958810164341,0.0745041189835659,8.399751982449194,0.3313028811976415,1.5831195753420477,-0.8348495885493816,77.1172082364544,-0.9254947613504074
paris,gbdt+k10,0,9,20,13.04064775606739,1.8121231063395105,0.5281777505192289,0.6763775247069319,0.7197557881824898,-0.08105546340307501,0.818012015444446,0.8058432416609749,0.1435580769713274,0.9254958810164341,0.9254958810164341,0.0745041189835659,8.438556436305296,0.33774271337171213,1.5831195753420477,-0.8475016357740277,77.1172082364544,-0.9254947613504074
paris,gbdt+k10d,0,0,20,12.954070356195428,-0.04822140258054441,0.5281777505192289,0.6763775247069319,0.7228920700854462,0.05715002578720674,0.818012015444446,0.8136351598109868,0.1715615896070587,0.9254958810164341,0.9254958810164341,0.0745041189835659,7.940841118945376,0.24616328180538327,1.5831195753420477,-0.6683229611686252,77.1172082364544,-0.9254947613504074
paris,gbdt,1,0,20,13.007297055305166,1.7192730801038603,0.5281777505192289,0.6763775247069319,0.7216933134469828,-0.05720578190992598,0.818012015444446,0.8061638393666104,0.1448265287631898,0.9254958810164341,0.9254958810164341,0.0745041189835659,8.285628953884654,0.31163490890843454,1.5831195753420477,-0.8052266121293685,77.1172082364544,-0.9254947613504074
paris,gbdt,1,0,10,13.311709078857653,3.2929993682319596,0.5659107065694652,0.6034903332822236,0.717790384856637,-0.10822263419801786,0.745389665602654,0.758868708270027,0.165135696463668,0.8586721679374416,0.8586721679374416,0.1413278320625584,8.851697669340274,0.22296873475418522,1.6284293932409324,-0.6490206640378559,116.6995293715038,-0.9498023715415019
paris,gbdt+k10,1,0,20,12.901224238131638,-0.8767488808589693,0.5281777505192289,0.6763775247069319,0.7295131096583544,0.030651928464894507,0.818012015444446,0.8166878075298644,0.179102605204834,0.9254958810164341,0.9254958810164341,0.0745041189835659,8.574520112231498,0.3488242427621583,1.5831195753420477,-0.8671446489222476,77.1172082364544,-0.9254947613504074
paris,gbdt+k10,1,1,20,12.922502662225963,1.155256210355614,0.5281777505192289,0.6763775247069319,0.7241883999386682,-0.08479112362526309,0.818012015444446,0.804965082728147,0.14184357619771115,0.9254958810164341,0.9254958810164341,0.0745041189835659,8.613505094464074,0.35780097851995374,1.5831195753420477,-0.8830579524597808,77.1172082364544,-0.9254947613504074
paris,gbdt+k10,1,2,20,13.717253306614056,4.682545792699145,0.5281777505192289,0.6763775247069319,0.6834027961695543,-0.2068412762576491,0.818012015444446,0.7930890285889519,0.06634978603587904,0.9254958810164341,0.9254958810164341,0.0745041189835659,8.650308805752925,0.3641292984485859,1.5831195753420477,-0.8974231799802311,77.1172082364544,-0.9254947613504074
paris,gbdt+k10,1,3,20,13.00572274177295,1.7744958282243803,0.5281777505192289,0.6763775247069319,0.7220975453366972,-0.09256910274459518,0.818012015444446,0.8050626559429057,0.13014872945735356,0.9254958810164341,0.9254958810164341,0.0745041189835659,8.437579407883062,0.334871273051672,1.5831195753420477,-0.8460836262209254,77.1172082364544,-0.9254947613504074
paris,gbdt+k10,1,4,20,13.241697141298992,2.904109000810288,0.5281777505192289,0.6763775247069319,0.6983872541503464,-0.17691417738810444,0.818012015444446,0.8032923990465703,0.11784056536708432,0.9254958810164341,0.9256352713232322,0.07397443581773322,9.030205436773784,0.4122050152632386,1.5831195753420477,-0.9748576682704305,77.1172082364544,-0.9254947613504074
paris,gbdt+k10,1,5,20,13.170942155278214,2.342622697520673,0.5281777505192289,0.6763775247069319,0.7181806777156716,-0.025062377162292204,0.818012015444446,0.8036408748135655,0.13296441365467448,0.9254958810164341,0.9254958810164341,0.0745041189835659,7.84300606113203,0.22834920059659053,1.5831195753420477,-0.6378809559483911,77.1172082364544,-0.9254947613504074
paris,gbdt+k10,1,6,20,14.553696193309179,6.752230506327156,0.5281777505192289,0.6763775247069319,0.6569046988472421,-0.2667651691501373,0.818012015444446,0.7754840328403563,-0.011025773267727024,0.9254958810164341,0.9254819419857543,0.0744901799528861,8.425278586012281,0.33126106410560213,1.5831195753420477,-0.8384840837982628,77.1172082364544,-0.9254947613504074
paris,gbdt+k10,1,7,20,13.150604724356493,2.5577323313779865,0.5281777505192289,0.6763775247069319,0.7096360519089503,-0.14918944536596923,0.818012015444446,0.8032923990465703,0.11884417557603044,0.9254958810164341,0.9254958810164341,0.0745041189835659,8.732059765916324,0.37868164647830393,1.5831195753420477,-0.9201063764305667,77.1172082364544,-0.9254947613504074
paris,gbdt+k10,1,8,20,12.88588650573502,-0.10573862352928907,0.5281777505192289,0.6763775247069319,0.7272549866882257,0.020337045761837702,0.818012015444446,0.8143181723142973,0.1715755286377385,0.9254958810164341,0.9254958810164341,0.0745041189835659,8.41359415980517,0.33137257635104056,1.5831195753420477,-0.8412374824951858,77.1172082364544,-0.9254947613504074
paris,gbdt+k10,1,9,20,13.05177045023016,2.0662668096988437,0.5281777505192289,0.6763775247069319,0.7185012754213072,-0.08964190630183577,0.818012015444446,0.804825692421349,0.13381469452614259,0.9254958810164341,0.9254958810164341,0.0745041189835659,8.394045240844502,0.329825343945582,1.5831195753420477,-0.8392669314907767,77.1172082364544,-0.9254947613504074
paris,gbdt+k10d,1,0,20,12.932615069097404,0.022947415272955008,0.5281777505192289,0.6763775247069319,0.7234217532512789,0.05695487935768939,0.818012015444446,0.8116418784237744,0.1688992347472157,0.9254958810164341,0.9254958810164341,0.0745041189835659,7.9220447782592815,0.23920770549615983,1.5831195753420477,-0.6603058437605495,77.1172082364544,-0.9254947613504074
paris,gbdt,2,0,20,13.009346185247646,1.7091383935862057,0.5281777505192289,0.6763775247069319,0.7251362540248951,-0.054654939295521454,0.818012015444446,0.8066098883483642,0.1422059909953861,0.9254958810164341,0.9254958810164341,0.0745041189835659,8.28007560917747,0.3116488479391143,1.5831195753420477,-0.8047133180316473,77.1172082364544,-0.9254947613504074
paris,gbdt,2,0,10,13.311956227917007,3.2879015740484596,0.5659107065694652,0.6034903332822236,0.717720689703238,-0.10904503700812646,0.745389665602654,0.7604438187368451,0.16369997630364785,0.8586721679374416,0.8586721679374416,0.1413278320625584,8.854017927805732,0.2230105518462246,1.6284293932409324,-0.6502228136342787,116.6995293715038,-0.9498023715415019
paris,gbdt+k10,2,0,20,12.951772379498578,-1.4058313008516121,0.5281777505192289,0.6763775247069319,0.730335512468463,0.051574413515284134,0.818012015444446,0.8168968929900615,0.17967410546270612,0.9254958810164341,0.9254958810164341,0.0745041189835659,8.588221202203322,0.35361926931601173,1.5831195753420477,-0.8726183206449711,77.1172082364544,-0.9254947613504074
paris,gbdt+k10,2,1,20,12.93475782546442,1.2496702163936186,0.5281777505192289,0.6763775247069319,0.7283701091426102,-0.08309056188232677,0.818012015444446,0.8061080832438913,0.1377176231164885,0.9254958810164341,0.9254958810164341,0.0745041189835659,8.57825455545475,0.35488772110787414,1.5831195753420477,-0.875232932853973,77.1172082364544,-0.9254947613504074
paris,gbdt+k10,2,2,20,13.609516716255143,4.344513834959079,0.5281777505192289,0.6763775247069319,0.6885602375210828,-0.1974463695794595,0.818012015444446,0.7959325908476325,0.07730586415020702,0.9254958810164341,0.9254958810164341,0.0745041189835659,8.68796803923729,0.37049943546925745,1.5831195753420477,-0.9060339426267753,77.1172082364544,-0.9254947613504074
paris,gbdt+k10,2,3,20,12.98487421973449,1.5894315852206116,0.5281777505192289,0.6763775247069319,0.7278961820994968,-0.08428931852079014,0.818012015444446,0.8060941442132115,0.13120809578901882,0.9254958810164341,0.9254958810164341,0.0745041189835659,8.433078366683583,0.33587488326061804,1.5831195753420477,-0.8468457213215617,77.1172082364544,-0.9254947613504074
paris,gbdt+k10,2,4,20,13.32738011683385,3.2344791785533684,0.5281777505192289,0.6763775247069319,0.6914734949331623,-0.1931949652221185,0.818012015444446,0.8018984959785896,0.10468212040534697,0.9254958810164341,0.9256352713232322,0.07397443581773322,9.1023084103607,0.42257565408901465,1.5831195753420477,-0.9877793996366739,77.1172082364544,-0.9254947613504074
paris,gbdt+k10,2,5,20,13.158083347556733,2.314559884558516,0.5281777505192289,0.6763775247069319,0.7199509346120071,-0.027027780488144915,0.818012015444446,0.8042541921634769,0.13290865753195524,0.9254958810164341,0.9254958810164341,0.0745041189835659,7.86166638939537,0.23279575138344882,1.5831195753420477,-0.6476878998356121,77.1172082364544,-0.9254947613504074
paris,gbdt+k10,2,6,20,14.375166167707844,6.357871778447595,0.5281777505192289,0.6763775247069319,0.6629960552543176,-0.25378793158723745,0.818012015444446,0.7754979718710361,-0.002592659706444067,0.9254958810164341,0.9254958810164341,0.0745041189835659,8.455460622773419,0.336530017702569,1.5831195753420477,-0.8471226122474704,77.1172082364544,-0.9254947613504074
paris,gbdt+k10,2,7,20,13.082535052350039,2.1581116824723625,0.5281777505192289,0.6763775247069319,0.713831700143572,-0.13568252463723673,0.818012015444446,0.8045469118077528,0.12249620161413977,0.9254958810164341,0.9254958810164341,0.0745041189835659,8.76418958865354,0.38457785645586207,1.5831195753420477,-0.9273330536880096,77.1172082364544,-0.9254947613504074
paris,gbdt+k10,2,8,20,12.894912332284928,0.25929061903093936,0.5281777505192289,0.6763775247069319,0.7280773894983343,0.009478540862268403,0.818012015444446,0.812394586080484,0.16775623423147157,0.9254958810164341,0.9254958810164341,0.0745041189835659,8.352352135512657,0.32348308498627,1.5831195753420477,-0.8261803551143088,77.1172082364544,-0.9254947613504074
paris,gbdt+k10,2,9,20,12.978306173600076,1.5249795383631635,0.5281777505192289,0.6763775247069319,0.7268089377064719,-0.06839882354581062,0.818012015444446,0.806554132225645,0.1412023807864401,0.9254958810164341,0.9254958810164341,0.0745041189835659,8.437007472859689,0.3373524205126776,1.5831195753420477,-0.850446725865829,77.1172082364544,-0.9254947613504074
paris,gbdt+k10d,2,0,20,12.928638328282224,-0.3002431305850623,0.5281777505192289,0.6763775247069319,0.7240490096318702,0.06452377301682433,0.818012015444446,0.8126315496020406,0.17069736970491067,0.9254958810164341,0.9254958810164341,0.0745041189835659,7.95057082019752,0.24626085502014194,1.5831195753420477,-0.6742814264897801,77.1172082364544,-0.9254947613504074
paris,gbdt,3,0,20,13.033687753157922,1.7865777546749566,0.5281777505192289,0.6763775247069319,0.7219302769685396,-0.05256408469355045,0.818012015444446,0.806777156716522,0.1456628706039782,0.9254958810164341,0.9254958810164341,0.0745041189835659,8.29404974985599,0.31353061708088814,1.5831195753420477,-0.8056269933953933,77.1172082364544,-0.9254947613504074
paris,gbdt,3,0,10,13.344250907590617,3.3649221959379565,0.5659107065694652,0.6034903332822236,0.7153649935183507,-0.10794385358442177,0.745389665602654,0.7552166822319176,0.17402879803738447,0.8586721679374416,0.8586721679374416,0.1413278320625584,8.8551222953962,0.22117059979649012,1.6284293932409324,-0.6490973557293495,116.6995293715038,-0.9498023715415019
paris,gbdt+k10,3,0,20,12.933525198511278,-1.0780802030301355,0.5281777505192289,0.6763775247069319,0.72767315760862,0.051198059686929365,0.818012015444446,0.8160047950265539,0.1782523243333658,0.9254958810164341,0.9254958810164341,0.0745041189835659,8.567401691691826,0.34922847465187273,1.5831195753420477,-0.8644876472464263,77.1172082364544,-0.9254947613504074
paris,gbdt+k10,3,1,20,12.924750482626663,1.058415225394392,0.5281777505192289,0.6763775247069319,0.7278961820994968,-0.0756192414379504,0.818012015444446,0.8078783401402266,0.14757251780711167,0.9254958810164341,0.9254958810164341,0.0745041189835659,8.630912568289926,0.3612021020058265,1.5831195753420477,-0.8853776261724945,77.1172082364544,-0.9254947613504074
paris,gbdt+k10,3,2,20,13.742101882902409,4.711281780788115,0.5281777505192289,0.6763775247069319,0.6796392578860067,-0.21383866965891196,0.818012015444446,0.791569674244853,0.06689340823239154,0.9254958810164341,0.9254958810164341,0.0745041189835659,8.703769899341072,0.3713775944020853,1.5831195753420477,-0.9067198404852846,77.1172082364544,-0.9254947613504074
paris,gbdt+k10,3,3,20,12.98183937050754,1.4599642404888065,0.5281777505192289,0.6763775247069319,0.7268925718905507,-0.07612104654242347,0.818012015444446,0.8066795835017633,0.13865153817203546,0.9254958810164341,0.9254958810164341,0.0745041189835659,8.485361028956527,0.3424680447721665,1.5831195753420477,-0.8568773574642352,77.1172082364544,-0.9254947613504074
paris,gbdt+k10,3,4,20,13.346759214496826,3.3047338732897953,0.5281777505192289,0.6763775247069319,0.691278348503645,-0.19060230551567447,0.818012015444446,0.7996543120391408,0.10759537781742656,0.9254958810164341,0.9256352713232322,0.07397443581773322,9.02052496545121,0.41255349103023375,1.5831195753420477,-0.9717510882715056,77.1172082364544,-0.9254947613504074
paris,gbdt+k10,3,5,20,13.163001249594686,2.239180683511684,0.5281777505192289,0.6763775247069319,0.7191982269552976,-0.018971020755216728,0.818012015444446,0.8057177903848567,0.13819155015960183,0.9254958810164341,0.9254958810164341,0.0745041189835659,7.879436345345321,0.23654535063631676,1.5831195753420477,-0.6537288280816529,77.1172082364544,-0.9254947613504074
paris,gbdt+k10,3,6,20,14.605306703497822,6.833051731714201,0.5281777505192289,0.6763775247069319,0.6544235513862366,-0.2710026344767985,0.818012015444446,0.7719853361397249,-0.013688128127570032,0.9254958810164341,0.9249243807585621,0.07382110648025542,8.448404365750314,0.33427189473244034,1.5831195753420477,-0.8421067291031521,77.1172082364544,-0.9254947613504074
paris,gbdt+k10,3,7,20,13.15909037908835,2.546621870196233,0.5281777505192289,0.6763775247069319,0.7082282098102898,-0.14248477160898232,0.818012015444446,0.8015500202115945,0.12100472533140039,0.9254958810164341,0.9254958810164341,0.0745041189835659,8.723663498984381,0.37813802428179144,1.5831195753420477,-0.9162122120639844,77.1172082364544,-0.9254947613504074
paris,gbdt+k10,3,8,20,12.902672463980286,-0.05859148703740438,0.5281777505192289,0.6763775247069319,0.7289416094004822,0.022887888376242338,0.818012015444446,0.8152381483391645,0.17012586944703867,0.9254958810164341,0.9254958810164341,0.0745041189835659,8.427087379739204,0.3344252240699182,1.5831195753420477,-0.8434329140295687,77.1172082364544,-0.9254947613504074
paris,gbdt+k10,3,9,20,13.0410894093869,1.8926027688960743,0.5281777505192289,0.6763775247069319,0.7207315203300763,-0.07631619297194081,0.818012015444446,0.806846851869921,0.14049149022177,0.9254958810164341,0.9254958810164341,0.0745041189835659,8.428304626791556,0.335303383002746,1.5831195753420477,-0.8457457269346575,77.1172082364544,-0.9254947613504074
paris,gbdt+k10d,3,0,20,12.949175530737696,-0.4750967916994362,0.5281777505192289,0.6763775247069319,0.7212751425265888,0.07504774118007829,0.818012015444446,0.8147502822653713,0.17287185849096054,0.9254958810164341,0.9254958810164341,0.0745041189835659,7.958636896986377,0.24783596548696007,1.5831195753420477,-0.6753699063269959,77.1172082364544,-0.9254947613504074
paris,gbdt,4,0,20,13.018307668781034,1.7667238346546152,0.5281777505192289,0.6763775247069319,0.7228641920240867,-0.06264200387505059,0.818012015444446,0.8063868638574874,0.14396230886104178,0.9254958810164341,0.9254958810164341,0.0745041189835659,8.311962012607689,0.3155935936214995,1.5831195753420477,-0.8105974544308877,77.1172082364544,-0.9254947613504074
paris,gbdt,4,0,10,13.332770483137516,3.3490689512719634,0.5659107065694652,0.6034903332822236,0.7183479460838293,-0.11262736789283673,0.745389665602654,0.755119109017159,0.16526114773978617,0.8586721679374416,0.8586721679374416,0.1413278320625584,8.864414457056517,0.2237214424108948,1.6284293932409324,-0.6547079114387392,116.6995293715038,-0.9498023715415019
paris,gbdt+k10,4,0,20,12.981891345239333,-1.632788012318887,0.5281777505192289,0.6763775247069319,0.7290391826152409,0.057860916351876845,0.818012015444446,0.8170502223275393,0.17996682510698203,0.9254958810164341,0.9254958810164341,0.0745041189835659,8.627182884471601,0.35643495351333265,1.5831195753420477,-0.8789523134750592,77.1172082364544,-0.9254947613504074
paris,gbdt+k10,4,1,20,12.927179079126711,1.1007965034745795,0.5281777505192289,0.6763775247069319,0.7268507547985114,-0.08380145244699688,0.818012015444446,0.8078644011095468,0.14502167519270703,0.9254958810164341,0.9254958810164341,0.0745041189835659,8.634465866859026,0.3605469675638756,1.5831195753420477,-0.8867721185670117,77.1172082364544,-0.9254947613504074
paris,gbdt+k10,4,2,20,13.801029858889542,4.912265585452311,0.5281777505192289,0.6763775247069319,0.6830264423411996,-0.21574831686204543,0.818012015444446,0.7902036492382319,0.055547037259028986,0.9254958810164341,0.9254958810164341,0.0745041189835659,8.681865684554,0.36676377524706927,1.5831195753420477,-0.9009536461539569,77.1172082364544,-0.9254947613504074
paris,gbdt+k10,4,3,20,13.002189651745951,1.669391482756882,0.5281777505192289,0.6763775247069319,0.7242859731534269,-0.09160730962768848,0.818012015444446,0.8056620342621374,0.1328668404399158,0.9254958810164341,0.9254958810164341,0.0745041189835659,8.445553452836897,0.3363209322423718,1.5831195753420477,-0.8478359395665765,77.1172082364544,-0.9254947613504074
paris,gbdt+k10,4,4,20,13.23175591165031,2.8161060777640015,0.5281777505192289,0.6763775247069319,0.6989726934388982,-0.17674690901994677,0.818012015444446,0.7988040311676726,0.11287827044507326,0.9254958810164341,0.9256352713232322,0.07397443581773322,9.075996568490694,0.4176272981976833,1.5831195753420477,-0.9823691532560246,77.1172082364544,-0.9254947613504074
paris,gbdt+k10,4,5,20,13.127553212792288,2.100998978703885,0.5281777505192289,0.6763775247069319,0.720243654256283,-0.02174488786049822,0.818012015444446,0.8035990577215261,0.13782913536192687,0.9254958810164341,0.9254958810164341,0.0745041189835659,7.866842069503309,0.23215455597217777,1.5831195753420477,-0.6457853908360441,77.1172082364544,-0.9254947613504074
paris,gbdt+k10,4,6,20,14.376123733086576,6.351231384729117,0.5281777505192289,0.6763775247069319,0.667219581550299,-0.2514601134637098,0.818012015444446,0.7749125325824842,-0.0016448056202171824,0.9254958810164341,0.9253843687709956,0.07439260673812742,8.436940512999652,0.3325295158974645,1.5831195753420477,-0.8403000651886083,77.1172082364544,-0.9254947613504074
paris,gbdt+k10,4,7,20,13.095989483404168,2.207040695429173,0.5281777505192289,0.6763775247069319,0.7097893812464281,-0.14293082059073614,0.818012015444446,0.8015082031195551,0.12550703224097792,0.9254958810164341,0.9254958810164341,0.0745041189835659,8.80870340068202,0.38726808937706475,1.5831195753420477,-0.9335422547523337,77.1172082364544,-0.9254947613504074
paris,gbdt+k10,4,8,20,12.890975467509552,-0.07173701079920011,0.5281777505192289,0.6763775247069319,0.7278961820994968,0.013534798790092117,0.818012015444446,0.8145551358358539,0.17301124879775853,0.9254958810164341,0.9254958810164341,0.0745041189835659,8.439623915771607,0.33541489524818446,1.5831195753420477,-0.8459814879204287,77.1172082364544,-0.9254947613504074
paris,gbdt+k10,4,9,20,12.947982479421826,1.21267011437329,0.5281777505192289,0.6763775247069319,0.724996863718097,-0.058557867885867254,0.818012015444446,0.809439511576365,0.15061122649530945,0.9254958810164341,0.9254958810164341,0.0745041189835659,8.468149833728441,0.34046082435427444,1.5831195753420477,-0.8563577510493944,77.1172082364544,-0.9254947613504074
paris,gbdt+k10d,4,0,20,12.937626821972087,-0.006450690081542709,0.5281777505192289,0.6763775247069319,0.7219581550298992,0.05582581787262508,0.818012015444446,0.8133703182280704,0.17048828424471363,0.9254958810164341,0.9254958810164341,0.0745041189835659,7.933744958078905,0.24213490193891918,1.5831195753420477,-0.6647673456244194,77.1172082364544,-0.9254947613504074
paris,gbdt_iw,0,0,20,13.013680730065118,1.6833831733530618,0.5281777505192289,0.6763775247069319,0.7200485078267658,-0.07287325239402853,0.818012015444446,0.8084359013674189,0.1432792963577313,0.9254958810164341,0.9254958810164341,0.0745041189835659,8.304493026661808,0.31537056913062267,1.5831195753420477,-0.8060922459029415,77.1172082364544,-0.9254947613504074
paris,gbdt_iw,0,0,10,13.308648542556604,3.2562959069117228,0.5659107065694652,0.6034903332822236,0.7184315802679082,-0.11075953778174269,0.745389665602654,0.7599977697550913,0.15578260687751777,0.8586721679374416,0.8586721679374416,0.1413278320625584,8.869088988934863,0.22359599113477646,1.6284293932409324,-0.6529747309238604,116.6995293715038,-0.9498023715415019
paris,gbdt_iw,1,0,20,13.001419416674526,1.6867086536679206,0.5281777505192289,0.6763775247069319,0.7221254233980569,-0.07341687459054103,0.818012015444446,0.8083104500913006,0.14031028282293245,0.9254958810164341,0.9254958810164341,0.0745041189835659,8.338119562118301,0.32068133981962893,1.5831195753420477,-0.8112994225038941,77.1172082364544,-0.9254947613504074
paris,gbdt_iw,1,0,10,13.300151620496404,3.265873902184921,0.5659107065694652,0.6034903332822236,0.7166613233715727,-0.11534547887539903,0.745389665602654,0.7636079787011611,0.15445839896293612,0.8586721679374416,0.8586721679374416,0.1413278320625584,8.894161207291155,0.22627228502529928,1.6284293932409324,-0.6602163003500285,116.6995293715038,-0.9498023715415019
paris,gbdt_iw,2,0,20,13.01278027050374,1.7598458185028325,0.5281777505192289,0.6763775247069319,0.722543594318451,-0.07191145927712195,0.818012015444446,0.8070001812073988,0.14192721038179001,0.9254958810164341,0.9254958810164341,0.0745041189835659,8.315852737724265,0.3144924101977948,1.5831195753420477,-0.8077401335571693,77.1172082364544,-0.9254947613504074
paris,gbdt_iw,2,0,10,13.326912994725333,3.3387826564588257,0.5659107065694652,0.6034903332822236,0.7165498111261343,-0.11370067325518185,0.745389665602654,0.7603462455220864,0.15256269079048246,0.8586721679374416,0.8586721679374416,0.1413278320625584,8.873305994506008,0.22430688169944657,1.6284293932409324,-0.6565315272980548,116.6995293715038,-0.9498023715415019
paris,gbdt_iw,3,0,20,13.006562564863156,1.7223666440061196,0.5281777505192289,0.6763775247069319,0.7213727157413473,-0.07113087355905279,0.818012015444446,0.8089934625946111,0.14227568614878516,0.9254958810164341,0.9254958810164341,0.0745041189835659,8.328097021710027,0.31774020434618977,1.5831195753420477,-0.8076031123108156,77.1172082364544,-0.9254947613504074
paris,gbdt_iw,3,0,10,13.31029617125924,3.2998985617930767,0.5659107065694652,0.6034903332822236,0.7182643118997505,-0.10621541378012572,0.745389665602654,0.763259502934166,0.1543050696254583,0.8586721679374416,0.8586721679374416,0.1413278320625584,8.874203056144525,0.2249898942027571,1.6284293932409324,-0.6542861339694209,116.6995293715038,-0.9498023715415019
paris,gbdt_iw,4,0,20,12.990868189371746,1.6608183770183722,0.5281777505192289,0.6763775247069319,0.7221951185514559,-0.06200080846377942,0.818012015444446,0.8091328529014092,0.14405988207580045,0.9254958810164341,0.9254958810164341,0.0745041189835659,8.334286409427655,0.31985893700952034,1.5831195753420477,-0.8102743340024686,77.1172082364544,-0.9254947613504074
paris,gbdt_iw,4,0,10,13.285620472542584,3.2316050721490797,0.5659107065694652,0.6034903332822236,0.7178461409793563,-0.10426394948495282,0.745389665602654,0.7643328082965111,0.1569395464239417,0.8586721679374416,0.8586721679374416,0.1413278320625584,8.883494359164684,0.22599350441170324,1.6284293932409324,-0.6585527330167721,116.6995293715038,-0.9498023715415019
paris,gp_ard,0,0,20,13.043498685391267,2.0580596793923913,0.5281777505192289,0.6763775247069319,0.7197976052745292,-0.09620718975202469,0.818012015444446,0.8044772166543539,0.12303982381065215,0.9254958810164341,0.9254958810164341,0.0745041189835659,8.26734124626532,0.30769016322604925,1.5831195753420477,-0.7998449780887604,77.1172082364544,-0.9254947613504074
paris,gp_ard,0,0,10,13.377945868955361,3.6713507513941397,0.5659107065694652,0.6034903332822236,0.7140129075424095,-0.14188539328975064,0.745389665602654,0.7573632929566078,0.12214772584714462,0.8586721679374416,0.8586721679374416,0.1413278320625584,8.857698692853077,0.22274571026330825,1.6284293932409324,-0.6521910621083408,116.6995293715038,-0.9498023715415019
paris,kernel,0,0,20,13.029059549931459,1.4959186384343637,0.5281777505192289,0.6763775247069319,0.7183618851145092,-0.018134678914428326,0.818012015444446,0.8069304860539998,0.15197725150193053,0.9254958810164341,0.9254958810164341,0.0745041189835659,8.090676900603787,0.2853598360769992,1.5831195753420477,-0.7615815295888453,77.1172082364544,-0.9254947613504074
paris,kernel,0,0,10,13.3062395057057,3.1183903586412707,0.5659107065694652,0.6034903332822236,0.7186685437894649,-0.07768221797856179,0.745389665602654,0.7530143153845081,0.18230858226118962,0.8586721679374416,0.8586721679374416,0.1413278320625584,8.770466408289753,0.20649280049065388,1.6284293932409324,-0.6090851693635744,116.6995293715038,-0.9498023715415019
paris,knn,0,0,20,13.071378846848077,2.0213401592076687,0.5281777505192289,0.6763775247069319,0.7157552863773853,-0.04237465326661183,0.818012015444446,0.8054111317099009,0.14463138233367245,0.9254958810164341,0.9254958810164341,0.0745041189835659,8.173366446420426,0.286168299856428,1.5831195753420477,-0.7681711646318234,77.1172082364544,-0.9254947613504074
paris,knn,0,0,10,13.450915407918423,3.6032664512597155,0.5659107065694652,0.6034903332822236,0.7111275281916896,-0.09620718975202469,0.745389665602654,0.7542967062070504,0.16647384340892935,0.8586721679374416,0.8586721679374416,0.1413278320625584,8.817128549983298,0.20355166501721472,1.6284293932409324,-0.6079679756218823,116.6995293715038,-0.9498023715415019
paris,median,0,0,20,14.758118638179074,3.421975786941747,0.5281777505192289,0.6763775247069319,0.6630518113770368,0.10310700993852884,0.818012015444446,0.8095789018831631,0.16678050208388506,0.9254958810164341,0.9254958810164341,0.0745041189835659,7.658099160635067,0.24220459709231823,1.5831195753420477,-0.6866924200324861,77.1172082364544,-0.9254947613504074
paris,median,0,0,10,15.35406059166701,4.812201841374764,0.5659107065694652,0.6034903332822236,0.638616690595336,0.03072162361829356,0.745389665602654,0.7235750825887568,0.22259238092583045,0.8586721679374416,0.8586721679374416,0.1413278320625584,8.517200957853236,0.18202980164759341,1.6284293932409324,-0.5280797817347067,116.6995293715038,-0.9498023715415019
paris,mlp,0,0,20,12.945144390038775,1.5874784236311072,0.5281777505192289,0.6763775247069319,0.7271016573507478,-0.06994605595126913,0.818012015444446,0.8090631577480102,0.13253230370360047,0.9254958810164341,0.9254958810164341,0.0745041189835659,8.238235078614649,0.3051253815809648,1.5831195753420477,-0.7976061857271219,77.1172082364544,-0.9254947613504074
paris,mlp,0,0,10,13.201785825183205,3.2086127432936498,0.5659107065694652,0.6034903332822236,0.7249829246874172,-0.11666968678998063,0.745389665602654,0.7650855159532206,0.14085390501944495,0.8586721679374416,0.8586721679374416,0.1413278320625584,8.837361879221655,0.2220208806679584,1.6284293932409324,-0.6467684366666862,116.6995293715038,-0.9498023715415019
paris,mlp,1,0,20,13.011560236106469,2.119879360217664,0.5281777505192289,0.6763775247069319,0.724425363460225,-0.08235179325629693,0.818012015444446,0.8061220222745711,0.12724941107595378,0.9254958810164341,0.9254958810164341,0.0745041189835659,8.231552409393368,0.30352239305278716,1.5831195753420477,-0.7953115067929128,77.1172082364544,-0.9254947613504074
paris,mlp,1,0,10,13.347561802320604,3.7331487107389574,0.5659107065694652,0.6034903332822236,0.7169679820465285,-0.13332682845234944,0.745389665602654,0.7634128322716438,0.12995358302783633,0.8586721679374416,0.8586721679374416,0.1413278320625584,8.832031846676065,0.22151907556348538,1.6284293932409324,-0.6442243843935663,116.6995293715038,-0.9498023715415019
paris,mlp,2,0,20,12.951866261442362,1.691528431654175,0.5281777505192289,0.6763775247069319,0.7264047058167575,-0.06453771204750425,0.818012015444446,0.8062753516120489,0.1306365955311467,0.9254958810164341,0.9254958810164341,0.0745041189835659,8.179528166563848,0.2966365118969627,1.5831195753420477,-0.7831916096353414,77.1172082364544,-0.9254947613504074
paris,mlp,2,0,10,13.233912625281961,3.313903990701759,0.5659107065694652,0.6034903332822236,0.7242720341227471,-0.1142582344823741,0.745389665602654,0.7624789172160968,0.13908364812310958,0.8586721679374416,0.8586721679374416,0.1413278320625584,8.801105928038455,0.2156228655859272,1.6284293932409324,-0.6295958662162918,116.6995293715038,-0.9498023715415019
paris,mlp,3,0,20,13.03779203664379,2.197541234710659,0.5281777505192289,0.6763775247069319,0.7241605218773086,-0.07589802205154661,0.818012015444446,0.805397192679221,0.12711002076915567,0.9254958810164341,0.9254958810164341,0.0745041189835659,8.200188603138887,0.3019194045246094,1.5831195753420477,-0.7950613864058904,77.1172082364544,-0.9254947613504074
paris,mlp,3,0,10,13.380466217510017,3.8122567266405634,0.5659107065694652,0.6034903332822236,0.7167449575556516,-0.13179353507757074,0.745389665602654,0.7618795388968651,0.13143112027989579,0.8586721679374416,0.8586721679374416,0.1413278320625584,8.814392088279687,0.22075242887609597,1.6284293932409324,-0.6439047219439856,116.6995293715038,-0.9498023715415019
paris,mlp,4,0,20,12.910520293509066,1.3971441801457265,0.5281777505192289,0.6763775247069319,0.7257635104054864,-0.044995191034415516,0.818012015444446,0.8092443651468477,0.1494124698568461,0.9254958810164341,0.9254958810164341,0.0745041189835659,8.18765939992356,0.2987134274682538,1.5831195753420477,-0.7836525031512163,77.1172082364544,-0.9254947613504074
paris,mlp,4,0,10,13.173098846177028,3.007691667026618,0.5659107065694652,0.6034903332822236,0.7246344489204221,-0.09644415327358136,0.745389665602654,0.7574608661713664,0.17206339471153176,0.8586721679374416,0.8586721679374416,0.1413278320625584,8.805462658325352,0.2160828535983607,1.6284293932409324,-0.6303509188073861,116.6995293715038,-0.9498023715415019
paris,ridge,0,0,20,12.934953021663077,1.9306772798477703,0.5281777505192289,0.6763775247069319,0.7280634504676545,-0.08690985628859371,0.818012015444446,0.804965082728147,0.12168773783471099,0.9254958810164341,0.9254958810164341,0.0745041189835659,8.221999160006886,0.3023096973836439,1.5831195753420477,-0.7851346519086996,77.1172082364544,-0.9254947613504074
paris,ridge,0,0,10,13.269776947398727,3.5613511898500225,0.5659107065694652,0.6034903332822236,0.7155462009171882,-0.1291729973097671,0.745389665602654,0.7617680266514266,0.11646060132978353,0.8586721679374416,0.8586721679374416,0.1413278320625584,8.830334053021918,0.21751857375838085,1.6284293932409324,-0.6354101407438426,116.6995293715038,-0.9498023715415019
paris,ridge+k10,0,0,20,12.832876075199835,-1.3022930010985514,0.5281777505192289,0.6763775247069319,0.7320081961500398,0.023166668989838435,0.818012015444446,0.8157817705356769,0.17153371154569907,0.9254958810164341,0.9254958810164341,0.0745041189835659,8.489997295618279,0.33892753097949574,1.5831195753420477,-0.8461682739237081,77.1172082364544,-0.9254947613504074
paris,ridge+k10,0,1,20,12.802196989115558,0.6819184453374512,0.5281777505192289,0.6763775247069319,0.730614293082059,-0.0814596952927894,0.818012015444446,0.8067214005938027,0.1315844496173736,0.9254958810164341,0.9254958810164341,0.0745041189835659,8.525336786446712,0.34759760806233536,1.5831195753420477,-0.8626616313396271,77.1172082364544,-0.9254947613504074
paris,ridge+k10,0,2,20,13.435734717826778,4.118622528408232,0.5281777505192289,0.6763775247069319,0.6913062265650046,-0.19896572392355838,0.818012015444446,0.789046709691808,0.046890899206869174,0.9254958810164341,0.9254958810164341,0.0745041189835659,8.665500418565976,0.36879887372632103,1.5831195753420477,-0.9005660833130229,77.1172082364544,-0.9254947613504074
paris,ridge+k10,0,3,20,12.836036033401667,0.9379634325976861,0.5281777505192289,0.6763775247069319,0.7302658173150639,-0.08777407619074173,0.818012015444446,0.8062614125813691,0.12395979983551941,0.9254958810164341,0.9254958810164341,0.0745041189835659,8.435370716727055,0.3359027613219777,1.5831195753420477,-0.8442636803826333,77.1172082364544,-0.9254947613504074
paris,ridge+k10,0,4,20,13.06716639259191,2.545676253349463,0.5281777505192289,0.6763775247069319,0.7048689034164565,-0.17263489496940387,0.818012015444446,0.7986228237688351,0.09217880988556049,0.9254958810164341,0.9256352713232322,0.07397443581773322,9.009972345956008,0.41493706527648067,1.5831195753420477,-0.970392668313717,77.1172082364544,-0.9254947613504074
paris,ridge+k10,0,5,20,12.864308855274608,0.9177832342932744,0.5281777505192289,0.6763775247069319,0.7266277303076344,-0.0035405137926708408,0.818012015444446,0.807850462078867,0.14152297849207562,0.9254958810164341,0.9254958810164341,0.0745041189835659,7.886983955072356,0.24054585244142124,1.5831195753420477,-0.6629228033486431,77.1172082364544,-0.9254947613504074
paris,ridge+k10,0,6,20,14.366119479465459,6.528838369180076,0.5281777505192289,0.6763775247069319,0.6671220083355404,-0.24821231931531484,0.818012015444446,0.767510907291507,-0.02145216821622231,0.9254958810164341,0.9251055881573995,0.0736677771427775,8.325947243048478,0.31623478903277064,1.5831195753420477,-0.8096632273812566,77.1172082364544,-0.9254947613504074
paris,ridge+k10,0,7,20,13.015120372883452,2.287168648255595,0.5281777505192289,0.6763775247069319,0.7129117241187047,-0.15015123848287593,0.818012015444446,0.7989712995358302,0.09506418923628046,0.9254958810164341,0.9254958810164341,0.0745041189835659,8.73879225546869,0.3821106480255363,1.5831195753420477,-0.9201473695509932,77.1172082364544,-0.9254947613504074
paris,ridge+k10,0,8,20,12.837451546353085,-1.2655138458599846,0.5281777505192289,0.6763775247069319,0.7294434145049553,0.039112920087537084,0.818012015444446,0.8166041733457855,0.17160340669909813,0.9254958810164341,0.9254958810164341,0.0745041189835659,8.334286226703044,0.3210019375252645,1.5831195753420477,-0.8199131671288893,77.1172082364544,-0.9254947613504074
paris,ridge+k10,0,9,20,12.867292599881278,1.4818842742762839,0.5281777505192289,0.6763775247069319,0.7288022190936843,-0.08912616216668301,0.818012015444446,0.806052327121172,0.12860149705189494,0.9254958810164341,0.9254958810164341,0.0745041189835659,8.404884305434694,0.33255739395882417,1.5831195753420477,-0.8405416654290838,77.1172082364544,-0.9254947613504074
paris,ridge+k10d,0,0,20,12.813807567801048,-0.07585062151848887,0.5281777505192289,0.6763775247069319,0.7254150346384912,0.031767050919279005,0.818012015444446,0.8111121952579418,0.15688379030122246,0.9254958810164341,0.9254958810164341,0.0745041189835659,7.921245637188019,0.23930527871091845,1.5831195753420477,-0.6578127185026063,77.1172082364544,-0.9254947613504074
paris,uma_los,0,0,20,23.99497027095872,-19.358234019336777,0.5281777505192289,0.6763775247069319,0.6763775247069319,0.3236224752930681,0.818012015444446,0.818012015444446,0.18198798455555398,0.9254958810164341,0.9254958810164341,0.0745041189835659,8.695983518809491,0.387965040911055,1.5831195753420477,-0.9484904760023113,77.1172082364544,-0.9254947613504074
paris,uma_los,0,0,10,23.046747392090758,-17.999596562878594,0.5659107065694652,0.6034903332822236,0.6034903332822236,0.39650966671777643,0.745389665602654,0.745389665602654,0.25461033439734604,0.8586721679374416,0.8586721679374416,0.1413278320625584,9.076158790811174,0.30328542953123033,1.6284293932409324,-0.8193844345104239,116.6995293715038,-0.9498023715415019
paris,uma_nlos,0,0,20,22.876750300926968,16.95638097895553,0.5281777505192289,0.6763775247069319,0.5527243835463682,-0.24354274403757964,0.818012015444446,0.7111275281916896,-0.057819099259837525,0.9254958810164341,0.8793437504355948,0.020546131222034858,7.524872878346992,0.07290113045538815,1.5831195753420477,-0.23328638278101033,77.1172082364544,-0.9254947613504074
paris,uma_nlos,0,0,10,24.09767468189012,18.40865346001295,0.5659107065694652,0.6034903332822236,0.5414755857877643,-0.3239848900907431,0.745389665602654,0.6463807306839883,-0.13664431775414332,0.8586721679374416,0.8039196554271616,0.055825817872625194,8.948672876683581,0.062377162292134206,1.6284293932409324,-0.12613426116997872,116.6995293715038,-0.9498023715415019
prague,oracle,0,0,20,11.399212055836848,0.00012712322206045502,0.5111804882447084,0.8142032775060298,0.7881455266776368,-0.039255686044676885,0.9283073732615017,0.929445709262223,0.055248743322137805,0.979228185650204,0.979228185650204,0.020771814349796025,7.46875445957731,0.25860514392624484,1.6976795773017623,-0.618628234657995,75.9525757940967,-0.9305749923942805
prague,oracle,0,0,10,11.6927407393153,2.0049033355872137,0.5168045443274801,0.7602619299867006,0.7031760701485472,-0.14115366408944385,0.8987557198566373,0.8982034578364854,0.05500078894574312,0.9655681536415481,0.9655681536415481,0.03443184635845187,8.134107265510467,0.3055924982530487,1.8265724779450325,-0.7631473911132405,107.46626137796777,-0.9513637538779731
prague,coral,0,0,20,12.676626092613088,3.151567308125449,0.5113608187002683,0.8142032775060298,0.6411649347429164,-0.26003651691725094,0.9283073732615017,0.9208349300092419,0.042986272344070486,0.979228185650204,0.97825890945157,0.0196447490025472,8.018437114475956,0.3319207447647815,1.6976795773017623,-0.8044693866038393,78.45227795219287,-0.9311834499543656
prague,coral,0,0,10,13.327439876199296,5.138457239653282,0.5169848747830399,0.7602619299867006,0.5432905799878277,-0.37799517616031375,0.8987557198566373,0.8528390776097198,-0.017142663931654756,0.9655681536415481,0.9646214187498591,0.033304781011203044,8.605607701837684,0.3723147668101797,1.8265724779450325,-0.925756794748733,110.1017458172015,-0.952010082730093
prague,cost231,0,0,20,23.37195902472193,19.357071076916917,0.5113608187002683,0.8142032775060298,0.3420756035434935,-0.6305592498253049,0.9283073732615017,0.5540878660144715,-0.4017762549872642,0.979228185650204,0.8966142956968645,-0.07191803980794809,7.468179234419716,0.2316795527804702,1.6976795773017623,-0.5762648660895326,78.45227795219287,-0.9311834499543656
prague,cost231,0,0,10,25.03465798957952,21.26088586646212,0.5169848747830399,0.7602619299867006,0.32167572075828954,-0.6655658995108537,0.8987557198566373,0.39171156143633207,-0.5728535040461646,0.9655681536415481,0.751177783287875,-0.21289137344183218,8.977016434091896,0.3410612447309695,1.8265724779450325,-0.8331063420766649,110.1017458172015,-0.952010082730093
prague,encoder,0,0,20,12.299329822626575,0.6535580865389146,0.5113608187002683,0.8142032775060298,0.7392196199535649,-0.08421432274643292,0.9283073732615017,0.9280932308455244,0.06509929445709262,0.979228185650204,0.979228185650204,0.020771814349796025,7.656217173350914,0.2814732998219237,1.6976795773017623,-0.6997905146625202,78.45227795219287,-0.9311834499543656
prague,encoder,0,0,10,12.603721947505312,2.6585141471967457,0.5169848747830399,0.7602619299867006,0.6382683768004869,-0.2145819714627054,0.8987557198566373,0.8889840632959899,0.05114622545815206,0.9655681536415481,0.9655681536415481,0.03443184635845187,8.28346820836355,0.3246962558889164,1.8265724779450325,-0.8272472528988359,110.1017458172015,-0.952010082730093
prague,encoder,1,0,20,12.292103101825331,0.15536502331918106,0.5113608187002683,0.8142032775060298,0.7539616346955796,-0.05434709104433877,0.9283073732615017,0.9279354416969096,0.06899894055857358,0.979228185650204,0.979228185650204,0.020771814349796025,7.643024400188881,0.2775398417600252,1.6976795773017623,-0.6898872814847656,78.45227795219287,-0.9311834499543656
prague,encoder,1,0,10,12.525931618288116,2.1467233113055584,0.5169848747830399,0.7602619299867006,0.6552645222369993,-0.18381308748281222,0.8987557198566373,0.8916213962085522,0.0613348961972815,0.9655681536415481,0.9655681536415481,0.03443184635845187,8.26724365834298,0.3218560512138493,1.8265724779450325,-0.8189367076069596,110.1017458172015,-0.952010082730093
prague,encoder,2,0,20,12.246268684413785,0.4898397099458693,0.5113608187002683,0.8142032775060298,0.7398282352410793,-0.08038230056578688,0.9283073732615017,0.9277100286274598,0.06712801208214048,0.979228185650204,0.979228185650204,0.020771814349796025,7.732437305684016,0.2931496968194216,1.6976795773017623,-0.726625236709409,78.45227795219287,-0.9311834499543656
prague,encoder,2,0,10,12.52316452781456,2.472196136095562,0.5169848747830399,0.7602619299867006,0.6391136758109235,-0.21206861573834046,0.8987557198566373,0.8903140004057435,0.05872010459166421,0.9655681536415481,0.9655681536415481,0.03443184635845187,8.338220067235435,0.3369361855600388,1.8265724779450325,-0.850616335606117,110.1017458172015,-0.952010082730093
prague,encoder,3,0,20,12.251280127866972,0.3702636714416977,0.5113608187002683,0.8142032775060298,0.7485291797218403,-0.06469355093208307,0.9283073732615017,0.9281045014989969,0.0690327525189911,0.979228185650204,0.979228185650204,0.020771814349796025,7.668298341270988,0.2811464508712215,1.6976795773017623,-0.6959780356338063,78.45227795219287,-0.9311834499543656
prague,encoder,3,0,10,12.524193636637948,2.3680204434088967,0.5169848747830399,0.7602619299867006,0.6471496517368077,-0.1951964474900254,0.8987557198566373,0.8902012938710187,0.059283637265288625,0.9655681536415481,0.9655681536415481,0.03443184635845187,8.286977027011188,0.3246962558889164,1.8265724779450325,-0.8229679131279848,110.1017458172015,-0.952010082730093
prague,encoder,4,0,20,12.283130785749796,0.12572595132496447,0.5113608187002683,0.8142032775060298,0.749814034217704,-0.06352140297094433,0.9283073732615017,0.9281157721524694,0.06852557311272911,0.979228185650204,0.979228185650204,0.020771814349796025,7.663431448652447,0.281664900930956,1.6976795773017623,-0.6982053400922262,78.45227795219287,-0.9311834499543656
prague,encoder,4,0,10,12.507072388962522,2.1281425102769886,0.5169848747830399,0.7602619299867006,0.6535851948695985,-0.1906769154475576,0.8987557198566373,0.8904943308613034,0.05869756328471931,0.9655681536415481,0.9655681536415481,0.03443184635845187,8.288908209919564,0.32484277438405873,1.8265724779450325,-0.8255603282900983,110.1017458172015,-0.952010082730093
prague,gbdt,0,0,20,12.23880994157874,0.30114267996029787,0.5113608187002683,0.8142032775060298,0.7528683813087483,-0.0544259856186462,0.9283073732615017,0.9278227351621847,0.07001329937109757,0.979228185650204,0.979228185650204,0.020771814349796025,7.608038394614561,0.2721750107071208,1.6976795773017623,-0.6847362270966619,78.45227795219287,-0.9311834499543656
prague,gbdt,0,0,10,12.490082779974095,2.3101073987343987,0.5169848747830399,0.7602619299867006,0.6527173545522169,-0.18288889389806817,0.8987557198566373,0.8902689177918536,0.06081644613754711,0.9655681536415481,0.9655681536415481,0.03443184635845187,8.242016352633344,0.31941031941031944,1.8265724779450325,-0.8196946952528008,110.1017458172015,-0.952010082730093
prague,gbdt+k10,0,0,20,12.226072513103357,0.05268613862157699,0.5113608187002683,0.8142032775060298,0.7569370872123166,-0.044992448662173445,0.9283073732615017,0.9279467123503821,0.07047539616346954,0.979228185650204,0.979228185650204,0.020771814349796025,7.616685994098331,0.27393323264882896,1.6976795773017623,-0.6889886942297565,78.45227795219287,-0.9311834499543656
prague,gbdt+k10,0,1,20,12.234389508260161,-0.5030129965302769,0.5113608187002683,0.8142032775060298,0.7726371074994928,-0.004294118973018124,0.9283073732615017,0.9282510199941393,0.07147848432252102,0.979228185650204,0.979228185650204,0.020771814349796025,7.44654648764379,0.24035795595428625,1.6976795773017623,-0.614570746618585,78.45227795219287,-0.9311834499543656
prague,gbdt+k10,0,2,20,12.399657671343432,2.160342257610478,0.5113608187002683,0.8142032775060298,0.7102202285688525,-0.1457859026666366,0.9283073732615017,0.9267632937357708,0.058359443680544576,0.979228185650204,0.979228185650204,0.020771814349796025,7.668013965682522,0.28425715122962836,1.6976795773017623,-0.7066229207155449,78.45227795219287,-0.9311834499543656
prague,gbdt+k10,0,3,20,12.342069549177804,1.1505659641885777,0.5113608187002683,0.8142032775060298,0.7059261095958344,-0.16231995131077703,0.9283073732615017,0.9271803079142529,0.06341996708969189,0.979228185650204,0.979228185650204,0.020771814349796025,8.172558028439925,0.3596803642675202,1.6976795773017623,-0.856792013946101,78.45227795219287,-0.9311834499543656
prague,gbdt+k10,0,4,20,12.258177284545493,-0.9684591201071789,0.5113608187002683,0.8142032775060298,0.7916732412145256,0.04384284200797961,0.9283073732615017,0.9283073732615017,0.0716926267384983,0.979228185650204,0.979228185650204,0.020771814349796025,7.282513350318839,0.1895611207537813,1.6976795773017623,-0.4936207989130559,78.45227795219287,-0.9311834499543656
prague,gbdt+k10,0,5,20,12.30968715063433,1.5377261030437144,0.5113608187002683,0.8142032775060298,0.739614092825102,-0.0862993936388432,0.9283073732615017,0.927045060072583,0.06488515204111533,0.979228185650204,0.979228185650204,0.020771814349796025,7.473630817331168,0.24670333385929713,1.6976795773017623,-0.626826483939755,78.45227795219287,-0.9311834499543656
prague,gbdt+k10,0,6,20,12.23039231285667,0.13915271993098594,0.5113608187002683,0.8142032775060298,0.7751842751842751,0.004294118973018013,0.9283073732615017,0.9282735613010842,0.07132069517390616,0.979228185650204,0.979228185650204,0.020771814349796025,7.263869842041556,0.18968509794197863,1.6976795773017623,-0.49187106024688676,78.45227795219287,-0.9311834499543656
prague,gbdt+k10,0,7,20,12.273476975663488,1.0485416411130406,0.5113608187002683,0.8142032775060298,0.761862362779794,-0.027286252056894278,0.9283073732615017,0.9273042851024502,0.06924689493496838,0.979228185650204,0.979228185650204,0.020771814349796025,7.292310260425564,0.1882875369113901,1.6976795773017623,-0.4819380257873638,78.45227795219287,-0.9311834499543656
prague,gbdt+k10,0,8,20,12.229873343338896,0.816771221655463,0.5113608187002683,0.8142032775060298,0.7523499312490138,-0.05537272051033526,0.9283073732615017,0.9273493677163402,0.06913418840024343,0.979228185650204,0.979228185650204,0.020771814349796025,7.497529700392414,0.2480107296621058,1.6976795773017623,-0.6288938562983475,78.45227795219287,-0.9311834499543656
prague,gbdt+k10,0,9,20,12.234795234540645,0.9155165321775404,0.5113608187002683,0.8142032775060298,0.752124518179564,-0.0528255528255529,0.9283073732615017,0.9273831796767577,0.06943849604400065,0.979228185650204,0.979228185650204,0.020771814349796025,7.452115870206585,0.23499312490138186,1.6976795773017623,-0.6027997580627458,78.45227795219287,-0.9311834499543656
prague,gbdt+k10d,0,0,20,12.236272676504472,0.4108497576412309,0.5113608187002683,0.8142032775060298,0.7639699749791493,-0.024750355025584425,0.9283073732615017,0.9278452764691297,0.0700809232919325,0.979228185650204,0.979228185650204,0.020771814349796025,7.349914315233381,0.21142618849040867,1.6976795773017623,-0.5428988720241283,78.45227795219287,-0.9311834499543656
prague,gbdt,1,0,20,12.225269136915982,0.3959141489795359,0.5113608187002683,0.8142032775060298,0.7515271735455221,-0.057795911006920164,0.9283073732615017,0.9281721254198319,0.06950611996483558,0.979228185650204,0.979228185650204,0.020771814349796025,7.589376892368186,0.26811757545702497,1.6976795773017623,-0.6783769343323169,78.45227795219287,-0.9311834499543656
prague,gbdt,1,0,10,12.496004678241464,2.407223150244469,0.5169848747830399,0.7602619299867006,0.6542839753848928,-0.18815228906972026,0.8987557198566373,0.8884994251966729,0.05780718166039267,0.9655681536415481,0.9655681536415481,0.03443184635845187,8.23391105405458,0.31596149944773794,1.8265724779450325,-0.8150817996053581,110.1017458172015,-0.952010082730093
prague,gbdt+k10,1,0,20,12.213752348684737,-0.23400587656131716,0.5113608187002683,0.8142032775060298,0.7650068750986182,-0.030949214435452954,0.9283073732615017,0.9283073732615017,0.07083605707458918,0.979228185650204,0.979228185650204,0.020771814349796025,7.596135350109886,0.2700899398147104,1.6976795773017623,-0.6834182411660861,78.45227795219287,-0.9311834499543656
prague,gbdt+k10,1,1,20,12.22361781200646,-0.6515377840194697,0.5113608187002683,0.8142032775060298,0.7800193855239727,0.008407907490476263,0.9283073732615017,0.9281946667267769,0.07144467236210361,0.979228185650204,0.979228185650204,0.020771814349796025,7.430771397607476,0.23608637828821313,1.6976795773017623,-0.6068669099382313,78.45227795219287,-0.9311834499543656
prague,gbdt+k10,1,2,20,12.40927069864066,2.309005120196981,0.5113608187002683,0.8142032775060298,0.7034127538714695,-0.1547798841376823,0.9283073732615017,0.9264477154385411,0.057142213105515816,0.979228185650204,0.979228185650204,0.020771814349796025,7.669013131892725,0.28370488920947634,1.6976795773017623,-0.7076588236811482,78.45227795219287,-0.9311834499543656
prague,gbdt+k10,1,3,20,12.340091179832626,1.194040146471144,0.5113608187002683,0.8142032775060298,0.6979577575907852,-0.16918377927552242,0.9283073732615017,0.9278565471226021,0.06341996708969189,0.979228185650204,0.979228185650204,0.020771814349796025,8.17973926868694,0.3590604783265334,1.6976795773017623,-0.8593456751839613,78.45227795219287,-0.9311834499543656
prague,gbdt+k10,1,4,20,12.250666391399156,-1.1290088391854007,0.5113608187002683,0.8142032775060298,0.7963843743660257,0.0570971304916259,0.9283073732615017,0.9283073732615017,0.0716926267384983,0.979228185650204,0.979228185650204,0.020771814349796025,7.285333131009179,0.19090232851700745,1.6976795773017623,-0.4987345116610713,78.45227795219287,-0.9311834499543656
prague,gbdt+k10,1,5,20,12.28581350099737,1.4788656588460114,0.5113608187002683,0.8142032775060298,0.7377544350021414,-0.08319996393390894,0.9283073732615017,0.9278678177760746,0.06618127719045153,0.979228185650204,0.979228185650204,0.020771814349796025,7.46239074681956,0.2436715280751978,1.6976795773017623,-0.6223612162377723,78.45227795219287,-0.9311834499543656
prague,gbdt+k10,1,6,20,12.2162161678177,-0.00734154461611185,0.5113608187002683,0.8142032775060298,0.7821269977233279,0.019870162071996877,0.9283073732615017,0.9281833960733044,0.07127561256001624,0.979228185650204,0.979228185650204,0.020771814349796025,7.238535034965576,0.18005995987647366,1.6976795773017623,-0.4702892747812575,78.45227795219287,-0.9311834499543656
prague,gbdt+k10,1,7,20,12.224301882651467,0.7269083324878418,0.5113608187002683,0.8142032775060298,0.7690304983882965,-0.01558731375245137,0.9283073732615017,0.9283411852219192,0.07014854721276742,0.979228185650204,0.979228185650204,0.020771814349796025,7.29785418447546,0.19048531433852534,1.6976795773017623,-0.48934374977561856,78.45227795219287,-0.9311834499543656
prague,gbdt+k10,1,8,20,12.212586069016401,0.7941434921507847,0.5113608187002683,0.8142032775060298,0.7514482789712148,-0.05715348375898843,0.9283073732615017,0.9280706895385794,0.06913418840024343,0.979228185650204,0.979228185650204,0.020771814349796025,7.500287692483512,0.2485968036426752,1.6976795773017623,-0.6322101478819953,78.45227795219287,-0.9311834499543656
prague,gbdt+k10,1,9,20,12.24126422975998,1.1902099692652137,0.5113608187002683,0.8142032775060298,0.7485629916822577,-0.060579762414624816,0.9283073732615017,0.9278678177760746,0.0687735274891238,0.979228185650204,0.979228185650204,0.020771814349796025,7.419304447451256,0.22709239681716745,1.6976795773017623,-0.5870715585307742,78.45227795219287,-0.9311834499543656
prague,gbdt+k10d,1,0,20,12.228912012507509,0.6530659868163571,0.5113608187002683,0.8142032775060298,0.763316277077745,-0.03207627978270189,0.9283073732615017,0.9280932308455244,0.06933706016274821,0.979228185650204,0.979228185650204,0.020771814349796025,7.345129267382062,0.20930730563758088,1.6976795773017623,-0.5404984499329786,78.45227795219287,-0.9311834499543656
prague,gbdt,2,0,20,12.205943611393716,0.43807169268329027,0.5113608187002683,0.8142032775060298,0.750693145188558,-0.05804386538331496,0.9283073732615017,0.9282284786871943,0.0698329689155377,0.979228185650204,0.979228185650204,0.020771814349796025,7.591097922476112,0.2708112616369497,1.6976795773017623,-0.681494930169362,78.45227795219287,-0.9311834499543656
prague,gbdt,2,0,10,12.473646788484304,2.4532978882803356,0.5169848747830399,0.7602619299867006,0.6521989044924825,-0.18947095552600135,0.8987557198566373,0.8915537722877173,0.06018528954308777,0.9655681536415481,0.9655681536415481,0.03443184635845187,8.225356729607157,0.31704348218109685,1.8265724779450325,-0.8157524332080979,110.1017458172015,-0.952010082730093
prague,gbdt+k10,2,0,20,12.190079849507082,-0.23612277217510413,0.5113608187002683,0.8142032775060298,0.7641277641277642,-0.02968690124653428,0.9283073732615017,0.9281157721524694,0.07132069517390616,0.979228185650204,0.979228185650204,0.020771814349796025,7.595611311212931,0.27202849221197845,1.6976795773017623,-0.6849305722803867,78.45227795219287,-0.9311834499543656
prague,gbdt+k10,2,1,20,12.245248802102088,-1.165504882318798,0.5113608187002683,0.8142032775060298,0.7841669860018484,0.023645830985280503,0.9283073732615017,0.9283073732615017,0.0716926267384983,0.979228185650204,0.979228185650204,0.020771814349796025,7.4241257353625665,0.23774316434866896,1.6976795773017623,-0.6076439776093197,78.45227795219287,-0.9311834499543656
prague,gbdt+k10,2,2,20,12.434209662128223,2.5470991922820945,0.5113608187002683,0.8142032775060298,0.7002907828595902,-0.1630187318260713,0.9283073732615017,0.9264589860920136,0.055327637896445236,0.979228185650204,0.979228185650204,0.020771814349796025,7.650876191930549,0.28290467281292964,1.6976795773017623,-0.7026175187353046,78.45227795219287,-0.9311834499543656
prague,gbdt+k10,2,3,20,12.286770031493925,0.7719836327308224,0.5113608187002683,0.8142032775060298,0.7150666095620224,-0.1447264612402227,0.9283073732615017,0.9283749971823366,0.06673353921060343,0.979228185650204,0.979228185650204,0.020771814349796025,8.212997468860012,0.3667470639947704,1.6976795773017623,-0.8693057171036772,78.45227795219287,-0.9311834499543656
prague,gbdt+k10,2,4,20,12.238364645278496,-1.1863770763315902,0.5113608187002683,0.8142032775060298,0.7937245001465185,0.052679034330410435,0.9283073732615017,0.9283073732615017,0.0716926267384983,0.979228185650204,0.979228185650204,0.020771814349796025,7.276774378916586,0.19047404368505283,1.6976795773017623,-0.4962093057073751,78.45227795219287,-0.9311834499543656
prague,gbdt+k10,2,5,20,12.276285392933202,1.5442088965015204,0.5113608187002683,0.8142032775060298,0.7373486914771319,-0.08845208845208852,0.9283073732615017,0.9282961026080292,0.0650767531501476,0.979228185650204,0.979228185650204,0.020771814349796025,7.471269107208549,0.24786421116696347,1.6976795773017623,-0.6297364230075579,78.45227795219287,-0.9311834499543656
prague,gbdt+k10,2,6,20,12.20447520825757,0.28009421928378664,0.5113608187002683,0.8142032775060298,0.7765705655613913,0.008159953114081575,0.9283073732615017,0.9281833960733044,0.07154610824335594,0.979228185650204,0.979228185650204,0.020771814349796025,7.238972670399529,0.18339607330433016,1.6976795773017623,-0.4762628584972868,78.45227795219287,-0.9311834499543656
prague,gbdt+k10,2,7,20,12.247119522653875,1.143452277472555,0.5113608187002683,0.8142032775060298,0.7628654509388454,-0.027342605324256697,0.9283073732615017,0.9282961026080292,0.06906656447940851,0.979228185650204,0.979228185650204,0.020771814349796025,7.279499556375162,0.18631517255370467,1.6976795773017623,-0.4773872290120307,78.45227795219287,-0.9311834499543656
prague,gbdt+k10,2,8,20,12.230220229321302,1.221731240315589,0.5113608187002683,0.8142032775060298,0.7461398011856727,-0.06825507742938941,0.9283073732615017,0.927924171043437,0.06727453057728283,0.979228185650204,0.979228185650204,0.020771814349796025,7.457173857888055,0.24145120934111758,1.6976795773017623,-0.614053099631362,78.45227795219287,-0.9311834499543656
prague,gbdt+k10,2,9,20,12.186760714443897,0.7514729306310369,0.5113608187002683,0.8142032775060298,0.7559339990532651,-0.045071343236480876,0.9283073732615017,0.9283862678358091,0.07046412550999703,0.979228185650204,0.979228185650204,0.020771814349796025,7.446597859233276,0.23601875436737824,1.6976795773017623,-0.6045442900215434,78.45227795219287,-0.9311834499543656
prague,gbdt+k10d,2,0,20,12.192736269992631,0.23422596991881822,0.5113608187002683,0.8142032775060298,0.7694813245271961,-0.014347541870477709,0.9283073732615017,0.9281721254198319,0.07088113968847909,0.979228185650204,0.979228185650204,0.020771814349796025,7.344093028209704,0.2123278407682077,1.6976795773017623,-0.5450608612381049,78.45227795219287,-0.9311834499543656
prague,gbdt,3,0,20,12.187650852798814,0.5310711470391574,0.5113608187002683,0.8142032775060298,0.7484953677614228,-0.06290151702995739,0.9283073732615017,0.9281270428059419,0.07088113968847909,0.979228185650204,0.979228185650204,0.020771814349796025,7.6151084501518085,0.2742262696391137,1.6976795773017623,-0.6878353070049461,78.45227795219287,-0.9311834499543656
prague,gbdt,3,0,10,12.477390519543777,2.538388494440533,0.5169848747830399,0.7602619299867006,0.6504970358181368,-0.19284088091427543,0.8987557198566373,0.8897391970786466,0.05952032098821092,0.9655681536415481,0.9655681536415481,0.03443184635845187,8.251634347428775,0.319331424836012,1.8265724779450325,-0.8236402335281567,110.1017458172015,-0.952010082730093
prague,gbdt+k10,3,0,20,12.169436902296509,0.025961875194185635,0.5113608187002683,0.8142032775060298,0.7595293375109888,-0.04043910465928813,0.9283073732615017,0.9281608547663593,0.07134323648085117,0.979228185650204,0.979228185650204,0.020771814349796025,7.619292143058642,0.27540968825372497,1.6976795773017623,-0.6910786394815882,78.45227795219287,-0.9311834499543656
prague,gbdt+k10,3,1,20,12.1818771313539,-0.6663692659699978,0.5113608187002683,0.8142032775060298,0.7828934021594572,0.013761467889908174,0.9283073732615017,0.9283073732615017,0.0716926267384983,0.979228185650204,0.979228185650204,0.020771814349796025,7.426984280500458,0.23657101638753014,1.6976795773017623,-0.6046540452792795,78.45227795219287,-0.9311834499543656
prague,gbdt+k10,3,2,20,12.437200199857632,2.6619574177711787,0.5113608187002683,0.8142032775060298,0.698972116403309,-0.16573495931294102,0.9283073732615017,0.926098325180894,0.05636453801591412,0.979228185650204,0.979228185650204,0.020771814349796025,7.66243535106711,0.2840993620810135,1.6976795773017623,-0.7045727132014127,78.45227795219287,-0.9311834499543656
prague,gbdt+k10,3,3,20,12.361333692540033,1.747845707394267,0.5113608187002683,0.8142032775060298,0.6838356287897572,-0.19536550729211288,0.9283073732615017,0.9269548948448031,0.059069494849311344,0.979228185650204,0.979228185650204,0.020771814349796025,8.192398540008975,0.36408718977526316,1.6976795773017623,-0.8611181540056732,78.45227795219287,-0.9311834499543656
prague,gbdt+k10,3,4,20,12.188403291347521,-0.8314690324342955,0.5113608187002683,0.8142032775060298,0.7938597479881884,0.04681829452471653,0.9283073732615017,0.9283073732615017,0.0716926267384983,0.979228185650204,0.979228185650204,0.020771814349796025,7.27899114561977,0.18791560534679802,1.6976795773017623,-0.48939444106193153,78.45227795219287,-0.9311834499543656
prague,gbdt+k10,3,5,20,12.274532048567648,1.7331581565302048,0.5113608187002683,0.8142032775060298,0.7321529202263147,-0.09772783625994641,0.9283073732615017,0.9286680341726213,0.06592205216058422,0.979228185650204,0.979228185650204,0.020771814349796025,7.4882959472540565,0.25003944728715366,1.6976795773017623,-0.6331539273436502,78.45227795219287,-0.9311834499543656
prague,gbdt+k10,3,6,20,12.166481692202352,-0.4059391471470102,0.5113608187002683,0.8142032775060298,0.7884385636679214,0.03057728287086081,0.9283073732615017,0.9283073732615017,0.0716926267384983,0.979228185650204,0.979228185650204,0.020771814349796025,7.274141720493973,0.1933255190135924,1.6976795773017623,-0.5007796548786176,78.45227795219287,-0.9311834499543656
prague,gbdt+k10,3,7,20,12.190650102930778,0.8158336620786348,0.5113608187002683,0.8142032775060298,0.7688163559723192,-0.014719473435069852,0.9283073732615017,0.9281495841128868,0.07128688321348875,0.979228185650204,0.979228185650204,0.020771814349796025,7.294815813533858,0.19010211212046074,1.6976795773017623,-0.48647863650006573,78.45227795219287,-0.9311834499543656
prague,gbdt+k10,3,8,20,12.174563463517849,0.8134847298574217,0.5113608187002683,0.8142032775060298,0.7520230822983116,-0.055226202015192905,0.9283073732615017,0.9281157721524694,0.07082478642111667,0.979228185650204,0.979228185650204,0.020771814349796025,7.502826850026541,0.24989292879201133,1.6976795773017623,-0.632406829267445,78.45227795219287,-0.9311834499543656
prague,gbdt+k10,3,9,20,12.17785980515908,0.9305067203306613,0.5113608187002683,0.8142032775060298,0.7553366544192233,-0.04569122917746771,0.9283073732615017,0.9282284786871943,0.07152356693641093,0.979228185650204,0.979228185650204,0.020771814349796025,7.4206651926350435,0.22845614588733854,1.6976795773017623,-0.5863448628698316,78.45227795219287,-0.9311834499543656
prague,gbdt+k10d,3,0,20,12.174385859087034,0.18928797136073777,0.5113608187002683,0.8142032775060298,0.7735162184703469,-0.008103599846719156,0.9283073732615017,0.9281495841128868,0.07135450713432367,0.979228185650204,0.979228185650204,0.020771814349796025,7.342773320494897,0.21035547641052227,1.6976795773017623,-0.5394887773823731,78.45227795219287,-0.9311834499543656
prague,gbdt,4,0,20,12.213894487287472,0.2979210449865098,0.5113608187002683,0.8142032775060298,0.7533304781011203,-0.05351306268737466,0.9283073732615017,0.9282510199941393,0.07080224511417177,0.979228185650204,0.979228185650204,0.020771814349796025,7.611630562896554,0.27334715866825954,1.6976795773017623,-0.681990167244571,78.45227795219287,-0.9311834499543656
prague,gbdt,4,0,10,12.463941624740453,2.3155802653619806,0.5169848747830399,0.7602619299867006,0.6564366701981381,-0.18200978292721415,0.8987557198566373,0.8897730090390641,0.060365619998647535,0.9655681536415481,0.9655681536415481,0.03443184635845187,8.247846359990636,0.3183057953700155,1.8265724779450325,-0.8184326439668583,110.1017458172015,-0.952010082730093
prague,gbdt+k10,4,0,20,12.198074851066302,0.032281537286616556,0.5113608187002683,0.8142032775060298,0.7595969614318239,-0.040641976421793014,0.9283073732615017,0.9281833960733044,0.07120798863918132,0.979228185650204,0.979228185650204,0.020771814349796025,7.606611972355259,0.2727160020738002,1.6976795773017623,-0.6810929399157144,78.45227795219287,-0.9311834499543656
prague,gbdt+k10,4,1,20,12.214377467911593,-0.5953731129608497,0.5113608187002683,0.8142032775060298,0.7790839212857561,0.005331019092486899,0.9283073732615017,0.9282510199941393,0.07163627347113588,0.979228185650204,0.979228185650204,0.020771814349796025,7.44367402882189,0.2392196199535649,1.6976795773017623,-0.6064492362959777,78.45227795219287,-0.9311834499543656
prague,gbdt+k10,4,2,20,12.345297224077507,1.975866183363053,0.5113608187002683,0.8142032775060298,0.7125983364515475,-0.13745688975046777,0.9283073732615017,0.9283862678358091,0.0632058246737146,0.979228185650204,0.979228185650204,0.020771814349796025,7.696967974989693,0.2898924779658725,1.6976795773017623,-0.7132188023100894,78.45227795219287,-0.9311834499543656
prague,gbdt+k10,4,3,20,12.313873528628159,1.012145941256837,0.5113608187002683,0.8142032775060298,0.7074589184680928,-0.15445303518698017,0.9283073732615017,0.9282961026080292,0.06678989247796585,0.979228185650204,0.979228185650204,0.020771814349796025,8.198292148243638,0.3621711786849402,1.6976795773017623,-0.8604076634188083,78.45227795219287,-0.9311834499543656
prague,gbdt+k10,4,4,20,12.28721787514952,-1.548256765961956,0.5113608187002683,0.8142032775060298,0.8001825845862544,0.0655839325564096,0.9283073732615017,0.9283073732615017,0.0716926267384983,0.979228185650204,0.979228185650204,0.020771814349796025,7.303875992662648,0.19662782048103145,1.6976795773017623,-0.5059341560353503,78.45227795219287,-0.9311834499543656
prague,gbdt+k10,4,5,20,12.31491595661189,1.75544017946919,0.5113608187002683,0.8142032775060298,0.7351847260104141,-0.09016522777990676,0.9283073732615017,0.9282961026080292,0.06593332281405673,0.979228185650204,0.979228185650204,0.020771814349796025,7.454375445499976,0.24308545409462842,1.6976795773017623,-0.6125035754398636,78.45227795219287,-0.9311834499543656
prague,gbdt+k10,4,6,20,12.231042794583667,0.46653650576033934,0.5113608187002683,0.8142032775060298,0.7766607307891712,0.004959087527894868,0.9283073732615017,0.9281608547663593,0.07138831909474108,0.979228185650204,0.979228185650204,0.020771814349796025,7.240084128988303,0.17920339021256448,1.6976795773017623,-0.46091344383043786,78.45227795219287,-0.9311834499543656
prague,gbdt+k10,4,7,20,12.266079247677443,1.2458275122304414,0.5113608187002683,0.8142032775060298,0.7610959583436647,-0.03192976128755953,0.9283073732615017,0.928014336271217,0.06964136780650543,0.979228185650204,0.979228185650204,0.020771814349796025,7.29668100627644,0.19019227734824062,1.6976795773017623,-0.4808772962786769,78.45227795219287,-0.9311834499543656
prague,gbdt+k10,4,8,20,12.23381881829421,1.1407745955167048,0.5113608187002683,0.8142032775060298,0.7465680860176273,-0.06724071861686542,0.9283073732615017,0.9281157721524694,0.0690440231724635,0.979228185650204,0.979228185650204,0.020771814349796025,7.4907650958064655,0.2473795730676465,1.6976795773017623,-0.6217534153539088,78.45227795219287,-0.9311834499543656
prague,gbdt+k10,4,9,20,12.239877958802396,1.2077527486196962,0.5113608187002683,0.8142032775060298,0.7502535897031309,-0.057176025065933334,0.9283073732615017,0.9280932308455244,0.0701034645988774,0.979228185650204,0.979228185650204,0.020771814349796025,7.41109610379326,0.22580754232130376,1.6976795773017623,-0.5763407959845228,78.45227795219287,-0.9311834499543656
prague,gbdt+k10d,4,0,20,12.217422736785627,0.5168441638698751,0.5113608187002683,0.8142032775060298,0.7649843337916732,-0.027342605324256697,0.9283073732615017,0.9282284786871943,0.07059937335166688,0.979228185650204,0.979228185650204,0.020771814349796025,7.362655355361762,0.21469467799743025,1.6976795773017623,-0.5465160956902977,78.45227795219287,-0.9311834499543656
prague,gbdt_iw,0,0,20,12.280812122522965,0.2700306111002898,0.5113608187002683,0.8142032775060298,0.7508509343371729,-0.05558686292631254,0.9283073732615017,0.9268647296170232,0.06867209160787147,0.979228185650204,0.979228185650204,0.020771814349796025,7.616436501320166,0.270056127854293,1.6976795773017623,-0.6768646566106569,78.45227795219287,-0.9311834499543656
prague,gbdt_iw,0,0,10,12.525694122330183,2.292800327819735,0.5169848747830399,0.7602619299867006,0.6557717016432613,-0.17679147036945198,0.8987557198566373,0.8890066046029349,0.06065865698893225,0.9655681536415481,0.9655681536415481,0.03443184635845187,8.247402964655253,0.31698712891373443,1.8265724779450325,-0.8124663622803043,110.1017458172015,-0.952010082730093
prague,gbdt_iw,1,0,20,12.25292514445973,0.48298452846398554,0.5113608187002683,0.8142032775060298,0.7485629916822577,-0.06513310641751013,0.9283073732615017,0.9280256069246895,0.07111782341140138,0.979228185650204,0.979228185650204,0.020771814349796025,7.596196869521743,0.2698081734778982,1.6976795773017623,-0.6699054979355428,78.45227795219287,-0.9311834499543656
prague,gbdt_iw,1,0,10,12.532474769099817,2.510948751850397,0.5169848747830399,0.7602619299867006,0.6509478619570362,-0.18991051101142842,0.8987557198566373,0.8927033789419111,0.06352140297094422,0.9655681536415481,0.9657484840971079,0.03420643328900208,8.235111784831581,0.3152063656650813,1.8265724779450325,-0.8051321880883351,110.1017458172015,-0.952010082730093
prague,gbdt_iw,2,0,20,12.22485714908158,0.34832853105216716,0.5113608187002683,0.8142032775060298,0.7504790027725807,-0.05877645785902674,0.9283073732615017,0.9273719090232851,0.069562473232198,0.979228185650204,0.979228185650204,0.020771814349796025,7.59787792380588,0.2695602191015035,1.6976795773017623,-0.6759597477528452,78.45227795219287,-0.9311834499543656
prague,gbdt_iw,2,0,10,12.492639069410647,2.3657332409010685,0.5169848747830399,0.7602619299867006,0.6513874174424633,-0.18521064851340074,0.8987557198566373,0.8897842796925366,0.06078263417712959,0.9655681536415481,0.9656470482158556,0.034352951784144437,8.23242772140394,0.31757320289430385,1.8265724779450325,-0.8118347404886794,110.1017458172015,-0.952010082730093
prague,gbdt_iw,3,0,20,12.253967458821002,0.43572918326889204,0.5113608187002683,0.8142032775060298,0.7454861032842685,-0.0714334017086311,0.9283073732615017,0.9282397493406668,0.0711741766787638,0.979228185650204,0.979228185650204,0.020771814349796025,7.617679526874764,0.2718819737168361,1.6976795773017623,-0.6790378645663249,78.45227795219287,-0.9311834499543656
prague,gbdt_iw,3,0,10,12.535223044579322,2.4580077932134277,0.5169848747830399,0.7602619299867006,0.6462367288055362,-0.19178143948786153,0.8987557198566373,0.8897617383855916,0.06114329508824923,0.9655681536415481,0.9655681536415481,0.03443184635845187,8.257716181466739,0.3209431282825778,1.8265724779450325,-0.815138015376685,110.1017458172015,-0.952010082730093
prague,gbdt_iw,4,0,20,12.283684934934172,0.23286076988779406,0.5113608187002683,0.8142032775060298,0.7491377950093546,-0.06174063972229116,0.9283073732615017,0.9281721254198319,0.07006965263845999,0.979228185650204,0.979228185650204,0.020771814349796025,7.597685222436627,0.2708676149043121,1.6976795773017623,-0.6745609370102355,78.45227795219287,-0.9311834499543656
prague,gbdt_iw,4,0,10,12.521559768489238,2.259192362289491,0.5169848747830399,0.7602619299867006,0.657586276852332,-0.17520230822983118,0.8987557198566373,0.8882627414737506,0.05876518720555424,0.9655681536415481,0.9655681536415481,0.03443184635845187,8.233735053567987,0.3185762910533552,1.8265724779450325,-0.8109914857104004,110.1017458172015,-0.952010082730093
prague,gp_ard,0,0,20,12.163935477031599,0.9345882598593344,0.5113608187002683,0.8142032775060298,0.7381714491806235,-0.08798999165971644,0.9283073732615017,0.9283073732615017,0.06928070689538579,0.979228185650204,0.979228185650204,0.020771814349796025,7.560556720584663,0.26939115929941615,1.6976795773017623,-0.6787305812416231,78.45227795219287,-0.9311834499543656
prague,gp_ard,0,0,10,12.509382718716028,2.9678873746248766,0.5169848747830399,0.7602619299867006,0.6374456190969953,-0.22536798683587678,0.8987557198566373,0.8875414196515113,0.05346798007348463,0.9655681536415481,0.9655681536415481,0.03443184635845187,8.19266664831168,0.31767463877555624,1.8265724779450325,-0.8127886984484276,110.1017458172015,-0.952010082730093
prague,kernel,0,0,20,12.239131320353495,0.5373279439394989,0.5113608187002683,0.8142032775060298,0.7449789238780065,-0.06736469580506277,0.9283073732615017,0.9274846155580101,0.07055429073777697,0.979228185650204,0.979228185650204,0.020771814349796025,7.6821630879330725,0.28584631336924915,1.6976795773017623,-0.7102087889720993,78.45227795219287,-0.9311834499543656
prague,kernel,0,0,10,12.531890262438024,2.5658187448644343,0.5169848747830399,0.7602619299867006,0.6390460518900886,-0.20535130626873743,0.8987557198566373,0.8909789689606203,0.0637130040799766,0.9655681536415481,0.9655681536415481,0.03443184635845187,8.295120962972463,0.33169533169533166,1.8265724779450325,-0.8417532818507809,110.1017458172015,-0.952010082730093
prague,knn,0,0,20,12.175303885389502,0.7121292467954499,0.5113608187002683,0.8142032775060298,0.7459369294231679,-0.05964429817640826,0.9283073732615017,0.9283299145684467,0.07067826792597431,0.979228185650204,0.979228185650204,0.020771814349796025,7.627529823688819,0.27850911795865924,1.6976795773017623,-0.6989291204700956,78.45227795219287,-0.9311834499543656
prague,knn,0,0,10,12.512541913169008,2.7186560905801214,0.5169848747830399,0.7602619299867006,0.6370849581858756,-0.2010233753353019,0.8987557198566373,0.8926357550210762,0.06363410950566917,0.9655681536415481,0.9655681536415481,0.03443184635845187,8.241744364703413,0.32204765232288163,1.8265724779450325,-0.8298658454955872,110.1017458172015,-0.952010082730093
prague,median,0,0,20,13.106484538892829,2.5247072971948055,0.5113608187002683,0.8142032775060298,0.665182697292789,-0.10757838739490122,0.9283073732615017,0.9283073732615017,0.0716926267384983,0.979228185650204,0.979228185650204,0.020771814349796025,7.5965604450583895,0.2833780402587742,1.6976795773017623,-0.7409379066665877,78.45227795219287,-0.9311834499543656
prague,median,0,0,10,13.650681733416857,4.332771070914946,0.5169848747830399,0.7602619299867006,0.5306899894055858,-0.2443026846696571,0.8987557198566373,0.8770258999616798,0.051382909181074354,0.9655681536415481,0.9655681536415481,0.03443184635845187,8.271563846034937,0.319770980321439,1.8265724779450325,-0.85529320174311,110.1017458172015,-0.952010082730093
prague,mlp,0,0,20,12.13948244811879,0.5546565113932757,0.5113608187002683,0.8142032775060298,0.7485629916822577,-0.06860446768703654,0.9283073732615017,0.9282961026080292,0.06972026238081286,0.979228185650204,0.979228185650204,0.020771814349796025,7.623668807330814,0.2756801839370647,1.6976795773017623,-0.6851581243568465,78.45227795219287,-0.9311834499543656
prague,mlp,0,0,10,12.438818604462377,2.5705035208490385,0.5169848747830399,0.7602619299867006,0.6490994747875481,-0.19989630998805308,0.8987557198566373,0.8924216126050989,0.060827716791019615,0.9655681536415481,0.9655681536415481,0.03443184635845187,8.25415243147792,0.320695173906183,1.8265724779450325,-0.8165786301788713,110.1017458172015,-0.952010082730093
prague,mlp,1,0,20,12.140716455173513,0.5167958695493298,0.5113608187002683,0.8142032775060298,0.7530374411108356,-0.057390167481910614,0.9283073732615017,0.9282059373802493,0.06969772107386785,0.979228185650204,0.979228185650204,0.020771814349796025,7.569822963126301,0.2679935982688276,1.6976795773017623,-0.6721914812522991,78.45227795219287,-0.9311834499543656
prague,mlp,1,0,10,12.439408843116423,2.5315115330932882,0.5169848747830399,0.7602619299867006,0.6534837589883461,-0.18811847710930274,0.8987557198566373,0.8921736582287041,0.06046705587989998,0.9655681536415481,0.9655681536415481,0.03443184635845187,8.219756668539272,0.3133128958817032,1.8265724779450325,-0.8063965276101313,110.1017458172015,-0.952010082730093
prague,mlp,2,0,20,12.171745755972388,0.1569517190635523,0.5113608187002683,0.8142032775060298,0.7589658048373644,-0.04668304668304668,0.9283073732615017,0.9281721254198319,0.06968645042039534,0.979228185650204,0.979228185650204,0.020771814349796025,7.54261647960117,0.26676509704032636,1.6976795773017623,-0.6683372198707189,78.45227795219287,-0.9311834499543656
prague,mlp,2,0,10,12.398460098830347,2.175885371560886,0.5169848747830399,0.7602619299867006,0.6629623785587089,-0.17401888961521983,0.8987557198566373,0.8920045984266167,0.0610644005139418,0.9655681536415481,0.9655681536415481,0.03443184635845187,8.185138164662257,0.31203931203931207,1.8265724779450325,-0.80233378154495,110.1017458172015,-0.952010082730093
prague,mlp,3,0,20,12.162962150093211,0.7669279329493857,0.5113608187002683,0.8142032775060298,0.7446971575411943,-0.07285350404616464,0.9283073732615017,0.9281608547663593,0.06976534499470277,0.979228185650204,0.979228185650204,0.020771814349796025,7.594919989803605,0.273955773955774,1.6976795773017623,-0.6845648846407961,78.45227795219287,-0.9311834499543656
prague,mlp,3,0,10,12.49618862345083,2.786363107532527,0.5169848747830399,0.7602619299867006,0.6411649347429164,-0.2078984739535198,0.8987557198566373,0.8915650429411898,0.05900187092847642,0.9655681536415481,0.9655681536415481,0.03443184635845187,8.228621469893012,0.3189820345783649,1.8265724779450325,-0.8150254272007493,110.1017458172015,-0.952010082730093
prague,mlp,4,0,20,12.13200766212821,0.10599619133283346,0.5113608187002683,0.8142032775060298,0.7634853368798323,-0.03740729887518879,0.9283073732615017,0.9283524558753916,0.07160246151071836,0.979228185650204,0.979228185650204,0.020771814349796025,7.551783648670344,0.2653224533958479,1.6976795773017623,-0.663501616908085,78.45227795219287,-0.9311834499543656
prague,mlp,4,0,10,12.366278611774835,2.127277412603687,0.5169848747830399,0.7602619299867006,0.6645966233122197,-0.16634357460045535,0.8987557198566373,0.8931992876947006,0.06561774451682711,0.9655681536415481,0.9655681536415481,0.03443184635845187,8.1741982687576,0.3123887022969592,1.8265724779450325,-0.7960228947922836,110.1017458172015,-0.952010082730093
prague,ridge,0,0,20,12.06510372330415,0.18077604819970794,0.5113608187002683,0.8142032775060298,0.7624033541464734,-0.03513062687374613,0.9283073732615017,0.9278678177760746,0.07057683204472198,0.979228185650204,0.979228185650204,0.020771814349796025,7.648581324397665,0.28196920857471314,1.6976795773017623,-0.699740533862136,78.45227795219287,-0.9311834499543656
prague,ridge,0,0,10,12.313666355653623,2.1769345330122474,0.5169848747830399,0.7602619299867006,0.6594910172891825,-0.17025449135540882,0.8987557198566373,0.8963099880531074,0.07485968036426749,0.9655681536415481,0.9655681536415481,0.03443184635845187,8.265774656128992,0.32687149200910665,1.8265724779450325,-0.8332597097746615,110.1017458172015,-0.952010082730093
prague,ridge+k10,0,0,20,12.057189967451334,-0.5466783720849349,0.5113608187002683,0.8142032775060298,0.7830399206545996,0.01429118860311518,0.9283073732615017,0.9282961026080292,0.07134323648085117,0.979228185650204,0.979228185650204,0.020771814349796025,7.545439447060159,0.2632035705430201,1.6976795773017623,-0.6591938717271975,78.45227795219287,-0.9311834499543656
prague,ridge+k10,0,1,20,12.052671361639884,-0.04561943617428361,0.5113608187002683,0.8142032775060298,0.7780357505128147,0.005725491964024054,0.9283073732615017,0.9282735613010842,0.0711854473322363,0.979228185650204,0.979228185650204,0.020771814349796025,7.428672928439088,0.24040303856817616,1.6976795773017623,-0.6074888929171509,78.45227795219287,-0.9311834499543656
prague,ridge+k10,0,2,20,12.332191056759223,2.676029726220689,0.5113608187002683,0.8142032775060298,0.7052836823479025,-0.15277370781957944,0.9283073732615017,0.928915988549016,0.062337984356332976,0.979228185650204,0.979228185650204,0.020771814349796025,7.655883911855513,0.2845840001803305,1.6976795773017623,-0.7019597728929864,78.45227795219287,-0.9311834499543656
prague,ridge+k10,0,3,20,12.195553698221604,1.4302927028793333,0.5113608187002683,0.8142032775060298,0.7040551811194014,-0.15887113134819564,0.9283073732615017,0.9285665982913689,0.06568536843766204,0.979228185650204,0.979228185650204,0.020771814349796025,8.134222839651228,0.3542817212541983,1.6976795773017623,-0.8460571319643917,78.45227795219287,-0.9311834499543656
prague,ridge+k10,0,4,20,12.108129374644149,-1.0749282153075745,0.5113608187002683,0.8142032775060298,0.8048260938169195,0.0802132407636994,0.9283073732615017,0.9283073732615017,0.0716926267384983,0.979228185650204,0.979228185650204,0.020771814349796025,7.280563568334312,0.1908910578635349,1.6976795773017623,-0.4903625102611908,78.45227795219287,-0.9311834499543656
prague,ridge+k10,0,5,20,12.207218482500773,2.008804955161002,0.5113608187002683,0.8142032775060298,0.7324121452561819,-0.09480873701057191,0.9283073732615017,0.9286680341726213,0.06574172170502446,0.979228185650204,0.979228185650204,0.020771814349796025,7.494457536982933,0.25321777156639547,1.6976795773017623,-0.6330901824620954,78.45227795219287,-0.9311834499543656
prague,ridge+k10,0,6,20,12.071954519324295,-0.011010757120345901,0.5113608187002683,0.8142032775060298,0.786995920023443,0.03740729887518879,0.9283073732615017,0.9282397493406668,0.07160246151071836,0.979228185650204,0.979228185650204,0.020771814349796025,7.256622056320354,0.18942587291211144,1.6976795773017623,-0.48445371756475986,78.45227795219287,-0.9311834499543656
prague,ridge+k10,0,7,20,12.086209610227726,0.5636943959685605,0.5113608187002683,0.8142032775060298,0.7787232603746366,0.014843450623267085,0.9283073732615017,0.9283299145684467,0.07135450713432367,0.979228185650204,0.979228185650204,0.020771814349796025,7.273951499033534,0.1843878908099092,1.6976795773017623,-0.4651811401045507,78.45227795219287,-0.9311834499543656
prague,ridge+k10,0,8,20,12.086872186006463,1.0102499135808003,0.5113608187002683,0.8142032775060298,0.7538601988143273,-0.05323129635056245,0.9283073732615017,0.92761986339968,0.06913418840024343,0.979228185650204,0.979228185650204,0.020771814349796025,7.527738363554629,0.2575344318463585,1.6976795773017623,-0.6417787292998962,78.45227795219287,-0.9311834499543656
prague,ridge+k10,0,9,20,12.031313315129939,0.09351207599661351,0.5113608187002683,0.8142032775060298,0.7735613010842368,-0.0072695714897550445,0.9283073732615017,0.9281495841128868,0.07097130491625903,0.979228185650204,0.979228185650204,0.020771814349796025,7.500826167451151,0.2479205644343259,1.6976795773017623,-0.625638322257736,78.45227795219287,-0.9311834499543656
prague,ridge+k10d,0,0,20,12.115753741446019,1.0727709977998001,0.5113608187002683,0.8142032775060298,0.7660550458715596,-0.02422063431237742,0.9283073732615017,0.9279129003899647,0.06940468408358313,0.979228185650204,0.979228185650204,0.020771814349796025,7.319398099968311,0.2046525257534432,1.6976795773017623,-0.5201650858469111,78.45227795219287,-0.9311834499543656
prague,uma_los,0,0,20,24.477033701392827,-20.823065792921476,0.5113608187002683,0.8142032775060298,0.8142032775060298,0.18579672249397017,0.9283073732615017,0.9283073732615017,0.0716926267384983,0.979228185650204,0.979228185650204,0.020771814349796025,8.747555816628333,0.42684218831007825,1.6976795773017623,-1.0116526108401076,78.45227795219287,-0.9311834499543656
prague,uma_los,0,0,10,23.044424709039752,-19.09915007589584,0.5169848747830399,0.7602619299867006,0.7602619299867006,0.2397380700132994,0.8987557198566373,0.8987557198566373,0.10124428014336273,0.9655681536415481,0.9655681536415481,0.03443184635845187,9.175965236266254,0.4266167752406284,1.8265724779450325,-1.0791461577790196,110.1017458172015,-0.952010082730093
prague,uma_nlos,0,0,20,21.18793641585105,16.27699779526137,0.5113608187002683,0.8142032775060298,0.48587787119897213,-0.41627031535288417,0.9283073732615017,0.7002682415526452,-0.22194170818024028,0.979228185650204,0.9761512972522147,0.01728918242679711,7.1101103855420495,0.11129770304082232,1.6976795773017623,-0.2509774431360079,78.45227795219287,-0.9311834499543656
prague,uma_nlos,0,0,10,22.834698066889615,18.274194705342847,0.5169848747830399,0.7602619299867006,0.4001758221941708,-0.5365732705182247,0.8987557198566373,0.5325609178820188,-0.38304442891598856,0.9655681536415481,0.8659355769447512,-0.08850844171945094,8.151852050785307,0.21813222730653925,1.8265724779450325,-0.5310769733249305,110.1017458172015,-0.952010082730093
vienna,oracle,0,0,20,11.352962238979082,0.00013399179625280815,0.5160771299997486,0.6410488473238304,0.7184051084797748,-0.15126832088895598,0.8048118259295572,0.8274253965859668,0.07108379214118721,0.9233476632224652,0.924818362370214,0.06924856072604779,9.154778151710753,0.39061517962641723,1.7129426303724664,-0.9123417826965445,68.17021900282606,-0.9246303642264695
vienna,oracle,0,0,10,11.371154644555673,1.3791394051174282,0.5272644995851874,0.5529954496316967,0.6962566307162431,-0.19257359780777833,0.7321442039369485,0.7947683334590341,0.05584885737989298,0.8673102546697841,0.8739221157955602,0.11830957588556201,8.993219472988299,0.3332327727078463,1.7606631849206063,-0.8103263160502713,97.19729226629332,-0.9468548211564971
vienna,coral,0,0,20,12.53310864261294,0.36896358379166233,0.5167307740654147,0.6410488473238304,0.6759810946024084,-0.17664730874626045,0.8048118259295572,0.806169394373633,0.10589033863790631,0.9233476632224652,0.9233476632224652,0.0766523367775348,8.963938888406114,0.38828971516202826,1.7129426303724664,-0.9668448996616166,76.54030895922052,-0.9288856833754057
vienna,coral,0,0,10,12.526162835137177,1.9333105384448257,0.5285969278728914,0.5529954496316967,0.6623425597707218,-0.22970560876888652,0.7321442039369485,0.7637579505744526,0.0575206777786158,0.8673102546697841,0.8673102546697841,0.13268974533021594,9.026994984886615,0.32620609900193587,1.7606631849206063,-0.8699442480621504,110.01959365150591,-0.951570775593122
vienna,cost231,0,0,20,20.292182530494344,15.230277072948896,0.5167307740654147,0.6410488473238304,0.4932750081705508,-0.43384367850768035,0.8048118259295572,0.6114211730396963,-0.24656208361616005,0.9233476632224652,0.8679136184227065,-0.0031927998592150564,8.060324525894803,0.23825326193528926,1.7129426303724664,-0.6342791660990392,76.54030895922052,-0.9288856833754057
vienna,cost231,0,0,10,21.329031133999617,16.591904279473574,0.5285969278728914,0.5529954496316967,0.5160645599215627,-0.447029690524675,0.7321442039369485,0.5379113558086331,-0.3644442768434019,0.8673102546697841,0.7490383890187797,-0.08076275234431962,9.08089021548807,0.2490760992533374,1.7606631849206063,-0.7075058061321016,110.01959365150591,-0.951570775593122
vienna,encoder,0,0,20,12.746092933409674,-3.162699585745563,0.5167307740654147,0.6410488473238304,0.6999396636247077,0.05285717877165197,0.8048118259295572,0.8058677124971717,0.19119088920733096,0.9233476632224652,0.9233476632224652,0.0766523367775348,8.567201463699982,0.34037257711742963,1.7129426303724664,-0.8849245702222155,76.54030895922052,-0.9288856833754057
vienna,encoder,0,0,10,12.350933999430145,-1.6247025866434712,0.5285969278728914,0.5529954496316967,0.6958669582924806,-0.026284033486688285,0.7321442039369485,0.7422254066420293,0.2350981723106318,0.8673102546697841,0.8673102546697841,0.13268974533021594,8.733162314756514,0.2813937702692511,1.7606631849206063,-0.7659197454329632,110.01959365150591,-0.951570775593122
vienna,encoder,1,0,20,12.599736864537563,-2.1852508042373984,0.5167307740654147,0.6410488473238304,0.6938180355481811,0.012846619905975798,0.8048118259295572,0.8058928526535435,0.1857103351182845,0.9233476632224652,0.9233476632224652,0.0766523367775348,8.497463963321422,0.33164894285642454,1.7129426303724664,-0.8686965062527886,76.54030895922052,-0.9288856833754057
vienna,encoder,1,0,10,12.312389453903897,-0.6435436928645191,0.5285969278728914,0.5529954496316967,0.6871056137969178,-0.07323327551097364,0.7321442039369485,0.7467632048671343,0.212409181185107,0.8673102546697841,0.8673102546697841,0.13268974533021594,8.712117040547703,0.27627774844759534,1.7606631849206063,-0.7570190123984171,110.01959365150591,-0.951570775593122
vienna,encoder,2,0,20,12.64911994717227,-2.506156418569483,0.5167307740654147,0.6410488473238304,0.6987329361188627,0.008333961837242554,0.8048118259295572,0.8060814038263318,0.18677879176408485,0.9233476632224652,0.9233476632224652,0.0766523367775348,8.61229826899666,0.34661990597581516,1.7129426303724664,-0.8952782605858625,76.54030895922052,-0.9288856833754057
vienna,encoder,2,0,10,12.321946280352686,-0.9652067795493234,0.5285969278728914,0.5529954496316967,0.6907257963144531,-0.07092038112477056,0.7321442039369485,0.7493903512079845,0.2098071750006285,0.8673102546697841,0.8673102546697841,0.13268974533021594,8.772523089239181,0.28769137944038015,1.7606631849206063,-0.7799749824913025,110.01959365150591,-0.951570775593122
vienna,encoder,3,0,20,12.636243664744754,-2.4910369014490463,0.5167307740654147,0.6410488473238304,0.6981044322095683,0.020602358146667665,0.8048118259295572,0.8060814038263318,0.18808607989541704,0.9233476632224652,0.9233476632224652,0.0766523367775348,8.55337392739304,0.33901500867335393,1.7129426303724664,-0.8809543707730243,76.54030895922052,-0.9288856833754057
vienna,encoder,3,0,10,12.318476730534762,-0.9583074224587788,0.5285969278728914,0.5529954496316967,0.6905875254544084,-0.061580813032657,0.7321442039369485,0.7477059607310758,0.21470950549312418,0.8673102546697841,0.8673102546697841,0.13268974533021594,8.730770869050506,0.28155718128566765,1.7606631849206063,-0.7638889643826872,110.01959365150591,-0.951570775593122
vienna,encoder,4,0,20,12.77737944376599,-3.0344638202600707,0.5167307740654147,0.6410488473238304,0.6971113960328833,0.04806797898282922,0.8048118259295572,0.8059305628881012,0.18906654599391615,0.9233476632224652,0.9233476632224652,0.0766523367775348,8.47431494545229,0.3275510973678256,1.7129426303724664,-0.8609358700460866,76.54030895922052,-0.9288856833754057
vienna,encoder,4,0,10,12.394406866433181,-1.4930991756747334,0.5285969278728914,0.5529954496316967,0.6942202780501294,-0.03479397641853332,0.7321442039369485,0.7446765718882772,0.2256580435930312,0.8673102546697841,0.8673102546697841,0.13268974533021594,8.695307761661656,0.2730723785101944,1.7606631849206063,-0.7495565723670536,110.01959365150591,-0.951570775593122
vienna,gbdt,0,0,20,12.682776536959867,-3.006854469508002,0.5167307740654147,0.6410488473238304,0.7059858712321191,0.03703145033562105,0.8048118259295572,0.8064585061719084,0.19029841365613298,0.9233476632224652,0.9233476632224652,0.0766523367775348,8.642653975897925,0.3515473766246826,1.7129426303724664,-0.9081455734146585,76.54030895922052,-0.9288856833754057
vienna,gbdt,0,0,10,12.311719561658744,-1.4946913657522307,0.5285969278728914,0.5529954496316967,0.6967217236091209,-0.038627850265228636,0.7321442039369485,0.746461522990673,0.23184252206048728,0.8673102546697841,0.8673102546697841,0.13268974533021594,8.774038524584718,0.2917138044598637,1.7606631849206063,-0.7906608762705406,110.01959365150591,-0.951570775593122
vienna,gbdt+k10,0,0,20,12.469280272787461,1.8536367328939163,0.5167307740654147,0.6410488473238304,0.6458003368780953,-0.2541921210749931,0.8048118259295572,0.7988033285567037,0.08059934132790314,0.9233476632224652,0.9233476632224652,0.0766523367775348,9.339707440461137,0.43525152726449956,1.7129426303724664,-1.0523008434103946,76.54030895922052,-0.9288856833754057
vienna,gbdt+k10,0,1,20,12.441318872853,1.9138575216936533,0.5167307740654147,0.6410488473238304,0.6559695301304774,-0.22647509867511378,0.8048118259295572,0.801091082786535,0.09779520828619559,0.9233476632224652,0.9233476632224652,0.0766523367775348,9.053996815391045,0.40088493350428644,1.7129426303724664,-1.0030686282819268,76.54030895922052,-0.9288856833754057
vienna,gbdt+k10,0,2,20,12.452930024564834,-1.9581108260999143,0.5167307740654147,0.6410488473238304,0.703459285516756,-0.009138446841139403,0.8048118259295572,0.807501822661337,0.18588631621288687,0.9233476632224652,0.9233476632224652,0.0766523367775348,8.696218708883093,0.3579581164994846,1.7129426303724664,-0.9190941806023428,76.54030895922052,-0.9288856833754057
vienna,gbdt+k10,0,3,20,12.780801753956117,3.0321569818449947,0.5167307740654147,0.6410488473238304,0.6016919325238202,-0.3537848505417704,0.8048118259295572,0.7790180254921185,-0.012067275058450844,0.9233476632224652,0.923372803378837,0.07640093521381708,10.07742881623185,0.5141916182718657,1.7129426303724664,-1.1663061302562912,76.54030895922052,-0.9288856833754057
vienna,gbdt+k10,0,4,20,12.33148698443215,0.6828962742169219,0.5167307740654147,0.6410488473238304,0.6819141715061467,-0.11895064987304227,0.8048118259295572,0.8102923800186037,0.14681851321115225,0.9233476632224652,0.9233476632224652,0.0766523367775348,8.589232624424254,0.3451114965935088,1.7129426303724664,-0.8957513570548039,76.54030895922052,-0.9288856833754057
vienna,gbdt+k10,0,5,20,12.424737441566297,1.4867133243483206,0.5167307740654147,0.6410488473238304,0.6659250320536994,-0.205885310606632,0.8048118259295572,0.8025743520124695,0.10815295271136594,0.9233476632224652,0.9233476632224652,0.0766523367775348,8.963645907163647,0.38932046157327094,1.7129426303724664,-0.9816851907048997,76.54030895922052,-0.9288856833754057
vienna,gbdt+k10,0,6,20,12.648182442867572,2.7259489391105243,0.5167307740654147,0.6410488473238304,0.6247831661512935,-0.3063830857027931,0.8048118259295572,0.7906327777358775,0.030394449053473105,0.9233476632224652,0.9233979435352088,0.07652663599567588,9.586288693175069,0.45983860019609324,1.7129426303724664,-1.0850211515963752,76.54030895922052,-0.9288856833754057
vienna,gbdt+k10,0,7,20,12.315237030222704,-0.1275694261461304,0.5167307740654147,0.6410488473238304,0.6927998592151243,-0.05557231565980347,0.8048118259295572,0.8112351358825451,0.16940694371118992,0.9233476632224652,0.9233476632224652,0.0766523367775348,8.363217155154748,0.314566206601805,1.7129426303724664,-0.8284422617424191,76.54030895922052,-0.9288856833754057
vienna,gbdt+k10,0,8,20,12.365025009153902,-1.038643306142436,0.5167307740654147,0.6410488473238304,0.6993740101063428,-0.02423511074238882,0.8048118259295572,0.8089850918872715,0.18010408024737923,0.9233476632224652,0.9233476632224652,0.0766523367775348,8.39831153088128,0.3177212962264625,1.7129426303724664,-0.8332579493388369,76.54030895922052,-0.9288856833754057
vienna,gbdt+k10,0,9,20,12.324770802877918,-0.48387093486824484,0.5167307740654147,0.6410488473238304,0.6843024863614652,-0.11158458405611282,0.8048118259295572,0.8108957437715263,0.16811222565804362,0.9233476632224652,0.9233476632224652,0.0766523367775348,9.022963713747513,0.3957060612917012,1.7129426303724664,-0.99094154354954,76.54030895922052,-0.9288856833754057
vienna,gbdt+k10d,0,0,20,12.706557740569677,3.1237705449612347,0.5167307740654147,0.6410488473238304,0.6396409985670111,-0.26648565754078996,0.8048118259295572,0.7917389446162355,0.051109937903813796,0.9233476632224652,0.9233476632224652,0.07642607537018886,8.922069945354897,0.38290972169846893,1.7129426303724664,-0.9662652453222775,76.54030895922052,-0.9288856833754057
vienna,gbdt,1,0,20,12.663576916826928,-3.0119632281078914,0.5167307740654147,0.6410488473238304,0.708323905774694,0.028810619202051413,0.8048118259295572,0.8072127108630616,0.18931794755763387,0.9233476632224652,0.9233476632224652,0.0766523367775348,8.634391534280903,0.35046634990069636,1.7129426303724664,-0.9067314603601252,76.54030895922052,-0.9288856833754057
vienna,gbdt,1,0,10,12.28465731487726,-1.499486468183976,0.5285969278728914,0.5529954496316967,0.6999899439374513,-0.04259999497196865,0.7321442039369485,0.7486235764386454,0.2260854262513513,0.8673102546697841,0.8673102546697841,0.13268974533021594,8.774093470039906,0.2928828217311512,1.7606631849206063,-0.7902336553852229,110.01959365150591,-0.951570775593122
vienna,gbdt+k10,1,0,20,12.513514900622894,2.2650820789106065,0.5167307740654147,0.6410488473238304,0.6399301103652865,-0.2715513990497021,0.8048118259295572,0.7979108530055057,0.06444679085903915,0.9233476632224652,0.923372803378837,0.07640093521381708,9.25484802852261,0.42493149307388695,1.7129426303724664,-1.0372060836944361,76.54030895922052,-0.9288856833754057
vienna,gbdt+k10,1,1,20,12.451977886152202,2.106696582500346,0.5167307740654147,0.6410488473238304,0.6495210800211177,-0.2465243733816025,0.8048118259295572,0.8025492118560977,0.08859391105412684,0.9233476632224652,0.923372803378837,0.07645121552656065,9.061585345124781,0.402255072026548,1.7129426303724664,-1.004904277236249,76.54030895922052,-0.9288856833754057
vienna,gbdt+k10,1,2,20,12.39478830903324,-1.6665598831877824,0.5167307740654147,0.6410488473238304,0.7039746587223773,-0.026673705910450818,0.8048118259295572,0.8094753249365211,0.18177590064610205,0.9233476632224652,0.9233476632224652,0.0766523367775348,8.63442194353101,0.3499761168514468,1.7129426303724664,-0.9037950328712175,76.54030895922052,-0.9288856833754057
vienna,gbdt+k10,1,3,20,12.841073569510026,3.337995916852076,0.5167307740654147,0.6410488473238304,0.5950549312416723,-0.3664806295095156,0.8048118259295572,0.7721547628026246,-0.03680518892827511,0.9233476632224652,0.9233853734570229,0.07638836513563119,10.011377402073112,0.5056565351836488,1.7129426303724664,-1.1579252633409474,76.54030895922052,-0.9288856833754057
vienna,gbdt+k10,1,4,20,12.295055722529023,0.4003342391651516,0.5167307740654147,0.6410488473238304,0.6855972044146115,-0.11572013977926943,0.8048118259295572,0.8120647610428137,0.1525630389421022,0.9233476632224652,0.9233476632224652,0.0766523367775348,8.578146715185632,0.34364079744576015,1.7129426303724664,-0.8938061900603557,76.54030895922052,-0.9288856833754057
vienna,gbdt+k10,1,5,20,12.354770023728383,0.9558606521082936,0.5167307740654147,0.6410488473238304,0.6688790004273827,-0.19639490157628786,0.8048118259295572,0.8105814918168791,0.12785026522864973,0.9233476632224652,0.9233476632224652,0.0766523367775348,8.993611847379366,0.3929783543253639,1.7129426303724664,-0.9889628468009186,76.54030895922052,-0.9288856833754057
vienna,gbdt+k10,1,6,20,12.671972385350692,2.891266645103437,0.5167307740654147,0.6410488473238304,0.6173919601779924,-0.32408175578852105,0.8048118259295572,0.7904442265630892,0.017258717349221908,0.9233476632224652,0.923372803378837,0.07640093521381708,9.603675102594256,0.46091962692007943,1.7129426303724664,-1.0883702600289125,76.54030895922052,-0.9288856833754057
vienna,gbdt+k10,1,7,20,12.281967701504664,-0.02628080611751955,0.5167307740654147,0.6410488473238304,0.6911657490509591,-0.06791613243834382,0.8048118259295572,0.8130577972194987,0.16768484299972353,0.9233476632224652,0.9233476632224652,0.0766523367775348,8.369176888585473,0.31509414988561224,1.7129426303724664,-0.831056566010673,76.54030895922052,-0.9288856833754057
vienna,gbdt+k10,1,8,20,12.389525370908427,-1.5332067261065736,0.5167307740654147,0.6410488473238304,0.7047162933353446,-0.008786484651934545,0.8048118259295572,0.8093999044674058,0.18182618095884562,0.9233476632224652,0.9233476632224652,0.0766523367775348,8.383251889388069,0.31545868215300304,1.7129426303724664,-0.8296112409200437,76.54030895922052,-0.9288856833754057
vienna,gbdt+k10,1,9,20,12.32276098047258,-0.7179928150011643,0.5167307740654147,0.6410488473238304,0.6901098624833446,-0.10695879528370666,0.8048118259295572,0.8115493878371923,0.17178268848832245,0.9233476632224652,0.9233476632224652,0.0766523367775348,9.008732560444532,0.3943862030821832,1.7129426303724664,-0.9885529905422897,76.54030895922052,-0.9288856833754057
vienna,gbdt+k10d,1,0,20,12.631174577859763,2.9058205448123746,0.5167307740654147,0.6410488473238304,0.6423184252206049,-0.26333056791613246,0.8048118259295572,0.795773939713905,0.058815395831762096,0.9233476632224652,0.923372803378837,0.07640093521381708,8.885936459790164,0.3794278100409785,1.7129426303724664,-0.9590658716658667,76.54030895922052,-0.9288856833754057
vienna,gbdt,2,0,20,12.679158566642567,-2.9971238819398702,0.5167307740654147,0.6410488473238304,0.705545918495613,0.025856650828368077,0.8048118259295572,0.8061065439827035,0.1895693491213516,0.9233476632224652,0.9233476632224652,0.0766523367775348,8.642479158709447,0.35166050732835563,1.7129426303724664,-0.9092472769976464,76.54030895922052,-0.9288856833754057
vienna,gbdt,2,0,10,12.299959104281239,-1.4828765874186165,0.5285969278728914,0.5529954496316967,0.6979913015058954,-0.04545340272016485,0.7321442039369485,0.7482841843276266,0.22041632098951658,0.8673102546697841,0.8673102546697841,0.13268974533021594,8.775508007612128,0.2914246926615883,1.7606631849206063,-0.7915206196372158,110.01959365150591,-0.951570775593122
vienna,gbdt+k10,2,0,20,12.507335329598238,2.090405606356952,0.5167307740654147,0.6410488473238304,0.6405711843527667,-0.2718405108479775,0.8048118259295572,0.7978102923800185,0.0620836161600925,0.9233476632224652,0.9233476632224652,0.0766523367775348,9.337933089824263,0.435754330391935,1.7129426303724664,-1.0528688318294501,76.54030895922052,-0.9288856833754057
vienna,gbdt+k10,2,1,20,12.485302898840331,2.1989218344446626,0.5167307740654147,0.6410488473238304,0.6498730422103225,-0.24883726776780557,0.8048118259295572,0.7985393569148,0.07797219498705288,0.9233476632224652,0.9233476632224652,0.0766523367775348,9.070085483381066,0.4037509113306684,1.7129426303724664,-1.007357339739132,76.54030895922052,-0.9288856833754057
vienna,gbdt+k10,2,2,20,12.455089804436474,-2.000611947352306,0.5167307740654147,0.6410488473238304,0.7040123689569349,-0.015373205621339037,0.8048118259295572,0.8070870100812028,0.18577318550921396,0.9233476632224652,0.9233476632224652,0.0766523367775348,8.684329329830728,0.35665082836815243,1.7129426303724664,-0.9168828010381622,76.54030895922052,-0.9288856833754057
vienna,gbdt+k10,2,3,20,12.797296083486659,3.0577967518576656,0.5167307740654147,0.6410488473238304,0.6019181939311663,-0.35768157477939516,0.8048118259295572,0.7773210649370239,-0.028320386152801857,0.9233476632224652,0.9233476632224652,0.0766523367775348,10.06365365103171,0.5113507806018553,1.7129426303724664,-1.165032612845828,76.54030895922052,-0.9288856833754057
vienna,gbdt+k10,2,4,20,12.313674490435236,0.2680667142776299,0.5167307740654147,0.6410488473238304,0.6906880860798954,-0.10215702541669813,0.8048118259295572,0.8098901375166554,0.1490057068154964,0.9233476632224652,0.9233476632224652,0.0766523367775348,8.569949878759688,0.3427231817381904,1.7129426303724664,-0.8916948405457851,76.54030895922052,-0.9288856833754057
vienna,gbdt+k10,2,5,20,12.38915184817315,1.0983587507567392,0.5167307740654147,0.6410488473238304,0.6683007768308319,-0.19840611408602965,0.8048118259295572,0.8030017346707896,0.11207481710536238,0.9233476632224652,0.9233476632224652,0.0766523367775348,8.99951286657628,0.3943987731603691,1.7129426303724664,-0.990165026795323,76.54030895922052,-0.9288856833754057
vienna,gbdt+k10,2,6,20,12.703968481646903,2.979710407144549,0.5167307740654147,0.6410488473238304,0.6203962088644192,-0.3195188174070443,0.8048118259295572,0.7865726424818362,0.00380873369032364,0.9233476632224652,0.9233476632224652,0.0766523367775348,9.555122142374652,0.4565829499459487,1.7129426303724664,-1.0806017128069374,76.54030895922052,-0.9288856833754057
vienna,gbdt+k10,2,7,20,12.311061769022075,-0.36992898304603017,0.5167307740654147,0.6410488473238304,0.6981547125223119,-0.05049400407270532,0.8048118259295572,0.8107449028332956,0.17168212786283532,0.9233476632224652,0.9233476632224652,0.0766523367775348,8.366520486178505,0.31499358926012516,1.7129426303724664,-0.8308129277387991,76.54030895922052,-0.9288856833754057
vienna,gbdt+k10,2,8,20,12.43239879007145,-1.7002548318126534,0.5167307740654147,0.6410488473238304,0.7039495185660055,-0.0023380345425748628,0.8048118259295572,0.807501822661337,0.18447846745606766,0.9233476632224652,0.9233476632224652,0.0766523367775348,8.375512690534961,0.3141891042562285,1.7129426303724664,-0.8274636385390584,76.54030895922052,-0.9288856833754057
vienna,gbdt+k10,2,9,20,12.344732651288828,-0.7756823141979926,0.5167307740654147,0.6410488473238304,0.6919073836639263,-0.10367800487719037,0.8048118259295572,0.8092742036855469,0.1715941373155342,0.9233476632224652,0.9233476632224652,0.0766523367775348,9.017157888379108,0.3961208738718355,1.7129426303724664,-0.9906342212996254,76.54030895922052,-0.9288856833754057
vienna,gbdt+k10d,2,0,20,12.637375901801963,2.8286896586167116,0.5167307740654147,0.6410488473238304,0.6442667873394172,-0.260728561731654,0.8048118259295572,0.7929456721220806,0.0518138622822234,0.9233476632224652,0.9233476632224652,0.0766523367775348,8.912980238207762,0.38273374060386656,1.7129426303724664,-0.9655593052289259,76.54030895922052,-0.9288856833754057
vienna,gbdt,3,0,20,12.679742641235542,-2.9947476411840617,0.5167307740654147,0.6410488473238304,0.7056967594338437,0.026661135832264815,0.8048118259295572,0.8060059833572165,0.18949392865223624,0.9233476632224652,0.9233476632224652,0.0766523367775348,8.630997957801842,0.34946074364582547,1.7129426303724664,-0.904360302162864,76.54030895922052,-0.9288856833754057
vienna,gbdt,3,0,10,12.307804369264648,-1.4783334746368584,0.5285969278728914,0.5529954496316967,0.6962817708726148,-0.04278854614475702,0.7321442039369485,0.7477562410438193,0.2270784624280363,0.8673102546697841,0.8673102546697841,0.13268974533021594,8.771047502465953,0.2903185257812304,1.7606631849206063,-0.7892211242098076,110.01959365150591,-0.951570775593122
vienna,gbdt+k10,3,0,20,12.47567475376642,1.8580130008479128,0.5167307740654147,0.6410488473238304,0.6446061794504362,-0.2597103853985972,0.8048118259295572,0.7994444025441838,0.07306986449455721,0.9233476632224652,0.9233476632224652,0.0766523367775348,9.350175418066623,0.43594288156472333,1.7129426303724664,-1.0542412276451636,76.54030895922052,-0.9288856833754057
vienna,gbdt+k10,3,1,20,12.460901186779914,2.03836556198967,0.5167307740654147,0.6410488473238304,0.6515322925308595,-0.2395856902229932,0.8048118259295572,0.8004374387208688,0.08537597103853989,0.9233476632224652,0.9233476632224652,0.0766523367775348,9.081024308678185,0.40450511602182165,1.7129426303724664,-1.0078476763829658,76.54030895922052,-0.9288856833754057
vienna,gbdt+k10,3,2,20,12.420074606652719,-1.728140748728732,0.5167307740654147,0.6410488473238304,0.701020690348694,-0.023518616285793326,0.8048118259295572,0.8083440178997914,0.18501898081806067,0.9233476632224652,0.9233476632224652,0.0766523367775348,8.621125712605348,0.34804032481082026,1.7129426303724664,-0.8995011862015704,76.54030895922052,-0.9288856833754057
vienna,gbdt+k10,3,3,20,12.759491236133355,2.9057336530026583,0.5167307740654147,0.6410488473238304,0.6052869748849837,-0.3479020539507756,0.8048118259295572,0.7819217135530583,-0.012205545918495542,0.9233476632224652,0.9234482238479523,0.07645121552656065,10.054517300837958,0.5092641476229982,1.7129426303724664,-1.1632347215952321,76.54030895922052,-0.9288856833754057
vienna,gbdt+k10,3,4,20,12.310981161502474,0.23646979200102225,0.5167307740654147,0.6410488473238304,0.6889282751338713,-0.10265982854413358,0.8048118259295572,0.8109963043970133,0.15441084043542752,0.9233476632224652,0.9233476632224652,0.0766523367775348,8.57967814213128,0.34337682580385653,1.7129426303724664,-0.8927937044510592,76.54030895922052,-0.9288856833754057
vienna,gbdt+k10,3,5,20,12.379923343930425,0.8639669383308335,0.5167307740654147,0.6410488473238304,0.669180682303844,-0.198255273147799,0.8048118259295572,0.8081051864142595,0.12567564170249146,0.9233476632224652,0.9233476632224652,0.0766523367775348,9.111308110322101,0.4070317017371848,1.7129426303724664,-1.0117388266307357,76.54030895922052,-0.9288856833754057
vienna,gbdt+k10,3,6,20,12.659763704032551,2.787636503996979,0.5167307740654147,0.6410488473238304,0.6248460165422229,-0.3054654699952234,0.8048118259295572,0.7894889006209619,0.02354375644216511,0.9233476632224652,0.9233602333006511,0.07663976669934891,9.53360175117367,0.4536415516504512,1.7129426303724664,-1.0758262135491632,76.54030895922052,-0.9288856833754057
vienna,gbdt+k10,3,7,20,12.324565837106565,-0.631708667764299,0.5167307740654147,0.6410488473238304,0.6956281268069487,-0.044900319279985945,0.8048118259295572,0.8102169595494884,0.17620735600975446,0.9233476632224652,0.9233476632224652,0.0766523367775348,8.391377350989014,0.3180229781029238,1.7129426303724664,-0.8359654913077191,76.54030895922052,-0.9288856833754057
vienna,gbdt+k10,3,8,20,12.39270096183746,-1.3621414607144462,0.5167307740654147,0.6410488473238304,0.7003419061266561,-0.021256002212333813,0.8048118259295572,0.8089473816527138,0.18348543127938255,0.9233476632224652,0.9233476632224652,0.0766523367775348,8.410623027579213,0.31929255599969836,1.7129426303724664,-0.8365338064131508,76.54030895922052,-0.9288856833754057
vienna,gbdt+k10,3,9,20,12.369425789918868,-1.068832530242782,0.5167307740654147,0.6410488473238304,0.6916182718656511,-0.09388591397038493,0.8048118259295572,0.8099655579857706,0.17781632601754782,0.9233476632224652,0.9233476632224652,0.0766523367775348,9.054825039416897,0.40000502803127436,1.7129426303724664,-0.9974302624870516,76.54030895922052,-0.9288856833754057
vienna,gbdt+k10d,3,0,20,12.612406310757367,2.6996644017675955,0.5167307740654147,0.6410488473238304,0.6457751967217236,-0.25532342811172287,0.8048118259295572,0.7949066043190789,0.059934132790306016,0.9233476632224652,0.9233476632224652,0.0766523367775348,8.937206137836736,0.38522261608467206,1.7129426303724664,-0.9693314791923642,76.54030895922052,-0.9288856833754057
vienna,gbdt,4,0,20,12.713187051167893,-3.109359202293248,0.5167307740654147,0.6410488473238304,0.7072680192070795,0.030545289991703695,0.8048118259295572,0.8061945345300048,0.18993388138874223,0.9233476632224652,0.9233476632224652,0.0766523367775348,8.612397642813109,0.34830429645272387,1.7129426303724664,-0.9022200412789082,76.54030895922052,-0.9288856833754057
vienna,gbdt,4,0,10,12.314235741737493,-1.5847447859427464,0.5285969278728914,0.5529954496316967,0.6995122809663876,-0.04383186263418559,0.7321442039369485,0.7511627322321944,0.22012720919124118,0.8673102546697841,0.8673102546697841,0.13268974533021594,8.760127901187289,0.29009226437388447,1.7606631849206063,-0.788329737541852,110.01959365150591,-0.951570775593122
vienna,gbdt+k10,4,0,20,12.46181628706335,1.731016749992379,0.5167307740654147,0.6410488473238304,0.6463785604746461,-0.26047716016793626,0.8048118259295572,0.8008522513010031,0.07133519370490493,0.9233476632224652,0.9233476632224652,0.0766523367775348,9.346444953129174,0.43634512406667164,1.7129426303724664,-1.0554266043044191,76.54030895922052,-0.9288856833754057
vienna,gbdt+k10,4,1,20,12.415329178253753,1.7334973210789695,0.5167307740654147,0.6410488473238304,0.6552907459084395,-0.2341679865248762,0.8048118259295572,0.8027754732634437,0.09211353294617497,0.9233476632224652,0.9233476632224652,0.0766523367775348,9.08402321320689,0.4049450687583277,1.7129426303724664,-1.0108564680172838,76.54030895922052,-0.9288856833754057
vienna,gbdt+k10,4,2,20,12.47499878765462,-2.06947824104429,0.5167307740654147,0.6410488473238304,0.7068406365487593,-0.015310355230409578,0.8048118259295572,0.8090730824345728,0.18378711315584384,0.9233476632224652,0.9233476632224652,0.0766523367775348,8.669702603978315,0.355481811096865,1.7129426303724664,-0.915070913530342,76.54030895922052,-0.9288856833754057
vienna,gbdt+k10,4,3,20,12.853031851767767,3.2528781968417033,0.5167307740654147,0.6410488473238304,0.6007114664253211,-0.3611006360459562,0.8048118259295572,0.7722553234281118,-0.03926892425270878,0.9233476632224652,0.9233350931442793,0.07588556200819574,9.99113553992286,0.5035824722829776,1.7129426303724664,-1.1557341617911456,76.54030895922052,-0.9288856833754057
vienna,gbdt+k10,4,4,20,12.309356672634896,0.06235595694130761,0.5167307740654147,0.6410488473238304,0.689519068808608,-0.10553837644870157,0.8048118259295572,0.8115116776026347,0.15238705784749984,0.9233476632224652,0.9233476632224652,0.0766523367775348,8.586734693426763,0.34561429972094426,1.7129426303724664,-0.8973449582682752,76.54030895922052,-0.9288856833754057
vienna,gbdt+k10,4,5,20,12.40477650057939,1.102786944859752,0.5167307740654147,0.6410488473238304,0.6641903612640471,-0.21179324735399857,0.8048118259295572,0.8047741156949996,0.1073358976292833,0.9233476632224652,0.9233476632224652,0.0766523367775348,9.031238594009286,0.39799381552153257,1.7129426303724664,-0.9974658704546516,76.54030895922052,-0.9288856833754057
vienna,gbdt+k10,4,6,20,12.652924485128318,2.734146184161646,0.5167307740654147,0.6410488473238304,0.6255625109988184,-0.30982728712572594,0.8048118259295572,0.7914121225834024,0.01810091258767632,0.9233476632224652,0.9234356537697664,0.07628780451014405,9.51903496255738,0.45180632023531186,1.7129426303724664,-1.0750570944981193,76.54030895922052,-0.9288856833754057
vienna,gbdt+k10,4,7,20,12.315210241352501,-0.47260662192874914,0.5167307740654147,0.6410488473238304,0.6967217236091209,-0.051399049702089195,0.8048118259295572,0.8104935012695779,0.17004801769867017,0.9233476632224652,0.9233476632224652,0.0766523367775348,8.36230964080104,0.31494330894738165,1.7129426303724664,-0.8298840522489448,76.54030895922052,-0.9288856833754057
vienna,gbdt+k10,4,8,20,12.435689509852736,-1.725274783353006,0.5167307740654147,0.6410488473238304,0.7058476003720743,-0.008208261055383748,0.8048118259295572,0.8093621942328482,0.1822912738517234,0.9233476632224652,0.9233476632224652,0.0766523367775348,8.42795040087197,0.32251049601528525,1.7129426303724664,-0.8449438938840019,76.54030895922052,-0.9288856833754057
vienna,gbdt+k10,4,9,20,12.425570955565238,-1.4761915494243072,0.5167307740654147,0.6410488473238304,0.6989340573698368,-0.08041079015511476,0.8048118259295572,0.8098649973602836,0.17726324257736892,0.9233476632224652,0.9233476632224652,0.0766523367775348,9.08253591985523,0.40358750031425195,1.7129426303724664,-1.005079208059751,76.54030895922052,-0.9288856833754057
vienna,gbdt+k10d,4,0,20,12.628529614901165,2.7911139630554267,0.5167307740654147,0.6410488473238304,0.6466928124292933,-0.258403097267265,0.8048118259295572,0.7963144530758981,0.0536742338537346,0.9233476632224652,0.9234482238479523,0.07645121552656065,8.86308341744917,0.377052065263846,1.7129426303724664,-0.9548093372739717,76.54030895922052,-0.9288856833754057
vienna,gbdt_iw,0,0,20,12.660088638792654,-2.931886785439728,0.5167307740654147,0.6410488473238304,0.7022651280890967,0.02730220981974507,0.8048118259295572,0.806722477813812,0.18958191919953749,0.9233476632224652,0.9233476632224652,0.0766523367775348,8.69048935733207,0.3585111999396636,1.7129426303724664,-0.9146535129305711,76.54030895922052,-0.9288856833754057
vienna,gbdt_iw,0,0,10,12.290404555571085,-1.4170605720183582,0.5285969278728914,0.5529954496316967,0.6975136385348317,-0.04784171757548328,0.7321442039369485,0.7437966664152651,0.23128943862030826,0.8673102546697841,0.8673102546697841,0.13268974533021594,8.787594541840324,0.29465520275536117,1.7606631849206063,-0.7974618786823389,110.01959365150591,-0.951570775593122
vienna,gbdt_iw,1,0,20,12.679760682797644,-3.0327129764821246,0.5167307740654147,0.6410488473238304,0.7050933956809211,0.030934962415466227,0.8048118259295572,0.8067853282047415,0.1896950499032104,0.9233476632224652,0.9233476632224652,0.0766523367775348,8.720759524874513,0.36102521557684086,1.7129426303724664,-0.9226901759806022,76.54030895922052,-0.9288856833754057
vienna,gbdt_iw,1,0,10,12.304672853850056,-1.5257052543427472,0.5285969278728914,0.5529954496316967,0.6980038715840813,-0.03960831636372775,0.7321442039369485,0.7427659200040224,0.235965507705458,0.8673102546697841,0.8673102546697841,0.13268974533021594,8.799969333679627,0.2948814641627071,1.7606631849206063,-0.8005627625526488,110.01959365150591,-0.951570775593122
vienna,gbdt_iw,2,0,20,12.662051849728247,-2.979377348850975,0.5167307740654147,0.6410488473238304,0.7046408728662292,0.03184000804484999,0.8048118259295572,0.8065213565628379,0.19000930185785758,0.9233476632224652,0.9233476632224652,0.0766523367775348,8.721496291618294,0.362445634411846,1.7129426303724664,-0.922495068675962,76.54030895922052,-0.9288856833754057
vienna,gbdt_iw,2,0,10,12.298883268150753,-1.4762933129907316,0.5285969278728914,0.5529954496316967,0.6958795283706665,-0.041003595042361174,0.7321442039369485,0.7458078789250069,0.23340121175553719,0.8673102546697841,0.8673102546697841,0.13268974533021594,8.8060248484864,0.29495688463182246,1.7606631849206063,-0.8021776252176639,110.01959365150591,-0.951570775593122
vienna,gbdt_iw,3,0,20,12.642063196051595,-2.9184061888739654,0.5167307740654147,0.6410488473238304,0.7052065263845941,0.030444729366216672,0.8048118259295572,0.8057545817934988,0.19052467506347892,0.9233476632224652,0.9233476632224652,0.0766523367775348,8.713816125502817,0.36220680292631413,1.7129426303724664,-0.9227614714867389,76.54030895922052,-0.9288856833754057
vienna,gbdt_iw,3,0,10,12.279873658616268,-1.4075686689607743,0.5285969278728914,0.5529954496316967,0.6965331724363325,-0.04593106569122851,0.7321442039369485,0.7440480679789828,0.2329486889408452,0.8673102546697841,0.8673102546697841,0.13268974533021594,8.800487710121264,0.29470548306810473,1.7606631849206063,-0.8017847849113054,110.01959365150591,-0.951570775593122
vienna,gbdt_iw,4,0,20,12.649032480471455,-2.9344341972039203,0.5167307740654147,0.6410488473238304,0.7035975563768007,0.028056414510898242,0.8048118259295572,0.8062196746863766,0.1911154687382156,0.9233476632224652,0.9233476632224652,0.0766523367775348,8.729762297415824,0.3633632501194157,1.7129426303724664,-0.9204839034353205,76.54030895922052,-0.9288856833754057
vienna,gbdt_iw,4,0,10,12.285366218771163,-1.426379931377475,0.5285969278728914,0.5529954496316967,0.6956909771978782,-0.047100082962516,0.7321442039369485,0.7449279734519949,0.23030897252180915,0.8673102546697841,0.8673102546697841,0.13268974533021594,8.808261026580574,0.29550996807200147,1.7606631849206063,-0.8003943247882678,110.01959365150591,-0.951570775593122
vienna,gp_ard,0,0,20,12.713699487776282,-3.146129890680985,0.5167307740654147,0.6410488473238304,0.7061618523267215,0.05173844181310805,0.8048118259295572,0.8054277597606657,0.1912537395982603,0.9233476632224652,0.9233476632224652,0.0766523367775348,8.604593591100747,0.3504160695879528,1.7129426303724664,-0.8995976611121388,76.54030895922052,-0.9288856833754057
vienna,gp_ard,0,0,10,12.330752324900748,-1.657019410424676,0.5285969278728914,0.5529954496316967,0.7000150840938231,-0.02027553611383459,0.7321442039369485,0.7450033939211101,0.23259672675164045,0.8673102546697841,0.8673102546697841,0.13268974533021594,8.76725098754524,0.2896397415591925,1.7606631849206063,-0.7832098452703635,110.01959365150591,-0.951570775593122
vienna,kernel,0,0,20,12.877850101511795,-3.389327989346701,0.5167307740654147,0.6410488473238304,0.7011463911305529,0.05884053598813377,0.8048118259295572,0.8055031802297811,0.1921336450712724,0.9233476632224652,0.9233476632224652,0.0766523367775348,8.616343252573612,0.3532443371797772,1.7129426303724664,-0.9021620268357654,76.54030895922052,-0.9288856833754057
vienna,kernel,0,0,10,12.430468124986525,-1.8490060878250478,0.5285969278728914,0.5529954496316967,0.6911657490509591,-0.02296553284561431,0.7321442039369485,0.740830127963396,0.23631746989466274,0.8673102546697841,0.8673102546697841,0.13268974533021594,8.777804317375418,0.2893757699172889,1.7606631849206063,-0.7839611967734077,110.01959365150591,-0.951570775593122
vienna,knn,0,0,20,12.783990959639402,-3.18097981096301,0.5167307740654147,0.6410488473238304,0.6985318148678885,0.06799155290745906,0.8048118259295572,0.8054780400734093,0.19168112225658052,0.9233476632224652,0.9233476632224652,0.0766523367775348,8.601323317162132,0.34604168237926436,1.7129426303724664,-0.896343628189909,76.54030895922052,-0.9288856833754057
vienna,knn,0,0,10,12.380804978901217,-1.656953884056534,0.5285969278728914,0.5529954496316967,0.6911657490509591,-0.018515725167810526,0.7321442039369485,0.738605224124494,0.24218769640747173,0.8673102546697841,0.8673102546697841,0.13268974533021594,8.785934322617178,0.285944138572542,1.7606631849206063,-0.7793828916411543,110.01959365150591,-0.951570775593122
vienna,median,0,0,20,13.235742260793502,-1.7885002436059854,0.5167307740654147,0.6410488473238304,0.622734243406994,0.13876109309399898,0.8048118259295572,0.8048118259295572,0.19518817407044275,0.9233476632224652,0.9233476632224652,0.0766523367775348,8.345003373954299,0.3166905498152199,1.7129426303724664,-0.8405416028899709,76.54030895922052,-0.9288856833754057
vienna,median,0,0,10,13.122213268224598,-0.5768876240472841,0.5285969278728914,0.5529954496316967,0.6006737561907635,0.0494004072705333,0.7321442039369485,0.7332000905045629,0.26398421198179856,0.8673102546697841,0.8673102546697841,0.13268974533021594,8.663126665188422,0.2591950121929758,1.7606631849206063,-0.7418156112723804,110.01959365150591,-0.951570775593122
vienna,mlp,0,0,20,12.820639543546491,-3.416102010710482,0.5167307740654147,0.6410488473238304,0.7045780224752998,0.045654523971139116,0.8048118259295572,0.8054151896824798,0.19171883249113808,0.9233476632224652,0.9233476632224652,0.0766523367775348,8.685109051169416,0.3567262488372678,1.7129426303724664,-0.9176511609539949,76.54030895922052,-0.9288856833754057
vienna,mlp,0,0,10,12.380277857702524,-1.8808474609192831,0.5285969278728914,0.5529954496316967,0.6988712069789074,-0.02813183498001348,0.7321442039369485,0.7453176458757573,0.23705910450763001,0.8673102546697841,0.8673102546697841,0.13268974533021594,8.817940412618542,0.295887070417578,1.7606631849206063,-0.8013572824782923,110.01959365150591,-0.951570775593122
vienna,mlp,1,0,20,12.641765521215707,-2.614954659057813,0.5167307740654147,0.6410488473238304,0.7006435880031174,0.0029539683736832245,0.8048118259295572,0.8062196746863766,0.18890313497749955,0.9233476632224652,0.9233476632224652,0.0766523367775348,8.719576574589416,0.3612263368278151,1.7129426303724664,-0.924227025509084,76.54030895922052,-0.9288856833754057
vienna,mlp,1,0,10,12.293636821804832,-1.0788155772252317,0.5285969278728914,0.5529954496316967,0.6932523820298162,-0.0723659401161475,0.7321442039369485,0.7499057244136058,0.21703496995751315,0.8673102546697841,0.8673102546697841,0.13268974533021594,8.83665986306183,0.29882846871307545,1.7606631849206063,-0.8055060791379068,110.01959365150591,-0.951570775593122
vienna,mlp,2,0,20,12.70677580139092,-3.014208382841486,0.5167307740654147,0.6410488473238304,0.705545918495613,0.029175151469442162,0.8048118259295572,0.8056665912461975,0.19063780576715195,0.9233476632224652,0.9233476632224652,0.0766523367775348,8.649456254869984,0.3522387309249063,1.7129426303724664,-0.9067870170721816,76.54030895922052,-0.9288856833754057
vienna,mlp,2,0,10,12.313655646280301,-1.4760900198466416,0.5285969278728914,0.5529954496316967,0.6998516730774066,-0.0468109711642406,0.7321442039369485,0.7477688111220052,0.22870000251401568,0.8673102546697841,0.8673102546697841,0.13268974533021594,8.783788827282486,0.29156296352163313,1.7606631849206063,-0.7862402020743561,110.01959365150591,-0.951570775593122
vienna,mlp,3,0,20,12.690256914291648,-3.149468711342749,0.5167307740654147,0.6410488473238304,0.705105965759107,0.038539859717927394,0.8048118259295572,0.8054151896824798,0.19181939311662521,0.9233476632224652,0.9233476632224652,0.0766523367775348,8.751550119382667,0.36431857606154305,1.7129426303724664,-0.9295150099124859,76.54030895922052,-0.9288856833754057
vienna,mlp,3,0,10,12.296690298232454,-1.6342588027084641,0.5285969278728914,0.5529954496316967,0.6977776101767353,-0.036390376348140796,0.7321442039369485,0.7441611986826558,0.2390703170173719,0.8673102546697841,0.8673102546697841,0.13268974533021594,8.850645002384118,0.3004751489554265,1.7606631849206063,-0.8113587104962685,110.01959365150591,-0.951570775593122
vienna,mlp,4,0,20,12.697684655089056,-3.0194077902925582,0.5167307740654147,0.6410488473238304,0.7056087688865424,0.023531186363979106,0.8048118259295572,0.8054151896824798,0.1909646277999849,0.9233476632224652,0.9233476632224652,0.0766523367775348,8.713553396731928,0.3596550770545793,1.7129426303724664,-0.9201748850961485,76.54030895922052,-0.9288856833754057
vienna,mlp,4,0,10,12.306028452331647,-1.4851625273082065,0.5285969278728914,0.5529954496316967,0.6985695251024462,-0.05075797571460894,0.7321442039369485,0.747240867838198,0.22771953641551657,0.8673102546697841,0.8673102546697841,0.13268974533021594,8.823579498967172,0.29680468612514777,1.7606631849206063,-0.8019573826042641,110.01959365150591,-0.951570775593122
vienna,ridge,0,0,20,12.67893793232526,-3.1081004743804375,0.5167307740654147,0.6410488473238304,0.7016491942579883,0.042801116222942914,0.8048118259295572,0.8052894889006209,0.1919702340548558,0.9233476632224652,0.9233476632224652,0.0766523367775348,8.634125793293121,0.3509942931845036,1.7129426303724664,-0.8989523180027484,76.54030895922052,-0.9288856833754057
vienna,ridge,0,0,10,12.29786366770622,-1.618745292605466,0.5285969278728914,0.5529954496316967,0.6937426150790658,-0.030394449053473105,0.7321442039369485,0.7479825024511653,0.22961761822158533,0.8673102546697841,0.8673102546697841,0.13268974533021594,8.770462027661459,0.29018025492118554,1.7606631849206063,-0.7846448693039749,110.01959365150591,-0.951570775593122
vienna,ridge+k10,0,0,20,12.379882012915699,1.42385613210336,0.5167307740654147,0.6410488473238304,0.6569122859944189,-0.2369962541167006,0.8048118259295572,0.805729441637127,0.10414309777006814,0.9233476632224652,0.9233476632224652,0.0766523367775348,9.250093539048667,0.4268170048017699,1.7129426303724664,-1.0312287861720328,76.54030895922052,-0.9288856833754057
vienna,ridge+k10,0,1,20,12.417012155183963,1.9486714100082978,0.5167307740654147,0.6410488473238304,0.6540965884807803,-0.2380270005279433,0.8048118259295572,0.8048872463986726,0.09907735626115599,0.9233476632224652,0.9233476632224652,0.0766523367775348,9.05316841343709,0.4027955853885411,1.7129426303724664,-0.9957629706680845,76.54030895922052,-0.9288856833754057
vienna,ridge+k10,0,2,20,12.416989640536116,-1.8695470189763121,0.5167307740654147,0.6410488473238304,0.7024411091836992,-0.016919325238203053,0.8048118259295572,0.8061568242954471,0.18901626568117258,0.9233476632224652,0.9233476632224652,0.0766523367775348,8.672784477108156,0.35485330718757074,1.7129426303724664,-0.9035252893980343,76.54030895922052,-0.9288856833754057
vienna,ridge+k10,0,3,20,12.714372289427637,2.845881819675805,0.5167307740654147,0.6410488473238304,0.5987253940719511,-0.3559720441461146,0.8048118259295572,0.784058626844659,-0.0006159338311083618,0.9233476632224652,0.9233476632224652,0.0766523367775348,10.06330582376595,0.5109611081780929,1.7129426303724664,-1.1608394700512876,76.54030895922052,-0.9288856833754057
vienna,ridge+k10,0,4,20,12.297132776701208,0.5088510566347498,0.5167307740654147,0.6410488473238304,0.691392010458305,-0.10995047389194768,0.8048118259295572,0.8109963043970133,0.15546672700304198,0.9233476632224652,0.9233476632224652,0.0766523367775348,8.51733588602712,0.33534454584307516,1.7129426303724664,-0.8675763235889351,76.54030895922052,-0.9288856833754057
vienna,ridge+k10,0,5,20,12.353602559483711,0.9435014026335928,0.5167307740654147,0.6410488473238304,0.6736556301380194,-0.19536415516504518,0.8048118259295572,0.8091987832164316,0.13295371697211955,0.9233476632224652,0.9233476632224652,0.0766523367775348,9.054283692536952,0.4031224074213741,1.7129426303724664,-0.9961237864380162,76.54030895922052,-0.9288856833754057
vienna,ridge+k10,0,6,20,12.6848797662043,3.0531003009133997,0.5167307740654147,0.6410488473238304,0.6156824295447118,-0.31807325841566736,0.8048118259295572,0.7883073132714885,0.020376096739321725,0.9233476632224652,0.9233476632224652,0.0766523367775348,9.419526674635886,0.44339693792895385,1.7129426303724664,-1.0526609884237037,76.54030895922052,-0.9288856833754057
vienna,ridge+k10,0,7,20,12.315869105940159,-0.79167460586015,0.5167307740654147,0.6410488473238304,0.7001784951102396,-0.020137265253789893,0.8048118259295572,0.8082560273524901,0.18364884229579914,0.9233476632224652,0.9233476632224652,0.0766523367775348,8.304340522795071,0.3036930889710134,1.7129426303724664,-0.7996552537376482,76.54030895922052,-0.9288856833754057
vienna,ridge+k10,0,8,20,12.381196165036496,-1.485318391121167,0.5167307740654147,0.6410488473238304,0.7015360635543153,-0.013475123815270162,0.8048118259295572,0.806609347110139,0.1877089775498404,0.9233476632224652,0.9233476632224652,0.0766523367775348,8.47164074385857,0.32737511627322324,1.7129426303724664,-0.8492149552681907,76.54030895922052,-0.9288856833754057
vienna,ridge+k10,0,9,20,12.315959185565585,-0.7337034239870658,0.5167307740654147,0.6410488473238304,0.692284486009503,-0.11129547225783742,0.8048118259295572,0.8084194383689066,0.17722553234281124,0.9233476632224652,0.9233476632224652,0.0766523367775348,9.070597282709091,0.40427885461447566,1.7129426303724664,-0.9951736162052828,76.54030895922052,-0.9288856833754057
vienna,ridge+k10d,0,0,20,12.682010647827408,3.1422953184651172,0.5167307740654147,0.6410488473238304,0.6335319405686703,-0.2781758302536642,0.8048118259295572,0.794227820097041,0.05128591899841617,0.9233476632224652,0.9233476632224652,0.0766523367775348,8.9142928325529,0.38531060663197325,1.7129426303724664,-0.9584186237856078,76.54030895922052,-0.9288856833754057
vienna,uma_los,0,0,20,27.363047573865558,-24.047270349563796,0.5167307740654147,0.6410488473238304,0.6410488473238304,0.3589511526761696,0.8048118259295572,0.8048118259295572,0.19518817407044275,0.9233476632224652,0.9233476632224652,0.0766523367775348,9.483277674268662,0.45281192649018276,1.7129426303724664,-1.087091792009368,76.54030895922052,-0.9288856833754057
vienna,uma_los,0,0,10,26.412327916675245,-22.963403944595914,0.5285969278728914,0.5529954496316967,0.5529954496316967,0.44700455036830333,0.7321442039369485,0.7321442039369485,0.26785579606305154,0.8673102546697841,0.8673102546697841,0.13268974533021594,9.446382492983684,0.3631495587902557,1.7606631849206063,-0.988543575627949,110.01959365150591,-0.951570775593122
vienna,uma_nlos,0,0,20,18.048951425249104,11.511789268069696,0.5167307740654147,0.6410488473238304,0.5805490610151595,-0.21257259220152352,0.8048118259295572,0.6996756919828041,-0.05211554415868458,0.9233476632224652,0.9176534178042588,0.06625688211780678,7.702123631939992,0.13042713125675645,1.7129426303724664,-0.3373035648211782,76.54030895922052,-0.9288856833754057
vienna,uma_nlos,0,0,10,19.034836823246145,13.015547731847299,0.5285969278728914,0.5529954496316967,0.5722402393342887,-0.30075169067551594,0.7321442039369485,0.6210247127737134,-0.15980340397717274,0.8673102546697841,0.8265832013475124,0.051487040249390326,8.55105317569033,0.13398446338336228,1.7606631849206063,-0.36849406779110727,110.01959365150591,-0.951570775593122
