fold,operator,seed,draw,sites,K,cov_true_of_pred_plan,cov_true_of_true_plan,regret,sites_pred,sites_true
amsterdam,oracle,0,0,20,3,0.7001608755386982,0.7582639533108656,0.05810307777216739,,
amsterdam,oracle,0,0,20,5,0.7858476496905789,0.8437745863619817,0.05792693667140281,,
amsterdam,oracle,0,0,20,8,0.8718045068636315,0.9032985356803156,0.03149402881668406,,
amsterdam,oracle,0,0,20,-1,0.4777298934933477,,,1.0,8.0
amsterdam,oracle,0,0,10,3,0.7001608755386982,0.7582639533108656,0.05810307777216739,,
amsterdam,oracle,0,0,10,5,0.7891473596448996,0.8437745863619817,0.05462722671708209,,
amsterdam,oracle,0,0,10,8,0.8570791108397233,0.8940569992602074,0.036977888420484106,,
amsterdam,oracle,0,0,10,-1,0.4777298934933477,,,1.0,9.0
amsterdam,coral,0,0,20,3,0.671579046254653,0.7582639533108656,0.08668490705621257,,
amsterdam,coral,0,0,20,5,0.7616810906656959,0.8437745863619817,0.08209349569628577,,
amsterdam,coral,0,0,20,8,0.7616810906656959,0.9032985356803156,0.1416174450146197,,
amsterdam,coral,0,0,20,-1,0.5594358787679518,,,1.0,8.0
amsterdam,coral,0,0,10,3,0.725302081987811,0.7582639533108656,0.032961871323054615,,
amsterdam,coral,0,0,10,5,0.7907443722918306,0.8437745863619817,0.05303021407015107,,
amsterdam,coral,0,0,10,8,0.7907443722918306,0.8940569992602074,0.10331262696837684,,
amsterdam,coral,0,0,10,-1,0.5594358787679518,,,1.0,9.0
amsterdam,cost231,0,0,20,3,0.7054803367817847,0.7582639533108656,0.05278361652908092,,
amsterdam,cost231,0,0,20,5,0.768409680714898,0.8437745863619817,0.07536490564708365,,
amsterdam,cost231,0,0,20,8,0.8574196503012013,0.9032985356803156,0.04587888537911433,,
amsterdam,cost231,0,0,20,-1,0.8574196503012013,,,8.0,8.0
amsterdam,cost231,0,0,10,3,0.7236228701605233,0.7582639533108656,0.03464108315034231,,
amsterdam,cost231,0,0,10,5,0.7876677743984781,0.8437745863619817,0.05610681196350353,,
amsterdam,cost231,0,0,10,8,0.8615178665789875,0.8940569992602074,0.032539132681219884,,
amsterdam,cost231,0,0,10,-1,0.8942801113211757,,,9.0,9.0
amsterdam,encoder,0,0,20,3,0.4777298934933477,0.7582639533108656,0.2805340598175179,,
amsterdam,encoder,0,0,20,5,0.4777298934933477,0.8437745863619817,0.36604469286863395,,
amsterdam,encoder,0,0,20,8,0.4777298934933477,0.9032985356803156,0.4255686421869679,,
amsterdam,encoder,0,0,20,-1,0.4777298934933477,,,1.0,8.0
amsterdam,encoder,0,0,10,3,0.4777298934933477,0.7582639533108656,0.2805340598175179,,
amsterdam,encoder,0,0,10,5,0.4777298934933477,0.8437745863619817,0.36604469286863395,,
amsterdam,encoder,0,0,10,8,0.4777298934933477,0.8940569992602074,0.4163271057668597,,
amsterdam,encoder,0,0,10,-1,0.4777298934933477,,,1.0,9.0
amsterdam,encoder,1,0,20,3,0.5594358787679518,0.7582639533108656,0.19882807454291385,,
amsterdam,encoder,1,0,20,5,0.5594358787679518,0.8437745863619817,0.2843387075940299,,
amsterdam,encoder,1,0,20,8,0.5594358787679518,0.9032985356803156,0.34386265691236384,,
amsterdam,encoder,1,0,20,-1,0.5594358787679518,,,1.0,8.0
amsterdam,encoder,1,0,10,3,0.5594358787679518,0.7582639533108656,0.19882807454291385,,
amsterdam,encoder,1,0,10,5,0.5594358787679518,0.8437745863619817,0.2843387075940299,,
amsterdam,encoder,1,0,10,8,0.5594358787679518,0.8940569992602074,0.3346211204922557,,
amsterdam,encoder,1,0,10,-1,0.5594358787679518,,,1.0,9.0
amsterdam,encoder,2,0,20,3,0.6794231966086967,0.7582639533108656,0.07884075670216895,,
amsterdam,encoder,2,0,20,5,0.6794231966086967,0.8437745863619817,0.164351389753285,,
amsterdam,encoder,2,0,20,8,0.6794231966086967,0.9032985356803156,0.22387533907161894,,
amsterdam,encoder,2,0,20,-1,0.5594358787679518,,,1.0,8.0
amsterdam,encoder,2,0,10,3,0.6794231966086967,0.7582639533108656,0.07884075670216895,,
amsterdam,encoder,2,0,10,5,0.6794231966086967,0.8437745863619817,0.164351389753285,,
amsterdam,encoder,2,0,10,8,0.6794231966086967,0.8940569992602074,0.21463380265151077,,
amsterdam,encoder,2,0,10,-1,0.5594358787679518,,,1.0,9.0
amsterdam,encoder,3,0,20,3,0.4777298934933477,0.7582639533108656,0.2805340598175179,,
amsterdam,encoder,3,0,20,5,0.4777298934933477,0.8437745863619817,0.36604469286863395,,
amsterdam,encoder,3,0,20,8,0.4777298934933477,0.9032985356803156,0.4255686421869679,,
amsterdam,encoder,3,0,20,-1,0.4777298934933477,,,1.0,8.0
amsterdam,encoder,3,0,10,3,0.4777298934933477,0.7582639533108656,0.2805340598175179,,
amsterdam,encoder,3,0,10,5,0.4777298934933477,0.8437745863619817,0.36604469286863395,,
amsterdam,encoder,3,0,10,8,0.4777298934933477,0.8940569992602074,0.4163271057668597,,
amsterdam,encoder,3,0,10,-1,0.4777298934933477,,,1.0,9.0
amsterdam,encoder,4,0,20,3,0.4777298934933477,0.7582639533108656,0.2805340598175179,,
amsterdam,encoder,4,0,20,5,0.4777298934933477,0.8437745863619817,0.36604469286863395,,
amsterdam,encoder,4,0,20,8,0.4777298934933477,0.9032985356803156,0.4255686421869679,,
amsterdam,encoder,4,0,20,-1,0.4777298934933477,,,1.0,8.0
amsterdam,encoder,4,0,10,3,0.4777298934933477,0.7582639533108656,0.2805340598175179,,
amsterdam,encoder,4,0,10,5,0.4777298934933477,0.8437745863619817,0.36604469286863395,,
amsterdam,encoder,4,0,10,8,0.4777298934933477,0.8940569992602074,0.4163271057668597,,
amsterdam,encoder,4,0,10,-1,0.4777298934933477,,,1.0,9.0
amsterdam,gbdt,0,0,20,3,0.6902382601956341,0.7582639533108656,0.06802569311523154,,
amsterdam,gbdt,0,0,20,5,0.6902382601956341,0.8437745863619817,0.1535363261663476,,
amsterdam,gbdt,0,0,20,8,0.6902382601956341,0.9032985356803156,0.21306027548468154,,
amsterdam,gbdt,0,0,20,-1,0.5594358787679518,,,1.0,8.0
amsterdam,gbdt,0,0,10,3,0.6902382601956341,0.7582639533108656,0.06802569311523154,,
amsterdam,gbdt,0,0,10,5,0.6902382601956341,0.8437745863619817,0.1535363261663476,,
amsterdam,gbdt,0,0,10,8,0.6902382601956341,0.8940569992602074,0.20381873906457337,,
amsterdam,gbdt,0,0,10,-1,0.5594358787679518,,,1.0,9.0
amsterdam,gbdt+k10,0,0,20,3,0.7144165619605679,0.7582639533108656,0.04384739135029769,,
amsterdam,gbdt+k10,0,0,20,5,0.7712396810671802,0.8437745863619817,0.07253490529480144,,
amsterdam,gbdt+k10,0,0,20,8,0.7712396810671802,0.9032985356803156,0.13205885461313538,,
amsterdam,gbdt+k10,0,0,20,-1,0.5594358787679518,,,1.0,8.0
amsterdam,gbdt+k10,0,1,20,3,0.7386066064655527,0.7582639533108656,0.01965734684531295,,
amsterdam,gbdt+k10,0,1,20,5,0.7386066064655527,0.8437745863619817,0.10516797989642901,,
amsterdam,gbdt+k10,0,1,20,8,0.7386066064655527,0.9032985356803156,0.16469192921476294,,
amsterdam,gbdt+k10,0,1,20,-1,0.4777298934933477,,,1.0,8.0
amsterdam,gbdt+k10,0,2,20,3,0.7022393405277187,0.7582639533108656,0.056024612783146854,,
amsterdam,gbdt+k10,0,2,20,5,0.7515236205216125,0.8437745863619817,0.09225096584036918,,
amsterdam,gbdt+k10,0,2,20,8,0.7515236205216125,0.9032985356803156,0.15177491515870312,,
amsterdam,gbdt+k10,0,2,20,-1,0.4777298934933477,,,1.0,8.0
amsterdam,gbdt+k10,0,3,20,3,0.7144165619605679,0.7582639533108656,0.04384739135029769,,
amsterdam,gbdt+k10,0,3,20,5,0.7712396810671802,0.8437745863619817,0.07253490529480144,,
amsterdam,gbdt+k10,0,3,20,8,0.7712396810671802,0.9032985356803156,0.13205885461313538,,
amsterdam,gbdt+k10,0,3,20,-1,0.5594358787679518,,,1.0,8.0
amsterdam,gbdt+k10,0,4,20,3,0.6672224896957456,0.7582639533108656,0.09104146361512,,
amsterdam,gbdt+k10,0,4,20,5,0.6672224896957456,0.8437745863619817,0.17655209666623606,,
amsterdam,gbdt+k10,0,4,20,8,0.6672224896957456,0.9032985356803156,0.23607604598457,,
amsterdam,gbdt+k10,0,4,20,-1,0.5594358787679518,,,1.0,8.0
amsterdam,gbdt+k10,0,5,20,3,0.7241043225026128,0.7582639533108656,0.034159630808252794,,
amsterdam,gbdt+k10,0,5,20,5,0.7241043225026128,0.8437745863619817,0.11967026385936885,,
amsterdam,gbdt+k10,0,5,20,8,0.7241043225026128,0.9032985356803156,0.1791942131777028,,
amsterdam,gbdt+k10,0,5,20,-1,0.5594358787679518,,,1.0,8.0
amsterdam,gbdt+k10,0,6,20,3,0.6672224896957456,0.7582639533108656,0.09104146361512,,
amsterdam,gbdt+k10,0,6,20,5,0.6672224896957456,0.8437745863619817,0.17655209666623606,,
amsterdam,gbdt+k10,0,6,20,8,0.6672224896957456,0.9032985356803156,0.23607604598457,,
amsterdam,gbdt+k10,0,6,20,-1,0.5594358787679518,,,1.0,8.0
amsterdam,gbdt+k10,0,7,20,3,0.6672224896957456,0.7582639533108656,0.09104146361512,,
amsterdam,gbdt+k10,0,7,20,5,0.6672224896957456,0.8437745863619817,0.17655209666623606,,
amsterdam,gbdt+k10,0,7,20,8,0.6672224896957456,0.9032985356803156,0.23607604598457,,
amsterdam,gbdt+k10,0,7,20,-1,0.5594358787679518,,,1.0,8.0
amsterdam,gbdt+k10,0,8,20,3,0.6672224896957456,0.7582639533108656,0.09104146361512,,
amsterdam,gbdt+k10,0,8,20,5,0.6672224896957456,0.8437745863619817,0.17655209666623606,,
amsterdam,gbdt+k10,0,8,20,8,0.6672224896957456,0.9032985356803156,0.23607604598457,,
amsterdam,gbdt+k10,0,8,20,-1,0.5594358787679518,,,1.0,8.0
amsterdam,gbdt+k10,0,9,20,3,0.6634178419192335,0.7582639533108656,0.09484611139163213,,
amsterdam,gbdt+k10,0,9,20,5,0.6634178419192335,0.8437745863619817,0.18035674444274818,,
amsterdam,gbdt+k10,0,9,20,8,0.6634178419192335,0.9032985356803156,0.23988069376108212,,
amsterdam,gbdt+k10,0,9,20,-1,0.5594358787679518,,,1.0,8.0
amsterdam,gbdt+k10d,0,0,20,3,0.6672224896957456,0.7582639533108656,0.09104146361512,,
amsterdam,gbdt+k10d,0,0,20,5,0.6672224896957456,0.8437745863619817,0.17655209666623606,,
amsterdam,gbdt+k10d,0,0,20,8,0.6672224896957456,0.9032985356803156,0.23607604598457,,
amsterdam,gbdt+k10d,0,0,20,-1,0.5594358787679518,,,1.0,8.0
amsterdam,gbdt,1,0,20,3,0.6672224896957456,0.7582639533108656,0.09104146361512,,
amsterdam,gbdt,1,0,20,5,0.6672224896957456,0.8437745863619817,0.17655209666623606,,
amsterdam,gbdt,1,0,20,8,0.6672224896957456,0.9032985356803156,0.23607604598457,,
amsterdam,gbdt,1,0,20,-1,0.4777298934933477,,,1.0,8.0
amsterdam,gbdt,1,0,10,3,0.6672224896957456,0.7582639533108656,0.09104146361512,,
amsterdam,gbdt,1,0,10,5,0.6672224896957456,0.8437745863619817,0.17655209666623606,,
amsterdam,gbdt,1,0,10,8,0.6672224896957456,0.8940569992602074,0.22683450956446183,,
amsterdam,gbdt,1,0,10,-1,0.4777298934933477,,,1.0,9.0
amsterdam,gbdt+k10,1,0,20,3,0.686374898718867,0.7582639533108656,0.07188905459199857,,
amsterdam,gbdt+k10,1,0,20,5,0.7482356533073428,0.8437745863619817,0.0955389330546389,,
amsterdam,gbdt+k10,1,0,20,8,0.7482356533073428,0.9032985356803156,0.15506288237297283,,
amsterdam,gbdt+k10,1,0,20,-1,0.4777298934933477,,,1.0,8.0
amsterdam,gbdt+k10,1,1,20,3,0.7386066064655527,0.7582639533108656,0.01965734684531295,,
amsterdam,gbdt+k10,1,1,20,5,0.7386066064655527,0.8437745863619817,0.10516797989642901,,
amsterdam,gbdt+k10,1,1,20,8,0.7386066064655527,0.9032985356803156,0.16469192921476294,,
amsterdam,gbdt+k10,1,1,20,-1,0.4777298934933477,,,1.0,8.0
amsterdam,gbdt+k10,1,2,20,3,0.686374898718867,0.7582639533108656,0.07188905459199857,,
amsterdam,gbdt+k10,1,2,20,5,0.7513827076410009,0.8437745863619817,0.09239187872098076,,
amsterdam,gbdt+k10,1,2,20,8,0.7513827076410009,0.9032985356803156,0.1519158280393147,,
amsterdam,gbdt+k10,1,2,20,-1,0.4777298934933477,,,1.0,8.0
amsterdam,gbdt+k10,1,3,20,3,0.686374898718867,0.7582639533108656,0.07188905459199857,,
amsterdam,gbdt+k10,1,3,20,5,0.7513827076410009,0.8437745863619817,0.09239187872098076,,
amsterdam,gbdt+k10,1,3,20,8,0.7513827076410009,0.9032985356803156,0.1519158280393147,,
amsterdam,gbdt+k10,1,3,20,-1,0.4777298934933477,,,1.0,8.0
amsterdam,gbdt+k10,1,4,20,3,0.7368217099778063,0.7582639533108656,0.02144224333305933,,
amsterdam,gbdt+k10,1,4,20,5,0.7368217099778063,0.8437745863619817,0.10695287638417539,,
amsterdam,gbdt+k10,1,4,20,8,0.7368217099778063,0.9032985356803156,0.16647682570250932,,
amsterdam,gbdt+k10,1,4,20,-1,0.5594358787679518,,,1.0,8.0
amsterdam,gbdt+k10,1,5,20,3,0.7294237837456993,0.7582639533108656,0.02884016956516633,,
amsterdam,gbdt+k10,1,5,20,5,0.7701945772026445,0.8437745863619817,0.07358000915933716,,
amsterdam,gbdt+k10,1,5,20,8,0.7701945772026445,0.9032985356803156,0.1331039584776711,,
amsterdam,gbdt+k10,1,5,20,-1,0.5594358787679518,,,1.0,8.0
amsterdam,gbdt+k10,1,6,20,3,0.7368217099778063,0.7582639533108656,0.02144224333305933,,
amsterdam,gbdt+k10,1,6,20,5,0.7699597224016252,0.8437745863619817,0.07381486396035641,,
amsterdam,gbdt+k10,1,6,20,8,0.7699597224016252,0.9032985356803156,0.13333881327869035,,
amsterdam,gbdt+k10,1,6,20,-1,0.5594358787679518,,,1.0,8.0
amsterdam,gbdt+k10,1,7,20,3,0.6672224896957456,0.7582639533108656,0.09104146361512,,
amsterdam,gbdt+k10,1,7,20,5,0.6672224896957456,0.8437745863619817,0.17655209666623606,,
amsterdam,gbdt+k10,1,7,20,8,0.6672224896957456,0.9032985356803156,0.23607604598457,,
amsterdam,gbdt+k10,1,7,20,-1,0.4777298934933477,,,1.0,8.0
amsterdam,gbdt+k10,1,8,20,3,0.7368217099778063,0.7582639533108656,0.02144224333305933,,
amsterdam,gbdt+k10,1,8,20,5,0.7368217099778063,0.8437745863619817,0.10695287638417539,,
amsterdam,gbdt+k10,1,8,20,8,0.7368217099778063,0.9032985356803156,0.16647682570250932,,
amsterdam,gbdt+k10,1,8,20,-1,0.5594358787679518,,,1.0,8.0
amsterdam,gbdt+k10,1,9,20,3,0.7368217099778063,0.7582639533108656,0.02144224333305933,,
amsterdam,gbdt+k10,1,9,20,5,0.7930694348219214,0.8437745863619817,0.05070515154006028,,
amsterdam,gbdt+k10,1,9,20,8,0.7930694348219214,0.9032985356803156,0.11022910085839421,,
amsterdam,gbdt+k10,1,9,20,-1,0.5594358787679518,,,1.0,8.0
amsterdam,gbdt+k10d,1,0,20,3,0.7368217099778063,0.7582639533108656,0.02144224333305933,,
amsterdam,gbdt+k10d,1,0,20,5,0.7699597224016252,0.8437745863619817,0.07381486396035641,,
amsterdam,gbdt+k10d,1,0,20,8,0.7699597224016252,0.9032985356803156,0.13333881327869035,,
amsterdam,gbdt+k10d,1,0,20,-1,0.4777298934933477,,,1.0,8.0
amsterdam,gbdt,2,0,20,3,0.6672224896957456,0.7582639533108656,0.09104146361512,,
amsterdam,gbdt,2,0,20,5,0.6672224896957456,0.8437745863619817,0.17655209666623606,,
amsterdam,gbdt,2,0,20,8,0.6672224896957456,0.9032985356803156,0.23607604598457,,
amsterdam,gbdt,2,0,20,-1,0.4777298934933477,,,1.0,8.0
amsterdam,gbdt,2,0,10,3,0.6672224896957456,0.7582639533108656,0.09104146361512,,
amsterdam,gbdt,2,0,10,5,0.6672224896957456,0.8437745863619817,0.17655209666623606,,
amsterdam,gbdt,2,0,10,8,0.6672224896957456,0.8940569992602074,0.22683450956446183,,
amsterdam,gbdt,2,0,10,-1,0.4777298934933477,,,1.0,9.0
amsterdam,gbdt+k10,2,0,20,3,0.6861400439178478,0.7582639533108656,0.07212390939301783,,
amsterdam,gbdt+k10,2,0,20,5,0.6861400439178478,0.8437745863619817,0.15763454244413388,,
amsterdam,gbdt+k10,2,0,20,8,0.6861400439178478,0.9032985356803156,0.21715849176246782,,
amsterdam,gbdt+k10,2,0,20,-1,0.4777298934933477,,,1.0,8.0
amsterdam,gbdt+k10,2,1,20,3,0.7386066064655527,0.7582639533108656,0.01965734684531295,,
amsterdam,gbdt+k10,2,1,20,5,0.7386066064655527,0.8437745863619817,0.10516797989642901,,
amsterdam,gbdt+k10,2,1,20,8,0.7386066064655527,0.9032985356803156,0.16469192921476294,,
amsterdam,gbdt+k10,2,1,20,-1,0.4777298934933477,,,1.0,8.0
amsterdam,gbdt+k10,2,2,20,3,0.6861400439178478,0.7582639533108656,0.07212390939301783,,
amsterdam,gbdt+k10,2,2,20,5,0.6861400439178478,0.8437745863619817,0.15763454244413388,,
amsterdam,gbdt+k10,2,2,20,8,0.6861400439178478,0.9032985356803156,0.21715849176246782,,
amsterdam,gbdt+k10,2,2,20,-1,0.4777298934933477,,,1.0,8.0
amsterdam,gbdt+k10,2,3,20,3,0.7310090536525793,0.7582639533108656,0.027254899658286313,,
amsterdam,gbdt+k10,2,3,20,5,0.785143085287521,0.8437745863619817,0.05863150107446069,,
amsterdam,gbdt+k10,2,3,20,8,0.785143085287521,0.9032985356803156,0.11815545039279463,,
amsterdam,gbdt+k10,2,3,20,-1,0.4777298934933477,,,1.0,8.0
amsterdam,gbdt+k10,2,4,20,3,0.6672224896957456,0.7582639533108656,0.09104146361512,,
amsterdam,gbdt+k10,2,4,20,5,0.6672224896957456,0.8437745863619817,0.17655209666623606,,
amsterdam,gbdt+k10,2,4,20,8,0.6672224896957456,0.9032985356803156,0.23607604598457,,
amsterdam,gbdt+k10,2,4,20,-1,0.4777298934933477,,,1.0,8.0
amsterdam,gbdt+k10,2,5,20,3,0.6933970572693432,0.7582639533108656,0.0648668960415224,,
amsterdam,gbdt+k10,2,5,20,5,0.6933970572693432,0.8437745863619817,0.15037752909263846,,
amsterdam,gbdt+k10,2,5,20,8,0.6933970572693432,0.9032985356803156,0.2099014784109724,,
amsterdam,gbdt+k10,2,5,20,-1,0.4777298934933477,,,1.0,8.0
amsterdam,gbdt+k10,2,6,20,3,0.6672224896957456,0.7582639533108656,0.09104146361512,,
amsterdam,gbdt+k10,2,6,20,5,0.6672224896957456,0.8437745863619817,0.17655209666623606,,
amsterdam,gbdt+k10,2,6,20,8,0.6672224896957456,0.9032985356803156,0.23607604598457,,
amsterdam,gbdt+k10,2,6,20,-1,0.4777298934933477,,,1.0,8.0
amsterdam,gbdt+k10,2,7,20,3,0.6672224896957456,0.7582639533108656,0.09104146361512,,
amsterdam,gbdt+k10,2,7,20,5,0.6672224896957456,0.8437745863619817,0.17655209666623606,,
amsterdam,gbdt+k10,2,7,20,8,0.6672224896957456,0.9032985356803156,0.23607604598457,,
amsterdam,gbdt+k10,2,7,20,-1,0.4777298934933477,,,1.0,8.0
amsterdam,gbdt+k10,2,8,20,3,0.6672224896957456,0.7582639533108656,0.09104146361512,,
amsterdam,gbdt+k10,2,8,20,5,0.6672224896957456,0.8437745863619817,0.17655209666623606,,
amsterdam,gbdt+k10,2,8,20,8,0.6672224896957456,0.9032985356803156,0.23607604598457,,
amsterdam,gbdt+k10,2,8,20,-1,0.4777298934933477,,,1.0,8.0
amsterdam,gbdt+k10,2,9,20,3,0.7386066064655527,0.7582639533108656,0.01965734684531295,,
amsterdam,gbdt+k10,2,9,20,5,0.7386066064655527,0.8437745863619817,0.10516797989642901,,
amsterdam,gbdt+k10,2,9,20,8,0.7386066064655527,0.9032985356803156,0.16469192921476294,,
amsterdam,gbdt+k10,2,9,20,-1,0.4777298934933477,,,1.0,8.0
amsterdam,gbdt+k10d,2,0,20,3,0.6672224896957456,0.7582639533108656,0.09104146361512,,
amsterdam,gbdt+k10d,2,0,20,5,0.6672224896957456,0.8437745863619817,0.17655209666623606,,
amsterdam,gbdt+k10d,2,0,20,8,0.6672224896957456,0.9032985356803156,0.23607604598457,,
amsterdam,gbdt+k10d,2,0,20,-1,0.4777298934933477,,,1.0,8.0
amsterdam,gbdt,3,0,20,3,0.6794231966086967,0.7582639533108656,0.07884075670216895,,
amsterdam,gbdt,3,0,20,5,0.6794231966086967,0.8437745863619817,0.164351389753285,,
amsterdam,gbdt,3,0,20,8,0.6794231966086967,0.9032985356803156,0.22387533907161894,,
amsterdam,gbdt,3,0,20,-1,0.5594358787679518,,,1.0,8.0
amsterdam,gbdt,3,0,10,3,0.6794231966086967,0.7582639533108656,0.07884075670216895,,
amsterdam,gbdt,3,0,10,5,0.6794231966086967,0.8437745863619817,0.164351389753285,,
amsterdam,gbdt,3,0,10,8,0.6794231966086967,0.8940569992602074,0.21463380265151077,,
amsterdam,gbdt,3,0,10,-1,0.5594358787679518,,,1.0,9.0
amsterdam,gbdt+k10,3,0,20,3,0.7022393405277187,0.7582639533108656,0.056024612783146854,,
amsterdam,gbdt+k10,3,0,20,5,0.769372585399077,0.8437745863619817,0.07440200096290461,,
amsterdam,gbdt+k10,3,0,20,8,0.769372585399077,0.9032985356803156,0.13392595028123855,,
amsterdam,gbdt+k10,3,0,20,-1,0.4777298934933477,,,1.0,8.0
amsterdam,gbdt+k10,3,1,20,3,0.7386066064655527,0.7582639533108656,0.01965734684531295,,
amsterdam,gbdt+k10,3,1,20,5,0.7386066064655527,0.8437745863619817,0.10516797989642901,,
amsterdam,gbdt+k10,3,1,20,8,0.7386066064655527,0.9032985356803156,0.16469192921476294,,
amsterdam,gbdt+k10,3,1,20,-1,0.4777298934933477,,,1.0,8.0
amsterdam,gbdt+k10,3,2,20,3,0.7368217099778063,0.7582639533108656,0.02144224333305933,,
amsterdam,gbdt+k10,3,2,20,5,0.7699597224016252,0.8437745863619817,0.07381486396035641,,
amsterdam,gbdt+k10,3,2,20,8,0.7699597224016252,0.9032985356803156,0.13333881327869035,,
amsterdam,gbdt+k10,3,2,20,-1,0.4777298934933477,,,1.0,8.0
amsterdam,gbdt+k10,3,3,20,3,0.686374898718867,0.7582639533108656,0.07188905459199857,,
amsterdam,gbdt+k10,3,3,20,5,0.7513827076410009,0.8437745863619817,0.09239187872098076,,
amsterdam,gbdt+k10,3,3,20,8,0.7513827076410009,0.9032985356803156,0.1519158280393147,,
amsterdam,gbdt+k10,3,3,20,-1,0.4777298934933477,,,1.0,8.0
amsterdam,gbdt+k10,3,4,20,3,0.6672224896957456,0.7582639533108656,0.09104146361512,,
amsterdam,gbdt+k10,3,4,20,5,0.6672224896957456,0.8437745863619817,0.17655209666623606,,
amsterdam,gbdt+k10,3,4,20,8,0.6672224896957456,0.9032985356803156,0.23607604598457,,
amsterdam,gbdt+k10,3,4,20,-1,0.4777298934933477,,,1.0,8.0
amsterdam,gbdt+k10,3,5,20,3,0.6073814863960356,0.7582639533108656,0.15088246691482998,,
amsterdam,gbdt+k10,3,5,20,5,0.6073814863960356,0.8437745863619817,0.23639309996594604,,
amsterdam,gbdt+k10,3,5,20,8,0.6073814863960356,0.9032985356803156,0.29591704928428,,
amsterdam,gbdt+k10,3,5,20,-1,0.4777298934933477,,,1.0,8.0
amsterdam,gbdt+k10,3,6,20,3,0.7368217099778063,0.7582639533108656,0.02144224333305933,,
amsterdam,gbdt+k10,3,6,20,5,0.7368217099778063,0.8437745863619817,0.10695287638417539,,
amsterdam,gbdt+k10,3,6,20,8,0.7368217099778063,0.9032985356803156,0.16647682570250932,,
amsterdam,gbdt+k10,3,6,20,-1,0.4777298934933477,,,1.0,8.0
amsterdam,gbdt+k10,3,7,20,3,0.6672224896957456,0.7582639533108656,0.09104146361512,,
amsterdam,gbdt+k10,3,7,20,5,0.6672224896957456,0.8437745863619817,0.17655209666623606,,
amsterdam,gbdt+k10,3,7,20,8,0.6672224896957456,0.9032985356803156,0.23607604598457,,
amsterdam,gbdt+k10,3,7,20,-1,0.4777298934933477,,,1.0,8.0
amsterdam,gbdt+k10,3,8,20,3,0.7368217099778063,0.7582639533108656,0.02144224333305933,,
amsterdam,gbdt+k10,3,8,20,5,0.7368217099778063,0.8437745863619817,0.10695287638417539,,
amsterdam,gbdt+k10,3,8,20,8,0.7368217099778063,0.9032985356803156,0.16647682570250932,,
amsterdam,gbdt+k10,3,8,20,-1,0.4777298934933477,,,1.0,8.0
amsterdam,gbdt+k10,3,9,20,3,0.7386066064655527,0.7582639533108656,0.01965734684531295,,
amsterdam,gbdt+k10,3,9,20,5,0.7386066064655527,0.8437745863619817,0.10516797989642901,,
amsterdam,gbdt+k10,3,9,20,8,0.7386066064655527,0.9032985356803156,0.16469192921476294,,
amsterdam,gbdt+k10,3,9,20,-1,0.4777298934933477,,,1.0,8.0
amsterdam,gbdt+k10d,3,0,20,3,0.6672224896957456,0.7582639533108656,0.09104146361512,,
amsterdam,gbdt+k10d,3,0,20,5,0.6672224896957456,0.8437745863619817,0.17655209666623606,,
amsterdam,gbdt+k10d,3,0,20,8,0.6672224896957456,0.9032985356803156,0.23607604598457,,
amsterdam,gbdt+k10d,3,0,20,-1,0.4777298934933477,,,1.0,8.0
amsterdam,gbdt,4,0,20,3,0.6902382601956341,0.7582639533108656,0.06802569311523154,,
amsterdam,gbdt,4,0,20,5,0.6902382601956341,0.8437745863619817,0.1535363261663476,,
amsterdam,gbdt,4,0,20,8,0.6902382601956341,0.9032985356803156,0.21306027548468154,,
amsterdam,gbdt,4,0,20,-1,0.5594358787679518,,,1.0,8.0
amsterdam,gbdt,4,0,10,3,0.6902382601956341,0.7582639533108656,0.06802569311523154,,
amsterdam,gbdt,4,0,10,5,0.6902382601956341,0.8437745863619817,0.1535363261663476,,
amsterdam,gbdt,4,0,10,8,0.6902382601956341,0.8940569992602074,0.20381873906457337,,
amsterdam,gbdt,4,0,10,-1,0.5594358787679518,,,1.0,9.0
amsterdam,gbdt+k10,4,0,20,3,0.7030026186310314,0.7582639533108656,0.055261334679834184,,
amsterdam,gbdt+k10,4,0,20,5,0.7701945772026445,0.8437745863619817,0.07358000915933716,,
amsterdam,gbdt+k10,4,0,20,8,0.7701945772026445,0.9032985356803156,0.1331039584776711,,
amsterdam,gbdt+k10,4,0,20,-1,0.5594358787679518,,,1.0,8.0
amsterdam,gbdt+k10,4,1,20,3,0.6781432379431417,0.7582639533108656,0.08012071536772392,,
amsterdam,gbdt+k10,4,1,20,5,0.6781432379431417,0.8437745863619817,0.16563134841883997,,
amsterdam,gbdt+k10,4,1,20,8,0.6781432379431417,0.9032985356803156,0.2251552977371739,,
amsterdam,gbdt+k10,4,1,20,-1,0.4777298934933477,,,1.0,8.0
amsterdam,gbdt+k10,4,2,20,3,0.7033431580925094,0.7582639533108656,0.054920795218356244,,
amsterdam,gbdt+k10,4,2,20,5,0.7699597224016252,0.8437745863619817,0.07381486396035641,,
amsterdam,gbdt+k10,4,2,20,8,0.7699597224016252,0.9032985356803156,0.13333881327869035,,
amsterdam,gbdt+k10,4,2,20,-1,0.5594358787679518,,,1.0,8.0
amsterdam,gbdt+k10,4,3,20,3,0.7022393405277187,0.7582639533108656,0.056024612783146854,,
amsterdam,gbdt+k10,4,3,20,5,0.769372585399077,0.8437745863619817,0.07440200096290461,,
amsterdam,gbdt+k10,4,3,20,8,0.769372585399077,0.9032985356803156,0.13392595028123855,,
amsterdam,gbdt+k10,4,3,20,-1,0.4777298934933477,,,1.0,8.0
amsterdam,gbdt+k10,4,4,20,3,0.7033431580925094,0.7582639533108656,0.054920795218356244,,
amsterdam,gbdt+k10,4,4,20,5,0.7699597224016252,0.8437745863619817,0.07381486396035641,,
amsterdam,gbdt+k10,4,4,20,8,0.7699597224016252,0.9032985356803156,0.13333881327869035,,
amsterdam,gbdt+k10,4,4,20,-1,0.5594358787679518,,,1.0,8.0
amsterdam,gbdt+k10,4,5,20,3,0.669042614403645,0.7582639533108656,0.08922133890722062,,
amsterdam,gbdt+k10,4,5,20,5,0.747812914665508,0.8437745863619817,0.09596167169647363,,
amsterdam,gbdt+k10,4,5,20,8,0.747812914665508,0.9032985356803156,0.15548562101480756,,
amsterdam,gbdt+k10,4,5,20,-1,0.4777298934933477,,,1.0,8.0
amsterdam,gbdt+k10,4,6,20,3,0.7033431580925094,0.7582639533108656,0.054920795218356244,,
amsterdam,gbdt+k10,4,6,20,5,0.7699597224016252,0.8437745863619817,0.07381486396035641,,
amsterdam,gbdt+k10,4,6,20,8,0.7699597224016252,0.9032985356803156,0.13333881327869035,,
amsterdam,gbdt+k10,4,6,20,-1,0.5594358787679518,,,1.0,8.0
amsterdam,gbdt+k10,4,7,20,3,0.7485057363285149,0.7582639533108656,0.009758216982350687,,
amsterdam,gbdt+k10,4,7,20,5,0.7485057363285149,0.8437745863619817,0.09526885003346675,,
amsterdam,gbdt+k10,4,7,20,8,0.7485057363285149,0.9032985356803156,0.15479279935180068,,
amsterdam,gbdt+k10,4,7,20,-1,0.5594358787679518,,,1.0,8.0
amsterdam,gbdt+k10,4,8,20,3,0.7033431580925094,0.7582639533108656,0.054920795218356244,,
amsterdam,gbdt+k10,4,8,20,5,0.7699597224016252,0.8437745863619817,0.07381486396035641,,
amsterdam,gbdt+k10,4,8,20,8,0.7699597224016252,0.9032985356803156,0.13333881327869035,,
amsterdam,gbdt+k10,4,8,20,-1,0.5594358787679518,,,1.0,8.0
amsterdam,gbdt+k10,4,9,20,3,0.6781432379431417,0.7582639533108656,0.08012071536772392,,
amsterdam,gbdt+k10,4,9,20,5,0.7703942037835109,0.8437745863619817,0.07338038257847079,,
amsterdam,gbdt+k10,4,9,20,8,0.7703942037835109,0.9032985356803156,0.13290433189680473,,
amsterdam,gbdt+k10,4,9,20,-1,0.4777298934933477,,,1.0,8.0
amsterdam,gbdt+k10d,4,0,20,3,0.7369391373783158,0.7582639533108656,0.021324815932549757,,
amsterdam,gbdt+k10d,4,0,20,5,0.7369391373783158,0.8437745863619817,0.10683544898366581,,
amsterdam,gbdt+k10d,4,0,20,8,0.7369391373783158,0.9032985356803156,0.16635939830199975,,
amsterdam,gbdt+k10d,4,0,20,-1,0.5594358787679518,,,1.0,8.0
amsterdam,gbdt_iw,0,0,20,3,0.6250308246926338,0.7582639533108656,0.13323312861823178,,
amsterdam,gbdt_iw,0,0,20,5,0.6250308246926338,0.8437745863619817,0.21874376166934784,,
amsterdam,gbdt_iw,0,0,20,8,0.6250308246926338,0.9032985356803156,0.27826771098768177,,
amsterdam,gbdt_iw,0,0,20,-1,0.4777298934933477,,,1.0,8.0
amsterdam,gbdt_iw,0,0,10,3,0.6250308246926338,0.7582639533108656,0.13323312861823178,,
amsterdam,gbdt_iw,0,0,10,5,0.6250308246926338,0.8437745863619817,0.21874376166934784,,
amsterdam,gbdt_iw,0,0,10,8,0.6250308246926338,0.8940569992602074,0.2690261745675736,,
amsterdam,gbdt_iw,0,0,10,-1,0.4777298934933477,,,1.0,9.0
amsterdam,gbdt_iw,1,0,20,3,0.6672224896957456,0.7582639533108656,0.09104146361512,,
amsterdam,gbdt_iw,1,0,20,5,0.6672224896957456,0.8437745863619817,0.17655209666623606,,
amsterdam,gbdt_iw,1,0,20,8,0.6672224896957456,0.9032985356803156,0.23607604598457,,
amsterdam,gbdt_iw,1,0,20,-1,0.4777298934933477,,,1.0,8.0
amsterdam,gbdt_iw,1,0,10,3,0.6672224896957456,0.7582639533108656,0.09104146361512,,
amsterdam,gbdt_iw,1,0,10,5,0.6672224896957456,0.8437745863619817,0.17655209666623606,,
amsterdam,gbdt_iw,1,0,10,8,0.6672224896957456,0.8940569992602074,0.22683450956446183,,
amsterdam,gbdt_iw,1,0,10,-1,0.4777298934933477,,,1.0,9.0
amsterdam,gbdt_iw,2,0,20,3,0.6672224896957456,0.7582639533108656,0.09104146361512,,
amsterdam,gbdt_iw,2,0,20,5,0.6672224896957456,0.8437745863619817,0.17655209666623606,,
amsterdam,gbdt_iw,2,0,20,8,0.6672224896957456,0.9032985356803156,0.23607604598457,,
amsterdam,gbdt_iw,2,0,20,-1,0.4777298934933477,,,1.0,8.0
amsterdam,gbdt_iw,2,0,10,3,0.6672224896957456,0.7582639533108656,0.09104146361512,,
amsterdam,gbdt_iw,2,0,10,5,0.6672224896957456,0.8437745863619817,0.17655209666623606,,
amsterdam,gbdt_iw,2,0,10,8,0.6672224896957456,0.8940569992602074,0.22683450956446183,,
amsterdam,gbdt_iw,2,0,10,-1,0.4777298934933477,,,1.0,9.0
amsterdam,gbdt_iw,3,0,20,3,0.6672224896957456,0.7582639533108656,0.09104146361512,,
amsterdam,gbdt_iw,3,0,20,5,0.6672224896957456,0.8437745863619817,0.17655209666623606,,
amsterdam,gbdt_iw,3,0,20,8,0.6672224896957456,0.9032985356803156,0.23607604598457,,
amsterdam,gbdt_iw,3,0,20,-1,0.4777298934933477,,,1.0,8.0
amsterdam,gbdt_iw,3,0,10,3,0.6672224896957456,0.7582639533108656,0.09104146361512,,
amsterdam,gbdt_iw,3,0,10,5,0.6672224896957456,0.8437745863619817,0.17655209666623606,,
amsterdam,gbdt_iw,3,0,10,8,0.6672224896957456,0.8940569992602074,0.22683450956446183,,
amsterdam,gbdt_iw,3,0,10,-1,0.4777298934933477,,,1.0,9.0
amsterdam,gbdt_iw,4,0,20,3,0.6250308246926338,0.7582639533108656,0.13323312861823178,,
amsterdam,gbdt_iw,4,0,20,5,0.6250308246926338,0.8437745863619817,0.21874376166934784,,
amsterdam,gbdt_iw,4,0,20,8,0.6250308246926338,0.9032985356803156,0.27826771098768177,,
amsterdam,gbdt_iw,4,0,20,-1,0.4777298934933477,,,1.0,8.0
amsterdam,gbdt_iw,4,0,10,3,0.6250308246926338,0.7582639533108656,0.13323312861823178,,
amsterdam,gbdt_iw,4,0,10,5,0.6250308246926338,0.8437745863619817,0.21874376166934784,,
amsterdam,gbdt_iw,4,0,10,8,0.6250308246926338,0.8940569992602074,0.2690261745675736,,
amsterdam,gbdt_iw,4,0,10,-1,0.4777298934933477,,,1.0,9.0
amsterdam,gp_ard,0,0,20,3,0.6794231966086967,0.7582639533108656,0.07884075670216895,,
amsterdam,gp_ard,0,0,20,5,0.6794231966086967,0.8437745863619817,0.164351389753285,,
amsterdam,gp_ard,0,0,20,8,0.6794231966086967,0.9032985356803156,0.22387533907161894,,
amsterdam,gp_ard,0,0,20,-1,0.5594358787679518,,,1.0,8.0
amsterdam,gp_ard,0,0,10,3,0.6794231966086967,0.7582639533108656,0.07884075670216895,,
amsterdam,gp_ard,0,0,10,5,0.6794231966086967,0.8437745863619817,0.164351389753285,,
amsterdam,gp_ard,0,0,10,8,0.6794231966086967,0.8940569992602074,0.21463380265151077,,
amsterdam,gp_ard,0,0,10,-1,0.5594358787679518,,,1.0,9.0
amsterdam,kernel,0,0,20,3,0.6672224896957456,0.7582639533108656,0.09104146361512,,
amsterdam,kernel,0,0,20,5,0.6672224896957456,0.8437745863619817,0.17655209666623606,,
amsterdam,kernel,0,0,20,8,0.6672224896957456,0.9032985356803156,0.23607604598457,,
amsterdam,kernel,0,0,20,-1,0.4777298934933477,,,1.0,8.0
amsterdam,kernel,0,0,10,3,0.6672224896957456,0.7582639533108656,0.09104146361512,,
amsterdam,kernel,0,0,10,5,0.6672224896957456,0.8437745863619817,0.17655209666623606,,
amsterdam,kernel,0,0,10,8,0.6672224896957456,0.8940569992602074,0.22683450956446183,,
amsterdam,kernel,0,0,10,-1,0.4777298934933477,,,1.0,9.0
amsterdam,knn,0,0,20,3,0.6672224896957456,0.7582639533108656,0.09104146361512,,
amsterdam,knn,0,0,20,5,0.6672224896957456,0.8437745863619817,0.17655209666623606,,
amsterdam,knn,0,0,20,8,0.6672224896957456,0.9032985356803156,0.23607604598457,,
amsterdam,knn,0,0,20,-1,0.4777298934933477,,,1.0,8.0
amsterdam,knn,0,0,10,3,0.6672224896957456,0.7582639533108656,0.09104146361512,,
amsterdam,knn,0,0,10,5,0.6672224896957456,0.8437745863619817,0.17655209666623606,,
amsterdam,knn,0,0,10,8,0.6672224896957456,0.8940569992602074,0.22683450956446183,,
amsterdam,knn,0,0,10,-1,0.4777298934933477,,,1.0,9.0
amsterdam,median,0,0,20,3,0.5594358787679518,0.7582639533108656,0.19882807454291385,,
amsterdam,median,0,0,20,5,0.5594358787679518,0.8437745863619817,0.2843387075940299,,
amsterdam,median,0,0,20,8,0.5594358787679518,0.9032985356803156,0.34386265691236384,,
amsterdam,median,0,0,20,-1,0.5594358787679518,,,1.0,8.0
amsterdam,median,0,0,10,3,0.5594358787679518,0.7582639533108656,0.19882807454291385,,
amsterdam,median,0,0,10,5,0.5594358787679518,0.8437745863619817,0.2843387075940299,,
amsterdam,median,0,0,10,8,0.5594358787679518,0.8940569992602074,0.3346211204922557,,
amsterdam,median,0,0,10,-1,0.5594358787679518,,,1.0,9.0
amsterdam,mlp,0,0,20,3,0.5594358787679518,0.7582639533108656,0.19882807454291385,,
amsterdam,mlp,0,0,20,5,0.5594358787679518,0.8437745863619817,0.2843387075940299,,
amsterdam,mlp,0,0,20,8,0.5594358787679518,0.9032985356803156,0.34386265691236384,,
amsterdam,mlp,0,0,20,-1,0.5594358787679518,,,1.0,8.0
amsterdam,mlp,0,0,10,3,0.5594358787679518,0.7582639533108656,0.19882807454291385,,
amsterdam,mlp,0,0,10,5,0.5594358787679518,0.8437745863619817,0.2843387075940299,,
amsterdam,mlp,0,0,10,8,0.5594358787679518,0.8940569992602074,0.3346211204922557,,
amsterdam,mlp,0,0,10,-1,0.5594358787679518,,,1.0,9.0
amsterdam,mlp,1,0,20,3,0.6794231966086967,0.7582639533108656,0.07884075670216895,,
amsterdam,mlp,1,0,20,5,0.6794231966086967,0.8437745863619817,0.164351389753285,,
amsterdam,mlp,1,0,20,8,0.6794231966086967,0.9032985356803156,0.22387533907161894,,
amsterdam,mlp,1,0,20,-1,0.5594358787679518,,,1.0,8.0
amsterdam,mlp,1,0,10,3,0.6794231966086967,0.7582639533108656,0.07884075670216895,,
amsterdam,mlp,1,0,10,5,0.6794231966086967,0.8437745863619817,0.164351389753285,,
amsterdam,mlp,1,0,10,8,0.6794231966086967,0.8940569992602074,0.21463380265151077,,
amsterdam,mlp,1,0,10,-1,0.5594358787679518,,,1.0,9.0
amsterdam,mlp,2,0,20,3,0.5594358787679518,0.7582639533108656,0.19882807454291385,,
amsterdam,mlp,2,0,20,5,0.5594358787679518,0.8437745863619817,0.2843387075940299,,
amsterdam,mlp,2,0,20,8,0.5594358787679518,0.9032985356803156,0.34386265691236384,,
amsterdam,mlp,2,0,20,-1,0.5594358787679518,,,1.0,8.0
amsterdam,mlp,2,0,10,3,0.5594358787679518,0.7582639533108656,0.19882807454291385,,
amsterdam,mlp,2,0,10,5,0.5594358787679518,0.8437745863619817,0.2843387075940299,,
amsterdam,mlp,2,0,10,8,0.5594358787679518,0.8940569992602074,0.3346211204922557,,
amsterdam,mlp,2,0,10,-1,0.5594358787679518,,,1.0,9.0
amsterdam,mlp,3,0,20,3,0.6794231966086967,0.7582639533108656,0.07884075670216895,,
amsterdam,mlp,3,0,20,5,0.6794231966086967,0.8437745863619817,0.164351389753285,,
amsterdam,mlp,3,0,20,8,0.6794231966086967,0.9032985356803156,0.22387533907161894,,
amsterdam,mlp,3,0,20,-1,0.5594358787679518,,,1.0,8.0
amsterdam,mlp,3,0,10,3,0.6794231966086967,0.7582639533108656,0.07884075670216895,,
amsterdam,mlp,3,0,10,5,0.6794231966086967,0.8437745863619817,0.164351389753285,,
amsterdam,mlp,3,0,10,8,0.6794231966086967,0.8940569992602074,0.21463380265151077,,
amsterdam,mlp,3,0,10,-1,0.5594358787679518,,,1.0,9.0
amsterdam,mlp,4,0,20,3,0.6794231966086967,0.7582639533108656,0.07884075670216895,,
amsterdam,mlp,4,0,20,5,0.6794231966086967,0.8437745863619817,0.164351389753285,,
amsterdam,mlp,4,0,20,8,0.6794231966086967,0.9032985356803156,0.22387533907161894,,
amsterdam,mlp,4,0,20,-1,0.5594358787679518,,,1.0,8.0
amsterdam,mlp,4,0,10,3,0.6794231966086967,0.7582639533108656,0.07884075670216895,,
amsterdam,mlp,4,0,10,5,0.6794231966086967,0.8437745863619817,0.164351389753285,,
amsterdam,mlp,4,0,10,8,0.6794231966086967,0.8940569992602074,0.21463380265151077,,
amsterdam,mlp,4,0,10,-1,0.5594358787679518,,,1.0,9.0
amsterdam,ridge,0,0,20,3,0.7261710447515823,0.7582639533108656,0.03209290855928326,,
amsterdam,ridge,0,0,20,5,0.7261710447515823,0.8437745863619817,0.11760354161039932,,
amsterdam,ridge,0,0,20,8,0.7261710447515823,0.9032985356803156,0.17712749092873326,,
amsterdam,ridge,0,0,20,-1,0.5594358787679518,,,1.0,8.0
amsterdam,ridge,0,0,10,3,0.7261710447515823,0.7582639533108656,0.03209290855928326,,
amsterdam,ridge,0,0,10,5,0.7261710447515823,0.8437745863619817,0.11760354161039932,,
amsterdam,ridge,0,0,10,8,0.7261710447515823,0.8940569992602074,0.1678859545086251,,
amsterdam,ridge,0,0,10,-1,0.5594358787679518,,,1.0,9.0
amsterdam,ridge+k10,0,0,20,3,0.7033431580925094,0.7582639533108656,0.054920795218356244,,
amsterdam,ridge+k10,0,0,20,5,0.7532145750889513,0.8437745863619817,0.09056001127303037,,
amsterdam,ridge+k10,0,0,20,8,0.7532145750889513,0.9032985356803156,0.1500839605913643,,
amsterdam,ridge+k10,0,0,20,-1,0.5594358787679518,,,1.0,8.0
amsterdam,ridge+k10,0,1,20,3,0.725302081987811,0.7582639533108656,0.032961871323054615,,
amsterdam,ridge+k10,0,1,20,5,0.725302081987811,0.8437745863619817,0.11847250437417067,,
amsterdam,ridge+k10,0,1,20,8,0.725302081987811,0.9032985356803156,0.1779964536925046,,
amsterdam,ridge+k10,0,1,20,-1,0.5594358787679518,,,1.0,8.0
amsterdam,ridge+k10,0,2,20,3,0.7033431580925094,0.7582639533108656,0.054920795218356244,,
amsterdam,ridge+k10,0,2,20,5,0.7033431580925094,0.8437745863619817,0.1404314282694723,,
amsterdam,ridge+k10,0,2,20,8,0.7033431580925094,0.9032985356803156,0.19995537758780624,,
amsterdam,ridge+k10,0,2,20,-1,0.5594358787679518,,,1.0,8.0
amsterdam,ridge+k10,0,3,20,3,0.7033431580925094,0.7582639533108656,0.054920795218356244,,
amsterdam,ridge+k10,0,3,20,5,0.7033431580925094,0.8437745863619817,0.1404314282694723,,
amsterdam,ridge+k10,0,3,20,8,0.7033431580925094,0.9032985356803156,0.19995537758780624,,
amsterdam,ridge+k10,0,3,20,-1,0.5594358787679518,,,1.0,8.0
amsterdam,ridge+k10,0,4,20,3,0.7033431580925094,0.7582639533108656,0.054920795218356244,,
amsterdam,ridge+k10,0,4,20,5,0.7033431580925094,0.8437745863619817,0.1404314282694723,,
amsterdam,ridge+k10,0,4,20,8,0.7033431580925094,0.9032985356803156,0.19995537758780624,,
amsterdam,ridge+k10,0,4,20,-1,0.5594358787679518,,,1.0,8.0
amsterdam,ridge+k10,0,5,20,3,0.7033431580925094,0.7582639533108656,0.054920795218356244,,
amsterdam,ridge+k10,0,5,20,5,0.7398161086908019,0.8437745863619817,0.10395847767117972,,
amsterdam,ridge+k10,0,5,20,8,0.7398161086908019,0.9032985356803156,0.16348242698951365,,
amsterdam,ridge+k10,0,5,20,-1,0.5594358787679518,,,1.0,8.0
amsterdam,ridge+k10,0,6,20,3,0.7033431580925094,0.7582639533108656,0.054920795218356244,,
amsterdam,ridge+k10,0,6,20,5,0.7033431580925094,0.8437745863619817,0.1404314282694723,,
amsterdam,ridge+k10,0,6,20,8,0.7033431580925094,0.9032985356803156,0.19995537758780624,,
amsterdam,ridge+k10,0,6,20,-1,0.5594358787679518,,,1.0,8.0
amsterdam,ridge+k10,0,7,20,3,0.7261710447515823,0.7582639533108656,0.03209290855928326,,
amsterdam,ridge+k10,0,7,20,5,0.7261710447515823,0.8437745863619817,0.11760354161039932,,
amsterdam,ridge+k10,0,7,20,8,0.7261710447515823,0.9032985356803156,0.17712749092873326,,
amsterdam,ridge+k10,0,7,20,-1,0.5594358787679518,,,1.0,8.0
amsterdam,ridge+k10,0,8,20,3,0.6672224896957456,0.7582639533108656,0.09104146361512,,
amsterdam,ridge+k10,0,8,20,5,0.6672224896957456,0.8437745863619817,0.17655209666623606,,
amsterdam,ridge+k10,0,8,20,8,0.6672224896957456,0.9032985356803156,0.23607604598457,,
amsterdam,ridge+k10,0,8,20,-1,0.5594358787679518,,,1.0,8.0
amsterdam,ridge+k10,0,9,20,3,0.7261710447515823,0.7582639533108656,0.03209290855928326,,
amsterdam,ridge+k10,0,9,20,5,0.7261710447515823,0.8437745863619817,0.11760354161039932,,
amsterdam,ridge+k10,0,9,20,8,0.7261710447515823,0.9032985356803156,0.17712749092873326,,
amsterdam,ridge+k10,0,9,20,-1,0.5594358787679518,,,1.0,8.0
amsterdam,ridge+k10d,0,0,20,3,0.7033431580925094,0.7582639533108656,0.054920795218356244,,
amsterdam,ridge+k10d,0,0,20,5,0.7033431580925094,0.8437745863619817,0.1404314282694723,,
amsterdam,ridge+k10d,0,0,20,8,0.7033431580925094,0.9032985356803156,0.19995537758780624,,
amsterdam,ridge+k10d,0,0,20,-1,0.5594358787679518,,,1.0,8.0
amsterdam,uma_los,0,0,20,3,0.5594358787679518,0.7582639533108656,0.19882807454291385,,
amsterdam,uma_los,0,0,20,5,0.5594358787679518,0.8437745863619817,0.2843387075940299,,
amsterdam,uma_los,0,0,20,8,0.5594358787679518,0.9032985356803156,0.34386265691236384,,
amsterdam,uma_los,0,0,20,-1,0.5594358787679518,,,1.0,8.0
amsterdam,uma_los,0,0,10,3,0.5594358787679518,0.7582639533108656,0.19882807454291385,,
amsterdam,uma_los,0,0,10,5,0.5594358787679518,0.8437745863619817,0.2843387075940299,,
amsterdam,uma_los,0,0,10,8,0.5594358787679518,0.8940569992602074,0.3346211204922557,,
amsterdam,uma_los,0,0,10,-1,0.5594358787679518,,,1.0,9.0
amsterdam,uma_nlos,0,0,20,3,0.6696062659260912,0.7582639533108656,0.08865768738477442,,
amsterdam,uma_nlos,0,0,20,5,0.8052231707746685,0.8437745863619817,0.03855141558731312,,
amsterdam,uma_nlos,0,0,20,8,0.8630796510057657,0.9032985356803156,0.040218884674549926,,
amsterdam,uma_nlos,0,0,20,-1,0.8052231707746685,,,5.0,8.0
amsterdam,uma_nlos,0,0,10,3,0.7236228701605233,0.7582639533108656,0.03464108315034231,,
amsterdam,uma_nlos,0,0,10,5,0.7876677743984781,0.8437745863619817,0.05610681196350353,,
amsterdam,uma_nlos,0,0,10,8,0.8615178665789875,0.8940569992602074,0.032539132681219884,,
amsterdam,uma_nlos,0,0,10,-1,0.8203008490001057,,,6.0,9.0
barcelona,oracle,0,0,20,3,0.5738365231669147,0.6964954589768587,0.12265893580994403,,
barcelona,oracle,0,0,20,5,0.6928652060136488,0.786995228077377,0.09413002206372822,,
barcelona,oracle,0,0,20,8,0.7604417876750987,0.8521858484273179,0.09174406075221919,,
barcelona,oracle,0,0,20,-1,0.423328544307045,,,1.0,13.0
barcelona,oracle,0,0,10,3,0.6788316486222997,0.6964954589768587,0.017663810354558995,,
barcelona,oracle,0,0,10,5,0.7275386115244497,0.7802350043614347,0.05269639283698502,,
barcelona,oracle,0,0,10,8,0.7275386115244497,0.8376520088254913,0.11011339730104164,,
barcelona,oracle,0,0,10,-1,0.47080404330648057,,,1.0,
barcelona,coral,0,0,20,3,0.6509312945764277,0.6964954589768587,0.045564164400430984,,
barcelona,coral,0,0,20,5,0.6509312945764277,0.786995228077377,0.13606393350094925,,
barcelona,coral,0,0,20,8,0.6509312945764277,0.8521858484273179,0.2012545538508902,,
barcelona,coral,0,0,20,-1,0.42581712761044693,,,1.0,13.0
barcelona,coral,0,0,10,3,0.6428498127148647,0.6964954589768587,0.05364564626199397,,
barcelona,coral,0,0,10,5,0.6428498127148647,0.7802350043614347,0.13738519164656993,,
barcelona,coral,0,0,10,8,0.6428498127148647,0.8376520088254913,0.19480219611062655,,
barcelona,coral,0,0,10,-1,0.42581712761044693,,,1.0,
barcelona,cost231,0,0,20,3,0.5963363948894248,0.6964954589768587,0.10015906408743391,,
barcelona,cost231,0,0,20,5,0.7628149212376212,0.786995228077377,0.024180306839755805,,
barcelona,cost231,0,0,20,8,0.8214890451023654,0.8521858484273179,0.030696803324952504,,
barcelona,cost231,0,0,20,-1,0.8397044486633486,,,10.0,13.0
barcelona,cost231,0,0,10,3,0.665054646210683,0.6964954589768587,0.03144081276617572,,
barcelona,cost231,0,0,10,5,0.7203037610960029,0.7802350043614347,0.059931243265431755,,
barcelona,cost231,0,0,10,8,0.800079532043717,0.8376520088254913,0.03757247678177433,,
barcelona,cost231,0,0,10,-1,0.8484401457232285,,,,
barcelona,encoder,0,0,20,3,0.423328544307045,0.6964954589768587,0.27316691466981374,,
barcelona,encoder,0,0,20,5,0.423328544307045,0.786995228077377,0.363666683770332,,
barcelona,encoder,0,0,20,8,0.423328544307045,0.8521858484273179,0.42885730412027295,,
barcelona,encoder,0,0,20,-1,0.423328544307045,,,1.0,13.0
barcelona,encoder,0,0,10,3,0.5427677151213505,0.6964954589768587,0.15372774385550825,,
barcelona,encoder,0,0,10,5,0.5427677151213505,0.7802350043614347,0.2374672892400842,,
barcelona,encoder,0,0,10,8,0.5427677151213505,0.8376520088254913,0.2948842937041408,,
barcelona,encoder,0,0,10,-1,0.42581712761044693,,,1.0,
barcelona,encoder,1,0,20,3,0.6516881317666375,0.6964954589768587,0.04480732721022118,,
barcelona,encoder,1,0,20,5,0.6516881317666375,0.786995228077377,0.13530709631073945,,
barcelona,encoder,1,0,20,8,0.6516881317666375,0.8521858484273179,0.2004977166606804,,
barcelona,encoder,1,0,20,-1,0.423328544307045,,,1.0,13.0
barcelona,encoder,1,0,10,3,0.6828980450510544,0.6964954589768587,0.01359741392580427,,
barcelona,encoder,1,0,10,5,0.6828980450510544,0.7802350043614347,0.09733695931038022,,
barcelona,encoder,1,0,10,8,0.6828980450510544,0.8376520088254913,0.15475396377443684,,
barcelona,encoder,1,0,10,-1,0.42581712761044693,,,1.0,
barcelona,encoder,2,0,20,3,0.5263225409205192,0.6964954589768587,0.1701729180563395,,
barcelona,encoder,2,0,20,5,0.5263225409205192,0.786995228077377,0.26067268715685776,,
barcelona,encoder,2,0,20,8,0.5263225409205192,0.8521858484273179,0.3258633075067987,,
barcelona,encoder,2,0,20,-1,0.423328544307045,,,1.0,13.0
barcelona,encoder,2,0,10,3,0.6428498127148647,0.6964954589768587,0.05364564626199397,,
barcelona,encoder,2,0,10,5,0.6428498127148647,0.7802350043614347,0.13738519164656993,,
barcelona,encoder,2,0,10,8,0.6428498127148647,0.8376520088254913,0.19480219611062655,,
barcelona,encoder,2,0,10,-1,0.42581712761044693,,,1.0,
barcelona,encoder,3,0,20,3,0.5927061419262147,0.6964954589768587,0.10378931705064398,,
barcelona,encoder,3,0,20,5,0.6655805839191339,0.786995228077377,0.1214146441582431,,
barcelona,encoder,3,0,20,8,0.6655805839191339,0.8521858484273179,0.18660526450818404,,
barcelona,encoder,3,0,20,-1,0.3237082456770486,,,1.0,13.0
barcelona,encoder,3,0,10,3,0.6428498127148647,0.6964954589768587,0.05364564626199397,,
barcelona,encoder,3,0,10,5,0.6428498127148647,0.7802350043614347,0.13738519164656993,,
barcelona,encoder,3,0,10,8,0.6428498127148647,0.8376520088254913,0.19480219611062655,,
barcelona,encoder,3,0,10,-1,0.42581712761044693,,,1.0,
barcelona,encoder,4,0,20,3,0.423328544307045,0.6964954589768587,0.27316691466981374,,
barcelona,encoder,4,0,20,5,0.423328544307045,0.786995228077377,0.363666683770332,,
barcelona,encoder,4,0,20,8,0.423328544307045,0.8521858484273179,0.42885730412027295,,
barcelona,encoder,4,0,20,-1,0.423328544307045,,,1.0,13.0
barcelona,encoder,4,0,10,3,0.5427677151213505,0.6964954589768587,0.15372774385550825,,
barcelona,encoder,4,0,10,5,0.5427677151213505,0.7802350043614347,0.2374672892400842,,
barcelona,encoder,4,0,10,8,0.5427677151213505,0.8376520088254913,0.2948842937041408,,
barcelona,encoder,4,0,10,-1,0.42581712761044693,,,1.0,
barcelona,gbdt,0,0,20,3,0.6929806557545282,0.6964954589768587,0.0035148032223305536,,
barcelona,gbdt,0,0,20,5,0.7466776130124686,0.786995228077377,0.040317615064908385,,
barcelona,gbdt,0,0,20,8,0.7466776130124686,0.8521858484273179,0.10550823541484933,,
barcelona,gbdt,0,0,20,-1,0.423328544307045,,,1.0,13.0
barcelona,gbdt,0,0,10,3,0.6788316486222997,0.6964954589768587,0.017663810354558995,,
barcelona,gbdt,0,0,10,5,0.6788316486222997,0.7802350043614347,0.10140335573913495,,
barcelona,gbdt,0,0,10,8,0.6788316486222997,0.8376520088254913,0.15882036020319157,,
barcelona,gbdt,0,0,10,-1,0.47080404330648057,,,1.0,
barcelona,gbdt+k10,0,0,20,3,0.423328544307045,0.6964954589768587,0.27316691466981374,,
barcelona,gbdt+k10,0,0,20,5,0.423328544307045,0.786995228077377,0.363666683770332,,
barcelona,gbdt+k10,0,0,20,8,0.423328544307045,0.8521858484273179,0.42885730412027295,,
barcelona,gbdt+k10,0,0,20,-1,0.423328544307045,,,1.0,13.0
barcelona,gbdt+k10,0,1,20,3,0.42581712761044693,0.6964954589768587,0.2706783313664118,,
barcelona,gbdt+k10,0,1,20,5,0.42581712761044693,0.786995228077377,0.36117810046693005,,
barcelona,gbdt+k10,0,1,20,8,0.42581712761044693,0.8521858484273179,0.426368720816871,,
barcelona,gbdt+k10,0,1,20,-1,0.42581712761044693,,,1.0,13.0
barcelona,gbdt+k10,0,2,20,3,0.423328544307045,0.6964954589768587,0.27316691466981374,,
barcelona,gbdt+k10,0,2,20,5,0.423328544307045,0.786995228077377,0.363666683770332,,
barcelona,gbdt+k10,0,2,20,8,0.423328544307045,0.8521858484273179,0.42885730412027295,,
barcelona,gbdt+k10,0,2,20,-1,0.423328544307045,,,1.0,13.0
barcelona,gbdt+k10,0,3,20,3,0.6342808763918107,0.6964954589768587,0.06221458258504797,,
barcelona,gbdt+k10,0,3,20,5,0.6342808763918107,0.786995228077377,0.15271435168556624,,
barcelona,gbdt+k10,0,3,20,8,0.6342808763918107,0.8521858484273179,0.21790497203550718,,
barcelona,gbdt+k10,0,3,20,-1,0.423328544307045,,,1.0,13.0
barcelona,gbdt+k10,0,4,20,3,0.423328544307045,0.6964954589768587,0.27316691466981374,,
barcelona,gbdt+k10,0,4,20,5,0.423328544307045,0.786995228077377,0.363666683770332,,
barcelona,gbdt+k10,0,4,20,8,0.423328544307045,0.8521858484273179,0.42885730412027295,,
barcelona,gbdt+k10,0,4,20,-1,0.423328544307045,,,1.0,13.0
barcelona,gbdt+k10,0,5,20,3,0.42581712761044693,0.6964954589768587,0.2706783313664118,,
barcelona,gbdt+k10,0,5,20,5,0.42581712761044693,0.786995228077377,0.36117810046693005,,
barcelona,gbdt+k10,0,5,20,8,0.42581712761044693,0.8521858484273179,0.426368720816871,,
barcelona,gbdt+k10,0,5,20,-1,0.42581712761044693,,,1.0,13.0
barcelona,gbdt+k10,0,6,20,3,0.423328544307045,0.6964954589768587,0.27316691466981374,,
barcelona,gbdt+k10,0,6,20,5,0.423328544307045,0.786995228077377,0.363666683770332,,
barcelona,gbdt+k10,0,6,20,8,0.423328544307045,0.8521858484273179,0.42885730412027295,,
barcelona,gbdt+k10,0,6,20,-1,0.423328544307045,,,1.0,13.0
barcelona,gbdt+k10,0,7,20,3,0.6929806557545282,0.6964954589768587,0.0035148032223305536,,
barcelona,gbdt+k10,0,7,20,5,0.7755913592282826,0.786995228077377,0.01140386884909439,,
barcelona,gbdt+k10,0,7,20,8,0.7755913592282826,0.8521858484273179,0.07659448919903533,,
barcelona,gbdt+k10,0,7,20,-1,0.423328544307045,,,1.0,13.0
barcelona,gbdt+k10,0,8,20,3,0.423328544307045,0.6964954589768587,0.27316691466981374,,
barcelona,gbdt+k10,0,8,20,5,0.423328544307045,0.786995228077377,0.363666683770332,,
barcelona,gbdt+k10,0,8,20,8,0.423328544307045,0.8521858484273179,0.42885730412027295,,
barcelona,gbdt+k10,0,8,20,-1,0.423328544307045,,,1.0,13.0
barcelona,gbdt+k10,0,9,20,3,0.47080404330648057,0.6964954589768587,0.22569141567037815,,
barcelona,gbdt+k10,0,9,20,5,0.47080404330648057,0.786995228077377,0.3161911847708964,,
barcelona,gbdt+k10,0,9,20,8,0.47080404330648057,0.8521858484273179,0.38138180512083736,,
barcelona,gbdt+k10,0,9,20,-1,0.47080404330648057,,,1.0,13.0
barcelona,gbdt+k10d,0,0,20,3,0.6929806557545282,0.6964954589768587,0.0035148032223305536,,
barcelona,gbdt+k10d,0,0,20,5,0.7755913592282826,0.786995228077377,0.01140386884909439,,
barcelona,gbdt+k10d,0,0,20,8,0.7755913592282826,0.8521858484273179,0.07659448919903533,,
barcelona,gbdt+k10d,0,0,20,-1,0.423328544307045,,,1.0,13.0
barcelona,gbdt,1,0,20,3,0.6929806557545282,0.6964954589768587,0.0035148032223305536,,
barcelona,gbdt,1,0,20,5,0.7466776130124686,0.786995228077377,0.040317615064908385,,
barcelona,gbdt,1,0,20,8,0.7466776130124686,0.8521858484273179,0.10550823541484933,,
barcelona,gbdt,1,0,20,-1,0.423328544307045,,,1.0,13.0
barcelona,gbdt,1,0,10,3,0.6788316486222997,0.6964954589768587,0.017663810354558995,,
barcelona,gbdt,1,0,10,5,0.7180075940274001,0.7802350043614347,0.06222741033403456,,
barcelona,gbdt,1,0,10,8,0.7180075940274001,0.8376520088254913,0.11964441479809118,,
barcelona,gbdt,1,0,10,-1,0.47080404330648057,,,1.0,
barcelona,gbdt+k10,1,0,20,3,0.5882933962748217,0.6964954589768587,0.10820206270203703,,
barcelona,gbdt+k10,1,0,20,5,0.5882933962748217,0.786995228077377,0.1987018318025553,,
barcelona,gbdt+k10,1,0,20,8,0.5882933962748217,0.8521858484273179,0.26389245215249624,,
barcelona,gbdt+k10,1,0,20,-1,0.423328544307045,,,1.0,13.0
barcelona,gbdt+k10,1,1,20,3,0.3237082456770486,0.6964954589768587,0.3727872132998101,,
barcelona,gbdt+k10,1,1,20,5,0.3237082456770486,0.786995228077377,0.4632869824003284,,
barcelona,gbdt+k10,1,1,20,8,0.3237082456770486,0.8521858484273179,0.5284776027502693,,
barcelona,gbdt+k10,1,1,20,-1,0.3237082456770486,,,1.0,13.0
barcelona,gbdt+k10,1,2,20,3,0.5882933962748217,0.6964954589768587,0.10820206270203703,,
barcelona,gbdt+k10,1,2,20,5,0.5882933962748217,0.786995228077377,0.1987018318025553,,
barcelona,gbdt+k10,1,2,20,8,0.5882933962748217,0.8521858484273179,0.26389245215249624,,
barcelona,gbdt+k10,1,2,20,-1,0.423328544307045,,,1.0,13.0
barcelona,gbdt+k10,1,3,20,3,0.6929806557545282,0.6964954589768587,0.0035148032223305536,,
barcelona,gbdt+k10,1,3,20,5,0.7466776130124686,0.786995228077377,0.040317615064908385,,
barcelona,gbdt+k10,1,3,20,8,0.7466776130124686,0.8521858484273179,0.10550823541484933,,
barcelona,gbdt+k10,1,3,20,-1,0.423328544307045,,,1.0,13.0
barcelona,gbdt+k10,1,4,20,3,0.6929806557545282,0.6964954589768587,0.0035148032223305536,,
barcelona,gbdt+k10,1,4,20,5,0.6929806557545282,0.786995228077377,0.09401457232284882,,
barcelona,gbdt+k10,1,4,20,8,0.6929806557545282,0.8521858484273179,0.15920519267278976,,
barcelona,gbdt+k10,1,4,20,-1,0.423328544307045,,,1.0,13.0
barcelona,gbdt+k10,1,5,20,3,0.42581712761044693,0.6964954589768587,0.2706783313664118,,
barcelona,gbdt+k10,1,5,20,5,0.42581712761044693,0.786995228077377,0.36117810046693005,,
barcelona,gbdt+k10,1,5,20,8,0.42581712761044693,0.8521858484273179,0.426368720816871,,
barcelona,gbdt+k10,1,5,20,-1,0.42581712761044693,,,1.0,13.0
barcelona,gbdt+k10,1,6,20,3,0.5882933962748217,0.6964954589768587,0.10820206270203703,,
barcelona,gbdt+k10,1,6,20,5,0.5882933962748217,0.786995228077377,0.1987018318025553,,
barcelona,gbdt+k10,1,6,20,8,0.5882933962748217,0.8521858484273179,0.26389245215249624,,
barcelona,gbdt+k10,1,6,20,-1,0.423328544307045,,,1.0,13.0
barcelona,gbdt+k10,1,7,20,3,0.6207091179639797,0.6964954589768587,0.07578634101287907,,
barcelona,gbdt+k10,1,7,20,5,0.6886192210990816,0.786995228077377,0.0983760069782954,,
barcelona,gbdt+k10,1,7,20,8,0.6886192210990816,0.8521858484273179,0.16356662732823635,,
barcelona,gbdt+k10,1,7,20,-1,0.423328544307045,,,1.0,13.0
barcelona,gbdt+k10,1,8,20,3,0.6929806557545282,0.6964954589768587,0.0035148032223305536,,
barcelona,gbdt+k10,1,8,20,5,0.6929806557545282,0.786995228077377,0.09401457232284882,,
barcelona,gbdt+k10,1,8,20,8,0.6929806557545282,0.8521858484273179,0.15920519267278976,,
barcelona,gbdt+k10,1,8,20,-1,0.423328544307045,,,1.0,13.0
barcelona,gbdt+k10,1,9,20,3,0.47080404330648057,0.6964954589768587,0.22569141567037815,,
barcelona,gbdt+k10,1,9,20,5,0.47080404330648057,0.786995228077377,0.3161911847708964,,
barcelona,gbdt+k10,1,9,20,8,0.47080404330648057,0.8521858484273179,0.38138180512083736,,
barcelona,gbdt+k10,1,9,20,-1,0.47080404330648057,,,1.0,13.0
barcelona,gbdt+k10d,1,0,20,3,0.6207091179639797,0.6964954589768587,0.07578634101287907,,
barcelona,gbdt+k10d,1,0,20,5,0.6886192210990816,0.786995228077377,0.0983760069782954,,
barcelona,gbdt+k10d,1,0,20,8,0.6886192210990816,0.8521858484273179,0.16356662732823635,,
barcelona,gbdt+k10d,1,0,20,-1,0.423328544307045,,,1.0,13.0
barcelona,gbdt,2,0,20,3,0.6243265431782031,0.6964954589768587,0.07216891579865559,,
barcelona,gbdt,2,0,20,5,0.6243265431782031,0.786995228077377,0.16266868489917385,,
barcelona,gbdt,2,0,20,8,0.6243265431782031,0.8521858484273179,0.2278593052491148,,
barcelona,gbdt,2,0,20,-1,0.423328544307045,,,1.0,13.0
barcelona,gbdt,2,0,10,3,0.6428498127148647,0.6964954589768587,0.05364564626199397,,
barcelona,gbdt,2,0,10,5,0.6428498127148647,0.7802350043614347,0.13738519164656993,,
barcelona,gbdt,2,0,10,8,0.6428498127148647,0.8376520088254913,0.19480219611062655,,
barcelona,gbdt,2,0,10,-1,0.42581712761044693,,,1.0,
barcelona,gbdt+k10,2,0,20,3,0.49141823592795936,0.6964954589768587,0.20507722304889936,,
barcelona,gbdt+k10,2,0,20,5,0.49141823592795936,0.786995228077377,0.29557699214941763,,
barcelona,gbdt+k10,2,0,20,8,0.49141823592795936,0.8521858484273179,0.36076761249935857,,
barcelona,gbdt+k10,2,0,20,-1,0.3237082456770486,,,1.0,13.0
barcelona,gbdt+k10,2,1,20,3,0.47080404330648057,0.6964954589768587,0.22569141567037815,,
barcelona,gbdt+k10,2,1,20,5,0.47080404330648057,0.786995228077377,0.3161911847708964,,
barcelona,gbdt+k10,2,1,20,8,0.47080404330648057,0.8521858484273179,0.38138180512083736,,
barcelona,gbdt+k10,2,1,20,-1,0.47080404330648057,,,1.0,13.0
barcelona,gbdt+k10,2,2,20,3,0.5284519472522962,0.6964954589768587,0.16804351172456256,,
barcelona,gbdt+k10,2,2,20,5,0.5284519472522962,0.786995228077377,0.2585432808250808,,
barcelona,gbdt+k10,2,2,20,8,0.5284519472522962,0.8521858484273179,0.32373390117502177,,
barcelona,gbdt+k10,2,2,20,-1,0.3237082456770486,,,1.0,13.0
barcelona,gbdt+k10,2,3,20,3,0.6176048027092206,0.6964954589768587,0.07889065626763814,,
barcelona,gbdt+k10,2,3,20,5,0.6176048027092206,0.786995228077377,0.1693904253681564,,
barcelona,gbdt+k10,2,3,20,8,0.6176048027092206,0.8521858484273179,0.23458104571809735,,
barcelona,gbdt+k10,2,3,20,-1,0.423328544307045,,,1.0,13.0
barcelona,gbdt+k10,2,4,20,3,0.5284519472522962,0.6964954589768587,0.16804351172456256,,
barcelona,gbdt+k10,2,4,20,5,0.5284519472522962,0.786995228077377,0.2585432808250808,,
barcelona,gbdt+k10,2,4,20,8,0.5284519472522962,0.8521858484273179,0.32373390117502177,,
barcelona,gbdt+k10,2,4,20,-1,0.3237082456770486,,,1.0,13.0
barcelona,gbdt+k10,2,5,20,3,0.42581712761044693,0.6964954589768587,0.2706783313664118,,
barcelona,gbdt+k10,2,5,20,5,0.42581712761044693,0.786995228077377,0.36117810046693005,,
barcelona,gbdt+k10,2,5,20,8,0.42581712761044693,0.8521858484273179,0.426368720816871,,
barcelona,gbdt+k10,2,5,20,-1,0.42581712761044693,,,1.0,13.0
barcelona,gbdt+k10,2,6,20,3,0.5263225409205192,0.6964954589768587,0.1701729180563395,,
barcelona,gbdt+k10,2,6,20,5,0.5263225409205192,0.786995228077377,0.26067268715685776,,
barcelona,gbdt+k10,2,6,20,8,0.5263225409205192,0.8521858484273179,0.3258633075067987,,
barcelona,gbdt+k10,2,6,20,-1,0.423328544307045,,,1.0,13.0
barcelona,gbdt+k10,2,7,20,3,0.6929806557545282,0.6964954589768587,0.0035148032223305536,,
barcelona,gbdt+k10,2,7,20,5,0.7755913592282826,0.786995228077377,0.01140386884909439,,
barcelona,gbdt+k10,2,7,20,8,0.7755913592282826,0.8521858484273179,0.07659448919903533,,
barcelona,gbdt+k10,2,7,20,-1,0.423328544307045,,,1.0,13.0
barcelona,gbdt+k10,2,8,20,3,0.5927061419262147,0.6964954589768587,0.10378931705064398,,
barcelona,gbdt+k10,2,8,20,5,0.5927061419262147,0.786995228077377,0.19428908615116225,,
barcelona,gbdt+k10,2,8,20,8,0.5927061419262147,0.8521858484273179,0.2594797065011032,,
barcelona,gbdt+k10,2,8,20,-1,0.3237082456770486,,,1.0,13.0
barcelona,gbdt+k10,2,9,20,3,0.47080404330648057,0.6964954589768587,0.22569141567037815,,
barcelona,gbdt+k10,2,9,20,5,0.47080404330648057,0.786995228077377,0.3161911847708964,,
barcelona,gbdt+k10,2,9,20,8,0.47080404330648057,0.8521858484273179,0.38138180512083736,,
barcelona,gbdt+k10,2,9,20,-1,0.47080404330648057,,,1.0,13.0
barcelona,gbdt+k10d,2,0,20,3,0.6929806557545282,0.6964954589768587,0.0035148032223305536,,
barcelona,gbdt+k10d,2,0,20,5,0.7755913592282826,0.786995228077377,0.01140386884909439,,
barcelona,gbdt+k10d,2,0,20,8,0.7755913592282826,0.8521858484273179,0.07659448919903533,,
barcelona,gbdt+k10d,2,0,20,-1,0.423328544307045,,,1.0,13.0
barcelona,gbdt,3,0,20,3,0.6243265431782031,0.6964954589768587,0.07216891579865559,,
barcelona,gbdt,3,0,20,5,0.6243265431782031,0.786995228077377,0.16266868489917385,,
barcelona,gbdt,3,0,20,8,0.6243265431782031,0.8521858484273179,0.2278593052491148,,
barcelona,gbdt,3,0,20,-1,0.423328544307045,,,1.0,13.0
barcelona,gbdt,3,0,10,3,0.610228847041921,0.6964954589768587,0.08626661193493768,,
barcelona,gbdt,3,0,10,5,0.610228847041921,0.7802350043614347,0.17000615731951363,,
barcelona,gbdt,3,0,10,8,0.610228847041921,0.8376520088254913,0.22742316178357025,,
barcelona,gbdt,3,0,10,-1,0.47080404330648057,,,1.0,
barcelona,gbdt+k10,3,0,20,3,0.5263225409205192,0.6964954589768587,0.1701729180563395,,
barcelona,gbdt+k10,3,0,20,5,0.5263225409205192,0.786995228077377,0.26067268715685776,,
barcelona,gbdt+k10,3,0,20,8,0.5263225409205192,0.8521858484273179,0.3258633075067987,,
barcelona,gbdt+k10,3,0,20,-1,0.423328544307045,,,1.0,13.0
barcelona,gbdt+k10,3,1,20,3,0.47080404330648057,0.6964954589768587,0.22569141567037815,,
barcelona,gbdt+k10,3,1,20,5,0.47080404330648057,0.786995228077377,0.3161911847708964,,
barcelona,gbdt+k10,3,1,20,8,0.47080404330648057,0.8521858484273179,0.38138180512083736,,
barcelona,gbdt+k10,3,1,20,-1,0.47080404330648057,,,1.0,13.0
barcelona,gbdt+k10,3,2,20,3,0.423328544307045,0.6964954589768587,0.27316691466981374,,
barcelona,gbdt+k10,3,2,20,5,0.423328544307045,0.786995228077377,0.363666683770332,,
barcelona,gbdt+k10,3,2,20,8,0.423328544307045,0.8521858484273179,0.42885730412027295,,
barcelona,gbdt+k10,3,2,20,-1,0.423328544307045,,,1.0,13.0
barcelona,gbdt+k10,3,3,20,3,0.6243265431782031,0.6964954589768587,0.07216891579865559,,
barcelona,gbdt+k10,3,3,20,5,0.6243265431782031,0.786995228077377,0.16266868489917385,,
barcelona,gbdt+k10,3,3,20,8,0.6243265431782031,0.8521858484273179,0.2278593052491148,,
barcelona,gbdt+k10,3,3,20,-1,0.423328544307045,,,1.0,13.0
barcelona,gbdt+k10,3,4,20,3,0.3237082456770486,0.6964954589768587,0.3727872132998101,,
barcelona,gbdt+k10,3,4,20,5,0.3237082456770486,0.786995228077377,0.4632869824003284,,
barcelona,gbdt+k10,3,4,20,8,0.3237082456770486,0.8521858484273179,0.5284776027502693,,
barcelona,gbdt+k10,3,4,20,-1,0.3237082456770486,,,1.0,13.0
barcelona,gbdt+k10,3,5,20,3,0.47080404330648057,0.6964954589768587,0.22569141567037815,,
barcelona,gbdt+k10,3,5,20,5,0.47080404330648057,0.786995228077377,0.3161911847708964,,
barcelona,gbdt+k10,3,5,20,8,0.47080404330648057,0.8521858484273179,0.38138180512083736,,
barcelona,gbdt+k10,3,5,20,-1,0.47080404330648057,,,1.0,13.0
barcelona,gbdt+k10,3,6,20,3,0.5284519472522962,0.6964954589768587,0.16804351172456256,,
barcelona,gbdt+k10,3,6,20,5,0.5284519472522962,0.786995228077377,0.2585432808250808,,
barcelona,gbdt+k10,3,6,20,8,0.5284519472522962,0.8521858484273179,0.32373390117502177,,
barcelona,gbdt+k10,3,6,20,-1,0.3237082456770486,,,1.0,13.0
barcelona,gbdt+k10,3,7,20,3,0.6929806557545282,0.6964954589768587,0.0035148032223305536,,
barcelona,gbdt+k10,3,7,20,5,0.7755913592282826,0.786995228077377,0.01140386884909439,,
barcelona,gbdt+k10,3,7,20,8,0.7755913592282826,0.8521858484273179,0.07659448919903533,,
barcelona,gbdt+k10,3,7,20,-1,0.423328544307045,,,1.0,13.0
barcelona,gbdt+k10,3,8,20,3,0.5284519472522962,0.6964954589768587,0.16804351172456256,,
barcelona,gbdt+k10,3,8,20,5,0.5284519472522962,0.786995228077377,0.2585432808250808,,
barcelona,gbdt+k10,3,8,20,8,0.5284519472522962,0.8521858484273179,0.32373390117502177,,
barcelona,gbdt+k10,3,8,20,-1,0.3237082456770486,,,1.0,13.0
barcelona,gbdt+k10,3,9,20,3,0.47080404330648057,0.6964954589768587,0.22569141567037815,,
barcelona,gbdt+k10,3,9,20,5,0.47080404330648057,0.786995228077377,0.3161911847708964,,
barcelona,gbdt+k10,3,9,20,8,0.47080404330648057,0.8521858484273179,0.38138180512083736,,
barcelona,gbdt+k10,3,9,20,-1,0.47080404330648057,,,1.0,13.0
barcelona,gbdt+k10d,3,0,20,3,0.6929806557545282,0.6964954589768587,0.0035148032223305536,,
barcelona,gbdt+k10d,3,0,20,5,0.7755913592282826,0.786995228077377,0.01140386884909439,,
barcelona,gbdt+k10d,3,0,20,8,0.7755913592282826,0.8521858484273179,0.07659448919903533,,
barcelona,gbdt+k10d,3,0,20,-1,0.423328544307045,,,1.0,13.0
barcelona,gbdt,4,0,20,3,0.6929806557545282,0.6964954589768587,0.0035148032223305536,,
barcelona,gbdt,4,0,20,5,0.7466776130124686,0.786995228077377,0.040317615064908385,,
barcelona,gbdt,4,0,20,8,0.7466776130124686,0.8521858484273179,0.10550823541484933,,
barcelona,gbdt,4,0,20,-1,0.423328544307045,,,1.0,13.0
barcelona,gbdt,4,0,10,3,0.6428498127148647,0.6964954589768587,0.05364564626199397,,
barcelona,gbdt,4,0,10,5,0.6428498127148647,0.7802350043614347,0.13738519164656993,,
barcelona,gbdt,4,0,10,8,0.6428498127148647,0.8376520088254913,0.19480219611062655,,
barcelona,gbdt,4,0,10,-1,0.42581712761044693,,,1.0,
barcelona,gbdt+k10,4,0,20,3,0.6243265431782031,0.6964954589768587,0.07216891579865559,,
barcelona,gbdt+k10,4,0,20,5,0.6243265431782031,0.786995228077377,0.16266868489917385,,
barcelona,gbdt+k10,4,0,20,8,0.6243265431782031,0.8521858484273179,0.2278593052491148,,
barcelona,gbdt+k10,4,0,20,-1,0.423328544307045,,,1.0,13.0
barcelona,gbdt+k10,4,1,20,3,0.423328544307045,0.6964954589768587,0.27316691466981374,,
barcelona,gbdt+k10,4,1,20,5,0.423328544307045,0.786995228077377,0.363666683770332,,
barcelona,gbdt+k10,4,1,20,8,0.423328544307045,0.8521858484273179,0.42885730412027295,,
barcelona,gbdt+k10,4,1,20,-1,0.423328544307045,,,1.0,13.0
barcelona,gbdt+k10,4,2,20,3,0.6929806557545282,0.6964954589768587,0.0035148032223305536,,
barcelona,gbdt+k10,4,2,20,5,0.6929806557545282,0.786995228077377,0.09401457232284882,,
barcelona,gbdt+k10,4,2,20,8,0.6929806557545282,0.8521858484273179,0.15920519267278976,,
barcelona,gbdt+k10,4,2,20,-1,0.423328544307045,,,1.0,13.0
barcelona,gbdt+k10,4,3,20,3,0.6929806557545282,0.6964954589768587,0.0035148032223305536,,
barcelona,gbdt+k10,4,3,20,5,0.7466776130124686,0.786995228077377,0.040317615064908385,,
barcelona,gbdt+k10,4,3,20,8,0.7466776130124686,0.8521858484273179,0.10550823541484933,,
barcelona,gbdt+k10,4,3,20,-1,0.423328544307045,,,1.0,13.0
barcelona,gbdt+k10,4,4,20,3,0.6929806557545282,0.6964954589768587,0.0035148032223305536,,
barcelona,gbdt+k10,4,4,20,5,0.6929806557545282,0.786995228077377,0.09401457232284882,,
barcelona,gbdt+k10,4,4,20,8,0.6929806557545282,0.8521858484273179,0.15920519267278976,,
barcelona,gbdt+k10,4,4,20,-1,0.423328544307045,,,1.0,13.0
barcelona,gbdt+k10,4,5,20,3,0.423328544307045,0.6964954589768587,0.27316691466981374,,
barcelona,gbdt+k10,4,5,20,5,0.423328544307045,0.786995228077377,0.363666683770332,,
barcelona,gbdt+k10,4,5,20,8,0.423328544307045,0.8521858484273179,0.42885730412027295,,
barcelona,gbdt+k10,4,5,20,-1,0.423328544307045,,,1.0,13.0
barcelona,gbdt+k10,4,6,20,3,0.6243265431782031,0.6964954589768587,0.07216891579865559,,
barcelona,gbdt+k10,4,6,20,5,0.6243265431782031,0.786995228077377,0.16266868489917385,,
barcelona,gbdt+k10,4,6,20,8,0.6243265431782031,0.8521858484273179,0.2278593052491148,,
barcelona,gbdt+k10,4,6,20,-1,0.423328544307045,,,1.0,13.0
barcelona,gbdt+k10,4,7,20,3,0.6353327518087126,0.6964954589768587,0.06116270716814609,,
barcelona,gbdt+k10,4,7,20,5,0.7385961311509056,0.786995228077377,0.048399096926471374,,
barcelona,gbdt+k10,4,7,20,8,0.7385961311509056,0.8521858484273179,0.11358971727641232,,
barcelona,gbdt+k10,4,7,20,-1,0.423328544307045,,,1.0,13.0
barcelona,gbdt+k10,4,8,20,3,0.6929806557545282,0.6964954589768587,0.0035148032223305536,,
barcelona,gbdt+k10,4,8,20,5,0.6929806557545282,0.786995228077377,0.09401457232284882,,
barcelona,gbdt+k10,4,8,20,8,0.6929806557545282,0.8521858484273179,0.15920519267278976,,
barcelona,gbdt+k10,4,8,20,-1,0.423328544307045,,,1.0,13.0
barcelona,gbdt+k10,4,9,20,3,0.423328544307045,0.6964954589768587,0.27316691466981374,,
barcelona,gbdt+k10,4,9,20,5,0.423328544307045,0.786995228077377,0.363666683770332,,
barcelona,gbdt+k10,4,9,20,8,0.423328544307045,0.8521858484273179,0.42885730412027295,,
barcelona,gbdt+k10,4,9,20,-1,0.423328544307045,,,1.0,13.0
barcelona,gbdt+k10d,4,0,20,3,0.5395992611216583,0.6964954589768587,0.15689619785520037,,
barcelona,gbdt+k10d,4,0,20,5,0.6661321771255581,0.786995228077377,0.12086305095181893,,
barcelona,gbdt+k10d,4,0,20,8,0.6661321771255581,0.8521858484273179,0.18605367130175987,,
barcelona,gbdt+k10d,4,0,20,-1,0.423328544307045,,,1.0,13.0
barcelona,gbdt_iw,0,0,20,3,0.5189978962491661,0.6964954589768587,0.17749756272769257,,
barcelona,gbdt_iw,0,0,20,5,0.6050720919493048,0.786995228077377,0.1819231361280722,,
barcelona,gbdt_iw,0,0,20,8,0.6050720919493048,0.8521858484273179,0.24711375647801315,,
barcelona,gbdt_iw,0,0,20,-1,0.3237082456770486,,,1.0,13.0
barcelona,gbdt_iw,0,0,10,3,0.6428498127148647,0.6964954589768587,0.05364564626199397,,
barcelona,gbdt_iw,0,0,10,5,0.7665349684437375,0.7802350043614347,0.013700035917697195,,
barcelona,gbdt_iw,0,0,10,8,0.7665349684437375,0.8376520088254913,0.07111704038175382,,
barcelona,gbdt_iw,0,0,10,-1,0.42581712761044693,,,1.0,
barcelona,gbdt_iw,1,0,20,3,0.5967340551080097,0.6964954589768587,0.09976140386884902,,
barcelona,gbdt_iw,1,0,20,5,0.6712889322181743,0.786995228077377,0.11570629585920267,,
barcelona,gbdt_iw,1,0,20,8,0.6712889322181743,0.8521858484273179,0.1808969162091436,,
barcelona,gbdt_iw,1,0,20,-1,0.3237082456770486,,,1.0,13.0
barcelona,gbdt_iw,1,0,10,3,0.6995484632356714,0.6964954589768587,-0.0030530042588127193,,
barcelona,gbdt_iw,1,0,10,5,0.730668582277182,0.7802350043614347,0.04956642208425266,,
barcelona,gbdt_iw,1,0,10,8,0.730668582277182,0.8376520088254913,0.10698342654830928,,
barcelona,gbdt_iw,1,0,10,-1,0.42581712761044693,,,1.0,
barcelona,gbdt_iw,2,0,20,3,0.6929806557545282,0.6964954589768587,0.0035148032223305536,,
barcelona,gbdt_iw,2,0,20,5,0.7466776130124686,0.786995228077377,0.040317615064908385,,
barcelona,gbdt_iw,2,0,20,8,0.7466776130124686,0.8521858484273179,0.10550823541484933,,
barcelona,gbdt_iw,2,0,20,-1,0.423328544307045,,,1.0,13.0
barcelona,gbdt_iw,2,0,10,3,0.6995484632356714,0.6964954589768587,-0.0030530042588127193,,
barcelona,gbdt_iw,2,0,10,5,0.730668582277182,0.7802350043614347,0.04956642208425266,,
barcelona,gbdt_iw,2,0,10,8,0.730668582277182,0.8376520088254913,0.10698342654830928,,
barcelona,gbdt_iw,2,0,10,-1,0.42581712761044693,,,1.0,
barcelona,gbdt_iw,3,0,20,3,0.5927061419262147,0.6964954589768587,0.10378931705064398,,
barcelona,gbdt_iw,3,0,20,5,0.5927061419262147,0.786995228077377,0.19428908615116225,,
barcelona,gbdt_iw,3,0,20,8,0.5927061419262147,0.8521858484273179,0.2594797065011032,,
barcelona,gbdt_iw,3,0,20,-1,0.3237082456770486,,,1.0,13.0
barcelona,gbdt_iw,3,0,10,3,0.6788316486222997,0.6964954589768587,0.017663810354558995,,
barcelona,gbdt_iw,3,0,10,5,0.7180075940274001,0.7802350043614347,0.06222741033403456,,
barcelona,gbdt_iw,3,0,10,8,0.7180075940274001,0.8376520088254913,0.11964441479809118,,
barcelona,gbdt_iw,3,0,10,-1,0.47080404330648057,,,1.0,
barcelona,gbdt_iw,4,0,20,3,0.6353327518087126,0.6964954589768587,0.06116270716814609,,
barcelona,gbdt_iw,4,0,20,5,0.7385961311509056,0.786995228077377,0.048399096926471374,,
barcelona,gbdt_iw,4,0,20,8,0.7385961311509056,0.8521858484273179,0.11358971727641232,,
barcelona,gbdt_iw,4,0,20,-1,0.423328544307045,,,1.0,13.0
barcelona,gbdt_iw,4,0,10,3,0.6995484632356714,0.6964954589768587,-0.0030530042588127193,,
barcelona,gbdt_iw,4,0,10,5,0.7665349684437375,0.7802350043614347,0.013700035917697195,,
barcelona,gbdt_iw,4,0,10,8,0.7916260454615424,0.8376520088254913,0.04602596336394893,,
barcelona,gbdt_iw,4,0,10,-1,0.42581712761044693,,,1.0,
barcelona,gp_ard,0,0,20,3,0.566434912001642,0.6964954589768587,0.13006054697521674,,
barcelona,gp_ard,0,0,20,5,0.566434912001642,0.786995228077377,0.220560316075735,,
barcelona,gp_ard,0,0,20,8,0.566434912001642,0.8521858484273179,0.28575093642567595,,
barcelona,gp_ard,0,0,20,-1,0.423328544307045,,,1.0,13.0
barcelona,gp_ard,0,0,10,3,0.6012750782492688,0.6964954589768587,0.09522038072758987,,
barcelona,gp_ard,0,0,10,5,0.6747267689465852,0.7802350043614347,0.10550823541484944,,
barcelona,gp_ard,0,0,10,8,0.6747267689465852,0.8376520088254913,0.16292523987890606,,
barcelona,gp_ard,0,0,10,-1,0.47080404330648057,,,1.0,
barcelona,kernel,0,0,20,3,0.47080404330648057,0.6964954589768587,0.22569141567037815,,
barcelona,kernel,0,0,20,5,0.47080404330648057,0.786995228077377,0.3161911847708964,,
barcelona,kernel,0,0,20,8,0.47080404330648057,0.8521858484273179,0.38138180512083736,,
barcelona,kernel,0,0,20,-1,0.47080404330648057,,,1.0,13.0
barcelona,kernel,0,0,10,3,0.47080404330648057,0.6964954589768587,0.22569141567037815,,
barcelona,kernel,0,0,10,5,0.47080404330648057,0.7802350043614347,0.3094309610549541,,
barcelona,kernel,0,0,10,8,0.47080404330648057,0.8376520088254913,0.3668479655190107,,
barcelona,kernel,0,0,10,-1,0.47080404330648057,,,1.0,
barcelona,knn,0,0,20,3,0.423328544307045,0.6964954589768587,0.27316691466981374,,
barcelona,knn,0,0,20,5,0.423328544307045,0.786995228077377,0.363666683770332,,
barcelona,knn,0,0,20,8,0.423328544307045,0.8521858484273179,0.42885730412027295,,
barcelona,knn,0,0,20,-1,0.423328544307045,,,1.0,13.0
barcelona,knn,0,0,10,3,0.5427677151213505,0.6964954589768587,0.15372774385550825,,
barcelona,knn,0,0,10,5,0.5427677151213505,0.7802350043614347,0.2374672892400842,,
barcelona,knn,0,0,10,8,0.5427677151213505,0.8376520088254913,0.2948842937041408,,
barcelona,knn,0,0,10,-1,0.42581712761044693,,,1.0,
barcelona,median,0,0,20,3,0.47080404330648057,0.6964954589768587,0.22569141567037815,,
barcelona,median,0,0,20,5,0.47080404330648057,0.786995228077377,0.3161911847708964,,
barcelona,median,0,0,20,8,0.47080404330648057,0.8521858484273179,0.38138180512083736,,
barcelona,median,0,0,20,-1,0.47080404330648057,,,1.0,13.0
barcelona,median,0,0,10,3,0.47080404330648057,0.6964954589768587,0.22569141567037815,,
barcelona,median,0,0,10,5,0.47080404330648057,0.7802350043614347,0.3094309610549541,,
barcelona,median,0,0,10,8,0.47080404330648057,0.8376520088254913,0.3668479655190107,,
barcelona,median,0,0,10,-1,0.47080404330648057,,,1.0,
barcelona,mlp,0,0,20,3,0.6929806557545282,0.6964954589768587,0.0035148032223305536,,
barcelona,mlp,0,0,20,5,0.7755913592282826,0.786995228077377,0.01140386884909439,,
barcelona,mlp,0,0,20,8,0.7755913592282826,0.8521858484273179,0.07659448919903533,,
barcelona,mlp,0,0,20,-1,0.423328544307045,,,1.0,13.0
barcelona,mlp,0,0,10,3,0.6428498127148647,0.6964954589768587,0.05364564626199397,,
barcelona,mlp,0,0,10,5,0.6428498127148647,0.7802350043614347,0.13738519164656993,,
barcelona,mlp,0,0,10,8,0.6428498127148647,0.8376520088254913,0.19480219611062655,,
barcelona,mlp,0,0,10,-1,0.42581712761044693,,,1.0,
barcelona,mlp,1,0,20,3,0.6059828621273539,0.6964954589768587,0.09051259684950486,,
barcelona,mlp,1,0,20,5,0.7106316383601006,0.786995228077377,0.07636358971727641,,
barcelona,mlp,1,0,20,8,0.7106316383601006,0.8521858484273179,0.14155421006721736,,
barcelona,mlp,1,0,20,-1,0.423328544307045,,,1.0,13.0
barcelona,mlp,1,0,10,3,0.6428498127148647,0.6964954589768587,0.05364564626199397,,
barcelona,mlp,1,0,10,5,0.6428498127148647,0.7802350043614347,0.13738519164656993,,
barcelona,mlp,1,0,10,8,0.6428498127148647,0.8376520088254913,0.19480219611062655,,
barcelona,mlp,1,0,10,-1,0.42581712761044693,,,1.0,
barcelona,mlp,2,0,20,3,0.6353327518087126,0.6964954589768587,0.06116270716814609,,
barcelona,mlp,2,0,20,5,0.6939170814305505,0.786995228077377,0.09307814664682645,,
barcelona,mlp,2,0,20,8,0.6939170814305505,0.8521858484273179,0.1582687669967674,,
barcelona,mlp,2,0,20,-1,0.423328544307045,,,1.0,13.0
barcelona,mlp,2,0,10,3,0.5892298219508441,0.6964954589768587,0.10726563702601466,,
barcelona,mlp,2,0,10,5,0.7250628559700344,0.7802350043614347,0.05517214839140028,,
barcelona,mlp,2,0,10,8,0.7250628559700344,0.8376520088254913,0.1125891528554569,,
barcelona,mlp,2,0,10,-1,0.42581712761044693,,,1.0,
barcelona,mlp,3,0,20,3,0.6929806557545282,0.6964954589768587,0.0035148032223305536,,
barcelona,mlp,3,0,20,5,0.7466776130124686,0.786995228077377,0.040317615064908385,,
barcelona,mlp,3,0,20,8,0.7466776130124686,0.8521858484273179,0.10550823541484933,,
barcelona,mlp,3,0,20,-1,0.423328544307045,,,1.0,13.0
barcelona,mlp,3,0,10,3,0.6828980450510544,0.6964954589768587,0.01359741392580427,,
barcelona,mlp,3,0,10,5,0.6828980450510544,0.7802350043614347,0.09733695931038022,,
barcelona,mlp,3,0,10,8,0.6828980450510544,0.8376520088254913,0.15475396377443684,,
barcelona,mlp,3,0,10,-1,0.42581712761044693,,,1.0,
barcelona,mlp,4,0,20,3,0.6059828621273539,0.6964954589768587,0.09051259684950486,,
barcelona,mlp,4,0,20,5,0.7106316383601006,0.786995228077377,0.07636358971727641,,
barcelona,mlp,4,0,20,8,0.7106316383601006,0.8521858484273179,0.14155421006721736,,
barcelona,mlp,4,0,20,-1,0.423328544307045,,,1.0,13.0
barcelona,mlp,4,0,10,3,0.6428498127148647,0.6964954589768587,0.05364564626199397,,
barcelona,mlp,4,0,10,5,0.6428498127148647,0.7802350043614347,0.13738519164656993,,
barcelona,mlp,4,0,10,8,0.6428498127148647,0.8376520088254913,0.19480219611062655,,
barcelona,mlp,4,0,10,-1,0.42581712761044693,,,1.0,
barcelona,ridge,0,0,20,3,0.6342808763918107,0.6964954589768587,0.06221458258504797,,
barcelona,ridge,0,0,20,5,0.6885165991071887,0.786995228077377,0.09847862897018833,,
barcelona,ridge,0,0,20,8,0.6885165991071887,0.8521858484273179,0.16366924932012927,,
barcelona,ridge,0,0,20,-1,0.423328544307045,,,1.0,13.0
barcelona,ridge,0,0,10,3,0.6428498127148647,0.6964954589768587,0.05364564626199397,,
barcelona,ridge,0,0,10,5,0.6428498127148647,0.7802350043614347,0.13738519164656993,,
barcelona,ridge,0,0,10,8,0.6428498127148647,0.8376520088254913,0.19480219611062655,,
barcelona,ridge,0,0,10,-1,0.42581712761044693,,,1.0,
barcelona,ridge+k10,0,0,20,3,0.5155600595207553,0.6964954589768587,0.18093539945610337,,
barcelona,ridge+k10,0,0,20,5,0.5155600595207553,0.786995228077377,0.27143516855662164,,
barcelona,ridge+k10,0,0,20,8,0.5155600595207553,0.8521858484273179,0.3366257889065626,,
barcelona,ridge+k10,0,0,20,-1,0.423328544307045,,,1.0,13.0
barcelona,ridge+k10,0,1,20,3,0.3237082456770486,0.6964954589768587,0.3727872132998101,,
barcelona,ridge+k10,0,1,20,5,0.3237082456770486,0.786995228077377,0.4632869824003284,,
barcelona,ridge+k10,0,1,20,8,0.3237082456770486,0.8521858484273179,0.5284776027502693,,
barcelona,ridge+k10,0,1,20,-1,0.3237082456770486,,,1.0,13.0
barcelona,ridge+k10,0,2,20,3,0.6342808763918107,0.6964954589768587,0.06221458258504797,,
barcelona,ridge+k10,0,2,20,5,0.6342808763918107,0.786995228077377,0.15271435168556624,,
barcelona,ridge+k10,0,2,20,8,0.6342808763918107,0.8521858484273179,0.21790497203550718,,
barcelona,ridge+k10,0,2,20,-1,0.423328544307045,,,1.0,13.0
barcelona,ridge+k10,0,3,20,3,0.5932962183795988,0.6964954589768587,0.10319924059725993,,
barcelona,ridge+k10,0,3,20,5,0.6589486376930577,0.786995228077377,0.12804659038431931,,
barcelona,ridge+k10,0,3,20,8,0.6589486376930577,0.8521858484273179,0.19323721073426026,,
barcelona,ridge+k10,0,3,20,-1,0.423328544307045,,,1.0,13.0
barcelona,ridge+k10,0,4,20,3,0.5155600595207553,0.6964954589768587,0.18093539945610337,,
barcelona,ridge+k10,0,4,20,5,0.5155600595207553,0.786995228077377,0.27143516855662164,,
barcelona,ridge+k10,0,4,20,8,0.5155600595207553,0.8521858484273179,0.3366257889065626,,
barcelona,ridge+k10,0,4,20,-1,0.423328544307045,,,1.0,13.0
barcelona,ridge+k10,0,5,20,3,0.5974010980553133,0.6964954589768587,0.09909436092154544,,
barcelona,ridge+k10,0,5,20,5,0.6589486376930577,0.786995228077377,0.12804659038431931,,
barcelona,ridge+k10,0,5,20,8,0.6589486376930577,0.8521858484273179,0.19323721073426026,,
barcelona,ridge+k10,0,5,20,-1,0.423328544307045,,,1.0,13.0
barcelona,ridge+k10,0,6,20,3,0.5284519472522962,0.6964954589768587,0.16804351172456256,,
barcelona,ridge+k10,0,6,20,5,0.5284519472522962,0.786995228077377,0.2585432808250808,,
barcelona,ridge+k10,0,6,20,8,0.5284519472522962,0.8521858484273179,0.32373390117502177,,
barcelona,ridge+k10,0,6,20,-1,0.3237082456770486,,,1.0,13.0
barcelona,ridge+k10,0,7,20,3,0.6929806557545282,0.6964954589768587,0.0035148032223305536,,
barcelona,ridge+k10,0,7,20,5,0.7755913592282826,0.786995228077377,0.01140386884909439,,
barcelona,ridge+k10,0,7,20,8,0.7755913592282826,0.8521858484273179,0.07659448919903533,,
barcelona,ridge+k10,0,7,20,-1,0.423328544307045,,,1.0,13.0
barcelona,ridge+k10,0,8,20,3,0.423328544307045,0.6964954589768587,0.27316691466981374,,
barcelona,ridge+k10,0,8,20,5,0.423328544307045,0.786995228077377,0.363666683770332,,
barcelona,ridge+k10,0,8,20,8,0.423328544307045,0.8521858484273179,0.42885730412027295,,
barcelona,ridge+k10,0,8,20,-1,0.423328544307045,,,1.0,13.0
barcelona,ridge+k10,0,9,20,3,0.47080404330648057,0.6964954589768587,0.22569141567037815,,
barcelona,ridge+k10,0,9,20,5,0.47080404330648057,0.786995228077377,0.3161911847708964,,
barcelona,ridge+k10,0,9,20,8,0.47080404330648057,0.8521858484273179,0.38138180512083736,,
barcelona,ridge+k10,0,9,20,-1,0.47080404330648057,,,1.0,13.0
barcelona,ridge+k10d,0,0,20,3,0.6929806557545282,0.6964954589768587,0.0035148032223305536,,
barcelona,ridge+k10d,0,0,20,5,0.7755913592282826,0.786995228077377,0.01140386884909439,,
barcelona,ridge+k10d,0,0,20,8,0.7755913592282826,0.8521858484273179,0.07659448919903533,,
barcelona,ridge+k10d,0,0,20,-1,0.423328544307045,,,1.0,13.0
barcelona,uma_los,0,0,20,3,0.33316229668017855,0.6964954589768587,0.36333316229668017,,
barcelona,uma_los,0,0,20,5,0.33316229668017855,0.786995228077377,0.45383293139719844,,
barcelona,uma_los,0,0,20,8,0.33316229668017855,0.8521858484273179,0.5190235517471393,,
barcelona,uma_los,0,0,20,-1,0.33316229668017855,,,1.0,13.0
barcelona,uma_los,0,0,10,3,0.33316229668017855,0.6964954589768587,0.36333316229668017,,
barcelona,uma_los,0,0,10,5,0.33316229668017855,0.7802350043614347,0.4470727076812561,,
barcelona,uma_los,0,0,10,8,0.33316229668017855,0.8376520088254913,0.5044897121453127,,
barcelona,uma_los,0,0,10,-1,0.33316229668017855,,,1.0,
barcelona,uma_nlos,0,0,20,3,0.6123069423777515,0.6964954589768587,0.0841885165991072,,
barcelona,uma_nlos,0,0,20,5,0.7070013853968905,0.786995228077377,0.07999384268048648,,
barcelona,uma_nlos,0,0,20,8,0.7942429062548104,0.8521858484273179,0.057942942172507506,,
barcelona,uma_nlos,0,0,20,-1,0.7280773769818872,,,6.0,13.0
barcelona,uma_nlos,0,0,10,3,0.6229924572835959,0.6964954589768587,0.07350300169326285,,
barcelona,uma_nlos,0,0,10,5,0.7000615731951357,0.7802350043614347,0.08017343116629894,,
barcelona,uma_nlos,0,0,10,8,0.7979116424649803,0.8376520088254913,0.03974036636051104,,
barcelona,uma_nlos,0,0,10,-1,0.7905356867976807,,,7.0,
berlin,oracle,0,0,20,3,0.7768978302510278,0.9311998028519262,0.1543019726008984,,
berlin,oracle,0,0,20,5,0.8285707884802795,0.9567954476717485,0.12822465919146897,,
berlin,oracle,0,0,20,8,0.8285707884802795,0.9711222878137847,0.1425514993335052,,
berlin,oracle,0,0,20,-1,0.6426355112968086,,,1.0,3.0
berlin,oracle,0,0,10,3,0.8211441309242437,0.9311998028519262,0.11005567192768251,,
berlin,oracle,0,0,10,5,0.846045276847423,0.9567954476717485,0.11075017082432548,,
berlin,oracle,0,0,10,8,0.846045276847423,0.9695092581183561,0.12346398127093305,,
berlin,oracle,0,0,10,-1,0.6426355112968086,,,1.0,3.0
berlin,coral,0,0,20,3,0.7703897034937776,0.9311998028519262,0.1608100993581486,,
berlin,coral,0,0,20,5,0.8507051404119946,0.9567954476717485,0.10609030725975388,,
berlin,coral,0,0,20,8,0.8691205627681382,0.9711222878137847,0.10200172504564653,,
berlin,coral,0,0,20,-1,0.6426355112968086,,,1.0,3.0
berlin,coral,0,0,10,3,0.9080573073605681,0.9311998028519262,0.02314249549135805,,
berlin,coral,0,0,10,5,0.9396682087529264,0.9567954476717485,0.017127238918822063,,
berlin,coral,0,0,10,8,0.9630571393366415,0.9695092581183561,0.006452118781714589,,
berlin,coral,0,0,10,-1,0.6426355112968086,,,1.0,3.0
berlin,cost231,0,0,20,3,0.7750159622730277,0.9311998028519262,0.15618384057889845,,
berlin,cost231,0,0,20,5,0.8381817570822085,0.9567954476717485,0.11861369058953997,,
berlin,cost231,0,0,20,8,0.8958923750742106,0.9711222878137847,0.07522991273957413,,
berlin,cost231,0,0,20,-1,0.9759501753049634,,,,3.0
berlin,cost231,0,0,10,3,0.8034680138451715,0.9311998028519262,0.12773178900675464,,
berlin,cost231,0,0,10,5,0.8747213603217098,0.9567954476717485,0.08207408735003874,,
berlin,cost231,0,0,10,8,0.9688931703874631,0.9695092581183561,0.0006160877308929447,,
berlin,cost231,0,0,10,-1,0.9711558925991061,,,,3.0
berlin,encoder,0,0,20,3,0.6125816316243433,0.9311998028519262,0.31861817122758285,,
berlin,encoder,0,0,20,5,0.6125816316243433,0.9567954476717485,0.3442138160474052,,
berlin,encoder,0,0,20,8,0.6125816316243433,0.9711222878137847,0.3585406561894414,,
berlin,encoder,0,0,20,-1,0.6125816316243433,,,1.0,3.0
berlin,encoder,0,0,10,3,0.6125816316243433,0.9311998028519262,0.31861817122758285,,
berlin,encoder,0,0,10,5,0.6125816316243433,0.9567954476717485,0.3442138160474052,,
berlin,encoder,0,0,10,8,0.6125816316243433,0.9695092581183561,0.3569276264940128,,
berlin,encoder,0,0,10,-1,0.6125816316243433,,,1.0,3.0
berlin,encoder,1,0,20,3,0.6842382355247387,0.9311998028519262,0.24696156732718744,,
berlin,encoder,1,0,20,5,0.6842382355247387,0.9567954476717485,0.2725572121470098,,
berlin,encoder,1,0,20,8,0.6842382355247387,0.9711222878137847,0.286884052289046,,
berlin,encoder,1,0,20,-1,0.6842382355247387,,,1.0,3.0
berlin,encoder,1,0,10,3,0.6842382355247387,0.9311998028519262,0.24696156732718744,,
berlin,encoder,1,0,10,5,0.6842382355247387,0.9567954476717485,0.2725572121470098,,
berlin,encoder,1,0,10,8,0.6842382355247387,0.9695092581183561,0.28527102259361736,,
berlin,encoder,1,0,10,-1,0.6842382355247387,,,1.0,3.0
berlin,encoder,2,0,20,3,0.6842382355247387,0.9311998028519262,0.24696156732718744,,
berlin,encoder,2,0,20,5,0.6842382355247387,0.9567954476717485,0.2725572121470098,,
berlin,encoder,2,0,20,8,0.6842382355247387,0.9711222878137847,0.286884052289046,,
berlin,encoder,2,0,20,-1,0.6842382355247387,,,1.0,3.0
berlin,encoder,2,0,10,3,0.6842382355247387,0.9311998028519262,0.24696156732718744,,
berlin,encoder,2,0,10,5,0.6842382355247387,0.9567954476717485,0.2725572121470098,,
berlin,encoder,2,0,10,8,0.6842382355247387,0.9695092581183561,0.28527102259361736,,
berlin,encoder,2,0,10,-1,0.6842382355247387,,,1.0,3.0
berlin,encoder,3,0,20,3,0.6842382355247387,0.9311998028519262,0.24696156732718744,,
berlin,encoder,3,0,20,5,0.6842382355247387,0.9567954476717485,0.2725572121470098,,
berlin,encoder,3,0,20,8,0.6842382355247387,0.9711222878137847,0.286884052289046,,
berlin,encoder,3,0,20,-1,0.6842382355247387,,,1.0,3.0
berlin,encoder,3,0,10,3,0.6842382355247387,0.9311998028519262,0.24696156732718744,,
berlin,encoder,3,0,10,5,0.6842382355247387,0.9567954476717485,0.2725572121470098,,
berlin,encoder,3,0,10,8,0.6842382355247387,0.9695092581183561,0.28527102259361736,,
berlin,encoder,3,0,10,-1,0.6842382355247387,,,1.0,3.0
berlin,encoder,4,0,20,3,0.6842382355247387,0.9311998028519262,0.24696156732718744,,
berlin,encoder,4,0,20,5,0.6842382355247387,0.9567954476717485,0.2725572121470098,,
berlin,encoder,4,0,20,8,0.6842382355247387,0.9711222878137847,0.286884052289046,,
berlin,encoder,4,0,20,-1,0.6842382355247387,,,1.0,3.0
berlin,encoder,4,0,10,3,0.6842382355247387,0.9311998028519262,0.24696156732718744,,
berlin,encoder,4,0,10,5,0.6842382355247387,0.9567954476717485,0.2725572121470098,,
berlin,encoder,4,0,10,8,0.6842382355247387,0.9695092581183561,0.28527102259361736,,
berlin,encoder,4,0,10,-1,0.6842382355247387,,,1.0,3.0
berlin,gbdt,0,0,20,3,0.6426355112968086,0.9311998028519262,0.28856429155511754,,
berlin,gbdt,0,0,20,5,0.6426355112968086,0.9567954476717485,0.3141599363749399,,
berlin,gbdt,0,0,20,8,0.6426355112968086,0.9711222878137847,0.3284867765169761,,
berlin,gbdt,0,0,20,-1,0.6426355112968086,,,1.0,3.0
berlin,gbdt,0,0,10,3,0.6426355112968086,0.9311998028519262,0.28856429155511754,,
berlin,gbdt,0,0,10,5,0.6426355112968086,0.9567954476717485,0.3141599363749399,,
berlin,gbdt,0,0,10,8,0.6426355112968086,0.9695092581183561,0.32687374682154746,,
berlin,gbdt,0,0,10,-1,0.6426355112968086,,,1.0,3.0
berlin,gbdt+k10,0,0,20,3,0.6426355112968086,0.9311998028519262,0.28856429155511754,,
berlin,gbdt+k10,0,0,20,5,0.6426355112968086,0.9567954476717485,0.3141599363749399,,
berlin,gbdt+k10,0,0,20,8,0.6426355112968086,0.9711222878137847,0.3284867765169761,,
berlin,gbdt+k10,0,0,20,-1,0.6426355112968086,,,1.0,3.0
berlin,gbdt+k10,0,1,20,3,0.8599352547802808,0.9311998028519262,0.0712645480716454,,
berlin,gbdt+k10,0,1,20,5,0.8599352547802808,0.9567954476717485,0.09686019289146774,,
berlin,gbdt+k10,0,1,20,8,0.8599352547802808,0.9711222878137847,0.11118703303350397,,
berlin,gbdt+k10,0,1,20,-1,0.6426355112968086,,,1.0,3.0
berlin,gbdt+k10,0,2,20,3,0.7978448131013857,0.9311998028519262,0.1333549897505405,,
berlin,gbdt+k10,0,2,20,5,0.8262856630784223,0.9567954476717485,0.13050978459332618,,
berlin,gbdt+k10,0,2,20,8,0.8262856630784223,0.9711222878137847,0.1448366247353624,,
berlin,gbdt+k10,0,2,20,-1,0.6426355112968086,,,1.0,3.0
berlin,gbdt+k10,0,3,20,3,0.6426355112968086,0.9311998028519262,0.28856429155511754,,
berlin,gbdt+k10,0,3,20,5,0.6426355112968086,0.9567954476717485,0.3141599363749399,,
berlin,gbdt+k10,0,3,20,8,0.6426355112968086,0.9711222878137847,0.3284867765169761,,
berlin,gbdt+k10,0,3,20,-1,0.6426355112968086,,,1.0,3.0
berlin,gbdt+k10,0,4,20,3,0.6842382355247387,0.9311998028519262,0.24696156732718744,,
berlin,gbdt+k10,0,4,20,5,0.6842382355247387,0.9567954476717485,0.2725572121470098,,
berlin,gbdt+k10,0,4,20,8,0.6842382355247387,0.9711222878137847,0.286884052289046,,
berlin,gbdt+k10,0,4,20,-1,0.6842382355247387,,,1.0,3.0
berlin,gbdt+k10,0,5,20,3,0.6842382355247387,0.9311998028519262,0.24696156732718744,,
berlin,gbdt+k10,0,5,20,5,0.6842382355247387,0.9567954476717485,0.2725572121470098,,
berlin,gbdt+k10,0,5,20,8,0.6842382355247387,0.9711222878137847,0.286884052289046,,
berlin,gbdt+k10,0,5,20,-1,0.6842382355247387,,,1.0,3.0
berlin,gbdt+k10,0,6,20,3,0.6842382355247387,0.9311998028519262,0.24696156732718744,,
berlin,gbdt+k10,0,6,20,5,0.6842382355247387,0.9567954476717485,0.2725572121470098,,
berlin,gbdt+k10,0,6,20,8,0.6842382355247387,0.9711222878137847,0.286884052289046,,
berlin,gbdt+k10,0,6,20,-1,0.6842382355247387,,,1.0,3.0
berlin,gbdt+k10,0,7,20,3,0.6842382355247387,0.9311998028519262,0.24696156732718744,,
berlin,gbdt+k10,0,7,20,5,0.6842382355247387,0.9567954476717485,0.2725572121470098,,
berlin,gbdt+k10,0,7,20,8,0.6842382355247387,0.9711222878137847,0.286884052289046,,
berlin,gbdt+k10,0,7,20,-1,0.6842382355247387,,,1.0,3.0
berlin,gbdt+k10,0,8,20,3,0.7378938760879549,0.9311998028519262,0.1933059267639713,,
berlin,gbdt+k10,0,8,20,5,0.7378938760879549,0.9567954476717485,0.21890157158379364,,
berlin,gbdt+k10,0,8,20,8,0.7378938760879549,0.9711222878137847,0.23322841172582987,,
berlin,gbdt+k10,0,8,20,-1,0.6426355112968086,,,1.0,3.0
berlin,gbdt+k10,0,9,20,3,0.6426355112968086,0.9311998028519262,0.28856429155511754,,
berlin,gbdt+k10,0,9,20,5,0.6426355112968086,0.9567954476717485,0.3141599363749399,,
berlin,gbdt+k10,0,9,20,8,0.6426355112968086,0.9711222878137847,0.3284867765169761,,
berlin,gbdt+k10,0,9,20,-1,0.6426355112968086,,,1.0,3.0
berlin,gbdt+k10d,0,0,20,3,0.8599352547802808,0.9311998028519262,0.0712645480716454,,
berlin,gbdt+k10d,0,0,20,5,0.8599352547802808,0.9567954476717485,0.09686019289146774,,
berlin,gbdt+k10d,0,0,20,8,0.8599352547802808,0.9711222878137847,0.11118703303350397,,
berlin,gbdt+k10d,0,0,20,-1,0.6426355112968086,,,1.0,3.0
berlin,gbdt,1,0,20,3,0.8599352547802808,0.9311998028519262,0.0712645480716454,,
berlin,gbdt,1,0,20,5,0.8599352547802808,0.9567954476717485,0.09686019289146774,,
berlin,gbdt,1,0,20,8,0.8599352547802808,0.9711222878137847,0.11118703303350397,,
berlin,gbdt,1,0,20,-1,0.6426355112968086,,,1.0,3.0
berlin,gbdt,1,0,10,3,0.8599352547802808,0.9311998028519262,0.0712645480716454,,
berlin,gbdt,1,0,10,5,0.8599352547802808,0.9567954476717485,0.09686019289146774,,
berlin,gbdt,1,0,10,8,0.8599352547802808,0.9695092581183561,0.10957400333807532,,
berlin,gbdt,1,0,10,-1,0.6426355112968086,,,1.0,3.0
berlin,gbdt+k10,1,0,20,3,0.8599352547802808,0.9311998028519262,0.0712645480716454,,
berlin,gbdt+k10,1,0,20,5,0.8599352547802808,0.9567954476717485,0.09686019289146774,,
berlin,gbdt+k10,1,0,20,8,0.8599352547802808,0.9711222878137847,0.11118703303350397,,
berlin,gbdt+k10,1,0,20,-1,0.6426355112968086,,,1.0,3.0
berlin,gbdt+k10,1,1,20,3,0.8599352547802808,0.9311998028519262,0.0712645480716454,,
berlin,gbdt+k10,1,1,20,5,0.8599352547802808,0.9567954476717485,0.09686019289146774,,
berlin,gbdt+k10,1,1,20,8,0.8599352547802808,0.9711222878137847,0.11118703303350397,,
berlin,gbdt+k10,1,1,20,-1,0.6426355112968086,,,1.0,3.0
berlin,gbdt+k10,1,2,20,3,0.7703897034937776,0.9311998028519262,0.1608100993581486,,
berlin,gbdt+k10,1,2,20,5,0.934862724451962,0.9567954476717485,0.021932723219786565,,
berlin,gbdt+k10,1,2,20,8,0.934862724451962,0.9711222878137847,0.03625956336182279,,
berlin,gbdt+k10,1,2,20,-1,0.6426355112968086,,,1.0,3.0
berlin,gbdt+k10,1,3,20,3,0.6842382355247387,0.9311998028519262,0.24696156732718744,,
berlin,gbdt+k10,1,3,20,5,0.6842382355247387,0.9567954476717485,0.2725572121470098,,
berlin,gbdt+k10,1,3,20,8,0.6842382355247387,0.9711222878137847,0.286884052289046,,
berlin,gbdt+k10,1,3,20,-1,0.6842382355247387,,,1.0,3.0
berlin,gbdt+k10,1,4,20,3,0.6842382355247387,0.9311998028519262,0.24696156732718744,,
berlin,gbdt+k10,1,4,20,5,0.6842382355247387,0.9567954476717485,0.2725572121470098,,
berlin,gbdt+k10,1,4,20,8,0.6842382355247387,0.9711222878137847,0.286884052289046,,
berlin,gbdt+k10,1,4,20,-1,0.6842382355247387,,,1.0,3.0
berlin,gbdt+k10,1,5,20,3,0.6842382355247387,0.9311998028519262,0.24696156732718744,,
berlin,gbdt+k10,1,5,20,5,0.6842382355247387,0.9567954476717485,0.2725572121470098,,
berlin,gbdt+k10,1,5,20,8,0.6842382355247387,0.9711222878137847,0.286884052289046,,
berlin,gbdt+k10,1,5,20,-1,0.6842382355247387,,,1.0,3.0
berlin,gbdt+k10,1,6,20,3,0.6842382355247387,0.9311998028519262,0.24696156732718744,,
berlin,gbdt+k10,1,6,20,5,0.6842382355247387,0.9567954476717485,0.2725572121470098,,
berlin,gbdt+k10,1,6,20,8,0.6842382355247387,0.9711222878137847,0.286884052289046,,
berlin,gbdt+k10,1,6,20,-1,0.6842382355247387,,,1.0,3.0
berlin,gbdt+k10,1,7,20,3,0.6842382355247387,0.9311998028519262,0.24696156732718744,,
berlin,gbdt+k10,1,7,20,5,0.6842382355247387,0.9567954476717485,0.2725572121470098,,
berlin,gbdt+k10,1,7,20,8,0.6842382355247387,0.9711222878137847,0.286884052289046,,
berlin,gbdt+k10,1,7,20,-1,0.6842382355247387,,,1.0,3.0
berlin,gbdt+k10,1,8,20,3,0.7378938760879549,0.9311998028519262,0.1933059267639713,,
berlin,gbdt+k10,1,8,20,5,0.7378938760879549,0.9567954476717485,0.21890157158379364,,
berlin,gbdt+k10,1,8,20,8,0.7378938760879549,0.9711222878137847,0.23322841172582987,,
berlin,gbdt+k10,1,8,20,-1,0.6426355112968086,,,1.0,3.0
berlin,gbdt+k10,1,9,20,3,0.8599352547802808,0.9311998028519262,0.0712645480716454,,
berlin,gbdt+k10,1,9,20,5,0.8599352547802808,0.9567954476717485,0.09686019289146774,,
berlin,gbdt+k10,1,9,20,8,0.8599352547802808,0.9711222878137847,0.11118703303350397,,
berlin,gbdt+k10,1,9,20,-1,0.6426355112968086,,,1.0,3.0
berlin,gbdt+k10d,1,0,20,3,0.7378938760879549,0.9311998028519262,0.1933059267639713,,
berlin,gbdt+k10d,1,0,20,5,0.7378938760879549,0.9567954476717485,0.21890157158379364,,
berlin,gbdt+k10d,1,0,20,8,0.7378938760879549,0.9711222878137847,0.23322841172582987,,
berlin,gbdt+k10d,1,0,20,-1,0.6426355112968086,,,1.0,3.0
berlin,gbdt,2,0,20,3,0.6125816316243433,0.9311998028519262,0.31861817122758285,,
berlin,gbdt,2,0,20,5,0.6125816316243433,0.9567954476717485,0.3442138160474052,,
berlin,gbdt,2,0,20,8,0.6125816316243433,0.9711222878137847,0.3585406561894414,,
berlin,gbdt,2,0,20,-1,0.6125816316243433,,,1.0,3.0
berlin,gbdt,2,0,10,3,0.6125816316243433,0.9311998028519262,0.31861817122758285,,
berlin,gbdt,2,0,10,5,0.6125816316243433,0.9567954476717485,0.3442138160474052,,
berlin,gbdt,2,0,10,8,0.6125816316243433,0.9695092581183561,0.3569276264940128,,
berlin,gbdt,2,0,10,-1,0.6125816316243433,,,1.0,3.0
berlin,gbdt+k10,2,0,20,3,0.8548609321967449,0.9311998028519262,0.0763388706551813,,
berlin,gbdt+k10,2,0,20,5,0.8548609321967449,0.9567954476717485,0.10193451547500365,,
berlin,gbdt+k10,2,0,20,8,0.8548609321967449,0.9711222878137847,0.11626135561703987,,
berlin,gbdt+k10,2,0,20,-1,0.6125816316243433,,,1.0,3.0
berlin,gbdt+k10,2,1,20,3,0.6125816316243433,0.9311998028519262,0.31861817122758285,,
berlin,gbdt+k10,2,1,20,5,0.6125816316243433,0.9567954476717485,0.3442138160474052,,
berlin,gbdt+k10,2,1,20,8,0.6125816316243433,0.9711222878137847,0.3585406561894414,,
berlin,gbdt+k10,2,1,20,-1,0.6125816316243433,,,1.0,3.0
berlin,gbdt+k10,2,2,20,3,0.7703897034937776,0.9311998028519262,0.1608100993581486,,
berlin,gbdt+k10,2,2,20,5,0.934862724451962,0.9567954476717485,0.021932723219786565,,
berlin,gbdt+k10,2,2,20,8,0.934862724451962,0.9711222878137847,0.03625956336182279,,
berlin,gbdt+k10,2,2,20,-1,0.6426355112968086,,,1.0,3.0
berlin,gbdt+k10,2,3,20,3,0.6842382355247387,0.9311998028519262,0.24696156732718744,,
berlin,gbdt+k10,2,3,20,5,0.6842382355247387,0.9567954476717485,0.2725572121470098,,
berlin,gbdt+k10,2,3,20,8,0.6842382355247387,0.9711222878137847,0.286884052289046,,
berlin,gbdt+k10,2,3,20,-1,0.6842382355247387,,,1.0,3.0
berlin,gbdt+k10,2,4,20,3,0.6842382355247387,0.9311998028519262,0.24696156732718744,,
berlin,gbdt+k10,2,4,20,5,0.6842382355247387,0.9567954476717485,0.2725572121470098,,
berlin,gbdt+k10,2,4,20,8,0.6842382355247387,0.9711222878137847,0.286884052289046,,
berlin,gbdt+k10,2,4,20,-1,0.6842382355247387,,,1.0,3.0
berlin,gbdt+k10,2,5,20,3,0.6842382355247387,0.9311998028519262,0.24696156732718744,,
berlin,gbdt+k10,2,5,20,5,0.6842382355247387,0.9567954476717485,0.2725572121470098,,
berlin,gbdt+k10,2,5,20,8,0.6842382355247387,0.9711222878137847,0.286884052289046,,
berlin,gbdt+k10,2,5,20,-1,0.6842382355247387,,,1.0,3.0
berlin,gbdt+k10,2,6,20,3,0.6842382355247387,0.9311998028519262,0.24696156732718744,,
berlin,gbdt+k10,2,6,20,5,0.6842382355247387,0.9567954476717485,0.2725572121470098,,
berlin,gbdt+k10,2,6,20,8,0.6842382355247387,0.9711222878137847,0.286884052289046,,
berlin,gbdt+k10,2,6,20,-1,0.6842382355247387,,,1.0,3.0
berlin,gbdt+k10,2,7,20,3,0.6842382355247387,0.9311998028519262,0.24696156732718744,,
berlin,gbdt+k10,2,7,20,5,0.6842382355247387,0.9567954476717485,0.2725572121470098,,
berlin,gbdt+k10,2,7,20,8,0.6842382355247387,0.9711222878137847,0.286884052289046,,
berlin,gbdt+k10,2,7,20,-1,0.6842382355247387,,,1.0,3.0
berlin,gbdt+k10,2,8,20,3,0.7364600719142406,0.9311998028519262,0.1947397309376856,,
berlin,gbdt+k10,2,8,20,5,0.7364600719142406,0.9567954476717485,0.22033537575750795,,
berlin,gbdt+k10,2,8,20,8,0.7364600719142406,0.9711222878137847,0.23466221589954417,,
berlin,gbdt+k10,2,8,20,-1,0.6125816316243433,,,1.0,3.0
berlin,gbdt+k10,2,9,20,3,0.6426355112968086,0.9311998028519262,0.28856429155511754,,
berlin,gbdt+k10,2,9,20,5,0.6426355112968086,0.9567954476717485,0.3141599363749399,,
berlin,gbdt+k10,2,9,20,8,0.6426355112968086,0.9711222878137847,0.3284867765169761,,
berlin,gbdt+k10,2,9,20,-1,0.6426355112968086,,,1.0,3.0
berlin,gbdt+k10d,2,0,20,3,0.9080573073605681,0.9311998028519262,0.02314249549135805,,
berlin,gbdt+k10d,2,0,20,5,0.9080573073605681,0.9567954476717485,0.0487381403111804,,
berlin,gbdt+k10d,2,0,20,8,0.9080573073605681,0.9711222878137847,0.06306498045321662,,
berlin,gbdt+k10d,2,0,20,-1,0.6426355112968086,,,1.0,3.0
berlin,gbdt,3,0,20,3,0.7497899700917411,0.9311998028519262,0.18140983276018507,,
berlin,gbdt,3,0,20,5,0.7497899700917411,0.9567954476717485,0.20700547758000742,,
berlin,gbdt,3,0,20,8,0.7497899700917411,0.9711222878137847,0.22133231772204365,,
berlin,gbdt,3,0,20,-1,0.6125816316243433,,,1.0,3.0
berlin,gbdt,3,0,10,3,0.7497899700917411,0.9311998028519262,0.18140983276018507,,
berlin,gbdt,3,0,10,5,0.7497899700917411,0.9567954476717485,0.20700547758000742,,
berlin,gbdt,3,0,10,8,0.7497899700917411,0.9695092581183561,0.219719288026615,,
berlin,gbdt,3,0,10,-1,0.6125816316243433,,,1.0,3.0
berlin,gbdt+k10,3,0,20,3,0.8548609321967449,0.9311998028519262,0.0763388706551813,,
berlin,gbdt+k10,3,0,20,5,0.8548609321967449,0.9567954476717485,0.10193451547500365,,
berlin,gbdt+k10,3,0,20,8,0.8548609321967449,0.9711222878137847,0.11626135561703987,,
berlin,gbdt+k10,3,0,20,-1,0.6125816316243433,,,1.0,3.0
berlin,gbdt+k10,3,1,20,3,0.8548609321967449,0.9311998028519262,0.0763388706551813,,
berlin,gbdt+k10,3,1,20,5,0.8548609321967449,0.9567954476717485,0.10193451547500365,,
berlin,gbdt+k10,3,1,20,8,0.8548609321967449,0.9711222878137847,0.11626135561703987,,
berlin,gbdt+k10,3,1,20,-1,0.6125816316243433,,,1.0,3.0
berlin,gbdt+k10,3,2,20,3,0.7703897034937776,0.9311998028519262,0.1608100993581486,,
berlin,gbdt+k10,3,2,20,5,0.815700155702172,0.9567954476717485,0.1410952919695765,,
berlin,gbdt+k10,3,2,20,8,0.815700155702172,0.9711222878137847,0.1554221321116127,,
berlin,gbdt+k10,3,2,20,-1,0.6426355112968086,,,1.0,3.0
berlin,gbdt+k10,3,3,20,3,0.6842382355247387,0.9311998028519262,0.24696156732718744,,
berlin,gbdt+k10,3,3,20,5,0.6842382355247387,0.9567954476717485,0.2725572121470098,,
berlin,gbdt+k10,3,3,20,8,0.6842382355247387,0.9711222878137847,0.286884052289046,,
berlin,gbdt+k10,3,3,20,-1,0.6842382355247387,,,1.0,3.0
berlin,gbdt+k10,3,4,20,3,0.6842382355247387,0.9311998028519262,0.24696156732718744,,
berlin,gbdt+k10,3,4,20,5,0.6842382355247387,0.9567954476717485,0.2725572121470098,,
berlin,gbdt+k10,3,4,20,8,0.6842382355247387,0.9711222878137847,0.286884052289046,,
berlin,gbdt+k10,3,4,20,-1,0.6842382355247387,,,1.0,3.0
berlin,gbdt+k10,3,5,20,3,0.6842382355247387,0.9311998028519262,0.24696156732718744,,
berlin,gbdt+k10,3,5,20,5,0.6842382355247387,0.9567954476717485,0.2725572121470098,,
berlin,gbdt+k10,3,5,20,8,0.6842382355247387,0.9711222878137847,0.286884052289046,,
berlin,gbdt+k10,3,5,20,-1,0.6842382355247387,,,1.0,3.0
berlin,gbdt+k10,3,6,20,3,0.6426355112968086,0.9311998028519262,0.28856429155511754,,
berlin,gbdt+k10,3,6,20,5,0.6426355112968086,0.9567954476717485,0.3141599363749399,,
berlin,gbdt+k10,3,6,20,8,0.6426355112968086,0.9711222878137847,0.3284867765169761,,
berlin,gbdt+k10,3,6,20,-1,0.6426355112968086,,,1.0,3.0
berlin,gbdt+k10,3,7,20,3,0.6842382355247387,0.9311998028519262,0.24696156732718744,,
berlin,gbdt+k10,3,7,20,5,0.6842382355247387,0.9567954476717485,0.2725572121470098,,
berlin,gbdt+k10,3,7,20,8,0.6842382355247387,0.9711222878137847,0.286884052289046,,
berlin,gbdt+k10,3,7,20,-1,0.6842382355247387,,,1.0,3.0
berlin,gbdt+k10,3,8,20,3,0.7378938760879549,0.9311998028519262,0.1933059267639713,,
berlin,gbdt+k10,3,8,20,5,0.7378938760879549,0.9567954476717485,0.21890157158379364,,
berlin,gbdt+k10,3,8,20,8,0.7378938760879549,0.9711222878137847,0.23322841172582987,,
berlin,gbdt+k10,3,8,20,-1,0.6426355112968086,,,1.0,3.0
berlin,gbdt+k10,3,9,20,3,0.6125816316243433,0.9311998028519262,0.31861817122758285,,
berlin,gbdt+k10,3,9,20,5,0.6125816316243433,0.9567954476717485,0.3442138160474052,,
berlin,gbdt+k10,3,9,20,8,0.6125816316243433,0.9711222878137847,0.3585406561894414,,
berlin,gbdt+k10,3,9,20,-1,0.6125816316243433,,,1.0,3.0
berlin,gbdt+k10d,3,0,20,3,0.8599352547802808,0.9311998028519262,0.0712645480716454,,
berlin,gbdt+k10d,3,0,20,5,0.8599352547802808,0.9567954476717485,0.09686019289146774,,
berlin,gbdt+k10d,3,0,20,8,0.8599352547802808,0.9711222878137847,0.11118703303350397,,
berlin,gbdt+k10d,3,0,20,-1,0.6426355112968086,,,1.0,3.0
berlin,gbdt,4,0,20,3,0.7497899700917411,0.9311998028519262,0.18140983276018507,,
berlin,gbdt,4,0,20,5,0.7497899700917411,0.9567954476717485,0.20700547758000742,,
berlin,gbdt,4,0,20,8,0.7497899700917411,0.9711222878137847,0.22133231772204365,,
berlin,gbdt,4,0,20,-1,0.6125816316243433,,,1.0,3.0
berlin,gbdt,4,0,10,3,0.7497899700917411,0.9311998028519262,0.18140983276018507,,
berlin,gbdt,4,0,10,5,0.7497899700917411,0.9567954476717485,0.20700547758000742,,
berlin,gbdt,4,0,10,8,0.7497899700917411,0.9695092581183561,0.219719288026615,,
berlin,gbdt,4,0,10,-1,0.6125816316243433,,,1.0,3.0
berlin,gbdt+k10,4,0,20,3,0.7497899700917411,0.9311998028519262,0.18140983276018507,,
berlin,gbdt+k10,4,0,20,5,0.7497899700917411,0.9567954476717485,0.20700547758000742,,
berlin,gbdt+k10,4,0,20,8,0.7497899700917411,0.9711222878137847,0.22133231772204365,,
berlin,gbdt+k10,4,0,20,-1,0.6125816316243433,,,1.0,3.0
berlin,gbdt+k10,4,1,20,3,0.7497899700917411,0.9311998028519262,0.18140983276018507,,
berlin,gbdt+k10,4,1,20,5,0.7497899700917411,0.9567954476717485,0.20700547758000742,,
berlin,gbdt+k10,4,1,20,8,0.7497899700917411,0.9711222878137847,0.22133231772204365,,
berlin,gbdt+k10,4,1,20,-1,0.6125816316243433,,,1.0,3.0
berlin,gbdt+k10,4,2,20,3,0.7703897034937776,0.9311998028519262,0.1608100993581486,,
berlin,gbdt+k10,4,2,20,5,0.934862724451962,0.9567954476717485,0.021932723219786565,,
berlin,gbdt+k10,4,2,20,8,0.934862724451962,0.9711222878137847,0.03625956336182279,,
berlin,gbdt+k10,4,2,20,-1,0.6426355112968086,,,1.0,3.0
berlin,gbdt+k10,4,3,20,3,0.6426355112968086,0.9311998028519262,0.28856429155511754,,
berlin,gbdt+k10,4,3,20,5,0.6426355112968086,0.9567954476717485,0.3141599363749399,,
berlin,gbdt+k10,4,3,20,8,0.6426355112968086,0.9711222878137847,0.3284867765169761,,
berlin,gbdt+k10,4,3,20,-1,0.6426355112968086,,,1.0,3.0
berlin,gbdt+k10,4,4,20,3,0.6842382355247387,0.9311998028519262,0.24696156732718744,,
berlin,gbdt+k10,4,4,20,5,0.6842382355247387,0.9567954476717485,0.2725572121470098,,
berlin,gbdt+k10,4,4,20,8,0.6842382355247387,0.9711222878137847,0.286884052289046,,
berlin,gbdt+k10,4,4,20,-1,0.6842382355247387,,,1.0,3.0
berlin,gbdt+k10,4,5,20,3,0.6842382355247387,0.9311998028519262,0.24696156732718744,,
berlin,gbdt+k10,4,5,20,5,0.6842382355247387,0.9567954476717485,0.2725572121470098,,
berlin,gbdt+k10,4,5,20,8,0.6842382355247387,0.9711222878137847,0.286884052289046,,
berlin,gbdt+k10,4,5,20,-1,0.6842382355247387,,,1.0,3.0
berlin,gbdt+k10,4,6,20,3,0.6842382355247387,0.9311998028519262,0.24696156732718744,,
berlin,gbdt+k10,4,6,20,5,0.6842382355247387,0.9567954476717485,0.2725572121470098,,
berlin,gbdt+k10,4,6,20,8,0.6842382355247387,0.9711222878137847,0.286884052289046,,
berlin,gbdt+k10,4,6,20,-1,0.6842382355247387,,,1.0,3.0
berlin,gbdt+k10,4,7,20,3,0.6842382355247387,0.9311998028519262,0.24696156732718744,,
berlin,gbdt+k10,4,7,20,5,0.6842382355247387,0.9567954476717485,0.2725572121470098,,
berlin,gbdt+k10,4,7,20,8,0.6842382355247387,0.9711222878137847,0.286884052289046,,
berlin,gbdt+k10,4,7,20,-1,0.6842382355247387,,,1.0,3.0
berlin,gbdt+k10,4,8,20,3,0.7978448131013857,0.9311998028519262,0.1333549897505405,,
berlin,gbdt+k10,4,8,20,5,0.7978448131013857,0.9567954476717485,0.15895063457036285,,
berlin,gbdt+k10,4,8,20,8,0.7978448131013857,0.9711222878137847,0.17327747471239907,,
berlin,gbdt+k10,4,8,20,-1,0.6426355112968086,,,1.0,3.0
berlin,gbdt+k10,4,9,20,3,0.7497899700917411,0.9311998028519262,0.18140983276018507,,
berlin,gbdt+k10,4,9,20,5,0.7497899700917411,0.9567954476717485,0.20700547758000742,,
berlin,gbdt+k10,4,9,20,8,0.7497899700917411,0.9711222878137847,0.22133231772204365,,
berlin,gbdt+k10,4,9,20,-1,0.6125816316243433,,,1.0,3.0
berlin,gbdt+k10d,4,0,20,3,0.9080573073605681,0.9311998028519262,0.02314249549135805,,
berlin,gbdt+k10d,4,0,20,5,0.9080573073605681,0.9567954476717485,0.0487381403111804,,
berlin,gbdt+k10d,4,0,20,8,0.9080573073605681,0.9711222878137847,0.06306498045321662,,
berlin,gbdt+k10d,4,0,20,-1,0.6426355112968086,,,1.0,3.0
berlin,gbdt_iw,0,0,20,3,0.9149574899465683,0.9311998028519262,0.016242312905357825,,
berlin,gbdt_iw,0,0,20,5,0.9334289202782476,0.9567954476717485,0.02336652739350087,,
berlin,gbdt_iw,0,0,20,8,0.9334289202782476,0.9711222878137847,0.03769336753553709,,
berlin,gbdt_iw,0,0,20,-1,0.6426355112968086,,,1.0,3.0
berlin,gbdt_iw,0,0,10,3,0.9149574899465683,0.9311998028519262,0.016242312905357825,,
berlin,gbdt_iw,0,0,10,5,0.9334289202782476,0.9567954476717485,0.02336652739350087,,
berlin,gbdt_iw,0,0,10,8,0.9334289202782476,0.9695092581183561,0.036080337840108445,,
berlin,gbdt_iw,0,0,10,-1,0.6426355112968086,,,1.0,3.0
berlin,gbdt_iw,1,0,20,3,0.7978448131013857,0.9311998028519262,0.1333549897505405,,
berlin,gbdt_iw,1,0,20,5,0.7978448131013857,0.9567954476717485,0.15895063457036285,,
berlin,gbdt_iw,1,0,20,8,0.7978448131013857,0.9711222878137847,0.17327747471239907,,
berlin,gbdt_iw,1,0,20,-1,0.6426355112968086,,,1.0,3.0
berlin,gbdt_iw,1,0,10,3,0.9149574899465683,0.9311998028519262,0.016242312905357825,,
berlin,gbdt_iw,1,0,10,5,0.9334289202782476,0.9567954476717485,0.02336652739350087,,
berlin,gbdt_iw,1,0,10,8,0.9334289202782476,0.9695092581183561,0.036080337840108445,,
berlin,gbdt_iw,1,0,10,-1,0.6426355112968086,,,1.0,3.0
berlin,gbdt_iw,2,0,20,3,0.7978448131013857,0.9311998028519262,0.1333549897505405,,
berlin,gbdt_iw,2,0,20,5,0.7978448131013857,0.9567954476717485,0.15895063457036285,,
berlin,gbdt_iw,2,0,20,8,0.7978448131013857,0.9711222878137847,0.17327747471239907,,
berlin,gbdt_iw,2,0,20,-1,0.6426355112968086,,,1.0,3.0
berlin,gbdt_iw,2,0,10,3,0.9080573073605681,0.9311998028519262,0.02314249549135805,,
berlin,gbdt_iw,2,0,10,5,0.9334289202782476,0.9567954476717485,0.02336652739350087,,
berlin,gbdt_iw,2,0,10,8,0.9334289202782476,0.9695092581183561,0.036080337840108445,,
berlin,gbdt_iw,2,0,10,-1,0.6426355112968086,,,1.0,3.0
berlin,gbdt_iw,3,0,20,3,0.9080573073605681,0.9311998028519262,0.02314249549135805,,
berlin,gbdt_iw,3,0,20,5,0.9080573073605681,0.9567954476717485,0.0487381403111804,,
berlin,gbdt_iw,3,0,20,8,0.9080573073605681,0.9711222878137847,0.06306498045321662,,
berlin,gbdt_iw,3,0,20,-1,0.6426355112968086,,,1.0,3.0
berlin,gbdt_iw,3,0,10,3,0.9080573073605681,0.9311998028519262,0.02314249549135805,,
berlin,gbdt_iw,3,0,10,5,0.9080573073605681,0.9567954476717485,0.0487381403111804,,
berlin,gbdt_iw,3,0,10,8,0.9080573073605681,0.9695092581183561,0.061451950757787976,,
berlin,gbdt_iw,3,0,10,-1,0.6426355112968086,,,1.0,3.0
berlin,gbdt_iw,4,0,20,3,0.8090688113987432,0.9311998028519262,0.12213099145318296,,
berlin,gbdt_iw,4,0,20,5,0.9553280387127127,0.9567954476717485,0.0014674089590358541,,
berlin,gbdt_iw,4,0,20,8,0.9553280387127127,0.9711222878137847,0.015794249101072078,,
berlin,gbdt_iw,4,0,20,-1,0.6426355112968086,,,1.0,3.0
berlin,gbdt_iw,4,0,10,3,0.8090688113987432,0.9311998028519262,0.12213099145318296,,
berlin,gbdt_iw,4,0,10,5,0.9553280387127127,0.9567954476717485,0.0014674089590358541,,
berlin,gbdt_iw,4,0,10,8,0.9553280387127127,0.9695092581183561,0.01418121940564343,,
berlin,gbdt_iw,4,0,10,-1,0.6426355112968086,,,1.0,3.0
berlin,gp_ard,0,0,20,3,0.8599352547802808,0.9311998028519262,0.0712645480716454,,
berlin,gp_ard,0,0,20,5,0.8599352547802808,0.9567954476717485,0.09686019289146774,,
berlin,gp_ard,0,0,20,8,0.8599352547802808,0.9711222878137847,0.11118703303350397,,
berlin,gp_ard,0,0,20,-1,0.6426355112968086,,,1.0,3.0
berlin,gp_ard,0,0,10,3,0.8599352547802808,0.9311998028519262,0.0712645480716454,,
berlin,gp_ard,0,0,10,5,0.8599352547802808,0.9567954476717485,0.09686019289146774,,
berlin,gp_ard,0,0,10,8,0.8599352547802808,0.9695092581183561,0.10957400333807532,,
berlin,gp_ard,0,0,10,-1,0.6426355112968086,,,1.0,3.0
berlin,kernel,0,0,20,3,0.6842382355247387,0.9311998028519262,0.24696156732718744,,
berlin,kernel,0,0,20,5,0.6842382355247387,0.9567954476717485,0.2725572121470098,,
berlin,kernel,0,0,20,8,0.6842382355247387,0.9711222878137847,0.286884052289046,,
berlin,kernel,0,0,20,-1,0.6842382355247387,,,1.0,3.0
berlin,kernel,0,0,10,3,0.6842382355247387,0.9311998028519262,0.24696156732718744,,
berlin,kernel,0,0,10,5,0.6842382355247387,0.9567954476717485,0.2725572121470098,,
berlin,kernel,0,0,10,8,0.6842382355247387,0.9695092581183561,0.28527102259361736,,
berlin,kernel,0,0,10,-1,0.6842382355247387,,,1.0,3.0
berlin,knn,0,0,20,3,0.6842382355247387,0.9311998028519262,0.24696156732718744,,
berlin,knn,0,0,20,5,0.6842382355247387,0.9567954476717485,0.2725572121470098,,
berlin,knn,0,0,20,8,0.6842382355247387,0.9711222878137847,0.286884052289046,,
berlin,knn,0,0,20,-1,0.6842382355247387,,,1.0,3.0
berlin,knn,0,0,10,3,0.6842382355247387,0.9311998028519262,0.24696156732718744,,
berlin,knn,0,0,10,5,0.6842382355247387,0.9567954476717485,0.2725572121470098,,
berlin,knn,0,0,10,8,0.6842382355247387,0.9695092581183561,0.28527102259361736,,
berlin,knn,0,0,10,-1,0.6842382355247387,,,1.0,3.0
berlin,median,0,0,20,3,0.6842382355247387,0.9311998028519262,0.24696156732718744,,
berlin,median,0,0,20,5,0.6842382355247387,0.9567954476717485,0.2725572121470098,,
berlin,median,0,0,20,8,0.6842382355247387,0.9711222878137847,0.286884052289046,,
berlin,median,0,0,20,-1,0.6842382355247387,,,1.0,3.0
berlin,median,0,0,10,3,0.6842382355247387,0.9311998028519262,0.24696156732718744,,
berlin,median,0,0,10,5,0.6842382355247387,0.9567954476717485,0.2725572121470098,,
berlin,median,0,0,10,8,0.6842382355247387,0.9695092581183561,0.28527102259361736,,
berlin,median,0,0,10,-1,0.6842382355247387,,,1.0,3.0
berlin,mlp,0,0,20,3,0.6426355112968086,0.9311998028519262,0.28856429155511754,,
berlin,mlp,0,0,20,5,0.6426355112968086,0.9567954476717485,0.3141599363749399,,
berlin,mlp,0,0,20,8,0.6426355112968086,0.9711222878137847,0.3284867765169761,,
berlin,mlp,0,0,20,-1,0.6426355112968086,,,1.0,3.0
berlin,mlp,0,0,10,3,0.6426355112968086,0.9311998028519262,0.28856429155511754,,
berlin,mlp,0,0,10,5,0.6426355112968086,0.9567954476717485,0.3141599363749399,,
berlin,mlp,0,0,10,8,0.6426355112968086,0.9695092581183561,0.32687374682154746,,
berlin,mlp,0,0,10,-1,0.6426355112968086,,,1.0,3.0
berlin,mlp,1,0,20,3,0.6426355112968086,0.9311998028519262,0.28856429155511754,,
berlin,mlp,1,0,20,5,0.6426355112968086,0.9567954476717485,0.3141599363749399,,
berlin,mlp,1,0,20,8,0.6426355112968086,0.9711222878137847,0.3284867765169761,,
berlin,mlp,1,0,20,-1,0.6426355112968086,,,1.0,3.0
berlin,mlp,1,0,10,3,0.6426355112968086,0.9311998028519262,0.28856429155511754,,
berlin,mlp,1,0,10,5,0.6426355112968086,0.9567954476717485,0.3141599363749399,,
berlin,mlp,1,0,10,8,0.6426355112968086,0.9695092581183561,0.32687374682154746,,
berlin,mlp,1,0,10,-1,0.6426355112968086,,,1.0,3.0
berlin,mlp,2,0,20,3,0.6125816316243433,0.9311998028519262,0.31861817122758285,,
berlin,mlp,2,0,20,5,0.6125816316243433,0.9567954476717485,0.3442138160474052,,
berlin,mlp,2,0,20,8,0.6125816316243433,0.9711222878137847,0.3585406561894414,,
berlin,mlp,2,0,20,-1,0.6125816316243433,,,1.0,3.0
berlin,mlp,2,0,10,3,0.6125816316243433,0.9311998028519262,0.31861817122758285,,
berlin,mlp,2,0,10,5,0.6125816316243433,0.9567954476717485,0.3442138160474052,,
berlin,mlp,2,0,10,8,0.6125816316243433,0.9695092581183561,0.3569276264940128,,
berlin,mlp,2,0,10,-1,0.6125816316243433,,,1.0,3.0
berlin,mlp,3,0,20,3,0.6125816316243433,0.9311998028519262,0.31861817122758285,,
berlin,mlp,3,0,20,5,0.6125816316243433,0.9567954476717485,0.3442138160474052,,
berlin,mlp,3,0,20,8,0.6125816316243433,0.9711222878137847,0.3585406561894414,,
berlin,mlp,3,0,20,-1,0.6125816316243433,,,1.0,3.0
berlin,mlp,3,0,10,3,0.6125816316243433,0.9311998028519262,0.31861817122758285,,
berlin,mlp,3,0,10,5,0.6125816316243433,0.9567954476717485,0.3442138160474052,,
berlin,mlp,3,0,10,8,0.6125816316243433,0.9695092581183561,0.3569276264940128,,
berlin,mlp,3,0,10,-1,0.6125816316243433,,,1.0,3.0
berlin,mlp,4,0,20,3,0.6426355112968086,0.9311998028519262,0.28856429155511754,,
berlin,mlp,4,0,20,5,0.6426355112968086,0.9567954476717485,0.3141599363749399,,
berlin,mlp,4,0,20,8,0.6426355112968086,0.9711222878137847,0.3284867765169761,,
berlin,mlp,4,0,20,-1,0.6426355112968086,,,1.0,3.0
berlin,mlp,4,0,10,3,0.6426355112968086,0.9311998028519262,0.28856429155511754,,
berlin,mlp,4,0,10,5,0.6426355112968086,0.9567954476717485,0.3141599363749399,,
berlin,mlp,4,0,10,8,0.6426355112968086,0.9695092581183561,0.32687374682154746,,
berlin,mlp,4,0,10,-1,0.6426355112968086,,,1.0,3.0
berlin,ridge,0,0,20,3,0.7408286940060265,0.9311998028519262,0.1903711088458997,,
berlin,ridge,0,0,20,5,0.7408286940060265,0.9567954476717485,0.21596675366572204,,
berlin,ridge,0,0,20,8,0.7408286940060265,0.9711222878137847,0.23029359380775827,,
berlin,ridge,0,0,20,-1,0.6426355112968086,,,1.0,3.0
berlin,ridge,0,0,10,3,0.7408286940060265,0.9311998028519262,0.1903711088458997,,
berlin,ridge,0,0,10,5,0.7408286940060265,0.9567954476717485,0.21596675366572204,,
berlin,ridge,0,0,10,8,0.7408286940060265,0.9695092581183561,0.22868056411232962,,
berlin,ridge,0,0,10,-1,0.6426355112968086,,,1.0,3.0
berlin,ridge+k10,0,0,20,3,0.7408286940060265,0.9311998028519262,0.1903711088458997,,
berlin,ridge+k10,0,0,20,5,0.7408286940060265,0.9567954476717485,0.21596675366572204,,
berlin,ridge+k10,0,0,20,8,0.7408286940060265,0.9711222878137847,0.23029359380775827,,
berlin,ridge+k10,0,0,20,-1,0.6426355112968086,,,1.0,3.0
berlin,ridge+k10,0,1,20,3,0.7328307550995262,0.9311998028519262,0.19836904775239994,,
berlin,ridge+k10,0,1,20,5,0.7328307550995262,0.9567954476717485,0.2239646925722223,,
berlin,ridge+k10,0,1,20,8,0.7328307550995262,0.9711222878137847,0.2382915327142585,,
berlin,ridge+k10,0,1,20,-1,0.6125816316243433,,,1.0,3.0
berlin,ridge+k10,0,2,20,3,0.8065708556898502,0.9311998028519262,0.12462894716207595,,
berlin,ridge+k10,0,2,20,5,0.9454370302331052,0.9567954476717485,0.011358417438643298,,
berlin,ridge+k10,0,2,20,8,0.9454370302331052,0.9711222878137847,0.02568525758067952,,
berlin,ridge+k10,0,2,20,-1,0.6125816316243433,,,1.0,3.0
berlin,ridge+k10,0,3,20,3,0.7408286940060265,0.9311998028519262,0.1903711088458997,,
berlin,ridge+k10,0,3,20,5,0.7408286940060265,0.9567954476717485,0.21596675366572204,,
berlin,ridge+k10,0,3,20,8,0.7408286940060265,0.9711222878137847,0.23029359380775827,,
berlin,ridge+k10,0,3,20,-1,0.6426355112968086,,,1.0,3.0
berlin,ridge+k10,0,4,20,3,0.6426355112968086,0.9311998028519262,0.28856429155511754,,
berlin,ridge+k10,0,4,20,5,0.6426355112968086,0.9567954476717485,0.3141599363749399,,
berlin,ridge+k10,0,4,20,8,0.6426355112968086,0.9711222878137847,0.3284867765169761,,
berlin,ridge+k10,0,4,20,-1,0.6426355112968086,,,1.0,3.0
berlin,ridge+k10,0,5,20,3,0.6426355112968086,0.9311998028519262,0.28856429155511754,,
berlin,ridge+k10,0,5,20,5,0.6426355112968086,0.9567954476717485,0.3141599363749399,,
berlin,ridge+k10,0,5,20,8,0.6426355112968086,0.9711222878137847,0.3284867765169761,,
berlin,ridge+k10,0,5,20,-1,0.6426355112968086,,,1.0,3.0
berlin,ridge+k10,0,6,20,3,0.6426355112968086,0.9311998028519262,0.28856429155511754,,
berlin,ridge+k10,0,6,20,5,0.6426355112968086,0.9567954476717485,0.3141599363749399,,
berlin,ridge+k10,0,6,20,8,0.6426355112968086,0.9711222878137847,0.3284867765169761,,
berlin,ridge+k10,0,6,20,-1,0.6426355112968086,,,1.0,3.0
berlin,ridge+k10,0,7,20,3,0.6426355112968086,0.9311998028519262,0.28856429155511754,,
berlin,ridge+k10,0,7,20,5,0.6426355112968086,0.9567954476717485,0.3141599363749399,,
berlin,ridge+k10,0,7,20,8,0.6426355112968086,0.9711222878137847,0.3284867765169761,,
berlin,ridge+k10,0,7,20,-1,0.6426355112968086,,,1.0,3.0
berlin,ridge+k10,0,8,20,3,0.8048906164237788,0.9311998028519262,0.12630918642814737,,
berlin,ridge+k10,0,8,20,5,0.8048906164237788,0.9567954476717485,0.15190483124796972,,
berlin,ridge+k10,0,8,20,8,0.8048906164237788,0.9711222878137847,0.16623167139000594,,
berlin,ridge+k10,0,8,20,-1,0.6125816316243433,,,1.0,3.0
berlin,ridge+k10,0,9,20,3,0.7408286940060265,0.9311998028519262,0.1903711088458997,,
berlin,ridge+k10,0,9,20,5,0.7408286940060265,0.9567954476717485,0.21596675366572204,,
berlin,ridge+k10,0,9,20,8,0.7408286940060265,0.9711222878137847,0.23029359380775827,,
berlin,ridge+k10,0,9,20,-1,0.6426355112968086,,,1.0,3.0
berlin,ridge+k10d,0,0,20,3,0.9080573073605681,0.9311998028519262,0.02314249549135805,,
berlin,ridge+k10d,0,0,20,5,0.9080573073605681,0.9567954476717485,0.0487381403111804,,
berlin,ridge+k10d,0,0,20,8,0.9080573073605681,0.9711222878137847,0.06306498045321662,,
berlin,ridge+k10d,0,0,20,-1,0.6426355112968086,,,1.0,3.0
berlin,uma_los,0,0,20,3,0.6842382355247387,0.9311998028519262,0.24696156732718744,,
berlin,uma_los,0,0,20,5,0.6842382355247387,0.9567954476717485,0.2725572121470098,,
berlin,uma_los,0,0,20,8,0.6842382355247387,0.9711222878137847,0.286884052289046,,
berlin,uma_los,0,0,20,-1,0.6842382355247387,,,1.0,3.0
berlin,uma_los,0,0,10,3,0.6842382355247387,0.9311998028519262,0.24696156732718744,,
berlin,uma_los,0,0,10,5,0.6842382355247387,0.9567954476717485,0.2725572121470098,,
berlin,uma_los,0,0,10,8,0.6842382355247387,0.9695092581183561,0.28527102259361736,,
berlin,uma_los,0,0,10,-1,0.6842382355247387,,,1.0,3.0
berlin,uma_nlos,0,0,20,3,0.7750159622730277,0.9311998028519262,0.15618384057889845,,
berlin,uma_nlos,0,0,20,5,0.8407581239568515,0.9567954476717485,0.11603732371489706,,
berlin,uma_nlos,0,0,20,8,0.8994096759378536,0.9711222878137847,0.07171261187593114,,
berlin,uma_nlos,0,0,20,-1,0.9106336742352111,,,,3.0
berlin,uma_nlos,0,0,10,3,0.8096512943443146,0.9311998028519262,0.12154850850761156,,
berlin,uma_nlos,0,0,10,5,0.8781154436391743,0.9567954476717485,0.07868000403257425,,
berlin,uma_nlos,0,0,10,8,0.8939769023108891,0.9695092581183561,0.07553235580746698,,
berlin,uma_nlos,0,0,10,-1,0.8939769023108891,,,,3.0
chicago,oracle,0,0,20,3,0.8466576231987191,0.9033757338551859,0.056718110656466814,,
chicago,oracle,0,0,20,5,0.8720534602383917,0.9521659847002313,0.08011252446183958,,
chicago,oracle,0,0,20,8,0.8720534602383917,0.9819760718733321,0.10992261163494044,,
chicago,oracle,0,0,20,-1,0.6177170432307418,,,1.0,3.0
chicago,oracle,0,0,10,3,0.8466576231987191,0.9033757338551859,0.056718110656466814,,
chicago,oracle,0,0,10,5,0.8720534602383917,0.9446828856075431,0.0726294253691514,,
chicago,oracle,0,0,10,8,0.8720534602383917,0.9698896993417542,0.09783623910336248,,
chicago,oracle,0,0,10,-1,0.6177170432307418,,,1.0,3.0
chicago,coral,0,0,20,3,0.4728807151752357,0.9033757338551859,0.43049501867995016,,
chicago,coral,0,0,20,5,0.4728807151752357,0.9521659847002313,0.47928526952499556,,
chicago,coral,0,0,20,8,0.4728807151752357,0.9819760718733321,0.5090953566980965,,
chicago,coral,0,0,20,-1,0.4728807151752357,,,1.0,3.0
chicago,coral,0,0,10,3,0.8033156911581569,0.9033757338551859,0.10006004269702895,,
chicago,coral,0,0,10,5,0.8033156911581569,0.9446828856075431,0.14136719444938617,,
chicago,coral,0,0,10,8,0.8033156911581569,0.9698896993417542,0.16657400818359724,,
chicago,coral,0,0,10,-1,0.6276685643123999,,,1.0,3.0
chicago,cost231,0,0,20,3,0.8421433019035759,0.9033757338551859,0.06123243195160999,,
chicago,cost231,0,0,20,5,0.9446717665895749,0.9521659847002313,0.007494218110656425,,
chicago,cost231,0,0,20,8,0.9738814267923857,0.9819760718733321,0.008094645080946483,,
chicago,cost231,0,0,20,-1,0.9873687955879736,,,,3.0
chicago,cost231,0,0,10,3,0.8357609855897528,0.9033757338551859,0.06761474826543312,,
chicago,cost231,0,0,10,5,0.9285269524995552,0.9446828856075431,0.016155933107987908,,
chicago,cost231,0,0,10,8,0.9698896993417542,0.9698896993417542,0.0,,
chicago,cost231,0,0,10,-1,0.9721913360611991,,,,3.0
chicago,encoder,0,0,20,3,0.6276685643123999,0.9033757338551859,0.27570716954278596,,
chicago,encoder,0,0,20,5,0.6276685643123999,0.9521659847002313,0.32449742038783136,,
chicago,encoder,0,0,20,8,0.6276685643123999,0.9819760718733321,0.3543075075609322,,
chicago,encoder,0,0,20,-1,0.6276685643123999,,,1.0,3.0
chicago,encoder,0,0,10,3,0.6276685643123999,0.9033757338551859,0.27570716954278596,,
chicago,encoder,0,0,10,5,0.6276685643123999,0.9446828856075431,0.3170143212951432,,
chicago,encoder,0,0,10,8,0.6276685643123999,0.9698896993417542,0.34222113502935425,,
chicago,encoder,0,0,10,-1,0.6276685643123999,,,1.0,3.0
chicago,encoder,1,0,20,3,0.6276685643123999,0.9033757338551859,0.27570716954278596,,
chicago,encoder,1,0,20,5,0.6276685643123999,0.9521659847002313,0.32449742038783136,,
chicago,encoder,1,0,20,8,0.6276685643123999,0.9819760718733321,0.3543075075609322,,
chicago,encoder,1,0,20,-1,0.6276685643123999,,,1.0,3.0
chicago,encoder,1,0,10,3,0.6276685643123999,0.9033757338551859,0.27570716954278596,,
chicago,encoder,1,0,10,5,0.6276685643123999,0.9446828856075431,0.3170143212951432,,
chicago,encoder,1,0,10,8,0.6276685643123999,0.9698896993417542,0.34222113502935425,,
chicago,encoder,1,0,10,-1,0.6276685643123999,,,1.0,3.0
chicago,encoder,2,0,20,3,0.6276685643123999,0.9033757338551859,0.27570716954278596,,
chicago,encoder,2,0,20,5,0.6276685643123999,0.9521659847002313,0.32449742038783136,,
chicago,encoder,2,0,20,8,0.6276685643123999,0.9819760718733321,0.3543075075609322,,
chicago,encoder,2,0,20,-1,0.6276685643123999,,,1.0,3.0
chicago,encoder,2,0,10,3,0.6276685643123999,0.9033757338551859,0.27570716954278596,,
chicago,encoder,2,0,10,5,0.6276685643123999,0.9446828856075431,0.3170143212951432,,
chicago,encoder,2,0,10,8,0.6276685643123999,0.9698896993417542,0.34222113502935425,,
chicago,encoder,2,0,10,-1,0.6276685643123999,,,1.0,3.0
chicago,encoder,3,0,20,3,0.6276685643123999,0.9033757338551859,0.27570716954278596,,
chicago,encoder,3,0,20,5,0.6276685643123999,0.9521659847002313,0.32449742038783136,,
chicago,encoder,3,0,20,8,0.6276685643123999,0.9819760718733321,0.3543075075609322,,
chicago,encoder,3,0,20,-1,0.6276685643123999,,,1.0,3.0
chicago,encoder,3,0,10,3,0.6276685643123999,0.9033757338551859,0.27570716954278596,,
chicago,encoder,3,0,10,5,0.6276685643123999,0.9446828856075431,0.3170143212951432,,
chicago,encoder,3,0,10,8,0.6276685643123999,0.9698896993417542,0.34222113502935425,,
chicago,encoder,3,0,10,-1,0.6276685643123999,,,1.0,3.0
chicago,encoder,4,0,20,3,0.6276685643123999,0.9033757338551859,0.27570716954278596,,
chicago,encoder,4,0,20,5,0.6276685643123999,0.9521659847002313,0.32449742038783136,,
chicago,encoder,4,0,20,8,0.6276685643123999,0.9819760718733321,0.3543075075609322,,
chicago,encoder,4,0,20,-1,0.6276685643123999,,,1.0,3.0
chicago,encoder,4,0,10,3,0.6276685643123999,0.9033757338551859,0.27570716954278596,,
chicago,encoder,4,0,10,5,0.6276685643123999,0.9446828856075431,0.3170143212951432,,
chicago,encoder,4,0,10,8,0.6276685643123999,0.9698896993417542,0.34222113502935425,,
chicago,encoder,4,0,10,-1,0.6276685643123999,,,1.0,3.0
chicago,gbdt,0,0,20,3,0.6972958548301014,0.9033757338551859,0.2060798790250845,,
chicago,gbdt,0,0,20,5,0.6972958548301014,0.9521659847002313,0.2548701298701299,,
chicago,gbdt,0,0,20,8,0.6972958548301014,0.9819760718733321,0.28468021704323077,,
chicago,gbdt,0,0,20,-1,0.5003224515210817,,,1.0,3.0
chicago,gbdt,0,0,10,3,0.7217576943604341,0.9033757338551859,0.18161803949475175,,
chicago,gbdt,0,0,10,5,0.7217576943604341,0.9446828856075431,0.22292519124710897,,
chicago,gbdt,0,0,10,8,0.7217576943604341,0.9698896993417542,0.24813200498132004,,
chicago,gbdt,0,0,10,-1,0.6276685643123999,,,1.0,3.0
chicago,gbdt+k10,0,0,20,3,0.6276685643123999,0.9033757338551859,0.27570716954278596,,
chicago,gbdt+k10,0,0,20,5,0.6276685643123999,0.9521659847002313,0.32449742038783136,,
chicago,gbdt+k10,0,0,20,8,0.6276685643123999,0.9819760718733321,0.3543075075609322,,
chicago,gbdt+k10,0,0,20,-1,0.6276685643123999,,,1.0,3.0
chicago,gbdt+k10,0,1,20,3,0.6276685643123999,0.9033757338551859,0.27570716954278596,,
chicago,gbdt+k10,0,1,20,5,0.6276685643123999,0.9521659847002313,0.32449742038783136,,
chicago,gbdt+k10,0,1,20,8,0.6276685643123999,0.9819760718733321,0.3543075075609322,,
chicago,gbdt+k10,0,1,20,-1,0.6276685643123999,,,1.0,3.0
chicago,gbdt+k10,0,2,20,3,0.6276685643123999,0.9033757338551859,0.27570716954278596,,
chicago,gbdt+k10,0,2,20,5,0.6276685643123999,0.9521659847002313,0.32449742038783136,,
chicago,gbdt+k10,0,2,20,8,0.6276685643123999,0.9819760718733321,0.3543075075609322,,
chicago,gbdt+k10,0,2,20,-1,0.6276685643123999,,,1.0,3.0
chicago,gbdt+k10,0,3,20,3,0.6276685643123999,0.9033757338551859,0.27570716954278596,,
chicago,gbdt+k10,0,3,20,5,0.6276685643123999,0.9521659847002313,0.32449742038783136,,
chicago,gbdt+k10,0,3,20,8,0.6276685643123999,0.9819760718733321,0.3543075075609322,,
chicago,gbdt+k10,0,3,20,-1,0.6276685643123999,,,1.0,3.0
chicago,gbdt+k10,0,4,20,3,0.6276685643123999,0.9033757338551859,0.27570716954278596,,
chicago,gbdt+k10,0,4,20,5,0.6276685643123999,0.9521659847002313,0.32449742038783136,,
chicago,gbdt+k10,0,4,20,8,0.6276685643123999,0.9819760718733321,0.3543075075609322,,
chicago,gbdt+k10,0,4,20,-1,0.6276685643123999,,,1.0,3.0
chicago,gbdt+k10,0,5,20,3,0.6276685643123999,0.9033757338551859,0.27570716954278596,,
chicago,gbdt+k10,0,5,20,5,0.6276685643123999,0.9521659847002313,0.32449742038783136,,
chicago,gbdt+k10,0,5,20,8,0.6276685643123999,0.9819760718733321,0.3543075075609322,,
chicago,gbdt+k10,0,5,20,-1,0.6276685643123999,,,1.0,3.0
chicago,gbdt+k10,0,6,20,3,0.6276685643123999,0.9033757338551859,0.27570716954278596,,
chicago,gbdt+k10,0,6,20,5,0.6276685643123999,0.9521659847002313,0.32449742038783136,,
chicago,gbdt+k10,0,6,20,8,0.6276685643123999,0.9819760718733321,0.3543075075609322,,
chicago,gbdt+k10,0,6,20,-1,0.6276685643123999,,,1.0,3.0
chicago,gbdt+k10,0,7,20,3,0.7586950720512364,0.9033757338551859,0.14468066180394945,,
chicago,gbdt+k10,0,7,20,5,0.7586950720512364,0.9521659847002313,0.19347091264899485,,
chicago,gbdt+k10,0,7,20,8,0.7586950720512364,0.9819760718733321,0.2232809998220957,,
chicago,gbdt+k10,0,7,20,-1,0.5003224515210817,,,1.0,3.0
chicago,gbdt+k10,0,8,20,3,0.6972958548301014,0.9033757338551859,0.2060798790250845,,
chicago,gbdt+k10,0,8,20,5,0.6972958548301014,0.9521659847002313,0.2548701298701299,,
chicago,gbdt+k10,0,8,20,8,0.6972958548301014,0.9819760718733321,0.28468021704323077,,
chicago,gbdt+k10,0,8,20,-1,0.5003224515210817,,,1.0,3.0
chicago,gbdt+k10,0,9,20,3,0.6276685643123999,0.9033757338551859,0.27570716954278596,,
chicago,gbdt+k10,0,9,20,5,0.6276685643123999,0.9521659847002313,0.32449742038783136,,
chicago,gbdt+k10,0,9,20,8,0.6276685643123999,0.9819760718733321,0.3543075075609322,,
chicago,gbdt+k10,0,9,20,-1,0.6276685643123999,,,1.0,3.0
chicago,gbdt+k10d,0,0,20,3,0.6815958014588152,0.9033757338551859,0.22177993239637073,,
chicago,gbdt+k10d,0,0,20,5,0.6815958014588152,0.9521659847002313,0.27057018324141613,,
chicago,gbdt+k10d,0,0,20,8,0.6815958014588152,0.9819760718733321,0.300380270414517,,
chicago,gbdt+k10d,0,0,20,-1,0.5003224515210817,,,1.0,3.0
chicago,gbdt,1,0,20,3,0.5003224515210817,0.9033757338551859,0.4030532823341042,,
chicago,gbdt,1,0,20,5,0.5003224515210817,0.9521659847002313,0.4518435331791496,,
chicago,gbdt,1,0,20,8,0.5003224515210817,0.9819760718733321,0.48165362035225046,,
chicago,gbdt,1,0,20,-1,0.5003224515210817,,,1.0,3.0
chicago,gbdt,1,0,10,3,0.7217576943604341,0.9033757338551859,0.18161803949475175,,
chicago,gbdt,1,0,10,5,0.7217576943604341,0.9446828856075431,0.22292519124710897,,
chicago,gbdt,1,0,10,8,0.7217576943604341,0.9698896993417542,0.24813200498132004,,
chicago,gbdt,1,0,10,-1,0.6276685643123999,,,1.0,3.0
chicago,gbdt+k10,1,0,20,3,0.5003224515210817,0.9033757338551859,0.4030532823341042,,
chicago,gbdt+k10,1,0,20,5,0.5003224515210817,0.9521659847002313,0.4518435331791496,,
chicago,gbdt+k10,1,0,20,8,0.5003224515210817,0.9819760718733321,0.48165362035225046,,
chicago,gbdt+k10,1,0,20,-1,0.5003224515210817,,,1.0,3.0
chicago,gbdt+k10,1,1,20,3,0.5003224515210817,0.9033757338551859,0.4030532823341042,,
chicago,gbdt+k10,1,1,20,5,0.5003224515210817,0.9521659847002313,0.4518435331791496,,
chicago,gbdt+k10,1,1,20,8,0.5003224515210817,0.9819760718733321,0.48165362035225046,,
chicago,gbdt+k10,1,1,20,-1,0.5003224515210817,,,1.0,3.0
chicago,gbdt+k10,1,2,20,3,0.6276685643123999,0.9033757338551859,0.27570716954278596,,
chicago,gbdt+k10,1,2,20,5,0.6276685643123999,0.9521659847002313,0.32449742038783136,,
chicago,gbdt+k10,1,2,20,8,0.6276685643123999,0.9819760718733321,0.3543075075609322,,
chicago,gbdt+k10,1,2,20,-1,0.6276685643123999,,,1.0,3.0
chicago,gbdt+k10,1,3,20,3,0.5003224515210817,0.9033757338551859,0.4030532823341042,,
chicago,gbdt+k10,1,3,20,5,0.5003224515210817,0.9521659847002313,0.4518435331791496,,
chicago,gbdt+k10,1,3,20,8,0.5003224515210817,0.9819760718733321,0.48165362035225046,,
chicago,gbdt+k10,1,3,20,-1,0.5003224515210817,,,1.0,3.0
chicago,gbdt+k10,1,4,20,3,0.6177170432307418,0.9033757338551859,0.28565869062444404,,
chicago,gbdt+k10,1,4,20,5,0.6177170432307418,0.9521659847002313,0.33444894146948945,,
chicago,gbdt+k10,1,4,20,8,0.6177170432307418,0.9819760718733321,0.3642590286425903,,
chicago,gbdt+k10,1,4,20,-1,0.6177170432307418,,,1.0,3.0
chicago,gbdt+k10,1,5,20,3,0.6276685643123999,0.9033757338551859,0.27570716954278596,,
chicago,gbdt+k10,1,5,20,5,0.6276685643123999,0.9521659847002313,0.32449742038783136,,
chicago,gbdt+k10,1,5,20,8,0.6276685643123999,0.9819760718733321,0.3543075075609322,,
chicago,gbdt+k10,1,5,20,-1,0.6276685643123999,,,1.0,3.0
chicago,gbdt+k10,1,6,20,3,0.6276685643123999,0.9033757338551859,0.27570716954278596,,
chicago,gbdt+k10,1,6,20,5,0.6276685643123999,0.9521659847002313,0.32449742038783136,,
chicago,gbdt+k10,1,6,20,8,0.6276685643123999,0.9819760718733321,0.3543075075609322,,
chicago,gbdt+k10,1,6,20,-1,0.6276685643123999,,,1.0,3.0
chicago,gbdt+k10,1,7,20,3,0.7586950720512364,0.9033757338551859,0.14468066180394945,,
chicago,gbdt+k10,1,7,20,5,0.7586950720512364,0.9521659847002313,0.19347091264899485,,
chicago,gbdt+k10,1,7,20,8,0.7586950720512364,0.9819760718733321,0.2232809998220957,,
chicago,gbdt+k10,1,7,20,-1,0.5003224515210817,,,1.0,3.0
chicago,gbdt+k10,1,8,20,3,0.5003224515210817,0.9033757338551859,0.4030532823341042,,
chicago,gbdt+k10,1,8,20,5,0.5003224515210817,0.9521659847002313,0.4518435331791496,,
chicago,gbdt+k10,1,8,20,8,0.5003224515210817,0.9819760718733321,0.48165362035225046,,
chicago,gbdt+k10,1,8,20,-1,0.5003224515210817,,,1.0,3.0
chicago,gbdt+k10,1,9,20,3,0.5003224515210817,0.9033757338551859,0.4030532823341042,,
chicago,gbdt+k10,1,9,20,5,0.5003224515210817,0.9521659847002313,0.4518435331791496,,
chicago,gbdt+k10,1,9,20,8,0.5003224515210817,0.9819760718733321,0.48165362035225046,,
chicago,gbdt+k10,1,9,20,-1,0.5003224515210817,,,1.0,3.0
chicago,gbdt+k10d,1,0,20,3,0.5003224515210817,0.9033757338551859,0.4030532823341042,,
chicago,gbdt+k10d,1,0,20,5,0.5003224515210817,0.9521659847002313,0.4518435331791496,,
chicago,gbdt+k10d,1,0,20,8,0.5003224515210817,0.9819760718733321,0.48165362035225046,,
chicago,gbdt+k10d,1,0,20,-1,0.5003224515210817,,,1.0,3.0
chicago,gbdt,2,0,20,3,0.6972958548301014,0.9033757338551859,0.2060798790250845,,
chicago,gbdt,2,0,20,5,0.6972958548301014,0.9521659847002313,0.2548701298701299,,
chicago,gbdt,2,0,20,8,0.6972958548301014,0.9819760718733321,0.28468021704323077,,
chicago,gbdt,2,0,20,-1,0.5003224515210817,,,1.0,3.0
chicago,gbdt,2,0,10,3,0.6944271481942715,0.9033757338551859,0.20894858566091434,,
chicago,gbdt,2,0,10,5,0.6944271481942715,0.9446828856075431,0.25025573741327156,,
chicago,gbdt,2,0,10,8,0.6944271481942715,0.9698896993417542,0.27546255114748264,,
chicago,gbdt,2,0,10,-1,0.6177170432307418,,,1.0,3.0
chicago,gbdt+k10,2,0,20,3,0.6276685643123999,0.9033757338551859,0.27570716954278596,,
chicago,gbdt+k10,2,0,20,5,0.6276685643123999,0.9521659847002313,0.32449742038783136,,
chicago,gbdt+k10,2,0,20,8,0.6276685643123999,0.9819760718733321,0.3543075075609322,,
chicago,gbdt+k10,2,0,20,-1,0.6276685643123999,,,1.0,3.0
chicago,gbdt+k10,2,1,20,3,0.6276685643123999,0.9033757338551859,0.27570716954278596,,
chicago,gbdt+k10,2,1,20,5,0.6276685643123999,0.9521659847002313,0.32449742038783136,,
chicago,gbdt+k10,2,1,20,8,0.6276685643123999,0.9819760718733321,0.3543075075609322,,
chicago,gbdt+k10,2,1,20,-1,0.6276685643123999,,,1.0,3.0
chicago,gbdt+k10,2,2,20,3,0.6276685643123999,0.9033757338551859,0.27570716954278596,,
chicago,gbdt+k10,2,2,20,5,0.6276685643123999,0.9521659847002313,0.32449742038783136,,
chicago,gbdt+k10,2,2,20,8,0.6276685643123999,0.9819760718733321,0.3543075075609322,,
chicago,gbdt+k10,2,2,20,-1,0.6276685643123999,,,1.0,3.0
chicago,gbdt+k10,2,3,20,3,0.6276685643123999,0.9033757338551859,0.27570716954278596,,
chicago,gbdt+k10,2,3,20,5,0.6276685643123999,0.9521659847002313,0.32449742038783136,,
chicago,gbdt+k10,2,3,20,8,0.6276685643123999,0.9819760718733321,0.3543075075609322,,
chicago,gbdt+k10,2,3,20,-1,0.6276685643123999,,,1.0,3.0
chicago,gbdt+k10,2,4,20,3,0.6276685643123999,0.9033757338551859,0.27570716954278596,,
chicago,gbdt+k10,2,4,20,5,0.6276685643123999,0.9521659847002313,0.32449742038783136,,
chicago,gbdt+k10,2,4,20,8,0.6276685643123999,0.9819760718733321,0.3543075075609322,,
chicago,gbdt+k10,2,4,20,-1,0.6276685643123999,,,1.0,3.0
chicago,gbdt+k10,2,5,20,3,0.6276685643123999,0.9033757338551859,0.27570716954278596,,
chicago,gbdt+k10,2,5,20,5,0.6276685643123999,0.9521659847002313,0.32449742038783136,,
chicago,gbdt+k10,2,5,20,8,0.6276685643123999,0.9819760718733321,0.3543075075609322,,
chicago,gbdt+k10,2,5,20,-1,0.6276685643123999,,,1.0,3.0
chicago,gbdt+k10,2,6,20,3,0.6276685643123999,0.9033757338551859,0.27570716954278596,,
chicago,gbdt+k10,2,6,20,5,0.6276685643123999,0.9521659847002313,0.32449742038783136,,
chicago,gbdt+k10,2,6,20,8,0.6276685643123999,0.9819760718733321,0.3543075075609322,,
chicago,gbdt+k10,2,6,20,-1,0.6276685643123999,,,1.0,3.0
chicago,gbdt+k10,2,7,20,3,0.6972958548301014,0.9033757338551859,0.2060798790250845,,
chicago,gbdt+k10,2,7,20,5,0.6972958548301014,0.9521659847002313,0.2548701298701299,,
chicago,gbdt+k10,2,7,20,8,0.6972958548301014,0.9819760718733321,0.28468021704323077,,
chicago,gbdt+k10,2,7,20,-1,0.5003224515210817,,,1.0,3.0
chicago,gbdt+k10,2,8,20,3,0.6972958548301014,0.9033757338551859,0.2060798790250845,,
chicago,gbdt+k10,2,8,20,5,0.6972958548301014,0.9521659847002313,0.2548701298701299,,
chicago,gbdt+k10,2,8,20,8,0.6972958548301014,0.9819760718733321,0.28468021704323077,,
chicago,gbdt+k10,2,8,20,-1,0.5003224515210817,,,1.0,3.0
chicago,gbdt+k10,2,9,20,3,0.6276685643123999,0.9033757338551859,0.27570716954278596,,
chicago,gbdt+k10,2,9,20,5,0.6276685643123999,0.9521659847002313,0.32449742038783136,,
chicago,gbdt+k10,2,9,20,8,0.6276685643123999,0.9819760718733321,0.3543075075609322,,
chicago,gbdt+k10,2,9,20,-1,0.6276685643123999,,,1.0,3.0
chicago,gbdt+k10d,2,0,20,3,0.6972958548301014,0.9033757338551859,0.2060798790250845,,
chicago,gbdt+k10d,2,0,20,5,0.6972958548301014,0.9521659847002313,0.2548701298701299,,
chicago,gbdt+k10d,2,0,20,8,0.6972958548301014,0.9819760718733321,0.28468021704323077,,
chicago,gbdt+k10d,2,0,20,-1,0.5003224515210817,,,1.0,3.0
chicago,gbdt,3,0,20,3,0.7606964952855364,0.9033757338551859,0.14267923856964948,,
chicago,gbdt,3,0,20,5,0.7606964952855364,0.9521659847002313,0.19146948941469488,,
chicago,gbdt,3,0,20,8,0.7606964952855364,0.9819760718733321,0.22127957658779573,,
chicago,gbdt,3,0,20,-1,0.5003224515210817,,,1.0,3.0
chicago,gbdt,3,0,10,3,0.7217576943604341,0.9033757338551859,0.18161803949475175,,
chicago,gbdt,3,0,10,5,0.7217576943604341,0.9446828856075431,0.22292519124710897,,
chicago,gbdt,3,0,10,8,0.7217576943604341,0.9698896993417542,0.24813200498132004,,
chicago,gbdt,3,0,10,-1,0.6276685643123999,,,1.0,3.0
chicago,gbdt+k10,3,0,20,3,0.5003224515210817,0.9033757338551859,0.4030532823341042,,
chicago,gbdt+k10,3,0,20,5,0.5003224515210817,0.9521659847002313,0.4518435331791496,,
chicago,gbdt+k10,3,0,20,8,0.5003224515210817,0.9819760718733321,0.48165362035225046,,
chicago,gbdt+k10,3,0,20,-1,0.5003224515210817,,,1.0,3.0
chicago,gbdt+k10,3,1,20,3,0.7217576943604341,0.9033757338551859,0.18161803949475175,,
chicago,gbdt+k10,3,1,20,5,0.7217576943604341,0.9521659847002313,0.23040829033979715,,
chicago,gbdt+k10,3,1,20,8,0.7217576943604341,0.9819760718733321,0.260218377512898,,
chicago,gbdt+k10,3,1,20,-1,0.6276685643123999,,,1.0,3.0
chicago,gbdt+k10,3,2,20,3,0.6276685643123999,0.9033757338551859,0.27570716954278596,,
chicago,gbdt+k10,3,2,20,5,0.6276685643123999,0.9521659847002313,0.32449742038783136,,
chicago,gbdt+k10,3,2,20,8,0.6276685643123999,0.9819760718733321,0.3543075075609322,,
chicago,gbdt+k10,3,2,20,-1,0.6276685643123999,,,1.0,3.0
chicago,gbdt+k10,3,3,20,3,0.6276685643123999,0.9033757338551859,0.27570716954278596,,
chicago,gbdt+k10,3,3,20,5,0.6276685643123999,0.9521659847002313,0.32449742038783136,,
chicago,gbdt+k10,3,3,20,8,0.6276685643123999,0.9819760718733321,0.3543075075609322,,
chicago,gbdt+k10,3,3,20,-1,0.6276685643123999,,,1.0,3.0
chicago,gbdt+k10,3,4,20,3,0.6276685643123999,0.9033757338551859,0.27570716954278596,,
chicago,gbdt+k10,3,4,20,5,0.6276685643123999,0.9521659847002313,0.32449742038783136,,
chicago,gbdt+k10,3,4,20,8,0.6276685643123999,0.9819760718733321,0.3543075075609322,,
chicago,gbdt+k10,3,4,20,-1,0.6276685643123999,,,1.0,3.0
chicago,gbdt+k10,3,5,20,3,0.6276685643123999,0.9033757338551859,0.27570716954278596,,
chicago,gbdt+k10,3,5,20,5,0.6276685643123999,0.9521659847002313,0.32449742038783136,,
chicago,gbdt+k10,3,5,20,8,0.6276685643123999,0.9819760718733321,0.3543075075609322,,
chicago,gbdt+k10,3,5,20,-1,0.6276685643123999,,,1.0,3.0
chicago,gbdt+k10,3,6,20,3,0.6276685643123999,0.9033757338551859,0.27570716954278596,,
chicago,gbdt+k10,3,6,20,5,0.6276685643123999,0.9521659847002313,0.32449742038783136,,
chicago,gbdt+k10,3,6,20,8,0.6276685643123999,0.9819760718733321,0.3543075075609322,,
chicago,gbdt+k10,3,6,20,-1,0.6276685643123999,,,1.0,3.0
chicago,gbdt+k10,3,7,20,3,0.812333214730475,0.9033757338551859,0.09104251912471084,,
chicago,gbdt+k10,3,7,20,5,0.812333214730475,0.9521659847002313,0.13983276996975624,,
chicago,gbdt+k10,3,7,20,8,0.812333214730475,0.9819760718733321,0.1696428571428571,,
chicago,gbdt+k10,3,7,20,-1,0.5003224515210817,,,1.0,3.0
chicago,gbdt+k10,3,8,20,3,0.7606964952855364,0.9033757338551859,0.14267923856964948,,
chicago,gbdt+k10,3,8,20,5,0.7606964952855364,0.9521659847002313,0.19146948941469488,,
chicago,gbdt+k10,3,8,20,8,0.7606964952855364,0.9819760718733321,0.22127957658779573,,
chicago,gbdt+k10,3,8,20,-1,0.5003224515210817,,,1.0,3.0
chicago,gbdt+k10,3,9,20,3,0.5003224515210817,0.9033757338551859,0.4030532823341042,,
chicago,gbdt+k10,3,9,20,5,0.5003224515210817,0.9521659847002313,0.4518435331791496,,
chicago,gbdt+k10,3,9,20,8,0.5003224515210817,0.9819760718733321,0.48165362035225046,,
chicago,gbdt+k10,3,9,20,-1,0.5003224515210817,,,1.0,3.0
chicago,gbdt+k10d,3,0,20,3,0.7606964952855364,0.9033757338551859,0.14267923856964948,,
chicago,gbdt+k10d,3,0,20,5,0.7606964952855364,0.9521659847002313,0.19146948941469488,,
chicago,gbdt+k10d,3,0,20,8,0.7606964952855364,0.9819760718733321,0.22127957658779573,,
chicago,gbdt+k10d,3,0,20,-1,0.5003224515210817,,,1.0,3.0
chicago,gbdt,4,0,20,3,0.7428171143924569,0.9033757338551859,0.16055861946272898,,
chicago,gbdt,4,0,20,5,0.7428171143924569,0.9521659847002313,0.20934887030777438,,
chicago,gbdt,4,0,20,8,0.7428171143924569,0.9819760718733321,0.23915895748087523,,
chicago,gbdt,4,0,20,-1,0.6276685643123999,,,1.0,3.0
chicago,gbdt,4,0,10,3,0.7428171143924569,0.9033757338551859,0.16055861946272898,,
chicago,gbdt,4,0,10,5,0.7428171143924569,0.9446828856075431,0.2018657712150862,,
chicago,gbdt,4,0,10,8,0.7428171143924569,0.9698896993417542,0.22707258494929727,,
chicago,gbdt,4,0,10,-1,0.6276685643123999,,,1.0,3.0
chicago,gbdt+k10,4,0,20,3,0.6276685643123999,0.9033757338551859,0.27570716954278596,,
chicago,gbdt+k10,4,0,20,5,0.6276685643123999,0.9521659847002313,0.32449742038783136,,
chicago,gbdt+k10,4,0,20,8,0.6276685643123999,0.9819760718733321,0.3543075075609322,,
chicago,gbdt+k10,4,0,20,-1,0.6276685643123999,,,1.0,3.0
chicago,gbdt+k10,4,1,20,3,0.6276685643123999,0.9033757338551859,0.27570716954278596,,
chicago,gbdt+k10,4,1,20,5,0.6276685643123999,0.9521659847002313,0.32449742038783136,,
chicago,gbdt+k10,4,1,20,8,0.6276685643123999,0.9819760718733321,0.3543075075609322,,
chicago,gbdt+k10,4,1,20,-1,0.6276685643123999,,,1.0,3.0
chicago,gbdt+k10,4,2,20,3,0.6276685643123999,0.9033757338551859,0.27570716954278596,,
chicago,gbdt+k10,4,2,20,5,0.6276685643123999,0.9521659847002313,0.32449742038783136,,
chicago,gbdt+k10,4,2,20,8,0.6276685643123999,0.9819760718733321,0.3543075075609322,,
chicago,gbdt+k10,4,2,20,-1,0.6276685643123999,,,1.0,3.0
chicago,gbdt+k10,4,3,20,3,0.6276685643123999,0.9033757338551859,0.27570716954278596,,
chicago,gbdt+k10,4,3,20,5,0.6276685643123999,0.9521659847002313,0.32449742038783136,,
chicago,gbdt+k10,4,3,20,8,0.6276685643123999,0.9819760718733321,0.3543075075609322,,
chicago,gbdt+k10,4,3,20,-1,0.6276685643123999,,,1.0,3.0
chicago,gbdt+k10,4,4,20,3,0.6276685643123999,0.9033757338551859,0.27570716954278596,,
chicago,gbdt+k10,4,4,20,5,0.6276685643123999,0.9521659847002313,0.32449742038783136,,
chicago,gbdt+k10,4,4,20,8,0.6276685643123999,0.9819760718733321,0.3543075075609322,,
chicago,gbdt+k10,4,4,20,-1,0.6276685643123999,,,1.0,3.0
chicago,gbdt+k10,4,5,20,3,0.6276685643123999,0.9033757338551859,0.27570716954278596,,
chicago,gbdt+k10,4,5,20,5,0.6276685643123999,0.9521659847002313,0.32449742038783136,,
chicago,gbdt+k10,4,5,20,8,0.6276685643123999,0.9819760718733321,0.3543075075609322,,
chicago,gbdt+k10,4,5,20,-1,0.6276685643123999,,,1.0,3.0
chicago,gbdt+k10,4,6,20,3,0.6276685643123999,0.9033757338551859,0.27570716954278596,,
chicago,gbdt+k10,4,6,20,5,0.6276685643123999,0.9521659847002313,0.32449742038783136,,
chicago,gbdt+k10,4,6,20,8,0.6276685643123999,0.9819760718733321,0.3543075075609322,,
chicago,gbdt+k10,4,6,20,-1,0.6276685643123999,,,1.0,3.0
chicago,gbdt+k10,4,7,20,3,0.7586950720512364,0.9033757338551859,0.14468066180394945,,
chicago,gbdt+k10,4,7,20,5,0.7586950720512364,0.9521659847002313,0.19347091264899485,,
chicago,gbdt+k10,4,7,20,8,0.7586950720512364,0.9819760718733321,0.2232809998220957,,
chicago,gbdt+k10,4,7,20,-1,0.5003224515210817,,,1.0,3.0
chicago,gbdt+k10,4,8,20,3,0.6972958548301014,0.9033757338551859,0.2060798790250845,,
chicago,gbdt+k10,4,8,20,5,0.6972958548301014,0.9521659847002313,0.2548701298701299,,
chicago,gbdt+k10,4,8,20,8,0.6972958548301014,0.9819760718733321,0.28468021704323077,,
chicago,gbdt+k10,4,8,20,-1,0.5003224515210817,,,1.0,3.0
chicago,gbdt+k10,4,9,20,3,0.5003224515210817,0.9033757338551859,0.4030532823341042,,
chicago,gbdt+k10,4,9,20,5,0.5003224515210817,0.9521659847002313,0.4518435331791496,,
chicago,gbdt+k10,4,9,20,8,0.5003224515210817,0.9819760718733321,0.48165362035225046,,
chicago,gbdt+k10,4,9,20,-1,0.5003224515210817,,,1.0,3.0
chicago,gbdt+k10d,4,0,20,3,0.6972958548301014,0.9033757338551859,0.2060798790250845,,
chicago,gbdt+k10d,4,0,20,5,0.6972958548301014,0.9521659847002313,0.2548701298701299,,
chicago,gbdt+k10d,4,0,20,8,0.6972958548301014,0.9819760718733321,0.28468021704323077,,
chicago,gbdt+k10d,4,0,20,-1,0.5003224515210817,,,1.0,3.0
chicago,gbdt_iw,0,0,20,3,0.6177170432307418,0.9033757338551859,0.28565869062444404,,
chicago,gbdt_iw,0,0,20,5,0.6177170432307418,0.9521659847002313,0.33444894146948945,,
chicago,gbdt_iw,0,0,20,8,0.6177170432307418,0.9819760718733321,0.3642590286425903,,
chicago,gbdt_iw,0,0,20,-1,0.6177170432307418,,,1.0,3.0
chicago,gbdt_iw,0,0,10,3,0.6177170432307418,0.9033757338551859,0.28565869062444404,,
chicago,gbdt_iw,0,0,10,5,0.6177170432307418,0.9446828856075431,0.32696584237680126,,
chicago,gbdt_iw,0,0,10,8,0.6177170432307418,0.9698896993417542,0.35217265611101234,,
chicago,gbdt_iw,0,0,10,-1,0.6177170432307418,,,1.0,3.0
chicago,gbdt_iw,1,0,20,3,0.6276685643123999,0.9033757338551859,0.27570716954278596,,
chicago,gbdt_iw,1,0,20,5,0.6276685643123999,0.9521659847002313,0.32449742038783136,,
chicago,gbdt_iw,1,0,20,8,0.6276685643123999,0.9819760718733321,0.3543075075609322,,
chicago,gbdt_iw,1,0,20,-1,0.6276685643123999,,,1.0,3.0
chicago,gbdt_iw,1,0,10,3,0.6276685643123999,0.9033757338551859,0.27570716954278596,,
chicago,gbdt_iw,1,0,10,5,0.6276685643123999,0.9446828856075431,0.3170143212951432,,
chicago,gbdt_iw,1,0,10,8,0.6276685643123999,0.9698896993417542,0.34222113502935425,,
chicago,gbdt_iw,1,0,10,-1,0.6276685643123999,,,1.0,3.0
chicago,gbdt_iw,2,0,20,3,0.6276685643123999,0.9033757338551859,0.27570716954278596,,
chicago,gbdt_iw,2,0,20,5,0.6276685643123999,0.9521659847002313,0.32449742038783136,,
chicago,gbdt_iw,2,0,20,8,0.6276685643123999,0.9819760718733321,0.3543075075609322,,
chicago,gbdt_iw,2,0,20,-1,0.6276685643123999,,,1.0,3.0
chicago,gbdt_iw,2,0,10,3,0.6276685643123999,0.9033757338551859,0.27570716954278596,,
chicago,gbdt_iw,2,0,10,5,0.6276685643123999,0.9446828856075431,0.3170143212951432,,
chicago,gbdt_iw,2,0,10,8,0.6276685643123999,0.9698896993417542,0.34222113502935425,,
chicago,gbdt_iw,2,0,10,-1,0.6276685643123999,,,1.0,3.0
chicago,gbdt_iw,3,0,20,3,0.6276685643123999,0.9033757338551859,0.27570716954278596,,
chicago,gbdt_iw,3,0,20,5,0.6276685643123999,0.9521659847002313,0.32449742038783136,,
chicago,gbdt_iw,3,0,20,8,0.6276685643123999,0.9819760718733321,0.3543075075609322,,
chicago,gbdt_iw,3,0,20,-1,0.6276685643123999,,,1.0,3.0
chicago,gbdt_iw,3,0,10,3,0.6276685643123999,0.9033757338551859,0.27570716954278596,,
chicago,gbdt_iw,3,0,10,5,0.6276685643123999,0.9446828856075431,0.3170143212951432,,
chicago,gbdt_iw,3,0,10,8,0.6276685643123999,0.9698896993417542,0.34222113502935425,,
chicago,gbdt_iw,3,0,10,-1,0.6276685643123999,,,1.0,3.0
chicago,gbdt_iw,4,0,20,3,0.6276685643123999,0.9033757338551859,0.27570716954278596,,
chicago,gbdt_iw,4,0,20,5,0.6276685643123999,0.9521659847002313,0.32449742038783136,,
chicago,gbdt_iw,4,0,20,8,0.6276685643123999,0.9819760718733321,0.3543075075609322,,
chicago,gbdt_iw,4,0,20,-1,0.6276685643123999,,,1.0,3.0
chicago,gbdt_iw,4,0,10,3,0.6276685643123999,0.9033757338551859,0.27570716954278596,,
chicago,gbdt_iw,4,0,10,5,0.6276685643123999,0.9446828856075431,0.3170143212951432,,
chicago,gbdt_iw,4,0,10,8,0.6276685643123999,0.9698896993417542,0.34222113502935425,,
chicago,gbdt_iw,4,0,10,-1,0.6276685643123999,,,1.0,3.0
chicago,gp_ard,0,0,20,3,0.6944271481942715,0.9033757338551859,0.20894858566091434,,
chicago,gp_ard,0,0,20,5,0.6944271481942715,0.9521659847002313,0.25773883650595975,,
chicago,gp_ard,0,0,20,8,0.6944271481942715,0.9819760718733321,0.2875489236790606,,
chicago,gp_ard,0,0,20,-1,0.6177170432307418,,,1.0,3.0
chicago,gp_ard,0,0,10,3,0.6944271481942715,0.9033757338551859,0.20894858566091434,,
chicago,gp_ard,0,0,10,5,0.6944271481942715,0.9446828856075431,0.25025573741327156,,
chicago,gp_ard,0,0,10,8,0.6944271481942715,0.9698896993417542,0.27546255114748264,,
chicago,gp_ard,0,0,10,-1,0.6177170432307418,,,1.0,3.0
chicago,kernel,0,0,20,3,0.8373176481053194,0.9033757338551859,0.06605808574986649,,
chicago,kernel,0,0,20,5,0.8890099626400996,0.9521659847002313,0.06315602206013171,,
chicago,kernel,0,0,20,8,0.8890099626400996,0.9819760718733321,0.09296610923323256,,
chicago,kernel,0,0,20,-1,0.6177170432307418,,,1.0,3.0
chicago,kernel,0,0,10,3,0.837573385518591,0.9033757338551859,0.06580234833659493,,
chicago,kernel,0,0,10,5,0.837573385518591,0.9446828856075431,0.10710950008895215,,
chicago,kernel,0,0,10,8,0.837573385518591,0.9698896993417542,0.13231631382316322,,
chicago,kernel,0,0,10,-1,0.6177170432307418,,,1.0,3.0
chicago,knn,0,0,20,3,0.6276685643123999,0.9033757338551859,0.27570716954278596,,
chicago,knn,0,0,20,5,0.6276685643123999,0.9521659847002313,0.32449742038783136,,
chicago,knn,0,0,20,8,0.6276685643123999,0.9819760718733321,0.3543075075609322,,
chicago,knn,0,0,20,-1,0.6276685643123999,,,1.0,3.0
chicago,knn,0,0,10,3,0.6276685643123999,0.9033757338551859,0.27570716954278596,,
chicago,knn,0,0,10,5,0.6276685643123999,0.9446828856075431,0.3170143212951432,,
chicago,knn,0,0,10,8,0.6276685643123999,0.9698896993417542,0.34222113502935425,,
chicago,knn,0,0,10,-1,0.6276685643123999,,,1.0,3.0
chicago,median,0,0,20,3,0.6276685643123999,0.9033757338551859,0.27570716954278596,,
chicago,median,0,0,20,5,0.6276685643123999,0.9521659847002313,0.32449742038783136,,
chicago,median,0,0,20,8,0.6276685643123999,0.9819760718733321,0.3543075075609322,,
chicago,median,0,0,20,-1,0.6276685643123999,,,1.0,3.0
chicago,median,0,0,10,3,0.6276685643123999,0.9033757338551859,0.27570716954278596,,
chicago,median,0,0,10,5,0.6276685643123999,0.9446828856075431,0.3170143212951432,,
chicago,median,0,0,10,8,0.6276685643123999,0.9698896993417542,0.34222113502935425,,
chicago,median,0,0,10,-1,0.6276685643123999,,,1.0,3.0
chicago,mlp,0,0,20,3,0.7428171143924569,0.9033757338551859,0.16055861946272898,,
chicago,mlp,0,0,20,5,0.7428171143924569,0.9521659847002313,0.20934887030777438,,
chicago,mlp,0,0,20,8,0.7428171143924569,0.9819760718733321,0.23915895748087523,,
chicago,mlp,0,0,20,-1,0.6177170432307418,,,1.0,3.0
chicago,mlp,0,0,10,3,0.7428171143924569,0.9033757338551859,0.16055861946272898,,
chicago,mlp,0,0,10,5,0.7428171143924569,0.9446828856075431,0.2018657712150862,,
chicago,mlp,0,0,10,8,0.7428171143924569,0.9698896993417542,0.22707258494929727,,
chicago,mlp,0,0,10,-1,0.6177170432307418,,,1.0,3.0
chicago,mlp,1,0,20,3,0.5003224515210817,0.9033757338551859,0.4030532823341042,,
chicago,mlp,1,0,20,5,0.5003224515210817,0.9521659847002313,0.4518435331791496,,
chicago,mlp,1,0,20,8,0.5003224515210817,0.9819760718733321,0.48165362035225046,,
chicago,mlp,1,0,20,-1,0.5003224515210817,,,1.0,3.0
chicago,mlp,1,0,10,3,0.7217576943604341,0.9033757338551859,0.18161803949475175,,
chicago,mlp,1,0,10,5,0.7217576943604341,0.9446828856075431,0.22292519124710897,,
chicago,mlp,1,0,10,8,0.7217576943604341,0.9698896993417542,0.24813200498132004,,
chicago,mlp,1,0,10,-1,0.6276685643123999,,,1.0,3.0
chicago,mlp,2,0,20,3,0.6276685643123999,0.9033757338551859,0.27570716954278596,,
chicago,mlp,2,0,20,5,0.6276685643123999,0.9521659847002313,0.32449742038783136,,
chicago,mlp,2,0,20,8,0.6276685643123999,0.9819760718733321,0.3543075075609322,,
chicago,mlp,2,0,20,-1,0.6276685643123999,,,1.0,3.0
chicago,mlp,2,0,10,3,0.6276685643123999,0.9033757338551859,0.27570716954278596,,
chicago,mlp,2,0,10,5,0.6276685643123999,0.9446828856075431,0.3170143212951432,,
chicago,mlp,2,0,10,8,0.6276685643123999,0.9698896993417542,0.34222113502935425,,
chicago,mlp,2,0,10,-1,0.6276685643123999,,,1.0,3.0
chicago,mlp,3,0,20,3,0.6276685643123999,0.9033757338551859,0.27570716954278596,,
chicago,mlp,3,0,20,5,0.6276685643123999,0.9521659847002313,0.32449742038783136,,
chicago,mlp,3,0,20,8,0.6276685643123999,0.9819760718733321,0.3543075075609322,,
chicago,mlp,3,0,20,-1,0.6276685643123999,,,1.0,3.0
chicago,mlp,3,0,10,3,0.6276685643123999,0.9033757338551859,0.27570716954278596,,
chicago,mlp,3,0,10,5,0.6276685643123999,0.9446828856075431,0.3170143212951432,,
chicago,mlp,3,0,10,8,0.6276685643123999,0.9698896993417542,0.34222113502935425,,
chicago,mlp,3,0,10,-1,0.6276685643123999,,,1.0,3.0
chicago,mlp,4,0,20,3,0.8054727806440135,0.9033757338551859,0.09790295321117237,,
chicago,mlp,4,0,20,5,0.8054727806440135,0.9521659847002313,0.14669320405621777,,
chicago,mlp,4,0,20,8,0.8054727806440135,0.9819760718733321,0.17650329122931863,,
chicago,mlp,4,0,20,-1,0.6276685643123999,,,1.0,3.0
chicago,mlp,4,0,10,3,0.8054727806440135,0.9033757338551859,0.09790295321117237,,
chicago,mlp,4,0,10,5,0.8054727806440135,0.9446828856075431,0.1392101049635296,,
chicago,mlp,4,0,10,8,0.8054727806440135,0.9698896993417542,0.16441691869774067,,
chicago,mlp,4,0,10,-1,0.6276685643123999,,,1.0,3.0
chicago,ridge,0,0,20,3,0.8544186977406155,0.9033757338551859,0.04895703611457036,,
chicago,ridge,0,0,20,5,0.8544186977406155,0.9521659847002313,0.09774728695961576,,
chicago,ridge,0,0,20,8,0.8544186977406155,0.9819760718733321,0.12755737413271662,,
chicago,ridge,0,0,20,-1,0.6177170432307418,,,1.0,3.0
chicago,ridge,0,0,10,3,0.8544186977406155,0.9033757338551859,0.04895703611457036,,
chicago,ridge,0,0,10,5,0.8544186977406155,0.9446828856075431,0.09026418786692758,,
chicago,ridge,0,0,10,8,0.8544186977406155,0.9698896993417542,0.11547100160113866,,
chicago,ridge,0,0,10,-1,0.6177170432307418,,,1.0,3.0
chicago,ridge+k10,0,0,20,3,0.6276685643123999,0.9033757338551859,0.27570716954278596,,
chicago,ridge+k10,0,0,20,5,0.6276685643123999,0.9521659847002313,0.32449742038783136,,
chicago,ridge+k10,0,0,20,8,0.6276685643123999,0.9819760718733321,0.3543075075609322,,
chicago,ridge+k10,0,0,20,-1,0.6276685643123999,,,1.0,3.0
chicago,ridge+k10,0,1,20,3,0.7859811421455257,0.9033757338551859,0.11739459170966016,,
chicago,ridge+k10,0,1,20,5,0.7859811421455257,0.9521659847002313,0.16618484255470556,,
chicago,ridge+k10,0,1,20,8,0.7859811421455257,0.9819760718733321,0.1959949297278064,,
chicago,ridge+k10,0,1,20,-1,0.6177170432307418,,,1.0,3.0
chicago,ridge+k10,0,2,20,3,0.8402753068848959,0.9033757338551859,0.06310042697028995,,
chicago,ridge+k10,0,2,20,5,0.8402753068848959,0.9521659847002313,0.11189067781533535,,
chicago,ridge+k10,0,2,20,8,0.8402753068848959,0.9819760718733321,0.1417007649884362,,
chicago,ridge+k10,0,2,20,-1,0.47046788827610747,,,1.0,3.0
chicago,ridge+k10,0,3,20,3,0.8487146415228607,0.9033757338551859,0.05466109233232519,,
chicago,ridge+k10,0,3,20,5,0.8487146415228607,0.9521659847002313,0.10345134317737059,,
chicago,ridge+k10,0,3,20,8,0.8487146415228607,0.9819760718733321,0.13326143035047144,,
chicago,ridge+k10,0,3,20,-1,0.47046788827610747,,,1.0,3.0
chicago,ridge+k10,0,4,20,3,0.6944271481942715,0.9033757338551859,0.20894858566091434,,
chicago,ridge+k10,0,4,20,5,0.6944271481942715,0.9521659847002313,0.25773883650595975,,
chicago,ridge+k10,0,4,20,8,0.6944271481942715,0.9819760718733321,0.2875489236790606,,
chicago,ridge+k10,0,4,20,-1,0.6177170432307418,,,1.0,3.0
chicago,ridge+k10,0,5,20,3,0.6276685643123999,0.9033757338551859,0.27570716954278596,,
chicago,ridge+k10,0,5,20,5,0.6276685643123999,0.9521659847002313,0.32449742038783136,,
chicago,ridge+k10,0,5,20,8,0.6276685643123999,0.9819760718733321,0.3543075075609322,,
chicago,ridge+k10,0,5,20,-1,0.6276685643123999,,,1.0,3.0
chicago,ridge+k10,0,6,20,3,0.5776996975627112,0.9033757338551859,0.32567603629247466,,
chicago,ridge+k10,0,6,20,5,0.5776996975627112,0.9521659847002313,0.37446628713752006,,
chicago,ridge+k10,0,6,20,8,0.5776996975627112,0.9819760718733321,0.4042763743106209,,
chicago,ridge+k10,0,6,20,-1,0.5776996975627112,,,1.0,3.0
chicago,ridge+k10,0,7,20,3,0.8295565735634228,0.9033757338551859,0.07381916029176305,,
chicago,ridge+k10,0,7,20,5,0.8295565735634228,0.9521659847002313,0.12260941113680845,,
chicago,ridge+k10,0,7,20,8,0.8295565735634228,0.9819760718733321,0.1524194983099093,,
chicago,ridge+k10,0,7,20,-1,0.6177170432307418,,,1.0,3.0
chicago,ridge+k10,0,8,20,3,0.7859811421455257,0.9033757338551859,0.11739459170966016,,
chicago,ridge+k10,0,8,20,5,0.7859811421455257,0.9521659847002313,0.16618484255470556,,
chicago,ridge+k10,0,8,20,8,0.7859811421455257,0.9819760718733321,0.1959949297278064,,
chicago,ridge+k10,0,8,20,-1,0.6276685643123999,,,1.0,3.0
chicago,ridge+k10,0,9,20,3,0.8881649172745063,0.9033757338551859,0.015210816580679576,,
chicago,ridge+k10,0,9,20,5,0.8881649172745063,0.9521659847002313,0.06400106742572498,,
chicago,ridge+k10,0,9,20,8,0.8881649172745063,0.9819760718733321,0.09381115459882583,,
chicago,ridge+k10,0,9,20,-1,0.5003224515210817,,,1.0,3.0
chicago,ridge+k10d,0,0,20,3,0.7859811421455257,0.9033757338551859,0.11739459170966016,,
chicago,ridge+k10d,0,0,20,5,0.8720534602383917,0.9521659847002313,0.08011252446183958,,
chicago,ridge+k10d,0,0,20,8,0.8720534602383917,0.9819760718733321,0.10992261163494044,,
chicago,ridge+k10d,0,0,20,-1,0.6177170432307418,,,1.0,3.0
chicago,uma_los,0,0,20,3,0.6744796299590821,0.9033757338551859,0.22889610389610382,,
chicago,uma_los,0,0,20,5,0.6744796299590821,0.9521659847002313,0.2776863547411492,,
chicago,uma_los,0,0,20,8,0.6744796299590821,0.9819760718733321,0.3074964419142501,,
chicago,uma_los,0,0,20,-1,0.6744796299590821,,,1.0,3.0
chicago,uma_los,0,0,10,3,0.6744796299590821,0.9033757338551859,0.22889610389610382,,
chicago,uma_los,0,0,10,5,0.6744796299590821,0.9446828856075431,0.27020325564846104,,
chicago,uma_los,0,0,10,8,0.6744796299590821,0.9698896993417542,0.2954100693826721,,
chicago,uma_los,0,0,10,-1,0.6744796299590821,,,1.0,3.0
chicago,uma_nlos,0,0,20,3,0.847391478384629,0.9033757338551859,0.055984255470556854,,
chicago,uma_nlos,0,0,20,5,0.9411915139654866,0.9521659847002313,0.010974470734744668,,
chicago,uma_nlos,0,0,20,8,0.9750711617149973,0.9819760718733321,0.006904910158334832,,
chicago,uma_nlos,0,0,20,-1,0.9787404376445472,,,,3.0
chicago,uma_nlos,0,0,10,3,0.8813489592599182,0.9033757338551859,0.022026774595267695,,
chicago,uma_nlos,0,0,10,5,0.9459059775840598,0.9446828856075431,-0.0012230919765167103,,
chicago,uma_nlos,0,0,10,8,0.9698896993417542,0.9698896993417542,0.0,,
chicago,uma_nlos,0,0,10,-1,0.9698896993417542,,,,3.0
hamburg,oracle,0,0,20,3,0.8352151802316464,0.907005399108363,0.07179021887671655,,
hamburg,oracle,0,0,20,5,0.9313797970293702,0.9508031453726729,0.019423348343302616,,
hamburg,oracle,0,0,20,8,0.9313797970293702,0.9745390595246096,0.04315926249523938,,
hamburg,oracle,0,0,20,-1,0.5127024665636132,,,1.0,3.0
hamburg,oracle,0,0,10,3,0.886573918498107,0.907005399108363,0.020431480610256014,,
hamburg,oracle,0,0,10,5,0.9384927302462083,0.9450567914510384,0.006564061204830107,,
hamburg,oracle,0,0,10,8,0.9384927302462083,0.9612429150704572,0.022750184824248953,,
hamburg,oracle,0,0,10,-1,0.6498308578085444,,,1.0,3.0
hamburg,coral,0,0,20,3,0.6703295472365974,0.907005399108363,0.23667585187176554,,
hamburg,coral,0,0,20,5,0.6703295472365974,0.9508031453726729,0.2804735981360754,,
hamburg,coral,0,0,20,8,0.6703295472365974,0.9745390595246096,0.3042095122880122,,
hamburg,coral,0,0,20,-1,0.6703295472365974,,,1.0,3.0
hamburg,coral,0,0,10,3,0.6703295472365974,0.907005399108363,0.23667585187176554,,
hamburg,coral,0,0,10,5,0.6703295472365974,0.9450567914510384,0.27472724421444095,,
hamburg,coral,0,0,10,8,0.6703295472365974,0.9612429150704572,0.2909133678338598,,
hamburg,coral,0,0,10,-1,0.6703295472365974,,,1.0,3.0
hamburg,cost231,0,0,20,3,0.863342070479647,0.907005399108363,0.043663328628716025,,
hamburg,cost231,0,0,20,5,0.9239420211931806,0.9508031453726729,0.02686112417949227,,
hamburg,cost231,0,0,20,8,0.9488988955350942,0.9745390595246096,0.025640163989515408,,
hamburg,cost231,0,0,20,-1,0.9840939131214015,,,,3.0
hamburg,cost231,0,0,10,3,0.8777247574881825,0.907005399108363,0.029280641620180514,,
hamburg,cost231,0,0,10,5,0.9219145551896408,0.9450567914510384,0.023142236261397553,,
hamburg,cost231,0,0,10,8,0.9593946725810426,0.9612429150704572,0.0018482424894146199,,
hamburg,cost231,0,0,10,-1,0.9622062414588795,,,,3.0
hamburg,encoder,0,0,20,3,0.7784685350718015,0.907005399108363,0.1285368640365615,,
hamburg,encoder,0,0,20,5,0.7784685350718015,0.9508031453726729,0.17233461030087138,,
hamburg,encoder,0,0,20,8,0.7784685350718015,0.9745390595246096,0.19607052445280815,,
hamburg,encoder,0,0,20,-1,0.5746353921634518,,,1.0,3.0
hamburg,encoder,0,0,10,3,0.8453637117189775,0.907005399108363,0.06164168738938547,,
hamburg,encoder,0,0,10,5,0.8453637117189775,0.9450567914510384,0.09969307973206087,,
hamburg,encoder,0,0,10,8,0.8453637117189775,0.9612429150704572,0.11587920335147972,,
hamburg,encoder,0,0,10,-1,0.6498308578085444,,,1.0,3.0
hamburg,encoder,1,0,20,3,0.7784685350718015,0.907005399108363,0.1285368640365615,,
hamburg,encoder,1,0,20,5,0.7784685350718015,0.9508031453726729,0.17233461030087138,,
hamburg,encoder,1,0,20,8,0.7784685350718015,0.9745390595246096,0.19607052445280815,,
hamburg,encoder,1,0,20,-1,0.5746353921634518,,,1.0,3.0
hamburg,encoder,1,0,10,3,0.8453637117189775,0.907005399108363,0.06164168738938547,,
hamburg,encoder,1,0,10,5,0.8453637117189775,0.9450567914510384,0.09969307973206087,,
hamburg,encoder,1,0,10,8,0.8453637117189775,0.9612429150704572,0.11587920335147972,,
hamburg,encoder,1,0,10,-1,0.6498308578085444,,,1.0,3.0
hamburg,encoder,2,0,20,3,0.7635481775208908,0.907005399108363,0.1434572215874722,,
hamburg,encoder,2,0,20,5,0.7635481775208908,0.9508031453726729,0.18725496785178208,,
hamburg,encoder,2,0,20,8,0.7635481775208908,0.9745390595246096,0.21099088200371885,,
hamburg,encoder,2,0,20,-1,0.5746353921634518,,,1.0,3.0
hamburg,encoder,2,0,10,3,0.8381947711539754,0.907005399108363,0.06881062795438753,,
hamburg,encoder,2,0,10,5,0.8381947711539754,0.9450567914510384,0.10686202029706293,,
hamburg,encoder,2,0,10,8,0.8381947711539754,0.9612429150704572,0.12304814391648178,,
hamburg,encoder,2,0,10,-1,0.6498308578085444,,,1.0,3.0
hamburg,encoder,3,0,20,3,0.8871227905101149,0.907005399108363,0.019882608598248086,,
hamburg,encoder,3,0,20,5,0.8871227905101149,0.9508031453726729,0.06368035486255796,,
hamburg,encoder,3,0,20,8,0.8871227905101149,0.9745390595246096,0.08741626901449473,,
hamburg,encoder,3,0,20,-1,0.5127024665636132,,,1.0,3.0
hamburg,encoder,3,0,10,3,0.9052915742545422,0.907005399108363,0.0017138248538207668,,
hamburg,encoder,3,0,10,5,0.9052915742545422,0.9450567914510384,0.03976521719649617,,
hamburg,encoder,3,0,10,8,0.9052915742545422,0.9612429150704572,0.05595134081591502,,
hamburg,encoder,3,0,10,-1,0.6498308578085444,,,1.0,3.0
hamburg,encoder,4,0,20,3,0.7784685350718015,0.907005399108363,0.1285368640365615,,
hamburg,encoder,4,0,20,5,0.7784685350718015,0.9508031453726729,0.17233461030087138,,
hamburg,encoder,4,0,20,8,0.7784685350718015,0.9745390595246096,0.19607052445280815,,
hamburg,encoder,4,0,20,-1,0.5746353921634518,,,1.0,3.0
hamburg,encoder,4,0,10,3,0.8453637117189775,0.907005399108363,0.06164168738938547,,
hamburg,encoder,4,0,10,5,0.8453637117189775,0.9450567914510384,0.09969307973206087,,
hamburg,encoder,4,0,10,8,0.8453637117189775,0.9612429150704572,0.11587920335147972,,
hamburg,encoder,4,0,10,-1,0.6498308578085444,,,1.0,3.0
hamburg,gbdt,0,0,20,3,0.7911710016354145,0.907005399108363,0.11583439747294844,,
hamburg,gbdt,0,0,20,5,0.7911710016354145,0.9508031453726729,0.15963214373725831,,
hamburg,gbdt,0,0,20,8,0.7911710016354145,0.9745390595246096,0.18336805788919508,,
hamburg,gbdt,0,0,20,-1,0.5127024665636132,,,1.0,3.0
hamburg,gbdt,0,0,10,3,0.8026749109483164,0.907005399108363,0.10433048816004653,,
hamburg,gbdt,0,0,10,5,0.8026749109483164,0.9450567914510384,0.14238188050272194,,
hamburg,gbdt,0,0,10,8,0.8026749109483164,0.9612429150704572,0.15856800412214078,,
hamburg,gbdt,0,0,10,-1,0.5745345789367565,,,1.0,3.0
hamburg,gbdt+k10,0,0,20,3,0.8871227905101149,0.907005399108363,0.019882608598248086,,
hamburg,gbdt+k10,0,0,20,5,0.8871227905101149,0.9508031453726729,0.06368035486255796,,
hamburg,gbdt+k10,0,0,20,8,0.8871227905101149,0.9745390595246096,0.08741626901449473,,
hamburg,gbdt+k10,0,0,20,-1,0.5127024665636132,,,1.0,3.0
hamburg,gbdt+k10,0,1,20,3,0.7911710016354145,0.907005399108363,0.11583439747294844,,
hamburg,gbdt+k10,0,1,20,5,0.7911710016354145,0.9508031453726729,0.15963214373725831,,
hamburg,gbdt+k10,0,1,20,8,0.7911710016354145,0.9745390595246096,0.18336805788919508,,
hamburg,gbdt+k10,0,1,20,-1,0.5127024665636132,,,1.0,3.0
hamburg,gbdt+k10,0,2,20,3,0.7513833814996528,0.907005399108363,0.1556220176087102,,
hamburg,gbdt+k10,0,2,20,5,0.7513833814996528,0.9508031453726729,0.19941976387302007,,
hamburg,gbdt+k10,0,2,20,8,0.7513833814996528,0.9745390595246096,0.22315567802495684,,
hamburg,gbdt+k10,0,2,20,-1,0.5746353921634518,,,1.0,3.0
hamburg,gbdt+k10,0,3,20,3,0.5746353921634518,0.907005399108363,0.33237000694491114,,
hamburg,gbdt+k10,0,3,20,5,0.5746353921634518,0.9508031453726729,0.376167753209221,,
hamburg,gbdt+k10,0,3,20,8,0.5746353921634518,0.9745390595246096,0.3999036673611578,,
hamburg,gbdt+k10,0,3,20,-1,0.5746353921634518,,,1.0,3.0
hamburg,gbdt+k10,0,4,20,3,0.7911710016354145,0.907005399108363,0.11583439747294844,,
hamburg,gbdt+k10,0,4,20,5,0.7911710016354145,0.9508031453726729,0.15963214373725831,,
hamburg,gbdt+k10,0,4,20,8,0.7911710016354145,0.9745390595246096,0.18336805788919508,,
hamburg,gbdt+k10,0,4,20,-1,0.5127024665636132,,,1.0,3.0
hamburg,gbdt+k10,0,5,20,3,0.5746353921634518,0.907005399108363,0.33237000694491114,,
hamburg,gbdt+k10,0,5,20,5,0.5746353921634518,0.9508031453726729,0.376167753209221,,
hamburg,gbdt+k10,0,5,20,8,0.5746353921634518,0.9745390595246096,0.3999036673611578,,
hamburg,gbdt+k10,0,5,20,-1,0.5746353921634518,,,1.0,3.0
hamburg,gbdt+k10,0,6,20,3,0.7911710016354145,0.907005399108363,0.11583439747294844,,
hamburg,gbdt+k10,0,6,20,5,0.7911710016354145,0.9508031453726729,0.15963214373725831,,
hamburg,gbdt+k10,0,6,20,8,0.7911710016354145,0.9745390595246096,0.18336805788919508,,
hamburg,gbdt+k10,0,6,20,-1,0.5127024665636132,,,1.0,3.0
hamburg,gbdt+k10,0,7,20,3,0.7911710016354145,0.907005399108363,0.11583439747294844,,
hamburg,gbdt+k10,0,7,20,5,0.7911710016354145,0.9508031453726729,0.15963214373725831,,
hamburg,gbdt+k10,0,7,20,8,0.7911710016354145,0.9745390595246096,0.18336805788919508,,
hamburg,gbdt+k10,0,7,20,-1,0.5127024665636132,,,1.0,3.0
hamburg,gbdt+k10,0,8,20,3,0.7911710016354145,0.907005399108363,0.11583439747294844,,
hamburg,gbdt+k10,0,8,20,5,0.7911710016354145,0.9508031453726729,0.15963214373725831,,
hamburg,gbdt+k10,0,8,20,8,0.7911710016354145,0.9745390595246096,0.18336805788919508,,
hamburg,gbdt+k10,0,8,20,-1,0.5127024665636132,,,1.0,3.0
hamburg,gbdt+k10,0,9,20,3,0.7911710016354145,0.907005399108363,0.11583439747294844,,
hamburg,gbdt+k10,0,9,20,5,0.7911710016354145,0.9508031453726729,0.15963214373725831,,
hamburg,gbdt+k10,0,9,20,8,0.7911710016354145,0.9745390595246096,0.18336805788919508,,
hamburg,gbdt+k10,0,9,20,-1,0.5127024665636132,,,1.0,3.0
hamburg,gbdt+k10d,0,0,20,3,0.8680690906646952,0.907005399108363,0.0389363084436678,,
hamburg,gbdt+k10d,0,0,20,5,0.8680690906646952,0.9508031453726729,0.08273405470797768,,
hamburg,gbdt+k10d,0,0,20,8,0.8680690906646952,0.9745390595246096,0.10646996885991444,,
hamburg,gbdt+k10d,0,0,20,-1,0.5127024665636132,,,1.0,3.0
hamburg,gbdt,1,0,20,3,0.7911710016354145,0.907005399108363,0.11583439747294844,,
hamburg,gbdt,1,0,20,5,0.7911710016354145,0.9508031453726729,0.15963214373725831,,
hamburg,gbdt,1,0,20,8,0.7911710016354145,0.9745390595246096,0.18336805788919508,,
hamburg,gbdt,1,0,20,-1,0.5127024665636132,,,1.0,3.0
hamburg,gbdt,1,0,10,3,0.808902928064162,0.907005399108363,0.098102471044201,,
hamburg,gbdt,1,0,10,5,0.808902928064162,0.9450567914510384,0.1361538633868764,,
hamburg,gbdt,1,0,10,8,0.808902928064162,0.9612429150704572,0.15233998700629525,,
hamburg,gbdt,1,0,10,-1,0.5745345789367565,,,1.0,3.0
hamburg,gbdt+k10,1,0,20,3,0.8613146044761073,0.907005399108363,0.04569079463225567,,
hamburg,gbdt+k10,1,0,20,5,0.8855657862311536,0.9508031453726729,0.06523735914151929,,
hamburg,gbdt+k10,1,0,20,8,0.8855657862311536,0.9745390595246096,0.08897327329345606,,
hamburg,gbdt+k10,1,0,20,-1,0.5746353921634518,,,1.0,3.0
hamburg,gbdt+k10,1,1,20,3,0.7167484373949862,0.907005399108363,0.1902569617133768,,
hamburg,gbdt+k10,1,1,20,5,0.7167484373949862,0.9508031453726729,0.23405470797768668,,
hamburg,gbdt+k10,1,1,20,8,0.7167484373949862,0.9745390595246096,0.25779062212962345,,
hamburg,gbdt+k10,1,1,20,-1,0.5127024665636132,,,1.0,3.0
hamburg,gbdt+k10,1,2,20,3,0.7911710016354145,0.907005399108363,0.11583439747294844,,
hamburg,gbdt+k10,1,2,20,5,0.7911710016354145,0.9508031453726729,0.15963214373725831,,
hamburg,gbdt+k10,1,2,20,8,0.7911710016354145,0.9745390595246096,0.18336805788919508,,
hamburg,gbdt+k10,1,2,20,-1,0.5127024665636132,,,1.0,3.0
hamburg,gbdt+k10,1,3,20,3,0.5746353921634518,0.907005399108363,0.33237000694491114,,
hamburg,gbdt+k10,1,3,20,5,0.5746353921634518,0.9508031453726729,0.376167753209221,,
hamburg,gbdt+k10,1,3,20,8,0.5746353921634518,0.9745390595246096,0.3999036673611578,,
hamburg,gbdt+k10,1,3,20,-1,0.5746353921634518,,,1.0,3.0
hamburg,gbdt+k10,1,4,20,3,0.7911710016354145,0.907005399108363,0.11583439747294844,,
hamburg,gbdt+k10,1,4,20,5,0.7911710016354145,0.9508031453726729,0.15963214373725831,,
hamburg,gbdt+k10,1,4,20,8,0.7911710016354145,0.9745390595246096,0.18336805788919508,,
hamburg,gbdt+k10,1,4,20,-1,0.5127024665636132,,,1.0,3.0
hamburg,gbdt+k10,1,5,20,3,0.5746353921634518,0.907005399108363,0.33237000694491114,,
hamburg,gbdt+k10,1,5,20,5,0.5746353921634518,0.9508031453726729,0.376167753209221,,
hamburg,gbdt+k10,1,5,20,8,0.5746353921634518,0.9745390595246096,0.3999036673611578,,
hamburg,gbdt+k10,1,5,20,-1,0.5746353921634518,,,1.0,3.0
hamburg,gbdt+k10,1,6,20,3,0.7167484373949862,0.907005399108363,0.1902569617133768,,
hamburg,gbdt+k10,1,6,20,5,0.7167484373949862,0.9508031453726729,0.23405470797768668,,
hamburg,gbdt+k10,1,6,20,8,0.7167484373949862,0.9745390595246096,0.25779062212962345,,
hamburg,gbdt+k10,1,6,20,-1,0.5127024665636132,,,1.0,3.0
hamburg,gbdt+k10,1,7,20,3,0.7911710016354145,0.907005399108363,0.11583439747294844,,
hamburg,gbdt+k10,1,7,20,5,0.7911710016354145,0.9508031453726729,0.15963214373725831,,
hamburg,gbdt+k10,1,7,20,8,0.7911710016354145,0.9745390595246096,0.18336805788919508,,
hamburg,gbdt+k10,1,7,20,-1,0.5127024665636132,,,1.0,3.0
hamburg,gbdt+k10,1,8,20,3,0.7911710016354145,0.907005399108363,0.11583439747294844,,
hamburg,gbdt+k10,1,8,20,5,0.7911710016354145,0.9508031453726729,0.15963214373725831,,
hamburg,gbdt+k10,1,8,20,8,0.7911710016354145,0.9745390595246096,0.18336805788919508,,
hamburg,gbdt+k10,1,8,20,-1,0.5127024665636132,,,1.0,3.0
hamburg,gbdt+k10,1,9,20,3,0.7911710016354145,0.907005399108363,0.11583439747294844,,
hamburg,gbdt+k10,1,9,20,5,0.7911710016354145,0.9508031453726729,0.15963214373725831,,
hamburg,gbdt+k10,1,9,20,8,0.7911710016354145,0.9745390595246096,0.18336805788919508,,
hamburg,gbdt+k10,1,9,20,-1,0.5127024665636132,,,1.0,3.0
hamburg,gbdt+k10d,1,0,20,3,0.7167484373949862,0.907005399108363,0.1902569617133768,,
hamburg,gbdt+k10d,1,0,20,5,0.7167484373949862,0.9508031453726729,0.23405470797768668,,
hamburg,gbdt+k10d,1,0,20,8,0.7167484373949862,0.9745390595246096,0.25779062212962345,,
hamburg,gbdt+k10d,1,0,20,-1,0.5127024665636132,,,1.0,3.0
hamburg,gbdt,2,0,20,3,0.7513833814996528,0.907005399108363,0.1556220176087102,,
hamburg,gbdt,2,0,20,5,0.7513833814996528,0.9508031453726729,0.19941976387302007,,
hamburg,gbdt,2,0,20,8,0.7513833814996528,0.9745390595246096,0.22315567802495684,,
hamburg,gbdt,2,0,20,-1,0.5746353921634518,,,1.0,3.0
hamburg,gbdt,2,0,10,3,0.8381947711539754,0.907005399108363,0.06881062795438753,,
hamburg,gbdt,2,0,10,5,0.8381947711539754,0.9450567914510384,0.10686202029706293,,
hamburg,gbdt,2,0,10,8,0.8381947711539754,0.9612429150704572,0.12304814391648178,,
hamburg,gbdt,2,0,10,-1,0.6498308578085444,,,1.0,3.0
hamburg,gbdt+k10,2,0,20,3,0.8871227905101149,0.907005399108363,0.019882608598248086,,
hamburg,gbdt+k10,2,0,20,5,0.8871227905101149,0.9508031453726729,0.06368035486255796,,
hamburg,gbdt+k10,2,0,20,8,0.8871227905101149,0.9745390595246096,0.08741626901449473,,
hamburg,gbdt+k10,2,0,20,-1,0.5127024665636132,,,1.0,3.0
hamburg,gbdt+k10,2,1,20,3,0.7911710016354145,0.907005399108363,0.11583439747294844,,
hamburg,gbdt+k10,2,1,20,5,0.7911710016354145,0.9508031453726729,0.15963214373725831,,
hamburg,gbdt+k10,2,1,20,8,0.7911710016354145,0.9745390595246096,0.18336805788919508,,
hamburg,gbdt+k10,2,1,20,-1,0.5127024665636132,,,1.0,3.0
hamburg,gbdt+k10,2,2,20,3,0.8080964222505993,0.907005399108363,0.09890897685776368,,
hamburg,gbdt+k10,2,2,20,5,0.8080964222505993,0.9508031453726729,0.14270672312207355,,
hamburg,gbdt+k10,2,2,20,8,0.8080964222505993,0.9745390595246096,0.16644263727401032,,
hamburg,gbdt+k10,2,2,20,-1,0.5746353921634518,,,1.0,3.0
hamburg,gbdt+k10,2,3,20,3,0.5746353921634518,0.907005399108363,0.33237000694491114,,
hamburg,gbdt+k10,2,3,20,5,0.5746353921634518,0.9508031453726729,0.376167753209221,,
hamburg,gbdt+k10,2,3,20,8,0.5746353921634518,0.9745390595246096,0.3999036673611578,,
hamburg,gbdt+k10,2,3,20,-1,0.5746353921634518,,,1.0,3.0
hamburg,gbdt+k10,2,4,20,3,0.7513833814996528,0.907005399108363,0.1556220176087102,,
hamburg,gbdt+k10,2,4,20,5,0.7513833814996528,0.9508031453726729,0.19941976387302007,,
hamburg,gbdt+k10,2,4,20,8,0.7513833814996528,0.9745390595246096,0.22315567802495684,,
hamburg,gbdt+k10,2,4,20,-1,0.5746353921634518,,,1.0,3.0
hamburg,gbdt+k10,2,5,20,3,0.6703295472365974,0.907005399108363,0.23667585187176554,,
hamburg,gbdt+k10,2,5,20,5,0.6703295472365974,0.9508031453726729,0.2804735981360754,,
hamburg,gbdt+k10,2,5,20,8,0.6703295472365974,0.9745390595246096,0.3042095122880122,,
hamburg,gbdt+k10,2,5,20,-1,0.6703295472365974,,,1.0,3.0
hamburg,gbdt+k10,2,6,20,3,0.7911710016354145,0.907005399108363,0.11583439747294844,,
hamburg,gbdt+k10,2,6,20,5,0.7911710016354145,0.9508031453726729,0.15963214373725831,,
hamburg,gbdt+k10,2,6,20,8,0.7911710016354145,0.9745390595246096,0.18336805788919508,,
hamburg,gbdt+k10,2,6,20,-1,0.5127024665636132,,,1.0,3.0
hamburg,gbdt+k10,2,7,20,3,0.7513833814996528,0.907005399108363,0.1556220176087102,,
hamburg,gbdt+k10,2,7,20,5,0.7513833814996528,0.9508031453726729,0.19941976387302007,,
hamburg,gbdt+k10,2,7,20,8,0.7513833814996528,0.9745390595246096,0.22315567802495684,,
hamburg,gbdt+k10,2,7,20,-1,0.5746353921634518,,,1.0,3.0
hamburg,gbdt+k10,2,8,20,3,0.7911710016354145,0.907005399108363,0.11583439747294844,,
hamburg,gbdt+k10,2,8,20,5,0.7911710016354145,0.9508031453726729,0.15963214373725831,,
hamburg,gbdt+k10,2,8,20,8,0.7911710016354145,0.9745390595246096,0.18336805788919508,,
hamburg,gbdt+k10,2,8,20,-1,0.5127024665636132,,,1.0,3.0
hamburg,gbdt+k10,2,9,20,3,0.8080964222505993,0.907005399108363,0.09890897685776368,,
hamburg,gbdt+k10,2,9,20,5,0.8080964222505993,0.9508031453726729,0.14270672312207355,,
hamburg,gbdt+k10,2,9,20,8,0.8080964222505993,0.9745390595246096,0.16644263727401032,,
hamburg,gbdt+k10,2,9,20,-1,0.5746353921634518,,,1.0,3.0
hamburg,gbdt+k10d,2,0,20,3,0.7911710016354145,0.907005399108363,0.11583439747294844,,
hamburg,gbdt+k10d,2,0,20,5,0.7911710016354145,0.9508031453726729,0.15963214373725831,,
hamburg,gbdt+k10d,2,0,20,8,0.7911710016354145,0.9745390595246096,0.18336805788919508,,
hamburg,gbdt+k10d,2,0,20,-1,0.5127024665636132,,,1.0,3.0
hamburg,gbdt,3,0,20,3,0.8713399197974774,0.907005399108363,0.035665479310885595,,
hamburg,gbdt,3,0,20,5,0.8713399197974774,0.9508031453726729,0.07946322557519547,,
hamburg,gbdt,3,0,20,8,0.8713399197974774,0.9745390595246096,0.10319913972713224,,
hamburg,gbdt,3,0,20,-1,0.5127024665636132,,,1.0,3.0
hamburg,gbdt,3,0,10,3,0.8026749109483164,0.907005399108363,0.10433048816004653,,
hamburg,gbdt,3,0,10,5,0.8026749109483164,0.9450567914510384,0.14238188050272194,,
hamburg,gbdt,3,0,10,8,0.8026749109483164,0.9612429150704572,0.15856800412214078,,
hamburg,gbdt,3,0,10,-1,0.5745345789367565,,,1.0,3.0
hamburg,gbdt+k10,3,0,20,3,0.8871227905101149,0.907005399108363,0.019882608598248086,,
hamburg,gbdt+k10,3,0,20,5,0.9063669153392925,0.9508031453726729,0.044436230033380375,,
hamburg,gbdt+k10,3,0,20,8,0.9063669153392925,0.9745390595246096,0.06817214418531714,,
hamburg,gbdt+k10,3,0,20,-1,0.5127024665636132,,,1.0,3.0
hamburg,gbdt+k10,3,1,20,3,0.8260971839505343,0.907005399108363,0.08090821515782864,,
hamburg,gbdt+k10,3,1,20,5,0.8260971839505343,0.9508031453726729,0.12470596142213852,,
hamburg,gbdt+k10,3,1,20,8,0.8260971839505343,0.9745390595246096,0.1484418755740753,,
hamburg,gbdt+k10,3,1,20,-1,0.5127024665636132,,,1.0,3.0
hamburg,gbdt+k10,3,2,20,3,0.7513833814996528,0.907005399108363,0.1556220176087102,,
hamburg,gbdt+k10,3,2,20,5,0.7513833814996528,0.9508031453726729,0.19941976387302007,,
hamburg,gbdt+k10,3,2,20,8,0.7513833814996528,0.9745390595246096,0.22315567802495684,,
hamburg,gbdt+k10,3,2,20,-1,0.5746353921634518,,,1.0,3.0
hamburg,gbdt+k10,3,3,20,3,0.8080964222505993,0.907005399108363,0.09890897685776368,,
hamburg,gbdt+k10,3,3,20,5,0.8080964222505993,0.9508031453726729,0.14270672312207355,,
hamburg,gbdt+k10,3,3,20,8,0.8080964222505993,0.9745390595246096,0.16644263727401032,,
hamburg,gbdt+k10,3,3,20,-1,0.5746353921634518,,,1.0,3.0
hamburg,gbdt+k10,3,4,20,3,0.8713399197974774,0.907005399108363,0.035665479310885595,,
hamburg,gbdt+k10,3,4,20,5,0.8713399197974774,0.9508031453726729,0.07946322557519547,,
hamburg,gbdt+k10,3,4,20,8,0.8713399197974774,0.9745390595246096,0.10319913972713224,,
hamburg,gbdt+k10,3,4,20,-1,0.5127024665636132,,,1.0,3.0
hamburg,gbdt+k10,3,5,20,3,0.5746353921634518,0.907005399108363,0.33237000694491114,,
hamburg,gbdt+k10,3,5,20,5,0.5746353921634518,0.9508031453726729,0.376167753209221,,
hamburg,gbdt+k10,3,5,20,8,0.5746353921634518,0.9745390595246096,0.3999036673611578,,
hamburg,gbdt+k10,3,5,20,-1,0.5746353921634518,,,1.0,3.0
hamburg,gbdt+k10,3,6,20,3,0.8713399197974774,0.907005399108363,0.035665479310885595,,
hamburg,gbdt+k10,3,6,20,5,0.8713399197974774,0.9508031453726729,0.07946322557519547,,
hamburg,gbdt+k10,3,6,20,8,0.8713399197974774,0.9745390595246096,0.10319913972713224,,
hamburg,gbdt+k10,3,6,20,-1,0.5127024665636132,,,1.0,3.0
hamburg,gbdt+k10,3,7,20,3,0.7911710016354145,0.907005399108363,0.11583439747294844,,
hamburg,gbdt+k10,3,7,20,5,0.7911710016354145,0.9508031453726729,0.15963214373725831,,
hamburg,gbdt+k10,3,7,20,8,0.7911710016354145,0.9745390595246096,0.18336805788919508,,
hamburg,gbdt+k10,3,7,20,-1,0.5127024665636132,,,1.0,3.0
hamburg,gbdt+k10,3,8,20,3,0.8260971839505343,0.907005399108363,0.08090821515782864,,
hamburg,gbdt+k10,3,8,20,5,0.8260971839505343,0.9508031453726729,0.12470596142213852,,
hamburg,gbdt+k10,3,8,20,8,0.8260971839505343,0.9745390595246096,0.1484418755740753,,
hamburg,gbdt+k10,3,8,20,-1,0.5127024665636132,,,1.0,3.0
hamburg,gbdt+k10,3,9,20,3,0.8713399197974774,0.907005399108363,0.035665479310885595,,
hamburg,gbdt+k10,3,9,20,5,0.8713399197974774,0.9508031453726729,0.07946322557519547,,
hamburg,gbdt+k10,3,9,20,8,0.8713399197974774,0.9745390595246096,0.10319913972713224,,
hamburg,gbdt+k10,3,9,20,-1,0.5127024665636132,,,1.0,3.0
hamburg,gbdt+k10d,3,0,20,3,0.8260971839505343,0.907005399108363,0.08090821515782864,,
hamburg,gbdt+k10d,3,0,20,5,0.8260971839505343,0.9508031453726729,0.12470596142213852,,
hamburg,gbdt+k10d,3,0,20,8,0.8260971839505343,0.9745390595246096,0.1484418755740753,,
hamburg,gbdt+k10d,3,0,20,-1,0.5127024665636132,,,1.0,3.0
hamburg,gbdt,4,0,20,3,0.8680690906646952,0.907005399108363,0.0389363084436678,,
hamburg,gbdt,4,0,20,5,0.8680690906646952,0.9508031453726729,0.08273405470797768,,
hamburg,gbdt,4,0,20,8,0.8680690906646952,0.9745390595246096,0.10646996885991444,,
hamburg,gbdt,4,0,20,-1,0.5127024665636132,,,1.0,3.0
hamburg,gbdt,4,0,10,3,0.8026749109483164,0.907005399108363,0.10433048816004653,,
hamburg,gbdt,4,0,10,5,0.8026749109483164,0.9450567914510384,0.14238188050272194,,
hamburg,gbdt,4,0,10,8,0.8026749109483164,0.9612429150704572,0.15856800412214078,,
hamburg,gbdt,4,0,10,-1,0.5745345789367565,,,1.0,3.0
hamburg,gbdt+k10,4,0,20,3,0.8871227905101149,0.907005399108363,0.019882608598248086,,
hamburg,gbdt+k10,4,0,20,5,0.9063669153392925,0.9508031453726729,0.044436230033380375,,
hamburg,gbdt+k10,4,0,20,8,0.9063669153392925,0.9745390595246096,0.06817214418531714,,
hamburg,gbdt+k10,4,0,20,-1,0.5127024665636132,,,1.0,3.0
hamburg,gbdt+k10,4,1,20,3,0.8680690906646952,0.907005399108363,0.0389363084436678,,
hamburg,gbdt+k10,4,1,20,5,0.8680690906646952,0.9508031453726729,0.08273405470797768,,
hamburg,gbdt+k10,4,1,20,8,0.8680690906646952,0.9745390595246096,0.10646996885991444,,
hamburg,gbdt+k10,4,1,20,-1,0.5127024665636132,,,1.0,3.0
hamburg,gbdt+k10,4,2,20,3,0.7911710016354145,0.907005399108363,0.11583439747294844,,
hamburg,gbdt+k10,4,2,20,5,0.7911710016354145,0.9508031453726729,0.15963214373725831,,
hamburg,gbdt+k10,4,2,20,8,0.7911710016354145,0.9745390595246096,0.18336805788919508,,
hamburg,gbdt+k10,4,2,20,-1,0.5127024665636132,,,1.0,3.0
hamburg,gbdt+k10,4,3,20,3,0.5746353921634518,0.907005399108363,0.33237000694491114,,
hamburg,gbdt+k10,4,3,20,5,0.5746353921634518,0.9508031453726729,0.376167753209221,,
hamburg,gbdt+k10,4,3,20,8,0.5746353921634518,0.9745390595246096,0.3999036673611578,,
hamburg,gbdt+k10,4,3,20,-1,0.5746353921634518,,,1.0,3.0
hamburg,gbdt+k10,4,4,20,3,0.8680690906646952,0.907005399108363,0.0389363084436678,,
hamburg,gbdt+k10,4,4,20,5,0.8680690906646952,0.9508031453726729,0.08273405470797768,,
hamburg,gbdt+k10,4,4,20,8,0.8680690906646952,0.9745390595246096,0.10646996885991444,,
hamburg,gbdt+k10,4,4,20,-1,0.5127024665636132,,,1.0,3.0
hamburg,gbdt+k10,4,5,20,3,0.5746353921634518,0.907005399108363,0.33237000694491114,,
hamburg,gbdt+k10,4,5,20,5,0.5746353921634518,0.9508031453726729,0.376167753209221,,
hamburg,gbdt+k10,4,5,20,8,0.5746353921634518,0.9745390595246096,0.3999036673611578,,
hamburg,gbdt+k10,4,5,20,-1,0.5746353921634518,,,1.0,3.0
hamburg,gbdt+k10,4,6,20,3,0.8680690906646952,0.907005399108363,0.0389363084436678,,
hamburg,gbdt+k10,4,6,20,5,0.8680690906646952,0.9508031453726729,0.08273405470797768,,
hamburg,gbdt+k10,4,6,20,8,0.8680690906646952,0.9745390595246096,0.10646996885991444,,
hamburg,gbdt+k10,4,6,20,-1,0.5127024665636132,,,1.0,3.0
hamburg,gbdt+k10,4,7,20,3,0.7911710016354145,0.907005399108363,0.11583439747294844,,
hamburg,gbdt+k10,4,7,20,5,0.7911710016354145,0.9508031453726729,0.15963214373725831,,
hamburg,gbdt+k10,4,7,20,8,0.7911710016354145,0.9745390595246096,0.18336805788919508,,
hamburg,gbdt+k10,4,7,20,-1,0.5127024665636132,,,1.0,3.0
hamburg,gbdt+k10,4,8,20,3,0.8260971839505343,0.907005399108363,0.08090821515782864,,
hamburg,gbdt+k10,4,8,20,5,0.8260971839505343,0.9508031453726729,0.12470596142213852,,
hamburg,gbdt+k10,4,8,20,8,0.8260971839505343,0.9745390595246096,0.1484418755740753,,
hamburg,gbdt+k10,4,8,20,-1,0.5127024665636132,,,1.0,3.0
hamburg,gbdt+k10,4,9,20,3,0.7911710016354145,0.907005399108363,0.11583439747294844,,
hamburg,gbdt+k10,4,9,20,5,0.7911710016354145,0.9508031453726729,0.15963214373725831,,
hamburg,gbdt+k10,4,9,20,8,0.7911710016354145,0.9745390595246096,0.18336805788919508,,
hamburg,gbdt+k10,4,9,20,-1,0.5127024665636132,,,1.0,3.0
hamburg,gbdt+k10d,4,0,20,3,0.8260971839505343,0.907005399108363,0.08090821515782864,,
hamburg,gbdt+k10d,4,0,20,5,0.8260971839505343,0.9508031453726729,0.12470596142213852,,
hamburg,gbdt+k10d,4,0,20,8,0.8260971839505343,0.9745390595246096,0.1484418755740753,,
hamburg,gbdt+k10d,4,0,20,-1,0.5127024665636132,,,1.0,3.0
hamburg,gbdt_iw,0,0,20,3,0.7911710016354145,0.907005399108363,0.11583439747294844,,
hamburg,gbdt_iw,0,0,20,5,0.7911710016354145,0.9508031453726729,0.15963214373725831,,
hamburg,gbdt_iw,0,0,20,8,0.7911710016354145,0.9745390595246096,0.18336805788919508,,
hamburg,gbdt_iw,0,0,20,-1,0.5127024665636132,,,1.0,3.0
hamburg,gbdt_iw,0,0,10,3,0.8026749109483164,0.907005399108363,0.10433048816004653,,
hamburg,gbdt_iw,0,0,10,5,0.8026749109483164,0.9450567914510384,0.14238188050272194,,
hamburg,gbdt_iw,0,0,10,8,0.8026749109483164,0.9612429150704572,0.15856800412214078,,
hamburg,gbdt_iw,0,0,10,-1,0.5745345789367565,,,1.0,3.0
hamburg,gbdt_iw,1,0,20,3,0.7911710016354145,0.907005399108363,0.11583439747294844,,
hamburg,gbdt_iw,1,0,20,5,0.7911710016354145,0.9508031453726729,0.15963214373725831,,
hamburg,gbdt_iw,1,0,20,8,0.7911710016354145,0.9745390595246096,0.18336805788919508,,
hamburg,gbdt_iw,1,0,20,-1,0.5127024665636132,,,1.0,3.0
hamburg,gbdt_iw,1,0,10,3,0.8026749109483164,0.907005399108363,0.10433048816004653,,
hamburg,gbdt_iw,1,0,10,5,0.8026749109483164,0.9450567914510384,0.14238188050272194,,
hamburg,gbdt_iw,1,0,10,8,0.8026749109483164,0.9612429150704572,0.15856800412214078,,
hamburg,gbdt_iw,1,0,10,-1,0.5745345789367565,,,1.0,3.0
hamburg,gbdt_iw,2,0,20,3,0.7911710016354145,0.907005399108363,0.11583439747294844,,
hamburg,gbdt_iw,2,0,20,5,0.7911710016354145,0.9508031453726729,0.15963214373725831,,
hamburg,gbdt_iw,2,0,20,8,0.7911710016354145,0.9745390595246096,0.18336805788919508,,
hamburg,gbdt_iw,2,0,20,-1,0.5127024665636132,,,1.0,3.0
hamburg,gbdt_iw,2,0,10,3,0.8381947711539754,0.907005399108363,0.06881062795438753,,
hamburg,gbdt_iw,2,0,10,5,0.8381947711539754,0.9450567914510384,0.10686202029706293,,
hamburg,gbdt_iw,2,0,10,8,0.8381947711539754,0.9612429150704572,0.12304814391648178,,
hamburg,gbdt_iw,2,0,10,-1,0.6498308578085444,,,1.0,3.0
hamburg,gbdt_iw,3,0,20,3,0.7911710016354145,0.907005399108363,0.11583439747294844,,
hamburg,gbdt_iw,3,0,20,5,0.7911710016354145,0.9508031453726729,0.15963214373725831,,
hamburg,gbdt_iw,3,0,20,8,0.7911710016354145,0.9745390595246096,0.18336805788919508,,
hamburg,gbdt_iw,3,0,20,-1,0.5127024665636132,,,1.0,3.0
hamburg,gbdt_iw,3,0,10,3,0.8381947711539754,0.907005399108363,0.06881062795438753,,
hamburg,gbdt_iw,3,0,10,5,0.8381947711539754,0.9450567914510384,0.10686202029706293,,
hamburg,gbdt_iw,3,0,10,8,0.8381947711539754,0.9612429150704572,0.12304814391648178,,
hamburg,gbdt_iw,3,0,10,-1,0.6498308578085444,,,1.0,3.0
hamburg,gbdt_iw,4,0,20,3,0.7911710016354145,0.907005399108363,0.11583439747294844,,
hamburg,gbdt_iw,4,0,20,5,0.7911710016354145,0.9508031453726729,0.15963214373725831,,
hamburg,gbdt_iw,4,0,20,8,0.7911710016354145,0.9745390595246096,0.18336805788919508,,
hamburg,gbdt_iw,4,0,20,-1,0.5127024665636132,,,1.0,3.0
hamburg,gbdt_iw,4,0,10,3,0.8026749109483164,0.907005399108363,0.10433048816004653,,
hamburg,gbdt_iw,4,0,10,5,0.8026749109483164,0.9450567914510384,0.14238188050272194,,
hamburg,gbdt_iw,4,0,10,8,0.8026749109483164,0.9612429150704572,0.15856800412214078,,
hamburg,gbdt_iw,4,0,10,-1,0.5745345789367565,,,1.0,3.0
hamburg,gp_ard,0,0,20,3,0.7505320698075587,0.907005399108363,0.15647332930080426,,
hamburg,gp_ard,0,0,20,5,0.7505320698075587,0.9508031453726729,0.20027107556511414,,
hamburg,gp_ard,0,0,20,8,0.7505320698075587,0.9745390595246096,0.2240069897170509,,
hamburg,gp_ard,0,0,20,-1,0.46126531800972287,,,1.0,3.0
hamburg,gp_ard,0,0,10,3,0.822591123955463,0.907005399108363,0.08441427515290001,,
hamburg,gp_ard,0,0,10,5,0.822591123955463,0.9450567914510384,0.12246566749557541,,
hamburg,gp_ard,0,0,10,8,0.822591123955463,0.9612429150704572,0.13865179111499426,,
hamburg,gp_ard,0,0,10,-1,0.6498308578085444,,,1.0,3.0
hamburg,kernel,0,0,20,3,0.6703295472365974,0.907005399108363,0.23667585187176554,,
hamburg,kernel,0,0,20,5,0.6703295472365974,0.9508031453726729,0.2804735981360754,,
hamburg,kernel,0,0,20,8,0.6703295472365974,0.9745390595246096,0.3042095122880122,,
hamburg,kernel,0,0,20,-1,0.6703295472365974,,,1.0,3.0
hamburg,kernel,0,0,10,3,0.6703295472365974,0.907005399108363,0.23667585187176554,,
hamburg,kernel,0,0,10,5,0.6703295472365974,0.9450567914510384,0.27472724421444095,,
hamburg,kernel,0,0,10,8,0.6703295472365974,0.9612429150704572,0.2909133678338598,,
hamburg,kernel,0,0,10,-1,0.6703295472365974,,,1.0,3.0
hamburg,knn,0,0,20,3,0.6498308578085444,0.907005399108363,0.25717454129981854,,
hamburg,knn,0,0,20,5,0.6498308578085444,0.9508031453726729,0.3009722875641284,,
hamburg,knn,0,0,20,8,0.6498308578085444,0.9745390595246096,0.3247082017160652,,
hamburg,knn,0,0,20,-1,0.6498308578085444,,,1.0,3.0
hamburg,knn,0,0,10,3,0.6498308578085444,0.907005399108363,0.25717454129981854,,
hamburg,knn,0,0,10,5,0.6498308578085444,0.9450567914510384,0.29522593364249394,,
hamburg,knn,0,0,10,8,0.6498308578085444,0.9612429150704572,0.3114120572619128,,
hamburg,knn,0,0,10,-1,0.6498308578085444,,,1.0,3.0
hamburg,median,0,0,20,3,0.5746353921634518,0.907005399108363,0.33237000694491114,,
hamburg,median,0,0,20,5,0.5746353921634518,0.9508031453726729,0.376167753209221,,
hamburg,median,0,0,20,8,0.5746353921634518,0.9745390595246096,0.3999036673611578,,
hamburg,median,0,0,20,-1,0.5746353921634518,,,1.0,3.0
hamburg,median,0,0,10,3,0.803918274077559,0.907005399108363,0.10308712503080397,,
hamburg,median,0,0,10,5,0.803918274077559,0.9450567914510384,0.14113851737347938,,
hamburg,median,0,0,10,8,0.803918274077559,0.9612429150704572,0.15732464099289822,,
hamburg,median,0,0,10,-1,0.6498308578085444,,,1.0,3.0
hamburg,mlp,0,0,20,3,0.5746353921634518,0.907005399108363,0.33237000694491114,,
hamburg,mlp,0,0,20,5,0.5746353921634518,0.9508031453726729,0.376167753209221,,
hamburg,mlp,0,0,20,8,0.5746353921634518,0.9745390595246096,0.3999036673611578,,
hamburg,mlp,0,0,20,-1,0.5746353921634518,,,1.0,3.0
hamburg,mlp,0,0,10,3,0.8453637117189775,0.907005399108363,0.06164168738938547,,
hamburg,mlp,0,0,10,5,0.8453637117189775,0.9450567914510384,0.09969307973206087,,
hamburg,mlp,0,0,10,8,0.8453637117189775,0.9612429150704572,0.11587920335147972,,
hamburg,mlp,0,0,10,-1,0.6498308578085444,,,1.0,3.0
hamburg,mlp,1,0,20,3,0.5746353921634518,0.907005399108363,0.33237000694491114,,
hamburg,mlp,1,0,20,5,0.5746353921634518,0.9508031453726729,0.376167753209221,,
hamburg,mlp,1,0,20,8,0.5746353921634518,0.9745390595246096,0.3999036673611578,,
hamburg,mlp,1,0,20,-1,0.5746353921634518,,,1.0,3.0
hamburg,mlp,1,0,10,3,0.803918274077559,0.907005399108363,0.10308712503080397,,
hamburg,mlp,1,0,10,5,0.803918274077559,0.9450567914510384,0.14113851737347938,,
hamburg,mlp,1,0,10,8,0.803918274077559,0.9612429150704572,0.15732464099289822,,
hamburg,mlp,1,0,10,-1,0.6498308578085444,,,1.0,3.0
hamburg,mlp,2,0,20,3,0.5746353921634518,0.907005399108363,0.33237000694491114,,
hamburg,mlp,2,0,20,5,0.5746353921634518,0.9508031453726729,0.376167753209221,,
hamburg,mlp,2,0,20,8,0.5746353921634518,0.9745390595246096,0.3999036673611578,,
hamburg,mlp,2,0,20,-1,0.5746353921634518,,,1.0,3.0
hamburg,mlp,2,0,10,3,0.803918274077559,0.907005399108363,0.10308712503080397,,
hamburg,mlp,2,0,10,5,0.803918274077559,0.9450567914510384,0.14113851737347938,,
hamburg,mlp,2,0,10,8,0.803918274077559,0.9612429150704572,0.15732464099289822,,
hamburg,mlp,2,0,10,-1,0.6498308578085444,,,1.0,3.0
hamburg,mlp,3,0,20,3,0.7738871339919797,0.907005399108363,0.13311826511638325,,
hamburg,mlp,3,0,20,5,0.7738871339919797,0.9508031453726729,0.17691601138069313,,
hamburg,mlp,3,0,20,8,0.7738871339919797,0.9745390595246096,0.2006519255326299,,
hamburg,mlp,3,0,20,-1,0.5746353921634518,,,1.0,3.0
hamburg,mlp,3,0,10,3,0.8453637117189775,0.907005399108363,0.06164168738938547,,
hamburg,mlp,3,0,10,5,0.8453637117189775,0.9450567914510384,0.09969307973206087,,
hamburg,mlp,3,0,10,8,0.8453637117189775,0.9612429150704572,0.11587920335147972,,
hamburg,mlp,3,0,10,-1,0.6498308578085444,,,1.0,3.0
hamburg,mlp,4,0,20,3,0.5746353921634518,0.907005399108363,0.33237000694491114,,
hamburg,mlp,4,0,20,5,0.5746353921634518,0.9508031453726729,0.376167753209221,,
hamburg,mlp,4,0,20,8,0.5746353921634518,0.9745390595246096,0.3999036673611578,,
hamburg,mlp,4,0,20,-1,0.5746353921634518,,,1.0,3.0
hamburg,mlp,4,0,10,3,0.822591123955463,0.907005399108363,0.08441427515290001,,
hamburg,mlp,4,0,10,5,0.822591123955463,0.9450567914510384,0.12246566749557541,,
hamburg,mlp,4,0,10,8,0.822591123955463,0.9612429150704572,0.13865179111499426,,
hamburg,mlp,4,0,10,-1,0.6498308578085444,,,1.0,3.0
hamburg,ridge,0,0,20,3,0.7784685350718015,0.907005399108363,0.1285368640365615,,
hamburg,ridge,0,0,20,5,0.7784685350718015,0.9508031453726729,0.17233461030087138,,
hamburg,ridge,0,0,20,8,0.7784685350718015,0.9745390595246096,0.19607052445280815,,
hamburg,ridge,0,0,20,-1,0.5746353921634518,,,1.0,3.0
hamburg,ridge,0,0,10,3,0.8453637117189775,0.907005399108363,0.06164168738938547,,
hamburg,ridge,0,0,10,5,0.8453637117189775,0.9450567914510384,0.09969307973206087,,
hamburg,ridge,0,0,10,8,0.8453637117189775,0.9612429150704572,0.11587920335147972,,
hamburg,ridge,0,0,10,-1,0.6498308578085444,,,1.0,3.0
hamburg,ridge+k10,0,0,20,3,0.7784685350718015,0.907005399108363,0.1285368640365615,,
hamburg,ridge+k10,0,0,20,5,0.7784685350718015,0.9508031453726729,0.17233461030087138,,
hamburg,ridge+k10,0,0,20,8,0.7784685350718015,0.9745390595246096,0.19607052445280815,,
hamburg,ridge+k10,0,0,20,-1,0.5746353921634518,,,1.0,3.0
hamburg,ridge+k10,0,1,20,3,0.6703295472365974,0.907005399108363,0.23667585187176554,,
hamburg,ridge+k10,0,1,20,5,0.6703295472365974,0.9508031453726729,0.2804735981360754,,
hamburg,ridge+k10,0,1,20,8,0.6703295472365974,0.9745390595246096,0.3042095122880122,,
hamburg,ridge+k10,0,1,20,-1,0.6703295472365974,,,1.0,3.0
hamburg,ridge+k10,0,2,20,3,0.6703295472365974,0.907005399108363,0.23667585187176554,,
hamburg,ridge+k10,0,2,20,5,0.6703295472365974,0.9508031453726729,0.2804735981360754,,
hamburg,ridge+k10,0,2,20,8,0.6703295472365974,0.9745390595246096,0.3042095122880122,,
hamburg,ridge+k10,0,2,20,-1,0.6703295472365974,,,1.0,3.0
hamburg,ridge+k10,0,3,20,3,0.6703295472365974,0.907005399108363,0.23667585187176554,,
hamburg,ridge+k10,0,3,20,5,0.6703295472365974,0.9508031453726729,0.2804735981360754,,
hamburg,ridge+k10,0,3,20,8,0.6703295472365974,0.9745390595246096,0.3042095122880122,,
hamburg,ridge+k10,0,3,20,-1,0.6703295472365974,,,1.0,3.0
hamburg,ridge+k10,0,4,20,3,0.6703295472365974,0.907005399108363,0.23667585187176554,,
hamburg,ridge+k10,0,4,20,5,0.6703295472365974,0.9508031453726729,0.2804735981360754,,
hamburg,ridge+k10,0,4,20,8,0.6703295472365974,0.9745390595246096,0.3042095122880122,,
hamburg,ridge+k10,0,4,20,-1,0.6703295472365974,,,1.0,3.0
hamburg,ridge+k10,0,5,20,3,0.7002262696865829,0.907005399108363,0.20677912942178012,,
hamburg,ridge+k10,0,5,20,5,0.7002262696865829,0.9508031453726729,0.25057687568609,,
hamburg,ridge+k10,0,5,20,8,0.7002262696865829,0.9745390595246096,0.27431278983802676,,
hamburg,ridge+k10,0,5,20,-1,0.7002262696865829,,,1.0,3.0
hamburg,ridge+k10,0,6,20,3,0.8890942491654905,0.907005399108363,0.017911149942872462,,
hamburg,ridge+k10,0,6,20,5,0.8890942491654905,0.9508031453726729,0.06170889620718234,,
hamburg,ridge+k10,0,6,20,8,0.8890942491654905,0.9745390595246096,0.0854448103591191,,
hamburg,ridge+k10,0,6,20,-1,0.5746353921634518,,,1.0,3.0
hamburg,ridge+k10,0,7,20,3,0.7669870286981652,0.907005399108363,0.14001837041019782,,
hamburg,ridge+k10,0,7,20,5,0.7669870286981652,0.9508031453726729,0.1838161166745077,,
hamburg,ridge+k10,0,7,20,8,0.7669870286981652,0.9745390595246096,0.20755203082644447,,
hamburg,ridge+k10,0,7,20,-1,0.5127024665636132,,,1.0,3.0
hamburg,ridge+k10,0,8,20,3,0.7002262696865829,0.907005399108363,0.20677912942178012,,
hamburg,ridge+k10,0,8,20,5,0.7002262696865829,0.9508031453726729,0.25057687568609,,
hamburg,ridge+k10,0,8,20,8,0.7002262696865829,0.9745390595246096,0.27431278983802676,,
hamburg,ridge+k10,0,8,20,-1,0.7002262696865829,,,1.0,3.0
hamburg,ridge+k10,0,9,20,3,0.6703295472365974,0.907005399108363,0.23667585187176554,,
hamburg,ridge+k10,0,9,20,5,0.6703295472365974,0.9508031453726729,0.2804735981360754,,
hamburg,ridge+k10,0,9,20,8,0.6703295472365974,0.9745390595246096,0.3042095122880122,,
hamburg,ridge+k10,0,9,20,-1,0.6703295472365974,,,1.0,3.0
hamburg,ridge+k10d,0,0,20,3,0.8871227905101149,0.907005399108363,0.019882608598248086,,
hamburg,ridge+k10d,0,0,20,5,0.8871227905101149,0.9508031453726729,0.06368035486255796,,
hamburg,ridge+k10d,0,0,20,8,0.8871227905101149,0.9745390595246096,0.08741626901449473,,
hamburg,ridge+k10d,0,0,20,-1,0.5127024665636132,,,1.0,3.0
hamburg,uma_los,0,0,20,3,0.7002262696865829,0.907005399108363,0.20677912942178012,,
hamburg,uma_los,0,0,20,5,0.7002262696865829,0.9508031453726729,0.25057687568609,,
hamburg,uma_los,0,0,20,8,0.7002262696865829,0.9745390595246096,0.27431278983802676,,
hamburg,uma_los,0,0,20,-1,0.7002262696865829,,,1.0,3.0
hamburg,uma_los,0,0,10,3,0.7002262696865829,0.907005399108363,0.20677912942178012,,
hamburg,uma_los,0,0,10,5,0.7002262696865829,0.9450567914510384,0.24483052176445552,,
hamburg,uma_los,0,0,10,8,0.7002262696865829,0.9612429150704572,0.26101664538387437,,
hamburg,uma_los,0,0,10,-1,0.7002262696865829,,,1.0,3.0
hamburg,uma_nlos,0,0,20,3,0.8483208997020409,0.907005399108363,0.05868449940632203,,
hamburg,uma_nlos,0,0,20,5,0.9101306091359186,0.9508031453726729,0.040672536236754264,,
hamburg,uma_nlos,0,0,20,8,0.9487084705513363,0.9745390595246096,0.025830588973273283,,
hamburg,uma_nlos,0,0,20,-1,0.9203463494410467,,,6.0,3.0
hamburg,uma_nlos,0,0,10,3,0.8691668346887111,0.907005399108363,0.03783856441965183,,
hamburg,uma_nlos,0,0,10,5,0.9219145551896408,0.9450567914510384,0.023142236261397553,,
hamburg,uma_nlos,0,0,10,8,0.9593946725810426,0.9612429150704572,0.0018482424894146199,,
hamburg,uma_nlos,0,0,10,-1,0.9593946725810426,,,,3.0
london,oracle,0,0,20,3,0.7167050349873498,0.8719029927290133,0.15519795774166345,,
london,oracle,0,0,20,5,0.8109201559045427,0.9221616939803524,0.11124153807580972,,
london,oracle,0,0,20,8,0.8732705764365327,0.9517470881863561,0.0784765117498234,,
london,oracle,0,0,20,-1,0.5149522485355458,,,1.0,4.0
london,oracle,0,0,10,3,0.8719029927290133,0.8719029927290133,0.0,,
london,oracle,0,0,10,5,0.8902969935951497,0.9189364757367857,0.02863948214163603,,
london,oracle,0,0,10,8,0.8902969935951497,0.9333530873202197,0.04305609372507002,,
london,oracle,0,0,10,-1,0.6362113372689353,,,1.0,4.0
london,coral,0,0,20,3,0.7359423791397899,0.8719029927290133,0.1359606135892234,,
london,coral,0,0,20,5,0.8041620130832174,0.9221616939803524,0.11799968089713497,,
london,coral,0,0,20,8,0.8041620130832174,0.9517470881863561,0.14758507510313867,,
london,coral,0,0,20,-1,0.5149522485355458,,,1.0,4.0
london,coral,0,0,10,3,0.8719029927290133,0.8719029927290133,0.0,,
london,coral,0,0,10,5,0.9033574180019602,0.9189364757367857,0.015579057734825486,,
london,coral,0,0,10,8,0.9033574180019602,0.9333530873202197,0.029995669318259477,,
london,coral,0,0,10,-1,0.6362113372689353,,,1.0,4.0
london,cost231,0,0,20,3,0.6595514325439337,0.8719029927290133,0.2123515601850796,,
london,cost231,0,0,20,5,0.7807079524992592,0.9221616939803524,0.14145374148109324,,
london,cost231,0,0,20,8,0.867777448544663,0.9517470881863561,0.08396963964169313,,
london,cost231,0,0,20,-1,0.8988671848289381,,,10.0,4.0
london,cost231,0,0,10,3,0.8485059147995351,0.8719029927290133,0.023397077929478205,,
london,cost231,0,0,10,5,0.8979782554190504,0.9189364757367857,0.02095822031773531,,
london,cost231,0,0,10,8,0.9281790622934378,0.9333530873202197,0.005174025026781881,,
london,cost231,0,0,10,-1,0.9372165112939621,,,,4.0
london,encoder,0,0,20,3,0.69248740683336,0.8719029927290133,0.17941558589565332,,
london,encoder,0,0,20,5,0.69248740683336,0.9221616939803524,0.22967428714699245,,
london,encoder,0,0,20,8,0.69248740683336,0.9517470881863561,0.25925968135299615,,
london,encoder,0,0,20,-1,0.5149522485355458,,,1.0,4.0
london,encoder,0,0,10,3,0.8719029927290133,0.8719029927290133,0.0,,
london,encoder,0,0,10,5,0.8719029927290133,0.9189364757367857,0.047033483007772436,,
london,encoder,0,0,10,8,0.8719029927290133,0.9333530873202197,0.06145009459120643,,
london,encoder,0,0,10,-1,0.6362113372689353,,,1.0,4.0
london,encoder,1,0,20,3,0.7353383630023022,0.8719029927290133,0.13656462972671113,,
london,encoder,1,0,20,5,0.7353383630023022,0.9221616939803524,0.18682333097805026,,
london,encoder,1,0,20,8,0.7353383630023022,0.9517470881863561,0.21640872518405396,,
london,encoder,1,0,20,-1,0.5149522485355458,,,1.0,4.0
london,encoder,1,0,10,3,0.8719029927290133,0.8719029927290133,0.0,,
london,encoder,1,0,10,5,0.8719029927290133,0.9189364757367857,0.047033483007772436,,
london,encoder,1,0,10,8,0.8719029927290133,0.9333530873202197,0.06145009459120643,,
london,encoder,1,0,10,-1,0.6362113372689353,,,1.0,4.0
london,encoder,2,0,20,3,0.7550885510450619,0.8719029927290133,0.11681444168395139,,
london,encoder,2,0,20,5,0.8505800834226062,0.9221616939803524,0.07158161055774626,,
london,encoder,2,0,20,8,0.8505800834226062,0.9517470881863561,0.10116700476374996,,
london,encoder,2,0,20,-1,0.5149522485355458,,,1.0,4.0
london,encoder,2,0,10,3,0.8719029927290133,0.8719029927290133,0.0,,
london,encoder,2,0,10,5,0.9033574180019602,0.9189364757367857,0.015579057734825486,,
london,encoder,2,0,10,8,0.9033574180019602,0.9333530873202197,0.029995669318259477,,
london,encoder,2,0,10,-1,0.8167095935997083,,,2.0,4.0
london,encoder,3,0,20,3,0.69248740683336,0.8719029927290133,0.17941558589565332,,
london,encoder,3,0,20,5,0.69248740683336,0.9221616939803524,0.22967428714699245,,
london,encoder,3,0,20,8,0.69248740683336,0.9517470881863561,0.25925968135299615,,
london,encoder,3,0,20,-1,0.5149522485355458,,,1.0,4.0
london,encoder,3,0,10,3,0.8719029927290133,0.8719029927290133,0.0,,
london,encoder,3,0,10,5,0.8719029927290133,0.9189364757367857,0.047033483007772436,,
london,encoder,3,0,10,8,0.8719029927290133,0.9333530873202197,0.06145009459120643,,
london,encoder,3,0,10,-1,0.6362113372689353,,,1.0,4.0
london,encoder,4,0,20,3,0.69248740683336,0.8719029927290133,0.17941558589565332,,
london,encoder,4,0,20,5,0.69248740683336,0.9221616939803524,0.22967428714699245,,
london,encoder,4,0,20,8,0.69248740683336,0.9517470881863561,0.25925968135299615,,
london,encoder,4,0,20,-1,0.5149522485355458,,,1.0,4.0
london,encoder,4,0,10,3,0.8719029927290133,0.8719029927290133,0.0,,
london,encoder,4,0,10,5,0.8719029927290133,0.9189364757367857,0.047033483007772436,,
london,encoder,4,0,10,8,0.8719029927290133,0.9333530873202197,0.06145009459120643,,
london,encoder,4,0,10,-1,0.6362113372689353,,,1.0,4.0
london,gbdt,0,0,20,3,0.8397761721332027,0.8719029927290133,0.03212682059581062,,
london,gbdt,0,0,20,5,0.9026850226790964,0.9221616939803524,0.019476671301255966,,
london,gbdt,0,0,20,8,0.9026850226790964,0.9517470881863561,0.04906206550725967,,
london,gbdt,0,0,20,-1,0.5149522485355458,,,1.0,4.0
london,gbdt,0,0,10,3,0.8499532742233264,0.8719029927290133,0.021949718505686833,,
london,gbdt,0,0,10,5,0.8799375470106899,0.9189364757367857,0.03899892872609578,,
london,gbdt,0,0,10,8,0.8799375470106899,0.9333530873202197,0.053415540309529774,,
london,gbdt,0,0,10,-1,0.8069997492763202,,,2.0,4.0
london,gbdt+k10,0,0,20,3,0.6988466710733253,0.8719029927290133,0.17305632165568796,,
london,gbdt+k10,0,0,20,5,0.6988466710733253,0.9221616939803524,0.2233150229070271,,
london,gbdt+k10,0,0,20,8,0.6988466710733253,0.9517470881863561,0.2529004171130308,,
london,gbdt+k10,0,0,20,-1,0.5149522485355458,,,1.0,4.0
london,gbdt+k10,0,1,20,3,0.6988466710733253,0.8719029927290133,0.17305632165568796,,
london,gbdt+k10,0,1,20,5,0.6988466710733253,0.9221616939803524,0.2233150229070271,,
london,gbdt+k10,0,1,20,8,0.6988466710733253,0.9517470881863561,0.2529004171130308,,
london,gbdt+k10,0,1,20,-1,0.5149522485355458,,,1.0,4.0
london,gbdt+k10,0,2,20,3,0.6988466710733253,0.8719029927290133,0.17305632165568796,,
london,gbdt+k10,0,2,20,5,0.6988466710733253,0.9221616939803524,0.2233150229070271,,
london,gbdt+k10,0,2,20,8,0.6988466710733253,0.9517470881863561,0.2529004171130308,,
london,gbdt+k10,0,2,20,-1,0.5149522485355458,,,1.0,4.0
london,gbdt+k10,0,3,20,3,0.8158206641898206,0.8719029927290133,0.056082328539192705,,
london,gbdt+k10,0,3,20,5,0.8683358785585668,0.9221616939803524,0.05382581542178566,,
london,gbdt+k10,0,3,20,8,0.8683358785585668,0.9517470881863561,0.08341120962778936,,
london,gbdt+k10,0,3,20,-1,0.5149522485355458,,,1.0,4.0
london,gbdt+k10,0,4,20,3,0.6988466710733253,0.8719029927290133,0.17305632165568796,,
london,gbdt+k10,0,4,20,5,0.6988466710733253,0.9221616939803524,0.2233150229070271,,
london,gbdt+k10,0,4,20,8,0.6988466710733253,0.9517470881863561,0.2529004171130308,,
london,gbdt+k10,0,4,20,-1,0.5149522485355458,,,1.0,4.0
london,gbdt+k10,0,5,20,3,0.69248740683336,0.8719029927290133,0.17941558589565332,,
london,gbdt+k10,0,5,20,5,0.69248740683336,0.9221616939803524,0.22967428714699245,,
london,gbdt+k10,0,5,20,8,0.69248740683336,0.9517470881863561,0.25925968135299615,,
london,gbdt+k10,0,5,20,-1,0.5149522485355458,,,1.0,4.0
london,gbdt+k10,0,6,20,3,0.69248740683336,0.8719029927290133,0.17941558589565332,,
london,gbdt+k10,0,6,20,5,0.69248740683336,0.9221616939803524,0.22967428714699245,,
london,gbdt+k10,0,6,20,8,0.69248740683336,0.9517470881863561,0.25925968135299615,,
london,gbdt+k10,0,6,20,-1,0.5149522485355458,,,1.0,4.0
london,gbdt+k10,0,7,20,3,0.69248740683336,0.8719029927290133,0.17941558589565332,,
london,gbdt+k10,0,7,20,5,0.69248740683336,0.9221616939803524,0.22967428714699245,,
london,gbdt+k10,0,7,20,8,0.69248740683336,0.9517470881863561,0.25925968135299615,,
london,gbdt+k10,0,7,20,-1,0.5149522485355458,,,1.0,4.0
london,gbdt+k10,0,8,20,3,0.8158206641898206,0.8719029927290133,0.056082328539192705,,
london,gbdt+k10,0,8,20,5,0.848631276639391,0.9221616939803524,0.07353041734096144,,
london,gbdt+k10,0,8,20,8,0.848631276639391,0.9517470881863561,0.10311581154696514,,
london,gbdt+k10,0,8,20,-1,0.5149522485355458,,,1.0,4.0
london,gbdt+k10,0,9,20,3,0.5945000341895927,0.8719029927290133,0.27740295853942054,,
london,gbdt+k10,0,9,20,5,0.5945000341895927,0.9221616939803524,0.3276616597907597,,
london,gbdt+k10,0,9,20,8,0.5945000341895927,0.9517470881863561,0.3572470539967634,,
london,gbdt+k10,0,9,20,-1,0.5149522485355458,,,1.0,4.0
london,gbdt+k10d,0,0,20,3,0.5945000341895927,0.8719029927290133,0.27740295853942054,,
london,gbdt+k10d,0,0,20,5,0.5945000341895927,0.9221616939803524,0.3276616597907597,,
london,gbdt+k10d,0,0,20,8,0.5945000341895927,0.9517470881863561,0.3572470539967634,,
london,gbdt+k10d,0,0,20,-1,0.5149522485355458,,,1.0,4.0
london,gbdt,1,0,20,3,0.6723611332710323,0.8719029927290133,0.19954185945798097,,
london,gbdt,1,0,20,5,0.829302760239783,0.9221616939803524,0.09285893374056942,,
london,gbdt,1,0,20,8,0.8678572242609349,0.9517470881863561,0.0838898639254212,,
london,gbdt,1,0,20,-1,0.5149522485355458,,,1.0,4.0
london,gbdt,1,0,10,3,0.8393772935518429,0.8719029927290133,0.03252569917717041,,
london,gbdt,1,0,10,5,0.8799375470106899,0.9189364757367857,0.03899892872609578,,
london,gbdt,1,0,10,8,0.8799375470106899,0.9333530873202197,0.053415540309529774,,
london,gbdt,1,0,10,-1,0.8069997492763202,,,2.0,4.0
london,gbdt+k10,1,0,20,3,0.8316504456043581,0.8719029927290133,0.0402525471246552,,
london,gbdt+k10,1,0,20,5,0.8316504456043581,0.9221616939803524,0.09051124837599434,,
london,gbdt+k10,1,0,20,8,0.8316504456043581,0.9517470881863561,0.12009664258199804,,
london,gbdt+k10,1,0,20,-1,0.5149522485355458,,,1.0,4.0
london,gbdt+k10,1,1,20,3,0.6988466710733253,0.8719029927290133,0.17305632165568796,,
london,gbdt+k10,1,1,20,5,0.848631276639391,0.9221616939803524,0.07353041734096144,,
london,gbdt+k10,1,1,20,8,0.848631276639391,0.9517470881863561,0.10311581154696514,,
london,gbdt+k10,1,1,20,-1,0.5149522485355458,,,1.0,4.0
london,gbdt+k10,1,2,20,3,0.8316504456043581,0.8719029927290133,0.0402525471246552,,
london,gbdt+k10,1,2,20,5,0.8316504456043581,0.9221616939803524,0.09051124837599434,,
london,gbdt+k10,1,2,20,8,0.8316504456043581,0.9517470881863561,0.12009664258199804,,
london,gbdt+k10,1,2,20,-1,0.5149522485355458,,,1.0,4.0
london,gbdt+k10,1,3,20,3,0.8353429216146605,0.8719029927290133,0.03656007111435278,,
london,gbdt+k10,1,3,20,5,0.8854648644952476,0.9221616939803524,0.036696829485104776,,
london,gbdt+k10,1,3,20,8,0.8854648644952476,0.9517470881863561,0.06628222369110848,,
london,gbdt+k10,1,3,20,-1,0.5149522485355458,,,1.0,4.0
london,gbdt+k10,1,4,20,3,0.7550885510450619,0.8719029927290133,0.11681444168395139,,
london,gbdt+k10,1,4,20,5,0.7550885510450619,0.9221616939803524,0.16707314293529052,,
london,gbdt+k10,1,4,20,8,0.7550885510450619,0.9517470881863561,0.19665853714129422,,
london,gbdt+k10,1,4,20,-1,0.5149522485355458,,,1.0,4.0
london,gbdt+k10,1,5,20,3,0.69248740683336,0.8719029927290133,0.17941558589565332,,
london,gbdt+k10,1,5,20,5,0.69248740683336,0.9221616939803524,0.22967428714699245,,
london,gbdt+k10,1,5,20,8,0.69248740683336,0.9517470881863561,0.25925968135299615,,
london,gbdt+k10,1,5,20,-1,0.5149522485355458,,,1.0,4.0
london,gbdt+k10,1,6,20,3,0.69248740683336,0.8719029927290133,0.17941558589565332,,
london,gbdt+k10,1,6,20,5,0.69248740683336,0.9221616939803524,0.22967428714699245,,
london,gbdt+k10,1,6,20,8,0.69248740683336,0.9517470881863561,0.25925968135299615,,
london,gbdt+k10,1,6,20,-1,0.5149522485355458,,,1.0,4.0
london,gbdt+k10,1,7,20,3,0.7353383630023022,0.8719029927290133,0.13656462972671113,,
london,gbdt+k10,1,7,20,5,0.7353383630023022,0.9221616939803524,0.18682333097805026,,
london,gbdt+k10,1,7,20,8,0.7353383630023022,0.9517470881863561,0.21640872518405396,,
london,gbdt+k10,1,7,20,-1,0.5149522485355458,,,1.0,4.0
london,gbdt+k10,1,8,20,3,0.7550885510450619,0.8719029927290133,0.11681444168395139,,
london,gbdt+k10,1,8,20,5,0.8330180293118775,0.9221616939803524,0.0891436646684749,,
london,gbdt+k10,1,8,20,8,0.8330180293118775,0.9517470881863561,0.1187290588744786,,
london,gbdt+k10,1,8,20,-1,0.5149522485355458,,,1.0,4.0
london,gbdt+k10,1,9,20,3,0.7550885510450619,0.8719029927290133,0.11681444168395139,,
london,gbdt+k10,1,9,20,5,0.7550885510450619,0.9221616939803524,0.16707314293529052,,
london,gbdt+k10,1,9,20,8,0.7550885510450619,0.9517470881863561,0.19665853714129422,,
london,gbdt+k10,1,9,20,-1,0.5149522485355458,,,1.0,4.0
london,gbdt+k10d,1,0,20,3,0.6112643311376017,0.8719029927290133,0.2606386615914116,,
london,gbdt+k10d,1,0,20,5,0.6112643311376017,0.9221616939803524,0.3108973628427507,,
london,gbdt+k10d,1,0,20,8,0.6112643311376017,0.9517470881863561,0.3404827570487544,,
london,gbdt+k10d,1,0,20,-1,0.5149522485355458,,,1.0,4.0
london,gbdt,2,0,20,3,0.8316504456043581,0.8719029927290133,0.0402525471246552,,
london,gbdt,2,0,20,5,0.9102979053176213,0.9221616939803524,0.011863788662731078,,
london,gbdt,2,0,20,8,0.9184578214391539,0.9517470881863561,0.03328926674720223,,
london,gbdt,2,0,20,-1,0.5149522485355458,,,1.0,4.0
london,gbdt,2,0,10,3,0.8499532742233264,0.8719029927290133,0.021949718505686833,,
london,gbdt,2,0,10,5,0.8799375470106899,0.9189364757367857,0.03899892872609578,,
london,gbdt,2,0,10,8,0.8799375470106899,0.9333530873202197,0.053415540309529774,,
london,gbdt,2,0,10,-1,0.8069997492763202,,,2.0,4.0
london,gbdt+k10,2,0,20,3,0.6112643311376017,0.8719029927290133,0.2606386615914116,,
london,gbdt+k10,2,0,20,5,0.6112643311376017,0.9221616939803524,0.3108973628427507,,
london,gbdt+k10,2,0,20,8,0.6112643311376017,0.9517470881863561,0.3404827570487544,,
london,gbdt+k10,2,0,20,-1,0.5149522485355458,,,1.0,4.0
london,gbdt+k10,2,1,20,3,0.7167050349873498,0.8719029927290133,0.15519795774166345,,
london,gbdt+k10,2,1,20,5,0.8330180293118775,0.9221616939803524,0.0891436646684749,,
london,gbdt+k10,2,1,20,8,0.8330180293118775,0.9517470881863561,0.1187290588744786,,
london,gbdt+k10,2,1,20,-1,0.5149522485355458,,,1.0,4.0
london,gbdt+k10,2,2,20,3,0.8316504456043581,0.8719029927290133,0.0402525471246552,,
london,gbdt+k10,2,2,20,5,0.8316504456043581,0.9221616939803524,0.09051124837599434,,
london,gbdt+k10,2,2,20,8,0.8316504456043581,0.9517470881863561,0.12009664258199804,,
london,gbdt+k10,2,2,20,-1,0.5149522485355458,,,1.0,4.0
london,gbdt+k10,2,3,20,3,0.6723611332710323,0.8719029927290133,0.19954185945798097,,
london,gbdt+k10,2,3,20,5,0.8109201559045427,0.9221616939803524,0.11124153807580972,,
london,gbdt+k10,2,3,20,8,0.8109201559045427,0.9517470881863561,0.14082693228181342,,
london,gbdt+k10,2,3,20,-1,0.5149522485355458,,,1.0,4.0
london,gbdt+k10,2,4,20,3,0.7550885510450619,0.8719029927290133,0.11681444168395139,,
london,gbdt+k10,2,4,20,5,0.7550885510450619,0.9221616939803524,0.16707314293529052,,
london,gbdt+k10,2,4,20,8,0.7550885510450619,0.9517470881863561,0.19665853714129422,,
london,gbdt+k10,2,4,20,-1,0.5149522485355458,,,1.0,4.0
london,gbdt+k10,2,5,20,3,0.7353383630023022,0.8719029927290133,0.13656462972671113,,
london,gbdt+k10,2,5,20,5,0.7353383630023022,0.9221616939803524,0.18682333097805026,,
london,gbdt+k10,2,5,20,8,0.7353383630023022,0.9517470881863561,0.21640872518405396,,
london,gbdt+k10,2,5,20,-1,0.5149522485355458,,,1.0,4.0
london,gbdt+k10,2,6,20,3,0.69248740683336,0.8719029927290133,0.17941558589565332,,
london,gbdt+k10,2,6,20,5,0.69248740683336,0.9221616939803524,0.22967428714699245,,
london,gbdt+k10,2,6,20,8,0.69248740683336,0.9517470881863561,0.25925968135299615,,
london,gbdt+k10,2,6,20,-1,0.5149522485355458,,,1.0,4.0
london,gbdt+k10,2,7,20,3,0.7353383630023022,0.8719029927290133,0.13656462972671113,,
london,gbdt+k10,2,7,20,5,0.7353383630023022,0.9221616939803524,0.18682333097805026,,
london,gbdt+k10,2,7,20,8,0.7353383630023022,0.9517470881863561,0.21640872518405396,,
london,gbdt+k10,2,7,20,-1,0.5149522485355458,,,1.0,4.0
london,gbdt+k10,2,8,20,3,0.7550885510450619,0.8719029927290133,0.11681444168395139,,
london,gbdt+k10,2,8,20,5,0.8330180293118775,0.9221616939803524,0.0891436646684749,,
london,gbdt+k10,2,8,20,8,0.8330180293118775,0.9517470881863561,0.1187290588744786,,
london,gbdt+k10,2,8,20,-1,0.5149522485355458,,,1.0,4.0
london,gbdt+k10,2,9,20,3,0.6112643311376017,0.8719029927290133,0.2606386615914116,,
london,gbdt+k10,2,9,20,5,0.6112643311376017,0.9221616939803524,0.3108973628427507,,
london,gbdt+k10,2,9,20,8,0.6112643311376017,0.9517470881863561,0.3404827570487544,,
london,gbdt+k10,2,9,20,-1,0.5149522485355458,,,1.0,4.0
london,gbdt+k10d,2,0,20,3,0.69248740683336,0.8719029927290133,0.17941558589565332,,
london,gbdt+k10d,2,0,20,5,0.69248740683336,0.9221616939803524,0.22967428714699245,,
london,gbdt+k10d,2,0,20,8,0.69248740683336,0.9517470881863561,0.25925968135299615,,
london,gbdt+k10d,2,0,20,-1,0.5149522485355458,,,1.0,4.0
london,gbdt,3,0,20,3,0.8316504456043581,0.8719029927290133,0.0402525471246552,,
london,gbdt,3,0,20,5,0.863047888222825,0.9221616939803524,0.05911380575752745,,
london,gbdt,3,0,20,8,0.9184578214391539,0.9517470881863561,0.03328926674720223,,
london,gbdt,3,0,20,-1,0.5149522485355458,,,1.0,4.0
london,gbdt,3,0,10,3,0.8499532742233264,0.8719029927290133,0.021949718505686833,,
london,gbdt,3,0,10,5,0.8799375470106899,0.9189364757367857,0.03899892872609578,,
london,gbdt,3,0,10,8,0.8799375470106899,0.9333530873202197,0.053415540309529774,,
london,gbdt,3,0,10,-1,0.8069997492763202,,,2.0,4.0
london,gbdt+k10,3,0,20,3,0.665842317598523,0.8719029927290133,0.2060606751304903,,
london,gbdt+k10,3,0,20,5,0.665842317598523,0.9221616939803524,0.25631937638182944,,
london,gbdt+k10,3,0,20,8,0.665842317598523,0.9517470881863561,0.28590477058783315,,
london,gbdt+k10,3,0,20,-1,0.5149522485355458,,,1.0,4.0
london,gbdt+k10,3,1,20,3,0.8158206641898206,0.8719029927290133,0.056082328539192705,,
london,gbdt+k10,3,1,20,5,0.848631276639391,0.9221616939803524,0.07353041734096144,,
london,gbdt+k10,3,1,20,8,0.848631276639391,0.9517470881863561,0.10311581154696514,,
london,gbdt+k10,3,1,20,-1,0.5149522485355458,,,1.0,4.0
london,gbdt+k10,3,2,20,3,0.665842317598523,0.8719029927290133,0.2060606751304903,,
london,gbdt+k10,3,2,20,5,0.665842317598523,0.9221616939803524,0.25631937638182944,,
london,gbdt+k10,3,2,20,8,0.665842317598523,0.9517470881863561,0.28590477058783315,,
london,gbdt+k10,3,2,20,-1,0.5149522485355458,,,1.0,4.0
london,gbdt+k10,3,3,20,3,0.7738814304925581,0.8719029927290133,0.0980215622364552,,
london,gbdt+k10,3,3,20,5,0.7979167141522121,0.9221616939803524,0.12424497982814031,,
london,gbdt+k10,3,3,20,8,0.7979167141522121,0.9517470881863561,0.153830374034144,,
london,gbdt+k10,3,3,20,-1,0.5149522485355458,,,1.0,4.0
london,gbdt+k10,3,4,20,3,0.665842317598523,0.8719029927290133,0.2060606751304903,,
london,gbdt+k10,3,4,20,5,0.665842317598523,0.9221616939803524,0.25631937638182944,,
london,gbdt+k10,3,4,20,8,0.665842317598523,0.9517470881863561,0.28590477058783315,,
london,gbdt+k10,3,4,20,-1,0.5149522485355458,,,1.0,4.0
london,gbdt+k10,3,5,20,3,0.69248740683336,0.8719029927290133,0.17941558589565332,,
london,gbdt+k10,3,5,20,5,0.69248740683336,0.9221616939803524,0.22967428714699245,,
london,gbdt+k10,3,5,20,8,0.69248740683336,0.9517470881863561,0.25925968135299615,,
london,gbdt+k10,3,5,20,-1,0.5149522485355458,,,1.0,4.0
london,gbdt+k10,3,6,20,3,0.7921044833952545,0.8719029927290133,0.07979850933375876,,
london,gbdt+k10,3,6,20,5,0.7921044833952545,0.9221616939803524,0.1300572105850979,,
london,gbdt+k10,3,6,20,8,0.7921044833952545,0.9517470881863561,0.1596426047911016,,
london,gbdt+k10,3,6,20,-1,0.6550839924327034,,,1.0,4.0
london,gbdt+k10,3,7,20,3,0.69248740683336,0.8719029927290133,0.17941558589565332,,
london,gbdt+k10,3,7,20,5,0.69248740683336,0.9221616939803524,0.22967428714699245,,
london,gbdt+k10,3,7,20,8,0.69248740683336,0.9517470881863561,0.25925968135299615,,
london,gbdt+k10,3,7,20,-1,0.5149522485355458,,,1.0,4.0
london,gbdt+k10,3,8,20,3,0.7738814304925581,0.8719029927290133,0.0980215622364552,,
london,gbdt+k10,3,8,20,5,0.7738814304925581,0.9221616939803524,0.14828026348779433,,
london,gbdt+k10,3,8,20,8,0.7738814304925581,0.9517470881863561,0.17786565769379803,,
london,gbdt+k10,3,8,20,-1,0.5149522485355458,,,1.0,4.0
london,gbdt+k10,3,9,20,3,0.69248740683336,0.8719029927290133,0.17941558589565332,,
london,gbdt+k10,3,9,20,5,0.69248740683336,0.9221616939803524,0.22967428714699245,,
london,gbdt+k10,3,9,20,8,0.69248740683336,0.9517470881863561,0.25925968135299615,,
london,gbdt+k10,3,9,20,-1,0.5149522485355458,,,1.0,4.0
london,gbdt+k10d,3,0,20,3,0.69248740683336,0.8719029927290133,0.17941558589565332,,
london,gbdt+k10d,3,0,20,5,0.69248740683336,0.9221616939803524,0.22967428714699245,,
london,gbdt+k10d,3,0,20,8,0.69248740683336,0.9517470881863561,0.25925968135299615,,
london,gbdt+k10d,3,0,20,-1,0.5149522485355458,,,1.0,4.0
london,gbdt,4,0,20,3,0.692168303968272,0.8719029927290133,0.17973468876074128,,
london,gbdt,4,0,20,5,0.7914434846032867,0.9221616939803524,0.13071820937706569,,
london,gbdt,4,0,20,8,0.8552640576208602,0.9517470881863561,0.0964830305654959,,
london,gbdt,4,0,20,-1,0.5149522485355458,,,1.0,4.0
london,gbdt,4,0,10,3,0.8325621680760377,0.8719029927290133,0.039340824652975614,,
london,gbdt,4,0,10,5,0.8778519818567229,0.9189364757367857,0.041084493880062856,,
london,gbdt,4,0,10,8,0.8778519818567229,0.9333530873202197,0.05550110546349685,,
london,gbdt,4,0,10,-1,0.8005835023818749,,,2.0,4.0
london,gbdt+k10,4,0,20,3,0.69248740683336,0.8719029927290133,0.17941558589565332,,
london,gbdt+k10,4,0,20,5,0.69248740683336,0.9221616939803524,0.22967428714699245,,
london,gbdt+k10,4,0,20,8,0.69248740683336,0.9517470881863561,0.25925968135299615,,
london,gbdt+k10,4,0,20,-1,0.5149522485355458,,,1.0,4.0
london,gbdt+k10,4,1,20,3,0.6988466710733253,0.8719029927290133,0.17305632165568796,,
london,gbdt+k10,4,1,20,5,0.6988466710733253,0.9221616939803524,0.2233150229070271,,
london,gbdt+k10,4,1,20,8,0.6988466710733253,0.9517470881863561,0.2529004171130308,,
london,gbdt+k10,4,1,20,-1,0.5149522485355458,,,1.0,4.0
london,gbdt+k10,4,2,20,3,0.69248740683336,0.8719029927290133,0.17941558589565332,,
london,gbdt+k10,4,2,20,5,0.69248740683336,0.9221616939803524,0.22967428714699245,,
london,gbdt+k10,4,2,20,8,0.69248740683336,0.9517470881863561,0.25925968135299615,,
london,gbdt+k10,4,2,20,-1,0.5149522485355458,,,1.0,4.0
london,gbdt+k10,4,3,20,3,0.8276730563216557,0.8719029927290133,0.04422993640735762,,
london,gbdt+k10,4,3,20,5,0.8775442755225309,0.9221616939803524,0.04461741845782152,,
london,gbdt+k10,4,3,20,8,0.9122239190390445,0.9517470881863561,0.039523169147311576,,
london,gbdt+k10,4,3,20,-1,0.5149522485355458,,,1.0,4.0
london,gbdt+k10,4,4,20,3,0.7738814304925581,0.8719029927290133,0.0980215622364552,,
london,gbdt+k10,4,4,20,5,0.8406992911357782,0.9221616939803524,0.08146240284457418,,
london,gbdt+k10,4,4,20,8,0.8406992911357782,0.9517470881863561,0.11104779705057788,,
london,gbdt+k10,4,4,20,-1,0.5149522485355458,,,1.0,4.0
london,gbdt+k10,4,5,20,3,0.69248740683336,0.8719029927290133,0.17941558589565332,,
london,gbdt+k10,4,5,20,5,0.69248740683336,0.9221616939803524,0.22967428714699245,,
london,gbdt+k10,4,5,20,8,0.69248740683336,0.9517470881863561,0.25925968135299615,,
london,gbdt+k10,4,5,20,-1,0.5149522485355458,,,1.0,4.0
london,gbdt+k10,4,6,20,3,0.69248740683336,0.8719029927290133,0.17941558589565332,,
london,gbdt+k10,4,6,20,5,0.69248740683336,0.9221616939803524,0.22967428714699245,,
london,gbdt+k10,4,6,20,8,0.69248740683336,0.9517470881863561,0.25925968135299615,,
london,gbdt+k10,4,6,20,-1,0.5149522485355458,,,1.0,4.0
london,gbdt+k10,4,7,20,3,0.69248740683336,0.8719029927290133,0.17941558589565332,,
london,gbdt+k10,4,7,20,5,0.69248740683336,0.9221616939803524,0.22967428714699245,,
london,gbdt+k10,4,7,20,8,0.69248740683336,0.9517470881863561,0.25925968135299615,,
london,gbdt+k10,4,7,20,-1,0.5149522485355458,,,1.0,4.0
london,gbdt+k10,4,8,20,3,0.7550885510450619,0.8719029927290133,0.11681444168395139,,
london,gbdt+k10,4,8,20,5,0.8423062019921136,0.9221616939803524,0.07985549198823882,,
london,gbdt+k10,4,8,20,8,0.8423062019921136,0.9517470881863561,0.10944088619424253,,
london,gbdt+k10,4,8,20,-1,0.5149522485355458,,,1.0,4.0
london,gbdt+k10,4,9,20,3,0.69248740683336,0.8719029927290133,0.17941558589565332,,
london,gbdt+k10,4,9,20,5,0.69248740683336,0.9221616939803524,0.22967428714699245,,
london,gbdt+k10,4,9,20,8,0.69248740683336,0.9517470881863561,0.25925968135299615,,
london,gbdt+k10,4,9,20,-1,0.5149522485355458,,,1.0,4.0
london,gbdt+k10d,4,0,20,3,0.69248740683336,0.8719029927290133,0.17941558589565332,,
london,gbdt+k10d,4,0,20,5,0.69248740683336,0.9221616939803524,0.22967428714699245,,
london,gbdt+k10d,4,0,20,8,0.69248740683336,0.9517470881863561,0.25925968135299615,,
london,gbdt+k10d,4,0,20,-1,0.5149522485355458,,,1.0,4.0
london,gbdt_iw,0,0,20,3,0.6718482893807125,0.8719029927290133,0.20005470334830078,,
london,gbdt_iw,0,0,20,5,0.8224192555786018,0.9221616939803524,0.09974243840175057,,
london,gbdt_iw,0,0,20,8,0.8464089531146719,0.9517470881863561,0.10533813507168421,,
london,gbdt_iw,0,0,20,-1,0.5149522485355458,,,1.0,4.0
london,gbdt_iw,0,0,10,3,0.8393772935518429,0.8719029927290133,0.03252569917717041,,
london,gbdt_iw,0,0,10,5,0.8799375470106899,0.9189364757367857,0.03899892872609578,,
london,gbdt_iw,0,0,10,8,0.8799375470106899,0.9333530873202197,0.053415540309529774,,
london,gbdt_iw,0,0,10,-1,0.8069997492763202,,,2.0,4.0
london,gbdt_iw,1,0,20,3,0.7382900645043649,0.8719029927290133,0.13361292822464843,,
london,gbdt_iw,1,0,20,5,0.829302760239783,0.9221616939803524,0.09285893374056942,,
london,gbdt_iw,1,0,20,8,0.8657944521687598,0.9517470881863561,0.08595263601759628,,
london,gbdt_iw,1,0,20,-1,0.5149522485355458,,,1.0,4.0
london,gbdt_iw,1,0,10,3,0.8393772935518429,0.8719029927290133,0.03252569917717041,,
london,gbdt_iw,1,0,10,5,0.9118364369885806,0.9189364757367857,0.007100038748205084,,
london,gbdt_iw,1,0,10,8,0.9118364369885806,0.9333530873202197,0.021516650331639076,,
london,gbdt_iw,1,0,10,-1,0.8069997492763202,,,2.0,4.0
london,gbdt_iw,2,0,20,3,0.8316504456043581,0.8719029927290133,0.0402525471246552,,
london,gbdt_iw,2,0,20,5,0.8998358899550977,0.9221616939803524,0.022325804025254747,,
london,gbdt_iw,2,0,20,8,0.8998358899550977,0.9517470881863561,0.05191119823125845,,
london,gbdt_iw,2,0,20,-1,0.5149522485355458,,,1.0,4.0
london,gbdt_iw,2,0,10,3,0.8393772935518429,0.8719029927290133,0.03252569917717041,,
london,gbdt_iw,2,0,10,5,0.8799375470106899,0.9189364757367857,0.03899892872609578,,
london,gbdt_iw,2,0,10,8,0.8799375470106899,0.9333530873202197,0.053415540309529774,,
london,gbdt_iw,2,0,10,-1,0.8069997492763202,,,2.0,4.0
london,gbdt_iw,3,0,20,3,0.7382900645043649,0.8719029927290133,0.13361292822464843,,
london,gbdt_iw,3,0,20,5,0.8766097599890593,0.9221616939803524,0.04555193399129309,,
london,gbdt_iw,3,0,20,8,0.8766097599890593,0.9517470881863561,0.0751373281972968,,
london,gbdt_iw,3,0,20,-1,0.5149522485355458,,,1.0,4.0
london,gbdt_iw,3,0,10,3,0.8393772935518429,0.8719029927290133,0.03252569917717041,,
london,gbdt_iw,3,0,10,5,0.8799375470106899,0.9189364757367857,0.03899892872609578,,
london,gbdt_iw,3,0,10,8,0.8799375470106899,0.9333530873202197,0.053415540309529774,,
london,gbdt_iw,3,0,10,-1,0.8069997492763202,,,2.0,4.0
london,gbdt_iw,4,0,20,3,0.6723611332710323,0.8719029927290133,0.19954185945798097,,
london,gbdt_iw,4,0,20,5,0.8320379276548219,0.9221616939803524,0.09012376632553054,,
london,gbdt_iw,4,0,20,8,0.8678572242609349,0.9517470881863561,0.0838898639254212,,
london,gbdt_iw,4,0,20,-1,0.5149522485355458,,,1.0,4.0
london,gbdt_iw,4,0,10,3,0.8393772935518429,0.8719029927290133,0.03252569917717041,,
london,gbdt_iw,4,0,10,5,0.8799375470106899,0.9189364757367857,0.03899892872609578,,
london,gbdt_iw,4,0,10,8,0.8799375470106899,0.9333530873202197,0.053415540309529774,,
london,gbdt_iw,4,0,10,-1,0.8069997492763202,,,2.0,4.0
london,gp_ard,0,0,20,3,0.8158206641898206,0.8719029927290133,0.056082328539192705,,
london,gp_ard,0,0,20,5,0.8683358785585668,0.9221616939803524,0.05382581542178566,,
london,gp_ard,0,0,20,8,0.8683358785585668,0.9517470881863561,0.08341120962778936,,
london,gp_ard,0,0,20,-1,0.5149522485355458,,,1.0,4.0
london,gp_ard,0,0,10,3,0.8499532742233264,0.8719029927290133,0.021949718505686833,,
london,gp_ard,0,0,10,5,0.8799375470106899,0.9189364757367857,0.03899892872609578,,
london,gp_ard,0,0,10,8,0.8799375470106899,0.9333530873202197,0.053415540309529774,,
london,gp_ard,0,0,10,-1,0.6550839924327034,,,1.0,4.0
london,kernel,0,0,20,3,0.8316504456043581,0.8719029927290133,0.0402525471246552,,
london,kernel,0,0,20,5,0.8316504456043581,0.9221616939803524,0.09051124837599434,,
london,kernel,0,0,20,8,0.8316504456043581,0.9517470881863561,0.12009664258199804,,
london,kernel,0,0,20,-1,0.5149522485355458,,,1.0,4.0
london,kernel,0,0,10,3,0.8719029927290133,0.8719029927290133,0.0,,
london,kernel,0,0,10,5,0.8719029927290133,0.9189364757367857,0.047033483007772436,,
london,kernel,0,0,10,8,0.8719029927290133,0.9333530873202197,0.06145009459120643,,
london,kernel,0,0,10,-1,0.6362113372689353,,,1.0,4.0
london,knn,0,0,20,3,0.69248740683336,0.8719029927290133,0.17941558589565332,,
london,knn,0,0,20,5,0.69248740683336,0.9221616939803524,0.22967428714699245,,
london,knn,0,0,20,8,0.69248740683336,0.9517470881863561,0.25925968135299615,,
london,knn,0,0,20,-1,0.5149522485355458,,,1.0,4.0
london,knn,0,0,10,3,0.8719029927290133,0.8719029927290133,0.0,,
london,knn,0,0,10,5,0.8719029927290133,0.9189364757367857,0.047033483007772436,,
london,knn,0,0,10,8,0.8719029927290133,0.9333530873202197,0.06145009459120643,,
london,knn,0,0,10,-1,0.6362113372689353,,,1.0,4.0
london,median,0,0,20,3,0.5149522485355458,0.8719029927290133,0.3569507441934675,,
london,median,0,0,20,5,0.5149522485355458,0.9221616939803524,0.40720944544480664,,
london,median,0,0,20,8,0.5149522485355458,0.9517470881863561,0.43679483965081034,,
london,median,0,0,20,-1,0.5149522485355458,,,1.0,4.0
london,median,0,0,10,3,0.8167095935997083,0.8719029927290133,0.05519339912930499,,
london,median,0,0,10,5,0.8167095935997083,0.9189364757367857,0.10222688213707742,,
london,median,0,0,10,8,0.8167095935997083,0.9333530873202197,0.11664349372051142,,
london,median,0,0,10,-1,0.6362113372689353,,,1.0,4.0
london,mlp,0,0,20,3,0.7167050349873498,0.8719029927290133,0.15519795774166345,,
london,mlp,0,0,20,5,0.7167050349873498,0.9221616939803524,0.20545665899300258,,
london,mlp,0,0,20,8,0.7167050349873498,0.9517470881863561,0.23504205319900628,,
london,mlp,0,0,20,-1,0.5149522485355458,,,1.0,4.0
london,mlp,0,0,10,3,0.8719029927290133,0.8719029927290133,0.0,,
london,mlp,0,0,10,5,0.9033574180019602,0.9189364757367857,0.015579057734825486,,
london,mlp,0,0,10,8,0.9033574180019602,0.9333530873202197,0.029995669318259477,,
london,mlp,0,0,10,-1,0.6362113372689353,,,1.0,4.0
london,mlp,1,0,20,3,0.8158206641898206,0.8719029927290133,0.056082328539192705,,
london,mlp,1,0,20,5,0.8158206641898206,0.9221616939803524,0.10634102979053184,,
london,mlp,1,0,20,8,0.8158206641898206,0.9517470881863561,0.13592642399653554,,
london,mlp,1,0,20,-1,0.5149522485355458,,,1.0,4.0
london,mlp,1,0,10,3,0.8719029927290133,0.8719029927290133,0.0,,
london,mlp,1,0,10,5,0.8719029927290133,0.9189364757367857,0.047033483007772436,,
london,mlp,1,0,10,8,0.8719029927290133,0.9333530873202197,0.06145009459120643,,
london,mlp,1,0,10,-1,0.6362113372689353,,,1.0,4.0
london,mlp,2,0,20,3,0.6112643311376017,0.8719029927290133,0.2606386615914116,,
london,mlp,2,0,20,5,0.6112643311376017,0.9221616939803524,0.3108973628427507,,
london,mlp,2,0,20,8,0.6112643311376017,0.9517470881863561,0.3404827570487544,,
london,mlp,2,0,20,-1,0.5149522485355458,,,1.0,4.0
london,mlp,2,0,10,3,0.8719029927290133,0.8719029927290133,0.0,,
london,mlp,2,0,10,5,0.9033574180019602,0.9189364757367857,0.015579057734825486,,
london,mlp,2,0,10,8,0.9033574180019602,0.9333530873202197,0.029995669318259477,,
london,mlp,2,0,10,-1,0.6362113372689353,,,1.0,4.0
london,mlp,3,0,20,3,0.69248740683336,0.8719029927290133,0.17941558589565332,,
london,mlp,3,0,20,5,0.69248740683336,0.9221616939803524,0.22967428714699245,,
london,mlp,3,0,20,8,0.69248740683336,0.9517470881863561,0.25925968135299615,,
london,mlp,3,0,20,-1,0.5149522485355458,,,1.0,4.0
london,mlp,3,0,10,3,0.8719029927290133,0.8719029927290133,0.0,,
london,mlp,3,0,10,5,0.8719029927290133,0.9189364757367857,0.047033483007772436,,
london,mlp,3,0,10,8,0.8719029927290133,0.9333530873202197,0.06145009459120643,,
london,mlp,3,0,10,-1,0.6362113372689353,,,1.0,4.0
london,mlp,4,0,20,3,0.8316504456043581,0.8719029927290133,0.0402525471246552,,
london,mlp,4,0,20,5,0.8915506119937091,0.9221616939803524,0.030611081986643307,,
london,mlp,4,0,20,8,0.8915506119937091,0.9517470881863561,0.06019647619264701,,
london,mlp,4,0,20,-1,0.5149522485355458,,,1.0,4.0
london,mlp,4,0,10,3,0.8578852597269391,0.8719029927290133,0.014017733002074206,,
london,mlp,4,0,10,5,0.9008729742666333,0.9189364757367857,0.018063501470152454,,
london,mlp,4,0,10,8,0.9008729742666333,0.9333530873202197,0.032480113053586446,,
london,mlp,4,0,10,-1,0.6550839924327034,,,1.0,4.0
london,ridge,0,0,20,3,0.8353429216146605,0.8719029927290133,0.03656007111435278,,
london,ridge,0,0,20,5,0.8637772662001687,0.9221616939803524,0.05838442778018371,,
london,ridge,0,0,20,8,0.8637772662001687,0.9517470881863561,0.08796982198618741,,
london,ridge,0,0,20,-1,0.5149522485355458,,,1.0,4.0
london,ridge,0,0,10,3,0.8325621680760377,0.8719029927290133,0.039340824652975614,,
london,ridge,0,0,10,5,0.8778519818567229,0.9189364757367857,0.041084493880062856,,
london,ridge,0,0,10,8,0.8778519818567229,0.9333530873202197,0.05550110546349685,,
london,ridge,0,0,10,-1,0.6550839924327034,,,1.0,4.0
london,ridge+k10,0,0,20,3,0.7353383630023022,0.8719029927290133,0.13656462972671113,,
london,ridge+k10,0,0,20,5,0.7353383630023022,0.9221616939803524,0.18682333097805026,,
london,ridge+k10,0,0,20,8,0.7353383630023022,0.9517470881863561,0.21640872518405396,,
london,ridge+k10,0,0,20,-1,0.5149522485355458,,,1.0,4.0
london,ridge+k10,0,1,20,3,0.8158206641898206,0.8719029927290133,0.056082328539192705,,
london,ridge+k10,0,1,20,5,0.8158206641898206,0.9221616939803524,0.10634102979053184,,
london,ridge+k10,0,1,20,8,0.8158206641898206,0.9517470881863561,0.13592642399653554,,
london,ridge+k10,0,1,20,-1,0.5149522485355458,,,1.0,4.0
london,ridge+k10,0,2,20,3,0.7353383630023022,0.8719029927290133,0.13656462972671113,,
london,ridge+k10,0,2,20,5,0.7353383630023022,0.9221616939803524,0.18682333097805026,,
london,ridge+k10,0,2,20,8,0.7353383630023022,0.9517470881863561,0.21640872518405396,,
london,ridge+k10,0,2,20,-1,0.5149522485355458,,,1.0,4.0
london,ridge+k10,0,3,20,3,0.7601941968864677,0.8719029927290133,0.11170879584254556,,
london,ridge+k10,0,3,20,5,0.7601941968864677,0.9221616939803524,0.1619674970938847,,
london,ridge+k10,0,3,20,8,0.7601941968864677,0.9517470881863561,0.1915528912998884,,
london,ridge+k10,0,3,20,-1,0.5149522485355458,,,1.0,4.0
london,ridge+k10,0,4,20,3,0.7353383630023022,0.8719029927290133,0.13656462972671113,,
london,ridge+k10,0,4,20,5,0.7353383630023022,0.9221616939803524,0.18682333097805026,,
london,ridge+k10,0,4,20,8,0.7353383630023022,0.9517470881863561,0.21640872518405396,,
london,ridge+k10,0,4,20,-1,0.5149522485355458,,,1.0,4.0
london,ridge+k10,0,5,20,3,0.5149522485355458,0.8719029927290133,0.3569507441934675,,
london,ridge+k10,0,5,20,5,0.5149522485355458,0.9221616939803524,0.40720944544480664,,
london,ridge+k10,0,5,20,8,0.5149522485355458,0.9517470881863561,0.43679483965081034,,
london,ridge+k10,0,5,20,-1,0.5149522485355458,,,1.0,4.0
london,ridge+k10,0,6,20,3,0.6550839924327034,0.8719029927290133,0.21681900029630985,,
london,ridge+k10,0,6,20,5,0.6550839924327034,0.9221616939803524,0.267077701547649,,
london,ridge+k10,0,6,20,8,0.6550839924327034,0.9517470881863561,0.2966630957536527,,
london,ridge+k10,0,6,20,-1,0.6550839924327034,,,1.0,4.0
london,ridge+k10,0,7,20,3,0.5149522485355458,0.8719029927290133,0.3569507441934675,,
london,ridge+k10,0,7,20,5,0.5149522485355458,0.9221616939803524,0.40720944544480664,,
london,ridge+k10,0,7,20,8,0.5149522485355458,0.9517470881863561,0.43679483965081034,,
london,ridge+k10,0,7,20,-1,0.5149522485355458,,,1.0,4.0
london,ridge+k10,0,8,20,3,0.8316504456043581,0.8719029927290133,0.0402525471246552,,
london,ridge+k10,0,8,20,5,0.8316504456043581,0.9221616939803524,0.09051124837599434,,
london,ridge+k10,0,8,20,8,0.8316504456043581,0.9517470881863561,0.12009664258199804,,
london,ridge+k10,0,8,20,-1,0.5149522485355458,,,1.0,4.0
london,ridge+k10,0,9,20,3,0.7353383630023022,0.8719029927290133,0.13656462972671113,,
london,ridge+k10,0,9,20,5,0.7353383630023022,0.9221616939803524,0.18682333097805026,,
london,ridge+k10,0,9,20,8,0.7353383630023022,0.9517470881863561,0.21640872518405396,,
london,ridge+k10,0,9,20,-1,0.5149522485355458,,,1.0,4.0
london,ridge+k10d,0,0,20,3,0.7353383630023022,0.8719029927290133,0.13656462972671113,,
london,ridge+k10d,0,0,20,5,0.7353383630023022,0.9221616939803524,0.18682333097805026,,
london,ridge+k10d,0,0,20,8,0.7353383630023022,0.9517470881863561,0.21640872518405396,,
london,ridge+k10d,0,0,20,-1,0.5149522485355458,,,1.0,4.0
london,uma_los,0,0,20,3,0.5389647391334078,0.8719029927290133,0.33293825359560547,,
london,uma_los,0,0,20,5,0.5389647391334078,0.9221616939803524,0.3831969548469446,,
london,uma_los,0,0,20,8,0.5389647391334078,0.9517470881863561,0.4127823490529483,,
london,uma_los,0,0,20,-1,0.5389647391334078,,,1.0,4.0
london,uma_los,0,0,10,3,0.5389647391334078,0.8719029927290133,0.33293825359560547,,
london,uma_los,0,0,10,5,0.5389647391334078,0.9189364757367857,0.3799717366033779,,
london,uma_los,0,0,10,8,0.5389647391334078,0.9333530873202197,0.3943883481868119,,
london,uma_los,0,0,10,-1,0.5389647391334078,,,1.0,4.0
london,uma_nlos,0,0,20,3,0.8552868506826522,0.8719029927290133,0.016616142046361082,,
london,uma_nlos,0,0,20,5,0.8922913865019488,0.9221616939803524,0.02987030747840358,,
london,uma_nlos,0,0,20,8,0.9353018941034349,0.9517470881863561,0.016445194082921222,,
london,uma_nlos,0,0,20,-1,0.9049073462038155,,,6.0,4.0
london,uma_nlos,0,0,10,3,0.8552868506826522,0.8719029927290133,0.016616142046361082,,
london,uma_nlos,0,0,10,5,0.8867868620791831,0.9189364757367857,0.032149613657602605,,
london,uma_nlos,0,0,10,8,0.923027830328448,0.9333530873202197,0.01032525699177167,,
london,uma_nlos,0,0,10,-1,0.923027830328448,,,,4.0
munich,oracle,0,0,20,3,0.642232084792753,0.8495932640418031,0.20736117924905018,,
munich,oracle,0,0,20,5,0.7254275576446965,0.8872662551768987,0.16183869753220226,,
munich,oracle,0,0,20,8,0.843603463815902,0.9214936850391904,0.07789022122328837,,
munich,oracle,0,0,20,-1,0.4106264760579128,,,1.0,6.0
munich,oracle,0,0,10,3,0.6846170521055573,0.8495932640418031,0.1649762119362458,,
munich,oracle,0,0,10,5,0.7878355714269416,0.8872662551768987,0.09943068374995712,,
munich,oracle,0,0,10,8,0.8532784173236432,0.911944232107611,0.05866581478396782,,
munich,oracle,0,0,10,-1,0.4106264760579128,,,1.0,7.0
munich,coral,0,0,20,3,0.7781834362057753,0.8495932640418031,0.07140982783602778,,
munich,coral,0,0,20,5,0.7781834362057753,0.8872662551768987,0.10908281897112337,,
munich,coral,0,0,20,8,0.7781834362057753,0.9214936850391904,0.14331024883341503,,
munich,coral,0,0,20,-1,0.674987735170966,,,1.0,6.0
munich,coral,0,0,10,3,0.7781834362057753,0.8495932640418031,0.07140982783602778,,
munich,coral,0,0,10,5,0.7781834362057753,0.8872662551768987,0.10908281897112337,,
munich,coral,0,0,10,8,0.7781834362057753,0.911944232107611,0.13376079590183565,,
munich,coral,0,0,10,-1,0.674987735170966,,,1.0,7.0
munich,cost231,0,0,20,3,0.6500929845177925,0.8495932640418031,0.19950027952401062,,
munich,cost231,0,0,20,5,0.7206585357505505,0.8872662551768987,0.16660771942634822,,
munich,cost231,0,0,20,8,0.8049492863580874,0.9214936850391904,0.116544398681103,,
munich,cost231,0,0,20,-1,0.8564843865874111,,,11.0,6.0
munich,cost231,0,0,10,3,0.7135050029093315,0.8495932640418031,0.13608826113247163,,
munich,cost231,0,0,10,5,0.8418806831795,0.8872662551768987,0.04538557199739868,,
munich,cost231,0,0,10,8,0.8793597188787095,0.911944232107611,0.032584513228901546,,
munich,cost231,0,0,10,-1,0.9195541306803272,,,,7.0
munich,encoder,0,0,20,3,0.7781834362057753,0.8495932640418031,0.07140982783602778,,
munich,encoder,0,0,20,5,0.7781834362057753,0.8872662551768987,0.10908281897112337,,
munich,encoder,0,0,20,8,0.7781834362057753,0.9214936850391904,0.14331024883341503,,
munich,encoder,0,0,20,-1,0.674987735170966,,,1.0,6.0
munich,encoder,0,0,10,3,0.7781834362057753,0.8495932640418031,0.07140982783602778,,
munich,encoder,0,0,10,5,0.7781834362057753,0.8872662551768987,0.10908281897112337,,
munich,encoder,0,0,10,8,0.7781834362057753,0.911944232107611,0.13376079590183565,,
munich,encoder,0,0,10,-1,0.674987735170966,,,1.0,7.0
munich,encoder,1,0,20,3,0.674987735170966,0.8495932640418031,0.17460552887083713,,
munich,encoder,1,0,20,5,0.674987735170966,0.8872662551768987,0.21227852000593272,,
munich,encoder,1,0,20,8,0.674987735170966,0.9214936850391904,0.24650594986822438,,
munich,encoder,1,0,20,-1,0.674987735170966,,,1.0,6.0
munich,encoder,1,0,10,3,0.674987735170966,0.8495932640418031,0.17460552887083713,,
munich,encoder,1,0,10,5,0.674987735170966,0.8872662551768987,0.21227852000593272,,
munich,encoder,1,0,10,8,0.674987735170966,0.911944232107611,0.236956496936645,,
munich,encoder,1,0,10,-1,0.674987735170966,,,1.0,7.0
munich,encoder,2,0,20,3,0.7781834362057753,0.8495932640418031,0.07140982783602778,,
munich,encoder,2,0,20,5,0.7781834362057753,0.8872662551768987,0.10908281897112337,,
munich,encoder,2,0,20,8,0.7781834362057753,0.9214936850391904,0.14331024883341503,,
munich,encoder,2,0,20,-1,0.674987735170966,,,1.0,6.0
munich,encoder,2,0,10,3,0.7781834362057753,0.8495932640418031,0.07140982783602778,,
munich,encoder,2,0,10,5,0.7781834362057753,0.8872662551768987,0.10908281897112337,,
munich,encoder,2,0,10,8,0.7781834362057753,0.911944232107611,0.13376079590183565,,
munich,encoder,2,0,10,-1,0.674987735170966,,,1.0,7.0
munich,encoder,3,0,20,3,0.7781834362057753,0.8495932640418031,0.07140982783602778,,
munich,encoder,3,0,20,5,0.7781834362057753,0.8872662551768987,0.10908281897112337,,
munich,encoder,3,0,20,8,0.7781834362057753,0.9214936850391904,0.14331024883341503,,
munich,encoder,3,0,20,-1,0.674987735170966,,,1.0,6.0
munich,encoder,3,0,10,3,0.7781834362057753,0.8495932640418031,0.07140982783602778,,
munich,encoder,3,0,10,5,0.7781834362057753,0.8872662551768987,0.10908281897112337,,
munich,encoder,3,0,10,8,0.7781834362057753,0.911944232107611,0.13376079590183565,,
munich,encoder,3,0,10,-1,0.674987735170966,,,1.0,7.0
munich,encoder,4,0,20,3,0.7781834362057753,0.8495932640418031,0.07140982783602778,,
munich,encoder,4,0,20,5,0.7781834362057753,0.8872662551768987,0.10908281897112337,,
munich,encoder,4,0,20,8,0.7781834362057753,0.9214936850391904,0.14331024883341503,,
munich,encoder,4,0,20,-1,0.674987735170966,,,1.0,6.0
munich,encoder,4,0,10,3,0.7781834362057753,0.8495932640418031,0.07140982783602778,,
munich,encoder,4,0,10,5,0.7781834362057753,0.8872662551768987,0.10908281897112337,,
munich,encoder,4,0,10,8,0.7781834362057753,0.911944232107611,0.13376079590183565,,
munich,encoder,4,0,10,-1,0.674987735170966,,,1.0,7.0
munich,gbdt,0,0,20,3,0.727458385149859,0.8495932640418031,0.12213487889194408,,
munich,gbdt,0,0,20,5,0.727458385149859,0.8872662551768987,0.15980787002703967,,
munich,gbdt,0,0,20,8,0.727458385149859,0.9214936850391904,0.19403529988933133,,
munich,gbdt,0,0,20,-1,0.4106264760579128,,,1.0,6.0
munich,gbdt,0,0,10,3,0.727458385149859,0.8495932640418031,0.12213487889194408,,
munich,gbdt,0,0,10,5,0.727458385149859,0.8872662551768987,0.15980787002703967,,
munich,gbdt,0,0,10,8,0.727458385149859,0.911944232107611,0.18448584695775194,,
munich,gbdt,0,0,10,-1,0.4106264760579128,,,1.0,7.0
munich,gbdt+k10,0,0,20,3,0.7383084804162056,0.8495932640418031,0.11128478362559757,,
munich,gbdt+k10,0,0,20,5,0.8068774315736631,0.8872662551768987,0.08038882360323563,,
munich,gbdt+k10,0,0,20,8,0.8870494814544376,0.9214936850391904,0.03444420358475275,,
munich,gbdt+k10,0,0,20,-1,0.4106264760579128,,,1.0,6.0
munich,gbdt+k10,0,1,20,3,0.7383084804162056,0.8495932640418031,0.11128478362559757,,
munich,gbdt+k10,0,1,20,5,0.8505288137913724,0.8872662551768987,0.03673744138552637,,
munich,gbdt+k10,0,1,20,8,0.8505288137913724,0.9214936850391904,0.07096487124781803,,
munich,gbdt+k10,0,1,20,-1,0.4106264760579128,,,1.0,6.0
munich,gbdt+k10,0,2,20,3,0.7383084804162056,0.8495932640418031,0.11128478362559757,,
munich,gbdt+k10,0,2,20,5,0.7897180800693676,0.8872662551768987,0.09754817510753111,,
munich,gbdt+k10,0,2,20,8,0.7897180800693676,0.9214936850391904,0.13177560496982277,,
munich,gbdt+k10,0,2,20,-1,0.4106264760579128,,,1.0,6.0
munich,gbdt+k10,0,3,20,3,0.7054957843215552,0.8495932640418031,0.1440974797202479,,
munich,gbdt+k10,0,3,20,5,0.7994386701502584,0.8872662551768987,0.08782758502664034,,
munich,gbdt+k10,0,3,20,8,0.7994386701502584,0.9214936850391904,0.122055014888932,,
munich,gbdt+k10,0,3,20,-1,0.6729797259523782,,,2.0,6.0
munich,gbdt+k10,0,4,20,3,0.8073452064484478,0.8495932640418031,0.04224805759335537,,
munich,gbdt+k10,0,4,20,5,0.8073452064484478,0.8872662551768987,0.07992104872845096,,
munich,gbdt+k10,0,4,20,8,0.8073452064484478,0.9214936850391904,0.11414847859074262,,
munich,gbdt+k10,0,4,20,-1,0.674987735170966,,,1.0,6.0
munich,gbdt+k10,0,5,20,3,0.7600200800921859,0.8495932640418031,0.08957318394961722,,
munich,gbdt+k10,0,5,20,5,0.7600200800921859,0.8872662551768987,0.1272461750847128,,
munich,gbdt+k10,0,5,20,8,0.7600200800921859,0.9214936850391904,0.16147360494700447,,
munich,gbdt+k10,0,5,20,-1,0.674987735170966,,,1.0,6.0
munich,gbdt+k10,0,6,20,3,0.727458385149859,0.8495932640418031,0.12213487889194408,,
munich,gbdt+k10,0,6,20,5,0.727458385149859,0.8872662551768987,0.15980787002703967,,
munich,gbdt+k10,0,6,20,8,0.727458385149859,0.9214936850391904,0.19403529988933133,,
munich,gbdt+k10,0,6,20,-1,0.4106264760579128,,,1.0,6.0
munich,gbdt+k10,0,7,20,3,0.7383084804162056,0.8495932640418031,0.11128478362559757,,
munich,gbdt+k10,0,7,20,5,0.7601113532384853,0.8872662551768987,0.1271549019384134,,
munich,gbdt+k10,0,7,20,8,0.7601113532384853,0.9214936850391904,0.16138233180070505,,
munich,gbdt+k10,0,7,20,-1,0.4106264760579128,,,1.0,6.0
munich,gbdt+k10,0,8,20,3,0.7054957843215552,0.8495932640418031,0.1440974797202479,,
munich,gbdt+k10,0,8,20,5,0.8756745655968693,0.8872662551768987,0.01159168958002943,,
munich,gbdt+k10,0,8,20,8,0.8756745655968693,0.9214936850391904,0.04581911944232109,,
munich,gbdt+k10,0,8,20,-1,0.4106264760579128,,,1.0,6.0
munich,gbdt+k10,0,9,20,3,0.7383084804162056,0.8495932640418031,0.11128478362559757,,
munich,gbdt+k10,0,9,20,5,0.7383084804162056,0.8872662551768987,0.14895777476069316,,
munich,gbdt+k10,0,9,20,8,0.7383084804162056,0.9214936850391904,0.18318520462298482,,
munich,gbdt+k10,0,9,20,-1,0.4106264760579128,,,1.0,6.0
munich,gbdt+k10d,0,0,20,3,0.727458385149859,0.8495932640418031,0.12213487889194408,,
munich,gbdt+k10d,0,0,20,5,0.727458385149859,0.8872662551768987,0.15980787002703967,,
munich,gbdt+k10d,0,0,20,8,0.727458385149859,0.9214936850391904,0.19403529988933133,,
munich,gbdt+k10d,0,0,20,-1,0.4106264760579128,,,1.0,6.0
munich,gbdt,1,0,20,3,0.7781834362057753,0.8495932640418031,0.07140982783602778,,
munich,gbdt,1,0,20,5,0.7781834362057753,0.8872662551768987,0.10908281897112337,,
munich,gbdt,1,0,20,8,0.7781834362057753,0.9214936850391904,0.14331024883341503,,
munich,gbdt,1,0,20,-1,0.674987735170966,,,1.0,6.0
munich,gbdt,1,0,10,3,0.7781834362057753,0.8495932640418031,0.07140982783602778,,
munich,gbdt,1,0,10,5,0.7781834362057753,0.8872662551768987,0.10908281897112337,,
munich,gbdt,1,0,10,8,0.7781834362057753,0.911944232107611,0.13376079590183565,,
munich,gbdt,1,0,10,-1,0.674987735170966,,,1.0,7.0
munich,gbdt+k10,1,0,20,3,0.7383084804162056,0.8495932640418031,0.11128478362559757,,
munich,gbdt+k10,1,0,20,5,0.7383084804162056,0.8872662551768987,0.14895777476069316,,
munich,gbdt+k10,1,0,20,8,0.7383084804162056,0.9214936850391904,0.18318520462298482,,
munich,gbdt+k10,1,0,20,-1,0.4106264760579128,,,1.0,6.0
munich,gbdt+k10,1,1,20,3,0.7383084804162056,0.8495932640418031,0.11128478362559757,,
munich,gbdt+k10,1,1,20,5,0.8361076566760602,0.8872662551768987,0.05115859850083848,,
munich,gbdt+k10,1,1,20,8,0.8361076566760602,0.9214936850391904,0.08538602836313014,,
munich,gbdt+k10,1,1,20,-1,0.4106264760579128,,,1.0,6.0
munich,gbdt+k10,1,2,20,3,0.7383084804162056,0.8495932640418031,0.11128478362559757,,
munich,gbdt+k10,1,2,20,5,0.7897180800693676,0.8872662551768987,0.09754817510753111,,
munich,gbdt+k10,1,2,20,8,0.7897180800693676,0.9214936850391904,0.13177560496982277,,
munich,gbdt+k10,1,2,20,-1,0.4106264760579128,,,1.0,6.0
munich,gbdt+k10,1,3,20,3,0.7383084804162056,0.8495932640418031,0.11128478362559757,,
munich,gbdt+k10,1,3,20,5,0.8096612625357962,0.8872662551768987,0.07760499264110254,,
munich,gbdt+k10,1,3,20,8,0.8519777749888761,0.9214936850391904,0.06951591005031432,,
munich,gbdt+k10,1,3,20,-1,0.6729797259523782,,,2.0,6.0
munich,gbdt+k10,1,4,20,3,0.7383084804162056,0.8495932640418031,0.11128478362559757,,
munich,gbdt+k10,1,4,20,5,0.7383084804162056,0.8872662551768987,0.14895777476069316,,
munich,gbdt+k10,1,4,20,8,0.7383084804162056,0.9214936850391904,0.18318520462298482,,
munich,gbdt+k10,1,4,20,-1,0.4106264760579128,,,1.0,6.0
munich,gbdt+k10,1,5,20,3,0.6729797259523782,0.8495932640418031,0.17661353808942493,,
munich,gbdt+k10,1,5,20,5,0.6729797259523782,0.8872662551768987,0.21428652922452052,,
munich,gbdt+k10,1,5,20,8,0.6729797259523782,0.9214936850391904,0.24851395908681218,,
munich,gbdt+k10,1,5,20,-1,0.4106264760579128,,,1.0,6.0
munich,gbdt+k10,1,6,20,3,0.7781834362057753,0.8495932640418031,0.07140982783602778,,
munich,gbdt+k10,1,6,20,5,0.7781834362057753,0.8872662551768987,0.10908281897112337,,
munich,gbdt+k10,1,6,20,8,0.7781834362057753,0.9214936850391904,0.14331024883341503,,
munich,gbdt+k10,1,6,20,-1,0.674987735170966,,,1.0,6.0
munich,gbdt+k10,1,7,20,3,0.7383084804162056,0.8495932640418031,0.11128478362559757,,
munich,gbdt+k10,1,7,20,5,0.8361076566760602,0.8872662551768987,0.05115859850083848,,
munich,gbdt+k10,1,7,20,8,0.8361076566760602,0.9214936850391904,0.08538602836313014,,
munich,gbdt+k10,1,7,20,-1,0.4106264760579128,,,1.0,6.0
munich,gbdt+k10,1,8,20,3,0.7383084804162056,0.8495932640418031,0.11128478362559757,,
munich,gbdt+k10,1,8,20,5,0.8361076566760602,0.8872662551768987,0.05115859850083848,,
munich,gbdt+k10,1,8,20,8,0.8361076566760602,0.9214936850391904,0.08538602836313014,,
munich,gbdt+k10,1,8,20,-1,0.4106264760579128,,,1.0,6.0
munich,gbdt+k10,1,9,20,3,0.7383084804162056,0.8495932640418031,0.11128478362559757,,
munich,gbdt+k10,1,9,20,5,0.7383084804162056,0.8872662551768987,0.14895777476069316,,
munich,gbdt+k10,1,9,20,8,0.7383084804162056,0.9214936850391904,0.18318520462298482,,
munich,gbdt+k10,1,9,20,-1,0.4106264760579128,,,1.0,6.0
munich,gbdt+k10d,1,0,20,3,0.727458385149859,0.8495932640418031,0.12213487889194408,,
munich,gbdt+k10d,1,0,20,5,0.727458385149859,0.8872662551768987,0.15980787002703967,,
munich,gbdt+k10d,1,0,20,8,0.727458385149859,0.9214936850391904,0.19403529988933133,,
munich,gbdt+k10d,1,0,20,-1,0.4106264760579128,,,1.0,6.0
munich,gbdt,2,0,20,3,0.727458385149859,0.8495932640418031,0.12213487889194408,,
munich,gbdt,2,0,20,5,0.727458385149859,0.8872662551768987,0.15980787002703967,,
munich,gbdt,2,0,20,8,0.727458385149859,0.9214936850391904,0.19403529988933133,,
munich,gbdt,2,0,20,-1,0.4106264760579128,,,1.0,6.0
munich,gbdt,2,0,10,3,0.727458385149859,0.8495932640418031,0.12213487889194408,,
munich,gbdt,2,0,10,5,0.727458385149859,0.8872662551768987,0.15980787002703967,,
munich,gbdt,2,0,10,8,0.727458385149859,0.911944232107611,0.18448584695775194,,
munich,gbdt,2,0,10,-1,0.4106264760579128,,,1.0,7.0
munich,gbdt+k10,2,0,20,3,0.7383084804162056,0.8495932640418031,0.11128478362559757,,
munich,gbdt+k10,2,0,20,5,0.8361076566760602,0.8872662551768987,0.05115859850083848,,
munich,gbdt+k10,2,0,20,8,0.8361076566760602,0.9214936850391904,0.08538602836313014,,
munich,gbdt+k10,2,0,20,-1,0.4106264760579128,,,1.0,6.0
munich,gbdt+k10,2,1,20,3,0.7054957843215552,0.8495932640418031,0.1440974797202479,,
munich,gbdt+k10,2,1,20,5,0.8756745655968693,0.8872662551768987,0.01159168958002943,,
munich,gbdt+k10,2,1,20,8,0.8756745655968693,0.9214936850391904,0.04581911944232109,,
munich,gbdt+k10,2,1,20,-1,0.4106264760579128,,,1.0,6.0
munich,gbdt+k10,2,2,20,3,0.791132813837009,0.8495932640418031,0.05846045020479418,,
munich,gbdt+k10,2,2,20,5,0.8455201998881904,0.8872662551768987,0.04174605528870834,,
munich,gbdt+k10,2,2,20,8,0.8455201998881904,0.9214936850391904,0.075973485151,,
munich,gbdt+k10,2,2,20,-1,0.674987735170966,,,1.0,6.0
munich,gbdt+k10,2,3,20,3,0.7883603920181633,0.8495932640418031,0.061232872023639806,,
munich,gbdt+k10,2,3,20,5,0.8451779255895675,0.8872662551768987,0.04208832958733122,,
munich,gbdt+k10,2,3,20,8,0.875480610160983,0.9214936850391904,0.04601307487820738,,
munich,gbdt+k10,2,3,20,-1,0.674987735170966,,,1.0,6.0
munich,gbdt+k10,2,4,20,3,0.8255656082784744,0.8495932640418031,0.02402765576332877,,
munich,gbdt+k10,2,4,20,5,0.8255656082784744,0.8872662551768987,0.06170064689842436,,
munich,gbdt+k10,2,4,20,8,0.8255656082784744,0.9214936850391904,0.09592807676071602,,
munich,gbdt+k10,2,4,20,-1,0.674987735170966,,,1.0,6.0
munich,gbdt+k10,2,5,20,3,0.7600200800921859,0.8495932640418031,0.08957318394961722,,
munich,gbdt+k10,2,5,20,5,0.7600200800921859,0.8872662551768987,0.1272461750847128,,
munich,gbdt+k10,2,5,20,8,0.7600200800921859,0.9214936850391904,0.16147360494700447,,
munich,gbdt+k10,2,5,20,-1,0.674987735170966,,,1.0,6.0
munich,gbdt+k10,2,6,20,3,0.727458385149859,0.8495932640418031,0.12213487889194408,,
munich,gbdt+k10,2,6,20,5,0.727458385149859,0.8872662551768987,0.15980787002703967,,
munich,gbdt+k10,2,6,20,8,0.727458385149859,0.9214936850391904,0.19403529988933133,,
munich,gbdt+k10,2,6,20,-1,0.4106264760579128,,,1.0,6.0
munich,gbdt+k10,2,7,20,3,0.7383084804162056,0.8495932640418031,0.11128478362559757,,
munich,gbdt+k10,2,7,20,5,0.8361076566760602,0.8872662551768987,0.05115859850083848,,
munich,gbdt+k10,2,7,20,8,0.8361076566760602,0.9214936850391904,0.08538602836313014,,
munich,gbdt+k10,2,7,20,-1,0.4106264760579128,,,1.0,6.0
munich,gbdt+k10,2,8,20,3,0.7383084804162056,0.8495932640418031,0.11128478362559757,,
munich,gbdt+k10,2,8,20,5,0.8505288137913724,0.8872662551768987,0.03673744138552637,,
munich,gbdt+k10,2,8,20,8,0.8505288137913724,0.9214936850391904,0.07096487124781803,,
munich,gbdt+k10,2,8,20,-1,0.4106264760579128,,,1.0,6.0
munich,gbdt+k10,2,9,20,3,0.7600200800921859,0.8495932640418031,0.08957318394961722,,
munich,gbdt+k10,2,9,20,5,0.7600200800921859,0.8872662551768987,0.1272461750847128,,
munich,gbdt+k10,2,9,20,8,0.7600200800921859,0.9214936850391904,0.16147360494700447,,
munich,gbdt+k10,2,9,20,-1,0.674987735170966,,,1.0,6.0
munich,gbdt+k10d,2,0,20,3,0.6729797259523782,0.8495932640418031,0.17661353808942493,,
munich,gbdt+k10d,2,0,20,5,0.6729797259523782,0.8872662551768987,0.21428652922452052,,
munich,gbdt+k10d,2,0,20,8,0.6729797259523782,0.9214936850391904,0.24851395908681218,,
munich,gbdt+k10d,2,0,20,-1,0.4106264760579128,,,1.0,6.0
munich,gbdt,3,0,20,3,0.727458385149859,0.8495932640418031,0.12213487889194408,,
munich,gbdt,3,0,20,5,0.727458385149859,0.8872662551768987,0.15980787002703967,,
munich,gbdt,3,0,20,8,0.727458385149859,0.9214936850391904,0.19403529988933133,,
munich,gbdt,3,0,20,-1,0.4106264760579128,,,1.0,6.0
munich,gbdt,3,0,10,3,0.727458385149859,0.8495932640418031,0.12213487889194408,,
munich,gbdt,3,0,10,5,0.727458385149859,0.8872662551768987,0.15980787002703967,,
munich,gbdt,3,0,10,8,0.727458385149859,0.911944232107611,0.18448584695775194,,
munich,gbdt,3,0,10,-1,0.4106264760579128,,,1.0,7.0
munich,gbdt+k10,3,0,20,3,0.8255656082784744,0.8495932640418031,0.02402765576332877,,
munich,gbdt+k10,3,0,20,5,0.8255656082784744,0.8872662551768987,0.06170064689842436,,
munich,gbdt+k10,3,0,20,8,0.8255656082784744,0.9214936850391904,0.09592807676071602,,
munich,gbdt+k10,3,0,20,-1,0.674987735170966,,,1.0,6.0
munich,gbdt+k10,3,1,20,3,0.803374824584422,0.8495932640418031,0.04621843945738113,,
munich,gbdt+k10,3,1,20,5,0.8288286232586795,0.8872662551768987,0.05843763191821927,,
munich,gbdt+k10,3,1,20,8,0.8288286232586795,0.9214936850391904,0.09266506178051093,,
munich,gbdt+k10,3,1,20,-1,0.674987735170966,,,1.0,6.0
munich,gbdt+k10,3,2,20,3,0.8255656082784744,0.8495932640418031,0.02402765576332877,,
munich,gbdt+k10,3,2,20,5,0.8455201998881904,0.8872662551768987,0.04174605528870834,,
munich,gbdt+k10,3,2,20,8,0.8455201998881904,0.9214936850391904,0.075973485151,,
munich,gbdt+k10,3,2,20,-1,0.674987735170966,,,1.0,6.0
munich,gbdt+k10,3,3,20,3,0.7054957843215552,0.8495932640418031,0.1440974797202479,,
munich,gbdt+k10,3,3,20,5,0.8359137012401738,0.8872662551768987,0.05135255393672489,,
munich,gbdt+k10,3,3,20,8,0.8359137012401738,0.9214936850391904,0.08557998379901655,,
munich,gbdt+k10,3,3,20,-1,0.6729797259523782,,,2.0,6.0
munich,gbdt+k10,3,4,20,3,0.8255656082784744,0.8495932640418031,0.02402765576332877,,
munich,gbdt+k10,3,4,20,5,0.8255656082784744,0.8872662551768987,0.06170064689842436,,
munich,gbdt+k10,3,4,20,8,0.8255656082784744,0.9214936850391904,0.09592807676071602,,
munich,gbdt+k10,3,4,20,-1,0.674987735170966,,,1.0,6.0
munich,gbdt+k10,3,5,20,3,0.8255656082784744,0.8495932640418031,0.02402765576332877,,
munich,gbdt+k10,3,5,20,5,0.8255656082784744,0.8872662551768987,0.06170064689842436,,
munich,gbdt+k10,3,5,20,8,0.8255656082784744,0.9214936850391904,0.09592807676071602,,
munich,gbdt+k10,3,5,20,-1,0.674987735170966,,,1.0,6.0
munich,gbdt+k10,3,6,20,3,0.727458385149859,0.8495932640418031,0.12213487889194408,,
munich,gbdt+k10,3,6,20,5,0.727458385149859,0.8872662551768987,0.15980787002703967,,
munich,gbdt+k10,3,6,20,8,0.727458385149859,0.9214936850391904,0.19403529988933133,,
munich,gbdt+k10,3,6,20,-1,0.4106264760579128,,,1.0,6.0
munich,gbdt+k10,3,7,20,3,0.8255656082784744,0.8495932640418031,0.02402765576332877,,
munich,gbdt+k10,3,7,20,5,0.8255656082784744,0.8872662551768987,0.06170064689842436,,
munich,gbdt+k10,3,7,20,8,0.8255656082784744,0.9214936850391904,0.09592807676071602,,
munich,gbdt+k10,3,7,20,-1,0.674987735170966,,,1.0,6.0
munich,gbdt+k10,3,8,20,3,0.803374824584422,0.8495932640418031,0.04621843945738113,,
munich,gbdt+k10,3,8,20,5,0.8702666316786273,0.8872662551768987,0.016999623498271443,,
munich,gbdt+k10,3,8,20,8,0.8702666316786273,0.9214936850391904,0.0512270533605631,,
munich,gbdt+k10,3,8,20,-1,0.674987735170966,,,1.0,6.0
munich,gbdt+k10,3,9,20,3,0.8255656082784744,0.8495932640418031,0.02402765576332877,,
munich,gbdt+k10,3,9,20,5,0.8255656082784744,0.8872662551768987,0.06170064689842436,,
munich,gbdt+k10,3,9,20,8,0.8255656082784744,0.9214936850391904,0.09592807676071602,,
munich,gbdt+k10,3,9,20,-1,0.674987735170966,,,1.0,6.0
munich,gbdt+k10d,3,0,20,3,0.727458385149859,0.8495932640418031,0.12213487889194408,,
munich,gbdt+k10d,3,0,20,5,0.727458385149859,0.8872662551768987,0.15980787002703967,,
munich,gbdt+k10d,3,0,20,8,0.727458385149859,0.9214936850391904,0.19403529988933133,,
munich,gbdt+k10d,3,0,20,-1,0.4106264760579128,,,1.0,6.0
munich,gbdt,4,0,20,3,0.727458385149859,0.8495932640418031,0.12213487889194408,,
munich,gbdt,4,0,20,5,0.727458385149859,0.8872662551768987,0.15980787002703967,,
munich,gbdt,4,0,20,8,0.727458385149859,0.9214936850391904,0.19403529988933133,,
munich,gbdt,4,0,20,-1,0.4106264760579128,,,1.0,6.0
munich,gbdt,4,0,10,3,0.727458385149859,0.8495932640418031,0.12213487889194408,,
munich,gbdt,4,0,10,5,0.727458385149859,0.8872662551768987,0.15980787002703967,,
munich,gbdt,4,0,10,8,0.727458385149859,0.911944232107611,0.18448584695775194,,
munich,gbdt,4,0,10,-1,0.4106264760579128,,,1.0,7.0
munich,gbdt+k10,4,0,20,3,0.803374824584422,0.8495932640418031,0.04621843945738113,,
munich,gbdt+k10,4,0,20,5,0.8466040685004963,0.8872662551768987,0.04066218667640242,,
munich,gbdt+k10,4,0,20,8,0.8466040685004963,0.9214936850391904,0.07488961653869408,,
munich,gbdt+k10,4,0,20,-1,0.674987735170966,,,1.0,6.0
munich,gbdt+k10,4,1,20,3,0.7054957843215552,0.8495932640418031,0.1440974797202479,,
munich,gbdt+k10,4,1,20,5,0.7994386701502584,0.8872662551768987,0.08782758502664034,,
munich,gbdt+k10,4,1,20,8,0.7994386701502584,0.9214936850391904,0.122055014888932,,
munich,gbdt+k10,4,1,20,-1,0.4106264760579128,,,1.0,6.0
munich,gbdt+k10,4,2,20,3,0.791132813837009,0.8495932640418031,0.05846045020479418,,
munich,gbdt+k10,4,2,20,5,0.791132813837009,0.8872662551768987,0.09613344133988977,,
munich,gbdt+k10,4,2,20,8,0.791132813837009,0.9214936850391904,0.13036087120218143,,
munich,gbdt+k10,4,2,20,-1,0.674987735170966,,,1.0,6.0
munich,gbdt+k10,4,3,20,3,0.7383084804162056,0.8495932640418031,0.11128478362559757,,
munich,gbdt+k10,4,3,20,5,0.8096612625357962,0.8872662551768987,0.07760499264110254,,
munich,gbdt+k10,4,3,20,8,0.8519777749888761,0.9214936850391904,0.06951591005031432,,
munich,gbdt+k10,4,3,20,-1,0.6729797259523782,,,2.0,6.0
munich,gbdt+k10,4,4,20,3,0.7600200800921859,0.8495932640418031,0.08957318394961722,,
munich,gbdt+k10,4,4,20,5,0.7600200800921859,0.8872662551768987,0.1272461750847128,,
munich,gbdt+k10,4,4,20,8,0.7600200800921859,0.9214936850391904,0.16147360494700447,,
munich,gbdt+k10,4,4,20,-1,0.674987735170966,,,1.0,6.0
munich,gbdt+k10,4,5,20,3,0.7600200800921859,0.8495932640418031,0.08957318394961722,,
munich,gbdt+k10,4,5,20,5,0.7600200800921859,0.8872662551768987,0.1272461750847128,,
munich,gbdt+k10,4,5,20,8,0.7600200800921859,0.9214936850391904,0.16147360494700447,,
munich,gbdt+k10,4,5,20,-1,0.674987735170966,,,1.0,6.0
munich,gbdt+k10,4,6,20,3,0.727458385149859,0.8495932640418031,0.12213487889194408,,
munich,gbdt+k10,4,6,20,5,0.727458385149859,0.8872662551768987,0.15980787002703967,,
munich,gbdt+k10,4,6,20,8,0.727458385149859,0.9214936850391904,0.19403529988933133,,
munich,gbdt+k10,4,6,20,-1,0.4106264760579128,,,1.0,6.0
munich,gbdt+k10,4,7,20,3,0.8255656082784744,0.8495932640418031,0.02402765576332877,,
munich,gbdt+k10,4,7,20,5,0.8615728644936052,0.8872662551768987,0.02569339068329357,,
munich,gbdt+k10,4,7,20,8,0.8615728644936052,0.9214936850391904,0.05992082054558523,,
munich,gbdt+k10,4,7,20,-1,0.674987735170966,,,1.0,6.0
munich,gbdt+k10,4,8,20,3,0.7861356090771144,0.8495932640418031,0.06345765496468869,,
munich,gbdt+k10,4,8,20,5,0.8646076966080617,0.8872662551768987,0.02265855856883703,,
munich,gbdt+k10,4,8,20,8,0.8646076966080617,0.9214936850391904,0.05688598843112869,,
munich,gbdt+k10,4,8,20,-1,0.674987735170966,,,1.0,6.0
munich,gbdt+k10,4,9,20,3,0.803374824584422,0.8495932640418031,0.04621843945738113,,
munich,gbdt+k10,4,9,20,5,0.803374824584422,0.8872662551768987,0.08389143059247672,,
munich,gbdt+k10,4,9,20,8,0.803374824584422,0.9214936850391904,0.11811886045476838,,
munich,gbdt+k10,4,9,20,-1,0.674987735170966,,,1.0,6.0
munich,gbdt+k10d,4,0,20,3,0.7781834362057753,0.8495932640418031,0.07140982783602778,,
munich,gbdt+k10d,4,0,20,5,0.7781834362057753,0.8872662551768987,0.10908281897112337,,
munich,gbdt+k10d,4,0,20,8,0.7781834362057753,0.9214936850391904,0.14331024883341503,,
munich,gbdt+k10d,4,0,20,-1,0.674987735170966,,,1.0,6.0
munich,gbdt_iw,0,0,20,3,0.7781834362057753,0.8495932640418031,0.07140982783602778,,
munich,gbdt_iw,0,0,20,5,0.7781834362057753,0.8872662551768987,0.10908281897112337,,
munich,gbdt_iw,0,0,20,8,0.7781834362057753,0.9214936850391904,0.14331024883341503,,
munich,gbdt_iw,0,0,20,-1,0.674987735170966,,,1.0,6.0
munich,gbdt_iw,0,0,10,3,0.7781834362057753,0.8495932640418031,0.07140982783602778,,
munich,gbdt_iw,0,0,10,5,0.7781834362057753,0.8872662551768987,0.10908281897112337,,
munich,gbdt_iw,0,0,10,8,0.7781834362057753,0.911944232107611,0.13376079590183565,,
munich,gbdt_iw,0,0,10,-1,0.674987735170966,,,1.0,7.0
munich,gbdt_iw,1,0,20,3,0.727458385149859,0.8495932640418031,0.12213487889194408,,
munich,gbdt_iw,1,0,20,5,0.727458385149859,0.8872662551768987,0.15980787002703967,,
munich,gbdt_iw,1,0,20,8,0.727458385149859,0.9214936850391904,0.19403529988933133,,
munich,gbdt_iw,1,0,20,-1,0.4106264760579128,,,1.0,6.0
munich,gbdt_iw,1,0,10,3,0.727458385149859,0.8495932640418031,0.12213487889194408,,
munich,gbdt_iw,1,0,10,5,0.727458385149859,0.8872662551768987,0.15980787002703967,,
munich,gbdt_iw,1,0,10,8,0.727458385149859,0.911944232107611,0.18448584695775194,,
munich,gbdt_iw,1,0,10,-1,0.4106264760579128,,,1.0,7.0
munich,gbdt_iw,2,0,20,3,0.727458385149859,0.8495932640418031,0.12213487889194408,,
munich,gbdt_iw,2,0,20,5,0.727458385149859,0.8872662551768987,0.15980787002703967,,
munich,gbdt_iw,2,0,20,8,0.727458385149859,0.9214936850391904,0.19403529988933133,,
munich,gbdt_iw,2,0,20,-1,0.4106264760579128,,,1.0,6.0
munich,gbdt_iw,2,0,10,3,0.727458385149859,0.8495932640418031,0.12213487889194408,,
munich,gbdt_iw,2,0,10,5,0.727458385149859,0.8872662551768987,0.15980787002703967,,
munich,gbdt_iw,2,0,10,8,0.727458385149859,0.911944232107611,0.18448584695775194,,
munich,gbdt_iw,2,0,10,-1,0.4106264760579128,,,1.0,7.0
munich,gbdt_iw,3,0,20,3,0.7600200800921859,0.8495932640418031,0.08957318394961722,,
munich,gbdt_iw,3,0,20,5,0.7600200800921859,0.8872662551768987,0.1272461750847128,,
munich,gbdt_iw,3,0,20,8,0.7600200800921859,0.9214936850391904,0.16147360494700447,,
munich,gbdt_iw,3,0,20,-1,0.674987735170966,,,1.0,6.0
munich,gbdt_iw,3,0,10,3,0.7600200800921859,0.8495932640418031,0.08957318394961722,,
munich,gbdt_iw,3,0,10,5,0.7600200800921859,0.8872662551768987,0.1272461750847128,,
munich,gbdt_iw,3,0,10,8,0.7600200800921859,0.911944232107611,0.15192415201542508,,
munich,gbdt_iw,3,0,10,-1,0.674987735170966,,,1.0,7.0
munich,gbdt_iw,4,0,20,3,0.7781834362057753,0.8495932640418031,0.07140982783602778,,
munich,gbdt_iw,4,0,20,5,0.7781834362057753,0.8872662551768987,0.10908281897112337,,
munich,gbdt_iw,4,0,20,8,0.7781834362057753,0.9214936850391904,0.14331024883341503,,
munich,gbdt_iw,4,0,20,-1,0.674987735170966,,,1.0,6.0
munich,gbdt_iw,4,0,10,3,0.7781834362057753,0.8495932640418031,0.07140982783602778,,
munich,gbdt_iw,4,0,10,5,0.7781834362057753,0.8872662551768987,0.10908281897112337,,
munich,gbdt_iw,4,0,10,8,0.7781834362057753,0.911944232107611,0.13376079590183565,,
munich,gbdt_iw,4,0,10,-1,0.674987735170966,,,1.0,7.0
munich,gp_ard,0,0,20,3,0.7781834362057753,0.8495932640418031,0.07140982783602778,,
munich,gp_ard,0,0,20,5,0.7781834362057753,0.8872662551768987,0.10908281897112337,,
munich,gp_ard,0,0,20,8,0.7781834362057753,0.9214936850391904,0.14331024883341503,,
munich,gp_ard,0,0,20,-1,0.674987735170966,,,1.0,6.0
munich,gp_ard,0,0,10,3,0.7781834362057753,0.8495932640418031,0.07140982783602778,,
munich,gp_ard,0,0,10,5,0.7781834362057753,0.8872662551768987,0.10908281897112337,,
munich,gp_ard,0,0,10,8,0.7781834362057753,0.911944232107611,0.13376079590183565,,
munich,gp_ard,0,0,10,-1,0.674987735170966,,,1.0,7.0
munich,kernel,0,0,20,3,0.674987735170966,0.8495932640418031,0.17460552887083713,,
munich,kernel,0,0,20,5,0.674987735170966,0.8872662551768987,0.21227852000593272,,
munich,kernel,0,0,20,8,0.674987735170966,0.9214936850391904,0.24650594986822438,,
munich,kernel,0,0,20,-1,0.674987735170966,,,1.0,6.0
munich,kernel,0,0,10,3,0.674987735170966,0.8495932640418031,0.17460552887083713,,
munich,kernel,0,0,10,5,0.674987735170966,0.8872662551768987,0.21227852000593272,,
munich,kernel,0,0,10,8,0.674987735170966,0.911944232107611,0.236956496936645,,
munich,kernel,0,0,10,-1,0.674987735170966,,,1.0,7.0
munich,knn,0,0,20,3,0.7781834362057753,0.8495932640418031,0.07140982783602778,,
munich,knn,0,0,20,5,0.7781834362057753,0.8872662551768987,0.10908281897112337,,
munich,knn,0,0,20,8,0.7781834362057753,0.9214936850391904,0.14331024883341503,,
munich,knn,0,0,20,-1,0.674987735170966,,,1.0,6.0
munich,knn,0,0,10,3,0.7781834362057753,0.8495932640418031,0.07140982783602778,,
munich,knn,0,0,10,5,0.7781834362057753,0.8872662551768987,0.10908281897112337,,
munich,knn,0,0,10,8,0.7781834362057753,0.911944232107611,0.13376079590183565,,
munich,knn,0,0,10,-1,0.674987735170966,,,1.0,7.0
munich,median,0,0,20,3,0.674987735170966,0.8495932640418031,0.17460552887083713,,
munich,median,0,0,20,5,0.674987735170966,0.8872662551768987,0.21227852000593272,,
munich,median,0,0,20,8,0.674987735170966,0.9214936850391904,0.24650594986822438,,
munich,median,0,0,20,-1,0.674987735170966,,,1.0,6.0
munich,median,0,0,10,3,0.674987735170966,0.8495932640418031,0.17460552887083713,,
munich,median,0,0,10,5,0.674987735170966,0.8872662551768987,0.21227852000593272,,
munich,median,0,0,10,8,0.674987735170966,0.911944232107611,0.236956496936645,,
munich,median,0,0,10,-1,0.674987735170966,,,1.0,7.0
munich,mlp,0,0,20,3,0.674987735170966,0.8495932640418031,0.17460552887083713,,
munich,mlp,0,0,20,5,0.674987735170966,0.8872662551768987,0.21227852000593272,,
munich,mlp,0,0,20,8,0.674987735170966,0.9214936850391904,0.24650594986822438,,
munich,mlp,0,0,20,-1,0.674987735170966,,,1.0,6.0
munich,mlp,0,0,10,3,0.674987735170966,0.8495932640418031,0.17460552887083713,,
munich,mlp,0,0,10,5,0.674987735170966,0.8872662551768987,0.21227852000593272,,
munich,mlp,0,0,10,8,0.674987735170966,0.911944232107611,0.236956496936645,,
munich,mlp,0,0,10,-1,0.674987735170966,,,1.0,7.0
munich,mlp,1,0,20,3,0.674987735170966,0.8495932640418031,0.17460552887083713,,
munich,mlp,1,0,20,5,0.674987735170966,0.8872662551768987,0.21227852000593272,,
munich,mlp,1,0,20,8,0.674987735170966,0.9214936850391904,0.24650594986822438,,
munich,mlp,1,0,20,-1,0.674987735170966,,,1.0,6.0
munich,mlp,1,0,10,3,0.674987735170966,0.8495932640418031,0.17460552887083713,,
munich,mlp,1,0,10,5,0.674987735170966,0.8872662551768987,0.21227852000593272,,
munich,mlp,1,0,10,8,0.674987735170966,0.911944232107611,0.236956496936645,,
munich,mlp,1,0,10,-1,0.674987735170966,,,1.0,7.0
munich,mlp,2,0,20,3,0.727458385149859,0.8495932640418031,0.12213487889194408,,
munich,mlp,2,0,20,5,0.727458385149859,0.8872662551768987,0.15980787002703967,,
munich,mlp,2,0,20,8,0.727458385149859,0.9214936850391904,0.19403529988933133,,
munich,mlp,2,0,20,-1,0.4106264760579128,,,1.0,6.0
munich,mlp,2,0,10,3,0.727458385149859,0.8495932640418031,0.12213487889194408,,
munich,mlp,2,0,10,5,0.727458385149859,0.8872662551768987,0.15980787002703967,,
munich,mlp,2,0,10,8,0.727458385149859,0.911944232107611,0.18448584695775194,,
munich,mlp,2,0,10,-1,0.4106264760579128,,,1.0,7.0
munich,mlp,3,0,20,3,0.674987735170966,0.8495932640418031,0.17460552887083713,,
munich,mlp,3,0,20,5,0.674987735170966,0.8872662551768987,0.21227852000593272,,
munich,mlp,3,0,20,8,0.674987735170966,0.9214936850391904,0.24650594986822438,,
munich,mlp,3,0,20,-1,0.674987735170966,,,1.0,6.0
munich,mlp,3,0,10,3,0.674987735170966,0.8495932640418031,0.17460552887083713,,
munich,mlp,3,0,10,5,0.674987735170966,0.8872662551768987,0.21227852000593272,,
munich,mlp,3,0,10,8,0.674987735170966,0.911944232107611,0.236956496936645,,
munich,mlp,3,0,10,-1,0.674987735170966,,,1.0,7.0
munich,mlp,4,0,20,3,0.674987735170966,0.8495932640418031,0.17460552887083713,,
munich,mlp,4,0,20,5,0.674987735170966,0.8872662551768987,0.21227852000593272,,
munich,mlp,4,0,20,8,0.674987735170966,0.9214936850391904,0.24650594986822438,,
munich,mlp,4,0,20,-1,0.674987735170966,,,1.0,6.0
munich,mlp,4,0,10,3,0.674987735170966,0.8495932640418031,0.17460552887083713,,
munich,mlp,4,0,10,5,0.674987735170966,0.8872662551768987,0.21227852000593272,,
munich,mlp,4,0,10,8,0.674987735170966,0.911944232107611,0.236956496936645,,
munich,mlp,4,0,10,-1,0.674987735170966,,,1.0,7.0
munich,ridge,0,0,20,3,0.674987735170966,0.8495932640418031,0.17460552887083713,,
munich,ridge,0,0,20,5,0.674987735170966,0.8872662551768987,0.21227852000593272,,
munich,ridge,0,0,20,8,0.674987735170966,0.9214936850391904,0.24650594986822438,,
munich,ridge,0,0,20,-1,0.674987735170966,,,1.0,6.0
munich,ridge,0,0,10,3,0.674987735170966,0.8495932640418031,0.17460552887083713,,
munich,ridge,0,0,10,5,0.674987735170966,0.8872662551768987,0.21227852000593272,,
munich,ridge,0,0,10,8,0.674987735170966,0.911944232107611,0.236956496936645,,
munich,ridge,0,0,10,-1,0.674987735170966,,,1.0,7.0
munich,ridge+k10,0,0,20,3,0.7600200800921859,0.8495932640418031,0.08957318394961722,,
munich,ridge+k10,0,0,20,5,0.7600200800921859,0.8872662551768987,0.1272461750847128,,
munich,ridge+k10,0,0,20,8,0.7600200800921859,0.9214936850391904,0.16147360494700447,,
munich,ridge+k10,0,0,20,-1,0.674987735170966,,,1.0,6.0
munich,ridge+k10,0,1,20,3,0.7600200800921859,0.8495932640418031,0.08957318394961722,,
munich,ridge+k10,0,1,20,5,0.7600200800921859,0.8872662551768987,0.1272461750847128,,
munich,ridge+k10,0,1,20,8,0.7600200800921859,0.9214936850391904,0.16147360494700447,,
munich,ridge+k10,0,1,20,-1,0.674987735170966,,,1.0,6.0
munich,ridge+k10,0,2,20,3,0.7610697212746295,0.8495932640418031,0.08852354276717367,,
munich,ridge+k10,0,2,20,5,0.7610697212746295,0.8872662551768987,0.12619653390226926,,
munich,ridge+k10,0,2,20,8,0.7610697212746295,0.9214936850391904,0.16042396376456092,,
munich,ridge+k10,0,2,20,-1,0.674987735170966,,,1.0,6.0
munich,ridge+k10,0,3,20,3,0.7383084804162056,0.8495932640418031,0.11128478362559757,,
munich,ridge+k10,0,3,20,5,0.7881550274389896,0.8872662551768987,0.09911122773790915,,
munich,ridge+k10,0,3,20,8,0.7881550274389896,0.9214936850391904,0.1333386576002008,,
munich,ridge+k10,0,3,20,-1,0.4106264760579128,,,1.0,6.0
munich,ridge+k10,0,4,20,3,0.7781834362057753,0.8495932640418031,0.07140982783602778,,
munich,ridge+k10,0,4,20,5,0.7781834362057753,0.8872662551768987,0.10908281897112337,,
munich,ridge+k10,0,4,20,8,0.7781834362057753,0.9214936850391904,0.14331024883341503,,
munich,ridge+k10,0,4,20,-1,0.674987735170966,,,1.0,6.0
munich,ridge+k10,0,5,20,3,0.7781834362057753,0.8495932640418031,0.07140982783602778,,
munich,ridge+k10,0,5,20,5,0.7781834362057753,0.8872662551768987,0.10908281897112337,,
munich,ridge+k10,0,5,20,8,0.7781834362057753,0.9214936850391904,0.14331024883341503,,
munich,ridge+k10,0,5,20,-1,0.674987735170966,,,1.0,6.0
munich,ridge+k10,0,6,20,3,0.674987735170966,0.8495932640418031,0.17460552887083713,,
munich,ridge+k10,0,6,20,5,0.674987735170966,0.8872662551768987,0.21227852000593272,,
munich,ridge+k10,0,6,20,8,0.674987735170966,0.9214936850391904,0.24650594986822438,,
munich,ridge+k10,0,6,20,-1,0.674987735170966,,,1.0,6.0
munich,ridge+k10,0,7,20,3,0.7781834362057753,0.8495932640418031,0.07140982783602778,,
munich,ridge+k10,0,7,20,5,0.7781834362057753,0.8872662551768987,0.10908281897112337,,
munich,ridge+k10,0,7,20,8,0.7781834362057753,0.9214936850391904,0.14331024883341503,,
munich,ridge+k10,0,7,20,-1,0.674987735170966,,,1.0,6.0
munich,ridge+k10,0,8,20,3,0.8495932640418031,0.8495932640418031,0.0,,
munich,ridge+k10,0,8,20,5,0.8495932640418031,0.8872662551768987,0.03767299113509559,,
munich,ridge+k10,0,8,20,8,0.8495932640418031,0.9214936850391904,0.07190042099738725,,
munich,ridge+k10,0,8,20,-1,0.674987735170966,,,1.0,6.0
munich,ridge+k10,0,9,20,3,0.7781834362057753,0.8495932640418031,0.07140982783602778,,
munich,ridge+k10,0,9,20,5,0.7781834362057753,0.8872662551768987,0.10908281897112337,,
munich,ridge+k10,0,9,20,8,0.7781834362057753,0.9214936850391904,0.14331024883341503,,
munich,ridge+k10,0,9,20,-1,0.674987735170966,,,1.0,6.0
munich,ridge+k10d,0,0,20,3,0.674987735170966,0.8495932640418031,0.17460552887083713,,
munich,ridge+k10d,0,0,20,5,0.674987735170966,0.8872662551768987,0.21227852000593272,,
munich,ridge+k10d,0,0,20,8,0.674987735170966,0.9214936850391904,0.24650594986822438,,
munich,ridge+k10d,0,0,20,-1,0.674987735170966,,,1.0,6.0
munich,uma_los,0,0,20,3,0.674987735170966,0.8495932640418031,0.17460552887083713,,
munich,uma_los,0,0,20,5,0.674987735170966,0.8872662551768987,0.21227852000593272,,
munich,uma_los,0,0,20,8,0.674987735170966,0.9214936850391904,0.24650594986822438,,
munich,uma_los,0,0,20,-1,0.674987735170966,,,1.0,6.0
munich,uma_los,0,0,10,3,0.674987735170966,0.8495932640418031,0.17460552887083713,,
munich,uma_los,0,0,10,5,0.674987735170966,0.8872662551768987,0.21227852000593272,,
munich,uma_los,0,0,10,8,0.674987735170966,0.911944232107611,0.236956496936645,,
munich,uma_los,0,0,10,-1,0.674987735170966,,,1.0,7.0
munich,uma_nlos,0,0,20,3,0.6317014455384545,0.8495932640418031,0.2178918185033486,,
munich,uma_nlos,0,0,20,5,0.763043503063355,0.8872662551768987,0.12422275211354372,,
munich,uma_nlos,0,0,20,8,0.8194959440495613,0.9214936850391904,0.1019977409896291,,
munich,uma_nlos,0,0,20,-1,0.763043503063355,,,5.0,6.0
munich,uma_nlos,0,0,10,3,0.7616059510091387,0.8495932640418031,0.08798731303266438,,
munich,uma_nlos,0,0,10,5,0.8339855560245981,0.8872662551768987,0.053280699152300603,,
munich,uma_nlos,0,0,10,8,0.876484614770277,0.911944232107611,0.03545961733733405,,
munich,uma_nlos,0,0,10,-1,0.888201804926468,,,,7.0
newyork,oracle,0,0,20,3,0.7790065122929303,0.7985433910838555,0.01953687879092525,,
newyork,oracle,0,0,20,5,0.7790065122929303,0.8973894976709896,0.11838298537805936,,
newyork,oracle,0,0,20,8,0.7790065122929303,0.9495213520547792,0.1705148397618489,,
newyork,oracle,0,0,20,-1,0.4455056242529853,,,1.0,6.0
newyork,oracle,0,0,10,3,0.7609106039788658,0.7985433910838555,0.03763278710498974,,
newyork,oracle,0,0,10,5,0.7609106039788658,0.8973894976709896,0.13647889369212385,,
newyork,oracle,0,0,10,8,0.7609106039788658,0.932151514136032,0.17124091015716625,,
newyork,oracle,0,0,10,-1,0.4810942439373122,,,1.0,6.0
newyork,coral,0,0,20,3,0.6471632988170638,0.7985433910838555,0.15138009226679172,,
newyork,coral,0,0,20,5,0.6471632988170638,0.8973894976709896,0.25022619885392583,,
newyork,coral,0,0,20,8,0.6471632988170638,0.9495213520547792,0.30235805323771536,,
newyork,coral,0,0,20,-1,0.2820839337376987,,,1.0,6.0
newyork,coral,0,0,10,3,0.6658065525060599,0.7985433910838555,0.1327368385777956,,
newyork,coral,0,0,10,5,0.6658065525060599,0.8973894976709896,0.23158294516492972,,
newyork,coral,0,0,10,8,0.6658065525060599,0.932151514136032,0.2663449616299721,,
newyork,coral,0,0,10,-1,0.2820839337376987,,,1.0,6.0
newyork,cost231,0,0,20,3,0.6751002535661227,0.7985433910838555,0.12344313751773284,,
newyork,cost231,0,0,20,5,0.7890821353171811,0.8973894976709896,0.10830736235380856,,
newyork,cost231,0,0,20,8,0.8956022474671314,0.9495213520547792,0.053919104587647815,,
newyork,cost231,0,0,20,-1,0.9578320655027199,,,,6.0
newyork,cost231,0,0,10,3,0.6896663427275672,0.7985433910838555,0.10887704835628831,,
newyork,cost231,0,0,10,5,0.8520827050031835,0.8973894976709896,0.04530679266780613,,
newyork,cost231,0,0,10,8,0.923025367782581,0.932151514136032,0.009126146353450992,,
newyork,cost231,0,0,10,-1,0.9387531695765334,,,,6.0
newyork,encoder,0,0,20,3,0.7039755146722071,0.7985433910838555,0.09456787641164843,,
newyork,encoder,0,0,20,5,0.7039755146722071,0.8973894976709896,0.19341398299878254,,
newyork,encoder,0,0,20,8,0.7039755146722071,0.9495213520547792,0.24554583738257207,,
newyork,encoder,0,0,20,-1,0.4810942439373122,,,1.0,6.0
newyork,encoder,0,0,10,3,0.7187203288540375,0.7985433910838555,0.07982306222981805,,
newyork,encoder,0,0,10,5,0.7730415647375535,0.8973894976709896,0.12434793293343616,,
newyork,encoder,0,0,10,8,0.7730415647375535,0.932151514136032,0.15910994939847856,,
newyork,encoder,0,0,10,-1,0.4810942439373122,,,1.0,6.0
newyork,encoder,1,0,20,3,0.6677836980440781,0.7985433910838555,0.1307596930397774,,
newyork,encoder,1,0,20,5,0.6677836980440781,0.8973894976709896,0.22960579962691152,,
newyork,encoder,1,0,20,8,0.6677836980440781,0.9495213520547792,0.28173765401070106,,
newyork,encoder,1,0,20,-1,0.4810942439373122,,,1.0,6.0
newyork,encoder,1,0,10,3,0.6677836980440781,0.7985433910838555,0.1307596930397774,,
newyork,encoder,1,0,10,5,0.6677836980440781,0.8973894976709896,0.22960579962691152,,
newyork,encoder,1,0,10,8,0.6677836980440781,0.932151514136032,0.2643678160919539,,
newyork,encoder,1,0,10,-1,0.4810942439373122,,,1.0,6.0
newyork,encoder,2,0,20,3,0.5503613596505926,0.7985433910838555,0.2481820314332629,,
newyork,encoder,2,0,20,5,0.5503613596505926,0.8973894976709896,0.347028138020397,,
newyork,encoder,2,0,20,8,0.5503613596505926,0.9495213520547792,0.39915999240418654,,
newyork,encoder,2,0,20,-1,0.2415468650514393,,,1.0,6.0
newyork,encoder,2,0,10,3,0.5147615696524915,0.7985433910838555,0.283781821431364,,
newyork,encoder,2,0,10,5,0.5147615696524915,0.8973894976709896,0.3826279280184981,,
newyork,encoder,2,0,10,8,0.5147615696524915,0.932151514136032,0.4173899444835405,,
newyork,encoder,2,0,10,-1,0.2820839337376987,,,1.0,6.0
newyork,encoder,3,0,20,3,0.643074963975738,0.7985433910838555,0.15546842710811748,,
newyork,encoder,3,0,20,5,0.643074963975738,0.8973894976709896,0.2543145336952516,,
newyork,encoder,3,0,20,8,0.643074963975738,0.9495213520547792,0.3064463880790411,,
newyork,encoder,3,0,20,-1,0.4810942439373122,,,1.0,6.0
newyork,encoder,3,0,10,3,0.6677836980440781,0.7985433910838555,0.1307596930397774,,
newyork,encoder,3,0,10,5,0.6677836980440781,0.8973894976709896,0.22960579962691152,,
newyork,encoder,3,0,10,8,0.6677836980440781,0.932151514136032,0.2643678160919539,,
newyork,encoder,3,0,10,-1,0.4810942439373122,,,1.0,6.0
newyork,encoder,4,0,20,3,0.6756811098823766,0.7985433910838555,0.1228622812014789,,
newyork,encoder,4,0,20,5,0.6756811098823766,0.8973894976709896,0.22170838778861301,,
newyork,encoder,4,0,20,8,0.6756811098823766,0.9495213520547792,0.27384024217240255,,
newyork,encoder,4,0,20,-1,0.2820839337376987,,,1.0,6.0
newyork,encoder,4,0,10,3,0.6756811098823766,0.7985433910838555,0.1228622812014789,,
newyork,encoder,4,0,10,5,0.6756811098823766,0.8973894976709896,0.22170838778861301,,
newyork,encoder,4,0,10,8,0.6756811098823766,0.932151514136032,0.2564704042536554,,
newyork,encoder,4,0,10,-1,0.2820839337376987,,,1.0,6.0
newyork,gbdt,0,0,20,3,0.6589032985936575,0.7985433910838555,0.13964009249019804,,
newyork,gbdt,0,0,20,5,0.7172793583771768,0.8973894976709896,0.1801101392938128,,
newyork,gbdt,0,0,20,8,0.7172793583771768,0.9495213520547792,0.23224199367760234,,
newyork,gbdt,0,0,20,-1,0.2820839337376987,,,1.0,6.0
newyork,gbdt,0,0,10,3,0.6589032985936575,0.7985433910838555,0.13964009249019804,,
newyork,gbdt,0,0,10,5,0.7172793583771768,0.8973894976709896,0.1801101392938128,,
newyork,gbdt,0,0,10,8,0.7172793583771768,0.932151514136032,0.2148721557588552,,
newyork,gbdt,0,0,10,-1,0.2820839337376987,,,1.0,6.0
newyork,gbdt+k10,0,0,20,3,0.2820839337376987,0.7985433910838555,0.5164594573461568,,
newyork,gbdt+k10,0,0,20,5,0.2820839337376987,0.8973894976709896,0.6153055639332909,,
newyork,gbdt+k10,0,0,20,8,0.2820839337376987,0.9495213520547792,0.6674374183170805,,
newyork,gbdt+k10,0,0,20,-1,0.2820839337376987,,,1.0,6.0
newyork,gbdt+k10,0,1,20,3,0.643074963975738,0.7985433910838555,0.15546842710811748,,
newyork,gbdt+k10,0,1,20,5,0.8208505076907611,0.8973894976709896,0.07653898998022857,,
newyork,gbdt+k10,0,1,20,8,0.8208505076907611,0.9495213520547792,0.1286708443640181,,
newyork,gbdt+k10,0,1,20,-1,0.4810942439373122,,,1.0,6.0
newyork,gbdt+k10,0,2,20,3,0.5147615696524915,0.7985433910838555,0.283781821431364,,
newyork,gbdt+k10,0,2,20,5,0.5147615696524915,0.8973894976709896,0.3826279280184981,,
newyork,gbdt+k10,0,2,20,8,0.5147615696524915,0.9495213520547792,0.43475978240228763,,
newyork,gbdt+k10,0,2,20,-1,0.2820839337376987,,,1.0,6.0
newyork,gbdt+k10,0,3,20,3,0.6589032985936575,0.7985433910838555,0.13964009249019804,,
newyork,gbdt+k10,0,3,20,5,0.6589032985936575,0.8973894976709896,0.23848619907733215,,
newyork,gbdt+k10,0,3,20,8,0.6589032985936575,0.9495213520547792,0.2906180534611217,,
newyork,gbdt+k10,0,3,20,-1,0.4810942439373122,,,1.0,6.0
newyork,gbdt+k10,0,4,20,3,0.598449560448153,0.7985433910838555,0.20009383063570252,,
newyork,gbdt+k10,0,4,20,5,0.598449560448153,0.8973894976709896,0.2989399372228366,,
newyork,gbdt+k10,0,4,20,8,0.598449560448153,0.9495213520547792,0.35107179160662616,,
newyork,gbdt+k10,0,4,20,-1,0.4810942439373122,,,1.0,6.0
newyork,gbdt+k10,0,5,20,3,0.6269226902583693,0.7985433910838555,0.1716207008254862,,
newyork,gbdt+k10,0,5,20,5,0.6269226902583693,0.8973894976709896,0.2704668074126203,,
newyork,gbdt+k10,0,5,20,8,0.6269226902583693,0.9495213520547792,0.32259866179640984,,
newyork,gbdt+k10,0,5,20,-1,0.2820839337376987,,,1.0,6.0
newyork,gbdt+k10,0,6,20,3,0.6225215866313685,0.7985433910838555,0.17602180445248705,,
newyork,gbdt+k10,0,6,20,5,0.7172793583771768,0.8973894976709896,0.1801101392938128,,
newyork,gbdt+k10,0,6,20,8,0.7172793583771768,0.9495213520547792,0.23224199367760234,,
newyork,gbdt+k10,0,6,20,-1,0.2820839337376987,,,1.0,6.0
newyork,gbdt+k10,0,7,20,3,0.643074963975738,0.7985433910838555,0.15546842710811748,,
newyork,gbdt+k10,0,7,20,5,0.7573696145124716,0.8973894976709896,0.140019883158518,,
newyork,gbdt+k10,0,7,20,8,0.7573696145124716,0.9495213520547792,0.19215173754230752,,
newyork,gbdt+k10,0,7,20,-1,0.4810942439373122,,,1.0,6.0
newyork,gbdt+k10,0,8,20,3,0.643074963975738,0.7985433910838555,0.15546842710811748,,
newyork,gbdt+k10,0,8,20,5,0.7573696145124716,0.8973894976709896,0.140019883158518,,
newyork,gbdt+k10,0,8,20,8,0.7573696145124716,0.9495213520547792,0.19215173754230752,,
newyork,gbdt+k10,0,8,20,-1,0.4810942439373122,,,1.0,6.0
newyork,gbdt+k10,0,9,20,3,0.7073824603733119,0.7985433910838555,0.09116093071054365,,
newyork,gbdt+k10,0,9,20,5,0.7073824603733119,0.8973894976709896,0.19000703729767776,,
newyork,gbdt+k10,0,9,20,8,0.7073824603733119,0.9495213520547792,0.2421388916814673,,
newyork,gbdt+k10,0,9,20,-1,0.4810942439373122,,,1.0,6.0
newyork,gbdt+k10d,0,0,20,3,0.598449560448153,0.7985433910838555,0.20009383063570252,,
newyork,gbdt+k10d,0,0,20,5,0.598449560448153,0.8973894976709896,0.2989399372228366,,
newyork,gbdt+k10d,0,0,20,8,0.598449560448153,0.9495213520547792,0.35107179160662616,,
newyork,gbdt+k10d,0,0,20,-1,0.4810942439373122,,,1.0,6.0
newyork,gbdt,1,0,20,3,0.6269226902583693,0.7985433910838555,0.1716207008254862,,
newyork,gbdt,1,0,20,5,0.6269226902583693,0.8973894976709896,0.2704668074126203,,
newyork,gbdt,1,0,20,8,0.6269226902583693,0.9495213520547792,0.32259866179640984,,
newyork,gbdt,1,0,20,-1,0.2820839337376987,,,1.0,6.0
newyork,gbdt,1,0,10,3,0.6269226902583693,0.7985433910838555,0.1716207008254862,,
newyork,gbdt,1,0,10,5,0.6269226902583693,0.8973894976709896,0.2704668074126203,,
newyork,gbdt,1,0,10,8,0.6269226902583693,0.932151514136032,0.3052288238776627,,
newyork,gbdt,1,0,10,-1,0.2820839337376987,,,1.0,6.0
newyork,gbdt+k10,1,0,20,3,0.4810942439373122,0.7985433910838555,0.3174491471465433,,
newyork,gbdt+k10,1,0,20,5,0.4810942439373122,0.8973894976709896,0.41629525373367743,,
newyork,gbdt+k10,1,0,20,8,0.4810942439373122,0.9495213520547792,0.46842710811746696,,
newyork,gbdt+k10,1,0,20,-1,0.4810942439373122,,,1.0,6.0
newyork,gbdt+k10,1,1,20,3,0.643074963975738,0.7985433910838555,0.15546842710811748,,
newyork,gbdt+k10,1,1,20,5,0.7638595668152318,0.8973894976709896,0.13352993085575782,,
newyork,gbdt+k10,1,1,20,8,0.7638595668152318,0.9495213520547792,0.18566178523954735,,
newyork,gbdt+k10,1,1,20,-1,0.4810942439373122,,,1.0,6.0
newyork,gbdt+k10,1,2,20,3,0.5147615696524915,0.7985433910838555,0.283781821431364,,
newyork,gbdt+k10,1,2,20,5,0.5147615696524915,0.8973894976709896,0.3826279280184981,,
newyork,gbdt+k10,1,2,20,8,0.5147615696524915,0.9495213520547792,0.43475978240228763,,
newyork,gbdt+k10,1,2,20,-1,0.2820839337376987,,,1.0,6.0
newyork,gbdt+k10,1,3,20,3,0.598449560448153,0.7985433910838555,0.20009383063570252,,
newyork,gbdt+k10,1,3,20,5,0.598449560448153,0.8973894976709896,0.2989399372228366,,
newyork,gbdt+k10,1,3,20,8,0.598449560448153,0.9495213520547792,0.35107179160662616,,
newyork,gbdt+k10,1,3,20,-1,0.4810942439373122,,,1.0,6.0
newyork,gbdt+k10,1,4,20,3,0.5147615696524915,0.7985433910838555,0.283781821431364,,
newyork,gbdt+k10,1,4,20,5,0.5147615696524915,0.8973894976709896,0.3826279280184981,,
newyork,gbdt+k10,1,4,20,8,0.5147615696524915,0.9495213520547792,0.43475978240228763,,
newyork,gbdt+k10,1,4,20,-1,0.2820839337376987,,,1.0,6.0
newyork,gbdt+k10,1,5,20,3,0.5147615696524915,0.7985433910838555,0.283781821431364,,
newyork,gbdt+k10,1,5,20,5,0.5147615696524915,0.8973894976709896,0.3826279280184981,,
newyork,gbdt+k10,1,5,20,8,0.5147615696524915,0.9495213520547792,0.43475978240228763,,
newyork,gbdt+k10,1,5,20,-1,0.2820839337376987,,,1.0,6.0
newyork,gbdt+k10,1,6,20,3,0.5147615696524915,0.7985433910838555,0.283781821431364,,
newyork,gbdt+k10,1,6,20,5,0.5147615696524915,0.8973894976709896,0.3826279280184981,,
newyork,gbdt+k10,1,6,20,8,0.5147615696524915,0.9495213520547792,0.43475978240228763,,
newyork,gbdt+k10,1,6,20,-1,0.2820839337376987,,,1.0,6.0
newyork,gbdt+k10,1,7,20,3,0.643074963975738,0.7985433910838555,0.15546842710811748,,
newyork,gbdt+k10,1,7,20,5,0.7573696145124716,0.8973894976709896,0.140019883158518,,
newyork,gbdt+k10,1,7,20,8,0.7573696145124716,0.9495213520547792,0.19215173754230752,,
newyork,gbdt+k10,1,7,20,-1,0.4810942439373122,,,1.0,6.0
newyork,gbdt+k10,1,8,20,3,0.6972733264077388,0.7985433910838555,0.10127006467611677,,
newyork,gbdt+k10,1,8,20,5,0.7438982161008902,0.8973894976709896,0.1534912815700994,,
newyork,gbdt+k10,1,8,20,8,0.7438982161008902,0.9495213520547792,0.20562313595388892,,
newyork,gbdt+k10,1,8,20,-1,0.2820839337376987,,,1.0,6.0
newyork,gbdt+k10,1,9,20,3,0.7073824603733119,0.7985433910838555,0.09116093071054365,,
newyork,gbdt+k10,1,9,20,5,0.7073824603733119,0.8973894976709896,0.19000703729767776,,
newyork,gbdt+k10,1,9,20,8,0.7073824603733119,0.9495213520547792,0.2421388916814673,,
newyork,gbdt+k10,1,9,20,-1,0.4810942439373122,,,1.0,6.0
newyork,gbdt+k10d,1,0,20,3,0.5147615696524915,0.7985433910838555,0.283781821431364,,
newyork,gbdt+k10d,1,0,20,5,0.5147615696524915,0.8973894976709896,0.3826279280184981,,
newyork,gbdt+k10d,1,0,20,8,0.5147615696524915,0.9495213520547792,0.43475978240228763,,
newyork,gbdt+k10d,1,0,20,-1,0.2820839337376987,,,1.0,6.0
newyork,gbdt,2,0,20,3,0.6677836980440781,0.7985433910838555,0.1307596930397774,,
newyork,gbdt,2,0,20,5,0.6677836980440781,0.8973894976709896,0.22960579962691152,,
newyork,gbdt,2,0,20,8,0.6677836980440781,0.9495213520547792,0.28173765401070106,,
newyork,gbdt,2,0,20,-1,0.4810942439373122,,,1.0,6.0
newyork,gbdt,2,0,10,3,0.6677836980440781,0.7985433910838555,0.1307596930397774,,
newyork,gbdt,2,0,10,5,0.6677836980440781,0.8973894976709896,0.22960579962691152,,
newyork,gbdt,2,0,10,8,0.6677836980440781,0.932151514136032,0.2643678160919539,,
newyork,gbdt,2,0,10,-1,0.4810942439373122,,,1.0,6.0
newyork,gbdt+k10,2,0,20,3,0.4810942439373122,0.7985433910838555,0.3174491471465433,,
newyork,gbdt+k10,2,0,20,5,0.4810942439373122,0.8973894976709896,0.41629525373367743,,
newyork,gbdt+k10,2,0,20,8,0.4810942439373122,0.9495213520547792,0.46842710811746696,,
newyork,gbdt+k10,2,0,20,-1,0.4810942439373122,,,1.0,6.0
newyork,gbdt+k10,2,1,20,3,0.643074963975738,0.7985433910838555,0.15546842710811748,,
newyork,gbdt+k10,2,1,20,5,0.7573696145124716,0.8973894976709896,0.140019883158518,,
newyork,gbdt+k10,2,1,20,8,0.7573696145124716,0.9495213520547792,0.19215173754230752,,
newyork,gbdt+k10,2,1,20,-1,0.4810942439373122,,,1.0,6.0
newyork,gbdt+k10,2,2,20,3,0.5147615696524915,0.7985433910838555,0.283781821431364,,
newyork,gbdt+k10,2,2,20,5,0.5147615696524915,0.8973894976709896,0.3826279280184981,,
newyork,gbdt+k10,2,2,20,8,0.5147615696524915,0.9495213520547792,0.43475978240228763,,
newyork,gbdt+k10,2,2,20,-1,0.2820839337376987,,,1.0,6.0
newyork,gbdt+k10,2,3,20,3,0.598449560448153,0.7985433910838555,0.20009383063570252,,
newyork,gbdt+k10,2,3,20,5,0.598449560448153,0.8973894976709896,0.2989399372228366,,
newyork,gbdt+k10,2,3,20,8,0.598449560448153,0.9495213520547792,0.35107179160662616,,
newyork,gbdt+k10,2,3,20,-1,0.4810942439373122,,,1.0,6.0
newyork,gbdt+k10,2,4,20,3,0.5432570400902561,0.7985433910838555,0.2552863509935994,,
newyork,gbdt+k10,2,4,20,5,0.5432570400902561,0.8973894976709896,0.35413245758073353,,
newyork,gbdt+k10,2,4,20,8,0.5432570400902561,0.9495213520547792,0.40626431196452306,,
newyork,gbdt+k10,2,4,20,-1,0.2820839337376987,,,1.0,6.0
newyork,gbdt+k10,2,5,20,3,0.6677836980440781,0.7985433910838555,0.1307596930397774,,
newyork,gbdt+k10,2,5,20,5,0.6677836980440781,0.8973894976709896,0.22960579962691152,,
newyork,gbdt+k10,2,5,20,8,0.6677836980440781,0.9495213520547792,0.28173765401070106,,
newyork,gbdt+k10,2,5,20,-1,0.4810942439373122,,,1.0,6.0
newyork,gbdt+k10,2,6,20,3,0.5432570400902561,0.7985433910838555,0.2552863509935994,,
newyork,gbdt+k10,2,6,20,5,0.5432570400902561,0.8973894976709896,0.35413245758073353,,
newyork,gbdt+k10,2,6,20,8,0.5432570400902561,0.9495213520547792,0.40626431196452306,,
newyork,gbdt+k10,2,6,20,-1,0.2820839337376987,,,1.0,6.0
newyork,gbdt+k10,2,7,20,3,0.6683533840465579,0.7985433910838555,0.13019000703729766,,
newyork,gbdt+k10,2,7,20,5,0.7683612032661997,0.8973894976709896,0.1290282944047899,,
newyork,gbdt+k10,2,7,20,8,0.7683612032661997,0.9495213520547792,0.18116014878857944,,
newyork,gbdt+k10,2,7,20,-1,0.4810942439373122,,,1.0,6.0
newyork,gbdt+k10,2,8,20,3,0.6683533840465579,0.7985433910838555,0.13019000703729766,,
newyork,gbdt+k10,2,8,20,5,0.7473610133708656,0.8973894976709896,0.15002848430012405,,
newyork,gbdt+k10,2,8,20,8,0.7473610133708656,0.9495213520547792,0.2021603386839136,,
newyork,gbdt+k10,2,8,20,-1,0.4810942439373122,,,1.0,6.0
newyork,gbdt+k10,2,9,20,3,0.7073824603733119,0.7985433910838555,0.09116093071054365,,
newyork,gbdt+k10,2,9,20,5,0.7073824603733119,0.8973894976709896,0.19000703729767776,,
newyork,gbdt+k10,2,9,20,8,0.7073824603733119,0.9495213520547792,0.2421388916814673,,
newyork,gbdt+k10,2,9,20,-1,0.4810942439373122,,,1.0,6.0
newyork,gbdt+k10d,2,0,20,3,0.5432570400902561,0.7985433910838555,0.2552863509935994,,
newyork,gbdt+k10d,2,0,20,5,0.5432570400902561,0.8973894976709896,0.35413245758073353,,
newyork,gbdt+k10d,2,0,20,8,0.5432570400902561,0.9495213520547792,0.40626431196452306,,
newyork,gbdt+k10d,2,0,20,-1,0.2820839337376987,,,1.0,6.0
newyork,gbdt,3,0,20,3,0.643074963975738,0.7985433910838555,0.15546842710811748,,
newyork,gbdt,3,0,20,5,0.743674809825408,0.8973894976709896,0.15371468784558162,,
newyork,gbdt,3,0,20,8,0.743674809825408,0.9495213520547792,0.20584654222937115,,
newyork,gbdt,3,0,20,-1,0.4810942439373122,,,1.0,6.0
newyork,gbdt,3,0,10,3,0.6677836980440781,0.7985433910838555,0.1307596930397774,,
newyork,gbdt,3,0,10,5,0.7509131731510338,0.8973894976709896,0.14647632451995585,,
newyork,gbdt,3,0,10,8,0.7509131731510338,0.932151514136032,0.18123834098499825,,
newyork,gbdt,3,0,10,-1,0.4810942439373122,,,1.0,6.0
newyork,gbdt+k10,3,0,20,3,0.2820839337376987,0.7985433910838555,0.5164594573461568,,
newyork,gbdt+k10,3,0,20,5,0.2820839337376987,0.8973894976709896,0.6153055639332909,,
newyork,gbdt+k10,3,0,20,8,0.2820839337376987,0.9495213520547792,0.6674374183170805,,
newyork,gbdt+k10,3,0,20,-1,0.2820839337376987,,,1.0,6.0
newyork,gbdt+k10,3,1,20,3,0.6527484557041208,0.7985433910838555,0.14579493537973476,,
newyork,gbdt+k10,3,1,20,5,0.7645856372105493,0.8973894976709896,0.13280386046044035,,
newyork,gbdt+k10,3,1,20,8,0.7645856372105493,0.9495213520547792,0.18493571484422988,,
newyork,gbdt+k10,3,1,20,-1,0.4810942439373122,,,1.0,6.0
newyork,gbdt+k10,3,2,20,3,0.6589032985936575,0.7985433910838555,0.13964009249019804,,
newyork,gbdt+k10,3,2,20,5,0.6589032985936575,0.8973894976709896,0.23848619907733215,,
newyork,gbdt+k10,3,2,20,8,0.6589032985936575,0.9495213520547792,0.2906180534611217,,
newyork,gbdt+k10,3,2,20,-1,0.2820839337376987,,,1.0,6.0
newyork,gbdt+k10,3,3,20,3,0.6683533840465579,0.7985433910838555,0.13019000703729766,,
newyork,gbdt+k10,3,3,20,5,0.706120214916837,0.8973894976709896,0.19126928275415267,,
newyork,gbdt+k10,3,3,20,8,0.706120214916837,0.9495213520547792,0.2434011371379422,,
newyork,gbdt+k10,3,3,20,-1,0.4810942439373122,,,1.0,6.0
newyork,gbdt+k10,3,4,20,3,0.5147615696524915,0.7985433910838555,0.283781821431364,,
newyork,gbdt+k10,3,4,20,5,0.5147615696524915,0.8973894976709896,0.3826279280184981,,
newyork,gbdt+k10,3,4,20,8,0.5147615696524915,0.9495213520547792,0.43475978240228763,,
newyork,gbdt+k10,3,4,20,-1,0.2820839337376987,,,1.0,6.0
newyork,gbdt+k10,3,5,20,3,0.6677836980440781,0.7985433910838555,0.1307596930397774,,
newyork,gbdt+k10,3,5,20,5,0.6677836980440781,0.8973894976709896,0.22960579962691152,,
newyork,gbdt+k10,3,5,20,8,0.6677836980440781,0.9495213520547792,0.28173765401070106,,
newyork,gbdt+k10,3,5,20,-1,0.4810942439373122,,,1.0,6.0
newyork,gbdt+k10,3,6,20,3,0.6269226902583693,0.7985433910838555,0.1716207008254862,,
newyork,gbdt+k10,3,6,20,5,0.6269226902583693,0.8973894976709896,0.2704668074126203,,
newyork,gbdt+k10,3,6,20,8,0.6269226902583693,0.9495213520547792,0.32259866179640984,,
newyork,gbdt+k10,3,6,20,-1,0.2820839337376987,,,1.0,6.0
newyork,gbdt+k10,3,7,20,3,0.5909654502194966,0.7985433910838555,0.20757794086435888,,
newyork,gbdt+k10,3,7,20,5,0.7582297286730785,0.8973894976709896,0.13915976899791116,,
newyork,gbdt+k10,3,7,20,8,0.7582297286730785,0.9495213520547792,0.1912916233817007,,
newyork,gbdt+k10,3,7,20,-1,0.4810942439373122,,,1.0,6.0
newyork,gbdt+k10,3,8,20,3,0.6168247266065704,0.7985433910838555,0.18171866447728513,,
newyork,gbdt+k10,3,8,20,5,0.7525663795896027,0.8973894976709896,0.14482311808138693,,
newyork,gbdt+k10,3,8,20,8,0.7525663795896027,0.9495213520547792,0.19695497246517646,,
newyork,gbdt+k10,3,8,20,-1,0.4810942439373122,,,1.0,6.0
newyork,gbdt+k10,3,9,20,3,0.7073824603733119,0.7985433910838555,0.09116093071054365,,
newyork,gbdt+k10,3,9,20,5,0.7073824603733119,0.8973894976709896,0.19000703729767776,,
newyork,gbdt+k10,3,9,20,8,0.7073824603733119,0.9495213520547792,0.2421388916814673,,
newyork,gbdt+k10,3,9,20,-1,0.4810942439373122,,,1.0,6.0
newyork,gbdt+k10d,3,0,20,3,0.5147615696524915,0.7985433910838555,0.283781821431364,,
newyork,gbdt+k10d,3,0,20,5,0.5147615696524915,0.8973894976709896,0.3826279280184981,,
newyork,gbdt+k10d,3,0,20,8,0.5147615696524915,0.9495213520547792,0.43475978240228763,,
newyork,gbdt+k10d,3,0,20,-1,0.2820839337376987,,,1.0,6.0
newyork,gbdt,4,0,20,3,0.6344291411145739,0.7985433910838555,0.1641142499692816,,
newyork,gbdt,4,0,20,5,0.6835338404655786,0.8973894976709896,0.213855657205411,,
newyork,gbdt,4,0,20,8,0.6835338404655786,0.9495213520547792,0.26598751158920053,,
newyork,gbdt,4,0,20,-1,0.4810942439373122,,,1.0,6.0
newyork,gbdt,4,0,10,3,0.6344291411145739,0.7985433910838555,0.1641142499692816,,
newyork,gbdt,4,0,10,5,0.6835338404655786,0.8973894976709896,0.213855657205411,,
newyork,gbdt,4,0,10,8,0.6835338404655786,0.932151514136032,0.2486176736704534,,
newyork,gbdt,4,0,10,-1,0.4810942439373122,,,1.0,6.0
newyork,gbdt+k10,4,0,20,3,0.4810942439373122,0.7985433910838555,0.3174491471465433,,
newyork,gbdt+k10,4,0,20,5,0.4810942439373122,0.8973894976709896,0.41629525373367743,,
newyork,gbdt+k10,4,0,20,8,0.4810942439373122,0.9495213520547792,0.46842710811746696,,
newyork,gbdt+k10,4,0,20,-1,0.4810942439373122,,,1.0,6.0
newyork,gbdt+k10,4,1,20,3,0.643074963975738,0.7985433910838555,0.15546842710811748,,
newyork,gbdt+k10,4,1,20,5,0.7573696145124716,0.8973894976709896,0.140019883158518,,
newyork,gbdt+k10,4,1,20,8,0.7573696145124716,0.9495213520547792,0.19215173754230752,,
newyork,gbdt+k10,4,1,20,-1,0.4810942439373122,,,1.0,6.0
newyork,gbdt+k10,4,2,20,3,0.5147615696524915,0.7985433910838555,0.283781821431364,,
newyork,gbdt+k10,4,2,20,5,0.5147615696524915,0.8973894976709896,0.3826279280184981,,
newyork,gbdt+k10,4,2,20,8,0.5147615696524915,0.9495213520547792,0.43475978240228763,,
newyork,gbdt+k10,4,2,20,-1,0.2820839337376987,,,1.0,6.0
newyork,gbdt+k10,4,3,20,3,0.5147615696524915,0.7985433910838555,0.283781821431364,,
newyork,gbdt+k10,4,3,20,5,0.5147615696524915,0.8973894976709896,0.3826279280184981,,
newyork,gbdt+k10,4,3,20,8,0.5147615696524915,0.9495213520547792,0.43475978240228763,,
newyork,gbdt+k10,4,3,20,-1,0.2820839337376987,,,1.0,6.0
newyork,gbdt+k10,4,4,20,3,0.5147615696524915,0.7985433910838555,0.283781821431364,,
newyork,gbdt+k10,4,4,20,5,0.5147615696524915,0.8973894976709896,0.3826279280184981,,
newyork,gbdt+k10,4,4,20,8,0.5147615696524915,0.9495213520547792,0.43475978240228763,,
newyork,gbdt+k10,4,4,20,-1,0.2820839337376987,,,1.0,6.0
newyork,gbdt+k10,4,5,20,3,0.6344291411145739,0.7985433910838555,0.1641142499692816,,
newyork,gbdt+k10,4,5,20,5,0.6835338404655786,0.8973894976709896,0.213855657205411,,
newyork,gbdt+k10,4,5,20,8,0.6835338404655786,0.9495213520547792,0.26598751158920053,,
newyork,gbdt+k10,4,5,20,-1,0.4810942439373122,,,1.0,6.0
newyork,gbdt+k10,4,6,20,3,0.5147615696524915,0.7985433910838555,0.283781821431364,,
newyork,gbdt+k10,4,6,20,5,0.5147615696524915,0.8973894976709896,0.3826279280184981,,
newyork,gbdt+k10,4,6,20,8,0.5147615696524915,0.9495213520547792,0.43475978240228763,,
newyork,gbdt+k10,4,6,20,-1,0.2820839337376987,,,1.0,6.0
newyork,gbdt+k10,4,7,20,3,0.643074963975738,0.7985433910838555,0.15546842710811748,,
newyork,gbdt+k10,4,7,20,5,0.7573696145124716,0.8973894976709896,0.140019883158518,,
newyork,gbdt+k10,4,7,20,8,0.7573696145124716,0.9495213520547792,0.19215173754230752,,
newyork,gbdt+k10,4,7,20,-1,0.4810942439373122,,,1.0,6.0
newyork,gbdt+k10,4,8,20,3,0.6344291411145739,0.7985433910838555,0.1641142499692816,,
newyork,gbdt+k10,4,8,20,5,0.6835338404655786,0.8973894976709896,0.213855657205411,,
newyork,gbdt+k10,4,8,20,8,0.6835338404655786,0.9495213520547792,0.26598751158920053,,
newyork,gbdt+k10,4,8,20,-1,0.4810942439373122,,,1.0,6.0
newyork,gbdt+k10,4,9,20,3,0.6269226902583693,0.7985433910838555,0.1716207008254862,,
newyork,gbdt+k10,4,9,20,5,0.6269226902583693,0.8973894976709896,0.2704668074126203,,
newyork,gbdt+k10,4,9,20,8,0.6269226902583693,0.9495213520547792,0.32259866179640984,,
newyork,gbdt+k10,4,9,20,-1,0.2820839337376987,,,1.0,6.0
newyork,gbdt+k10d,4,0,20,3,0.5147615696524915,0.7985433910838555,0.283781821431364,,
newyork,gbdt+k10d,4,0,20,5,0.5147615696524915,0.8973894976709896,0.3826279280184981,,
newyork,gbdt+k10d,4,0,20,8,0.5147615696524915,0.9495213520547792,0.43475978240228763,,
newyork,gbdt+k10d,4,0,20,-1,0.2820839337376987,,,1.0,6.0
newyork,gbdt_iw,0,0,20,3,0.643074963975738,0.7985433910838555,0.15546842710811748,,
newyork,gbdt_iw,0,0,20,5,0.7471487774091574,0.8973894976709896,0.15024072026183222,,
newyork,gbdt_iw,0,0,20,8,0.7471487774091574,0.9495213520547792,0.20237257464562175,,
newyork,gbdt_iw,0,0,20,-1,0.4810942439373122,,,1.0,6.0
newyork,gbdt_iw,0,0,10,3,0.6677836980440781,0.7985433910838555,0.1307596930397774,,
newyork,gbdt_iw,0,0,10,5,0.7681154563631692,0.8973894976709896,0.1292740413078204,,
newyork,gbdt_iw,0,0,10,8,0.7681154563631692,0.932151514136032,0.1640360577728628,,
newyork,gbdt_iw,0,0,10,-1,0.4810942439373122,,,1.0,6.0
newyork,gbdt_iw,1,0,20,3,0.6683533840465579,0.7985433910838555,0.13019000703729766,,
newyork,gbdt_iw,1,0,20,5,0.7888475587279247,0.8973894976709896,0.10854193894306496,,
newyork,gbdt_iw,1,0,20,8,0.7888475587279247,0.9495213520547792,0.1606737933268545,,
newyork,gbdt_iw,1,0,20,-1,0.4810942439373122,,,1.0,6.0
newyork,gbdt_iw,1,0,10,3,0.6677836980440781,0.7985433910838555,0.1307596930397774,,
newyork,gbdt_iw,1,0,10,5,0.7730415647375535,0.8973894976709896,0.12434793293343616,,
newyork,gbdt_iw,1,0,10,8,0.7730415647375535,0.932151514136032,0.15910994939847856,,
newyork,gbdt_iw,1,0,10,-1,0.4810942439373122,,,1.0,6.0
newyork,gbdt_iw,2,0,20,3,0.6495649162784982,0.7985433910838555,0.1489784748053573,,
newyork,gbdt_iw,2,0,20,5,0.7803916312009205,0.8973894976709896,0.11699786647006916,,
newyork,gbdt_iw,2,0,20,8,0.8046312120907476,0.9495213520547792,0.14489013996403155,,
newyork,gbdt_iw,2,0,20,-1,0.4810942439373122,,,1.0,6.0
newyork,gbdt_iw,2,0,10,3,0.7298906426281514,0.7985433910838555,0.06865274845570413,,
newyork,gbdt_iw,2,0,10,5,0.8287144085877373,0.8973894976709896,0.06867508908325237,,
newyork,gbdt_iw,2,0,10,8,0.8287144085877373,0.932151514136032,0.10343710554829477,,
newyork,gbdt_iw,2,0,10,-1,0.4810942439373122,,,1.0,6.0
newyork,gbdt_iw,3,0,20,3,0.6683533840465579,0.7985433910838555,0.13019000703729766,,
newyork,gbdt_iw,3,0,20,5,0.706120214916837,0.8973894976709896,0.19126928275415267,,
newyork,gbdt_iw,3,0,20,8,0.706120214916837,0.9495213520547792,0.2434011371379422,,
newyork,gbdt_iw,3,0,20,-1,0.4810942439373122,,,1.0,6.0
newyork,gbdt_iw,3,0,10,3,0.6677836980440781,0.7985433910838555,0.1307596930397774,,
newyork,gbdt_iw,3,0,10,5,0.7509131731510338,0.8973894976709896,0.14647632451995585,,
newyork,gbdt_iw,3,0,10,8,0.7509131731510338,0.932151514136032,0.18123834098499825,,
newyork,gbdt_iw,3,0,10,-1,0.4810942439373122,,,1.0,6.0
newyork,gbdt_iw,4,0,20,3,0.6812327558281112,0.7985433910838555,0.11731063525574437,,
newyork,gbdt_iw,4,0,20,5,0.7222389776928834,0.8973894976709896,0.17515051997810627,,
newyork,gbdt_iw,4,0,20,8,0.7222389776928834,0.9495213520547792,0.2272823743618958,,
newyork,gbdt_iw,4,0,20,-1,0.2820839337376987,,,1.0,6.0
newyork,gbdt_iw,4,0,10,3,0.6972733264077388,0.7985433910838555,0.10127006467611677,,
newyork,gbdt_iw,4,0,10,5,0.7744490242730918,0.8973894976709896,0.12294047339789782,,
newyork,gbdt_iw,4,0,10,8,0.7744490242730918,0.932151514136032,0.15770248986294022,,
newyork,gbdt_iw,4,0,10,-1,0.2820839337376987,,,1.0,6.0
newyork,gp_ard,0,0,20,3,0.6527484557041208,0.7985433910838555,0.14579493537973476,,
newyork,gp_ard,0,0,20,5,0.7742926398802542,0.8973894976709896,0.12309685779073543,,
newyork,gp_ard,0,0,20,8,0.7742926398802542,0.9495213520547792,0.17522871217452496,,
newyork,gp_ard,0,0,20,-1,0.4810942439373122,,,1.0,6.0
newyork,gp_ard,0,0,10,3,0.7073824603733119,0.7985433910838555,0.09116093071054365,,
newyork,gp_ard,0,0,10,5,0.8220904125196877,0.8973894976709896,0.0752990851513019,,
newyork,gp_ard,0,0,10,8,0.8220904125196877,0.932151514136032,0.1100611016163443,,
newyork,gp_ard,0,0,10,-1,0.4810942439373122,,,1.0,6.0
newyork,kernel,0,0,20,3,0.6495649162784982,0.7985433910838555,0.1489784748053573,,
newyork,kernel,0,0,20,5,0.7811288719100119,0.8973894976709896,0.11626062576097773,,
newyork,kernel,0,0,20,8,0.7811288719100119,0.9495213520547792,0.16839248014476726,,
newyork,kernel,0,0,20,-1,0.4810942439373122,,,1.0,6.0
newyork,kernel,0,0,10,3,0.6893424036281179,0.7985433910838555,0.10920098745573759,,
newyork,kernel,0,0,10,5,0.7981300894742134,0.8973894976709896,0.09925940819677626,,
newyork,kernel,0,0,10,8,0.7981300894742134,0.932151514136032,0.13402142466181866,,
newyork,kernel,0,0,10,-1,0.4810942439373122,,,1.0,6.0
newyork,knn,0,0,20,3,0.7073824603733119,0.7985433910838555,0.09116093071054365,,
newyork,knn,0,0,20,5,0.7073824603733119,0.8973894976709896,0.19000703729767776,,
newyork,knn,0,0,20,8,0.7073824603733119,0.9495213520547792,0.2421388916814673,,
newyork,knn,0,0,20,-1,0.4810942439373122,,,1.0,6.0
newyork,knn,0,0,10,3,0.7073824603733119,0.7985433910838555,0.09116093071054365,,
newyork,knn,0,0,10,5,0.7073824603733119,0.8973894976709896,0.19000703729767776,,
newyork,knn,0,0,10,8,0.7073824603733119,0.932151514136032,0.22476905376272016,,
newyork,knn,0,0,10,-1,0.4810942439373122,,,1.0,6.0
newyork,median,0,0,20,3,0.4810942439373122,0.7985433910838555,0.3174491471465433,,
newyork,median,0,0,20,5,0.4810942439373122,0.8973894976709896,0.41629525373367743,,
newyork,median,0,0,20,8,0.4810942439373122,0.9495213520547792,0.46842710811746696,,
newyork,median,0,0,20,-1,0.4810942439373122,,,1.0,6.0
newyork,median,0,0,10,3,0.4810942439373122,0.7985433910838555,0.3174491471465433,,
newyork,median,0,0,10,5,0.4810942439373122,0.8973894976709896,0.41629525373367743,,
newyork,median,0,0,10,8,0.4810942439373122,0.932151514136032,0.45105727019871983,,
newyork,median,0,0,10,-1,0.4810942439373122,,,1.0,6.0
newyork,mlp,0,0,20,3,0.6344291411145739,0.7985433910838555,0.1641142499692816,,
newyork,mlp,0,0,20,5,0.6835338404655786,0.8973894976709896,0.213855657205411,,
newyork,mlp,0,0,20,8,0.6835338404655786,0.9495213520547792,0.26598751158920053,,
newyork,mlp,0,0,20,-1,0.2820839337376987,,,1.0,6.0
newyork,mlp,0,0,10,3,0.6344291411145739,0.7985433910838555,0.1641142499692816,,
newyork,mlp,0,0,10,5,0.6835338404655786,0.8973894976709896,0.213855657205411,,
newyork,mlp,0,0,10,8,0.6835338404655786,0.932151514136032,0.2486176736704534,,
newyork,mlp,0,0,10,-1,0.2820839337376987,,,1.0,6.0
newyork,mlp,1,0,20,3,0.5651396847737453,0.7985433910838555,0.2334037063101102,,
newyork,mlp,1,0,20,5,0.6715816047272768,0.8973894976709896,0.22580789294371284,,
newyork,mlp,1,0,20,8,0.6715816047272768,0.9495213520547792,0.2779397473275024,,
newyork,mlp,1,0,20,-1,0.2820839337376987,,,1.0,6.0
newyork,mlp,1,0,10,3,0.6789205008768696,0.7985433910838555,0.11962289020698591,,
newyork,mlp,1,0,10,5,0.7437753426493751,0.8973894976709896,0.15361415502161457,,
newyork,mlp,1,0,10,8,0.7437753426493751,0.932151514136032,0.18837617148665697,,
newyork,mlp,1,0,10,-1,0.2820839337376987,,,1.0,6.0
newyork,mlp,2,0,20,3,0.6344291411145739,0.7985433910838555,0.1641142499692816,,
newyork,mlp,2,0,20,5,0.6835338404655786,0.8973894976709896,0.213855657205411,,
newyork,mlp,2,0,20,8,0.6835338404655786,0.9495213520547792,0.26598751158920053,,
newyork,mlp,2,0,20,-1,0.4810942439373122,,,1.0,6.0
newyork,mlp,2,0,10,3,0.6344291411145739,0.7985433910838555,0.1641142499692816,,
newyork,mlp,2,0,10,5,0.6835338404655786,0.8973894976709896,0.213855657205411,,
newyork,mlp,2,0,10,8,0.6835338404655786,0.932151514136032,0.2486176736704534,,
newyork,mlp,2,0,10,-1,0.4810942439373122,,,1.0,6.0
newyork,mlp,3,0,20,3,0.6677836980440781,0.7985433910838555,0.1307596930397774,,
newyork,mlp,3,0,20,5,0.6677836980440781,0.8973894976709896,0.22960579962691152,,
newyork,mlp,3,0,20,8,0.6677836980440781,0.9495213520547792,0.28173765401070106,,
newyork,mlp,3,0,20,-1,0.4810942439373122,,,1.0,6.0
newyork,mlp,3,0,10,3,0.6677836980440781,0.7985433910838555,0.1307596930397774,,
newyork,mlp,3,0,10,5,0.6677836980440781,0.8973894976709896,0.22960579962691152,,
newyork,mlp,3,0,10,8,0.6677836980440781,0.932151514136032,0.2643678160919539,,
newyork,mlp,3,0,10,-1,0.4810942439373122,,,1.0,6.0
newyork,mlp,4,0,20,3,0.643074963975738,0.7985433910838555,0.15546842710811748,,
newyork,mlp,4,0,20,5,0.7878087195469321,0.8973894976709896,0.10958077812405753,,
newyork,mlp,4,0,20,8,0.7878087195469321,0.9495213520547792,0.16171263250784706,,
newyork,mlp,4,0,20,-1,0.4810942439373122,,,1.0,6.0
newyork,mlp,4,0,10,3,0.6677836980440781,0.7985433910838555,0.1307596930397774,,
newyork,mlp,4,0,10,5,0.8316522011103292,0.8973894976709896,0.06573729656066041,,
newyork,mlp,4,0,10,8,0.8316522011103292,0.932151514136032,0.10049931302570281,,
newyork,mlp,4,0,10,-1,0.4810942439373122,,,1.0,6.0
newyork,ridge,0,0,20,3,0.7111915373702847,0.7985433910838555,0.08735185371357079,,
newyork,ridge,0,0,20,5,0.8341320107681824,0.8973894976709896,0.06325748690280719,,
newyork,ridge,0,0,20,8,0.9197524658467656,0.9495213520547792,0.029768886208013545,,
newyork,ridge,0,0,20,-1,0.4810942439373122,,,1.0,6.0
newyork,ridge,0,0,10,3,0.7391955140019884,0.7985433910838555,0.05934787708186717,,
newyork,ridge,0,0,10,5,0.85036247668197,0.8973894976709896,0.047027020989019674,,
newyork,ridge,0,0,10,8,0.9283312668252851,0.932151514136032,0.003820247310746927,,
newyork,ridge,0,0,10,-1,0.4810942439373122,,,1.0,6.0
newyork,ridge+k10,0,0,20,3,0.6570490265071546,0.7985433910838555,0.14149436457670095,,
newyork,ridge+k10,0,0,20,5,0.725824648414374,0.8973894976709896,0.17156484925661564,,
newyork,ridge+k10,0,0,20,8,0.725824648414374,0.9495213520547792,0.22369670364040517,,
newyork,ridge+k10,0,0,20,-1,0.2415468650514393,,,1.0,6.0
newyork,ridge+k10,0,1,20,3,0.6527484557041208,0.7985433910838555,0.14579493537973476,,
newyork,ridge+k10,0,1,20,5,0.7813411078717201,0.8973894976709896,0.11604838979926957,,
newyork,ridge+k10,0,1,20,8,0.8626163108921729,0.9495213520547792,0.08690504116260622,,
newyork,ridge+k10,0,1,20,-1,0.4810942439373122,,,1.0,6.0
newyork,ridge+k10,0,2,20,3,0.6056879237737788,0.7985433910838555,0.19285546731007674,,
newyork,ridge+k10,0,2,20,5,0.6056879237737788,0.8973894976709896,0.29170157389721085,,
newyork,ridge+k10,0,2,20,8,0.6056879237737788,0.9495213520547792,0.3438334282810004,,
newyork,ridge+k10,0,2,20,-1,0.2415468650514393,,,1.0,6.0
newyork,ridge+k10,0,3,20,3,0.6683533840465579,0.7985433910838555,0.13019000703729766,,
newyork,ridge+k10,0,3,20,5,0.756219072193738,0.8973894976709896,0.14117042547725167,,
newyork,ridge+k10,0,3,20,8,0.756219072193738,0.9495213520547792,0.1933022798610412,,
newyork,ridge+k10,0,3,20,-1,0.4810942439373122,,,1.0,6.0
newyork,ridge+k10,0,4,20,3,0.6683533840465579,0.7985433910838555,0.13019000703729766,,
newyork,ridge+k10,0,4,20,5,0.8056365403304179,0.8973894976709896,0.09175295734057176,,
newyork,ridge+k10,0,4,20,8,0.8056365403304179,0.9495213520547792,0.1438848117243613,,
newyork,ridge+k10,0,4,20,-1,0.4810942439373122,,,1.0,6.0
newyork,ridge+k10,0,5,20,3,0.6647342023837449,0.7985433910838555,0.1338091887001106,,
newyork,ridge+k10,0,5,20,5,0.7959295376607128,0.8973894976709896,0.1014599600102768,,
newyork,ridge+k10,0,5,20,8,0.8366118204260358,0.9495213520547792,0.1129095316287434,,
newyork,ridge+k10,0,5,20,-1,0.4810942439373122,,,1.0,6.0
newyork,ridge+k10,0,6,20,3,0.6647342023837449,0.7985433910838555,0.1338091887001106,,
newyork,ridge+k10,0,6,20,5,0.7959295376607128,0.8973894976709896,0.1014599600102768,,
newyork,ridge+k10,0,6,20,8,0.7959295376607128,0.9495213520547792,0.15359181439406633,,
newyork,ridge+k10,0,6,20,-1,0.4810942439373122,,,1.0,6.0
newyork,ridge+k10,0,7,20,3,0.6527484557041208,0.7985433910838555,0.14579493537973476,,
newyork,ridge+k10,0,7,20,5,0.7813411078717201,0.8973894976709896,0.11604838979926957,,
newyork,ridge+k10,0,7,20,8,0.8868670620957743,0.9495213520547792,0.0626542899590049,,
newyork,ridge+k10,0,7,20,-1,0.4810942439373122,,,1.0,6.0
newyork,ridge+k10,0,8,20,3,0.6527484557041208,0.7985433910838555,0.14579493537973476,,
newyork,ridge+k10,0,8,20,5,0.7742926398802542,0.8973894976709896,0.12309685779073543,,
newyork,ridge+k10,0,8,20,8,0.7742926398802542,0.9495213520547792,0.17522871217452496,,
newyork,ridge+k10,0,8,20,-1,0.4810942439373122,,,1.0,6.0
newyork,ridge+k10,0,9,20,3,0.6677836980440781,0.7985433910838555,0.1307596930397774,,
newyork,ridge+k10,0,9,20,5,0.796923695586609,0.8973894976709896,0.1004658020843806,,
newyork,ridge+k10,0,9,20,8,0.796923695586609,0.9495213520547792,0.15259765646817014,,
newyork,ridge+k10,0,9,20,-1,0.4810942439373122,,,1.0,6.0
newyork,ridge+k10d,0,0,20,3,0.6960781028339086,0.7985433910838555,0.10246528824994694,,
newyork,ridge+k10d,0,0,20,5,0.7878087195469321,0.8973894976709896,0.10958077812405753,,
newyork,ridge+k10d,0,0,20,8,0.8659115534555366,0.9495213520547792,0.08360979859924256,,
newyork,ridge+k10d,0,0,20,-1,0.4810942439373122,,,1.0,6.0
newyork,uma_los,0,0,20,3,0.4079845402857366,0.7985433910838555,0.3905588507981189,,
newyork,uma_los,0,0,20,5,0.4079845402857366,0.8973894976709896,0.489404957385253,,
newyork,uma_los,0,0,20,8,0.4079845402857366,0.9495213520547792,0.5415368117690426,,
newyork,uma_los,0,0,20,-1,0.4079845402857366,,,1.0,6.0
newyork,uma_los,0,0,10,3,0.4079845402857366,0.7985433910838555,0.3905588507981189,,
newyork,uma_los,0,0,10,5,0.4079845402857366,0.8973894976709896,0.489404957385253,,
newyork,uma_los,0,0,10,8,0.4079845402857366,0.932151514136032,0.5241669738502954,,
newyork,uma_los,0,0,10,-1,0.4079845402857366,,,1.0,6.0
newyork,uma_nlos,0,0,20,3,0.6751002535661227,0.7985433910838555,0.12344313751773284,,
newyork,uma_nlos,0,0,20,5,0.7890821353171811,0.8973894976709896,0.10830736235380856,,
newyork,uma_nlos,0,0,20,8,0.8936362722428873,0.9495213520547792,0.055885079811891836,,
newyork,uma_nlos,0,0,20,-1,0.9442154530120751,,,,6.0
newyork,uma_nlos,0,0,10,3,0.6853657719245334,0.7985433910838555,0.11317761915932212,,
newyork,uma_nlos,0,0,10,5,0.8520827050031835,0.8973894976709896,0.04530679266780613,,
newyork,uma_nlos,0,0,10,8,0.9078672519911084,0.932151514136032,0.02428426214492363,,
newyork,uma_nlos,0,0,10,-1,0.930185538911788,,,,6.0
paris,oracle,0,0,20,3,0.575793479321448,0.7435497135529195,0.16775623423147157,,
paris,oracle,0,0,20,5,0.7725428973669171,0.8062056564586498,0.033662759091732775,,
paris,oracle,0,0,20,8,0.8295674718780056,0.8652095733262709,0.035642101448265295,,
paris,oracle,0,0,20,-1,0.44479446899262626,,,1.0,12.0
paris,oracle,0,0,10,3,0.6260297458914708,0.7435497135529195,0.11751996766144879,,
paris,oracle,0,0,10,5,0.7837219999721219,0.804825692421349,0.021103692449227163,,
paris,oracle,0,0,10,8,0.8501554201920798,0.8506154082045134,0.00045998801243363197,,
paris,oracle,0,0,10,-1,0.44479446899262626,,,1.0,
paris,coral,0,0,20,3,0.5033941539705329,0.7435497135529195,0.24015555958238666,,
paris,coral,0,0,20,5,0.6342816520539162,0.8062056564586498,0.17192400440473365,,
paris,coral,0,0,20,8,0.805188107219024,0.8652095733262709,0.0600214661072469,,
paris,coral,0,0,20,-1,0.3566022218814904,,,1.0,12.0
paris,coral,0,0,10,3,0.5908197543942795,0.7435497135529195,0.15272995915864007,,
paris,coral,0,0,10,5,0.7513973878256506,0.804825692421349,0.05342830459569847,,
paris,coral,0,0,10,8,0.8225282613847034,0.8506154082045134,0.02808714681981006,,
paris,coral,0,0,10,-1,0.3566022218814904,,,1.0,
paris,cost231,0,0,20,3,0.5338509360059102,0.7435497135529195,0.20969877754700939,,
paris,cost231,0,0,20,5,0.6373761168648332,0.8062056564586498,0.16882953959381664,,
paris,cost231,0,0,20,8,0.7745779958461688,0.8652095733262709,0.09063157748010209,,
paris,cost231,0,0,20,-1,0.8883901813467892,,,,12.0
paris,cost231,0,0,10,3,0.6634142261747118,0.7435497135529195,0.08013548737820775,,
paris,cost231,0,0,10,5,0.7617262095593872,0.804825692421349,0.04309948286196186,,
paris,cost231,0,0,10,8,0.8439664905702458,0.8506154082045134,0.00664891763426767,,
paris,cost231,0,0,10,-1,0.8439664905702458,,,,
paris,encoder,0,0,20,3,0.48690428067632174,0.7435497135529195,0.2566454328765978,,
paris,encoder,0,0,20,5,0.48690428067632174,0.8062056564586498,0.3193013757823281,,
paris,encoder,0,0,20,8,0.48690428067632174,0.8652095733262709,0.37830529264994917,,
paris,encoder,0,0,20,-1,0.3566022218814904,,,1.0,12.0
paris,encoder,0,0,10,3,0.48690428067632174,0.7435497135529195,0.2566454328765978,,
paris,encoder,0,0,10,5,0.48690428067632174,0.804825692421349,0.3179214117450273,,
paris,encoder,0,0,10,8,0.48690428067632174,0.8506154082045134,0.3637111275281917,,
paris,encoder,0,0,10,-1,0.3566022218814904,,,1.0,
paris,encoder,1,0,20,3,0.6116864833219497,0.7435497135529195,0.1318632302309698,,
paris,encoder,1,0,20,5,0.6116864833219497,0.8062056564586498,0.19451917313670009,,
paris,encoder,1,0,20,8,0.6116864833219497,0.8652095733262709,0.25352309000432116,,
paris,encoder,1,0,20,-1,0.3496048284802275,,,1.0,12.0
paris,encoder,1,0,10,3,0.6116864833219497,0.7435497135529195,0.1318632302309698,,
paris,encoder,1,0,10,5,0.6116864833219497,0.804825692421349,0.1931392090993993,,
paris,encoder,1,0,10,8,0.6116864833219497,0.8506154082045134,0.23892892488256368,,
paris,encoder,1,0,10,-1,0.3496048284802275,,,1.0,
paris,encoder,2,0,20,3,0.6116864833219497,0.7435497135529195,0.1318632302309698,,
paris,encoder,2,0,20,5,0.6116864833219497,0.8062056564586498,0.19451917313670009,,
paris,encoder,2,0,20,8,0.6116864833219497,0.8652095733262709,0.25352309000432116,,
paris,encoder,2,0,20,-1,0.3496048284802275,,,1.0,12.0
paris,encoder,2,0,10,3,0.6116864833219497,0.7435497135529195,0.1318632302309698,,
paris,encoder,2,0,10,5,0.6116864833219497,0.804825692421349,0.1931392090993993,,
paris,encoder,2,0,10,8,0.6116864833219497,0.8506154082045134,0.23892892488256368,,
paris,encoder,2,0,10,-1,0.3496048284802275,,,1.0,
paris,encoder,3,0,20,3,0.6116864833219497,0.7435497135529195,0.1318632302309698,,
paris,encoder,3,0,20,5,0.6116864833219497,0.8062056564586498,0.19451917313670009,,
paris,encoder,3,0,20,8,0.6116864833219497,0.8652095733262709,0.25352309000432116,,
paris,encoder,3,0,20,-1,0.3496048284802275,,,1.0,12.0
paris,encoder,3,0,10,3,0.6116864833219497,0.7435497135529195,0.1318632302309698,,
paris,encoder,3,0,10,5,0.6116864833219497,0.804825692421349,0.1931392090993993,,
paris,encoder,3,0,10,8,0.6116864833219497,0.8506154082045134,0.23892892488256368,,
paris,encoder,3,0,10,-1,0.3496048284802275,,,1.0,
paris,encoder,4,0,20,3,0.6116864833219497,0.7435497135529195,0.1318632302309698,,
paris,encoder,4,0,20,5,0.6116864833219497,0.8062056564586498,0.19451917313670009,,
paris,encoder,4,0,20,8,0.6116864833219497,0.8652095733262709,0.25352309000432116,,
paris,encoder,4,0,20,-1,0.3496048284802275,,,1.0,12.0
paris,encoder,4,0,10,3,0.6116864833219497,0.7435497135529195,0.1318632302309698,,
paris,encoder,4,0,10,5,0.6116864833219497,0.804825692421349,0.1931392090993993,,
paris,encoder,4,0,10,8,0.6116864833219497,0.8506154082045134,0.23892892488256368,,
paris,encoder,4,0,10,-1,0.3496048284802275,,,1.0,
paris,gbdt,0,0,20,3,0.5387156577131627,0.7435497135529195,0.2048340558397569,,
paris,gbdt,0,0,20,5,0.5387156577131627,0.8062056564586498,0.2674899987454872,,
paris,gbdt,0,0,20,8,0.5387156577131627,0.8652095733262709,0.32649391561310825,,
paris,gbdt,0,0,20,-1,0.3566022218814904,,,1.0,12.0
paris,gbdt,0,0,10,3,0.6421014482652876,0.7435497135529195,0.10144826528763196,,
paris,gbdt,0,0,10,5,0.7139850294810499,0.804825692421349,0.09084066294029913,,
paris,gbdt,0,0,10,8,0.7139850294810499,0.8506154082045134,0.1366303787234635,,
paris,gbdt,0,0,10,-1,0.3566022218814904,,,1.0,
paris,gbdt+k10,0,0,20,3,0.5322897645697718,0.7435497135529195,0.2112599489831477,,
paris,gbdt+k10,0,0,20,5,0.5322897645697718,0.8062056564586498,0.273915891888878,,
paris,gbdt+k10,0,0,20,8,0.5322897645697718,0.8652095733262709,0.33291980875649907,,
paris,gbdt+k10,0,0,20,-1,0.5322897645697718,,,1.0,12.0
paris,gbdt+k10,0,1,20,3,0.4662466372088485,0.7435497135529195,0.27730307634407103,,
paris,gbdt+k10,0,1,20,5,0.4662466372088485,0.8062056564586498,0.3399590192498013,,
paris,gbdt+k10,0,1,20,8,0.4662466372088485,0.8652095733262709,0.3989629361174224,,
paris,gbdt+k10,0,1,20,-1,0.3566022218814904,,,1.0,12.0
paris,gbdt+k10,0,2,20,3,0.5321503742629737,0.7435497135529195,0.2113993392899458,,
paris,gbdt+k10,0,2,20,5,0.7457381413696491,0.8062056564586498,0.06046751508900072,,
paris,gbdt+k10,0,2,20,8,0.7457381413696491,0.8652095733262709,0.1194714319566218,,
paris,gbdt+k10,0,2,20,-1,0.3566022218814904,,,1.0,12.0
paris,gbdt+k10,0,3,20,3,0.5575472881615813,0.7435497135529195,0.18600242539133827,,
paris,gbdt+k10,0,3,20,5,0.5575472881615813,0.8062056564586498,0.24865836829706855,,
paris,gbdt+k10,0,3,20,8,0.5575472881615813,0.8652095733262709,0.30766228516468963,,
paris,gbdt+k10,0,3,20,-1,0.3566022218814904,,,1.0,12.0
paris,gbdt+k10,0,4,20,3,0.5575472881615813,0.7435497135529195,0.18600242539133827,,
paris,gbdt+k10,0,4,20,5,0.5575472881615813,0.8062056564586498,0.24865836829706855,,
paris,gbdt+k10,0,4,20,8,0.5575472881615813,0.8652095733262709,0.30766228516468963,,
paris,gbdt+k10,0,4,20,-1,0.3566022218814904,,,1.0,12.0
paris,gbdt+k10,0,5,20,3,0.5321503742629737,0.7435497135529195,0.2113993392899458,,
paris,gbdt+k10,0,5,20,5,0.7457381413696491,0.8062056564586498,0.06046751508900072,,
paris,gbdt+k10,0,5,20,8,0.7457381413696491,0.8652095733262709,0.1194714319566218,,
paris,gbdt+k10,0,5,20,-1,0.3566022218814904,,,1.0,12.0
paris,gbdt+k10,0,6,20,3,0.5262402252547358,0.7435497135529195,0.21730948829818375,,
paris,gbdt+k10,0,6,20,5,0.7129953583027836,0.8062056564586498,0.09321029815586623,,
paris,gbdt+k10,0,6,20,8,0.8224306881699447,0.8652095733262709,0.04277888515632622,,
paris,gbdt+k10,0,6,20,-1,0.4455192985879762,,,2.0,12.0
paris,gbdt+k10,0,7,20,3,0.565269511158194,0.7435497135529195,0.17828020239472553,,
paris,gbdt+k10,0,7,20,5,0.565269511158194,0.8062056564586498,0.24093614530045582,,
paris,gbdt+k10,0,7,20,8,0.565269511158194,0.8652095733262709,0.2999400621680769,,
paris,gbdt+k10,0,7,20,-1,0.3566022218814904,,,1.0,12.0
paris,gbdt+k10,0,8,20,3,0.48690428067632174,0.7435497135529195,0.2566454328765978,,
paris,gbdt+k10,0,8,20,5,0.48690428067632174,0.8062056564586498,0.3193013757823281,,
paris,gbdt+k10,0,8,20,8,0.48690428067632174,0.8652095733262709,0.37830529264994917,,
paris,gbdt+k10,0,8,20,-1,0.3566022218814904,,,1.0,12.0
paris,gbdt+k10,0,9,20,3,0.6421014482652876,0.7435497135529195,0.10144826528763196,,
paris,gbdt+k10,0,9,20,5,0.6421014482652876,0.8062056564586498,0.16410420819336224,,
paris,gbdt+k10,0,9,20,8,0.6421014482652876,0.8652095733262709,0.22310812506098332,,
paris,gbdt+k10,0,9,20,-1,0.3566022218814904,,,1.0,12.0
paris,gbdt+k10d,0,0,20,3,0.4662466372088485,0.7435497135529195,0.27730307634407103,,
paris,gbdt+k10d,0,0,20,5,0.4662466372088485,0.8062056564586498,0.3399590192498013,,
paris,gbdt+k10d,0,0,20,8,0.4662466372088485,0.8652095733262709,0.3989629361174224,,
paris,gbdt+k10d,0,0,20,-1,0.3566022218814904,,,1.0,12.0
paris,gbdt,1,0,20,3,0.565269511158194,0.7435497135529195,0.17828020239472553,,
paris,gbdt,1,0,20,5,0.565269511158194,0.8062056564586498,0.24093614530045582,,
paris,gbdt,1,0,20,8,0.565269511158194,0.8652095733262709,0.2999400621680769,,
paris,gbdt,1,0,20,-1,0.3566022218814904,,,1.0,12.0
paris,gbdt,1,0,10,3,0.5903876444432055,0.7435497135529195,0.15316206910971408,,
paris,gbdt,1,0,10,5,0.7231150945763232,0.804825692421349,0.08171059784502588,,
paris,gbdt,1,0,10,8,0.7231150945763232,0.8506154082045134,0.12750031362819025,,
paris,gbdt,1,0,10,-1,0.3566022218814904,,,1.0,
paris,gbdt+k10,1,0,20,3,0.44479446899262626,0.7435497135529195,0.2987552445602933,,
paris,gbdt+k10,1,0,20,5,0.44479446899262626,0.8062056564586498,0.3614111874660236,,
paris,gbdt+k10,1,0,20,8,0.44479446899262626,0.8652095733262709,0.42041510433364465,,
paris,gbdt+k10,1,0,20,-1,0.44479446899262626,,,1.0,12.0
paris,gbdt+k10,1,1,20,3,0.4662466372088485,0.7435497135529195,0.27730307634407103,,
paris,gbdt+k10,1,1,20,5,0.4662466372088485,0.8062056564586498,0.3399590192498013,,
paris,gbdt+k10,1,1,20,8,0.4662466372088485,0.8652095733262709,0.3989629361174224,,
paris,gbdt+k10,1,1,20,-1,0.3496048284802275,,,1.0,12.0
paris,gbdt+k10,1,2,20,3,0.5321503742629737,0.7435497135529195,0.2113993392899458,,
paris,gbdt+k10,1,2,20,5,0.7457381413696491,0.8062056564586498,0.06046751508900072,,
paris,gbdt+k10,1,2,20,8,0.7457381413696491,0.8652095733262709,0.1194714319566218,,
paris,gbdt+k10,1,2,20,-1,0.3566022218814904,,,1.0,12.0
paris,gbdt+k10,1,3,20,3,0.5575472881615813,0.7435497135529195,0.18600242539133827,,
paris,gbdt+k10,1,3,20,5,0.5575472881615813,0.8062056564586498,0.24865836829706855,,
paris,gbdt+k10,1,3,20,8,0.5575472881615813,0.8652095733262709,0.30766228516468963,,
paris,gbdt+k10,1,3,20,-1,0.3566022218814904,,,1.0,12.0
paris,gbdt+k10,1,4,20,3,0.6529320751034973,0.7435497135529195,0.09061763844942228,,
paris,gbdt+k10,1,4,20,5,0.6529320751034973,0.8062056564586498,0.15327358135515257,,
paris,gbdt+k10,1,4,20,8,0.6529320751034973,0.8652095733262709,0.21227749822277364,,
paris,gbdt+k10,1,4,20,-1,0.3496048284802275,,,1.0,12.0
paris,gbdt+k10,1,5,20,3,0.5033941539705329,0.7435497135529195,0.24015555958238666,,
paris,gbdt+k10,1,5,20,5,0.5872653015709287,0.8062056564586498,0.21894035488772112,,
paris,gbdt+k10,1,5,20,8,0.5872653015709287,0.8652095733262709,0.2779442717553422,,
paris,gbdt+k10,1,5,20,-1,0.3566022218814904,,,1.0,12.0
paris,gbdt+k10,1,6,20,3,0.5543691891665854,0.7435497135529195,0.18918052438633415,,
paris,gbdt+k10,1,6,20,5,0.7296664389958323,0.8062056564586498,0.07653921746281755,,
paris,gbdt+k10,1,6,20,8,0.8365648652792684,0.8652095733262709,0.028644708047002476,,
paris,gbdt+k10,1,6,20,-1,0.5543691891665854,,,3.0,12.0
paris,gbdt+k10,1,7,20,3,0.5575472881615813,0.7435497135529195,0.18600242539133827,,
paris,gbdt+k10,1,7,20,5,0.5575472881615813,0.8062056564586498,0.24865836829706855,,
paris,gbdt+k10,1,7,20,8,0.5575472881615813,0.8652095733262709,0.30766228516468963,,
paris,gbdt+k10,1,7,20,-1,0.3566022218814904,,,1.0,12.0
paris,gbdt+k10,1,8,20,3,0.48690428067632174,0.7435497135529195,0.2566454328765978,,
paris,gbdt+k10,1,8,20,5,0.48690428067632174,0.8062056564586498,0.3193013757823281,,
paris,gbdt+k10,1,8,20,8,0.48690428067632174,0.8652095733262709,0.37830529264994917,,
paris,gbdt+k10,1,8,20,-1,0.3566022218814904,,,1.0,12.0
paris,gbdt+k10,1,9,20,3,0.565269511158194,0.7435497135529195,0.17828020239472553,,
paris,gbdt+k10,1,9,20,5,0.565269511158194,0.8062056564586498,0.24093614530045582,,
paris,gbdt+k10,1,9,20,8,0.565269511158194,0.8652095733262709,0.2999400621680769,,
paris,gbdt+k10,1,9,20,-1,0.3566022218814904,,,1.0,12.0
paris,gbdt+k10d,1,0,20,3,0.4662466372088485,0.7435497135529195,0.27730307634407103,,
paris,gbdt+k10d,1,0,20,5,0.4662466372088485,0.8062056564586498,0.3399590192498013,,
paris,gbdt+k10d,1,0,20,8,0.4662466372088485,0.8652095733262709,0.3989629361174224,,
paris,gbdt+k10d,1,0,20,-1,0.3566022218814904,,,1.0,12.0
paris,gbdt,2,0,20,3,0.6623409208123667,0.7435497135529195,0.08120879274055282,,
paris,gbdt,2,0,20,5,0.6623409208123667,0.8062056564586498,0.1438647356462831,,
paris,gbdt,2,0,20,8,0.6623409208123667,0.8652095733262709,0.20286865251390418,,
paris,gbdt,2,0,20,-1,0.3566022218814904,,,1.0,12.0
paris,gbdt,2,0,10,3,0.6623409208123667,0.7435497135529195,0.08120879274055282,,
paris,gbdt,2,0,10,5,0.6623409208123667,0.804825692421349,0.14248477160898232,,
paris,gbdt,2,0,10,8,0.6623409208123667,0.8506154082045134,0.1882744873921467,,
paris,gbdt,2,0,10,-1,0.3566022218814904,,,1.0,
paris,gbdt+k10,2,0,20,3,0.44479446899262626,0.7435497135529195,0.2987552445602933,,
paris,gbdt+k10,2,0,20,5,0.44479446899262626,0.8062056564586498,0.3614111874660236,,
paris,gbdt+k10,2,0,20,8,0.44479446899262626,0.8652095733262709,0.42041510433364465,,
paris,gbdt+k10,2,0,20,-1,0.44479446899262626,,,1.0,12.0
paris,gbdt+k10,2,1,20,3,0.48690428067632174,0.7435497135529195,0.2566454328765978,,
paris,gbdt+k10,2,1,20,5,0.48690428067632174,0.8062056564586498,0.3193013757823281,,
paris,gbdt+k10,2,1,20,8,0.48690428067632174,0.8652095733262709,0.37830529264994917,,
paris,gbdt+k10,2,1,20,-1,0.3566022218814904,,,1.0,12.0
paris,gbdt+k10,2,2,20,3,0.5033941539705329,0.7435497135529195,0.24015555958238666,,
paris,gbdt+k10,2,2,20,5,0.5872653015709287,0.8062056564586498,0.21894035488772112,,
paris,gbdt+k10,2,2,20,8,0.5872653015709287,0.8652095733262709,0.2779442717553422,,
paris,gbdt+k10,2,2,20,-1,0.3566022218814904,,,1.0,12.0
paris,gbdt+k10,2,3,20,3,0.5908197543942795,0.7435497135529195,0.15272995915864007,,
paris,gbdt+k10,2,3,20,5,0.5908197543942795,0.8062056564586498,0.21538590206437036,,
paris,gbdt+k10,2,3,20,8,0.5908197543942795,0.8652095733262709,0.27438981893199144,,
paris,gbdt+k10,2,3,20,-1,0.3566022218814904,,,1.0,12.0
paris,gbdt+k10,2,4,20,3,0.6623409208123667,0.7435497135529195,0.08120879274055282,,
paris,gbdt+k10,2,4,20,5,0.6623409208123667,0.8062056564586498,0.1438647356462831,,
paris,gbdt+k10,2,4,20,8,0.6623409208123667,0.8652095733262709,0.20286865251390418,,
paris,gbdt+k10,2,4,20,-1,0.3566022218814904,,,1.0,12.0
paris,gbdt+k10,2,5,20,3,0.5033941539705329,0.7435497135529195,0.24015555958238666,,
paris,gbdt+k10,2,5,20,5,0.5872653015709287,0.8062056564586498,0.21894035488772112,,
paris,gbdt+k10,2,5,20,8,0.5872653015709287,0.8652095733262709,0.2779442717553422,,
paris,gbdt+k10,2,5,20,-1,0.3566022218814904,,,1.0,12.0
paris,gbdt+k10,2,6,20,3,0.5543691891665854,0.7435497135529195,0.18918052438633415,,
paris,gbdt+k10,2,6,20,5,0.7229896433002049,0.8062056564586498,0.08321601315844496,,
paris,gbdt+k10,2,6,20,8,0.8365648652792684,0.8652095733262709,0.028644708047002476,,
paris,gbdt+k10,2,6,20,-1,0.4455192985879762,,,2.0,12.0
paris,gbdt+k10,2,7,20,3,0.6370137020671582,0.7435497135529195,0.1065360114857613,,
paris,gbdt+k10,2,7,20,5,0.6370137020671582,0.8062056564586498,0.1691919543914916,,
paris,gbdt+k10,2,7,20,8,0.6370137020671582,0.8652095733262709,0.22819587125911267,,
paris,gbdt+k10,2,7,20,-1,0.3566022218814904,,,1.0,12.0
paris,gbdt+k10,2,8,20,3,0.6116864833219497,0.7435497135529195,0.1318632302309698,,
paris,gbdt+k10,2,8,20,5,0.6116864833219497,0.8062056564586498,0.19451917313670009,,
paris,gbdt+k10,2,8,20,8,0.6116864833219497,0.8652095733262709,0.25352309000432116,,
paris,gbdt+k10,2,8,20,-1,0.3496048284802275,,,1.0,12.0
paris,gbdt+k10,2,9,20,3,0.4510530937678594,0.7435497135529195,0.29249661978506014,,
paris,gbdt+k10,2,9,20,5,0.4510530937678594,0.8062056564586498,0.35515256269079043,,
paris,gbdt+k10,2,9,20,8,0.4510530937678594,0.8652095733262709,0.4141564795584115,,
paris,gbdt+k10,2,9,20,-1,0.3566022218814904,,,1.0,12.0
paris,gbdt+k10d,2,0,20,3,0.4662466372088485,0.7435497135529195,0.27730307634407103,,
paris,gbdt+k10d,2,0,20,5,0.4662466372088485,0.8062056564586498,0.3399590192498013,,
paris,gbdt+k10d,2,0,20,8,0.4662466372088485,0.8652095733262709,0.3989629361174224,,
paris,gbdt+k10d,2,0,20,-1,0.3496048284802275,,,1.0,12.0
paris,gbdt,3,0,20,3,0.48690428067632174,0.7435497135529195,0.2566454328765978,,
paris,gbdt,3,0,20,5,0.48690428067632174,0.8062056564586498,0.3193013757823281,,
paris,gbdt,3,0,20,8,0.48690428067632174,0.8652095733262709,0.37830529264994917,,
paris,gbdt,3,0,20,-1,0.3566022218814904,,,1.0,12.0
paris,gbdt,3,0,10,3,0.48690428067632174,0.7435497135529195,0.2566454328765978,,
paris,gbdt,3,0,10,5,0.48690428067632174,0.804825692421349,0.3179214117450273,,
paris,gbdt,3,0,10,8,0.48690428067632174,0.8506154082045134,0.3637111275281917,,
paris,gbdt,3,0,10,-1,0.3566022218814904,,,1.0,
paris,gbdt+k10,3,0,20,3,0.44479446899262626,0.7435497135529195,0.2987552445602933,,
paris,gbdt+k10,3,0,20,5,0.44479446899262626,0.8062056564586498,0.3614111874660236,,
paris,gbdt+k10,3,0,20,8,0.44479446899262626,0.8652095733262709,0.42041510433364465,,
paris,gbdt+k10,3,0,20,-1,0.44479446899262626,,,1.0,12.0
paris,gbdt+k10,3,1,20,3,0.48690428067632174,0.7435497135529195,0.2566454328765978,,
paris,gbdt+k10,3,1,20,5,0.48690428067632174,0.8062056564586498,0.3193013757823281,,
paris,gbdt+k10,3,1,20,8,0.48690428067632174,0.8652095733262709,0.37830529264994917,,
paris,gbdt+k10,3,1,20,-1,0.3566022218814904,,,1.0,12.0
paris,gbdt+k10,3,2,20,3,0.5033941539705329,0.7435497135529195,0.24015555958238666,,
paris,gbdt+k10,3,2,20,5,0.729750073179911,0.8062056564586498,0.0764555832787388,,
paris,gbdt+k10,3,2,20,8,0.729750073179911,0.8652095733262709,0.13545950014635988,,
paris,gbdt+k10,3,2,20,-1,0.3566022218814904,,,1.0,12.0
paris,gbdt+k10,3,3,20,3,0.5908197543942795,0.7435497135529195,0.15272995915864007,,
paris,gbdt+k10,3,3,20,5,0.5908197543942795,0.8062056564586498,0.21538590206437036,,
paris,gbdt+k10,3,3,20,8,0.5908197543942795,0.8652095733262709,0.27438981893199144,,
paris,gbdt+k10,3,3,20,-1,0.3566022218814904,,,1.0,12.0
paris,gbdt+k10,3,4,20,3,0.6370137020671582,0.7435497135529195,0.1065360114857613,,
paris,gbdt+k10,3,4,20,5,0.6370137020671582,0.8062056564586498,0.1691919543914916,,
paris,gbdt+k10,3,4,20,8,0.6370137020671582,0.8652095733262709,0.22819587125911267,,
paris,gbdt+k10,3,4,20,-1,0.3566022218814904,,,1.0,12.0
paris,gbdt+k10,3,5,20,3,0.5575472881615813,0.7435497135529195,0.18600242539133827,,
paris,gbdt+k10,3,5,20,5,0.6329016880166153,0.8062056564586498,0.17330396844203455,,
paris,gbdt+k10,3,5,20,8,0.6329016880166153,0.8652095733262709,0.23230788530965563,,
paris,gbdt+k10,3,5,20,-1,0.3566022218814904,,,1.0,12.0
paris,gbdt+k10,3,6,20,3,0.5543691891665854,0.7435497135529195,0.18918052438633415,,
paris,gbdt+k10,3,6,20,5,0.7296664389958323,0.8062056564586498,0.07653921746281755,,
paris,gbdt+k10,3,6,20,8,0.8365648652792684,0.8652095733262709,0.028644708047002476,,
paris,gbdt+k10,3,6,20,-1,0.4455192985879762,,,2.0,12.0
paris,gbdt+k10,3,7,20,3,0.6370137020671582,0.7435497135529195,0.1065360114857613,,
paris,gbdt+k10,3,7,20,5,0.6370137020671582,0.8062056564586498,0.1691919543914916,,
paris,gbdt+k10,3,7,20,8,0.6370137020671582,0.8652095733262709,0.22819587125911267,,
paris,gbdt+k10,3,7,20,-1,0.3566022218814904,,,1.0,12.0
paris,gbdt+k10,3,8,20,3,0.3566022218814904,0.7435497135529195,0.38694749167142917,,
paris,gbdt+k10,3,8,20,5,0.3566022218814904,0.8062056564586498,0.44960343457715946,,
paris,gbdt+k10,3,8,20,8,0.3566022218814904,0.8652095733262709,0.5086073514447805,,
paris,gbdt+k10,3,8,20,-1,0.3566022218814904,,,1.0,12.0
paris,gbdt+k10,3,9,20,3,0.43454928144296845,0.7435497135529195,0.3090004321099511,,
paris,gbdt+k10,3,9,20,5,0.43454928144296845,0.8062056564586498,0.3716563750156814,,
paris,gbdt+k10,3,9,20,8,0.43454928144296845,0.8652095733262709,0.43066029188330246,,
paris,gbdt+k10,3,9,20,-1,0.3566022218814904,,,1.0,12.0
paris,gbdt+k10d,3,0,20,3,0.48690428067632174,0.7435497135529195,0.2566454328765978,,
paris,gbdt+k10d,3,0,20,5,0.48690428067632174,0.8062056564586498,0.3193013757823281,,
paris,gbdt+k10d,3,0,20,8,0.48690428067632174,0.8652095733262709,0.37830529264994917,,
paris,gbdt+k10d,3,0,20,-1,0.3566022218814904,,,1.0,12.0
paris,gbdt,4,0,20,3,0.6623409208123667,0.7435497135529195,0.08120879274055282,,
paris,gbdt,4,0,20,5,0.6623409208123667,0.8062056564586498,0.1438647356462831,,
paris,gbdt,4,0,20,8,0.6623409208123667,0.8652095733262709,0.20286865251390418,,
paris,gbdt,4,0,20,-1,0.3566022218814904,,,1.0,12.0
paris,gbdt,4,0,10,3,0.6623409208123667,0.7435497135529195,0.08120879274055282,,
paris,gbdt,4,0,10,5,0.6623409208123667,0.804825692421349,0.14248477160898232,,
paris,gbdt,4,0,10,8,0.6623409208123667,0.8506154082045134,0.1882744873921467,,
paris,gbdt,4,0,10,-1,0.3566022218814904,,,1.0,
paris,gbdt+k10,4,0,20,3,0.44479446899262626,0.7435497135529195,0.2987552445602933,,
paris,gbdt+k10,4,0,20,5,0.44479446899262626,0.8062056564586498,0.3614111874660236,,
paris,gbdt+k10,4,0,20,8,0.44479446899262626,0.8652095733262709,0.42041510433364465,,
paris,gbdt+k10,4,0,20,-1,0.44479446899262626,,,1.0,12.0
paris,gbdt+k10,4,1,20,3,0.48690428067632174,0.7435497135529195,0.2566454328765978,,
paris,gbdt+k10,4,1,20,5,0.48690428067632174,0.8062056564586498,0.3193013757823281,,
paris,gbdt+k10,4,1,20,8,0.48690428067632174,0.8652095733262709,0.37830529264994917,,
paris,gbdt+k10,4,1,20,-1,0.3566022218814904,,,1.0,12.0
paris,gbdt+k10,4,2,20,3,0.5179186239388913,0.7435497135529195,0.22563108961402822,,
paris,gbdt+k10,4,2,20,5,0.6475794873224516,0.8062056564586498,0.1586261691361982,,
paris,gbdt+k10,4,2,20,8,0.8046863021145509,0.8652095733262709,0.060523271211719964,,
paris,gbdt+k10,4,2,20,-1,0.3566022218814904,,,1.0,12.0
paris,gbdt+k10,4,3,20,3,0.5575472881615813,0.7435497135529195,0.18600242539133827,,
paris,gbdt+k10,4,3,20,5,0.5575472881615813,0.8062056564586498,0.24865836829706855,,
paris,gbdt+k10,4,3,20,8,0.5575472881615813,0.8652095733262709,0.30766228516468963,,
paris,gbdt+k10,4,3,20,-1,0.3566022218814904,,,1.0,12.0
paris,gbdt+k10,4,4,20,3,0.6623409208123667,0.7435497135529195,0.08120879274055282,,
paris,gbdt+k10,4,4,20,5,0.6623409208123667,0.8062056564586498,0.1438647356462831,,
paris,gbdt+k10,4,4,20,8,0.6623409208123667,0.8652095733262709,0.20286865251390418,,
paris,gbdt+k10,4,4,20,-1,0.3566022218814904,,,1.0,12.0
paris,gbdt+k10,4,5,20,3,0.5321503742629737,0.7435497135529195,0.2113993392899458,,
paris,gbdt+k10,4,5,20,5,0.6142512649670342,0.8062056564586498,0.19195439149161564,,
paris,gbdt+k10,4,5,20,8,0.6142512649670342,0.8652095733262709,0.2509583083592367,,
paris,gbdt+k10,4,5,20,-1,0.3566022218814904,,,1.0,12.0
paris,gbdt+k10,4,6,20,3,0.5543691891665854,0.7435497135529195,0.18918052438633415,,
paris,gbdt+k10,4,6,20,5,0.7414867370123082,0.8062056564586498,0.06471891944634167,,
paris,gbdt+k10,4,6,20,8,0.8269051170181626,0.8652095733262709,0.0383044563081083,,
paris,gbdt+k10,4,6,20,-1,0.4455192985879762,,,2.0,12.0
paris,gbdt+k10,4,7,20,3,0.6370137020671582,0.7435497135529195,0.1065360114857613,,
paris,gbdt+k10,4,7,20,5,0.6370137020671582,0.8062056564586498,0.1691919543914916,,
paris,gbdt+k10,4,7,20,8,0.6370137020671582,0.8652095733262709,0.22819587125911267,,
paris,gbdt+k10,4,7,20,-1,0.3566022218814904,,,1.0,12.0
paris,gbdt+k10,4,8,20,3,0.48690428067632174,0.7435497135529195,0.2566454328765978,,
paris,gbdt+k10,4,8,20,5,0.48690428067632174,0.8062056564586498,0.3193013757823281,,
paris,gbdt+k10,4,8,20,8,0.48690428067632174,0.8652095733262709,0.37830529264994917,,
paris,gbdt+k10,4,8,20,-1,0.3566022218814904,,,1.0,12.0
paris,gbdt+k10,4,9,20,3,0.43454928144296845,0.7435497135529195,0.3090004321099511,,
paris,gbdt+k10,4,9,20,5,0.43454928144296845,0.8062056564586498,0.3716563750156814,,
paris,gbdt+k10,4,9,20,8,0.43454928144296845,0.8652095733262709,0.43066029188330246,,
paris,gbdt+k10,4,9,20,-1,0.3566022218814904,,,1.0,12.0
paris,gbdt+k10d,4,0,20,3,0.48690428067632174,0.7435497135529195,0.2566454328765978,,
paris,gbdt+k10d,4,0,20,5,0.48690428067632174,0.8062056564586498,0.3193013757823281,,
paris,gbdt+k10d,4,0,20,8,0.48690428067632174,0.8652095733262709,0.37830529264994917,,
paris,gbdt+k10d,4,0,20,-1,0.3566022218814904,,,1.0,12.0
paris,gbdt_iw,0,0,20,3,0.5529055909452056,0.7435497135529195,0.1906441226077139,,
paris,gbdt_iw,0,0,20,5,0.7187939950655832,0.8062056564586498,0.08741166139306666,,
paris,gbdt_iw,0,0,20,8,0.7187939950655832,0.8652095733262709,0.14641557826068774,,
paris,gbdt_iw,0,0,20,-1,0.3496048284802275,,,1.0,12.0
paris,gbdt_iw,0,0,10,3,0.5556097628970882,0.7435497135529195,0.18793995065583136,,
paris,gbdt_iw,0,0,10,5,0.7201182029801647,0.804825692421349,0.08470748944118434,,
paris,gbdt_iw,0,0,10,8,0.7201182029801647,0.8506154082045134,0.1304972052243487,,
paris,gbdt_iw,0,0,10,-1,0.3496048284802275,,,1.0,
paris,gbdt_iw,1,0,20,3,0.5903876444432055,0.7435497135529195,0.15316206910971408,,
paris,gbdt_iw,1,0,20,5,0.5903876444432055,0.8062056564586498,0.21581801201544437,,
paris,gbdt_iw,1,0,20,8,0.5903876444432055,0.8652095733262709,0.27482192888306545,,
paris,gbdt_iw,1,0,20,-1,0.3566022218814904,,,1.0,12.0
paris,gbdt_iw,1,0,10,3,0.5903876444432055,0.7435497135529195,0.15316206910971408,,
paris,gbdt_iw,1,0,10,5,0.5903876444432055,0.804825692421349,0.2144380479781436,,
paris,gbdt_iw,1,0,10,8,0.5903876444432055,0.8506154082045134,0.26022776376130796,,
paris,gbdt_iw,1,0,10,-1,0.3566022218814904,,,1.0,
paris,gbdt_iw,2,0,20,3,0.6884626643063242,0.7435497135529195,0.055087049246595354,,
paris,gbdt_iw,2,0,20,5,0.7508258875677786,0.8062056564586498,0.05537976889087126,,
paris,gbdt_iw,2,0,20,8,0.7508258875677786,0.8652095733262709,0.11438368575849234,,
paris,gbdt_iw,2,0,20,-1,0.3496048284802275,,,1.0,12.0
paris,gbdt_iw,2,0,10,3,0.6884626643063242,0.7435497135529195,0.055087049246595354,,
paris,gbdt_iw,2,0,10,5,0.7508258875677786,0.804825692421349,0.05399980485357048,,
paris,gbdt_iw,2,0,10,8,0.7508258875677786,0.8506154082045134,0.09978952063673485,,
paris,gbdt_iw,2,0,10,-1,0.3496048284802275,,,1.0,
paris,gbdt_iw,3,0,20,3,0.5433573549295382,0.7435497135529195,0.20019235862338136,,
paris,gbdt_iw,3,0,20,5,0.6120070810275854,0.8062056564586498,0.19419857543106445,,
paris,gbdt_iw,3,0,20,8,0.6120070810275854,0.8652095733262709,0.2532024922986855,,
paris,gbdt_iw,3,0,20,-1,0.3566022218814904,,,1.0,12.0
paris,gbdt_iw,3,0,10,3,0.5626629124210702,0.7435497135529195,0.1808868011318493,,
paris,gbdt_iw,3,0,10,5,0.6494751954949053,0.804825692421349,0.15535049692644376,,
paris,gbdt_iw,3,0,10,8,0.6494751954949053,0.8506154082045134,0.20114021270960813,,
paris,gbdt_iw,3,0,10,-1,0.3566022218814904,,,1.0,
paris,gbdt_iw,4,0,20,3,0.5600702527146262,0.7435497135529195,0.18347946083829336,,
paris,gbdt_iw,4,0,20,5,0.6504788057038513,0.8062056564586498,0.15572685075479853,,
paris,gbdt_iw,4,0,20,8,0.6504788057038513,0.8652095733262709,0.2147307676224196,,
paris,gbdt_iw,4,0,20,-1,0.3496048284802275,,,1.0,12.0
paris,gbdt_iw,4,0,10,3,0.5807975913354986,0.7435497135529195,0.16275212221742097,,
paris,gbdt_iw,4,0,10,5,0.6566398572643258,0.804825692421349,0.14818583515702322,,
paris,gbdt_iw,4,0,10,8,0.6566398572643258,0.8506154082045134,0.1939755509401876,,
paris,gbdt_iw,4,0,10,-1,0.3496048284802275,,,1.0,
paris,gp_ard,0,0,20,3,0.5543691891665854,0.7435497135529195,0.18918052438633415,,
paris,gp_ard,0,0,20,5,0.5543691891665854,0.8062056564586498,0.25183646729206444,,
paris,gp_ard,0,0,20,8,0.5543691891665854,0.8652095733262709,0.3108403841596855,,
paris,gp_ard,0,0,20,-1,0.3566022218814904,,,1.0,12.0
paris,gp_ard,0,0,10,3,0.5908197543942795,0.7435497135529195,0.15272995915864007,,
paris,gp_ard,0,0,10,5,0.7308233785422562,0.804825692421349,0.07400231387909284,,
paris,gp_ard,0,0,10,8,0.7308233785422562,0.8506154082045134,0.11979202966225722,,
paris,gp_ard,0,0,10,-1,0.3566022218814904,,,1.0,
paris,kernel,0,0,20,3,0.6510224279003638,0.7435497135529195,0.09252728565255575,,
paris,kernel,0,0,20,5,0.6510224279003638,0.8062056564586498,0.15518322855828603,,
paris,kernel,0,0,20,8,0.6510224279003638,0.8652095733262709,0.2141871454259071,,
paris,kernel,0,0,20,-1,0.3566022218814904,,,1.0,12.0
paris,kernel,0,0,10,3,0.6510224279003638,0.7435497135529195,0.09252728565255575,,
paris,kernel,0,0,10,5,0.6510224279003638,0.804825692421349,0.15380326452098525,,
paris,kernel,0,0,10,8,0.6510224279003638,0.8506154082045134,0.19959298030414963,,
paris,kernel,0,0,10,-1,0.3566022218814904,,,1.0,
paris,knn,0,0,20,3,0.4662466372088485,0.7435497135529195,0.27730307634407103,,
paris,knn,0,0,20,5,0.4662466372088485,0.8062056564586498,0.3399590192498013,,
paris,knn,0,0,20,8,0.4662466372088485,0.8652095733262709,0.3989629361174224,,
paris,knn,0,0,20,-1,0.3566022218814904,,,1.0,12.0
paris,knn,0,0,10,3,0.4662466372088485,0.7435497135529195,0.27730307634407103,,
paris,knn,0,0,10,5,0.4662466372088485,0.804825692421349,0.33857905521250053,,
paris,knn,0,0,10,8,0.4662466372088485,0.8506154082045134,0.3843687709956649,,
paris,knn,0,0,10,-1,0.3566022218814904,,,1.0,
paris,median,0,0,20,3,0.5322897645697718,0.7435497135529195,0.2112599489831477,,
paris,median,0,0,20,5,0.5322897645697718,0.8062056564586498,0.273915891888878,,
paris,median,0,0,20,8,0.5322897645697718,0.8652095733262709,0.33291980875649907,,
paris,median,0,0,20,-1,0.5322897645697718,,,1.0,12.0
paris,median,0,0,10,3,0.5322897645697718,0.7435497135529195,0.2112599489831477,,
paris,median,0,0,10,5,0.5322897645697718,0.804825692421349,0.2725359278515772,,
paris,median,0,0,10,8,0.5322897645697718,0.8506154082045134,0.3183256436347416,,
paris,median,0,0,10,-1,0.5322897645697718,,,1.0,
paris,mlp,0,0,20,3,0.48690428067632174,0.7435497135529195,0.2566454328765978,,
paris,mlp,0,0,20,5,0.48690428067632174,0.8062056564586498,0.3193013757823281,,
paris,mlp,0,0,20,8,0.48690428067632174,0.8652095733262709,0.37830529264994917,,
paris,mlp,0,0,20,-1,0.3566022218814904,,,1.0,12.0
paris,mlp,0,0,10,3,0.48690428067632174,0.7435497135529195,0.2566454328765978,,
paris,mlp,0,0,10,5,0.48690428067632174,0.804825692421349,0.3179214117450273,,
paris,mlp,0,0,10,8,0.48690428067632174,0.8506154082045134,0.3637111275281917,,
paris,mlp,0,0,10,-1,0.3566022218814904,,,1.0,
paris,mlp,1,0,20,3,0.43454928144296845,0.7435497135529195,0.3090004321099511,,
paris,mlp,1,0,20,5,0.43454928144296845,0.8062056564586498,0.3716563750156814,,
paris,mlp,1,0,20,8,0.43454928144296845,0.8652095733262709,0.43066029188330246,,
paris,mlp,1,0,20,-1,0.3566022218814904,,,1.0,12.0
paris,mlp,1,0,10,3,0.663762701941707,0.7435497135529195,0.0797870116112126,,
paris,mlp,1,0,10,5,0.663762701941707,0.804825692421349,0.1410629904796421,,
paris,mlp,1,0,10,8,0.663762701941707,0.8506154082045134,0.18685270626280648,,
paris,mlp,1,0,10,-1,0.3566022218814904,,,1.0,
paris,mlp,2,0,20,3,0.4662466372088485,0.7435497135529195,0.27730307634407103,,
paris,mlp,2,0,20,5,0.4662466372088485,0.8062056564586498,0.3399590192498013,,
paris,mlp,2,0,20,8,0.4662466372088485,0.8652095733262709,0.3989629361174224,,
paris,mlp,2,0,20,-1,0.3566022218814904,,,1.0,12.0
paris,mlp,2,0,10,3,0.4662466372088485,0.7435497135529195,0.27730307634407103,,
paris,mlp,2,0,10,5,0.4662466372088485,0.804825692421349,0.33857905521250053,,
paris,mlp,2,0,10,8,0.4662466372088485,0.8506154082045134,0.3843687709956649,,
paris,mlp,2,0,10,-1,0.3566022218814904,,,1.0,
paris,mlp,3,0,20,3,0.5387156577131627,0.7435497135529195,0.2048340558397569,,
paris,mlp,3,0,20,5,0.5387156577131627,0.8062056564586498,0.2674899987454872,,
paris,mlp,3,0,20,8,0.5387156577131627,0.8652095733262709,0.32649391561310825,,
paris,mlp,3,0,20,-1,0.3566022218814904,,,1.0,12.0
paris,mlp,3,0,10,3,0.6421014482652876,0.7435497135529195,0.10144826528763196,,
paris,mlp,3,0,10,5,0.7139850294810499,0.804825692421349,0.09084066294029913,,
paris,mlp,3,0,10,8,0.7139850294810499,0.8506154082045134,0.1366303787234635,,
paris,mlp,3,0,10,-1,0.3566022218814904,,,1.0,
paris,mlp,4,0,20,3,0.48690428067632174,0.7435497135529195,0.2566454328765978,,
paris,mlp,4,0,20,5,0.48690428067632174,0.8062056564586498,0.3193013757823281,,
paris,mlp,4,0,20,8,0.48690428067632174,0.8652095733262709,0.37830529264994917,,
paris,mlp,4,0,20,-1,0.3566022218814904,,,1.0,12.0
paris,mlp,4,0,10,3,0.48690428067632174,0.7435497135529195,0.2566454328765978,,
paris,mlp,4,0,10,5,0.48690428067632174,0.804825692421349,0.3179214117450273,,
paris,mlp,4,0,10,8,0.48690428067632174,0.8506154082045134,0.3637111275281917,,
paris,mlp,4,0,10,-1,0.3566022218814904,,,1.0,
paris,ridge,0,0,20,3,0.6346022497595517,0.7435497135529195,0.10894746379336784,,
paris,ridge,0,0,20,5,0.6346022497595517,0.8062056564586498,0.17160340669909813,,
paris,ridge,0,0,20,8,0.6346022497595517,0.8652095733262709,0.2306073235667192,,
paris,ridge,0,0,20,-1,0.3566022218814904,,,1.0,12.0
paris,ridge,0,0,10,3,0.6623409208123667,0.7435497135529195,0.08120879274055282,,
paris,ridge,0,0,10,5,0.7572657197418492,0.804825692421349,0.04755997267949985,,
paris,ridge,0,0,10,8,0.7572657197418492,0.8506154082045134,0.09334968846266423,,
paris,ridge,0,0,10,-1,0.3566022218814904,,,1.0,
paris,ridge+k10,0,0,20,3,0.44479446899262626,0.7435497135529195,0.2987552445602933,,
paris,ridge+k10,0,0,20,5,0.44479446899262626,0.8062056564586498,0.3614111874660236,,
paris,ridge+k10,0,0,20,8,0.44479446899262626,0.8652095733262709,0.42041510433364465,,
paris,ridge+k10,0,0,20,-1,0.44479446899262626,,,1.0,12.0
paris,ridge+k10,0,1,20,3,0.4662466372088485,0.7435497135529195,0.27730307634407103,,
paris,ridge+k10,0,1,20,5,0.4662466372088485,0.8062056564586498,0.3399590192498013,,
paris,ridge+k10,0,1,20,8,0.4662466372088485,0.8652095733262709,0.3989629361174224,,
paris,ridge+k10,0,1,20,-1,0.3496048284802275,,,1.0,12.0
paris,ridge+k10,0,2,20,3,0.5033941539705329,0.7435497135529195,0.24015555958238666,,
paris,ridge+k10,0,2,20,5,0.7015932312067019,0.8062056564586498,0.10461242525194792,,
paris,ridge+k10,0,2,20,8,0.7015932312067019,0.8652095733262709,0.163616342119569,,
paris,ridge+k10,0,2,20,-1,0.3566022218814904,,,1.0,12.0
paris,ridge+k10,0,3,20,3,0.5471348322437658,0.7435497135529195,0.19641488130915374,,
paris,ridge+k10,0,3,20,5,0.6355779819071382,0.8062056564586498,0.17062767455151162,,
paris,ridge+k10,0,3,20,8,0.6355779819071382,0.8652095733262709,0.2296315914191327,,
paris,ridge+k10,0,3,20,-1,0.3496048284802275,,,1.0,12.0
paris,ridge+k10,0,4,20,3,0.5598332891930695,0.7435497135529195,0.18371642435985003,,
paris,ridge+k10,0,4,20,5,0.5598332891930695,0.8062056564586498,0.24637236726558032,,
paris,ridge+k10,0,4,20,8,0.5598332891930695,0.8652095733262709,0.3053762841332014,,
paris,ridge+k10,0,4,20,-1,0.3496048284802275,,,1.0,12.0
paris,ridge+k10,0,5,20,3,0.6346022497595517,0.7435497135529195,0.10894746379336784,,
paris,ridge+k10,0,5,20,5,0.6346022497595517,0.8062056564586498,0.17160340669909813,,
paris,ridge+k10,0,5,20,8,0.6346022497595517,0.8652095733262709,0.2306073235667192,,
paris,ridge+k10,0,5,20,-1,0.3566022218814904,,,1.0,12.0
paris,ridge+k10,0,6,20,3,0.5543691891665854,0.7435497135529195,0.18918052438633415,,
paris,ridge+k10,0,6,20,5,0.7414867370123082,0.8062056564586498,0.06471891944634167,,
paris,ridge+k10,0,6,20,8,0.8365648652792684,0.8652095733262709,0.028644708047002476,,
paris,ridge+k10,0,6,20,-1,0.5543691891665854,,,3.0,12.0
paris,ridge+k10,0,7,20,3,0.6193250721344837,0.7435497135529195,0.12422464141843581,,
paris,ridge+k10,0,7,20,5,0.6193250721344837,0.8062056564586498,0.1868805843241661,,
paris,ridge+k10,0,7,20,8,0.6193250721344837,0.8652095733262709,0.24588450119178717,,
paris,ridge+k10,0,7,20,-1,0.3566022218814904,,,1.0,12.0
paris,ridge+k10,0,8,20,3,0.3566022218814904,0.7435497135529195,0.38694749167142917,,
paris,ridge+k10,0,8,20,5,0.3566022218814904,0.8062056564586498,0.44960343457715946,,
paris,ridge+k10,0,8,20,8,0.3566022218814904,0.8652095733262709,0.5086073514447805,,
paris,ridge+k10,0,8,20,-1,0.3566022218814904,,,1.0,12.0
paris,ridge+k10,0,9,20,3,0.5387156577131627,0.7435497135529195,0.2048340558397569,,
paris,ridge+k10,0,9,20,5,0.5387156577131627,0.8062056564586498,0.2674899987454872,,
paris,ridge+k10,0,9,20,8,0.5387156577131627,0.8652095733262709,0.32649391561310825,,
paris,ridge+k10,0,9,20,-1,0.3496048284802275,,,1.0,12.0
paris,ridge+k10d,0,0,20,3,0.4662466372088485,0.7435497135529195,0.27730307634407103,,
paris,ridge+k10d,0,0,20,5,0.4662466372088485,0.8062056564586498,0.3399590192498013,,
paris,ridge+k10d,0,0,20,8,0.4662466372088485,0.8652095733262709,0.3989629361174224,,
paris,ridge+k10d,0,0,20,-1,0.3496048284802275,,,1.0,12.0
paris,uma_los,0,0,20,3,0.5063631675053317,0.7435497135529195,0.23718654604758782,,
paris,uma_los,0,0,20,5,0.5063631675053317,0.8062056564586498,0.2998424889533181,,
paris,uma_los,0,0,20,8,0.5063631675053317,0.8652095733262709,0.3588464058209392,,
paris,uma_los,0,0,20,-1,0.5063631675053317,,,1.0,12.0
paris,uma_los,0,0,10,3,0.5063631675053317,0.7435497135529195,0.23718654604758782,,
paris,uma_los,0,0,10,5,0.5063631675053317,0.804825692421349,0.2984625249160173,,
paris,uma_los,0,0,10,8,0.5063631675053317,0.8506154082045134,0.3442522406991817,,
paris,uma_los,0,0,10,-1,0.5063631675053317,,,1.0,
paris,uma_nlos,0,0,20,3,0.6512733304526003,0.7435497135529195,0.09227638310031927,,
paris,uma_nlos,0,0,20,5,0.7661588213155657,0.8062056564586498,0.04004683514308416,,
paris,uma_nlos,0,0,20,8,0.8556473982799236,0.8652095733262709,0.009562175046347265,,
paris,uma_nlos,0,0,20,-1,0.7959604689089921,,,6.0,12.0
paris,uma_nlos,0,0,10,3,0.6843785283171409,0.7435497135529195,0.05917118523577869,,
paris,uma_nlos,0,0,10,5,0.7949986757920854,0.804825692421349,0.009827016629263663,,
paris,uma_nlos,0,0,10,8,0.8384326953903626,0.8506154082045134,0.012182712814150842,,
paris,uma_nlos,0,0,10,-1,0.8384326953903626,,,7.0,
prague,oracle,0,0,20,3,0.7387349818542479,0.9053828640984605,0.16664788224421256,,
prague,oracle,0,0,20,5,0.7835132881004441,0.9429028695083741,0.15938958140793003,,
prague,oracle,0,0,20,8,0.7835132881004441,0.9674165408110362,0.18390325271059216,,
prague,oracle,0,0,20,-1,0.6233798435633298,,,1.0,3.0
prague,oracle,0,0,10,3,0.7590672407186169,0.9053828640984605,0.1463156233798436,,
prague,oracle,0,0,10,5,0.9346752924734576,0.9429028695083741,0.0082275770349165,,
prague,oracle,0,0,10,8,0.9346752924734576,0.9625138065505038,0.027838514077046184,,
prague,oracle,0,0,10,-1,0.6233798435633298,,,1.0,3.0
prague,coral,0,0,20,3,0.7529472758830557,0.9053828640984605,0.15243558821540482,,
prague,coral,0,0,20,5,0.7910646259270112,0.9429028695083741,0.1518382435813629,,
prague,coral,0,0,20,8,0.7910646259270112,0.9674165408110362,0.17635191488402502,,
prague,coral,0,0,20,-1,0.6233798435633298,,,1.0,3.0
prague,coral,0,0,10,3,0.773955773955774,0.9053828640984605,0.1314270901426865,,
prague,coral,0,0,10,5,0.8109009760385907,0.9429028695083741,0.13200189346978342,,
prague,coral,0,0,10,8,0.8109009760385907,0.9625138065505038,0.1516128305119131,,
prague,coral,0,0,10,-1,0.6233798435633298,,,1.0,3.0
prague,cost231,0,0,20,3,0.66419087978721,0.9053828640984605,0.24119198431125044,,
prague,cost231,0,0,20,5,0.7815296530892861,0.9429028695083741,0.16137321641908797,,
prague,cost231,0,0,20,8,0.8917453733967495,0.9674165408110362,0.0756711674142867,,
prague,cost231,0,0,20,-1,0.9228523769808173,,,11.0,3.0
prague,cost231,0,0,10,3,0.8757523161192886,0.9053828640984605,0.029630547979171862,,
prague,cost231,0,0,10,5,0.9295696864504204,0.9429028695083741,0.013333183057953724,,
prague,cost231,0,0,10,8,0.9509613867412032,0.9625138065505038,0.011552419809300551,,
prague,cost231,0,0,10,-1,0.9655681536415481,,,,3.0
prague,encoder,0,0,20,3,0.8846786736694994,0.9053828640984605,0.0207041904289611,,
prague,encoder,0,0,20,5,0.8846786736694994,0.9429028695083741,0.058224195838874726,,
prague,encoder,0,0,20,8,0.8846786736694994,0.9674165408110362,0.08273786714153686,,
prague,encoder,0,0,20,-1,0.6233798435633298,,,1.0,3.0
prague,encoder,0,0,10,3,0.9053828640984605,0.9053828640984605,0.0,,
prague,encoder,0,0,10,5,0.9053828640984605,0.9429028695083741,0.037520005409913626,,
prague,encoder,0,0,10,8,0.9053828640984605,0.9625138065505038,0.05713094245204331,,
prague,encoder,0,0,10,-1,0.6233798435633298,,,1.0,3.0
prague,encoder,1,0,20,3,0.71972138944616,0.9053828640984605,0.18566147465230043,,
prague,encoder,1,0,20,5,0.71972138944616,0.9429028695083741,0.22318148006221405,,
prague,encoder,1,0,20,8,0.71972138944616,0.9674165408110362,0.2476951513648762,,
prague,encoder,1,0,20,-1,0.6233798435633298,,,1.0,3.0
prague,encoder,1,0,10,3,0.71972138944616,0.9053828640984605,0.18566147465230043,,
prague,encoder,1,0,10,5,0.71972138944616,0.9429028695083741,0.22318148006221405,,
prague,encoder,1,0,10,8,0.71972138944616,0.9625138065505038,0.24279241710434374,,
prague,encoder,1,0,10,-1,0.6233798435633298,,,1.0,3.0
prague,encoder,2,0,20,3,0.8642787908842955,0.9053828640984605,0.04110407321416498,,
prague,encoder,2,0,20,5,0.8642787908842955,0.9429028695083741,0.07862407862407861,,
prague,encoder,2,0,20,8,0.8642787908842955,0.9674165408110362,0.10313774992674074,,
prague,encoder,2,0,20,-1,0.6233798435633298,,,1.0,3.0
prague,encoder,2,0,10,3,0.8642787908842955,0.9053828640984605,0.04110407321416498,,
prague,encoder,2,0,10,5,0.8642787908842955,0.9429028695083741,0.07862407862407861,,
prague,encoder,2,0,10,8,0.8642787908842955,0.9625138065505038,0.09823501566620829,,
prague,encoder,2,0,10,-1,0.6233798435633298,,,1.0,3.0
prague,encoder,3,0,20,3,0.71972138944616,0.9053828640984605,0.18566147465230043,,
prague,encoder,3,0,20,5,0.71972138944616,0.9429028695083741,0.22318148006221405,,
prague,encoder,3,0,20,8,0.71972138944616,0.9674165408110362,0.2476951513648762,,
prague,encoder,3,0,20,-1,0.6233798435633298,,,1.0,3.0
prague,encoder,3,0,10,3,0.71972138944616,0.9053828640984605,0.18566147465230043,,
prague,encoder,3,0,10,5,0.71972138944616,0.9429028695083741,0.22318148006221405,,
prague,encoder,3,0,10,8,0.71972138944616,0.9625138065505038,0.24279241710434374,,
prague,encoder,3,0,10,-1,0.6233798435633298,,,1.0,3.0
prague,encoder,4,0,20,3,0.71972138944616,0.9053828640984605,0.18566147465230043,,
prague,encoder,4,0,20,5,0.71972138944616,0.9429028695083741,0.22318148006221405,,
prague,encoder,4,0,20,8,0.71972138944616,0.9674165408110362,0.2476951513648762,,
prague,encoder,4,0,20,-1,0.6233798435633298,,,1.0,3.0
prague,encoder,4,0,10,3,0.71972138944616,0.9053828640984605,0.18566147465230043,,
prague,encoder,4,0,10,5,0.71972138944616,0.9429028695083741,0.22318148006221405,,
prague,encoder,4,0,10,8,0.71972138944616,0.9625138065505038,0.24279241710434374,,
prague,encoder,4,0,10,-1,0.6233798435633298,,,1.0,3.0
prague,gbdt,0,0,20,3,0.6663661159074004,0.9053828640984605,0.2390167481910601,,
prague,gbdt,0,0,20,5,0.6663661159074004,0.9429028695083741,0.27653675360097374,,
prague,gbdt,0,0,20,8,0.6663661159074004,0.9674165408110362,0.30105042490363587,,
prague,gbdt,0,0,20,-1,0.6233798435633298,,,1.0,3.0
prague,gbdt,0,0,10,3,0.9053828640984605,0.9053828640984605,0.0,,
prague,gbdt,0,0,10,5,0.9053828640984605,0.9429028695083741,0.037520005409913626,,
prague,gbdt,0,0,10,8,0.9053828640984605,0.9625138065505038,0.05713094245204331,,
prague,gbdt,0,0,10,-1,0.6233798435633298,,,1.0,3.0
prague,gbdt+k10,0,0,20,3,0.6663661159074004,0.9053828640984605,0.2390167481910601,,
prague,gbdt+k10,0,0,20,5,0.6663661159074004,0.9429028695083741,0.27653675360097374,,
prague,gbdt+k10,0,0,20,8,0.6663661159074004,0.9674165408110362,0.30105042490363587,,
prague,gbdt+k10,0,0,20,-1,0.6233798435633298,,,1.0,3.0
prague,gbdt+k10,0,1,20,3,0.6663661159074004,0.9053828640984605,0.2390167481910601,,
prague,gbdt+k10,0,1,20,5,0.6663661159074004,0.9429028695083741,0.27653675360097374,,
prague,gbdt+k10,0,1,20,8,0.6663661159074004,0.9674165408110362,0.30105042490363587,,
prague,gbdt+k10,0,1,20,-1,0.6233798435633298,,,1.0,3.0
prague,gbdt+k10,0,2,20,3,0.696154453035187,0.9053828640984605,0.2092284110632735,,
prague,gbdt+k10,0,2,20,5,0.7736740076189618,0.9429028695083741,0.16922886188941233,,
prague,gbdt+k10,0,2,20,8,0.7736740076189618,0.9674165408110362,0.19374253319207446,,
prague,gbdt+k10,0,2,20,-1,0.6233798435633298,,,1.0,3.0
prague,gbdt+k10,0,3,20,3,0.7482812253454455,0.9053828640984605,0.15710163875301497,,
prague,gbdt+k10,0,3,20,5,0.7482812253454455,0.9429028695083741,0.1946216441629286,,
prague,gbdt+k10,0,3,20,8,0.7482812253454455,0.9674165408110362,0.21913531546559073,,
prague,gbdt+k10,0,3,20,-1,0.6233798435633298,,,1.0,3.0
prague,gbdt+k10,0,4,20,3,0.6870139530689989,0.9053828640984605,0.21836891102946154,,
prague,gbdt+k10,0,4,20,5,0.6870139530689989,0.9429028695083741,0.25588891643937517,,
prague,gbdt+k10,0,4,20,8,0.6870139530689989,0.9674165408110362,0.2804025877420373,,
prague,gbdt+k10,0,4,20,-1,0.6233798435633298,,,1.0,3.0
prague,gbdt+k10,0,5,20,3,0.696154453035187,0.9053828640984605,0.2092284110632735,,
prague,gbdt+k10,0,5,20,5,0.7736740076189618,0.9429028695083741,0.16922886188941233,,
prague,gbdt+k10,0,5,20,8,0.7736740076189618,0.9674165408110362,0.19374253319207446,,
prague,gbdt+k10,0,5,20,-1,0.6233798435633298,,,1.0,3.0
prague,gbdt+k10,0,6,20,3,0.6663661159074004,0.9053828640984605,0.2390167481910601,,
prague,gbdt+k10,0,6,20,5,0.6663661159074004,0.9429028695083741,0.27653675360097374,,
prague,gbdt+k10,0,6,20,8,0.6663661159074004,0.9674165408110362,0.30105042490363587,,
prague,gbdt+k10,0,6,20,-1,0.6233798435633298,,,1.0,3.0
prague,gbdt+k10,0,7,20,3,0.696154453035187,0.9053828640984605,0.2092284110632735,,
prague,gbdt+k10,0,7,20,5,0.7736740076189618,0.9429028695083741,0.16922886188941233,,
prague,gbdt+k10,0,7,20,8,0.7736740076189618,0.9674165408110362,0.19374253319207446,,
prague,gbdt+k10,0,7,20,-1,0.6233798435633298,,,1.0,3.0
prague,gbdt+k10,0,8,20,3,0.696154453035187,0.9053828640984605,0.2092284110632735,,
prague,gbdt+k10,0,8,20,5,0.7736740076189618,0.9429028695083741,0.16922886188941233,,
prague,gbdt+k10,0,8,20,8,0.7736740076189618,0.9674165408110362,0.19374253319207446,,
prague,gbdt+k10,0,8,20,-1,0.6233798435633298,,,1.0,3.0
prague,gbdt+k10,0,9,20,3,0.696154453035187,0.9053828640984605,0.2092284110632735,,
prague,gbdt+k10,0,9,20,5,0.7736740076189618,0.9429028695083741,0.16922886188941233,,
prague,gbdt+k10,0,9,20,8,0.7736740076189618,0.9674165408110362,0.19374253319207446,,
prague,gbdt+k10,0,9,20,-1,0.6233798435633298,,,1.0,3.0
prague,gbdt+k10d,0,0,20,3,0.696154453035187,0.9053828640984605,0.2092284110632735,,
prague,gbdt+k10d,0,0,20,5,0.7736740076189618,0.9429028695083741,0.16922886188941233,,
prague,gbdt+k10d,0,0,20,8,0.7736740076189618,0.9674165408110362,0.19374253319207446,,
prague,gbdt+k10d,0,0,20,-1,0.6233798435633298,,,1.0,3.0
prague,gbdt,1,0,20,3,0.6663661159074004,0.9053828640984605,0.2390167481910601,,
prague,gbdt,1,0,20,5,0.6663661159074004,0.9429028695083741,0.27653675360097374,,
prague,gbdt,1,0,20,8,0.6663661159074004,0.9674165408110362,0.30105042490363587,,
prague,gbdt,1,0,20,-1,0.6233798435633298,,,1.0,3.0
prague,gbdt,1,0,10,3,0.9053828640984605,0.9053828640984605,0.0,,
prague,gbdt,1,0,10,5,0.9053828640984605,0.9429028695083741,0.037520005409913626,,
prague,gbdt,1,0,10,8,0.9053828640984605,0.9625138065505038,0.05713094245204331,,
prague,gbdt,1,0,10,-1,0.6233798435633298,,,1.0,3.0
prague,gbdt+k10,1,0,20,3,0.6663661159074004,0.9053828640984605,0.2390167481910601,,
prague,gbdt+k10,1,0,20,5,0.6663661159074004,0.9429028695083741,0.27653675360097374,,
prague,gbdt+k10,1,0,20,8,0.6663661159074004,0.9674165408110362,0.30105042490363587,,
prague,gbdt+k10,1,0,20,-1,0.6233798435633298,,,1.0,3.0
prague,gbdt+k10,1,1,20,3,0.6663661159074004,0.9053828640984605,0.2390167481910601,,
prague,gbdt+k10,1,1,20,5,0.6663661159074004,0.9429028695083741,0.27653675360097374,,
prague,gbdt+k10,1,1,20,8,0.6663661159074004,0.9674165408110362,0.30105042490363587,,
prague,gbdt+k10,1,1,20,-1,0.6233798435633298,,,1.0,3.0
prague,gbdt+k10,1,2,20,3,0.7482812253454455,0.9053828640984605,0.15710163875301497,,
prague,gbdt+k10,1,2,20,5,0.7736740076189618,0.9429028695083741,0.16922886188941233,,
prague,gbdt+k10,1,2,20,8,0.7736740076189618,0.9674165408110362,0.19374253319207446,,
prague,gbdt+k10,1,2,20,-1,0.6233798435633298,,,1.0,3.0
prague,gbdt+k10,1,3,20,3,0.7482812253454455,0.9053828640984605,0.15710163875301497,,
prague,gbdt+k10,1,3,20,5,0.7482812253454455,0.9429028695083741,0.1946216441629286,,
prague,gbdt+k10,1,3,20,8,0.7482812253454455,0.9674165408110362,0.21913531546559073,,
prague,gbdt+k10,1,3,20,-1,0.6233798435633298,,,1.0,3.0
prague,gbdt+k10,1,4,20,3,0.6870139530689989,0.9053828640984605,0.21836891102946154,,
prague,gbdt+k10,1,4,20,5,0.6870139530689989,0.9429028695083741,0.25588891643937517,,
prague,gbdt+k10,1,4,20,8,0.6870139530689989,0.9674165408110362,0.2804025877420373,,
prague,gbdt+k10,1,4,20,-1,0.6233798435633298,,,1.0,3.0
prague,gbdt+k10,1,5,20,3,0.7482812253454455,0.9053828640984605,0.15710163875301497,,
prague,gbdt+k10,1,5,20,5,0.7898812073124,0.9429028695083741,0.15302166219597413,,
prague,gbdt+k10,1,5,20,8,0.7898812073124,0.9674165408110362,0.17753533349863626,,
prague,gbdt+k10,1,5,20,-1,0.6233798435633298,,,1.0,3.0
prague,gbdt+k10,1,6,20,3,0.6663661159074004,0.9053828640984605,0.2390167481910601,,
prague,gbdt+k10,1,6,20,5,0.6663661159074004,0.9429028695083741,0.27653675360097374,,
prague,gbdt+k10,1,6,20,8,0.6663661159074004,0.9674165408110362,0.30105042490363587,,
prague,gbdt+k10,1,6,20,-1,0.6233798435633298,,,1.0,3.0
prague,gbdt+k10,1,7,20,3,0.7123616527286252,0.9053828640984605,0.1930212113698353,,
prague,gbdt+k10,1,7,20,5,0.7123616527286252,0.9429028695083741,0.23054121677974893,,
prague,gbdt+k10,1,7,20,8,0.7123616527286252,0.9674165408110362,0.25505488808241106,,
prague,gbdt+k10,1,7,20,-1,0.6233798435633298,,,1.0,3.0
prague,gbdt+k10,1,8,20,3,0.6663661159074004,0.9053828640984605,0.2390167481910601,,
prague,gbdt+k10,1,8,20,5,0.6663661159074004,0.9429028695083741,0.27653675360097374,,
prague,gbdt+k10,1,8,20,8,0.6663661159074004,0.9674165408110362,0.30105042490363587,,
prague,gbdt+k10,1,8,20,-1,0.6233798435633298,,,1.0,3.0
prague,gbdt+k10,1,9,20,3,0.7482812253454455,0.9053828640984605,0.15710163875301497,,
prague,gbdt+k10,1,9,20,5,0.7898812073124,0.9429028695083741,0.15302166219597413,,
prague,gbdt+k10,1,9,20,8,0.7898812073124,0.9674165408110362,0.17753533349863626,,
prague,gbdt+k10,1,9,20,-1,0.6233798435633298,,,1.0,3.0
prague,gbdt+k10d,1,0,20,3,0.7123616527286252,0.9053828640984605,0.1930212113698353,,
prague,gbdt+k10d,1,0,20,5,0.7898812073124,0.9429028695083741,0.15302166219597413,,
prague,gbdt+k10d,1,0,20,8,0.7898812073124,0.9674165408110362,0.17753533349863626,,
prague,gbdt+k10d,1,0,20,-1,0.6233798435633298,,,1.0,3.0
prague,gbdt,2,0,20,3,0.7654802425444627,0.9053828640984605,0.1399026215539978,,
prague,gbdt,2,0,20,5,0.7654802425444627,0.9429028695083741,0.17742262696391142,,
prague,gbdt,2,0,20,8,0.7654802425444627,0.9674165408110362,0.20193629826657356,,
prague,gbdt,2,0,20,-1,0.6233798435633298,,,1.0,3.0
prague,gbdt,2,0,10,3,0.7654802425444627,0.9053828640984605,0.1399026215539978,,
prague,gbdt,2,0,10,5,0.7654802425444627,0.9429028695083741,0.17742262696391142,,
prague,gbdt,2,0,10,8,0.7654802425444627,0.9625138065505038,0.1970335640060411,,
prague,gbdt,2,0,10,-1,0.6233798435633298,,,1.0,3.0
prague,gbdt+k10,2,0,20,3,0.7654802425444627,0.9053828640984605,0.1399026215539978,,
prague,gbdt+k10,2,0,20,5,0.7654802425444627,0.9429028695083741,0.17742262696391142,,
prague,gbdt+k10,2,0,20,8,0.7654802425444627,0.9674165408110362,0.20193629826657356,,
prague,gbdt+k10,2,0,20,-1,0.6233798435633298,,,1.0,3.0
prague,gbdt+k10,2,1,20,3,0.7654802425444627,0.9053828640984605,0.1399026215539978,,
prague,gbdt+k10,2,1,20,5,0.7654802425444627,0.9429028695083741,0.17742262696391142,,
prague,gbdt+k10,2,1,20,8,0.7654802425444627,0.9674165408110362,0.20193629826657356,,
prague,gbdt+k10,2,1,20,-1,0.6233798435633298,,,1.0,3.0
prague,gbdt+k10,2,2,20,3,0.7442801433627122,0.9053828640984605,0.16110272073574827,,
prague,gbdt+k10,2,2,20,5,0.7442801433627122,0.9429028695083741,0.1986227261456619,,
prague,gbdt+k10,2,2,20,8,0.7442801433627122,0.9674165408110362,0.22313639744832403,,
prague,gbdt+k10,2,2,20,-1,0.6233798435633298,,,1.0,3.0
prague,gbdt+k10,2,3,20,3,0.7654802425444627,0.9053828640984605,0.1399026215539978,,
prague,gbdt+k10,2,3,20,5,0.7654802425444627,0.9429028695083741,0.17742262696391142,,
prague,gbdt+k10,2,3,20,8,0.7654802425444627,0.9674165408110362,0.20193629826657356,,
prague,gbdt+k10,2,3,20,-1,0.6233798435633298,,,1.0,3.0
prague,gbdt+k10,2,4,20,3,0.7654802425444627,0.9053828640984605,0.1399026215539978,,
prague,gbdt+k10,2,4,20,5,0.7654802425444627,0.9429028695083741,0.17742262696391142,,
prague,gbdt+k10,2,4,20,8,0.7654802425444627,0.9674165408110362,0.20193629826657356,,
prague,gbdt+k10,2,4,20,-1,0.6233798435633298,,,1.0,3.0
prague,gbdt+k10,2,5,20,3,0.7442801433627122,0.9053828640984605,0.16110272073574827,,
prague,gbdt+k10,2,5,20,5,0.7442801433627122,0.9429028695083741,0.1986227261456619,,
prague,gbdt+k10,2,5,20,8,0.7442801433627122,0.9674165408110362,0.22313639744832403,,
prague,gbdt+k10,2,5,20,-1,0.6233798435633298,,,1.0,3.0
prague,gbdt+k10,2,6,20,3,0.7123616527286252,0.9053828640984605,0.1930212113698353,,
prague,gbdt+k10,2,6,20,5,0.7123616527286252,0.9429028695083741,0.23054121677974893,,
prague,gbdt+k10,2,6,20,8,0.7123616527286252,0.9674165408110362,0.25505488808241106,,
prague,gbdt+k10,2,6,20,-1,0.6233798435633298,,,1.0,3.0
prague,gbdt+k10,2,7,20,3,0.7123616527286252,0.9053828640984605,0.1930212113698353,,
prague,gbdt+k10,2,7,20,5,0.7898812073124,0.9429028695083741,0.15302166219597413,,
prague,gbdt+k10,2,7,20,8,0.7898812073124,0.9674165408110362,0.17753533349863626,,
prague,gbdt+k10,2,7,20,-1,0.6233798435633298,,,1.0,3.0
prague,gbdt+k10,2,8,20,3,0.7442801433627122,0.9053828640984605,0.16110272073574827,,
prague,gbdt+k10,2,8,20,5,0.7442801433627122,0.9429028695083741,0.1986227261456619,,
prague,gbdt+k10,2,8,20,8,0.7442801433627122,0.9674165408110362,0.22313639744832403,,
prague,gbdt+k10,2,8,20,-1,0.6233798435633298,,,1.0,3.0
prague,gbdt+k10,2,9,20,3,0.7123616527286252,0.9053828640984605,0.1930212113698353,,
prague,gbdt+k10,2,9,20,5,0.7123616527286252,0.9429028695083741,0.23054121677974893,,
prague,gbdt+k10,2,9,20,8,0.7123616527286252,0.9674165408110362,0.25505488808241106,,
prague,gbdt+k10,2,9,20,-1,0.6233798435633298,,,1.0,3.0
prague,gbdt+k10d,2,0,20,3,0.7123616527286252,0.9053828640984605,0.1930212113698353,,
prague,gbdt+k10d,2,0,20,5,0.7123616527286252,0.9429028695083741,0.23054121677974893,,
prague,gbdt+k10d,2,0,20,8,0.7123616527286252,0.9674165408110362,0.25505488808241106,,
prague,gbdt+k10d,2,0,20,-1,0.6233798435633298,,,1.0,3.0
prague,gbdt,3,0,20,3,0.7123616527286252,0.9053828640984605,0.1930212113698353,,
prague,gbdt,3,0,20,5,0.7123616527286252,0.9429028695083741,0.23054121677974893,,
prague,gbdt,3,0,20,8,0.7123616527286252,0.9674165408110362,0.25505488808241106,,
prague,gbdt,3,0,20,-1,0.6233798435633298,,,1.0,3.0
prague,gbdt,3,0,10,3,0.7654802425444627,0.9053828640984605,0.1399026215539978,,
prague,gbdt,3,0,10,5,0.7654802425444627,0.9429028695083741,0.17742262696391142,,
prague,gbdt,3,0,10,8,0.7654802425444627,0.9625138065505038,0.1970335640060411,,
prague,gbdt,3,0,10,-1,0.6233798435633298,,,1.0,3.0
prague,gbdt+k10,3,0,20,3,0.7654802425444627,0.9053828640984605,0.1399026215539978,,
prague,gbdt+k10,3,0,20,5,0.7654802425444627,0.9429028695083741,0.17742262696391142,,
prague,gbdt+k10,3,0,20,8,0.7654802425444627,0.9674165408110362,0.20193629826657356,,
prague,gbdt+k10,3,0,20,-1,0.6233798435633298,,,1.0,3.0
prague,gbdt+k10,3,1,20,3,0.71972138944616,0.9053828640984605,0.18566147465230043,,
prague,gbdt+k10,3,1,20,5,0.71972138944616,0.9429028695083741,0.22318148006221405,,
prague,gbdt+k10,3,1,20,8,0.71972138944616,0.9674165408110362,0.2476951513648762,,
prague,gbdt+k10,3,1,20,-1,0.6233798435633298,,,1.0,3.0
prague,gbdt+k10,3,2,20,3,0.7482812253454455,0.9053828640984605,0.15710163875301497,,
prague,gbdt+k10,3,2,20,5,0.7898812073124,0.9429028695083741,0.15302166219597413,,
prague,gbdt+k10,3,2,20,8,0.7898812073124,0.9674165408110362,0.17753533349863626,,
prague,gbdt+k10,3,2,20,-1,0.6233798435633298,,,1.0,3.0
prague,gbdt+k10,3,3,20,3,0.7442801433627122,0.9053828640984605,0.16110272073574827,,
prague,gbdt+k10,3,3,20,5,0.7442801433627122,0.9429028695083741,0.1986227261456619,,
prague,gbdt+k10,3,3,20,8,0.7442801433627122,0.9674165408110362,0.22313639744832403,,
prague,gbdt+k10,3,3,20,-1,0.6233798435633298,,,1.0,3.0
prague,gbdt+k10,3,4,20,3,0.7654802425444627,0.9053828640984605,0.1399026215539978,,
prague,gbdt+k10,3,4,20,5,0.7654802425444627,0.9429028695083741,0.17742262696391142,,
prague,gbdt+k10,3,4,20,8,0.7654802425444627,0.9674165408110362,0.20193629826657356,,
prague,gbdt+k10,3,4,20,-1,0.6233798435633298,,,1.0,3.0
prague,gbdt+k10,3,5,20,3,0.7482812253454455,0.9053828640984605,0.15710163875301497,,
prague,gbdt+k10,3,5,20,5,0.7898812073124,0.9429028695083741,0.15302166219597413,,
prague,gbdt+k10,3,5,20,8,0.7898812073124,0.9674165408110362,0.17753533349863626,,
prague,gbdt+k10,3,5,20,-1,0.6233798435633298,,,1.0,3.0
prague,gbdt+k10,3,6,20,3,0.7123616527286252,0.9053828640984605,0.1930212113698353,,
prague,gbdt+k10,3,6,20,5,0.7123616527286252,0.9429028695083741,0.23054121677974893,,
prague,gbdt+k10,3,6,20,8,0.7123616527286252,0.9674165408110362,0.25505488808241106,,
prague,gbdt+k10,3,6,20,-1,0.6233798435633298,,,1.0,3.0
prague,gbdt+k10,3,7,20,3,0.7123616527286252,0.9053828640984605,0.1930212113698353,,
prague,gbdt+k10,3,7,20,5,0.7898812073124,0.9429028695083741,0.15302166219597413,,
prague,gbdt+k10,3,7,20,8,0.7898812073124,0.9674165408110362,0.17753533349863626,,
prague,gbdt+k10,3,7,20,-1,0.6233798435633298,,,1.0,3.0
prague,gbdt+k10,3,8,20,3,0.7123616527286252,0.9053828640984605,0.1930212113698353,,
prague,gbdt+k10,3,8,20,5,0.7123616527286252,0.9429028695083741,0.23054121677974893,,
prague,gbdt+k10,3,8,20,8,0.7123616527286252,0.9674165408110362,0.25505488808241106,,
prague,gbdt+k10,3,8,20,-1,0.6233798435633298,,,1.0,3.0
prague,gbdt+k10,3,9,20,3,0.7123616527286252,0.9053828640984605,0.1930212113698353,,
prague,gbdt+k10,3,9,20,5,0.7123616527286252,0.9429028695083741,0.23054121677974893,,
prague,gbdt+k10,3,9,20,8,0.7123616527286252,0.9674165408110362,0.25505488808241106,,
prague,gbdt+k10,3,9,20,-1,0.6233798435633298,,,1.0,3.0
prague,gbdt+k10d,3,0,20,3,0.7123616527286252,0.9053828640984605,0.1930212113698353,,
prague,gbdt+k10d,3,0,20,5,0.7123616527286252,0.9429028695083741,0.23054121677974893,,
prague,gbdt+k10d,3,0,20,8,0.7123616527286252,0.9674165408110362,0.25505488808241106,,
prague,gbdt+k10d,3,0,20,-1,0.6233798435633298,,,1.0,3.0
prague,gbdt,4,0,20,3,0.6663661159074004,0.9053828640984605,0.2390167481910601,,
prague,gbdt,4,0,20,5,0.6663661159074004,0.9429028695083741,0.27653675360097374,,
prague,gbdt,4,0,20,8,0.6663661159074004,0.9674165408110362,0.30105042490363587,,
prague,gbdt,4,0,20,-1,0.6233798435633298,,,1.0,3.0
prague,gbdt,4,0,10,3,0.9053828640984605,0.9053828640984605,0.0,,
prague,gbdt,4,0,10,5,0.9053828640984605,0.9429028695083741,0.037520005409913626,,
prague,gbdt,4,0,10,8,0.9053828640984605,0.9625138065505038,0.05713094245204331,,
prague,gbdt,4,0,10,-1,0.6233798435633298,,,1.0,3.0
prague,gbdt+k10,4,0,20,3,0.6870139530689989,0.9053828640984605,0.21836891102946154,,
prague,gbdt+k10,4,0,20,5,0.6870139530689989,0.9429028695083741,0.25588891643937517,,
prague,gbdt+k10,4,0,20,8,0.6870139530689989,0.9674165408110362,0.2804025877420373,,
prague,gbdt+k10,4,0,20,-1,0.6233798435633298,,,1.0,3.0
prague,gbdt+k10,4,1,20,3,0.8642787908842955,0.9053828640984605,0.04110407321416498,,
prague,gbdt+k10,4,1,20,5,0.8642787908842955,0.9429028695083741,0.07862407862407861,,
prague,gbdt+k10,4,1,20,8,0.8642787908842955,0.9674165408110362,0.10313774992674074,,
prague,gbdt+k10,4,1,20,-1,0.6233798435633298,,,1.0,3.0
prague,gbdt+k10,4,2,20,3,0.7123616527286252,0.9053828640984605,0.1930212113698353,,
prague,gbdt+k10,4,2,20,5,0.7123616527286252,0.9429028695083741,0.23054121677974893,,
prague,gbdt+k10,4,2,20,8,0.7123616527286252,0.9674165408110362,0.25505488808241106,,
prague,gbdt+k10,4,2,20,-1,0.6233798435633298,,,1.0,3.0
prague,gbdt+k10,4,3,20,3,0.8846786736694994,0.9053828640984605,0.0207041904289611,,
prague,gbdt+k10,4,3,20,5,0.8846786736694994,0.9429028695083741,0.058224195838874726,,
prague,gbdt+k10,4,3,20,8,0.8846786736694994,0.9674165408110362,0.08273786714153686,,
prague,gbdt+k10,4,3,20,-1,0.6233798435633298,,,1.0,3.0
prague,gbdt+k10,4,4,20,3,0.6233798435633298,0.9053828640984605,0.2820030205351307,,
prague,gbdt+k10,4,4,20,5,0.6233798435633298,0.9429028695083741,0.31952302594504434,,
prague,gbdt+k10,4,4,20,8,0.6233798435633298,0.9674165408110362,0.34403669724770647,,
prague,gbdt+k10,4,4,20,-1,0.6233798435633298,,,1.0,3.0
prague,gbdt+k10,4,5,20,3,0.7123616527286252,0.9053828640984605,0.1930212113698353,,
prague,gbdt+k10,4,5,20,5,0.7123616527286252,0.9429028695083741,0.23054121677974893,,
prague,gbdt+k10,4,5,20,8,0.7123616527286252,0.9674165408110362,0.25505488808241106,,
prague,gbdt+k10,4,5,20,-1,0.6233798435633298,,,1.0,3.0
prague,gbdt+k10,4,6,20,3,0.7123616527286252,0.9053828640984605,0.1930212113698353,,
prague,gbdt+k10,4,6,20,5,0.7123616527286252,0.9429028695083741,0.23054121677974893,,
prague,gbdt+k10,4,6,20,8,0.7123616527286252,0.9674165408110362,0.25505488808241106,,
prague,gbdt+k10,4,6,20,-1,0.6233798435633298,,,1.0,3.0
prague,gbdt+k10,4,7,20,3,0.7123616527286252,0.9053828640984605,0.1930212113698353,,
prague,gbdt+k10,4,7,20,5,0.7123616527286252,0.9429028695083741,0.23054121677974893,,
prague,gbdt+k10,4,7,20,8,0.7123616527286252,0.9674165408110362,0.25505488808241106,,
prague,gbdt+k10,4,7,20,-1,0.6233798435633298,,,1.0,3.0
prague,gbdt+k10,4,8,20,3,0.7123616527286252,0.9053828640984605,0.1930212113698353,,
prague,gbdt+k10,4,8,20,5,0.7123616527286252,0.9429028695083741,0.23054121677974893,,
prague,gbdt+k10,4,8,20,8,0.7123616527286252,0.9674165408110362,0.25505488808241106,,
prague,gbdt+k10,4,8,20,-1,0.6233798435633298,,,1.0,3.0
prague,gbdt+k10,4,9,20,3,0.7123616527286252,0.9053828640984605,0.1930212113698353,,
prague,gbdt+k10,4,9,20,5,0.7123616527286252,0.9429028695083741,0.23054121677974893,,
prague,gbdt+k10,4,9,20,8,0.7123616527286252,0.9674165408110362,0.25505488808241106,,
prague,gbdt+k10,4,9,20,-1,0.6233798435633298,,,1.0,3.0
prague,gbdt+k10d,4,0,20,3,0.7123616527286252,0.9053828640984605,0.1930212113698353,,
prague,gbdt+k10d,4,0,20,5,0.7123616527286252,0.9429028695083741,0.23054121677974893,,
prague,gbdt+k10d,4,0,20,8,0.7123616527286252,0.9674165408110362,0.25505488808241106,,
prague,gbdt+k10d,4,0,20,-1,0.6233798435633298,,,1.0,3.0
prague,gbdt_iw,0,0,20,3,0.6663661159074004,0.9053828640984605,0.2390167481910601,,
prague,gbdt_iw,0,0,20,5,0.6663661159074004,0.9429028695083741,0.27653675360097374,,
prague,gbdt_iw,0,0,20,8,0.6663661159074004,0.9674165408110362,0.30105042490363587,,
prague,gbdt_iw,0,0,20,-1,0.6233798435633298,,,1.0,3.0
prague,gbdt_iw,0,0,10,3,0.9053828640984605,0.9053828640984605,0.0,,
prague,gbdt_iw,0,0,10,5,0.9053828640984605,0.9429028695083741,0.037520005409913626,,
prague,gbdt_iw,0,0,10,8,0.9053828640984605,0.9625138065505038,0.05713094245204331,,
prague,gbdt_iw,0,0,10,-1,0.6233798435633298,,,1.0,3.0
prague,gbdt_iw,1,0,20,3,0.8846786736694994,0.9053828640984605,0.0207041904289611,,
prague,gbdt_iw,1,0,20,5,0.8954534183891982,0.9429028695083741,0.04744945111917587,,
prague,gbdt_iw,1,0,20,8,0.8954534183891982,0.9674165408110362,0.071963122421838,,
prague,gbdt_iw,1,0,20,-1,0.6233798435633298,,,1.0,3.0
prague,gbdt_iw,1,0,10,3,0.9053828640984605,0.9053828640984605,0.0,,
prague,gbdt_iw,1,0,10,5,0.916011090323017,0.9429028695083741,0.026891779185357123,,
prague,gbdt_iw,1,0,10,8,0.916011090323017,0.9625138065505038,0.04650271622748681,,
prague,gbdt_iw,1,0,10,-1,0.6233798435633298,,,1.0,3.0
prague,gbdt_iw,2,0,20,3,0.7654802425444627,0.9053828640984605,0.1399026215539978,,
prague,gbdt_iw,2,0,20,5,0.7853729459234047,0.9429028695083741,0.15752992358496942,,
prague,gbdt_iw,2,0,20,8,0.7853729459234047,0.9674165408110362,0.18204359488763155,,
prague,gbdt_iw,2,0,20,-1,0.6233798435633298,,,1.0,3.0
prague,gbdt_iw,2,0,10,3,0.7654802425444627,0.9053828640984605,0.1399026215539978,,
prague,gbdt_iw,2,0,10,5,0.7839190316254536,0.9429028695083741,0.15898383788292048,,
prague,gbdt_iw,2,0,10,8,0.7839190316254536,0.9625138065505038,0.17859477492505016,,
prague,gbdt_iw,2,0,10,-1,0.6233798435633298,,,1.0,3.0
prague,gbdt_iw,3,0,20,3,0.7123616527286252,0.9053828640984605,0.1930212113698353,,
prague,gbdt_iw,3,0,20,5,0.7123616527286252,0.9429028695083741,0.23054121677974893,,
prague,gbdt_iw,3,0,20,8,0.7123616527286252,0.9674165408110362,0.25505488808241106,,
prague,gbdt_iw,3,0,20,-1,0.6233798435633298,,,1.0,3.0
prague,gbdt_iw,3,0,10,3,0.7654802425444627,0.9053828640984605,0.1399026215539978,,
prague,gbdt_iw,3,0,10,5,0.7654802425444627,0.9429028695083741,0.17742262696391142,,
prague,gbdt_iw,3,0,10,8,0.7654802425444627,0.9625138065505038,0.1970335640060411,,
prague,gbdt_iw,3,0,10,-1,0.6233798435633298,,,1.0,3.0
prague,gbdt_iw,4,0,20,3,0.7442801433627122,0.9053828640984605,0.16110272073574827,,
prague,gbdt_iw,4,0,20,5,0.7442801433627122,0.9429028695083741,0.1986227261456619,,
prague,gbdt_iw,4,0,20,8,0.7442801433627122,0.9674165408110362,0.22313639744832403,,
prague,gbdt_iw,4,0,20,-1,0.6233798435633298,,,1.0,3.0
prague,gbdt_iw,4,0,10,3,0.7654802425444627,0.9053828640984605,0.1399026215539978,,
prague,gbdt_iw,4,0,10,5,0.7654802425444627,0.9429028695083741,0.17742262696391142,,
prague,gbdt_iw,4,0,10,8,0.7654802425444627,0.9625138065505038,0.1970335640060411,,
prague,gbdt_iw,4,0,10,-1,0.6233798435633298,,,1.0,3.0
prague,gp_ard,0,0,20,3,0.7442801433627122,0.9053828640984605,0.16110272073574827,,
prague,gp_ard,0,0,20,5,0.7786556364538015,0.9429028695083741,0.16424723305457256,,
prague,gp_ard,0,0,20,8,0.7786556364538015,0.9674165408110362,0.1887609043572347,,
prague,gp_ard,0,0,20,-1,0.6233798435633298,,,1.0,3.0
prague,gp_ard,0,0,10,3,0.7590672407186169,0.9053828640984605,0.1463156233798436,,
prague,gp_ard,0,0,10,5,0.7890020963415458,0.9429028695083741,0.15390077316682826,,
prague,gp_ard,0,0,10,8,0.7890020963415458,0.9625138065505038,0.17351171020895795,,
prague,gp_ard,0,0,10,-1,0.6233798435633298,,,1.0,3.0
prague,kernel,0,0,20,3,0.8951829227058585,0.9053828640984605,0.010199941392601941,,
prague,kernel,0,0,20,5,0.8951829227058585,0.9429028695083741,0.04771994680251557,,
prague,kernel,0,0,20,8,0.8951829227058585,0.9674165408110362,0.0722336181051777,,
prague,kernel,0,0,20,-1,0.5131641232558664,,,1.0,3.0
prague,kernel,0,0,10,3,0.8951829227058585,0.9053828640984605,0.010199941392601941,,
prague,kernel,0,0,10,5,0.8951829227058585,0.9429028695083741,0.04771994680251557,,
prague,kernel,0,0,10,8,0.8951829227058585,0.9625138065505038,0.06733088384464525,,
prague,kernel,0,0,10,-1,0.5131641232558664,,,1.0,3.0
prague,knn,0,0,20,3,0.6233798435633298,0.9053828640984605,0.2820030205351307,,
prague,knn,0,0,20,5,0.6233798435633298,0.9429028695083741,0.31952302594504434,,
prague,knn,0,0,20,8,0.6233798435633298,0.9674165408110362,0.34403669724770647,,
prague,knn,0,0,20,-1,0.6233798435633298,,,1.0,3.0
prague,knn,0,0,10,3,0.6233798435633298,0.9053828640984605,0.2820030205351307,,
prague,knn,0,0,10,5,0.6233798435633298,0.9429028695083741,0.31952302594504434,,
prague,knn,0,0,10,8,0.6233798435633298,0.9625138065505038,0.339133962987174,,
prague,knn,0,0,10,-1,0.6233798435633298,,,1.0,3.0
prague,median,0,0,20,3,0.6233798435633298,0.9053828640984605,0.2820030205351307,,
prague,median,0,0,20,5,0.6233798435633298,0.9429028695083741,0.31952302594504434,,
prague,median,0,0,20,8,0.6233798435633298,0.9674165408110362,0.34403669724770647,,
prague,median,0,0,20,-1,0.6233798435633298,,,1.0,3.0
prague,median,0,0,10,3,0.6233798435633298,0.9053828640984605,0.2820030205351307,,
prague,median,0,0,10,5,0.6233798435633298,0.9429028695083741,0.31952302594504434,,
prague,median,0,0,10,8,0.6233798435633298,0.9625138065505038,0.339133962987174,,
prague,median,0,0,10,-1,0.6233798435633298,,,1.0,3.0
prague,mlp,0,0,20,3,0.71972138944616,0.9053828640984605,0.18566147465230043,,
prague,mlp,0,0,20,5,0.71972138944616,0.9429028695083741,0.22318148006221405,,
prague,mlp,0,0,20,8,0.71972138944616,0.9674165408110362,0.2476951513648762,,
prague,mlp,0,0,20,-1,0.6233798435633298,,,1.0,3.0
prague,mlp,0,0,10,3,0.71972138944616,0.9053828640984605,0.18566147465230043,,
prague,mlp,0,0,10,5,0.71972138944616,0.9429028695083741,0.22318148006221405,,
prague,mlp,0,0,10,8,0.71972138944616,0.9625138065505038,0.24279241710434374,,
prague,mlp,0,0,10,-1,0.6233798435633298,,,1.0,3.0
prague,mlp,1,0,20,3,0.71972138944616,0.9053828640984605,0.18566147465230043,,
prague,mlp,1,0,20,5,0.71972138944616,0.9429028695083741,0.22318148006221405,,
prague,mlp,1,0,20,8,0.71972138944616,0.9674165408110362,0.2476951513648762,,
prague,mlp,1,0,20,-1,0.6233798435633298,,,1.0,3.0
prague,mlp,1,0,10,3,0.71972138944616,0.9053828640984605,0.18566147465230043,,
prague,mlp,1,0,10,5,0.71972138944616,0.9429028695083741,0.22318148006221405,,
prague,mlp,1,0,10,8,0.71972138944616,0.9625138065505038,0.24279241710434374,,
prague,mlp,1,0,10,-1,0.6233798435633298,,,1.0,3.0
prague,mlp,2,0,20,3,0.71972138944616,0.9053828640984605,0.18566147465230043,,
prague,mlp,2,0,20,5,0.71972138944616,0.9429028695083741,0.22318148006221405,,
prague,mlp,2,0,20,8,0.71972138944616,0.9674165408110362,0.2476951513648762,,
prague,mlp,2,0,20,-1,0.6233798435633298,,,1.0,3.0
prague,mlp,2,0,10,3,0.71972138944616,0.9053828640984605,0.18566147465230043,,
prague,mlp,2,0,10,5,0.71972138944616,0.9429028695083741,0.22318148006221405,,
prague,mlp,2,0,10,8,0.71972138944616,0.9625138065505038,0.24279241710434374,,
prague,mlp,2,0,10,-1,0.6233798435633298,,,1.0,3.0
prague,mlp,3,0,20,3,0.71972138944616,0.9053828640984605,0.18566147465230043,,
prague,mlp,3,0,20,5,0.71972138944616,0.9429028695083741,0.22318148006221405,,
prague,mlp,3,0,20,8,0.71972138944616,0.9674165408110362,0.2476951513648762,,
prague,mlp,3,0,20,-1,0.6233798435633298,,,1.0,3.0
prague,mlp,3,0,10,3,0.71972138944616,0.9053828640984605,0.18566147465230043,,
prague,mlp,3,0,10,5,0.71972138944616,0.9429028695083741,0.22318148006221405,,
prague,mlp,3,0,10,8,0.71972138944616,0.9625138065505038,0.24279241710434374,,
prague,mlp,3,0,10,-1,0.6233798435633298,,,1.0,3.0
prague,mlp,4,0,20,3,0.71972138944616,0.9053828640984605,0.18566147465230043,,
prague,mlp,4,0,20,5,0.71972138944616,0.9429028695083741,0.22318148006221405,,
prague,mlp,4,0,20,8,0.71972138944616,0.9674165408110362,0.2476951513648762,,
prague,mlp,4,0,20,-1,0.6233798435633298,,,1.0,3.0
prague,mlp,4,0,10,3,0.71972138944616,0.9053828640984605,0.18566147465230043,,
prague,mlp,4,0,10,5,0.71972138944616,0.9429028695083741,0.22318148006221405,,
prague,mlp,4,0,10,8,0.71972138944616,0.9625138065505038,0.24279241710434374,,
prague,mlp,4,0,10,-1,0.6233798435633298,,,1.0,3.0
prague,ridge,0,0,20,3,0.637716114780335,0.9053828640984605,0.2676667493181255,,
prague,ridge,0,0,20,5,0.637716114780335,0.9429028695083741,0.30518675472803913,,
prague,ridge,0,0,20,8,0.637716114780335,0.9674165408110362,0.32970042603070127,,
prague,ridge,0,0,20,-1,0.5131641232558664,,,1.0,3.0
prague,ridge,0,0,10,3,0.637716114780335,0.9053828640984605,0.2676667493181255,,
prague,ridge,0,0,10,5,0.637716114780335,0.9429028695083741,0.30518675472803913,,
prague,ridge,0,0,10,8,0.637716114780335,0.9625138065505038,0.3247976917701688,,
prague,ridge,0,0,10,-1,0.5131641232558664,,,1.0,3.0
prague,ridge+k10,0,0,20,3,0.5131641232558664,0.9053828640984605,0.3922187408425941,,
prague,ridge+k10,0,0,20,5,0.5131641232558664,0.9429028695083741,0.42973874625250774,,
prague,ridge+k10,0,0,20,8,0.5131641232558664,0.9674165408110362,0.4542524175551699,,
prague,ridge+k10,0,0,20,-1,0.5131641232558664,,,1.0,3.0
prague,ridge+k10,0,1,20,3,0.637716114780335,0.9053828640984605,0.2676667493181255,,
prague,ridge+k10,0,1,20,5,0.637716114780335,0.9429028695083741,0.30518675472803913,,
prague,ridge+k10,0,1,20,8,0.637716114780335,0.9674165408110362,0.32970042603070127,,
prague,ridge+k10,0,1,20,-1,0.5131641232558664,,,1.0,3.0
prague,ridge+k10,0,2,20,3,0.7442801433627122,0.9053828640984605,0.16110272073574827,,
prague,ridge+k10,0,2,20,5,0.7442801433627122,0.9429028695083741,0.1986227261456619,,
prague,ridge+k10,0,2,20,8,0.7442801433627122,0.9674165408110362,0.22313639744832403,,
prague,ridge+k10,0,2,20,-1,0.6233798435633298,,,1.0,3.0
prague,ridge+k10,0,3,20,3,0.8951829227058585,0.9053828640984605,0.010199941392601941,,
prague,ridge+k10,0,3,20,5,0.8951829227058585,0.9429028695083741,0.04771994680251557,,
prague,ridge+k10,0,3,20,8,0.8951829227058585,0.9674165408110362,0.0722336181051777,,
prague,ridge+k10,0,3,20,-1,0.5131641232558664,,,1.0,3.0
prague,ridge+k10,0,4,20,3,0.8600072132182224,0.9053828640984605,0.045375650880238094,,
prague,ridge+k10,0,4,20,5,0.8600072132182224,0.9429028695083741,0.08289565629015172,,
prague,ridge+k10,0,4,20,8,0.8600072132182224,0.9674165408110362,0.10740932759281385,,
prague,ridge+k10,0,4,20,-1,0.5131641232558664,,,1.0,3.0
prague,ridge+k10,0,5,20,3,0.7442801433627122,0.9053828640984605,0.16110272073574827,,
prague,ridge+k10,0,5,20,5,0.7442801433627122,0.9429028695083741,0.1986227261456619,,
prague,ridge+k10,0,5,20,8,0.7442801433627122,0.9674165408110362,0.22313639744832403,,
prague,ridge+k10,0,5,20,-1,0.6233798435633298,,,1.0,3.0
prague,ridge+k10,0,6,20,3,0.8828077451930663,0.9053828640984605,0.02257511890539421,,
prague,ridge+k10,0,6,20,5,0.8828077451930663,0.9429028695083741,0.060095124315307835,,
prague,ridge+k10,0,6,20,8,0.8828077451930663,0.9674165408110362,0.08460879561796997,,
prague,ridge+k10,0,6,20,-1,0.5131641232558664,,,1.0,3.0
prague,ridge+k10,0,7,20,3,0.71972138944616,0.9053828640984605,0.18566147465230043,,
prague,ridge+k10,0,7,20,5,0.71972138944616,0.9429028695083741,0.22318148006221405,,
prague,ridge+k10,0,7,20,8,0.71972138944616,0.9674165408110362,0.2476951513648762,,
prague,ridge+k10,0,7,20,-1,0.6233798435633298,,,1.0,3.0
prague,ridge+k10,0,8,20,3,0.71972138944616,0.9053828640984605,0.18566147465230043,,
prague,ridge+k10,0,8,20,5,0.71972138944616,0.9429028695083741,0.22318148006221405,,
prague,ridge+k10,0,8,20,8,0.71972138944616,0.9674165408110362,0.2476951513648762,,
prague,ridge+k10,0,8,20,-1,0.6233798435633298,,,1.0,3.0
prague,ridge+k10,0,9,20,3,0.637716114780335,0.9053828640984605,0.2676667493181255,,
prague,ridge+k10,0,9,20,5,0.637716114780335,0.9429028695083741,0.30518675472803913,,
prague,ridge+k10,0,9,20,8,0.637716114780335,0.9674165408110362,0.32970042603070127,,
prague,ridge+k10,0,9,20,-1,0.5131641232558664,,,1.0,3.0
prague,ridge+k10d,0,0,20,3,0.6969208574713162,0.9053828640984605,0.20846200662714431,,
prague,ridge+k10d,0,0,20,5,0.6969208574713162,0.9429028695083741,0.24598201203705794,,
prague,ridge+k10d,0,0,20,8,0.6969208574713162,0.9674165408110362,0.27049568333972007,,
prague,ridge+k10d,0,0,20,-1,0.6233798435633298,,,1.0,3.0
prague,uma_los,0,0,20,3,0.7963618330590808,0.9053828640984605,0.10902103103937966,,
prague,uma_los,0,0,20,5,0.7963618330590808,0.9429028695083741,0.14654103644929328,,
prague,uma_los,0,0,20,8,0.7963618330590808,0.9674165408110362,0.17105470775195541,,
prague,uma_los,0,0,20,-1,0.7963618330590808,,,1.0,3.0
prague,uma_los,0,0,10,3,0.7963618330590808,0.9053828640984605,0.10902103103937966,,
prague,uma_los,0,0,10,5,0.7963618330590808,0.9429028695083741,0.14654103644929328,,
prague,uma_los,0,0,10,8,0.7963618330590808,0.9625138065505038,0.16615197349142297,,
prague,uma_los,0,0,10,-1,0.7963618330590808,,,1.0,3.0
prague,uma_nlos,0,0,20,3,0.6586006356648558,0.9053828640984605,0.24678222843360464,,
prague,uma_nlos,0,0,20,5,0.7676216667042355,0.9429028695083741,0.1752812028041386,,
prague,uma_nlos,0,0,20,8,0.8788517458242229,0.9674165408110362,0.08856479498681336,,
prague,uma_nlos,0,0,20,-1,0.8129296936636387,,,6.0,3.0
prague,uma_nlos,0,0,10,3,0.8951829227058585,0.9053828640984605,0.010199941392601941,,
prague,uma_nlos,0,0,10,5,0.9146811532132633,0.9429028695083741,0.028221716295110832,,
prague,uma_nlos,0,0,10,8,0.9534634718120957,0.9625138065505038,0.009050334738408106,,
prague,uma_nlos,0,0,10,-1,0.9534634718120957,,,,3.0
vienna,oracle,0,0,20,3,0.5105588656761445,0.6741584332654549,0.16359956758931038,,
vienna,oracle,0,0,20,5,0.7312517283857506,0.7904442265630892,0.059192498177338626,,
vienna,oracle,0,0,20,8,0.8080926163360737,0.8558463433642557,0.047753727028182036,,
vienna,oracle,0,0,20,-1,0.35104457349724716,,,2.0,13.0
vienna,oracle,0,0,10,3,0.5604997863086708,0.6741584332654549,0.11365864695678407,,
vienna,oracle,0,0,10,5,0.6916811222565804,0.7904442265630892,0.09876310430650881,,
vienna,oracle,0,0,10,8,0.8068607486738567,0.8531437765542902,0.04628302788043348,,
vienna,oracle,0,0,10,-1,0.48605978329185207,,,2.0,
vienna,coral,0,0,20,3,0.4750735349573874,0.6741584332654549,0.19908489830806747,,
vienna,coral,0,0,20,5,0.6645171832968801,0.7904442265630892,0.12592704326620907,,
vienna,coral,0,0,20,8,0.6645171832968801,0.8558463433642557,0.19132916006737555,,
vienna,coral,0,0,20,-1,0.22433818538351308,,,1.0,13.0
vienna,coral,0,0,10,3,0.54843251125022,0.6741584332654549,0.12572592201523491,,
vienna,coral,0,0,10,5,0.6508786484651935,0.7904442265630892,0.13956557809789572,,
vienna,coral,0,0,10,8,0.6508786484651935,0.8531437765542902,0.2022651280890967,,
vienna,coral,0,0,10,-1,0.4689393368026749,,,2.0,
vienna,cost231,0,0,20,3,0.6017422128365638,0.6741584332654549,0.07241622042889106,,
vienna,cost231,0,0,20,5,0.6951881740704428,0.7904442265630892,0.09525605249264646,,
vienna,cost231,0,0,20,8,0.8264323604092817,0.8558463433642557,0.029413982954973994,,
vienna,cost231,0,0,20,-1,0.8653116122382282,,,10.0,13.0
vienna,cost231,0,0,10,3,0.6355305830002262,0.6741584332654549,0.038627850265228636,,
vienna,cost231,0,0,10,5,0.7368831234130276,0.7904442265630892,0.05356110315006157,,
vienna,cost231,0,0,10,8,0.8406239786811474,0.8531437765542902,0.012519797873142835,,
vienna,cost231,0,0,10,-1,0.8673102546697841,,,,
vienna,encoder,0,0,20,3,0.22433818538351308,0.6741584332654549,0.4498202478819418,,
vienna,encoder,0,0,20,5,0.22433818538351308,0.7904442265630892,0.5661060411795762,,
vienna,encoder,0,0,20,8,0.22433818538351308,0.8558463433642557,0.6315081579807427,,
vienna,encoder,0,0,20,-1,0.22433818538351308,,,1.0,13.0
vienna,encoder,0,0,10,3,0.433215174598386,0.6741584332654549,0.2409432586670689,,
vienna,encoder,0,0,10,5,0.433215174598386,0.7904442265630892,0.3572290519647032,,
vienna,encoder,0,0,10,8,0.433215174598386,0.8531437765542902,0.4199286019559042,,
vienna,encoder,0,0,10,-1,0.2474671292455439,,,1.0,
vienna,encoder,1,0,20,3,0.22433818538351308,0.6741584332654549,0.4498202478819418,,
vienna,encoder,1,0,20,5,0.22433818538351308,0.7904442265630892,0.5661060411795762,,
vienna,encoder,1,0,20,8,0.22433818538351308,0.8558463433642557,0.6315081579807427,,
vienna,encoder,1,0,20,-1,0.22433818538351308,,,1.0,13.0
vienna,encoder,1,0,10,3,0.4689393368026749,0.6741584332654549,0.20521909646277997,,
vienna,encoder,1,0,10,5,0.4689393368026749,0.7904442265630892,0.3215048897604143,,
vienna,encoder,1,0,10,8,0.4689393368026749,0.8531437765542902,0.3842044397516153,,
vienna,encoder,1,0,10,-1,0.2796213892450411,,,1.0,
vienna,encoder,2,0,20,3,0.22433818538351308,0.6741584332654549,0.4498202478819418,,
vienna,encoder,2,0,20,5,0.22433818538351308,0.7904442265630892,0.5661060411795762,,
vienna,encoder,2,0,20,8,0.22433818538351308,0.8558463433642557,0.6315081579807427,,
vienna,encoder,2,0,20,-1,0.22433818538351308,,,1.0,13.0
vienna,encoder,2,0,10,3,0.4689393368026749,0.6741584332654549,0.20521909646277997,,
vienna,encoder,2,0,10,5,0.4689393368026749,0.7904442265630892,0.3215048897604143,,
vienna,encoder,2,0,10,8,0.4689393368026749,0.8531437765542902,0.3842044397516153,,
vienna,encoder,2,0,10,-1,0.2796213892450411,,,1.0,
vienna,encoder,3,0,20,3,0.22433818538351308,0.6741584332654549,0.4498202478819418,,
vienna,encoder,3,0,20,5,0.22433818538351308,0.7904442265630892,0.5661060411795762,,
vienna,encoder,3,0,20,8,0.22433818538351308,0.8558463433642557,0.6315081579807427,,
vienna,encoder,3,0,20,-1,0.22433818538351308,,,1.0,13.0
vienna,encoder,3,0,10,3,0.4689393368026749,0.6741584332654549,0.20521909646277997,,
vienna,encoder,3,0,10,5,0.4689393368026749,0.7904442265630892,0.3215048897604143,,
vienna,encoder,3,0,10,8,0.4689393368026749,0.8531437765542902,0.3842044397516153,,
vienna,encoder,3,0,10,-1,0.2796213892450411,,,1.0,
vienna,encoder,4,0,20,3,0.22433818538351308,0.6741584332654549,0.4498202478819418,,
vienna,encoder,4,0,20,5,0.22433818538351308,0.7904442265630892,0.5661060411795762,,
vienna,encoder,4,0,20,8,0.22433818538351308,0.8558463433642557,0.6315081579807427,,
vienna,encoder,4,0,20,-1,0.22433818538351308,,,1.0,13.0
vienna,encoder,4,0,10,3,0.433215174598386,0.6741584332654549,0.2409432586670689,,
vienna,encoder,4,0,10,5,0.433215174598386,0.7904442265630892,0.3572290519647032,,
vienna,encoder,4,0,10,8,0.433215174598386,0.8531437765542902,0.4199286019559042,,
vienna,encoder,4,0,10,-1,0.2474671292455439,,,1.0,
vienna,gbdt,0,0,20,3,0.22433818538351308,0.6741584332654549,0.4498202478819418,,
vienna,gbdt,0,0,20,5,0.22433818538351308,0.7904442265630892,0.5661060411795762,,
vienna,gbdt,0,0,20,8,0.22433818538351308,0.8558463433642557,0.6315081579807427,,
vienna,gbdt,0,0,20,-1,0.22433818538351308,,,1.0,13.0
vienna,gbdt,0,0,10,3,0.433215174598386,0.6741584332654549,0.2409432586670689,,
vienna,gbdt,0,0,10,5,0.433215174598386,0.7904442265630892,0.3572290519647032,,
vienna,gbdt,0,0,10,8,0.433215174598386,0.8531437765542902,0.4199286019559042,,
vienna,gbdt,0,0,10,-1,0.2474671292455439,,,1.0,
vienna,gbdt+k10,0,0,20,3,0.4750735349573874,0.6741584332654549,0.19908489830806747,,
vienna,gbdt+k10,0,0,20,5,0.5452397113910048,0.7904442265630892,0.24520451517208441,,
vienna,gbdt+k10,0,0,20,8,0.5452397113910048,0.8558463433642557,0.3106066319732509,,
vienna,gbdt+k10,0,0,20,-1,0.22433818538351308,,,1.0,13.0
vienna,gbdt+k10,0,1,20,3,0.4098725394071951,0.6741584332654549,0.2642858938582598,,
vienna,gbdt+k10,0,1,20,5,0.6648314352515272,0.7904442265630892,0.125612791311562,,
vienna,gbdt+k10,0,1,20,8,0.6648314352515272,0.8558463433642557,0.19101490811272848,,
vienna,gbdt+k10,0,1,20,-1,0.22433818538351308,,,1.0,13.0
vienna,gbdt+k10,0,2,20,3,0.5119918545893355,0.6741584332654549,0.1621665786761194,,
vienna,gbdt+k10,0,2,20,5,0.5119918545893355,0.7904442265630892,0.2784523719737537,,
vienna,gbdt+k10,0,2,20,8,0.5119918545893355,0.8558463433642557,0.3438544887749202,,
vienna,gbdt+k10,0,2,20,-1,0.22433818538351308,,,1.0,13.0
vienna,gbdt+k10,0,3,20,3,0.4750735349573874,0.6741584332654549,0.19908489830806747,,
vienna,gbdt+k10,0,3,20,5,0.5754330391935037,0.7904442265630892,0.21501118736958547,,
vienna,gbdt+k10,0,3,20,8,0.5754330391935037,0.8558463433642557,0.28041330417075194,,
vienna,gbdt+k10,0,3,20,-1,0.34700957839957763,,,2.0,13.0
vienna,gbdt+k10,0,4,20,3,0.4750735349573874,0.6741584332654549,0.19908489830806747,,
vienna,gbdt+k10,0,4,20,5,0.5452397113910048,0.7904442265630892,0.24520451517208441,,
vienna,gbdt+k10,0,4,20,8,0.5452397113910048,0.8558463433642557,0.3106066319732509,,
vienna,gbdt+k10,0,4,20,-1,0.22433818538351308,,,1.0,13.0
vienna,gbdt+k10,0,5,20,3,0.4098725394071951,0.6741584332654549,0.2642858938582598,,
vienna,gbdt+k10,0,5,20,5,0.5186288558714836,0.7904442265630892,0.27181537069160566,,
vienna,gbdt+k10,0,5,20,8,0.5186288558714836,0.8558463433642557,0.33721748749277214,,
vienna,gbdt+k10,0,5,20,-1,0.22433818538351308,,,1.0,13.0
vienna,gbdt+k10,0,6,20,3,0.4750735349573874,0.6741584332654549,0.19908489830806747,,
vienna,gbdt+k10,0,6,20,5,0.5572189959021545,0.7904442265630892,0.2332252306609347,,
vienna,gbdt+k10,0,6,20,8,0.5572189959021545,0.8558463433642557,0.2986273474621012,,
vienna,gbdt+k10,0,6,20,-1,0.22433818538351308,,,1.0,13.0
vienna,gbdt+k10,0,7,20,3,0.4098725394071951,0.6741584332654549,0.2642858938582598,,
vienna,gbdt+k10,0,7,20,5,0.5186288558714836,0.7904442265630892,0.27181537069160566,,
vienna,gbdt+k10,0,7,20,8,0.5186288558714836,0.8558463433642557,0.33721748749277214,,
vienna,gbdt+k10,0,7,20,-1,0.22433818538351308,,,1.0,13.0
vienna,gbdt+k10,0,8,20,3,0.570442718153707,0.6741584332654549,0.10371571511174793,,
vienna,gbdt+k10,0,8,20,5,0.6509414988561228,0.7904442265630892,0.13950272770696637,,
vienna,gbdt+k10,0,8,20,8,0.6509414988561228,0.8558463433642557,0.20490484450813284,,
vienna,gbdt+k10,0,8,20,-1,0.22433818538351308,,,1.0,13.0
vienna,gbdt+k10,0,9,20,3,0.6148905146190009,0.6741584332654549,0.059267918646453976,,
vienna,gbdt+k10,0,9,20,5,0.6148905146190009,0.7904442265630892,0.1755537119440883,,
vienna,gbdt+k10,0,9,20,8,0.6148905146190009,0.8558463433642557,0.24095582874525479,,
vienna,gbdt+k10,0,9,20,-1,0.22433818538351308,,,1.0,13.0
vienna,gbdt+k10d,0,0,20,3,0.437526711416145,0.6741584332654549,0.23663172184930986,,
vienna,gbdt+k10d,0,0,20,5,0.670173718480529,0.7904442265630892,0.12027050808256023,,
vienna,gbdt+k10d,0,0,20,8,0.7844608693466073,0.8558463433642557,0.07138547401764839,,
vienna,gbdt+k10d,0,0,20,-1,0.3439424793222214,,,2.0,13.0
vienna,gbdt,1,0,20,3,0.22433818538351308,0.6741584332654549,0.4498202478819418,,
vienna,gbdt,1,0,20,5,0.22433818538351308,0.7904442265630892,0.5661060411795762,,
vienna,gbdt,1,0,20,8,0.22433818538351308,0.8558463433642557,0.6315081579807427,,
vienna,gbdt,1,0,20,-1,0.22433818538351308,,,1.0,13.0
vienna,gbdt,1,0,10,3,0.6157955602483848,0.6741584332654549,0.058362873017070105,,
vienna,gbdt,1,0,10,5,0.6157955602483848,0.7904442265630892,0.17464866631470444,,
vienna,gbdt,1,0,10,8,0.6157955602483848,0.8531437765542902,0.2373482163059054,,
vienna,gbdt,1,0,10,-1,0.2474671292455439,,,1.0,
vienna,gbdt+k10,1,0,20,3,0.4750735349573874,0.6741584332654549,0.19908489830806747,,
vienna,gbdt+k10,1,0,20,5,0.638321140357493,0.7904442265630892,0.15212308620559623,,
vienna,gbdt+k10,1,0,20,8,0.6649068557206426,0.8558463433642557,0.19093948764361313,,
vienna,gbdt+k10,1,0,20,-1,0.34700957839957763,,,2.0,13.0
vienna,gbdt+k10,1,1,20,3,0.4098725394071951,0.6741584332654549,0.2642858938582598,,
vienna,gbdt+k10,1,1,20,5,0.6648314352515272,0.7904442265630892,0.125612791311562,,
vienna,gbdt+k10,1,1,20,8,0.728662292279458,0.8558463433642557,0.1271840510847977,,
vienna,gbdt+k10,1,1,20,-1,0.22433818538351308,,,1.0,13.0
vienna,gbdt+k10,1,2,20,3,0.6148905146190009,0.6741584332654549,0.059267918646453976,,
vienna,gbdt+k10,1,2,20,5,0.6148905146190009,0.7904442265630892,0.1755537119440883,,
vienna,gbdt+k10,1,2,20,8,0.6148905146190009,0.8558463433642557,0.24095582874525479,,
vienna,gbdt+k10,1,2,20,-1,0.22433818538351308,,,1.0,13.0
vienna,gbdt+k10,1,3,20,3,0.47993815521532546,0.6741584332654549,0.19422027805012942,,
vienna,gbdt+k10,1,3,20,5,0.7145209543203359,0.7904442265630892,0.0759232722427533,,
vienna,gbdt+k10,1,3,20,8,0.8124292933102044,0.8558463433642557,0.043417050054051276,,
vienna,gbdt+k10,1,3,20,-1,0.3439424793222214,,,2.0,13.0
vienna,gbdt+k10,1,4,20,3,0.4098725394071951,0.6741584332654549,0.2642858938582598,,
vienna,gbdt+k10,1,4,20,5,0.5186288558714836,0.7904442265630892,0.27181537069160566,,
vienna,gbdt+k10,1,4,20,8,0.5186288558714836,0.8558463433642557,0.33721748749277214,,
vienna,gbdt+k10,1,4,20,-1,0.22433818538351308,,,1.0,13.0
vienna,gbdt+k10,1,5,20,3,0.4098725394071951,0.6741584332654549,0.2642858938582598,,
vienna,gbdt+k10,1,5,20,5,0.5186288558714836,0.7904442265630892,0.27181537069160566,,
vienna,gbdt+k10,1,5,20,8,0.5186288558714836,0.8558463433642557,0.33721748749277214,,
vienna,gbdt+k10,1,5,20,-1,0.22433818538351308,,,1.0,13.0
vienna,gbdt+k10,1,6,20,3,0.44032983885159765,0.6741584332654549,0.23382859441385723,,
vienna,gbdt+k10,1,6,20,5,0.6535309349624154,0.7904442265630892,0.13691329160067378,,
vienna,gbdt+k10,1,6,20,8,0.6704502602006185,0.8558463433642557,0.1853960831636372,,
vienna,gbdt+k10,1,6,20,-1,0.34700957839957763,,,2.0,13.0
vienna,gbdt+k10,1,7,20,3,0.4098725394071951,0.6741584332654549,0.2642858938582598,,
vienna,gbdt+k10,1,7,20,5,0.5186288558714836,0.7904442265630892,0.27181537069160566,,
vienna,gbdt+k10,1,7,20,8,0.5186288558714836,0.8558463433642557,0.33721748749277214,,
vienna,gbdt+k10,1,7,20,-1,0.22433818538351308,,,1.0,13.0
vienna,gbdt+k10,1,8,20,3,0.570442718153707,0.6741584332654549,0.10371571511174793,,
vienna,gbdt+k10,1,8,20,5,0.6509414988561228,0.7904442265630892,0.13950272770696637,,
vienna,gbdt+k10,1,8,20,8,0.6509414988561228,0.8558463433642557,0.20490484450813284,,
vienna,gbdt+k10,1,8,20,-1,0.22433818538351308,,,1.0,13.0
vienna,gbdt+k10,1,9,20,3,0.5819820499283506,0.6741584332654549,0.09217638333710432,,
vienna,gbdt+k10,1,9,20,5,0.6452975337506599,0.7904442265630892,0.1451466928124293,,
vienna,gbdt+k10,1,9,20,8,0.6452975337506599,0.8558463433642557,0.2105488096135958,,
vienna,gbdt+k10,1,9,20,-1,0.22433818538351308,,,1.0,13.0
vienna,gbdt+k10d,1,0,20,3,0.44032983885159765,0.6741584332654549,0.23382859441385723,,
vienna,gbdt+k10d,1,0,20,5,0.6535309349624154,0.7904442265630892,0.13691329160067378,,
vienna,gbdt+k10d,1,0,20,8,0.7620107097066143,0.8558463433642557,0.09383563365764136,,
vienna,gbdt+k10d,1,0,20,-1,0.34700957839957763,,,2.0,13.0
vienna,gbdt,2,0,20,3,0.5119918545893355,0.6741584332654549,0.1621665786761194,,
vienna,gbdt,2,0,20,5,0.5119918545893355,0.7904442265630892,0.2784523719737537,,
vienna,gbdt,2,0,20,8,0.5119918545893355,0.8558463433642557,0.3438544887749202,,
vienna,gbdt,2,0,20,-1,0.22433818538351308,,,1.0,13.0
vienna,gbdt,2,0,10,3,0.433215174598386,0.6741584332654549,0.2409432586670689,,
vienna,gbdt,2,0,10,5,0.433215174598386,0.7904442265630892,0.3572290519647032,,
vienna,gbdt,2,0,10,8,0.433215174598386,0.8531437765542902,0.4199286019559042,,
vienna,gbdt,2,0,10,-1,0.2474671292455439,,,1.0,
vienna,gbdt+k10,2,0,20,3,0.4750735349573874,0.6741584332654549,0.19908489830806747,,
vienna,gbdt+k10,2,0,20,5,0.6535309349624154,0.7904442265630892,0.13691329160067378,,
vienna,gbdt+k10,2,0,20,8,0.6535309349624154,0.8558463433642557,0.20231540840184026,,
vienna,gbdt+k10,2,0,20,-1,0.22433818538351308,,,1.0,13.0
vienna,gbdt+k10,2,1,20,3,0.4750735349573874,0.6741584332654549,0.19908489830806747,,
vienna,gbdt+k10,2,1,20,5,0.6535309349624154,0.7904442265630892,0.13691329160067378,,
vienna,gbdt+k10,2,1,20,8,0.6535309349624154,0.8558463433642557,0.20231540840184026,,
vienna,gbdt+k10,2,1,20,-1,0.34700957839957763,,,2.0,13.0
vienna,gbdt+k10,2,2,20,3,0.5119918545893355,0.6741584332654549,0.1621665786761194,,
vienna,gbdt+k10,2,2,20,5,0.5119918545893355,0.7904442265630892,0.2784523719737537,,
vienna,gbdt+k10,2,2,20,8,0.5119918545893355,0.8558463433642557,0.3438544887749202,,
vienna,gbdt+k10,2,2,20,-1,0.22433818538351308,,,1.0,13.0
vienna,gbdt+k10,2,3,20,3,0.437526711416145,0.6741584332654549,0.23663172184930986,,
vienna,gbdt+k10,2,3,20,5,0.6694195137893758,0.7904442265630892,0.1210247127737134,,
vienna,gbdt+k10,2,3,20,8,0.7944038011916434,0.8558463433642557,0.06144254217261225,,
vienna,gbdt+k10,2,3,20,-1,0.3439424793222214,,,2.0,13.0
vienna,gbdt+k10,2,4,20,3,0.4750735349573874,0.6741584332654549,0.19908489830806747,,
vienna,gbdt+k10,2,4,20,5,0.5572189959021545,0.7904442265630892,0.2332252306609347,,
vienna,gbdt+k10,2,4,20,8,0.5572189959021545,0.8558463433642557,0.2986273474621012,,
vienna,gbdt+k10,2,4,20,-1,0.22433818538351308,,,1.0,13.0
vienna,gbdt+k10,2,5,20,3,0.4750735349573874,0.6741584332654549,0.19908489830806747,,
vienna,gbdt+k10,2,5,20,5,0.5572189959021545,0.7904442265630892,0.2332252306609347,,
vienna,gbdt+k10,2,5,20,8,0.5572189959021545,0.8558463433642557,0.2986273474621012,,
vienna,gbdt+k10,2,5,20,-1,0.22433818538351308,,,1.0,13.0
vienna,gbdt+k10,2,6,20,3,0.4098725394071951,0.6741584332654549,0.2642858938582598,,
vienna,gbdt+k10,2,6,20,5,0.5463835885059205,0.7904442265630892,0.2440606380571687,,
vienna,gbdt+k10,2,6,20,8,0.764147622998215,0.8558463433642557,0.09169872036604065,,
vienna,gbdt+k10,2,6,20,-1,0.34700957839957763,,,2.0,13.0
vienna,gbdt+k10,2,7,20,3,0.42851396535686453,0.6741584332654549,0.24564446790859035,,
vienna,gbdt+k10,2,7,20,5,0.5452397113910048,0.7904442265630892,0.24520451517208441,,
vienna,gbdt+k10,2,7,20,8,0.5452397113910048,0.8558463433642557,0.3106066319732509,,
vienna,gbdt+k10,2,7,20,-1,0.22433818538351308,,,1.0,13.0
vienna,gbdt+k10,2,8,20,3,0.5149081127284612,0.6741584332654549,0.15925032053699373,,
vienna,gbdt+k10,2,8,20,5,0.5149081127284612,0.7904442265630892,0.27553611383462806,,
vienna,gbdt+k10,2,8,20,8,0.5149081127284612,0.8558463433642557,0.34093823063579454,,
vienna,gbdt+k10,2,8,20,-1,0.22433818538351308,,,1.0,13.0
vienna,gbdt+k10,2,9,20,3,0.48202478819418254,0.6741584332654549,0.19213364507127234,,
vienna,gbdt+k10,2,9,20,5,0.48202478819418254,0.7904442265630892,0.3084194383689067,,
vienna,gbdt+k10,2,9,20,8,0.48202478819418254,0.8558463433642557,0.37382155517007315,,
vienna,gbdt+k10,2,9,20,-1,0.22433818538351308,,,1.0,13.0
vienna,gbdt+k10d,2,0,20,3,0.437526711416145,0.6741584332654549,0.23663172184930986,,
vienna,gbdt+k10d,2,0,20,5,0.6694195137893758,0.7904442265630892,0.1210247127737134,,
vienna,gbdt+k10d,2,0,20,8,0.7944038011916434,0.8558463433642557,0.06144254217261225,,
vienna,gbdt+k10d,2,0,20,-1,0.3439424793222214,,,2.0,13.0
vienna,gbdt,3,0,20,3,0.22433818538351308,0.6741584332654549,0.4498202478819418,,
vienna,gbdt,3,0,20,5,0.22433818538351308,0.7904442265630892,0.5661060411795762,,
vienna,gbdt,3,0,20,8,0.22433818538351308,0.8558463433642557,0.6315081579807427,,
vienna,gbdt,3,0,20,-1,0.22433818538351308,,,1.0,13.0
vienna,gbdt,3,0,10,3,0.6157955602483848,0.6741584332654549,0.058362873017070105,,
vienna,gbdt,3,0,10,5,0.6157955602483848,0.7904442265630892,0.17464866631470444,,
vienna,gbdt,3,0,10,8,0.6157955602483848,0.8531437765542902,0.2373482163059054,,
vienna,gbdt,3,0,10,-1,0.2474671292455439,,,1.0,
vienna,gbdt+k10,3,0,20,3,0.4750735349573874,0.6741584332654549,0.19908489830806747,,
vienna,gbdt+k10,3,0,20,5,0.5452397113910048,0.7904442265630892,0.24520451517208441,,
vienna,gbdt+k10,3,0,20,8,0.5452397113910048,0.8558463433642557,0.3106066319732509,,
vienna,gbdt+k10,3,0,20,-1,0.22433818538351308,,,1.0,13.0
vienna,gbdt+k10,3,1,20,3,0.4098725394071951,0.6741584332654549,0.2642858938582598,,
vienna,gbdt+k10,3,1,20,5,0.6648314352515272,0.7904442265630892,0.125612791311562,,
vienna,gbdt+k10,3,1,20,8,0.6648314352515272,0.8558463433642557,0.19101490811272848,,
vienna,gbdt+k10,3,1,20,-1,0.22433818538351308,,,1.0,13.0
vienna,gbdt+k10,3,2,20,3,0.6156949996228976,0.6741584332654549,0.05846343364255724,,
vienna,gbdt+k10,3,2,20,5,0.7072428790507077,0.7904442265630892,0.08320134751238151,,
vienna,gbdt+k10,3,2,20,8,0.7072428790507077,0.8558463433642557,0.14860346431354798,,
vienna,gbdt+k10,3,2,20,-1,0.22433818538351308,,,1.0,13.0
vienna,gbdt+k10,3,3,20,3,0.4750735349573874,0.6741584332654549,0.19908489830806747,,
vienna,gbdt+k10,3,3,20,5,0.6535309349624154,0.7904442265630892,0.13691329160067378,,
vienna,gbdt+k10,3,3,20,8,0.6704502602006185,0.8558463433642557,0.1853960831636372,,
vienna,gbdt+k10,3,3,20,-1,0.34700957839957763,,,2.0,13.0
vienna,gbdt+k10,3,4,20,3,0.4750735349573874,0.6741584332654549,0.19908489830806747,,
vienna,gbdt+k10,3,4,20,5,0.6389496442667874,0.7904442265630892,0.15149458229630186,,
vienna,gbdt+k10,3,4,20,8,0.6389496442667874,0.8558463433642557,0.21689669909746834,,
vienna,gbdt+k10,3,4,20,-1,0.22433818538351308,,,1.0,13.0
vienna,gbdt+k10,3,5,20,3,0.4750735349573874,0.6741584332654549,0.19908489830806747,,
vienna,gbdt+k10,3,5,20,5,0.6389496442667874,0.7904442265630892,0.15149458229630186,,
vienna,gbdt+k10,3,5,20,8,0.6389496442667874,0.8558463433642557,0.21689669909746834,,
vienna,gbdt+k10,3,5,20,-1,0.22433818538351308,,,1.0,13.0
vienna,gbdt+k10,3,6,20,3,0.4750735349573874,0.6741584332654549,0.19908489830806747,,
vienna,gbdt+k10,3,6,20,5,0.6535309349624154,0.7904442265630892,0.13691329160067378,,
vienna,gbdt+k10,3,6,20,8,0.6704502602006185,0.8558463433642557,0.1853960831636372,,
vienna,gbdt+k10,3,6,20,-1,0.34700957839957763,,,2.0,13.0
vienna,gbdt+k10,3,7,20,3,0.4098725394071951,0.6741584332654549,0.2642858938582598,,
vienna,gbdt+k10,3,7,20,5,0.5186288558714836,0.7904442265630892,0.27181537069160566,,
vienna,gbdt+k10,3,7,20,8,0.5186288558714836,0.8558463433642557,0.33721748749277214,,
vienna,gbdt+k10,3,7,20,-1,0.22433818538351308,,,1.0,13.0
vienna,gbdt+k10,3,8,20,3,0.5482942403901753,0.6741584332654549,0.1258641928752796,,
vienna,gbdt+k10,3,8,20,5,0.6946728008648214,0.7904442265630892,0.0957714256982678,,
vienna,gbdt+k10,3,8,20,8,0.6946728008648214,0.8558463433642557,0.16117354249943427,,
vienna,gbdt+k10,3,8,20,-1,0.22433818538351308,,,1.0,13.0
vienna,gbdt+k10,3,9,20,3,0.43658395555220353,0.6741584332654549,0.23757447771325135,,
vienna,gbdt+k10,3,9,20,5,0.43658395555220353,0.7904442265630892,0.3538602710108857,,
vienna,gbdt+k10,3,9,20,8,0.43658395555220353,0.8558463433642557,0.41926238781205216,,
vienna,gbdt+k10,3,9,20,-1,0.22433818538351308,,,1.0,13.0
vienna,gbdt+k10d,3,0,20,3,0.4098725394071951,0.6741584332654549,0.2642858938582598,,
vienna,gbdt+k10d,3,0,20,5,0.6186741081529528,0.7904442265630892,0.17177011841013645,,
vienna,gbdt+k10d,3,0,20,8,0.7348090605123564,0.8558463433642557,0.1210372828518993,,
vienna,gbdt+k10d,3,0,20,-1,0.34700957839957763,,,2.0,13.0
vienna,gbdt,4,0,20,3,0.3842672901425447,0.6741584332654549,0.2898911431229102,,
vienna,gbdt,4,0,20,5,0.3842672901425447,0.7904442265630892,0.40617693642054453,,
vienna,gbdt,4,0,20,8,0.3842672901425447,0.8558463433642557,0.471579053221711,,
vienna,gbdt,4,0,20,-1,0.22433818538351308,,,1.0,13.0
vienna,gbdt,4,0,10,3,0.6157955602483848,0.6741584332654549,0.058362873017070105,,
vienna,gbdt,4,0,10,5,0.6157955602483848,0.7904442265630892,0.17464866631470444,,
vienna,gbdt,4,0,10,8,0.6157955602483848,0.8531437765542902,0.2373482163059054,,
vienna,gbdt,4,0,10,-1,0.2474671292455439,,,1.0,
vienna,gbdt+k10,4,0,20,3,0.4750735349573874,0.6741584332654549,0.19908489830806747,,
vienna,gbdt+k10,4,0,20,5,0.5733715463710184,0.7904442265630892,0.21707268019207082,,
vienna,gbdt+k10,4,0,20,8,0.6649068557206426,0.8558463433642557,0.19093948764361313,,
vienna,gbdt+k10,4,0,20,-1,0.22433818538351308,,,1.0,13.0
vienna,gbdt+k10,4,1,20,3,0.4750735349573874,0.6741584332654549,0.19908489830806747,,
vienna,gbdt+k10,4,1,20,5,0.5733715463710184,0.7904442265630892,0.21707268019207082,,
vienna,gbdt+k10,4,1,20,8,0.6649068557206426,0.8558463433642557,0.19093948764361313,,
vienna,gbdt+k10,4,1,20,-1,0.22433818538351308,,,1.0,13.0
vienna,gbdt+k10,4,2,20,3,0.6148905146190009,0.6741584332654549,0.059267918646453976,,
vienna,gbdt+k10,4,2,20,5,0.6148905146190009,0.7904442265630892,0.1755537119440883,,
vienna,gbdt+k10,4,2,20,8,0.6148905146190009,0.8558463433642557,0.24095582874525479,,
vienna,gbdt+k10,4,2,20,-1,0.22433818538351308,,,1.0,13.0
vienna,gbdt+k10,4,3,20,3,0.47993815521532546,0.6741584332654549,0.19422027805012942,,
vienna,gbdt+k10,4,3,20,5,0.7032833044221535,0.7904442265630892,0.08716092214093574,,
vienna,gbdt+k10,4,3,20,8,0.7809915277673027,0.8558463433642557,0.07485481559695295,,
vienna,gbdt+k10,4,3,20,-1,0.3439424793222214,,,2.0,13.0
vienna,gbdt+k10,4,4,20,3,0.4098725394071951,0.6741584332654549,0.2642858938582598,,
vienna,gbdt+k10,4,4,20,5,0.6648314352515272,0.7904442265630892,0.125612791311562,,
vienna,gbdt+k10,4,4,20,8,0.6648314352515272,0.8558463433642557,0.19101490811272848,,
vienna,gbdt+k10,4,4,20,-1,0.22433818538351308,,,1.0,13.0
vienna,gbdt+k10,4,5,20,3,0.4750735349573874,0.6741584332654549,0.19908489830806747,,
vienna,gbdt+k10,4,5,20,5,0.5452397113910048,0.7904442265630892,0.24520451517208441,,
vienna,gbdt+k10,4,5,20,8,0.5452397113910048,0.8558463433642557,0.3106066319732509,,
vienna,gbdt+k10,4,5,20,-1,0.22433818538351308,,,1.0,13.0
vienna,gbdt+k10,4,6,20,3,0.44032983885159765,0.6741584332654549,0.23382859441385723,,
vienna,gbdt+k10,4,6,20,5,0.6535309349624154,0.7904442265630892,0.13691329160067378,,
vienna,gbdt+k10,4,6,20,8,0.7620107097066143,0.8558463433642557,0.09383563365764136,,
vienna,gbdt+k10,4,6,20,-1,0.34700957839957763,,,2.0,13.0
vienna,gbdt+k10,4,7,20,3,0.4098725394071951,0.6741584332654549,0.2642858938582598,,
vienna,gbdt+k10,4,7,20,5,0.5186288558714836,0.7904442265630892,0.27181537069160566,,
vienna,gbdt+k10,4,7,20,8,0.5186288558714836,0.8558463433642557,0.33721748749277214,,
vienna,gbdt+k10,4,7,20,-1,0.22433818538351308,,,1.0,13.0
vienna,gbdt+k10,4,8,20,3,0.5482942403901753,0.6741584332654549,0.1258641928752796,,
vienna,gbdt+k10,4,8,20,5,0.6946728008648214,0.7904442265630892,0.0957714256982678,,
vienna,gbdt+k10,4,8,20,8,0.6946728008648214,0.8558463433642557,0.16117354249943427,,
vienna,gbdt+k10,4,8,20,-1,0.22433818538351308,,,1.0,13.0
vienna,gbdt+k10,4,9,20,3,0.5819820499283506,0.6741584332654549,0.09217638333710432,,
vienna,gbdt+k10,4,9,20,5,0.5819820499283506,0.7904442265630892,0.20846217663473865,,
vienna,gbdt+k10,4,9,20,8,0.5819820499283506,0.8558463433642557,0.2738642934359051,,
vienna,gbdt+k10,4,9,20,-1,0.22433818538351308,,,1.0,13.0
vienna,gbdt+k10d,4,0,20,3,0.437526711416145,0.6741584332654549,0.23663172184930986,,
vienna,gbdt+k10d,4,0,20,5,0.670173718480529,0.7904442265630892,0.12027050808256023,,
vienna,gbdt+k10d,4,0,20,8,0.8245845589159565,0.8558463433642557,0.03126178444829919,,
vienna,gbdt+k10d,4,0,20,-1,0.3439424793222214,,,2.0,13.0
vienna,gbdt_iw,0,0,20,3,0.3842672901425447,0.6741584332654549,0.2898911431229102,,
vienna,gbdt_iw,0,0,20,5,0.3842672901425447,0.7904442265630892,0.40617693642054453,,
vienna,gbdt_iw,0,0,20,8,0.3842672901425447,0.8558463433642557,0.471579053221711,,
vienna,gbdt_iw,0,0,20,-1,0.22433818538351308,,,1.0,13.0
vienna,gbdt_iw,0,0,10,3,0.6157955602483848,0.6741584332654549,0.058362873017070105,,
vienna,gbdt_iw,0,0,10,5,0.6157955602483848,0.7904442265630892,0.17464866631470444,,
vienna,gbdt_iw,0,0,10,8,0.6157955602483848,0.8531437765542902,0.2373482163059054,,
vienna,gbdt_iw,0,0,10,-1,0.2474671292455439,,,1.0,
vienna,gbdt_iw,1,0,20,3,0.3842672901425447,0.6741584332654549,0.2898911431229102,,
vienna,gbdt_iw,1,0,20,5,0.3842672901425447,0.7904442265630892,0.40617693642054453,,
vienna,gbdt_iw,1,0,20,8,0.3842672901425447,0.8558463433642557,0.471579053221711,,
vienna,gbdt_iw,1,0,20,-1,0.22433818538351308,,,1.0,13.0
vienna,gbdt_iw,1,0,10,3,0.6157955602483848,0.6741584332654549,0.058362873017070105,,
vienna,gbdt_iw,1,0,10,5,0.6157955602483848,0.7904442265630892,0.17464866631470444,,
vienna,gbdt_iw,1,0,10,8,0.6157955602483848,0.8531437765542902,0.2373482163059054,,
vienna,gbdt_iw,1,0,10,-1,0.2474671292455439,,,1.0,
vienna,gbdt_iw,2,0,20,3,0.22433818538351308,0.6741584332654549,0.4498202478819418,,
vienna,gbdt_iw,2,0,20,5,0.22433818538351308,0.7904442265630892,0.5661060411795762,,
vienna,gbdt_iw,2,0,20,8,0.22433818538351308,0.8558463433642557,0.6315081579807427,,
vienna,gbdt_iw,2,0,20,-1,0.22433818538351308,,,1.0,13.0
vienna,gbdt_iw,2,0,10,3,0.586570128466199,0.6741584332654549,0.08758830479925583,,
vienna,gbdt_iw,2,0,10,5,0.586570128466199,0.7904442265630892,0.20387409809689017,,
vienna,gbdt_iw,2,0,10,8,0.586570128466199,0.8531437765542902,0.26657364808809114,,
vienna,gbdt_iw,2,0,10,-1,0.46552027553611386,,,1.0,
vienna,gbdt_iw,3,0,20,3,0.22433818538351308,0.6741584332654549,0.4498202478819418,,
vienna,gbdt_iw,3,0,20,5,0.22433818538351308,0.7904442265630892,0.5661060411795762,,
vienna,gbdt_iw,3,0,20,8,0.22433818538351308,0.8558463433642557,0.6315081579807427,,
vienna,gbdt_iw,3,0,20,-1,0.22433818538351308,,,1.0,13.0
vienna,gbdt_iw,3,0,10,3,0.6157955602483848,0.6741584332654549,0.058362873017070105,,
vienna,gbdt_iw,3,0,10,5,0.6157955602483848,0.7904442265630892,0.17464866631470444,,
vienna,gbdt_iw,3,0,10,8,0.6157955602483848,0.8531437765542902,0.2373482163059054,,
vienna,gbdt_iw,3,0,10,-1,0.2474671292455439,,,1.0,
vienna,gbdt_iw,4,0,20,3,0.22433818538351308,0.6741584332654549,0.4498202478819418,,
vienna,gbdt_iw,4,0,20,5,0.22433818538351308,0.7904442265630892,0.5661060411795762,,
vienna,gbdt_iw,4,0,20,8,0.22433818538351308,0.8558463433642557,0.6315081579807427,,
vienna,gbdt_iw,4,0,20,-1,0.22433818538351308,,,1.0,13.0
vienna,gbdt_iw,4,0,10,3,0.586570128466199,0.6741584332654549,0.08758830479925583,,
vienna,gbdt_iw,4,0,10,5,0.586570128466199,0.7904442265630892,0.20387409809689017,,
vienna,gbdt_iw,4,0,10,8,0.586570128466199,0.8531437765542902,0.26657364808809114,,
vienna,gbdt_iw,4,0,10,-1,0.46552027553611386,,,1.0,
vienna,gp_ard,0,0,20,3,0.46689041405837545,0.6741584332654549,0.20726801920707943,,
vienna,gp_ard,0,0,20,5,0.46689041405837545,0.7904442265630892,0.32355381250471377,,
vienna,gp_ard,0,0,20,8,0.46689041405837545,0.8558463433642557,0.38895592930588024,,
vienna,gp_ard,0,0,20,-1,0.22433818538351308,,,1.0,13.0
vienna,gp_ard,0,0,10,3,0.5835281695452146,0.6741584332654549,0.0906302637202403,,
vienna,gp_ard,0,0,10,5,0.5835281695452146,0.7904442265630892,0.20691605701787463,,
vienna,gp_ard,0,0,10,8,0.5835281695452146,0.8531437765542902,0.2696156070090756,,
vienna,gp_ard,0,0,10,-1,0.2474671292455439,,,1.0,
vienna,kernel,0,0,20,3,0.433215174598386,0.6741584332654549,0.2409432586670689,,
vienna,kernel,0,0,20,5,0.433215174598386,0.7904442265630892,0.3572290519647032,,
vienna,kernel,0,0,20,8,0.433215174598386,0.8558463433642557,0.4226311687658697,,
vienna,kernel,0,0,20,-1,0.2474671292455439,,,1.0,13.0
vienna,kernel,0,0,10,3,0.433215174598386,0.6741584332654549,0.2409432586670689,,
vienna,kernel,0,0,10,5,0.433215174598386,0.7904442265630892,0.3572290519647032,,
vienna,kernel,0,0,10,8,0.433215174598386,0.8531437765542902,0.4199286019559042,,
vienna,kernel,0,0,10,-1,0.2474671292455439,,,1.0,
vienna,knn,0,0,20,3,0.2471025969781532,0.6741584332654549,0.4270558362873017,,
vienna,knn,0,0,20,5,0.2471025969781532,0.7904442265630892,0.543341629584936,,
vienna,knn,0,0,20,8,0.2471025969781532,0.8558463433642557,0.6087437463861025,,
vienna,knn,0,0,20,-1,0.2471025969781532,,,1.0,13.0
vienna,knn,0,0,10,3,0.5042235462704578,0.6741584332654549,0.16993488699499704,,
vienna,knn,0,0,10,5,0.5042235462704578,0.7904442265630892,0.28622068029263137,,
vienna,knn,0,0,10,8,0.5042235462704578,0.8531437765542902,0.34892023028383234,,
vienna,knn,0,0,10,-1,0.2474671292455439,,,1.0,
vienna,median,0,0,20,3,0.46552027553611386,0.6741584332654549,0.20863815772934102,,
vienna,median,0,0,20,5,0.46552027553611386,0.7904442265630892,0.32492395102697536,,
vienna,median,0,0,20,8,0.46552027553611386,0.8558463433642557,0.39032606782814183,,
vienna,median,0,0,20,-1,0.46552027553611386,,,1.0,13.0
vienna,median,0,0,10,3,0.46552027553611386,0.6741584332654549,0.20863815772934102,,
vienna,median,0,0,10,5,0.46552027553611386,0.7904442265630892,0.32492395102697536,,
vienna,median,0,0,10,8,0.46552027553611386,0.8531437765542902,0.38762350101817633,,
vienna,median,0,0,10,-1,0.46552027553611386,,,1.0,
vienna,mlp,0,0,20,3,0.2471025969781532,0.6741584332654549,0.4270558362873017,,
vienna,mlp,0,0,20,5,0.2471025969781532,0.7904442265630892,0.543341629584936,,
vienna,mlp,0,0,20,8,0.2471025969781532,0.8558463433642557,0.6087437463861025,,
vienna,mlp,0,0,20,-1,0.2471025969781532,,,1.0,13.0
vienna,mlp,0,0,10,3,0.5042235462704578,0.6741584332654549,0.16993488699499704,,
vienna,mlp,0,0,10,5,0.5042235462704578,0.7904442265630892,0.28622068029263137,,
vienna,mlp,0,0,10,8,0.5042235462704578,0.8531437765542902,0.34892023028383234,,
vienna,mlp,0,0,10,-1,0.2474671292455439,,,1.0,
vienna,mlp,1,0,20,3,0.22433818538351308,0.6741584332654549,0.4498202478819418,,
vienna,mlp,1,0,20,5,0.22433818538351308,0.7904442265630892,0.5661060411795762,,
vienna,mlp,1,0,20,8,0.22433818538351308,0.8558463433642557,0.6315081579807427,,
vienna,mlp,1,0,20,-1,0.22433818538351308,,,1.0,13.0
vienna,mlp,1,0,10,3,0.6157955602483848,0.6741584332654549,0.058362873017070105,,
vienna,mlp,1,0,10,5,0.6157955602483848,0.7904442265630892,0.17464866631470444,,
vienna,mlp,1,0,10,8,0.6157955602483848,0.8531437765542902,0.2373482163059054,,
vienna,mlp,1,0,10,-1,0.2474671292455439,,,1.0,
vienna,mlp,2,0,20,3,0.22433818538351308,0.6741584332654549,0.4498202478819418,,
vienna,mlp,2,0,20,5,0.22433818538351308,0.7904442265630892,0.5661060411795762,,
vienna,mlp,2,0,20,8,0.22433818538351308,0.8558463433642557,0.6315081579807427,,
vienna,mlp,2,0,20,-1,0.22433818538351308,,,1.0,13.0
vienna,mlp,2,0,10,3,0.5042235462704578,0.6741584332654549,0.16993488699499704,,
vienna,mlp,2,0,10,5,0.5042235462704578,0.7904442265630892,0.28622068029263137,,
vienna,mlp,2,0,10,8,0.5042235462704578,0.8531437765542902,0.34892023028383234,,
vienna,mlp,2,0,10,-1,0.2474671292455439,,,1.0,
vienna,mlp,3,0,20,3,0.22433818538351308,0.6741584332654549,0.4498202478819418,,
vienna,mlp,3,0,20,5,0.22433818538351308,0.7904442265630892,0.5661060411795762,,
vienna,mlp,3,0,20,8,0.22433818538351308,0.8558463433642557,0.6315081579807427,,
vienna,mlp,3,0,20,-1,0.22433818538351308,,,1.0,13.0
vienna,mlp,3,0,10,3,0.5042235462704578,0.6741584332654549,0.16993488699499704,,
vienna,mlp,3,0,10,5,0.5042235462704578,0.7904442265630892,0.28622068029263137,,
vienna,mlp,3,0,10,8,0.5042235462704578,0.8531437765542902,0.34892023028383234,,
vienna,mlp,3,0,10,-1,0.2474671292455439,,,1.0,
vienna,mlp,4,0,20,3,0.22433818538351308,0.6741584332654549,0.4498202478819418,,
vienna,mlp,4,0,20,5,0.22433818538351308,0.7904442265630892,0.5661060411795762,,
vienna,mlp,4,0,20,8,0.22433818538351308,0.8558463433642557,0.6315081579807427,,
vienna,mlp,4,0,20,-1,0.22433818538351308,,,1.0,13.0
vienna,mlp,4,0,10,3,0.5042235462704578,0.6741584332654549,0.16993488699499704,,
vienna,mlp,4,0,10,5,0.5042235462704578,0.7904442265630892,0.28622068029263137,,
vienna,mlp,4,0,10,8,0.5042235462704578,0.8531437765542902,0.34892023028383234,,
vienna,mlp,4,0,10,-1,0.2474671292455439,,,1.0,
vienna,ridge,0,0,20,3,0.22433818538351308,0.6741584332654549,0.4498202478819418,,
vienna,ridge,0,0,20,5,0.22433818538351308,0.7904442265630892,0.5661060411795762,,
vienna,ridge,0,0,20,8,0.22433818538351308,0.8558463433642557,0.6315081579807427,,
vienna,ridge,0,0,20,-1,0.22433818538351308,,,1.0,13.0
vienna,ridge,0,0,10,3,0.4891897327601378,0.6741584332654549,0.1849687005053171,,
vienna,ridge,0,0,10,5,0.4891897327601378,0.7904442265630892,0.30125449380295144,,
vienna,ridge,0,0,10,8,0.4891897327601378,0.8531437765542902,0.3639540437941524,,
vienna,ridge,0,0,10,-1,0.2474671292455439,,,1.0,
vienna,ridge+k10,0,0,20,3,0.4098725394071951,0.6741584332654549,0.2642858938582598,,
vienna,ridge+k10,0,0,20,5,0.6648314352515272,0.7904442265630892,0.125612791311562,,
vienna,ridge+k10,0,0,20,8,0.6648314352515272,0.8558463433642557,0.19101490811272848,,
vienna,ridge+k10,0,0,20,-1,0.22433818538351308,,,1.0,13.0
vienna,ridge+k10,0,1,20,3,0.44032983885159765,0.6741584332654549,0.23382859441385723,,
vienna,ridge+k10,0,1,20,5,0.5572189959021545,0.7904442265630892,0.2332252306609347,,
vienna,ridge+k10,0,1,20,8,0.5572189959021545,0.8558463433642557,0.2986273474621012,,
vienna,ridge+k10,0,1,20,-1,0.22433818538351308,,,1.0,13.0
vienna,ridge+k10,0,2,20,3,0.5119918545893355,0.6741584332654549,0.1621665786761194,,
vienna,ridge+k10,0,2,20,5,0.5119918545893355,0.7904442265630892,0.2784523719737537,,
vienna,ridge+k10,0,2,20,8,0.5119918545893355,0.8558463433642557,0.3438544887749202,,
vienna,ridge+k10,0,2,20,-1,0.22433818538351308,,,1.0,13.0
vienna,ridge+k10,0,3,20,3,0.44032983885159765,0.6741584332654549,0.23382859441385723,,
vienna,ridge+k10,0,3,20,5,0.6535309349624154,0.7904442265630892,0.13691329160067378,,
vienna,ridge+k10,0,3,20,8,0.6535309349624154,0.8558463433642557,0.20231540840184026,,
vienna,ridge+k10,0,3,20,-1,0.22433818538351308,,,1.0,13.0
vienna,ridge+k10,0,4,20,3,0.4750735349573874,0.6741584332654549,0.19908489830806747,,
vienna,ridge+k10,0,4,20,5,0.5452397113910048,0.7904442265630892,0.24520451517208441,,
vienna,ridge+k10,0,4,20,8,0.5452397113910048,0.8558463433642557,0.3106066319732509,,
vienna,ridge+k10,0,4,20,-1,0.22433818538351308,,,1.0,13.0
vienna,ridge+k10,0,5,20,3,0.4098725394071951,0.6741584332654549,0.2642858938582598,,
vienna,ridge+k10,0,5,20,5,0.6648314352515272,0.7904442265630892,0.125612791311562,,
vienna,ridge+k10,0,5,20,8,0.6648314352515272,0.8558463433642557,0.19101490811272848,,
vienna,ridge+k10,0,5,20,-1,0.22433818538351308,,,1.0,13.0
vienna,ridge+k10,0,6,20,3,0.44032983885159765,0.6741584332654549,0.23382859441385723,,
vienna,ridge+k10,0,6,20,5,0.6535309349624154,0.7904442265630892,0.13691329160067378,,
vienna,ridge+k10,0,6,20,8,0.6535309349624154,0.8558463433642557,0.20231540840184026,,
vienna,ridge+k10,0,6,20,-1,0.34700957839957763,,,2.0,13.0
vienna,ridge+k10,0,7,20,3,0.5337506599291048,0.6741584332654549,0.14040777333635013,,
vienna,ridge+k10,0,7,20,5,0.5337506599291048,0.7904442265630892,0.25669356663398446,,
vienna,ridge+k10,0,7,20,8,0.5337506599291048,0.8558463433642557,0.32209568343515094,,
vienna,ridge+k10,0,7,20,-1,0.22433818538351308,,,1.0,13.0
vienna,ridge+k10,0,8,20,3,0.4609950473891948,0.6741584332654549,0.2131633858762601,,
vienna,ridge+k10,0,8,20,5,0.4609950473891948,0.7904442265630892,0.32944917917389444,,
vienna,ridge+k10,0,8,20,8,0.4609950473891948,0.8558463433642557,0.3948512959750609,,
vienna,ridge+k10,0,8,20,-1,0.22433818538351308,,,1.0,13.0
vienna,ridge+k10,0,9,20,3,0.5119918545893355,0.6741584332654549,0.1621665786761194,,
vienna,ridge+k10,0,9,20,5,0.5119918545893355,0.7904442265630892,0.2784523719737537,,
vienna,ridge+k10,0,9,20,8,0.5119918545893355,0.8558463433642557,0.3438544887749202,,
vienna,ridge+k10,0,9,20,-1,0.22433818538351308,,,1.0,13.0
vienna,ridge+k10d,0,0,20,3,0.44032983885159765,0.6741584332654549,0.23382859441385723,,
vienna,ridge+k10d,0,0,20,5,0.6535309349624154,0.7904442265630892,0.13691329160067378,,
vienna,ridge+k10d,0,0,20,8,0.7419362948437539,0.8558463433642557,0.1139100485205018,,
vienna,ridge+k10d,0,0,20,-1,0.34700957839957763,,,2.0,13.0
vienna,uma_los,0,0,20,3,0.46552027553611386,0.6741584332654549,0.20863815772934102,,
vienna,uma_los,0,0,20,5,0.46552027553611386,0.7904442265630892,0.32492395102697536,,
vienna,uma_los,0,0,20,8,0.46552027553611386,0.8558463433642557,0.39032606782814183,,
vienna,uma_los,0,0,20,-1,0.46552027553611386,,,1.0,13.0
vienna,uma_los,0,0,10,3,0.46552027553611386,0.6741584332654549,0.20863815772934102,,
vienna,uma_los,0,0,10,5,0.46552027553611386,0.7904442265630892,0.32492395102697536,,
vienna,uma_los,0,0,10,8,0.46552027553611386,0.8531437765542902,0.38762350101817633,,
vienna,uma_los,0,0,10,-1,0.46552027553611386,,,1.0,
vienna,uma_nlos,0,0,20,3,0.5243733816024335,0.6741584332654549,0.14978505166302136,,
vienna,uma_nlos,0,0,20,5,0.6759559544460366,0.7904442265630892,0.11448827211705259,,
vienna,uma_nlos,0,0,20,8,0.7799230711215024,0.8558463433642557,0.0759232722427533,,
vienna,uma_nlos,0,0,20,-1,0.6759559544460366,,,5.0,13.0
vienna,uma_nlos,0,0,10,3,0.5718002865977826,0.6741584332654549,0.10235814666767229,,
vienna,uma_nlos,0,0,10,5,0.7012846619905976,0.7904442265630892,0.08915956457249163,,
vienna,uma_nlos,0,0,10,8,0.8224099353897981,0.8531437765542902,0.03073384116449207,,
vienna,uma_nlos,0,0,10,-1,0.7733614903084697,,,6.0,
