fold,operator,seed,draw,sites,K,cov_true_of_pred_plan,cov_true_of_true_plan,regret,sites_pred,sites_true
amsterdam,link,0,0,20,3,0.7582639533108656,0.7582639533108656,0.0,,
amsterdam,link,0,0,20,5,0.8240115548562101,0.8437745863619817,0.019763031505771522,,
amsterdam,link,0,0,20,8,0.9019950915346587,0.9032985356803156,0.0013034441456568624,,
amsterdam,link,0,0,20,-1,0.8240115548562101,,,5.0,8.0
amsterdam,link,0,0,10,3,0.7582639533108656,0.7582639533108656,0.0,,
amsterdam,link,0,0,10,5,0.8377388179757864,0.8437745863619817,0.006035768386195239,,
amsterdam,link,0,0,10,8,0.8940569992602074,0.8940569992602074,0.0,,
amsterdam,link,0,0,10,-1,0.8377388179757864,,,5.0,9.0
amsterdam,link_reg,0,0,20,3,0.7386066064655527,0.7582639533108656,0.01965734684531295,,
amsterdam,link_reg,0,0,20,5,0.834051597599784,0.8437745863619817,0.009722988762197682,,
amsterdam,link_reg,0,0,20,8,0.834051597599784,0.9032985356803156,0.06924693808053162,,
amsterdam,link_reg,0,0,20,-1,0.5594358787679518,,,1.0,8.0
amsterdam,link_reg,0,0,10,3,0.7386066064655527,0.7582639533108656,0.01965734684531295,,
amsterdam,link_reg,0,0,10,5,0.8430817646989749,0.8437745863619817,0.0006928216630067707,,
amsterdam,link_reg,0,0,10,8,0.8430817646989749,0.8940569992602074,0.05097523456123254,,
amsterdam,link_reg,0,0,10,-1,0.5594358787679518,,,1.0,9.0
amsterdam,link+k10,0,0,20,3,0.7582639533108656,0.7582639533108656,0.0,,
amsterdam,link+k10,0,0,20,5,0.8240115548562101,0.8437745863619817,0.019763031505771522,,
amsterdam,link+k10,0,0,20,8,0.9019950915346587,0.9032985356803156,0.0013034441456568624,,
amsterdam,link+k10,0,0,20,-1,0.8240115548562101,,,5.0,8.0
amsterdam,link+k10,0,1,20,3,0.7582639533108656,0.7582639533108656,0.0,,
amsterdam,link+k10,0,1,20,5,0.8240115548562101,0.8437745863619817,0.019763031505771522,,
amsterdam,link+k10,0,1,20,8,0.9019950915346587,0.9032985356803156,0.0013034441456568624,,
amsterdam,link+k10,0,1,20,-1,0.8240115548562101,,,5.0,8.0
amsterdam,link+k10,0,2,20,3,0.7582639533108656,0.7582639533108656,0.0,,
amsterdam,link+k10,0,2,20,5,0.8240115548562101,0.8437745863619817,0.019763031505771522,,
amsterdam,link+k10,0,2,20,8,0.9019950915346587,0.9032985356803156,0.0013034441456568624,,
amsterdam,link+k10,0,2,20,-1,0.8240115548562101,,,5.0,8.0
amsterdam,link+k10,0,3,20,3,0.7582639533108656,0.7582639533108656,0.0,,
amsterdam,link+k10,0,3,20,5,0.8240115548562101,0.8437745863619817,0.019763031505771522,,
amsterdam,link+k10,0,3,20,8,0.9019950915346587,0.9032985356803156,0.0013034441456568624,,
amsterdam,link+k10,0,3,20,-1,0.8240115548562101,,,5.0,8.0
amsterdam,link+k10,0,4,20,3,0.7582639533108656,0.7582639533108656,0.0,,
amsterdam,link+k10,0,4,20,5,0.8240115548562101,0.8437745863619817,0.019763031505771522,,
amsterdam,link+k10,0,4,20,8,0.9019950915346587,0.9032985356803156,0.0013034441456568624,,
amsterdam,link+k10,0,4,20,-1,0.8240115548562101,,,5.0,8.0
amsterdam,link+k10,0,5,20,3,0.7582639533108656,0.7582639533108656,0.0,,
amsterdam,link+k10,0,5,20,5,0.8240115548562101,0.8437745863619817,0.019763031505771522,,
amsterdam,link+k10,0,5,20,8,0.9019950915346587,0.9032985356803156,0.0013034441456568624,,
amsterdam,link+k10,0,5,20,-1,0.8240115548562101,,,5.0,8.0
amsterdam,link+k10,0,6,20,3,0.7582639533108656,0.7582639533108656,0.0,,
amsterdam,link+k10,0,6,20,5,0.8392536314423608,0.8437745863619817,0.004520954919620901,,
amsterdam,link+k10,0,6,20,8,0.9019950915346587,0.9032985356803156,0.0013034441456568624,,
amsterdam,link+k10,0,6,20,-1,0.8392536314423608,,,5.0,8.0
amsterdam,link+k10,0,7,20,3,0.7582639533108656,0.7582639533108656,0.0,,
amsterdam,link+k10,0,7,20,5,0.8240115548562101,0.8437745863619817,0.019763031505771522,,
amsterdam,link+k10,0,7,20,8,0.9019950915346587,0.9032985356803156,0.0013034441456568624,,
amsterdam,link+k10,0,7,20,-1,0.8240115548562101,,,5.0,8.0
amsterdam,link+k10,0,8,20,3,0.7582639533108656,0.7582639533108656,0.0,,
amsterdam,link+k10,0,8,20,5,0.8240115548562101,0.8437745863619817,0.019763031505771522,,
amsterdam,link+k10,0,8,20,8,0.9019950915346587,0.9032985356803156,0.0013034441456568624,,
amsterdam,link+k10,0,8,20,-1,0.8240115548562101,,,5.0,8.0
amsterdam,link+k10,0,9,20,3,0.7582639533108656,0.7582639533108656,0.0,,
amsterdam,link+k10,0,9,20,5,0.8240115548562101,0.8437745863619817,0.019763031505771522,,
amsterdam,link+k10,0,9,20,8,0.9019950915346587,0.9032985356803156,0.0013034441456568624,,
amsterdam,link+k10,0,9,20,-1,0.8240115548562101,,,5.0,8.0
amsterdam,link+k10d,0,0,20,3,0.7582639533108656,0.7582639533108656,0.0,,
amsterdam,link+k10d,0,0,20,5,0.8240115548562101,0.8437745863619817,0.019763031505771522,,
amsterdam,link+k10d,0,0,20,8,0.9019950915346587,0.9032985356803156,0.0013034441456568624,,
amsterdam,link+k10d,0,0,20,-1,0.8240115548562101,,,5.0,8.0
amsterdam,link+k25,0,0,20,3,0.7582639533108656,0.7582639533108656,0.0,,
amsterdam,link+k25,0,0,20,5,0.8240115548562101,0.8437745863619817,0.019763031505771522,,
amsterdam,link+k25,0,0,20,8,0.9019950915346587,0.9032985356803156,0.0013034441456568624,,
amsterdam,link+k25,0,0,20,-1,0.8240115548562101,,,5.0,8.0
amsterdam,link+k25,0,1,20,3,0.7582639533108656,0.7582639533108656,0.0,,
amsterdam,link+k25,0,1,20,5,0.8240115548562101,0.8437745863619817,0.019763031505771522,,
amsterdam,link+k25,0,1,20,8,0.9019950915346587,0.9032985356803156,0.0013034441456568624,,
amsterdam,link+k25,0,1,20,-1,0.8240115548562101,,,5.0,8.0
amsterdam,link+k25,0,2,20,3,0.7582639533108656,0.7582639533108656,0.0,,
amsterdam,link+k25,0,2,20,5,0.8240115548562101,0.8437745863619817,0.019763031505771522,,
amsterdam,link+k25,0,2,20,8,0.9019950915346587,0.9032985356803156,0.0013034441456568624,,
amsterdam,link+k25,0,2,20,-1,0.8240115548562101,,,5.0,8.0
amsterdam,link+k25,0,3,20,3,0.7582639533108656,0.7582639533108656,0.0,,
amsterdam,link+k25,0,3,20,5,0.8240115548562101,0.8437745863619817,0.019763031505771522,,
amsterdam,link+k25,0,3,20,8,0.9019950915346587,0.9032985356803156,0.0013034441456568624,,
amsterdam,link+k25,0,3,20,-1,0.8240115548562101,,,5.0,8.0
amsterdam,link+k25,0,4,20,3,0.7518406745029885,0.7582639533108656,0.006423278807877075,,
amsterdam,link+k25,0,4,20,5,0.8299064103617938,0.8437745863619817,0.01386817600018786,,
amsterdam,link+k25,0,4,20,8,0.9043436395448514,0.9032985356803156,-0.0010451038645358235,,
amsterdam,link+k25,0,4,20,-1,0.8299064103617938,,,5.0,8.0
amsterdam,link+k25,0,5,20,3,0.7582639533108656,0.7582639533108656,0.0,,
amsterdam,link+k25,0,5,20,5,0.8240115548562101,0.8437745863619817,0.019763031505771522,,
amsterdam,link+k25,0,5,20,8,0.9019950915346587,0.9032985356803156,0.0013034441456568624,,
amsterdam,link+k25,0,5,20,-1,0.8240115548562101,,,5.0,8.0
amsterdam,link+k25,0,6,20,3,0.7518406745029885,0.7582639533108656,0.006423278807877075,,
amsterdam,link+k25,0,6,20,5,0.8299064103617938,0.8437745863619817,0.01386817600018786,,
amsterdam,link+k25,0,6,20,8,0.9043436395448514,0.9032985356803156,-0.0010451038645358235,,
amsterdam,link+k25,0,6,20,-1,0.8299064103617938,,,5.0,8.0
amsterdam,link+k25,0,7,20,3,0.7582639533108656,0.7582639533108656,0.0,,
amsterdam,link+k25,0,7,20,5,0.8240115548562101,0.8437745863619817,0.019763031505771522,,
amsterdam,link+k25,0,7,20,8,0.9019950915346587,0.9032985356803156,0.0013034441456568624,,
amsterdam,link+k25,0,7,20,-1,0.8240115548562101,,,5.0,8.0
amsterdam,link+k25,0,8,20,3,0.7582639533108656,0.7582639533108656,0.0,,
amsterdam,link+k25,0,8,20,5,0.8240115548562101,0.8437745863619817,0.019763031505771522,,
amsterdam,link+k25,0,8,20,8,0.9019950915346587,0.9032985356803156,0.0013034441456568624,,
amsterdam,link+k25,0,8,20,-1,0.8240115548562101,,,5.0,8.0
amsterdam,link+k25,0,9,20,3,0.7582639533108656,0.7582639533108656,0.0,,
amsterdam,link+k25,0,9,20,5,0.8240115548562101,0.8437745863619817,0.019763031505771522,,
amsterdam,link+k25,0,9,20,8,0.9019950915346587,0.9032985356803156,0.0013034441456568624,,
amsterdam,link+k25,0,9,20,-1,0.8240115548562101,,,5.0,8.0
amsterdam,link+k25d,0,0,20,3,0.7582639533108656,0.7582639533108656,0.0,,
amsterdam,link+k25d,0,0,20,5,0.8240115548562101,0.8437745863619817,0.019763031505771522,,
amsterdam,link+k25d,0,0,20,8,0.9019950915346587,0.9032985356803156,0.0013034441456568624,,
amsterdam,link+k25d,0,0,20,-1,0.8240115548562101,,,5.0,8.0
amsterdam,link+k50,0,0,20,3,0.7582639533108656,0.7582639533108656,0.0,,
amsterdam,link+k50,0,0,20,5,0.8240115548562101,0.8437745863619817,0.019763031505771522,,
amsterdam,link+k50,0,0,20,8,0.9019950915346587,0.9032985356803156,0.0013034441456568624,,
amsterdam,link+k50,0,0,20,-1,0.8240115548562101,,,5.0,8.0
amsterdam,link+k50,0,1,20,3,0.7518406745029885,0.7582639533108656,0.006423278807877075,,
amsterdam,link+k50,0,1,20,5,0.8299064103617938,0.8437745863619817,0.01386817600018786,,
amsterdam,link+k50,0,1,20,8,0.9043436395448514,0.9032985356803156,-0.0010451038645358235,,
amsterdam,link+k50,0,1,20,-1,0.8299064103617938,,,5.0,8.0
amsterdam,link+k50,0,2,20,3,0.7582639533108656,0.7582639533108656,0.0,,
amsterdam,link+k50,0,2,20,5,0.8240115548562101,0.8437745863619817,0.019763031505771522,,
amsterdam,link+k50,0,2,20,8,0.9019950915346587,0.9032985356803156,0.0013034441456568624,,
amsterdam,link+k50,0,2,20,-1,0.8240115548562101,,,5.0,8.0
amsterdam,link+k50,0,3,20,3,0.7582639533108656,0.7582639533108656,0.0,,
amsterdam,link+k50,0,3,20,5,0.8240115548562101,0.8437745863619817,0.019763031505771522,,
amsterdam,link+k50,0,3,20,8,0.9019950915346587,0.9032985356803156,0.0013034441456568624,,
amsterdam,link+k50,0,3,20,-1,0.8240115548562101,,,5.0,8.0
amsterdam,link+k50,0,4,20,3,0.7582639533108656,0.7582639533108656,0.0,,
amsterdam,link+k50,0,4,20,5,0.8240115548562101,0.8437745863619817,0.019763031505771522,,
amsterdam,link+k50,0,4,20,8,0.9019950915346587,0.9032985356803156,0.0013034441456568624,,
amsterdam,link+k50,0,4,20,-1,0.8240115548562101,,,5.0,8.0
amsterdam,link+k50,0,5,20,3,0.7582639533108656,0.7582639533108656,0.0,,
amsterdam,link+k50,0,5,20,5,0.8240115548562101,0.8437745863619817,0.019763031505771522,,
amsterdam,link+k50,0,5,20,8,0.9019950915346587,0.9032985356803156,0.0013034441456568624,,
amsterdam,link+k50,0,5,20,-1,0.8240115548562101,,,5.0,8.0
amsterdam,link+k50,0,6,20,3,0.7582639533108656,0.7582639533108656,0.0,,
amsterdam,link+k50,0,6,20,5,0.8240115548562101,0.8437745863619817,0.019763031505771522,,
amsterdam,link+k50,0,6,20,8,0.9019950915346587,0.9032985356803156,0.0013034441456568624,,
amsterdam,link+k50,0,6,20,-1,0.8240115548562101,,,5.0,8.0
amsterdam,link+k50,0,7,20,3,0.7582639533108656,0.7582639533108656,0.0,,
amsterdam,link+k50,0,7,20,5,0.8240115548562101,0.8437745863619817,0.019763031505771522,,
amsterdam,link+k50,0,7,20,8,0.9019950915346587,0.9032985356803156,0.0013034441456568624,,
amsterdam,link+k50,0,7,20,-1,0.8240115548562101,,,5.0,8.0
amsterdam,link+k50,0,8,20,3,0.7518406745029885,0.7582639533108656,0.006423278807877075,,
amsterdam,link+k50,0,8,20,5,0.8299064103617938,0.8437745863619817,0.01386817600018786,,
amsterdam,link+k50,0,8,20,8,0.9043436395448514,0.9032985356803156,-0.0010451038645358235,,
amsterdam,link+k50,0,8,20,-1,0.8299064103617938,,,5.0,8.0
amsterdam,link+k50,0,9,20,3,0.7582639533108656,0.7582639533108656,0.0,,
amsterdam,link+k50,0,9,20,5,0.8392536314423608,0.8437745863619817,0.004520954919620901,,
amsterdam,link+k50,0,9,20,8,0.9019950915346587,0.9032985356803156,0.0013034441456568624,,
amsterdam,link+k50,0,9,20,-1,0.8392536314423608,,,5.0,8.0
amsterdam,link+k50d,0,0,20,3,0.7582639533108656,0.7582639533108656,0.0,,
amsterdam,link+k50d,0,0,20,5,0.8240115548562101,0.8437745863619817,0.019763031505771522,,
amsterdam,link+k50d,0,0,20,8,0.9019950915346587,0.9032985356803156,0.0013034441456568624,,
amsterdam,link+k50d,0,0,20,-1,0.8240115548562101,,,5.0,8.0
amsterdam,link,1,0,20,3,0.7582639533108656,0.7582639533108656,0.0,,
amsterdam,link,1,0,20,5,0.8240115548562101,0.8437745863619817,0.019763031505771522,,
amsterdam,link,1,0,20,8,0.9019950915346587,0.9032985356803156,0.0013034441456568624,,
amsterdam,link,1,0,20,-1,0.8240115548562101,,,5.0,8.0
amsterdam,link,1,0,10,3,0.7582639533108656,0.7582639533108656,0.0,,
amsterdam,link,1,0,10,5,0.8377388179757864,0.8437745863619817,0.006035768386195239,,
amsterdam,link,1,0,10,8,0.8910626005472116,0.8940569992602074,0.0029943987129957828,,
amsterdam,link,1,0,10,-1,0.8377388179757864,,,5.0,9.0
amsterdam,link_reg,1,0,20,3,0.6675512864171725,0.7582639533108656,0.09071266689369306,,
amsterdam,link_reg,1,0,20,5,0.8177174461888937,0.8437745863619817,0.02605714017308791,,
amsterdam,link_reg,1,0,20,8,0.8177174461888937,0.9032985356803156,0.08558108949142185,,
amsterdam,link_reg,1,0,20,-1,0.4777298934933477,,,1.0,8.0
amsterdam,link_reg,1,0,10,3,0.7088974741366151,0.7582639533108656,0.04936647917425052,,
amsterdam,link_reg,1,0,10,5,0.8430817646989749,0.8437745863619817,0.0006928216630067707,,
amsterdam,link_reg,1,0,10,8,0.8430817646989749,0.8940569992602074,0.05097523456123254,,
amsterdam,link_reg,1,0,10,-1,0.4777298934933477,,,1.0,9.0
amsterdam,link+k10,1,0,20,3,0.7582639533108656,0.7582639533108656,0.0,,
amsterdam,link+k10,1,0,20,5,0.8240115548562101,0.8437745863619817,0.019763031505771522,,
amsterdam,link+k10,1,0,20,8,0.9019950915346587,0.9032985356803156,0.0013034441456568624,,
amsterdam,link+k10,1,0,20,-1,0.8240115548562101,,,5.0,8.0
amsterdam,link+k10,1,1,20,3,0.7582639533108656,0.7582639533108656,0.0,,
amsterdam,link+k10,1,1,20,5,0.8240115548562101,0.8437745863619817,0.019763031505771522,,
amsterdam,link+k10,1,1,20,8,0.9019950915346587,0.9032985356803156,0.0013034441456568624,,
amsterdam,link+k10,1,1,20,-1,0.8240115548562101,,,5.0,8.0
amsterdam,link+k10,1,2,20,3,0.7582639533108656,0.7582639533108656,0.0,,
amsterdam,link+k10,1,2,20,5,0.8240115548562101,0.8437745863619817,0.019763031505771522,,
amsterdam,link+k10,1,2,20,8,0.9019950915346587,0.9032985356803156,0.0013034441456568624,,
amsterdam,link+k10,1,2,20,-1,0.8240115548562101,,,5.0,8.0
amsterdam,link+k10,1,3,20,3,0.7582639533108656,0.7582639533108656,0.0,,
amsterdam,link+k10,1,3,20,5,0.8240115548562101,0.8437745863619817,0.019763031505771522,,
amsterdam,link+k10,1,3,20,8,0.9019950915346587,0.9032985356803156,0.0013034441456568624,,
amsterdam,link+k10,1,3,20,-1,0.8240115548562101,,,5.0,8.0
amsterdam,link+k10,1,4,20,3,0.7582639533108656,0.7582639533108656,0.0,,
amsterdam,link+k10,1,4,20,5,0.8240115548562101,0.8437745863619817,0.019763031505771522,,
amsterdam,link+k10,1,4,20,8,0.9019950915346587,0.9032985356803156,0.0013034441456568624,,
amsterdam,link+k10,1,4,20,-1,0.8240115548562101,,,5.0,8.0
amsterdam,link+k10,1,5,20,3,0.7582639533108656,0.7582639533108656,0.0,,
amsterdam,link+k10,1,5,20,5,0.8240115548562101,0.8437745863619817,0.019763031505771522,,
amsterdam,link+k10,1,5,20,8,0.9019950915346587,0.9032985356803156,0.0013034441456568624,,
amsterdam,link+k10,1,5,20,-1,0.8240115548562101,,,5.0,8.0
amsterdam,link+k10,1,6,20,3,0.7582639533108656,0.7582639533108656,0.0,,
amsterdam,link+k10,1,6,20,5,0.8392536314423608,0.8437745863619817,0.004520954919620901,,
amsterdam,link+k10,1,6,20,8,0.9024178301764934,0.9032985356803156,0.0008807055038222433,,
amsterdam,link+k10,1,6,20,-1,0.8392536314423608,,,5.0,8.0
amsterdam,link+k10,1,7,20,3,0.7582639533108656,0.7582639533108656,0.0,,
amsterdam,link+k10,1,7,20,5,0.8240115548562101,0.8437745863619817,0.019763031505771522,,
amsterdam,link+k10,1,7,20,8,0.9019950915346587,0.9032985356803156,0.0013034441456568624,,
amsterdam,link+k10,1,7,20,-1,0.8240115548562101,,,5.0,8.0
amsterdam,link+k10,1,8,20,3,0.7582639533108656,0.7582639533108656,0.0,,
amsterdam,link+k10,1,8,20,5,0.8240115548562101,0.8437745863619817,0.019763031505771522,,
amsterdam,link+k10,1,8,20,8,0.9019950915346587,0.9032985356803156,0.0013034441456568624,,
amsterdam,link+k10,1,8,20,-1,0.8240115548562101,,,5.0,8.0
amsterdam,link+k10,1,9,20,3,0.7582639533108656,0.7582639533108656,0.0,,
amsterdam,link+k10,1,9,20,5,0.8240115548562101,0.8437745863619817,0.019763031505771522,,
amsterdam,link+k10,1,9,20,8,0.9019950915346587,0.9032985356803156,0.0013034441456568624,,
amsterdam,link+k10,1,9,20,-1,0.8240115548562101,,,5.0,8.0
amsterdam,link+k10d,1,0,20,3,0.7582639533108656,0.7582639533108656,0.0,,
amsterdam,link+k10d,1,0,20,5,0.8240115548562101,0.8437745863619817,0.019763031505771522,,
amsterdam,link+k10d,1,0,20,8,0.9019950915346587,0.9032985356803156,0.0013034441456568624,,
amsterdam,link+k10d,1,0,20,-1,0.8240115548562101,,,5.0,8.0
amsterdam,link+k25,1,0,20,3,0.7582639533108656,0.7582639533108656,0.0,,
amsterdam,link+k25,1,0,20,5,0.8240115548562101,0.8437745863619817,0.019763031505771522,,
amsterdam,link+k25,1,0,20,8,0.9019950915346587,0.9032985356803156,0.0013034441456568624,,
amsterdam,link+k25,1,0,20,-1,0.8240115548562101,,,5.0,8.0
amsterdam,link+k25,1,1,20,3,0.7582639533108656,0.7582639533108656,0.0,,
amsterdam,link+k25,1,1,20,5,0.8240115548562101,0.8437745863619817,0.019763031505771522,,
amsterdam,link+k25,1,1,20,8,0.9019950915346587,0.9032985356803156,0.0013034441456568624,,
amsterdam,link+k25,1,1,20,-1,0.8240115548562101,,,5.0,8.0
amsterdam,link+k25,1,2,20,3,0.7582639533108656,0.7582639533108656,0.0,,
amsterdam,link+k25,1,2,20,5,0.8240115548562101,0.8437745863619817,0.019763031505771522,,
amsterdam,link+k25,1,2,20,8,0.9019950915346587,0.9032985356803156,0.0013034441456568624,,
amsterdam,link+k25,1,2,20,-1,0.8240115548562101,,,5.0,8.0
amsterdam,link+k25,1,3,20,3,0.7582639533108656,0.7582639533108656,0.0,,
amsterdam,link+k25,1,3,20,5,0.8240115548562101,0.8437745863619817,0.019763031505771522,,
amsterdam,link+k25,1,3,20,8,0.9019950915346587,0.9032985356803156,0.0013034441456568624,,
amsterdam,link+k25,1,3,20,-1,0.8240115548562101,,,5.0,8.0
amsterdam,link+k25,1,4,20,3,0.7518406745029885,0.7582639533108656,0.006423278807877075,,
amsterdam,link+k25,1,4,20,5,0.8382320130579269,0.8437745863619817,0.005542573304054721,,
amsterdam,link+k25,1,4,20,8,0.9043436395448514,0.9032985356803156,-0.0010451038645358235,,
amsterdam,link+k25,1,4,20,-1,0.8382320130579269,,,5.0,8.0
amsterdam,link+k25,1,5,20,3,0.7582639533108656,0.7582639533108656,0.0,,
amsterdam,link+k25,1,5,20,5,0.8392536314423608,0.8437745863619817,0.004520954919620901,,
amsterdam,link+k25,1,5,20,8,0.9019950915346587,0.9032985356803156,0.0013034441456568624,,
amsterdam,link+k25,1,5,20,-1,0.8392536314423608,,,5.0,8.0
amsterdam,link+k25,1,6,20,3,0.7582639533108656,0.7582639533108656,0.0,,
amsterdam,link+k25,1,6,20,5,0.8240115548562101,0.8437745863619817,0.019763031505771522,,
amsterdam,link+k25,1,6,20,8,0.9019950915346587,0.9032985356803156,0.0013034441456568624,,
amsterdam,link+k25,1,6,20,-1,0.8240115548562101,,,5.0,8.0
amsterdam,link+k25,1,7,20,3,0.7582639533108656,0.7582639533108656,0.0,,
amsterdam,link+k25,1,7,20,5,0.8240115548562101,0.8437745863619817,0.019763031505771522,,
amsterdam,link+k25,1,7,20,8,0.9019950915346587,0.9032985356803156,0.0013034441456568624,,
amsterdam,link+k25,1,7,20,-1,0.8240115548562101,,,5.0,8.0
amsterdam,link+k25,1,8,20,3,0.7582639533108656,0.7582639533108656,0.0,,
amsterdam,link+k25,1,8,20,5,0.8240115548562101,0.8437745863619817,0.019763031505771522,,
amsterdam,link+k25,1,8,20,8,0.9019950915346587,0.9032985356803156,0.0013034441456568624,,
amsterdam,link+k25,1,8,20,-1,0.8240115548562101,,,5.0,8.0
amsterdam,link+k25,1,9,20,3,0.7582639533108656,0.7582639533108656,0.0,,
amsterdam,link+k25,1,9,20,5,0.8240115548562101,0.8437745863619817,0.019763031505771522,,
amsterdam,link+k25,1,9,20,8,0.9019950915346587,0.9032985356803156,0.0013034441456568624,,
amsterdam,link+k25,1,9,20,-1,0.8240115548562101,,,5.0,8.0
amsterdam,link+k25d,1,0,20,3,0.7582639533108656,0.7582639533108656,0.0,,
amsterdam,link+k25d,1,0,20,5,0.8240115548562101,0.8437745863619817,0.019763031505771522,,
amsterdam,link+k25d,1,0,20,8,0.9019950915346587,0.9032985356803156,0.0013034441456568624,,
amsterdam,link+k25d,1,0,20,-1,0.8240115548562101,,,5.0,8.0
amsterdam,link+k50,1,0,20,3,0.7582639533108656,0.7582639533108656,0.0,,
amsterdam,link+k50,1,0,20,5,0.8240115548562101,0.8437745863619817,0.019763031505771522,,
amsterdam,link+k50,1,0,20,8,0.9019950915346587,0.9032985356803156,0.0013034441456568624,,
amsterdam,link+k50,1,0,20,-1,0.8240115548562101,,,5.0,8.0
amsterdam,link+k50,1,1,20,3,0.7518406745029885,0.7582639533108656,0.006423278807877075,,
amsterdam,link+k50,1,1,20,5,0.8382320130579269,0.8437745863619817,0.005542573304054721,,
amsterdam,link+k50,1,1,20,8,0.9043436395448514,0.9032985356803156,-0.0010451038645358235,,
amsterdam,link+k50,1,1,20,-1,0.8382320130579269,,,5.0,8.0
amsterdam,link+k50,1,2,20,3,0.7582639533108656,0.7582639533108656,0.0,,
amsterdam,link+k50,1,2,20,5,0.8240115548562101,0.8437745863619817,0.019763031505771522,,
amsterdam,link+k50,1,2,20,8,0.9019950915346587,0.9032985356803156,0.0013034441456568624,,
amsterdam,link+k50,1,2,20,-1,0.8240115548562101,,,5.0,8.0
amsterdam,link+k50,1,3,20,3,0.7582639533108656,0.7582639533108656,0.0,,
amsterdam,link+k50,1,3,20,5,0.8240115548562101,0.8437745863619817,0.019763031505771522,,
amsterdam,link+k50,1,3,20,8,0.9019950915346587,0.9032985356803156,0.0013034441456568624,,
amsterdam,link+k50,1,3,20,-1,0.8240115548562101,,,5.0,8.0
amsterdam,link+k50,1,4,20,3,0.7582639533108656,0.7582639533108656,0.0,,
amsterdam,link+k50,1,4,20,5,0.8240115548562101,0.8437745863619817,0.019763031505771522,,
amsterdam,link+k50,1,4,20,8,0.9019950915346587,0.9032985356803156,0.0013034441456568624,,
amsterdam,link+k50,1,4,20,-1,0.8240115548562101,,,5.0,8.0
amsterdam,link+k50,1,5,20,3,0.7582639533108656,0.7582639533108656,0.0,,
amsterdam,link+k50,1,5,20,5,0.8240115548562101,0.8437745863619817,0.019763031505771522,,
amsterdam,link+k50,1,5,20,8,0.9019950915346587,0.9032985356803156,0.0013034441456568624,,
amsterdam,link+k50,1,5,20,-1,0.8240115548562101,,,5.0,8.0
amsterdam,link+k50,1,6,20,3,0.7582639533108656,0.7582639533108656,0.0,,
amsterdam,link+k50,1,6,20,5,0.8240115548562101,0.8437745863619817,0.019763031505771522,,
amsterdam,link+k50,1,6,20,8,0.9019950915346587,0.9032985356803156,0.0013034441456568624,,
amsterdam,link+k50,1,6,20,-1,0.8240115548562101,,,5.0,8.0
amsterdam,link+k50,1,7,20,3,0.7582639533108656,0.7582639533108656,0.0,,
amsterdam,link+k50,1,7,20,5,0.8240115548562101,0.8437745863619817,0.019763031505771522,,
amsterdam,link+k50,1,7,20,8,0.9019950915346587,0.9032985356803156,0.0013034441456568624,,
amsterdam,link+k50,1,7,20,-1,0.8240115548562101,,,5.0,8.0
amsterdam,link+k50,1,8,20,3,0.7582639533108656,0.7582639533108656,0.0,,
amsterdam,link+k50,1,8,20,5,0.8240115548562101,0.8437745863619817,0.019763031505771522,,
amsterdam,link+k50,1,8,20,8,0.9019950915346587,0.9032985356803156,0.0013034441456568624,,
amsterdam,link+k50,1,8,20,-1,0.8240115548562101,,,5.0,8.0
amsterdam,link+k50,1,9,20,3,0.7582639533108656,0.7582639533108656,0.0,,
amsterdam,link+k50,1,9,20,5,0.8392536314423608,0.8437745863619817,0.004520954919620901,,
amsterdam,link+k50,1,9,20,8,0.9019950915346587,0.9032985356803156,0.0013034441456568624,,
amsterdam,link+k50,1,9,20,-1,0.8392536314423608,,,5.0,8.0
amsterdam,link+k50d,1,0,20,3,0.7582639533108656,0.7582639533108656,0.0,,
amsterdam,link+k50d,1,0,20,5,0.8240115548562101,0.8437745863619817,0.019763031505771522,,
amsterdam,link+k50d,1,0,20,8,0.9019950915346587,0.9032985356803156,0.0013034441456568624,,
amsterdam,link+k50d,1,0,20,-1,0.8240115548562101,,,5.0,8.0
amsterdam,link,2,0,20,3,0.7518406745029885,0.7582639533108656,0.006423278807877075,,
amsterdam,link,2,0,20,5,0.8299064103617938,0.8437745863619817,0.01386817600018786,,
amsterdam,link,2,0,20,8,0.9043436395448514,0.9032985356803156,-0.0010451038645358235,,
amsterdam,link,2,0,20,-1,0.8299064103617938,,,5.0,8.0
amsterdam,link,2,0,10,3,0.7518406745029885,0.7582639533108656,0.006423278807877075,,
amsterdam,link,2,0,10,5,0.8382789840181308,0.8437745863619817,0.005495602343850825,,
amsterdam,link,2,0,10,8,0.8940569992602074,0.8940569992602074,0.0,,
amsterdam,link,2,0,10,-1,0.8382789840181308,,,5.0,9.0
amsterdam,link_reg,2,0,20,3,0.7386066064655527,0.7582639533108656,0.01965734684531295,,
amsterdam,link_reg,2,0,20,5,0.8177174461888937,0.8437745863619817,0.02605714017308791,,
amsterdam,link_reg,2,0,20,8,0.8723916438661797,0.9032985356803156,0.03090689181413586,,
amsterdam,link_reg,2,0,20,-1,0.5594358787679518,,,1.0,8.0
amsterdam,link_reg,2,0,10,3,0.7386066064655527,0.7582639533108656,0.01965734684531295,,
amsterdam,link_reg,2,0,10,5,0.8430817646989749,0.8437745863619817,0.0006928216630067707,,
amsterdam,link_reg,2,0,10,8,0.859145833088693,0.8940569992602074,0.03491116617151446,,
amsterdam,link_reg,2,0,10,-1,0.5594358787679518,,,1.0,9.0
amsterdam,link+k10,2,0,20,3,0.7518406745029885,0.7582639533108656,0.006423278807877075,,
amsterdam,link+k10,2,0,20,5,0.8299064103617938,0.8437745863619817,0.01386817600018786,,
amsterdam,link+k10,2,0,20,8,0.9043436395448514,0.9032985356803156,-0.0010451038645358235,,
amsterdam,link+k10,2,0,20,-1,0.8299064103617938,,,5.0,8.0
amsterdam,link+k10,2,1,20,3,0.7518406745029885,0.7582639533108656,0.006423278807877075,,
amsterdam,link+k10,2,1,20,5,0.8299064103617938,0.8437745863619817,0.01386817600018786,,
amsterdam,link+k10,2,1,20,8,0.9043436395448514,0.9032985356803156,-0.0010451038645358235,,
amsterdam,link+k10,2,1,20,-1,0.8299064103617938,,,5.0,8.0
amsterdam,link+k10,2,2,20,3,0.7518406745029885,0.7582639533108656,0.006423278807877075,,
amsterdam,link+k10,2,2,20,5,0.8299064103617938,0.8437745863619817,0.01386817600018786,,
amsterdam,link+k10,2,2,20,8,0.9043436395448514,0.9032985356803156,-0.0010451038645358235,,
amsterdam,link+k10,2,2,20,-1,0.8299064103617938,,,5.0,8.0
amsterdam,link+k10,2,3,20,3,0.7518406745029885,0.7582639533108656,0.006423278807877075,,
amsterdam,link+k10,2,3,20,5,0.8299064103617938,0.8437745863619817,0.01386817600018786,,
amsterdam,link+k10,2,3,20,8,0.9043436395448514,0.9032985356803156,-0.0010451038645358235,,
amsterdam,link+k10,2,3,20,-1,0.8299064103617938,,,5.0,8.0
amsterdam,link+k10,2,4,20,3,0.7582639533108656,0.7582639533108656,0.0,,
amsterdam,link+k10,2,4,20,5,0.8240115548562101,0.8437745863619817,0.019763031505771522,,
amsterdam,link+k10,2,4,20,8,0.9019950915346587,0.9032985356803156,0.0013034441456568624,,
amsterdam,link+k10,2,4,20,-1,0.8240115548562101,,,5.0,8.0
amsterdam,link+k10,2,5,20,3,0.7582639533108656,0.7582639533108656,0.0,,
amsterdam,link+k10,2,5,20,5,0.8240115548562101,0.8437745863619817,0.019763031505771522,,
amsterdam,link+k10,2,5,20,8,0.9019950915346587,0.9032985356803156,0.0013034441456568624,,
amsterdam,link+k10,2,5,20,-1,0.8240115548562101,,,5.0,8.0
amsterdam,link+k10,2,6,20,3,0.7518406745029885,0.7582639533108656,0.006423278807877075,,
amsterdam,link+k10,2,6,20,5,0.8299064103617938,0.8437745863619817,0.01386817600018786,,
amsterdam,link+k10,2,6,20,8,0.9043436395448514,0.9032985356803156,-0.0010451038645358235,,
amsterdam,link+k10,2,6,20,-1,0.8299064103617938,,,5.0,8.0
amsterdam,link+k10,2,7,20,3,0.7582639533108656,0.7582639533108656,0.0,,
amsterdam,link+k10,2,7,20,5,0.8240115548562101,0.8437745863619817,0.019763031505771522,,
amsterdam,link+k10,2,7,20,8,0.9019950915346587,0.9032985356803156,0.0013034441456568624,,
amsterdam,link+k10,2,7,20,-1,0.8240115548562101,,,5.0,8.0
amsterdam,link+k10,2,8,20,3,0.7582639533108656,0.7582639533108656,0.0,,
amsterdam,link+k10,2,8,20,5,0.8240115548562101,0.8437745863619817,0.019763031505771522,,
amsterdam,link+k10,2,8,20,8,0.9019950915346587,0.9032985356803156,0.0013034441456568624,,
amsterdam,link+k10,2,8,20,-1,0.8240115548562101,,,5.0,8.0
amsterdam,link+k10,2,9,20,3,0.7582639533108656,0.7582639533108656,0.0,,
amsterdam,link+k10,2,9,20,5,0.8240115548562101,0.8437745863619817,0.019763031505771522,,
amsterdam,link+k10,2,9,20,8,0.9019950915346587,0.9032985356803156,0.0013034441456568624,,
amsterdam,link+k10,2,9,20,-1,0.8240115548562101,,,5.0,8.0
amsterdam,link+k10d,2,0,20,3,0.7518406745029885,0.7582639533108656,0.006423278807877075,,
amsterdam,link+k10d,2,0,20,5,0.8299064103617938,0.8437745863619817,0.01386817600018786,,
amsterdam,link+k10d,2,0,20,8,0.9043436395448514,0.9032985356803156,-0.0010451038645358235,,
amsterdam,link+k10d,2,0,20,-1,0.8299064103617938,,,5.0,8.0
amsterdam,link+k25,2,0,20,3,0.7518406745029885,0.7582639533108656,0.006423278807877075,,
amsterdam,link+k25,2,0,20,5,0.8299064103617938,0.8437745863619817,0.01386817600018786,,
amsterdam,link+k25,2,0,20,8,0.9043436395448514,0.9032985356803156,-0.0010451038645358235,,
amsterdam,link+k25,2,0,20,-1,0.8299064103617938,,,5.0,8.0
amsterdam,link+k25,2,1,20,3,0.7518406745029885,0.7582639533108656,0.006423278807877075,,
amsterdam,link+k25,2,1,20,5,0.8299064103617938,0.8437745863619817,0.01386817600018786,,
amsterdam,link+k25,2,1,20,8,0.9043436395448514,0.9032985356803156,-0.0010451038645358235,,
amsterdam,link+k25,2,1,20,-1,0.8299064103617938,,,5.0,8.0
amsterdam,link+k25,2,2,20,3,0.7518406745029885,0.7582639533108656,0.006423278807877075,,
amsterdam,link+k25,2,2,20,5,0.8299064103617938,0.8437745863619817,0.01386817600018786,,
amsterdam,link+k25,2,2,20,8,0.9043436395448514,0.9032985356803156,-0.0010451038645358235,,
amsterdam,link+k25,2,2,20,-1,0.8299064103617938,,,5.0,8.0
amsterdam,link+k25,2,3,20,3,0.7582639533108656,0.7582639533108656,0.0,,
amsterdam,link+k25,2,3,20,5,0.8240115548562101,0.8437745863619817,0.019763031505771522,,
amsterdam,link+k25,2,3,20,8,0.9019950915346587,0.9032985356803156,0.0013034441456568624,,
amsterdam,link+k25,2,3,20,-1,0.8240115548562101,,,5.0,8.0
amsterdam,link+k25,2,4,20,3,0.7518406745029885,0.7582639533108656,0.006423278807877075,,
amsterdam,link+k25,2,4,20,5,0.8299064103617938,0.8437745863619817,0.01386817600018786,,
amsterdam,link+k25,2,4,20,8,0.9043436395448514,0.9032985356803156,-0.0010451038645358235,,
amsterdam,link+k25,2,4,20,-1,0.8299064103617938,,,5.0,8.0
amsterdam,link+k25,2,5,20,3,0.7518406745029885,0.7582639533108656,0.006423278807877075,,
amsterdam,link+k25,2,5,20,5,0.8299064103617938,0.8437745863619817,0.01386817600018786,,
amsterdam,link+k25,2,5,20,8,0.9043436395448514,0.9032985356803156,-0.0010451038645358235,,
amsterdam,link+k25,2,5,20,-1,0.8299064103617938,,,5.0,8.0
amsterdam,link+k25,2,6,20,3,0.7518406745029885,0.7582639533108656,0.006423278807877075,,
amsterdam,link+k25,2,6,20,5,0.8299064103617938,0.8437745863619817,0.01386817600018786,,
amsterdam,link+k25,2,6,20,8,0.9043436395448514,0.9032985356803156,-0.0010451038645358235,,
amsterdam,link+k25,2,6,20,-1,0.8299064103617938,,,5.0,8.0
amsterdam,link+k25,2,7,20,3,0.7582639533108656,0.7582639533108656,0.0,,
amsterdam,link+k25,2,7,20,5,0.8240115548562101,0.8437745863619817,0.019763031505771522,,
amsterdam,link+k25,2,7,20,8,0.9019950915346587,0.9032985356803156,0.0013034441456568624,,
amsterdam,link+k25,2,7,20,-1,0.8240115548562101,,,5.0,8.0
amsterdam,link+k25,2,8,20,3,0.7582639533108656,0.7582639533108656,0.0,,
amsterdam,link+k25,2,8,20,5,0.8240115548562101,0.8437745863619817,0.019763031505771522,,
amsterdam,link+k25,2,8,20,8,0.9019950915346587,0.9032985356803156,0.0013034441456568624,,
amsterdam,link+k25,2,8,20,-1,0.8240115548562101,,,5.0,8.0
amsterdam,link+k25,2,9,20,3,0.7582639533108656,0.7582639533108656,0.0,,
amsterdam,link+k25,2,9,20,5,0.8240115548562101,0.8437745863619817,0.019763031505771522,,
amsterdam,link+k25,2,9,20,8,0.9019950915346587,0.9032985356803156,0.0013034441456568624,,
amsterdam,link+k25,2,9,20,-1,0.8240115548562101,,,5.0,8.0
amsterdam,link+k25d,2,0,20,3,0.7518406745029885,0.7582639533108656,0.006423278807877075,,
amsterdam,link+k25d,2,0,20,5,0.8299064103617938,0.8437745863619817,0.01386817600018786,,
amsterdam,link+k25d,2,0,20,8,0.9043436395448514,0.9032985356803156,-0.0010451038645358235,,
amsterdam,link+k25d,2,0,20,-1,0.8299064103617938,,,5.0,8.0
amsterdam,link+k50,2,0,20,3,0.7518406745029885,0.7582639533108656,0.006423278807877075,,
amsterdam,link+k50,2,0,20,5,0.8299064103617938,0.8437745863619817,0.01386817600018786,,
amsterdam,link+k50,2,0,20,8,0.9043436395448514,0.9032985356803156,-0.0010451038645358235,,
amsterdam,link+k50,2,0,20,-1,0.8299064103617938,,,5.0,8.0
amsterdam,link+k50,2,1,20,3,0.7518406745029885,0.7582639533108656,0.006423278807877075,,
amsterdam,link+k50,2,1,20,5,0.8299064103617938,0.8437745863619817,0.01386817600018786,,
amsterdam,link+k50,2,1,20,8,0.9043436395448514,0.9032985356803156,-0.0010451038645358235,,
amsterdam,link+k50,2,1,20,-1,0.8299064103617938,,,5.0,8.0
amsterdam,link+k50,2,2,20,3,0.7582639533108656,0.7582639533108656,0.0,,
amsterdam,link+k50,2,2,20,5,0.8240115548562101,0.8437745863619817,0.019763031505771522,,
amsterdam,link+k50,2,2,20,8,0.9019950915346587,0.9032985356803156,0.0013034441456568624,,
amsterdam,link+k50,2,2,20,-1,0.8240115548562101,,,5.0,8.0
amsterdam,link+k50,2,3,20,3,0.7518406745029885,0.7582639533108656,0.006423278807877075,,
amsterdam,link+k50,2,3,20,5,0.8299064103617938,0.8437745863619817,0.01386817600018786,,
amsterdam,link+k50,2,3,20,8,0.9043436395448514,0.9032985356803156,-0.0010451038645358235,,
amsterdam,link+k50,2,3,20,-1,0.8299064103617938,,,5.0,8.0
amsterdam,link+k50,2,4,20,3,0.7582639533108656,0.7582639533108656,0.0,,
amsterdam,link+k50,2,4,20,5,0.8240115548562101,0.8437745863619817,0.019763031505771522,,
amsterdam,link+k50,2,4,20,8,0.9019950915346587,0.9032985356803156,0.0013034441456568624,,
amsterdam,link+k50,2,4,20,-1,0.8240115548562101,,,5.0,8.0
amsterdam,link+k50,2,5,20,3,0.7582639533108656,0.7582639533108656,0.0,,
amsterdam,link+k50,2,5,20,5,0.8240115548562101,0.8437745863619817,0.019763031505771522,,
amsterdam,link+k50,2,5,20,8,0.9019950915346587,0.9032985356803156,0.0013034441456568624,,
amsterdam,link+k50,2,5,20,-1,0.8240115548562101,,,5.0,8.0
amsterdam,link+k50,2,6,20,3,0.7518406745029885,0.7582639533108656,0.006423278807877075,,
amsterdam,link+k50,2,6,20,5,0.8299064103617938,0.8437745863619817,0.01386817600018786,,
amsterdam,link+k50,2,6,20,8,0.9043436395448514,0.9032985356803156,-0.0010451038645358235,,
amsterdam,link+k50,2,6,20,-1,0.8299064103617938,,,5.0,8.0
amsterdam,link+k50,2,7,20,3,0.7582639533108656,0.7582639533108656,0.0,,
amsterdam,link+k50,2,7,20,5,0.8240115548562101,0.8437745863619817,0.019763031505771522,,
amsterdam,link+k50,2,7,20,8,0.9019950915346587,0.9032985356803156,0.0013034441456568624,,
amsterdam,link+k50,2,7,20,-1,0.8240115548562101,,,5.0,8.0
amsterdam,link+k50,2,8,20,3,0.7518406745029885,0.7582639533108656,0.006423278807877075,,
amsterdam,link+k50,2,8,20,5,0.8299064103617938,0.8437745863619817,0.01386817600018786,,
amsterdam,link+k50,2,8,20,8,0.9043436395448514,0.9032985356803156,-0.0010451038645358235,,
amsterdam,link+k50,2,8,20,-1,0.8299064103617938,,,5.0,8.0
amsterdam,link+k50,2,9,20,3,0.7582639533108656,0.7582639533108656,0.0,,
amsterdam,link+k50,2,9,20,5,0.8240115548562101,0.8437745863619817,0.019763031505771522,,
amsterdam,link+k50,2,9,20,8,0.9019950915346587,0.9032985356803156,0.0013034441456568624,,
amsterdam,link+k50,2,9,20,-1,0.8240115548562101,,,5.0,8.0
amsterdam,link+k50d,2,0,20,3,0.7582639533108656,0.7582639533108656,0.0,,
amsterdam,link+k50d,2,0,20,5,0.8240115548562101,0.8437745863619817,0.019763031505771522,,
amsterdam,link+k50d,2,0,20,8,0.9019950915346587,0.9032985356803156,0.0013034441456568624,,
amsterdam,link+k50d,2,0,20,-1,0.8240115548562101,,,5.0,8.0
amsterdam,link,3,0,20,3,0.7582639533108656,0.7582639533108656,0.0,,
amsterdam,link,3,0,20,5,0.8240115548562101,0.8437745863619817,0.019763031505771522,,
amsterdam,link,3,0,20,8,0.9019950915346587,0.9032985356803156,0.0013034441456568624,,
amsterdam,link,3,0,20,-1,0.7939853685458965,,,4.0,8.0
amsterdam,link,3,0,10,3,0.7582639533108656,0.7582639533108656,0.0,,
amsterdam,link,3,0,10,5,0.8377388179757864,0.8437745863619817,0.006035768386195239,,
amsterdam,link,3,0,10,8,0.8940569992602074,0.8940569992602074,0.0,,
amsterdam,link,3,0,10,-1,0.8116581923225965,,,4.0,9.0
amsterdam,link_reg,3,0,20,3,0.7386066064655527,0.7582639533108656,0.01965734684531295,,
amsterdam,link_reg,3,0,20,5,0.8430817646989749,0.8437745863619817,0.0006928216630067707,,
amsterdam,link_reg,3,0,20,8,0.8617996923402107,0.9032985356803156,0.041498843340104896,,
amsterdam,link_reg,3,0,20,-1,0.5594358787679518,,,1.0,8.0
amsterdam,link_reg,3,0,10,3,0.7386066064655527,0.7582639533108656,0.01965734684531295,,
amsterdam,link_reg,3,0,10,5,0.8430817646989749,0.8437745863619817,0.0006928216630067707,,
amsterdam,link_reg,3,0,10,8,0.8617996923402107,0.8940569992602074,0.03225730691999673,,
amsterdam,link_reg,3,0,10,-1,0.5594358787679518,,,1.0,9.0
amsterdam,link+k10,3,0,20,3,0.7582639533108656,0.7582639533108656,0.0,,
amsterdam,link+k10,3,0,20,5,0.8240115548562101,0.8437745863619817,0.019763031505771522,,
amsterdam,link+k10,3,0,20,8,0.9019950915346587,0.9032985356803156,0.0013034441456568624,,
amsterdam,link+k10,3,0,20,-1,0.7939853685458965,,,4.0,8.0
amsterdam,link+k10,3,1,20,3,0.7582639533108656,0.7582639533108656,0.0,,
amsterdam,link+k10,3,1,20,5,0.8240115548562101,0.8437745863619817,0.019763031505771522,,
amsterdam,link+k10,3,1,20,8,0.9019950915346587,0.9032985356803156,0.0013034441456568624,,
amsterdam,link+k10,3,1,20,-1,0.7939853685458965,,,4.0,8.0
amsterdam,link+k10,3,2,20,3,0.7582639533108656,0.7582639533108656,0.0,,
amsterdam,link+k10,3,2,20,5,0.8240115548562101,0.8437745863619817,0.019763031505771522,,
amsterdam,link+k10,3,2,20,8,0.9019950915346587,0.9032985356803156,0.0013034441456568624,,
amsterdam,link+k10,3,2,20,-1,0.7939853685458965,,,4.0,8.0
amsterdam,link+k10,3,3,20,3,0.7582639533108656,0.7582639533108656,0.0,,
amsterdam,link+k10,3,3,20,5,0.8240115548562101,0.8437745863619817,0.019763031505771522,,
amsterdam,link+k10,3,3,20,8,0.9019950915346587,0.9032985356803156,0.0013034441456568624,,
amsterdam,link+k10,3,3,20,-1,0.7939853685458965,,,4.0,8.0
amsterdam,link+k10,3,4,20,3,0.7582639533108656,0.7582639533108656,0.0,,
amsterdam,link+k10,3,4,20,5,0.8240115548562101,0.8437745863619817,0.019763031505771522,,
amsterdam,link+k10,3,4,20,8,0.9019950915346587,0.9032985356803156,0.0013034441456568624,,
amsterdam,link+k10,3,4,20,-1,0.7939853685458965,,,4.0,8.0
amsterdam,link+k10,3,5,20,3,0.7582639533108656,0.7582639533108656,0.0,,
amsterdam,link+k10,3,5,20,5,0.8240115548562101,0.8437745863619817,0.019763031505771522,,
amsterdam,link+k10,3,5,20,8,0.9019950915346587,0.9032985356803156,0.0013034441456568624,,
amsterdam,link+k10,3,5,20,-1,0.7939853685458965,,,4.0,8.0
amsterdam,link+k10,3,6,20,3,0.7582639533108656,0.7582639533108656,0.0,,
amsterdam,link+k10,3,6,20,5,0.8240115548562101,0.8437745863619817,0.019763031505771522,,
amsterdam,link+k10,3,6,20,8,0.9019950915346587,0.9032985356803156,0.0013034441456568624,,
amsterdam,link+k10,3,6,20,-1,0.7939853685458965,,,4.0,8.0
amsterdam,link+k10,3,7,20,3,0.7582639533108656,0.7582639533108656,0.0,,
amsterdam,link+k10,3,7,20,5,0.8240115548562101,0.8437745863619817,0.019763031505771522,,
amsterdam,link+k10,3,7,20,8,0.9019950915346587,0.9032985356803156,0.0013034441456568624,,
amsterdam,link+k10,3,7,20,-1,0.7939853685458965,,,4.0,8.0
amsterdam,link+k10,3,8,20,3,0.7582639533108656,0.7582639533108656,0.0,,
amsterdam,link+k10,3,8,20,5,0.8240115548562101,0.8437745863619817,0.019763031505771522,,
amsterdam,link+k10,3,8,20,8,0.9019950915346587,0.9032985356803156,0.0013034441456568624,,
amsterdam,link+k10,3,8,20,-1,0.7939853685458965,,,4.0,8.0
amsterdam,link+k10,3,9,20,3,0.7582639533108656,0.7582639533108656,0.0,,
amsterdam,link+k10,3,9,20,5,0.8240115548562101,0.8437745863619817,0.019763031505771522,,
amsterdam,link+k10,3,9,20,8,0.9019950915346587,0.9032985356803156,0.0013034441456568624,,
amsterdam,link+k10,3,9,20,-1,0.7939853685458965,,,4.0,8.0
amsterdam,link+k10d,3,0,20,3,0.7582639533108656,0.7582639533108656,0.0,,
amsterdam,link+k10d,3,0,20,5,0.8240115548562101,0.8437745863619817,0.019763031505771522,,
amsterdam,link+k10d,3,0,20,8,0.9019950915346587,0.9032985356803156,0.0013034441456568624,,
amsterdam,link+k10d,3,0,20,-1,0.7939853685458965,,,4.0,8.0
amsterdam,link+k25,3,0,20,3,0.7582639533108656,0.7582639533108656,0.0,,
amsterdam,link+k25,3,0,20,5,0.8240115548562101,0.8437745863619817,0.019763031505771522,,
amsterdam,link+k25,3,0,20,8,0.9019950915346587,0.9032985356803156,0.0013034441456568624,,
amsterdam,link+k25,3,0,20,-1,0.7939853685458965,,,4.0,8.0
amsterdam,link+k25,3,1,20,3,0.7582639533108656,0.7582639533108656,0.0,,
amsterdam,link+k25,3,1,20,5,0.8240115548562101,0.8437745863619817,0.019763031505771522,,
amsterdam,link+k25,3,1,20,8,0.9019950915346587,0.9032985356803156,0.0013034441456568624,,
amsterdam,link+k25,3,1,20,-1,0.7939853685458965,,,4.0,8.0
amsterdam,link+k25,3,2,20,3,0.7582639533108656,0.7582639533108656,0.0,,
amsterdam,link+k25,3,2,20,5,0.8240115548562101,0.8437745863619817,0.019763031505771522,,
amsterdam,link+k25,3,2,20,8,0.9019950915346587,0.9032985356803156,0.0013034441456568624,,
amsterdam,link+k25,3,2,20,-1,0.7939853685458965,,,4.0,8.0
amsterdam,link+k25,3,3,20,3,0.7582639533108656,0.7582639533108656,0.0,,
amsterdam,link+k25,3,3,20,5,0.8240115548562101,0.8437745863619817,0.019763031505771522,,
amsterdam,link+k25,3,3,20,8,0.9019950915346587,0.9032985356803156,0.0013034441456568624,,
amsterdam,link+k25,3,3,20,-1,0.7939853685458965,,,4.0,8.0
amsterdam,link+k25,3,4,20,3,0.7518406745029885,0.7582639533108656,0.006423278807877075,,
amsterdam,link+k25,3,4,20,5,0.8299064103617938,0.8437745863619817,0.01386817600018786,,
amsterdam,link+k25,3,4,20,8,0.9043436395448514,0.9032985356803156,-0.0010451038645358235,,
amsterdam,link+k25,3,4,20,-1,0.8299064103617938,,,5.0,8.0
amsterdam,link+k25,3,5,20,3,0.7582639533108656,0.7582639533108656,0.0,,
amsterdam,link+k25,3,5,20,5,0.8240115548562101,0.8437745863619817,0.019763031505771522,,
amsterdam,link+k25,3,5,20,8,0.9019950915346587,0.9032985356803156,0.0013034441456568624,,
amsterdam,link+k25,3,5,20,-1,0.7939853685458965,,,4.0,8.0
amsterdam,link+k25,3,6,20,3,0.7582639533108656,0.7582639533108656,0.0,,
amsterdam,link+k25,3,6,20,5,0.8240115548562101,0.8437745863619817,0.019763031505771522,,
amsterdam,link+k25,3,6,20,8,0.9019950915346587,0.9032985356803156,0.0013034441456568624,,
amsterdam,link+k25,3,6,20,-1,0.7939853685458965,,,4.0,8.0
amsterdam,link+k25,3,7,20,3,0.7582639533108656,0.7582639533108656,0.0,,
amsterdam,link+k25,3,7,20,5,0.8240115548562101,0.8437745863619817,0.019763031505771522,,
amsterdam,link+k25,3,7,20,8,0.9019950915346587,0.9032985356803156,0.0013034441456568624,,
amsterdam,link+k25,3,7,20,-1,0.7939853685458965,,,4.0,8.0
amsterdam,link+k25,3,8,20,3,0.7582639533108656,0.7582639533108656,0.0,,
amsterdam,link+k25,3,8,20,5,0.8240115548562101,0.8437745863619817,0.019763031505771522,,
amsterdam,link+k25,3,8,20,8,0.9019950915346587,0.9032985356803156,0.0013034441456568624,,
amsterdam,link+k25,3,8,20,-1,0.7939853685458965,,,4.0,8.0
amsterdam,link+k25,3,9,20,3,0.7582639533108656,0.7582639533108656,0.0,,
amsterdam,link+k25,3,9,20,5,0.8240115548562101,0.8437745863619817,0.019763031505771522,,
amsterdam,link+k25,3,9,20,8,0.9019950915346587,0.9032985356803156,0.0013034441456568624,,
amsterdam,link+k25,3,9,20,-1,0.7939853685458965,,,4.0,8.0
amsterdam,link+k25d,3,0,20,3,0.7582639533108656,0.7582639533108656,0.0,,
amsterdam,link+k25d,3,0,20,5,0.8240115548562101,0.8437745863619817,0.019763031505771522,,
amsterdam,link+k25d,3,0,20,8,0.9019950915346587,0.9032985356803156,0.0013034441456568624,,
amsterdam,link+k25d,3,0,20,-1,0.7939853685458965,,,4.0,8.0
amsterdam,link+k50,3,0,20,3,0.7582639533108656,0.7582639533108656,0.0,,
amsterdam,link+k50,3,0,20,5,0.8240115548562101,0.8437745863619817,0.019763031505771522,,
amsterdam,link+k50,3,0,20,8,0.9019950915346587,0.9032985356803156,0.0013034441456568624,,
amsterdam,link+k50,3,0,20,-1,0.7939853685458965,,,4.0,8.0
amsterdam,link+k50,3,1,20,3,0.7518406745029885,0.7582639533108656,0.006423278807877075,,
amsterdam,link+k50,3,1,20,5,0.8299064103617938,0.8437745863619817,0.01386817600018786,,
amsterdam,link+k50,3,1,20,8,0.9043436395448514,0.9032985356803156,-0.0010451038645358235,,
amsterdam,link+k50,3,1,20,-1,0.8299064103617938,,,5.0,8.0
amsterdam,link+k50,3,2,20,3,0.7582639533108656,0.7582639533108656,0.0,,
amsterdam,link+k50,3,2,20,5,0.8240115548562101,0.8437745863619817,0.019763031505771522,,
amsterdam,link+k50,3,2,20,8,0.9019950915346587,0.9032985356803156,0.0013034441456568624,,
amsterdam,link+k50,3,2,20,-1,0.7939853685458965,,,4.0,8.0
amsterdam,link+k50,3,3,20,3,0.7582639533108656,0.7582639533108656,0.0,,
amsterdam,link+k50,3,3,20,5,0.8240115548562101,0.8437745863619817,0.019763031505771522,,
amsterdam,link+k50,3,3,20,8,0.9019950915346587,0.9032985356803156,0.0013034441456568624,,
amsterdam,link+k50,3,3,20,-1,0.7939853685458965,,,4.0,8.0
amsterdam,link+k50,3,4,20,3,0.7582639533108656,0.7582639533108656,0.0,,
amsterdam,link+k50,3,4,20,5,0.8240115548562101,0.8437745863619817,0.019763031505771522,,
amsterdam,link+k50,3,4,20,8,0.9019950915346587,0.9032985356803156,0.0013034441456568624,,
amsterdam,link+k50,3,4,20,-1,0.7939853685458965,,,4.0,8.0
amsterdam,link+k50,3,5,20,3,0.7582639533108656,0.7582639533108656,0.0,,
amsterdam,link+k50,3,5,20,5,0.8240115548562101,0.8437745863619817,0.019763031505771522,,
amsterdam,link+k50,3,5,20,8,0.9019950915346587,0.9032985356803156,0.0013034441456568624,,
amsterdam,link+k50,3,5,20,-1,0.7939853685458965,,,4.0,8.0
amsterdam,link+k50,3,6,20,3,0.7582639533108656,0.7582639533108656,0.0,,
amsterdam,link+k50,3,6,20,5,0.8240115548562101,0.8437745863619817,0.019763031505771522,,
amsterdam,link+k50,3,6,20,8,0.9019950915346587,0.9032985356803156,0.0013034441456568624,,
amsterdam,link+k50,3,6,20,-1,0.7939853685458965,,,4.0,8.0
amsterdam,link+k50,3,7,20,3,0.7582639533108656,0.7582639533108656,0.0,,
amsterdam,link+k50,3,7,20,5,0.8240115548562101,0.8437745863619817,0.019763031505771522,,
amsterdam,link+k50,3,7,20,8,0.9019950915346587,0.9032985356803156,0.0013034441456568624,,
amsterdam,link+k50,3,7,20,-1,0.7939853685458965,,,4.0,8.0
amsterdam,link+k50,3,8,20,3,0.7582639533108656,0.7582639533108656,0.0,,
amsterdam,link+k50,3,8,20,5,0.8240115548562101,0.8437745863619817,0.019763031505771522,,
amsterdam,link+k50,3,8,20,8,0.9019950915346587,0.9032985356803156,0.0013034441456568624,,
amsterdam,link+k50,3,8,20,-1,0.8240115548562101,,,5.0,8.0
amsterdam,link+k50,3,9,20,3,0.7582639533108656,0.7582639533108656,0.0,,
amsterdam,link+k50,3,9,20,5,0.8240115548562101,0.8437745863619817,0.019763031505771522,,
amsterdam,link+k50,3,9,20,8,0.9019950915346587,0.9032985356803156,0.0013034441456568624,,
amsterdam,link+k50,3,9,20,-1,0.8240115548562101,,,5.0,8.0
amsterdam,link+k50d,3,0,20,3,0.7582639533108656,0.7582639533108656,0.0,,
amsterdam,link+k50d,3,0,20,5,0.8240115548562101,0.8437745863619817,0.019763031505771522,,
amsterdam,link+k50d,3,0,20,8,0.9019950915346587,0.9032985356803156,0.0013034441456568624,,
amsterdam,link+k50d,3,0,20,-1,0.7939853685458965,,,4.0,8.0
amsterdam,link,4,0,20,3,0.7582639533108656,0.7582639533108656,0.0,,
amsterdam,link,4,0,20,5,0.8240115548562101,0.8437745863619817,0.019763031505771522,,
amsterdam,link,4,0,20,8,0.9019950915346587,0.9032985356803156,0.0013034441456568624,,
amsterdam,link,4,0,20,-1,0.8240115548562101,,,5.0,8.0
amsterdam,link,4,0,10,3,0.7582639533108656,0.7582639533108656,0.0,,
amsterdam,link,4,0,10,5,0.8377388179757864,0.8437745863619817,0.006035768386195239,,
amsterdam,link,4,0,10,8,0.8940569992602074,0.8940569992602074,0.0,,
amsterdam,link,4,0,10,-1,0.8377388179757864,,,5.0,9.0
amsterdam,link_reg,4,0,20,3,0.7071243203889196,0.7582639533108656,0.05113963292194601,,
amsterdam,link_reg,4,0,20,5,0.8273347502906329,0.8437745863619817,0.0164398360713488,,
amsterdam,link_reg,4,0,20,8,0.8469216406956399,0.9032985356803156,0.056376894984675685,,
amsterdam,link_reg,4,0,20,-1,0.5594358787679518,,,1.0,8.0
amsterdam,link_reg,4,0,10,3,0.7241043225026128,0.7582639533108656,0.034159630808252794,,
amsterdam,link_reg,4,0,10,5,0.8430817646989749,0.8437745863619817,0.0006928216630067707,,
amsterdam,link_reg,4,0,10,8,0.8617996923402107,0.8940569992602074,0.03225730691999673,,
amsterdam,link_reg,4,0,10,-1,0.5594358787679518,,,1.0,9.0
amsterdam,link+k10,4,0,20,3,0.7582639533108656,0.7582639533108656,0.0,,
amsterdam,link+k10,4,0,20,5,0.8240115548562101,0.8437745863619817,0.019763031505771522,,
amsterdam,link+k10,4,0,20,8,0.9019950915346587,0.9032985356803156,0.0013034441456568624,,
amsterdam,link+k10,4,0,20,-1,0.8240115548562101,,,5.0,8.0
amsterdam,link+k10,4,1,20,3,0.7582639533108656,0.7582639533108656,0.0,,
amsterdam,link+k10,4,1,20,5,0.8240115548562101,0.8437745863619817,0.019763031505771522,,
amsterdam,link+k10,4,1,20,8,0.9019950915346587,0.9032985356803156,0.0013034441456568624,,
amsterdam,link+k10,4,1,20,-1,0.8240115548562101,,,5.0,8.0
amsterdam,link+k10,4,2,20,3,0.7582639533108656,0.7582639533108656,0.0,,
amsterdam,link+k10,4,2,20,5,0.8240115548562101,0.8437745863619817,0.019763031505771522,,
amsterdam,link+k10,4,2,20,8,0.9019950915346587,0.9032985356803156,0.0013034441456568624,,
amsterdam,link+k10,4,2,20,-1,0.8240115548562101,,,5.0,8.0
amsterdam,link+k10,4,3,20,3,0.7582639533108656,0.7582639533108656,0.0,,
amsterdam,link+k10,4,3,20,5,0.8240115548562101,0.8437745863619817,0.019763031505771522,,
amsterdam,link+k10,4,3,20,8,0.9019950915346587,0.9032985356803156,0.0013034441456568624,,
amsterdam,link+k10,4,3,20,-1,0.8240115548562101,,,5.0,8.0
amsterdam,link+k10,4,4,20,3,0.7582639533108656,0.7582639533108656,0.0,,
amsterdam,link+k10,4,4,20,5,0.8240115548562101,0.8437745863619817,0.019763031505771522,,
amsterdam,link+k10,4,4,20,8,0.9019950915346587,0.9032985356803156,0.0013034441456568624,,
amsterdam,link+k10,4,4,20,-1,0.8240115548562101,,,5.0,8.0
amsterdam,link+k10,4,5,20,3,0.7582639533108656,0.7582639533108656,0.0,,
amsterdam,link+k10,4,5,20,5,0.8240115548562101,0.8437745863619817,0.019763031505771522,,
amsterdam,link+k10,4,5,20,8,0.9019950915346587,0.9032985356803156,0.0013034441456568624,,
amsterdam,link+k10,4,5,20,-1,0.8240115548562101,,,5.0,8.0
amsterdam,link+k10,4,6,20,3,0.7582639533108656,0.7582639533108656,0.0,,
amsterdam,link+k10,4,6,20,5,0.8240115548562101,0.8437745863619817,0.019763031505771522,,
amsterdam,link+k10,4,6,20,8,0.9019950915346587,0.9032985356803156,0.0013034441456568624,,
amsterdam,link+k10,4,6,20,-1,0.8240115548562101,,,5.0,8.0
amsterdam,link+k10,4,7,20,3,0.7582639533108656,0.7582639533108656,0.0,,
amsterdam,link+k10,4,7,20,5,0.8240115548562101,0.8437745863619817,0.019763031505771522,,
amsterdam,link+k10,4,7,20,8,0.9019950915346587,0.9032985356803156,0.0013034441456568624,,
amsterdam,link+k10,4,7,20,-1,0.8240115548562101,,,5.0,8.0
amsterdam,link+k10,4,8,20,3,0.7582639533108656,0.7582639533108656,0.0,,
amsterdam,link+k10,4,8,20,5,0.8240115548562101,0.8437745863619817,0.019763031505771522,,
amsterdam,link+k10,4,8,20,8,0.9019950915346587,0.9032985356803156,0.0013034441456568624,,
amsterdam,link+k10,4,8,20,-1,0.8240115548562101,,,5.0,8.0
amsterdam,link+k10,4,9,20,3,0.7582639533108656,0.7582639533108656,0.0,,
amsterdam,link+k10,4,9,20,5,0.8240115548562101,0.8437745863619817,0.019763031505771522,,
amsterdam,link+k10,4,9,20,8,0.9019950915346587,0.9032985356803156,0.0013034441456568624,,
amsterdam,link+k10,4,9,20,-1,0.8240115548562101,,,5.0,8.0
amsterdam,link+k10d,4,0,20,3,0.7582639533108656,0.7582639533108656,0.0,,
amsterdam,link+k10d,4,0,20,5,0.8240115548562101,0.8437745863619817,0.019763031505771522,,
amsterdam,link+k10d,4,0,20,8,0.9019950915346587,0.9032985356803156,0.0013034441456568624,,
amsterdam,link+k10d,4,0,20,-1,0.8240115548562101,,,5.0,8.0
amsterdam,link+k25,4,0,20,3,0.7582639533108656,0.7582639533108656,0.0,,
amsterdam,link+k25,4,0,20,5,0.8240115548562101,0.8437745863619817,0.019763031505771522,,
amsterdam,link+k25,4,0,20,8,0.9019950915346587,0.9032985356803156,0.0013034441456568624,,
amsterdam,link+k25,4,0,20,-1,0.8240115548562101,,,5.0,8.0
amsterdam,link+k25,4,1,20,3,0.7582639533108656,0.7582639533108656,0.0,,
amsterdam,link+k25,4,1,20,5,0.8240115548562101,0.8437745863619817,0.019763031505771522,,
amsterdam,link+k25,4,1,20,8,0.9019950915346587,0.9032985356803156,0.0013034441456568624,,
amsterdam,link+k25,4,1,20,-1,0.8240115548562101,,,5.0,8.0
amsterdam,link+k25,4,2,20,3,0.7582639533108656,0.7582639533108656,0.0,,
amsterdam,link+k25,4,2,20,5,0.8240115548562101,0.8437745863619817,0.019763031505771522,,
amsterdam,link+k25,4,2,20,8,0.9019950915346587,0.9032985356803156,0.0013034441456568624,,
amsterdam,link+k25,4,2,20,-1,0.8240115548562101,,,5.0,8.0
amsterdam,link+k25,4,3,20,3,0.7582639533108656,0.7582639533108656,0.0,,
amsterdam,link+k25,4,3,20,5,0.8240115548562101,0.8437745863619817,0.019763031505771522,,
amsterdam,link+k25,4,3,20,8,0.9019950915346587,0.9032985356803156,0.0013034441456568624,,
amsterdam,link+k25,4,3,20,-1,0.8240115548562101,,,5.0,8.0
amsterdam,link+k25,4,4,20,3,0.7518406745029885,0.7582639533108656,0.006423278807877075,,
amsterdam,link+k25,4,4,20,5,0.8299064103617938,0.8437745863619817,0.01386817600018786,,
amsterdam,link+k25,4,4,20,8,0.9043436395448514,0.9032985356803156,-0.0010451038645358235,,
amsterdam,link+k25,4,4,20,-1,0.8299064103617938,,,5.0,8.0
amsterdam,link+k25,4,5,20,3,0.7582639533108656,0.7582639533108656,0.0,,
amsterdam,link+k25,4,5,20,5,0.8240115548562101,0.8437745863619817,0.019763031505771522,,
amsterdam,link+k25,4,5,20,8,0.9019950915346587,0.9032985356803156,0.0013034441456568624,,
amsterdam,link+k25,4,5,20,-1,0.8240115548562101,,,5.0,8.0
amsterdam,link+k25,4,6,20,3,0.7518406745029885,0.7582639533108656,0.006423278807877075,,
amsterdam,link+k25,4,6,20,5,0.8299064103617938,0.8437745863619817,0.01386817600018786,,
amsterdam,link+k25,4,6,20,8,0.9043436395448514,0.9032985356803156,-0.0010451038645358235,,
amsterdam,link+k25,4,6,20,-1,0.8299064103617938,,,5.0,8.0
amsterdam,link+k25,4,7,20,3,0.7582639533108656,0.7582639533108656,0.0,,
amsterdam,link+k25,4,7,20,5,0.8240115548562101,0.8437745863619817,0.019763031505771522,,
amsterdam,link+k25,4,7,20,8,0.9019950915346587,0.9032985356803156,0.0013034441456568624,,
amsterdam,link+k25,4,7,20,-1,0.8240115548562101,,,5.0,8.0
amsterdam,link+k25,4,8,20,3,0.7582639533108656,0.7582639533108656,0.0,,
amsterdam,link+k25,4,8,20,5,0.8240115548562101,0.8437745863619817,0.019763031505771522,,
amsterdam,link+k25,4,8,20,8,0.9019950915346587,0.9032985356803156,0.0013034441456568624,,
amsterdam,link+k25,4,8,20,-1,0.8240115548562101,,,5.0,8.0
amsterdam,link+k25,4,9,20,3,0.7582639533108656,0.7582639533108656,0.0,,
amsterdam,link+k25,4,9,20,5,0.8240115548562101,0.8437745863619817,0.019763031505771522,,
amsterdam,link+k25,4,9,20,8,0.9019950915346587,0.9032985356803156,0.0013034441456568624,,
amsterdam,link+k25,4,9,20,-1,0.8240115548562101,,,5.0,8.0
amsterdam,link+k25d,4,0,20,3,0.7582639533108656,0.7582639533108656,0.0,,
amsterdam,link+k25d,4,0,20,5,0.8240115548562101,0.8437745863619817,0.019763031505771522,,
amsterdam,link+k25d,4,0,20,8,0.9019950915346587,0.9032985356803156,0.0013034441456568624,,
amsterdam,link+k25d,4,0,20,-1,0.8240115548562101,,,5.0,8.0
amsterdam,link+k50,4,0,20,3,0.7582639533108656,0.7582639533108656,0.0,,
amsterdam,link+k50,4,0,20,5,0.8240115548562101,0.8437745863619817,0.019763031505771522,,
amsterdam,link+k50,4,0,20,8,0.9019950915346587,0.9032985356803156,0.0013034441456568624,,
amsterdam,link+k50,4,0,20,-1,0.8240115548562101,,,5.0,8.0
amsterdam,link+k50,4,1,20,3,0.7518406745029885,0.7582639533108656,0.006423278807877075,,
amsterdam,link+k50,4,1,20,5,0.8299064103617938,0.8437745863619817,0.01386817600018786,,
amsterdam,link+k50,4,1,20,8,0.9043436395448514,0.9032985356803156,-0.0010451038645358235,,
amsterdam,link+k50,4,1,20,-1,0.8299064103617938,,,5.0,8.0
amsterdam,link+k50,4,2,20,3,0.7582639533108656,0.7582639533108656,0.0,,
amsterdam,link+k50,4,2,20,5,0.8240115548562101,0.8437745863619817,0.019763031505771522,,
amsterdam,link+k50,4,2,20,8,0.9019950915346587,0.9032985356803156,0.0013034441456568624,,
amsterdam,link+k50,4,2,20,-1,0.8240115548562101,,,5.0,8.0
amsterdam,link+k50,4,3,20,3,0.7582639533108656,0.7582639533108656,0.0,,
amsterdam,link+k50,4,3,20,5,0.8240115548562101,0.8437745863619817,0.019763031505771522,,
amsterdam,link+k50,4,3,20,8,0.9019950915346587,0.9032985356803156,0.0013034441456568624,,
amsterdam,link+k50,4,3,20,-1,0.8240115548562101,,,5.0,8.0
amsterdam,link+k50,4,4,20,3,0.7582639533108656,0.7582639533108656,0.0,,
amsterdam,link+k50,4,4,20,5,0.8240115548562101,0.8437745863619817,0.019763031505771522,,
amsterdam,link+k50,4,4,20,8,0.9019950915346587,0.9032985356803156,0.0013034441456568624,,
amsterdam,link+k50,4,4,20,-1,0.8240115548562101,,,5.0,8.0
amsterdam,link+k50,4,5,20,3,0.7582639533108656,0.7582639533108656,0.0,,
amsterdam,link+k50,4,5,20,5,0.8240115548562101,0.8437745863619817,0.019763031505771522,,
amsterdam,link+k50,4,5,20,8,0.9019950915346587,0.9032985356803156,0.0013034441456568624,,
amsterdam,link+k50,4,5,20,-1,0.8240115548562101,,,5.0,8.0
amsterdam,link+k50,4,6,20,3,0.7582639533108656,0.7582639533108656,0.0,,
amsterdam,link+k50,4,6,20,5,0.8240115548562101,0.8437745863619817,0.019763031505771522,,
amsterdam,link+k50,4,6,20,8,0.9019950915346587,0.9032985356803156,0.0013034441456568624,,
amsterdam,link+k50,4,6,20,-1,0.8240115548562101,,,5.0,8.0
amsterdam,link+k50,4,7,20,3,0.7582639533108656,0.7582639533108656,0.0,,
amsterdam,link+k50,4,7,20,5,0.8240115548562101,0.8437745863619817,0.019763031505771522,,
amsterdam,link+k50,4,7,20,8,0.9019950915346587,0.9032985356803156,0.0013034441456568624,,
amsterdam,link+k50,4,7,20,-1,0.8240115548562101,,,5.0,8.0
amsterdam,link+k50,4,8,20,3,0.7582639533108656,0.7582639533108656,0.0,,
amsterdam,link+k50,4,8,20,5,0.8240115548562101,0.8437745863619817,0.019763031505771522,,
amsterdam,link+k50,4,8,20,8,0.9019950915346587,0.9032985356803156,0.0013034441456568624,,
amsterdam,link+k50,4,8,20,-1,0.8240115548562101,,,5.0,8.0
amsterdam,link+k50,4,9,20,3,0.7582639533108656,0.7582639533108656,0.0,,
amsterdam,link+k50,4,9,20,5,0.8240115548562101,0.8437745863619817,0.019763031505771522,,
amsterdam,link+k50,4,9,20,8,0.9019950915346587,0.9032985356803156,0.0013034441456568624,,
amsterdam,link+k50,4,9,20,-1,0.8240115548562101,,,5.0,8.0
amsterdam,link+k50d,4,0,20,3,0.7582639533108656,0.7582639533108656,0.0,,
amsterdam,link+k50d,4,0,20,5,0.8240115548562101,0.8437745863619817,0.019763031505771522,,
amsterdam,link+k50d,4,0,20,8,0.9019950915346587,0.9032985356803156,0.0013034441456568624,,
amsterdam,link+k50d,4,0,20,-1,0.8240115548562101,,,5.0,8.0
barcelona,link,0,0,20,3,0.696649391964698,0.6964954589768587,-0.0001539329878392781,,
barcelona,link,0,0,20,5,0.7835060803530196,0.786995228077377,0.0034891477243573776,,
barcelona,link,0,0,20,8,0.8451562419826569,0.8521858484273179,0.007029606444660996,,
barcelona,link,0,0,20,-1,0.8288008620247319,,,7.0,13.0
barcelona,link,0,0,10,3,0.696649391964698,0.6964954589768587,-0.0001539329878392781,,
barcelona,link,0,0,10,5,0.7794012006773051,0.7802350043614347,0.0008338036841295526,,
barcelona,link,0,0,10,8,0.8376520088254913,0.8376520088254913,0.0,,
barcelona,link,0,0,10,-1,0.8376520088254913,,,8.0,
barcelona,link_reg,0,0,20,3,0.6929806557545282,0.6964954589768587,0.0035148032223305536,,
barcelona,link_reg,0,0,20,5,0.7755913592282826,0.786995228077377,0.01140386884909439,,
barcelona,link_reg,0,0,20,8,0.7755913592282826,0.8521858484273179,0.07659448919903533,,
barcelona,link_reg,0,0,20,-1,0.423328544307045,,,1.0,13.0
barcelona,link_reg,0,0,10,3,0.6964954589768587,0.6964954589768587,0.0,,
barcelona,link_reg,0,0,10,5,0.7794012006773051,0.7802350043614347,0.0008338036841295526,,
barcelona,link_reg,0,0,10,8,0.7794012006773051,0.8376520088254913,0.05825080814818617,,
barcelona,link_reg,0,0,10,-1,0.47080404330648057,,,1.0,
barcelona,link+k10,0,0,20,3,0.696649391964698,0.6964954589768587,-0.0001539329878392781,,
barcelona,link+k10,0,0,20,5,0.7835060803530196,0.786995228077377,0.0034891477243573776,,
barcelona,link+k10,0,0,20,8,0.8451562419826569,0.8521858484273179,0.007029606444660996,,
barcelona,link+k10,0,0,20,-1,0.8288008620247319,,,7.0,13.0
barcelona,link+k10,0,1,20,3,0.696649391964698,0.6964954589768587,-0.0001539329878392781,,
barcelona,link+k10,0,1,20,5,0.7835060803530196,0.786995228077377,0.0034891477243573776,,
barcelona,link+k10,0,1,20,8,0.8451562419826569,0.8521858484273179,0.007029606444660996,,
barcelona,link+k10,0,1,20,-1,0.8288008620247319,,,7.0,13.0
barcelona,link+k10,0,2,20,3,0.696649391964698,0.6964954589768587,-0.0001539329878392781,,
barcelona,link+k10,0,2,20,5,0.7835060803530196,0.786995228077377,0.0034891477243573776,,
barcelona,link+k10,0,2,20,8,0.8451562419826569,0.8521858484273179,0.007029606444660996,,
barcelona,link+k10,0,2,20,-1,0.8288008620247319,,,7.0,13.0
barcelona,link+k10,0,3,20,3,0.696649391964698,0.6964954589768587,-0.0001539329878392781,,
barcelona,link+k10,0,3,20,5,0.7835060803530196,0.786995228077377,0.0034891477243573776,,
barcelona,link+k10,0,3,20,8,0.8451562419826569,0.8521858484273179,0.007029606444660996,,
barcelona,link+k10,0,3,20,-1,0.8288008620247319,,,7.0,13.0
barcelona,link+k10,0,4,20,3,0.696649391964698,0.6964954589768587,-0.0001539329878392781,,
barcelona,link+k10,0,4,20,5,0.7835060803530196,0.786995228077377,0.0034891477243573776,,
barcelona,link+k10,0,4,20,8,0.8451562419826569,0.8521858484273179,0.007029606444660996,,
barcelona,link+k10,0,4,20,-1,0.8288008620247319,,,7.0,13.0
barcelona,link+k10,0,5,20,3,0.696649391964698,0.6964954589768587,-0.0001539329878392781,,
barcelona,link+k10,0,5,20,5,0.7835060803530196,0.786995228077377,0.0034891477243573776,,
barcelona,link+k10,0,5,20,8,0.8451562419826569,0.8521858484273179,0.007029606444660996,,
barcelona,link+k10,0,5,20,-1,0.8288008620247319,,,7.0,13.0
barcelona,link+k10,0,6,20,3,0.696649391964698,0.6964954589768587,-0.0001539329878392781,,
barcelona,link+k10,0,6,20,5,0.7835060803530196,0.786995228077377,0.0034891477243573776,,
barcelona,link+k10,0,6,20,8,0.8451562419826569,0.8521858484273179,0.007029606444660996,,
barcelona,link+k10,0,6,20,-1,0.8288008620247319,,,7.0,13.0
barcelona,link+k10,0,7,20,3,0.696649391964698,0.6964954589768587,-0.0001539329878392781,,
barcelona,link+k10,0,7,20,5,0.7835060803530196,0.786995228077377,0.0034891477243573776,,
barcelona,link+k10,0,7,20,8,0.8451562419826569,0.8521858484273179,0.007029606444660996,,
barcelona,link+k10,0,7,20,-1,0.8288008620247319,,,7.0,13.0
barcelona,link+k10,0,8,20,3,0.696649391964698,0.6964954589768587,-0.0001539329878392781,,
barcelona,link+k10,0,8,20,5,0.7835060803530196,0.786995228077377,0.0034891477243573776,,
barcelona,link+k10,0,8,20,8,0.8451562419826569,0.8521858484273179,0.007029606444660996,,
barcelona,link+k10,0,8,20,-1,0.8288008620247319,,,7.0,13.0
barcelona,link+k10,0,9,20,3,0.696649391964698,0.6964954589768587,-0.0001539329878392781,,
barcelona,link+k10,0,9,20,5,0.7835060803530196,0.786995228077377,0.0034891477243573776,,
barcelona,link+k10,0,9,20,8,0.8451562419826569,0.8521858484273179,0.007029606444660996,,
barcelona,link+k10,0,9,20,-1,0.8288008620247319,,,7.0,13.0
barcelona,link+k10d,0,0,20,3,0.696649391964698,0.6964954589768587,-0.0001539329878392781,,
barcelona,link+k10d,0,0,20,5,0.7835060803530196,0.786995228077377,0.0034891477243573776,,
barcelona,link+k10d,0,0,20,8,0.8451562419826569,0.8521858484273179,0.007029606444660996,,
barcelona,link+k10d,0,0,20,-1,0.8288008620247319,,,7.0,13.0
barcelona,link+k25,0,0,20,3,0.696649391964698,0.6964954589768587,-0.0001539329878392781,,
barcelona,link+k25,0,0,20,5,0.7835060803530196,0.786995228077377,0.0034891477243573776,,
barcelona,link+k25,0,0,20,8,0.8451562419826569,0.8521858484273179,0.007029606444660996,,
barcelona,link+k25,0,0,20,-1,0.8288008620247319,,,7.0,13.0
barcelona,link+k25,0,1,20,3,0.696649391964698,0.6964954589768587,-0.0001539329878392781,,
barcelona,link+k25,0,1,20,5,0.7835060803530196,0.786995228077377,0.0034891477243573776,,
barcelona,link+k25,0,1,20,8,0.8451562419826569,0.8521858484273179,0.007029606444660996,,
barcelona,link+k25,0,1,20,-1,0.8288008620247319,,,7.0,13.0
barcelona,link+k25,0,2,20,3,0.696649391964698,0.6964954589768587,-0.0001539329878392781,,
barcelona,link+k25,0,2,20,5,0.7835060803530196,0.786995228077377,0.0034891477243573776,,
barcelona,link+k25,0,2,20,8,0.8451562419826569,0.8521858484273179,0.007029606444660996,,
barcelona,link+k25,0,2,20,-1,0.8288008620247319,,,7.0,13.0
barcelona,link+k25,0,3,20,3,0.696649391964698,0.6964954589768587,-0.0001539329878392781,,
barcelona,link+k25,0,3,20,5,0.7835060803530196,0.786995228077377,0.0034891477243573776,,
barcelona,link+k25,0,3,20,8,0.8451562419826569,0.8521858484273179,0.007029606444660996,,
barcelona,link+k25,0,3,20,-1,0.8288008620247319,,,7.0,13.0
barcelona,link+k25,0,4,20,3,0.696649391964698,0.6964954589768587,-0.0001539329878392781,,
barcelona,link+k25,0,4,20,5,0.7835060803530196,0.786995228077377,0.0034891477243573776,,
barcelona,link+k25,0,4,20,8,0.8451562419826569,0.8521858484273179,0.007029606444660996,,
barcelona,link+k25,0,4,20,-1,0.8288008620247319,,,7.0,13.0
barcelona,link+k25,0,5,20,3,0.696649391964698,0.6964954589768587,-0.0001539329878392781,,
barcelona,link+k25,0,5,20,5,0.7835060803530196,0.786995228077377,0.0034891477243573776,,
barcelona,link+k25,0,5,20,8,0.8451562419826569,0.8521858484273179,0.007029606444660996,,
barcelona,link+k25,0,5,20,-1,0.8288008620247319,,,7.0,13.0
barcelona,link+k25,0,6,20,3,0.696649391964698,0.6964954589768587,-0.0001539329878392781,,
barcelona,link+k25,0,6,20,5,0.7835060803530196,0.786995228077377,0.0034891477243573776,,
barcelona,link+k25,0,6,20,8,0.8451562419826569,0.8521858484273179,0.007029606444660996,,
barcelona,link+k25,0,6,20,-1,0.8451562419826569,,,8.0,13.0
barcelona,link+k25,0,7,20,3,0.696649391964698,0.6964954589768587,-0.0001539329878392781,,
barcelona,link+k25,0,7,20,5,0.7835060803530196,0.786995228077377,0.0034891477243573776,,
barcelona,link+k25,0,7,20,8,0.8451562419826569,0.8521858484273179,0.007029606444660996,,
barcelona,link+k25,0,7,20,-1,0.8288008620247319,,,7.0,13.0
barcelona,link+k25,0,8,20,3,0.6788316486222997,0.6964954589768587,0.017663810354558995,,
barcelona,link+k25,0,8,20,5,0.786995228077377,0.786995228077377,0.0,,
barcelona,link+k25,0,8,20,8,0.8509672122735902,0.8521858484273179,0.001218636153727748,,
barcelona,link+k25,0,8,20,-1,0.834945353789317,,,7.0,13.0
barcelona,link+k25,0,9,20,3,0.696649391964698,0.6964954589768587,-0.0001539329878392781,,
barcelona,link+k25,0,9,20,5,0.7835060803530196,0.786995228077377,0.0034891477243573776,,
barcelona,link+k25,0,9,20,8,0.8451562419826569,0.8521858484273179,0.007029606444660996,,
barcelona,link+k25,0,9,20,-1,0.8288008620247319,,,7.0,13.0
barcelona,link+k25d,0,0,20,3,0.696649391964698,0.6964954589768587,-0.0001539329878392781,,
barcelona,link+k25d,0,0,20,5,0.7835060803530196,0.786995228077377,0.0034891477243573776,,
barcelona,link+k25d,0,0,20,8,0.8451562419826569,0.8521858484273179,0.007029606444660996,,
barcelona,link+k25d,0,0,20,-1,0.8288008620247319,,,7.0,13.0
barcelona,link+k50,0,0,20,3,0.696649391964698,0.6964954589768587,-0.0001539329878392781,,
barcelona,link+k50,0,0,20,5,0.7835060803530196,0.786995228077377,0.0034891477243573776,,
barcelona,link+k50,0,0,20,8,0.8451562419826569,0.8521858484273179,0.007029606444660996,,
barcelona,link+k50,0,0,20,-1,0.8451562419826569,,,8.0,13.0
barcelona,link+k50,0,1,20,3,0.6788316486222997,0.6964954589768587,0.017663810354558995,,
barcelona,link+k50,0,1,20,5,0.786995228077377,0.786995228077377,0.0,,
barcelona,link+k50,0,1,20,8,0.8509672122735902,0.8521858484273179,0.001218636153727748,,
barcelona,link+k50,0,1,20,-1,0.834945353789317,,,7.0,13.0
barcelona,link+k50,0,2,20,3,0.696649391964698,0.6964954589768587,-0.0001539329878392781,,
barcelona,link+k50,0,2,20,5,0.7835060803530196,0.786995228077377,0.0034891477243573776,,
barcelona,link+k50,0,2,20,8,0.8451562419826569,0.8521858484273179,0.007029606444660996,,
barcelona,link+k50,0,2,20,-1,0.8451562419826569,,,8.0,13.0
barcelona,link+k50,0,3,20,3,0.696649391964698,0.6964954589768587,-0.0001539329878392781,,
barcelona,link+k50,0,3,20,5,0.7835060803530196,0.786995228077377,0.0034891477243573776,,
barcelona,link+k50,0,3,20,8,0.8467340551080097,0.8521858484273179,0.005451793319308229,,
barcelona,link+k50,0,3,20,-1,0.8467340551080097,,,8.0,13.0
barcelona,link+k50,0,4,20,3,0.696649391964698,0.6964954589768587,-0.0001539329878392781,,
barcelona,link+k50,0,4,20,5,0.7835060803530196,0.786995228077377,0.0034891477243573776,,
barcelona,link+k50,0,4,20,8,0.8451562419826569,0.8521858484273179,0.007029606444660996,,
barcelona,link+k50,0,4,20,-1,0.8288008620247319,,,7.0,13.0
barcelona,link+k50,0,5,20,3,0.696649391964698,0.6964954589768587,-0.0001539329878392781,,
barcelona,link+k50,0,5,20,5,0.7835060803530196,0.786995228077377,0.0034891477243573776,,
barcelona,link+k50,0,5,20,8,0.8451562419826569,0.8521858484273179,0.007029606444660996,,
barcelona,link+k50,0,5,20,-1,0.8288008620247319,,,7.0,13.0
barcelona,link+k50,0,6,20,3,0.696649391964698,0.6964954589768587,-0.0001539329878392781,,
barcelona,link+k50,0,6,20,5,0.7835060803530196,0.786995228077377,0.0034891477243573776,,
barcelona,link+k50,0,6,20,8,0.8451562419826569,0.8521858484273179,0.007029606444660996,,
barcelona,link+k50,0,6,20,-1,0.8288008620247319,,,7.0,13.0
barcelona,link+k50,0,7,20,3,0.696649391964698,0.6964954589768587,-0.0001539329878392781,,
barcelona,link+k50,0,7,20,5,0.7835060803530196,0.786995228077377,0.0034891477243573776,,
barcelona,link+k50,0,7,20,8,0.8451562419826569,0.8521858484273179,0.007029606444660996,,
barcelona,link+k50,0,7,20,-1,0.8451562419826569,,,8.0,13.0
barcelona,link+k50,0,8,20,3,0.6788316486222997,0.6964954589768587,0.017663810354558995,,
barcelona,link+k50,0,8,20,5,0.786995228077377,0.786995228077377,0.0,,
barcelona,link+k50,0,8,20,8,0.8509672122735902,0.8521858484273179,0.001218636153727748,,
barcelona,link+k50,0,8,20,-1,0.834945353789317,,,7.0,13.0
barcelona,link+k50,0,9,20,3,0.696649391964698,0.6964954589768587,-0.0001539329878392781,,
barcelona,link+k50,0,9,20,5,0.7835060803530196,0.786995228077377,0.0034891477243573776,,
barcelona,link+k50,0,9,20,8,0.8467340551080097,0.8521858484273179,0.005451793319308229,,
barcelona,link+k50,0,9,20,-1,0.8467340551080097,,,8.0,13.0
barcelona,link+k50d,0,0,20,3,0.696649391964698,0.6964954589768587,-0.0001539329878392781,,
barcelona,link+k50d,0,0,20,5,0.7835060803530196,0.786995228077377,0.0034891477243573776,,
barcelona,link+k50d,0,0,20,8,0.8451562419826569,0.8521858484273179,0.007029606444660996,,
barcelona,link+k50d,0,0,20,-1,0.8288008620247319,,,7.0,13.0
barcelona,link,1,0,20,3,0.6788316486222997,0.6964954589768587,0.017663810354558995,,
barcelona,link,1,0,20,5,0.786995228077377,0.786995228077377,0.0,,
barcelona,link,1,0,20,8,0.8509672122735902,0.8521858484273179,0.001218636153727748,,
barcelona,link,1,0,20,-1,0.8509672122735902,,,8.0,13.0
barcelona,link,1,0,10,3,0.6788316486222997,0.6964954589768587,0.017663810354558995,,
barcelona,link,1,0,10,5,0.7790420237056801,0.7802350043614347,0.001192980655754572,,
barcelona,link,1,0,10,8,0.8376520088254913,0.8376520088254913,0.0,,
barcelona,link,1,0,10,-1,0.8442069885576479,,,9.0,
barcelona,link_reg,1,0,20,3,0.6828980450510544,0.6964954589768587,0.01359741392580427,,
barcelona,link_reg,1,0,20,5,0.7717430345323003,0.786995228077377,0.015252193545076675,,
barcelona,link_reg,1,0,20,8,0.7717430345323003,0.8521858484273179,0.08044281389501762,,
barcelona,link_reg,1,0,20,-1,0.47080404330648057,,,1.0,13.0
barcelona,link_reg,1,0,10,3,0.6828980450510544,0.6964954589768587,0.01359741392580427,,
barcelona,link_reg,1,0,10,5,0.7719739340140592,0.7802350043614347,0.008261070347375443,,
barcelona,link_reg,1,0,10,8,0.7719739340140592,0.8376520088254913,0.06567807481143206,,
barcelona,link_reg,1,0,10,-1,0.47080404330648057,,,1.0,
barcelona,link+k10,1,0,20,3,0.6788316486222997,0.6964954589768587,0.017663810354558995,,
barcelona,link+k10,1,0,20,5,0.786995228077377,0.786995228077377,0.0,,
barcelona,link+k10,1,0,20,8,0.8509672122735902,0.8521858484273179,0.001218636153727748,,
barcelona,link+k10,1,0,20,-1,0.8509672122735902,,,8.0,13.0
barcelona,link+k10,1,1,20,3,0.6788316486222997,0.6964954589768587,0.017663810354558995,,
barcelona,link+k10,1,1,20,5,0.786995228077377,0.786995228077377,0.0,,
barcelona,link+k10,1,1,20,8,0.8509672122735902,0.8521858484273179,0.001218636153727748,,
barcelona,link+k10,1,1,20,-1,0.8509672122735902,,,8.0,13.0
barcelona,link+k10,1,2,20,3,0.6788316486222997,0.6964954589768587,0.017663810354558995,,
barcelona,link+k10,1,2,20,5,0.786995228077377,0.786995228077377,0.0,,
barcelona,link+k10,1,2,20,8,0.8509672122735902,0.8521858484273179,0.001218636153727748,,
barcelona,link+k10,1,2,20,-1,0.8509672122735902,,,8.0,13.0
barcelona,link+k10,1,3,20,3,0.6788316486222997,0.6964954589768587,0.017663810354558995,,
barcelona,link+k10,1,3,20,5,0.786995228077377,0.786995228077377,0.0,,
barcelona,link+k10,1,3,20,8,0.8509672122735902,0.8521858484273179,0.001218636153727748,,
barcelona,link+k10,1,3,20,-1,0.8509672122735902,,,8.0,13.0
barcelona,link+k10,1,4,20,3,0.6788316486222997,0.6964954589768587,0.017663810354558995,,
barcelona,link+k10,1,4,20,5,0.786995228077377,0.786995228077377,0.0,,
barcelona,link+k10,1,4,20,8,0.8509672122735902,0.8521858484273179,0.001218636153727748,,
barcelona,link+k10,1,4,20,-1,0.8509672122735902,,,8.0,13.0
barcelona,link+k10,1,5,20,3,0.696649391964698,0.6964954589768587,-0.0001539329878392781,,
barcelona,link+k10,1,5,20,5,0.7835060803530196,0.786995228077377,0.0034891477243573776,,
barcelona,link+k10,1,5,20,8,0.8451562419826569,0.8521858484273179,0.007029606444660996,,
barcelona,link+k10,1,5,20,-1,0.8451562419826569,,,8.0,13.0
barcelona,link+k10,1,6,20,3,0.6788316486222997,0.6964954589768587,0.017663810354558995,,
barcelona,link+k10,1,6,20,5,0.786995228077377,0.786995228077377,0.0,,
barcelona,link+k10,1,6,20,8,0.8509672122735902,0.8521858484273179,0.001218636153727748,,
barcelona,link+k10,1,6,20,-1,0.8509672122735902,,,8.0,13.0
barcelona,link+k10,1,7,20,3,0.6964954589768587,0.6964954589768587,0.0,,
barcelona,link+k10,1,7,20,5,0.786995228077377,0.786995228077377,0.0,,
barcelona,link+k10,1,7,20,8,0.8509672122735902,0.8521858484273179,0.001218636153727748,,
barcelona,link+k10,1,7,20,-1,0.8509672122735902,,,8.0,13.0
barcelona,link+k10,1,8,20,3,0.6788316486222997,0.6964954589768587,0.017663810354558995,,
barcelona,link+k10,1,8,20,5,0.786995228077377,0.786995228077377,0.0,,
barcelona,link+k10,1,8,20,8,0.8509672122735902,0.8521858484273179,0.001218636153727748,,
barcelona,link+k10,1,8,20,-1,0.8509672122735902,,,8.0,13.0
barcelona,link+k10,1,9,20,3,0.6788316486222997,0.6964954589768587,0.017663810354558995,,
barcelona,link+k10,1,9,20,5,0.786995228077377,0.786995228077377,0.0,,
barcelona,link+k10,1,9,20,8,0.8509672122735902,0.8521858484273179,0.001218636153727748,,
barcelona,link+k10,1,9,20,-1,0.8509672122735902,,,8.0,13.0
barcelona,link+k10d,1,0,20,3,0.6788316486222997,0.6964954589768587,0.017663810354558995,,
barcelona,link+k10d,1,0,20,5,0.786995228077377,0.786995228077377,0.0,,
barcelona,link+k10d,1,0,20,8,0.8509672122735902,0.8521858484273179,0.001218636153727748,,
barcelona,link+k10d,1,0,20,-1,0.8509672122735902,,,8.0,13.0
barcelona,link+k25,1,0,20,3,0.6788316486222997,0.6964954589768587,0.017663810354558995,,
barcelona,link+k25,1,0,20,5,0.786995228077377,0.786995228077377,0.0,,
barcelona,link+k25,1,0,20,8,0.8509672122735902,0.8521858484273179,0.001218636153727748,,
barcelona,link+k25,1,0,20,-1,0.8509672122735902,,,8.0,13.0
barcelona,link+k25,1,1,20,3,0.6788316486222997,0.6964954589768587,0.017663810354558995,,
barcelona,link+k25,1,1,20,5,0.786995228077377,0.786995228077377,0.0,,
barcelona,link+k25,1,1,20,8,0.8509672122735902,0.8521858484273179,0.001218636153727748,,
barcelona,link+k25,1,1,20,-1,0.8509672122735902,,,8.0,13.0
barcelona,link+k25,1,2,20,3,0.6788316486222997,0.6964954589768587,0.017663810354558995,,
barcelona,link+k25,1,2,20,5,0.786995228077377,0.786995228077377,0.0,,
barcelona,link+k25,1,2,20,8,0.8509672122735902,0.8521858484273179,0.001218636153727748,,
barcelona,link+k25,1,2,20,-1,0.8509672122735902,,,8.0,13.0
barcelona,link+k25,1,3,20,3,0.6788316486222997,0.6964954589768587,0.017663810354558995,,
barcelona,link+k25,1,3,20,5,0.786995228077377,0.786995228077377,0.0,,
barcelona,link+k25,1,3,20,8,0.8509672122735902,0.8521858484273179,0.001218636153727748,,
barcelona,link+k25,1,3,20,-1,0.8509672122735902,,,8.0,13.0
barcelona,link+k25,1,4,20,3,0.6788316486222997,0.6964954589768587,0.017663810354558995,,
barcelona,link+k25,1,4,20,5,0.786995228077377,0.786995228077377,0.0,,
barcelona,link+k25,1,4,20,8,0.8509672122735902,0.8521858484273179,0.001218636153727748,,
barcelona,link+k25,1,4,20,-1,0.8509672122735902,,,8.0,13.0
barcelona,link+k25,1,5,20,3,0.6788316486222997,0.6964954589768587,0.017663810354558995,,
barcelona,link+k25,1,5,20,5,0.786995228077377,0.786995228077377,0.0,,
barcelona,link+k25,1,5,20,8,0.8509672122735902,0.8521858484273179,0.001218636153727748,,
barcelona,link+k25,1,5,20,-1,0.8509672122735902,,,8.0,13.0
barcelona,link+k25,1,6,20,3,0.6788316486222997,0.6964954589768587,0.017663810354558995,,
barcelona,link+k25,1,6,20,5,0.786995228077377,0.786995228077377,0.0,,
barcelona,link+k25,1,6,20,8,0.8509672122735902,0.8521858484273179,0.001218636153727748,,
barcelona,link+k25,1,6,20,-1,0.8509672122735902,,,8.0,13.0
barcelona,link+k25,1,7,20,3,0.6788316486222997,0.6964954589768587,0.017663810354558995,,
barcelona,link+k25,1,7,20,5,0.786995228077377,0.786995228077377,0.0,,
barcelona,link+k25,1,7,20,8,0.8509672122735902,0.8521858484273179,0.001218636153727748,,
barcelona,link+k25,1,7,20,-1,0.8509672122735902,,,8.0,13.0
barcelona,link+k25,1,8,20,3,0.6788316486222997,0.6964954589768587,0.017663810354558995,,
barcelona,link+k25,1,8,20,5,0.786995228077377,0.786995228077377,0.0,,
barcelona,link+k25,1,8,20,8,0.8509672122735902,0.8521858484273179,0.001218636153727748,,
barcelona,link+k25,1,8,20,-1,0.8509672122735902,,,8.0,13.0
barcelona,link+k25,1,9,20,3,0.6788316486222997,0.6964954589768587,0.017663810354558995,,
barcelona,link+k25,1,9,20,5,0.786995228077377,0.786995228077377,0.0,,
barcelona,link+k25,1,9,20,8,0.8509672122735902,0.8521858484273179,0.001218636153727748,,
barcelona,link+k25,1,9,20,-1,0.8509672122735902,,,8.0,13.0
barcelona,link+k25d,1,0,20,3,0.6788316486222997,0.6964954589768587,0.017663810354558995,,
barcelona,link+k25d,1,0,20,5,0.786995228077377,0.786995228077377,0.0,,
barcelona,link+k25d,1,0,20,8,0.8509672122735902,0.8521858484273179,0.001218636153727748,,
barcelona,link+k25d,1,0,20,-1,0.8509672122735902,,,8.0,13.0
barcelona,link+k50,1,0,20,3,0.6788316486222997,0.6964954589768587,0.017663810354558995,,
barcelona,link+k50,1,0,20,5,0.786995228077377,0.786995228077377,0.0,,
barcelona,link+k50,1,0,20,8,0.8509672122735902,0.8521858484273179,0.001218636153727748,,
barcelona,link+k50,1,0,20,-1,0.8509672122735902,,,8.0,13.0
barcelona,link+k50,1,1,20,3,0.6788316486222997,0.6964954589768587,0.017663810354558995,,
barcelona,link+k50,1,1,20,5,0.786995228077377,0.786995228077377,0.0,,
barcelona,link+k50,1,1,20,8,0.8509672122735902,0.8521858484273179,0.001218636153727748,,
barcelona,link+k50,1,1,20,-1,0.8509672122735902,,,8.0,13.0
barcelona,link+k50,1,2,20,3,0.6788316486222997,0.6964954589768587,0.017663810354558995,,
barcelona,link+k50,1,2,20,5,0.786995228077377,0.786995228077377,0.0,,
barcelona,link+k50,1,2,20,8,0.8509672122735902,0.8521858484273179,0.001218636153727748,,
barcelona,link+k50,1,2,20,-1,0.8509672122735902,,,8.0,13.0
barcelona,link+k50,1,3,20,3,0.6788316486222997,0.6964954589768587,0.017663810354558995,,
barcelona,link+k50,1,3,20,5,0.786995228077377,0.786995228077377,0.0,,
barcelona,link+k50,1,3,20,8,0.8509672122735902,0.8521858484273179,0.001218636153727748,,
barcelona,link+k50,1,3,20,-1,0.8509672122735902,,,8.0,13.0
barcelona,link+k50,1,4,20,3,0.6788316486222997,0.6964954589768587,0.017663810354558995,,
barcelona,link+k50,1,4,20,5,0.786995228077377,0.786995228077377,0.0,,
barcelona,link+k50,1,4,20,8,0.8509672122735902,0.8521858484273179,0.001218636153727748,,
barcelona,link+k50,1,4,20,-1,0.8509672122735902,,,8.0,13.0
barcelona,link+k50,1,5,20,3,0.6788316486222997,0.6964954589768587,0.017663810354558995,,
barcelona,link+k50,1,5,20,5,0.786995228077377,0.786995228077377,0.0,,
barcelona,link+k50,1,5,20,8,0.8509672122735902,0.8521858484273179,0.001218636153727748,,
barcelona,link+k50,1,5,20,-1,0.8509672122735902,,,8.0,13.0
barcelona,link+k50,1,6,20,3,0.6788316486222997,0.6964954589768587,0.017663810354558995,,
barcelona,link+k50,1,6,20,5,0.786995228077377,0.786995228077377,0.0,,
barcelona,link+k50,1,6,20,8,0.8509672122735902,0.8521858484273179,0.001218636153727748,,
barcelona,link+k50,1,6,20,-1,0.8509672122735902,,,8.0,13.0
barcelona,link+k50,1,7,20,3,0.6788316486222997,0.6964954589768587,0.017663810354558995,,
barcelona,link+k50,1,7,20,5,0.786995228077377,0.786995228077377,0.0,,
barcelona,link+k50,1,7,20,8,0.8509672122735902,0.8521858484273179,0.001218636153727748,,
barcelona,link+k50,1,7,20,-1,0.8509672122735902,,,8.0,13.0
barcelona,link+k50,1,8,20,3,0.6788316486222997,0.6964954589768587,0.017663810354558995,,
barcelona,link+k50,1,8,20,5,0.786995228077377,0.786995228077377,0.0,,
barcelona,link+k50,1,8,20,8,0.8509672122735902,0.8521858484273179,0.001218636153727748,,
barcelona,link+k50,1,8,20,-1,0.8509672122735902,,,8.0,13.0
barcelona,link+k50,1,9,20,3,0.6788316486222997,0.6964954589768587,0.017663810354558995,,
barcelona,link+k50,1,9,20,5,0.786995228077377,0.786995228077377,0.0,,
barcelona,link+k50,1,9,20,8,0.8509672122735902,0.8521858484273179,0.001218636153727748,,
barcelona,link+k50,1,9,20,-1,0.8509672122735902,,,8.0,13.0
barcelona,link+k50d,1,0,20,3,0.6788316486222997,0.6964954589768587,0.017663810354558995,,
barcelona,link+k50d,1,0,20,5,0.786995228077377,0.786995228077377,0.0,,
barcelona,link+k50d,1,0,20,8,0.8509672122735902,0.8521858484273179,0.001218636153727748,,
barcelona,link+k50d,1,0,20,-1,0.8509672122735902,,,8.0,13.0
barcelona,link,2,0,20,3,0.6788316486222997,0.6964954589768587,0.017663810354558995,,
barcelona,link,2,0,20,5,0.786995228077377,0.786995228077377,0.0,,
barcelona,link,2,0,20,8,0.8509672122735902,0.8521858484273179,0.001218636153727748,,
barcelona,link,2,0,20,-1,0.834945353789317,,,7.0,13.0
barcelona,link,2,0,10,3,0.6788316486222997,0.6964954589768587,0.017663810354558995,,
barcelona,link,2,0,10,5,0.7794012006773051,0.7802350043614347,0.0008338036841295526,,
barcelona,link,2,0,10,8,0.8376520088254913,0.8376520088254913,0.0,,
barcelona,link,2,0,10,-1,0.8442069885576479,,,9.0,
barcelona,link_reg,2,0,20,3,0.6964954589768587,0.6964954589768587,0.0,,
barcelona,link_reg,2,0,20,5,0.6964954589768587,0.786995228077377,0.09049976910051827,,
barcelona,link_reg,2,0,20,8,0.6964954589768587,0.8521858484273179,0.1556903894504592,,
barcelona,link_reg,2,0,20,-1,0.47080404330648057,,,1.0,13.0
barcelona,link_reg,2,0,10,3,0.6964954589768587,0.6964954589768587,0.0,,
barcelona,link_reg,2,0,10,5,0.6964954589768587,0.7802350043614347,0.08373954538457595,,
barcelona,link_reg,2,0,10,8,0.6964954589768587,0.8376520088254913,0.14115654984863257,,
barcelona,link_reg,2,0,10,-1,0.47080404330648057,,,1.0,
barcelona,link+k10,2,0,20,3,0.6788316486222997,0.6964954589768587,0.017663810354558995,,
barcelona,link+k10,2,0,20,5,0.786995228077377,0.786995228077377,0.0,,
barcelona,link+k10,2,0,20,8,0.8509672122735902,0.8521858484273179,0.001218636153727748,,
barcelona,link+k10,2,0,20,-1,0.834945353789317,,,7.0,13.0
barcelona,link+k10,2,1,20,3,0.6788316486222997,0.6964954589768587,0.017663810354558995,,
barcelona,link+k10,2,1,20,5,0.786995228077377,0.786995228077377,0.0,,
barcelona,link+k10,2,1,20,8,0.8509672122735902,0.8521858484273179,0.001218636153727748,,
barcelona,link+k10,2,1,20,-1,0.834945353789317,,,7.0,13.0
barcelona,link+k10,2,2,20,3,0.6788316486222997,0.6964954589768587,0.017663810354558995,,
barcelona,link+k10,2,2,20,5,0.786995228077377,0.786995228077377,0.0,,
barcelona,link+k10,2,2,20,8,0.8509672122735902,0.8521858484273179,0.001218636153727748,,
barcelona,link+k10,2,2,20,-1,0.8509672122735902,,,8.0,13.0
barcelona,link+k10,2,3,20,3,0.6788316486222997,0.6964954589768587,0.017663810354558995,,
barcelona,link+k10,2,3,20,5,0.786995228077377,0.786995228077377,0.0,,
barcelona,link+k10,2,3,20,8,0.8509672122735902,0.8521858484273179,0.001218636153727748,,
barcelona,link+k10,2,3,20,-1,0.834945353789317,,,7.0,13.0
barcelona,link+k10,2,4,20,3,0.6788316486222997,0.6964954589768587,0.017663810354558995,,
barcelona,link+k10,2,4,20,5,0.786995228077377,0.786995228077377,0.0,,
barcelona,link+k10,2,4,20,8,0.8509672122735902,0.8521858484273179,0.001218636153727748,,
barcelona,link+k10,2,4,20,-1,0.8509672122735902,,,8.0,13.0
barcelona,link+k10,2,5,20,3,0.696649391964698,0.6964954589768587,-0.0001539329878392781,,
barcelona,link+k10,2,5,20,5,0.7835060803530196,0.786995228077377,0.0034891477243573776,,
barcelona,link+k10,2,5,20,8,0.8443865770434604,0.8521858484273179,0.007799271383857498,,
barcelona,link+k10,2,5,20,-1,0.8443865770434604,,,8.0,13.0
barcelona,link+k10,2,6,20,3,0.6788316486222997,0.6964954589768587,0.017663810354558995,,
barcelona,link+k10,2,6,20,5,0.786995228077377,0.786995228077377,0.0,,
barcelona,link+k10,2,6,20,8,0.8509672122735902,0.8521858484273179,0.001218636153727748,,
barcelona,link+k10,2,6,20,-1,0.834945353789317,,,7.0,13.0
barcelona,link+k10,2,7,20,3,0.6964954589768587,0.6964954589768587,0.0,,
barcelona,link+k10,2,7,20,5,0.786995228077377,0.786995228077377,0.0,,
barcelona,link+k10,2,7,20,8,0.8509672122735902,0.8521858484273179,0.001218636153727748,,
barcelona,link+k10,2,7,20,-1,0.8509672122735902,,,8.0,13.0
barcelona,link+k10,2,8,20,3,0.6788316486222997,0.6964954589768587,0.017663810354558995,,
barcelona,link+k10,2,8,20,5,0.786995228077377,0.786995228077377,0.0,,
barcelona,link+k10,2,8,20,8,0.8509672122735902,0.8521858484273179,0.001218636153727748,,
barcelona,link+k10,2,8,20,-1,0.834945353789317,,,7.0,13.0
barcelona,link+k10,2,9,20,3,0.6788316486222997,0.6964954589768587,0.017663810354558995,,
barcelona,link+k10,2,9,20,5,0.786995228077377,0.786995228077377,0.0,,
barcelona,link+k10,2,9,20,8,0.8509672122735902,0.8521858484273179,0.001218636153727748,,
barcelona,link+k10,2,9,20,-1,0.8509672122735902,,,8.0,13.0
barcelona,link+k10d,2,0,20,3,0.6788316486222997,0.6964954589768587,0.017663810354558995,,
barcelona,link+k10d,2,0,20,5,0.786995228077377,0.786995228077377,0.0,,
barcelona,link+k10d,2,0,20,8,0.8509672122735902,0.8521858484273179,0.001218636153727748,,
barcelona,link+k10d,2,0,20,-1,0.834945353789317,,,7.0,13.0
barcelona,link+k25,2,0,20,3,0.6788316486222997,0.6964954589768587,0.017663810354558995,,
barcelona,link+k25,2,0,20,5,0.786995228077377,0.786995228077377,0.0,,
barcelona,link+k25,2,0,20,8,0.8509672122735902,0.8521858484273179,0.001218636153727748,,
barcelona,link+k25,2,0,20,-1,0.8509672122735902,,,8.0,13.0
barcelona,link+k25,2,1,20,3,0.6788316486222997,0.6964954589768587,0.017663810354558995,,
barcelona,link+k25,2,1,20,5,0.786995228077377,0.786995228077377,0.0,,
barcelona,link+k25,2,1,20,8,0.8509672122735902,0.8521858484273179,0.001218636153727748,,
barcelona,link+k25,2,1,20,-1,0.8509672122735902,,,8.0,13.0
barcelona,link+k25,2,2,20,3,0.6788316486222997,0.6964954589768587,0.017663810354558995,,
barcelona,link+k25,2,2,20,5,0.786995228077377,0.786995228077377,0.0,,
barcelona,link+k25,2,2,20,8,0.8509672122735902,0.8521858484273179,0.001218636153727748,,
barcelona,link+k25,2,2,20,-1,0.8509672122735902,,,8.0,13.0
barcelona,link+k25,2,3,20,3,0.6788316486222997,0.6964954589768587,0.017663810354558995,,
barcelona,link+k25,2,3,20,5,0.786995228077377,0.786995228077377,0.0,,
barcelona,link+k25,2,3,20,8,0.8509672122735902,0.8521858484273179,0.001218636153727748,,
barcelona,link+k25,2,3,20,-1,0.8509672122735902,,,8.0,13.0
barcelona,link+k25,2,4,20,3,0.6788316486222997,0.6964954589768587,0.017663810354558995,,
barcelona,link+k25,2,4,20,5,0.786995228077377,0.786995228077377,0.0,,
barcelona,link+k25,2,4,20,8,0.8509672122735902,0.8521858484273179,0.001218636153727748,,
barcelona,link+k25,2,4,20,-1,0.8509672122735902,,,8.0,13.0
barcelona,link+k25,2,5,20,3,0.6788316486222997,0.6964954589768587,0.017663810354558995,,
barcelona,link+k25,2,5,20,5,0.786995228077377,0.786995228077377,0.0,,
barcelona,link+k25,2,5,20,8,0.8509672122735902,0.8521858484273179,0.001218636153727748,,
barcelona,link+k25,2,5,20,-1,0.8509672122735902,,,8.0,13.0
barcelona,link+k25,2,6,20,3,0.6788316486222997,0.6964954589768587,0.017663810354558995,,
barcelona,link+k25,2,6,20,5,0.786995228077377,0.786995228077377,0.0,,
barcelona,link+k25,2,6,20,8,0.8509672122735902,0.8521858484273179,0.001218636153727748,,
barcelona,link+k25,2,6,20,-1,0.8509672122735902,,,8.0,13.0
barcelona,link+k25,2,7,20,3,0.6788316486222997,0.6964954589768587,0.017663810354558995,,
barcelona,link+k25,2,7,20,5,0.786995228077377,0.786995228077377,0.0,,
barcelona,link+k25,2,7,20,8,0.8509672122735902,0.8521858484273179,0.001218636153727748,,
barcelona,link+k25,2,7,20,-1,0.8509672122735902,,,8.0,13.0
barcelona,link+k25,2,8,20,3,0.6788316486222997,0.6964954589768587,0.017663810354558995,,
barcelona,link+k25,2,8,20,5,0.786995228077377,0.786995228077377,0.0,,
barcelona,link+k25,2,8,20,8,0.8509672122735902,0.8521858484273179,0.001218636153727748,,
barcelona,link+k25,2,8,20,-1,0.8509672122735902,,,8.0,13.0
barcelona,link+k25,2,9,20,3,0.6788316486222997,0.6964954589768587,0.017663810354558995,,
barcelona,link+k25,2,9,20,5,0.786995228077377,0.786995228077377,0.0,,
barcelona,link+k25,2,9,20,8,0.8509672122735902,0.8521858484273179,0.001218636153727748,,
barcelona,link+k25,2,9,20,-1,0.8509672122735902,,,8.0,13.0
barcelona,link+k25d,2,0,20,3,0.6788316486222997,0.6964954589768587,0.017663810354558995,,
barcelona,link+k25d,2,0,20,5,0.786995228077377,0.786995228077377,0.0,,
barcelona,link+k25d,2,0,20,8,0.8509672122735902,0.8521858484273179,0.001218636153727748,,
barcelona,link+k25d,2,0,20,-1,0.834945353789317,,,7.0,13.0
barcelona,link+k50,2,0,20,3,0.6788316486222997,0.6964954589768587,0.017663810354558995,,
barcelona,link+k50,2,0,20,5,0.786995228077377,0.786995228077377,0.0,,
barcelona,link+k50,2,0,20,8,0.8509672122735902,0.8521858484273179,0.001218636153727748,,
barcelona,link+k50,2,0,20,-1,0.8509672122735902,,,8.0,13.0
barcelona,link+k50,2,1,20,3,0.6788316486222997,0.6964954589768587,0.017663810354558995,,
barcelona,link+k50,2,1,20,5,0.786995228077377,0.786995228077377,0.0,,
barcelona,link+k50,2,1,20,8,0.8509672122735902,0.8521858484273179,0.001218636153727748,,
barcelona,link+k50,2,1,20,-1,0.8509672122735902,,,8.0,13.0
barcelona,link+k50,2,2,20,3,0.6788316486222997,0.6964954589768587,0.017663810354558995,,
barcelona,link+k50,2,2,20,5,0.786995228077377,0.786995228077377,0.0,,
barcelona,link+k50,2,2,20,8,0.8509672122735902,0.8521858484273179,0.001218636153727748,,
barcelona,link+k50,2,2,20,-1,0.8509672122735902,,,8.0,13.0
barcelona,link+k50,2,3,20,3,0.6788316486222997,0.6964954589768587,0.017663810354558995,,
barcelona,link+k50,2,3,20,5,0.786995228077377,0.786995228077377,0.0,,
barcelona,link+k50,2,3,20,8,0.8509672122735902,0.8521858484273179,0.001218636153727748,,
barcelona,link+k50,2,3,20,-1,0.8509672122735902,,,8.0,13.0
barcelona,link+k50,2,4,20,3,0.6788316486222997,0.6964954589768587,0.017663810354558995,,
barcelona,link+k50,2,4,20,5,0.786995228077377,0.786995228077377,0.0,,
barcelona,link+k50,2,4,20,8,0.8509672122735902,0.8521858484273179,0.001218636153727748,,
barcelona,link+k50,2,4,20,-1,0.8509672122735902,,,8.0,13.0
barcelona,link+k50,2,5,20,3,0.6788316486222997,0.6964954589768587,0.017663810354558995,,
barcelona,link+k50,2,5,20,5,0.786995228077377,0.786995228077377,0.0,,
barcelona,link+k50,2,5,20,8,0.8509672122735902,0.8521858484273179,0.001218636153727748,,
barcelona,link+k50,2,5,20,-1,0.8509672122735902,,,8.0,13.0
barcelona,link+k50,2,6,20,3,0.6788316486222997,0.6964954589768587,0.017663810354558995,,
barcelona,link+k50,2,6,20,5,0.786995228077377,0.786995228077377,0.0,,
barcelona,link+k50,2,6,20,8,0.8509672122735902,0.8521858484273179,0.001218636153727748,,
barcelona,link+k50,2,6,20,-1,0.8509672122735902,,,8.0,13.0
barcelona,link+k50,2,7,20,3,0.6788316486222997,0.6964954589768587,0.017663810354558995,,
barcelona,link+k50,2,7,20,5,0.786995228077377,0.786995228077377,0.0,,
barcelona,link+k50,2,7,20,8,0.8509672122735902,0.8521858484273179,0.001218636153727748,,
barcelona,link+k50,2,7,20,-1,0.8509672122735902,,,8.0,13.0
barcelona,link+k50,2,8,20,3,0.6788316486222997,0.6964954589768587,0.017663810354558995,,
barcelona,link+k50,2,8,20,5,0.786995228077377,0.786995228077377,0.0,,
barcelona,link+k50,2,8,20,8,0.8509672122735902,0.8521858484273179,0.001218636153727748,,
barcelona,link+k50,2,8,20,-1,0.8509672122735902,,,8.0,13.0
barcelona,link+k50,2,9,20,3,0.6788316486222997,0.6964954589768587,0.017663810354558995,,
barcelona,link+k50,2,9,20,5,0.786995228077377,0.786995228077377,0.0,,
barcelona,link+k50,2,9,20,8,0.8509672122735902,0.8521858484273179,0.001218636153727748,,
barcelona,link+k50,2,9,20,-1,0.8509672122735902,,,8.0,13.0
barcelona,link+k50d,2,0,20,3,0.6788316486222997,0.6964954589768587,0.017663810354558995,,
barcelona,link+k50d,2,0,20,5,0.786995228077377,0.786995228077377,0.0,,
barcelona,link+k50d,2,0,20,8,0.8509672122735902,0.8521858484273179,0.001218636153727748,,
barcelona,link+k50d,2,0,20,-1,0.834945353789317,,,7.0,13.0
barcelona,link,3,0,20,3,0.696649391964698,0.6964954589768587,-0.0001539329878392781,,
barcelona,link,3,0,20,5,0.7835060803530196,0.786995228077377,0.0034891477243573776,,
barcelona,link,3,0,20,8,0.8451562419826569,0.8521858484273179,0.007029606444660996,,
barcelona,link,3,0,20,-1,0.8288008620247319,,,7.0,13.0
barcelona,link,3,0,10,3,0.696649391964698,0.6964954589768587,-0.0001539329878392781,,
barcelona,link,3,0,10,5,0.7794012006773051,0.7802350043614347,0.0008338036841295526,,
barcelona,link,3,0,10,8,0.8376520088254913,0.8376520088254913,0.0,,
barcelona,link,3,0,10,-1,0.8442069885576479,,,9.0,
barcelona,link_reg,3,0,20,3,0.6964954589768587,0.6964954589768587,0.0,,
barcelona,link_reg,3,0,20,5,0.7794012006773051,0.786995228077377,0.007594027400071868,,
barcelona,link_reg,3,0,20,8,0.7794012006773051,0.8521858484273179,0.07278464775001281,,
barcelona,link_reg,3,0,20,-1,0.47080404330648057,,,1.0,13.0
barcelona,link_reg,3,0,10,3,0.6964954589768587,0.6964954589768587,0.0,,
barcelona,link_reg,3,0,10,5,0.7794012006773051,0.7802350043614347,0.0008338036841295526,,
barcelona,link_reg,3,0,10,8,0.7794012006773051,0.8376520088254913,0.05825080814818617,,
barcelona,link_reg,3,0,10,-1,0.47080404330648057,,,1.0,
barcelona,link+k10,3,0,20,3,0.696649391964698,0.6964954589768587,-0.0001539329878392781,,
barcelona,link+k10,3,0,20,5,0.7835060803530196,0.786995228077377,0.0034891477243573776,,
barcelona,link+k10,3,0,20,8,0.8451562419826569,0.8521858484273179,0.007029606444660996,,
barcelona,link+k10,3,0,20,-1,0.8451562419826569,,,8.0,13.0
barcelona,link+k10,3,1,20,3,0.696649391964698,0.6964954589768587,-0.0001539329878392781,,
barcelona,link+k10,3,1,20,5,0.7835060803530196,0.786995228077377,0.0034891477243573776,,
barcelona,link+k10,3,1,20,8,0.8451562419826569,0.8521858484273179,0.007029606444660996,,
barcelona,link+k10,3,1,20,-1,0.8288008620247319,,,7.0,13.0
barcelona,link+k10,3,2,20,3,0.696649391964698,0.6964954589768587,-0.0001539329878392781,,
barcelona,link+k10,3,2,20,5,0.7835060803530196,0.786995228077377,0.0034891477243573776,,
barcelona,link+k10,3,2,20,8,0.8451562419826569,0.8521858484273179,0.007029606444660996,,
barcelona,link+k10,3,2,20,-1,0.8451562419826569,,,8.0,13.0
barcelona,link+k10,3,3,20,3,0.696649391964698,0.6964954589768587,-0.0001539329878392781,,
barcelona,link+k10,3,3,20,5,0.7835060803530196,0.786995228077377,0.0034891477243573776,,
barcelona,link+k10,3,3,20,8,0.8451562419826569,0.8521858484273179,0.007029606444660996,,
barcelona,link+k10,3,3,20,-1,0.8288008620247319,,,7.0,13.0
barcelona,link+k10,3,4,20,3,0.696649391964698,0.6964954589768587,-0.0001539329878392781,,
barcelona,link+k10,3,4,20,5,0.7835060803530196,0.786995228077377,0.0034891477243573776,,
barcelona,link+k10,3,4,20,8,0.8451562419826569,0.8521858484273179,0.007029606444660996,,
barcelona,link+k10,3,4,20,-1,0.8451562419826569,,,8.0,13.0
barcelona,link+k10,3,5,20,3,0.696649391964698,0.6964954589768587,-0.0001539329878392781,,
barcelona,link+k10,3,5,20,5,0.7835060803530196,0.786995228077377,0.0034891477243573776,,
barcelona,link+k10,3,5,20,8,0.8451562419826569,0.8521858484273179,0.007029606444660996,,
barcelona,link+k10,3,5,20,-1,0.8451562419826569,,,8.0,13.0
barcelona,link+k10,3,6,20,3,0.696649391964698,0.6964954589768587,-0.0001539329878392781,,
barcelona,link+k10,3,6,20,5,0.7835060803530196,0.786995228077377,0.0034891477243573776,,
barcelona,link+k10,3,6,20,8,0.8451562419826569,0.8521858484273179,0.007029606444660996,,
barcelona,link+k10,3,6,20,-1,0.8288008620247319,,,7.0,13.0
barcelona,link+k10,3,7,20,3,0.696649391964698,0.6964954589768587,-0.0001539329878392781,,
barcelona,link+k10,3,7,20,5,0.7835060803530196,0.786995228077377,0.0034891477243573776,,
barcelona,link+k10,3,7,20,8,0.8443865770434604,0.8521858484273179,0.007799271383857498,,
barcelona,link+k10,3,7,20,-1,0.8443865770434604,,,8.0,13.0
barcelona,link+k10,3,8,20,3,0.696649391964698,0.6964954589768587,-0.0001539329878392781,,
barcelona,link+k10,3,8,20,5,0.7835060803530196,0.786995228077377,0.0034891477243573776,,
barcelona,link+k10,3,8,20,8,0.8451562419826569,0.8521858484273179,0.007029606444660996,,
barcelona,link+k10,3,8,20,-1,0.8288008620247319,,,7.0,13.0
barcelona,link+k10,3,9,20,3,0.696649391964698,0.6964954589768587,-0.0001539329878392781,,
barcelona,link+k10,3,9,20,5,0.7835060803530196,0.786995228077377,0.0034891477243573776,,
barcelona,link+k10,3,9,20,8,0.8451562419826569,0.8521858484273179,0.007029606444660996,,
barcelona,link+k10,3,9,20,-1,0.8451562419826569,,,8.0,13.0
barcelona,link+k10d,3,0,20,3,0.696649391964698,0.6964954589768587,-0.0001539329878392781,,
barcelona,link+k10d,3,0,20,5,0.7835060803530196,0.786995228077377,0.0034891477243573776,,
barcelona,link+k10d,3,0,20,8,0.8451562419826569,0.8521858484273179,0.007029606444660996,,
barcelona,link+k10d,3,0,20,-1,0.8288008620247319,,,7.0,13.0
barcelona,link+k25,3,0,20,3,0.696649391964698,0.6964954589768587,-0.0001539329878392781,,
barcelona,link+k25,3,0,20,5,0.7835060803530196,0.786995228077377,0.0034891477243573776,,
barcelona,link+k25,3,0,20,8,0.8451562419826569,0.8521858484273179,0.007029606444660996,,
barcelona,link+k25,3,0,20,-1,0.8451562419826569,,,8.0,13.0
barcelona,link+k25,3,1,20,3,0.696649391964698,0.6964954589768587,-0.0001539329878392781,,
barcelona,link+k25,3,1,20,5,0.7835060803530196,0.786995228077377,0.0034891477243573776,,
barcelona,link+k25,3,1,20,8,0.8451562419826569,0.8521858484273179,0.007029606444660996,,
barcelona,link+k25,3,1,20,-1,0.8451562419826569,,,8.0,13.0
barcelona,link+k25,3,2,20,3,0.696649391964698,0.6964954589768587,-0.0001539329878392781,,
barcelona,link+k25,3,2,20,5,0.7835060803530196,0.786995228077377,0.0034891477243573776,,
barcelona,link+k25,3,2,20,8,0.8451562419826569,0.8521858484273179,0.007029606444660996,,
barcelona,link+k25,3,2,20,-1,0.8451562419826569,,,8.0,13.0
barcelona,link+k25,3,3,20,3,0.696649391964698,0.6964954589768587,-0.0001539329878392781,,
barcelona,link+k25,3,3,20,5,0.7835060803530196,0.786995228077377,0.0034891477243573776,,
barcelona,link+k25,3,3,20,8,0.8451562419826569,0.8521858484273179,0.007029606444660996,,
barcelona,link+k25,3,3,20,-1,0.8451562419826569,,,8.0,13.0
barcelona,link+k25,3,4,20,3,0.696649391964698,0.6964954589768587,-0.0001539329878392781,,
barcelona,link+k25,3,4,20,5,0.7835060803530196,0.786995228077377,0.0034891477243573776,,
barcelona,link+k25,3,4,20,8,0.8451562419826569,0.8521858484273179,0.007029606444660996,,
barcelona,link+k25,3,4,20,-1,0.8451562419826569,,,8.0,13.0
barcelona,link+k25,3,5,20,3,0.696649391964698,0.6964954589768587,-0.0001539329878392781,,
barcelona,link+k25,3,5,20,5,0.7835060803530196,0.786995228077377,0.0034891477243573776,,
barcelona,link+k25,3,5,20,8,0.8451562419826569,0.8521858484273179,0.007029606444660996,,
barcelona,link+k25,3,5,20,-1,0.8451562419826569,,,8.0,13.0
barcelona,link+k25,3,6,20,3,0.696649391964698,0.6964954589768587,-0.0001539329878392781,,
barcelona,link+k25,3,6,20,5,0.7835060803530196,0.786995228077377,0.0034891477243573776,,
barcelona,link+k25,3,6,20,8,0.8451562419826569,0.8521858484273179,0.007029606444660996,,
barcelona,link+k25,3,6,20,-1,0.8451562419826569,,,8.0,13.0
barcelona,link+k25,3,7,20,3,0.696649391964698,0.6964954589768587,-0.0001539329878392781,,
barcelona,link+k25,3,7,20,5,0.7835060803530196,0.786995228077377,0.0034891477243573776,,
barcelona,link+k25,3,7,20,8,0.8451562419826569,0.8521858484273179,0.007029606444660996,,
barcelona,link+k25,3,7,20,-1,0.8451562419826569,,,8.0,13.0
barcelona,link+k25,3,8,20,3,0.696649391964698,0.6964954589768587,-0.0001539329878392781,,
barcelona,link+k25,3,8,20,5,0.7835060803530196,0.786995228077377,0.0034891477243573776,,
barcelona,link+k25,3,8,20,8,0.8451562419826569,0.8521858484273179,0.007029606444660996,,
barcelona,link+k25,3,8,20,-1,0.8451562419826569,,,8.0,13.0
barcelona,link+k25,3,9,20,3,0.696649391964698,0.6964954589768587,-0.0001539329878392781,,
barcelona,link+k25,3,9,20,5,0.7835060803530196,0.786995228077377,0.0034891477243573776,,
barcelona,link+k25,3,9,20,8,0.8451562419826569,0.8521858484273179,0.007029606444660996,,
barcelona,link+k25,3,9,20,-1,0.8451562419826569,,,8.0,13.0
barcelona,link+k25d,3,0,20,3,0.696649391964698,0.6964954589768587,-0.0001539329878392781,,
barcelona,link+k25d,3,0,20,5,0.7835060803530196,0.786995228077377,0.0034891477243573776,,
barcelona,link+k25d,3,0,20,8,0.8451562419826569,0.8521858484273179,0.007029606444660996,,
barcelona,link+k25d,3,0,20,-1,0.8288008620247319,,,7.0,13.0
barcelona,link+k50,3,0,20,3,0.696649391964698,0.6964954589768587,-0.0001539329878392781,,
barcelona,link+k50,3,0,20,5,0.7835060803530196,0.786995228077377,0.0034891477243573776,,
barcelona,link+k50,3,0,20,8,0.8451562419826569,0.8521858484273179,0.007029606444660996,,
barcelona,link+k50,3,0,20,-1,0.8451562419826569,,,8.0,13.0
barcelona,link+k50,3,1,20,3,0.696649391964698,0.6964954589768587,-0.0001539329878392781,,
barcelona,link+k50,3,1,20,5,0.7835060803530196,0.786995228077377,0.0034891477243573776,,
barcelona,link+k50,3,1,20,8,0.8451562419826569,0.8521858484273179,0.007029606444660996,,
barcelona,link+k50,3,1,20,-1,0.8451562419826569,,,8.0,13.0
barcelona,link+k50,3,2,20,3,0.696649391964698,0.6964954589768587,-0.0001539329878392781,,
barcelona,link+k50,3,2,20,5,0.7835060803530196,0.786995228077377,0.0034891477243573776,,
barcelona,link+k50,3,2,20,8,0.8451562419826569,0.8521858484273179,0.007029606444660996,,
barcelona,link+k50,3,2,20,-1,0.8451562419826569,,,8.0,13.0
barcelona,link+k50,3,3,20,3,0.696649391964698,0.6964954589768587,-0.0001539329878392781,,
barcelona,link+k50,3,3,20,5,0.7835060803530196,0.786995228077377,0.0034891477243573776,,
barcelona,link+k50,3,3,20,8,0.8451562419826569,0.8521858484273179,0.007029606444660996,,
barcelona,link+k50,3,3,20,-1,0.8451562419826569,,,8.0,13.0
barcelona,link+k50,3,4,20,3,0.696649391964698,0.6964954589768587,-0.0001539329878392781,,
barcelona,link+k50,3,4,20,5,0.7835060803530196,0.786995228077377,0.0034891477243573776,,
barcelona,link+k50,3,4,20,8,0.8451562419826569,0.8521858484273179,0.007029606444660996,,
barcelona,link+k50,3,4,20,-1,0.8451562419826569,,,8.0,13.0
barcelona,link+k50,3,5,20,3,0.696649391964698,0.6964954589768587,-0.0001539329878392781,,
barcelona,link+k50,3,5,20,5,0.7835060803530196,0.786995228077377,0.0034891477243573776,,
barcelona,link+k50,3,5,20,8,0.8451562419826569,0.8521858484273179,0.007029606444660996,,
barcelona,link+k50,3,5,20,-1,0.8451562419826569,,,8.0,13.0
barcelona,link+k50,3,6,20,3,0.696649391964698,0.6964954589768587,-0.0001539329878392781,,
barcelona,link+k50,3,6,20,5,0.7835060803530196,0.786995228077377,0.0034891477243573776,,
barcelona,link+k50,3,6,20,8,0.8451562419826569,0.8521858484273179,0.007029606444660996,,
barcelona,link+k50,3,6,20,-1,0.8451562419826569,,,8.0,13.0
barcelona,link+k50,3,7,20,3,0.696649391964698,0.6964954589768587,-0.0001539329878392781,,
barcelona,link+k50,3,7,20,5,0.7835060803530196,0.786995228077377,0.0034891477243573776,,
barcelona,link+k50,3,7,20,8,0.8451562419826569,0.8521858484273179,0.007029606444660996,,
barcelona,link+k50,3,7,20,-1,0.8451562419826569,,,8.0,13.0
barcelona,link+k50,3,8,20,3,0.696649391964698,0.6964954589768587,-0.0001539329878392781,,
barcelona,link+k50,3,8,20,5,0.7835060803530196,0.786995228077377,0.0034891477243573776,,
barcelona,link+k50,3,8,20,8,0.8443865770434604,0.8521858484273179,0.007799271383857498,,
barcelona,link+k50,3,8,20,-1,0.8443865770434604,,,8.0,13.0
barcelona,link+k50,3,9,20,3,0.696649391964698,0.6964954589768587,-0.0001539329878392781,,
barcelona,link+k50,3,9,20,5,0.7835060803530196,0.786995228077377,0.0034891477243573776,,
barcelona,link+k50,3,9,20,8,0.8451562419826569,0.8521858484273179,0.007029606444660996,,
barcelona,link+k50,3,9,20,-1,0.8451562419826569,,,8.0,13.0
barcelona,link+k50d,3,0,20,3,0.696649391964698,0.6964954589768587,-0.0001539329878392781,,
barcelona,link+k50d,3,0,20,5,0.7835060803530196,0.786995228077377,0.0034891477243573776,,
barcelona,link+k50d,3,0,20,8,0.8451562419826569,0.8521858484273179,0.007029606444660996,,
barcelona,link+k50d,3,0,20,-1,0.8288008620247319,,,7.0,13.0
barcelona,link,4,0,20,3,0.6788316486222997,0.6964954589768587,0.017663810354558995,,
barcelona,link,4,0,20,5,0.786995228077377,0.786995228077377,0.0,,
barcelona,link,4,0,20,8,0.8509672122735902,0.8521858484273179,0.001218636153727748,,
barcelona,link,4,0,20,-1,0.834945353789317,,,7.0,13.0
barcelona,link,4,0,10,3,0.6788316486222997,0.6964954589768587,0.017663810354558995,,
barcelona,link,4,0,10,5,0.7794012006773051,0.7802350043614347,0.0008338036841295526,,
barcelona,link,4,0,10,8,0.8341115501051876,0.8376520088254913,0.0035404587203037297,,
barcelona,link,4,0,10,-1,0.8341115501051876,,,8.0,
barcelona,link_reg,4,0,20,3,0.6828980450510544,0.6964954589768587,0.01359741392580427,,
barcelona,link_reg,4,0,20,5,0.7441377187131202,0.786995228077377,0.04285750936425681,,
barcelona,link_reg,4,0,20,8,0.7520396120888706,0.8521858484273179,0.10014623633844733,,
barcelona,link_reg,4,0,20,-1,0.47080404330648057,,,1.0,13.0
barcelona,link_reg,4,0,10,3,0.6828980450510544,0.6964954589768587,0.01359741392580427,,
barcelona,link_reg,4,0,10,5,0.7719739340140592,0.7802350043614347,0.008261070347375443,,
barcelona,link_reg,4,0,10,8,0.8042870337113244,0.8376520088254913,0.03336497511416692,,
barcelona,link_reg,4,0,10,-1,0.47080404330648057,,,1.0,
barcelona,link+k10,4,0,20,3,0.6788316486222997,0.6964954589768587,0.017663810354558995,,
barcelona,link+k10,4,0,20,5,0.786995228077377,0.786995228077377,0.0,,
barcelona,link+k10,4,0,20,8,0.8509672122735902,0.8521858484273179,0.001218636153727748,,
barcelona,link+k10,4,0,20,-1,0.834945353789317,,,7.0,13.0
barcelona,link+k10,4,1,20,3,0.6788316486222997,0.6964954589768587,0.017663810354558995,,
barcelona,link+k10,4,1,20,5,0.786995228077377,0.786995228077377,0.0,,
barcelona,link+k10,4,1,20,8,0.8509672122735902,0.8521858484273179,0.001218636153727748,,
barcelona,link+k10,4,1,20,-1,0.834945353789317,,,7.0,13.0
barcelona,link+k10,4,2,20,3,0.696649391964698,0.6964954589768587,-0.0001539329878392781,,
barcelona,link+k10,4,2,20,5,0.7835060803530196,0.786995228077377,0.0034891477243573776,,
barcelona,link+k10,4,2,20,8,0.8451562419826569,0.8521858484273179,0.007029606444660996,,
barcelona,link+k10,4,2,20,-1,0.8288008620247319,,,7.0,13.0
barcelona,link+k10,4,3,20,3,0.6788316486222997,0.6964954589768587,0.017663810354558995,,
barcelona,link+k10,4,3,20,5,0.786995228077377,0.786995228077377,0.0,,
barcelona,link+k10,4,3,20,8,0.8509672122735902,0.8521858484273179,0.001218636153727748,,
barcelona,link+k10,4,3,20,-1,0.834945353789317,,,7.0,13.0
barcelona,link+k10,4,4,20,3,0.6788316486222997,0.6964954589768587,0.017663810354558995,,
barcelona,link+k10,4,4,20,5,0.786995228077377,0.786995228077377,0.0,,
barcelona,link+k10,4,4,20,8,0.8509672122735902,0.8521858484273179,0.001218636153727748,,
barcelona,link+k10,4,4,20,-1,0.834945353789317,,,7.0,13.0
barcelona,link+k10,4,5,20,3,0.696649391964698,0.6964954589768587,-0.0001539329878392781,,
barcelona,link+k10,4,5,20,5,0.7835060803530196,0.786995228077377,0.0034891477243573776,,
barcelona,link+k10,4,5,20,8,0.8451562419826569,0.8521858484273179,0.007029606444660996,,
barcelona,link+k10,4,5,20,-1,0.8288008620247319,,,7.0,13.0
barcelona,link+k10,4,6,20,3,0.6788316486222997,0.6964954589768587,0.017663810354558995,,
barcelona,link+k10,4,6,20,5,0.786995228077377,0.786995228077377,0.0,,
barcelona,link+k10,4,6,20,8,0.8509672122735902,0.8521858484273179,0.001218636153727748,,
barcelona,link+k10,4,6,20,-1,0.834945353789317,,,7.0,13.0
barcelona,link+k10,4,7,20,3,0.6964954589768587,0.6964954589768587,0.0,,
barcelona,link+k10,4,7,20,5,0.786995228077377,0.786995228077377,0.0,,
barcelona,link+k10,4,7,20,8,0.8509672122735902,0.8521858484273179,0.001218636153727748,,
barcelona,link+k10,4,7,20,-1,0.8509672122735902,,,8.0,13.0
barcelona,link+k10,4,8,20,3,0.6788316486222997,0.6964954589768587,0.017663810354558995,,
barcelona,link+k10,4,8,20,5,0.786995228077377,0.786995228077377,0.0,,
barcelona,link+k10,4,8,20,8,0.8509672122735902,0.8521858484273179,0.001218636153727748,,
barcelona,link+k10,4,8,20,-1,0.834945353789317,,,7.0,13.0
barcelona,link+k10,4,9,20,3,0.6788316486222997,0.6964954589768587,0.017663810354558995,,
barcelona,link+k10,4,9,20,5,0.786995228077377,0.786995228077377,0.0,,
barcelona,link+k10,4,9,20,8,0.8509672122735902,0.8521858484273179,0.001218636153727748,,
barcelona,link+k10,4,9,20,-1,0.834945353789317,,,7.0,13.0
barcelona,link+k10d,4,0,20,3,0.696649391964698,0.6964954589768587,-0.0001539329878392781,,
barcelona,link+k10d,4,0,20,5,0.7835060803530196,0.786995228077377,0.0034891477243573776,,
barcelona,link+k10d,4,0,20,8,0.8451562419826569,0.8521858484273179,0.007029606444660996,,
barcelona,link+k10d,4,0,20,-1,0.8288008620247319,,,7.0,13.0
barcelona,link+k25,4,0,20,3,0.6788316486222997,0.6964954589768587,0.017663810354558995,,
barcelona,link+k25,4,0,20,5,0.786995228077377,0.786995228077377,0.0,,
barcelona,link+k25,4,0,20,8,0.8509672122735902,0.8521858484273179,0.001218636153727748,,
barcelona,link+k25,4,0,20,-1,0.834945353789317,,,7.0,13.0
barcelona,link+k25,4,1,20,3,0.696649391964698,0.6964954589768587,-0.0001539329878392781,,
barcelona,link+k25,4,1,20,5,0.7835060803530196,0.786995228077377,0.0034891477243573776,,
barcelona,link+k25,4,1,20,8,0.8451562419826569,0.8521858484273179,0.007029606444660996,,
barcelona,link+k25,4,1,20,-1,0.8288008620247319,,,7.0,13.0
barcelona,link+k25,4,2,20,3,0.696649391964698,0.6964954589768587,-0.0001539329878392781,,
barcelona,link+k25,4,2,20,5,0.7835060803530196,0.786995228077377,0.0034891477243573776,,
barcelona,link+k25,4,2,20,8,0.8451562419826569,0.8521858484273179,0.007029606444660996,,
barcelona,link+k25,4,2,20,-1,0.8288008620247319,,,7.0,13.0
barcelona,link+k25,4,3,20,3,0.696649391964698,0.6964954589768587,-0.0001539329878392781,,
barcelona,link+k25,4,3,20,5,0.7835060803530196,0.786995228077377,0.0034891477243573776,,
barcelona,link+k25,4,3,20,8,0.8451562419826569,0.8521858484273179,0.007029606444660996,,
barcelona,link+k25,4,3,20,-1,0.8288008620247319,,,7.0,13.0
barcelona,link+k25,4,4,20,3,0.6788316486222997,0.6964954589768587,0.017663810354558995,,
barcelona,link+k25,4,4,20,5,0.786995228077377,0.786995228077377,0.0,,
barcelona,link+k25,4,4,20,8,0.8509672122735902,0.8521858484273179,0.001218636153727748,,
barcelona,link+k25,4,4,20,-1,0.834945353789317,,,7.0,13.0
barcelona,link+k25,4,5,20,3,0.696649391964698,0.6964954589768587,-0.0001539329878392781,,
barcelona,link+k25,4,5,20,5,0.7835060803530196,0.786995228077377,0.0034891477243573776,,
barcelona,link+k25,4,5,20,8,0.8451562419826569,0.8521858484273179,0.007029606444660996,,
barcelona,link+k25,4,5,20,-1,0.8288008620247319,,,7.0,13.0
barcelona,link+k25,4,6,20,3,0.6788316486222997,0.6964954589768587,0.017663810354558995,,
barcelona,link+k25,4,6,20,5,0.786995228077377,0.786995228077377,0.0,,
barcelona,link+k25,4,6,20,8,0.8509672122735902,0.8521858484273179,0.001218636153727748,,
barcelona,link+k25,4,6,20,-1,0.834945353789317,,,7.0,13.0
barcelona,link+k25,4,7,20,3,0.6788316486222997,0.6964954589768587,0.017663810354558995,,
barcelona,link+k25,4,7,20,5,0.786995228077377,0.786995228077377,0.0,,
barcelona,link+k25,4,7,20,8,0.8509672122735902,0.8521858484273179,0.001218636153727748,,
barcelona,link+k25,4,7,20,-1,0.834945353789317,,,7.0,13.0
barcelona,link+k25,4,8,20,3,0.6788316486222997,0.6964954589768587,0.017663810354558995,,
barcelona,link+k25,4,8,20,5,0.786995228077377,0.786995228077377,0.0,,
barcelona,link+k25,4,8,20,8,0.8509672122735902,0.8521858484273179,0.001218636153727748,,
barcelona,link+k25,4,8,20,-1,0.834945353789317,,,7.0,13.0
barcelona,link+k25,4,9,20,3,0.6788316486222997,0.6964954589768587,0.017663810354558995,,
barcelona,link+k25,4,9,20,5,0.786995228077377,0.786995228077377,0.0,,
barcelona,link+k25,4,9,20,8,0.8509672122735902,0.8521858484273179,0.001218636153727748,,
barcelona,link+k25,4,9,20,-1,0.834945353789317,,,7.0,13.0
barcelona,link+k25d,4,0,20,3,0.6788316486222997,0.6964954589768587,0.017663810354558995,,
barcelona,link+k25d,4,0,20,5,0.786995228077377,0.786995228077377,0.0,,
barcelona,link+k25d,4,0,20,8,0.8509672122735902,0.8521858484273179,0.001218636153727748,,
barcelona,link+k25d,4,0,20,-1,0.834945353789317,,,7.0,13.0
barcelona,link+k50,4,0,20,3,0.696649391964698,0.6964954589768587,-0.0001539329878392781,,
barcelona,link+k50,4,0,20,5,0.7835060803530196,0.786995228077377,0.0034891477243573776,,
barcelona,link+k50,4,0,20,8,0.8451562419826569,0.8521858484273179,0.007029606444660996,,
barcelona,link+k50,4,0,20,-1,0.8451562419826569,,,8.0,13.0
barcelona,link+k50,4,1,20,3,0.6788316486222997,0.6964954589768587,0.017663810354558995,,
barcelona,link+k50,4,1,20,5,0.786995228077377,0.786995228077377,0.0,,
barcelona,link+k50,4,1,20,8,0.8509672122735902,0.8521858484273179,0.001218636153727748,,
barcelona,link+k50,4,1,20,-1,0.834945353789317,,,7.0,13.0
barcelona,link+k50,4,2,20,3,0.696649391964698,0.6964954589768587,-0.0001539329878392781,,
barcelona,link+k50,4,2,20,5,0.7835060803530196,0.786995228077377,0.0034891477243573776,,
barcelona,link+k50,4,2,20,8,0.8451562419826569,0.8521858484273179,0.007029606444660996,,
barcelona,link+k50,4,2,20,-1,0.8451562419826569,,,8.0,13.0
barcelona,link+k50,4,3,20,3,0.696649391964698,0.6964954589768587,-0.0001539329878392781,,
barcelona,link+k50,4,3,20,5,0.7835060803530196,0.786995228077377,0.0034891477243573776,,
barcelona,link+k50,4,3,20,8,0.8467340551080097,0.8521858484273179,0.005451793319308229,,
barcelona,link+k50,4,3,20,-1,0.8467340551080097,,,8.0,13.0
barcelona,link+k50,4,4,20,3,0.696649391964698,0.6964954589768587,-0.0001539329878392781,,
barcelona,link+k50,4,4,20,5,0.7835060803530196,0.786995228077377,0.0034891477243573776,,
barcelona,link+k50,4,4,20,8,0.8451562419826569,0.8521858484273179,0.007029606444660996,,
barcelona,link+k50,4,4,20,-1,0.8288008620247319,,,7.0,13.0
barcelona,link+k50,4,5,20,3,0.6788316486222997,0.6964954589768587,0.017663810354558995,,
barcelona,link+k50,4,5,20,5,0.786995228077377,0.786995228077377,0.0,,
barcelona,link+k50,4,5,20,8,0.8509672122735902,0.8521858484273179,0.001218636153727748,,
barcelona,link+k50,4,5,20,-1,0.834945353789317,,,7.0,13.0
barcelona,link+k50,4,6,20,3,0.6788316486222997,0.6964954589768587,0.017663810354558995,,
barcelona,link+k50,4,6,20,5,0.786995228077377,0.786995228077377,0.0,,
barcelona,link+k50,4,6,20,8,0.8509672122735902,0.8521858484273179,0.001218636153727748,,
barcelona,link+k50,4,6,20,-1,0.834945353789317,,,7.0,13.0
barcelona,link+k50,4,7,20,3,0.6788316486222997,0.6964954589768587,0.017663810354558995,,
barcelona,link+k50,4,7,20,5,0.786995228077377,0.786995228077377,0.0,,
barcelona,link+k50,4,7,20,8,0.8509672122735902,0.8521858484273179,0.001218636153727748,,
barcelona,link+k50,4,7,20,-1,0.834945353789317,,,7.0,13.0
barcelona,link+k50,4,8,20,3,0.6788316486222997,0.6964954589768587,0.017663810354558995,,
barcelona,link+k50,4,8,20,5,0.786995228077377,0.786995228077377,0.0,,
barcelona,link+k50,4,8,20,8,0.8509672122735902,0.8521858484273179,0.001218636153727748,,
barcelona,link+k50,4,8,20,-1,0.8509672122735902,,,8.0,13.0
barcelona,link+k50,4,9,20,3,0.696649391964698,0.6964954589768587,-0.0001539329878392781,,
barcelona,link+k50,4,9,20,5,0.7835060803530196,0.786995228077377,0.0034891477243573776,,
barcelona,link+k50,4,9,20,8,0.8451562419826569,0.8521858484273179,0.007029606444660996,,
barcelona,link+k50,4,9,20,-1,0.8451562419826569,,,8.0,13.0
barcelona,link+k50d,4,0,20,3,0.6788316486222997,0.6964954589768587,0.017663810354558995,,
barcelona,link+k50d,4,0,20,5,0.786995228077377,0.786995228077377,0.0,,
barcelona,link+k50d,4,0,20,8,0.8509672122735902,0.8521858484273179,0.001218636153727748,,
barcelona,link+k50d,4,0,20,-1,0.834945353789317,,,7.0,13.0
berlin,link,0,0,20,3,0.9239075644371758,0.9311998028519262,0.007292238414750352,,
berlin,link,0,0,20,5,0.952460430365284,0.9567954476717485,0.0043350173064644615,,
berlin,link,0,0,20,8,0.9686579368902132,0.9711222878137847,0.0024643509235715566,,
berlin,link,0,0,20,-1,0.6842382355247387,,,1.0,3.0
berlin,link,0,0,10,3,0.9239075644371758,0.9311998028519262,0.007292238414750352,,
berlin,link,0,0,10,5,0.9507017799334625,0.9567954476717485,0.006093667738286013,,
berlin,link,0,0,10,8,0.968176268300606,0.9695092581183561,0.0013329898177500965,,
berlin,link,0,0,10,-1,0.6842382355247387,,,1.0,3.0
berlin,link_reg,0,0,20,3,0.8676083474286739,0.9311998028519262,0.06359145542325229,,
berlin,link_reg,0,0,20,5,0.8676083474286739,0.9567954476717485,0.08918710024307464,,
berlin,link_reg,0,0,20,8,0.8676083474286739,0.9711222878137847,0.10351394038511086,,
berlin,link_reg,0,0,20,-1,0.6842382355247387,,,1.0,3.0
berlin,link_reg,0,0,10,3,0.8676083474286739,0.9311998028519262,0.06359145542325229,,
berlin,link_reg,0,0,10,5,0.8676083474286739,0.9567954476717485,0.08918710024307464,,
berlin,link_reg,0,0,10,8,0.8676083474286739,0.9695092581183561,0.10190091068968221,,
berlin,link_reg,0,0,10,-1,0.6842382355247387,,,1.0,3.0
berlin,link+k10,0,0,20,3,0.9239075644371758,0.9311998028519262,0.007292238414750352,,
berlin,link+k10,0,0,20,5,0.9492791773548553,0.9567954476717485,0.00751627031689317,,
berlin,link+k10,0,0,20,8,0.9686579368902132,0.9711222878137847,0.0024643509235715566,,
berlin,link+k10,0,0,20,-1,0.6842382355247387,,,1.0,3.0
berlin,link+k10,0,1,20,3,0.9239075644371758,0.9311998028519262,0.007292238414750352,,
berlin,link+k10,0,1,20,5,0.9500744906074625,0.9567954476717485,0.006720957064285993,,
berlin,link+k10,0,1,20,8,0.9647709833880345,0.9711222878137847,0.00635130442575027,,
berlin,link+k10,0,1,20,-1,0.6842382355247387,,,1.0,3.0
berlin,link+k10,0,2,20,3,0.9311998028519262,0.9311998028519262,0.0,,
berlin,link+k10,0,2,20,5,0.9535021787102483,0.9567954476717485,0.003293268961500173,,
berlin,link+k10,0,2,20,8,0.9686243321048917,0.9711222878137847,0.002497955708892996,,
berlin,link+k10,0,2,20,-1,0.6842382355247387,,,1.0,3.0
berlin,link+k10,0,3,20,3,0.9239075644371758,0.9311998028519262,0.007292238414750352,,
berlin,link+k10,0,3,20,5,0.9507017799334625,0.9567954476717485,0.006093667738286013,,
berlin,link+k10,0,3,20,8,0.9659359492791774,0.9711222878137847,0.005186338534607371,,
berlin,link+k10,0,3,20,-1,0.6842382355247387,,,1.0,3.0
berlin,link+k10,0,4,20,3,0.9239075644371758,0.9311998028519262,0.007292238414750352,,
berlin,link+k10,0,4,20,5,0.9572771162613556,0.9567954476717485,-0.00048166858960707604,,
berlin,link+k10,0,4,20,8,0.969184411860249,0.9711222878137847,0.0019378759535357837,,
berlin,link+k10,0,4,20,-1,0.6842382355247387,,,1.0,3.0
berlin,link+k10,0,5,20,3,0.9239075644371758,0.9311998028519262,0.007292238414750352,,
berlin,link+k10,0,5,20,5,0.9514186820203197,0.9567954476717485,0.005376765651428861,,
berlin,link+k10,0,5,20,8,0.9663280051079274,0.9711222878137847,0.004794282705857356,,
berlin,link+k10,0,5,20,-1,0.6842382355247387,,,1.0,3.0
berlin,link+k10,0,6,20,3,0.9239075644371758,0.9311998028519262,0.007292238414750352,,
berlin,link+k10,0,6,20,5,0.9492791773548553,0.9567954476717485,0.00751627031689317,,
berlin,link+k10,0,6,20,8,0.9644797419152488,0.9711222878137847,0.0066425458985359676,,
berlin,link+k10,0,6,20,-1,0.6842382355247387,,,1.0,3.0
berlin,link+k10,0,7,20,3,0.9239075644371758,0.9311998028519262,0.007292238414750352,,
berlin,link+k10,0,7,20,5,0.9501753049634268,0.9567954476717485,0.006620142708321675,,
berlin,link+k10,0,7,20,8,0.9659359492791774,0.9711222878137847,0.005186338534607371,,
berlin,link+k10,0,7,20,-1,0.6842382355247387,,,1.0,3.0
berlin,link+k10,0,8,20,3,0.9230786463992473,0.9311998028519262,0.008121156452678857,,
berlin,link+k10,0,8,20,5,0.9468036248361766,0.9567954476717485,0.009991822835571873,,
berlin,link+k10,0,8,20,8,0.9658687397085345,0.9711222878137847,0.00525354810525025,,
berlin,link+k10,0,8,20,-1,0.6842382355247387,,,1.0,3.0
berlin,link+k10,0,9,20,3,0.9239075644371758,0.9311998028519262,0.007292238414750352,,
berlin,link+k10,0,9,20,5,0.9572771162613556,0.9567954476717485,-0.00048166858960707604,,
berlin,link+k10,0,9,20,8,0.970203757014999,0.9711222878137847,0.0009185307987857882,,
berlin,link+k10,0,9,20,-1,0.6842382355247387,,,1.0,3.0
berlin,link+k10d,0,0,20,3,0.9239075644371758,0.9311998028519262,0.007292238414750352,,
berlin,link+k10d,0,0,20,5,0.9517211250882126,0.9567954476717485,0.005074322583535906,,
berlin,link+k10d,0,0,20,8,0.9652862567629631,0.9711222878137847,0.005836031050821644,,
berlin,link+k10d,0,0,20,-1,0.6842382355247387,,,1.0,3.0
berlin,link+k25,0,0,20,3,0.9311998028519262,0.9311998028519262,0.0,,
berlin,link+k25,0,0,20,5,0.9519787617756769,0.9567954476717485,0.0048166858960716485,,
berlin,link+k25,0,0,20,8,0.9687363480559632,0.9711222878137847,0.0023859397578215313,,
berlin,link+k25,0,0,20,-1,0.6842382355247387,,,1.0,3.0
berlin,link+k25,0,1,20,3,0.9234370974426759,0.9311998028519262,0.007762705409250281,,
berlin,link+k25,0,1,20,5,0.9506233687677125,0.9567954476717485,0.006172078904036038,,
berlin,link+k25,0,1,20,8,0.9650062168852844,0.9711222878137847,0.006116070928500306,,
berlin,link+k25,0,1,20,-1,0.6842382355247387,,,1.0,3.0
berlin,link+k25,0,2,20,3,0.9311998028519262,0.9311998028519262,0.0,,
berlin,link+k25,0,2,20,5,0.952538841531034,0.9567954476717485,0.004256606140714547,,
berlin,link+k25,0,2,20,8,0.9677394060914274,0.9711222878137847,0.003382881722357345,,
berlin,link+k25,0,2,20,-1,0.6842382355247387,,,1.0,3.0
berlin,link+k25,0,3,20,3,0.9239075644371758,0.9311998028519262,0.007292238414750352,,
berlin,link+k25,0,3,20,5,0.9549695876692841,0.9567954476717485,0.00182586000246443,,
berlin,link+k25,0,3,20,8,0.9701365474443561,0.9711222878137847,0.000985740369428667,,
berlin,link+k25,0,3,20,-1,0.6842382355247387,,,1.0,3.0
berlin,link+k25,0,4,20,3,0.9283433960996046,0.9311998028519262,0.002856406752321572,,
berlin,link+k25,0,4,20,5,0.9572771162613556,0.9567954476717485,-0.00048166858960707604,,
berlin,link+k25,0,4,20,8,0.9706854256046061,0.9711222878137847,0.0004368622091786012,,
berlin,link+k25,0,4,20,-1,0.6842382355247387,,,1.0,3.0
berlin,link+k25,0,5,20,3,0.9239075644371758,0.9311998028519262,0.007292238414750352,,
berlin,link+k25,0,5,20,5,0.952460430365284,0.9567954476717485,0.0043350173064644615,,
berlin,link+k25,0,5,20,8,0.9702261602052132,0.9711222878137847,0.0008961276085714953,,
berlin,link+k25,0,5,20,-1,0.6842382355247387,,,1.0,3.0
berlin,link+k25,0,6,20,3,0.9311998028519262,0.9311998028519262,0.0,,
berlin,link+k25,0,6,20,5,0.9489095247163196,0.9567954476717485,0.007885922955428892,,
berlin,link+k25,0,6,20,8,0.9649614105048558,0.9711222878137847,0.0061608773089288915,,
berlin,link+k25,0,6,20,-1,0.6842382355247387,,,1.0,3.0
berlin,link+k25,0,7,20,3,0.9239075644371758,0.9311998028519262,0.007292238414750352,,
berlin,link+k25,0,7,20,5,0.9541294680362483,0.9567954476717485,0.002665979635500193,,
berlin,link+k25,0,7,20,8,0.9689155735776774,0.9711222878137847,0.002206714236107299,,
berlin,link+k25,0,7,20,-1,0.6842382355247387,,,1.0,3.0
berlin,link+k25,0,8,20,3,0.9239075644371758,0.9311998028519262,0.007292238414750352,,
berlin,link+k25,0,8,20,5,0.9532557436178912,0.9567954476717485,0.0035397040538572844,,
berlin,link+k25,0,8,20,8,0.9699237171373204,0.9711222878137847,0.001198570676464339,,
berlin,link+k25,0,8,20,-1,0.6842382355247387,,,1.0,3.0
berlin,link+k25,0,9,20,3,0.9239075644371758,0.9311998028519262,0.007292238414750352,,
berlin,link+k25,0,9,20,5,0.9492791773548553,0.9567954476717485,0.00751627031689317,,
berlin,link+k25,0,9,20,8,0.9678514220424989,0.9711222878137847,0.00327086577128588,,
berlin,link+k25,0,9,20,-1,0.6842382355247387,,,1.0,3.0
berlin,link+k25d,0,0,20,3,0.9239075644371758,0.9311998028519262,0.007292238414750352,,
berlin,link+k25d,0,0,20,5,0.9506233687677125,0.9567954476717485,0.006172078904036038,,
berlin,link+k25d,0,0,20,8,0.9644797419152488,0.9711222878137847,0.0066425458985359676,,
berlin,link+k25d,0,0,20,-1,0.8842875225432102,,,2.0,3.0
berlin,link+k50,0,0,20,3,0.9239075644371758,0.9311998028519262,0.007292238414750352,,
berlin,link+k50,0,0,20,5,0.9514186820203197,0.9567954476717485,0.005376765651428861,,
berlin,link+k50,0,0,20,8,0.9694756533330346,0.9711222878137847,0.0016466344807500866,,
berlin,link+k50,0,0,20,-1,0.6842382355247387,,,1.0,3.0
berlin,link+k50,0,1,20,3,0.9311998028519262,0.9311998028519262,0.0,,
berlin,link+k50,0,1,20,5,0.9538046217781412,0.9567954476717485,0.0029908258936073295,,
berlin,link+k50,0,1,20,8,0.9695988708792131,0.9711222878137847,0.0015234169345715864,,
berlin,link+k50,0,1,20,-1,0.6842382355247387,,,1.0,3.0
berlin,link+k50,0,2,20,3,0.9239075644371758,0.9311998028519262,0.007292238414750352,,
berlin,link+k50,0,2,20,5,0.9492791773548553,0.9567954476717485,0.00751627031689317,,
berlin,link+k50,0,2,20,8,0.9702597649905347,0.9711222878137847,0.0008625228232500559,,
berlin,link+k50,0,2,20,-1,0.6842382355247387,,,1.0,3.0
berlin,link+k50,0,3,20,3,0.9311998028519262,0.9311998028519262,0.0,,
berlin,link+k50,0,3,20,5,0.9559889328240342,0.9567954476717485,0.0008065148477143236,,
berlin,link+k50,0,3,20,8,0.9698117011862489,0.9711222878137847,0.0013105866275358036,,
berlin,link+k50,0,3,20,-1,0.6842382355247387,,,1.0,3.0
berlin,link+k50,0,4,20,3,0.9239075644371758,0.9311998028519262,0.007292238414750352,,
berlin,link+k50,0,4,20,5,0.9560449407995698,0.9567954476717485,0.0007505068721787023,,
berlin,link+k50,0,4,20,8,0.9697220884253918,0.9711222878137847,0.0014001993883929753,,
berlin,link+k50,0,4,20,-1,0.6842382355247387,,,1.0,3.0
berlin,link+k50,0,5,20,3,0.9239075644371758,0.9311998028519262,0.007292238414750352,,
berlin,link+k50,0,5,20,5,0.9517211250882126,0.9567954476717485,0.005074322583535906,,
berlin,link+k50,0,5,20,8,0.967470567808856,0.9711222878137847,0.003651720004928749,,
berlin,link+k50,0,5,20,-1,0.6842382355247387,,,1.0,3.0
berlin,link+k50,0,6,20,3,0.9239075644371758,0.9311998028519262,0.007292238414750352,,
berlin,link+k50,0,6,20,5,0.9501753049634268,0.9567954476717485,0.006620142708321675,,
berlin,link+k50,0,6,20,8,0.9686579368902132,0.9711222878137847,0.0024643509235715566,,
berlin,link+k50,0,6,20,-1,0.6842382355247387,,,1.0,3.0
berlin,link+k50,0,7,20,3,0.9239075644371758,0.9311998028519262,0.007292238414750352,,
berlin,link+k50,0,7,20,5,0.9542190807971055,0.9567954476717485,0.0025763668746430213,,
berlin,link+k50,0,7,20,8,0.9711222878137847,0.9711222878137847,0.0,,
berlin,link+k50,0,7,20,-1,0.6842382355247387,,,1.0,3.0
berlin,link+k50,0,8,20,3,0.9239075644371758,0.9311998028519262,0.007292238414750352,,
berlin,link+k50,0,8,20,5,0.9505113528166411,0.9567954476717485,0.006284094855107392,,
berlin,link+k50,0,8,20,8,0.9690611943140703,0.9711222878137847,0.002061093499714395,,
berlin,link+k50,0,8,20,-1,0.6842382355247387,,,1.0,3.0
berlin,link+k50,0,9,20,3,0.9311998028519262,0.9311998028519262,0.0,,
berlin,link+k50,0,9,20,5,0.9565602141744984,0.9567954476717485,0.0002352334972500758,,
berlin,link+k50,0,9,20,8,0.9693636373819632,0.9711222878137847,0.0017586504318215512,,
berlin,link+k50,0,9,20,-1,0.6842382355247387,,,1.0,3.0
berlin,link+k50d,0,0,20,3,0.9239075644371758,0.9311998028519262,0.007292238414750352,,
berlin,link+k50d,0,0,20,5,0.9517211250882126,0.9567954476717485,0.005074322583535906,,
berlin,link+k50d,0,0,20,8,0.9652862567629631,0.9711222878137847,0.005836031050821644,,
berlin,link+k50d,0,0,20,-1,0.8842875225432102,,,2.0,3.0
berlin,link,1,0,20,3,0.9239075644371758,0.9311998028519262,0.007292238414750352,,
berlin,link,1,0,20,5,0.9514186820203197,0.9567954476717485,0.005376765651428861,,
berlin,link,1,0,20,8,0.970203757014999,0.9711222878137847,0.0009185307987857882,,
berlin,link,1,0,20,-1,0.6842382355247387,,,1.0,3.0
berlin,link,1,0,10,3,0.9239075644371758,0.9311998028519262,0.007292238414750352,,
berlin,link,1,0,10,5,0.9556528849708198,0.9567954476717485,0.0011425627009287176,,
berlin,link,1,0,10,8,0.9656335062112845,0.9695092581183561,0.0038757519070715674,,
berlin,link,1,0,10,-1,0.6842382355247387,,,1.0,3.0
berlin,link_reg,1,0,20,3,0.8676083474286739,0.9311998028519262,0.06359145542325229,,
berlin,link_reg,1,0,20,5,0.8676083474286739,0.9567954476717485,0.08918710024307464,,
berlin,link_reg,1,0,20,8,0.8676083474286739,0.9711222878137847,0.10351394038511086,,
berlin,link_reg,1,0,20,-1,0.6842382355247387,,,1.0,3.0
berlin,link_reg,1,0,10,3,0.8676083474286739,0.9311998028519262,0.06359145542325229,,
berlin,link_reg,1,0,10,5,0.8676083474286739,0.9567954476717485,0.08918710024307464,,
berlin,link_reg,1,0,10,8,0.8676083474286739,0.9695092581183561,0.10190091068968221,,
berlin,link_reg,1,0,10,-1,0.6842382355247387,,,1.0,3.0
berlin,link+k10,1,0,20,3,0.9239075644371758,0.9311998028519262,0.007292238414750352,,
berlin,link+k10,1,0,20,5,0.9492791773548553,0.9567954476717485,0.00751627031689317,,
berlin,link+k10,1,0,20,8,0.9686579368902132,0.9711222878137847,0.0024643509235715566,,
berlin,link+k10,1,0,20,-1,0.6842382355247387,,,1.0,3.0
berlin,link+k10,1,1,20,3,0.9239075644371758,0.9311998028519262,0.007292238414750352,,
berlin,link+k10,1,1,20,5,0.9514186820203197,0.9567954476717485,0.005376765651428861,,
berlin,link+k10,1,1,20,8,0.9652862567629631,0.9711222878137847,0.005836031050821644,,
berlin,link+k10,1,1,20,-1,0.6842382355247387,,,1.0,3.0
berlin,link+k10,1,2,20,3,0.9311998028519262,0.9311998028519262,0.0,,
berlin,link+k10,1,2,20,5,0.9541294680362483,0.9567954476717485,0.002665979635500193,,
berlin,link+k10,1,2,20,8,0.969666080449856,0.9711222878137847,0.0014562073639287076,,
berlin,link+k10,1,2,20,-1,0.6842382355247387,,,1.0,3.0
berlin,link+k10,1,3,20,3,0.9239075644371758,0.9311998028519262,0.007292238414750352,,
berlin,link+k10,1,3,20,5,0.9485174688875696,0.9567954476717485,0.008277978784178908,,
berlin,link+k10,1,3,20,8,0.9659359492791774,0.9711222878137847,0.005186338534607371,,
berlin,link+k10,1,3,20,-1,0.6842382355247387,,,1.0,3.0
berlin,link+k10,1,4,20,3,0.9239075644371758,0.9311998028519262,0.007292238414750352,,
berlin,link+k10,1,4,20,5,0.9572771162613556,0.9567954476717485,-0.00048166858960707604,,
berlin,link+k10,1,4,20,8,0.9688931703874631,0.9711222878137847,0.002229117426321592,,
berlin,link+k10,1,4,20,-1,0.6842382355247387,,,1.0,3.0
berlin,link+k10,1,5,20,3,0.9239075644371758,0.9311998028519262,0.007292238414750352,,
berlin,link+k10,1,5,20,5,0.9514186820203197,0.9567954476717485,0.005376765651428861,,
berlin,link+k10,1,5,20,8,0.9663280051079274,0.9711222878137847,0.004794282705857356,,
berlin,link+k10,1,5,20,-1,0.6842382355247387,,,1.0,3.0
berlin,link+k10,1,6,20,3,0.9239075644371758,0.9311998028519262,0.007292238414750352,,
berlin,link+k10,1,6,20,5,0.9492791773548553,0.9567954476717485,0.00751627031689317,,
berlin,link+k10,1,6,20,8,0.9644797419152488,0.9711222878137847,0.0066425458985359676,,
berlin,link+k10,1,6,20,-1,0.6842382355247387,,,1.0,3.0
berlin,link+k10,1,7,20,3,0.9239075644371758,0.9311998028519262,0.007292238414750352,,
berlin,link+k10,1,7,20,5,0.9501753049634268,0.9567954476717485,0.006620142708321675,,
berlin,link+k10,1,7,20,8,0.9659359492791774,0.9711222878137847,0.005186338534607371,,
berlin,link+k10,1,7,20,-1,0.6842382355247387,,,1.0,3.0
berlin,link+k10,1,8,20,3,0.9239075644371758,0.9311998028519262,0.007292238414750352,,
berlin,link+k10,1,8,20,5,0.9492791773548553,0.9567954476717485,0.00751627031689317,,
berlin,link+k10,1,8,20,8,0.9686579368902132,0.9711222878137847,0.0024643509235715566,,
berlin,link+k10,1,8,20,-1,0.6842382355247387,,,1.0,3.0
berlin,link+k10,1,9,20,3,0.9239075644371758,0.9311998028519262,0.007292238414750352,,
berlin,link+k10,1,9,20,5,0.9572771162613556,0.9567954476717485,-0.00048166858960707604,,
berlin,link+k10,1,9,20,8,0.9708870543165347,0.9711222878137847,0.0002352334972500758,,
berlin,link+k10,1,9,20,-1,0.6842382355247387,,,1.0,3.0
berlin,link+k10d,1,0,20,3,0.9239075644371758,0.9311998028519262,0.007292238414750352,,
berlin,link+k10d,1,0,20,5,0.9517211250882126,0.9567954476717485,0.005074322583535906,,
berlin,link+k10d,1,0,20,8,0.9652862567629631,0.9711222878137847,0.005836031050821644,,
berlin,link+k10d,1,0,20,-1,0.6842382355247387,,,1.0,3.0
berlin,link+k25,1,0,20,3,0.9311998028519262,0.9311998028519262,0.0,,
berlin,link+k25,1,0,20,5,0.9511050373573197,0.9567954476717485,0.005690410314428851,,
berlin,link+k25,1,0,20,8,0.9687363480559632,0.9711222878137847,0.0023859397578215313,,
berlin,link+k25,1,0,20,-1,0.6842382355247387,,,1.0,3.0
berlin,link+k25,1,1,20,3,0.9234370974426759,0.9311998028519262,0.007762705409250281,,
berlin,link+k25,1,1,20,5,0.9485174688875696,0.9567954476717485,0.008277978784178908,,
berlin,link+k25,1,1,20,8,0.9650062168852844,0.9711222878137847,0.006116070928500306,,
berlin,link+k25,1,1,20,-1,0.6842382355247387,,,1.0,3.0
berlin,link+k25,1,2,20,3,0.9311998028519262,0.9311998028519262,0.0,,
berlin,link+k25,1,2,20,5,0.9546783461964984,0.9567954476717485,0.002117101475250127,,
berlin,link+k25,1,2,20,8,0.9658575381134273,0.9711222878137847,0.005264749700357396,,
berlin,link+k25,1,2,20,-1,0.6842382355247387,,,1.0,3.0
berlin,link+k25,1,3,20,3,0.9239075644371758,0.9311998028519262,0.007292238414750352,,
berlin,link+k25,1,3,20,5,0.9556752881610341,0.9567954476717485,0.0011201595107144247,,
berlin,link+k25,1,3,20,8,0.9701365474443561,0.9711222878137847,0.000985740369428667,,
berlin,link+k25,1,3,20,-1,0.6842382355247387,,,1.0,3.0
berlin,link+k25,1,4,20,3,0.9283433960996046,0.9311998028519262,0.002856406752321572,,
berlin,link+k25,1,4,20,5,0.9572771162613556,0.9567954476717485,-0.00048166858960707604,,
berlin,link+k25,1,4,20,8,0.9696884836400703,0.9711222878137847,0.0014338041737144147,,
berlin,link+k25,1,4,20,-1,0.6842382355247387,,,1.0,3.0
berlin,link+k25,1,5,20,3,0.9239075644371758,0.9311998028519262,0.007292238414750352,,
berlin,link+k25,1,5,20,5,0.952460430365284,0.9567954476717485,0.0043350173064644615,,
berlin,link+k25,1,5,20,8,0.9702261602052132,0.9711222878137847,0.0008961276085714953,,
berlin,link+k25,1,5,20,-1,0.6842382355247387,,,1.0,3.0
berlin,link+k25,1,6,20,3,0.9311998028519262,0.9311998028519262,0.0,,
berlin,link+k25,1,6,20,5,0.9535021787102483,0.9567954476717485,0.003293268961500173,,
berlin,link+k25,1,6,20,8,0.9665632386051773,0.9711222878137847,0.004559049208607391,,
berlin,link+k25,1,6,20,-1,0.6842382355247387,,,1.0,3.0
berlin,link+k25,1,7,20,3,0.9239075644371758,0.9311998028519262,0.007292238414750352,,
berlin,link+k25,1,7,20,5,0.9541294680362483,0.9567954476717485,0.002665979635500193,,
berlin,link+k25,1,7,20,8,0.9688483640070346,0.9711222878137847,0.0022739238067501777,,
berlin,link+k25,1,7,20,-1,0.6842382355247387,,,1.0,3.0
berlin,link+k25,1,8,20,3,0.9239075644371758,0.9311998028519262,0.007292238414750352,,
berlin,link+k25,1,8,20,5,0.9517771330637482,0.9567954476717485,0.005018314608000285,,
berlin,link+k25,1,8,20,8,0.9679074300180346,0.9711222878137847,0.003214857795750148,,
berlin,link+k25,1,8,20,-1,0.6842382355247387,,,1.0,3.0
berlin,link+k25,1,9,20,3,0.9239075644371758,0.9311998028519262,0.007292238414750352,,
berlin,link+k25,1,9,20,5,0.9501753049634268,0.9567954476717485,0.006620142708321675,,
berlin,link+k25,1,9,20,8,0.9678514220424989,0.9711222878137847,0.00327086577128588,,
berlin,link+k25,1,9,20,-1,0.6842382355247387,,,1.0,3.0
berlin,link+k25d,1,0,20,3,0.9311998028519262,0.9311998028519262,0.0,,
berlin,link+k25d,1,0,20,5,0.9528076798136055,0.9567954476717485,0.003987767858143032,,
berlin,link+k25d,1,0,20,8,0.9690947990993918,0.9711222878137847,0.0020274887143929554,,
berlin,link+k25d,1,0,20,-1,0.8676083474286739,,,2.0,3.0
berlin,link+k50,1,0,20,3,0.9239075644371758,0.9311998028519262,0.007292238414750352,,
berlin,link+k50,1,0,20,5,0.9514186820203197,0.9567954476717485,0.005376765651428861,,
berlin,link+k50,1,0,20,8,0.9694756533330346,0.9711222878137847,0.0016466344807500866,,
berlin,link+k50,1,0,20,-1,0.6842382355247387,,,1.0,3.0
berlin,link+k50,1,1,20,3,0.9311998028519262,0.9311998028519262,0.0,,
berlin,link+k50,1,1,20,5,0.9532109372374626,0.9567954476717485,0.0035845104342858702,,
berlin,link+k50,1,1,20,8,0.971379924501249,0.9711222878137847,-0.0002576366874642577,,
berlin,link+k50,1,1,20,-1,0.6842382355247387,,,1.0,3.0
berlin,link+k50,1,2,20,3,0.9239075644371758,0.9311998028519262,0.007292238414750352,,
berlin,link+k50,1,2,20,5,0.9492791773548553,0.9567954476717485,0.00751627031689317,,
berlin,link+k50,1,2,20,8,0.9702597649905347,0.9711222878137847,0.0008625228232500559,,
berlin,link+k50,1,2,20,-1,0.6842382355247387,,,1.0,3.0
berlin,link+k50,1,3,20,3,0.9311998028519262,0.9311998028519262,0.0,,
berlin,link+k50,1,3,20,5,0.9541294680362483,0.9567954476717485,0.002665979635500193,,
berlin,link+k50,1,3,20,8,0.9698117011862489,0.9711222878137847,0.0013105866275358036,,
berlin,link+k50,1,3,20,-1,0.6842382355247387,,,1.0,3.0
berlin,link+k50,1,4,20,3,0.9239075644371758,0.9311998028519262,0.007292238414750352,,
berlin,link+k50,1,4,20,5,0.9560449407995698,0.9567954476717485,0.0007505068721787023,,
berlin,link+k50,1,4,20,8,0.970203757014999,0.9711222878137847,0.0009185307987857882,,
berlin,link+k50,1,4,20,-1,0.6842382355247387,,,1.0,3.0
berlin,link+k50,1,5,20,3,0.9239075644371758,0.9311998028519262,0.007292238414750352,,
berlin,link+k50,1,5,20,5,0.9517211250882126,0.9567954476717485,0.005074322583535906,,
berlin,link+k50,1,5,20,8,0.967470567808856,0.9711222878137847,0.003651720004928749,,
berlin,link+k50,1,5,20,-1,0.6842382355247387,,,1.0,3.0
berlin,link+k50,1,6,20,3,0.9239075644371758,0.9311998028519262,0.007292238414750352,,
berlin,link+k50,1,6,20,5,0.9501753049634268,0.9567954476717485,0.006620142708321675,,
berlin,link+k50,1,6,20,8,0.9686579368902132,0.9711222878137847,0.0024643509235715566,,
berlin,link+k50,1,6,20,-1,0.6842382355247387,,,1.0,3.0
berlin,link+k50,1,7,20,3,0.9239075644371758,0.9311998028519262,0.007292238414750352,,
berlin,link+k50,1,7,20,5,0.9556752881610341,0.9567954476717485,0.0011201595107144247,,
berlin,link+k50,1,7,20,8,0.9711222878137847,0.9711222878137847,0.0,,
berlin,link+k50,1,7,20,-1,0.6842382355247387,,,1.0,3.0
berlin,link+k50,1,8,20,3,0.9239075644371758,0.9311998028519262,0.007292238414750352,,
berlin,link+k50,1,8,20,5,0.9485174688875696,0.9567954476717485,0.008277978784178908,,
berlin,link+k50,1,8,20,8,0.9690611943140703,0.9711222878137847,0.002061093499714395,,
berlin,link+k50,1,8,20,-1,0.6842382355247387,,,1.0,3.0
berlin,link+k50,1,9,20,3,0.9307405374525333,0.9311998028519262,0.0004592653993928941,,
berlin,link+k50,1,9,20,5,0.9556752881610341,0.9567954476717485,0.0011201595107144247,,
berlin,link+k50,1,9,20,8,0.9695540644987847,0.9711222878137847,0.0015682233150000613,,
berlin,link+k50,1,9,20,-1,0.6842382355247387,,,1.0,3.0
berlin,link+k50d,1,0,20,3,0.9239075644371758,0.9311998028519262,0.007292238414750352,,
berlin,link+k50d,1,0,20,5,0.9506233687677125,0.9567954476717485,0.006172078904036038,,
berlin,link+k50d,1,0,20,8,0.9644797419152488,0.9711222878137847,0.0066425458985359676,,
berlin,link+k50d,1,0,20,-1,0.8842875225432102,,,2.0,3.0
berlin,link,2,0,20,3,0.9239075644371758,0.9311998028519262,0.007292238414750352,,
berlin,link,2,0,20,5,0.9571314955249628,0.9567954476717485,-0.000336047853214283,,
berlin,link,2,0,20,8,0.967705801306106,0.9711222878137847,0.0034164865076787843,,
berlin,link,2,0,20,-1,0.6842382355247387,,,1.0,3.0
berlin,link,2,0,10,3,0.9239075644371758,0.9311998028519262,0.007292238414750352,,
berlin,link,2,0,10,5,0.9506233687677125,0.9567954476717485,0.006172078904036038,,
berlin,link,2,0,10,8,0.968176268300606,0.9695092581183561,0.0013329898177500965,,
berlin,link,2,0,10,-1,0.6842382355247387,,,1.0,3.0
berlin,link_reg,2,0,20,3,0.8676083474286739,0.9311998028519262,0.06359145542325229,,
berlin,link_reg,2,0,20,5,0.8676083474286739,0.9567954476717485,0.08918710024307464,,
berlin,link_reg,2,0,20,8,0.8676083474286739,0.9711222878137847,0.10351394038511086,,
berlin,link_reg,2,0,20,-1,0.6842382355247387,,,1.0,3.0
berlin,link_reg,2,0,10,3,0.8676083474286739,0.9311998028519262,0.06359145542325229,,
berlin,link_reg,2,0,10,5,0.8676083474286739,0.9567954476717485,0.08918710024307464,,
berlin,link_reg,2,0,10,8,0.8676083474286739,0.9695092581183561,0.10190091068968221,,
berlin,link_reg,2,0,10,-1,0.6842382355247387,,,1.0,3.0
berlin,link+k10,2,0,20,3,0.9239075644371758,0.9311998028519262,0.007292238414750352,,
berlin,link+k10,2,0,20,5,0.9492791773548553,0.9567954476717485,0.00751627031689317,,
berlin,link+k10,2,0,20,8,0.9686579368902132,0.9711222878137847,0.0024643509235715566,,
berlin,link+k10,2,0,20,-1,0.6842382355247387,,,1.0,3.0
berlin,link+k10,2,1,20,3,0.9239075644371758,0.9311998028519262,0.007292238414750352,,
berlin,link+k10,2,1,20,5,0.9571314955249628,0.9567954476717485,-0.000336047853214283,,
berlin,link+k10,2,1,20,8,0.9688931703874631,0.9711222878137847,0.002229117426321592,,
berlin,link+k10,2,1,20,-1,0.6842382355247387,,,1.0,3.0
berlin,link+k10,2,2,20,3,0.9311998028519262,0.9311998028519262,0.0,,
berlin,link+k10,2,2,20,5,0.9531885340472483,0.9567954476717485,0.003606913624500163,,
berlin,link+k10,2,2,20,8,0.9650958296461416,0.9711222878137847,0.006026458167643134,,
berlin,link+k10,2,2,20,-1,0.6842382355247387,,,1.0,3.0
berlin,link+k10,2,3,20,3,0.9239075644371758,0.9311998028519262,0.007292238414750352,,
berlin,link+k10,2,3,20,5,0.9485174688875696,0.9567954476717485,0.008277978784178908,,
berlin,link+k10,2,3,20,8,0.9668544800779632,0.9711222878137847,0.004267807735821583,,
berlin,link+k10,2,3,20,-1,0.6842382355247387,,,1.0,3.0
berlin,link+k10,2,4,20,3,0.9209727465191043,0.9311998028519262,0.010227056332821838,,
berlin,link+k10,2,4,20,5,0.9517771330637482,0.9567954476717485,0.005018314608000285,,
berlin,link+k10,2,4,20,8,0.9685459209391417,0.9711222878137847,0.0025763668746430213,,
berlin,link+k10,2,4,20,-1,0.6842382355247387,,,1.0,3.0
berlin,link+k10,2,5,20,3,0.9239075644371758,0.9311998028519262,0.007292238414750352,,
berlin,link+k10,2,5,20,5,0.9517771330637482,0.9567954476717485,0.005018314608000285,,
berlin,link+k10,2,5,20,8,0.9655886998308559,0.9711222878137847,0.0055335879829288,,
berlin,link+k10,2,5,20,-1,0.6842382355247387,,,1.0,3.0
berlin,link+k10,2,6,20,3,0.9239075644371758,0.9311998028519262,0.007292238414750352,,
berlin,link+k10,2,6,20,5,0.9485174688875696,0.9567954476717485,0.008277978784178908,,
berlin,link+k10,2,6,20,8,0.9686579368902132,0.9711222878137847,0.0024643509235715566,,
berlin,link+k10,2,6,20,-1,0.6842382355247387,,,1.0,3.0
berlin,link+k10,2,7,20,3,0.9239075644371758,0.9311998028519262,0.007292238414750352,,
berlin,link+k10,2,7,20,5,0.9501753049634268,0.9567954476717485,0.006620142708321675,,
berlin,link+k10,2,7,20,8,0.9686579368902132,0.9711222878137847,0.0024643509235715566,,
berlin,link+k10,2,7,20,-1,0.6842382355247387,,,1.0,3.0
berlin,link+k10,2,8,20,3,0.9230786463992473,0.9311998028519262,0.008121156452678857,,
berlin,link+k10,2,8,20,5,0.9468036248361766,0.9567954476717485,0.009991822835571873,,
berlin,link+k10,2,8,20,8,0.9686579368902132,0.9711222878137847,0.0024643509235715566,,
berlin,link+k10,2,8,20,-1,0.6842382355247387,,,1.0,3.0
berlin,link+k10,2,9,20,3,0.9307405374525333,0.9311998028519262,0.0004592653993928941,,
berlin,link+k10,2,9,20,5,0.9556752881610341,0.9567954476717485,0.0011201595107144247,,
berlin,link+k10,2,9,20,8,0.9697556932107132,0.9711222878137847,0.001366594603071536,,
berlin,link+k10,2,9,20,-1,0.6842382355247387,,,1.0,3.0
berlin,link+k10d,2,0,20,3,0.9239075644371758,0.9311998028519262,0.007292238414750352,,
berlin,link+k10d,2,0,20,5,0.9506233687677125,0.9567954476717485,0.006172078904036038,,
berlin,link+k10d,2,0,20,8,0.9644797419152488,0.9711222878137847,0.0066425458985359676,,
berlin,link+k10d,2,0,20,-1,0.8842875225432102,,,2.0,3.0
berlin,link+k25,2,0,20,3,0.9311998028519262,0.9311998028519262,0.0,,
berlin,link+k25,2,0,20,5,0.9511050373573197,0.9567954476717485,0.005690410314428851,,
berlin,link+k25,2,0,20,8,0.9687363480559632,0.9711222878137847,0.0023859397578215313,,
berlin,link+k25,2,0,20,-1,0.6842382355247387,,,1.0,3.0
berlin,link+k25,2,1,20,3,0.9234370974426759,0.9311998028519262,0.007762705409250281,,
berlin,link+k25,2,1,20,5,0.9506233687677125,0.9567954476717485,0.006172078904036038,,
berlin,link+k25,2,1,20,8,0.9650062168852844,0.9711222878137847,0.006116070928500306,,
berlin,link+k25,2,1,20,-1,0.6842382355247387,,,1.0,3.0
berlin,link+k25,2,2,20,3,0.9311998028519262,0.9311998028519262,0.0,,
berlin,link+k25,2,2,20,5,0.9546783461964984,0.9567954476717485,0.002117101475250127,,
berlin,link+k25,2,2,20,8,0.9658575381134273,0.9711222878137847,0.005264749700357396,,
berlin,link+k25,2,2,20,-1,0.6842382355247387,,,1.0,3.0
berlin,link+k25,2,3,20,3,0.9239075644371758,0.9311998028519262,0.007292238414750352,,
berlin,link+k25,2,3,20,5,0.9556752881610341,0.9567954476717485,0.0011201595107144247,,
berlin,link+k25,2,3,20,8,0.9701365474443561,0.9711222878137847,0.000985740369428667,,
berlin,link+k25,2,3,20,-1,0.6842382355247387,,,1.0,3.0
berlin,link+k25,2,4,20,3,0.9311998028519262,0.9311998028519262,0.0,,
berlin,link+k25,2,4,20,5,0.9549919908594984,0.9567954476717485,0.001803456812250137,,
berlin,link+k25,2,4,20,8,0.9668096736975346,0.9711222878137847,0.0043126141162501685,,
berlin,link+k25,2,4,20,-1,0.6842382355247387,,,1.0,3.0
berlin,link+k25,2,5,20,3,0.9239075644371758,0.9311998028519262,0.007292238414750352,,
berlin,link+k25,2,5,20,5,0.952460430365284,0.9567954476717485,0.0043350173064644615,,
berlin,link+k25,2,5,20,8,0.9702261602052132,0.9711222878137847,0.0008961276085714953,,
berlin,link+k25,2,5,20,-1,0.6842382355247387,,,1.0,3.0
berlin,link+k25,2,6,20,3,0.9311998028519262,0.9311998028519262,0.0,,
berlin,link+k25,2,6,20,5,0.9489095247163196,0.9567954476717485,0.007885922955428892,,
berlin,link+k25,2,6,20,8,0.9660703684204631,0.9711222878137847,0.005051919393321613,,
berlin,link+k25,2,6,20,-1,0.6842382355247387,,,1.0,3.0
berlin,link+k25,2,7,20,3,0.9311998028519262,0.9311998028519262,0.0,,
berlin,link+k25,2,7,20,5,0.9552608291420698,0.9567954476717485,0.001534618529678733,,
berlin,link+k25,2,7,20,8,0.9685235177489274,0.9711222878137847,0.002598770064857314,,
berlin,link+k25,2,7,20,-1,0.6842382355247387,,,1.0,3.0
berlin,link+k25,2,8,20,3,0.9234370974426759,0.9311998028519262,0.007762705409250281,,
berlin,link+k25,2,8,20,5,0.9485174688875696,0.9567954476717485,0.008277978784178908,,
berlin,link+k25,2,8,20,8,0.9690611943140703,0.9711222878137847,0.002061093499714395,,
berlin,link+k25,2,8,20,-1,0.6842382355247387,,,1.0,3.0
berlin,link+k25,2,9,20,3,0.9239075644371758,0.9311998028519262,0.007292238414750352,,
berlin,link+k25,2,9,20,5,0.9572771162613556,0.9567954476717485,-0.00048166858960707604,,
berlin,link+k25,2,9,20,8,0.9688931703874631,0.9711222878137847,0.002229117426321592,,
berlin,link+k25,2,9,20,-1,0.6842382355247387,,,1.0,3.0
berlin,link+k25d,2,0,20,3,0.9239075644371758,0.9311998028519262,0.007292238414750352,,
berlin,link+k25d,2,0,20,5,0.9500856922025697,0.9567954476717485,0.006709755469178846,,
berlin,link+k25d,2,0,20,8,0.9644797419152488,0.9711222878137847,0.0066425458985359676,,
berlin,link+k25d,2,0,20,-1,0.8842875225432102,,,2.0,3.0
berlin,link+k50,2,0,20,3,0.9239075644371758,0.9311998028519262,0.007292238414750352,,
berlin,link+k50,2,0,20,5,0.9514186820203197,0.9567954476717485,0.005376765651428861,,
berlin,link+k50,2,0,20,8,0.9694756533330346,0.9711222878137847,0.0016466344807500866,,
berlin,link+k50,2,0,20,-1,0.6842382355247387,,,1.0,3.0
berlin,link+k50,2,1,20,3,0.9311998028519262,0.9311998028519262,0.0,,
berlin,link+k50,2,1,20,5,0.9538046217781412,0.9567954476717485,0.0029908258936073295,,
berlin,link+k50,2,1,20,8,0.9695988708792131,0.9711222878137847,0.0015234169345715864,,
berlin,link+k50,2,1,20,-1,0.6842382355247387,,,1.0,3.0
berlin,link+k50,2,2,20,3,0.9239075644371758,0.9311998028519262,0.007292238414750352,,
berlin,link+k50,2,2,20,5,0.9492791773548553,0.9567954476717485,0.00751627031689317,,
berlin,link+k50,2,2,20,8,0.9702597649905347,0.9711222878137847,0.0008625228232500559,,
berlin,link+k50,2,2,20,-1,0.6842382355247387,,,1.0,3.0
berlin,link+k50,2,3,20,3,0.9311998028519262,0.9311998028519262,0.0,,
berlin,link+k50,2,3,20,5,0.9559889328240342,0.9567954476717485,0.0008065148477143236,,
berlin,link+k50,2,3,20,8,0.9698117011862489,0.9711222878137847,0.0013105866275358036,,
berlin,link+k50,2,3,20,-1,0.6842382355247387,,,1.0,3.0
berlin,link+k50,2,4,20,3,0.9239075644371758,0.9311998028519262,0.007292238414750352,,
berlin,link+k50,2,4,20,5,0.9560449407995698,0.9567954476717485,0.0007505068721787023,,
berlin,link+k50,2,4,20,8,0.9697220884253918,0.9711222878137847,0.0014001993883929753,,
berlin,link+k50,2,4,20,-1,0.6842382355247387,,,1.0,3.0
berlin,link+k50,2,5,20,3,0.9311998028519262,0.9311998028519262,0.0,,
berlin,link+k50,2,5,20,5,0.9511050373573197,0.9567954476717485,0.005690410314428851,,
berlin,link+k50,2,5,20,8,0.968333090632106,0.9711222878137847,0.002789197181678693,,
berlin,link+k50,2,5,20,-1,0.6842382355247387,,,1.0,3.0
berlin,link+k50,2,6,20,3,0.9239075644371758,0.9311998028519262,0.007292238414750352,,
berlin,link+k50,2,6,20,5,0.9501753049634268,0.9567954476717485,0.006620142708321675,,
berlin,link+k50,2,6,20,8,0.9647485801978202,0.9711222878137847,0.006373707615964563,,
berlin,link+k50,2,6,20,-1,0.6842382355247387,,,1.0,3.0
berlin,link+k50,2,7,20,3,0.9239075644371758,0.9311998028519262,0.007292238414750352,,
berlin,link+k50,2,7,20,5,0.9567954476717485,0.9567954476717485,0.0,,
berlin,link+k50,2,7,20,8,0.9701253458492489,0.9711222878137847,0.0009969419645358135,,
berlin,link+k50,2,7,20,-1,0.6842382355247387,,,1.0,3.0
berlin,link+k50,2,8,20,3,0.9239075644371758,0.9311998028519262,0.007292238414750352,,
berlin,link+k50,2,8,20,5,0.9485174688875696,0.9567954476717485,0.008277978784178908,,
berlin,link+k50,2,8,20,8,0.9690611943140703,0.9711222878137847,0.002061093499714395,,
berlin,link+k50,2,8,20,-1,0.6842382355247387,,,1.0,3.0
berlin,link+k50,2,9,20,3,0.9311998028519262,0.9311998028519262,0.0,,
berlin,link+k50,2,9,20,5,0.9548911765035341,0.9567954476717485,0.0019042711682144553,,
berlin,link+k50,2,9,20,8,0.9679858411837846,0.9711222878137847,0.0031364466300001226,,
berlin,link+k50,2,9,20,-1,0.6842382355247387,,,1.0,3.0
berlin,link+k50d,2,0,20,3,0.9239075644371758,0.9311998028519262,0.007292238414750352,,
berlin,link+k50d,2,0,20,5,0.9517211250882126,0.9567954476717485,0.005074322583535906,,
berlin,link+k50d,2,0,20,8,0.9652862567629631,0.9711222878137847,0.005836031050821644,,
berlin,link+k50d,2,0,20,-1,0.8842875225432102,,,2.0,3.0
berlin,link,3,0,20,3,0.9239075644371758,0.9311998028519262,0.007292238414750352,,
berlin,link,3,0,20,5,0.9514186820203197,0.9567954476717485,0.005376765651428861,,
berlin,link,3,0,20,8,0.9690611943140703,0.9711222878137847,0.002061093499714395,,
berlin,link,3,0,20,-1,0.6842382355247387,,,1.0,3.0
berlin,link,3,0,10,3,0.9239075644371758,0.9311998028519262,0.007292238414750352,,
berlin,link,3,0,10,5,0.9552608291420698,0.9567954476717485,0.001534618529678733,,
berlin,link,3,0,10,8,0.9681986714908203,0.9695092581183561,0.0013105866275358036,,
berlin,link,3,0,10,-1,0.6842382355247387,,,1.0,3.0
berlin,link_reg,3,0,20,3,0.8676083474286739,0.9311998028519262,0.06359145542325229,,
berlin,link_reg,3,0,20,5,0.8676083474286739,0.9567954476717485,0.08918710024307464,,
berlin,link_reg,3,0,20,8,0.8676083474286739,0.9711222878137847,0.10351394038511086,,
berlin,link_reg,3,0,20,-1,0.6842382355247387,,,1.0,3.0
berlin,link_reg,3,0,10,3,0.8676083474286739,0.9311998028519262,0.06359145542325229,,
berlin,link_reg,3,0,10,5,0.8676083474286739,0.9567954476717485,0.08918710024307464,,
berlin,link_reg,3,0,10,8,0.8676083474286739,0.9695092581183561,0.10190091068968221,,
berlin,link_reg,3,0,10,-1,0.6842382355247387,,,1.0,3.0
berlin,link+k10,3,0,20,3,0.9239075644371758,0.9311998028519262,0.007292238414750352,,
berlin,link+k10,3,0,20,5,0.9492791773548553,0.9567954476717485,0.00751627031689317,,
berlin,link+k10,3,0,20,8,0.9686579368902132,0.9711222878137847,0.0024643509235715566,,
berlin,link+k10,3,0,20,-1,0.6842382355247387,,,1.0,3.0
berlin,link+k10,3,1,20,3,0.9239075644371758,0.9311998028519262,0.007292238414750352,,
berlin,link+k10,3,1,20,5,0.9514186820203197,0.9567954476717485,0.005376765651428861,,
berlin,link+k10,3,1,20,8,0.9652862567629631,0.9711222878137847,0.005836031050821644,,
berlin,link+k10,3,1,20,-1,0.6842382355247387,,,1.0,3.0
berlin,link+k10,3,2,20,3,0.9311998028519262,0.9311998028519262,0.0,,
berlin,link+k10,3,2,20,5,0.9535021787102483,0.9567954476717485,0.003293268961500173,,
berlin,link+k10,3,2,20,8,0.9686243321048917,0.9711222878137847,0.002497955708892996,,
berlin,link+k10,3,2,20,-1,0.6842382355247387,,,1.0,3.0
berlin,link+k10,3,3,20,3,0.9239075644371758,0.9311998028519262,0.007292238414750352,,
berlin,link+k10,3,3,20,5,0.9514186820203197,0.9567954476717485,0.005376765651428861,,
berlin,link+k10,3,3,20,8,0.9668544800779632,0.9711222878137847,0.004267807735821583,,
berlin,link+k10,3,3,20,-1,0.6842382355247387,,,1.0,3.0
berlin,link+k10,3,4,20,3,0.9239075644371758,0.9311998028519262,0.007292238414750352,,
berlin,link+k10,3,4,20,5,0.9572771162613556,0.9567954476717485,-0.00048166858960707604,,
berlin,link+k10,3,4,20,8,0.969184411860249,0.9711222878137847,0.0019378759535357837,,
berlin,link+k10,3,4,20,-1,0.6842382355247387,,,1.0,3.0
berlin,link+k10,3,5,20,3,0.9239075644371758,0.9311998028519262,0.007292238414750352,,
berlin,link+k10,3,5,20,5,0.9514186820203197,0.9567954476717485,0.005376765651428861,,
berlin,link+k10,3,5,20,8,0.9663280051079274,0.9711222878137847,0.004794282705857356,,
berlin,link+k10,3,5,20,-1,0.6842382355247387,,,1.0,3.0
berlin,link+k10,3,6,20,3,0.9239075644371758,0.9311998028519262,0.007292238414750352,,
berlin,link+k10,3,6,20,5,0.9492791773548553,0.9567954476717485,0.00751627031689317,,
berlin,link+k10,3,6,20,8,0.9686579368902132,0.9711222878137847,0.0024643509235715566,,
berlin,link+k10,3,6,20,-1,0.6842382355247387,,,1.0,3.0
berlin,link+k10,3,7,20,3,0.9239075644371758,0.9311998028519262,0.007292238414750352,,
berlin,link+k10,3,7,20,5,0.9501753049634268,0.9567954476717485,0.006620142708321675,,
berlin,link+k10,3,7,20,8,0.9659359492791774,0.9711222878137847,0.005186338534607371,,
berlin,link+k10,3,7,20,-1,0.6842382355247387,,,1.0,3.0
berlin,link+k10,3,8,20,3,0.9230786463992473,0.9311998028519262,0.008121156452678857,,
berlin,link+k10,3,8,20,5,0.9468036248361766,0.9567954476717485,0.009991822835571873,,
berlin,link+k10,3,8,20,8,0.9680530507544274,0.9711222878137847,0.003069237059357355,,
berlin,link+k10,3,8,20,-1,0.6842382355247387,,,1.0,3.0
berlin,link+k10,3,9,20,3,0.9239075644371758,0.9311998028519262,0.007292238414750352,,
berlin,link+k10,3,9,20,5,0.9572771162613556,0.9567954476717485,-0.00048166858960707604,,
berlin,link+k10,3,9,20,8,0.9708870543165347,0.9711222878137847,0.0002352334972500758,,
berlin,link+k10,3,9,20,-1,0.6842382355247387,,,1.0,3.0
berlin,link+k10d,3,0,20,3,0.9239075644371758,0.9311998028519262,0.007292238414750352,,
berlin,link+k10d,3,0,20,5,0.9517211250882126,0.9567954476717485,0.005074322583535906,,
berlin,link+k10d,3,0,20,8,0.9652862567629631,0.9711222878137847,0.005836031050821644,,
berlin,link+k10d,3,0,20,-1,0.6842382355247387,,,1.0,3.0
berlin,link+k25,3,0,20,3,0.9311998028519262,0.9311998028519262,0.0,,
berlin,link+k25,3,0,20,5,0.9498504587053196,0.9567954476717485,0.006944988966428922,,
berlin,link+k25,3,0,20,8,0.9687363480559632,0.9711222878137847,0.0023859397578215313,,
berlin,link+k25,3,0,20,-1,0.6842382355247387,,,1.0,3.0
berlin,link+k25,3,1,20,3,0.9234370974426759,0.9311998028519262,0.007762705409250281,,
berlin,link+k25,3,1,20,5,0.9485174688875696,0.9567954476717485,0.008277978784178908,,
berlin,link+k25,3,1,20,8,0.9650062168852844,0.9711222878137847,0.006116070928500306,,
berlin,link+k25,3,1,20,-1,0.6842382355247387,,,1.0,3.0
berlin,link+k25,3,2,20,3,0.9311998028519262,0.9311998028519262,0.0,,
berlin,link+k25,3,2,20,5,0.952538841531034,0.9567954476717485,0.004256606140714547,,
berlin,link+k25,3,2,20,8,0.9692628230259989,0.9711222878137847,0.0018594647877858694,,
berlin,link+k25,3,2,20,-1,0.6842382355247387,,,1.0,3.0
berlin,link+k25,3,3,20,3,0.9239075644371758,0.9311998028519262,0.007292238414750352,,
berlin,link+k25,3,3,20,5,0.9556752881610341,0.9567954476717485,0.0011201595107144247,,
berlin,link+k25,3,3,20,8,0.9701365474443561,0.9711222878137847,0.000985740369428667,,
berlin,link+k25,3,3,20,-1,0.6842382355247387,,,1.0,3.0
berlin,link+k25,3,4,20,3,0.9311998028519262,0.9311998028519262,0.0,,
berlin,link+k25,3,4,20,5,0.9549919908594984,0.9567954476717485,0.001803456812250137,,
berlin,link+k25,3,4,20,8,0.967548978974606,0.9711222878137847,0.0035733088391787238,,
berlin,link+k25,3,4,20,-1,0.6842382355247387,,,1.0,3.0
berlin,link+k25,3,5,20,3,0.9311998028519262,0.9311998028519262,0.0,,
berlin,link+k25,3,5,20,5,0.9498504587053196,0.9567954476717485,0.006944988966428922,,
berlin,link+k25,3,5,20,8,0.9687363480559632,0.9711222878137847,0.0023859397578215313,,
berlin,link+k25,3,5,20,-1,0.6842382355247387,,,1.0,3.0
berlin,link+k25,3,6,20,3,0.9311998028519262,0.9311998028519262,0.0,,
berlin,link+k25,3,6,20,5,0.9535021787102483,0.9567954476717485,0.003293268961500173,,
berlin,link+k25,3,6,20,8,0.9665632386051773,0.9711222878137847,0.004559049208607391,,
berlin,link+k25,3,6,20,-1,0.6842382355247387,,,1.0,3.0
berlin,link+k25,3,7,20,3,0.9311998028519262,0.9311998028519262,0.0,,
berlin,link+k25,3,7,20,5,0.9552608291420698,0.9567954476717485,0.001534618529678733,,
berlin,link+k25,3,7,20,8,0.9665968433904988,0.9711222878137847,0.004525444423285951,,
berlin,link+k25,3,7,20,-1,0.6842382355247387,,,1.0,3.0
berlin,link+k25,3,8,20,3,0.9239075644371758,0.9311998028519262,0.007292238414750352,,
berlin,link+k25,3,8,20,5,0.9514186820203197,0.9567954476717485,0.005376765651428861,,
berlin,link+k25,3,8,20,8,0.9699237171373204,0.9711222878137847,0.001198570676464339,,
berlin,link+k25,3,8,20,-1,0.6842382355247387,,,1.0,3.0
berlin,link+k25,3,9,20,3,0.9239075644371758,0.9311998028519262,0.007292238414750352,,
berlin,link+k25,3,9,20,5,0.9572771162613556,0.9567954476717485,-0.00048166858960707604,,
berlin,link+k25,3,9,20,8,0.9688931703874631,0.9711222878137847,0.002229117426321592,,
berlin,link+k25,3,9,20,-1,0.6842382355247387,,,1.0,3.0
berlin,link+k25d,3,0,20,3,0.9239075644371758,0.9311998028519262,0.007292238414750352,,
berlin,link+k25d,3,0,20,5,0.9517211250882126,0.9567954476717485,0.005074322583535906,,
berlin,link+k25d,3,0,20,8,0.9652862567629631,0.9711222878137847,0.005836031050821644,,
berlin,link+k25d,3,0,20,-1,0.8842875225432102,,,2.0,3.0
berlin,link+k50,3,0,20,3,0.9239075644371758,0.9311998028519262,0.007292238414750352,,
berlin,link+k50,3,0,20,5,0.9514186820203197,0.9567954476717485,0.005376765651428861,,
berlin,link+k50,3,0,20,8,0.9656223046161774,0.9711222878137847,0.005499983197607361,,
berlin,link+k50,3,0,20,-1,0.6842382355247387,,,1.0,3.0
berlin,link+k50,3,1,20,3,0.9311998028519262,0.9311998028519262,0.0,,
berlin,link+k50,3,1,20,5,0.9538046217781412,0.9567954476717485,0.0029908258936073295,,
berlin,link+k50,3,1,20,8,0.9695988708792131,0.9711222878137847,0.0015234169345715864,,
berlin,link+k50,3,1,20,-1,0.6842382355247387,,,1.0,3.0
berlin,link+k50,3,2,20,3,0.9239075644371758,0.9311998028519262,0.007292238414750352,,
berlin,link+k50,3,2,20,5,0.9492791773548553,0.9567954476717485,0.00751627031689317,,
berlin,link+k50,3,2,20,8,0.9702597649905347,0.9711222878137847,0.0008625228232500559,,
berlin,link+k50,3,2,20,-1,0.6842382355247387,,,1.0,3.0
berlin,link+k50,3,3,20,3,0.9311998028519262,0.9311998028519262,0.0,,
berlin,link+k50,3,3,20,5,0.9532109372374626,0.9567954476717485,0.0035845104342858702,,
berlin,link+k50,3,3,20,8,0.9698117011862489,0.9711222878137847,0.0013105866275358036,,
berlin,link+k50,3,3,20,-1,0.6842382355247387,,,1.0,3.0
berlin,link+k50,3,4,20,3,0.9239075644371758,0.9311998028519262,0.007292238414750352,,
berlin,link+k50,3,4,20,5,0.9560449407995698,0.9567954476717485,0.0007505068721787023,,
berlin,link+k50,3,4,20,8,0.970203757014999,0.9711222878137847,0.0009185307987857882,,
berlin,link+k50,3,4,20,-1,0.6842382355247387,,,1.0,3.0
berlin,link+k50,3,5,20,3,0.9311998028519262,0.9311998028519262,0.0,,
berlin,link+k50,3,5,20,5,0.9535021787102483,0.9567954476717485,0.003293268961500173,,
berlin,link+k50,3,5,20,8,0.969744491615606,0.9711222878137847,0.0013777961981786824,,
berlin,link+k50,3,5,20,-1,0.6842382355247387,,,1.0,3.0
berlin,link+k50,3,6,20,3,0.9239075644371758,0.9311998028519262,0.007292238414750352,,
berlin,link+k50,3,6,20,5,0.9501753049634268,0.9567954476717485,0.006620142708321675,,
berlin,link+k50,3,6,20,8,0.9686579368902132,0.9711222878137847,0.0024643509235715566,,
berlin,link+k50,3,6,20,-1,0.6842382355247387,,,1.0,3.0
berlin,link+k50,3,7,20,3,0.9239075644371758,0.9311998028519262,0.007292238414750352,,
berlin,link+k50,3,7,20,5,0.9542190807971055,0.9567954476717485,0.0025763668746430213,,
berlin,link+k50,3,7,20,8,0.9711222878137847,0.9711222878137847,0.0,,
berlin,link+k50,3,7,20,-1,0.6842382355247387,,,1.0,3.0
berlin,link+k50,3,8,20,3,0.9239075644371758,0.9311998028519262,0.007292238414750352,,
berlin,link+k50,3,8,20,5,0.9485174688875696,0.9567954476717485,0.008277978784178908,,
berlin,link+k50,3,8,20,8,0.9690611943140703,0.9711222878137847,0.002061093499714395,,
berlin,link+k50,3,8,20,-1,0.6842382355247387,,,1.0,3.0
berlin,link+k50,3,9,20,3,0.9311998028519262,0.9311998028519262,0.0,,
berlin,link+k50,3,9,20,5,0.9548911765035341,0.9567954476717485,0.0019042711682144553,,
berlin,link+k50,3,9,20,8,0.9679858411837846,0.9711222878137847,0.0031364466300001226,,
berlin,link+k50,3,9,20,-1,0.6842382355247387,,,1.0,3.0
berlin,link+k50d,3,0,20,3,0.9239075644371758,0.9311998028519262,0.007292238414750352,,
berlin,link+k50d,3,0,20,5,0.9517211250882126,0.9567954476717485,0.005074322583535906,,
berlin,link+k50d,3,0,20,8,0.9652862567629631,0.9711222878137847,0.005836031050821644,,
berlin,link+k50d,3,0,20,-1,0.8842875225432102,,,2.0,3.0
berlin,link,4,0,20,3,0.9239075644371758,0.9311998028519262,0.007292238414750352,,
berlin,link,4,0,20,5,0.9514186820203197,0.9567954476717485,0.005376765651428861,,
berlin,link,4,0,20,8,0.9680530507544274,0.9711222878137847,0.003069237059357355,,
berlin,link,4,0,20,-1,0.6842382355247387,,,1.0,3.0
berlin,link,4,0,10,3,0.9239075644371758,0.9311998028519262,0.007292238414750352,,
berlin,link,4,0,10,5,0.9556528849708198,0.9567954476717485,0.0011425627009287176,,
berlin,link,4,0,10,8,0.9661599811813202,0.9695092581183561,0.0033492769370359055,,
berlin,link,4,0,10,-1,0.6842382355247387,,,1.0,3.0
berlin,link_reg,4,0,20,3,0.8887569589909603,0.9311998028519262,0.04244284386096586,,
berlin,link_reg,4,0,20,5,0.9100399896945325,0.9567954476717485,0.04675545797721603,,
berlin,link_reg,4,0,20,8,0.9100399896945325,0.9711222878137847,0.061082298119252254,,
berlin,link_reg,4,0,20,-1,0.6842382355247387,,,1.0,3.0
berlin,link_reg,4,0,10,3,0.9048984575403537,0.9311998028519262,0.026301345311572466,,
berlin,link_reg,4,0,10,5,0.9048984575403537,0.9567954476717485,0.051896990131394816,,
berlin,link_reg,4,0,10,8,0.9048984575403537,0.9695092581183561,0.06461080057800239,,
berlin,link_reg,4,0,10,-1,0.6842382355247387,,,1.0,3.0
berlin,link+k10,4,0,20,3,0.9239075644371758,0.9311998028519262,0.007292238414750352,,
berlin,link+k10,4,0,20,5,0.9492791773548553,0.9567954476717485,0.00751627031689317,,
berlin,link+k10,4,0,20,8,0.9686579368902132,0.9711222878137847,0.0024643509235715566,,
berlin,link+k10,4,0,20,-1,0.6842382355247387,,,1.0,3.0
berlin,link+k10,4,1,20,3,0.9239075644371758,0.9311998028519262,0.007292238414750352,,
berlin,link+k10,4,1,20,5,0.9514186820203197,0.9567954476717485,0.005376765651428861,,
berlin,link+k10,4,1,20,8,0.9680530507544274,0.9711222878137847,0.003069237059357355,,
berlin,link+k10,4,1,20,-1,0.6842382355247387,,,1.0,3.0
berlin,link+k10,4,2,20,3,0.9239075644371758,0.9311998028519262,0.007292238414750352,,
berlin,link+k10,4,2,20,5,0.9541294680362483,0.9567954476717485,0.002665979635500193,,
berlin,link+k10,4,2,20,8,0.969666080449856,0.9711222878137847,0.0014562073639287076,,
berlin,link+k10,4,2,20,-1,0.6842382355247387,,,1.0,3.0
berlin,link+k10,4,3,20,3,0.9239075644371758,0.9311998028519262,0.007292238414750352,,
berlin,link+k10,4,3,20,5,0.9514186820203197,0.9567954476717485,0.005376765651428861,,
berlin,link+k10,4,3,20,8,0.9656223046161774,0.9711222878137847,0.005499983197607361,,
berlin,link+k10,4,3,20,-1,0.6842382355247387,,,1.0,3.0
berlin,link+k10,4,4,20,3,0.9239075644371758,0.9311998028519262,0.007292238414750352,,
berlin,link+k10,4,4,20,5,0.9517771330637482,0.9567954476717485,0.005018314608000285,,
berlin,link+k10,4,4,20,8,0.9652078455972131,0.9711222878137847,0.005914442216571669,,
berlin,link+k10,4,4,20,-1,0.6842382355247387,,,1.0,3.0
berlin,link+k10,4,5,20,3,0.9239075644371758,0.9311998028519262,0.007292238414750352,,
berlin,link+k10,4,5,20,5,0.9514186820203197,0.9567954476717485,0.005376765651428861,,
berlin,link+k10,4,5,20,8,0.9663280051079274,0.9711222878137847,0.004794282705857356,,
berlin,link+k10,4,5,20,-1,0.6842382355247387,,,1.0,3.0
berlin,link+k10,4,6,20,3,0.9239075644371758,0.9311998028519262,0.007292238414750352,,
berlin,link+k10,4,6,20,5,0.9514186820203197,0.9567954476717485,0.005376765651428861,,
berlin,link+k10,4,6,20,8,0.9663280051079274,0.9711222878137847,0.004794282705857356,,
berlin,link+k10,4,6,20,-1,0.6842382355247387,,,1.0,3.0
berlin,link+k10,4,7,20,3,0.9239075644371758,0.9311998028519262,0.007292238414750352,,
berlin,link+k10,4,7,20,5,0.9485174688875696,0.9567954476717485,0.008277978784178908,,
berlin,link+k10,4,7,20,8,0.9702597649905347,0.9711222878137847,0.0008625228232500559,,
berlin,link+k10,4,7,20,-1,0.6842382355247387,,,1.0,3.0
berlin,link+k10,4,8,20,3,0.9230786463992473,0.9311998028519262,0.008121156452678857,,
berlin,link+k10,4,8,20,5,0.9468036248361766,0.9567954476717485,0.009991822835571873,,
berlin,link+k10,4,8,20,8,0.9704949984877846,0.9711222878137847,0.0006272893260000911,,
berlin,link+k10,4,8,20,-1,0.6842382355247387,,,1.0,3.0
berlin,link+k10,4,9,20,3,0.9239075644371758,0.9311998028519262,0.007292238414750352,,
berlin,link+k10,4,9,20,5,0.9556752881610341,0.9567954476717485,0.0011201595107144247,,
berlin,link+k10,4,9,20,8,0.9704949984877846,0.9711222878137847,0.0006272893260000911,,
berlin,link+k10,4,9,20,-1,0.6842382355247387,,,1.0,3.0
berlin,link+k10d,4,0,20,3,0.9239075644371758,0.9311998028519262,0.007292238414750352,,
berlin,link+k10d,4,0,20,5,0.9514186820203197,0.9567954476717485,0.005376765651428861,,
berlin,link+k10d,4,0,20,8,0.9663280051079274,0.9711222878137847,0.004794282705857356,,
berlin,link+k10d,4,0,20,-1,0.6842382355247387,,,1.0,3.0
berlin,link+k25,4,0,20,3,0.9239075644371758,0.9311998028519262,0.007292238414750352,,
berlin,link+k25,4,0,20,5,0.9517771330637482,0.9567954476717485,0.005018314608000285,,
berlin,link+k25,4,0,20,8,0.9700469346834989,0.9711222878137847,0.0010753531302858388,,
berlin,link+k25,4,0,20,-1,0.6842382355247387,,,1.0,3.0
berlin,link+k25,4,1,20,3,0.9239075644371758,0.9311998028519262,0.007292238414750352,,
berlin,link+k25,4,1,20,5,0.9517211250882126,0.9567954476717485,0.005074322583535906,,
berlin,link+k25,4,1,20,8,0.9650062168852844,0.9711222878137847,0.006116070928500306,,
berlin,link+k25,4,1,20,-1,0.6842382355247387,,,1.0,3.0
berlin,link+k25,4,2,20,3,0.9311998028519262,0.9311998028519262,0.0,,
berlin,link+k25,4,2,20,5,0.952538841531034,0.9567954476717485,0.004256606140714547,,
berlin,link+k25,4,2,20,8,0.9692628230259989,0.9711222878137847,0.0018594647877858694,,
berlin,link+k25,4,2,20,-1,0.6842382355247387,,,1.0,3.0
berlin,link+k25,4,3,20,3,0.9239075644371758,0.9311998028519262,0.007292238414750352,,
berlin,link+k25,4,3,20,5,0.9556752881610341,0.9567954476717485,0.0011201595107144247,,
berlin,link+k25,4,3,20,8,0.9678514220424989,0.9711222878137847,0.00327086577128588,,
berlin,link+k25,4,3,20,-1,0.6842382355247387,,,1.0,3.0
berlin,link+k25,4,4,20,3,0.9283433960996046,0.9311998028519262,0.002856406752321572,,
berlin,link+k25,4,4,20,5,0.9572771162613556,0.9567954476717485,-0.00048166858960707604,,
berlin,link+k25,4,4,20,8,0.9683890986076418,0.9711222878137847,0.002733189206142961,,
berlin,link+k25,4,4,20,-1,0.6842382355247387,,,1.0,3.0
berlin,link+k25,4,5,20,3,0.9239075644371758,0.9311998028519262,0.007292238414750352,,
berlin,link+k25,4,5,20,5,0.9534909771151412,0.9567954476717485,0.0033044705566073196,,
berlin,link+k25,4,5,20,8,0.9702597649905347,0.9711222878137847,0.0008625228232500559,,
berlin,link+k25,4,5,20,-1,0.6842382355247387,,,1.0,3.0
berlin,link+k25,4,6,20,3,0.9311998028519262,0.9311998028519262,0.0,,
berlin,link+k25,4,6,20,5,0.9496152252080696,0.9567954476717485,0.007180222463678887,,
berlin,link+k25,4,6,20,8,0.9665632386051773,0.9711222878137847,0.004559049208607391,,
berlin,link+k25,4,6,20,-1,0.6842382355247387,,,1.0,3.0
berlin,link+k25,4,7,20,3,0.9239075644371758,0.9311998028519262,0.007292238414750352,,
berlin,link+k25,4,7,20,5,0.9541294680362483,0.9567954476717485,0.002665979635500193,,
berlin,link+k25,4,7,20,8,0.9690947990993918,0.9711222878137847,0.0020274887143929554,,
berlin,link+k25,4,7,20,-1,0.6842382355247387,,,1.0,3.0
berlin,link+k25,4,8,20,3,0.9239075644371758,0.9311998028519262,0.007292238414750352,,
berlin,link+k25,4,8,20,5,0.9514186820203197,0.9567954476717485,0.005376765651428861,,
berlin,link+k25,4,8,20,8,0.9690611943140703,0.9711222878137847,0.002061093499714395,,
berlin,link+k25,4,8,20,-1,0.6842382355247387,,,1.0,3.0
berlin,link+k25,4,9,20,3,0.9239075644371758,0.9311998028519262,0.007292238414750352,,
berlin,link+k25,4,9,20,5,0.9572771162613556,0.9567954476717485,-0.00048166858960707604,,
berlin,link+k25,4,9,20,8,0.9688931703874631,0.9711222878137847,0.002229117426321592,,
berlin,link+k25,4,9,20,-1,0.6842382355247387,,,1.0,3.0
berlin,link+k25d,4,0,20,3,0.9311998028519262,0.9311998028519262,0.0,,
berlin,link+k25d,4,0,20,5,0.9528076798136055,0.9567954476717485,0.003987767858143032,,
berlin,link+k25d,4,0,20,8,0.9638300493990344,0.9711222878137847,0.007292238414750352,,
berlin,link+k25d,4,0,20,-1,0.8676083474286739,,,2.0,3.0
berlin,link+k50,4,0,20,3,0.9239075644371758,0.9311998028519262,0.007292238414750352,,
berlin,link+k50,4,0,20,5,0.9514186820203197,0.9567954476717485,0.005376765651428861,,
berlin,link+k50,4,0,20,8,0.9694756533330346,0.9711222878137847,0.0016466344807500866,,
berlin,link+k50,4,0,20,-1,0.6842382355247387,,,1.0,3.0
berlin,link+k50,4,1,20,3,0.9311998028519262,0.9311998028519262,0.0,,
berlin,link+k50,4,1,20,5,0.9541294680362483,0.9567954476717485,0.002665979635500193,,
berlin,link+k50,4,1,20,8,0.971379924501249,0.9711222878137847,-0.0002576366874642577,,
berlin,link+k50,4,1,20,-1,0.6842382355247387,,,1.0,3.0
berlin,link+k50,4,2,20,3,0.9239075644371758,0.9311998028519262,0.007292238414750352,,
berlin,link+k50,4,2,20,5,0.9492791773548553,0.9567954476717485,0.00751627031689317,,
berlin,link+k50,4,2,20,8,0.9688931703874631,0.9711222878137847,0.002229117426321592,,
berlin,link+k50,4,2,20,-1,0.6842382355247387,,,1.0,3.0
berlin,link+k50,4,3,20,3,0.9311998028519262,0.9311998028519262,0.0,,
berlin,link+k50,4,3,20,5,0.9541294680362483,0.9567954476717485,0.002665979635500193,,
berlin,link+k50,4,3,20,8,0.971379924501249,0.9711222878137847,-0.0002576366874642577,,
berlin,link+k50,4,3,20,-1,0.6842382355247387,,,1.0,3.0
berlin,link+k50,4,4,20,3,0.9239075644371758,0.9311998028519262,0.007292238414750352,,
berlin,link+k50,4,4,20,5,0.9567730444815342,0.9567954476717485,2.2403190214292934e-05,,
berlin,link+k50,4,4,20,8,0.9706406192241775,0.9711222878137847,0.00048166858960718706,,
berlin,link+k50,4,4,20,-1,0.6842382355247387,,,1.0,3.0
berlin,link+k50,4,5,20,3,0.9239075644371758,0.9311998028519262,0.007292238414750352,,
berlin,link+k50,4,5,20,5,0.9517211250882126,0.9567954476717485,0.005074322583535906,,
berlin,link+k50,4,5,20,8,0.967470567808856,0.9711222878137847,0.003651720004928749,,
berlin,link+k50,4,5,20,-1,0.6842382355247387,,,1.0,3.0
berlin,link+k50,4,6,20,3,0.9239075644371758,0.9311998028519262,0.007292238414750352,,
berlin,link+k50,4,6,20,5,0.9501753049634268,0.9567954476717485,0.006620142708321675,,
berlin,link+k50,4,6,20,8,0.9686579368902132,0.9711222878137847,0.0024643509235715566,,
berlin,link+k50,4,6,20,-1,0.6842382355247387,,,1.0,3.0
berlin,link+k50,4,7,20,3,0.9239075644371758,0.9311998028519262,0.007292238414750352,,
berlin,link+k50,4,7,20,5,0.9556752881610341,0.9567954476717485,0.0011201595107144247,,
berlin,link+k50,4,7,20,8,0.9711222878137847,0.9711222878137847,0.0,,
berlin,link+k50,4,7,20,-1,0.6842382355247387,,,1.0,3.0
berlin,link+k50,4,8,20,3,0.9239075644371758,0.9311998028519262,0.007292238414750352,,
berlin,link+k50,4,8,20,5,0.9485174688875696,0.9567954476717485,0.008277978784178908,,
berlin,link+k50,4,8,20,8,0.969352435786856,0.9711222878137847,0.0017698520269286977,,
berlin,link+k50,4,8,20,-1,0.6842382355247387,,,1.0,3.0
berlin,link+k50,4,9,20,3,0.9307405374525333,0.9311998028519262,0.0004592653993928941,,
berlin,link+k50,4,9,20,5,0.9556752881610341,0.9567954476717485,0.0011201595107144247,,
berlin,link+k50,4,9,20,8,0.9697556932107132,0.9711222878137847,0.001366594603071536,,
berlin,link+k50,4,9,20,-1,0.6842382355247387,,,1.0,3.0
berlin,link+k50d,4,0,20,3,0.9239075644371758,0.9311998028519262,0.007292238414750352,,
berlin,link+k50d,4,0,20,5,0.9517211250882126,0.9567954476717485,0.005074322583535906,,
berlin,link+k50d,4,0,20,8,0.9652862567629631,0.9711222878137847,0.005836031050821644,,
berlin,link+k50d,4,0,20,-1,0.8842875225432102,,,2.0,3.0
chicago,link,0,0,20,3,0.8841287137520014,0.9033757338551859,0.019247020103184465,,
chicago,link,0,0,20,5,0.9560465219711795,0.9521659847002313,-0.00388053727094817,,
chicago,link,0,0,20,8,0.9786737235367372,0.9819760718733321,0.003302348336594929,,
chicago,link,0,0,20,-1,0.8054727806440135,,,2.0,3.0
chicago,link,0,0,10,3,0.8841287137520014,0.9033757338551859,0.019247020103184465,,
chicago,link,0,0,10,5,0.9459059775840598,0.9446828856075431,-0.0012230919765167103,,
chicago,link,0,0,10,8,0.9680105853051059,0.9698896993417542,0.0018791140366483106,,
chicago,link,0,0,10,-1,0.8054727806440135,,,2.0,3.0
chicago,link_reg,0,0,20,3,0.8841287137520014,0.9033757338551859,0.019247020103184465,,
chicago,link_reg,0,0,20,5,0.9459059775840598,0.9521659847002313,0.006260007116171473,,
chicago,link_reg,0,0,20,8,0.9459059775840598,0.9819760718733321,0.036070094289272325,,
chicago,link_reg,0,0,20,-1,0.6276685643123999,,,1.0,3.0
chicago,link_reg,0,0,10,3,0.8841287137520014,0.9033757338551859,0.019247020103184465,,
chicago,link_reg,0,0,10,5,0.9459059775840598,0.9446828856075431,-0.0012230919765167103,,
chicago,link_reg,0,0,10,8,0.9459059775840598,0.9698896993417542,0.023983721757694365,,
chicago,link_reg,0,0,10,-1,0.6276685643123999,,,1.0,3.0
chicago,link+k10,0,0,20,3,0.8841287137520014,0.9033757338551859,0.019247020103184465,,
chicago,link+k10,0,0,20,5,0.9560465219711795,0.9521659847002313,-0.00388053727094817,,
chicago,link+k10,0,0,20,8,0.9786737235367372,0.9819760718733321,0.003302348336594929,,
chicago,link+k10,0,0,20,-1,0.8054727806440135,,,2.0,3.0
chicago,link+k10,0,1,20,3,0.8841287137520014,0.9033757338551859,0.019247020103184465,,
chicago,link+k10,0,1,20,5,0.9560465219711795,0.9521659847002313,-0.00388053727094817,,
chicago,link+k10,0,1,20,8,0.9793519836328055,0.9819760718733321,0.002624088240526623,,
chicago,link+k10,0,1,20,-1,0.8054727806440135,,,2.0,3.0
chicago,link+k10,0,2,20,3,0.8841287137520014,0.9033757338551859,0.019247020103184465,,
chicago,link+k10,0,2,20,5,0.9560465219711795,0.9521659847002313,-0.00388053727094817,,
chicago,link+k10,0,2,20,8,0.9793519836328055,0.9819760718733321,0.002624088240526623,,
chicago,link+k10,0,2,20,-1,0.8054727806440135,,,2.0,3.0
chicago,link+k10,0,3,20,3,0.8841287137520014,0.9033757338551859,0.019247020103184465,,
chicago,link+k10,0,3,20,5,0.9560465219711795,0.9521659847002313,-0.00388053727094817,,
chicago,link+k10,0,3,20,8,0.978162248710194,0.9819760718733321,0.0038138231631381636,,
chicago,link+k10,0,3,20,-1,0.8054727806440135,,,2.0,3.0
chicago,link+k10,0,4,20,3,0.8841287137520014,0.9033757338551859,0.019247020103184465,,
chicago,link+k10,0,4,20,5,0.9560465219711795,0.9521659847002313,-0.00388053727094817,,
chicago,link+k10,0,4,20,8,0.9786737235367372,0.9819760718733321,0.003302348336594929,,
chicago,link+k10,0,4,20,-1,0.8054727806440135,,,2.0,3.0
chicago,link+k10,0,5,20,3,0.8841287137520014,0.9033757338551859,0.019247020103184465,,
chicago,link+k10,0,5,20,5,0.9560465219711795,0.9521659847002313,-0.00388053727094817,,
chicago,link+k10,0,5,20,8,0.9784958192492439,0.9819760718733321,0.0034802526240882425,,
chicago,link+k10,0,5,20,-1,0.8054727806440135,,,2.0,3.0
chicago,link+k10,0,6,20,3,0.8841287137520014,0.9033757338551859,0.019247020103184465,,
chicago,link+k10,0,6,20,5,0.9560465219711795,0.9521659847002313,-0.00388053727094817,,
chicago,link+k10,0,6,20,8,0.9793519836328055,0.9819760718733321,0.002624088240526623,,
chicago,link+k10,0,6,20,-1,0.8054727806440135,,,2.0,3.0
chicago,link+k10,0,7,20,3,0.8841287137520014,0.9033757338551859,0.019247020103184465,,
chicago,link+k10,0,7,20,5,0.9560465219711795,0.9521659847002313,-0.00388053727094817,,
chicago,link+k10,0,7,20,8,0.9798078633695072,0.9819760718733321,0.002168208503824931,,
chicago,link+k10,0,7,20,-1,0.8054727806440135,,,2.0,3.0
chicago,link+k10,0,8,20,3,0.8841287137520014,0.9033757338551859,0.019247020103184465,,
chicago,link+k10,0,8,20,5,0.9560465219711795,0.9521659847002313,-0.00388053727094817,,
chicago,link+k10,0,8,20,8,0.9774951076320939,0.9819760718733321,0.004480964241238228,,
chicago,link+k10,0,8,20,-1,0.8054727806440135,,,2.0,3.0
chicago,link+k10,0,9,20,3,0.876300925102295,0.9033757338551859,0.027074808752890922,,
chicago,link+k10,0,9,20,5,0.9492750400284646,0.9521659847002313,0.0028909446717666487,,
chicago,link+k10,0,9,20,8,0.9793519836328055,0.9819760718733321,0.002624088240526623,,
chicago,link+k10,0,9,20,-1,0.8146459704678882,,,2.0,3.0
chicago,link+k10d,0,0,20,3,0.8581658067959438,0.9033757338551859,0.045209927059242094,,
chicago,link+k10d,0,0,20,5,0.9155844155844156,0.9521659847002313,0.03658156911581567,,
chicago,link+k10d,0,0,20,8,0.975060042697029,0.9819760718733321,0.0069160291763031845,,
chicago,link+k10d,0,0,20,-1,0.7499888809820316,,,2.0,3.0
chicago,link+k25,0,0,20,3,0.8841287137520014,0.9033757338551859,0.019247020103184465,,
chicago,link+k25,0,0,20,5,0.9560465219711795,0.9521659847002313,-0.00388053727094817,,
chicago,link+k25,0,0,20,8,0.9786181284468956,0.9819760718733321,0.0033579434264365826,,
chicago,link+k25,0,0,20,-1,0.8054727806440135,,,2.0,3.0
chicago,link+k25,0,1,20,3,0.8841287137520014,0.9033757338551859,0.019247020103184465,,
chicago,link+k25,0,1,20,5,0.9560465219711795,0.9521659847002313,-0.00388053727094817,,
chicago,link+k25,0,1,20,8,0.9793519836328055,0.9819760718733321,0.002624088240526623,,
chicago,link+k25,0,1,20,-1,0.8054727806440135,,,2.0,3.0
chicago,link+k25,0,2,20,3,0.8841287137520014,0.9033757338551859,0.019247020103184465,,
chicago,link+k25,0,2,20,5,0.9571361857320762,0.9521659847002313,-0.0049702010318448675,,
chicago,link+k25,0,2,20,8,0.9799857676570005,0.9819760718733321,0.0019903042163316176,,
chicago,link+k25,0,2,20,-1,0.8054727806440135,,,2.0,3.0
chicago,link+k25,0,3,20,3,0.8841287137520014,0.9033757338551859,0.019247020103184465,,
chicago,link+k25,0,3,20,5,0.9560465219711795,0.9521659847002313,-0.00388053727094817,,
chicago,link+k25,0,3,20,8,0.9793519836328055,0.9819760718733321,0.002624088240526623,,
chicago,link+k25,0,3,20,-1,0.8054727806440135,,,2.0,3.0
chicago,link+k25,0,4,20,3,0.8841287137520014,0.9033757338551859,0.019247020103184465,,
chicago,link+k25,0,4,20,5,0.9560465219711795,0.9521659847002313,-0.00388053727094817,,
chicago,link+k25,0,4,20,8,0.9786737235367372,0.9819760718733321,0.003302348336594929,,
chicago,link+k25,0,4,20,-1,0.8054727806440135,,,2.0,3.0
chicago,link+k25,0,5,20,3,0.8841287137520014,0.9033757338551859,0.019247020103184465,,
chicago,link+k25,0,5,20,5,0.9560465219711795,0.9521659847002313,-0.00388053727094817,,
chicago,link+k25,0,5,20,8,0.9786737235367372,0.9819760718733321,0.003302348336594929,,
chicago,link+k25,0,5,20,-1,0.8054727806440135,,,2.0,3.0
chicago,link+k25,0,6,20,3,0.8841287137520014,0.9033757338551859,0.019247020103184465,,
chicago,link+k25,0,6,20,5,0.9560465219711795,0.9521659847002313,-0.00388053727094817,,
chicago,link+k25,0,6,20,8,0.9786737235367372,0.9819760718733321,0.003302348336594929,,
chicago,link+k25,0,6,20,-1,0.8054727806440135,,,2.0,3.0
chicago,link+k25,0,7,20,3,0.8841287137520014,0.9033757338551859,0.019247020103184465,,
chicago,link+k25,0,7,20,5,0.9560465219711795,0.9521659847002313,-0.00388053727094817,,
chicago,link+k25,0,7,20,8,0.9793519836328055,0.9819760718733321,0.002624088240526623,,
chicago,link+k25,0,7,20,-1,0.8054727806440135,,,2.0,3.0
chicago,link+k25,0,8,20,3,0.8841287137520014,0.9033757338551859,0.019247020103184465,,
chicago,link+k25,0,8,20,5,0.9560465219711795,0.9521659847002313,-0.00388053727094817,,
chicago,link+k25,0,8,20,8,0.9786737235367372,0.9819760718733321,0.003302348336594929,,
chicago,link+k25,0,8,20,-1,0.8054727806440135,,,2.0,3.0
chicago,link+k25,0,9,20,3,0.8841287137520014,0.9033757338551859,0.019247020103184465,,
chicago,link+k25,0,9,20,5,0.9560465219711795,0.9521659847002313,-0.00388053727094817,,
chicago,link+k25,0,9,20,8,0.9798078633695072,0.9819760718733321,0.002168208503824931,,
chicago,link+k25,0,9,20,-1,0.8054727806440135,,,2.0,3.0
chicago,link+k25d,0,0,20,3,0.8841287137520014,0.9033757338551859,0.019247020103184465,,
chicago,link+k25d,0,0,20,5,0.9560465219711795,0.9521659847002313,-0.00388053727094817,,
chicago,link+k25d,0,0,20,8,0.9774951076320939,0.9819760718733321,0.004480964241238228,,
chicago,link+k25d,0,0,20,-1,0.8054727806440135,,,2.0,3.0
chicago,link+k50,0,0,20,3,0.8841287137520014,0.9033757338551859,0.019247020103184465,,
chicago,link+k50,0,0,20,5,0.9560465219711795,0.9521659847002313,-0.00388053727094817,,
chicago,link+k50,0,0,20,8,0.9793519836328055,0.9819760718733321,0.002624088240526623,,
chicago,link+k50,0,0,20,-1,0.8054727806440135,,,2.0,3.0
chicago,link+k50,0,1,20,3,0.8841287137520014,0.9033757338551859,0.019247020103184465,,
chicago,link+k50,0,1,20,5,0.9560465219711795,0.9521659847002313,-0.00388053727094817,,
chicago,link+k50,0,1,20,8,0.9786181284468956,0.9819760718733321,0.0033579434264365826,,
chicago,link+k50,0,1,20,-1,0.8054727806440135,,,2.0,3.0
chicago,link+k50,0,2,20,3,0.8841287137520014,0.9033757338551859,0.019247020103184465,,
chicago,link+k50,0,2,20,5,0.9571361857320762,0.9521659847002313,-0.0049702010318448675,,
chicago,link+k50,0,2,20,8,0.9799857676570005,0.9819760718733321,0.0019903042163316176,,
chicago,link+k50,0,2,20,-1,0.8054727806440135,,,2.0,3.0
chicago,link+k50,0,3,20,3,0.8841287137520014,0.9033757338551859,0.019247020103184465,,
chicago,link+k50,0,3,20,5,0.9560465219711795,0.9521659847002313,-0.00388053727094817,,
chicago,link+k50,0,3,20,8,0.9769502757516456,0.9819760718733321,0.005025796121686521,,
chicago,link+k50,0,3,20,-1,0.8054727806440135,,,2.0,3.0
chicago,link+k50,0,4,20,3,0.8841287137520014,0.9033757338551859,0.019247020103184465,,
chicago,link+k50,0,4,20,5,0.9560465219711795,0.9521659847002313,-0.00388053727094817,,
chicago,link+k50,0,4,20,8,0.9793519836328055,0.9819760718733321,0.002624088240526623,,
chicago,link+k50,0,4,20,-1,0.8054727806440135,,,2.0,3.0
chicago,link+k50,0,5,20,3,0.8841287137520014,0.9033757338551859,0.019247020103184465,,
chicago,link+k50,0,5,20,5,0.9560465219711795,0.9521659847002313,-0.00388053727094817,,
chicago,link+k50,0,5,20,8,0.9793519836328055,0.9819760718733321,0.002624088240526623,,
chicago,link+k50,0,5,20,-1,0.8054727806440135,,,2.0,3.0
chicago,link+k50,0,6,20,3,0.8841287137520014,0.9033757338551859,0.019247020103184465,,
chicago,link+k50,0,6,20,5,0.9560465219711795,0.9521659847002313,-0.00388053727094817,,
chicago,link+k50,0,6,20,8,0.9793519836328055,0.9819760718733321,0.002624088240526623,,
chicago,link+k50,0,6,20,-1,0.8054727806440135,,,2.0,3.0
chicago,link+k50,0,7,20,3,0.8841287137520014,0.9033757338551859,0.019247020103184465,,
chicago,link+k50,0,7,20,5,0.9560465219711795,0.9521659847002313,-0.00388053727094817,,
chicago,link+k50,0,7,20,8,0.9793519836328055,0.9819760718733321,0.002624088240526623,,
chicago,link+k50,0,7,20,-1,0.8054727806440135,,,2.0,3.0
chicago,link+k50,0,8,20,3,0.8841287137520014,0.9033757338551859,0.019247020103184465,,
chicago,link+k50,0,8,20,5,0.9560465219711795,0.9521659847002313,-0.00388053727094817,,
chicago,link+k50,0,8,20,8,0.9798078633695072,0.9819760718733321,0.002168208503824931,,
chicago,link+k50,0,8,20,-1,0.8054727806440135,,,2.0,3.0
chicago,link+k50,0,9,20,3,0.8841287137520014,0.9033757338551859,0.019247020103184465,,
chicago,link+k50,0,9,20,5,0.9560465219711795,0.9521659847002313,-0.00388053727094817,,
chicago,link+k50,0,9,20,8,0.9786181284468956,0.9819760718733321,0.0033579434264365826,,
chicago,link+k50,0,9,20,-1,0.8054727806440135,,,2.0,3.0
chicago,link+k50d,0,0,20,3,0.8841287137520014,0.9033757338551859,0.019247020103184465,,
chicago,link+k50d,0,0,20,5,0.9560465219711795,0.9521659847002313,-0.00388053727094817,,
chicago,link+k50d,0,0,20,8,0.9774951076320939,0.9819760718733321,0.004480964241238228,,
chicago,link+k50d,0,0,20,-1,0.8054727806440135,,,2.0,3.0
chicago,link,1,0,20,3,0.8841287137520014,0.9033757338551859,0.019247020103184465,,
chicago,link,1,0,20,5,0.9560465219711795,0.9521659847002313,-0.00388053727094817,,
chicago,link,1,0,20,8,0.9774951076320939,0.9819760718733321,0.004480964241238228,,
chicago,link,1,0,20,-1,0.8054727806440135,,,2.0,3.0
chicago,link,1,0,10,3,0.8841287137520014,0.9033757338551859,0.019247020103184465,,
chicago,link,1,0,10,5,0.9459059775840598,0.9446828856075431,-0.0012230919765167103,,
chicago,link,1,0,10,8,0.9680105853051059,0.9698896993417542,0.0018791140366483106,,
chicago,link,1,0,10,-1,0.8054727806440135,,,2.0,3.0
chicago,link_reg,1,0,20,3,0.8621908913004803,0.9033757338551859,0.04118484255470556,,
chicago,link_reg,1,0,20,5,0.9346535314001068,0.9521659847002313,0.01751245330012452,,
chicago,link_reg,1,0,20,8,0.9346535314001068,0.9819760718733321,0.04732254047322537,,
chicago,link_reg,1,0,20,-1,0.5003224515210817,,,1.0,3.0
chicago,link_reg,1,0,10,3,0.8466576231987191,0.9033757338551859,0.056718110656466814,,
chicago,link_reg,1,0,10,5,0.9227005870841487,0.9446828856075431,0.021982298523394395,,
chicago,link_reg,1,0,10,8,0.9564134495641345,0.9698896993417542,0.013476249777619631,,
chicago,link_reg,1,0,10,-1,0.6177170432307418,,,1.0,3.0
chicago,link+k10,1,0,20,3,0.8841287137520014,0.9033757338551859,0.019247020103184465,,
chicago,link+k10,1,0,20,5,0.9560465219711795,0.9521659847002313,-0.00388053727094817,,
chicago,link+k10,1,0,20,8,0.9774951076320939,0.9819760718733321,0.004480964241238228,,
chicago,link+k10,1,0,20,-1,0.8054727806440135,,,2.0,3.0
chicago,link+k10,1,1,20,3,0.8841287137520014,0.9033757338551859,0.019247020103184465,,
chicago,link+k10,1,1,20,5,0.9560465219711795,0.9521659847002313,-0.00388053727094817,,
chicago,link+k10,1,1,20,8,0.9784958192492439,0.9819760718733321,0.0034802526240882425,,
chicago,link+k10,1,1,20,-1,0.8054727806440135,,,2.0,3.0
chicago,link+k10,1,2,20,3,0.8841287137520014,0.9033757338551859,0.019247020103184465,,
chicago,link+k10,1,2,20,5,0.9560465219711795,0.9521659847002313,-0.00388053727094817,,
chicago,link+k10,1,2,20,8,0.9774951076320939,0.9819760718733321,0.004480964241238228,,
chicago,link+k10,1,2,20,-1,0.8054727806440135,,,2.0,3.0
chicago,link+k10,1,3,20,3,0.8841287137520014,0.9033757338551859,0.019247020103184465,,
chicago,link+k10,1,3,20,5,0.9560465219711795,0.9521659847002313,-0.00388053727094817,,
chicago,link+k10,1,3,20,8,0.978162248710194,0.9819760718733321,0.0038138231631381636,,
chicago,link+k10,1,3,20,-1,0.8054727806440135,,,2.0,3.0
chicago,link+k10,1,4,20,3,0.8841287137520014,0.9033757338551859,0.019247020103184465,,
chicago,link+k10,1,4,20,5,0.9560465219711795,0.9521659847002313,-0.00388053727094817,,
chicago,link+k10,1,4,20,8,0.9774951076320939,0.9819760718733321,0.004480964241238228,,
chicago,link+k10,1,4,20,-1,0.8054727806440135,,,2.0,3.0
chicago,link+k10,1,5,20,3,0.8841287137520014,0.9033757338551859,0.019247020103184465,,
chicago,link+k10,1,5,20,5,0.9560465219711795,0.9521659847002313,-0.00388053727094817,,
chicago,link+k10,1,5,20,8,0.9789628180039139,0.9819760718733321,0.0030132538694181976,,
chicago,link+k10,1,5,20,-1,0.8054727806440135,,,2.0,3.0
chicago,link+k10,1,6,20,3,0.8841287137520014,0.9033757338551859,0.019247020103184465,,
chicago,link+k10,1,6,20,5,0.9560465219711795,0.9521659847002313,-0.00388053727094817,,
chicago,link+k10,1,6,20,8,0.9774951076320939,0.9819760718733321,0.004480964241238228,,
chicago,link+k10,1,6,20,-1,0.8054727806440135,,,2.0,3.0
chicago,link+k10,1,7,20,3,0.8841287137520014,0.9033757338551859,0.019247020103184465,,
chicago,link+k10,1,7,20,5,0.9560465219711795,0.9521659847002313,-0.00388053727094817,,
chicago,link+k10,1,7,20,8,0.9798078633695072,0.9819760718733321,0.002168208503824931,,
chicago,link+k10,1,7,20,-1,0.8054727806440135,,,2.0,3.0
chicago,link+k10,1,8,20,3,0.8841287137520014,0.9033757338551859,0.019247020103184465,,
chicago,link+k10,1,8,20,5,0.9560465219711795,0.9521659847002313,-0.00388053727094817,,
chicago,link+k10,1,8,20,8,0.9774951076320939,0.9819760718733321,0.004480964241238228,,
chicago,link+k10,1,8,20,-1,0.8054727806440135,,,2.0,3.0
chicago,link+k10,1,9,20,3,0.8841287137520014,0.9033757338551859,0.019247020103184465,,
chicago,link+k10,1,9,20,5,0.9560465219711795,0.9521659847002313,-0.00388053727094817,,
chicago,link+k10,1,9,20,8,0.9786737235367372,0.9819760718733321,0.003302348336594929,,
chicago,link+k10,1,9,20,-1,0.8054727806440135,,,2.0,3.0
chicago,link+k10d,1,0,20,3,0.8581658067959438,0.9033757338551859,0.045209927059242094,,
chicago,link+k10d,1,0,20,5,0.9155844155844156,0.9521659847002313,0.03658156911581567,,
chicago,link+k10d,1,0,20,8,0.975060042697029,0.9819760718733321,0.0069160291763031845,,
chicago,link+k10d,1,0,20,-1,0.7499888809820316,,,2.0,3.0
chicago,link+k25,1,0,20,3,0.8841287137520014,0.9033757338551859,0.019247020103184465,,
chicago,link+k25,1,0,20,5,0.9560465219711795,0.9521659847002313,-0.00388053727094817,,
chicago,link+k25,1,0,20,8,0.9786181284468956,0.9819760718733321,0.0033579434264365826,,
chicago,link+k25,1,0,20,-1,0.8054727806440135,,,2.0,3.0
chicago,link+k25,1,1,20,3,0.8841287137520014,0.9033757338551859,0.019247020103184465,,
chicago,link+k25,1,1,20,5,0.9560465219711795,0.9521659847002313,-0.00388053727094817,,
chicago,link+k25,1,1,20,8,0.9784958192492439,0.9819760718733321,0.0034802526240882425,,
chicago,link+k25,1,1,20,-1,0.8054727806440135,,,2.0,3.0
chicago,link+k25,1,2,20,3,0.8841287137520014,0.9033757338551859,0.019247020103184465,,
chicago,link+k25,1,2,20,5,0.9560465219711795,0.9521659847002313,-0.00388053727094817,,
chicago,link+k25,1,2,20,8,0.9798078633695072,0.9819760718733321,0.002168208503824931,,
chicago,link+k25,1,2,20,-1,0.8054727806440135,,,2.0,3.0
chicago,link+k25,1,3,20,3,0.8841287137520014,0.9033757338551859,0.019247020103184465,,
chicago,link+k25,1,3,20,5,0.9560465219711795,0.9521659847002313,-0.00388053727094817,,
chicago,link+k25,1,3,20,8,0.9774951076320939,0.9819760718733321,0.004480964241238228,,
chicago,link+k25,1,3,20,-1,0.8054727806440135,,,2.0,3.0
chicago,link+k25,1,4,20,3,0.8841287137520014,0.9033757338551859,0.019247020103184465,,
chicago,link+k25,1,4,20,5,0.9560465219711795,0.9521659847002313,-0.00388053727094817,,
chicago,link+k25,1,4,20,8,0.9786737235367372,0.9819760718733321,0.003302348336594929,,
chicago,link+k25,1,4,20,-1,0.8054727806440135,,,2.0,3.0
chicago,link+k25,1,5,20,3,0.8841287137520014,0.9033757338551859,0.019247020103184465,,
chicago,link+k25,1,5,20,5,0.9560465219711795,0.9521659847002313,-0.00388053727094817,,
chicago,link+k25,1,5,20,8,0.9774951076320939,0.9819760718733321,0.004480964241238228,,
chicago,link+k25,1,5,20,-1,0.8054727806440135,,,2.0,3.0
chicago,link+k25,1,6,20,3,0.8841287137520014,0.9033757338551859,0.019247020103184465,,
chicago,link+k25,1,6,20,5,0.9560465219711795,0.9521659847002313,-0.00388053727094817,,
chicago,link+k25,1,6,20,8,0.9786737235367372,0.9819760718733321,0.003302348336594929,,
chicago,link+k25,1,6,20,-1,0.8054727806440135,,,2.0,3.0
chicago,link+k25,1,7,20,3,0.8841287137520014,0.9033757338551859,0.019247020103184465,,
chicago,link+k25,1,7,20,5,0.9560465219711795,0.9521659847002313,-0.00388053727094817,,
chicago,link+k25,1,7,20,8,0.9774951076320939,0.9819760718733321,0.004480964241238228,,
chicago,link+k25,1,7,20,-1,0.8054727806440135,,,2.0,3.0
chicago,link+k25,1,8,20,3,0.8841287137520014,0.9033757338551859,0.019247020103184465,,
chicago,link+k25,1,8,20,5,0.9560465219711795,0.9521659847002313,-0.00388053727094817,,
chicago,link+k25,1,8,20,8,0.977228251200854,0.9819760718733321,0.0047478206724781424,,
chicago,link+k25,1,8,20,-1,0.8054727806440135,,,2.0,3.0
chicago,link+k25,1,9,20,3,0.8841287137520014,0.9033757338551859,0.019247020103184465,,
chicago,link+k25,1,9,20,5,0.9560465219711795,0.9521659847002313,-0.00388053727094817,,
chicago,link+k25,1,9,20,8,0.9791184842554705,0.9819760718733321,0.00285758761786159,,
chicago,link+k25,1,9,20,-1,0.8054727806440135,,,2.0,3.0
chicago,link+k25d,1,0,20,3,0.8581658067959438,0.9033757338551859,0.045209927059242094,,
chicago,link+k25d,1,0,20,5,0.9155844155844156,0.9521659847002313,0.03658156911581567,,
chicago,link+k25d,1,0,20,8,0.975060042697029,0.9819760718733321,0.0069160291763031845,,
chicago,link+k25d,1,0,20,-1,0.7499888809820316,,,2.0,3.0
chicago,link+k50,1,0,20,3,0.8841287137520014,0.9033757338551859,0.019247020103184465,,
chicago,link+k50,1,0,20,5,0.9560465219711795,0.9521659847002313,-0.00388053727094817,,
chicago,link+k50,1,0,20,8,0.9774951076320939,0.9819760718733321,0.004480964241238228,,
chicago,link+k50,1,0,20,-1,0.8054727806440135,,,2.0,3.0
chicago,link+k50,1,1,20,3,0.8841287137520014,0.9033757338551859,0.019247020103184465,,
chicago,link+k50,1,1,20,5,0.9560465219711795,0.9521659847002313,-0.00388053727094817,,
chicago,link+k50,1,1,20,8,0.9774951076320939,0.9819760718733321,0.004480964241238228,,
chicago,link+k50,1,1,20,-1,0.8054727806440135,,,2.0,3.0
chicago,link+k50,1,2,20,3,0.8841287137520014,0.9033757338551859,0.019247020103184465,,
chicago,link+k50,1,2,20,5,0.9571361857320762,0.9521659847002313,-0.0049702010318448675,,
chicago,link+k50,1,2,20,8,0.9794854118484255,0.9819760718733321,0.00249066002490661,,
chicago,link+k50,1,2,20,-1,0.8054727806440135,,,2.0,3.0
chicago,link+k50,1,3,20,3,0.8841287137520014,0.9033757338551859,0.019247020103184465,,
chicago,link+k50,1,3,20,5,0.9560465219711795,0.9521659847002313,-0.00388053727094817,,
chicago,link+k50,1,3,20,8,0.977228251200854,0.9819760718733321,0.0047478206724781424,,
chicago,link+k50,1,3,20,-1,0.8054727806440135,,,2.0,3.0
chicago,link+k50,1,4,20,3,0.8841287137520014,0.9033757338551859,0.019247020103184465,,
chicago,link+k50,1,4,20,5,0.9560465219711795,0.9521659847002313,-0.00388053727094817,,
chicago,link+k50,1,4,20,8,0.9784958192492439,0.9819760718733321,0.0034802526240882425,,
chicago,link+k50,1,4,20,-1,0.8054727806440135,,,2.0,3.0
chicago,link+k50,1,5,20,3,0.8841287137520014,0.9033757338551859,0.019247020103184465,,
chicago,link+k50,1,5,20,5,0.9560465219711795,0.9521659847002313,-0.00388053727094817,,
chicago,link+k50,1,5,20,8,0.9774951076320939,0.9819760718733321,0.004480964241238228,,
chicago,link+k50,1,5,20,-1,0.8054727806440135,,,2.0,3.0
chicago,link+k50,1,6,20,3,0.8841287137520014,0.9033757338551859,0.019247020103184465,,
chicago,link+k50,1,6,20,5,0.9560465219711795,0.9521659847002313,-0.00388053727094817,,
chicago,link+k50,1,6,20,8,0.9789628180039139,0.9819760718733321,0.0030132538694181976,,
chicago,link+k50,1,6,20,-1,0.8054727806440135,,,2.0,3.0
chicago,link+k50,1,7,20,3,0.8841287137520014,0.9033757338551859,0.019247020103184465,,
chicago,link+k50,1,7,20,5,0.9560465219711795,0.9521659847002313,-0.00388053727094817,,
chicago,link+k50,1,7,20,8,0.9798078633695072,0.9819760718733321,0.002168208503824931,,
chicago,link+k50,1,7,20,-1,0.8054727806440135,,,2.0,3.0
chicago,link+k50,1,8,20,3,0.8841287137520014,0.9033757338551859,0.019247020103184465,,
chicago,link+k50,1,8,20,5,0.9560465219711795,0.9521659847002313,-0.00388053727094817,,
chicago,link+k50,1,8,20,8,0.9789628180039139,0.9819760718733321,0.0030132538694181976,,
chicago,link+k50,1,8,20,-1,0.8054727806440135,,,2.0,3.0
chicago,link+k50,1,9,20,3,0.8841287137520014,0.9033757338551859,0.019247020103184465,,
chicago,link+k50,1,9,20,5,0.9560465219711795,0.9521659847002313,-0.00388053727094817,,
chicago,link+k50,1,9,20,8,0.9798078633695072,0.9819760718733321,0.002168208503824931,,
chicago,link+k50,1,9,20,-1,0.8054727806440135,,,2.0,3.0
chicago,link+k50d,1,0,20,3,0.8841287137520014,0.9033757338551859,0.019247020103184465,,
chicago,link+k50d,1,0,20,5,0.9560465219711795,0.9521659847002313,-0.00388053727094817,,
chicago,link+k50d,1,0,20,8,0.9774951076320939,0.9819760718733321,0.004480964241238228,,
chicago,link+k50d,1,0,20,-1,0.8054727806440135,,,2.0,3.0
chicago,link,2,0,20,3,0.8841287137520014,0.9033757338551859,0.019247020103184465,,
chicago,link,2,0,20,5,0.9560465219711795,0.9521659847002313,-0.00388053727094817,,
chicago,link,2,0,20,8,0.9793519836328055,0.9819760718733321,0.002624088240526623,,
chicago,link,2,0,20,-1,0.8054727806440135,,,2.0,3.0
chicago,link,2,0,10,3,0.8841287137520014,0.9033757338551859,0.019247020103184465,,
chicago,link,2,0,10,5,0.9459059775840598,0.9446828856075431,-0.0012230919765167103,,
chicago,link,2,0,10,8,0.9698896993417542,0.9698896993417542,0.0,,
chicago,link,2,0,10,-1,0.8054727806440135,,,2.0,3.0
chicago,link_reg,2,0,20,3,0.8683730652908735,0.9033757338551859,0.035002668564312334,,
chicago,link_reg,2,0,20,5,0.9335861056751468,0.9521659847002313,0.01857987902508451,,
chicago,link_reg,2,0,20,8,0.9335861056751468,0.9819760718733321,0.048389966198185363,,
chicago,link_reg,2,0,20,-1,0.5003224515210817,,,1.0,3.0
chicago,link_reg,2,0,10,3,0.8940802348336595,0.9033757338551859,0.009295499021526377,,
chicago,link_reg,2,0,10,5,0.9387564490304217,0.9446828856075431,0.005926436577121441,,
chicago,link_reg,2,0,10,8,0.9564134495641345,0.9698896993417542,0.013476249777619631,,
chicago,link_reg,2,0,10,-1,0.6177170432307418,,,1.0,3.0
chicago,link+k10,2,0,20,3,0.8841287137520014,0.9033757338551859,0.019247020103184465,,
chicago,link+k10,2,0,20,5,0.9560465219711795,0.9521659847002313,-0.00388053727094817,,
chicago,link+k10,2,0,20,8,0.9798078633695072,0.9819760718733321,0.002168208503824931,,
chicago,link+k10,2,0,20,-1,0.8054727806440135,,,2.0,3.0
chicago,link+k10,2,1,20,3,0.8841287137520014,0.9033757338551859,0.019247020103184465,,
chicago,link+k10,2,1,20,5,0.9560465219711795,0.9521659847002313,-0.00388053727094817,,
chicago,link+k10,2,1,20,8,0.9793519836328055,0.9819760718733321,0.002624088240526623,,
chicago,link+k10,2,1,20,-1,0.8054727806440135,,,2.0,3.0
chicago,link+k10,2,2,20,3,0.8841287137520014,0.9033757338551859,0.019247020103184465,,
chicago,link+k10,2,2,20,5,0.9560465219711795,0.9521659847002313,-0.00388053727094817,,
chicago,link+k10,2,2,20,8,0.9793519836328055,0.9819760718733321,0.002624088240526623,,
chicago,link+k10,2,2,20,-1,0.8054727806440135,,,2.0,3.0
chicago,link+k10,2,3,20,3,0.8841287137520014,0.9033757338551859,0.019247020103184465,,
chicago,link+k10,2,3,20,5,0.9560465219711795,0.9521659847002313,-0.00388053727094817,,
chicago,link+k10,2,3,20,8,0.9798078633695072,0.9819760718733321,0.002168208503824931,,
chicago,link+k10,2,3,20,-1,0.8054727806440135,,,2.0,3.0
chicago,link+k10,2,4,20,3,0.8841287137520014,0.9033757338551859,0.019247020103184465,,
chicago,link+k10,2,4,20,5,0.9560465219711795,0.9521659847002313,-0.00388053727094817,,
chicago,link+k10,2,4,20,8,0.9798078633695072,0.9819760718733321,0.002168208503824931,,
chicago,link+k10,2,4,20,-1,0.8054727806440135,,,2.0,3.0
chicago,link+k10,2,5,20,3,0.8841287137520014,0.9033757338551859,0.019247020103184465,,
chicago,link+k10,2,5,20,5,0.9560465219711795,0.9521659847002313,-0.00388053727094817,,
chicago,link+k10,2,5,20,8,0.9774951076320939,0.9819760718733321,0.004480964241238228,,
chicago,link+k10,2,5,20,-1,0.8054727806440135,,,2.0,3.0
chicago,link+k10,2,6,20,3,0.8841287137520014,0.9033757338551859,0.019247020103184465,,
chicago,link+k10,2,6,20,5,0.9560465219711795,0.9521659847002313,-0.00388053727094817,,
chicago,link+k10,2,6,20,8,0.9784958192492439,0.9819760718733321,0.0034802526240882425,,
chicago,link+k10,2,6,20,-1,0.8054727806440135,,,2.0,3.0
chicago,link+k10,2,7,20,3,0.8841287137520014,0.9033757338551859,0.019247020103184465,,
chicago,link+k10,2,7,20,5,0.9560465219711795,0.9521659847002313,-0.00388053727094817,,
chicago,link+k10,2,7,20,8,0.9793519836328055,0.9819760718733321,0.002624088240526623,,
chicago,link+k10,2,7,20,-1,0.8054727806440135,,,2.0,3.0
chicago,link+k10,2,8,20,3,0.8841287137520014,0.9033757338551859,0.019247020103184465,,
chicago,link+k10,2,8,20,5,0.9560465219711795,0.9521659847002313,-0.00388053727094817,,
chicago,link+k10,2,8,20,8,0.9793519836328055,0.9819760718733321,0.002624088240526623,,
chicago,link+k10,2,8,20,-1,0.8054727806440135,,,2.0,3.0
chicago,link+k10,2,9,20,3,0.8841287137520014,0.9033757338551859,0.019247020103184465,,
chicago,link+k10,2,9,20,5,0.9560465219711795,0.9521659847002313,-0.00388053727094817,,
chicago,link+k10,2,9,20,8,0.9793519836328055,0.9819760718733321,0.002624088240526623,,
chicago,link+k10,2,9,20,-1,0.8054727806440135,,,2.0,3.0
chicago,link+k10d,2,0,20,3,0.8581658067959438,0.9033757338551859,0.045209927059242094,,
chicago,link+k10d,2,0,20,5,0.9155844155844156,0.9521659847002313,0.03658156911581567,,
chicago,link+k10d,2,0,20,8,0.975060042697029,0.9819760718733321,0.0069160291763031845,,
chicago,link+k10d,2,0,20,-1,0.7499888809820316,,,2.0,3.0
chicago,link+k25,2,0,20,3,0.8841287137520014,0.9033757338551859,0.019247020103184465,,
chicago,link+k25,2,0,20,5,0.9560465219711795,0.9521659847002313,-0.00388053727094817,,
chicago,link+k25,2,0,20,8,0.9793519836328055,0.9819760718733321,0.002624088240526623,,
chicago,link+k25,2,0,20,-1,0.8054727806440135,,,2.0,3.0
chicago,link+k25,2,1,20,3,0.8841287137520014,0.9033757338551859,0.019247020103184465,,
chicago,link+k25,2,1,20,5,0.9560465219711795,0.9521659847002313,-0.00388053727094817,,
chicago,link+k25,2,1,20,8,0.9796633161359188,0.9819760718733321,0.0023127557374132968,,
chicago,link+k25,2,1,20,-1,0.8054727806440135,,,2.0,3.0
chicago,link+k25,2,2,20,3,0.8841287137520014,0.9033757338551859,0.019247020103184465,,
chicago,link+k25,2,2,20,5,0.9560465219711795,0.9521659847002313,-0.00388053727094817,,
chicago,link+k25,2,2,20,8,0.9793519836328055,0.9819760718733321,0.002624088240526623,,
chicago,link+k25,2,2,20,-1,0.8054727806440135,,,2.0,3.0
chicago,link+k25,2,3,20,3,0.8841287137520014,0.9033757338551859,0.019247020103184465,,
chicago,link+k25,2,3,20,5,0.9560465219711795,0.9521659847002313,-0.00388053727094817,,
chicago,link+k25,2,3,20,8,0.9752490660024906,0.9819760718733321,0.006727005870841518,,
chicago,link+k25,2,3,20,-1,0.8054727806440135,,,2.0,3.0
chicago,link+k25,2,4,20,3,0.8841287137520014,0.9033757338551859,0.019247020103184465,,
chicago,link+k25,2,4,20,5,0.9560465219711795,0.9521659847002313,-0.00388053727094817,,
chicago,link+k25,2,4,20,8,0.9793519836328055,0.9819760718733321,0.002624088240526623,,
chicago,link+k25,2,4,20,-1,0.8054727806440135,,,2.0,3.0
chicago,link+k25,2,5,20,3,0.8841287137520014,0.9033757338551859,0.019247020103184465,,
chicago,link+k25,2,5,20,5,0.9560465219711795,0.9521659847002313,-0.00388053727094817,,
chicago,link+k25,2,5,20,8,0.9793519836328055,0.9819760718733321,0.002624088240526623,,
chicago,link+k25,2,5,20,-1,0.8054727806440135,,,2.0,3.0
chicago,link+k25,2,6,20,3,0.8841287137520014,0.9033757338551859,0.019247020103184465,,
chicago,link+k25,2,6,20,5,0.9560465219711795,0.9521659847002313,-0.00388053727094817,,
chicago,link+k25,2,6,20,8,0.9791184842554705,0.9819760718733321,0.00285758761786159,,
chicago,link+k25,2,6,20,-1,0.8054727806440135,,,2.0,3.0
chicago,link+k25,2,7,20,3,0.8841287137520014,0.9033757338551859,0.019247020103184465,,
chicago,link+k25,2,7,20,5,0.9560465219711795,0.9521659847002313,-0.00388053727094817,,
chicago,link+k25,2,7,20,8,0.9793519836328055,0.9819760718733321,0.002624088240526623,,
chicago,link+k25,2,7,20,-1,0.8054727806440135,,,2.0,3.0
chicago,link+k25,2,8,20,3,0.8841287137520014,0.9033757338551859,0.019247020103184465,,
chicago,link+k25,2,8,20,5,0.9560465219711795,0.9521659847002313,-0.00388053727094817,,
chicago,link+k25,2,8,20,8,0.9793519836328055,0.9819760718733321,0.002624088240526623,,
chicago,link+k25,2,8,20,-1,0.8054727806440135,,,2.0,3.0
chicago,link+k25,2,9,20,3,0.8841287137520014,0.9033757338551859,0.019247020103184465,,
chicago,link+k25,2,9,20,5,0.9560465219711795,0.9521659847002313,-0.00388053727094817,,
chicago,link+k25,2,9,20,8,0.9789628180039139,0.9819760718733321,0.0030132538694181976,,
chicago,link+k25,2,9,20,-1,0.8054727806440135,,,2.0,3.0
chicago,link+k25d,2,0,20,3,0.8841287137520014,0.9033757338551859,0.019247020103184465,,
chicago,link+k25d,2,0,20,5,0.9560465219711795,0.9521659847002313,-0.00388053727094817,,
chicago,link+k25d,2,0,20,8,0.9774951076320939,0.9819760718733321,0.004480964241238228,,
chicago,link+k25d,2,0,20,-1,0.8054727806440135,,,2.0,3.0
chicago,link+k50,2,0,20,3,0.8841287137520014,0.9033757338551859,0.019247020103184465,,
chicago,link+k50,2,0,20,5,0.9560465219711795,0.9521659847002313,-0.00388053727094817,,
chicago,link+k50,2,0,20,8,0.9813422878491371,0.9819760718733321,0.0006337840241950055,,
chicago,link+k50,2,0,20,-1,0.8054727806440135,,,2.0,3.0
chicago,link+k50,2,1,20,3,0.8841287137520014,0.9033757338551859,0.019247020103184465,,
chicago,link+k50,2,1,20,5,0.9560465219711795,0.9521659847002313,-0.00388053727094817,,
chicago,link+k50,2,1,20,8,0.977228251200854,0.9819760718733321,0.0047478206724781424,,
chicago,link+k50,2,1,20,-1,0.8054727806440135,,,2.0,3.0
chicago,link+k50,2,2,20,3,0.8841287137520014,0.9033757338551859,0.019247020103184465,,
chicago,link+k50,2,2,20,5,0.9560465219711795,0.9521659847002313,-0.00388053727094817,,
chicago,link+k50,2,2,20,8,0.9793519836328055,0.9819760718733321,0.002624088240526623,,
chicago,link+k50,2,2,20,-1,0.8054727806440135,,,2.0,3.0
chicago,link+k50,2,3,20,3,0.8841287137520014,0.9033757338551859,0.019247020103184465,,
chicago,link+k50,2,3,20,5,0.9560465219711795,0.9521659847002313,-0.00388053727094817,,
chicago,link+k50,2,3,20,8,0.977228251200854,0.9819760718733321,0.0047478206724781424,,
chicago,link+k50,2,3,20,-1,0.8054727806440135,,,2.0,3.0
chicago,link+k50,2,4,20,3,0.8841287137520014,0.9033757338551859,0.019247020103184465,,
chicago,link+k50,2,4,20,5,0.9560465219711795,0.9521659847002313,-0.00388053727094817,,
chicago,link+k50,2,4,20,8,0.9793519836328055,0.9819760718733321,0.002624088240526623,,
chicago,link+k50,2,4,20,-1,0.8054727806440135,,,2.0,3.0
chicago,link+k50,2,5,20,3,0.8841287137520014,0.9033757338551859,0.019247020103184465,,
chicago,link+k50,2,5,20,5,0.9560465219711795,0.9521659847002313,-0.00388053727094817,,
chicago,link+k50,2,5,20,8,0.9796633161359188,0.9819760718733321,0.0023127557374132968,,
chicago,link+k50,2,5,20,-1,0.8054727806440135,,,2.0,3.0
chicago,link+k50,2,6,20,3,0.8841287137520014,0.9033757338551859,0.019247020103184465,,
chicago,link+k50,2,6,20,5,0.9560465219711795,0.9521659847002313,-0.00388053727094817,,
chicago,link+k50,2,6,20,8,0.978595890410959,0.9819760718733321,0.0033801814623731774,,
chicago,link+k50,2,6,20,-1,0.8054727806440135,,,2.0,3.0
chicago,link+k50,2,7,20,3,0.8841287137520014,0.9033757338551859,0.019247020103184465,,
chicago,link+k50,2,7,20,5,0.9560465219711795,0.9521659847002313,-0.00388053727094817,,
chicago,link+k50,2,7,20,8,0.9793519836328055,0.9819760718733321,0.002624088240526623,,
chicago,link+k50,2,7,20,-1,0.8054727806440135,,,2.0,3.0
chicago,link+k50,2,8,20,3,0.8841287137520014,0.9033757338551859,0.019247020103184465,,
chicago,link+k50,2,8,20,5,0.9560465219711795,0.9521659847002313,-0.00388053727094817,,
chicago,link+k50,2,8,20,8,0.9798078633695072,0.9819760718733321,0.002168208503824931,,
chicago,link+k50,2,8,20,-1,0.8054727806440135,,,2.0,3.0
chicago,link+k50,2,9,20,3,0.8841287137520014,0.9033757338551859,0.019247020103184465,,
chicago,link+k50,2,9,20,5,0.9560465219711795,0.9521659847002313,-0.00388053727094817,,
chicago,link+k50,2,9,20,8,0.9798078633695072,0.9819760718733321,0.002168208503824931,,
chicago,link+k50,2,9,20,-1,0.8054727806440135,,,2.0,3.0
chicago,link+k50d,2,0,20,3,0.8841287137520014,0.9033757338551859,0.019247020103184465,,
chicago,link+k50d,2,0,20,5,0.9560465219711795,0.9521659847002313,-0.00388053727094817,,
chicago,link+k50d,2,0,20,8,0.9801525529265255,0.9819760718733321,0.001823518946806657,,
chicago,link+k50d,2,0,20,-1,0.8054727806440135,,,2.0,3.0
chicago,link,3,0,20,3,0.8841287137520014,0.9033757338551859,0.019247020103184465,,
chicago,link,3,0,20,5,0.9560465219711795,0.9521659847002313,-0.00388053727094817,,
chicago,link,3,0,20,8,0.9774951076320939,0.9819760718733321,0.004480964241238228,,
chicago,link,3,0,20,-1,0.8054727806440135,,,2.0,3.0
chicago,link,3,0,10,3,0.8841287137520014,0.9033757338551859,0.019247020103184465,,
chicago,link,3,0,10,5,0.9227005870841487,0.9446828856075431,0.021982298523394395,,
chicago,link,3,0,10,8,0.9680105853051059,0.9698896993417542,0.0018791140366483106,,
chicago,link,3,0,10,-1,0.8054727806440135,,,2.0,3.0
chicago,link_reg,3,0,20,3,0.8165250845045365,0.9033757338551859,0.08685064935064934,,
chicago,link_reg,3,0,20,5,0.8922567158868528,0.9521659847002313,0.059909268813378436,,
chicago,link_reg,3,0,20,8,0.8922567158868528,0.9819760718733321,0.08971935598647929,,
chicago,link_reg,3,0,20,-1,0.5003224515210817,,,1.0,3.0
chicago,link_reg,3,0,10,3,0.8466576231987191,0.9033757338551859,0.056718110656466814,,
chicago,link_reg,3,0,10,5,0.9227005870841487,0.9446828856075431,0.021982298523394395,,
chicago,link_reg,3,0,10,8,0.9564134495641345,0.9698896993417542,0.013476249777619631,,
chicago,link_reg,3,0,10,-1,0.6177170432307418,,,1.0,3.0
chicago,link+k10,3,0,20,3,0.8841287137520014,0.9033757338551859,0.019247020103184465,,
chicago,link+k10,3,0,20,5,0.9560465219711795,0.9521659847002313,-0.00388053727094817,,
chicago,link+k10,3,0,20,8,0.9784958192492439,0.9819760718733321,0.0034802526240882425,,
chicago,link+k10,3,0,20,-1,0.8054727806440135,,,2.0,3.0
chicago,link+k10,3,1,20,3,0.8841287137520014,0.9033757338551859,0.019247020103184465,,
chicago,link+k10,3,1,20,5,0.9560465219711795,0.9521659847002313,-0.00388053727094817,,
chicago,link+k10,3,1,20,8,0.9788293897882939,0.9819760718733321,0.0031466820850382105,,
chicago,link+k10,3,1,20,-1,0.8054727806440135,,,2.0,3.0
chicago,link+k10,3,2,20,3,0.8841287137520014,0.9033757338551859,0.019247020103184465,,
chicago,link+k10,3,2,20,5,0.9560465219711795,0.9521659847002313,-0.00388053727094817,,
chicago,link+k10,3,2,20,8,0.9774951076320939,0.9819760718733321,0.004480964241238228,,
chicago,link+k10,3,2,20,-1,0.8054727806440135,,,2.0,3.0
chicago,link+k10,3,3,20,3,0.8841287137520014,0.9033757338551859,0.019247020103184465,,
chicago,link+k10,3,3,20,5,0.9560465219711795,0.9521659847002313,-0.00388053727094817,,
chicago,link+k10,3,3,20,8,0.9774951076320939,0.9819760718733321,0.004480964241238228,,
chicago,link+k10,3,3,20,-1,0.8054727806440135,,,2.0,3.0
chicago,link+k10,3,4,20,3,0.8841287137520014,0.9033757338551859,0.019247020103184465,,
chicago,link+k10,3,4,20,5,0.9560465219711795,0.9521659847002313,-0.00388053727094817,,
chicago,link+k10,3,4,20,8,0.9774951076320939,0.9819760718733321,0.004480964241238228,,
chicago,link+k10,3,4,20,-1,0.8054727806440135,,,2.0,3.0
chicago,link+k10,3,5,20,3,0.8841287137520014,0.9033757338551859,0.019247020103184465,,
chicago,link+k10,3,5,20,5,0.9560465219711795,0.9521659847002313,-0.00388053727094817,,
chicago,link+k10,3,5,20,8,0.9774951076320939,0.9819760718733321,0.004480964241238228,,
chicago,link+k10,3,5,20,-1,0.8054727806440135,,,2.0,3.0
chicago,link+k10,3,6,20,3,0.8841287137520014,0.9033757338551859,0.019247020103184465,,
chicago,link+k10,3,6,20,5,0.9560465219711795,0.9521659847002313,-0.00388053727094817,,
chicago,link+k10,3,6,20,8,0.9774951076320939,0.9819760718733321,0.004480964241238228,,
chicago,link+k10,3,6,20,-1,0.8054727806440135,,,2.0,3.0
chicago,link+k10,3,7,20,3,0.8841287137520014,0.9033757338551859,0.019247020103184465,,
chicago,link+k10,3,7,20,5,0.9560465219711795,0.9521659847002313,-0.00388053727094817,,
chicago,link+k10,3,7,20,8,0.9774951076320939,0.9819760718733321,0.004480964241238228,,
chicago,link+k10,3,7,20,-1,0.8054727806440135,,,2.0,3.0
chicago,link+k10,3,8,20,3,0.8841287137520014,0.9033757338551859,0.019247020103184465,,
chicago,link+k10,3,8,20,5,0.9560465219711795,0.9521659847002313,-0.00388053727094817,,
chicago,link+k10,3,8,20,8,0.9774951076320939,0.9819760718733321,0.004480964241238228,,
chicago,link+k10,3,8,20,-1,0.8054727806440135,,,2.0,3.0
chicago,link+k10,3,9,20,3,0.8841287137520014,0.9033757338551859,0.019247020103184465,,
chicago,link+k10,3,9,20,5,0.9560465219711795,0.9521659847002313,-0.00388053727094817,,
chicago,link+k10,3,9,20,8,0.9774951076320939,0.9819760718733321,0.004480964241238228,,
chicago,link+k10,3,9,20,-1,0.8054727806440135,,,2.0,3.0
chicago,link+k10d,3,0,20,3,0.8581658067959438,0.9033757338551859,0.045209927059242094,,
chicago,link+k10d,3,0,20,5,0.9155844155844156,0.9521659847002313,0.03658156911581567,,
chicago,link+k10d,3,0,20,8,0.9736256893791141,0.9819760718733321,0.008350382494218045,,
chicago,link+k10d,3,0,20,-1,0.7499888809820316,,,2.0,3.0
chicago,link+k25,3,0,20,3,0.8841287137520014,0.9033757338551859,0.019247020103184465,,
chicago,link+k25,3,0,20,5,0.9560465219711795,0.9521659847002313,-0.00388053727094817,,
chicago,link+k25,3,0,20,8,0.9781511296922256,0.9819760718733321,0.0038249421811065165,,
chicago,link+k25,3,0,20,-1,0.8054727806440135,,,2.0,3.0
chicago,link+k25,3,1,20,3,0.8841287137520014,0.9033757338551859,0.019247020103184465,,
chicago,link+k25,3,1,20,5,0.9560465219711795,0.9521659847002313,-0.00388053727094817,,
chicago,link+k25,3,1,20,8,0.9788293897882939,0.9819760718733321,0.0031466820850382105,,
chicago,link+k25,3,1,20,-1,0.8054727806440135,,,2.0,3.0
chicago,link+k25,3,2,20,3,0.8841287137520014,0.9033757338551859,0.019247020103184465,,
chicago,link+k25,3,2,20,5,0.9560465219711795,0.9521659847002313,-0.00388053727094817,,
chicago,link+k25,3,2,20,8,0.977528464685999,0.9819760718733321,0.004447607187333169,,
chicago,link+k25,3,2,20,-1,0.8054727806440135,,,2.0,3.0
chicago,link+k25,3,3,20,3,0.8841287137520014,0.9033757338551859,0.019247020103184465,,
chicago,link+k25,3,3,20,5,0.9560465219711795,0.9521659847002313,-0.00388053727094817,,
chicago,link+k25,3,3,20,8,0.9788293897882939,0.9819760718733321,0.0031466820850382105,,
chicago,link+k25,3,3,20,-1,0.8054727806440135,,,2.0,3.0
chicago,link+k25,3,4,20,3,0.8841287137520014,0.9033757338551859,0.019247020103184465,,
chicago,link+k25,3,4,20,5,0.9560465219711795,0.9521659847002313,-0.00388053727094817,,
chicago,link+k25,3,4,20,8,0.9784958192492439,0.9819760718733321,0.0034802526240882425,,
chicago,link+k25,3,4,20,-1,0.8054727806440135,,,2.0,3.0
chicago,link+k25,3,5,20,3,0.8841287137520014,0.9033757338551859,0.019247020103184465,,
chicago,link+k25,3,5,20,5,0.9560465219711795,0.9521659847002313,-0.00388053727094817,,
chicago,link+k25,3,5,20,8,0.9784958192492439,0.9819760718733321,0.0034802526240882425,,
chicago,link+k25,3,5,20,-1,0.8054727806440135,,,2.0,3.0
chicago,link+k25,3,6,20,3,0.8841287137520014,0.9033757338551859,0.019247020103184465,,
chicago,link+k25,3,6,20,5,0.9560465219711795,0.9521659847002313,-0.00388053727094817,,
chicago,link+k25,3,6,20,8,0.9788293897882939,0.9819760718733321,0.0031466820850382105,,
chicago,link+k25,3,6,20,-1,0.8054727806440135,,,2.0,3.0
chicago,link+k25,3,7,20,3,0.8841287137520014,0.9033757338551859,0.019247020103184465,,
chicago,link+k25,3,7,20,5,0.9560465219711795,0.9521659847002313,-0.00388053727094817,,
chicago,link+k25,3,7,20,8,0.9788293897882939,0.9819760718733321,0.0031466820850382105,,
chicago,link+k25,3,7,20,-1,0.8054727806440135,,,2.0,3.0
chicago,link+k25,3,8,20,3,0.8841287137520014,0.9033757338551859,0.019247020103184465,,
chicago,link+k25,3,8,20,5,0.9560465219711795,0.9521659847002313,-0.00388053727094817,,
chicago,link+k25,3,8,20,8,0.977528464685999,0.9819760718733321,0.004447607187333169,,
chicago,link+k25,3,8,20,-1,0.8054727806440135,,,2.0,3.0
chicago,link+k25,3,9,20,3,0.8841287137520014,0.9033757338551859,0.019247020103184465,,
chicago,link+k25,3,9,20,5,0.9560465219711795,0.9521659847002313,-0.00388053727094817,,
chicago,link+k25,3,9,20,8,0.9789628180039139,0.9819760718733321,0.0030132538694181976,,
chicago,link+k25,3,9,20,-1,0.8054727806440135,,,2.0,3.0
chicago,link+k25d,3,0,20,3,0.8841287137520014,0.9033757338551859,0.019247020103184465,,
chicago,link+k25d,3,0,20,5,0.9227005870841487,0.9521659847002313,0.029465397616082578,,
chicago,link+k25d,3,0,20,8,0.9788293897882939,0.9819760718733321,0.0031466820850382105,,
chicago,link+k25d,3,0,20,-1,0.8054727806440135,,,2.0,3.0
chicago,link+k50,3,0,20,3,0.8841287137520014,0.9033757338551859,0.019247020103184465,,
chicago,link+k50,3,0,20,5,0.9560465219711795,0.9521659847002313,-0.00388053727094817,,
chicago,link+k50,3,0,20,8,0.9788293897882939,0.9819760718733321,0.0031466820850382105,,
chicago,link+k50,3,0,20,-1,0.8054727806440135,,,2.0,3.0
chicago,link+k50,3,1,20,3,0.8841287137520014,0.9033757338551859,0.019247020103184465,,
chicago,link+k50,3,1,20,5,0.9560465219711795,0.9521659847002313,-0.00388053727094817,,
chicago,link+k50,3,1,20,8,0.9784958192492439,0.9819760718733321,0.0034802526240882425,,
chicago,link+k50,3,1,20,-1,0.8054727806440135,,,2.0,3.0
chicago,link+k50,3,2,20,3,0.8841287137520014,0.9033757338551859,0.019247020103184465,,
chicago,link+k50,3,2,20,5,0.9560465219711795,0.9521659847002313,-0.00388053727094817,,
chicago,link+k50,3,2,20,8,0.9786181284468956,0.9819760718733321,0.0033579434264365826,,
chicago,link+k50,3,2,20,-1,0.8054727806440135,,,2.0,3.0
chicago,link+k50,3,3,20,3,0.8841287137520014,0.9033757338551859,0.019247020103184465,,
chicago,link+k50,3,3,20,5,0.9560465219711795,0.9521659847002313,-0.00388053727094817,,
chicago,link+k50,3,3,20,8,0.9784958192492439,0.9819760718733321,0.0034802526240882425,,
chicago,link+k50,3,3,20,-1,0.8054727806440135,,,2.0,3.0
chicago,link+k50,3,4,20,3,0.8841287137520014,0.9033757338551859,0.019247020103184465,,
chicago,link+k50,3,4,20,5,0.9560465219711795,0.9521659847002313,-0.00388053727094817,,
chicago,link+k50,3,4,20,8,0.9754158512720157,0.9819760718733321,0.006560220601316447,,
chicago,link+k50,3,4,20,-1,0.8054727806440135,,,2.0,3.0
chicago,link+k50,3,5,20,3,0.8841287137520014,0.9033757338551859,0.019247020103184465,,
chicago,link+k50,3,5,20,5,0.9560465219711795,0.9521659847002313,-0.00388053727094817,,
chicago,link+k50,3,5,20,8,0.9784958192492439,0.9819760718733321,0.0034802526240882425,,
chicago,link+k50,3,5,20,-1,0.8054727806440135,,,2.0,3.0
chicago,link+k50,3,6,20,3,0.8841287137520014,0.9033757338551859,0.019247020103184465,,
chicago,link+k50,3,6,20,5,0.9560465219711795,0.9521659847002313,-0.00388053727094817,,
chicago,link+k50,3,6,20,8,0.978595890410959,0.9819760718733321,0.0033801814623731774,,
chicago,link+k50,3,6,20,-1,0.8054727806440135,,,2.0,3.0
chicago,link+k50,3,7,20,3,0.8841287137520014,0.9033757338551859,0.019247020103184465,,
chicago,link+k50,3,7,20,5,0.9560465219711795,0.9521659847002313,-0.00388053727094817,,
chicago,link+k50,3,7,20,8,0.9788293897882939,0.9819760718733321,0.0031466820850382105,,
chicago,link+k50,3,7,20,-1,0.8054727806440135,,,2.0,3.0
chicago,link+k50,3,8,20,3,0.8841287137520014,0.9033757338551859,0.019247020103184465,,
chicago,link+k50,3,8,20,5,0.9560465219711795,0.9521659847002313,-0.00388053727094817,,
chicago,link+k50,3,8,20,8,0.9776174168297456,0.9819760718733321,0.004358655043586568,,
chicago,link+k50,3,8,20,-1,0.8054727806440135,,,2.0,3.0
chicago,link+k50,3,9,20,3,0.8841287137520014,0.9033757338551859,0.019247020103184465,,
chicago,link+k50,3,9,20,5,0.9560465219711795,0.9521659847002313,-0.00388053727094817,,
chicago,link+k50,3,9,20,8,0.977528464685999,0.9819760718733321,0.004447607187333169,,
chicago,link+k50,3,9,20,-1,0.8054727806440135,,,2.0,3.0
chicago,link+k50d,3,0,20,3,0.8841287137520014,0.9033757338551859,0.019247020103184465,,
chicago,link+k50d,3,0,20,5,0.9560465219711795,0.9521659847002313,-0.00388053727094817,,
chicago,link+k50d,3,0,20,8,0.9774951076320939,0.9819760718733321,0.004480964241238228,,
chicago,link+k50d,3,0,20,-1,0.8054727806440135,,,2.0,3.0
chicago,link,4,0,20,3,0.8841287137520014,0.9033757338551859,0.019247020103184465,,
chicago,link,4,0,20,5,0.9560465219711795,0.9521659847002313,-0.00388053727094817,,
chicago,link,4,0,20,8,0.9784958192492439,0.9819760718733321,0.0034802526240882425,,
chicago,link,4,0,20,-1,0.8054727806440135,,,2.0,3.0
chicago,link,4,0,10,3,0.8841287137520014,0.9033757338551859,0.019247020103184465,,
chicago,link,4,0,10,5,0.9459059775840598,0.9446828856075431,-0.0012230919765167103,,
chicago,link,4,0,10,8,0.9680105853051059,0.9698896993417542,0.0018791140366483106,,
chicago,link,4,0,10,-1,0.8054727806440135,,,2.0,3.0
chicago,link_reg,4,0,20,3,0.8071628713752002,0.9033757338551859,0.09621286247998573,,
chicago,link_reg,4,0,20,5,0.9365104074008184,0.9521659847002313,0.015655577299412915,,
chicago,link_reg,4,0,20,8,0.9568026151930261,0.9819760718733321,0.025173456680306017,,
chicago,link_reg,4,0,20,-1,0.5003224515210817,,,1.0,3.0
chicago,link_reg,4,0,10,3,0.8940802348336595,0.9033757338551859,0.009295499021526377,,
chicago,link_reg,4,0,10,5,0.9387564490304217,0.9446828856075431,0.005926436577121441,,
chicago,link_reg,4,0,10,8,0.9564134495641345,0.9698896993417542,0.013476249777619631,,
chicago,link_reg,4,0,10,-1,0.6177170432307418,,,1.0,3.0
chicago,link+k10,4,0,20,3,0.8841287137520014,0.9033757338551859,0.019247020103184465,,
chicago,link+k10,4,0,20,5,0.9560465219711795,0.9521659847002313,-0.00388053727094817,,
chicago,link+k10,4,0,20,8,0.9793519836328055,0.9819760718733321,0.002624088240526623,,
chicago,link+k10,4,0,20,-1,0.8054727806440135,,,2.0,3.0
chicago,link+k10,4,1,20,3,0.8841287137520014,0.9033757338551859,0.019247020103184465,,
chicago,link+k10,4,1,20,5,0.9560465219711795,0.9521659847002313,-0.00388053727094817,,
chicago,link+k10,4,1,20,8,0.9784958192492439,0.9819760718733321,0.0034802526240882425,,
chicago,link+k10,4,1,20,-1,0.8054727806440135,,,2.0,3.0
chicago,link+k10,4,2,20,3,0.8841287137520014,0.9033757338551859,0.019247020103184465,,
chicago,link+k10,4,2,20,5,0.9560465219711795,0.9521659847002313,-0.00388053727094817,,
chicago,link+k10,4,2,20,8,0.9784958192492439,0.9819760718733321,0.0034802526240882425,,
chicago,link+k10,4,2,20,-1,0.8054727806440135,,,2.0,3.0
chicago,link+k10,4,3,20,3,0.8841287137520014,0.9033757338551859,0.019247020103184465,,
chicago,link+k10,4,3,20,5,0.9560465219711795,0.9521659847002313,-0.00388053727094817,,
chicago,link+k10,4,3,20,8,0.978162248710194,0.9819760718733321,0.0038138231631381636,,
chicago,link+k10,4,3,20,-1,0.8054727806440135,,,2.0,3.0
chicago,link+k10,4,4,20,3,0.9033757338551859,0.9033757338551859,0.0,,
chicago,link+k10,4,4,20,5,0.9402575164561466,0.9521659847002313,0.011908468244084647,,
chicago,link+k10,4,4,20,8,0.9772838462906956,0.9819760718733321,0.004692225582636489,,
chicago,link+k10,4,4,20,-1,0.8054727806440135,,,2.0,3.0
chicago,link+k10,4,5,20,3,0.8841287137520014,0.9033757338551859,0.019247020103184465,,
chicago,link+k10,4,5,20,5,0.9560465219711795,0.9521659847002313,-0.00388053727094817,,
chicago,link+k10,4,5,20,8,0.9784958192492439,0.9819760718733321,0.0034802526240882425,,
chicago,link+k10,4,5,20,-1,0.8054727806440135,,,2.0,3.0
chicago,link+k10,4,6,20,3,0.8841287137520014,0.9033757338551859,0.019247020103184465,,
chicago,link+k10,4,6,20,5,0.9560465219711795,0.9521659847002313,-0.00388053727094817,,
chicago,link+k10,4,6,20,8,0.9793519836328055,0.9819760718733321,0.002624088240526623,,
chicago,link+k10,4,6,20,-1,0.8054727806440135,,,2.0,3.0
chicago,link+k10,4,7,20,3,0.8841287137520014,0.9033757338551859,0.019247020103184465,,
chicago,link+k10,4,7,20,5,0.9560465219711795,0.9521659847002313,-0.00388053727094817,,
chicago,link+k10,4,7,20,8,0.9784958192492439,0.9819760718733321,0.0034802526240882425,,
chicago,link+k10,4,7,20,-1,0.8054727806440135,,,2.0,3.0
chicago,link+k10,4,8,20,3,0.8841287137520014,0.9033757338551859,0.019247020103184465,,
chicago,link+k10,4,8,20,5,0.9560465219711795,0.9521659847002313,-0.00388053727094817,,
chicago,link+k10,4,8,20,8,0.9784958192492439,0.9819760718733321,0.0034802526240882425,,
chicago,link+k10,4,8,20,-1,0.8054727806440135,,,2.0,3.0
chicago,link+k10,4,9,20,3,0.8841287137520014,0.9033757338551859,0.019247020103184465,,
chicago,link+k10,4,9,20,5,0.9560465219711795,0.9521659847002313,-0.00388053727094817,,
chicago,link+k10,4,9,20,8,0.9784958192492439,0.9819760718733321,0.0034802526240882425,,
chicago,link+k10,4,9,20,-1,0.8054727806440135,,,2.0,3.0
chicago,link+k10d,4,0,20,3,0.8581658067959438,0.9033757338551859,0.045209927059242094,,
chicago,link+k10d,4,0,20,5,0.9155844155844156,0.9521659847002313,0.03658156911581567,,
chicago,link+k10d,4,0,20,8,0.975060042697029,0.9819760718733321,0.0069160291763031845,,
chicago,link+k10d,4,0,20,-1,0.7499888809820316,,,2.0,3.0
chicago,link+k25,4,0,20,3,0.8841287137520014,0.9033757338551859,0.019247020103184465,,
chicago,link+k25,4,0,20,5,0.9560465219711795,0.9521659847002313,-0.00388053727094817,,
chicago,link+k25,4,0,20,8,0.9784958192492439,0.9819760718733321,0.0034802526240882425,,
chicago,link+k25,4,0,20,-1,0.8054727806440135,,,2.0,3.0
chicago,link+k25,4,1,20,3,0.8841287137520014,0.9033757338551859,0.019247020103184465,,
chicago,link+k25,4,1,20,5,0.9560465219711795,0.9521659847002313,-0.00388053727094817,,
chicago,link+k25,4,1,20,8,0.9796633161359188,0.9819760718733321,0.0023127557374132968,,
chicago,link+k25,4,1,20,-1,0.8054727806440135,,,2.0,3.0
chicago,link+k25,4,2,20,3,0.8841287137520014,0.9033757338551859,0.019247020103184465,,
chicago,link+k25,4,2,20,5,0.9560465219711795,0.9521659847002313,-0.00388053727094817,,
chicago,link+k25,4,2,20,8,0.9793519836328055,0.9819760718733321,0.002624088240526623,,
chicago,link+k25,4,2,20,-1,0.8054727806440135,,,2.0,3.0
chicago,link+k25,4,3,20,3,0.8841287137520014,0.9033757338551859,0.019247020103184465,,
chicago,link+k25,4,3,20,5,0.9560465219711795,0.9521659847002313,-0.00388053727094817,,
chicago,link+k25,4,3,20,8,0.9788293897882939,0.9819760718733321,0.0031466820850382105,,
chicago,link+k25,4,3,20,-1,0.8054727806440135,,,2.0,3.0
chicago,link+k25,4,4,20,3,0.8841287137520014,0.9033757338551859,0.019247020103184465,,
chicago,link+k25,4,4,20,5,0.9560465219711795,0.9521659847002313,-0.00388053727094817,,
chicago,link+k25,4,4,20,8,0.9793519836328055,0.9819760718733321,0.002624088240526623,,
chicago,link+k25,4,4,20,-1,0.8054727806440135,,,2.0,3.0
chicago,link+k25,4,5,20,3,0.8841287137520014,0.9033757338551859,0.019247020103184465,,
chicago,link+k25,4,5,20,5,0.9560465219711795,0.9521659847002313,-0.00388053727094817,,
chicago,link+k25,4,5,20,8,0.9793519836328055,0.9819760718733321,0.002624088240526623,,
chicago,link+k25,4,5,20,-1,0.8054727806440135,,,2.0,3.0
chicago,link+k25,4,6,20,3,0.8841287137520014,0.9033757338551859,0.019247020103184465,,
chicago,link+k25,4,6,20,5,0.9560465219711795,0.9521659847002313,-0.00388053727094817,,
chicago,link+k25,4,6,20,8,0.9786737235367372,0.9819760718733321,0.003302348336594929,,
chicago,link+k25,4,6,20,-1,0.8054727806440135,,,2.0,3.0
chicago,link+k25,4,7,20,3,0.8841287137520014,0.9033757338551859,0.019247020103184465,,
chicago,link+k25,4,7,20,5,0.9560465219711795,0.9521659847002313,-0.00388053727094817,,
chicago,link+k25,4,7,20,8,0.9793519836328055,0.9819760718733321,0.002624088240526623,,
chicago,link+k25,4,7,20,-1,0.8054727806440135,,,2.0,3.0
chicago,link+k25,4,8,20,3,0.8841287137520014,0.9033757338551859,0.019247020103184465,,
chicago,link+k25,4,8,20,5,0.9560465219711795,0.9521659847002313,-0.00388053727094817,,
chicago,link+k25,4,8,20,8,0.9793519836328055,0.9819760718733321,0.002624088240526623,,
chicago,link+k25,4,8,20,-1,0.8054727806440135,,,2.0,3.0
chicago,link+k25,4,9,20,3,0.8841287137520014,0.9033757338551859,0.019247020103184465,,
chicago,link+k25,4,9,20,5,0.9560465219711795,0.9521659847002313,-0.00388053727094817,,
chicago,link+k25,4,9,20,8,0.978162248710194,0.9819760718733321,0.0038138231631381636,,
chicago,link+k25,4,9,20,-1,0.8054727806440135,,,2.0,3.0
chicago,link+k25d,4,0,20,3,0.8581658067959438,0.9033757338551859,0.045209927059242094,,
chicago,link+k25d,4,0,20,5,0.9155844155844156,0.9521659847002313,0.03658156911581567,,
chicago,link+k25d,4,0,20,8,0.974793186265789,0.9819760718733321,0.007182885607543099,,
chicago,link+k25d,4,0,20,-1,0.7499888809820316,,,2.0,3.0
chicago,link+k50,4,0,20,3,0.8841287137520014,0.9033757338551859,0.019247020103184465,,
chicago,link+k50,4,0,20,5,0.9560465219711795,0.9521659847002313,-0.00388053727094817,,
chicago,link+k50,4,0,20,8,0.9793519836328055,0.9819760718733321,0.002624088240526623,,
chicago,link+k50,4,0,20,-1,0.8054727806440135,,,2.0,3.0
chicago,link+k50,4,1,20,3,0.8841287137520014,0.9033757338551859,0.019247020103184465,,
chicago,link+k50,4,1,20,5,0.9560465219711795,0.9521659847002313,-0.00388053727094817,,
chicago,link+k50,4,1,20,8,0.9774951076320939,0.9819760718733321,0.004480964241238228,,
chicago,link+k50,4,1,20,-1,0.8054727806440135,,,2.0,3.0
chicago,link+k50,4,2,20,3,0.8841287137520014,0.9033757338551859,0.019247020103184465,,
chicago,link+k50,4,2,20,5,0.9560465219711795,0.9521659847002313,-0.00388053727094817,,
chicago,link+k50,4,2,20,8,0.9796633161359188,0.9819760718733321,0.0023127557374132968,,
chicago,link+k50,4,2,20,-1,0.8054727806440135,,,2.0,3.0
chicago,link+k50,4,3,20,3,0.8841287137520014,0.9033757338551859,0.019247020103184465,,
chicago,link+k50,4,3,20,5,0.9560465219711795,0.9521659847002313,-0.00388053727094817,,
chicago,link+k50,4,3,20,8,0.9784958192492439,0.9819760718733321,0.0034802526240882425,,
chicago,link+k50,4,3,20,-1,0.8054727806440135,,,2.0,3.0
chicago,link+k50,4,4,20,3,0.8841287137520014,0.9033757338551859,0.019247020103184465,,
chicago,link+k50,4,4,20,5,0.9560465219711795,0.9521659847002313,-0.00388053727094817,,
chicago,link+k50,4,4,20,8,0.9754158512720157,0.9819760718733321,0.006560220601316447,,
chicago,link+k50,4,4,20,-1,0.8054727806440135,,,2.0,3.0
chicago,link+k50,4,5,20,3,0.9033757338551859,0.9033757338551859,0.0,,
chicago,link+k50,4,5,20,5,0.9459059775840598,0.9521659847002313,0.006260007116171473,,
chicago,link+k50,4,5,20,8,0.9813422878491371,0.9819760718733321,0.0006337840241950055,,
chicago,link+k50,4,5,20,-1,0.8054727806440135,,,2.0,3.0
chicago,link+k50,4,6,20,3,0.8841287137520014,0.9033757338551859,0.019247020103184465,,
chicago,link+k50,4,6,20,5,0.9560465219711795,0.9521659847002313,-0.00388053727094817,,
chicago,link+k50,4,6,20,8,0.978595890410959,0.9819760718733321,0.0033801814623731774,,
chicago,link+k50,4,6,20,-1,0.8054727806440135,,,2.0,3.0
chicago,link+k50,4,7,20,3,0.8841287137520014,0.9033757338551859,0.019247020103184465,,
chicago,link+k50,4,7,20,5,0.9560465219711795,0.9521659847002313,-0.00388053727094817,,
chicago,link+k50,4,7,20,8,0.9793519836328055,0.9819760718733321,0.002624088240526623,,
chicago,link+k50,4,7,20,-1,0.8054727806440135,,,2.0,3.0
chicago,link+k50,4,8,20,3,0.8841287137520014,0.9033757338551859,0.019247020103184465,,
chicago,link+k50,4,8,20,5,0.9560465219711795,0.9521659847002313,-0.00388053727094817,,
chicago,link+k50,4,8,20,8,0.978595890410959,0.9819760718733321,0.0033801814623731774,,
chicago,link+k50,4,8,20,-1,0.8054727806440135,,,2.0,3.0
chicago,link+k50,4,9,20,3,0.8841287137520014,0.9033757338551859,0.019247020103184465,,
chicago,link+k50,4,9,20,5,0.9560465219711795,0.9521659847002313,-0.00388053727094817,,
chicago,link+k50,4,9,20,8,0.978595890410959,0.9819760718733321,0.0033801814623731774,,
chicago,link+k50,4,9,20,-1,0.8054727806440135,,,2.0,3.0
chicago,link+k50d,4,0,20,3,0.8841287137520014,0.9033757338551859,0.019247020103184465,,
chicago,link+k50d,4,0,20,5,0.9560465219711795,0.9521659847002313,-0.00388053727094817,,
chicago,link+k50d,4,0,20,8,0.9813422878491371,0.9819760718733321,0.0006337840241950055,,
chicago,link+k50d,4,0,20,-1,0.8054727806440135,,,2.0,3.0
hamburg,link,0,0,20,3,0.9025920200730336,0.907005399108363,0.004413379035329346,,
hamburg,link,0,0,20,5,0.9437798239128974,0.9508031453726729,0.007023321459775467,,
hamburg,link,0,0,20,8,0.9715706700719134,0.9745390595246096,0.002968389452696174,,
hamburg,link,0,0,20,-1,0.846125411654009,,,2.0,3.0
hamburg,link,0,0,10,3,0.9025920200730336,0.907005399108363,0.004413379035329346,,
hamburg,link,0,0,10,5,0.9358043775343325,0.9450567914510384,0.009252413916705837,,
hamburg,link,0,0,10,8,0.9612429150704572,0.9612429150704572,0.0,,
hamburg,link,0,0,10,-1,0.846125411654009,,,2.0,3.0
hamburg,link_reg,0,0,20,3,0.8381947711539754,0.907005399108363,0.06881062795438753,,
hamburg,link_reg,0,0,20,5,0.8381947711539754,0.9508031453726729,0.1126083742186974,,
hamburg,link_reg,0,0,20,8,0.8381947711539754,0.9745390595246096,0.13634428837063417,,
hamburg,link_reg,0,0,20,-1,0.6498308578085444,,,1.0,3.0
hamburg,link_reg,0,0,10,3,0.8381947711539754,0.907005399108363,0.06881062795438753,,
hamburg,link_reg,0,0,10,5,0.8381947711539754,0.9450567914510384,0.10686202029706293,,
hamburg,link_reg,0,0,10,8,0.8381947711539754,0.9612429150704572,0.12304814391648178,,
hamburg,link_reg,0,0,10,-1,0.6498308578085444,,,1.0,3.0
hamburg,link+k10,0,0,20,3,0.9025920200730336,0.907005399108363,0.004413379035329346,,
hamburg,link+k10,0,0,20,5,0.9437798239128974,0.9508031453726729,0.007023321459775467,,
hamburg,link+k10,0,0,20,8,0.9715706700719134,0.9745390595246096,0.002968389452696174,,
hamburg,link+k10,0,0,20,-1,0.846125411654009,,,2.0,3.0
hamburg,link+k10,0,1,20,3,0.9025920200730336,0.907005399108363,0.004413379035329346,,
hamburg,link+k10,0,1,20,5,0.9437798239128974,0.9508031453726729,0.007023321459775467,,
hamburg,link+k10,0,1,20,8,0.9715706700719134,0.9745390595246096,0.002968389452696174,,
hamburg,link+k10,0,1,20,-1,0.846125411654009,,,2.0,3.0
hamburg,link+k10,0,2,20,3,0.9025920200730336,0.907005399108363,0.004413379035329346,,
hamburg,link+k10,0,2,20,5,0.9437798239128974,0.9508031453726729,0.007023321459775467,,
hamburg,link+k10,0,2,20,8,0.9715706700719134,0.9745390595246096,0.002968389452696174,,
hamburg,link+k10,0,2,20,-1,0.846125411654009,,,2.0,3.0
hamburg,link+k10,0,3,20,3,0.9025920200730336,0.907005399108363,0.004413379035329346,,
hamburg,link+k10,0,3,20,5,0.9437798239128974,0.9508031453726729,0.007023321459775467,,
hamburg,link+k10,0,3,20,8,0.9715706700719134,0.9745390595246096,0.002968389452696174,,
hamburg,link+k10,0,3,20,-1,0.846125411654009,,,2.0,3.0
hamburg,link+k10,0,4,20,3,0.9025920200730336,0.907005399108363,0.004413379035329346,,
hamburg,link+k10,0,4,20,5,0.9437798239128974,0.9508031453726729,0.007023321459775467,,
hamburg,link+k10,0,4,20,8,0.9715706700719134,0.9745390595246096,0.002968389452696174,,
hamburg,link+k10,0,4,20,-1,0.846125411654009,,,2.0,3.0
hamburg,link+k10,0,5,20,3,0.9025920200730336,0.907005399108363,0.004413379035329346,,
hamburg,link+k10,0,5,20,5,0.9437798239128974,0.9508031453726729,0.007023321459775467,,
hamburg,link+k10,0,5,20,8,0.9715706700719134,0.9745390595246096,0.002968389452696174,,
hamburg,link+k10,0,5,20,-1,0.846125411654009,,,2.0,3.0
hamburg,link+k10,0,6,20,3,0.9025920200730336,0.907005399108363,0.004413379035329346,,
hamburg,link+k10,0,6,20,5,0.9437798239128974,0.9508031453726729,0.007023321459775467,,
hamburg,link+k10,0,6,20,8,0.9745390595246096,0.9745390595246096,0.0,,
hamburg,link+k10,0,6,20,-1,0.846125411654009,,,2.0,3.0
hamburg,link+k10,0,7,20,3,0.9025920200730336,0.907005399108363,0.004413379035329346,,
hamburg,link+k10,0,7,20,5,0.9437798239128974,0.9508031453726729,0.007023321459775467,,
hamburg,link+k10,0,7,20,8,0.9715706700719134,0.9745390595246096,0.002968389452696174,,
hamburg,link+k10,0,7,20,-1,0.846125411654009,,,2.0,3.0
hamburg,link+k10,0,8,20,3,0.9025920200730336,0.907005399108363,0.004413379035329346,,
hamburg,link+k10,0,8,20,5,0.9437798239128974,0.9508031453726729,0.007023321459775467,,
hamburg,link+k10,0,8,20,8,0.9715706700719134,0.9745390595246096,0.002968389452696174,,
hamburg,link+k10,0,8,20,-1,0.846125411654009,,,2.0,3.0
hamburg,link+k10,0,9,20,3,0.9025920200730336,0.907005399108363,0.004413379035329346,,
hamburg,link+k10,0,9,20,5,0.9437798239128974,0.9508031453726729,0.007023321459775467,,
hamburg,link+k10,0,9,20,8,0.9715706700719134,0.9745390595246096,0.002968389452696174,,
hamburg,link+k10,0,9,20,-1,0.846125411654009,,,2.0,3.0
hamburg,link+k10d,0,0,20,3,0.9025920200730336,0.907005399108363,0.004413379035329346,,
hamburg,link+k10d,0,0,20,5,0.9437798239128974,0.9508031453726729,0.007023321459775467,,
hamburg,link+k10d,0,0,20,8,0.9715706700719134,0.9745390595246096,0.002968389452696174,,
hamburg,link+k10d,0,0,20,-1,0.846125411654009,,,2.0,3.0
hamburg,link+k25,0,0,20,3,0.9025920200730336,0.907005399108363,0.004413379035329346,,
hamburg,link+k25,0,0,20,5,0.9437798239128974,0.9508031453726729,0.007023321459775467,,
hamburg,link+k25,0,0,20,8,0.9715706700719134,0.9745390595246096,0.002968389452696174,,
hamburg,link+k25,0,0,20,-1,0.846125411654009,,,2.0,3.0
hamburg,link+k25,0,1,20,3,0.9025920200730336,0.907005399108363,0.004413379035329346,,
hamburg,link+k25,0,1,20,5,0.9437798239128974,0.9508031453726729,0.007023321459775467,,
hamburg,link+k25,0,1,20,8,0.9715706700719134,0.9745390595246096,0.002968389452696174,,
hamburg,link+k25,0,1,20,-1,0.846125411654009,,,2.0,3.0
hamburg,link+k25,0,2,20,3,0.9025920200730336,0.907005399108363,0.004413379035329346,,
hamburg,link+k25,0,2,20,5,0.9437798239128974,0.9508031453726729,0.007023321459775467,,
hamburg,link+k25,0,2,20,8,0.9707641642583507,0.9745390595246096,0.0037748952662589597,,
hamburg,link+k25,0,2,20,-1,0.846125411654009,,,2.0,3.0
hamburg,link+k25,0,3,20,3,0.9025920200730336,0.907005399108363,0.004413379035329346,,
hamburg,link+k25,0,3,20,5,0.9437798239128974,0.9508031453726729,0.007023321459775467,,
hamburg,link+k25,0,3,20,8,0.9715706700719134,0.9745390595246096,0.002968389452696174,,
hamburg,link+k25,0,3,20,-1,0.846125411654009,,,2.0,3.0
hamburg,link+k25,0,4,20,3,0.9025920200730336,0.907005399108363,0.004413379035329346,,
hamburg,link+k25,0,4,20,5,0.9437798239128974,0.9508031453726729,0.007023321459775467,,
hamburg,link+k25,0,4,20,8,0.9715706700719134,0.9745390595246096,0.002968389452696174,,
hamburg,link+k25,0,4,20,-1,0.846125411654009,,,2.0,3.0
hamburg,link+k25,0,5,20,3,0.9025920200730336,0.907005399108363,0.004413379035329346,,
hamburg,link+k25,0,5,20,5,0.9437798239128974,0.9508031453726729,0.007023321459775467,,
hamburg,link+k25,0,5,20,8,0.9745390595246096,0.9745390595246096,0.0,,
hamburg,link+k25,0,5,20,-1,0.846125411654009,,,2.0,3.0
hamburg,link+k25,0,6,20,3,0.9025920200730336,0.907005399108363,0.004413379035329346,,
hamburg,link+k25,0,6,20,5,0.9437798239128974,0.9508031453726729,0.007023321459775467,,
hamburg,link+k25,0,6,20,8,0.9694535923113112,0.9745390595246096,0.005085467213298389,,
hamburg,link+k25,0,6,20,-1,0.846125411654009,,,2.0,3.0
hamburg,link+k25,0,7,20,3,0.9025920200730336,0.907005399108363,0.004413379035329346,,
hamburg,link+k25,0,7,20,5,0.9457400810986402,0.9508031453726729,0.0050630642740326914,,
hamburg,link+k25,0,7,20,8,0.9715706700719134,0.9745390595246096,0.002968389452696174,,
hamburg,link+k25,0,7,20,-1,0.846125411654009,,,2.0,3.0
hamburg,link+k25,0,8,20,3,0.9025920200730336,0.907005399108363,0.004413379035329346,,
hamburg,link+k25,0,8,20,5,0.9437798239128974,0.9508031453726729,0.007023321459775467,,
hamburg,link+k25,0,8,20,8,0.9715706700719134,0.9745390595246096,0.002968389452696174,,
hamburg,link+k25,0,8,20,-1,0.846125411654009,,,2.0,3.0
hamburg,link+k25,0,9,20,3,0.9025920200730336,0.907005399108363,0.004413379035329346,,
hamburg,link+k25,0,9,20,5,0.9437798239128974,0.9508031453726729,0.007023321459775467,,
hamburg,link+k25,0,9,20,8,0.9745390595246096,0.9745390595246096,0.0,,
hamburg,link+k25,0,9,20,-1,0.846125411654009,,,2.0,3.0
hamburg,link+k25d,0,0,20,3,0.9025920200730336,0.907005399108363,0.004413379035329346,,
hamburg,link+k25d,0,0,20,5,0.9437798239128974,0.9508031453726729,0.007023321459775467,,
hamburg,link+k25d,0,0,20,8,0.9715706700719134,0.9745390595246096,0.002968389452696174,,
hamburg,link+k25d,0,0,20,-1,0.846125411654009,,,2.0,3.0
hamburg,link+k50,0,0,20,3,0.9025920200730336,0.907005399108363,0.004413379035329346,,
hamburg,link+k50,0,0,20,5,0.9437798239128974,0.9508031453726729,0.007023321459775467,,
hamburg,link+k50,0,0,20,8,0.9715706700719134,0.9745390595246096,0.002968389452696174,,
hamburg,link+k50,0,0,20,-1,0.846125411654009,,,2.0,3.0
hamburg,link+k50,0,1,20,3,0.9025920200730336,0.907005399108363,0.004413379035329346,,
hamburg,link+k50,0,1,20,5,0.9437798239128974,0.9508031453726729,0.007023321459775467,,
hamburg,link+k50,0,1,20,8,0.9715706700719134,0.9745390595246096,0.002968389452696174,,
hamburg,link+k50,0,1,20,-1,0.846125411654009,,,2.0,3.0
hamburg,link+k50,0,2,20,3,0.9025920200730336,0.907005399108363,0.004413379035329346,,
hamburg,link+k50,0,2,20,5,0.9437798239128974,0.9508031453726729,0.007023321459775467,,
hamburg,link+k50,0,2,20,8,0.9715706700719134,0.9745390595246096,0.002968389452696174,,
hamburg,link+k50,0,2,20,-1,0.846125411654009,,,2.0,3.0
hamburg,link+k50,0,3,20,3,0.9025920200730336,0.907005399108363,0.004413379035329346,,
hamburg,link+k50,0,3,20,5,0.9437798239128974,0.9508031453726729,0.007023321459775467,,
hamburg,link+k50,0,3,20,8,0.9745390595246096,0.9745390595246096,0.0,,
hamburg,link+k50,0,3,20,-1,0.846125411654009,,,2.0,3.0
hamburg,link+k50,0,4,20,3,0.9025920200730336,0.907005399108363,0.004413379035329346,,
hamburg,link+k50,0,4,20,5,0.9437798239128974,0.9508031453726729,0.007023321459775467,,
hamburg,link+k50,0,4,20,8,0.9715706700719134,0.9745390595246096,0.002968389452696174,,
hamburg,link+k50,0,4,20,-1,0.846125411654009,,,2.0,3.0
hamburg,link+k50,0,5,20,3,0.9025920200730336,0.907005399108363,0.004413379035329346,,
hamburg,link+k50,0,5,20,5,0.9437798239128974,0.9508031453726729,0.007023321459775467,,
hamburg,link+k50,0,5,20,8,0.9715706700719134,0.9745390595246096,0.002968389452696174,,
hamburg,link+k50,0,5,20,-1,0.846125411654009,,,2.0,3.0
hamburg,link+k50,0,6,20,3,0.9025920200730336,0.907005399108363,0.004413379035329346,,
hamburg,link+k50,0,6,20,5,0.9437798239128974,0.9508031453726729,0.007023321459775467,,
hamburg,link+k50,0,6,20,8,0.9715706700719134,0.9745390595246096,0.002968389452696174,,
hamburg,link+k50,0,6,20,-1,0.846125411654009,,,2.0,3.0
hamburg,link+k50,0,7,20,3,0.9025920200730336,0.907005399108363,0.004413379035329346,,
hamburg,link+k50,0,7,20,5,0.9437798239128974,0.9508031453726729,0.007023321459775467,,
hamburg,link+k50,0,7,20,8,0.9715706700719134,0.9745390595246096,0.002968389452696174,,
hamburg,link+k50,0,7,20,-1,0.846125411654009,,,2.0,3.0
hamburg,link+k50,0,8,20,3,0.9025920200730336,0.907005399108363,0.004413379035329346,,
hamburg,link+k50,0,8,20,5,0.9437798239128974,0.9508031453726729,0.007023321459775467,,
hamburg,link+k50,0,8,20,8,0.9715706700719134,0.9745390595246096,0.002968389452696174,,
hamburg,link+k50,0,8,20,-1,0.846125411654009,,,2.0,3.0
hamburg,link+k50,0,9,20,3,0.9025920200730336,0.907005399108363,0.004413379035329346,,
hamburg,link+k50,0,9,20,5,0.9437798239128974,0.9508031453726729,0.007023321459775467,,
hamburg,link+k50,0,9,20,8,0.9715706700719134,0.9745390595246096,0.002968389452696174,,
hamburg,link+k50,0,9,20,-1,0.846125411654009,,,2.0,3.0
hamburg,link+k50d,0,0,20,3,0.9025920200730336,0.907005399108363,0.004413379035329346,,
hamburg,link+k50d,0,0,20,5,0.9437798239128974,0.9508031453726729,0.007023321459775467,,
hamburg,link+k50d,0,0,20,8,0.9715706700719134,0.9745390595246096,0.002968389452696174,,
hamburg,link+k50d,0,0,20,-1,0.846125411654009,,,2.0,3.0
hamburg,link,1,0,20,3,0.9025920200730336,0.907005399108363,0.004413379035329346,,
hamburg,link,1,0,20,5,0.9437798239128974,0.9508031453726729,0.007023321459775467,,
hamburg,link,1,0,20,8,0.9745390595246096,0.9745390595246096,0.0,,
hamburg,link,1,0,20,-1,0.846125411654009,,,2.0,3.0
hamburg,link,1,0,10,3,0.9025920200730336,0.907005399108363,0.004413379035329346,,
hamburg,link,1,0,10,5,0.9358043775343325,0.9450567914510384,0.009252413916705837,,
hamburg,link,1,0,10,8,0.9612429150704572,0.9612429150704572,0.0,,
hamburg,link,1,0,10,-1,0.846125411654009,,,2.0,3.0
hamburg,link_reg,1,0,20,3,0.8453637117189775,0.907005399108363,0.06164168738938547,,
hamburg,link_reg,1,0,20,5,0.8453637117189775,0.9508031453726729,0.10543943365369535,,
hamburg,link_reg,1,0,20,8,0.8453637117189775,0.9745390595246096,0.1291753478056321,,
hamburg,link_reg,1,0,20,-1,0.6498308578085444,,,1.0,3.0
hamburg,link_reg,1,0,10,3,0.8453637117189775,0.907005399108363,0.06164168738938547,,
hamburg,link_reg,1,0,10,5,0.8453637117189775,0.9450567914510384,0.09969307973206087,,
hamburg,link_reg,1,0,10,8,0.8453637117189775,0.9612429150704572,0.11587920335147972,,
hamburg,link_reg,1,0,10,-1,0.6498308578085444,,,1.0,3.0
hamburg,link+k10,1,0,20,3,0.9025920200730336,0.907005399108363,0.004413379035329346,,
hamburg,link+k10,1,0,20,5,0.9437798239128974,0.9508031453726729,0.007023321459775467,,
hamburg,link+k10,1,0,20,8,0.9745390595246096,0.9745390595246096,0.0,,
hamburg,link+k10,1,0,20,-1,0.846125411654009,,,2.0,3.0
hamburg,link+k10,1,1,20,3,0.9025920200730336,0.907005399108363,0.004413379035329346,,
hamburg,link+k10,1,1,20,5,0.9437798239128974,0.9508031453726729,0.007023321459775467,,
hamburg,link+k10,1,1,20,8,0.9719179156305308,0.9745390595246096,0.002621143894078859,,
hamburg,link+k10,1,1,20,-1,0.846125411654009,,,2.0,3.0
hamburg,link+k10,1,2,20,3,0.9025920200730336,0.907005399108363,0.004413379035329346,,
hamburg,link+k10,1,2,20,5,0.9437798239128974,0.9508031453726729,0.007023321459775467,,
hamburg,link+k10,1,2,20,8,0.9745390595246096,0.9745390595246096,0.0,,
hamburg,link+k10,1,2,20,-1,0.846125411654009,,,2.0,3.0
hamburg,link+k10,1,3,20,3,0.9025920200730336,0.907005399108363,0.004413379035329346,,
hamburg,link+k10,1,3,20,5,0.9437798239128974,0.9508031453726729,0.007023321459775467,,
hamburg,link+k10,1,3,20,8,0.9745390595246096,0.9745390595246096,0.0,,
hamburg,link+k10,1,3,20,-1,0.846125411654009,,,2.0,3.0
hamburg,link+k10,1,4,20,3,0.9025920200730336,0.907005399108363,0.004413379035329346,,
hamburg,link+k10,1,4,20,5,0.9437798239128974,0.9508031453726729,0.007023321459775467,,
hamburg,link+k10,1,4,20,8,0.9745390595246096,0.9745390595246096,0.0,,
hamburg,link+k10,1,4,20,-1,0.846125411654009,,,2.0,3.0
hamburg,link+k10,1,5,20,3,0.9025920200730336,0.907005399108363,0.004413379035329346,,
hamburg,link+k10,1,5,20,5,0.9437798239128974,0.9508031453726729,0.007023321459775467,,
hamburg,link+k10,1,5,20,8,0.9745390595246096,0.9745390595246096,0.0,,
hamburg,link+k10,1,5,20,-1,0.846125411654009,,,2.0,3.0
hamburg,link+k10,1,6,20,3,0.9025920200730336,0.907005399108363,0.004413379035329346,,
hamburg,link+k10,1,6,20,5,0.9437798239128974,0.9508031453726729,0.007023321459775467,,
hamburg,link+k10,1,6,20,8,0.9745390595246096,0.9745390595246096,0.0,,
hamburg,link+k10,1,6,20,-1,0.846125411654009,,,2.0,3.0
hamburg,link+k10,1,7,20,3,0.9025920200730336,0.907005399108363,0.004413379035329346,,
hamburg,link+k10,1,7,20,5,0.9437798239128974,0.9508031453726729,0.007023321459775467,,
hamburg,link+k10,1,7,20,8,0.9745390595246096,0.9745390595246096,0.0,,
hamburg,link+k10,1,7,20,-1,0.846125411654009,,,2.0,3.0
hamburg,link+k10,1,8,20,3,0.9025920200730336,0.907005399108363,0.004413379035329346,,
hamburg,link+k10,1,8,20,5,0.9437798239128974,0.9508031453726729,0.007023321459775467,,
hamburg,link+k10,1,8,20,8,0.9745390595246096,0.9745390595246096,0.0,,
hamburg,link+k10,1,8,20,-1,0.846125411654009,,,2.0,3.0
hamburg,link+k10,1,9,20,3,0.9025920200730336,0.907005399108363,0.004413379035329346,,
hamburg,link+k10,1,9,20,5,0.9437798239128974,0.9508031453726729,0.007023321459775467,,
hamburg,link+k10,1,9,20,8,0.9745390595246096,0.9745390595246096,0.0,,
hamburg,link+k10,1,9,20,-1,0.846125411654009,,,2.0,3.0
hamburg,link+k10d,1,0,20,3,0.9025920200730336,0.907005399108363,0.004413379035329346,,
hamburg,link+k10d,1,0,20,5,0.9437798239128974,0.9508031453726729,0.007023321459775467,,
hamburg,link+k10d,1,0,20,8,0.9745390595246096,0.9745390595246096,0.0,,
hamburg,link+k10d,1,0,20,-1,0.846125411654009,,,2.0,3.0
hamburg,link+k25,1,0,20,3,0.9025920200730336,0.907005399108363,0.004413379035329346,,
hamburg,link+k25,1,0,20,5,0.9437798239128974,0.9508031453726729,0.007023321459775467,,
hamburg,link+k25,1,0,20,8,0.9745390595246096,0.9745390595246096,0.0,,
hamburg,link+k25,1,0,20,-1,0.846125411654009,,,2.0,3.0
hamburg,link+k25,1,1,20,3,0.9025920200730336,0.907005399108363,0.004413379035329346,,
hamburg,link+k25,1,1,20,5,0.9437798239128974,0.9508031453726729,0.007023321459775467,,
hamburg,link+k25,1,1,20,8,0.9745390595246096,0.9745390595246096,0.0,,
hamburg,link+k25,1,1,20,-1,0.846125411654009,,,2.0,3.0
hamburg,link+k25,1,2,20,3,0.9025920200730336,0.907005399108363,0.004413379035329346,,
hamburg,link+k25,1,2,20,5,0.9437798239128974,0.9508031453726729,0.007023321459775467,,
hamburg,link+k25,1,2,20,8,0.9745390595246096,0.9745390595246096,0.0,,
hamburg,link+k25,1,2,20,-1,0.846125411654009,,,2.0,3.0
hamburg,link+k25,1,3,20,3,0.9025920200730336,0.907005399108363,0.004413379035329346,,
hamburg,link+k25,1,3,20,5,0.9437798239128974,0.9508031453726729,0.007023321459775467,,
hamburg,link+k25,1,3,20,8,0.9745390595246096,0.9745390595246096,0.0,,
hamburg,link+k25,1,3,20,-1,0.846125411654009,,,2.0,3.0
hamburg,link+k25,1,4,20,3,0.9025920200730336,0.907005399108363,0.004413379035329346,,
hamburg,link+k25,1,4,20,5,0.9437798239128974,0.9508031453726729,0.007023321459775467,,
hamburg,link+k25,1,4,20,8,0.9745390595246096,0.9745390595246096,0.0,,
hamburg,link+k25,1,4,20,-1,0.846125411654009,,,2.0,3.0
hamburg,link+k25,1,5,20,3,0.9025920200730336,0.907005399108363,0.004413379035329346,,
hamburg,link+k25,1,5,20,5,0.9437798239128974,0.9508031453726729,0.007023321459775467,,
hamburg,link+k25,1,5,20,8,0.9745390595246096,0.9745390595246096,0.0,,
hamburg,link+k25,1,5,20,-1,0.846125411654009,,,2.0,3.0
hamburg,link+k25,1,6,20,3,0.9025920200730336,0.907005399108363,0.004413379035329346,,
hamburg,link+k25,1,6,20,5,0.9437798239128974,0.9508031453726729,0.007023321459775467,,
hamburg,link+k25,1,6,20,8,0.9745390595246096,0.9745390595246096,0.0,,
hamburg,link+k25,1,6,20,-1,0.846125411654009,,,2.0,3.0
hamburg,link+k25,1,7,20,3,0.9025920200730336,0.907005399108363,0.004413379035329346,,
hamburg,link+k25,1,7,20,5,0.9437798239128974,0.9508031453726729,0.007023321459775467,,
hamburg,link+k25,1,7,20,8,0.9745390595246096,0.9745390595246096,0.0,,
hamburg,link+k25,1,7,20,-1,0.846125411654009,,,2.0,3.0
hamburg,link+k25,1,8,20,3,0.9025920200730336,0.907005399108363,0.004413379035329346,,
hamburg,link+k25,1,8,20,5,0.9437798239128974,0.9508031453726729,0.007023321459775467,,
hamburg,link+k25,1,8,20,8,0.9745390595246096,0.9745390595246096,0.0,,
hamburg,link+k25,1,8,20,-1,0.846125411654009,,,2.0,3.0
hamburg,link+k25,1,9,20,3,0.9025920200730336,0.907005399108363,0.004413379035329346,,
hamburg,link+k25,1,9,20,5,0.9437798239128974,0.9508031453726729,0.007023321459775467,,
hamburg,link+k25,1,9,20,8,0.9745390595246096,0.9745390595246096,0.0,,
hamburg,link+k25,1,9,20,-1,0.846125411654009,,,2.0,3.0
hamburg,link+k25d,1,0,20,3,0.9025920200730336,0.907005399108363,0.004413379035329346,,
hamburg,link+k25d,1,0,20,5,0.9437798239128974,0.9508031453726729,0.007023321459775467,,
hamburg,link+k25d,1,0,20,8,0.9745390595246096,0.9745390595246096,0.0,,
hamburg,link+k25d,1,0,20,-1,0.846125411654009,,,2.0,3.0
hamburg,link+k50,1,0,20,3,0.9025920200730336,0.907005399108363,0.004413379035329346,,
hamburg,link+k50,1,0,20,5,0.9437798239128974,0.9508031453726729,0.007023321459775467,,
hamburg,link+k50,1,0,20,8,0.9745390595246096,0.9745390595246096,0.0,,
hamburg,link+k50,1,0,20,-1,0.846125411654009,,,2.0,3.0
hamburg,link+k50,1,1,20,3,0.9025920200730336,0.907005399108363,0.004413379035329346,,
hamburg,link+k50,1,1,20,5,0.9437798239128974,0.9508031453726729,0.007023321459775467,,
hamburg,link+k50,1,1,20,8,0.9745390595246096,0.9745390595246096,0.0,,
hamburg,link+k50,1,1,20,-1,0.846125411654009,,,2.0,3.0
hamburg,link+k50,1,2,20,3,0.9025920200730336,0.907005399108363,0.004413379035329346,,
hamburg,link+k50,1,2,20,5,0.9437798239128974,0.9508031453726729,0.007023321459775467,,
hamburg,link+k50,1,2,20,8,0.9745390595246096,0.9745390595246096,0.0,,
hamburg,link+k50,1,2,20,-1,0.846125411654009,,,2.0,3.0
hamburg,link+k50,1,3,20,3,0.9025920200730336,0.907005399108363,0.004413379035329346,,
hamburg,link+k50,1,3,20,5,0.9437798239128974,0.9508031453726729,0.007023321459775467,,
hamburg,link+k50,1,3,20,8,0.9719179156305308,0.9745390595246096,0.002621143894078859,,
hamburg,link+k50,1,3,20,-1,0.846125411654009,,,2.0,3.0
hamburg,link+k50,1,4,20,3,0.9025920200730336,0.907005399108363,0.004413379035329346,,
hamburg,link+k50,1,4,20,5,0.9437798239128974,0.9508031453726729,0.007023321459775467,,
hamburg,link+k50,1,4,20,8,0.9745390595246096,0.9745390595246096,0.0,,
hamburg,link+k50,1,4,20,-1,0.846125411654009,,,2.0,3.0
hamburg,link+k50,1,5,20,3,0.9025920200730336,0.907005399108363,0.004413379035329346,,
hamburg,link+k50,1,5,20,5,0.9437798239128974,0.9508031453726729,0.007023321459775467,,
hamburg,link+k50,1,5,20,8,0.9745390595246096,0.9745390595246096,0.0,,
hamburg,link+k50,1,5,20,-1,0.846125411654009,,,2.0,3.0
hamburg,link+k50,1,6,20,3,0.9025920200730336,0.907005399108363,0.004413379035329346,,
hamburg,link+k50,1,6,20,5,0.9437798239128974,0.9508031453726729,0.007023321459775467,,
hamburg,link+k50,1,6,20,8,0.9745390595246096,0.9745390595246096,0.0,,
hamburg,link+k50,1,6,20,-1,0.846125411654009,,,2.0,3.0
hamburg,link+k50,1,7,20,3,0.9025920200730336,0.907005399108363,0.004413379035329346,,
hamburg,link+k50,1,7,20,5,0.9437798239128974,0.9508031453726729,0.007023321459775467,,
hamburg,link+k50,1,7,20,8,0.9745390595246096,0.9745390595246096,0.0,,
hamburg,link+k50,1,7,20,-1,0.846125411654009,,,2.0,3.0
hamburg,link+k50,1,8,20,3,0.9025920200730336,0.907005399108363,0.004413379035329346,,
hamburg,link+k50,1,8,20,5,0.9437798239128974,0.9508031453726729,0.007023321459775467,,
hamburg,link+k50,1,8,20,8,0.9745390595246096,0.9745390595246096,0.0,,
hamburg,link+k50,1,8,20,-1,0.846125411654009,,,2.0,3.0
hamburg,link+k50,1,9,20,3,0.9025920200730336,0.907005399108363,0.004413379035329346,,
hamburg,link+k50,1,9,20,5,0.9437798239128974,0.9508031453726729,0.007023321459775467,,
hamburg,link+k50,1,9,20,8,0.9745390595246096,0.9745390595246096,0.0,,
hamburg,link+k50,1,9,20,-1,0.846125411654009,,,2.0,3.0
hamburg,link+k50d,1,0,20,3,0.9025920200730336,0.907005399108363,0.004413379035329346,,
hamburg,link+k50d,1,0,20,5,0.9437798239128974,0.9508031453726729,0.007023321459775467,,
hamburg,link+k50d,1,0,20,8,0.9745390595246096,0.9745390595246096,0.0,,
hamburg,link+k50d,1,0,20,-1,0.846125411654009,,,2.0,3.0
hamburg,link,2,0,20,3,0.9025920200730336,0.907005399108363,0.004413379035329346,,
hamburg,link,2,0,20,5,0.9437798239128974,0.9508031453726729,0.007023321459775467,,
hamburg,link,2,0,20,8,0.9715706700719134,0.9745390595246096,0.002968389452696174,,
hamburg,link,2,0,20,-1,0.846125411654009,,,2.0,3.0
hamburg,link,2,0,10,3,0.9025920200730336,0.907005399108363,0.004413379035329346,,
hamburg,link,2,0,10,5,0.9358043775343325,0.9450567914510384,0.009252413916705837,,
hamburg,link,2,0,10,8,0.9612429150704572,0.9612429150704572,0.0,,
hamburg,link,2,0,10,-1,0.846125411654009,,,2.0,3.0
hamburg,link_reg,2,0,20,3,0.8517373479400497,0.907005399108363,0.05526805116831324,,
hamburg,link_reg,2,0,20,5,0.8517373479400497,0.9508031453726729,0.09906579743262311,,
hamburg,link_reg,2,0,20,8,0.8517373479400497,0.9745390595246096,0.12280171158455988,,
hamburg,link_reg,2,0,20,-1,0.6703295472365974,,,1.0,3.0
hamburg,link_reg,2,0,10,3,0.8517373479400497,0.907005399108363,0.05526805116831324,,
hamburg,link_reg,2,0,10,5,0.8517373479400497,0.9450567914510384,0.09331944351098864,,
hamburg,link_reg,2,0,10,8,0.8517373479400497,0.9612429150704572,0.10950556713040749,,
hamburg,link_reg,2,0,10,-1,0.6703295472365974,,,1.0,3.0
hamburg,link+k10,2,0,20,3,0.9025920200730336,0.907005399108363,0.004413379035329346,,
hamburg,link+k10,2,0,20,5,0.9437798239128974,0.9508031453726729,0.007023321459775467,,
hamburg,link+k10,2,0,20,8,0.9715706700719134,0.9745390595246096,0.002968389452696174,,
hamburg,link+k10,2,0,20,-1,0.846125411654009,,,2.0,3.0
hamburg,link+k10,2,1,20,3,0.9025920200730336,0.907005399108363,0.004413379035329346,,
hamburg,link+k10,2,1,20,5,0.9437798239128974,0.9508031453726729,0.007023321459775467,,
hamburg,link+k10,2,1,20,8,0.9715706700719134,0.9745390595246096,0.002968389452696174,,
hamburg,link+k10,2,1,20,-1,0.846125411654009,,,2.0,3.0
hamburg,link+k10,2,2,20,3,0.9025920200730336,0.907005399108363,0.004413379035329346,,
hamburg,link+k10,2,2,20,5,0.9437798239128974,0.9508031453726729,0.007023321459775467,,
hamburg,link+k10,2,2,20,8,0.9715706700719134,0.9745390595246096,0.002968389452696174,,
hamburg,link+k10,2,2,20,-1,0.846125411654009,,,2.0,3.0
hamburg,link+k10,2,3,20,3,0.9025920200730336,0.907005399108363,0.004413379035329346,,
hamburg,link+k10,2,3,20,5,0.9437798239128974,0.9508031453726729,0.007023321459775467,,
hamburg,link+k10,2,3,20,8,0.9715706700719134,0.9745390595246096,0.002968389452696174,,
hamburg,link+k10,2,3,20,-1,0.846125411654009,,,2.0,3.0
hamburg,link+k10,2,4,20,3,0.9025920200730336,0.907005399108363,0.004413379035329346,,
hamburg,link+k10,2,4,20,5,0.9437798239128974,0.9508031453726729,0.007023321459775467,,
hamburg,link+k10,2,4,20,8,0.9715706700719134,0.9745390595246096,0.002968389452696174,,
hamburg,link+k10,2,4,20,-1,0.846125411654009,,,2.0,3.0
hamburg,link+k10,2,5,20,3,0.9025920200730336,0.907005399108363,0.004413379035329346,,
hamburg,link+k10,2,5,20,5,0.9437798239128974,0.9508031453726729,0.007023321459775467,,
hamburg,link+k10,2,5,20,8,0.9715706700719134,0.9745390595246096,0.002968389452696174,,
hamburg,link+k10,2,5,20,-1,0.846125411654009,,,2.0,3.0
hamburg,link+k10,2,6,20,3,0.9025920200730336,0.907005399108363,0.004413379035329346,,
hamburg,link+k10,2,6,20,5,0.9437798239128974,0.9508031453726729,0.007023321459775467,,
hamburg,link+k10,2,6,20,8,0.9745390595246096,0.9745390595246096,0.0,,
hamburg,link+k10,2,6,20,-1,0.846125411654009,,,2.0,3.0
hamburg,link+k10,2,7,20,3,0.9025920200730336,0.907005399108363,0.004413379035329346,,
hamburg,link+k10,2,7,20,5,0.9437798239128974,0.9508031453726729,0.007023321459775467,,
hamburg,link+k10,2,7,20,8,0.9715706700719134,0.9745390595246096,0.002968389452696174,,
hamburg,link+k10,2,7,20,-1,0.846125411654009,,,2.0,3.0
hamburg,link+k10,2,8,20,3,0.9025920200730336,0.907005399108363,0.004413379035329346,,
hamburg,link+k10,2,8,20,5,0.9437798239128974,0.9508031453726729,0.007023321459775467,,
hamburg,link+k10,2,8,20,8,0.9715706700719134,0.9745390595246096,0.002968389452696174,,
hamburg,link+k10,2,8,20,-1,0.846125411654009,,,2.0,3.0
hamburg,link+k10,2,9,20,3,0.9025920200730336,0.907005399108363,0.004413379035329346,,
hamburg,link+k10,2,9,20,5,0.9437798239128974,0.9508031453726729,0.007023321459775467,,
hamburg,link+k10,2,9,20,8,0.9707641642583507,0.9745390595246096,0.0037748952662589597,,
hamburg,link+k10,2,9,20,-1,0.846125411654009,,,2.0,3.0
hamburg,link+k10d,2,0,20,3,0.9025920200730336,0.907005399108363,0.004413379035329346,,
hamburg,link+k10d,2,0,20,5,0.9437798239128974,0.9508031453726729,0.007023321459775467,,
hamburg,link+k10d,2,0,20,8,0.9715706700719134,0.9745390595246096,0.002968389452696174,,
hamburg,link+k10d,2,0,20,-1,0.846125411654009,,,2.0,3.0
hamburg,link+k25,2,0,20,3,0.9025920200730336,0.907005399108363,0.004413379035329346,,
hamburg,link+k25,2,0,20,5,0.9437798239128974,0.9508031453726729,0.007023321459775467,,
hamburg,link+k25,2,0,20,8,0.9715706700719134,0.9745390595246096,0.002968389452696174,,
hamburg,link+k25,2,0,20,-1,0.846125411654009,,,2.0,3.0
hamburg,link+k25,2,1,20,3,0.9025920200730336,0.907005399108363,0.004413379035329346,,
hamburg,link+k25,2,1,20,5,0.9457400810986402,0.9508031453726729,0.0050630642740326914,,
hamburg,link+k25,2,1,20,8,0.9745390595246096,0.9745390595246096,0.0,,
hamburg,link+k25,2,1,20,-1,0.846125411654009,,,2.0,3.0
hamburg,link+k25,2,2,20,3,0.9025920200730336,0.907005399108363,0.004413379035329346,,
hamburg,link+k25,2,2,20,5,0.9437798239128974,0.9508031453726729,0.007023321459775467,,
hamburg,link+k25,2,2,20,8,0.9707641642583507,0.9745390595246096,0.0037748952662589597,,
hamburg,link+k25,2,2,20,-1,0.846125411654009,,,2.0,3.0
hamburg,link+k25,2,3,20,3,0.9025920200730336,0.907005399108363,0.004413379035329346,,
hamburg,link+k25,2,3,20,5,0.9457400810986402,0.9508031453726729,0.0050630642740326914,,
hamburg,link+k25,2,3,20,8,0.9715706700719134,0.9745390595246096,0.002968389452696174,,
hamburg,link+k25,2,3,20,-1,0.846125411654009,,,2.0,3.0
hamburg,link+k25,2,4,20,3,0.9025920200730336,0.907005399108363,0.004413379035329346,,
hamburg,link+k25,2,4,20,5,0.9437798239128974,0.9508031453726729,0.007023321459775467,,
hamburg,link+k25,2,4,20,8,0.9715706700719134,0.9745390595246096,0.002968389452696174,,
hamburg,link+k25,2,4,20,-1,0.846125411654009,,,2.0,3.0
hamburg,link+k25,2,5,20,3,0.9025920200730336,0.907005399108363,0.004413379035329346,,
hamburg,link+k25,2,5,20,5,0.9437798239128974,0.9508031453726729,0.007023321459775467,,
hamburg,link+k25,2,5,20,8,0.9745390595246096,0.9745390595246096,0.0,,
hamburg,link+k25,2,5,20,-1,0.846125411654009,,,2.0,3.0
hamburg,link+k25,2,6,20,3,0.9025920200730336,0.907005399108363,0.004413379035329346,,
hamburg,link+k25,2,6,20,5,0.9437798239128974,0.9508031453726729,0.007023321459775467,,
hamburg,link+k25,2,6,20,8,0.9694535923113112,0.9745390595246096,0.005085467213298389,,
hamburg,link+k25,2,6,20,-1,0.846125411654009,,,2.0,3.0
hamburg,link+k25,2,7,20,3,0.9025920200730336,0.907005399108363,0.004413379035329346,,
hamburg,link+k25,2,7,20,5,0.9437798239128974,0.9508031453726729,0.007023321459775467,,
hamburg,link+k25,2,7,20,8,0.9715706700719134,0.9745390595246096,0.002968389452696174,,
hamburg,link+k25,2,7,20,-1,0.846125411654009,,,2.0,3.0
hamburg,link+k25,2,8,20,3,0.9025920200730336,0.907005399108363,0.004413379035329346,,
hamburg,link+k25,2,8,20,5,0.9457400810986402,0.9508031453726729,0.0050630642740326914,,
hamburg,link+k25,2,8,20,8,0.9715706700719134,0.9745390595246096,0.002968389452696174,,
hamburg,link+k25,2,8,20,-1,0.846125411654009,,,2.0,3.0
hamburg,link+k25,2,9,20,3,0.9025920200730336,0.907005399108363,0.004413379035329346,,
hamburg,link+k25,2,9,20,5,0.9457400810986402,0.9508031453726729,0.0050630642740326914,,
hamburg,link+k25,2,9,20,8,0.9745390595246096,0.9745390595246096,0.0,,
hamburg,link+k25,2,9,20,-1,0.846125411654009,,,2.0,3.0
hamburg,link+k25d,2,0,20,3,0.9025920200730336,0.907005399108363,0.004413379035329346,,
hamburg,link+k25d,2,0,20,5,0.9437798239128974,0.9508031453726729,0.007023321459775467,,
hamburg,link+k25d,2,0,20,8,0.9715706700719134,0.9745390595246096,0.002968389452696174,,
hamburg,link+k25d,2,0,20,-1,0.846125411654009,,,2.0,3.0
hamburg,link+k50,2,0,20,3,0.9025920200730336,0.907005399108363,0.004413379035329346,,
hamburg,link+k50,2,0,20,5,0.9457400810986402,0.9508031453726729,0.0050630642740326914,,
hamburg,link+k50,2,0,20,8,0.9715706700719134,0.9745390595246096,0.002968389452696174,,
hamburg,link+k50,2,0,20,-1,0.846125411654009,,,2.0,3.0
hamburg,link+k50,2,1,20,3,0.9025920200730336,0.907005399108363,0.004413379035329346,,
hamburg,link+k50,2,1,20,5,0.9437798239128974,0.9508031453726729,0.007023321459775467,,
hamburg,link+k50,2,1,20,8,0.9707641642583507,0.9745390595246096,0.0037748952662589597,,
hamburg,link+k50,2,1,20,-1,0.846125411654009,,,2.0,3.0
hamburg,link+k50,2,2,20,3,0.9025920200730336,0.907005399108363,0.004413379035329346,,
hamburg,link+k50,2,2,20,5,0.9437798239128974,0.9508031453726729,0.007023321459775467,,
hamburg,link+k50,2,2,20,8,0.9715706700719134,0.9745390595246096,0.002968389452696174,,
hamburg,link+k50,2,2,20,-1,0.846125411654009,,,2.0,3.0
hamburg,link+k50,2,3,20,3,0.9025920200730336,0.907005399108363,0.004413379035329346,,
hamburg,link+k50,2,3,20,5,0.9437798239128974,0.9508031453726729,0.007023321459775467,,
hamburg,link+k50,2,3,20,8,0.9745390595246096,0.9745390595246096,0.0,,
hamburg,link+k50,2,3,20,-1,0.846125411654009,,,2.0,3.0
hamburg,link+k50,2,4,20,3,0.9025920200730336,0.907005399108363,0.004413379035329346,,
hamburg,link+k50,2,4,20,5,0.9437798239128974,0.9508031453726729,0.007023321459775467,,
hamburg,link+k50,2,4,20,8,0.9707641642583507,0.9745390595246096,0.0037748952662589597,,
hamburg,link+k50,2,4,20,-1,0.846125411654009,,,2.0,3.0
hamburg,link+k50,2,5,20,3,0.9025920200730336,0.907005399108363,0.004413379035329346,,
hamburg,link+k50,2,5,20,5,0.9437798239128974,0.9508031453726729,0.007023321459775467,,
hamburg,link+k50,2,5,20,8,0.9715706700719134,0.9745390595246096,0.002968389452696174,,
hamburg,link+k50,2,5,20,-1,0.846125411654009,,,2.0,3.0
hamburg,link+k50,2,6,20,3,0.9025920200730336,0.907005399108363,0.004413379035329346,,
hamburg,link+k50,2,6,20,5,0.9437798239128974,0.9508031453726729,0.007023321459775467,,
hamburg,link+k50,2,6,20,8,0.9715706700719134,0.9745390595246096,0.002968389452696174,,
hamburg,link+k50,2,6,20,-1,0.846125411654009,,,2.0,3.0
hamburg,link+k50,2,7,20,3,0.9025920200730336,0.907005399108363,0.004413379035329346,,
hamburg,link+k50,2,7,20,5,0.9437798239128974,0.9508031453726729,0.007023321459775467,,
hamburg,link+k50,2,7,20,8,0.9715706700719134,0.9745390595246096,0.002968389452696174,,
hamburg,link+k50,2,7,20,-1,0.846125411654009,,,2.0,3.0
hamburg,link+k50,2,8,20,3,0.9025920200730336,0.907005399108363,0.004413379035329346,,
hamburg,link+k50,2,8,20,5,0.9437798239128974,0.9508031453726729,0.007023321459775467,,
hamburg,link+k50,2,8,20,8,0.9745390595246096,0.9745390595246096,0.0,,
hamburg,link+k50,2,8,20,-1,0.846125411654009,,,2.0,3.0
hamburg,link+k50,2,9,20,3,0.9025920200730336,0.907005399108363,0.004413379035329346,,
hamburg,link+k50,2,9,20,5,0.9437798239128974,0.9508031453726729,0.007023321459775467,,
hamburg,link+k50,2,9,20,8,0.9715706700719134,0.9745390595246096,0.002968389452696174,,
hamburg,link+k50,2,9,20,-1,0.846125411654009,,,2.0,3.0
hamburg,link+k50d,2,0,20,3,0.9025920200730336,0.907005399108363,0.004413379035329346,,
hamburg,link+k50d,2,0,20,5,0.9437798239128974,0.9508031453726729,0.007023321459775467,,
hamburg,link+k50d,2,0,20,8,0.9715706700719134,0.9745390595246096,0.002968389452696174,,
hamburg,link+k50d,2,0,20,-1,0.846125411654009,,,2.0,3.0
hamburg,link,3,0,20,3,0.9025920200730336,0.907005399108363,0.004413379035329346,,
hamburg,link,3,0,20,5,0.9437798239128974,0.9508031453726729,0.007023321459775467,,
hamburg,link,3,0,20,8,0.9745390595246096,0.9745390595246096,0.0,,
hamburg,link,3,0,20,-1,0.846125411654009,,,2.0,3.0
hamburg,link,3,0,10,3,0.9025920200730336,0.907005399108363,0.004413379035329346,,
hamburg,link,3,0,10,5,0.9358043775343325,0.9450567914510384,0.009252413916705837,,
hamburg,link,3,0,10,8,0.9612429150704572,0.9612429150704572,0.0,,
hamburg,link,3,0,10,-1,0.846125411654009,,,2.0,3.0
hamburg,link_reg,3,0,20,3,0.8381947711539754,0.907005399108363,0.06881062795438753,,
hamburg,link_reg,3,0,20,5,0.8381947711539754,0.9508031453726729,0.1126083742186974,,
hamburg,link_reg,3,0,20,8,0.8381947711539754,0.9745390595246096,0.13634428837063417,,
hamburg,link_reg,3,0,20,-1,0.6498308578085444,,,1.0,3.0
hamburg,link_reg,3,0,10,3,0.8381947711539754,0.907005399108363,0.06881062795438753,,
hamburg,link_reg,3,0,10,5,0.8381947711539754,0.9450567914510384,0.10686202029706293,,
hamburg,link_reg,3,0,10,8,0.8381947711539754,0.9612429150704572,0.12304814391648178,,
hamburg,link_reg,3,0,10,-1,0.6498308578085444,,,1.0,3.0
hamburg,link+k10,3,0,20,3,0.9025920200730336,0.907005399108363,0.004413379035329346,,
hamburg,link+k10,3,0,20,5,0.9437798239128974,0.9508031453726729,0.007023321459775467,,
hamburg,link+k10,3,0,20,8,0.9745390595246096,0.9745390595246096,0.0,,
hamburg,link+k10,3,0,20,-1,0.846125411654009,,,2.0,3.0
hamburg,link+k10,3,1,20,3,0.9025920200730336,0.907005399108363,0.004413379035329346,,
hamburg,link+k10,3,1,20,5,0.9437798239128974,0.9508031453726729,0.007023321459775467,,
hamburg,link+k10,3,1,20,8,0.9745390595246096,0.9745390595246096,0.0,,
hamburg,link+k10,3,1,20,-1,0.846125411654009,,,2.0,3.0
hamburg,link+k10,3,2,20,3,0.9025920200730336,0.907005399108363,0.004413379035329346,,
hamburg,link+k10,3,2,20,5,0.9437798239128974,0.9508031453726729,0.007023321459775467,,
hamburg,link+k10,3,2,20,8,0.9745390595246096,0.9745390595246096,0.0,,
hamburg,link+k10,3,2,20,-1,0.846125411654009,,,2.0,3.0
hamburg,link+k10,3,3,20,3,0.9025920200730336,0.907005399108363,0.004413379035329346,,
hamburg,link+k10,3,3,20,5,0.9437798239128974,0.9508031453726729,0.007023321459775467,,
hamburg,link+k10,3,3,20,8,0.9745390595246096,0.9745390595246096,0.0,,
hamburg,link+k10,3,3,20,-1,0.846125411654009,,,2.0,3.0
hamburg,link+k10,3,4,20,3,0.9025920200730336,0.907005399108363,0.004413379035329346,,
hamburg,link+k10,3,4,20,5,0.9437798239128974,0.9508031453726729,0.007023321459775467,,
hamburg,link+k10,3,4,20,8,0.9745390595246096,0.9745390595246096,0.0,,
hamburg,link+k10,3,4,20,-1,0.846125411654009,,,2.0,3.0
hamburg,link+k10,3,5,20,3,0.9025920200730336,0.907005399108363,0.004413379035329346,,
hamburg,link+k10,3,5,20,5,0.9437798239128974,0.9508031453726729,0.007023321459775467,,
hamburg,link+k10,3,5,20,8,0.9745390595246096,0.9745390595246096,0.0,,
hamburg,link+k10,3,5,20,-1,0.846125411654009,,,2.0,3.0
hamburg,link+k10,3,6,20,3,0.9025920200730336,0.907005399108363,0.004413379035329346,,
hamburg,link+k10,3,6,20,5,0.9437798239128974,0.9508031453726729,0.007023321459775467,,
hamburg,link+k10,3,6,20,8,0.9745390595246096,0.9745390595246096,0.0,,
hamburg,link+k10,3,6,20,-1,0.846125411654009,,,2.0,3.0
hamburg,link+k10,3,7,20,3,0.9025920200730336,0.907005399108363,0.004413379035329346,,
hamburg,link+k10,3,7,20,5,0.9437798239128974,0.9508031453726729,0.007023321459775467,,
hamburg,link+k10,3,7,20,8,0.9745390595246096,0.9745390595246096,0.0,,
hamburg,link+k10,3,7,20,-1,0.846125411654009,,,2.0,3.0
hamburg,link+k10,3,8,20,3,0.9025920200730336,0.907005399108363,0.004413379035329346,,
hamburg,link+k10,3,8,20,5,0.9437798239128974,0.9508031453726729,0.007023321459775467,,
hamburg,link+k10,3,8,20,8,0.9745390595246096,0.9745390595246096,0.0,,
hamburg,link+k10,3,8,20,-1,0.846125411654009,,,2.0,3.0
hamburg,link+k10,3,9,20,3,0.9025920200730336,0.907005399108363,0.004413379035329346,,
hamburg,link+k10,3,9,20,5,0.9437798239128974,0.9508031453726729,0.007023321459775467,,
hamburg,link+k10,3,9,20,8,0.9745390595246096,0.9745390595246096,0.0,,
hamburg,link+k10,3,9,20,-1,0.846125411654009,,,2.0,3.0
hamburg,link+k10d,3,0,20,3,0.9025920200730336,0.907005399108363,0.004413379035329346,,
hamburg,link+k10d,3,0,20,5,0.9437798239128974,0.9508031453726729,0.007023321459775467,,
hamburg,link+k10d,3,0,20,8,0.9745390595246096,0.9745390595246096,0.0,,
hamburg,link+k10d,3,0,20,-1,0.846125411654009,,,2.0,3.0
hamburg,link+k25,3,0,20,3,0.9025920200730336,0.907005399108363,0.004413379035329346,,
hamburg,link+k25,3,0,20,5,0.9437798239128974,0.9508031453726729,0.007023321459775467,,
hamburg,link+k25,3,0,20,8,0.9745390595246096,0.9745390595246096,0.0,,
hamburg,link+k25,3,0,20,-1,0.846125411654009,,,2.0,3.0
hamburg,link+k25,3,1,20,3,0.9025920200730336,0.907005399108363,0.004413379035329346,,
hamburg,link+k25,3,1,20,5,0.9437798239128974,0.9508031453726729,0.007023321459775467,,
hamburg,link+k25,3,1,20,8,0.9745390595246096,0.9745390595246096,0.0,,
hamburg,link+k25,3,1,20,-1,0.846125411654009,,,2.0,3.0
hamburg,link+k25,3,2,20,3,0.9025920200730336,0.907005399108363,0.004413379035329346,,
hamburg,link+k25,3,2,20,5,0.9437798239128974,0.9508031453726729,0.007023321459775467,,
hamburg,link+k25,3,2,20,8,0.9745390595246096,0.9745390595246096,0.0,,
hamburg,link+k25,3,2,20,-1,0.846125411654009,,,2.0,3.0
hamburg,link+k25,3,3,20,3,0.9025920200730336,0.907005399108363,0.004413379035329346,,
hamburg,link+k25,3,3,20,5,0.9437798239128974,0.9508031453726729,0.007023321459775467,,
hamburg,link+k25,3,3,20,8,0.9715706700719134,0.9745390595246096,0.002968389452696174,,
hamburg,link+k25,3,3,20,-1,0.846125411654009,,,2.0,3.0
hamburg,link+k25,3,4,20,3,0.9025920200730336,0.907005399108363,0.004413379035329346,,
hamburg,link+k25,3,4,20,5,0.9437798239128974,0.9508031453726729,0.007023321459775467,,
hamburg,link+k25,3,4,20,8,0.9745390595246096,0.9745390595246096,0.0,,
hamburg,link+k25,3,4,20,-1,0.846125411654009,,,2.0,3.0
hamburg,link+k25,3,5,20,3,0.9025920200730336,0.907005399108363,0.004413379035329346,,
hamburg,link+k25,3,5,20,5,0.9437798239128974,0.9508031453726729,0.007023321459775467,,
hamburg,link+k25,3,5,20,8,0.9745390595246096,0.9745390595246096,0.0,,
hamburg,link+k25,3,5,20,-1,0.846125411654009,,,2.0,3.0
hamburg,link+k25,3,6,20,3,0.9025920200730336,0.907005399108363,0.004413379035329346,,
hamburg,link+k25,3,6,20,5,0.9437798239128974,0.9508031453726729,0.007023321459775467,,
hamburg,link+k25,3,6,20,8,0.9694535923113112,0.9745390595246096,0.005085467213298389,,
hamburg,link+k25,3,6,20,-1,0.846125411654009,,,2.0,3.0
hamburg,link+k25,3,7,20,3,0.9025920200730336,0.907005399108363,0.004413379035329346,,
hamburg,link+k25,3,7,20,5,0.9437798239128974,0.9508031453726729,0.007023321459775467,,
hamburg,link+k25,3,7,20,8,0.9745390595246096,0.9745390595246096,0.0,,
hamburg,link+k25,3,7,20,-1,0.846125411654009,,,2.0,3.0
hamburg,link+k25,3,8,20,3,0.9025920200730336,0.907005399108363,0.004413379035329346,,
hamburg,link+k25,3,8,20,5,0.9437798239128974,0.9508031453726729,0.007023321459775467,,
hamburg,link+k25,3,8,20,8,0.9745390595246096,0.9745390595246096,0.0,,
hamburg,link+k25,3,8,20,-1,0.846125411654009,,,2.0,3.0
hamburg,link+k25,3,9,20,3,0.9025920200730336,0.907005399108363,0.004413379035329346,,
hamburg,link+k25,3,9,20,5,0.9437798239128974,0.9508031453726729,0.007023321459775467,,
hamburg,link+k25,3,9,20,8,0.9745390595246096,0.9745390595246096,0.0,,
hamburg,link+k25,3,9,20,-1,0.846125411654009,,,2.0,3.0
hamburg,link+k25d,3,0,20,3,0.9025920200730336,0.907005399108363,0.004413379035329346,,
hamburg,link+k25d,3,0,20,5,0.9437798239128974,0.9508031453726729,0.007023321459775467,,
hamburg,link+k25d,3,0,20,8,0.9745390595246096,0.9745390595246096,0.0,,
hamburg,link+k25d,3,0,20,-1,0.846125411654009,,,2.0,3.0
hamburg,link+k50,3,0,20,3,0.9025920200730336,0.907005399108363,0.004413379035329346,,
hamburg,link+k50,3,0,20,5,0.9437798239128974,0.9508031453726729,0.007023321459775467,,
hamburg,link+k50,3,0,20,8,0.9745390595246096,0.9745390595246096,0.0,,
hamburg,link+k50,3,0,20,-1,0.846125411654009,,,2.0,3.0
hamburg,link+k50,3,1,20,3,0.9025920200730336,0.907005399108363,0.004413379035329346,,
hamburg,link+k50,3,1,20,5,0.9437798239128974,0.9508031453726729,0.007023321459775467,,
hamburg,link+k50,3,1,20,8,0.9745390595246096,0.9745390595246096,0.0,,
hamburg,link+k50,3,1,20,-1,0.846125411654009,,,2.0,3.0
hamburg,link+k50,3,2,20,3,0.9025920200730336,0.907005399108363,0.004413379035329346,,
hamburg,link+k50,3,2,20,5,0.9437798239128974,0.9508031453726729,0.007023321459775467,,
hamburg,link+k50,3,2,20,8,0.9745390595246096,0.9745390595246096,0.0,,
hamburg,link+k50,3,2,20,-1,0.846125411654009,,,2.0,3.0
hamburg,link+k50,3,3,20,3,0.9025920200730336,0.907005399108363,0.004413379035329346,,
hamburg,link+k50,3,3,20,5,0.9437798239128974,0.9508031453726729,0.007023321459775467,,
hamburg,link+k50,3,3,20,8,0.9745390595246096,0.9745390595246096,0.0,,
hamburg,link+k50,3,3,20,-1,0.846125411654009,,,2.0,3.0
hamburg,link+k50,3,4,20,3,0.9025920200730336,0.907005399108363,0.004413379035329346,,
hamburg,link+k50,3,4,20,5,0.9437798239128974,0.9508031453726729,0.007023321459775467,,
hamburg,link+k50,3,4,20,8,0.9745390595246096,0.9745390595246096,0.0,,
hamburg,link+k50,3,4,20,-1,0.846125411654009,,,2.0,3.0
hamburg,link+k50,3,5,20,3,0.9025920200730336,0.907005399108363,0.004413379035329346,,
hamburg,link+k50,3,5,20,5,0.9437798239128974,0.9508031453726729,0.007023321459775467,,
hamburg,link+k50,3,5,20,8,0.9719179156305308,0.9745390595246096,0.002621143894078859,,
hamburg,link+k50,3,5,20,-1,0.846125411654009,,,2.0,3.0
hamburg,link+k50,3,6,20,3,0.9025920200730336,0.907005399108363,0.004413379035329346,,
hamburg,link+k50,3,6,20,5,0.9437798239128974,0.9508031453726729,0.007023321459775467,,
hamburg,link+k50,3,6,20,8,0.9745390595246096,0.9745390595246096,0.0,,
hamburg,link+k50,3,6,20,-1,0.846125411654009,,,2.0,3.0
hamburg,link+k50,3,7,20,3,0.9025920200730336,0.907005399108363,0.004413379035329346,,
hamburg,link+k50,3,7,20,5,0.9437798239128974,0.9508031453726729,0.007023321459775467,,
hamburg,link+k50,3,7,20,8,0.9745390595246096,0.9745390595246096,0.0,,
hamburg,link+k50,3,7,20,-1,0.846125411654009,,,2.0,3.0
hamburg,link+k50,3,8,20,3,0.9025920200730336,0.907005399108363,0.004413379035329346,,
hamburg,link+k50,3,8,20,5,0.9437798239128974,0.9508031453726729,0.007023321459775467,,
hamburg,link+k50,3,8,20,8,0.9745390595246096,0.9745390595246096,0.0,,
hamburg,link+k50,3,8,20,-1,0.846125411654009,,,2.0,3.0
hamburg,link+k50,3,9,20,3,0.9025920200730336,0.907005399108363,0.004413379035329346,,
hamburg,link+k50,3,9,20,5,0.9437798239128974,0.9508031453726729,0.007023321459775467,,
hamburg,link+k50,3,9,20,8,0.9745390595246096,0.9745390595246096,0.0,,
hamburg,link+k50,3,9,20,-1,0.846125411654009,,,2.0,3.0
hamburg,link+k50d,3,0,20,3,0.9025920200730336,0.907005399108363,0.004413379035329346,,
hamburg,link+k50d,3,0,20,5,0.9437798239128974,0.9508031453726729,0.007023321459775467,,
hamburg,link+k50d,3,0,20,8,0.9745390595246096,0.9745390595246096,0.0,,
hamburg,link+k50d,3,0,20,-1,0.846125411654009,,,2.0,3.0
hamburg,link,4,0,20,3,0.9025920200730336,0.907005399108363,0.004413379035329346,,
hamburg,link,4,0,20,5,0.9437798239128974,0.9508031453726729,0.007023321459775467,,
hamburg,link,4,0,20,8,0.9745390595246096,0.9745390595246096,0.0,,
hamburg,link,4,0,20,-1,0.846125411654009,,,2.0,3.0
hamburg,link,4,0,10,3,0.9025920200730336,0.907005399108363,0.004413379035329346,,
hamburg,link,4,0,10,5,0.9358043775343325,0.9450567914510384,0.009252413916705837,,
hamburg,link,4,0,10,8,0.9612429150704572,0.9612429150704572,0.0,,
hamburg,link,4,0,10,-1,0.846125411654009,,,2.0,3.0
hamburg,link_reg,4,0,20,3,0.8039294755471917,0.907005399108363,0.10307592356117123,,
hamburg,link_reg,4,0,20,5,0.8039294755471917,0.9508031453726729,0.1468736698254811,,
hamburg,link_reg,4,0,20,8,0.8039294755471917,0.9745390595246096,0.17060958397741788,,
hamburg,link_reg,4,0,20,-1,0.6498308578085444,,,1.0,3.0
hamburg,link_reg,4,0,10,3,0.8039294755471917,0.907005399108363,0.10307592356117123,,
hamburg,link_reg,4,0,10,5,0.8039294755471917,0.9450567914510384,0.14112731590384664,,
hamburg,link_reg,4,0,10,8,0.8039294755471917,0.9612429150704572,0.15731343952326549,,
hamburg,link_reg,4,0,10,-1,0.6498308578085444,,,1.0,3.0
hamburg,link+k10,4,0,20,3,0.9025920200730336,0.907005399108363,0.004413379035329346,,
hamburg,link+k10,4,0,20,5,0.9457400810986402,0.9508031453726729,0.0050630642740326914,,
hamburg,link+k10,4,0,20,8,0.9745390595246096,0.9745390595246096,0.0,,
hamburg,link+k10,4,0,20,-1,0.846125411654009,,,2.0,3.0
hamburg,link+k10,4,1,20,3,0.9025920200730336,0.907005399108363,0.004413379035329346,,
hamburg,link+k10,4,1,20,5,0.9437798239128974,0.9508031453726729,0.007023321459775467,,
hamburg,link+k10,4,1,20,8,0.9745390595246096,0.9745390595246096,0.0,,
hamburg,link+k10,4,1,20,-1,0.846125411654009,,,2.0,3.0
hamburg,link+k10,4,2,20,3,0.9025920200730336,0.907005399108363,0.004413379035329346,,
hamburg,link+k10,4,2,20,5,0.9437798239128974,0.9508031453726729,0.007023321459775467,,
hamburg,link+k10,4,2,20,8,0.9745390595246096,0.9745390595246096,0.0,,
hamburg,link+k10,4,2,20,-1,0.846125411654009,,,2.0,3.0
hamburg,link+k10,4,3,20,3,0.9025920200730336,0.907005399108363,0.004413379035329346,,
hamburg,link+k10,4,3,20,5,0.9437798239128974,0.9508031453726729,0.007023321459775467,,
hamburg,link+k10,4,3,20,8,0.9745390595246096,0.9745390595246096,0.0,,
hamburg,link+k10,4,3,20,-1,0.846125411654009,,,2.0,3.0
hamburg,link+k10,4,4,20,3,0.9025920200730336,0.907005399108363,0.004413379035329346,,
hamburg,link+k10,4,4,20,5,0.9437798239128974,0.9508031453726729,0.007023321459775467,,
hamburg,link+k10,4,4,20,8,0.9720747362053902,0.9745390595246096,0.002464323319219419,,
hamburg,link+k10,4,4,20,-1,0.846125411654009,,,2.0,3.0
hamburg,link+k10,4,5,20,3,0.9025920200730336,0.907005399108363,0.004413379035329346,,
hamburg,link+k10,4,5,20,5,0.9437798239128974,0.9508031453726729,0.007023321459775467,,
hamburg,link+k10,4,5,20,8,0.9745390595246096,0.9745390595246096,0.0,,
hamburg,link+k10,4,5,20,-1,0.846125411654009,,,2.0,3.0
hamburg,link+k10,4,6,20,3,0.9025920200730336,0.907005399108363,0.004413379035329346,,
hamburg,link+k10,4,6,20,5,0.9437798239128974,0.9508031453726729,0.007023321459775467,,
hamburg,link+k10,4,6,20,8,0.9745390595246096,0.9745390595246096,0.0,,
hamburg,link+k10,4,6,20,-1,0.846125411654009,,,2.0,3.0
hamburg,link+k10,4,7,20,3,0.9025920200730336,0.907005399108363,0.004413379035329346,,
hamburg,link+k10,4,7,20,5,0.9437798239128974,0.9508031453726729,0.007023321459775467,,
hamburg,link+k10,4,7,20,8,0.9745390595246096,0.9745390595246096,0.0,,
hamburg,link+k10,4,7,20,-1,0.846125411654009,,,2.0,3.0
hamburg,link+k10,4,8,20,3,0.9025920200730336,0.907005399108363,0.004413379035329346,,
hamburg,link+k10,4,8,20,5,0.9437798239128974,0.9508031453726729,0.007023321459775467,,
hamburg,link+k10,4,8,20,8,0.9745390595246096,0.9745390595246096,0.0,,
hamburg,link+k10,4,8,20,-1,0.846125411654009,,,2.0,3.0
hamburg,link+k10,4,9,20,3,0.9025920200730336,0.907005399108363,0.004413379035329346,,
hamburg,link+k10,4,9,20,5,0.9437798239128974,0.9508031453726729,0.007023321459775467,,
hamburg,link+k10,4,9,20,8,0.9707641642583507,0.9745390595246096,0.0037748952662589597,,
hamburg,link+k10,4,9,20,-1,0.846125411654009,,,2.0,3.0
hamburg,link+k10d,4,0,20,3,0.9025920200730336,0.907005399108363,0.004413379035329346,,
hamburg,link+k10d,4,0,20,5,0.9437798239128974,0.9508031453726729,0.007023321459775467,,
hamburg,link+k10d,4,0,20,8,0.9745390595246096,0.9745390595246096,0.0,,
hamburg,link+k10d,4,0,20,-1,0.846125411654009,,,2.0,3.0
hamburg,link+k25,4,0,20,3,0.9025920200730336,0.907005399108363,0.004413379035329346,,
hamburg,link+k25,4,0,20,5,0.9437798239128974,0.9508031453726729,0.007023321459775467,,
hamburg,link+k25,4,0,20,8,0.9720747362053902,0.9745390595246096,0.002464323319219419,,
hamburg,link+k25,4,0,20,-1,0.846125411654009,,,2.0,3.0
hamburg,link+k25,4,1,20,3,0.9025920200730336,0.907005399108363,0.004413379035329346,,
hamburg,link+k25,4,1,20,5,0.9457400810986402,0.9508031453726729,0.0050630642740326914,,
hamburg,link+k25,4,1,20,8,0.9745390595246096,0.9745390595246096,0.0,,
hamburg,link+k25,4,1,20,-1,0.846125411654009,,,2.0,3.0
hamburg,link+k25,4,2,20,3,0.9025920200730336,0.907005399108363,0.004413379035329346,,
hamburg,link+k25,4,2,20,5,0.9437798239128974,0.9508031453726729,0.007023321459775467,,
hamburg,link+k25,4,2,20,8,0.9707641642583507,0.9745390595246096,0.0037748952662589597,,
hamburg,link+k25,4,2,20,-1,0.846125411654009,,,2.0,3.0
hamburg,link+k25,4,3,20,3,0.9025920200730336,0.907005399108363,0.004413379035329346,,
hamburg,link+k25,4,3,20,5,0.9457400810986402,0.9508031453726729,0.0050630642740326914,,
hamburg,link+k25,4,3,20,8,0.9715706700719134,0.9745390595246096,0.002968389452696174,,
hamburg,link+k25,4,3,20,-1,0.846125411654009,,,2.0,3.0
hamburg,link+k25,4,4,20,3,0.9025920200730336,0.907005399108363,0.004413379035329346,,
hamburg,link+k25,4,4,20,5,0.9437798239128974,0.9508031453726729,0.007023321459775467,,
hamburg,link+k25,4,4,20,8,0.9745390595246096,0.9745390595246096,0.0,,
hamburg,link+k25,4,4,20,-1,0.846125411654009,,,2.0,3.0
hamburg,link+k25,4,5,20,3,0.9025920200730336,0.907005399108363,0.004413379035329346,,
hamburg,link+k25,4,5,20,5,0.9437798239128974,0.9508031453726729,0.007023321459775467,,
hamburg,link+k25,4,5,20,8,0.9745390595246096,0.9745390595246096,0.0,,
hamburg,link+k25,4,5,20,-1,0.846125411654009,,,2.0,3.0
hamburg,link+k25,4,6,20,3,0.9025920200730336,0.907005399108363,0.004413379035329346,,
hamburg,link+k25,4,6,20,5,0.9437798239128974,0.9508031453726729,0.007023321459775467,,
hamburg,link+k25,4,6,20,8,0.9694647937809441,0.9745390595246096,0.00507426574366554,,
hamburg,link+k25,4,6,20,-1,0.846125411654009,,,2.0,3.0
hamburg,link+k25,4,7,20,3,0.9025920200730336,0.907005399108363,0.004413379035329346,,
hamburg,link+k25,4,7,20,5,0.9457400810986402,0.9508031453726729,0.0050630642740326914,,
hamburg,link+k25,4,7,20,8,0.9745390595246096,0.9745390595246096,0.0,,
hamburg,link+k25,4,7,20,-1,0.846125411654009,,,2.0,3.0
hamburg,link+k25,4,8,20,3,0.9025920200730336,0.907005399108363,0.004413379035329346,,
hamburg,link+k25,4,8,20,5,0.9457400810986402,0.9508031453726729,0.0050630642740326914,,
hamburg,link+k25,4,8,20,8,0.9720747362053902,0.9745390595246096,0.002464323319219419,,
hamburg,link+k25,4,8,20,-1,0.846125411654009,,,2.0,3.0
hamburg,link+k25,4,9,20,3,0.9025920200730336,0.907005399108363,0.004413379035329346,,
hamburg,link+k25,4,9,20,5,0.9457400810986402,0.9508031453726729,0.0050630642740326914,,
hamburg,link+k25,4,9,20,8,0.9745390595246096,0.9745390595246096,0.0,,
hamburg,link+k25,4,9,20,-1,0.846125411654009,,,2.0,3.0
hamburg,link+k25d,4,0,20,3,0.9025920200730336,0.907005399108363,0.004413379035329346,,
hamburg,link+k25d,4,0,20,5,0.9437798239128974,0.9508031453726729,0.007023321459775467,,
hamburg,link+k25d,4,0,20,8,0.9745390595246096,0.9745390595246096,0.0,,
hamburg,link+k25d,4,0,20,-1,0.846125411654009,,,2.0,3.0
hamburg,link+k50,4,0,20,3,0.9025920200730336,0.907005399108363,0.004413379035329346,,
hamburg,link+k50,4,0,20,5,0.9457400810986402,0.9508031453726729,0.0050630642740326914,,
hamburg,link+k50,4,0,20,8,0.9720747362053902,0.9745390595246096,0.002464323319219419,,
hamburg,link+k50,4,0,20,-1,0.846125411654009,,,2.0,3.0
hamburg,link+k50,4,1,20,3,0.9025920200730336,0.907005399108363,0.004413379035329346,,
hamburg,link+k50,4,1,20,5,0.9437798239128974,0.9508031453726729,0.007023321459775467,,
hamburg,link+k50,4,1,20,8,0.9745390595246096,0.9745390595246096,0.0,,
hamburg,link+k50,4,1,20,-1,0.846125411654009,,,2.0,3.0
hamburg,link+k50,4,2,20,3,0.9025920200730336,0.907005399108363,0.004413379035329346,,
hamburg,link+k50,4,2,20,5,0.9437798239128974,0.9508031453726729,0.007023321459775467,,
hamburg,link+k50,4,2,20,8,0.9745390595246096,0.9745390595246096,0.0,,
hamburg,link+k50,4,2,20,-1,0.846125411654009,,,2.0,3.0
hamburg,link+k50,4,3,20,3,0.9025920200730336,0.907005399108363,0.004413379035329346,,
hamburg,link+k50,4,3,20,5,0.9437798239128974,0.9508031453726729,0.007023321459775467,,
hamburg,link+k50,4,3,20,8,0.9719179156305308,0.9745390595246096,0.002621143894078859,,
hamburg,link+k50,4,3,20,-1,0.846125411654009,,,2.0,3.0
hamburg,link+k50,4,4,20,3,0.9025920200730336,0.907005399108363,0.004413379035329346,,
hamburg,link+k50,4,4,20,5,0.9437798239128974,0.9508031453726729,0.007023321459775467,,
hamburg,link+k50,4,4,20,8,0.9707641642583507,0.9745390595246096,0.0037748952662589597,,
hamburg,link+k50,4,4,20,-1,0.846125411654009,,,2.0,3.0
hamburg,link+k50,4,5,20,3,0.9025920200730336,0.907005399108363,0.004413379035329346,,
hamburg,link+k50,4,5,20,5,0.9437798239128974,0.9508031453726729,0.007023321459775467,,
hamburg,link+k50,4,5,20,8,0.9745390595246096,0.9745390595246096,0.0,,
hamburg,link+k50,4,5,20,-1,0.846125411654009,,,2.0,3.0
hamburg,link+k50,4,6,20,3,0.9025920200730336,0.907005399108363,0.004413379035329346,,
hamburg,link+k50,4,6,20,5,0.9437798239128974,0.9508031453726729,0.007023321459775467,,
hamburg,link+k50,4,6,20,8,0.9720747362053902,0.9745390595246096,0.002464323319219419,,
hamburg,link+k50,4,6,20,-1,0.846125411654009,,,2.0,3.0
hamburg,link+k50,4,7,20,3,0.9025920200730336,0.907005399108363,0.004413379035329346,,
hamburg,link+k50,4,7,20,5,0.9437798239128974,0.9508031453726729,0.007023321459775467,,
hamburg,link+k50,4,7,20,8,0.9745390595246096,0.9745390595246096,0.0,,
hamburg,link+k50,4,7,20,-1,0.846125411654009,,,2.0,3.0
hamburg,link+k50,4,8,20,3,0.9025920200730336,0.907005399108363,0.004413379035329346,,
hamburg,link+k50,4,8,20,5,0.9437798239128974,0.9508031453726729,0.007023321459775467,,
hamburg,link+k50,4,8,20,8,0.9745390595246096,0.9745390595246096,0.0,,
hamburg,link+k50,4,8,20,-1,0.846125411654009,,,2.0,3.0
hamburg,link+k50,4,9,20,3,0.9025920200730336,0.907005399108363,0.004413379035329346,,
hamburg,link+k50,4,9,20,5,0.9437798239128974,0.9508031453726729,0.007023321459775467,,
hamburg,link+k50,4,9,20,8,0.9745390595246096,0.9745390595246096,0.0,,
hamburg,link+k50,4,9,20,-1,0.846125411654009,,,2.0,3.0
hamburg,link+k50d,4,0,20,3,0.9025920200730336,0.907005399108363,0.004413379035329346,,
hamburg,link+k50d,4,0,20,5,0.9437798239128974,0.9508031453726729,0.007023321459775467,,
hamburg,link+k50d,4,0,20,8,0.9745390595246096,0.9745390595246096,0.0,,
hamburg,link+k50d,4,0,20,-1,0.846125411654009,,,2.0,3.0
london,link,0,0,20,3,0.8719029927290133,0.8719029927290133,0.0,,
london,link,0,0,20,5,0.9095571308093816,0.9221616939803524,0.012604563170970806,,
london,link,0,0,20,8,0.9462311672326944,0.9517470881863561,0.005515920953661713,,
london,link,0,0,20,-1,0.8167095935997083,,,2.0,4.0
london,link,0,0,10,3,0.8719029927290133,0.8719029927290133,0.0,,
london,link,0,0,10,5,0.9091012695735418,0.9189364757367857,0.009835206163243959,,
london,link,0,0,10,8,0.9319285209582203,0.9333530873202197,0.001424566361999391,,
london,link,0,0,10,-1,0.8167095935997083,,,2.0,4.0
london,link_reg,0,0,20,3,0.8276730563216557,0.8719029927290133,0.04422993640735762,,
london,link_reg,0,0,20,5,0.8937387459257402,0.9221616939803524,0.028422948054612207,,
london,link_reg,0,0,20,8,0.8937387459257402,0.9517470881863561,0.05800834226061591,,
london,link_reg,0,0,20,-1,0.5149522485355458,,,1.0,4.0
london,link_reg,0,0,10,3,0.8719029927290133,0.8719029927290133,0.0,,
london,link_reg,0,0,10,5,0.8902969935951497,0.9189364757367857,0.02863948214163603,,
london,link_reg,0,0,10,8,0.8902969935951497,0.9333530873202197,0.04305609372507002,,
london,link_reg,0,0,10,-1,0.6362113372689353,,,1.0,4.0
london,link+k10,0,0,20,3,0.8719029927290133,0.8719029927290133,0.0,,
london,link+k10,0,0,20,5,0.9095571308093816,0.9221616939803524,0.012604563170970806,,
london,link+k10,0,0,20,8,0.9462311672326944,0.9517470881863561,0.005515920953661713,,
london,link+k10,0,0,20,-1,0.8167095935997083,,,2.0,4.0
london,link+k10,0,1,20,3,0.8719029927290133,0.8719029927290133,0.0,,
london,link+k10,0,1,20,5,0.9095571308093816,0.9221616939803524,0.012604563170970806,,
london,link+k10,0,1,20,8,0.9481571809541176,0.9517470881863561,0.0035899072322385095,,
london,link+k10,0,1,20,-1,0.8167095935997083,,,2.0,4.0
london,link+k10,0,2,20,3,0.8719029927290133,0.8719029927290133,0.0,,
london,link+k10,0,2,20,5,0.9095571308093816,0.9221616939803524,0.012604563170970806,,
london,link+k10,0,2,20,8,0.9462311672326944,0.9517470881863561,0.005515920953661713,,
london,link+k10,0,2,20,-1,0.8167095935997083,,,2.0,4.0
london,link+k10,0,3,20,3,0.8719029927290133,0.8719029927290133,0.0,,
london,link+k10,0,3,20,5,0.9095571308093816,0.9221616939803524,0.012604563170970806,,
london,link+k10,0,3,20,8,0.9462311672326944,0.9517470881863561,0.005515920953661713,,
london,link+k10,0,3,20,-1,0.8167095935997083,,,2.0,4.0
london,link+k10,0,4,20,3,0.8719029927290133,0.8719029927290133,0.0,,
london,link+k10,0,4,20,5,0.9095571308093816,0.9221616939803524,0.012604563170970806,,
london,link+k10,0,4,20,8,0.9462311672326944,0.9517470881863561,0.005515920953661713,,
london,link+k10,0,4,20,-1,0.8167095935997083,,,2.0,4.0
london,link+k10,0,5,20,3,0.8719029927290133,0.8719029927290133,0.0,,
london,link+k10,0,5,20,5,0.9095571308093816,0.9221616939803524,0.012604563170970806,,
london,link+k10,0,5,20,8,0.9462311672326944,0.9517470881863561,0.005515920953661713,,
london,link+k10,0,5,20,-1,0.8167095935997083,,,2.0,4.0
london,link+k10,0,6,20,3,0.8719029927290133,0.8719029927290133,0.0,,
london,link+k10,0,6,20,5,0.9095571308093816,0.9221616939803524,0.012604563170970806,,
london,link+k10,0,6,20,8,0.9462311672326944,0.9517470881863561,0.005515920953661713,,
london,link+k10,0,6,20,-1,0.8167095935997083,,,2.0,4.0
london,link+k10,0,7,20,3,0.8719029927290133,0.8719029927290133,0.0,,
london,link+k10,0,7,20,5,0.9095571308093816,0.9221616939803524,0.012604563170970806,,
london,link+k10,0,7,20,8,0.9462311672326944,0.9517470881863561,0.005515920953661713,,
london,link+k10,0,7,20,-1,0.8167095935997083,,,2.0,4.0
london,link+k10,0,8,20,3,0.8719029927290133,0.8719029927290133,0.0,,
london,link+k10,0,8,20,5,0.9095571308093816,0.9221616939803524,0.012604563170970806,,
london,link+k10,0,8,20,8,0.9462311672326944,0.9517470881863561,0.005515920953661713,,
london,link+k10,0,8,20,-1,0.8167095935997083,,,2.0,4.0
london,link+k10,0,9,20,3,0.8719029927290133,0.8719029927290133,0.0,,
london,link+k10,0,9,20,5,0.9095571308093816,0.9221616939803524,0.012604563170970806,,
london,link+k10,0,9,20,8,0.9462311672326944,0.9517470881863561,0.005515920953661713,,
london,link+k10,0,9,20,-1,0.8167095935997083,,,2.0,4.0
london,link+k10d,0,0,20,3,0.8719029927290133,0.8719029927290133,0.0,,
london,link+k10d,0,0,20,5,0.9095571308093816,0.9221616939803524,0.012604563170970806,,
london,link+k10d,0,0,20,8,0.9462311672326944,0.9517470881863561,0.005515920953661713,,
london,link+k10d,0,0,20,-1,0.8167095935997083,,,2.0,4.0
london,link+k25,0,0,20,3,0.8719029927290133,0.8719029927290133,0.0,,
london,link+k25,0,0,20,5,0.9095571308093816,0.9221616939803524,0.012604563170970806,,
london,link+k25,0,0,20,8,0.9510974859252843,0.9517470881863561,0.0006496022610718022,,
london,link+k25,0,0,20,-1,0.8719029927290133,,,3.0,4.0
london,link+k25,0,1,20,3,0.8719029927290133,0.8719029927290133,0.0,,
london,link+k25,0,1,20,5,0.9095571308093816,0.9221616939803524,0.012604563170970806,,
london,link+k25,0,1,20,8,0.9510974859252843,0.9517470881863561,0.0006496022610718022,,
london,link+k25,0,1,20,-1,0.8719029927290133,,,3.0,4.0
london,link+k25,0,2,20,3,0.8719029927290133,0.8719029927290133,0.0,,
london,link+k25,0,2,20,5,0.9095571308093816,0.9221616939803524,0.012604563170970806,,
london,link+k25,0,2,20,8,0.9462311672326944,0.9517470881863561,0.005515920953661713,,
london,link+k25,0,2,20,-1,0.8719029927290133,,,3.0,4.0
london,link+k25,0,3,20,3,0.8719029927290133,0.8719029927290133,0.0,,
london,link+k25,0,3,20,5,0.9095571308093816,0.9221616939803524,0.012604563170970806,,
london,link+k25,0,3,20,8,0.9462311672326944,0.9517470881863561,0.005515920953661713,,
london,link+k25,0,3,20,-1,0.8719029927290133,,,3.0,4.0
london,link+k25,0,4,20,3,0.8719029927290133,0.8719029927290133,0.0,,
london,link+k25,0,4,20,5,0.9095571308093816,0.9221616939803524,0.012604563170970806,,
london,link+k25,0,4,20,8,0.9462311672326944,0.9517470881863561,0.005515920953661713,,
london,link+k25,0,4,20,-1,0.8167095935997083,,,2.0,4.0
london,link+k25,0,5,20,3,0.8719029927290133,0.8719029927290133,0.0,,
london,link+k25,0,5,20,5,0.9095571308093816,0.9221616939803524,0.012604563170970806,,
london,link+k25,0,5,20,8,0.9462311672326944,0.9517470881863561,0.005515920953661713,,
london,link+k25,0,5,20,-1,0.8719029927290133,,,3.0,4.0
london,link+k25,0,6,20,3,0.8719029927290133,0.8719029927290133,0.0,,
london,link+k25,0,6,20,5,0.9095571308093816,0.9221616939803524,0.012604563170970806,,
london,link+k25,0,6,20,8,0.9481571809541176,0.9517470881863561,0.0035899072322385095,,
london,link+k25,0,6,20,-1,0.8719029927290133,,,3.0,4.0
london,link+k25,0,7,20,3,0.8719029927290133,0.8719029927290133,0.0,,
london,link+k25,0,7,20,5,0.9095571308093816,0.9221616939803524,0.012604563170970806,,
london,link+k25,0,7,20,8,0.9462311672326944,0.9517470881863561,0.005515920953661713,,
london,link+k25,0,7,20,-1,0.8719029927290133,,,3.0,4.0
london,link+k25,0,8,20,3,0.8719029927290133,0.8719029927290133,0.0,,
london,link+k25,0,8,20,5,0.9095571308093816,0.9221616939803524,0.012604563170970806,,
london,link+k25,0,8,20,8,0.9462311672326944,0.9517470881863561,0.005515920953661713,,
london,link+k25,0,8,20,-1,0.8719029927290133,,,3.0,4.0
london,link+k25,0,9,20,3,0.8719029927290133,0.8719029927290133,0.0,,
london,link+k25,0,9,20,5,0.9095571308093816,0.9221616939803524,0.012604563170970806,,
london,link+k25,0,9,20,8,0.9481571809541176,0.9517470881863561,0.0035899072322385095,,
london,link+k25,0,9,20,-1,0.8719029927290133,,,3.0,4.0
london,link+k25d,0,0,20,3,0.8719029927290133,0.8719029927290133,0.0,,
london,link+k25d,0,0,20,5,0.9095571308093816,0.9221616939803524,0.012604563170970806,,
london,link+k25d,0,0,20,8,0.9462311672326944,0.9517470881863561,0.005515920953661713,,
london,link+k25d,0,0,20,-1,0.8167095935997083,,,2.0,4.0
london,link+k50,0,0,20,3,0.8719029927290133,0.8719029927290133,0.0,,
london,link+k50,0,0,20,5,0.9095571308093816,0.9221616939803524,0.012604563170970806,,
london,link+k50,0,0,20,8,0.9481571809541176,0.9517470881863561,0.0035899072322385095,,
london,link+k50,0,0,20,-1,0.8719029927290133,,,3.0,4.0
london,link+k50,0,1,20,3,0.8719029927290133,0.8719029927290133,0.0,,
london,link+k50,0,1,20,5,0.9095571308093816,0.9221616939803524,0.012604563170970806,,
london,link+k50,0,1,20,8,0.9510974859252843,0.9517470881863561,0.0006496022610718022,,
london,link+k50,0,1,20,-1,0.8719029927290133,,,3.0,4.0
london,link+k50,0,2,20,3,0.8719029927290133,0.8719029927290133,0.0,,
london,link+k50,0,2,20,5,0.9095571308093816,0.9221616939803524,0.012604563170970806,,
london,link+k50,0,2,20,8,0.9510974859252843,0.9517470881863561,0.0006496022610718022,,
london,link+k50,0,2,20,-1,0.8719029927290133,,,3.0,4.0
london,link+k50,0,3,20,3,0.8719029927290133,0.8719029927290133,0.0,,
london,link+k50,0,3,20,5,0.9095571308093816,0.9221616939803524,0.012604563170970806,,
london,link+k50,0,3,20,8,0.9462311672326944,0.9517470881863561,0.005515920953661713,,
london,link+k50,0,3,20,-1,0.8719029927290133,,,3.0,4.0
london,link+k50,0,4,20,3,0.8719029927290133,0.8719029927290133,0.0,,
london,link+k50,0,4,20,5,0.9095571308093816,0.9221616939803524,0.012604563170970806,,
london,link+k50,0,4,20,8,0.9510974859252843,0.9517470881863561,0.0006496022610718022,,
london,link+k50,0,4,20,-1,0.8719029927290133,,,3.0,4.0
london,link+k50,0,5,20,3,0.8719029927290133,0.8719029927290133,0.0,,
london,link+k50,0,5,20,5,0.9095571308093816,0.9221616939803524,0.012604563170970806,,
london,link+k50,0,5,20,8,0.9462311672326944,0.9517470881863561,0.005515920953661713,,
london,link+k50,0,5,20,-1,0.8719029927290133,,,3.0,4.0
london,link+k50,0,6,20,3,0.8719029927290133,0.8719029927290133,0.0,,
london,link+k50,0,6,20,5,0.9095571308093816,0.9221616939803524,0.012604563170970806,,
london,link+k50,0,6,20,8,0.9462311672326944,0.9517470881863561,0.005515920953661713,,
london,link+k50,0,6,20,-1,0.8719029927290133,,,3.0,4.0
london,link+k50,0,7,20,3,0.8719029927290133,0.8719029927290133,0.0,,
london,link+k50,0,7,20,5,0.9095571308093816,0.9221616939803524,0.012604563170970806,,
london,link+k50,0,7,20,8,0.9510974859252843,0.9517470881863561,0.0006496022610718022,,
london,link+k50,0,7,20,-1,0.8719029927290133,,,3.0,4.0
london,link+k50,0,8,20,3,0.8719029927290133,0.8719029927290133,0.0,,
london,link+k50,0,8,20,5,0.9095571308093816,0.9221616939803524,0.012604563170970806,,
london,link+k50,0,8,20,8,0.9510974859252843,0.9517470881863561,0.0006496022610718022,,
london,link+k50,0,8,20,-1,0.8719029927290133,,,3.0,4.0
london,link+k50,0,9,20,3,0.8719029927290133,0.8719029927290133,0.0,,
london,link+k50,0,9,20,5,0.9095571308093816,0.9221616939803524,0.012604563170970806,,
london,link+k50,0,9,20,8,0.9416497618125043,0.9517470881863561,0.010097326373851856,,
london,link+k50,0,9,20,-1,0.8719029927290133,,,3.0,4.0
london,link+k50d,0,0,20,3,0.8719029927290133,0.8719029927290133,0.0,,
london,link+k50d,0,0,20,5,0.9095571308093816,0.9221616939803524,0.012604563170970806,,
london,link+k50d,0,0,20,8,0.9462311672326944,0.9517470881863561,0.005515920953661713,,
london,link+k50d,0,0,20,-1,0.8167095935997083,,,2.0,4.0
london,link,1,0,20,3,0.8719029927290133,0.8719029927290133,0.0,,
london,link,1,0,20,5,0.9095571308093816,0.9221616939803524,0.012604563170970806,,
london,link,1,0,20,8,0.9481571809541176,0.9517470881863561,0.0035899072322385095,,
london,link,1,0,20,-1,0.8719029927290133,,,3.0,4.0
london,link,1,0,10,3,0.8719029927290133,0.8719029927290133,0.0,,
london,link,1,0,10,5,0.9091012695735418,0.9189364757367857,0.009835206163243959,,
london,link,1,0,10,8,0.9319285209582203,0.9333530873202197,0.001424566361999391,,
london,link,1,0,10,-1,0.8719029927290133,,,3.0,4.0
london,link_reg,1,0,20,3,0.8316504456043581,0.8719029927290133,0.0402525471246552,,
london,link_reg,1,0,20,5,0.8915506119937091,0.9221616939803524,0.030611081986643307,,
london,link_reg,1,0,20,8,0.8915506119937091,0.9517470881863561,0.06019647619264701,,
london,link_reg,1,0,20,-1,0.5149522485355458,,,1.0,4.0
london,link_reg,1,0,10,3,0.8658628313541358,0.8719029927290133,0.006040161374877506,,
london,link_reg,1,0,10,5,0.8658628313541358,0.9189364757367857,0.05307364438264994,,
london,link_reg,1,0,10,8,0.8658628313541358,0.9333530873202197,0.06749025596608393,,
london,link_reg,1,0,10,-1,0.6550839924327034,,,1.0,4.0
london,link+k10,1,0,20,3,0.8719029927290133,0.8719029927290133,0.0,,
london,link+k10,1,0,20,5,0.9095571308093816,0.9221616939803524,0.012604563170970806,,
london,link+k10,1,0,20,8,0.9510974859252843,0.9517470881863561,0.0006496022610718022,,
london,link+k10,1,0,20,-1,0.8719029927290133,,,3.0,4.0
london,link+k10,1,1,20,3,0.8719029927290133,0.8719029927290133,0.0,,
london,link+k10,1,1,20,5,0.9095571308093816,0.9221616939803524,0.012604563170970806,,
london,link+k10,1,1,20,8,0.9481571809541176,0.9517470881863561,0.0035899072322385095,,
london,link+k10,1,1,20,-1,0.8719029927290133,,,3.0,4.0
london,link+k10,1,2,20,3,0.8719029927290133,0.8719029927290133,0.0,,
london,link+k10,1,2,20,5,0.9095571308093816,0.9221616939803524,0.012604563170970806,,
london,link+k10,1,2,20,8,0.9481571809541176,0.9517470881863561,0.0035899072322385095,,
london,link+k10,1,2,20,-1,0.8719029927290133,,,3.0,4.0
london,link+k10,1,3,20,3,0.8719029927290133,0.8719029927290133,0.0,,
london,link+k10,1,3,20,5,0.9095571308093816,0.9221616939803524,0.012604563170970806,,
london,link+k10,1,3,20,8,0.9462311672326944,0.9517470881863561,0.005515920953661713,,
london,link+k10,1,3,20,-1,0.8719029927290133,,,3.0,4.0
london,link+k10,1,4,20,3,0.8719029927290133,0.8719029927290133,0.0,,
london,link+k10,1,4,20,5,0.9095571308093816,0.9221616939803524,0.012604563170970806,,
london,link+k10,1,4,20,8,0.9481571809541176,0.9517470881863561,0.0035899072322385095,,
london,link+k10,1,4,20,-1,0.8719029927290133,,,3.0,4.0
london,link+k10,1,5,20,3,0.8719029927290133,0.8719029927290133,0.0,,
london,link+k10,1,5,20,5,0.9095571308093816,0.9221616939803524,0.012604563170970806,,
london,link+k10,1,5,20,8,0.9481571809541176,0.9517470881863561,0.0035899072322385095,,
london,link+k10,1,5,20,-1,0.8719029927290133,,,3.0,4.0
london,link+k10,1,6,20,3,0.8719029927290133,0.8719029927290133,0.0,,
london,link+k10,1,6,20,5,0.9095571308093816,0.9221616939803524,0.012604563170970806,,
london,link+k10,1,6,20,8,0.9481571809541176,0.9517470881863561,0.0035899072322385095,,
london,link+k10,1,6,20,-1,0.8719029927290133,,,3.0,4.0
london,link+k10,1,7,20,3,0.8719029927290133,0.8719029927290133,0.0,,
london,link+k10,1,7,20,5,0.9095571308093816,0.9221616939803524,0.012604563170970806,,
london,link+k10,1,7,20,8,0.9510974859252843,0.9517470881863561,0.0006496022610718022,,
london,link+k10,1,7,20,-1,0.8719029927290133,,,3.0,4.0
london,link+k10,1,8,20,3,0.8719029927290133,0.8719029927290133,0.0,,
london,link+k10,1,8,20,5,0.9095571308093816,0.9221616939803524,0.012604563170970806,,
london,link+k10,1,8,20,8,0.9462311672326944,0.9517470881863561,0.005515920953661713,,
london,link+k10,1,8,20,-1,0.8719029927290133,,,3.0,4.0
london,link+k10,1,9,20,3,0.8719029927290133,0.8719029927290133,0.0,,
london,link+k10,1,9,20,5,0.9095571308093816,0.9221616939803524,0.012604563170970806,,
london,link+k10,1,9,20,8,0.9481571809541176,0.9517470881863561,0.0035899072322385095,,
london,link+k10,1,9,20,-1,0.8719029927290133,,,3.0,4.0
london,link+k10d,1,0,20,3,0.8719029927290133,0.8719029927290133,0.0,,
london,link+k10d,1,0,20,5,0.9095571308093816,0.9221616939803524,0.012604563170970806,,
london,link+k10d,1,0,20,8,0.9481571809541176,0.9517470881863561,0.0035899072322385095,,
london,link+k10d,1,0,20,-1,0.8719029927290133,,,3.0,4.0
london,link+k25,1,0,20,3,0.8719029927290133,0.8719029927290133,0.0,,
london,link+k25,1,0,20,5,0.9095571308093816,0.9221616939803524,0.012604563170970806,,
london,link+k25,1,0,20,8,0.9510974859252843,0.9517470881863561,0.0006496022610718022,,
london,link+k25,1,0,20,-1,0.8719029927290133,,,3.0,4.0
london,link+k25,1,1,20,3,0.8719029927290133,0.8719029927290133,0.0,,
london,link+k25,1,1,20,5,0.9095571308093816,0.9221616939803524,0.012604563170970806,,
london,link+k25,1,1,20,8,0.9510974859252843,0.9517470881863561,0.0006496022610718022,,
london,link+k25,1,1,20,-1,0.8719029927290133,,,3.0,4.0
london,link+k25,1,2,20,3,0.8719029927290133,0.8719029927290133,0.0,,
london,link+k25,1,2,20,5,0.9095571308093816,0.9221616939803524,0.012604563170970806,,
london,link+k25,1,2,20,8,0.9510974859252843,0.9517470881863561,0.0006496022610718022,,
london,link+k25,1,2,20,-1,0.8719029927290133,,,3.0,4.0
london,link+k25,1,3,20,3,0.8719029927290133,0.8719029927290133,0.0,,
london,link+k25,1,3,20,5,0.9095571308093816,0.9221616939803524,0.012604563170970806,,
london,link+k25,1,3,20,8,0.9510974859252843,0.9517470881863561,0.0006496022610718022,,
london,link+k25,1,3,20,-1,0.8719029927290133,,,3.0,4.0
london,link+k25,1,4,20,3,0.8719029927290133,0.8719029927290133,0.0,,
london,link+k25,1,4,20,5,0.9095571308093816,0.9221616939803524,0.012604563170970806,,
london,link+k25,1,4,20,8,0.9510974859252843,0.9517470881863561,0.0006496022610718022,,
london,link+k25,1,4,20,-1,0.8719029927290133,,,3.0,4.0
london,link+k25,1,5,20,3,0.8719029927290133,0.8719029927290133,0.0,,
london,link+k25,1,5,20,5,0.9095571308093816,0.9221616939803524,0.012604563170970806,,
london,link+k25,1,5,20,8,0.9481571809541176,0.9517470881863561,0.0035899072322385095,,
london,link+k25,1,5,20,-1,0.8719029927290133,,,3.0,4.0
london,link+k25,1,6,20,3,0.8719029927290133,0.8719029927290133,0.0,,
london,link+k25,1,6,20,5,0.9095571308093816,0.9221616939803524,0.012604563170970806,,
london,link+k25,1,6,20,8,0.9481571809541176,0.9517470881863561,0.0035899072322385095,,
london,link+k25,1,6,20,-1,0.8719029927290133,,,3.0,4.0
london,link+k25,1,7,20,3,0.8719029927290133,0.8719029927290133,0.0,,
london,link+k25,1,7,20,5,0.9095571308093816,0.9221616939803524,0.012604563170970806,,
london,link+k25,1,7,20,8,0.9510974859252843,0.9517470881863561,0.0006496022610718022,,
london,link+k25,1,7,20,-1,0.8719029927290133,,,3.0,4.0
london,link+k25,1,8,20,3,0.8719029927290133,0.8719029927290133,0.0,,
london,link+k25,1,8,20,5,0.9095571308093816,0.9221616939803524,0.012604563170970806,,
london,link+k25,1,8,20,8,0.9510974859252843,0.9517470881863561,0.0006496022610718022,,
london,link+k25,1,8,20,-1,0.8719029927290133,,,3.0,4.0
london,link+k25,1,9,20,3,0.8719029927290133,0.8719029927290133,0.0,,
london,link+k25,1,9,20,5,0.9095571308093816,0.9221616939803524,0.012604563170970806,,
london,link+k25,1,9,20,8,0.9510974859252843,0.9517470881863561,0.0006496022610718022,,
london,link+k25,1,9,20,-1,0.8719029927290133,,,3.0,4.0
london,link+k25d,1,0,20,3,0.8719029927290133,0.8719029927290133,0.0,,
london,link+k25d,1,0,20,5,0.9095571308093816,0.9221616939803524,0.012604563170970806,,
london,link+k25d,1,0,20,8,0.9481571809541176,0.9517470881863561,0.0035899072322385095,,
london,link+k25d,1,0,20,-1,0.8719029927290133,,,3.0,4.0
london,link+k50,1,0,20,3,0.8719029927290133,0.8719029927290133,0.0,,
london,link+k50,1,0,20,5,0.9095571308093816,0.9221616939803524,0.012604563170970806,,
london,link+k50,1,0,20,8,0.9481571809541176,0.9517470881863561,0.0035899072322385095,,
london,link+k50,1,0,20,-1,0.8719029927290133,,,3.0,4.0
london,link+k50,1,1,20,3,0.8719029927290133,0.8719029927290133,0.0,,
london,link+k50,1,1,20,5,0.9095571308093816,0.9221616939803524,0.012604563170970806,,
london,link+k50,1,1,20,8,0.9510974859252843,0.9517470881863561,0.0006496022610718022,,
london,link+k50,1,1,20,-1,0.8719029927290133,,,3.0,4.0
london,link+k50,1,2,20,3,0.8719029927290133,0.8719029927290133,0.0,,
london,link+k50,1,2,20,5,0.9095571308093816,0.9221616939803524,0.012604563170970806,,
london,link+k50,1,2,20,8,0.9510974859252843,0.9517470881863561,0.0006496022610718022,,
london,link+k50,1,2,20,-1,0.8719029927290133,,,3.0,4.0
london,link+k50,1,3,20,3,0.8719029927290133,0.8719029927290133,0.0,,
london,link+k50,1,3,20,5,0.9095571308093816,0.9221616939803524,0.012604563170970806,,
london,link+k50,1,3,20,8,0.9510974859252843,0.9517470881863561,0.0006496022610718022,,
london,link+k50,1,3,20,-1,0.8719029927290133,,,3.0,4.0
london,link+k50,1,4,20,3,0.8719029927290133,0.8719029927290133,0.0,,
london,link+k50,1,4,20,5,0.9095571308093816,0.9221616939803524,0.012604563170970806,,
london,link+k50,1,4,20,8,0.9510974859252843,0.9517470881863561,0.0006496022610718022,,
london,link+k50,1,4,20,-1,0.8719029927290133,,,3.0,4.0
london,link+k50,1,5,20,3,0.8719029927290133,0.8719029927290133,0.0,,
london,link+k50,1,5,20,5,0.9095571308093816,0.9221616939803524,0.012604563170970806,,
london,link+k50,1,5,20,8,0.9481571809541176,0.9517470881863561,0.0035899072322385095,,
london,link+k50,1,5,20,-1,0.8719029927290133,,,3.0,4.0
london,link+k50,1,6,20,3,0.8719029927290133,0.8719029927290133,0.0,,
london,link+k50,1,6,20,5,0.9095571308093816,0.9221616939803524,0.012604563170970806,,
london,link+k50,1,6,20,8,0.9462311672326944,0.9517470881863561,0.005515920953661713,,
london,link+k50,1,6,20,-1,0.8719029927290133,,,3.0,4.0
london,link+k50,1,7,20,3,0.8719029927290133,0.8719029927290133,0.0,,
london,link+k50,1,7,20,5,0.9095571308093816,0.9221616939803524,0.012604563170970806,,
london,link+k50,1,7,20,8,0.9510974859252843,0.9517470881863561,0.0006496022610718022,,
london,link+k50,1,7,20,-1,0.8719029927290133,,,3.0,4.0
london,link+k50,1,8,20,3,0.8719029927290133,0.8719029927290133,0.0,,
london,link+k50,1,8,20,5,0.9095571308093816,0.9221616939803524,0.012604563170970806,,
london,link+k50,1,8,20,8,0.9510974859252843,0.9517470881863561,0.0006496022610718022,,
london,link+k50,1,8,20,-1,0.8719029927290133,,,3.0,4.0
london,link+k50,1,9,20,3,0.8719029927290133,0.8719029927290133,0.0,,
london,link+k50,1,9,20,5,0.9095571308093816,0.9221616939803524,0.012604563170970806,,
london,link+k50,1,9,20,8,0.9481571809541176,0.9517470881863561,0.0035899072322385095,,
london,link+k50,1,9,20,-1,0.8719029927290133,,,3.0,4.0
london,link+k50d,1,0,20,3,0.8719029927290133,0.8719029927290133,0.0,,
london,link+k50d,1,0,20,5,0.9095571308093816,0.9221616939803524,0.012604563170970806,,
london,link+k50d,1,0,20,8,0.9481571809541176,0.9517470881863561,0.0035899072322385095,,
london,link+k50d,1,0,20,-1,0.8719029927290133,,,3.0,4.0
london,link,2,0,20,3,0.8719029927290133,0.8719029927290133,0.0,,
london,link,2,0,20,5,0.9095571308093816,0.9221616939803524,0.012604563170970806,,
london,link,2,0,20,8,0.9462311672326944,0.9517470881863561,0.005515920953661713,,
london,link,2,0,20,-1,0.8719029927290133,,,3.0,4.0
london,link,2,0,10,3,0.8719029927290133,0.8719029927290133,0.0,,
london,link,2,0,10,5,0.9091012695735418,0.9189364757367857,0.009835206163243959,,
london,link,2,0,10,8,0.9319285209582203,0.9333530873202197,0.001424566361999391,,
london,link,2,0,10,-1,0.8719029927290133,,,3.0,4.0
london,link_reg,2,0,20,3,0.8316504456043581,0.8719029927290133,0.0402525471246552,,
london,link_reg,2,0,20,5,0.8915506119937091,0.9221616939803524,0.030611081986643307,,
london,link_reg,2,0,20,8,0.8915506119937091,0.9517470881863561,0.06019647619264701,,
london,link_reg,2,0,20,-1,0.5149522485355458,,,1.0,4.0
london,link_reg,2,0,10,3,0.8578852597269391,0.8719029927290133,0.014017733002074206,,
london,link_reg,2,0,10,5,0.9008729742666333,0.9189364757367857,0.018063501470152454,,
london,link_reg,2,0,10,8,0.9008729742666333,0.9333530873202197,0.032480113053586446,,
london,link_reg,2,0,10,-1,0.6550839924327034,,,1.0,4.0
london,link+k10,2,0,20,3,0.8719029927290133,0.8719029927290133,0.0,,
london,link+k10,2,0,20,5,0.9095571308093816,0.9221616939803524,0.012604563170970806,,
london,link+k10,2,0,20,8,0.9462311672326944,0.9517470881863561,0.005515920953661713,,
london,link+k10,2,0,20,-1,0.8719029927290133,,,3.0,4.0
london,link+k10,2,1,20,3,0.8719029927290133,0.8719029927290133,0.0,,
london,link+k10,2,1,20,5,0.9095571308093816,0.9221616939803524,0.012604563170970806,,
london,link+k10,2,1,20,8,0.9462311672326944,0.9517470881863561,0.005515920953661713,,
london,link+k10,2,1,20,-1,0.8719029927290133,,,3.0,4.0
london,link+k10,2,2,20,3,0.8719029927290133,0.8719029927290133,0.0,,
london,link+k10,2,2,20,5,0.9095571308093816,0.9221616939803524,0.012604563170970806,,
london,link+k10,2,2,20,8,0.9462311672326944,0.9517470881863561,0.005515920953661713,,
london,link+k10,2,2,20,-1,0.8719029927290133,,,3.0,4.0
london,link+k10,2,3,20,3,0.8719029927290133,0.8719029927290133,0.0,,
london,link+k10,2,3,20,5,0.9095571308093816,0.9221616939803524,0.012604563170970806,,
london,link+k10,2,3,20,8,0.9462311672326944,0.9517470881863561,0.005515920953661713,,
london,link+k10,2,3,20,-1,0.8719029927290133,,,3.0,4.0
london,link+k10,2,4,20,3,0.8719029927290133,0.8719029927290133,0.0,,
london,link+k10,2,4,20,5,0.9095571308093816,0.9221616939803524,0.012604563170970806,,
london,link+k10,2,4,20,8,0.9416497618125043,0.9517470881863561,0.010097326373851856,,
london,link+k10,2,4,20,-1,0.8719029927290133,,,3.0,4.0
london,link+k10,2,5,20,3,0.8719029927290133,0.8719029927290133,0.0,,
london,link+k10,2,5,20,5,0.9095571308093816,0.9221616939803524,0.012604563170970806,,
london,link+k10,2,5,20,8,0.9462311672326944,0.9517470881863561,0.005515920953661713,,
london,link+k10,2,5,20,-1,0.8719029927290133,,,3.0,4.0
london,link+k10,2,6,20,3,0.8719029927290133,0.8719029927290133,0.0,,
london,link+k10,2,6,20,5,0.9095571308093816,0.9221616939803524,0.012604563170970806,,
london,link+k10,2,6,20,8,0.9462311672326944,0.9517470881863561,0.005515920953661713,,
london,link+k10,2,6,20,-1,0.8719029927290133,,,3.0,4.0
london,link+k10,2,7,20,3,0.8719029927290133,0.8719029927290133,0.0,,
london,link+k10,2,7,20,5,0.9095571308093816,0.9221616939803524,0.012604563170970806,,
london,link+k10,2,7,20,8,0.9462311672326944,0.9517470881863561,0.005515920953661713,,
london,link+k10,2,7,20,-1,0.8719029927290133,,,3.0,4.0
london,link+k10,2,8,20,3,0.8719029927290133,0.8719029927290133,0.0,,
london,link+k10,2,8,20,5,0.9095571308093816,0.9221616939803524,0.012604563170970806,,
london,link+k10,2,8,20,8,0.9462311672326944,0.9517470881863561,0.005515920953661713,,
london,link+k10,2,8,20,-1,0.8719029927290133,,,3.0,4.0
london,link+k10,2,9,20,3,0.8719029927290133,0.8719029927290133,0.0,,
london,link+k10,2,9,20,5,0.9095571308093816,0.9221616939803524,0.012604563170970806,,
london,link+k10,2,9,20,8,0.9462311672326944,0.9517470881863561,0.005515920953661713,,
london,link+k10,2,9,20,-1,0.8719029927290133,,,3.0,4.0
london,link+k10d,2,0,20,3,0.8719029927290133,0.8719029927290133,0.0,,
london,link+k10d,2,0,20,5,0.9095571308093816,0.9221616939803524,0.012604563170970806,,
london,link+k10d,2,0,20,8,0.9462311672326944,0.9517470881863561,0.005515920953661713,,
london,link+k10d,2,0,20,-1,0.8719029927290133,,,3.0,4.0
london,link+k25,2,0,20,3,0.8719029927290133,0.8719029927290133,0.0,,
london,link+k25,2,0,20,5,0.9095571308093816,0.9221616939803524,0.012604563170970806,,
london,link+k25,2,0,20,8,0.9510974859252843,0.9517470881863561,0.0006496022610718022,,
london,link+k25,2,0,20,-1,0.8719029927290133,,,3.0,4.0
london,link+k25,2,1,20,3,0.8719029927290133,0.8719029927290133,0.0,,
london,link+k25,2,1,20,5,0.9095571308093816,0.9221616939803524,0.012604563170970806,,
london,link+k25,2,1,20,8,0.9510974859252843,0.9517470881863561,0.0006496022610718022,,
london,link+k25,2,1,20,-1,0.8719029927290133,,,3.0,4.0
london,link+k25,2,2,20,3,0.8719029927290133,0.8719029927290133,0.0,,
london,link+k25,2,2,20,5,0.9095571308093816,0.9221616939803524,0.012604563170970806,,
london,link+k25,2,2,20,8,0.9462311672326944,0.9517470881863561,0.005515920953661713,,
london,link+k25,2,2,20,-1,0.8719029927290133,,,3.0,4.0
london,link+k25,2,3,20,3,0.8719029927290133,0.8719029927290133,0.0,,
london,link+k25,2,3,20,5,0.9095571308093816,0.9221616939803524,0.012604563170970806,,
london,link+k25,2,3,20,8,0.9462311672326944,0.9517470881863561,0.005515920953661713,,
london,link+k25,2,3,20,-1,0.8719029927290133,,,3.0,4.0
london,link+k25,2,4,20,3,0.8719029927290133,0.8719029927290133,0.0,,
london,link+k25,2,4,20,5,0.9095571308093816,0.9221616939803524,0.012604563170970806,,
london,link+k25,2,4,20,8,0.9462311672326944,0.9517470881863561,0.005515920953661713,,
london,link+k25,2,4,20,-1,0.8719029927290133,,,3.0,4.0
london,link+k25,2,5,20,3,0.8719029927290133,0.8719029927290133,0.0,,
london,link+k25,2,5,20,5,0.9095571308093816,0.9221616939803524,0.012604563170970806,,
london,link+k25,2,5,20,8,0.9462311672326944,0.9517470881863561,0.005515920953661713,,
london,link+k25,2,5,20,-1,0.8719029927290133,,,3.0,4.0
london,link+k25,2,6,20,3,0.8719029927290133,0.8719029927290133,0.0,,
london,link+k25,2,6,20,5,0.9095571308093816,0.9221616939803524,0.012604563170970806,,
london,link+k25,2,6,20,8,0.9416497618125043,0.9517470881863561,0.010097326373851856,,
london,link+k25,2,6,20,-1,0.8719029927290133,,,3.0,4.0
london,link+k25,2,7,20,3,0.8719029927290133,0.8719029927290133,0.0,,
london,link+k25,2,7,20,5,0.9095571308093816,0.9221616939803524,0.012604563170970806,,
london,link+k25,2,7,20,8,0.9462311672326944,0.9517470881863561,0.005515920953661713,,
london,link+k25,2,7,20,-1,0.8719029927290133,,,3.0,4.0
london,link+k25,2,8,20,3,0.8719029927290133,0.8719029927290133,0.0,,
london,link+k25,2,8,20,5,0.9095571308093816,0.9221616939803524,0.012604563170970806,,
london,link+k25,2,8,20,8,0.9462311672326944,0.9517470881863561,0.005515920953661713,,
london,link+k25,2,8,20,-1,0.8719029927290133,,,3.0,4.0
london,link+k25,2,9,20,3,0.8719029927290133,0.8719029927290133,0.0,,
london,link+k25,2,9,20,5,0.9095571308093816,0.9221616939803524,0.012604563170970806,,
london,link+k25,2,9,20,8,0.9510974859252843,0.9517470881863561,0.0006496022610718022,,
london,link+k25,2,9,20,-1,0.8719029927290133,,,3.0,4.0
london,link+k25d,2,0,20,3,0.8719029927290133,0.8719029927290133,0.0,,
london,link+k25d,2,0,20,5,0.9095571308093816,0.9221616939803524,0.012604563170970806,,
london,link+k25d,2,0,20,8,0.9462311672326944,0.9517470881863561,0.005515920953661713,,
london,link+k25d,2,0,20,-1,0.8719029927290133,,,3.0,4.0
london,link+k50,2,0,20,3,0.8719029927290133,0.8719029927290133,0.0,,
london,link+k50,2,0,20,5,0.9095571308093816,0.9221616939803524,0.012604563170970806,,
london,link+k50,2,0,20,8,0.9510974859252843,0.9517470881863561,0.0006496022610718022,,
london,link+k50,2,0,20,-1,0.8719029927290133,,,3.0,4.0
london,link+k50,2,1,20,3,0.8719029927290133,0.8719029927290133,0.0,,
london,link+k50,2,1,20,5,0.9095571308093816,0.9221616939803524,0.012604563170970806,,
london,link+k50,2,1,20,8,0.9462311672326944,0.9517470881863561,0.005515920953661713,,
london,link+k50,2,1,20,-1,0.8719029927290133,,,3.0,4.0
london,link+k50,2,2,20,3,0.8719029927290133,0.8719029927290133,0.0,,
london,link+k50,2,2,20,5,0.9095571308093816,0.9221616939803524,0.012604563170970806,,
london,link+k50,2,2,20,8,0.9481571809541176,0.9517470881863561,0.0035899072322385095,,
london,link+k50,2,2,20,-1,0.8719029927290133,,,3.0,4.0
london,link+k50,2,3,20,3,0.8719029927290133,0.8719029927290133,0.0,,
london,link+k50,2,3,20,5,0.9095571308093816,0.9221616939803524,0.012604563170970806,,
london,link+k50,2,3,20,8,0.9462311672326944,0.9517470881863561,0.005515920953661713,,
london,link+k50,2,3,20,-1,0.8719029927290133,,,3.0,4.0
london,link+k50,2,4,20,3,0.8719029927290133,0.8719029927290133,0.0,,
london,link+k50,2,4,20,5,0.9095571308093816,0.9221616939803524,0.012604563170970806,,
london,link+k50,2,4,20,8,0.9510974859252843,0.9517470881863561,0.0006496022610718022,,
london,link+k50,2,4,20,-1,0.8719029927290133,,,3.0,4.0
london,link+k50,2,5,20,3,0.8719029927290133,0.8719029927290133,0.0,,
london,link+k50,2,5,20,5,0.9095571308093816,0.9221616939803524,0.012604563170970806,,
london,link+k50,2,5,20,8,0.9462311672326944,0.9517470881863561,0.005515920953661713,,
london,link+k50,2,5,20,-1,0.8719029927290133,,,3.0,4.0
london,link+k50,2,6,20,3,0.8719029927290133,0.8719029927290133,0.0,,
london,link+k50,2,6,20,5,0.9095571308093816,0.9221616939803524,0.012604563170970806,,
london,link+k50,2,6,20,8,0.9462311672326944,0.9517470881863561,0.005515920953661713,,
london,link+k50,2,6,20,-1,0.8719029927290133,,,3.0,4.0
london,link+k50,2,7,20,3,0.8719029927290133,0.8719029927290133,0.0,,
london,link+k50,2,7,20,5,0.9095571308093816,0.9221616939803524,0.012604563170970806,,
london,link+k50,2,7,20,8,0.9510974859252843,0.9517470881863561,0.0006496022610718022,,
london,link+k50,2,7,20,-1,0.8719029927290133,,,3.0,4.0
london,link+k50,2,8,20,3,0.8719029927290133,0.8719029927290133,0.0,,
london,link+k50,2,8,20,5,0.9095571308093816,0.9221616939803524,0.012604563170970806,,
london,link+k50,2,8,20,8,0.9462311672326944,0.9517470881863561,0.005515920953661713,,
london,link+k50,2,8,20,-1,0.8719029927290133,,,3.0,4.0
london,link+k50,2,9,20,3,0.8719029927290133,0.8719029927290133,0.0,,
london,link+k50,2,9,20,5,0.9095571308093816,0.9221616939803524,0.012604563170970806,,
london,link+k50,2,9,20,8,0.9416497618125043,0.9517470881863561,0.010097326373851856,,
london,link+k50,2,9,20,-1,0.8719029927290133,,,3.0,4.0
london,link+k50d,2,0,20,3,0.8719029927290133,0.8719029927290133,0.0,,
london,link+k50d,2,0,20,5,0.9095571308093816,0.9221616939803524,0.012604563170970806,,
london,link+k50d,2,0,20,8,0.9462311672326944,0.9517470881863561,0.005515920953661713,,
london,link+k50d,2,0,20,-1,0.8719029927290133,,,3.0,4.0
london,link,3,0,20,3,0.8719029927290133,0.8719029927290133,0.0,,
london,link,3,0,20,5,0.9095571308093816,0.9221616939803524,0.012604563170970806,,
london,link,3,0,20,8,0.9462311672326944,0.9517470881863561,0.005515920953661713,,
london,link,3,0,20,-1,0.8167095935997083,,,2.0,4.0
london,link,3,0,10,3,0.8719029927290133,0.8719029927290133,0.0,,
london,link,3,0,10,5,0.9091012695735418,0.9189364757367857,0.009835206163243959,,
london,link,3,0,10,8,0.9319285209582203,0.9333530873202197,0.001424566361999391,,
london,link,3,0,10,-1,0.8167095935997083,,,2.0,4.0
london,link_reg,3,0,20,3,0.8316504456043581,0.8719029927290133,0.0402525471246552,,
london,link_reg,3,0,20,5,0.8915506119937091,0.9221616939803524,0.030611081986643307,,
london,link_reg,3,0,20,8,0.8915506119937091,0.9517470881863561,0.06019647619264701,,
london,link_reg,3,0,20,-1,0.5149522485355458,,,1.0,4.0
london,link_reg,3,0,10,3,0.8658628313541358,0.8719029927290133,0.006040161374877506,,
london,link_reg,3,0,10,5,0.9035169694345041,0.9189364757367857,0.015419506302281616,,
london,link_reg,3,0,10,8,0.9035169694345041,0.9333530873202197,0.029836117885715607,,
london,link_reg,3,0,10,-1,0.6550839924327034,,,1.0,4.0
london,link+k10,3,0,20,3,0.8719029927290133,0.8719029927290133,0.0,,
london,link+k10,3,0,20,5,0.9095571308093816,0.9221616939803524,0.012604563170970806,,
london,link+k10,3,0,20,8,0.9462311672326944,0.9517470881863561,0.005515920953661713,,
london,link+k10,3,0,20,-1,0.8167095935997083,,,2.0,4.0
london,link+k10,3,1,20,3,0.8719029927290133,0.8719029927290133,0.0,,
london,link+k10,3,1,20,5,0.9095571308093816,0.9221616939803524,0.012604563170970806,,
london,link+k10,3,1,20,8,0.9462311672326944,0.9517470881863561,0.005515920953661713,,
london,link+k10,3,1,20,-1,0.8167095935997083,,,2.0,4.0
london,link+k10,3,2,20,3,0.8719029927290133,0.8719029927290133,0.0,,
london,link+k10,3,2,20,5,0.9095571308093816,0.9221616939803524,0.012604563170970806,,
london,link+k10,3,2,20,8,0.9462311672326944,0.9517470881863561,0.005515920953661713,,
london,link+k10,3,2,20,-1,0.8167095935997083,,,2.0,4.0
london,link+k10,3,3,20,3,0.8719029927290133,0.8719029927290133,0.0,,
london,link+k10,3,3,20,5,0.9095571308093816,0.9221616939803524,0.012604563170970806,,
london,link+k10,3,3,20,8,0.9462311672326944,0.9517470881863561,0.005515920953661713,,
london,link+k10,3,3,20,-1,0.8167095935997083,,,2.0,4.0
london,link+k10,3,4,20,3,0.8719029927290133,0.8719029927290133,0.0,,
london,link+k10,3,4,20,5,0.9095571308093816,0.9221616939803524,0.012604563170970806,,
london,link+k10,3,4,20,8,0.9462311672326944,0.9517470881863561,0.005515920953661713,,
london,link+k10,3,4,20,-1,0.8167095935997083,,,2.0,4.0
london,link+k10,3,5,20,3,0.8719029927290133,0.8719029927290133,0.0,,
london,link+k10,3,5,20,5,0.9095571308093816,0.9221616939803524,0.012604563170970806,,
london,link+k10,3,5,20,8,0.9462311672326944,0.9517470881863561,0.005515920953661713,,
london,link+k10,3,5,20,-1,0.8167095935997083,,,2.0,4.0
london,link+k10,3,6,20,3,0.8719029927290133,0.8719029927290133,0.0,,
london,link+k10,3,6,20,5,0.9095571308093816,0.9221616939803524,0.012604563170970806,,
london,link+k10,3,6,20,8,0.9462311672326944,0.9517470881863561,0.005515920953661713,,
london,link+k10,3,6,20,-1,0.8167095935997083,,,2.0,4.0
london,link+k10,3,7,20,3,0.8719029927290133,0.8719029927290133,0.0,,
london,link+k10,3,7,20,5,0.9095571308093816,0.9221616939803524,0.012604563170970806,,
london,link+k10,3,7,20,8,0.9462311672326944,0.9517470881863561,0.005515920953661713,,
london,link+k10,3,7,20,-1,0.8167095935997083,,,2.0,4.0
london,link+k10,3,8,20,3,0.8719029927290133,0.8719029927290133,0.0,,
london,link+k10,3,8,20,5,0.9095571308093816,0.9221616939803524,0.012604563170970806,,
london,link+k10,3,8,20,8,0.9462311672326944,0.9517470881863561,0.005515920953661713,,
london,link+k10,3,8,20,-1,0.8167095935997083,,,2.0,4.0
london,link+k10,3,9,20,3,0.8719029927290133,0.8719029927290133,0.0,,
london,link+k10,3,9,20,5,0.9095571308093816,0.9221616939803524,0.012604563170970806,,
london,link+k10,3,9,20,8,0.9462311672326944,0.9517470881863561,0.005515920953661713,,
london,link+k10,3,9,20,-1,0.8167095935997083,,,2.0,4.0
london,link+k10d,3,0,20,3,0.8719029927290133,0.8719029927290133,0.0,,
london,link+k10d,3,0,20,5,0.9095571308093816,0.9221616939803524,0.012604563170970806,,
london,link+k10d,3,0,20,8,0.9462311672326944,0.9517470881863561,0.005515920953661713,,
london,link+k10d,3,0,20,-1,0.8167095935997083,,,2.0,4.0
london,link+k25,3,0,20,3,0.8719029927290133,0.8719029927290133,0.0,,
london,link+k25,3,0,20,5,0.9095571308093816,0.9221616939803524,0.012604563170970806,,
london,link+k25,3,0,20,8,0.9510974859252843,0.9517470881863561,0.0006496022610718022,,
london,link+k25,3,0,20,-1,0.8167095935997083,,,2.0,4.0
london,link+k25,3,1,20,3,0.8719029927290133,0.8719029927290133,0.0,,
london,link+k25,3,1,20,5,0.9095571308093816,0.9221616939803524,0.012604563170970806,,
london,link+k25,3,1,20,8,0.9510974859252843,0.9517470881863561,0.0006496022610718022,,
london,link+k25,3,1,20,-1,0.8167095935997083,,,2.0,4.0
london,link+k25,3,2,20,3,0.8719029927290133,0.8719029927290133,0.0,,
london,link+k25,3,2,20,5,0.9095571308093816,0.9221616939803524,0.012604563170970806,,
london,link+k25,3,2,20,8,0.9462311672326944,0.9517470881863561,0.005515920953661713,,
london,link+k25,3,2,20,-1,0.8167095935997083,,,2.0,4.0
london,link+k25,3,3,20,3,0.8719029927290133,0.8719029927290133,0.0,,
london,link+k25,3,3,20,5,0.9095571308093816,0.9221616939803524,0.012604563170970806,,
london,link+k25,3,3,20,8,0.9462311672326944,0.9517470881863561,0.005515920953661713,,
london,link+k25,3,3,20,-1,0.8167095935997083,,,2.0,4.0
london,link+k25,3,4,20,3,0.8719029927290133,0.8719029927290133,0.0,,
london,link+k25,3,4,20,5,0.9095571308093816,0.9221616939803524,0.012604563170970806,,
london,link+k25,3,4,20,8,0.9462311672326944,0.9517470881863561,0.005515920953661713,,
london,link+k25,3,4,20,-1,0.8167095935997083,,,2.0,4.0
london,link+k25,3,5,20,3,0.8719029927290133,0.8719029927290133,0.0,,
london,link+k25,3,5,20,5,0.9095571308093816,0.9221616939803524,0.012604563170970806,,
london,link+k25,3,5,20,8,0.9462311672326944,0.9517470881863561,0.005515920953661713,,
london,link+k25,3,5,20,-1,0.8167095935997083,,,2.0,4.0
london,link+k25,3,6,20,3,0.8719029927290133,0.8719029927290133,0.0,,
london,link+k25,3,6,20,5,0.9095571308093816,0.9221616939803524,0.012604563170970806,,
london,link+k25,3,6,20,8,0.9481571809541176,0.9517470881863561,0.0035899072322385095,,
london,link+k25,3,6,20,-1,0.8167095935997083,,,2.0,4.0
london,link+k25,3,7,20,3,0.8719029927290133,0.8719029927290133,0.0,,
london,link+k25,3,7,20,5,0.9095571308093816,0.9221616939803524,0.012604563170970806,,
london,link+k25,3,7,20,8,0.9462311672326944,0.9517470881863561,0.005515920953661713,,
london,link+k25,3,7,20,-1,0.8167095935997083,,,2.0,4.0
london,link+k25,3,8,20,3,0.8719029927290133,0.8719029927290133,0.0,,
london,link+k25,3,8,20,5,0.9095571308093816,0.9221616939803524,0.012604563170970806,,
london,link+k25,3,8,20,8,0.9462311672326944,0.9517470881863561,0.005515920953661713,,
london,link+k25,3,8,20,-1,0.8167095935997083,,,2.0,4.0
london,link+k25,3,9,20,3,0.8719029927290133,0.8719029927290133,0.0,,
london,link+k25,3,9,20,5,0.9095571308093816,0.9221616939803524,0.012604563170970806,,
london,link+k25,3,9,20,8,0.9510974859252843,0.9517470881863561,0.0006496022610718022,,
london,link+k25,3,9,20,-1,0.8167095935997083,,,2.0,4.0
london,link+k25d,3,0,20,3,0.8719029927290133,0.8719029927290133,0.0,,
london,link+k25d,3,0,20,5,0.9095571308093816,0.9221616939803524,0.012604563170970806,,
london,link+k25d,3,0,20,8,0.9462311672326944,0.9517470881863561,0.005515920953661713,,
london,link+k25d,3,0,20,-1,0.8167095935997083,,,2.0,4.0
london,link+k50,3,0,20,3,0.8719029927290133,0.8719029927290133,0.0,,
london,link+k50,3,0,20,5,0.9095571308093816,0.9221616939803524,0.012604563170970806,,
london,link+k50,3,0,20,8,0.9481571809541176,0.9517470881863561,0.0035899072322385095,,
london,link+k50,3,0,20,-1,0.8167095935997083,,,2.0,4.0
london,link+k50,3,1,20,3,0.8719029927290133,0.8719029927290133,0.0,,
london,link+k50,3,1,20,5,0.9095571308093816,0.9221616939803524,0.012604563170970806,,
london,link+k50,3,1,20,8,0.9462311672326944,0.9517470881863561,0.005515920953661713,,
london,link+k50,3,1,20,-1,0.8167095935997083,,,2.0,4.0
london,link+k50,3,2,20,3,0.8719029927290133,0.8719029927290133,0.0,,
london,link+k50,3,2,20,5,0.9095571308093816,0.9221616939803524,0.012604563170970806,,
london,link+k50,3,2,20,8,0.9510974859252843,0.9517470881863561,0.0006496022610718022,,
london,link+k50,3,2,20,-1,0.8167095935997083,,,2.0,4.0
london,link+k50,3,3,20,3,0.8719029927290133,0.8719029927290133,0.0,,
london,link+k50,3,3,20,5,0.9095571308093816,0.9221616939803524,0.012604563170970806,,
london,link+k50,3,3,20,8,0.9462311672326944,0.9517470881863561,0.005515920953661713,,
london,link+k50,3,3,20,-1,0.8167095935997083,,,2.0,4.0
london,link+k50,3,4,20,3,0.8719029927290133,0.8719029927290133,0.0,,
london,link+k50,3,4,20,5,0.9095571308093816,0.9221616939803524,0.012604563170970806,,
london,link+k50,3,4,20,8,0.9510974859252843,0.9517470881863561,0.0006496022610718022,,
london,link+k50,3,4,20,-1,0.8167095935997083,,,2.0,4.0
london,link+k50,3,5,20,3,0.8719029927290133,0.8719029927290133,0.0,,
london,link+k50,3,5,20,5,0.9095571308093816,0.9221616939803524,0.012604563170970806,,
london,link+k50,3,5,20,8,0.9462311672326944,0.9517470881863561,0.005515920953661713,,
london,link+k50,3,5,20,-1,0.8167095935997083,,,2.0,4.0
london,link+k50,3,6,20,3,0.8719029927290133,0.8719029927290133,0.0,,
london,link+k50,3,6,20,5,0.9095571308093816,0.9221616939803524,0.012604563170970806,,
london,link+k50,3,6,20,8,0.9462311672326944,0.9517470881863561,0.005515920953661713,,
london,link+k50,3,6,20,-1,0.8167095935997083,,,2.0,4.0
london,link+k50,3,7,20,3,0.8719029927290133,0.8719029927290133,0.0,,
london,link+k50,3,7,20,5,0.9095571308093816,0.9221616939803524,0.012604563170970806,,
london,link+k50,3,7,20,8,0.9462311672326944,0.9517470881863561,0.005515920953661713,,
london,link+k50,3,7,20,-1,0.8167095935997083,,,2.0,4.0
london,link+k50,3,8,20,3,0.8719029927290133,0.8719029927290133,0.0,,
london,link+k50,3,8,20,5,0.9095571308093816,0.9221616939803524,0.012604563170970806,,
london,link+k50,3,8,20,8,0.9462311672326944,0.9517470881863561,0.005515920953661713,,
london,link+k50,3,8,20,-1,0.8167095935997083,,,2.0,4.0
london,link+k50,3,9,20,3,0.8719029927290133,0.8719029927290133,0.0,,
london,link+k50,3,9,20,5,0.9095571308093816,0.9221616939803524,0.012604563170970806,,
london,link+k50,3,9,20,8,0.9416497618125043,0.9517470881863561,0.010097326373851856,,
london,link+k50,3,9,20,-1,0.8167095935997083,,,2.0,4.0
london,link+k50d,3,0,20,3,0.8719029927290133,0.8719029927290133,0.0,,
london,link+k50d,3,0,20,5,0.9095571308093816,0.9221616939803524,0.012604563170970806,,
london,link+k50d,3,0,20,8,0.9462311672326944,0.9517470881863561,0.005515920953661713,,
london,link+k50d,3,0,20,-1,0.8167095935997083,,,2.0,4.0
london,link,4,0,20,3,0.8719029927290133,0.8719029927290133,0.0,,
london,link,4,0,20,5,0.9095571308093816,0.9221616939803524,0.012604563170970806,,
london,link,4,0,20,8,0.9462311672326944,0.9517470881863561,0.005515920953661713,,
london,link,4,0,20,-1,0.8719029927290133,,,3.0,4.0
london,link,4,0,10,3,0.8719029927290133,0.8719029927290133,0.0,,
london,link,4,0,10,5,0.9091012695735418,0.9189364757367857,0.009835206163243959,,
london,link,4,0,10,8,0.9319285209582203,0.9333530873202197,0.001424566361999391,,
london,link,4,0,10,-1,0.8719029927290133,,,3.0,4.0
london,link_reg,4,0,20,3,0.8353429216146605,0.8719029927290133,0.03656007111435278,,
london,link_reg,4,0,20,5,0.896576482118843,0.9221616939803524,0.025585211861509416,,
london,link_reg,4,0,20,8,0.896576482118843,0.9517470881863561,0.05517060606751312,,
london,link_reg,4,0,20,-1,0.5149522485355458,,,1.0,4.0
london,link_reg,4,0,10,3,0.8658628313541358,0.8719029927290133,0.006040161374877506,,
london,link_reg,4,0,10,5,0.9118364369885806,0.9189364757367857,0.007100038748205084,,
london,link_reg,4,0,10,8,0.9118364369885806,0.9333530873202197,0.021516650331639076,,
london,link_reg,4,0,10,-1,0.6550839924327034,,,1.0,4.0
london,link+k10,4,0,20,3,0.8719029927290133,0.8719029927290133,0.0,,
london,link+k10,4,0,20,5,0.9095571308093816,0.9221616939803524,0.012604563170970806,,
london,link+k10,4,0,20,8,0.9462311672326944,0.9517470881863561,0.005515920953661713,,
london,link+k10,4,0,20,-1,0.8719029927290133,,,3.0,4.0
london,link+k10,4,1,20,3,0.8719029927290133,0.8719029927290133,0.0,,
london,link+k10,4,1,20,5,0.9095571308093816,0.9221616939803524,0.012604563170970806,,
london,link+k10,4,1,20,8,0.9462311672326944,0.9517470881863561,0.005515920953661713,,
london,link+k10,4,1,20,-1,0.8719029927290133,,,3.0,4.0
london,link+k10,4,2,20,3,0.8719029927290133,0.8719029927290133,0.0,,
london,link+k10,4,2,20,5,0.9095571308093816,0.9221616939803524,0.012604563170970806,,
london,link+k10,4,2,20,8,0.9462311672326944,0.9517470881863561,0.005515920953661713,,
london,link+k10,4,2,20,-1,0.8719029927290133,,,3.0,4.0
london,link+k10,4,3,20,3,0.8719029927290133,0.8719029927290133,0.0,,
london,link+k10,4,3,20,5,0.9095571308093816,0.9221616939803524,0.012604563170970806,,
london,link+k10,4,3,20,8,0.9462311672326944,0.9517470881863561,0.005515920953661713,,
london,link+k10,4,3,20,-1,0.8719029927290133,,,3.0,4.0
london,link+k10,4,4,20,3,0.8719029927290133,0.8719029927290133,0.0,,
london,link+k10,4,4,20,5,0.9095571308093816,0.9221616939803524,0.012604563170970806,,
london,link+k10,4,4,20,8,0.9462311672326944,0.9517470881863561,0.005515920953661713,,
london,link+k10,4,4,20,-1,0.8719029927290133,,,3.0,4.0
london,link+k10,4,5,20,3,0.8719029927290133,0.8719029927290133,0.0,,
london,link+k10,4,5,20,5,0.9095571308093816,0.9221616939803524,0.012604563170970806,,
london,link+k10,4,5,20,8,0.9462311672326944,0.9517470881863561,0.005515920953661713,,
london,link+k10,4,5,20,-1,0.8719029927290133,,,3.0,4.0
london,link+k10,4,6,20,3,0.8719029927290133,0.8719029927290133,0.0,,
london,link+k10,4,6,20,5,0.9095571308093816,0.9221616939803524,0.012604563170970806,,
london,link+k10,4,6,20,8,0.9462311672326944,0.9517470881863561,0.005515920953661713,,
london,link+k10,4,6,20,-1,0.8719029927290133,,,3.0,4.0
london,link+k10,4,7,20,3,0.8719029927290133,0.8719029927290133,0.0,,
london,link+k10,4,7,20,5,0.9095571308093816,0.9221616939803524,0.012604563170970806,,
london,link+k10,4,7,20,8,0.9462311672326944,0.9517470881863561,0.005515920953661713,,
london,link+k10,4,7,20,-1,0.8719029927290133,,,3.0,4.0
london,link+k10,4,8,20,3,0.8719029927290133,0.8719029927290133,0.0,,
london,link+k10,4,8,20,5,0.9095571308093816,0.9221616939803524,0.012604563170970806,,
london,link+k10,4,8,20,8,0.9462311672326944,0.9517470881863561,0.005515920953661713,,
london,link+k10,4,8,20,-1,0.8719029927290133,,,3.0,4.0
london,link+k10,4,9,20,3,0.8719029927290133,0.8719029927290133,0.0,,
london,link+k10,4,9,20,5,0.9095571308093816,0.9221616939803524,0.012604563170970806,,
london,link+k10,4,9,20,8,0.9462311672326944,0.9517470881863561,0.005515920953661713,,
london,link+k10,4,9,20,-1,0.8719029927290133,,,3.0,4.0
london,link+k10d,4,0,20,3,0.8719029927290133,0.8719029927290133,0.0,,
london,link+k10d,4,0,20,5,0.9095571308093816,0.9221616939803524,0.012604563170970806,,
london,link+k10d,4,0,20,8,0.9462311672326944,0.9517470881863561,0.005515920953661713,,
london,link+k10d,4,0,20,-1,0.8719029927290133,,,3.0,4.0
london,link+k25,4,0,20,3,0.8719029927290133,0.8719029927290133,0.0,,
london,link+k25,4,0,20,5,0.9095571308093816,0.9221616939803524,0.012604563170970806,,
london,link+k25,4,0,20,8,0.9510974859252843,0.9517470881863561,0.0006496022610718022,,
london,link+k25,4,0,20,-1,0.8719029927290133,,,3.0,4.0
london,link+k25,4,1,20,3,0.8719029927290133,0.8719029927290133,0.0,,
london,link+k25,4,1,20,5,0.9095571308093816,0.9221616939803524,0.012604563170970806,,
london,link+k25,4,1,20,8,0.9510974859252843,0.9517470881863561,0.0006496022610718022,,
london,link+k25,4,1,20,-1,0.8719029927290133,,,3.0,4.0
london,link+k25,4,2,20,3,0.8719029927290133,0.8719029927290133,0.0,,
london,link+k25,4,2,20,5,0.9095571308093816,0.9221616939803524,0.012604563170970806,,
london,link+k25,4,2,20,8,0.9462311672326944,0.9517470881863561,0.005515920953661713,,
london,link+k25,4,2,20,-1,0.8719029927290133,,,3.0,4.0
london,link+k25,4,3,20,3,0.8719029927290133,0.8719029927290133,0.0,,
london,link+k25,4,3,20,5,0.9095571308093816,0.9221616939803524,0.012604563170970806,,
london,link+k25,4,3,20,8,0.9462311672326944,0.9517470881863561,0.005515920953661713,,
london,link+k25,4,3,20,-1,0.8719029927290133,,,3.0,4.0
london,link+k25,4,4,20,3,0.8719029927290133,0.8719029927290133,0.0,,
london,link+k25,4,4,20,5,0.9095571308093816,0.9221616939803524,0.012604563170970806,,
london,link+k25,4,4,20,8,0.9462311672326944,0.9517470881863561,0.005515920953661713,,
london,link+k25,4,4,20,-1,0.8719029927290133,,,3.0,4.0
london,link+k25,4,5,20,3,0.8719029927290133,0.8719029927290133,0.0,,
london,link+k25,4,5,20,5,0.9095571308093816,0.9221616939803524,0.012604563170970806,,
london,link+k25,4,5,20,8,0.9462311672326944,0.9517470881863561,0.005515920953661713,,
london,link+k25,4,5,20,-1,0.8719029927290133,,,3.0,4.0
london,link+k25,4,6,20,3,0.8719029927290133,0.8719029927290133,0.0,,
london,link+k25,4,6,20,5,0.9095571308093816,0.9221616939803524,0.012604563170970806,,
london,link+k25,4,6,20,8,0.9510974859252843,0.9517470881863561,0.0006496022610718022,,
london,link+k25,4,6,20,-1,0.8719029927290133,,,3.0,4.0
london,link+k25,4,7,20,3,0.8719029927290133,0.8719029927290133,0.0,,
london,link+k25,4,7,20,5,0.9095571308093816,0.9221616939803524,0.012604563170970806,,
london,link+k25,4,7,20,8,0.9462311672326944,0.9517470881863561,0.005515920953661713,,
london,link+k25,4,7,20,-1,0.8719029927290133,,,3.0,4.0
london,link+k25,4,8,20,3,0.8719029927290133,0.8719029927290133,0.0,,
london,link+k25,4,8,20,5,0.9095571308093816,0.9221616939803524,0.012604563170970806,,
london,link+k25,4,8,20,8,0.9462311672326944,0.9517470881863561,0.005515920953661713,,
london,link+k25,4,8,20,-1,0.8719029927290133,,,3.0,4.0
london,link+k25,4,9,20,3,0.8719029927290133,0.8719029927290133,0.0,,
london,link+k25,4,9,20,5,0.9095571308093816,0.9221616939803524,0.012604563170970806,,
london,link+k25,4,9,20,8,0.9510974859252843,0.9517470881863561,0.0006496022610718022,,
london,link+k25,4,9,20,-1,0.8719029927290133,,,3.0,4.0
london,link+k25d,4,0,20,3,0.8719029927290133,0.8719029927290133,0.0,,
london,link+k25d,4,0,20,5,0.9095571308093816,0.9221616939803524,0.012604563170970806,,
london,link+k25d,4,0,20,8,0.9462311672326944,0.9517470881863561,0.005515920953661713,,
london,link+k25d,4,0,20,-1,0.8719029927290133,,,3.0,4.0
london,link+k50,4,0,20,3,0.8719029927290133,0.8719029927290133,0.0,,
london,link+k50,4,0,20,5,0.9095571308093816,0.9221616939803524,0.012604563170970806,,
london,link+k50,4,0,20,8,0.9481571809541176,0.9517470881863561,0.0035899072322385095,,
london,link+k50,4,0,20,-1,0.8719029927290133,,,3.0,4.0
london,link+k50,4,1,20,3,0.8719029927290133,0.8719029927290133,0.0,,
london,link+k50,4,1,20,5,0.9095571308093816,0.9221616939803524,0.012604563170970806,,
london,link+k50,4,1,20,8,0.9510974859252843,0.9517470881863561,0.0006496022610718022,,
london,link+k50,4,1,20,-1,0.8719029927290133,,,3.0,4.0
london,link+k50,4,2,20,3,0.8719029927290133,0.8719029927290133,0.0,,
london,link+k50,4,2,20,5,0.9095571308093816,0.9221616939803524,0.012604563170970806,,
london,link+k50,4,2,20,8,0.9510974859252843,0.9517470881863561,0.0006496022610718022,,
london,link+k50,4,2,20,-1,0.8719029927290133,,,3.0,4.0
london,link+k50,4,3,20,3,0.8719029927290133,0.8719029927290133,0.0,,
london,link+k50,4,3,20,5,0.9095571308093816,0.9221616939803524,0.012604563170970806,,
london,link+k50,4,3,20,8,0.9462311672326944,0.9517470881863561,0.005515920953661713,,
london,link+k50,4,3,20,-1,0.8719029927290133,,,3.0,4.0
london,link+k50,4,4,20,3,0.8719029927290133,0.8719029927290133,0.0,,
london,link+k50,4,4,20,5,0.9095571308093816,0.9221616939803524,0.012604563170970806,,
london,link+k50,4,4,20,8,0.9510974859252843,0.9517470881863561,0.0006496022610718022,,
london,link+k50,4,4,20,-1,0.8719029927290133,,,3.0,4.0
london,link+k50,4,5,20,3,0.8719029927290133,0.8719029927290133,0.0,,
london,link+k50,4,5,20,5,0.9095571308093816,0.9221616939803524,0.012604563170970806,,
london,link+k50,4,5,20,8,0.9462311672326944,0.9517470881863561,0.005515920953661713,,
london,link+k50,4,5,20,-1,0.8719029927290133,,,3.0,4.0
london,link+k50,4,6,20,3,0.8719029927290133,0.8719029927290133,0.0,,
london,link+k50,4,6,20,5,0.9095571308093816,0.9221616939803524,0.012604563170970806,,
london,link+k50,4,6,20,8,0.9462311672326944,0.9517470881863561,0.005515920953661713,,
london,link+k50,4,6,20,-1,0.8719029927290133,,,3.0,4.0
london,link+k50,4,7,20,3,0.8719029927290133,0.8719029927290133,0.0,,
london,link+k50,4,7,20,5,0.9095571308093816,0.9221616939803524,0.012604563170970806,,
london,link+k50,4,7,20,8,0.9510974859252843,0.9517470881863561,0.0006496022610718022,,
london,link+k50,4,7,20,-1,0.8719029927290133,,,3.0,4.0
london,link+k50,4,8,20,3,0.8719029927290133,0.8719029927290133,0.0,,
london,link+k50,4,8,20,5,0.9095571308093816,0.9221616939803524,0.012604563170970806,,
london,link+k50,4,8,20,8,0.9462311672326944,0.9517470881863561,0.005515920953661713,,
london,link+k50,4,8,20,-1,0.8719029927290133,,,3.0,4.0
london,link+k50,4,9,20,3,0.8719029927290133,0.8719029927290133,0.0,,
london,link+k50,4,9,20,5,0.9095571308093816,0.9221616939803524,0.012604563170970806,,
london,link+k50,4,9,20,8,0.9462311672326944,0.9517470881863561,0.005515920953661713,,
london,link+k50,4,9,20,-1,0.8719029927290133,,,3.0,4.0
london,link+k50d,4,0,20,3,0.8719029927290133,0.8719029927290133,0.0,,
london,link+k50d,4,0,20,5,0.9095571308093816,0.9221616939803524,0.012604563170970806,,
london,link+k50d,4,0,20,8,0.9462311672326944,0.9517470881863561,0.005515920953661713,,
london,link+k50d,4,0,20,-1,0.8719029927290133,,,3.0,4.0
munich,link,0,0,20,3,0.8495932640418031,0.8495932640418031,0.0,,
munich,link,0,0,20,5,0.8835582836084839,0.8872662551768987,0.0037079715684148473,,
munich,link,0,0,20,8,0.9198279501192256,0.9214936850391904,0.0016657349199648008,,
munich,link,0,0,20,-1,0.7781834362057753,,,2.0,6.0
munich,link,0,0,10,3,0.8495932640418031,0.8495932640418031,0.0,,
munich,link,0,0,10,5,0.8848246985133886,0.8872662551768987,0.0024415566635100916,,
munich,link,0,0,10,8,0.911944232107611,0.911944232107611,0.0,,
munich,link,0,0,10,-1,0.7781834362057753,,,2.0,7.0
munich,link_reg,0,0,20,3,0.7600200800921859,0.8495932640418031,0.08957318394961722,,
munich,link_reg,0,0,20,5,0.7600200800921859,0.8872662551768987,0.1272461750847128,,
munich,link_reg,0,0,20,8,0.7600200800921859,0.9214936850391904,0.16147360494700447,,
munich,link_reg,0,0,20,-1,0.674987735170966,,,1.0,6.0
munich,link_reg,0,0,10,3,0.7600200800921859,0.8495932640418031,0.08957318394961722,,
munich,link_reg,0,0,10,5,0.7600200800921859,0.8872662551768987,0.1272461750847128,,
munich,link_reg,0,0,10,8,0.7600200800921859,0.911944232107611,0.15192415201542508,,
munich,link_reg,0,0,10,-1,0.674987735170966,,,1.0,7.0
munich,link+k10,0,0,20,3,0.8495932640418031,0.8495932640418031,0.0,,
munich,link+k10,0,0,20,5,0.8835582836084839,0.8872662551768987,0.0037079715684148473,,
munich,link+k10,0,0,20,8,0.9198279501192256,0.9214936850391904,0.0016657349199648008,,
munich,link+k10,0,0,20,-1,0.7781834362057753,,,2.0,6.0
munich,link+k10,0,1,20,3,0.8495932640418031,0.8495932640418031,0.0,,
munich,link+k10,0,1,20,5,0.8835582836084839,0.8872662551768987,0.0037079715684148473,,
munich,link+k10,0,1,20,8,0.9198279501192256,0.9214936850391904,0.0016657349199648008,,
munich,link+k10,0,1,20,-1,0.7781834362057753,,,2.0,6.0
munich,link+k10,0,2,20,3,0.8495932640418031,0.8495932640418031,0.0,,
munich,link+k10,0,2,20,5,0.8835582836084839,0.8872662551768987,0.0037079715684148473,,
munich,link+k10,0,2,20,8,0.9198279501192256,0.9214936850391904,0.0016657349199648008,,
munich,link+k10,0,2,20,-1,0.7781834362057753,,,2.0,6.0
munich,link+k10,0,3,20,3,0.8495932640418031,0.8495932640418031,0.0,,
munich,link+k10,0,3,20,5,0.8835582836084839,0.8872662551768987,0.0037079715684148473,,
munich,link+k10,0,3,20,8,0.9198279501192256,0.9214936850391904,0.0016657349199648008,,
munich,link+k10,0,3,20,-1,0.7781834362057753,,,2.0,6.0
munich,link+k10,0,4,20,3,0.8495932640418031,0.8495932640418031,0.0,,
munich,link+k10,0,4,20,5,0.8835582836084839,0.8872662551768987,0.0037079715684148473,,
munich,link+k10,0,4,20,8,0.9198279501192256,0.9214936850391904,0.0016657349199648008,,
munich,link+k10,0,4,20,-1,0.7781834362057753,,,2.0,6.0
munich,link+k10,0,5,20,3,0.8495932640418031,0.8495932640418031,0.0,,
munich,link+k10,0,5,20,5,0.8835582836084839,0.8872662551768987,0.0037079715684148473,,
munich,link+k10,0,5,20,8,0.9198279501192256,0.9214936850391904,0.0016657349199648008,,
munich,link+k10,0,5,20,-1,0.7781834362057753,,,2.0,6.0
munich,link+k10,0,6,20,3,0.8495932640418031,0.8495932640418031,0.0,,
munich,link+k10,0,6,20,5,0.8835582836084839,0.8872662551768987,0.0037079715684148473,,
munich,link+k10,0,6,20,8,0.9198279501192256,0.9214936850391904,0.0016657349199648008,,
munich,link+k10,0,6,20,-1,0.7781834362057753,,,2.0,6.0
munich,link+k10,0,7,20,3,0.8495932640418031,0.8495932640418031,0.0,,
munich,link+k10,0,7,20,5,0.8835582836084839,0.8872662551768987,0.0037079715684148473,,
munich,link+k10,0,7,20,8,0.9198279501192256,0.9214936850391904,0.0016657349199648008,,
munich,link+k10,0,7,20,-1,0.7781834362057753,,,2.0,6.0
munich,link+k10,0,8,20,3,0.8495932640418031,0.8495932640418031,0.0,,
munich,link+k10,0,8,20,5,0.8835582836084839,0.8872662551768987,0.0037079715684148473,,
munich,link+k10,0,8,20,8,0.9198279501192256,0.9214936850391904,0.0016657349199648008,,
munich,link+k10,0,8,20,-1,0.7781834362057753,,,2.0,6.0
munich,link+k10,0,9,20,3,0.8495932640418031,0.8495932640418031,0.0,,
munich,link+k10,0,9,20,5,0.8835582836084839,0.8872662551768987,0.0037079715684148473,,
munich,link+k10,0,9,20,8,0.9198279501192256,0.9214936850391904,0.0016657349199648008,,
munich,link+k10,0,9,20,-1,0.7781834362057753,,,2.0,6.0
munich,link+k10d,0,0,20,3,0.8495932640418031,0.8495932640418031,0.0,,
munich,link+k10d,0,0,20,5,0.8835582836084839,0.8872662551768987,0.0037079715684148473,,
munich,link+k10d,0,0,20,8,0.9198279501192256,0.9214936850391904,0.0016657349199648008,,
munich,link+k10d,0,0,20,-1,0.7781834362057753,,,2.0,6.0
munich,link+k25,0,0,20,3,0.8495932640418031,0.8495932640418031,0.0,,
munich,link+k25,0,0,20,5,0.8835582836084839,0.8872662551768987,0.0037079715684148473,,
munich,link+k25,0,0,20,8,0.9198279501192256,0.9214936850391904,0.0016657349199648008,,
munich,link+k25,0,0,20,-1,0.7781834362057753,,,2.0,6.0
munich,link+k25,0,1,20,3,0.8495932640418031,0.8495932640418031,0.0,,
munich,link+k25,0,1,20,5,0.8835582836084839,0.8872662551768987,0.0037079715684148473,,
munich,link+k25,0,1,20,8,0.9198279501192256,0.9214936850391904,0.0016657349199648008,,
munich,link+k25,0,1,20,-1,0.7781834362057753,,,2.0,6.0
munich,link+k25,0,2,20,3,0.8495932640418031,0.8495932640418031,0.0,,
munich,link+k25,0,2,20,5,0.8835582836084839,0.8872662551768987,0.0037079715684148473,,
munich,link+k25,0,2,20,8,0.9198279501192256,0.9214936850391904,0.0016657349199648008,,
munich,link+k25,0,2,20,-1,0.7781834362057753,,,2.0,6.0
munich,link+k25,0,3,20,3,0.8495932640418031,0.8495932640418031,0.0,,
munich,link+k25,0,3,20,5,0.8835582836084839,0.8872662551768987,0.0037079715684148473,,
munich,link+k25,0,3,20,8,0.9198279501192256,0.9214936850391904,0.0016657349199648008,,
munich,link+k25,0,3,20,-1,0.7781834362057753,,,2.0,6.0
munich,link+k25,0,4,20,3,0.8495932640418031,0.8495932640418031,0.0,,
munich,link+k25,0,4,20,5,0.8835582836084839,0.8872662551768987,0.0037079715684148473,,
munich,link+k25,0,4,20,8,0.9198279501192256,0.9214936850391904,0.0016657349199648008,,
munich,link+k25,0,4,20,-1,0.7781834362057753,,,2.0,6.0
munich,link+k25,0,5,20,3,0.8495932640418031,0.8495932640418031,0.0,,
munich,link+k25,0,5,20,5,0.8835582836084839,0.8872662551768987,0.0037079715684148473,,
munich,link+k25,0,5,20,8,0.9198279501192256,0.9214936850391904,0.0016657349199648008,,
munich,link+k25,0,5,20,-1,0.7781834362057753,,,2.0,6.0
munich,link+k25,0,6,20,3,0.8495932640418031,0.8495932640418031,0.0,,
munich,link+k25,0,6,20,5,0.8835582836084839,0.8872662551768987,0.0037079715684148473,,
munich,link+k25,0,6,20,8,0.9198279501192256,0.9214936850391904,0.0016657349199648008,,
munich,link+k25,0,6,20,-1,0.7781834362057753,,,2.0,6.0
munich,link+k25,0,7,20,3,0.8495932640418031,0.8495932640418031,0.0,,
munich,link+k25,0,7,20,5,0.8835582836084839,0.8872662551768987,0.0037079715684148473,,
munich,link+k25,0,7,20,8,0.9198279501192256,0.9214936850391904,0.0016657349199648008,,
munich,link+k25,0,7,20,-1,0.7781834362057753,,,2.0,6.0
munich,link+k25,0,8,20,3,0.8495932640418031,0.8495932640418031,0.0,,
munich,link+k25,0,8,20,5,0.8835582836084839,0.8872662551768987,0.0037079715684148473,,
munich,link+k25,0,8,20,8,0.9198279501192256,0.9214936850391904,0.0016657349199648008,,
munich,link+k25,0,8,20,-1,0.7781834362057753,,,2.0,6.0
munich,link+k25,0,9,20,3,0.8495932640418031,0.8495932640418031,0.0,,
munich,link+k25,0,9,20,5,0.8835582836084839,0.8872662551768987,0.0037079715684148473,,
munich,link+k25,0,9,20,8,0.9198279501192256,0.9214936850391904,0.0016657349199648008,,
munich,link+k25,0,9,20,-1,0.7781834362057753,,,2.0,6.0
munich,link+k25d,0,0,20,3,0.8495932640418031,0.8495932640418031,0.0,,
munich,link+k25d,0,0,20,5,0.8835582836084839,0.8872662551768987,0.0037079715684148473,,
munich,link+k25d,0,0,20,8,0.9198279501192256,0.9214936850391904,0.0016657349199648008,,
munich,link+k25d,0,0,20,-1,0.7781834362057753,,,2.0,6.0
munich,link+k50,0,0,20,3,0.8495932640418031,0.8495932640418031,0.0,,
munich,link+k50,0,0,20,5,0.8835582836084839,0.8872662551768987,0.0037079715684148473,,
munich,link+k50,0,0,20,8,0.9198279501192256,0.9214936850391904,0.0016657349199648008,,
munich,link+k50,0,0,20,-1,0.7781834362057753,,,2.0,6.0
munich,link+k50,0,1,20,3,0.8495932640418031,0.8495932640418031,0.0,,
munich,link+k50,0,1,20,5,0.8835582836084839,0.8872662551768987,0.0037079715684148473,,
munich,link+k50,0,1,20,8,0.9198279501192256,0.9214936850391904,0.0016657349199648008,,
munich,link+k50,0,1,20,-1,0.7781834362057753,,,2.0,6.0
munich,link+k50,0,2,20,3,0.8495932640418031,0.8495932640418031,0.0,,
munich,link+k50,0,2,20,5,0.8835582836084839,0.8872662551768987,0.0037079715684148473,,
munich,link+k50,0,2,20,8,0.9198279501192256,0.9214936850391904,0.0016657349199648008,,
munich,link+k50,0,2,20,-1,0.7781834362057753,,,2.0,6.0
munich,link+k50,0,3,20,3,0.8495932640418031,0.8495932640418031,0.0,,
munich,link+k50,0,3,20,5,0.8835582836084839,0.8872662551768987,0.0037079715684148473,,
munich,link+k50,0,3,20,8,0.9198279501192256,0.9214936850391904,0.0016657349199648008,,
munich,link+k50,0,3,20,-1,0.7781834362057753,,,2.0,6.0
munich,link+k50,0,4,20,3,0.8495932640418031,0.8495932640418031,0.0,,
munich,link+k50,0,4,20,5,0.8835582836084839,0.8872662551768987,0.0037079715684148473,,
munich,link+k50,0,4,20,8,0.9198279501192256,0.9214936850391904,0.0016657349199648008,,
munich,link+k50,0,4,20,-1,0.7781834362057753,,,2.0,6.0
munich,link+k50,0,5,20,3,0.8495932640418031,0.8495932640418031,0.0,,
munich,link+k50,0,5,20,5,0.8835582836084839,0.8872662551768987,0.0037079715684148473,,
munich,link+k50,0,5,20,8,0.9198279501192256,0.9214936850391904,0.0016657349199648008,,
munich,link+k50,0,5,20,-1,0.7781834362057753,,,2.0,6.0
munich,link+k50,0,6,20,3,0.8495932640418031,0.8495932640418031,0.0,,
munich,link+k50,0,6,20,5,0.8835582836084839,0.8872662551768987,0.0037079715684148473,,
munich,link+k50,0,6,20,8,0.9209574553046812,0.9214936850391904,0.0005362297345091749,,
munich,link+k50,0,6,20,-1,0.7781834362057753,,,2.0,6.0
munich,link+k50,0,7,20,3,0.8495932640418031,0.8495932640418031,0.0,,
munich,link+k50,0,7,20,5,0.8835582836084839,0.8872662551768987,0.0037079715684148473,,
munich,link+k50,0,7,20,8,0.9198279501192256,0.9214936850391904,0.0016657349199648008,,
munich,link+k50,0,7,20,-1,0.7781834362057753,,,2.0,6.0
munich,link+k50,0,8,20,3,0.8495932640418031,0.8495932640418031,0.0,,
munich,link+k50,0,8,20,5,0.8835582836084839,0.8872662551768987,0.0037079715684148473,,
munich,link+k50,0,8,20,8,0.9198279501192256,0.9214936850391904,0.0016657349199648008,,
munich,link+k50,0,8,20,-1,0.7781834362057753,,,2.0,6.0
munich,link+k50,0,9,20,3,0.8495932640418031,0.8495932640418031,0.0,,
munich,link+k50,0,9,20,5,0.8835582836084839,0.8872662551768987,0.0037079715684148473,,
munich,link+k50,0,9,20,8,0.9198279501192256,0.9214936850391904,0.0016657349199648008,,
munich,link+k50,0,9,20,-1,0.7781834362057753,,,2.0,6.0
munich,link+k50d,0,0,20,3,0.8495932640418031,0.8495932640418031,0.0,,
munich,link+k50d,0,0,20,5,0.8835582836084839,0.8872662551768987,0.0037079715684148473,,
munich,link+k50d,0,0,20,8,0.9198279501192256,0.9214936850391904,0.0016657349199648008,,
munich,link+k50d,0,0,20,-1,0.7781834362057753,,,2.0,6.0
munich,link,1,0,20,3,0.8495932640418031,0.8495932640418031,0.0,,
munich,link,1,0,20,5,0.8835582836084839,0.8872662551768987,0.0037079715684148473,,
munich,link,1,0,20,8,0.9198279501192256,0.9214936850391904,0.0016657349199648008,,
munich,link,1,0,20,-1,0.7781834362057753,,,2.0,6.0
munich,link,1,0,10,3,0.8495932640418031,0.8495932640418031,0.0,,
munich,link,1,0,10,5,0.8848246985133886,0.8872662551768987,0.0024415566635100916,,
munich,link,1,0,10,8,0.911944232107611,0.911944232107611,0.0,,
munich,link,1,0,10,-1,0.7781834362057753,,,2.0,7.0
munich,link_reg,1,0,20,3,0.7781834362057753,0.8495932640418031,0.07140982783602778,,
munich,link_reg,1,0,20,5,0.7781834362057753,0.8872662551768987,0.10908281897112337,,
munich,link_reg,1,0,20,8,0.7781834362057753,0.9214936850391904,0.14331024883341503,,
munich,link_reg,1,0,20,-1,0.674987735170966,,,1.0,6.0
munich,link_reg,1,0,10,3,0.7781834362057753,0.8495932640418031,0.07140982783602778,,
munich,link_reg,1,0,10,5,0.7781834362057753,0.8872662551768987,0.10908281897112337,,
munich,link_reg,1,0,10,8,0.7781834362057753,0.911944232107611,0.13376079590183565,,
munich,link_reg,1,0,10,-1,0.674987735170966,,,1.0,7.0
munich,link+k10,1,0,20,3,0.8495932640418031,0.8495932640418031,0.0,,
munich,link+k10,1,0,20,5,0.8835582836084839,0.8872662551768987,0.0037079715684148473,,
munich,link+k10,1,0,20,8,0.9198279501192256,0.9214936850391904,0.0016657349199648008,,
munich,link+k10,1,0,20,-1,0.7781834362057753,,,2.0,6.0
munich,link+k10,1,1,20,3,0.8495932640418031,0.8495932640418031,0.0,,
munich,link+k10,1,1,20,5,0.8835582836084839,0.8872662551768987,0.0037079715684148473,,
munich,link+k10,1,1,20,8,0.9198279501192256,0.9214936850391904,0.0016657349199648008,,
munich,link+k10,1,1,20,-1,0.7781834362057753,,,2.0,6.0
munich,link+k10,1,2,20,3,0.8495932640418031,0.8495932640418031,0.0,,
munich,link+k10,1,2,20,5,0.8835582836084839,0.8872662551768987,0.0037079715684148473,,
munich,link+k10,1,2,20,8,0.9198279501192256,0.9214936850391904,0.0016657349199648008,,
munich,link+k10,1,2,20,-1,0.7781834362057753,,,2.0,6.0
munich,link+k10,1,3,20,3,0.8495932640418031,0.8495932640418031,0.0,,
munich,link+k10,1,3,20,5,0.8835582836084839,0.8872662551768987,0.0037079715684148473,,
munich,link+k10,1,3,20,8,0.9198279501192256,0.9214936850391904,0.0016657349199648008,,
munich,link+k10,1,3,20,-1,0.7781834362057753,,,2.0,6.0
munich,link+k10,1,4,20,3,0.8495932640418031,0.8495932640418031,0.0,,
munich,link+k10,1,4,20,5,0.8835582836084839,0.8872662551768987,0.0037079715684148473,,
munich,link+k10,1,4,20,8,0.9198279501192256,0.9214936850391904,0.0016657349199648008,,
munich,link+k10,1,4,20,-1,0.7781834362057753,,,2.0,6.0
munich,link+k10,1,5,20,3,0.8495932640418031,0.8495932640418031,0.0,,
munich,link+k10,1,5,20,5,0.8835582836084839,0.8872662551768987,0.0037079715684148473,,
munich,link+k10,1,5,20,8,0.9198279501192256,0.9214936850391904,0.0016657349199648008,,
munich,link+k10,1,5,20,-1,0.7781834362057753,,,2.0,6.0
munich,link+k10,1,6,20,3,0.8495932640418031,0.8495932640418031,0.0,,
munich,link+k10,1,6,20,5,0.8835582836084839,0.8872662551768987,0.0037079715684148473,,
munich,link+k10,1,6,20,8,0.9198279501192256,0.9214936850391904,0.0016657349199648008,,
munich,link+k10,1,6,20,-1,0.7781834362057753,,,2.0,6.0
munich,link+k10,1,7,20,3,0.8495932640418031,0.8495932640418031,0.0,,
munich,link+k10,1,7,20,5,0.8835582836084839,0.8872662551768987,0.0037079715684148473,,
munich,link+k10,1,7,20,8,0.9198279501192256,0.9214936850391904,0.0016657349199648008,,
munich,link+k10,1,7,20,-1,0.7781834362057753,,,2.0,6.0
munich,link+k10,1,8,20,3,0.8495932640418031,0.8495932640418031,0.0,,
munich,link+k10,1,8,20,5,0.8835582836084839,0.8872662551768987,0.0037079715684148473,,
munich,link+k10,1,8,20,8,0.9198279501192256,0.9214936850391904,0.0016657349199648008,,
munich,link+k10,1,8,20,-1,0.7781834362057753,,,2.0,6.0
munich,link+k10,1,9,20,3,0.8495932640418031,0.8495932640418031,0.0,,
munich,link+k10,1,9,20,5,0.8835582836084839,0.8872662551768987,0.0037079715684148473,,
munich,link+k10,1,9,20,8,0.9198279501192256,0.9214936850391904,0.0016657349199648008,,
munich,link+k10,1,9,20,-1,0.7781834362057753,,,2.0,6.0
munich,link+k10d,1,0,20,3,0.8495932640418031,0.8495932640418031,0.0,,
munich,link+k10d,1,0,20,5,0.8835582836084839,0.8872662551768987,0.0037079715684148473,,
munich,link+k10d,1,0,20,8,0.9198279501192256,0.9214936850391904,0.0016657349199648008,,
munich,link+k10d,1,0,20,-1,0.7781834362057753,,,2.0,6.0
munich,link+k25,1,0,20,3,0.8495932640418031,0.8495932640418031,0.0,,
munich,link+k25,1,0,20,5,0.8835582836084839,0.8872662551768987,0.0037079715684148473,,
munich,link+k25,1,0,20,8,0.9198279501192256,0.9214936850391904,0.0016657349199648008,,
munich,link+k25,1,0,20,-1,0.7781834362057753,,,2.0,6.0
munich,link+k25,1,1,20,3,0.8495932640418031,0.8495932640418031,0.0,,
munich,link+k25,1,1,20,5,0.8835582836084839,0.8872662551768987,0.0037079715684148473,,
munich,link+k25,1,1,20,8,0.9198279501192256,0.9214936850391904,0.0016657349199648008,,
munich,link+k25,1,1,20,-1,0.7781834362057753,,,2.0,6.0
munich,link+k25,1,2,20,3,0.8495932640418031,0.8495932640418031,0.0,,
munich,link+k25,1,2,20,5,0.8835582836084839,0.8872662551768987,0.0037079715684148473,,
munich,link+k25,1,2,20,8,0.9198279501192256,0.9214936850391904,0.0016657349199648008,,
munich,link+k25,1,2,20,-1,0.7781834362057753,,,2.0,6.0
munich,link+k25,1,3,20,3,0.8495932640418031,0.8495932640418031,0.0,,
munich,link+k25,1,3,20,5,0.8835582836084839,0.8872662551768987,0.0037079715684148473,,
munich,link+k25,1,3,20,8,0.9198279501192256,0.9214936850391904,0.0016657349199648008,,
munich,link+k25,1,3,20,-1,0.7781834362057753,,,2.0,6.0
munich,link+k25,1,4,20,3,0.8495932640418031,0.8495932640418031,0.0,,
munich,link+k25,1,4,20,5,0.8835582836084839,0.8872662551768987,0.0037079715684148473,,
munich,link+k25,1,4,20,8,0.9198279501192256,0.9214936850391904,0.0016657349199648008,,
munich,link+k25,1,4,20,-1,0.7781834362057753,,,2.0,6.0
munich,link+k25,1,5,20,3,0.8495932640418031,0.8495932640418031,0.0,,
munich,link+k25,1,5,20,5,0.8835582836084839,0.8872662551768987,0.0037079715684148473,,
munich,link+k25,1,5,20,8,0.9198279501192256,0.9214936850391904,0.0016657349199648008,,
munich,link+k25,1,5,20,-1,0.7781834362057753,,,2.0,6.0
munich,link+k25,1,6,20,3,0.8495932640418031,0.8495932640418031,0.0,,
munich,link+k25,1,6,20,5,0.8835582836084839,0.8872662551768987,0.0037079715684148473,,
munich,link+k25,1,6,20,8,0.9198279501192256,0.9214936850391904,0.0016657349199648008,,
munich,link+k25,1,6,20,-1,0.7781834362057753,,,2.0,6.0
munich,link+k25,1,7,20,3,0.8495932640418031,0.8495932640418031,0.0,,
munich,link+k25,1,7,20,5,0.8835582836084839,0.8872662551768987,0.0037079715684148473,,
munich,link+k25,1,7,20,8,0.9198279501192256,0.9214936850391904,0.0016657349199648008,,
munich,link+k25,1,7,20,-1,0.7781834362057753,,,2.0,6.0
munich,link+k25,1,8,20,3,0.8495932640418031,0.8495932640418031,0.0,,
munich,link+k25,1,8,20,5,0.8835582836084839,0.8872662551768987,0.0037079715684148473,,
munich,link+k25,1,8,20,8,0.9198279501192256,0.9214936850391904,0.0016657349199648008,,
munich,link+k25,1,8,20,-1,0.7781834362057753,,,2.0,6.0
munich,link+k25,1,9,20,3,0.8495932640418031,0.8495932640418031,0.0,,
munich,link+k25,1,9,20,5,0.8835582836084839,0.8872662551768987,0.0037079715684148473,,
munich,link+k25,1,9,20,8,0.9198279501192256,0.9214936850391904,0.0016657349199648008,,
munich,link+k25,1,9,20,-1,0.7781834362057753,,,2.0,6.0
munich,link+k25d,1,0,20,3,0.8495932640418031,0.8495932640418031,0.0,,
munich,link+k25d,1,0,20,5,0.8835582836084839,0.8872662551768987,0.0037079715684148473,,
munich,link+k25d,1,0,20,8,0.9198279501192256,0.9214936850391904,0.0016657349199648008,,
munich,link+k25d,1,0,20,-1,0.7781834362057753,,,2.0,6.0
munich,link+k50,1,0,20,3,0.8495932640418031,0.8495932640418031,0.0,,
munich,link+k50,1,0,20,5,0.8835582836084839,0.8872662551768987,0.0037079715684148473,,
munich,link+k50,1,0,20,8,0.9198279501192256,0.9214936850391904,0.0016657349199648008,,
munich,link+k50,1,0,20,-1,0.7781834362057753,,,2.0,6.0
munich,link+k50,1,1,20,3,0.8495932640418031,0.8495932640418031,0.0,,
munich,link+k50,1,1,20,5,0.8835582836084839,0.8872662551768987,0.0037079715684148473,,
munich,link+k50,1,1,20,8,0.9198279501192256,0.9214936850391904,0.0016657349199648008,,
munich,link+k50,1,1,20,-1,0.7781834362057753,,,2.0,6.0
munich,link+k50,1,2,20,3,0.8495932640418031,0.8495932640418031,0.0,,
munich,link+k50,1,2,20,5,0.8835582836084839,0.8872662551768987,0.0037079715684148473,,
munich,link+k50,1,2,20,8,0.9198279501192256,0.9214936850391904,0.0016657349199648008,,
munich,link+k50,1,2,20,-1,0.7781834362057753,,,2.0,6.0
munich,link+k50,1,3,20,3,0.8495932640418031,0.8495932640418031,0.0,,
munich,link+k50,1,3,20,5,0.8835582836084839,0.8872662551768987,0.0037079715684148473,,
munich,link+k50,1,3,20,8,0.9198279501192256,0.9214936850391904,0.0016657349199648008,,
munich,link+k50,1,3,20,-1,0.7781834362057753,,,2.0,6.0
munich,link+k50,1,4,20,3,0.8495932640418031,0.8495932640418031,0.0,,
munich,link+k50,1,4,20,5,0.8835582836084839,0.8872662551768987,0.0037079715684148473,,
munich,link+k50,1,4,20,8,0.9198279501192256,0.9214936850391904,0.0016657349199648008,,
munich,link+k50,1,4,20,-1,0.7781834362057753,,,2.0,6.0
munich,link+k50,1,5,20,3,0.8495932640418031,0.8495932640418031,0.0,,
munich,link+k50,1,5,20,5,0.8835582836084839,0.8872662551768987,0.0037079715684148473,,
munich,link+k50,1,5,20,8,0.9198279501192256,0.9214936850391904,0.0016657349199648008,,
munich,link+k50,1,5,20,-1,0.7781834362057753,,,2.0,6.0
munich,link+k50,1,6,20,3,0.8495932640418031,0.8495932640418031,0.0,,
munich,link+k50,1,6,20,5,0.8835582836084839,0.8872662551768987,0.0037079715684148473,,
munich,link+k50,1,6,20,8,0.9209574553046812,0.9214936850391904,0.0005362297345091749,,
munich,link+k50,1,6,20,-1,0.7781834362057753,,,2.0,6.0
munich,link+k50,1,7,20,3,0.8495932640418031,0.8495932640418031,0.0,,
munich,link+k50,1,7,20,5,0.8835582836084839,0.8872662551768987,0.0037079715684148473,,
munich,link+k50,1,7,20,8,0.9198279501192256,0.9214936850391904,0.0016657349199648008,,
munich,link+k50,1,7,20,-1,0.7781834362057753,,,2.0,6.0
munich,link+k50,1,8,20,3,0.8495932640418031,0.8495932640418031,0.0,,
munich,link+k50,1,8,20,5,0.8835582836084839,0.8872662551768987,0.0037079715684148473,,
munich,link+k50,1,8,20,8,0.9198279501192256,0.9214936850391904,0.0016657349199648008,,
munich,link+k50,1,8,20,-1,0.7781834362057753,,,2.0,6.0
munich,link+k50,1,9,20,3,0.8495932640418031,0.8495932640418031,0.0,,
munich,link+k50,1,9,20,5,0.8835582836084839,0.8872662551768987,0.0037079715684148473,,
munich,link+k50,1,9,20,8,0.9198279501192256,0.9214936850391904,0.0016657349199648008,,
munich,link+k50,1,9,20,-1,0.7781834362057753,,,2.0,6.0
munich,link+k50d,1,0,20,3,0.8495932640418031,0.8495932640418031,0.0,,
munich,link+k50d,1,0,20,5,0.8835582836084839,0.8872662551768987,0.0037079715684148473,,
munich,link+k50d,1,0,20,8,0.9198279501192256,0.9214936850391904,0.0016657349199648008,,
munich,link+k50d,1,0,20,-1,0.7781834362057753,,,2.0,6.0
munich,link,2,0,20,3,0.8495932640418031,0.8495932640418031,0.0,,
munich,link,2,0,20,5,0.8835582836084839,0.8872662551768987,0.0037079715684148473,,
munich,link,2,0,20,8,0.9198279501192256,0.9214936850391904,0.0016657349199648008,,
munich,link,2,0,20,-1,0.7781834362057753,,,2.0,6.0
munich,link,2,0,10,3,0.8495932640418031,0.8495932640418031,0.0,,
munich,link,2,0,10,5,0.8848246985133886,0.8872662551768987,0.0024415566635100916,,
munich,link,2,0,10,8,0.911944232107611,0.911944232107611,0.0,,
munich,link,2,0,10,-1,0.7781834362057753,,,2.0,7.0
munich,link_reg,2,0,20,3,0.674987735170966,0.8495932640418031,0.17460552887083713,,
munich,link_reg,2,0,20,5,0.674987735170966,0.8872662551768987,0.21227852000593272,,
munich,link_reg,2,0,20,8,0.674987735170966,0.9214936850391904,0.24650594986822438,,
munich,link_reg,2,0,20,-1,0.674987735170966,,,1.0,6.0
munich,link_reg,2,0,10,3,0.674987735170966,0.8495932640418031,0.17460552887083713,,
munich,link_reg,2,0,10,5,0.674987735170966,0.8872662551768987,0.21227852000593272,,
munich,link_reg,2,0,10,8,0.674987735170966,0.911944232107611,0.236956496936645,,
munich,link_reg,2,0,10,-1,0.674987735170966,,,1.0,7.0
munich,link+k10,2,0,20,3,0.8495932640418031,0.8495932640418031,0.0,,
munich,link+k10,2,0,20,5,0.8835582836084839,0.8872662551768987,0.0037079715684148473,,
munich,link+k10,2,0,20,8,0.9198279501192256,0.9214936850391904,0.0016657349199648008,,
munich,link+k10,2,0,20,-1,0.7781834362057753,,,2.0,6.0
munich,link+k10,2,1,20,3,0.8495932640418031,0.8495932640418031,0.0,,
munich,link+k10,2,1,20,5,0.8835582836084839,0.8872662551768987,0.0037079715684148473,,
munich,link+k10,2,1,20,8,0.9198279501192256,0.9214936850391904,0.0016657349199648008,,
munich,link+k10,2,1,20,-1,0.7781834362057753,,,2.0,6.0
munich,link+k10,2,2,20,3,0.8495932640418031,0.8495932640418031,0.0,,
munich,link+k10,2,2,20,5,0.8835582836084839,0.8872662551768987,0.0037079715684148473,,
munich,link+k10,2,2,20,8,0.9198279501192256,0.9214936850391904,0.0016657349199648008,,
munich,link+k10,2,2,20,-1,0.7781834362057753,,,2.0,6.0
munich,link+k10,2,3,20,3,0.8495932640418031,0.8495932640418031,0.0,,
munich,link+k10,2,3,20,5,0.8835582836084839,0.8872662551768987,0.0037079715684148473,,
munich,link+k10,2,3,20,8,0.9198279501192256,0.9214936850391904,0.0016657349199648008,,
munich,link+k10,2,3,20,-1,0.7781834362057753,,,2.0,6.0
munich,link+k10,2,4,20,3,0.8495932640418031,0.8495932640418031,0.0,,
munich,link+k10,2,4,20,5,0.8835582836084839,0.8872662551768987,0.0037079715684148473,,
munich,link+k10,2,4,20,8,0.9198279501192256,0.9214936850391904,0.0016657349199648008,,
munich,link+k10,2,4,20,-1,0.7781834362057753,,,2.0,6.0
munich,link+k10,2,5,20,3,0.8495932640418031,0.8495932640418031,0.0,,
munich,link+k10,2,5,20,5,0.8835582836084839,0.8872662551768987,0.0037079715684148473,,
munich,link+k10,2,5,20,8,0.9198279501192256,0.9214936850391904,0.0016657349199648008,,
munich,link+k10,2,5,20,-1,0.7781834362057753,,,2.0,6.0
munich,link+k10,2,6,20,3,0.8495932640418031,0.8495932640418031,0.0,,
munich,link+k10,2,6,20,5,0.8835582836084839,0.8872662551768987,0.0037079715684148473,,
munich,link+k10,2,6,20,8,0.9198279501192256,0.9214936850391904,0.0016657349199648008,,
munich,link+k10,2,6,20,-1,0.7781834362057753,,,2.0,6.0
munich,link+k10,2,7,20,3,0.8495932640418031,0.8495932640418031,0.0,,
munich,link+k10,2,7,20,5,0.8835582836084839,0.8872662551768987,0.0037079715684148473,,
munich,link+k10,2,7,20,8,0.9198279501192256,0.9214936850391904,0.0016657349199648008,,
munich,link+k10,2,7,20,-1,0.7781834362057753,,,2.0,6.0
munich,link+k10,2,8,20,3,0.8495932640418031,0.8495932640418031,0.0,,
munich,link+k10,2,8,20,5,0.8835582836084839,0.8872662551768987,0.0037079715684148473,,
munich,link+k10,2,8,20,8,0.9198279501192256,0.9214936850391904,0.0016657349199648008,,
munich,link+k10,2,8,20,-1,0.7781834362057753,,,2.0,6.0
munich,link+k10,2,9,20,3,0.8495932640418031,0.8495932640418031,0.0,,
munich,link+k10,2,9,20,5,0.8835582836084839,0.8872662551768987,0.0037079715684148473,,
munich,link+k10,2,9,20,8,0.9198279501192256,0.9214936850391904,0.0016657349199648008,,
munich,link+k10,2,9,20,-1,0.7781834362057753,,,2.0,6.0
munich,link+k10d,2,0,20,3,0.8495932640418031,0.8495932640418031,0.0,,
munich,link+k10d,2,0,20,5,0.8835582836084839,0.8872662551768987,0.0037079715684148473,,
munich,link+k10d,2,0,20,8,0.9198279501192256,0.9214936850391904,0.0016657349199648008,,
munich,link+k10d,2,0,20,-1,0.7781834362057753,,,2.0,6.0
munich,link+k25,2,0,20,3,0.8495932640418031,0.8495932640418031,0.0,,
munich,link+k25,2,0,20,5,0.8835582836084839,0.8872662551768987,0.0037079715684148473,,
munich,link+k25,2,0,20,8,0.9198279501192256,0.9214936850391904,0.0016657349199648008,,
munich,link+k25,2,0,20,-1,0.7781834362057753,,,2.0,6.0
munich,link+k25,2,1,20,3,0.8495932640418031,0.8495932640418031,0.0,,
munich,link+k25,2,1,20,5,0.8835582836084839,0.8872662551768987,0.0037079715684148473,,
munich,link+k25,2,1,20,8,0.9198279501192256,0.9214936850391904,0.0016657349199648008,,
munich,link+k25,2,1,20,-1,0.7781834362057753,,,2.0,6.0
munich,link+k25,2,2,20,3,0.8495932640418031,0.8495932640418031,0.0,,
munich,link+k25,2,2,20,5,0.8835582836084839,0.8872662551768987,0.0037079715684148473,,
munich,link+k25,2,2,20,8,0.9198279501192256,0.9214936850391904,0.0016657349199648008,,
munich,link+k25,2,2,20,-1,0.7781834362057753,,,2.0,6.0
munich,link+k25,2,3,20,3,0.8495932640418031,0.8495932640418031,0.0,,
munich,link+k25,2,3,20,5,0.8835582836084839,0.8872662551768987,0.0037079715684148473,,
munich,link+k25,2,3,20,8,0.9198279501192256,0.9214936850391904,0.0016657349199648008,,
munich,link+k25,2,3,20,-1,0.7781834362057753,,,2.0,6.0
munich,link+k25,2,4,20,3,0.8495932640418031,0.8495932640418031,0.0,,
munich,link+k25,2,4,20,5,0.8835582836084839,0.8872662551768987,0.0037079715684148473,,
munich,link+k25,2,4,20,8,0.9198279501192256,0.9214936850391904,0.0016657349199648008,,
munich,link+k25,2,4,20,-1,0.7781834362057753,,,2.0,6.0
munich,link+k25,2,5,20,3,0.8495932640418031,0.8495932640418031,0.0,,
munich,link+k25,2,5,20,5,0.8835582836084839,0.8872662551768987,0.0037079715684148473,,
munich,link+k25,2,5,20,8,0.9198279501192256,0.9214936850391904,0.0016657349199648008,,
munich,link+k25,2,5,20,-1,0.7781834362057753,,,2.0,6.0
munich,link+k25,2,6,20,3,0.8495932640418031,0.8495932640418031,0.0,,
munich,link+k25,2,6,20,5,0.8835582836084839,0.8872662551768987,0.0037079715684148473,,
munich,link+k25,2,6,20,8,0.9198279501192256,0.9214936850391904,0.0016657349199648008,,
munich,link+k25,2,6,20,-1,0.7781834362057753,,,2.0,6.0
munich,link+k25,2,7,20,3,0.8495932640418031,0.8495932640418031,0.0,,
munich,link+k25,2,7,20,5,0.8835582836084839,0.8872662551768987,0.0037079715684148473,,
munich,link+k25,2,7,20,8,0.9198279501192256,0.9214936850391904,0.0016657349199648008,,
munich,link+k25,2,7,20,-1,0.7781834362057753,,,2.0,6.0
munich,link+k25,2,8,20,3,0.8495932640418031,0.8495932640418031,0.0,,
munich,link+k25,2,8,20,5,0.8835582836084839,0.8872662551768987,0.0037079715684148473,,
munich,link+k25,2,8,20,8,0.9198279501192256,0.9214936850391904,0.0016657349199648008,,
munich,link+k25,2,8,20,-1,0.7781834362057753,,,2.0,6.0
munich,link+k25,2,9,20,3,0.8495932640418031,0.8495932640418031,0.0,,
munich,link+k25,2,9,20,5,0.8835582836084839,0.8872662551768987,0.0037079715684148473,,
munich,link+k25,2,9,20,8,0.9198279501192256,0.9214936850391904,0.0016657349199648008,,
munich,link+k25,2,9,20,-1,0.7781834362057753,,,2.0,6.0
munich,link+k25d,2,0,20,3,0.8495932640418031,0.8495932640418031,0.0,,
munich,link+k25d,2,0,20,5,0.8835582836084839,0.8872662551768987,0.0037079715684148473,,
munich,link+k25d,2,0,20,8,0.9198279501192256,0.9214936850391904,0.0016657349199648008,,
munich,link+k25d,2,0,20,-1,0.7781834362057753,,,2.0,6.0
munich,link+k50,2,0,20,3,0.8495932640418031,0.8495932640418031,0.0,,
munich,link+k50,2,0,20,5,0.8835582836084839,0.8872662551768987,0.0037079715684148473,,
munich,link+k50,2,0,20,8,0.9198279501192256,0.9214936850391904,0.0016657349199648008,,
munich,link+k50,2,0,20,-1,0.7781834362057753,,,2.0,6.0
munich,link+k50,2,1,20,3,0.8495932640418031,0.8495932640418031,0.0,,
munich,link+k50,2,1,20,5,0.8835582836084839,0.8872662551768987,0.0037079715684148473,,
munich,link+k50,2,1,20,8,0.9198279501192256,0.9214936850391904,0.0016657349199648008,,
munich,link+k50,2,1,20,-1,0.7781834362057753,,,2.0,6.0
munich,link+k50,2,2,20,3,0.8495932640418031,0.8495932640418031,0.0,,
munich,link+k50,2,2,20,5,0.8835582836084839,0.8872662551768987,0.0037079715684148473,,
munich,link+k50,2,2,20,8,0.9198279501192256,0.9214936850391904,0.0016657349199648008,,
munich,link+k50,2,2,20,-1,0.7781834362057753,,,2.0,6.0
munich,link+k50,2,3,20,3,0.8495932640418031,0.8495932640418031,0.0,,
munich,link+k50,2,3,20,5,0.8835582836084839,0.8872662551768987,0.0037079715684148473,,
munich,link+k50,2,3,20,8,0.9198279501192256,0.9214936850391904,0.0016657349199648008,,
munich,link+k50,2,3,20,-1,0.7781834362057753,,,2.0,6.0
munich,link+k50,2,4,20,3,0.8495932640418031,0.8495932640418031,0.0,,
munich,link+k50,2,4,20,5,0.8835582836084839,0.8872662551768987,0.0037079715684148473,,
munich,link+k50,2,4,20,8,0.9198279501192256,0.9214936850391904,0.0016657349199648008,,
munich,link+k50,2,4,20,-1,0.7781834362057753,,,2.0,6.0
munich,link+k50,2,5,20,3,0.8495932640418031,0.8495932640418031,0.0,,
munich,link+k50,2,5,20,5,0.8835582836084839,0.8872662551768987,0.0037079715684148473,,
munich,link+k50,2,5,20,8,0.9198279501192256,0.9214936850391904,0.0016657349199648008,,
munich,link+k50,2,5,20,-1,0.7781834362057753,,,2.0,6.0
munich,link+k50,2,6,20,3,0.8495932640418031,0.8495932640418031,0.0,,
munich,link+k50,2,6,20,5,0.8835582836084839,0.8872662551768987,0.0037079715684148473,,
munich,link+k50,2,6,20,8,0.9209574553046812,0.9214936850391904,0.0005362297345091749,,
munich,link+k50,2,6,20,-1,0.7781834362057753,,,2.0,6.0
munich,link+k50,2,7,20,3,0.8495932640418031,0.8495932640418031,0.0,,
munich,link+k50,2,7,20,5,0.8835582836084839,0.8872662551768987,0.0037079715684148473,,
munich,link+k50,2,7,20,8,0.9209574553046812,0.9214936850391904,0.0005362297345091749,,
munich,link+k50,2,7,20,-1,0.7781834362057753,,,2.0,6.0
munich,link+k50,2,8,20,3,0.8495932640418031,0.8495932640418031,0.0,,
munich,link+k50,2,8,20,5,0.8835582836084839,0.8872662551768987,0.0037079715684148473,,
munich,link+k50,2,8,20,8,0.9198279501192256,0.9214936850391904,0.0016657349199648008,,
munich,link+k50,2,8,20,-1,0.7781834362057753,,,2.0,6.0
munich,link+k50,2,9,20,3,0.8495932640418031,0.8495932640418031,0.0,,
munich,link+k50,2,9,20,5,0.8835582836084839,0.8872662551768987,0.0037079715684148473,,
munich,link+k50,2,9,20,8,0.9198279501192256,0.9214936850391904,0.0016657349199648008,,
munich,link+k50,2,9,20,-1,0.7781834362057753,,,2.0,6.0
munich,link+k50d,2,0,20,3,0.8495932640418031,0.8495932640418031,0.0,,
munich,link+k50d,2,0,20,5,0.8835582836084839,0.8872662551768987,0.0037079715684148473,,
munich,link+k50d,2,0,20,8,0.9198279501192256,0.9214936850391904,0.0016657349199648008,,
munich,link+k50d,2,0,20,-1,0.7781834362057753,,,2.0,6.0
munich,link,3,0,20,3,0.8495932640418031,0.8495932640418031,0.0,,
munich,link,3,0,20,5,0.8835582836084839,0.8872662551768987,0.0037079715684148473,,
munich,link,3,0,20,8,0.9198279501192256,0.9214936850391904,0.0016657349199648008,,
munich,link,3,0,20,-1,0.7781834362057753,,,2.0,6.0
munich,link,3,0,10,3,0.8495932640418031,0.8495932640418031,0.0,,
munich,link,3,0,10,5,0.8848246985133886,0.8872662551768987,0.0024415566635100916,,
munich,link,3,0,10,8,0.911944232107611,0.911944232107611,0.0,,
munich,link,3,0,10,-1,0.7781834362057753,,,2.0,7.0
munich,link_reg,3,0,20,3,0.7600200800921859,0.8495932640418031,0.08957318394961722,,
munich,link_reg,3,0,20,5,0.7600200800921859,0.8872662551768987,0.1272461750847128,,
munich,link_reg,3,0,20,8,0.7600200800921859,0.9214936850391904,0.16147360494700447,,
munich,link_reg,3,0,20,-1,0.674987735170966,,,1.0,6.0
munich,link_reg,3,0,10,3,0.7600200800921859,0.8495932640418031,0.08957318394961722,,
munich,link_reg,3,0,10,5,0.7600200800921859,0.8872662551768987,0.1272461750847128,,
munich,link_reg,3,0,10,8,0.7600200800921859,0.911944232107611,0.15192415201542508,,
munich,link_reg,3,0,10,-1,0.674987735170966,,,1.0,7.0
munich,link+k10,3,0,20,3,0.8495932640418031,0.8495932640418031,0.0,,
munich,link+k10,3,0,20,5,0.8835582836084839,0.8872662551768987,0.0037079715684148473,,
munich,link+k10,3,0,20,8,0.9198279501192256,0.9214936850391904,0.0016657349199648008,,
munich,link+k10,3,0,20,-1,0.7781834362057753,,,2.0,6.0
munich,link+k10,3,1,20,3,0.8495932640418031,0.8495932640418031,0.0,,
munich,link+k10,3,1,20,5,0.8835582836084839,0.8872662551768987,0.0037079715684148473,,
munich,link+k10,3,1,20,8,0.9198279501192256,0.9214936850391904,0.0016657349199648008,,
munich,link+k10,3,1,20,-1,0.7781834362057753,,,2.0,6.0
munich,link+k10,3,2,20,3,0.8495932640418031,0.8495932640418031,0.0,,
munich,link+k10,3,2,20,5,0.8835582836084839,0.8872662551768987,0.0037079715684148473,,
munich,link+k10,3,2,20,8,0.9198279501192256,0.9214936850391904,0.0016657349199648008,,
munich,link+k10,3,2,20,-1,0.7781834362057753,,,2.0,6.0
munich,link+k10,3,3,20,3,0.8495932640418031,0.8495932640418031,0.0,,
munich,link+k10,3,3,20,5,0.8835582836084839,0.8872662551768987,0.0037079715684148473,,
munich,link+k10,3,3,20,8,0.9198279501192256,0.9214936850391904,0.0016657349199648008,,
munich,link+k10,3,3,20,-1,0.7781834362057753,,,2.0,6.0
munich,link+k10,3,4,20,3,0.8495932640418031,0.8495932640418031,0.0,,
munich,link+k10,3,4,20,5,0.8835582836084839,0.8872662551768987,0.0037079715684148473,,
munich,link+k10,3,4,20,8,0.9198279501192256,0.9214936850391904,0.0016657349199648008,,
munich,link+k10,3,4,20,-1,0.7781834362057753,,,2.0,6.0
munich,link+k10,3,5,20,3,0.8495932640418031,0.8495932640418031,0.0,,
munich,link+k10,3,5,20,5,0.8835582836084839,0.8872662551768987,0.0037079715684148473,,
munich,link+k10,3,5,20,8,0.9198279501192256,0.9214936850391904,0.0016657349199648008,,
munich,link+k10,3,5,20,-1,0.7781834362057753,,,2.0,6.0
munich,link+k10,3,6,20,3,0.8495932640418031,0.8495932640418031,0.0,,
munich,link+k10,3,6,20,5,0.8835582836084839,0.8872662551768987,0.0037079715684148473,,
munich,link+k10,3,6,20,8,0.9198279501192256,0.9214936850391904,0.0016657349199648008,,
munich,link+k10,3,6,20,-1,0.7781834362057753,,,2.0,6.0
munich,link+k10,3,7,20,3,0.8495932640418031,0.8495932640418031,0.0,,
munich,link+k10,3,7,20,5,0.8835582836084839,0.8872662551768987,0.0037079715684148473,,
munich,link+k10,3,7,20,8,0.9198279501192256,0.9214936850391904,0.0016657349199648008,,
munich,link+k10,3,7,20,-1,0.7781834362057753,,,2.0,6.0
munich,link+k10,3,8,20,3,0.8495932640418031,0.8495932640418031,0.0,,
munich,link+k10,3,8,20,5,0.8835582836084839,0.8872662551768987,0.0037079715684148473,,
munich,link+k10,3,8,20,8,0.9198279501192256,0.9214936850391904,0.0016657349199648008,,
munich,link+k10,3,8,20,-1,0.7781834362057753,,,2.0,6.0
munich,link+k10,3,9,20,3,0.8495932640418031,0.8495932640418031,0.0,,
munich,link+k10,3,9,20,5,0.8835582836084839,0.8872662551768987,0.0037079715684148473,,
munich,link+k10,3,9,20,8,0.9198279501192256,0.9214936850391904,0.0016657349199648008,,
munich,link+k10,3,9,20,-1,0.7781834362057753,,,2.0,6.0
munich,link+k10d,3,0,20,3,0.8495932640418031,0.8495932640418031,0.0,,
munich,link+k10d,3,0,20,5,0.8835582836084839,0.8872662551768987,0.0037079715684148473,,
munich,link+k10d,3,0,20,8,0.9198279501192256,0.9214936850391904,0.0016657349199648008,,
munich,link+k10d,3,0,20,-1,0.7781834362057753,,,2.0,6.0
munich,link+k25,3,0,20,3,0.8495932640418031,0.8495932640418031,0.0,,
munich,link+k25,3,0,20,5,0.8835582836084839,0.8872662551768987,0.0037079715684148473,,
munich,link+k25,3,0,20,8,0.9198279501192256,0.9214936850391904,0.0016657349199648008,,
munich,link+k25,3,0,20,-1,0.7781834362057753,,,2.0,6.0
munich,link+k25,3,1,20,3,0.8495932640418031,0.8495932640418031,0.0,,
munich,link+k25,3,1,20,5,0.8835582836084839,0.8872662551768987,0.0037079715684148473,,
munich,link+k25,3,1,20,8,0.9198279501192256,0.9214936850391904,0.0016657349199648008,,
munich,link+k25,3,1,20,-1,0.7781834362057753,,,2.0,6.0
munich,link+k25,3,2,20,3,0.8495932640418031,0.8495932640418031,0.0,,
munich,link+k25,3,2,20,5,0.8835582836084839,0.8872662551768987,0.0037079715684148473,,
munich,link+k25,3,2,20,8,0.9198279501192256,0.9214936850391904,0.0016657349199648008,,
munich,link+k25,3,2,20,-1,0.7781834362057753,,,2.0,6.0
munich,link+k25,3,3,20,3,0.8495932640418031,0.8495932640418031,0.0,,
munich,link+k25,3,3,20,5,0.8835582836084839,0.8872662551768987,0.0037079715684148473,,
munich,link+k25,3,3,20,8,0.9198279501192256,0.9214936850391904,0.0016657349199648008,,
munich,link+k25,3,3,20,-1,0.7781834362057753,,,2.0,6.0
munich,link+k25,3,4,20,3,0.8495932640418031,0.8495932640418031,0.0,,
munich,link+k25,3,4,20,5,0.8835582836084839,0.8872662551768987,0.0037079715684148473,,
munich,link+k25,3,4,20,8,0.9198279501192256,0.9214936850391904,0.0016657349199648008,,
munich,link+k25,3,4,20,-1,0.7781834362057753,,,2.0,6.0
munich,link+k25,3,5,20,3,0.8495932640418031,0.8495932640418031,0.0,,
munich,link+k25,3,5,20,5,0.8835582836084839,0.8872662551768987,0.0037079715684148473,,
munich,link+k25,3,5,20,8,0.9198279501192256,0.9214936850391904,0.0016657349199648008,,
munich,link+k25,3,5,20,-1,0.7781834362057753,,,2.0,6.0
munich,link+k25,3,6,20,3,0.8495932640418031,0.8495932640418031,0.0,,
munich,link+k25,3,6,20,5,0.8835582836084839,0.8872662551768987,0.0037079715684148473,,
munich,link+k25,3,6,20,8,0.9198279501192256,0.9214936850391904,0.0016657349199648008,,
munich,link+k25,3,6,20,-1,0.7781834362057753,,,2.0,6.0
munich,link+k25,3,7,20,3,0.8495932640418031,0.8495932640418031,0.0,,
munich,link+k25,3,7,20,5,0.8835582836084839,0.8872662551768987,0.0037079715684148473,,
munich,link+k25,3,7,20,8,0.9198279501192256,0.9214936850391904,0.0016657349199648008,,
munich,link+k25,3,7,20,-1,0.7781834362057753,,,2.0,6.0
munich,link+k25,3,8,20,3,0.8495932640418031,0.8495932640418031,0.0,,
munich,link+k25,3,8,20,5,0.8835582836084839,0.8872662551768987,0.0037079715684148473,,
munich,link+k25,3,8,20,8,0.9198279501192256,0.9214936850391904,0.0016657349199648008,,
munich,link+k25,3,8,20,-1,0.7781834362057753,,,2.0,6.0
munich,link+k25,3,9,20,3,0.8495932640418031,0.8495932640418031,0.0,,
munich,link+k25,3,9,20,5,0.8835582836084839,0.8872662551768987,0.0037079715684148473,,
munich,link+k25,3,9,20,8,0.9198279501192256,0.9214936850391904,0.0016657349199648008,,
munich,link+k25,3,9,20,-1,0.7781834362057753,,,2.0,6.0
munich,link+k25d,3,0,20,3,0.8495932640418031,0.8495932640418031,0.0,,
munich,link+k25d,3,0,20,5,0.8835582836084839,0.8872662551768987,0.0037079715684148473,,
munich,link+k25d,3,0,20,8,0.9198279501192256,0.9214936850391904,0.0016657349199648008,,
munich,link+k25d,3,0,20,-1,0.7781834362057753,,,2.0,6.0
munich,link+k50,3,0,20,3,0.8495932640418031,0.8495932640418031,0.0,,
munich,link+k50,3,0,20,5,0.8835582836084839,0.8872662551768987,0.0037079715684148473,,
munich,link+k50,3,0,20,8,0.9198279501192256,0.9214936850391904,0.0016657349199648008,,
munich,link+k50,3,0,20,-1,0.7781834362057753,,,2.0,6.0
munich,link+k50,3,1,20,3,0.8495932640418031,0.8495932640418031,0.0,,
munich,link+k50,3,1,20,5,0.8835582836084839,0.8872662551768987,0.0037079715684148473,,
munich,link+k50,3,1,20,8,0.9209574553046812,0.9214936850391904,0.0005362297345091749,,
munich,link+k50,3,1,20,-1,0.7781834362057753,,,2.0,6.0
munich,link+k50,3,2,20,3,0.8495932640418031,0.8495932640418031,0.0,,
munich,link+k50,3,2,20,5,0.8835582836084839,0.8872662551768987,0.0037079715684148473,,
munich,link+k50,3,2,20,8,0.9198279501192256,0.9214936850391904,0.0016657349199648008,,
munich,link+k50,3,2,20,-1,0.7781834362057753,,,2.0,6.0
munich,link+k50,3,3,20,3,0.8495932640418031,0.8495932640418031,0.0,,
munich,link+k50,3,3,20,5,0.8835582836084839,0.8872662551768987,0.0037079715684148473,,
munich,link+k50,3,3,20,8,0.9198279501192256,0.9214936850391904,0.0016657349199648008,,
munich,link+k50,3,3,20,-1,0.7781834362057753,,,2.0,6.0
munich,link+k50,3,4,20,3,0.8495932640418031,0.8495932640418031,0.0,,
munich,link+k50,3,4,20,5,0.8835582836084839,0.8872662551768987,0.0037079715684148473,,
munich,link+k50,3,4,20,8,0.9209574553046812,0.9214936850391904,0.0005362297345091749,,
munich,link+k50,3,4,20,-1,0.7781834362057753,,,2.0,6.0
munich,link+k50,3,5,20,3,0.8495932640418031,0.8495932640418031,0.0,,
munich,link+k50,3,5,20,5,0.8835582836084839,0.8872662551768987,0.0037079715684148473,,
munich,link+k50,3,5,20,8,0.9198279501192256,0.9214936850391904,0.0016657349199648008,,
munich,link+k50,3,5,20,-1,0.7781834362057753,,,2.0,6.0
munich,link+k50,3,6,20,3,0.8495932640418031,0.8495932640418031,0.0,,
munich,link+k50,3,6,20,5,0.8835582836084839,0.8872662551768987,0.0037079715684148473,,
munich,link+k50,3,6,20,8,0.9209574553046812,0.9214936850391904,0.0005362297345091749,,
munich,link+k50,3,6,20,-1,0.7781834362057753,,,2.0,6.0
munich,link+k50,3,7,20,3,0.8495932640418031,0.8495932640418031,0.0,,
munich,link+k50,3,7,20,5,0.8835582836084839,0.8872662551768987,0.0037079715684148473,,
munich,link+k50,3,7,20,8,0.9209574553046812,0.9214936850391904,0.0005362297345091749,,
munich,link+k50,3,7,20,-1,0.7781834362057753,,,2.0,6.0
munich,link+k50,3,8,20,3,0.8495932640418031,0.8495932640418031,0.0,,
munich,link+k50,3,8,20,5,0.8835582836084839,0.8872662551768987,0.0037079715684148473,,
munich,link+k50,3,8,20,8,0.9198279501192256,0.9214936850391904,0.0016657349199648008,,
munich,link+k50,3,8,20,-1,0.7781834362057753,,,2.0,6.0
munich,link+k50,3,9,20,3,0.8495932640418031,0.8495932640418031,0.0,,
munich,link+k50,3,9,20,5,0.8835582836084839,0.8872662551768987,0.0037079715684148473,,
munich,link+k50,3,9,20,8,0.9198279501192256,0.9214936850391904,0.0016657349199648008,,
munich,link+k50,3,9,20,-1,0.7781834362057753,,,2.0,6.0
munich,link+k50d,3,0,20,3,0.8495932640418031,0.8495932640418031,0.0,,
munich,link+k50d,3,0,20,5,0.8835582836084839,0.8872662551768987,0.0037079715684148473,,
munich,link+k50d,3,0,20,8,0.9198279501192256,0.9214936850391904,0.0016657349199648008,,
munich,link+k50d,3,0,20,-1,0.7781834362057753,,,2.0,6.0
munich,link,4,0,20,3,0.8495932640418031,0.8495932640418031,0.0,,
munich,link,4,0,20,5,0.8835582836084839,0.8872662551768987,0.0037079715684148473,,
munich,link,4,0,20,8,0.9198279501192256,0.9214936850391904,0.0016657349199648008,,
munich,link,4,0,20,-1,0.7781834362057753,,,2.0,6.0
munich,link,4,0,10,3,0.8495932640418031,0.8495932640418031,0.0,,
munich,link,4,0,10,5,0.8848246985133886,0.8872662551768987,0.0024415566635100916,,
munich,link,4,0,10,8,0.90924026514849,0.911944232107611,0.002703966959121007,,
munich,link,4,0,10,-1,0.7781834362057753,,,2.0,7.0
munich,link_reg,4,0,20,3,0.7600200800921859,0.8495932640418031,0.08957318394961722,,
munich,link_reg,4,0,20,5,0.7600200800921859,0.8872662551768987,0.1272461750847128,,
munich,link_reg,4,0,20,8,0.7600200800921859,0.9214936850391904,0.16147360494700447,,
munich,link_reg,4,0,20,-1,0.674987735170966,,,1.0,6.0
munich,link_reg,4,0,10,3,0.7600200800921859,0.8495932640418031,0.08957318394961722,,
munich,link_reg,4,0,10,5,0.7600200800921859,0.8872662551768987,0.1272461750847128,,
munich,link_reg,4,0,10,8,0.7600200800921859,0.911944232107611,0.15192415201542508,,
munich,link_reg,4,0,10,-1,0.674987735170966,,,1.0,7.0
munich,link+k10,4,0,20,3,0.8495932640418031,0.8495932640418031,0.0,,
munich,link+k10,4,0,20,5,0.8835582836084839,0.8872662551768987,0.0037079715684148473,,
munich,link+k10,4,0,20,8,0.9198279501192256,0.9214936850391904,0.0016657349199648008,,
munich,link+k10,4,0,20,-1,0.7781834362057753,,,2.0,6.0
munich,link+k10,4,1,20,3,0.8495932640418031,0.8495932640418031,0.0,,
munich,link+k10,4,1,20,5,0.8835582836084839,0.8872662551768987,0.0037079715684148473,,
munich,link+k10,4,1,20,8,0.9198279501192256,0.9214936850391904,0.0016657349199648008,,
munich,link+k10,4,1,20,-1,0.7781834362057753,,,2.0,6.0
munich,link+k10,4,2,20,3,0.8495932640418031,0.8495932640418031,0.0,,
munich,link+k10,4,2,20,5,0.8835582836084839,0.8872662551768987,0.0037079715684148473,,
munich,link+k10,4,2,20,8,0.9198279501192256,0.9214936850391904,0.0016657349199648008,,
munich,link+k10,4,2,20,-1,0.7781834362057753,,,2.0,6.0
munich,link+k10,4,3,20,3,0.8495932640418031,0.8495932640418031,0.0,,
munich,link+k10,4,3,20,5,0.8835582836084839,0.8872662551768987,0.0037079715684148473,,
munich,link+k10,4,3,20,8,0.9198279501192256,0.9214936850391904,0.0016657349199648008,,
munich,link+k10,4,3,20,-1,0.7781834362057753,,,2.0,6.0
munich,link+k10,4,4,20,3,0.8495932640418031,0.8495932640418031,0.0,,
munich,link+k10,4,4,20,5,0.8835582836084839,0.8872662551768987,0.0037079715684148473,,
munich,link+k10,4,4,20,8,0.9198279501192256,0.9214936850391904,0.0016657349199648008,,
munich,link+k10,4,4,20,-1,0.7781834362057753,,,2.0,6.0
munich,link+k10,4,5,20,3,0.8495932640418031,0.8495932640418031,0.0,,
munich,link+k10,4,5,20,5,0.8835582836084839,0.8872662551768987,0.0037079715684148473,,
munich,link+k10,4,5,20,8,0.9198279501192256,0.9214936850391904,0.0016657349199648008,,
munich,link+k10,4,5,20,-1,0.7781834362057753,,,2.0,6.0
munich,link+k10,4,6,20,3,0.8495932640418031,0.8495932640418031,0.0,,
munich,link+k10,4,6,20,5,0.8835582836084839,0.8872662551768987,0.0037079715684148473,,
munich,link+k10,4,6,20,8,0.9198279501192256,0.9214936850391904,0.0016657349199648008,,
munich,link+k10,4,6,20,-1,0.7781834362057753,,,2.0,6.0
munich,link+k10,4,7,20,3,0.8495932640418031,0.8495932640418031,0.0,,
munich,link+k10,4,7,20,5,0.8835582836084839,0.8872662551768987,0.0037079715684148473,,
munich,link+k10,4,7,20,8,0.9198279501192256,0.9214936850391904,0.0016657349199648008,,
munich,link+k10,4,7,20,-1,0.7781834362057753,,,2.0,6.0
munich,link+k10,4,8,20,3,0.8495932640418031,0.8495932640418031,0.0,,
munich,link+k10,4,8,20,5,0.8835582836084839,0.8872662551768987,0.0037079715684148473,,
munich,link+k10,4,8,20,8,0.9198279501192256,0.9214936850391904,0.0016657349199648008,,
munich,link+k10,4,8,20,-1,0.7781834362057753,,,2.0,6.0
munich,link+k10,4,9,20,3,0.8495932640418031,0.8495932640418031,0.0,,
munich,link+k10,4,9,20,5,0.8835582836084839,0.8872662551768987,0.0037079715684148473,,
munich,link+k10,4,9,20,8,0.9198279501192256,0.9214936850391904,0.0016657349199648008,,
munich,link+k10,4,9,20,-1,0.7781834362057753,,,2.0,6.0
munich,link+k10d,4,0,20,3,0.8495932640418031,0.8495932640418031,0.0,,
munich,link+k10d,4,0,20,5,0.8835582836084839,0.8872662551768987,0.0037079715684148473,,
munich,link+k10d,4,0,20,8,0.9198279501192256,0.9214936850391904,0.0016657349199648008,,
munich,link+k10d,4,0,20,-1,0.7781834362057753,,,2.0,6.0
munich,link+k25,4,0,20,3,0.8495932640418031,0.8495932640418031,0.0,,
munich,link+k25,4,0,20,5,0.8835582836084839,0.8872662551768987,0.0037079715684148473,,
munich,link+k25,4,0,20,8,0.9198279501192256,0.9214936850391904,0.0016657349199648008,,
munich,link+k25,4,0,20,-1,0.7781834362057753,,,2.0,6.0
munich,link+k25,4,1,20,3,0.8495932640418031,0.8495932640418031,0.0,,
munich,link+k25,4,1,20,5,0.8835582836084839,0.8872662551768987,0.0037079715684148473,,
munich,link+k25,4,1,20,8,0.9198279501192256,0.9214936850391904,0.0016657349199648008,,
munich,link+k25,4,1,20,-1,0.7781834362057753,,,2.0,6.0
munich,link+k25,4,2,20,3,0.8495932640418031,0.8495932640418031,0.0,,
munich,link+k25,4,2,20,5,0.8835582836084839,0.8872662551768987,0.0037079715684148473,,
munich,link+k25,4,2,20,8,0.9198279501192256,0.9214936850391904,0.0016657349199648008,,
munich,link+k25,4,2,20,-1,0.7781834362057753,,,2.0,6.0
munich,link+k25,4,3,20,3,0.8495932640418031,0.8495932640418031,0.0,,
munich,link+k25,4,3,20,5,0.8835582836084839,0.8872662551768987,0.0037079715684148473,,
munich,link+k25,4,3,20,8,0.9198279501192256,0.9214936850391904,0.0016657349199648008,,
munich,link+k25,4,3,20,-1,0.7781834362057753,,,2.0,6.0
munich,link+k25,4,4,20,3,0.8495932640418031,0.8495932640418031,0.0,,
munich,link+k25,4,4,20,5,0.8835582836084839,0.8872662551768987,0.0037079715684148473,,
munich,link+k25,4,4,20,8,0.9198279501192256,0.9214936850391904,0.0016657349199648008,,
munich,link+k25,4,4,20,-1,0.7781834362057753,,,2.0,6.0
munich,link+k25,4,5,20,3,0.8495932640418031,0.8495932640418031,0.0,,
munich,link+k25,4,5,20,5,0.8835582836084839,0.8872662551768987,0.0037079715684148473,,
munich,link+k25,4,5,20,8,0.9198279501192256,0.9214936850391904,0.0016657349199648008,,
munich,link+k25,4,5,20,-1,0.7781834362057753,,,2.0,6.0
munich,link+k25,4,6,20,3,0.8495932640418031,0.8495932640418031,0.0,,
munich,link+k25,4,6,20,5,0.8835582836084839,0.8872662551768987,0.0037079715684148473,,
munich,link+k25,4,6,20,8,0.9198279501192256,0.9214936850391904,0.0016657349199648008,,
munich,link+k25,4,6,20,-1,0.7781834362057753,,,2.0,6.0
munich,link+k25,4,7,20,3,0.8495932640418031,0.8495932640418031,0.0,,
munich,link+k25,4,7,20,5,0.8835582836084839,0.8872662551768987,0.0037079715684148473,,
munich,link+k25,4,7,20,8,0.9198279501192256,0.9214936850391904,0.0016657349199648008,,
munich,link+k25,4,7,20,-1,0.7781834362057753,,,2.0,6.0
munich,link+k25,4,8,20,3,0.8495932640418031,0.8495932640418031,0.0,,
munich,link+k25,4,8,20,5,0.8835582836084839,0.8872662551768987,0.0037079715684148473,,
munich,link+k25,4,8,20,8,0.9198279501192256,0.9214936850391904,0.0016657349199648008,,
munich,link+k25,4,8,20,-1,0.7781834362057753,,,2.0,6.0
munich,link+k25,4,9,20,3,0.8495932640418031,0.8495932640418031,0.0,,
munich,link+k25,4,9,20,5,0.8835582836084839,0.8872662551768987,0.0037079715684148473,,
munich,link+k25,4,9,20,8,0.9198279501192256,0.9214936850391904,0.0016657349199648008,,
munich,link+k25,4,9,20,-1,0.7781834362057753,,,2.0,6.0
munich,link+k25d,4,0,20,3,0.8495932640418031,0.8495932640418031,0.0,,
munich,link+k25d,4,0,20,5,0.8835582836084839,0.8872662551768987,0.0037079715684148473,,
munich,link+k25d,4,0,20,8,0.9198279501192256,0.9214936850391904,0.0016657349199648008,,
munich,link+k25d,4,0,20,-1,0.7781834362057753,,,2.0,6.0
munich,link+k50,4,0,20,3,0.8495932640418031,0.8495932640418031,0.0,,
munich,link+k50,4,0,20,5,0.8835582836084839,0.8872662551768987,0.0037079715684148473,,
munich,link+k50,4,0,20,8,0.9198279501192256,0.9214936850391904,0.0016657349199648008,,
munich,link+k50,4,0,20,-1,0.7781834362057753,,,2.0,6.0
munich,link+k50,4,1,20,3,0.8495932640418031,0.8495932640418031,0.0,,
munich,link+k50,4,1,20,5,0.8835582836084839,0.8872662551768987,0.0037079715684148473,,
munich,link+k50,4,1,20,8,0.9209574553046812,0.9214936850391904,0.0005362297345091749,,
munich,link+k50,4,1,20,-1,0.7781834362057753,,,2.0,6.0
munich,link+k50,4,2,20,3,0.8495932640418031,0.8495932640418031,0.0,,
munich,link+k50,4,2,20,5,0.8835582836084839,0.8872662551768987,0.0037079715684148473,,
munich,link+k50,4,2,20,8,0.9198279501192256,0.9214936850391904,0.0016657349199648008,,
munich,link+k50,4,2,20,-1,0.7781834362057753,,,2.0,6.0
munich,link+k50,4,3,20,3,0.8495932640418031,0.8495932640418031,0.0,,
munich,link+k50,4,3,20,5,0.8835582836084839,0.8872662551768987,0.0037079715684148473,,
munich,link+k50,4,3,20,8,0.9198279501192256,0.9214936850391904,0.0016657349199648008,,
munich,link+k50,4,3,20,-1,0.7781834362057753,,,2.0,6.0
munich,link+k50,4,4,20,3,0.8495932640418031,0.8495932640418031,0.0,,
munich,link+k50,4,4,20,5,0.8835582836084839,0.8872662551768987,0.0037079715684148473,,
munich,link+k50,4,4,20,8,0.9198279501192256,0.9214936850391904,0.0016657349199648008,,
munich,link+k50,4,4,20,-1,0.7781834362057753,,,2.0,6.0
munich,link+k50,4,5,20,3,0.8495932640418031,0.8495932640418031,0.0,,
munich,link+k50,4,5,20,5,0.8835582836084839,0.8872662551768987,0.0037079715684148473,,
munich,link+k50,4,5,20,8,0.9198279501192256,0.9214936850391904,0.0016657349199648008,,
munich,link+k50,4,5,20,-1,0.7781834362057753,,,2.0,6.0
munich,link+k50,4,6,20,3,0.8495932640418031,0.8495932640418031,0.0,,
munich,link+k50,4,6,20,5,0.8835582836084839,0.8872662551768987,0.0037079715684148473,,
munich,link+k50,4,6,20,8,0.9209574553046812,0.9214936850391904,0.0005362297345091749,,
munich,link+k50,4,6,20,-1,0.7781834362057753,,,2.0,6.0
munich,link+k50,4,7,20,3,0.8495932640418031,0.8495932640418031,0.0,,
munich,link+k50,4,7,20,5,0.8835582836084839,0.8872662551768987,0.0037079715684148473,,
munich,link+k50,4,7,20,8,0.9209574553046812,0.9214936850391904,0.0005362297345091749,,
munich,link+k50,4,7,20,-1,0.7781834362057753,,,2.0,6.0
munich,link+k50,4,8,20,3,0.8495932640418031,0.8495932640418031,0.0,,
munich,link+k50,4,8,20,5,0.8835582836084839,0.8872662551768987,0.0037079715684148473,,
munich,link+k50,4,8,20,8,0.9198279501192256,0.9214936850391904,0.0016657349199648008,,
munich,link+k50,4,8,20,-1,0.7781834362057753,,,2.0,6.0
munich,link+k50,4,9,20,3,0.8495932640418031,0.8495932640418031,0.0,,
munich,link+k50,4,9,20,5,0.8835582836084839,0.8872662551768987,0.0037079715684148473,,
munich,link+k50,4,9,20,8,0.9198279501192256,0.9214936850391904,0.0016657349199648008,,
munich,link+k50,4,9,20,-1,0.7781834362057753,,,2.0,6.0
munich,link+k50d,4,0,20,3,0.8495932640418031,0.8495932640418031,0.0,,
munich,link+k50d,4,0,20,5,0.8835582836084839,0.8872662551768987,0.0037079715684148473,,
munich,link+k50d,4,0,20,8,0.9198279501192256,0.9214936850391904,0.0016657349199648008,,
munich,link+k50d,4,0,20,-1,0.7781834362057753,,,2.0,6.0
newyork,link,0,0,20,3,0.7560180065458039,0.7985433910838555,0.04252538453805166,,
newyork,link,0,0,20,5,0.8919830658043184,0.8973894976709896,0.005406431866671224,,
newyork,link,0,0,20,8,0.92429878355283,0.9495213520547792,0.02522256850194915,,
newyork,link,0,0,20,-1,0.8433698602593747,,,4.0,6.0
newyork,link,0,0,10,3,0.7560180065458039,0.7985433910838555,0.04252538453805166,,
newyork,link,0,0,10,5,0.8919830658043184,0.8973894976709896,0.005406431866671224,,
newyork,link,0,0,10,8,0.9296828747919529,0.932151514136032,0.0024686393440791488,,
newyork,link,0,0,10,-1,0.8433698602593747,,,4.0,6.0
newyork,link_reg,0,0,20,3,0.7609664555477363,0.7985433910838555,0.03757693553611918,,
newyork,link_reg,0,0,20,5,0.8802430660277247,0.8973894976709896,0.017146431643264903,,
newyork,link_reg,0,0,20,8,0.8802430660277247,0.9495213520547792,0.06927828602705444,,
newyork,link_reg,0,0,20,-1,0.5122705896808641,,,1.0,6.0
newyork,link_reg,0,0,10,3,0.7609664555477363,0.7985433910838555,0.03757693553611918,,
newyork,link_reg,0,0,10,5,0.8802430660277247,0.8973894976709896,0.017146431643264903,,
newyork,link_reg,0,0,10,8,0.8802430660277247,0.932151514136032,0.051908448108307303,,
newyork,link_reg,0,0,10,-1,0.5122705896808641,,,1.0,6.0
newyork,link+k10,0,0,20,3,0.7560180065458039,0.7985433910838555,0.04252538453805166,,
newyork,link+k10,0,0,20,5,0.8919830658043184,0.8973894976709896,0.005406431866671224,,
newyork,link+k10,0,0,20,8,0.9385967851836958,0.9495213520547792,0.010924566871083341,,
newyork,link+k10,0,0,20,-1,0.8433698602593747,,,4.0,6.0
newyork,link+k10,0,1,20,3,0.7560180065458039,0.7985433910838555,0.04252538453805166,,
newyork,link+k10,0,1,20,5,0.8919830658043184,0.8973894976709896,0.005406431866671224,,
newyork,link+k10,0,1,20,8,0.9320621516258392,0.9495213520547792,0.017459200428940003,,
newyork,link+k10,0,1,20,-1,0.8433698602593747,,,4.0,6.0
newyork,link+k10,0,2,20,3,0.7560180065458039,0.7985433910838555,0.04252538453805166,,
newyork,link+k10,0,2,20,5,0.8919830658043184,0.8973894976709896,0.005406431866671224,,
newyork,link+k10,0,2,20,8,0.92429878355283,0.9495213520547792,0.02522256850194915,,
newyork,link+k10,0,2,20,-1,0.8433698602593747,,,4.0,6.0
newyork,link+k10,0,3,20,3,0.7831171877618043,0.7985433910838555,0.015426203322051246,,
newyork,link+k10,0,3,20,5,0.8810920098745574,0.8973894976709896,0.016297487796432253,,
newyork,link+k10,0,3,20,8,0.9362845302324543,0.9495213520547792,0.013236821822324885,,
newyork,link+k10,0,3,20,-1,0.8685254068786792,,,4.0,6.0
newyork,link+k10,0,4,20,3,0.7831171877618043,0.7985433910838555,0.015426203322051246,,
newyork,link+k10,0,4,20,5,0.8810920098745574,0.8973894976709896,0.016297487796432253,,
newyork,link+k10,0,4,20,8,0.9362845302324543,0.9495213520547792,0.013236821822324885,,
newyork,link+k10,0,4,20,-1,0.8685254068786792,,,4.0,6.0
newyork,link+k10,0,5,20,3,0.7831171877618043,0.7985433910838555,0.015426203322051246,,
newyork,link+k10,0,5,20,5,0.8919830658043184,0.8973894976709896,0.005406431866671224,,
newyork,link+k10,0,5,20,8,0.9385967851836958,0.9495213520547792,0.010924566871083341,,
newyork,link+k10,0,5,20,-1,0.8685254068786792,,,4.0,6.0
newyork,link+k10,0,6,20,3,0.7560180065458039,0.7985433910838555,0.04252538453805166,,
newyork,link+k10,0,6,20,5,0.8919830658043184,0.8973894976709896,0.005406431866671224,,
newyork,link+k10,0,6,20,8,0.939792008757526,0.9495213520547792,0.009729343297253168,,
newyork,link+k10,0,6,20,-1,0.8433698602593747,,,4.0,6.0
newyork,link+k10,0,7,20,3,0.7560180065458039,0.7985433910838555,0.04252538453805166,,
newyork,link+k10,0,7,20,5,0.8919830658043184,0.8973894976709896,0.005406431866671224,,
newyork,link+k10,0,7,20,8,0.92429878355283,0.9495213520547792,0.02522256850194915,,
newyork,link+k10,0,7,20,-1,0.8433698602593747,,,4.0,6.0
newyork,link+k10,0,8,20,3,0.7831171877618043,0.7985433910838555,0.015426203322051246,,
newyork,link+k10,0,8,20,5,0.8810920098745574,0.8973894976709896,0.016297487796432253,,
newyork,link+k10,0,8,20,8,0.9362845302324543,0.9495213520547792,0.013236821822324885,,
newyork,link+k10,0,8,20,-1,0.8685254068786792,,,4.0,6.0
newyork,link+k10,0,9,20,3,0.7560180065458039,0.7985433910838555,0.04252538453805166,,
newyork,link+k10,0,9,20,5,0.8919830658043184,0.8973894976709896,0.005406431866671224,,
newyork,link+k10,0,9,20,8,0.92429878355283,0.9495213520547792,0.02522256850194915,,
newyork,link+k10,0,9,20,-1,0.8433698602593747,,,4.0,6.0
newyork,link+k10d,0,0,20,3,0.7831171877618043,0.7985433910838555,0.015426203322051246,,
newyork,link+k10d,0,0,20,5,0.8810920098745574,0.8973894976709896,0.016297487796432253,,
newyork,link+k10d,0,0,20,8,0.926946147917295,0.9495213520547792,0.02257520413748415,,
newyork,link+k10d,0,0,20,-1,0.8685254068786792,,,4.0,6.0
newyork,link+k25,0,0,20,3,0.7560180065458039,0.7985433910838555,0.04252538453805166,,
newyork,link+k25,0,0,20,5,0.8919830658043184,0.8973894976709896,0.005406431866671224,,
newyork,link+k25,0,0,20,8,0.92429878355283,0.9495213520547792,0.02522256850194915,,
newyork,link+k25,0,0,20,-1,0.8433698602593747,,,4.0,6.0
newyork,link+k25,0,1,20,3,0.7560180065458039,0.7985433910838555,0.04252538453805166,,
newyork,link+k25,0,1,20,5,0.8919830658043184,0.8973894976709896,0.005406431866671224,,
newyork,link+k25,0,1,20,8,0.92429878355283,0.9495213520547792,0.02522256850194915,,
newyork,link+k25,0,1,20,-1,0.8433698602593747,,,4.0,6.0
newyork,link+k25,0,2,20,3,0.7560180065458039,0.7985433910838555,0.04252538453805166,,
newyork,link+k25,0,2,20,5,0.8919830658043184,0.8973894976709896,0.005406431866671224,,
newyork,link+k25,0,2,20,8,0.939792008757526,0.9495213520547792,0.009729343297253168,,
newyork,link+k25,0,2,20,-1,0.8433698602593747,,,4.0,6.0
newyork,link+k25,0,3,20,3,0.7831171877618043,0.7985433910838555,0.015426203322051246,,
newyork,link+k25,0,3,20,5,0.8919830658043184,0.8973894976709896,0.005406431866671224,,
newyork,link+k25,0,3,20,8,0.9437016185784659,0.9495213520547792,0.00581973347631326,,
newyork,link+k25,0,3,20,-1,0.8685254068786792,,,4.0,6.0
newyork,link+k25,0,4,20,3,0.7560180065458039,0.7985433910838555,0.04252538453805166,,
newyork,link+k25,0,4,20,5,0.8919830658043184,0.8973894976709896,0.005406431866671224,,
newyork,link+k25,0,4,20,8,0.92429878355283,0.9495213520547792,0.02522256850194915,,
newyork,link+k25,0,4,20,-1,0.8433698602593747,,,4.0,6.0
newyork,link+k25,0,5,20,3,0.7560180065458039,0.7985433910838555,0.04252538453805166,,
newyork,link+k25,0,5,20,5,0.8919830658043184,0.8973894976709896,0.005406431866671224,,
newyork,link+k25,0,5,20,8,0.9339275940261162,0.9495213520547792,0.015593758028662918,,
newyork,link+k25,0,5,20,-1,0.8433698602593747,,,4.0,6.0
newyork,link+k25,0,6,20,3,0.7831171877618043,0.7985433910838555,0.015426203322051246,,
newyork,link+k25,0,6,20,5,0.8810920098745574,0.8973894976709896,0.016297487796432253,,
newyork,link+k25,0,6,20,8,0.926946147917295,0.9495213520547792,0.02257520413748415,,
newyork,link+k25,0,6,20,-1,0.8685254068786792,,,4.0,6.0
newyork,link+k25,0,7,20,3,0.7560180065458039,0.7985433910838555,0.04252538453805166,,
newyork,link+k25,0,7,20,5,0.8919830658043184,0.8973894976709896,0.005406431866671224,,
newyork,link+k25,0,7,20,8,0.939792008757526,0.9495213520547792,0.009729343297253168,,
newyork,link+k25,0,7,20,-1,0.8433698602593747,,,4.0,6.0
newyork,link+k25,0,8,20,3,0.7560180065458039,0.7985433910838555,0.04252538453805166,,
newyork,link+k25,0,8,20,5,0.8919830658043184,0.8973894976709896,0.005406431866671224,,
newyork,link+k25,0,8,20,8,0.92429878355283,0.9495213520547792,0.02522256850194915,,
newyork,link+k25,0,8,20,-1,0.8433698602593747,,,4.0,6.0
newyork,link+k25,0,9,20,3,0.7560180065458039,0.7985433910838555,0.04252538453805166,,
newyork,link+k25,0,9,20,5,0.8919830658043184,0.8973894976709896,0.005406431866671224,,
newyork,link+k25,0,9,20,8,0.941165957351742,0.9495213520547792,0.008355394703037144,,
newyork,link+k25,0,9,20,-1,0.820459546708667,,,4.0,6.0
newyork,link+k25d,0,0,20,3,0.7831171877618043,0.7985433910838555,0.015426203322051246,,
newyork,link+k25d,0,0,20,5,0.8810920098745574,0.8973894976709896,0.016297487796432253,,
newyork,link+k25d,0,0,20,8,0.9362845302324543,0.9495213520547792,0.013236821822324885,,
newyork,link+k25d,0,0,20,-1,0.8685254068786792,,,4.0,6.0
newyork,link+k50,0,0,20,3,0.7831171877618043,0.7985433910838555,0.015426203322051246,,
newyork,link+k50,0,0,20,5,0.8919830658043184,0.8973894976709896,0.005406431866671224,,
newyork,link+k50,0,0,20,8,0.9339275940261162,0.9495213520547792,0.015593758028662918,,
newyork,link+k50,0,0,20,-1,0.8685254068786792,,,4.0,6.0
newyork,link+k50,0,1,20,3,0.7560180065458039,0.7985433910838555,0.04252538453805166,,
newyork,link+k50,0,1,20,5,0.8919830658043184,0.8973894976709896,0.005406431866671224,,
newyork,link+k50,0,1,20,8,0.9339275940261162,0.9495213520547792,0.015593758028662918,,
newyork,link+k50,0,1,20,-1,0.8433698602593747,,,4.0,6.0
newyork,link+k50,0,2,20,3,0.7560180065458039,0.7985433910838555,0.04252538453805166,,
newyork,link+k50,0,2,20,5,0.8919830658043184,0.8973894976709896,0.005406431866671224,,
newyork,link+k50,0,2,20,8,0.9385967851836958,0.9495213520547792,0.010924566871083341,,
newyork,link+k50,0,2,20,-1,0.8433698602593747,,,4.0,6.0
newyork,link+k50,0,3,20,3,0.7560180065458039,0.7985433910838555,0.04252538453805166,,
newyork,link+k50,0,3,20,5,0.8919830658043184,0.8973894976709896,0.005406431866671224,,
newyork,link+k50,0,3,20,8,0.9339275940261162,0.9495213520547792,0.015593758028662918,,
newyork,link+k50,0,3,20,-1,0.8433698602593747,,,4.0,6.0
newyork,link+k50,0,4,20,3,0.7560180065458039,0.7985433910838555,0.04252538453805166,,
newyork,link+k50,0,4,20,5,0.8919830658043184,0.8973894976709896,0.005406431866671224,,
newyork,link+k50,0,4,20,8,0.9437016185784659,0.9495213520547792,0.00581973347631326,,
newyork,link+k50,0,4,20,-1,0.8433698602593747,,,4.0,6.0
newyork,link+k50,0,5,20,3,0.7831171877618043,0.7985433910838555,0.015426203322051246,,
newyork,link+k50,0,5,20,5,0.8810920098745574,0.8973894976709896,0.016297487796432253,,
newyork,link+k50,0,5,20,8,0.9339275940261162,0.9495213520547792,0.015593758028662918,,
newyork,link+k50,0,5,20,-1,0.8685254068786792,,,4.0,6.0
newyork,link+k50,0,6,20,3,0.7560180065458039,0.7985433910838555,0.04252538453805166,,
newyork,link+k50,0,6,20,5,0.8919830658043184,0.8973894976709896,0.005406431866671224,,
newyork,link+k50,0,6,20,8,0.9339275940261162,0.9495213520547792,0.015593758028662918,,
newyork,link+k50,0,6,20,-1,0.8433698602593747,,,4.0,6.0
newyork,link+k50,0,7,20,3,0.7831171877618043,0.7985433910838555,0.015426203322051246,,
newyork,link+k50,0,7,20,5,0.8919830658043184,0.8973894976709896,0.005406431866671224,,
newyork,link+k50,0,7,20,8,0.9437016185784659,0.9495213520547792,0.00581973347631326,,
newyork,link+k50,0,7,20,-1,0.8685254068786792,,,4.0,6.0
newyork,link+k50,0,8,20,3,0.7560180065458039,0.7985433910838555,0.04252538453805166,,
newyork,link+k50,0,8,20,5,0.8919830658043184,0.8973894976709896,0.005406431866671224,,
newyork,link+k50,0,8,20,8,0.9339275940261162,0.9495213520547792,0.015593758028662918,,
newyork,link+k50,0,8,20,-1,0.8433698602593747,,,4.0,6.0
newyork,link+k50,0,9,20,3,0.7560180065458039,0.7985433910838555,0.04252538453805166,,
newyork,link+k50,0,9,20,5,0.8919830658043184,0.8973894976709896,0.005406431866671224,,
newyork,link+k50,0,9,20,8,0.9339275940261162,0.9495213520547792,0.015593758028662918,,
newyork,link+k50,0,9,20,-1,0.8433698602593747,,,4.0,6.0
newyork,link+k50d,0,0,20,3,0.7831171877618043,0.7985433910838555,0.015426203322051246,,
newyork,link+k50d,0,0,20,5,0.8810920098745574,0.8973894976709896,0.016297487796432253,,
newyork,link+k50d,0,0,20,8,0.9362845302324543,0.9495213520547792,0.013236821822324885,,
newyork,link+k50d,0,0,20,-1,0.8685254068786792,,,4.0,6.0
newyork,link,1,0,20,3,0.7646526590931939,0.7985433910838555,0.033890731990661616,,
newyork,link,1,0,20,5,0.8919830658043184,0.8973894976709896,0.005406431866671224,,
newyork,link,1,0,20,8,0.929504149771567,0.9495213520547792,0.020017202283212132,,
newyork,link,1,0,20,-1,0.7646526590931939,,,3.0,6.0
newyork,link,1,0,10,3,0.7646526590931939,0.7985433910838555,0.033890731990661616,,
newyork,link,1,0,10,5,0.8919830658043184,0.8973894976709896,0.005406431866671224,,
newyork,link,1,0,10,8,0.932151514136032,0.932151514136032,0.0,,
newyork,link,1,0,10,-1,0.7646526590931939,,,3.0,6.0
newyork,link_reg,1,0,20,3,0.7187203288540375,0.7985433910838555,0.07982306222981805,,
newyork,link_reg,1,0,20,5,0.8483406498888554,0.8973894976709896,0.04904884778213425,,
newyork,link_reg,1,0,20,8,0.8711951118706924,0.9495213520547792,0.07832624018408674,,
newyork,link_reg,1,0,20,-1,0.4810942439373122,,,1.0,6.0
newyork,link_reg,1,0,10,3,0.7187203288540375,0.7985433910838555,0.07982306222981805,,
newyork,link_reg,1,0,10,5,0.8785675189616077,0.8973894976709896,0.01882197870938196,,
newyork,link_reg,1,0,10,8,0.9039017906012979,0.932151514136032,0.028249723534734095,,
newyork,link_reg,1,0,10,-1,0.4810942439373122,,,1.0,6.0
newyork,link+k10,1,0,20,3,0.7646526590931939,0.7985433910838555,0.033890731990661616,,
newyork,link+k10,1,0,20,5,0.8919830658043184,0.8973894976709896,0.005406431866671224,,
newyork,link+k10,1,0,20,8,0.929504149771567,0.9495213520547792,0.020017202283212132,,
newyork,link+k10,1,0,20,-1,0.7646526590931939,,,3.0,6.0
newyork,link+k10,1,1,20,3,0.7774873496196508,0.7985433910838555,0.0210560414642047,,
newyork,link+k10,1,1,20,5,0.8919830658043184,0.8973894976709896,0.005406431866671224,,
newyork,link+k10,1,1,20,8,0.929504149771567,0.9495213520547792,0.020017202283212132,,
newyork,link+k10,1,1,20,-1,0.7774873496196508,,,3.0,6.0
newyork,link+k10,1,2,20,3,0.7646526590931939,0.7985433910838555,0.033890731990661616,,
newyork,link+k10,1,2,20,5,0.8919830658043184,0.8973894976709896,0.005406431866671224,,
newyork,link+k10,1,2,20,8,0.929504149771567,0.9495213520547792,0.020017202283212132,,
newyork,link+k10,1,2,20,-1,0.7646526590931939,,,3.0,6.0
newyork,link+k10,1,3,20,3,0.7646526590931939,0.7985433910838555,0.033890731990661616,,
newyork,link+k10,1,3,20,5,0.8919830658043184,0.8973894976709896,0.005406431866671224,,
newyork,link+k10,1,3,20,8,0.9437016185784659,0.9495213520547792,0.00581973347631326,,
newyork,link+k10,1,3,20,-1,0.7646526590931939,,,3.0,6.0
newyork,link+k10,1,4,20,3,0.7831171877618043,0.7985433910838555,0.015426203322051246,,
newyork,link+k10,1,4,20,5,0.8810920098745574,0.8973894976709896,0.016297487796432253,,
newyork,link+k10,1,4,20,8,0.9274823229784525,0.9495213520547792,0.02203902907632671,,
newyork,link+k10,1,4,20,-1,0.7831171877618043,,,3.0,6.0
newyork,link+k10,1,5,20,3,0.7646526590931939,0.7985433910838555,0.033890731990661616,,
newyork,link+k10,1,5,20,5,0.8919830658043184,0.8973894976709896,0.005406431866671224,,
newyork,link+k10,1,5,20,8,0.929504149771567,0.9495213520547792,0.020017202283212132,,
newyork,link+k10,1,5,20,-1,0.7646526590931939,,,3.0,6.0
newyork,link+k10,1,6,20,3,0.7646526590931939,0.7985433910838555,0.033890731990661616,,
newyork,link+k10,1,6,20,5,0.8919830658043184,0.8973894976709896,0.005406431866671224,,
newyork,link+k10,1,6,20,8,0.9446287546217174,0.9495213520547792,0.004892597433061807,,
newyork,link+k10,1,6,20,-1,0.7646526590931939,,,3.0,6.0
newyork,link+k10,1,7,20,3,0.7646526590931939,0.7985433910838555,0.033890731990661616,,
newyork,link+k10,1,7,20,5,0.8742557778447997,0.8973894976709896,0.023133719826189947,,
newyork,link+k10,1,7,20,8,0.9238631413156395,0.9495213520547792,0.025658210739139653,,
newyork,link+k10,1,7,20,-1,0.7646526590931939,,,3.0,6.0
newyork,link+k10,1,8,20,3,0.7560180065458039,0.7985433910838555,0.04252538453805166,,
newyork,link+k10,1,8,20,5,0.8919830658043184,0.8973894976709896,0.005406431866671224,,
newyork,link+k10,1,8,20,8,0.9385967851836958,0.9495213520547792,0.010924566871083341,,
newyork,link+k10,1,8,20,-1,0.7560180065458039,,,3.0,6.0
newyork,link+k10,1,9,20,3,0.7646526590931939,0.7985433910838555,0.033890731990661616,,
newyork,link+k10,1,9,20,5,0.8919830658043184,0.8973894976709896,0.005406431866671224,,
newyork,link+k10,1,9,20,8,0.929504149771567,0.9495213520547792,0.020017202283212132,,
newyork,link+k10,1,9,20,-1,0.7646526590931939,,,3.0,6.0
newyork,link+k10d,1,0,20,3,0.7646526590931939,0.7985433910838555,0.033890731990661616,,
newyork,link+k10d,1,0,20,5,0.8919830658043184,0.8973894976709896,0.005406431866671224,,
newyork,link+k10d,1,0,20,8,0.929504149771567,0.9495213520547792,0.020017202283212132,,
newyork,link+k10d,1,0,20,-1,0.7646526590931939,,,3.0,6.0
newyork,link+k25,1,0,20,3,0.7774873496196508,0.7985433910838555,0.0210560414642047,,
newyork,link+k25,1,0,20,5,0.8919830658043184,0.8973894976709896,0.005406431866671224,,
newyork,link+k25,1,0,20,8,0.929504149771567,0.9495213520547792,0.020017202283212132,,
newyork,link+k25,1,0,20,-1,0.7774873496196508,,,3.0,6.0
newyork,link+k25,1,1,20,3,0.7774873496196508,0.7985433910838555,0.0210560414642047,,
newyork,link+k25,1,1,20,5,0.8919830658043184,0.8973894976709896,0.005406431866671224,,
newyork,link+k25,1,1,20,8,0.9446287546217174,0.9495213520547792,0.004892597433061807,,
newyork,link+k25,1,1,20,-1,0.7774873496196508,,,3.0,6.0
newyork,link+k25,1,2,20,3,0.7646526590931939,0.7985433910838555,0.033890731990661616,,
newyork,link+k25,1,2,20,5,0.8919830658043184,0.8973894976709896,0.005406431866671224,,
newyork,link+k25,1,2,20,8,0.9446287546217174,0.9495213520547792,0.004892597433061807,,
newyork,link+k25,1,2,20,-1,0.7646526590931939,,,3.0,6.0
newyork,link+k25,1,3,20,3,0.7774873496196508,0.7985433910838555,0.0210560414642047,,
newyork,link+k25,1,3,20,5,0.8919830658043184,0.8973894976709896,0.005406431866671224,,
newyork,link+k25,1,3,20,8,0.9495213520547792,0.9495213520547792,0.0,,
newyork,link+k25,1,3,20,-1,0.7774873496196508,,,3.0,6.0
newyork,link+k25,1,4,20,3,0.7774873496196508,0.7985433910838555,0.0210560414642047,,
newyork,link+k25,1,4,20,5,0.8919830658043184,0.8973894976709896,0.005406431866671224,,
newyork,link+k25,1,4,20,8,0.9385967851836958,0.9495213520547792,0.010924566871083341,,
newyork,link+k25,1,4,20,-1,0.7774873496196508,,,3.0,6.0
newyork,link+k25,1,5,20,3,0.7774873496196508,0.7985433910838555,0.0210560414642047,,
newyork,link+k25,1,5,20,5,0.8840186320833752,0.8973894976709896,0.013370865587614467,,
newyork,link+k25,1,5,20,8,0.9341621706153725,0.9495213520547792,0.015359181439406622,,
newyork,link+k25,1,5,20,-1,0.7774873496196508,,,3.0,6.0
newyork,link+k25,1,6,20,3,0.7774873496196508,0.7985433910838555,0.0210560414642047,,
newyork,link+k25,1,6,20,5,0.8919830658043184,0.8973894976709896,0.005406431866671224,,
newyork,link+k25,1,6,20,8,0.9446287546217174,0.9495213520547792,0.004892597433061807,,
newyork,link+k25,1,6,20,-1,0.7774873496196508,,,3.0,6.0
newyork,link+k25,1,7,20,3,0.7774873496196508,0.7985433910838555,0.0210560414642047,,
newyork,link+k25,1,7,20,5,0.8919830658043184,0.8973894976709896,0.005406431866671224,,
newyork,link+k25,1,7,20,8,0.9495213520547792,0.9495213520547792,0.0,,
newyork,link+k25,1,7,20,-1,0.7774873496196508,,,3.0,6.0
newyork,link+k25,1,8,20,3,0.7774873496196508,0.7985433910838555,0.0210560414642047,,
newyork,link+k25,1,8,20,5,0.8919830658043184,0.8973894976709896,0.005406431866671224,,
newyork,link+k25,1,8,20,8,0.929504149771567,0.9495213520547792,0.020017202283212132,,
newyork,link+k25,1,8,20,-1,0.7774873496196508,,,3.0,6.0
newyork,link+k25,1,9,20,3,0.7646526590931939,0.7985433910838555,0.033890731990661616,,
newyork,link+k25,1,9,20,5,0.8919830658043184,0.8973894976709896,0.005406431866671224,,
newyork,link+k25,1,9,20,8,0.9446287546217174,0.9495213520547792,0.004892597433061807,,
newyork,link+k25,1,9,20,-1,0.7646526590931939,,,3.0,6.0
newyork,link+k25d,1,0,20,3,0.7646526590931939,0.7985433910838555,0.033890731990661616,,
newyork,link+k25d,1,0,20,5,0.8919830658043184,0.8973894976709896,0.005406431866671224,,
newyork,link+k25d,1,0,20,8,0.9446287546217174,0.9495213520547792,0.004892597433061807,,
newyork,link+k25d,1,0,20,-1,0.7646526590931939,,,3.0,6.0
newyork,link+k50,1,0,20,3,0.7646526590931939,0.7985433910838555,0.033890731990661616,,
newyork,link+k50,1,0,20,5,0.8919830658043184,0.8973894976709896,0.005406431866671224,,
newyork,link+k50,1,0,20,8,0.9385967851836958,0.9495213520547792,0.010924566871083341,,
newyork,link+k50,1,0,20,-1,0.7646526590931939,,,3.0,6.0
newyork,link+k50,1,1,20,3,0.7774873496196508,0.7985433910838555,0.0210560414642047,,
newyork,link+k50,1,1,20,5,0.8840186320833752,0.8973894976709896,0.013370865587614467,,
newyork,link+k50,1,1,20,8,0.9349329222657864,0.9495213520547792,0.014588429788992774,,
newyork,link+k50,1,1,20,-1,0.7774873496196508,,,3.0,6.0
newyork,link+k50,1,2,20,3,0.7646526590931939,0.7985433910838555,0.033890731990661616,,
newyork,link+k50,1,2,20,5,0.8919830658043184,0.8973894976709896,0.005406431866671224,,
newyork,link+k50,1,2,20,8,0.9359047395641343,0.9495213520547792,0.01361661249064483,,
newyork,link+k50,1,2,20,-1,0.7646526590931939,,,3.0,6.0
newyork,link+k50,1,3,20,3,0.7774873496196508,0.7985433910838555,0.0210560414642047,,
newyork,link+k50,1,3,20,5,0.8840186320833752,0.8973894976709896,0.013370865587614467,,
newyork,link+k50,1,3,20,8,0.9341621706153725,0.9495213520547792,0.015359181439406622,,
newyork,link+k50,1,3,20,-1,0.7774873496196508,,,3.0,6.0
newyork,link+k50,1,4,20,3,0.7774873496196508,0.7985433910838555,0.0210560414642047,,
newyork,link+k50,1,4,20,5,0.8840186320833752,0.8973894976709896,0.013370865587614467,,
newyork,link+k50,1,4,20,8,0.9341621706153725,0.9495213520547792,0.015359181439406622,,
newyork,link+k50,1,4,20,-1,0.8588072338952001,,,4.0,6.0
newyork,link+k50,1,5,20,3,0.7774873496196508,0.7985433910838555,0.0210560414642047,,
newyork,link+k50,1,5,20,5,0.8919830658043184,0.8973894976709896,0.005406431866671224,,
newyork,link+k50,1,5,20,8,0.9446287546217174,0.9495213520547792,0.004892597433061807,,
newyork,link+k50,1,5,20,-1,0.7774873496196508,,,3.0,6.0
newyork,link+k50,1,6,20,3,0.7774873496196508,0.7985433910838555,0.0210560414642047,,
newyork,link+k50,1,6,20,5,0.8919830658043184,0.8973894976709896,0.005406431866671224,,
newyork,link+k50,1,6,20,8,0.9446287546217174,0.9495213520547792,0.004892597433061807,,
newyork,link+k50,1,6,20,-1,0.7774873496196508,,,3.0,6.0
newyork,link+k50,1,7,20,3,0.7774873496196508,0.7985433910838555,0.0210560414642047,,
newyork,link+k50,1,7,20,5,0.8919830658043184,0.8973894976709896,0.005406431866671224,,
newyork,link+k50,1,7,20,8,0.9437016185784659,0.9495213520547792,0.00581973347631326,,
newyork,link+k50,1,7,20,-1,0.7774873496196508,,,3.0,6.0
newyork,link+k50,1,8,20,3,0.7646526590931939,0.7985433910838555,0.033890731990661616,,
newyork,link+k50,1,8,20,5,0.8919830658043184,0.8973894976709896,0.005406431866671224,,
newyork,link+k50,1,8,20,8,0.9437016185784659,0.9495213520547792,0.00581973347631326,,
newyork,link+k50,1,8,20,-1,0.7646526590931939,,,3.0,6.0
newyork,link+k50,1,9,20,3,0.7774873496196508,0.7985433910838555,0.0210560414642047,,
newyork,link+k50,1,9,20,5,0.8919830658043184,0.8973894976709896,0.005406431866671224,,
newyork,link+k50,1,9,20,8,0.9437016185784659,0.9495213520547792,0.00581973347631326,,
newyork,link+k50,1,9,20,-1,0.7774873496196508,,,3.0,6.0
newyork,link+k50d,1,0,20,3,0.7646526590931939,0.7985433910838555,0.033890731990661616,,
newyork,link+k50d,1,0,20,5,0.8919830658043184,0.8973894976709896,0.005406431866671224,,
newyork,link+k50d,1,0,20,8,0.929504149771567,0.9495213520547792,0.020017202283212132,,
newyork,link+k50d,1,0,20,-1,0.7646526590931939,,,3.0,6.0
newyork,link,2,0,20,3,0.7774873496196508,0.7985433910838555,0.0210560414642047,,
newyork,link,2,0,20,5,0.8919830658043184,0.8973894976709896,0.005406431866671224,,
newyork,link,2,0,20,8,0.9339275940261162,0.9495213520547792,0.015593758028662918,,
newyork,link,2,0,20,-1,0.8588072338952001,,,4.0,6.0
newyork,link,2,0,10,3,0.7774873496196508,0.7985433910838555,0.0210560414642047,,
newyork,link,2,0,10,5,0.8919830658043184,0.8973894976709896,0.005406431866671224,,
newyork,link,2,0,10,8,0.9296828747919529,0.932151514136032,0.0024686393440791488,,
newyork,link,2,0,10,-1,0.8588072338952001,,,4.0,6.0
newyork,link_reg,2,0,20,3,0.7609664555477363,0.7985433910838555,0.03757693553611918,,
newyork,link_reg,2,0,20,5,0.8493348078147516,0.8973894976709896,0.048054689856238064,,
newyork,link_reg,2,0,20,8,0.9132960244853278,0.9495213520547792,0.036225327569451404,,
newyork,link_reg,2,0,20,-1,0.5122705896808641,,,1.0,6.0
newyork,link_reg,2,0,10,3,0.7609664555477363,0.7985433910838555,0.03757693553611918,,
newyork,link_reg,2,0,10,5,0.8802430660277247,0.8973894976709896,0.017146431643264903,,
newyork,link_reg,2,0,10,8,0.9079007629324308,0.932151514136032,0.024250751203601206,,
newyork,link_reg,2,0,10,-1,0.5122705896808641,,,1.0,6.0
newyork,link+k10,2,0,20,3,0.7774873496196508,0.7985433910838555,0.0210560414642047,,
newyork,link+k10,2,0,20,5,0.8919830658043184,0.8973894976709896,0.005406431866671224,,
newyork,link+k10,2,0,20,8,0.9437016185784659,0.9495213520547792,0.00581973347631326,,
newyork,link+k10,2,0,20,-1,0.8588072338952001,,,4.0,6.0
newyork,link+k10,2,1,20,3,0.7774873496196508,0.7985433910838555,0.0210560414642047,,
newyork,link+k10,2,1,20,5,0.8919830658043184,0.8973894976709896,0.005406431866671224,,
newyork,link+k10,2,1,20,8,0.941165957351742,0.9495213520547792,0.008355394703037144,,
newyork,link+k10,2,1,20,-1,0.8588072338952001,,,4.0,6.0
newyork,link+k10,2,2,20,3,0.7774873496196508,0.7985433910838555,0.0210560414642047,,
newyork,link+k10,2,2,20,5,0.8919830658043184,0.8973894976709896,0.005406431866671224,,
newyork,link+k10,2,2,20,8,0.9339275940261162,0.9495213520547792,0.015593758028662918,,
newyork,link+k10,2,2,20,-1,0.8588072338952001,,,4.0,6.0
newyork,link+k10,2,3,20,3,0.7831171877618043,0.7985433910838555,0.015426203322051246,,
newyork,link+k10,2,3,20,5,0.8810920098745574,0.8973894976709896,0.016297487796432253,,
newyork,link+k10,2,3,20,8,0.9362845302324543,0.9495213520547792,0.013236821822324885,,
newyork,link+k10,2,3,20,-1,0.8685254068786792,,,4.0,6.0
newyork,link+k10,2,4,20,3,0.7248863420573484,0.7985433910838555,0.07365704902650716,,
newyork,link+k10,2,4,20,5,0.8810920098745574,0.8973894976709896,0.016297487796432253,,
newyork,link+k10,2,4,20,8,0.9362845302324543,0.9495213520547792,0.013236821822324885,,
newyork,link+k10,2,4,20,-1,0.8384660925125387,,,4.0,6.0
newyork,link+k10,2,5,20,3,0.7774873496196508,0.7985433910838555,0.0210560414642047,,
newyork,link+k10,2,5,20,5,0.8919830658043184,0.8973894976709896,0.005406431866671224,,
newyork,link+k10,2,5,20,8,0.9437016185784659,0.9495213520547792,0.00581973347631326,,
newyork,link+k10,2,5,20,-1,0.8588072338952001,,,4.0,6.0
newyork,link+k10,2,6,20,3,0.7774873496196508,0.7985433910838555,0.0210560414642047,,
newyork,link+k10,2,6,20,5,0.8919830658043184,0.8973894976709896,0.005406431866671224,,
newyork,link+k10,2,6,20,8,0.9339275940261162,0.9495213520547792,0.015593758028662918,,
newyork,link+k10,2,6,20,-1,0.8588072338952001,,,4.0,6.0
newyork,link+k10,2,7,20,3,0.7774873496196508,0.7985433910838555,0.0210560414642047,,
newyork,link+k10,2,7,20,5,0.8919830658043184,0.8973894976709896,0.005406431866671224,,
newyork,link+k10,2,7,20,8,0.9339275940261162,0.9495213520547792,0.015593758028662918,,
newyork,link+k10,2,7,20,-1,0.8588072338952001,,,4.0,6.0
newyork,link+k10,2,8,20,3,0.7831171877618043,0.7985433910838555,0.015426203322051246,,
newyork,link+k10,2,8,20,5,0.8810920098745574,0.8973894976709896,0.016297487796432253,,
newyork,link+k10,2,8,20,8,0.9362845302324543,0.9495213520547792,0.013236821822324885,,
newyork,link+k10,2,8,20,-1,0.8685254068786792,,,4.0,6.0
newyork,link+k10,2,9,20,3,0.7774873496196508,0.7985433910838555,0.0210560414642047,,
newyork,link+k10,2,9,20,5,0.8919830658043184,0.8973894976709896,0.005406431866671224,,
newyork,link+k10,2,9,20,8,0.9339275940261162,0.9495213520547792,0.015593758028662918,,
newyork,link+k10,2,9,20,-1,0.8588072338952001,,,4.0,6.0
newyork,link+k10d,2,0,20,3,0.7774873496196508,0.7985433910838555,0.0210560414642047,,
newyork,link+k10d,2,0,20,5,0.8919830658043184,0.8973894976709896,0.005406431866671224,,
newyork,link+k10d,2,0,20,8,0.9437016185784659,0.9495213520547792,0.00581973347631326,,
newyork,link+k10d,2,0,20,-1,0.8588072338952001,,,4.0,6.0
newyork,link+k25,2,0,20,3,0.7560180065458039,0.7985433910838555,0.04252538453805166,,
newyork,link+k25,2,0,20,5,0.8919830658043184,0.8973894976709896,0.005406431866671224,,
newyork,link+k25,2,0,20,8,0.9339275940261162,0.9495213520547792,0.015593758028662918,,
newyork,link+k25,2,0,20,-1,0.820459546708667,,,4.0,6.0
newyork,link+k25,2,1,20,3,0.7774873496196508,0.7985433910838555,0.0210560414642047,,
newyork,link+k25,2,1,20,5,0.8919830658043184,0.8973894976709896,0.005406431866671224,,
newyork,link+k25,2,1,20,8,0.9339275940261162,0.9495213520547792,0.015593758028662918,,
newyork,link+k25,2,1,20,-1,0.8588072338952001,,,4.0,6.0
newyork,link+k25,2,2,20,3,0.7774873496196508,0.7985433910838555,0.0210560414642047,,
newyork,link+k25,2,2,20,5,0.8919830658043184,0.8973894976709896,0.005406431866671224,,
newyork,link+k25,2,2,20,8,0.9339275940261162,0.9495213520547792,0.015593758028662918,,
newyork,link+k25,2,2,20,-1,0.8588072338952001,,,4.0,6.0
newyork,link+k25,2,3,20,3,0.7560180065458039,0.7985433910838555,0.04252538453805166,,
newyork,link+k25,2,3,20,5,0.8919830658043184,0.8973894976709896,0.005406431866671224,,
newyork,link+k25,2,3,20,8,0.9437016185784659,0.9495213520547792,0.00581973347631326,,
newyork,link+k25,2,3,20,-1,0.820459546708667,,,4.0,6.0
newyork,link+k25,2,4,20,3,0.7774873496196508,0.7985433910838555,0.0210560414642047,,
newyork,link+k25,2,4,20,5,0.8919830658043184,0.8973894976709896,0.005406431866671224,,
newyork,link+k25,2,4,20,8,0.9339275940261162,0.9495213520547792,0.015593758028662918,,
newyork,link+k25,2,4,20,-1,0.8588072338952001,,,4.0,6.0
newyork,link+k25,2,5,20,3,0.7774873496196508,0.7985433910838555,0.0210560414642047,,
newyork,link+k25,2,5,20,5,0.8919830658043184,0.8973894976709896,0.005406431866671224,,
newyork,link+k25,2,5,20,8,0.9437016185784659,0.9495213520547792,0.00581973347631326,,
newyork,link+k25,2,5,20,-1,0.8588072338952001,,,4.0,6.0
newyork,link+k25,2,6,20,3,0.7774873496196508,0.7985433910838555,0.0210560414642047,,
newyork,link+k25,2,6,20,5,0.8919830658043184,0.8973894976709896,0.005406431866671224,,
newyork,link+k25,2,6,20,8,0.9339275940261162,0.9495213520547792,0.015593758028662918,,
newyork,link+k25,2,6,20,-1,0.8588072338952001,,,4.0,6.0
newyork,link+k25,2,7,20,3,0.7774873496196508,0.7985433910838555,0.0210560414642047,,
newyork,link+k25,2,7,20,5,0.8919830658043184,0.8973894976709896,0.005406431866671224,,
newyork,link+k25,2,7,20,8,0.9339275940261162,0.9495213520547792,0.015593758028662918,,
newyork,link+k25,2,7,20,-1,0.8588072338952001,,,4.0,6.0
newyork,link+k25,2,8,20,3,0.7774873496196508,0.7985433910838555,0.0210560414642047,,
newyork,link+k25,2,8,20,5,0.8919830658043184,0.8973894976709896,0.005406431866671224,,
newyork,link+k25,2,8,20,8,0.9339275940261162,0.9495213520547792,0.015593758028662918,,
newyork,link+k25,2,8,20,-1,0.8588072338952001,,,4.0,6.0
newyork,link+k25,2,9,20,3,0.7774873496196508,0.7985433910838555,0.0210560414642047,,
newyork,link+k25,2,9,20,5,0.8919830658043184,0.8973894976709896,0.005406431866671224,,
newyork,link+k25,2,9,20,8,0.9437016185784659,0.9495213520547792,0.00581973347631326,,
newyork,link+k25,2,9,20,-1,0.8588072338952001,,,4.0,6.0
newyork,link+k25d,2,0,20,3,0.7774873496196508,0.7985433910838555,0.0210560414642047,,
newyork,link+k25d,2,0,20,5,0.8919830658043184,0.8973894976709896,0.005406431866671224,,
newyork,link+k25d,2,0,20,8,0.9339275940261162,0.9495213520547792,0.015593758028662918,,
newyork,link+k25d,2,0,20,-1,0.8588072338952001,,,4.0,6.0
newyork,link+k50,2,0,20,3,0.7774873496196508,0.7985433910838555,0.0210560414642047,,
newyork,link+k50,2,0,20,5,0.8919830658043184,0.8973894976709896,0.005406431866671224,,
newyork,link+k50,2,0,20,8,0.9437016185784659,0.9495213520547792,0.00581973347631326,,
newyork,link+k50,2,0,20,-1,0.8588072338952001,,,4.0,6.0
newyork,link+k50,2,1,20,3,0.7774873496196508,0.7985433910838555,0.0210560414642047,,
newyork,link+k50,2,1,20,5,0.8919830658043184,0.8973894976709896,0.005406431866671224,,
newyork,link+k50,2,1,20,8,0.9437016185784659,0.9495213520547792,0.00581973347631326,,
newyork,link+k50,2,1,20,-1,0.8588072338952001,,,4.0,6.0
newyork,link+k50,2,2,20,3,0.7774873496196508,0.7985433910838555,0.0210560414642047,,
newyork,link+k50,2,2,20,5,0.8919830658043184,0.8973894976709896,0.005406431866671224,,
newyork,link+k50,2,2,20,8,0.9437016185784659,0.9495213520547792,0.00581973347631326,,
newyork,link+k50,2,2,20,-1,0.8588072338952001,,,4.0,6.0
newyork,link+k50,2,3,20,3,0.7774873496196508,0.7985433910838555,0.0210560414642047,,
newyork,link+k50,2,3,20,5,0.8919830658043184,0.8973894976709896,0.005406431866671224,,
newyork,link+k50,2,3,20,8,0.9437016185784659,0.9495213520547792,0.00581973347631326,,
newyork,link+k50,2,3,20,-1,0.8588072338952001,,,4.0,6.0
newyork,link+k50,2,4,20,3,0.7774873496196508,0.7985433910838555,0.0210560414642047,,
newyork,link+k50,2,4,20,5,0.8919830658043184,0.8973894976709896,0.005406431866671224,,
newyork,link+k50,2,4,20,8,0.9437016185784659,0.9495213520547792,0.00581973347631326,,
newyork,link+k50,2,4,20,-1,0.8588072338952001,,,4.0,6.0
newyork,link+k50,2,5,20,3,0.7831171877618043,0.7985433910838555,0.015426203322051246,,
newyork,link+k50,2,5,20,5,0.8810920098745574,0.8973894976709896,0.016297487796432253,,
newyork,link+k50,2,5,20,8,0.9362845302324543,0.9495213520547792,0.013236821822324885,,
newyork,link+k50,2,5,20,-1,0.8685254068786792,,,4.0,6.0
newyork,link+k50,2,6,20,3,0.7774873496196508,0.7985433910838555,0.0210560414642047,,
newyork,link+k50,2,6,20,5,0.8919830658043184,0.8973894976709896,0.005406431866671224,,
newyork,link+k50,2,6,20,8,0.9339275940261162,0.9495213520547792,0.015593758028662918,,
newyork,link+k50,2,6,20,-1,0.8588072338952001,,,4.0,6.0
newyork,link+k50,2,7,20,3,0.7831171877618043,0.7985433910838555,0.015426203322051246,,
newyork,link+k50,2,7,20,5,0.8919830658043184,0.8973894976709896,0.005406431866671224,,
newyork,link+k50,2,7,20,8,0.9437016185784659,0.9495213520547792,0.00581973347631326,,
newyork,link+k50,2,7,20,-1,0.8685254068786792,,,4.0,6.0
newyork,link+k50,2,8,20,3,0.7774873496196508,0.7985433910838555,0.0210560414642047,,
newyork,link+k50,2,8,20,5,0.8919830658043184,0.8973894976709896,0.005406431866671224,,
newyork,link+k50,2,8,20,8,0.9437016185784659,0.9495213520547792,0.00581973347631326,,
newyork,link+k50,2,8,20,-1,0.8588072338952001,,,4.0,6.0
newyork,link+k50,2,9,20,3,0.7774873496196508,0.7985433910838555,0.0210560414642047,,
newyork,link+k50,2,9,20,5,0.8919830658043184,0.8973894976709896,0.005406431866671224,,
newyork,link+k50,2,9,20,8,0.9437016185784659,0.9495213520547792,0.00581973347631326,,
newyork,link+k50,2,9,20,-1,0.8588072338952001,,,4.0,6.0
newyork,link+k50d,2,0,20,3,0.7774873496196508,0.7985433910838555,0.0210560414642047,,
newyork,link+k50d,2,0,20,5,0.8919830658043184,0.8973894976709896,0.005406431866671224,,
newyork,link+k50d,2,0,20,8,0.9339275940261162,0.9495213520547792,0.015593758028662918,,
newyork,link+k50d,2,0,20,-1,0.8588072338952001,,,4.0,6.0
newyork,link,3,0,20,3,0.7669872546719837,0.7985433910838555,0.03155613641187183,,
newyork,link,3,0,20,5,0.8840186320833752,0.8973894976709896,0.013370865587614467,,
newyork,link,3,0,20,8,0.9341621706153725,0.9495213520547792,0.015359181439406622,,
newyork,link,3,0,20,-1,0.7669872546719837,,,3.0,6.0
newyork,link,3,0,10,3,0.7669872546719837,0.7985433910838555,0.03155613641187183,,
newyork,link,3,0,10,5,0.8840186320833752,0.8973894976709896,0.013370865587614467,,
newyork,link,3,0,10,8,0.932151514136032,0.932151514136032,0.0,,
newyork,link,3,0,10,-1,0.7669872546719837,,,3.0,6.0
newyork,link_reg,3,0,20,3,0.7255565608837953,0.7985433910838555,0.07298683020006025,,
newyork,link_reg,3,0,20,5,0.8445315728918825,0.8973894976709896,0.05285792477910711,,
newyork,link_reg,3,0,20,8,0.8665370910268869,0.9495213520547792,0.08298426102789225,,
newyork,link_reg,3,0,20,-1,0.5122705896808641,,,1.0,6.0
newyork,link_reg,3,0,10,3,0.7255565608837953,0.7985433910838555,0.07298683020006025,,
newyork,link_reg,3,0,10,5,0.8445315728918825,0.8973894976709896,0.05285792477910711,,
newyork,link_reg,3,0,10,8,0.8665370910268869,0.932151514136032,0.06561442310914511,,
newyork,link_reg,3,0,10,-1,0.5122705896808641,,,1.0,6.0
newyork,link+k10,3,0,20,3,0.7669872546719837,0.7985433910838555,0.03155613641187183,,
newyork,link+k10,3,0,20,5,0.8840186320833752,0.8973894976709896,0.013370865587614467,,
newyork,link+k10,3,0,20,8,0.9341621706153725,0.9495213520547792,0.015359181439406622,,
newyork,link+k10,3,0,20,-1,0.7669872546719837,,,3.0,6.0
newyork,link+k10,3,1,20,3,0.7669872546719837,0.7985433910838555,0.03155613641187183,,
newyork,link+k10,3,1,20,5,0.8742557778447997,0.8973894976709896,0.023133719826189947,,
newyork,link+k10,3,1,20,8,0.9184678797627426,0.9495213520547792,0.031053472292036588,,
newyork,link+k10,3,1,20,-1,0.7669872546719837,,,3.0,6.0
newyork,link+k10,3,2,20,3,0.7669872546719837,0.7985433910838555,0.03155613641187183,,
newyork,link+k10,3,2,20,5,0.8840186320833752,0.8973894976709896,0.013370865587614467,,
newyork,link+k10,3,2,20,8,0.9341621706153725,0.9495213520547792,0.015359181439406622,,
newyork,link+k10,3,2,20,-1,0.7669872546719837,,,3.0,6.0
newyork,link+k10,3,3,20,3,0.7774873496196508,0.7985433910838555,0.0210560414642047,,
newyork,link+k10,3,3,20,5,0.8840186320833752,0.8973894976709896,0.013370865587614467,,
newyork,link+k10,3,3,20,8,0.9437016185784659,0.9495213520547792,0.00581973347631326,,
newyork,link+k10,3,3,20,-1,0.8588072338952001,,,4.0,6.0
newyork,link+k10,3,4,20,3,0.7831171877618043,0.7985433910838555,0.015426203322051246,,
newyork,link+k10,3,4,20,5,0.8810920098745574,0.8973894976709896,0.016297487796432253,,
newyork,link+k10,3,4,20,8,0.9256392212057236,0.9495213520547792,0.02388213084905555,,
newyork,link+k10,3,4,20,-1,0.8685254068786792,,,4.0,6.0
newyork,link+k10,3,5,20,3,0.7669872546719837,0.7985433910838555,0.03155613641187183,,
newyork,link+k10,3,5,20,5,0.8840186320833752,0.8973894976709896,0.013370865587614467,,
newyork,link+k10,3,5,20,8,0.9341621706153725,0.9495213520547792,0.015359181439406622,,
newyork,link+k10,3,5,20,-1,0.7669872546719837,,,3.0,6.0
newyork,link+k10,3,6,20,3,0.7669872546719837,0.7985433910838555,0.03155613641187183,,
newyork,link+k10,3,6,20,5,0.8840186320833752,0.8973894976709896,0.013370865587614467,,
newyork,link+k10,3,6,20,8,0.9341621706153725,0.9495213520547792,0.015359181439406622,,
newyork,link+k10,3,6,20,-1,0.7669872546719837,,,3.0,6.0
newyork,link+k10,3,7,20,3,0.7669872546719837,0.7985433910838555,0.03155613641187183,,
newyork,link+k10,3,7,20,5,0.8840186320833752,0.8973894976709896,0.013370865587614467,,
newyork,link+k10,3,7,20,8,0.9341621706153725,0.9495213520547792,0.015359181439406622,,
newyork,link+k10,3,7,20,-1,0.7669872546719837,,,3.0,6.0
newyork,link+k10,3,8,20,3,0.7669872546719837,0.7985433910838555,0.03155613641187183,,
newyork,link+k10,3,8,20,5,0.8840186320833752,0.8973894976709896,0.013370865587614467,,
newyork,link+k10,3,8,20,8,0.9437016185784659,0.9495213520547792,0.00581973347631326,,
newyork,link+k10,3,8,20,-1,0.8588072338952001,,,4.0,6.0
newyork,link+k10,3,9,20,3,0.7669872546719837,0.7985433910838555,0.03155613641187183,,
newyork,link+k10,3,9,20,5,0.8840186320833752,0.8973894976709896,0.013370865587614467,,
newyork,link+k10,3,9,20,8,0.9341621706153725,0.9495213520547792,0.015359181439406622,,
newyork,link+k10,3,9,20,-1,0.7669872546719837,,,3.0,6.0
newyork,link+k10d,3,0,20,3,0.7669872546719837,0.7985433910838555,0.03155613641187183,,
newyork,link+k10d,3,0,20,5,0.8840186320833752,0.8973894976709896,0.013370865587614467,,
newyork,link+k10d,3,0,20,8,0.9341621706153725,0.9495213520547792,0.015359181439406622,,
newyork,link+k10d,3,0,20,-1,0.8588072338952001,,,4.0,6.0
newyork,link+k25,3,0,20,3,0.7669872546719837,0.7985433910838555,0.03155613641187183,,
newyork,link+k25,3,0,20,5,0.8840186320833752,0.8973894976709896,0.013370865587614467,,
newyork,link+k25,3,0,20,8,0.9341621706153725,0.9495213520547792,0.015359181439406622,,
newyork,link+k25,3,0,20,-1,0.7669872546719837,,,3.0,6.0
newyork,link+k25,3,1,20,3,0.7669872546719837,0.7985433910838555,0.03155613641187183,,
newyork,link+k25,3,1,20,5,0.8840186320833752,0.8973894976709896,0.013370865587614467,,
newyork,link+k25,3,1,20,8,0.9341621706153725,0.9495213520547792,0.015359181439406622,,
newyork,link+k25,3,1,20,-1,0.7669872546719837,,,3.0,6.0
newyork,link+k25,3,2,20,3,0.7669872546719837,0.7985433910838555,0.03155613641187183,,
newyork,link+k25,3,2,20,5,0.8840186320833752,0.8973894976709896,0.013370865587614467,,
newyork,link+k25,3,2,20,8,0.9341621706153725,0.9495213520547792,0.015359181439406622,,
newyork,link+k25,3,2,20,-1,0.8588072338952001,,,4.0,6.0
newyork,link+k25,3,3,20,3,0.7669872546719837,0.7985433910838555,0.03155613641187183,,
newyork,link+k25,3,3,20,5,0.8840186320833752,0.8973894976709896,0.013370865587614467,,
newyork,link+k25,3,3,20,8,0.9437016185784659,0.9495213520547792,0.00581973347631326,,
newyork,link+k25,3,3,20,-1,0.8588072338952001,,,4.0,6.0
newyork,link+k25,3,4,20,3,0.7669872546719837,0.7985433910838555,0.03155613641187183,,
newyork,link+k25,3,4,20,5,0.8840186320833752,0.8973894976709896,0.013370865587614467,,
newyork,link+k25,3,4,20,8,0.9341621706153725,0.9495213520547792,0.015359181439406622,,
newyork,link+k25,3,4,20,-1,0.7669872546719837,,,3.0,6.0
newyork,link+k25,3,5,20,3,0.7669872546719837,0.7985433910838555,0.03155613641187183,,
newyork,link+k25,3,5,20,5,0.8840186320833752,0.8973894976709896,0.013370865587614467,,
newyork,link+k25,3,5,20,8,0.9341621706153725,0.9495213520547792,0.015359181439406622,,
newyork,link+k25,3,5,20,-1,0.8588072338952001,,,4.0,6.0
newyork,link+k25,3,6,20,3,0.7669872546719837,0.7985433910838555,0.03155613641187183,,
newyork,link+k25,3,6,20,5,0.8840186320833752,0.8973894976709896,0.013370865587614467,,
newyork,link+k25,3,6,20,8,0.9341621706153725,0.9495213520547792,0.015359181439406622,,
newyork,link+k25,3,6,20,-1,0.8588072338952001,,,4.0,6.0
newyork,link+k25,3,7,20,3,0.7669872546719837,0.7985433910838555,0.03155613641187183,,
newyork,link+k25,3,7,20,5,0.8840186320833752,0.8973894976709896,0.013370865587614467,,
newyork,link+k25,3,7,20,8,0.9341621706153725,0.9495213520547792,0.015359181439406622,,
newyork,link+k25,3,7,20,-1,0.7669872546719837,,,3.0,6.0
newyork,link+k25,3,8,20,3,0.7669872546719837,0.7985433910838555,0.03155613641187183,,
newyork,link+k25,3,8,20,5,0.8840186320833752,0.8973894976709896,0.013370865587614467,,
newyork,link+k25,3,8,20,8,0.9341621706153725,0.9495213520547792,0.015359181439406622,,
newyork,link+k25,3,8,20,-1,0.8588072338952001,,,4.0,6.0
newyork,link+k25,3,9,20,3,0.7669872546719837,0.7985433910838555,0.03155613641187183,,
newyork,link+k25,3,9,20,5,0.8840186320833752,0.8973894976709896,0.013370865587614467,,
newyork,link+k25,3,9,20,8,0.9341621706153725,0.9495213520547792,0.015359181439406622,,
newyork,link+k25,3,9,20,-1,0.7669872546719837,,,3.0,6.0
newyork,link+k25d,3,0,20,3,0.7774873496196508,0.7985433910838555,0.0210560414642047,,
newyork,link+k25d,3,0,20,5,0.8840186320833752,0.8973894976709896,0.013370865587614467,,
newyork,link+k25d,3,0,20,8,0.9341621706153725,0.9495213520547792,0.015359181439406622,,
newyork,link+k25d,3,0,20,-1,0.8588072338952001,,,4.0,6.0
newyork,link+k50,3,0,20,3,0.7774873496196508,0.7985433910838555,0.0210560414642047,,
newyork,link+k50,3,0,20,5,0.8840186320833752,0.8973894976709896,0.013370865587614467,,
newyork,link+k50,3,0,20,8,0.9341621706153725,0.9495213520547792,0.015359181439406622,,
newyork,link+k50,3,0,20,-1,0.8588072338952001,,,4.0,6.0
newyork,link+k50,3,1,20,3,0.7669872546719837,0.7985433910838555,0.03155613641187183,,
newyork,link+k50,3,1,20,5,0.8840186320833752,0.8973894976709896,0.013370865587614467,,
newyork,link+k50,3,1,20,8,0.9341621706153725,0.9495213520547792,0.015359181439406622,,
newyork,link+k50,3,1,20,-1,0.8588072338952001,,,4.0,6.0
newyork,link+k50,3,2,20,3,0.7669872546719837,0.7985433910838555,0.03155613641187183,,
newyork,link+k50,3,2,20,5,0.8840186320833752,0.8973894976709896,0.013370865587614467,,
newyork,link+k50,3,2,20,8,0.9437016185784659,0.9495213520547792,0.00581973347631326,,
newyork,link+k50,3,2,20,-1,0.8588072338952001,,,4.0,6.0
newyork,link+k50,3,3,20,3,0.7774873496196508,0.7985433910838555,0.0210560414642047,,
newyork,link+k50,3,3,20,5,0.8840186320833752,0.8973894976709896,0.013370865587614467,,
newyork,link+k50,3,3,20,8,0.9341621706153725,0.9495213520547792,0.015359181439406622,,
newyork,link+k50,3,3,20,-1,0.8588072338952001,,,4.0,6.0
newyork,link+k50,3,4,20,3,0.7669872546719837,0.7985433910838555,0.03155613641187183,,
newyork,link+k50,3,4,20,5,0.8840186320833752,0.8973894976709896,0.013370865587614467,,
newyork,link+k50,3,4,20,8,0.9341621706153725,0.9495213520547792,0.015359181439406622,,
newyork,link+k50,3,4,20,-1,0.8588072338952001,,,4.0,6.0
newyork,link+k50,3,5,20,3,0.7669872546719837,0.7985433910838555,0.03155613641187183,,
newyork,link+k50,3,5,20,5,0.8840186320833752,0.8973894976709896,0.013370865587614467,,
newyork,link+k50,3,5,20,8,0.9341621706153725,0.9495213520547792,0.015359181439406622,,
newyork,link+k50,3,5,20,-1,0.8588072338952001,,,4.0,6.0
newyork,link+k50,3,6,20,3,0.7669872546719837,0.7985433910838555,0.03155613641187183,,
newyork,link+k50,3,6,20,5,0.8840186320833752,0.8973894976709896,0.013370865587614467,,
newyork,link+k50,3,6,20,8,0.9341621706153725,0.9495213520547792,0.015359181439406622,,
newyork,link+k50,3,6,20,-1,0.8588072338952001,,,4.0,6.0
newyork,link+k50,3,7,20,3,0.7669872546719837,0.7985433910838555,0.03155613641187183,,
newyork,link+k50,3,7,20,5,0.8840186320833752,0.8973894976709896,0.013370865587614467,,
newyork,link+k50,3,7,20,8,0.9341621706153725,0.9495213520547792,0.015359181439406622,,
newyork,link+k50,3,7,20,-1,0.8588072338952001,,,4.0,6.0
newyork,link+k50,3,8,20,3,0.7669872546719837,0.7985433910838555,0.03155613641187183,,
newyork,link+k50,3,8,20,5,0.8840186320833752,0.8973894976709896,0.013370865587614467,,
newyork,link+k50,3,8,20,8,0.9341621706153725,0.9495213520547792,0.015359181439406622,,
newyork,link+k50,3,8,20,-1,0.8588072338952001,,,4.0,6.0
newyork,link+k50,3,9,20,3,0.7669872546719837,0.7985433910838555,0.03155613641187183,,
newyork,link+k50,3,9,20,5,0.8840186320833752,0.8973894976709896,0.013370865587614467,,
newyork,link+k50,3,9,20,8,0.9341621706153725,0.9495213520547792,0.015359181439406622,,
newyork,link+k50,3,9,20,-1,0.8588072338952001,,,4.0,6.0
newyork,link+k50d,3,0,20,3,0.7774873496196508,0.7985433910838555,0.0210560414642047,,
newyork,link+k50d,3,0,20,5,0.8840186320833752,0.8973894976709896,0.013370865587614467,,
newyork,link+k50d,3,0,20,8,0.9341621706153725,0.9495213520547792,0.015359181439406622,,
newyork,link+k50d,3,0,20,-1,0.8588072338952001,,,4.0,6.0
newyork,link,4,0,20,3,0.7669872546719837,0.7985433910838555,0.03155613641187183,,
newyork,link,4,0,20,5,0.8919830658043184,0.8973894976709896,0.005406431866671224,,
newyork,link,4,0,20,8,0.9339275940261162,0.9495213520547792,0.015593758028662918,,
newyork,link,4,0,20,-1,0.8588072338952001,,,4.0,6.0
newyork,link,4,0,10,3,0.7669872546719837,0.7985433910838555,0.03155613641187183,,
newyork,link,4,0,10,5,0.8919830658043184,0.8973894976709896,0.005406431866671224,,
newyork,link,4,0,10,8,0.9296828747919529,0.932151514136032,0.0024686393440791488,,
newyork,link,4,0,10,-1,0.8588072338952001,,,4.0,6.0
newyork,link_reg,4,0,20,3,0.7609106039788658,0.7985433910838555,0.03763278710498974,,
newyork,link_reg,4,0,20,5,0.793594942081923,0.8973894976709896,0.10379455558906658,,
newyork,link_reg,4,0,20,8,0.793594942081923,0.9495213520547792,0.15592640997285612,,
newyork,link_reg,4,0,20,-1,0.4810942439373122,,,1.0,6.0
newyork,link_reg,4,0,10,3,0.7609106039788658,0.7985433910838555,0.03763278710498974,,
newyork,link_reg,4,0,10,5,0.793594942081923,0.8973894976709896,0.10379455558906658,,
newyork,link_reg,4,0,10,8,0.793594942081923,0.932151514136032,0.13855657205410898,,
newyork,link_reg,4,0,10,-1,0.4810942439373122,,,1.0,6.0
newyork,link+k10,4,0,20,3,0.7669872546719837,0.7985433910838555,0.03155613641187183,,
newyork,link+k10,4,0,20,5,0.8919830658043184,0.8973894976709896,0.005406431866671224,,
newyork,link+k10,4,0,20,8,0.9370329412553199,0.9495213520547792,0.012488410799459282,,
newyork,link+k10,4,0,20,-1,0.8588072338952001,,,4.0,6.0
newyork,link+k10,4,1,20,3,0.7669872546719837,0.7985433910838555,0.03155613641187183,,
newyork,link+k10,4,1,20,5,0.8919830658043184,0.8973894976709896,0.005406431866671224,,
newyork,link+k10,4,1,20,8,0.9320621516258392,0.9495213520547792,0.017459200428940003,,
newyork,link+k10,4,1,20,-1,0.8588072338952001,,,4.0,6.0
newyork,link+k10,4,2,20,3,0.7669872546719837,0.7985433910838555,0.03155613641187183,,
newyork,link+k10,4,2,20,5,0.8919830658043184,0.8973894976709896,0.005406431866671224,,
newyork,link+k10,4,2,20,8,0.9339275940261162,0.9495213520547792,0.015593758028662918,,
newyork,link+k10,4,2,20,-1,0.8588072338952001,,,4.0,6.0
newyork,link+k10,4,3,20,3,0.7774873496196508,0.7985433910838555,0.0210560414642047,,
newyork,link+k10,4,3,20,5,0.8840186320833752,0.8973894976709896,0.013370865587614467,,
newyork,link+k10,4,3,20,8,0.9209253487930475,0.9495213520547792,0.028596003261731617,,
newyork,link+k10,4,3,20,-1,0.8588072338952001,,,4.0,6.0
newyork,link+k10,4,4,20,3,0.7669872546719837,0.7985433910838555,0.03155613641187183,,
newyork,link+k10,4,4,20,5,0.8919830658043184,0.8973894976709896,0.005406431866671224,,
newyork,link+k10,4,4,20,8,0.9339275940261162,0.9495213520547792,0.015593758028662918,,
newyork,link+k10,4,4,20,-1,0.8588072338952001,,,4.0,6.0
newyork,link+k10,4,5,20,3,0.7669872546719837,0.7985433910838555,0.03155613641187183,,
newyork,link+k10,4,5,20,5,0.8919830658043184,0.8973894976709896,0.005406431866671224,,
newyork,link+k10,4,5,20,8,0.9370329412553199,0.9495213520547792,0.012488410799459282,,
newyork,link+k10,4,5,20,-1,0.8588072338952001,,,4.0,6.0
newyork,link+k10,4,6,20,3,0.7669872546719837,0.7985433910838555,0.03155613641187183,,
newyork,link+k10,4,6,20,5,0.8919830658043184,0.8973894976709896,0.005406431866671224,,
newyork,link+k10,4,6,20,8,0.9339275940261162,0.9495213520547792,0.015593758028662918,,
newyork,link+k10,4,6,20,-1,0.8588072338952001,,,4.0,6.0
newyork,link+k10,4,7,20,3,0.7669872546719837,0.7985433910838555,0.03155613641187183,,
newyork,link+k10,4,7,20,5,0.8919830658043184,0.8973894976709896,0.005406431866671224,,
newyork,link+k10,4,7,20,8,0.9339275940261162,0.9495213520547792,0.015593758028662918,,
newyork,link+k10,4,7,20,-1,0.8588072338952001,,,4.0,6.0
newyork,link+k10,4,8,20,3,0.7669872546719837,0.7985433910838555,0.03155613641187183,,
newyork,link+k10,4,8,20,5,0.8919830658043184,0.8973894976709896,0.005406431866671224,,
newyork,link+k10,4,8,20,8,0.9339275940261162,0.9495213520547792,0.015593758028662918,,
newyork,link+k10,4,8,20,-1,0.8588072338952001,,,4.0,6.0
newyork,link+k10,4,9,20,3,0.7669872546719837,0.7985433910838555,0.03155613641187183,,
newyork,link+k10,4,9,20,5,0.8919830658043184,0.8973894976709896,0.005406431866671224,,
newyork,link+k10,4,9,20,8,0.9339275940261162,0.9495213520547792,0.015593758028662918,,
newyork,link+k10,4,9,20,-1,0.8588072338952001,,,4.0,6.0
newyork,link+k10d,4,0,20,3,0.7774873496196508,0.7985433910838555,0.0210560414642047,,
newyork,link+k10d,4,0,20,5,0.8919830658043184,0.8973894976709896,0.005406431866671224,,
newyork,link+k10d,4,0,20,8,0.9339275940261162,0.9495213520547792,0.015593758028662918,,
newyork,link+k10d,4,0,20,-1,0.8588072338952001,,,4.0,6.0
newyork,link+k25,4,0,20,3,0.7669872546719837,0.7985433910838555,0.03155613641187183,,
newyork,link+k25,4,0,20,5,0.8919830658043184,0.8973894976709896,0.005406431866671224,,
newyork,link+k25,4,0,20,8,0.9339275940261162,0.9495213520547792,0.015593758028662918,,
newyork,link+k25,4,0,20,-1,0.8588072338952001,,,4.0,6.0
newyork,link+k25,4,1,20,3,0.7669872546719837,0.7985433910838555,0.03155613641187183,,
newyork,link+k25,4,1,20,5,0.8919830658043184,0.8973894976709896,0.005406431866671224,,
newyork,link+k25,4,1,20,8,0.9339275940261162,0.9495213520547792,0.015593758028662918,,
newyork,link+k25,4,1,20,-1,0.8588072338952001,,,4.0,6.0
newyork,link+k25,4,2,20,3,0.7669872546719837,0.7985433910838555,0.03155613641187183,,
newyork,link+k25,4,2,20,5,0.8919830658043184,0.8973894976709896,0.005406431866671224,,
newyork,link+k25,4,2,20,8,0.9339275940261162,0.9495213520547792,0.015593758028662918,,
newyork,link+k25,4,2,20,-1,0.8588072338952001,,,4.0,6.0
newyork,link+k25,4,3,20,3,0.7669872546719837,0.7985433910838555,0.03155613641187183,,
newyork,link+k25,4,3,20,5,0.8919830658043184,0.8973894976709896,0.005406431866671224,,
newyork,link+k25,4,3,20,8,0.9437016185784659,0.9495213520547792,0.00581973347631326,,
newyork,link+k25,4,3,20,-1,0.8588072338952001,,,4.0,6.0
newyork,link+k25,4,4,20,3,0.7669872546719837,0.7985433910838555,0.03155613641187183,,
newyork,link+k25,4,4,20,5,0.8919830658043184,0.8973894976709896,0.005406431866671224,,
newyork,link+k25,4,4,20,8,0.9339275940261162,0.9495213520547792,0.015593758028662918,,
newyork,link+k25,4,4,20,-1,0.8588072338952001,,,4.0,6.0
newyork,link+k25,4,5,20,3,0.7669872546719837,0.7985433910838555,0.03155613641187183,,
newyork,link+k25,4,5,20,5,0.8840186320833752,0.8973894976709896,0.013370865587614467,,
newyork,link+k25,4,5,20,8,0.9339275940261162,0.9495213520547792,0.015593758028662918,,
newyork,link+k25,4,5,20,-1,0.8588072338952001,,,4.0,6.0
newyork,link+k25,4,6,20,3,0.7669872546719837,0.7985433910838555,0.03155613641187183,,
newyork,link+k25,4,6,20,5,0.8919830658043184,0.8973894976709896,0.005406431866671224,,
newyork,link+k25,4,6,20,8,0.9339275940261162,0.9495213520547792,0.015593758028662918,,
newyork,link+k25,4,6,20,-1,0.8588072338952001,,,4.0,6.0
newyork,link+k25,4,7,20,3,0.7669872546719837,0.7985433910838555,0.03155613641187183,,
newyork,link+k25,4,7,20,5,0.8919830658043184,0.8973894976709896,0.005406431866671224,,
newyork,link+k25,4,7,20,8,0.9339275940261162,0.9495213520547792,0.015593758028662918,,
newyork,link+k25,4,7,20,-1,0.8588072338952001,,,4.0,6.0
newyork,link+k25,4,8,20,3,0.7669872546719837,0.7985433910838555,0.03155613641187183,,
newyork,link+k25,4,8,20,5,0.8919830658043184,0.8973894976709896,0.005406431866671224,,
newyork,link+k25,4,8,20,8,0.9339275940261162,0.9495213520547792,0.015593758028662918,,
newyork,link+k25,4,8,20,-1,0.8588072338952001,,,4.0,6.0
newyork,link+k25,4,9,20,3,0.7669872546719837,0.7985433910838555,0.03155613641187183,,
newyork,link+k25,4,9,20,5,0.8919830658043184,0.8973894976709896,0.005406431866671224,,
newyork,link+k25,4,9,20,8,0.9370329412553199,0.9495213520547792,0.012488410799459282,,
newyork,link+k25,4,9,20,-1,0.8588072338952001,,,4.0,6.0
newyork,link+k25d,4,0,20,3,0.7774873496196508,0.7985433910838555,0.0210560414642047,,
newyork,link+k25d,4,0,20,5,0.8919830658043184,0.8973894976709896,0.005406431866671224,,
newyork,link+k25d,4,0,20,8,0.9339275940261162,0.9495213520547792,0.015593758028662918,,
newyork,link+k25d,4,0,20,-1,0.8588072338952001,,,4.0,6.0
newyork,link+k50,4,0,20,3,0.7774873496196508,0.7985433910838555,0.0210560414642047,,
newyork,link+k50,4,0,20,5,0.8919830658043184,0.8973894976709896,0.005406431866671224,,
newyork,link+k50,4,0,20,8,0.9370329412553199,0.9495213520547792,0.012488410799459282,,
newyork,link+k50,4,0,20,-1,0.8588072338952001,,,4.0,6.0
newyork,link+k50,4,1,20,3,0.7669872546719837,0.7985433910838555,0.03155613641187183,,
newyork,link+k50,4,1,20,5,0.8840186320833752,0.8973894976709896,0.013370865587614467,,
newyork,link+k50,4,1,20,8,0.9370329412553199,0.9495213520547792,0.012488410799459282,,
newyork,link+k50,4,1,20,-1,0.8588072338952001,,,4.0,6.0
newyork,link+k50,4,2,20,3,0.7669872546719837,0.7985433910838555,0.03155613641187183,,
newyork,link+k50,4,2,20,5,0.8919830658043184,0.8973894976709896,0.005406431866671224,,
newyork,link+k50,4,2,20,8,0.9370329412553199,0.9495213520547792,0.012488410799459282,,
newyork,link+k50,4,2,20,-1,0.8588072338952001,,,4.0,6.0
newyork,link+k50,4,3,20,3,0.7774873496196508,0.7985433910838555,0.0210560414642047,,
newyork,link+k50,4,3,20,5,0.8919830658043184,0.8973894976709896,0.005406431866671224,,
newyork,link+k50,4,3,20,8,0.9339275940261162,0.9495213520547792,0.015593758028662918,,
newyork,link+k50,4,3,20,-1,0.8588072338952001,,,4.0,6.0
newyork,link+k50,4,4,20,3,0.7669872546719837,0.7985433910838555,0.03155613641187183,,
newyork,link+k50,4,4,20,5,0.8919830658043184,0.8973894976709896,0.005406431866671224,,
newyork,link+k50,4,4,20,8,0.9370329412553199,0.9495213520547792,0.012488410799459282,,
newyork,link+k50,4,4,20,-1,0.8588072338952001,,,4.0,6.0
newyork,link+k50,4,5,20,3,0.7669872546719837,0.7985433910838555,0.03155613641187183,,
newyork,link+k50,4,5,20,5,0.8840186320833752,0.8973894976709896,0.013370865587614467,,
newyork,link+k50,4,5,20,8,0.9339275940261162,0.9495213520547792,0.015593758028662918,,
newyork,link+k50,4,5,20,-1,0.8588072338952001,,,4.0,6.0
newyork,link+k50,4,6,20,3,0.7774873496196508,0.7985433910838555,0.0210560414642047,,
newyork,link+k50,4,6,20,5,0.8919830658043184,0.8973894976709896,0.005406431866671224,,
newyork,link+k50,4,6,20,8,0.9339275940261162,0.9495213520547792,0.015593758028662918,,
newyork,link+k50,4,6,20,-1,0.8588072338952001,,,4.0,6.0
newyork,link+k50,4,7,20,3,0.7669872546719837,0.7985433910838555,0.03155613641187183,,
newyork,link+k50,4,7,20,5,0.8919830658043184,0.8973894976709896,0.005406431866671224,,
newyork,link+k50,4,7,20,8,0.9437016185784659,0.9495213520547792,0.00581973347631326,,
newyork,link+k50,4,7,20,-1,0.8588072338952001,,,4.0,6.0
newyork,link+k50,4,8,20,3,0.7669872546719837,0.7985433910838555,0.03155613641187183,,
newyork,link+k50,4,8,20,5,0.8919830658043184,0.8973894976709896,0.005406431866671224,,
newyork,link+k50,4,8,20,8,0.9339275940261162,0.9495213520547792,0.015593758028662918,,
newyork,link+k50,4,8,20,-1,0.8588072338952001,,,4.0,6.0
newyork,link+k50,4,9,20,3,0.7774873496196508,0.7985433910838555,0.0210560414642047,,
newyork,link+k50,4,9,20,5,0.8741105637657361,0.8973894976709896,0.023278933905253485,,
newyork,link+k50,4,9,20,8,0.9180769187806486,0.9495213520547792,0.0314444332741306,,
newyork,link+k50,4,9,20,-1,0.8450454073254918,,,4.0,6.0
newyork,link+k50d,4,0,20,3,0.7774873496196508,0.7985433910838555,0.0210560414642047,,
newyork,link+k50d,4,0,20,5,0.8919830658043184,0.8973894976709896,0.005406431866671224,,
newyork,link+k50d,4,0,20,8,0.9339275940261162,0.9495213520547792,0.015593758028662918,,
newyork,link+k50d,4,0,20,-1,0.8588072338952001,,,4.0,6.0
paris,link,0,0,20,3,0.7435497135529195,0.7435497135529195,0.0,,
paris,link,0,0,20,5,0.8031251306784126,0.8062056564586498,0.003080525780237209,,
paris,link,0,0,20,8,0.8652095733262709,0.8652095733262709,0.0,,
paris,link,0,0,20,-1,0.8652095733262709,,,8.0,12.0
paris,link,0,0,10,3,0.7435497135529195,0.7435497135529195,0.0,,
paris,link,0,0,10,5,0.8031251306784126,0.804825692421349,0.001700561742936424,,
paris,link,0,0,10,8,0.8501554201920798,0.8506154082045134,0.00045998801243363197,,
paris,link,0,0,10,-1,0.8586721679374416,,,,
paris,link_reg,0,0,20,3,0.5999080023975133,0.7435497135529195,0.14364171115540625,,
paris,link_reg,0,0,20,5,0.7389080163365439,0.8062056564586498,0.06729764012210593,,
paris,link_reg,0,0,20,8,0.8179841373830864,0.8652095733262709,0.04722543594318451,,
paris,link_reg,0,0,20,-1,0.44479446899262626,,,1.0,12.0
paris,link_reg,0,0,10,3,0.6260297458914708,0.7435497135529195,0.11751996766144879,,
paris,link_reg,0,0,10,5,0.757349353925928,0.804825692421349,0.0474763384954211,,
paris,link_reg,0,0,10,8,0.8221797856177081,0.8506154082045134,0.02843562258680532,,
paris,link_reg,0,0,10,-1,0.44479446899262626,,,1.0,
paris,link+k10,0,0,20,3,0.7435497135529195,0.7435497135529195,0.0,,
paris,link+k10,0,0,20,5,0.8031251306784126,0.8062056564586498,0.003080525780237209,,
paris,link+k10,0,0,20,8,0.8652095733262709,0.8652095733262709,0.0,,
paris,link+k10,0,0,20,-1,0.8652095733262709,,,8.0,12.0
paris,link+k10,0,1,20,3,0.7435497135529195,0.7435497135529195,0.0,,
paris,link+k10,0,1,20,5,0.8031251306784126,0.8062056564586498,0.003080525780237209,,
paris,link+k10,0,1,20,8,0.8652095733262709,0.8652095733262709,0.0,,
paris,link+k10,0,1,20,-1,0.8652095733262709,,,8.0,12.0
paris,link+k10,0,2,20,3,0.7435497135529195,0.7435497135529195,0.0,,
paris,link+k10,0,2,20,5,0.8031251306784126,0.8062056564586498,0.003080525780237209,,
paris,link+k10,0,2,20,8,0.8652095733262709,0.8652095733262709,0.0,,
paris,link+k10,0,2,20,-1,0.8652095733262709,,,8.0,12.0
paris,link+k10,0,3,20,3,0.7435497135529195,0.7435497135529195,0.0,,
paris,link+k10,0,3,20,5,0.8031251306784126,0.8062056564586498,0.003080525780237209,,
paris,link+k10,0,3,20,8,0.8652095733262709,0.8652095733262709,0.0,,
paris,link+k10,0,3,20,-1,0.8652095733262709,,,8.0,12.0
paris,link+k10,0,4,20,3,0.7435497135529195,0.7435497135529195,0.0,,
paris,link+k10,0,4,20,5,0.8031251306784126,0.8062056564586498,0.003080525780237209,,
paris,link+k10,0,4,20,8,0.8652095733262709,0.8652095733262709,0.0,,
paris,link+k10,0,4,20,-1,0.8652095733262709,,,8.0,12.0
paris,link+k10,0,5,20,3,0.7435497135529195,0.7435497135529195,0.0,,
paris,link+k10,0,5,20,5,0.8031251306784126,0.8062056564586498,0.003080525780237209,,
paris,link+k10,0,5,20,8,0.8652095733262709,0.8652095733262709,0.0,,
paris,link+k10,0,5,20,-1,0.8652095733262709,,,8.0,12.0
paris,link+k10,0,6,20,3,0.7435497135529195,0.7435497135529195,0.0,,
paris,link+k10,0,6,20,5,0.8031251306784126,0.8062056564586498,0.003080525780237209,,
paris,link+k10,0,6,20,8,0.8652095733262709,0.8652095733262709,0.0,,
paris,link+k10,0,6,20,-1,0.8652095733262709,,,8.0,12.0
paris,link+k10,0,7,20,3,0.7435497135529195,0.7435497135529195,0.0,,
paris,link+k10,0,7,20,5,0.8031251306784126,0.8062056564586498,0.003080525780237209,,
paris,link+k10,0,7,20,8,0.8652095733262709,0.8652095733262709,0.0,,
paris,link+k10,0,7,20,-1,0.8652095733262709,,,8.0,12.0
paris,link+k10,0,8,20,3,0.7435497135529195,0.7435497135529195,0.0,,
paris,link+k10,0,8,20,5,0.8031251306784126,0.8062056564586498,0.003080525780237209,,
paris,link+k10,0,8,20,8,0.8652095733262709,0.8652095733262709,0.0,,
paris,link+k10,0,8,20,-1,0.8652095733262709,,,8.0,12.0
paris,link+k10,0,9,20,3,0.7435497135529195,0.7435497135529195,0.0,,
paris,link+k10,0,9,20,5,0.8031251306784126,0.8062056564586498,0.003080525780237209,,
paris,link+k10,0,9,20,8,0.8652095733262709,0.8652095733262709,0.0,,
paris,link+k10,0,9,20,-1,0.8652095733262709,,,8.0,12.0
paris,link+k10d,0,0,20,3,0.7435497135529195,0.7435497135529195,0.0,,
paris,link+k10d,0,0,20,5,0.8031251306784126,0.8062056564586498,0.003080525780237209,,
paris,link+k10d,0,0,20,8,0.8652095733262709,0.8652095733262709,0.0,,
paris,link+k10d,0,0,20,-1,0.8652095733262709,,,8.0,12.0
paris,link+k25,0,0,20,3,0.7435497135529195,0.7435497135529195,0.0,,
paris,link+k25,0,0,20,5,0.8031251306784126,0.8062056564586498,0.003080525780237209,,
paris,link+k25,0,0,20,8,0.8652095733262709,0.8652095733262709,0.0,,
paris,link+k25,0,0,20,-1,0.8652095733262709,,,8.0,12.0
paris,link+k25,0,1,20,3,0.7435497135529195,0.7435497135529195,0.0,,
paris,link+k25,0,1,20,5,0.8031251306784126,0.8062056564586498,0.003080525780237209,,
paris,link+k25,0,1,20,8,0.8652095733262709,0.8652095733262709,0.0,,
paris,link+k25,0,1,20,-1,0.8652095733262709,,,8.0,12.0
paris,link+k25,0,2,20,3,0.7435497135529195,0.7435497135529195,0.0,,
paris,link+k25,0,2,20,5,0.8031251306784126,0.8062056564586498,0.003080525780237209,,
paris,link+k25,0,2,20,8,0.8652095733262709,0.8652095733262709,0.0,,
paris,link+k25,0,2,20,-1,0.8652095733262709,,,8.0,12.0
paris,link+k25,0,3,20,3,0.7435497135529195,0.7435497135529195,0.0,,
paris,link+k25,0,3,20,5,0.8031251306784126,0.8062056564586498,0.003080525780237209,,
paris,link+k25,0,3,20,8,0.8652095733262709,0.8652095733262709,0.0,,
paris,link+k25,0,3,20,-1,0.8652095733262709,,,8.0,12.0
paris,link+k25,0,4,20,3,0.7435497135529195,0.7435497135529195,0.0,,
paris,link+k25,0,4,20,5,0.8031251306784126,0.8062056564586498,0.003080525780237209,,
paris,link+k25,0,4,20,8,0.8652095733262709,0.8652095733262709,0.0,,
paris,link+k25,0,4,20,-1,0.8652095733262709,,,8.0,12.0
paris,link+k25,0,5,20,3,0.7435497135529195,0.7435497135529195,0.0,,
paris,link+k25,0,5,20,5,0.8031251306784126,0.8062056564586498,0.003080525780237209,,
paris,link+k25,0,5,20,8,0.8652095733262709,0.8652095733262709,0.0,,
paris,link+k25,0,5,20,-1,0.8652095733262709,,,8.0,12.0
paris,link+k25,0,6,20,3,0.7435497135529195,0.7435497135529195,0.0,,
paris,link+k25,0,6,20,5,0.8031251306784126,0.8062056564586498,0.003080525780237209,,
paris,link+k25,0,6,20,8,0.8652095733262709,0.8652095733262709,0.0,,
paris,link+k25,0,6,20,-1,0.8652095733262709,,,8.0,12.0
paris,link+k25,0,7,20,3,0.7435497135529195,0.7435497135529195,0.0,,
paris,link+k25,0,7,20,5,0.8031251306784126,0.8062056564586498,0.003080525780237209,,
paris,link+k25,0,7,20,8,0.8652095733262709,0.8652095733262709,0.0,,
paris,link+k25,0,7,20,-1,0.8652095733262709,,,8.0,12.0
paris,link+k25,0,8,20,3,0.7435497135529195,0.7435497135529195,0.0,,
paris,link+k25,0,8,20,5,0.8031251306784126,0.8062056564586498,0.003080525780237209,,
paris,link+k25,0,8,20,8,0.8652095733262709,0.8652095733262709,0.0,,
paris,link+k25,0,8,20,-1,0.8652095733262709,,,8.0,12.0
paris,link+k25,0,9,20,3,0.7435497135529195,0.7435497135529195,0.0,,
paris,link+k25,0,9,20,5,0.8031251306784126,0.8062056564586498,0.003080525780237209,,
paris,link+k25,0,9,20,8,0.8652095733262709,0.8652095733262709,0.0,,
paris,link+k25,0,9,20,-1,0.8652095733262709,,,8.0,12.0
paris,link+k25d,0,0,20,3,0.7435497135529195,0.7435497135529195,0.0,,
paris,link+k25d,0,0,20,5,0.8031251306784126,0.8062056564586498,0.003080525780237209,,
paris,link+k25d,0,0,20,8,0.8652095733262709,0.8652095733262709,0.0,,
paris,link+k25d,0,0,20,-1,0.8652095733262709,,,8.0,12.0
paris,link+k50,0,0,20,3,0.7435497135529195,0.7435497135529195,0.0,,
paris,link+k50,0,0,20,5,0.8031251306784126,0.8062056564586498,0.003080525780237209,,
paris,link+k50,0,0,20,8,0.8652095733262709,0.8652095733262709,0.0,,
paris,link+k50,0,0,20,-1,0.8652095733262709,,,8.0,12.0
paris,link+k50,0,1,20,3,0.7435497135529195,0.7435497135529195,0.0,,
paris,link+k50,0,1,20,5,0.8031251306784126,0.8062056564586498,0.003080525780237209,,
paris,link+k50,0,1,20,8,0.8652095733262709,0.8652095733262709,0.0,,
paris,link+k50,0,1,20,-1,0.8652095733262709,,,8.0,12.0
paris,link+k50,0,2,20,3,0.7435497135529195,0.7435497135529195,0.0,,
paris,link+k50,0,2,20,5,0.8031251306784126,0.8062056564586498,0.003080525780237209,,
paris,link+k50,0,2,20,8,0.8652095733262709,0.8652095733262709,0.0,,
paris,link+k50,0,2,20,-1,0.8652095733262709,,,8.0,12.0
paris,link+k50,0,3,20,3,0.7435497135529195,0.7435497135529195,0.0,,
paris,link+k50,0,3,20,5,0.8031251306784126,0.8062056564586498,0.003080525780237209,,
paris,link+k50,0,3,20,8,0.8652095733262709,0.8652095733262709,0.0,,
paris,link+k50,0,3,20,-1,0.8652095733262709,,,8.0,12.0
paris,link+k50,0,4,20,3,0.7435497135529195,0.7435497135529195,0.0,,
paris,link+k50,0,4,20,5,0.8031251306784126,0.8062056564586498,0.003080525780237209,,
paris,link+k50,0,4,20,8,0.8652095733262709,0.8652095733262709,0.0,,
paris,link+k50,0,4,20,-1,0.8652095733262709,,,8.0,12.0
paris,link+k50,0,5,20,3,0.7435497135529195,0.7435497135529195,0.0,,
paris,link+k50,0,5,20,5,0.8031251306784126,0.8062056564586498,0.003080525780237209,,
paris,link+k50,0,5,20,8,0.8652095733262709,0.8652095733262709,0.0,,
paris,link+k50,0,5,20,-1,0.8652095733262709,,,8.0,12.0
paris,link+k50,0,6,20,3,0.7435497135529195,0.7435497135529195,0.0,,
paris,link+k50,0,6,20,5,0.8031251306784126,0.8062056564586498,0.003080525780237209,,
paris,link+k50,0,6,20,8,0.8652095733262709,0.8652095733262709,0.0,,
paris,link+k50,0,6,20,-1,0.8652095733262709,,,8.0,12.0
paris,link+k50,0,7,20,3,0.7435497135529195,0.7435497135529195,0.0,,
paris,link+k50,0,7,20,5,0.8031251306784126,0.8062056564586498,0.003080525780237209,,
paris,link+k50,0,7,20,8,0.8652095733262709,0.8652095733262709,0.0,,
paris,link+k50,0,7,20,-1,0.8652095733262709,,,8.0,12.0
paris,link+k50,0,8,20,3,0.7435497135529195,0.7435497135529195,0.0,,
paris,link+k50,0,8,20,5,0.8031251306784126,0.8062056564586498,0.003080525780237209,,
paris,link+k50,0,8,20,8,0.8652095733262709,0.8652095733262709,0.0,,
paris,link+k50,0,8,20,-1,0.8652095733262709,,,8.0,12.0
paris,link+k50,0,9,20,3,0.7435497135529195,0.7435497135529195,0.0,,
paris,link+k50,0,9,20,5,0.8031251306784126,0.8062056564586498,0.003080525780237209,,
paris,link+k50,0,9,20,8,0.8652095733262709,0.8652095733262709,0.0,,
paris,link+k50,0,9,20,-1,0.8652095733262709,,,8.0,12.0
paris,link+k50d,0,0,20,3,0.7435497135529195,0.7435497135529195,0.0,,
paris,link+k50d,0,0,20,5,0.8031251306784126,0.8062056564586498,0.003080525780237209,,
paris,link+k50d,0,0,20,8,0.8652095733262709,0.8652095733262709,0.0,,
paris,link+k50d,0,0,20,-1,0.8652095733262709,,,8.0,12.0
paris,link,1,0,20,3,0.7435497135529195,0.7435497135529195,0.0,,
paris,link,1,0,20,5,0.8031251306784126,0.8062056564586498,0.003080525780237209,,
paris,link,1,0,20,8,0.8652095733262709,0.8652095733262709,0.0,,
paris,link,1,0,20,-1,0.8652095733262709,,,8.0,12.0
paris,link,1,0,10,3,0.7435497135529195,0.7435497135529195,0.0,,
paris,link,1,0,10,5,0.8031251306784126,0.804825692421349,0.001700561742936424,,
paris,link,1,0,10,8,0.8501554201920798,0.8506154082045134,0.00045998801243363197,,
paris,link,1,0,10,-1,0.8586721679374416,,,,
paris,link_reg,1,0,20,3,0.6947631061735967,0.7435497135529195,0.04878660737932283,,
paris,link_reg,1,0,20,5,0.804825692421349,0.8062056564586498,0.0013799640373007849,,
paris,link_reg,1,0,20,8,0.8221797856177081,0.8652095733262709,0.043029787708562806,,
paris,link_reg,1,0,20,-1,0.5322897645697718,,,1.0,12.0
paris,link_reg,1,0,10,3,0.6947631061735967,0.7435497135529195,0.04878660737932283,,
paris,link_reg,1,0,10,5,0.804825692421349,0.804825692421349,0.0,,
paris,link_reg,1,0,10,8,0.8221797856177081,0.8506154082045134,0.02843562258680532,,
paris,link_reg,1,0,10,-1,0.5322897645697718,,,1.0,
paris,link+k10,1,0,20,3,0.7435497135529195,0.7435497135529195,0.0,,
paris,link+k10,1,0,20,5,0.8031251306784126,0.8062056564586498,0.003080525780237209,,
paris,link+k10,1,0,20,8,0.8652095733262709,0.8652095733262709,0.0,,
paris,link+k10,1,0,20,-1,0.8652095733262709,,,8.0,12.0
paris,link+k10,1,1,20,3,0.7435497135529195,0.7435497135529195,0.0,,
paris,link+k10,1,1,20,5,0.8031251306784126,0.8062056564586498,0.003080525780237209,,
paris,link+k10,1,1,20,8,0.8652095733262709,0.8652095733262709,0.0,,
paris,link+k10,1,1,20,-1,0.8652095733262709,,,8.0,12.0
paris,link+k10,1,2,20,3,0.7435497135529195,0.7435497135529195,0.0,,
paris,link+k10,1,2,20,5,0.8031251306784126,0.8062056564586498,0.003080525780237209,,
paris,link+k10,1,2,20,8,0.8652095733262709,0.8652095733262709,0.0,,
paris,link+k10,1,2,20,-1,0.8652095733262709,,,8.0,12.0
paris,link+k10,1,3,20,3,0.7435497135529195,0.7435497135529195,0.0,,
paris,link+k10,1,3,20,5,0.8031251306784126,0.8062056564586498,0.003080525780237209,,
paris,link+k10,1,3,20,8,0.8652095733262709,0.8652095733262709,0.0,,
paris,link+k10,1,3,20,-1,0.8652095733262709,,,8.0,12.0
paris,link+k10,1,4,20,3,0.7435497135529195,0.7435497135529195,0.0,,
paris,link+k10,1,4,20,5,0.8031251306784126,0.8062056564586498,0.003080525780237209,,
paris,link+k10,1,4,20,8,0.8652095733262709,0.8652095733262709,0.0,,
paris,link+k10,1,4,20,-1,0.8652095733262709,,,8.0,12.0
paris,link+k10,1,5,20,3,0.7435497135529195,0.7435497135529195,0.0,,
paris,link+k10,1,5,20,5,0.8031251306784126,0.8062056564586498,0.003080525780237209,,
paris,link+k10,1,5,20,8,0.8652095733262709,0.8652095733262709,0.0,,
paris,link+k10,1,5,20,-1,0.8652095733262709,,,8.0,12.0
paris,link+k10,1,6,20,3,0.7435497135529195,0.7435497135529195,0.0,,
paris,link+k10,1,6,20,5,0.8031251306784126,0.8062056564586498,0.003080525780237209,,
paris,link+k10,1,6,20,8,0.8652095733262709,0.8652095733262709,0.0,,
paris,link+k10,1,6,20,-1,0.8652095733262709,,,8.0,12.0
paris,link+k10,1,7,20,3,0.7435497135529195,0.7435497135529195,0.0,,
paris,link+k10,1,7,20,5,0.8031251306784126,0.8062056564586498,0.003080525780237209,,
paris,link+k10,1,7,20,8,0.8652095733262709,0.8652095733262709,0.0,,
paris,link+k10,1,7,20,-1,0.8652095733262709,,,8.0,12.0
paris,link+k10,1,8,20,3,0.7435497135529195,0.7435497135529195,0.0,,
paris,link+k10,1,8,20,5,0.8031251306784126,0.8062056564586498,0.003080525780237209,,
paris,link+k10,1,8,20,8,0.8652095733262709,0.8652095733262709,0.0,,
paris,link+k10,1,8,20,-1,0.8652095733262709,,,8.0,12.0
paris,link+k10,1,9,20,3,0.7435497135529195,0.7435497135529195,0.0,,
paris,link+k10,1,9,20,5,0.8031251306784126,0.8062056564586498,0.003080525780237209,,
paris,link+k10,1,9,20,8,0.8652095733262709,0.8652095733262709,0.0,,
paris,link+k10,1,9,20,-1,0.8652095733262709,,,8.0,12.0
paris,link+k10d,1,0,20,3,0.7435497135529195,0.7435497135529195,0.0,,
paris,link+k10d,1,0,20,5,0.8031251306784126,0.8062056564586498,0.003080525780237209,,
paris,link+k10d,1,0,20,8,0.8652095733262709,0.8652095733262709,0.0,,
paris,link+k10d,1,0,20,-1,0.8652095733262709,,,8.0,12.0
paris,link+k25,1,0,20,3,0.7435497135529195,0.7435497135529195,0.0,,
paris,link+k25,1,0,20,5,0.8031251306784126,0.8062056564586498,0.003080525780237209,,
paris,link+k25,1,0,20,8,0.8652095733262709,0.8652095733262709,0.0,,
paris,link+k25,1,0,20,-1,0.8652095733262709,,,8.0,12.0
paris,link+k25,1,1,20,3,0.7435497135529195,0.7435497135529195,0.0,,
paris,link+k25,1,1,20,5,0.8031251306784126,0.8062056564586498,0.003080525780237209,,
paris,link+k25,1,1,20,8,0.8652095733262709,0.8652095733262709,0.0,,
paris,link+k25,1,1,20,-1,0.8652095733262709,,,8.0,12.0
paris,link+k25,1,2,20,3,0.7435497135529195,0.7435497135529195,0.0,,
paris,link+k25,1,2,20,5,0.8031251306784126,0.8062056564586498,0.003080525780237209,,
paris,link+k25,1,2,20,8,0.8652095733262709,0.8652095733262709,0.0,,
paris,link+k25,1,2,20,-1,0.8652095733262709,,,8.0,12.0
paris,link+k25,1,3,20,3,0.7435497135529195,0.7435497135529195,0.0,,
paris,link+k25,1,3,20,5,0.8031251306784126,0.8062056564586498,0.003080525780237209,,
paris,link+k25,1,3,20,8,0.8652095733262709,0.8652095733262709,0.0,,
paris,link+k25,1,3,20,-1,0.8652095733262709,,,8.0,12.0
paris,link+k25,1,4,20,3,0.7435497135529195,0.7435497135529195,0.0,,
paris,link+k25,1,4,20,5,0.8031251306784126,0.8062056564586498,0.003080525780237209,,
paris,link+k25,1,4,20,8,0.8652095733262709,0.8652095733262709,0.0,,
paris,link+k25,1,4,20,-1,0.8652095733262709,,,8.0,12.0
paris,link+k25,1,5,20,3,0.7435497135529195,0.7435497135529195,0.0,,
paris,link+k25,1,5,20,5,0.8031251306784126,0.8062056564586498,0.003080525780237209,,
paris,link+k25,1,5,20,8,0.8652095733262709,0.8652095733262709,0.0,,
paris,link+k25,1,5,20,-1,0.8652095733262709,,,8.0,12.0
paris,link+k25,1,6,20,3,0.7435497135529195,0.7435497135529195,0.0,,
paris,link+k25,1,6,20,5,0.8031251306784126,0.8062056564586498,0.003080525780237209,,
paris,link+k25,1,6,20,8,0.8652095733262709,0.8652095733262709,0.0,,
paris,link+k25,1,6,20,-1,0.8652095733262709,,,8.0,12.0
paris,link+k25,1,7,20,3,0.7435497135529195,0.7435497135529195,0.0,,
paris,link+k25,1,7,20,5,0.8031251306784126,0.8062056564586498,0.003080525780237209,,
paris,link+k25,1,7,20,8,0.8652095733262709,0.8652095733262709,0.0,,
paris,link+k25,1,7,20,-1,0.8652095733262709,,,8.0,12.0
paris,link+k25,1,8,20,3,0.7435497135529195,0.7435497135529195,0.0,,
paris,link+k25,1,8,20,5,0.8031251306784126,0.8062056564586498,0.003080525780237209,,
paris,link+k25,1,8,20,8,0.8652095733262709,0.8652095733262709,0.0,,
paris,link+k25,1,8,20,-1,0.8652095733262709,,,8.0,12.0
paris,link+k25,1,9,20,3,0.7435497135529195,0.7435497135529195,0.0,,
paris,link+k25,1,9,20,5,0.8031251306784126,0.8062056564586498,0.003080525780237209,,
paris,link+k25,1,9,20,8,0.8652095733262709,0.8652095733262709,0.0,,
paris,link+k25,1,9,20,-1,0.8652095733262709,,,8.0,12.0
paris,link+k25d,1,0,20,3,0.7435497135529195,0.7435497135529195,0.0,,
paris,link+k25d,1,0,20,5,0.8031251306784126,0.8062056564586498,0.003080525780237209,,
paris,link+k25d,1,0,20,8,0.8652095733262709,0.8652095733262709,0.0,,
paris,link+k25d,1,0,20,-1,0.8652095733262709,,,8.0,12.0
paris,link+k50,1,0,20,3,0.7435497135529195,0.7435497135529195,0.0,,
paris,link+k50,1,0,20,5,0.8031251306784126,0.8062056564586498,0.003080525780237209,,
paris,link+k50,1,0,20,8,0.8652095733262709,0.8652095733262709,0.0,,
paris,link+k50,1,0,20,-1,0.8652095733262709,,,8.0,12.0
paris,link+k50,1,1,20,3,0.7435497135529195,0.7435497135529195,0.0,,
paris,link+k50,1,1,20,5,0.8031251306784126,0.8062056564586498,0.003080525780237209,,
paris,link+k50,1,1,20,8,0.8652095733262709,0.8652095733262709,0.0,,
paris,link+k50,1,1,20,-1,0.8652095733262709,,,8.0,12.0
paris,link+k50,1,2,20,3,0.7435497135529195,0.7435497135529195,0.0,,
paris,link+k50,1,2,20,5,0.8031251306784126,0.8062056564586498,0.003080525780237209,,
paris,link+k50,1,2,20,8,0.8652095733262709,0.8652095733262709,0.0,,
paris,link+k50,1,2,20,-1,0.8652095733262709,,,8.0,12.0
paris,link+k50,1,3,20,3,0.7435497135529195,0.7435497135529195,0.0,,
paris,link+k50,1,3,20,5,0.8031251306784126,0.8062056564586498,0.003080525780237209,,
paris,link+k50,1,3,20,8,0.8652095733262709,0.8652095733262709,0.0,,
paris,link+k50,1,3,20,-1,0.8652095733262709,,,8.0,12.0
paris,link+k50,1,4,20,3,0.7435497135529195,0.7435497135529195,0.0,,
paris,link+k50,1,4,20,5,0.8031251306784126,0.8062056564586498,0.003080525780237209,,
paris,link+k50,1,4,20,8,0.8652095733262709,0.8652095733262709,0.0,,
paris,link+k50,1,4,20,-1,0.8652095733262709,,,8.0,12.0
paris,link+k50,1,5,20,3,0.7435497135529195,0.7435497135529195,0.0,,
paris,link+k50,1,5,20,5,0.8031251306784126,0.8062056564586498,0.003080525780237209,,
paris,link+k50,1,5,20,8,0.8652095733262709,0.8652095733262709,0.0,,
paris,link+k50,1,5,20,-1,0.8652095733262709,,,8.0,12.0
paris,link+k50,1,6,20,3,0.7435497135529195,0.7435497135529195,0.0,,
paris,link+k50,1,6,20,5,0.8031251306784126,0.8062056564586498,0.003080525780237209,,
paris,link+k50,1,6,20,8,0.8652095733262709,0.8652095733262709,0.0,,
paris,link+k50,1,6,20,-1,0.8652095733262709,,,8.0,12.0
paris,link+k50,1,7,20,3,0.7435497135529195,0.7435497135529195,0.0,,
paris,link+k50,1,7,20,5,0.8031251306784126,0.8062056564586498,0.003080525780237209,,
paris,link+k50,1,7,20,8,0.8652095733262709,0.8652095733262709,0.0,,
paris,link+k50,1,7,20,-1,0.8652095733262709,,,8.0,12.0
paris,link+k50,1,8,20,3,0.7435497135529195,0.7435497135529195,0.0,,
paris,link+k50,1,8,20,5,0.8031251306784126,0.8062056564586498,0.003080525780237209,,
paris,link+k50,1,8,20,8,0.8652095733262709,0.8652095733262709,0.0,,
paris,link+k50,1,8,20,-1,0.8652095733262709,,,8.0,12.0
paris,link+k50,1,9,20,3,0.7435497135529195,0.7435497135529195,0.0,,
paris,link+k50,1,9,20,5,0.8031251306784126,0.8062056564586498,0.003080525780237209,,
paris,link+k50,1,9,20,8,0.8652095733262709,0.8652095733262709,0.0,,
paris,link+k50,1,9,20,-1,0.8652095733262709,,,8.0,12.0
paris,link+k50d,1,0,20,3,0.7435497135529195,0.7435497135529195,0.0,,
paris,link+k50d,1,0,20,5,0.8031251306784126,0.8062056564586498,0.003080525780237209,,
paris,link+k50d,1,0,20,8,0.8652095733262709,0.8652095733262709,0.0,,
paris,link+k50d,1,0,20,-1,0.8652095733262709,,,8.0,12.0
paris,link,2,0,20,3,0.7435497135529195,0.7435497135529195,0.0,,
paris,link,2,0,20,5,0.8031251306784126,0.8062056564586498,0.003080525780237209,,
paris,link,2,0,20,8,0.8652095733262709,0.8652095733262709,0.0,,
paris,link,2,0,20,-1,0.8652095733262709,,,8.0,12.0
paris,link,2,0,10,3,0.7435497135529195,0.7435497135529195,0.0,,
paris,link,2,0,10,5,0.8031251306784126,0.804825692421349,0.001700561742936424,,
paris,link,2,0,10,8,0.8501554201920798,0.8506154082045134,0.00045998801243363197,,
paris,link,2,0,10,-1,0.8586721679374416,,,,
paris,link_reg,2,0,20,3,0.6260297458914708,0.7435497135529195,0.11751996766144879,,
paris,link_reg,2,0,20,5,0.7996682510698206,0.8062056564586498,0.006537405388829187,,
paris,link_reg,2,0,20,8,0.7996682510698206,0.8652095733262709,0.06554132225645026,,
paris,link_reg,2,0,20,-1,0.44479446899262626,,,1.0,12.0
paris,link_reg,2,0,10,3,0.6260297458914708,0.7435497135529195,0.11751996766144879,,
paris,link_reg,2,0,10,5,0.7996682510698206,0.804825692421349,0.005157441351528402,,
paris,link_reg,2,0,10,8,0.7996682510698206,0.8506154082045134,0.05094715713469278,,
paris,link_reg,2,0,10,-1,0.44479446899262626,,,1.0,
paris,link+k10,2,0,20,3,0.7435497135529195,0.7435497135529195,0.0,,
paris,link+k10,2,0,20,5,0.8031251306784126,0.8062056564586498,0.003080525780237209,,
paris,link+k10,2,0,20,8,0.8652095733262709,0.8652095733262709,0.0,,
paris,link+k10,2,0,20,-1,0.8652095733262709,,,8.0,12.0
paris,link+k10,2,1,20,3,0.7435497135529195,0.7435497135529195,0.0,,
paris,link+k10,2,1,20,5,0.8031251306784126,0.8062056564586498,0.003080525780237209,,
paris,link+k10,2,1,20,8,0.8652095733262709,0.8652095733262709,0.0,,
paris,link+k10,2,1,20,-1,0.8652095733262709,,,8.0,12.0
paris,link+k10,2,2,20,3,0.7435497135529195,0.7435497135529195,0.0,,
paris,link+k10,2,2,20,5,0.8031251306784126,0.8062056564586498,0.003080525780237209,,
paris,link+k10,2,2,20,8,0.8652095733262709,0.8652095733262709,0.0,,
paris,link+k10,2,2,20,-1,0.8652095733262709,,,8.0,12.0
paris,link+k10,2,3,20,3,0.7435497135529195,0.7435497135529195,0.0,,
paris,link+k10,2,3,20,5,0.8031251306784126,0.8062056564586498,0.003080525780237209,,
paris,link+k10,2,3,20,8,0.8652095733262709,0.8652095733262709,0.0,,
paris,link+k10,2,3,20,-1,0.8652095733262709,,,8.0,12.0
paris,link+k10,2,4,20,3,0.7435497135529195,0.7435497135529195,0.0,,
paris,link+k10,2,4,20,5,0.8031251306784126,0.8062056564586498,0.003080525780237209,,
paris,link+k10,2,4,20,8,0.8652095733262709,0.8652095733262709,0.0,,
paris,link+k10,2,4,20,-1,0.8652095733262709,,,8.0,12.0
paris,link+k10,2,5,20,3,0.7435497135529195,0.7435497135529195,0.0,,
paris,link+k10,2,5,20,5,0.8031251306784126,0.8062056564586498,0.003080525780237209,,
paris,link+k10,2,5,20,8,0.8652095733262709,0.8652095733262709,0.0,,
paris,link+k10,2,5,20,-1,0.8652095733262709,,,8.0,12.0
paris,link+k10,2,6,20,3,0.7435497135529195,0.7435497135529195,0.0,,
paris,link+k10,2,6,20,5,0.8031251306784126,0.8062056564586498,0.003080525780237209,,
paris,link+k10,2,6,20,8,0.8652095733262709,0.8652095733262709,0.0,,
paris,link+k10,2,6,20,-1,0.8652095733262709,,,8.0,12.0
paris,link+k10,2,7,20,3,0.7435497135529195,0.7435497135529195,0.0,,
paris,link+k10,2,7,20,5,0.8031251306784126,0.8062056564586498,0.003080525780237209,,
paris,link+k10,2,7,20,8,0.8652095733262709,0.8652095733262709,0.0,,
paris,link+k10,2,7,20,-1,0.8652095733262709,,,8.0,12.0
paris,link+k10,2,8,20,3,0.7435497135529195,0.7435497135529195,0.0,,
paris,link+k10,2,8,20,5,0.8031251306784126,0.8062056564586498,0.003080525780237209,,
paris,link+k10,2,8,20,8,0.8652095733262709,0.8652095733262709,0.0,,
paris,link+k10,2,8,20,-1,0.8652095733262709,,,8.0,12.0
paris,link+k10,2,9,20,3,0.7435497135529195,0.7435497135529195,0.0,,
paris,link+k10,2,9,20,5,0.8031251306784126,0.8062056564586498,0.003080525780237209,,
paris,link+k10,2,9,20,8,0.8652095733262709,0.8652095733262709,0.0,,
paris,link+k10,2,9,20,-1,0.8652095733262709,,,8.0,12.0
paris,link+k10d,2,0,20,3,0.7435497135529195,0.7435497135529195,0.0,,
paris,link+k10d,2,0,20,5,0.8031251306784126,0.8062056564586498,0.003080525780237209,,
paris,link+k10d,2,0,20,8,0.8652095733262709,0.8652095733262709,0.0,,
paris,link+k10d,2,0,20,-1,0.8652095733262709,,,8.0,12.0
paris,link+k25,2,0,20,3,0.7435497135529195,0.7435497135529195,0.0,,
paris,link+k25,2,0,20,5,0.8031251306784126,0.8062056564586498,0.003080525780237209,,
paris,link+k25,2,0,20,8,0.8652095733262709,0.8652095733262709,0.0,,
paris,link+k25,2,0,20,-1,0.8652095733262709,,,8.0,12.0
paris,link+k25,2,1,20,3,0.7435497135529195,0.7435497135529195,0.0,,
paris,link+k25,2,1,20,5,0.8031251306784126,0.8062056564586498,0.003080525780237209,,
paris,link+k25,2,1,20,8,0.8652095733262709,0.8652095733262709,0.0,,
paris,link+k25,2,1,20,-1,0.8652095733262709,,,8.0,12.0
paris,link+k25,2,2,20,3,0.7435497135529195,0.7435497135529195,0.0,,
paris,link+k25,2,2,20,5,0.8031251306784126,0.8062056564586498,0.003080525780237209,,
paris,link+k25,2,2,20,8,0.8652095733262709,0.8652095733262709,0.0,,
paris,link+k25,2,2,20,-1,0.8652095733262709,,,8.0,12.0
paris,link+k25,2,3,20,3,0.7435497135529195,0.7435497135529195,0.0,,
paris,link+k25,2,3,20,5,0.8031251306784126,0.8062056564586498,0.003080525780237209,,
paris,link+k25,2,3,20,8,0.8652095733262709,0.8652095733262709,0.0,,
paris,link+k25,2,3,20,-1,0.8652095733262709,,,8.0,12.0
paris,link+k25,2,4,20,3,0.7435497135529195,0.7435497135529195,0.0,,
paris,link+k25,2,4,20,5,0.8031251306784126,0.8062056564586498,0.003080525780237209,,
paris,link+k25,2,4,20,8,0.8652095733262709,0.8652095733262709,0.0,,
paris,link+k25,2,4,20,-1,0.8652095733262709,,,8.0,12.0
paris,link+k25,2,5,20,3,0.7435497135529195,0.7435497135529195,0.0,,
paris,link+k25,2,5,20,5,0.8031251306784126,0.8062056564586498,0.003080525780237209,,
paris,link+k25,2,5,20,8,0.8652095733262709,0.8652095733262709,0.0,,
paris,link+k25,2,5,20,-1,0.8652095733262709,,,8.0,12.0
paris,link+k25,2,6,20,3,0.7435497135529195,0.7435497135529195,0.0,,
paris,link+k25,2,6,20,5,0.8031251306784126,0.8062056564586498,0.003080525780237209,,
paris,link+k25,2,6,20,8,0.8652095733262709,0.8652095733262709,0.0,,
paris,link+k25,2,6,20,-1,0.8652095733262709,,,8.0,12.0
paris,link+k25,2,7,20,3,0.7435497135529195,0.7435497135529195,0.0,,
paris,link+k25,2,7,20,5,0.8031251306784126,0.8062056564586498,0.003080525780237209,,
paris,link+k25,2,7,20,8,0.8652095733262709,0.8652095733262709,0.0,,
paris,link+k25,2,7,20,-1,0.8652095733262709,,,8.0,12.0
paris,link+k25,2,8,20,3,0.7435497135529195,0.7435497135529195,0.0,,
paris,link+k25,2,8,20,5,0.8031251306784126,0.8062056564586498,0.003080525780237209,,
paris,link+k25,2,8,20,8,0.8652095733262709,0.8652095733262709,0.0,,
paris,link+k25,2,8,20,-1,0.8652095733262709,,,8.0,12.0
paris,link+k25,2,9,20,3,0.7435497135529195,0.7435497135529195,0.0,,
paris,link+k25,2,9,20,5,0.8031251306784126,0.8062056564586498,0.003080525780237209,,
paris,link+k25,2,9,20,8,0.8652095733262709,0.8652095733262709,0.0,,
paris,link+k25,2,9,20,-1,0.8652095733262709,,,8.0,12.0
paris,link+k25d,2,0,20,3,0.7435497135529195,0.7435497135529195,0.0,,
paris,link+k25d,2,0,20,5,0.8031251306784126,0.8062056564586498,0.003080525780237209,,
paris,link+k25d,2,0,20,8,0.8652095733262709,0.8652095733262709,0.0,,
paris,link+k25d,2,0,20,-1,0.8652095733262709,,,8.0,12.0
paris,link+k50,2,0,20,3,0.7435497135529195,0.7435497135529195,0.0,,
paris,link+k50,2,0,20,5,0.8031251306784126,0.8062056564586498,0.003080525780237209,,
paris,link+k50,2,0,20,8,0.8652095733262709,0.8652095733262709,0.0,,
paris,link+k50,2,0,20,-1,0.8652095733262709,,,8.0,12.0
paris,link+k50,2,1,20,3,0.7435497135529195,0.7435497135529195,0.0,,
paris,link+k50,2,1,20,5,0.8031251306784126,0.8062056564586498,0.003080525780237209,,
paris,link+k50,2,1,20,8,0.8652095733262709,0.8652095733262709,0.0,,
paris,link+k50,2,1,20,-1,0.8652095733262709,,,8.0,12.0
paris,link+k50,2,2,20,3,0.7435497135529195,0.7435497135529195,0.0,,
paris,link+k50,2,2,20,5,0.8031251306784126,0.8062056564586498,0.003080525780237209,,
paris,link+k50,2,2,20,8,0.8652095733262709,0.8652095733262709,0.0,,
paris,link+k50,2,2,20,-1,0.8652095733262709,,,8.0,12.0
paris,link+k50,2,3,20,3,0.7435497135529195,0.7435497135529195,0.0,,
paris,link+k50,2,3,20,5,0.8031251306784126,0.8062056564586498,0.003080525780237209,,
paris,link+k50,2,3,20,8,0.8652095733262709,0.8652095733262709,0.0,,
paris,link+k50,2,3,20,-1,0.8652095733262709,,,8.0,12.0
paris,link+k50,2,4,20,3,0.7435497135529195,0.7435497135529195,0.0,,
paris,link+k50,2,4,20,5,0.8031251306784126,0.8062056564586498,0.003080525780237209,,
paris,link+k50,2,4,20,8,0.8652095733262709,0.8652095733262709,0.0,,
paris,link+k50,2,4,20,-1,0.8652095733262709,,,8.0,12.0
paris,link+k50,2,5,20,3,0.7435497135529195,0.7435497135529195,0.0,,
paris,link+k50,2,5,20,5,0.8031251306784126,0.8062056564586498,0.003080525780237209,,
paris,link+k50,2,5,20,8,0.8652095733262709,0.8652095733262709,0.0,,
paris,link+k50,2,5,20,-1,0.8652095733262709,,,8.0,12.0
paris,link+k50,2,6,20,3,0.7435497135529195,0.7435497135529195,0.0,,
paris,link+k50,2,6,20,5,0.8031251306784126,0.8062056564586498,0.003080525780237209,,
paris,link+k50,2,6,20,8,0.8652095733262709,0.8652095733262709,0.0,,
paris,link+k50,2,6,20,-1,0.8652095733262709,,,8.0,12.0
paris,link+k50,2,7,20,3,0.7435497135529195,0.7435497135529195,0.0,,
paris,link+k50,2,7,20,5,0.8031251306784126,0.8062056564586498,0.003080525780237209,,
paris,link+k50,2,7,20,8,0.8652095733262709,0.8652095733262709,0.0,,
paris,link+k50,2,7,20,-1,0.8652095733262709,,,8.0,12.0
paris,link+k50,2,8,20,3,0.7435497135529195,0.7435497135529195,0.0,,
paris,link+k50,2,8,20,5,0.8031251306784126,0.8062056564586498,0.003080525780237209,,
paris,link+k50,2,8,20,8,0.8652095733262709,0.8652095733262709,0.0,,
paris,link+k50,2,8,20,-1,0.8652095733262709,,,8.0,12.0
paris,link+k50,2,9,20,3,0.7435497135529195,0.7435497135529195,0.0,,
paris,link+k50,2,9,20,5,0.8031251306784126,0.8062056564586498,0.003080525780237209,,
paris,link+k50,2,9,20,8,0.8652095733262709,0.8652095733262709,0.0,,
paris,link+k50,2,9,20,-1,0.8652095733262709,,,8.0,12.0
paris,link+k50d,2,0,20,3,0.7435497135529195,0.7435497135529195,0.0,,
paris,link+k50d,2,0,20,5,0.8031251306784126,0.8062056564586498,0.003080525780237209,,
paris,link+k50d,2,0,20,8,0.8652095733262709,0.8652095733262709,0.0,,
paris,link+k50d,2,0,20,-1,0.8652095733262709,,,8.0,12.0
paris,link,3,0,20,3,0.7435497135529195,0.7435497135529195,0.0,,
paris,link,3,0,20,5,0.8031251306784126,0.8062056564586498,0.003080525780237209,,
paris,link,3,0,20,8,0.8652095733262709,0.8652095733262709,0.0,,
paris,link,3,0,20,-1,0.8652095733262709,,,8.0,12.0
paris,link,3,0,10,3,0.7435497135529195,0.7435497135529195,0.0,,
paris,link,3,0,10,5,0.8031251306784126,0.804825692421349,0.001700561742936424,,
paris,link,3,0,10,8,0.8501554201920798,0.8506154082045134,0.00045998801243363197,,
paris,link,3,0,10,-1,0.8586721679374416,,,,
paris,link_reg,3,0,20,3,0.5999080023975133,0.7435497135529195,0.14364171115540625,,
paris,link_reg,3,0,20,5,0.7759440208527899,0.8062056564586498,0.030261635605859927,,
paris,link_reg,3,0,20,8,0.7759440208527899,0.8652095733262709,0.089265552473481,,
paris,link_reg,3,0,20,-1,0.44479446899262626,,,1.0,12.0
paris,link_reg,3,0,10,3,0.6260297458914708,0.7435497135529195,0.11751996766144879,,
paris,link_reg,3,0,10,5,0.7837219999721219,0.804825692421349,0.021103692449227163,,
paris,link_reg,3,0,10,8,0.7932423579264298,0.8506154082045134,0.05737305027808359,,
paris,link_reg,3,0,10,-1,0.44479446899262626,,,1.0,
paris,link+k10,3,0,20,3,0.7435497135529195,0.7435497135529195,0.0,,
paris,link+k10,3,0,20,5,0.8031251306784126,0.8062056564586498,0.003080525780237209,,
paris,link+k10,3,0,20,8,0.8652095733262709,0.8652095733262709,0.0,,
paris,link+k10,3,0,20,-1,0.8652095733262709,,,8.0,12.0
paris,link+k10,3,1,20,3,0.7435497135529195,0.7435497135529195,0.0,,
paris,link+k10,3,1,20,5,0.8031251306784126,0.8062056564586498,0.003080525780237209,,
paris,link+k10,3,1,20,8,0.8652095733262709,0.8652095733262709,0.0,,
paris,link+k10,3,1,20,-1,0.8652095733262709,,,8.0,12.0
paris,link+k10,3,2,20,3,0.7435497135529195,0.7435497135529195,0.0,,
paris,link+k10,3,2,20,5,0.8031251306784126,0.8062056564586498,0.003080525780237209,,
paris,link+k10,3,2,20,8,0.8652095733262709,0.8652095733262709,0.0,,
paris,link+k10,3,2,20,-1,0.8652095733262709,,,8.0,12.0
paris,link+k10,3,3,20,3,0.7435497135529195,0.7435497135529195,0.0,,
paris,link+k10,3,3,20,5,0.8031251306784126,0.8062056564586498,0.003080525780237209,,
paris,link+k10,3,3,20,8,0.8652095733262709,0.8652095733262709,0.0,,
paris,link+k10,3,3,20,-1,0.8652095733262709,,,8.0,12.0
paris,link+k10,3,4,20,3,0.7435497135529195,0.7435497135529195,0.0,,
paris,link+k10,3,4,20,5,0.8031251306784126,0.8062056564586498,0.003080525780237209,,
paris,link+k10,3,4,20,8,0.8652095733262709,0.8652095733262709,0.0,,
paris,link+k10,3,4,20,-1,0.8652095733262709,,,8.0,12.0
paris,link+k10,3,5,20,3,0.7435497135529195,0.7435497135529195,0.0,,
paris,link+k10,3,5,20,5,0.8031251306784126,0.8062056564586498,0.003080525780237209,,
paris,link+k10,3,5,20,8,0.8652095733262709,0.8652095733262709,0.0,,
paris,link+k10,3,5,20,-1,0.8652095733262709,,,8.0,12.0
paris,link+k10,3,6,20,3,0.7435497135529195,0.7435497135529195,0.0,,
paris,link+k10,3,6,20,5,0.8031251306784126,0.8062056564586498,0.003080525780237209,,
paris,link+k10,3,6,20,8,0.8652095733262709,0.8652095733262709,0.0,,
paris,link+k10,3,6,20,-1,0.8652095733262709,,,8.0,12.0
paris,link+k10,3,7,20,3,0.7435497135529195,0.7435497135529195,0.0,,
paris,link+k10,3,7,20,5,0.8031251306784126,0.8062056564586498,0.003080525780237209,,
paris,link+k10,3,7,20,8,0.8652095733262709,0.8652095733262709,0.0,,
paris,link+k10,3,7,20,-1,0.8652095733262709,,,8.0,12.0
paris,link+k10,3,8,20,3,0.7435497135529195,0.7435497135529195,0.0,,
paris,link+k10,3,8,20,5,0.8031251306784126,0.8062056564586498,0.003080525780237209,,
paris,link+k10,3,8,20,8,0.8652095733262709,0.8652095733262709,0.0,,
paris,link+k10,3,8,20,-1,0.8652095733262709,,,8.0,12.0
paris,link+k10,3,9,20,3,0.7435497135529195,0.7435497135529195,0.0,,
paris,link+k10,3,9,20,5,0.8031251306784126,0.8062056564586498,0.003080525780237209,,
paris,link+k10,3,9,20,8,0.8652095733262709,0.8652095733262709,0.0,,
paris,link+k10,3,9,20,-1,0.8652095733262709,,,8.0,12.0
paris,link+k10d,3,0,20,3,0.7435497135529195,0.7435497135529195,0.0,,
paris,link+k10d,3,0,20,5,0.8031251306784126,0.8062056564586498,0.003080525780237209,,
paris,link+k10d,3,0,20,8,0.8652095733262709,0.8652095733262709,0.0,,
paris,link+k10d,3,0,20,-1,0.8652095733262709,,,8.0,12.0
paris,link+k25,3,0,20,3,0.7435497135529195,0.7435497135529195,0.0,,
paris,link+k25,3,0,20,5,0.8031251306784126,0.8062056564586498,0.003080525780237209,,
paris,link+k25,3,0,20,8,0.8652095733262709,0.8652095733262709,0.0,,
paris,link+k25,3,0,20,-1,0.8652095733262709,,,8.0,12.0
paris,link+k25,3,1,20,3,0.7435497135529195,0.7435497135529195,0.0,,
paris,link+k25,3,1,20,5,0.8031251306784126,0.8062056564586498,0.003080525780237209,,
paris,link+k25,3,1,20,8,0.8652095733262709,0.8652095733262709,0.0,,
paris,link+k25,3,1,20,-1,0.8652095733262709,,,8.0,12.0
paris,link+k25,3,2,20,3,0.7435497135529195,0.7435497135529195,0.0,,
paris,link+k25,3,2,20,5,0.8031251306784126,0.8062056564586498,0.003080525780237209,,
paris,link+k25,3,2,20,8,0.8652095733262709,0.8652095733262709,0.0,,
paris,link+k25,3,2,20,-1,0.8652095733262709,,,8.0,12.0
paris,link+k25,3,3,20,3,0.7435497135529195,0.7435497135529195,0.0,,
paris,link+k25,3,3,20,5,0.8031251306784126,0.8062056564586498,0.003080525780237209,,
paris,link+k25,3,3,20,8,0.8652095733262709,0.8652095733262709,0.0,,
paris,link+k25,3,3,20,-1,0.8652095733262709,,,8.0,12.0
paris,link+k25,3,4,20,3,0.7435497135529195,0.7435497135529195,0.0,,
paris,link+k25,3,4,20,5,0.8031251306784126,0.8062056564586498,0.003080525780237209,,
paris,link+k25,3,4,20,8,0.8652095733262709,0.8652095733262709,0.0,,
paris,link+k25,3,4,20,-1,0.8652095733262709,,,8.0,12.0
paris,link+k25,3,5,20,3,0.7435497135529195,0.7435497135529195,0.0,,
paris,link+k25,3,5,20,5,0.8031251306784126,0.8062056564586498,0.003080525780237209,,
paris,link+k25,3,5,20,8,0.8652095733262709,0.8652095733262709,0.0,,
paris,link+k25,3,5,20,-1,0.8652095733262709,,,8.0,12.0
paris,link+k25,3,6,20,3,0.7435497135529195,0.7435497135529195,0.0,,
paris,link+k25,3,6,20,5,0.8031251306784126,0.8062056564586498,0.003080525780237209,,
paris,link+k25,3,6,20,8,0.8652095733262709,0.8652095733262709,0.0,,
paris,link+k25,3,6,20,-1,0.8652095733262709,,,8.0,12.0
paris,link+k25,3,7,20,3,0.7435497135529195,0.7435497135529195,0.0,,
paris,link+k25,3,7,20,5,0.8031251306784126,0.8062056564586498,0.003080525780237209,,
paris,link+k25,3,7,20,8,0.8652095733262709,0.8652095733262709,0.0,,
paris,link+k25,3,7,20,-1,0.8652095733262709,,,8.0,12.0
paris,link+k25,3,8,20,3,0.7435497135529195,0.7435497135529195,0.0,,
paris,link+k25,3,8,20,5,0.8031251306784126,0.8062056564586498,0.003080525780237209,,
paris,link+k25,3,8,20,8,0.8652095733262709,0.8652095733262709,0.0,,
paris,link+k25,3,8,20,-1,0.8652095733262709,,,8.0,12.0
paris,link+k25,3,9,20,3,0.7435497135529195,0.7435497135529195,0.0,,
paris,link+k25,3,9,20,5,0.8031251306784126,0.8062056564586498,0.003080525780237209,,
paris,link+k25,3,9,20,8,0.8652095733262709,0.8652095733262709,0.0,,
paris,link+k25,3,9,20,-1,0.8652095733262709,,,8.0,12.0
paris,link+k25d,3,0,20,3,0.7435497135529195,0.7435497135529195,0.0,,
paris,link+k25d,3,0,20,5,0.8031251306784126,0.8062056564586498,0.003080525780237209,,
paris,link+k25d,3,0,20,8,0.8652095733262709,0.8652095733262709,0.0,,
paris,link+k25d,3,0,20,-1,0.8652095733262709,,,8.0,12.0
paris,link+k50,3,0,20,3,0.7435497135529195,0.7435497135529195,0.0,,
paris,link+k50,3,0,20,5,0.8031251306784126,0.8062056564586498,0.003080525780237209,,
paris,link+k50,3,0,20,8,0.8652095733262709,0.8652095733262709,0.0,,
paris,link+k50,3,0,20,-1,0.8652095733262709,,,8.0,12.0
paris,link+k50,3,1,20,3,0.7435497135529195,0.7435497135529195,0.0,,
paris,link+k50,3,1,20,5,0.8031251306784126,0.8062056564586498,0.003080525780237209,,
paris,link+k50,3,1,20,8,0.8652095733262709,0.8652095733262709,0.0,,
paris,link+k50,3,1,20,-1,0.8652095733262709,,,8.0,12.0
paris,link+k50,3,2,20,3,0.7435497135529195,0.7435497135529195,0.0,,
paris,link+k50,3,2,20,5,0.8031251306784126,0.8062056564586498,0.003080525780237209,,
paris,link+k50,3,2,20,8,0.8652095733262709,0.8652095733262709,0.0,,
paris,link+k50,3,2,20,-1,0.8652095733262709,,,8.0,12.0
paris,link+k50,3,3,20,3,0.7435497135529195,0.7435497135529195,0.0,,
paris,link+k50,3,3,20,5,0.8031251306784126,0.8062056564586498,0.003080525780237209,,
paris,link+k50,3,3,20,8,0.8652095733262709,0.8652095733262709,0.0,,
paris,link+k50,3,3,20,-1,0.8652095733262709,,,8.0,12.0
paris,link+k50,3,4,20,3,0.7435497135529195,0.7435497135529195,0.0,,
paris,link+k50,3,4,20,5,0.8031251306784126,0.8062056564586498,0.003080525780237209,,
paris,link+k50,3,4,20,8,0.8652095733262709,0.8652095733262709,0.0,,
paris,link+k50,3,4,20,-1,0.8652095733262709,,,8.0,12.0
paris,link+k50,3,5,20,3,0.7435497135529195,0.7435497135529195,0.0,,
paris,link+k50,3,5,20,5,0.8031251306784126,0.8062056564586498,0.003080525780237209,,
paris,link+k50,3,5,20,8,0.8652095733262709,0.8652095733262709,0.0,,
paris,link+k50,3,5,20,-1,0.8652095733262709,,,8.0,12.0
paris,link+k50,3,6,20,3,0.7435497135529195,0.7435497135529195,0.0,,
paris,link+k50,3,6,20,5,0.8031251306784126,0.8062056564586498,0.003080525780237209,,
paris,link+k50,3,6,20,8,0.8652095733262709,0.8652095733262709,0.0,,
paris,link+k50,3,6,20,-1,0.8652095733262709,,,8.0,12.0
paris,link+k50,3,7,20,3,0.7435497135529195,0.7435497135529195,0.0,,
paris,link+k50,3,7,20,5,0.8031251306784126,0.8062056564586498,0.003080525780237209,,
paris,link+k50,3,7,20,8,0.8652095733262709,0.8652095733262709,0.0,,
paris,link+k50,3,7,20,-1,0.8652095733262709,,,8.0,12.0
paris,link+k50,3,8,20,3,0.7435497135529195,0.7435497135529195,0.0,,
paris,link+k50,3,8,20,5,0.8031251306784126,0.8062056564586498,0.003080525780237209,,
paris,link+k50,3,8,20,8,0.8652095733262709,0.8652095733262709,0.0,,
paris,link+k50,3,8,20,-1,0.8652095733262709,,,8.0,12.0
paris,link+k50,3,9,20,3,0.7435497135529195,0.7435497135529195,0.0,,
paris,link+k50,3,9,20,5,0.8031251306784126,0.8062056564586498,0.003080525780237209,,
paris,link+k50,3,9,20,8,0.8652095733262709,0.8652095733262709,0.0,,
paris,link+k50,3,9,20,-1,0.8652095733262709,,,8.0,12.0
paris,link+k50d,3,0,20,3,0.7435497135529195,0.7435497135529195,0.0,,
paris,link+k50d,3,0,20,5,0.8031251306784126,0.8062056564586498,0.003080525780237209,,
paris,link+k50d,3,0,20,8,0.8652095733262709,0.8652095733262709,0.0,,
paris,link+k50d,3,0,20,-1,0.8652095733262709,,,8.0,12.0
paris,link,4,0,20,3,0.7435497135529195,0.7435497135529195,0.0,,
paris,link,4,0,20,5,0.8031251306784126,0.8062056564586498,0.003080525780237209,,
paris,link,4,0,20,8,0.8652095733262709,0.8652095733262709,0.0,,
paris,link,4,0,20,-1,0.8652095733262709,,,8.0,12.0
paris,link,4,0,10,3,0.7435497135529195,0.7435497135529195,0.0,,
paris,link,4,0,10,5,0.8031251306784126,0.804825692421349,0.001700561742936424,,
paris,link,4,0,10,8,0.8501554201920798,0.8506154082045134,0.00045998801243363197,,
paris,link,4,0,10,-1,0.8586721679374416,,,,
paris,link_reg,4,0,20,3,0.6435511074559875,0.7435497135529195,0.09999860609693201,,
paris,link_reg,4,0,20,5,0.7261677422952008,0.8062056564586498,0.08003791416344908,,
paris,link_reg,4,0,20,8,0.8039893505805606,0.8652095733262709,0.06122022274571026,,
paris,link_reg,4,0,20,-1,0.44479446899262626,,,1.0,12.0
paris,link_reg,4,0,10,3,0.5995316485691585,0.7435497135529195,0.14401806498376102,,
paris,link_reg,4,0,10,5,0.7687236029606501,0.804825692421349,0.03610208946069893,,
paris,link_reg,4,0,10,8,0.8205349799974909,0.8506154082045134,0.030080428207022503,,
paris,link_reg,4,0,10,-1,0.44479446899262626,,,1.0,
paris,link+k10,4,0,20,3,0.7435497135529195,0.7435497135529195,0.0,,
paris,link+k10,4,0,20,5,0.8031251306784126,0.8062056564586498,0.003080525780237209,,
paris,link+k10,4,0,20,8,0.8652095733262709,0.8652095733262709,0.0,,
paris,link+k10,4,0,20,-1,0.8652095733262709,,,8.0,12.0
paris,link+k10,4,1,20,3,0.7435497135529195,0.7435497135529195,0.0,,
paris,link+k10,4,1,20,5,0.8031251306784126,0.8062056564586498,0.003080525780237209,,
paris,link+k10,4,1,20,8,0.8652095733262709,0.8652095733262709,0.0,,
paris,link+k10,4,1,20,-1,0.8652095733262709,,,8.0,12.0
paris,link+k10,4,2,20,3,0.7435497135529195,0.7435497135529195,0.0,,
paris,link+k10,4,2,20,5,0.8031251306784126,0.8062056564586498,0.003080525780237209,,
paris,link+k10,4,2,20,8,0.8652095733262709,0.8652095733262709,0.0,,
paris,link+k10,4,2,20,-1,0.8652095733262709,,,8.0,12.0
paris,link+k10,4,3,20,3,0.7435497135529195,0.7435497135529195,0.0,,
paris,link+k10,4,3,20,5,0.8031251306784126,0.8062056564586498,0.003080525780237209,,
paris,link+k10,4,3,20,8,0.8652095733262709,0.8652095733262709,0.0,,
paris,link+k10,4,3,20,-1,0.8652095733262709,,,8.0,12.0
paris,link+k10,4,4,20,3,0.7435497135529195,0.7435497135529195,0.0,,
paris,link+k10,4,4,20,5,0.8031251306784126,0.8062056564586498,0.003080525780237209,,
paris,link+k10,4,4,20,8,0.8652095733262709,0.8652095733262709,0.0,,
paris,link+k10,4,4,20,-1,0.8652095733262709,,,8.0,12.0
paris,link+k10,4,5,20,3,0.7435497135529195,0.7435497135529195,0.0,,
paris,link+k10,4,5,20,5,0.8031251306784126,0.8062056564586498,0.003080525780237209,,
paris,link+k10,4,5,20,8,0.8652095733262709,0.8652095733262709,0.0,,
paris,link+k10,4,5,20,-1,0.8652095733262709,,,8.0,12.0
paris,link+k10,4,6,20,3,0.7435497135529195,0.7435497135529195,0.0,,
paris,link+k10,4,6,20,5,0.8031251306784126,0.8062056564586498,0.003080525780237209,,
paris,link+k10,4,6,20,8,0.8652095733262709,0.8652095733262709,0.0,,
paris,link+k10,4,6,20,-1,0.8652095733262709,,,8.0,12.0
paris,link+k10,4,7,20,3,0.7435497135529195,0.7435497135529195,0.0,,
paris,link+k10,4,7,20,5,0.8031251306784126,0.8062056564586498,0.003080525780237209,,
paris,link+k10,4,7,20,8,0.8652095733262709,0.8652095733262709,0.0,,
paris,link+k10,4,7,20,-1,0.8652095733262709,,,8.0,12.0
paris,link+k10,4,8,20,3,0.7435497135529195,0.7435497135529195,0.0,,
paris,link+k10,4,8,20,5,0.8031251306784126,0.8062056564586498,0.003080525780237209,,
paris,link+k10,4,8,20,8,0.8652095733262709,0.8652095733262709,0.0,,
paris,link+k10,4,8,20,-1,0.8652095733262709,,,8.0,12.0
paris,link+k10,4,9,20,3,0.7435497135529195,0.7435497135529195,0.0,,
paris,link+k10,4,9,20,5,0.8031251306784126,0.8062056564586498,0.003080525780237209,,
paris,link+k10,4,9,20,8,0.8652095733262709,0.8652095733262709,0.0,,
paris,link+k10,4,9,20,-1,0.8652095733262709,,,8.0,12.0
paris,link+k10d,4,0,20,3,0.7435497135529195,0.7435497135529195,0.0,,
paris,link+k10d,4,0,20,5,0.8031251306784126,0.8062056564586498,0.003080525780237209,,
paris,link+k10d,4,0,20,8,0.8652095733262709,0.8652095733262709,0.0,,
paris,link+k10d,4,0,20,-1,0.8652095733262709,,,8.0,12.0
paris,link+k25,4,0,20,3,0.7435497135529195,0.7435497135529195,0.0,,
paris,link+k25,4,0,20,5,0.8031251306784126,0.8062056564586498,0.003080525780237209,,
paris,link+k25,4,0,20,8,0.8652095733262709,0.8652095733262709,0.0,,
paris,link+k25,4,0,20,-1,0.8652095733262709,,,8.0,12.0
paris,link+k25,4,1,20,3,0.7435497135529195,0.7435497135529195,0.0,,
paris,link+k25,4,1,20,5,0.8031251306784126,0.8062056564586498,0.003080525780237209,,
paris,link+k25,4,1,20,8,0.8652095733262709,0.8652095733262709,0.0,,
paris,link+k25,4,1,20,-1,0.8652095733262709,,,8.0,12.0
paris,link+k25,4,2,20,3,0.7435497135529195,0.7435497135529195,0.0,,
paris,link+k25,4,2,20,5,0.8031251306784126,0.8062056564586498,0.003080525780237209,,
paris,link+k25,4,2,20,8,0.8652095733262709,0.8652095733262709,0.0,,
paris,link+k25,4,2,20,-1,0.8652095733262709,,,8.0,12.0
paris,link+k25,4,3,20,3,0.7435497135529195,0.7435497135529195,0.0,,
paris,link+k25,4,3,20,5,0.8031251306784126,0.8062056564586498,0.003080525780237209,,
paris,link+k25,4,3,20,8,0.8652095733262709,0.8652095733262709,0.0,,
paris,link+k25,4,3,20,-1,0.8652095733262709,,,8.0,12.0
paris,link+k25,4,4,20,3,0.7435497135529195,0.7435497135529195,0.0,,
paris,link+k25,4,4,20,5,0.8031251306784126,0.8062056564586498,0.003080525780237209,,
paris,link+k25,4,4,20,8,0.8652095733262709,0.8652095733262709,0.0,,
paris,link+k25,4,4,20,-1,0.8652095733262709,,,8.0,12.0
paris,link+k25,4,5,20,3,0.7435497135529195,0.7435497135529195,0.0,,
paris,link+k25,4,5,20,5,0.8031251306784126,0.8062056564586498,0.003080525780237209,,
paris,link+k25,4,5,20,8,0.8652095733262709,0.8652095733262709,0.0,,
paris,link+k25,4,5,20,-1,0.8652095733262709,,,8.0,12.0
paris,link+k25,4,6,20,3,0.7435497135529195,0.7435497135529195,0.0,,
paris,link+k25,4,6,20,5,0.8031251306784126,0.8062056564586498,0.003080525780237209,,
paris,link+k25,4,6,20,8,0.8652095733262709,0.8652095733262709,0.0,,
paris,link+k25,4,6,20,-1,0.8652095733262709,,,8.0,12.0
paris,link+k25,4,7,20,3,0.7435497135529195,0.7435497135529195,0.0,,
paris,link+k25,4,7,20,5,0.8031251306784126,0.8062056564586498,0.003080525780237209,,
paris,link+k25,4,7,20,8,0.8652095733262709,0.8652095733262709,0.0,,
paris,link+k25,4,7,20,-1,0.8652095733262709,,,8.0,12.0
paris,link+k25,4,8,20,3,0.7435497135529195,0.7435497135529195,0.0,,
paris,link+k25,4,8,20,5,0.8031251306784126,0.8062056564586498,0.003080525780237209,,
paris,link+k25,4,8,20,8,0.8652095733262709,0.8652095733262709,0.0,,
paris,link+k25,4,8,20,-1,0.8652095733262709,,,8.0,12.0
paris,link+k25,4,9,20,3,0.7435497135529195,0.7435497135529195,0.0,,
paris,link+k25,4,9,20,5,0.8031251306784126,0.8062056564586498,0.003080525780237209,,
paris,link+k25,4,9,20,8,0.8652095733262709,0.8652095733262709,0.0,,
paris,link+k25,4,9,20,-1,0.8652095733262709,,,8.0,12.0
paris,link+k25d,4,0,20,3,0.7435497135529195,0.7435497135529195,0.0,,
paris,link+k25d,4,0,20,5,0.8031251306784126,0.8062056564586498,0.003080525780237209,,
paris,link+k25d,4,0,20,8,0.8652095733262709,0.8652095733262709,0.0,,
paris,link+k25d,4,0,20,-1,0.8652095733262709,,,8.0,12.0
paris,link+k50,4,0,20,3,0.7435497135529195,0.7435497135529195,0.0,,
paris,link+k50,4,0,20,5,0.8031251306784126,0.8062056564586498,0.003080525780237209,,
paris,link+k50,4,0,20,8,0.8652095733262709,0.8652095733262709,0.0,,
paris,link+k50,4,0,20,-1,0.8652095733262709,,,8.0,12.0
paris,link+k50,4,1,20,3,0.7435497135529195,0.7435497135529195,0.0,,
paris,link+k50,4,1,20,5,0.8031251306784126,0.8062056564586498,0.003080525780237209,,
paris,link+k50,4,1,20,8,0.8652095733262709,0.8652095733262709,0.0,,
paris,link+k50,4,1,20,-1,0.8652095733262709,,,8.0,12.0
paris,link+k50,4,2,20,3,0.7435497135529195,0.7435497135529195,0.0,,
paris,link+k50,4,2,20,5,0.8031251306784126,0.8062056564586498,0.003080525780237209,,
paris,link+k50,4,2,20,8,0.8652095733262709,0.8652095733262709,0.0,,
paris,link+k50,4,2,20,-1,0.8652095733262709,,,8.0,12.0
paris,link+k50,4,3,20,3,0.7435497135529195,0.7435497135529195,0.0,,
paris,link+k50,4,3,20,5,0.8031251306784126,0.8062056564586498,0.003080525780237209,,
paris,link+k50,4,3,20,8,0.8652095733262709,0.8652095733262709,0.0,,
paris,link+k50,4,3,20,-1,0.8652095733262709,,,8.0,12.0
paris,link+k50,4,4,20,3,0.7435497135529195,0.7435497135529195,0.0,,
paris,link+k50,4,4,20,5,0.8031251306784126,0.8062056564586498,0.003080525780237209,,
paris,link+k50,4,4,20,8,0.8652095733262709,0.8652095733262709,0.0,,
paris,link+k50,4,4,20,-1,0.8652095733262709,,,8.0,12.0
paris,link+k50,4,5,20,3,0.7435497135529195,0.7435497135529195,0.0,,
paris,link+k50,4,5,20,5,0.8031251306784126,0.8062056564586498,0.003080525780237209,,
paris,link+k50,4,5,20,8,0.8652095733262709,0.8652095733262709,0.0,,
paris,link+k50,4,5,20,-1,0.8652095733262709,,,8.0,12.0
paris,link+k50,4,6,20,3,0.7435497135529195,0.7435497135529195,0.0,,
paris,link+k50,4,6,20,5,0.8031251306784126,0.8062056564586498,0.003080525780237209,,
paris,link+k50,4,6,20,8,0.8652095733262709,0.8652095733262709,0.0,,
paris,link+k50,4,6,20,-1,0.8652095733262709,,,8.0,12.0
paris,link+k50,4,7,20,3,0.7435497135529195,0.7435497135529195,0.0,,
paris,link+k50,4,7,20,5,0.8031251306784126,0.8062056564586498,0.003080525780237209,,
paris,link+k50,4,7,20,8,0.8652095733262709,0.8652095733262709,0.0,,
paris,link+k50,4,7,20,-1,0.8652095733262709,,,8.0,12.0
paris,link+k50,4,8,20,3,0.7435497135529195,0.7435497135529195,0.0,,
paris,link+k50,4,8,20,5,0.8031251306784126,0.8062056564586498,0.003080525780237209,,
paris,link+k50,4,8,20,8,0.8652095733262709,0.8652095733262709,0.0,,
paris,link+k50,4,8,20,-1,0.8652095733262709,,,8.0,12.0
paris,link+k50,4,9,20,3,0.7435497135529195,0.7435497135529195,0.0,,
paris,link+k50,4,9,20,5,0.8031251306784126,0.8062056564586498,0.003080525780237209,,
paris,link+k50,4,9,20,8,0.8652095733262709,0.8652095733262709,0.0,,
paris,link+k50,4,9,20,-1,0.8652095733262709,,,8.0,12.0
paris,link+k50d,4,0,20,3,0.7435497135529195,0.7435497135529195,0.0,,
paris,link+k50d,4,0,20,5,0.8031251306784126,0.8062056564586498,0.003080525780237209,,
paris,link+k50d,4,0,20,8,0.8652095733262709,0.8652095733262709,0.0,,
paris,link+k50d,4,0,20,-1,0.8652095733262709,,,8.0,12.0
prague,link,0,0,20,3,0.8993305231837342,0.9053828640984605,0.006052340914726284,,
prague,link,0,0,20,5,0.94206884115141,0.9429028695083741,0.0008340283569641116,,
prague,link,0,0,20,8,0.9670446092464441,0.9674165408110362,0.0003719315645921428,,
prague,link,0,0,20,-1,0.8700944480760995,,,2.0,3.0
prague,link,0,0,10,3,0.8993305231837342,0.9053828640984605,0.006052340914726284,,
prague,link,0,0,10,5,0.94206884115141,0.9429028695083741,0.0008340283569641116,,
prague,link,0,0,10,8,0.9621869575998017,0.9625138065505038,0.00032684895070211883,,
prague,link,0,0,10,-1,0.8700944480760995,,,2.0,3.0
prague,link_reg,0,0,20,3,0.9053828640984605,0.9053828640984605,0.0,,
prague,link_reg,0,0,20,5,0.9405811148930415,0.9429028695083741,0.002321754615332572,,
prague,link_reg,0,0,20,8,0.9405811148930415,0.9674165408110362,0.026835425917994704,,
prague,link_reg,0,0,20,-1,0.7963618330590808,,,1.0,3.0
prague,link_reg,0,0,10,3,0.9053828640984605,0.9053828640984605,0.0,,
prague,link_reg,0,0,10,5,0.9339426999977458,0.9429028695083741,0.00896016951062828,,
prague,link_reg,0,0,10,8,0.9436241913306134,0.9625138065505038,0.01888961521989041,,
prague,link_reg,0,0,10,-1,0.7963618330590808,,,1.0,3.0
prague,link+k10,0,0,20,3,0.8993305231837342,0.9053828640984605,0.006052340914726284,,
prague,link+k10,0,0,20,5,0.94206884115141,0.9429028695083741,0.0008340283569641116,,
prague,link+k10,0,0,20,8,0.9670446092464441,0.9674165408110362,0.0003719315645921428,,
prague,link+k10,0,0,20,-1,0.8700944480760995,,,2.0,3.0
prague,link+k10,0,1,20,3,0.8993305231837342,0.9053828640984605,0.006052340914726284,,
prague,link+k10,0,1,20,5,0.94206884115141,0.9429028695083741,0.0008340283569641116,,
prague,link+k10,0,1,20,8,0.9670446092464441,0.9674165408110362,0.0003719315645921428,,
prague,link+k10,0,1,20,-1,0.8700944480760995,,,2.0,3.0
prague,link+k10,0,2,20,3,0.8993305231837342,0.9053828640984605,0.006052340914726284,,
prague,link+k10,0,2,20,5,0.94206884115141,0.9429028695083741,0.0008340283569641116,,
prague,link+k10,0,2,20,8,0.9670446092464441,0.9674165408110362,0.0003719315645921428,,
prague,link+k10,0,2,20,-1,0.8700944480760995,,,2.0,3.0
prague,link+k10,0,3,20,3,0.8993305231837342,0.9053828640984605,0.006052340914726284,,
prague,link+k10,0,3,20,5,0.94206884115141,0.9429028695083741,0.0008340283569641116,,
prague,link+k10,0,3,20,8,0.9670446092464441,0.9674165408110362,0.0003719315645921428,,
prague,link+k10,0,3,20,-1,0.8700944480760995,,,2.0,3.0
prague,link+k10,0,4,20,3,0.8993305231837342,0.9053828640984605,0.006052340914726284,,
prague,link+k10,0,4,20,5,0.94206884115141,0.9429028695083741,0.0008340283569641116,,
prague,link+k10,0,4,20,8,0.9670446092464441,0.9674165408110362,0.0003719315645921428,,
prague,link+k10,0,4,20,-1,0.8700944480760995,,,2.0,3.0
prague,link+k10,0,5,20,3,0.8993305231837342,0.9053828640984605,0.006052340914726284,,
prague,link+k10,0,5,20,5,0.94206884115141,0.9429028695083741,0.0008340283569641116,,
prague,link+k10,0,5,20,8,0.9670446092464441,0.9674165408110362,0.0003719315645921428,,
prague,link+k10,0,5,20,-1,0.8700944480760995,,,2.0,3.0
prague,link+k10,0,6,20,3,0.8993305231837342,0.9053828640984605,0.006052340914726284,,
prague,link+k10,0,6,20,5,0.94206884115141,0.9429028695083741,0.0008340283569641116,,
prague,link+k10,0,6,20,8,0.9670446092464441,0.9674165408110362,0.0003719315645921428,,
prague,link+k10,0,6,20,-1,0.8700944480760995,,,2.0,3.0
prague,link+k10,0,7,20,3,0.8993305231837342,0.9053828640984605,0.006052340914726284,,
prague,link+k10,0,7,20,5,0.94206884115141,0.9429028695083741,0.0008340283569641116,,
prague,link+k10,0,7,20,8,0.9670446092464441,0.9674165408110362,0.0003719315645921428,,
prague,link+k10,0,7,20,-1,0.8700944480760995,,,2.0,3.0
prague,link+k10,0,8,20,3,0.8993305231837342,0.9053828640984605,0.006052340914726284,,
prague,link+k10,0,8,20,5,0.94206884115141,0.9429028695083741,0.0008340283569641116,,
prague,link+k10,0,8,20,8,0.9670446092464441,0.9674165408110362,0.0003719315645921428,,
prague,link+k10,0,8,20,-1,0.8700944480760995,,,2.0,3.0
prague,link+k10,0,9,20,3,0.8993305231837342,0.9053828640984605,0.006052340914726284,,
prague,link+k10,0,9,20,5,0.94206884115141,0.9429028695083741,0.0008340283569641116,,
prague,link+k10,0,9,20,8,0.9670446092464441,0.9674165408110362,0.0003719315645921428,,
prague,link+k10,0,9,20,-1,0.8700944480760995,,,2.0,3.0
prague,link+k10d,0,0,20,3,0.8993305231837342,0.9053828640984605,0.006052340914726284,,
prague,link+k10d,0,0,20,5,0.94206884115141,0.9429028695083741,0.0008340283569641116,,
prague,link+k10d,0,0,20,8,0.9670446092464441,0.9674165408110362,0.0003719315645921428,,
prague,link+k10d,0,0,20,-1,0.8700944480760995,,,2.0,3.0
prague,link+k25,0,0,20,3,0.8993305231837342,0.9053828640984605,0.006052340914726284,,
prague,link+k25,0,0,20,5,0.94206884115141,0.9429028695083741,0.0008340283569641116,,
prague,link+k25,0,0,20,8,0.9670446092464441,0.9674165408110362,0.0003719315645921428,,
prague,link+k25,0,0,20,-1,0.8700944480760995,,,2.0,3.0
prague,link+k25,0,1,20,3,0.8993305231837342,0.9053828640984605,0.006052340914726284,,
prague,link+k25,0,1,20,5,0.94206884115141,0.9429028695083741,0.0008340283569641116,,
prague,link+k25,0,1,20,8,0.9670446092464441,0.9674165408110362,0.0003719315645921428,,
prague,link+k25,0,1,20,-1,0.8700944480760995,,,2.0,3.0
prague,link+k25,0,2,20,3,0.8993305231837342,0.9053828640984605,0.006052340914726284,,
prague,link+k25,0,2,20,5,0.94206884115141,0.9429028695083741,0.0008340283569641116,,
prague,link+k25,0,2,20,8,0.9670446092464441,0.9674165408110362,0.0003719315645921428,,
prague,link+k25,0,2,20,-1,0.8700944480760995,,,2.0,3.0
prague,link+k25,0,3,20,3,0.8993305231837342,0.9053828640984605,0.006052340914726284,,
prague,link+k25,0,3,20,5,0.94206884115141,0.9429028695083741,0.0008340283569641116,,
prague,link+k25,0,3,20,8,0.9670446092464441,0.9674165408110362,0.0003719315645921428,,
prague,link+k25,0,3,20,-1,0.8700944480760995,,,2.0,3.0
prague,link+k25,0,4,20,3,0.8993305231837342,0.9053828640984605,0.006052340914726284,,
prague,link+k25,0,4,20,5,0.94206884115141,0.9429028695083741,0.0008340283569641116,,
prague,link+k25,0,4,20,8,0.9670446092464441,0.9674165408110362,0.0003719315645921428,,
prague,link+k25,0,4,20,-1,0.8700944480760995,,,2.0,3.0
prague,link+k25,0,5,20,3,0.8993305231837342,0.9053828640984605,0.006052340914726284,,
prague,link+k25,0,5,20,5,0.94206884115141,0.9429028695083741,0.0008340283569641116,,
prague,link+k25,0,5,20,8,0.9670446092464441,0.9674165408110362,0.0003719315645921428,,
prague,link+k25,0,5,20,-1,0.8700944480760995,,,2.0,3.0
prague,link+k25,0,6,20,3,0.8993305231837342,0.9053828640984605,0.006052340914726284,,
prague,link+k25,0,6,20,5,0.94206884115141,0.9429028695083741,0.0008340283569641116,,
prague,link+k25,0,6,20,8,0.9670446092464441,0.9674165408110362,0.0003719315645921428,,
prague,link+k25,0,6,20,-1,0.8700944480760995,,,2.0,3.0
prague,link+k25,0,7,20,3,0.8993305231837342,0.9053828640984605,0.006052340914726284,,
prague,link+k25,0,7,20,5,0.94206884115141,0.9429028695083741,0.0008340283569641116,,
prague,link+k25,0,7,20,8,0.9670446092464441,0.9674165408110362,0.0003719315645921428,,
prague,link+k25,0,7,20,-1,0.8700944480760995,,,2.0,3.0
prague,link+k25,0,8,20,3,0.8993305231837342,0.9053828640984605,0.006052340914726284,,
prague,link+k25,0,8,20,5,0.94206884115141,0.9429028695083741,0.0008340283569641116,,
prague,link+k25,0,8,20,8,0.9670446092464441,0.9674165408110362,0.0003719315645921428,,
prague,link+k25,0,8,20,-1,0.8700944480760995,,,2.0,3.0
prague,link+k25,0,9,20,3,0.8993305231837342,0.9053828640984605,0.006052340914726284,,
prague,link+k25,0,9,20,5,0.94206884115141,0.9429028695083741,0.0008340283569641116,,
prague,link+k25,0,9,20,8,0.9670446092464441,0.9674165408110362,0.0003719315645921428,,
prague,link+k25,0,9,20,-1,0.8700944480760995,,,2.0,3.0
prague,link+k25d,0,0,20,3,0.8993305231837342,0.9053828640984605,0.006052340914726284,,
prague,link+k25d,0,0,20,5,0.94206884115141,0.9429028695083741,0.0008340283569641116,,
prague,link+k25d,0,0,20,8,0.9670446092464441,0.9674165408110362,0.0003719315645921428,,
prague,link+k25d,0,0,20,-1,0.8700944480760995,,,2.0,3.0
prague,link+k50,0,0,20,3,0.8993305231837342,0.9053828640984605,0.006052340914726284,,
prague,link+k50,0,0,20,5,0.94206884115141,0.9429028695083741,0.0008340283569641116,,
prague,link+k50,0,0,20,8,0.9670446092464441,0.9674165408110362,0.0003719315645921428,,
prague,link+k50,0,0,20,-1,0.8700944480760995,,,2.0,3.0
prague,link+k50,0,1,20,3,0.8993305231837342,0.9053828640984605,0.006052340914726284,,
prague,link+k50,0,1,20,5,0.94206884115141,0.9429028695083741,0.0008340283569641116,,
prague,link+k50,0,1,20,8,0.9670446092464441,0.9674165408110362,0.0003719315645921428,,
prague,link+k50,0,1,20,-1,0.8700944480760995,,,2.0,3.0
prague,link+k50,0,2,20,3,0.8993305231837342,0.9053828640984605,0.006052340914726284,,
prague,link+k50,0,2,20,5,0.94206884115141,0.9429028695083741,0.0008340283569641116,,
prague,link+k50,0,2,20,8,0.9670446092464441,0.9674165408110362,0.0003719315645921428,,
prague,link+k50,0,2,20,-1,0.8700944480760995,,,2.0,3.0
prague,link+k50,0,3,20,3,0.8993305231837342,0.9053828640984605,0.006052340914726284,,
prague,link+k50,0,3,20,5,0.94206884115141,0.9429028695083741,0.0008340283569641116,,
prague,link+k50,0,3,20,8,0.9670446092464441,0.9674165408110362,0.0003719315645921428,,
prague,link+k50,0,3,20,-1,0.8700944480760995,,,2.0,3.0
prague,link+k50,0,4,20,3,0.8993305231837342,0.9053828640984605,0.006052340914726284,,
prague,link+k50,0,4,20,5,0.94206884115141,0.9429028695083741,0.0008340283569641116,,
prague,link+k50,0,4,20,8,0.9670446092464441,0.9674165408110362,0.0003719315645921428,,
prague,link+k50,0,4,20,-1,0.8700944480760995,,,2.0,3.0
prague,link+k50,0,5,20,3,0.8993305231837342,0.9053828640984605,0.006052340914726284,,
prague,link+k50,0,5,20,5,0.94206884115141,0.9429028695083741,0.0008340283569641116,,
prague,link+k50,0,5,20,8,0.9670446092464441,0.9674165408110362,0.0003719315645921428,,
prague,link+k50,0,5,20,-1,0.8700944480760995,,,2.0,3.0
prague,link+k50,0,6,20,3,0.8993305231837342,0.9053828640984605,0.006052340914726284,,
prague,link+k50,0,6,20,5,0.94206884115141,0.9429028695083741,0.0008340283569641116,,
prague,link+k50,0,6,20,8,0.9670446092464441,0.9674165408110362,0.0003719315645921428,,
prague,link+k50,0,6,20,-1,0.8700944480760995,,,2.0,3.0
prague,link+k50,0,7,20,3,0.8993305231837342,0.9053828640984605,0.006052340914726284,,
prague,link+k50,0,7,20,5,0.94206884115141,0.9429028695083741,0.0008340283569641116,,
prague,link+k50,0,7,20,8,0.9670446092464441,0.9674165408110362,0.0003719315645921428,,
prague,link+k50,0,7,20,-1,0.8700944480760995,,,2.0,3.0
prague,link+k50,0,8,20,3,0.8993305231837342,0.9053828640984605,0.006052340914726284,,
prague,link+k50,0,8,20,5,0.94206884115141,0.9429028695083741,0.0008340283569641116,,
prague,link+k50,0,8,20,8,0.9670446092464441,0.9674165408110362,0.0003719315645921428,,
prague,link+k50,0,8,20,-1,0.8700944480760995,,,2.0,3.0
prague,link+k50,0,9,20,3,0.8993305231837342,0.9053828640984605,0.006052340914726284,,
prague,link+k50,0,9,20,5,0.94206884115141,0.9429028695083741,0.0008340283569641116,,
prague,link+k50,0,9,20,8,0.9670446092464441,0.9674165408110362,0.0003719315645921428,,
prague,link+k50,0,9,20,-1,0.8700944480760995,,,2.0,3.0
prague,link+k50d,0,0,20,3,0.8993305231837342,0.9053828640984605,0.006052340914726284,,
prague,link+k50d,0,0,20,5,0.94206884115141,0.9429028695083741,0.0008340283569641116,,
prague,link+k50d,0,0,20,8,0.9670446092464441,0.9674165408110362,0.0003719315645921428,,
prague,link+k50d,0,0,20,-1,0.8700944480760995,,,2.0,3.0
prague,link,1,0,20,3,0.9001758221941708,0.9053828640984605,0.0052070419042896665,,
prague,link,1,0,20,5,0.9411333769131934,0.9429028695083741,0.0017694925951806662,,
prague,link,1,0,20,8,0.9674165408110362,0.9674165408110362,0.0,,
prague,link,1,0,20,-1,0.8700944480760995,,,2.0,3.0
prague,link,1,0,10,3,0.9001758221941708,0.9053828640984605,0.0052070419042896665,,
prague,link,1,0,10,5,0.9411333769131934,0.9429028695083741,0.0017694925951806662,,
prague,link,1,0,10,8,0.9621869575998017,0.9625138065505038,0.00032684895070211883,,
prague,link,1,0,10,-1,0.8700944480760995,,,2.0,3.0
prague,link_reg,1,0,20,3,0.9053828640984605,0.9053828640984605,0.0,,
prague,link_reg,1,0,20,5,0.9339426999977458,0.9429028695083741,0.00896016951062828,,
prague,link_reg,1,0,20,8,0.9339426999977458,0.9674165408110362,0.03347384081329041,,
prague,link_reg,1,0,20,-1,0.7963618330590808,,,1.0,3.0
prague,link_reg,1,0,10,3,0.9053828640984605,0.9053828640984605,0.0,,
prague,link_reg,1,0,10,5,0.9339426999977458,0.9429028695083741,0.00896016951062828,,
prague,link_reg,1,0,10,8,0.9339426999977458,0.9625138065505038,0.028571106552757963,,
prague,link_reg,1,0,10,-1,0.7963618330590808,,,1.0,3.0
prague,link+k10,1,0,20,3,0.9001758221941708,0.9053828640984605,0.0052070419042896665,,
prague,link+k10,1,0,20,5,0.9411333769131934,0.9429028695083741,0.0017694925951806662,,
prague,link+k10,1,0,20,8,0.9674165408110362,0.9674165408110362,0.0,,
prague,link+k10,1,0,20,-1,0.8700944480760995,,,2.0,3.0
prague,link+k10,1,1,20,3,0.9001758221941708,0.9053828640984605,0.0052070419042896665,,
prague,link+k10,1,1,20,5,0.9411333769131934,0.9429028695083741,0.0017694925951806662,,
prague,link+k10,1,1,20,8,0.9674165408110362,0.9674165408110362,0.0,,
prague,link+k10,1,1,20,-1,0.8700944480760995,,,2.0,3.0
prague,link+k10,1,2,20,3,0.8993305231837342,0.9053828640984605,0.006052340914726284,,
prague,link+k10,1,2,20,5,0.94206884115141,0.9429028695083741,0.0008340283569641116,,
prague,link+k10,1,2,20,8,0.9670446092464441,0.9674165408110362,0.0003719315645921428,,
prague,link+k10,1,2,20,-1,0.8700944480760995,,,2.0,3.0
prague,link+k10,1,3,20,3,0.9001758221941708,0.9053828640984605,0.0052070419042896665,,
prague,link+k10,1,3,20,5,0.9411333769131934,0.9429028695083741,0.0017694925951806662,,
prague,link+k10,1,3,20,8,0.9674165408110362,0.9674165408110362,0.0,,
prague,link+k10,1,3,20,-1,0.8700944480760995,,,2.0,3.0
prague,link+k10,1,4,20,3,0.9001758221941708,0.9053828640984605,0.0052070419042896665,,
prague,link+k10,1,4,20,5,0.9411333769131934,0.9429028695083741,0.0017694925951806662,,
prague,link+k10,1,4,20,8,0.9674165408110362,0.9674165408110362,0.0,,
prague,link+k10,1,4,20,-1,0.8700944480760995,,,2.0,3.0
prague,link+k10,1,5,20,3,0.9001758221941708,0.9053828640984605,0.0052070419042896665,,
prague,link+k10,1,5,20,5,0.9411333769131934,0.9429028695083741,0.0017694925951806662,,
prague,link+k10,1,5,20,8,0.9674165408110362,0.9674165408110362,0.0,,
prague,link+k10,1,5,20,-1,0.8700944480760995,,,2.0,3.0
prague,link+k10,1,6,20,3,0.9001758221941708,0.9053828640984605,0.0052070419042896665,,
prague,link+k10,1,6,20,5,0.9411333769131934,0.9429028695083741,0.0017694925951806662,,
prague,link+k10,1,6,20,8,0.9674165408110362,0.9674165408110362,0.0,,
prague,link+k10,1,6,20,-1,0.8700944480760995,,,2.0,3.0
prague,link+k10,1,7,20,3,0.9001758221941708,0.9053828640984605,0.0052070419042896665,,
prague,link+k10,1,7,20,5,0.9411333769131934,0.9429028695083741,0.0017694925951806662,,
prague,link+k10,1,7,20,8,0.9674165408110362,0.9674165408110362,0.0,,
prague,link+k10,1,7,20,-1,0.8700944480760995,,,2.0,3.0
prague,link+k10,1,8,20,3,0.9001758221941708,0.9053828640984605,0.0052070419042896665,,
prague,link+k10,1,8,20,5,0.9411333769131934,0.9429028695083741,0.0017694925951806662,,
prague,link+k10,1,8,20,8,0.9674165408110362,0.9674165408110362,0.0,,
prague,link+k10,1,8,20,-1,0.8700944480760995,,,2.0,3.0
prague,link+k10,1,9,20,3,0.9001758221941708,0.9053828640984605,0.0052070419042896665,,
prague,link+k10,1,9,20,5,0.9411333769131934,0.9429028695083741,0.0017694925951806662,,
prague,link+k10,1,9,20,8,0.9674165408110362,0.9674165408110362,0.0,,
prague,link+k10,1,9,20,-1,0.8700944480760995,,,2.0,3.0
prague,link+k10d,1,0,20,3,0.9001758221941708,0.9053828640984605,0.0052070419042896665,,
prague,link+k10d,1,0,20,5,0.9411333769131934,0.9429028695083741,0.0017694925951806662,,
prague,link+k10d,1,0,20,8,0.9674165408110362,0.9674165408110362,0.0,,
prague,link+k10d,1,0,20,-1,0.8700944480760995,,,2.0,3.0
prague,link+k25,1,0,20,3,0.9001758221941708,0.9053828640984605,0.0052070419042896665,,
prague,link+k25,1,0,20,5,0.9411333769131934,0.9429028695083741,0.0017694925951806662,,
prague,link+k25,1,0,20,8,0.9674165408110362,0.9674165408110362,0.0,,
prague,link+k25,1,0,20,-1,0.8700944480760995,,,2.0,3.0
prague,link+k25,1,1,20,3,0.9001758221941708,0.9053828640984605,0.0052070419042896665,,
prague,link+k25,1,1,20,5,0.9411333769131934,0.9429028695083741,0.0017694925951806662,,
prague,link+k25,1,1,20,8,0.9674165408110362,0.9674165408110362,0.0,,
prague,link+k25,1,1,20,-1,0.8700944480760995,,,2.0,3.0
prague,link+k25,1,2,20,3,0.9001758221941708,0.9053828640984605,0.0052070419042896665,,
prague,link+k25,1,2,20,5,0.9411333769131934,0.9429028695083741,0.0017694925951806662,,
prague,link+k25,1,2,20,8,0.9674165408110362,0.9674165408110362,0.0,,
prague,link+k25,1,2,20,-1,0.8700944480760995,,,2.0,3.0
prague,link+k25,1,3,20,3,0.8993305231837342,0.9053828640984605,0.006052340914726284,,
prague,link+k25,1,3,20,5,0.94206884115141,0.9429028695083741,0.0008340283569641116,,
prague,link+k25,1,3,20,8,0.9670446092464441,0.9674165408110362,0.0003719315645921428,,
prague,link+k25,1,3,20,-1,0.8700944480760995,,,2.0,3.0
prague,link+k25,1,4,20,3,0.9001758221941708,0.9053828640984605,0.0052070419042896665,,
prague,link+k25,1,4,20,5,0.9411333769131934,0.9429028695083741,0.0017694925951806662,,
prague,link+k25,1,4,20,8,0.9674165408110362,0.9674165408110362,0.0,,
prague,link+k25,1,4,20,-1,0.8700944480760995,,,2.0,3.0
prague,link+k25,1,5,20,3,0.8993305231837342,0.9053828640984605,0.006052340914726284,,
prague,link+k25,1,5,20,5,0.94206884115141,0.9429028695083741,0.0008340283569641116,,
prague,link+k25,1,5,20,8,0.9670446092464441,0.9674165408110362,0.0003719315645921428,,
prague,link+k25,1,5,20,-1,0.8700944480760995,,,2.0,3.0
prague,link+k25,1,6,20,3,0.9001758221941708,0.9053828640984605,0.0052070419042896665,,
prague,link+k25,1,6,20,5,0.9411333769131934,0.9429028695083741,0.0017694925951806662,,
prague,link+k25,1,6,20,8,0.9674165408110362,0.9674165408110362,0.0,,
prague,link+k25,1,6,20,-1,0.8700944480760995,,,2.0,3.0
prague,link+k25,1,7,20,3,0.9001758221941708,0.9053828640984605,0.0052070419042896665,,
prague,link+k25,1,7,20,5,0.9411333769131934,0.9429028695083741,0.0017694925951806662,,
prague,link+k25,1,7,20,8,0.9674165408110362,0.9674165408110362,0.0,,
prague,link+k25,1,7,20,-1,0.8700944480760995,,,2.0,3.0
prague,link+k25,1,8,20,3,0.9001758221941708,0.9053828640984605,0.0052070419042896665,,
prague,link+k25,1,8,20,5,0.9411333769131934,0.9429028695083741,0.0017694925951806662,,
prague,link+k25,1,8,20,8,0.9674165408110362,0.9674165408110362,0.0,,
prague,link+k25,1,8,20,-1,0.8700944480760995,,,2.0,3.0
prague,link+k25,1,9,20,3,0.9001758221941708,0.9053828640984605,0.0052070419042896665,,
prague,link+k25,1,9,20,5,0.9411333769131934,0.9429028695083741,0.0017694925951806662,,
prague,link+k25,1,9,20,8,0.9674165408110362,0.9674165408110362,0.0,,
prague,link+k25,1,9,20,-1,0.8700944480760995,,,2.0,3.0
prague,link+k25d,1,0,20,3,0.9001758221941708,0.9053828640984605,0.0052070419042896665,,
prague,link+k25d,1,0,20,5,0.9411333769131934,0.9429028695083741,0.0017694925951806662,,
prague,link+k25d,1,0,20,8,0.9674165408110362,0.9674165408110362,0.0,,
prague,link+k25d,1,0,20,-1,0.8700944480760995,,,2.0,3.0
prague,link+k50,1,0,20,3,0.9001758221941708,0.9053828640984605,0.0052070419042896665,,
prague,link+k50,1,0,20,5,0.9411333769131934,0.9429028695083741,0.0017694925951806662,,
prague,link+k50,1,0,20,8,0.9674165408110362,0.9674165408110362,0.0,,
prague,link+k50,1,0,20,-1,0.8700944480760995,,,2.0,3.0
prague,link+k50,1,1,20,3,0.9001758221941708,0.9053828640984605,0.0052070419042896665,,
prague,link+k50,1,1,20,5,0.9411333769131934,0.9429028695083741,0.0017694925951806662,,
prague,link+k50,1,1,20,8,0.9674165408110362,0.9674165408110362,0.0,,
prague,link+k50,1,1,20,-1,0.8700944480760995,,,2.0,3.0
prague,link+k50,1,2,20,3,0.9001758221941708,0.9053828640984605,0.0052070419042896665,,
prague,link+k50,1,2,20,5,0.9411333769131934,0.9429028695083741,0.0017694925951806662,,
prague,link+k50,1,2,20,8,0.9674165408110362,0.9674165408110362,0.0,,
prague,link+k50,1,2,20,-1,0.8700944480760995,,,2.0,3.0
prague,link+k50,1,3,20,3,0.9001758221941708,0.9053828640984605,0.0052070419042896665,,
prague,link+k50,1,3,20,5,0.9411333769131934,0.9429028695083741,0.0017694925951806662,,
prague,link+k50,1,3,20,8,0.9674165408110362,0.9674165408110362,0.0,,
prague,link+k50,1,3,20,-1,0.8700944480760995,,,2.0,3.0
prague,link+k50,1,4,20,3,0.9001758221941708,0.9053828640984605,0.0052070419042896665,,
prague,link+k50,1,4,20,5,0.9411333769131934,0.9429028695083741,0.0017694925951806662,,
prague,link+k50,1,4,20,8,0.9674165408110362,0.9674165408110362,0.0,,
prague,link+k50,1,4,20,-1,0.8700944480760995,,,2.0,3.0
prague,link+k50,1,5,20,3,0.9001758221941708,0.9053828640984605,0.0052070419042896665,,
prague,link+k50,1,5,20,5,0.9411333769131934,0.9429028695083741,0.0017694925951806662,,
prague,link+k50,1,5,20,8,0.9674165408110362,0.9674165408110362,0.0,,
prague,link+k50,1,5,20,-1,0.8700944480760995,,,2.0,3.0
prague,link+k50,1,6,20,3,0.9001758221941708,0.9053828640984605,0.0052070419042896665,,
prague,link+k50,1,6,20,5,0.9411333769131934,0.9429028695083741,0.0017694925951806662,,
prague,link+k50,1,6,20,8,0.9674165408110362,0.9674165408110362,0.0,,
prague,link+k50,1,6,20,-1,0.8700944480760995,,,2.0,3.0
prague,link+k50,1,7,20,3,0.8993305231837342,0.9053828640984605,0.006052340914726284,,
prague,link+k50,1,7,20,5,0.94206884115141,0.9429028695083741,0.0008340283569641116,,
prague,link+k50,1,7,20,8,0.9674165408110362,0.9674165408110362,0.0,,
prague,link+k50,1,7,20,-1,0.8700944480760995,,,2.0,3.0
prague,link+k50,1,8,20,3,0.9001758221941708,0.9053828640984605,0.0052070419042896665,,
prague,link+k50,1,8,20,5,0.9411333769131934,0.9429028695083741,0.0017694925951806662,,
prague,link+k50,1,8,20,8,0.9674165408110362,0.9674165408110362,0.0,,
prague,link+k50,1,8,20,-1,0.8700944480760995,,,2.0,3.0
prague,link+k50,1,9,20,3,0.9001758221941708,0.9053828640984605,0.0052070419042896665,,
prague,link+k50,1,9,20,5,0.9411333769131934,0.9429028695083741,0.0017694925951806662,,
prague,link+k50,1,9,20,8,0.9674165408110362,0.9674165408110362,0.0,,
prague,link+k50,1,9,20,-1,0.8700944480760995,,,2.0,3.0
prague,link+k50d,1,0,20,3,0.9001758221941708,0.9053828640984605,0.0052070419042896665,,
prague,link+k50d,1,0,20,5,0.9411333769131934,0.9429028695083741,0.0017694925951806662,,
prague,link+k50d,1,0,20,8,0.9674165408110362,0.9674165408110362,0.0,,
prague,link+k50d,1,0,20,-1,0.8700944480760995,,,2.0,3.0
prague,link,2,0,20,3,0.8993305231837342,0.9053828640984605,0.006052340914726284,,
prague,link,2,0,20,5,0.94206884115141,0.9429028695083741,0.0008340283569641116,,
prague,link,2,0,20,8,0.9670446092464441,0.9674165408110362,0.0003719315645921428,,
prague,link,2,0,20,-1,0.8700944480760995,,,2.0,3.0
prague,link,2,0,10,3,0.8993305231837342,0.9053828640984605,0.006052340914726284,,
prague,link,2,0,10,5,0.94206884115141,0.9429028695083741,0.0008340283569641116,,
prague,link,2,0,10,8,0.9621869575998017,0.9625138065505038,0.00032684895070211883,,
prague,link,2,0,10,-1,0.8700944480760995,,,2.0,3.0
prague,link_reg,2,0,20,3,0.9053828640984605,0.9053828640984605,0.0,,
prague,link_reg,2,0,20,5,0.9405811148930415,0.9429028695083741,0.002321754615332572,,
prague,link_reg,2,0,20,8,0.9505331019092487,0.9674165408110362,0.016883438901787562,,
prague,link_reg,2,0,20,-1,0.7963618330590808,,,1.0,3.0
prague,link_reg,2,0,10,3,0.9053828640984605,0.9053828640984605,0.0,,
prague,link_reg,2,0,10,5,0.9339426999977458,0.9429028695083741,0.00896016951062828,,
prague,link_reg,2,0,10,8,0.944492031647995,0.9625138065505038,0.01802177490250878,,
prague,link_reg,2,0,10,-1,0.7963618330590808,,,1.0,3.0
prague,link+k10,2,0,20,3,0.8993305231837342,0.9053828640984605,0.006052340914726284,,
prague,link+k10,2,0,20,5,0.94206884115141,0.9429028695083741,0.0008340283569641116,,
prague,link+k10,2,0,20,8,0.9670446092464441,0.9674165408110362,0.0003719315645921428,,
prague,link+k10,2,0,20,-1,0.8700944480760995,,,2.0,3.0
prague,link+k10,2,1,20,3,0.8993305231837342,0.9053828640984605,0.006052340914726284,,
prague,link+k10,2,1,20,5,0.94206884115141,0.9429028695083741,0.0008340283569641116,,
prague,link+k10,2,1,20,8,0.9670446092464441,0.9674165408110362,0.0003719315645921428,,
prague,link+k10,2,1,20,-1,0.8700944480760995,,,2.0,3.0
prague,link+k10,2,2,20,3,0.8993305231837342,0.9053828640984605,0.006052340914726284,,
prague,link+k10,2,2,20,5,0.94206884115141,0.9429028695083741,0.0008340283569641116,,
prague,link+k10,2,2,20,8,0.9670446092464441,0.9674165408110362,0.0003719315645921428,,
prague,link+k10,2,2,20,-1,0.8700944480760995,,,2.0,3.0
prague,link+k10,2,3,20,3,0.8993305231837342,0.9053828640984605,0.006052340914726284,,
prague,link+k10,2,3,20,5,0.94206884115141,0.9429028695083741,0.0008340283569641116,,
prague,link+k10,2,3,20,8,0.9670446092464441,0.9674165408110362,0.0003719315645921428,,
prague,link+k10,2,3,20,-1,0.8700944480760995,,,2.0,3.0
prague,link+k10,2,4,20,3,0.8993305231837342,0.9053828640984605,0.006052340914726284,,
prague,link+k10,2,4,20,5,0.94206884115141,0.9429028695083741,0.0008340283569641116,,
prague,link+k10,2,4,20,8,0.9670446092464441,0.9674165408110362,0.0003719315645921428,,
prague,link+k10,2,4,20,-1,0.8700944480760995,,,2.0,3.0
prague,link+k10,2,5,20,3,0.8993305231837342,0.9053828640984605,0.006052340914726284,,
prague,link+k10,2,5,20,5,0.94206884115141,0.9429028695083741,0.0008340283569641116,,
prague,link+k10,2,5,20,8,0.9670446092464441,0.9674165408110362,0.0003719315645921428,,
prague,link+k10,2,5,20,-1,0.8700944480760995,,,2.0,3.0
prague,link+k10,2,6,20,3,0.8993305231837342,0.9053828640984605,0.006052340914726284,,
prague,link+k10,2,6,20,5,0.94206884115141,0.9429028695083741,0.0008340283569641116,,
prague,link+k10,2,6,20,8,0.9674165408110362,0.9674165408110362,0.0,,
prague,link+k10,2,6,20,-1,0.8700944480760995,,,2.0,3.0
prague,link+k10,2,7,20,3,0.8993305231837342,0.9053828640984605,0.006052340914726284,,
prague,link+k10,2,7,20,5,0.94206884115141,0.9429028695083741,0.0008340283569641116,,
prague,link+k10,2,7,20,8,0.9670446092464441,0.9674165408110362,0.0003719315645921428,,
prague,link+k10,2,7,20,-1,0.8700944480760995,,,2.0,3.0
prague,link+k10,2,8,20,3,0.8993305231837342,0.9053828640984605,0.006052340914726284,,
prague,link+k10,2,8,20,5,0.94206884115141,0.9429028695083741,0.0008340283569641116,,
prague,link+k10,2,8,20,8,0.9670446092464441,0.9674165408110362,0.0003719315645921428,,
prague,link+k10,2,8,20,-1,0.8700944480760995,,,2.0,3.0
prague,link+k10,2,9,20,3,0.8993305231837342,0.9053828640984605,0.006052340914726284,,
prague,link+k10,2,9,20,5,0.94206884115141,0.9429028695083741,0.0008340283569641116,,
prague,link+k10,2,9,20,8,0.9670446092464441,0.9674165408110362,0.0003719315645921428,,
prague,link+k10,2,9,20,-1,0.8700944480760995,,,2.0,3.0
prague,link+k10d,2,0,20,3,0.8993305231837342,0.9053828640984605,0.006052340914726284,,
prague,link+k10d,2,0,20,5,0.94206884115141,0.9429028695083741,0.0008340283569641116,,
prague,link+k10d,2,0,20,8,0.9670446092464441,0.9674165408110362,0.0003719315645921428,,
prague,link+k10d,2,0,20,-1,0.8700944480760995,,,2.0,3.0
prague,link+k25,2,0,20,3,0.8993305231837342,0.9053828640984605,0.006052340914726284,,
prague,link+k25,2,0,20,5,0.94206884115141,0.9429028695083741,0.0008340283569641116,,
prague,link+k25,2,0,20,8,0.9670446092464441,0.9674165408110362,0.0003719315645921428,,
prague,link+k25,2,0,20,-1,0.8700944480760995,,,2.0,3.0
prague,link+k25,2,1,20,3,0.8993305231837342,0.9053828640984605,0.006052340914726284,,
prague,link+k25,2,1,20,5,0.94206884115141,0.9429028695083741,0.0008340283569641116,,
prague,link+k25,2,1,20,8,0.9670446092464441,0.9674165408110362,0.0003719315645921428,,
prague,link+k25,2,1,20,-1,0.8700944480760995,,,2.0,3.0
prague,link+k25,2,2,20,3,0.8993305231837342,0.9053828640984605,0.006052340914726284,,
prague,link+k25,2,2,20,5,0.94206884115141,0.9429028695083741,0.0008340283569641116,,
prague,link+k25,2,2,20,8,0.9670446092464441,0.9674165408110362,0.0003719315645921428,,
prague,link+k25,2,2,20,-1,0.8700944480760995,,,2.0,3.0
prague,link+k25,2,3,20,3,0.8993305231837342,0.9053828640984605,0.006052340914726284,,
prague,link+k25,2,3,20,5,0.94206884115141,0.9429028695083741,0.0008340283569641116,,
prague,link+k25,2,3,20,8,0.9670446092464441,0.9674165408110362,0.0003719315645921428,,
prague,link+k25,2,3,20,-1,0.8700944480760995,,,2.0,3.0
prague,link+k25,2,4,20,3,0.8993305231837342,0.9053828640984605,0.006052340914726284,,
prague,link+k25,2,4,20,5,0.94206884115141,0.9429028695083741,0.0008340283569641116,,
prague,link+k25,2,4,20,8,0.9670446092464441,0.9674165408110362,0.0003719315645921428,,
prague,link+k25,2,4,20,-1,0.8700944480760995,,,2.0,3.0
prague,link+k25,2,5,20,3,0.8993305231837342,0.9053828640984605,0.006052340914726284,,
prague,link+k25,2,5,20,5,0.94206884115141,0.9429028695083741,0.0008340283569641116,,
prague,link+k25,2,5,20,8,0.9670446092464441,0.9674165408110362,0.0003719315645921428,,
prague,link+k25,2,5,20,-1,0.8700944480760995,,,2.0,3.0
prague,link+k25,2,6,20,3,0.8993305231837342,0.9053828640984605,0.006052340914726284,,
prague,link+k25,2,6,20,5,0.94206884115141,0.9429028695083741,0.0008340283569641116,,
prague,link+k25,2,6,20,8,0.9670446092464441,0.9674165408110362,0.0003719315645921428,,
prague,link+k25,2,6,20,-1,0.8700944480760995,,,2.0,3.0
prague,link+k25,2,7,20,3,0.8993305231837342,0.9053828640984605,0.006052340914726284,,
prague,link+k25,2,7,20,5,0.94206884115141,0.9429028695083741,0.0008340283569641116,,
prague,link+k25,2,7,20,8,0.9670446092464441,0.9674165408110362,0.0003719315645921428,,
prague,link+k25,2,7,20,-1,0.8700944480760995,,,2.0,3.0
prague,link+k25,2,8,20,3,0.8993305231837342,0.9053828640984605,0.006052340914726284,,
prague,link+k25,2,8,20,5,0.94206884115141,0.9429028695083741,0.0008340283569641116,,
prague,link+k25,2,8,20,8,0.9674165408110362,0.9674165408110362,0.0,,
prague,link+k25,2,8,20,-1,0.8700944480760995,,,2.0,3.0
prague,link+k25,2,9,20,3,0.8993305231837342,0.9053828640984605,0.006052340914726284,,
prague,link+k25,2,9,20,5,0.94206884115141,0.9429028695083741,0.0008340283569641116,,
prague,link+k25,2,9,20,8,0.9670446092464441,0.9674165408110362,0.0003719315645921428,,
prague,link+k25,2,9,20,-1,0.8700944480760995,,,2.0,3.0
prague,link+k25d,2,0,20,3,0.8993305231837342,0.9053828640984605,0.006052340914726284,,
prague,link+k25d,2,0,20,5,0.94206884115141,0.9429028695083741,0.0008340283569641116,,
prague,link+k25d,2,0,20,8,0.9670446092464441,0.9674165408110362,0.0003719315645921428,,
prague,link+k25d,2,0,20,-1,0.8700944480760995,,,2.0,3.0
prague,link+k50,2,0,20,3,0.8993305231837342,0.9053828640984605,0.006052340914726284,,
prague,link+k50,2,0,20,5,0.94206884115141,0.9429028695083741,0.0008340283569641116,,
prague,link+k50,2,0,20,8,0.9674165408110362,0.9674165408110362,0.0,,
prague,link+k50,2,0,20,-1,0.8700944480760995,,,2.0,3.0
prague,link+k50,2,1,20,3,0.8993305231837342,0.9053828640984605,0.006052340914726284,,
prague,link+k50,2,1,20,5,0.94206884115141,0.9429028695083741,0.0008340283569641116,,
prague,link+k50,2,1,20,8,0.9670446092464441,0.9674165408110362,0.0003719315645921428,,
prague,link+k50,2,1,20,-1,0.8700944480760995,,,2.0,3.0
prague,link+k50,2,2,20,3,0.8993305231837342,0.9053828640984605,0.006052340914726284,,
prague,link+k50,2,2,20,5,0.94206884115141,0.9429028695083741,0.0008340283569641116,,
prague,link+k50,2,2,20,8,0.9670446092464441,0.9674165408110362,0.0003719315645921428,,
prague,link+k50,2,2,20,-1,0.8700944480760995,,,2.0,3.0
prague,link+k50,2,3,20,3,0.8993305231837342,0.9053828640984605,0.006052340914726284,,
prague,link+k50,2,3,20,5,0.94206884115141,0.9429028695083741,0.0008340283569641116,,
prague,link+k50,2,3,20,8,0.9670446092464441,0.9674165408110362,0.0003719315645921428,,
prague,link+k50,2,3,20,-1,0.8700944480760995,,,2.0,3.0
prague,link+k50,2,4,20,3,0.8993305231837342,0.9053828640984605,0.006052340914726284,,
prague,link+k50,2,4,20,5,0.94206884115141,0.9429028695083741,0.0008340283569641116,,
prague,link+k50,2,4,20,8,0.9670446092464441,0.9674165408110362,0.0003719315645921428,,
prague,link+k50,2,4,20,-1,0.8700944480760995,,,2.0,3.0
prague,link+k50,2,5,20,3,0.8993305231837342,0.9053828640984605,0.006052340914726284,,
prague,link+k50,2,5,20,5,0.94206884115141,0.9429028695083741,0.0008340283569641116,,
prague,link+k50,2,5,20,8,0.9674165408110362,0.9674165408110362,0.0,,
prague,link+k50,2,5,20,-1,0.8700944480760995,,,2.0,3.0
prague,link+k50,2,6,20,3,0.8993305231837342,0.9053828640984605,0.006052340914726284,,
prague,link+k50,2,6,20,5,0.94206884115141,0.9429028695083741,0.0008340283569641116,,
prague,link+k50,2,6,20,8,0.9674165408110362,0.9674165408110362,0.0,,
prague,link+k50,2,6,20,-1,0.8700944480760995,,,2.0,3.0
prague,link+k50,2,7,20,3,0.8993305231837342,0.9053828640984605,0.006052340914726284,,
prague,link+k50,2,7,20,5,0.94206884115141,0.9429028695083741,0.0008340283569641116,,
prague,link+k50,2,7,20,8,0.9670446092464441,0.9674165408110362,0.0003719315645921428,,
prague,link+k50,2,7,20,-1,0.8700944480760995,,,2.0,3.0
prague,link+k50,2,8,20,3,0.8993305231837342,0.9053828640984605,0.006052340914726284,,
prague,link+k50,2,8,20,5,0.94206884115141,0.9429028695083741,0.0008340283569641116,,
prague,link+k50,2,8,20,8,0.9674165408110362,0.9674165408110362,0.0,,
prague,link+k50,2,8,20,-1,0.8700944480760995,,,2.0,3.0
prague,link+k50,2,9,20,3,0.8993305231837342,0.9053828640984605,0.006052340914726284,,
prague,link+k50,2,9,20,5,0.94206884115141,0.9429028695083741,0.0008340283569641116,,
prague,link+k50,2,9,20,8,0.9674165408110362,0.9674165408110362,0.0,,
prague,link+k50,2,9,20,-1,0.8700944480760995,,,2.0,3.0
prague,link+k50d,2,0,20,3,0.8993305231837342,0.9053828640984605,0.006052340914726284,,
prague,link+k50d,2,0,20,5,0.94206884115141,0.9429028695083741,0.0008340283569641116,,
prague,link+k50d,2,0,20,8,0.9670446092464441,0.9674165408110362,0.0003719315645921428,,
prague,link+k50d,2,0,20,-1,0.8700944480760995,,,2.0,3.0
prague,link,3,0,20,3,0.8993305231837342,0.9053828640984605,0.006052340914726284,,
prague,link,3,0,20,5,0.94206884115141,0.9429028695083741,0.0008340283569641116,,
prague,link,3,0,20,8,0.9674165408110362,0.9674165408110362,0.0,,
prague,link,3,0,20,-1,0.8700944480760995,,,2.0,3.0
prague,link,3,0,10,3,0.8993305231837342,0.9053828640984605,0.006052340914726284,,
prague,link,3,0,10,5,0.94206884115141,0.9429028695083741,0.0008340283569641116,,
prague,link,3,0,10,8,0.9621869575998017,0.9625138065505038,0.00032684895070211883,,
prague,link,3,0,10,-1,0.8700944480760995,,,2.0,3.0
prague,link_reg,3,0,20,3,0.9053828640984605,0.9053828640984605,0.0,,
prague,link_reg,3,0,20,5,0.9405811148930415,0.9429028695083741,0.002321754615332572,,
prague,link_reg,3,0,20,8,0.9491129995717151,0.9674165408110362,0.018303541239321097,,
prague,link_reg,3,0,20,-1,0.7963618330590808,,,1.0,3.0
prague,link_reg,3,0,10,3,0.9053828640984605,0.9053828640984605,0.0,,
prague,link_reg,3,0,10,5,0.9411333769131934,0.9429028695083741,0.0017694925951806662,,
prague,link_reg,3,0,10,8,0.9436241913306134,0.9625138065505038,0.01888961521989041,,
prague,link_reg,3,0,10,-1,0.7963618330590808,,,1.0,3.0
prague,link+k10,3,0,20,3,0.8993305231837342,0.9053828640984605,0.006052340914726284,,
prague,link+k10,3,0,20,5,0.94206884115141,0.9429028695083741,0.0008340283569641116,,
prague,link+k10,3,0,20,8,0.9674165408110362,0.9674165408110362,0.0,,
prague,link+k10,3,0,20,-1,0.8700944480760995,,,2.0,3.0
prague,link+k10,3,1,20,3,0.8993305231837342,0.9053828640984605,0.006052340914726284,,
prague,link+k10,3,1,20,5,0.94206884115141,0.9429028695083741,0.0008340283569641116,,
prague,link+k10,3,1,20,8,0.9674165408110362,0.9674165408110362,0.0,,
prague,link+k10,3,1,20,-1,0.8700944480760995,,,2.0,3.0
prague,link+k10,3,2,20,3,0.8993305231837342,0.9053828640984605,0.006052340914726284,,
prague,link+k10,3,2,20,5,0.94206884115141,0.9429028695083741,0.0008340283569641116,,
prague,link+k10,3,2,20,8,0.9670446092464441,0.9674165408110362,0.0003719315645921428,,
prague,link+k10,3,2,20,-1,0.8700944480760995,,,2.0,3.0
prague,link+k10,3,3,20,3,0.8993305231837342,0.9053828640984605,0.006052340914726284,,
prague,link+k10,3,3,20,5,0.94206884115141,0.9429028695083741,0.0008340283569641116,,
prague,link+k10,3,3,20,8,0.9674165408110362,0.9674165408110362,0.0,,
prague,link+k10,3,3,20,-1,0.8700944480760995,,,2.0,3.0
prague,link+k10,3,4,20,3,0.8993305231837342,0.9053828640984605,0.006052340914726284,,
prague,link+k10,3,4,20,5,0.94206884115141,0.9429028695083741,0.0008340283569641116,,
prague,link+k10,3,4,20,8,0.9674165408110362,0.9674165408110362,0.0,,
prague,link+k10,3,4,20,-1,0.8700944480760995,,,2.0,3.0
prague,link+k10,3,5,20,3,0.8993305231837342,0.9053828640984605,0.006052340914726284,,
prague,link+k10,3,5,20,5,0.94206884115141,0.9429028695083741,0.0008340283569641116,,
prague,link+k10,3,5,20,8,0.9670446092464441,0.9674165408110362,0.0003719315645921428,,
prague,link+k10,3,5,20,-1,0.8700944480760995,,,2.0,3.0
prague,link+k10,3,6,20,3,0.8993305231837342,0.9053828640984605,0.006052340914726284,,
prague,link+k10,3,6,20,5,0.94206884115141,0.9429028695083741,0.0008340283569641116,,
prague,link+k10,3,6,20,8,0.9674165408110362,0.9674165408110362,0.0,,
prague,link+k10,3,6,20,-1,0.8700944480760995,,,2.0,3.0
prague,link+k10,3,7,20,3,0.8993305231837342,0.9053828640984605,0.006052340914726284,,
prague,link+k10,3,7,20,5,0.94206884115141,0.9429028695083741,0.0008340283569641116,,
prague,link+k10,3,7,20,8,0.9674165408110362,0.9674165408110362,0.0,,
prague,link+k10,3,7,20,-1,0.8700944480760995,,,2.0,3.0
prague,link+k10,3,8,20,3,0.8993305231837342,0.9053828640984605,0.006052340914726284,,
prague,link+k10,3,8,20,5,0.94206884115141,0.9429028695083741,0.0008340283569641116,,
prague,link+k10,3,8,20,8,0.9674165408110362,0.9674165408110362,0.0,,
prague,link+k10,3,8,20,-1,0.8700944480760995,,,2.0,3.0
prague,link+k10,3,9,20,3,0.8993305231837342,0.9053828640984605,0.006052340914726284,,
prague,link+k10,3,9,20,5,0.94206884115141,0.9429028695083741,0.0008340283569641116,,
prague,link+k10,3,9,20,8,0.9674165408110362,0.9674165408110362,0.0,,
prague,link+k10,3,9,20,-1,0.8700944480760995,,,2.0,3.0
prague,link+k10d,3,0,20,3,0.8993305231837342,0.9053828640984605,0.006052340914726284,,
prague,link+k10d,3,0,20,5,0.94206884115141,0.9429028695083741,0.0008340283569641116,,
prague,link+k10d,3,0,20,8,0.9674165408110362,0.9674165408110362,0.0,,
prague,link+k10d,3,0,20,-1,0.8700944480760995,,,2.0,3.0
prague,link+k25,3,0,20,3,0.8993305231837342,0.9053828640984605,0.006052340914726284,,
prague,link+k25,3,0,20,5,0.94206884115141,0.9429028695083741,0.0008340283569641116,,
prague,link+k25,3,0,20,8,0.9674165408110362,0.9674165408110362,0.0,,
prague,link+k25,3,0,20,-1,0.8700944480760995,,,2.0,3.0
prague,link+k25,3,1,20,3,0.8993305231837342,0.9053828640984605,0.006052340914726284,,
prague,link+k25,3,1,20,5,0.94206884115141,0.9429028695083741,0.0008340283569641116,,
prague,link+k25,3,1,20,8,0.9674165408110362,0.9674165408110362,0.0,,
prague,link+k25,3,1,20,-1,0.8700944480760995,,,2.0,3.0
prague,link+k25,3,2,20,3,0.8993305231837342,0.9053828640984605,0.006052340914726284,,
prague,link+k25,3,2,20,5,0.94206884115141,0.9429028695083741,0.0008340283569641116,,
prague,link+k25,3,2,20,8,0.9670446092464441,0.9674165408110362,0.0003719315645921428,,
prague,link+k25,3,2,20,-1,0.8700944480760995,,,2.0,3.0
prague,link+k25,3,3,20,3,0.8993305231837342,0.9053828640984605,0.006052340914726284,,
prague,link+k25,3,3,20,5,0.94206884115141,0.9429028695083741,0.0008340283569641116,,
prague,link+k25,3,3,20,8,0.9670446092464441,0.9674165408110362,0.0003719315645921428,,
prague,link+k25,3,3,20,-1,0.8700944480760995,,,2.0,3.0
prague,link+k25,3,4,20,3,0.8993305231837342,0.9053828640984605,0.006052340914726284,,
prague,link+k25,3,4,20,5,0.94206884115141,0.9429028695083741,0.0008340283569641116,,
prague,link+k25,3,4,20,8,0.9674165408110362,0.9674165408110362,0.0,,
prague,link+k25,3,4,20,-1,0.8700944480760995,,,2.0,3.0
prague,link+k25,3,5,20,3,0.8993305231837342,0.9053828640984605,0.006052340914726284,,
prague,link+k25,3,5,20,5,0.94206884115141,0.9429028695083741,0.0008340283569641116,,
prague,link+k25,3,5,20,8,0.9674165408110362,0.9674165408110362,0.0,,
prague,link+k25,3,5,20,-1,0.8700944480760995,,,2.0,3.0
prague,link+k25,3,6,20,3,0.8993305231837342,0.9053828640984605,0.006052340914726284,,
prague,link+k25,3,6,20,5,0.94206884115141,0.9429028695083741,0.0008340283569641116,,
prague,link+k25,3,6,20,8,0.9674165408110362,0.9674165408110362,0.0,,
prague,link+k25,3,6,20,-1,0.8700944480760995,,,2.0,3.0
prague,link+k25,3,7,20,3,0.8993305231837342,0.9053828640984605,0.006052340914726284,,
prague,link+k25,3,7,20,5,0.94206884115141,0.9429028695083741,0.0008340283569641116,,
prague,link+k25,3,7,20,8,0.9674165408110362,0.9674165408110362,0.0,,
prague,link+k25,3,7,20,-1,0.8700944480760995,,,2.0,3.0
prague,link+k25,3,8,20,3,0.8993305231837342,0.9053828640984605,0.006052340914726284,,
prague,link+k25,3,8,20,5,0.94206884115141,0.9429028695083741,0.0008340283569641116,,
prague,link+k25,3,8,20,8,0.9674165408110362,0.9674165408110362,0.0,,
prague,link+k25,3,8,20,-1,0.8700944480760995,,,2.0,3.0
prague,link+k25,3,9,20,3,0.8993305231837342,0.9053828640984605,0.006052340914726284,,
prague,link+k25,3,9,20,5,0.94206884115141,0.9429028695083741,0.0008340283569641116,,
prague,link+k25,3,9,20,8,0.9674165408110362,0.9674165408110362,0.0,,
prague,link+k25,3,9,20,-1,0.8700944480760995,,,2.0,3.0
prague,link+k25d,3,0,20,3,0.8993305231837342,0.9053828640984605,0.006052340914726284,,
prague,link+k25d,3,0,20,5,0.94206884115141,0.9429028695083741,0.0008340283569641116,,
prague,link+k25d,3,0,20,8,0.9674165408110362,0.9674165408110362,0.0,,
prague,link+k25d,3,0,20,-1,0.8700944480760995,,,2.0,3.0
prague,link+k50,3,0,20,3,0.8993305231837342,0.9053828640984605,0.006052340914726284,,
prague,link+k50,3,0,20,5,0.94206884115141,0.9429028695083741,0.0008340283569641116,,
prague,link+k50,3,0,20,8,0.9674165408110362,0.9674165408110362,0.0,,
prague,link+k50,3,0,20,-1,0.8700944480760995,,,2.0,3.0
prague,link+k50,3,1,20,3,0.8993305231837342,0.9053828640984605,0.006052340914726284,,
prague,link+k50,3,1,20,5,0.94206884115141,0.9429028695083741,0.0008340283569641116,,
prague,link+k50,3,1,20,8,0.9674165408110362,0.9674165408110362,0.0,,
prague,link+k50,3,1,20,-1,0.8700944480760995,,,2.0,3.0
prague,link+k50,3,2,20,3,0.8993305231837342,0.9053828640984605,0.006052340914726284,,
prague,link+k50,3,2,20,5,0.94206884115141,0.9429028695083741,0.0008340283569641116,,
prague,link+k50,3,2,20,8,0.9674165408110362,0.9674165408110362,0.0,,
prague,link+k50,3,2,20,-1,0.8700944480760995,,,2.0,3.0
prague,link+k50,3,3,20,3,0.8993305231837342,0.9053828640984605,0.006052340914726284,,
prague,link+k50,3,3,20,5,0.94206884115141,0.9429028695083741,0.0008340283569641116,,
prague,link+k50,3,3,20,8,0.9674165408110362,0.9674165408110362,0.0,,
prague,link+k50,3,3,20,-1,0.8700944480760995,,,2.0,3.0
prague,link+k50,3,4,20,3,0.8993305231837342,0.9053828640984605,0.006052340914726284,,
prague,link+k50,3,4,20,5,0.94206884115141,0.9429028695083741,0.0008340283569641116,,
prague,link+k50,3,4,20,8,0.9674165408110362,0.9674165408110362,0.0,,
prague,link+k50,3,4,20,-1,0.8700944480760995,,,2.0,3.0
prague,link+k50,3,5,20,3,0.8993305231837342,0.9053828640984605,0.006052340914726284,,
prague,link+k50,3,5,20,5,0.94206884115141,0.9429028695083741,0.0008340283569641116,,
prague,link+k50,3,5,20,8,0.9674165408110362,0.9674165408110362,0.0,,
prague,link+k50,3,5,20,-1,0.8700944480760995,,,2.0,3.0
prague,link+k50,3,6,20,3,0.8993305231837342,0.9053828640984605,0.006052340914726284,,
prague,link+k50,3,6,20,5,0.94206884115141,0.9429028695083741,0.0008340283569641116,,
prague,link+k50,3,6,20,8,0.9674165408110362,0.9674165408110362,0.0,,
prague,link+k50,3,6,20,-1,0.8700944480760995,,,2.0,3.0
prague,link+k50,3,7,20,3,0.8993305231837342,0.9053828640984605,0.006052340914726284,,
prague,link+k50,3,7,20,5,0.94206884115141,0.9429028695083741,0.0008340283569641116,,
prague,link+k50,3,7,20,8,0.9674165408110362,0.9674165408110362,0.0,,
prague,link+k50,3,7,20,-1,0.8700944480760995,,,2.0,3.0
prague,link+k50,3,8,20,3,0.8993305231837342,0.9053828640984605,0.006052340914726284,,
prague,link+k50,3,8,20,5,0.94206884115141,0.9429028695083741,0.0008340283569641116,,
prague,link+k50,3,8,20,8,0.9674165408110362,0.9674165408110362,0.0,,
prague,link+k50,3,8,20,-1,0.8700944480760995,,,2.0,3.0
prague,link+k50,3,9,20,3,0.8993305231837342,0.9053828640984605,0.006052340914726284,,
prague,link+k50,3,9,20,5,0.94206884115141,0.9429028695083741,0.0008340283569641116,,
prague,link+k50,3,9,20,8,0.9674165408110362,0.9674165408110362,0.0,,
prague,link+k50,3,9,20,-1,0.8700944480760995,,,2.0,3.0
prague,link+k50d,3,0,20,3,0.8993305231837342,0.9053828640984605,0.006052340914726284,,
prague,link+k50d,3,0,20,5,0.94206884115141,0.9429028695083741,0.0008340283569641116,,
prague,link+k50d,3,0,20,8,0.9674165408110362,0.9674165408110362,0.0,,
prague,link+k50d,3,0,20,-1,0.8700944480760995,,,2.0,3.0
prague,link,4,0,20,3,0.9001758221941708,0.9053828640984605,0.0052070419042896665,,
prague,link,4,0,20,5,0.9411333769131934,0.9429028695083741,0.0017694925951806662,,
prague,link,4,0,20,8,0.9674165408110362,0.9674165408110362,0.0,,
prague,link,4,0,20,-1,0.8700944480760995,,,2.0,3.0
prague,link,4,0,10,3,0.9001758221941708,0.9053828640984605,0.0052070419042896665,,
prague,link,4,0,10,5,0.9411333769131934,0.9429028695083741,0.0017694925951806662,,
prague,link,4,0,10,8,0.9621869575998017,0.9625138065505038,0.00032684895070211883,,
prague,link,4,0,10,-1,0.8700944480760995,,,2.0,3.0
prague,link_reg,4,0,20,3,0.9053828640984605,0.9053828640984605,0.0,,
prague,link_reg,4,0,20,5,0.9339426999977458,0.9429028695083741,0.00896016951062828,,
prague,link_reg,4,0,20,8,0.9339426999977458,0.9674165408110362,0.03347384081329041,,
prague,link_reg,4,0,20,-1,0.7963618330590808,,,1.0,3.0
prague,link_reg,4,0,10,3,0.9053828640984605,0.9053828640984605,0.0,,
prague,link_reg,4,0,10,5,0.9339426999977458,0.9429028695083741,0.00896016951062828,,
prague,link_reg,4,0,10,8,0.9339426999977458,0.9625138065505038,0.028571106552757963,,
prague,link_reg,4,0,10,-1,0.7963618330590808,,,1.0,3.0
prague,link+k10,4,0,20,3,0.9001758221941708,0.9053828640984605,0.0052070419042896665,,
prague,link+k10,4,0,20,5,0.9411333769131934,0.9429028695083741,0.0017694925951806662,,
prague,link+k10,4,0,20,8,0.9674165408110362,0.9674165408110362,0.0,,
prague,link+k10,4,0,20,-1,0.8700944480760995,,,2.0,3.0
prague,link+k10,4,1,20,3,0.9001758221941708,0.9053828640984605,0.0052070419042896665,,
prague,link+k10,4,1,20,5,0.9411333769131934,0.9429028695083741,0.0017694925951806662,,
prague,link+k10,4,1,20,8,0.9674165408110362,0.9674165408110362,0.0,,
prague,link+k10,4,1,20,-1,0.8700944480760995,,,2.0,3.0
prague,link+k10,4,2,20,3,0.8993305231837342,0.9053828640984605,0.006052340914726284,,
prague,link+k10,4,2,20,5,0.94206884115141,0.9429028695083741,0.0008340283569641116,,
prague,link+k10,4,2,20,8,0.9670446092464441,0.9674165408110362,0.0003719315645921428,,
prague,link+k10,4,2,20,-1,0.8700944480760995,,,2.0,3.0
prague,link+k10,4,3,20,3,0.9001758221941708,0.9053828640984605,0.0052070419042896665,,
prague,link+k10,4,3,20,5,0.9411333769131934,0.9429028695083741,0.0017694925951806662,,
prague,link+k10,4,3,20,8,0.9674165408110362,0.9674165408110362,0.0,,
prague,link+k10,4,3,20,-1,0.8700944480760995,,,2.0,3.0
prague,link+k10,4,4,20,3,0.9001758221941708,0.9053828640984605,0.0052070419042896665,,
prague,link+k10,4,4,20,5,0.9411333769131934,0.9429028695083741,0.0017694925951806662,,
prague,link+k10,4,4,20,8,0.9674165408110362,0.9674165408110362,0.0,,
prague,link+k10,4,4,20,-1,0.8700944480760995,,,2.0,3.0
prague,link+k10,4,5,20,3,0.9001758221941708,0.9053828640984605,0.0052070419042896665,,
prague,link+k10,4,5,20,5,0.9411333769131934,0.9429028695083741,0.0017694925951806662,,
prague,link+k10,4,5,20,8,0.9674165408110362,0.9674165408110362,0.0,,
prague,link+k10,4,5,20,-1,0.8700944480760995,,,2.0,3.0
prague,link+k10,4,6,20,3,0.9001758221941708,0.9053828640984605,0.0052070419042896665,,
prague,link+k10,4,6,20,5,0.9411333769131934,0.9429028695083741,0.0017694925951806662,,
prague,link+k10,4,6,20,8,0.9674165408110362,0.9674165408110362,0.0,,
prague,link+k10,4,6,20,-1,0.8700944480760995,,,2.0,3.0
prague,link+k10,4,7,20,3,0.9001758221941708,0.9053828640984605,0.0052070419042896665,,
prague,link+k10,4,7,20,5,0.9411333769131934,0.9429028695083741,0.0017694925951806662,,
prague,link+k10,4,7,20,8,0.9674165408110362,0.9674165408110362,0.0,,
prague,link+k10,4,7,20,-1,0.8700944480760995,,,2.0,3.0
prague,link+k10,4,8,20,3,0.9001758221941708,0.9053828640984605,0.0052070419042896665,,
prague,link+k10,4,8,20,5,0.9411333769131934,0.9429028695083741,0.0017694925951806662,,
prague,link+k10,4,8,20,8,0.9674165408110362,0.9674165408110362,0.0,,
prague,link+k10,4,8,20,-1,0.8700944480760995,,,2.0,3.0
prague,link+k10,4,9,20,3,0.9001758221941708,0.9053828640984605,0.0052070419042896665,,
prague,link+k10,4,9,20,5,0.9411333769131934,0.9429028695083741,0.0017694925951806662,,
prague,link+k10,4,9,20,8,0.9674165408110362,0.9674165408110362,0.0,,
prague,link+k10,4,9,20,-1,0.8700944480760995,,,2.0,3.0
prague,link+k10d,4,0,20,3,0.9001758221941708,0.9053828640984605,0.0052070419042896665,,
prague,link+k10d,4,0,20,5,0.9411333769131934,0.9429028695083741,0.0017694925951806662,,
prague,link+k10d,4,0,20,8,0.9674165408110362,0.9674165408110362,0.0,,
prague,link+k10d,4,0,20,-1,0.8700944480760995,,,2.0,3.0
prague,link+k25,4,0,20,3,0.9001758221941708,0.9053828640984605,0.0052070419042896665,,
prague,link+k25,4,0,20,5,0.9411333769131934,0.9429028695083741,0.0017694925951806662,,
prague,link+k25,4,0,20,8,0.9674165408110362,0.9674165408110362,0.0,,
prague,link+k25,4,0,20,-1,0.8700944480760995,,,2.0,3.0
prague,link+k25,4,1,20,3,0.9001758221941708,0.9053828640984605,0.0052070419042896665,,
prague,link+k25,4,1,20,5,0.9411333769131934,0.9429028695083741,0.0017694925951806662,,
prague,link+k25,4,1,20,8,0.9674165408110362,0.9674165408110362,0.0,,
prague,link+k25,4,1,20,-1,0.8700944480760995,,,2.0,3.0
prague,link+k25,4,2,20,3,0.9001758221941708,0.9053828640984605,0.0052070419042896665,,
prague,link+k25,4,2,20,5,0.9411333769131934,0.9429028695083741,0.0017694925951806662,,
prague,link+k25,4,2,20,8,0.9674165408110362,0.9674165408110362,0.0,,
prague,link+k25,4,2,20,-1,0.8700944480760995,,,2.0,3.0
prague,link+k25,4,3,20,3,0.8993305231837342,0.9053828640984605,0.006052340914726284,,
prague,link+k25,4,3,20,5,0.94206884115141,0.9429028695083741,0.0008340283569641116,,
prague,link+k25,4,3,20,8,0.9670446092464441,0.9674165408110362,0.0003719315645921428,,
prague,link+k25,4,3,20,-1,0.8700944480760995,,,2.0,3.0
prague,link+k25,4,4,20,3,0.9001758221941708,0.9053828640984605,0.0052070419042896665,,
prague,link+k25,4,4,20,5,0.9411333769131934,0.9429028695083741,0.0017694925951806662,,
prague,link+k25,4,4,20,8,0.9674165408110362,0.9674165408110362,0.0,,
prague,link+k25,4,4,20,-1,0.8700944480760995,,,2.0,3.0
prague,link+k25,4,5,20,3,0.9001758221941708,0.9053828640984605,0.0052070419042896665,,
prague,link+k25,4,5,20,5,0.9411333769131934,0.9429028695083741,0.0017694925951806662,,
prague,link+k25,4,5,20,8,0.9674165408110362,0.9674165408110362,0.0,,
prague,link+k25,4,5,20,-1,0.8700944480760995,,,2.0,3.0
prague,link+k25,4,6,20,3,0.9001758221941708,0.9053828640984605,0.0052070419042896665,,
prague,link+k25,4,6,20,5,0.9411333769131934,0.9429028695083741,0.0017694925951806662,,
prague,link+k25,4,6,20,8,0.9674165408110362,0.9674165408110362,0.0,,
prague,link+k25,4,6,20,-1,0.8700944480760995,,,2.0,3.0
prague,link+k25,4,7,20,3,0.9001758221941708,0.9053828640984605,0.0052070419042896665,,
prague,link+k25,4,7,20,5,0.9411333769131934,0.9429028695083741,0.0017694925951806662,,
prague,link+k25,4,7,20,8,0.9674165408110362,0.9674165408110362,0.0,,
prague,link+k25,4,7,20,-1,0.8700944480760995,,,2.0,3.0
prague,link+k25,4,8,20,3,0.9001758221941708,0.9053828640984605,0.0052070419042896665,,
prague,link+k25,4,8,20,5,0.9411333769131934,0.9429028695083741,0.0017694925951806662,,
prague,link+k25,4,8,20,8,0.9674165408110362,0.9674165408110362,0.0,,
prague,link+k25,4,8,20,-1,0.8700944480760995,,,2.0,3.0
prague,link+k25,4,9,20,3,0.9001758221941708,0.9053828640984605,0.0052070419042896665,,
prague,link+k25,4,9,20,5,0.9411333769131934,0.9429028695083741,0.0017694925951806662,,
prague,link+k25,4,9,20,8,0.9674165408110362,0.9674165408110362,0.0,,
prague,link+k25,4,9,20,-1,0.8700944480760995,,,2.0,3.0
prague,link+k25d,4,0,20,3,0.9001758221941708,0.9053828640984605,0.0052070419042896665,,
prague,link+k25d,4,0,20,5,0.9411333769131934,0.9429028695083741,0.0017694925951806662,,
prague,link+k25d,4,0,20,8,0.9674165408110362,0.9674165408110362,0.0,,
prague,link+k25d,4,0,20,-1,0.8700944480760995,,,2.0,3.0
prague,link+k50,4,0,20,3,0.9001758221941708,0.9053828640984605,0.0052070419042896665,,
prague,link+k50,4,0,20,5,0.9411333769131934,0.9429028695083741,0.0017694925951806662,,
prague,link+k50,4,0,20,8,0.9674165408110362,0.9674165408110362,0.0,,
prague,link+k50,4,0,20,-1,0.8700944480760995,,,2.0,3.0
prague,link+k50,4,1,20,3,0.9001758221941708,0.9053828640984605,0.0052070419042896665,,
prague,link+k50,4,1,20,5,0.9411333769131934,0.9429028695083741,0.0017694925951806662,,
prague,link+k50,4,1,20,8,0.9674165408110362,0.9674165408110362,0.0,,
prague,link+k50,4,1,20,-1,0.8700944480760995,,,2.0,3.0
prague,link+k50,4,2,20,3,0.9001758221941708,0.9053828640984605,0.0052070419042896665,,
prague,link+k50,4,2,20,5,0.9411333769131934,0.9429028695083741,0.0017694925951806662,,
prague,link+k50,4,2,20,8,0.9674165408110362,0.9674165408110362,0.0,,
prague,link+k50,4,2,20,-1,0.8700944480760995,,,2.0,3.0
prague,link+k50,4,3,20,3,0.9001758221941708,0.9053828640984605,0.0052070419042896665,,
prague,link+k50,4,3,20,5,0.9411333769131934,0.9429028695083741,0.0017694925951806662,,
prague,link+k50,4,3,20,8,0.9674165408110362,0.9674165408110362,0.0,,
prague,link+k50,4,3,20,-1,0.8700944480760995,,,2.0,3.0
prague,link+k50,4,4,20,3,0.9001758221941708,0.9053828640984605,0.0052070419042896665,,
prague,link+k50,4,4,20,5,0.9411333769131934,0.9429028695083741,0.0017694925951806662,,
prague,link+k50,4,4,20,8,0.9674165408110362,0.9674165408110362,0.0,,
prague,link+k50,4,4,20,-1,0.8700944480760995,,,2.0,3.0
prague,link+k50,4,5,20,3,0.8993305231837342,0.9053828640984605,0.006052340914726284,,
prague,link+k50,4,5,20,5,0.94206884115141,0.9429028695083741,0.0008340283569641116,,
prague,link+k50,4,5,20,8,0.9674165408110362,0.9674165408110362,0.0,,
prague,link+k50,4,5,20,-1,0.8700944480760995,,,2.0,3.0
prague,link+k50,4,6,20,3,0.9001758221941708,0.9053828640984605,0.0052070419042896665,,
prague,link+k50,4,6,20,5,0.9411333769131934,0.9429028695083741,0.0017694925951806662,,
prague,link+k50,4,6,20,8,0.9674165408110362,0.9674165408110362,0.0,,
prague,link+k50,4,6,20,-1,0.8700944480760995,,,2.0,3.0
prague,link+k50,4,7,20,3,0.8993305231837342,0.9053828640984605,0.006052340914726284,,
prague,link+k50,4,7,20,5,0.94206884115141,0.9429028695083741,0.0008340283569641116,,
prague,link+k50,4,7,20,8,0.9674165408110362,0.9674165408110362,0.0,,
prague,link+k50,4,7,20,-1,0.8700944480760995,,,2.0,3.0
prague,link+k50,4,8,20,3,0.9001758221941708,0.9053828640984605,0.0052070419042896665,,
prague,link+k50,4,8,20,5,0.9411333769131934,0.9429028695083741,0.0017694925951806662,,
prague,link+k50,4,8,20,8,0.9674165408110362,0.9674165408110362,0.0,,
prague,link+k50,4,8,20,-1,0.8700944480760995,,,2.0,3.0
prague,link+k50,4,9,20,3,0.9001758221941708,0.9053828640984605,0.0052070419042896665,,
prague,link+k50,4,9,20,5,0.9411333769131934,0.9429028695083741,0.0017694925951806662,,
prague,link+k50,4,9,20,8,0.9674165408110362,0.9674165408110362,0.0,,
prague,link+k50,4,9,20,-1,0.8700944480760995,,,2.0,3.0
prague,link+k50d,4,0,20,3,0.9001758221941708,0.9053828640984605,0.0052070419042896665,,
prague,link+k50d,4,0,20,5,0.9411333769131934,0.9429028695083741,0.0017694925951806662,,
prague,link+k50d,4,0,20,8,0.9674165408110362,0.9674165408110362,0.0,,
prague,link+k50d,4,0,20,-1,0.8700944480760995,,,2.0,3.0
vienna,link,0,0,20,3,0.6741584332654549,0.6741584332654549,0.0,,
vienna,link,0,0,20,5,0.7904442265630892,0.7904442265630892,0.0,,
vienna,link,0,0,20,8,0.8473866807451542,0.8558463433642557,0.008459662619101471,,
vienna,link,0,0,20,-1,0.8059305628881012,,,6.0,13.0
vienna,link,0,0,10,3,0.6741584332654549,0.6741584332654549,0.0,,
vienna,link,0,0,10,5,0.7904442265630892,0.7904442265630892,0.0,,
vienna,link,0,0,10,8,0.8528798049123866,0.8531437765542902,0.00026397164190361533,,
vienna,link,0,0,10,-1,0.8314729617618222,,,7.0,
vienna,link_reg,0,0,20,3,0.5855896623676999,0.6741584332654549,0.08856877089775494,,
vienna,link_reg,0,0,20,5,0.7153380094024184,0.7904442265630892,0.07510621716067079,,
vienna,link_reg,0,0,20,8,0.7153380094024184,0.8558463433642557,0.14050833396183726,,
vienna,link_reg,0,0,20,-1,0.46552027553611386,,,1.0,13.0
vienna,link_reg,0,0,10,3,0.6668049375267114,0.6741584332654549,0.007353495738743443,,
vienna,link_reg,0,0,10,5,0.7563164642884078,0.7904442265630892,0.034127762274681395,,
vienna,link_reg,0,0,10,8,0.8296503004248686,0.8531437765542902,0.023493476129421542,,
vienna,link_reg,0,0,10,-1,0.46552027553611386,,,1.0,
vienna,link+k10,0,0,20,3,0.6741584332654549,0.6741584332654549,0.0,,
vienna,link+k10,0,0,20,5,0.7904442265630892,0.7904442265630892,0.0,,
vienna,link+k10,0,0,20,8,0.8473866807451542,0.8558463433642557,0.008459662619101471,,
vienna,link+k10,0,0,20,-1,0.8346406214646656,,,7.0,13.0
vienna,link+k10,0,1,20,3,0.6741584332654549,0.6741584332654549,0.0,,
vienna,link+k10,0,1,20,5,0.7904442265630892,0.7904442265630892,0.0,,
vienna,link+k10,0,1,20,8,0.8473866807451542,0.8558463433642557,0.008459662619101471,,
vienna,link+k10,0,1,20,-1,0.8346406214646656,,,7.0,13.0
vienna,link+k10,0,2,20,3,0.6741584332654549,0.6741584332654549,0.0,,
vienna,link+k10,0,2,20,5,0.7904442265630892,0.7904442265630892,0.0,,
vienna,link+k10,0,2,20,8,0.8473866807451542,0.8558463433642557,0.008459662619101471,,
vienna,link+k10,0,2,20,-1,0.8059305628881012,,,6.0,13.0
vienna,link+k10,0,3,20,3,0.6741584332654549,0.6741584332654549,0.0,,
vienna,link+k10,0,3,20,5,0.7904442265630892,0.7904442265630892,0.0,,
vienna,link+k10,0,3,20,8,0.8473866807451542,0.8558463433642557,0.008459662619101471,,
vienna,link+k10,0,3,20,-1,0.8346406214646656,,,7.0,13.0
vienna,link+k10,0,4,20,3,0.6741584332654549,0.6741584332654549,0.0,,
vienna,link+k10,0,4,20,5,0.7904442265630892,0.7904442265630892,0.0,,
vienna,link+k10,0,4,20,8,0.8473866807451542,0.8558463433642557,0.008459662619101471,,
vienna,link+k10,0,4,20,-1,0.8346406214646656,,,7.0,13.0
vienna,link+k10,0,5,20,3,0.6741584332654549,0.6741584332654549,0.0,,
vienna,link+k10,0,5,20,5,0.7904442265630892,0.7904442265630892,0.0,,
vienna,link+k10,0,5,20,8,0.8473866807451542,0.8558463433642557,0.008459662619101471,,
vienna,link+k10,0,5,20,-1,0.8346406214646656,,,7.0,13.0
vienna,link+k10,0,6,20,3,0.6741584332654549,0.6741584332654549,0.0,,
vienna,link+k10,0,6,20,5,0.7904442265630892,0.7904442265630892,0.0,,
vienna,link+k10,0,6,20,8,0.8473866807451542,0.8558463433642557,0.008459662619101471,,
vienna,link+k10,0,6,20,-1,0.8346406214646656,,,7.0,13.0
vienna,link+k10,0,7,20,3,0.6741584332654549,0.6741584332654549,0.0,,
vienna,link+k10,0,7,20,5,0.7904442265630892,0.7904442265630892,0.0,,
vienna,link+k10,0,7,20,8,0.8473866807451542,0.8558463433642557,0.008459662619101471,,
vienna,link+k10,0,7,20,-1,0.8346406214646656,,,7.0,13.0
vienna,link+k10,0,8,20,3,0.6741584332654549,0.6741584332654549,0.0,,
vienna,link+k10,0,8,20,5,0.7904442265630892,0.7904442265630892,0.0,,
vienna,link+k10,0,8,20,8,0.8473866807451542,0.8558463433642557,0.008459662619101471,,
vienna,link+k10,0,8,20,-1,0.8346406214646656,,,7.0,13.0
vienna,link+k10,0,9,20,3,0.6741584332654549,0.6741584332654549,0.0,,
vienna,link+k10,0,9,20,5,0.7904442265630892,0.7904442265630892,0.0,,
vienna,link+k10,0,9,20,8,0.8473866807451542,0.8558463433642557,0.008459662619101471,,
vienna,link+k10,0,9,20,-1,0.8346406214646656,,,7.0,13.0
vienna,link+k10d,0,0,20,3,0.6741584332654549,0.6741584332654549,0.0,,
vienna,link+k10d,0,0,20,5,0.7904442265630892,0.7904442265630892,0.0,,
vienna,link+k10d,0,0,20,8,0.8473866807451542,0.8558463433642557,0.008459662619101471,,
vienna,link+k10d,0,0,20,-1,0.8341001081026724,,,7.0,13.0
vienna,link+k25,0,0,20,3,0.6741584332654549,0.6741584332654549,0.0,,
vienna,link+k25,0,0,20,5,0.7904442265630892,0.7904442265630892,0.0,,
vienna,link+k25,0,0,20,8,0.8473866807451542,0.8558463433642557,0.008459662619101471,,
vienna,link+k25,0,0,20,-1,0.8346406214646656,,,7.0,13.0
vienna,link+k25,0,1,20,3,0.6741584332654549,0.6741584332654549,0.0,,
vienna,link+k25,0,1,20,5,0.7904442265630892,0.7904442265630892,0.0,,
vienna,link+k25,0,1,20,8,0.8473866807451542,0.8558463433642557,0.008459662619101471,,
vienna,link+k25,0,1,20,-1,0.8346406214646656,,,7.0,13.0
vienna,link+k25,0,2,20,3,0.6741584332654549,0.6741584332654549,0.0,,
vienna,link+k25,0,2,20,5,0.7904442265630892,0.7904442265630892,0.0,,
vienna,link+k25,0,2,20,8,0.8473866807451542,0.8558463433642557,0.008459662619101471,,
vienna,link+k25,0,2,20,-1,0.8346406214646656,,,7.0,13.0
vienna,link+k25,0,3,20,3,0.6741584332654549,0.6741584332654549,0.0,,
vienna,link+k25,0,3,20,5,0.7904442265630892,0.7904442265630892,0.0,,
vienna,link+k25,0,3,20,8,0.8473866807451542,0.8558463433642557,0.008459662619101471,,
vienna,link+k25,0,3,20,-1,0.8346406214646656,,,7.0,13.0
vienna,link+k25,0,4,20,3,0.6741584332654549,0.6741584332654549,0.0,,
vienna,link+k25,0,4,20,5,0.7904442265630892,0.7904442265630892,0.0,,
vienna,link+k25,0,4,20,8,0.8473866807451542,0.8558463433642557,0.008459662619101471,,
vienna,link+k25,0,4,20,-1,0.8346406214646656,,,7.0,13.0
vienna,link+k25,0,5,20,3,0.6741584332654549,0.6741584332654549,0.0,,
vienna,link+k25,0,5,20,5,0.7904442265630892,0.7904442265630892,0.0,,
vienna,link+k25,0,5,20,8,0.8473866807451542,0.8558463433642557,0.008459662619101471,,
vienna,link+k25,0,5,20,-1,0.8346406214646656,,,7.0,13.0
vienna,link+k25,0,6,20,3,0.6741584332654549,0.6741584332654549,0.0,,
vienna,link+k25,0,6,20,5,0.7904442265630892,0.7904442265630892,0.0,,
vienna,link+k25,0,6,20,8,0.8473866807451542,0.8558463433642557,0.008459662619101471,,
vienna,link+k25,0,6,20,-1,0.8346406214646656,,,7.0,13.0
vienna,link+k25,0,7,20,3,0.6741584332654549,0.6741584332654549,0.0,,
vienna,link+k25,0,7,20,5,0.7904442265630892,0.7904442265630892,0.0,,
vienna,link+k25,0,7,20,8,0.8473866807451542,0.8558463433642557,0.008459662619101471,,
vienna,link+k25,0,7,20,-1,0.8346406214646656,,,7.0,13.0
vienna,link+k25,0,8,20,3,0.6741584332654549,0.6741584332654549,0.0,,
vienna,link+k25,0,8,20,5,0.7904442265630892,0.7904442265630892,0.0,,
vienna,link+k25,0,8,20,8,0.8473866807451542,0.8558463433642557,0.008459662619101471,,
vienna,link+k25,0,8,20,-1,0.8346406214646656,,,7.0,13.0
vienna,link+k25,0,9,20,3,0.6741584332654549,0.6741584332654549,0.0,,
vienna,link+k25,0,9,20,5,0.7904442265630892,0.7904442265630892,0.0,,
vienna,link+k25,0,9,20,8,0.8473866807451542,0.8558463433642557,0.008459662619101471,,
vienna,link+k25,0,9,20,-1,0.8346406214646656,,,7.0,13.0
vienna,link+k25d,0,0,20,3,0.6741584332654549,0.6741584332654549,0.0,,
vienna,link+k25d,0,0,20,5,0.7904442265630892,0.7904442265630892,0.0,,
vienna,link+k25d,0,0,20,8,0.8473866807451542,0.8558463433642557,0.008459662619101471,,
vienna,link+k25d,0,0,20,-1,0.8341001081026724,,,7.0,13.0
vienna,link+k50,0,0,20,3,0.6741584332654549,0.6741584332654549,0.0,,
vienna,link+k50,0,0,20,5,0.7904442265630892,0.7904442265630892,0.0,,
vienna,link+k50,0,0,20,8,0.8473866807451542,0.8558463433642557,0.008459662619101471,,
vienna,link+k50,0,0,20,-1,0.8346406214646656,,,7.0,13.0
vienna,link+k50,0,1,20,3,0.6741584332654549,0.6741584332654549,0.0,,
vienna,link+k50,0,1,20,5,0.7904442265630892,0.7904442265630892,0.0,,
vienna,link+k50,0,1,20,8,0.8473866807451542,0.8558463433642557,0.008459662619101471,,
vienna,link+k50,0,1,20,-1,0.8346406214646656,,,7.0,13.0
vienna,link+k50,0,2,20,3,0.6741584332654549,0.6741584332654549,0.0,,
vienna,link+k50,0,2,20,5,0.7904442265630892,0.7904442265630892,0.0,,
vienna,link+k50,0,2,20,8,0.8473866807451542,0.8558463433642557,0.008459662619101471,,
vienna,link+k50,0,2,20,-1,0.8346406214646656,,,7.0,13.0
vienna,link+k50,0,3,20,3,0.6741584332654549,0.6741584332654549,0.0,,
vienna,link+k50,0,3,20,5,0.7904442265630892,0.7904442265630892,0.0,,
vienna,link+k50,0,3,20,8,0.8473866807451542,0.8558463433642557,0.008459662619101471,,
vienna,link+k50,0,3,20,-1,0.8346406214646656,,,7.0,13.0
vienna,link+k50,0,4,20,3,0.6741584332654549,0.6741584332654549,0.0,,
vienna,link+k50,0,4,20,5,0.7904442265630892,0.7904442265630892,0.0,,
vienna,link+k50,0,4,20,8,0.8473866807451542,0.8558463433642557,0.008459662619101471,,
vienna,link+k50,0,4,20,-1,0.8346406214646656,,,7.0,13.0
vienna,link+k50,0,5,20,3,0.6741584332654549,0.6741584332654549,0.0,,
vienna,link+k50,0,5,20,5,0.7904442265630892,0.7904442265630892,0.0,,
vienna,link+k50,0,5,20,8,0.8473866807451542,0.8558463433642557,0.008459662619101471,,
vienna,link+k50,0,5,20,-1,0.8346406214646656,,,7.0,13.0
vienna,link+k50,0,6,20,3,0.6741584332654549,0.6741584332654549,0.0,,
vienna,link+k50,0,6,20,5,0.7904442265630892,0.7904442265630892,0.0,,
vienna,link+k50,0,6,20,8,0.8473866807451542,0.8558463433642557,0.008459662619101471,,
vienna,link+k50,0,6,20,-1,0.8346406214646656,,,7.0,13.0
vienna,link+k50,0,7,20,3,0.6741584332654549,0.6741584332654549,0.0,,
vienna,link+k50,0,7,20,5,0.7904442265630892,0.7904442265630892,0.0,,
vienna,link+k50,0,7,20,8,0.8473866807451542,0.8558463433642557,0.008459662619101471,,
vienna,link+k50,0,7,20,-1,0.8346406214646656,,,7.0,13.0
vienna,link+k50,0,8,20,3,0.6741584332654549,0.6741584332654549,0.0,,
vienna,link+k50,0,8,20,5,0.7904442265630892,0.7904442265630892,0.0,,
vienna,link+k50,0,8,20,8,0.8473866807451542,0.8558463433642557,0.008459662619101471,,
vienna,link+k50,0,8,20,-1,0.8346406214646656,,,7.0,13.0
vienna,link+k50,0,9,20,3,0.6741584332654549,0.6741584332654549,0.0,,
vienna,link+k50,0,9,20,5,0.7904442265630892,0.7904442265630892,0.0,,
vienna,link+k50,0,9,20,8,0.8473866807451542,0.8558463433642557,0.008459662619101471,,
vienna,link+k50,0,9,20,-1,0.8346406214646656,,,7.0,13.0
vienna,link+k50d,0,0,20,3,0.6741584332654549,0.6741584332654549,0.0,,
vienna,link+k50d,0,0,20,5,0.7904442265630892,0.7904442265630892,0.0,,
vienna,link+k50d,0,0,20,8,0.8473866807451542,0.8558463433642557,0.008459662619101471,,
vienna,link+k50d,0,0,20,-1,0.8346406214646656,,,7.0,13.0
vienna,link,1,0,20,3,0.6741584332654549,0.6741584332654549,0.0,,
vienna,link,1,0,20,5,0.7904442265630892,0.7904442265630892,0.0,,
vienna,link,1,0,20,8,0.8473866807451542,0.8558463433642557,0.008459662619101471,,
vienna,link,1,0,20,-1,0.8059305628881012,,,6.0,13.0
vienna,link,1,0,10,3,0.6741584332654549,0.6741584332654549,0.0,,
vienna,link,1,0,10,5,0.7904442265630892,0.7904442265630892,0.0,,
vienna,link,1,0,10,8,0.8528798049123866,0.8531437765542902,0.00026397164190361533,,
vienna,link,1,0,10,-1,0.8314729617618222,,,7.0,
vienna,link_reg,1,0,20,3,0.6429720692862709,0.6741584332654549,0.03118636397918395,,
vienna,link_reg,1,0,20,5,0.7280337883701636,0.7904442265630892,0.06241043819292558,,
vienna,link_reg,1,0,20,8,0.7280337883701636,0.8558463433642557,0.12781255499409205,,
vienna,link_reg,1,0,20,-1,0.4315307841214772,,,1.0,13.0
vienna,link_reg,1,0,10,3,0.6906000955325942,0.6741584332654549,-0.01644166226713928,,
vienna,link_reg,1,0,10,5,0.7698670085727933,0.7904442265630892,0.020577217990295882,,
vienna,link_reg,1,0,10,8,0.7698670085727933,0.8531437765542902,0.08327676798149686,,
vienna,link_reg,1,0,10,-1,0.4315307841214772,,,1.0,
vienna,link+k10,1,0,20,3,0.6741584332654549,0.6741584332654549,0.0,,
vienna,link+k10,1,0,20,5,0.7904442265630892,0.7904442265630892,0.0,,
vienna,link+k10,1,0,20,8,0.8473866807451542,0.8558463433642557,0.008459662619101471,,
vienna,link+k10,1,0,20,-1,0.8346406214646656,,,7.0,13.0
vienna,link+k10,1,1,20,3,0.6741584332654549,0.6741584332654549,0.0,,
vienna,link+k10,1,1,20,5,0.7904442265630892,0.7904442265630892,0.0,,
vienna,link+k10,1,1,20,8,0.8473866807451542,0.8558463433642557,0.008459662619101471,,
vienna,link+k10,1,1,20,-1,0.8346406214646656,,,7.0,13.0
vienna,link+k10,1,2,20,3,0.6741584332654549,0.6741584332654549,0.0,,
vienna,link+k10,1,2,20,5,0.7904442265630892,0.7904442265630892,0.0,,
vienna,link+k10,1,2,20,8,0.8473866807451542,0.8558463433642557,0.008459662619101471,,
vienna,link+k10,1,2,20,-1,0.8346406214646656,,,7.0,13.0
vienna,link+k10,1,3,20,3,0.6741584332654549,0.6741584332654549,0.0,,
vienna,link+k10,1,3,20,5,0.7904442265630892,0.7904442265630892,0.0,,
vienna,link+k10,1,3,20,8,0.8473866807451542,0.8558463433642557,0.008459662619101471,,
vienna,link+k10,1,3,20,-1,0.8346406214646656,,,7.0,13.0
vienna,link+k10,1,4,20,3,0.6741584332654549,0.6741584332654549,0.0,,
vienna,link+k10,1,4,20,5,0.7904442265630892,0.7904442265630892,0.0,,
vienna,link+k10,1,4,20,8,0.8473866807451542,0.8558463433642557,0.008459662619101471,,
vienna,link+k10,1,4,20,-1,0.8341001081026724,,,7.0,13.0
vienna,link+k10,1,5,20,3,0.6741584332654549,0.6741584332654549,0.0,,
vienna,link+k10,1,5,20,5,0.7904442265630892,0.7904442265630892,0.0,,
vienna,link+k10,1,5,20,8,0.8473866807451542,0.8558463433642557,0.008459662619101471,,
vienna,link+k10,1,5,20,-1,0.8346406214646656,,,7.0,13.0
vienna,link+k10,1,6,20,3,0.6741584332654549,0.6741584332654549,0.0,,
vienna,link+k10,1,6,20,5,0.7904442265630892,0.7904442265630892,0.0,,
vienna,link+k10,1,6,20,8,0.8473866807451542,0.8558463433642557,0.008459662619101471,,
vienna,link+k10,1,6,20,-1,0.8346406214646656,,,7.0,13.0
vienna,link+k10,1,7,20,3,0.6741584332654549,0.6741584332654549,0.0,,
vienna,link+k10,1,7,20,5,0.7904442265630892,0.7904442265630892,0.0,,
vienna,link+k10,1,7,20,8,0.8473866807451542,0.8558463433642557,0.008459662619101471,,
vienna,link+k10,1,7,20,-1,0.8341001081026724,,,7.0,13.0
vienna,link+k10,1,8,20,3,0.6741584332654549,0.6741584332654549,0.0,,
vienna,link+k10,1,8,20,5,0.7904442265630892,0.7904442265630892,0.0,,
vienna,link+k10,1,8,20,8,0.8473866807451542,0.8558463433642557,0.008459662619101471,,
vienna,link+k10,1,8,20,-1,0.8346406214646656,,,7.0,13.0
vienna,link+k10,1,9,20,3,0.6741584332654549,0.6741584332654549,0.0,,
vienna,link+k10,1,9,20,5,0.7904442265630892,0.7904442265630892,0.0,,
vienna,link+k10,1,9,20,8,0.8473866807451542,0.8558463433642557,0.008459662619101471,,
vienna,link+k10,1,9,20,-1,0.8346406214646656,,,7.0,13.0
vienna,link+k10d,1,0,20,3,0.6741584332654549,0.6741584332654549,0.0,,
vienna,link+k10d,1,0,20,5,0.7904442265630892,0.7904442265630892,0.0,,
vienna,link+k10d,1,0,20,8,0.8473866807451542,0.8558463433642557,0.008459662619101471,,
vienna,link+k10d,1,0,20,-1,0.8341001081026724,,,7.0,13.0
vienna,link+k25,1,0,20,3,0.6741584332654549,0.6741584332654549,0.0,,
vienna,link+k25,1,0,20,5,0.7904442265630892,0.7904442265630892,0.0,,
vienna,link+k25,1,0,20,8,0.8473866807451542,0.8558463433642557,0.008459662619101471,,
vienna,link+k25,1,0,20,-1,0.8346406214646656,,,7.0,13.0
vienna,link+k25,1,1,20,3,0.6741584332654549,0.6741584332654549,0.0,,
vienna,link+k25,1,1,20,5,0.7904442265630892,0.7904442265630892,0.0,,
vienna,link+k25,1,1,20,8,0.8473866807451542,0.8558463433642557,0.008459662619101471,,
vienna,link+k25,1,1,20,-1,0.8346406214646656,,,7.0,13.0
vienna,link+k25,1,2,20,3,0.6741584332654549,0.6741584332654549,0.0,,
vienna,link+k25,1,2,20,5,0.7904442265630892,0.7904442265630892,0.0,,
vienna,link+k25,1,2,20,8,0.8473866807451542,0.8558463433642557,0.008459662619101471,,
vienna,link+k25,1,2,20,-1,0.8341001081026724,,,7.0,13.0
vienna,link+k25,1,3,20,3,0.6741584332654549,0.6741584332654549,0.0,,
vienna,link+k25,1,3,20,5,0.7904442265630892,0.7904442265630892,0.0,,
vienna,link+k25,1,3,20,8,0.8473866807451542,0.8558463433642557,0.008459662619101471,,
vienna,link+k25,1,3,20,-1,0.8346406214646656,,,7.0,13.0
vienna,link+k25,1,4,20,3,0.6741584332654549,0.6741584332654549,0.0,,
vienna,link+k25,1,4,20,5,0.7904442265630892,0.7904442265630892,0.0,,
vienna,link+k25,1,4,20,8,0.8473866807451542,0.8558463433642557,0.008459662619101471,,
vienna,link+k25,1,4,20,-1,0.8346406214646656,,,7.0,13.0
vienna,link+k25,1,5,20,3,0.6741584332654549,0.6741584332654549,0.0,,
vienna,link+k25,1,5,20,5,0.7904442265630892,0.7904442265630892,0.0,,
vienna,link+k25,1,5,20,8,0.8473866807451542,0.8558463433642557,0.008459662619101471,,
vienna,link+k25,1,5,20,-1,0.8346406214646656,,,7.0,13.0
vienna,link+k25,1,6,20,3,0.6741584332654549,0.6741584332654549,0.0,,
vienna,link+k25,1,6,20,5,0.7904442265630892,0.7904442265630892,0.0,,
vienna,link+k25,1,6,20,8,0.8473866807451542,0.8558463433642557,0.008459662619101471,,
vienna,link+k25,1,6,20,-1,0.8346406214646656,,,7.0,13.0
vienna,link+k25,1,7,20,3,0.6741584332654549,0.6741584332654549,0.0,,
vienna,link+k25,1,7,20,5,0.7904442265630892,0.7904442265630892,0.0,,
vienna,link+k25,1,7,20,8,0.8473866807451542,0.8558463433642557,0.008459662619101471,,
vienna,link+k25,1,7,20,-1,0.8346406214646656,,,7.0,13.0
vienna,link+k25,1,8,20,3,0.6741584332654549,0.6741584332654549,0.0,,
vienna,link+k25,1,8,20,5,0.7904442265630892,0.7904442265630892,0.0,,
vienna,link+k25,1,8,20,8,0.8473866807451542,0.8558463433642557,0.008459662619101471,,
vienna,link+k25,1,8,20,-1,0.8346406214646656,,,7.0,13.0
vienna,link+k25,1,9,20,3,0.6741584332654549,0.6741584332654549,0.0,,
vienna,link+k25,1,9,20,5,0.7904442265630892,0.7904442265630892,0.0,,
vienna,link+k25,1,9,20,8,0.8473866807451542,0.8558463433642557,0.008459662619101471,,
vienna,link+k25,1,9,20,-1,0.8346406214646656,,,7.0,13.0
vienna,link+k25d,1,0,20,3,0.6741584332654549,0.6741584332654549,0.0,,
vienna,link+k25d,1,0,20,5,0.7904442265630892,0.7904442265630892,0.0,,
vienna,link+k25d,1,0,20,8,0.8473866807451542,0.8558463433642557,0.008459662619101471,,
vienna,link+k25d,1,0,20,-1,0.8341001081026724,,,7.0,13.0
vienna,link+k50,1,0,20,3,0.6741584332654549,0.6741584332654549,0.0,,
vienna,link+k50,1,0,20,5,0.7904442265630892,0.7904442265630892,0.0,,
vienna,link+k50,1,0,20,8,0.8473866807451542,0.8558463433642557,0.008459662619101471,,
vienna,link+k50,1,0,20,-1,0.8346406214646656,,,7.0,13.0
vienna,link+k50,1,1,20,3,0.6741584332654549,0.6741584332654549,0.0,,
vienna,link+k50,1,1,20,5,0.7904442265630892,0.7904442265630892,0.0,,
vienna,link+k50,1,1,20,8,0.8473866807451542,0.8558463433642557,0.008459662619101471,,
vienna,link+k50,1,1,20,-1,0.8346406214646656,,,7.0,13.0
vienna,link+k50,1,2,20,3,0.6741584332654549,0.6741584332654549,0.0,,
vienna,link+k50,1,2,20,5,0.7904442265630892,0.7904442265630892,0.0,,
vienna,link+k50,1,2,20,8,0.8473866807451542,0.8558463433642557,0.008459662619101471,,
vienna,link+k50,1,2,20,-1,0.8346406214646656,,,7.0,13.0
vienna,link+k50,1,3,20,3,0.6741584332654549,0.6741584332654549,0.0,,
vienna,link+k50,1,3,20,5,0.7904442265630892,0.7904442265630892,0.0,,
vienna,link+k50,1,3,20,8,0.8473866807451542,0.8558463433642557,0.008459662619101471,,
vienna,link+k50,1,3,20,-1,0.8346406214646656,,,7.0,13.0
vienna,link+k50,1,4,20,3,0.6741584332654549,0.6741584332654549,0.0,,
vienna,link+k50,1,4,20,5,0.7904442265630892,0.7904442265630892,0.0,,
vienna,link+k50,1,4,20,8,0.8473866807451542,0.8558463433642557,0.008459662619101471,,
vienna,link+k50,1,4,20,-1,0.8346406214646656,,,7.0,13.0
vienna,link+k50,1,5,20,3,0.6741584332654549,0.6741584332654549,0.0,,
vienna,link+k50,1,5,20,5,0.7904442265630892,0.7904442265630892,0.0,,
vienna,link+k50,1,5,20,8,0.8473866807451542,0.8558463433642557,0.008459662619101471,,
vienna,link+k50,1,5,20,-1,0.8346406214646656,,,7.0,13.0
vienna,link+k50,1,6,20,3,0.6741584332654549,0.6741584332654549,0.0,,
vienna,link+k50,1,6,20,5,0.7904442265630892,0.7904442265630892,0.0,,
vienna,link+k50,1,6,20,8,0.8473866807451542,0.8558463433642557,0.008459662619101471,,
vienna,link+k50,1,6,20,-1,0.8346406214646656,,,7.0,13.0
vienna,link+k50,1,7,20,3,0.6741584332654549,0.6741584332654549,0.0,,
vienna,link+k50,1,7,20,5,0.7904442265630892,0.7904442265630892,0.0,,
vienna,link+k50,1,7,20,8,0.8473866807451542,0.8558463433642557,0.008459662619101471,,
vienna,link+k50,1,7,20,-1,0.8346406214646656,,,7.0,13.0
vienna,link+k50,1,8,20,3,0.6741584332654549,0.6741584332654549,0.0,,
vienna,link+k50,1,8,20,5,0.7904442265630892,0.7904442265630892,0.0,,
vienna,link+k50,1,8,20,8,0.8473866807451542,0.8558463433642557,0.008459662619101471,,
vienna,link+k50,1,8,20,-1,0.8346406214646656,,,7.0,13.0
vienna,link+k50,1,9,20,3,0.6741584332654549,0.6741584332654549,0.0,,
vienna,link+k50,1,9,20,5,0.7904442265630892,0.7904442265630892,0.0,,
vienna,link+k50,1,9,20,8,0.8473866807451542,0.8558463433642557,0.008459662619101471,,
vienna,link+k50,1,9,20,-1,0.8346406214646656,,,7.0,13.0
vienna,link+k50d,1,0,20,3,0.6741584332654549,0.6741584332654549,0.0,,
vienna,link+k50d,1,0,20,5,0.7904442265630892,0.7904442265630892,0.0,,
vienna,link+k50d,1,0,20,8,0.8473866807451542,0.8558463433642557,0.008459662619101471,,
vienna,link+k50d,1,0,20,-1,0.8346406214646656,,,7.0,13.0
vienna,link,2,0,20,3,0.6741584332654549,0.6741584332654549,0.0,,
vienna,link,2,0,20,5,0.7904442265630892,0.7904442265630892,0.0,,
vienna,link,2,0,20,8,0.8473866807451542,0.8558463433642557,0.008459662619101471,,
vienna,link,2,0,20,-1,0.8186766221685899,,,7.0,13.0
vienna,link,2,0,10,3,0.6741584332654549,0.6741584332654549,0.0,,
vienna,link,2,0,10,5,0.7904442265630892,0.7904442265630892,0.0,,
vienna,link,2,0,10,8,0.8528798049123866,0.8531437765542902,0.00026397164190361533,,
vienna,link,2,0,10,-1,0.8314729617618222,,,7.0,
vienna,link_reg,2,0,20,3,0.5551575030796692,0.6741584332654549,0.11900093018578572,,
vienna,link_reg,2,0,20,5,0.6815999195514996,0.7904442265630892,0.10884430701158965,,
vienna,link_reg,2,0,20,8,0.8141136837871131,0.8558463433642557,0.04173265957714256,,
vienna,link_reg,2,0,20,-1,0.4315307841214772,,,1.0,13.0
vienna,link_reg,2,0,10,3,0.6906000955325942,0.6741584332654549,-0.01644166226713928,,
vienna,link_reg,2,0,10,5,0.7728586871810342,0.7904442265630892,0.017585539382054982,,
vienna,link_reg,2,0,10,8,0.8126304145611786,0.8531437765542902,0.04051336199311162,,
vienna,link_reg,2,0,10,-1,0.4315307841214772,,,1.0,
vienna,link+k10,2,0,20,3,0.6741584332654549,0.6741584332654549,0.0,,
vienna,link+k10,2,0,20,5,0.7904442265630892,0.7904442265630892,0.0,,
vienna,link+k10,2,0,20,8,0.8473866807451542,0.8558463433642557,0.008459662619101471,,
vienna,link+k10,2,0,20,-1,0.8346406214646656,,,7.0,13.0
vienna,link+k10,2,1,20,3,0.6741584332654549,0.6741584332654549,0.0,,
vienna,link+k10,2,1,20,5,0.7904442265630892,0.7904442265630892,0.0,,
vienna,link+k10,2,1,20,8,0.8473866807451542,0.8558463433642557,0.008459662619101471,,
vienna,link+k10,2,1,20,-1,0.8346406214646656,,,7.0,13.0
vienna,link+k10,2,2,20,3,0.6741584332654549,0.6741584332654549,0.0,,
vienna,link+k10,2,2,20,5,0.7904442265630892,0.7904442265630892,0.0,,
vienna,link+k10,2,2,20,8,0.8473866807451542,0.8558463433642557,0.008459662619101471,,
vienna,link+k10,2,2,20,-1,0.8346406214646656,,,7.0,13.0
vienna,link+k10,2,3,20,3,0.6741584332654549,0.6741584332654549,0.0,,
vienna,link+k10,2,3,20,5,0.7904442265630892,0.7904442265630892,0.0,,
vienna,link+k10,2,3,20,8,0.8473866807451542,0.8558463433642557,0.008459662619101471,,
vienna,link+k10,2,3,20,-1,0.8346406214646656,,,7.0,13.0
vienna,link+k10,2,4,20,3,0.6741584332654549,0.6741584332654549,0.0,,
vienna,link+k10,2,4,20,5,0.7904442265630892,0.7904442265630892,0.0,,
vienna,link+k10,2,4,20,8,0.8473866807451542,0.8558463433642557,0.008459662619101471,,
vienna,link+k10,2,4,20,-1,0.8341001081026724,,,7.0,13.0
vienna,link+k10,2,5,20,3,0.6741584332654549,0.6741584332654549,0.0,,
vienna,link+k10,2,5,20,5,0.7904442265630892,0.7904442265630892,0.0,,
vienna,link+k10,2,5,20,8,0.8473866807451542,0.8558463433642557,0.008459662619101471,,
vienna,link+k10,2,5,20,-1,0.8346406214646656,,,7.0,13.0
vienna,link+k10,2,6,20,3,0.6741584332654549,0.6741584332654549,0.0,,
vienna,link+k10,2,6,20,5,0.7904442265630892,0.7904442265630892,0.0,,
vienna,link+k10,2,6,20,8,0.8473866807451542,0.8558463433642557,0.008459662619101471,,
vienna,link+k10,2,6,20,-1,0.8346406214646656,,,7.0,13.0
vienna,link+k10,2,7,20,3,0.6741584332654549,0.6741584332654549,0.0,,
vienna,link+k10,2,7,20,5,0.7904442265630892,0.7904442265630892,0.0,,
vienna,link+k10,2,7,20,8,0.8473866807451542,0.8558463433642557,0.008459662619101471,,
vienna,link+k10,2,7,20,-1,0.8341001081026724,,,7.0,13.0
vienna,link+k10,2,8,20,3,0.6741584332654549,0.6741584332654549,0.0,,
vienna,link+k10,2,8,20,5,0.7904442265630892,0.7904442265630892,0.0,,
vienna,link+k10,2,8,20,8,0.8473866807451542,0.8558463433642557,0.008459662619101471,,
vienna,link+k10,2,8,20,-1,0.8186766221685899,,,7.0,13.0
vienna,link+k10,2,9,20,3,0.6741584332654549,0.6741584332654549,0.0,,
vienna,link+k10,2,9,20,5,0.7904442265630892,0.7904442265630892,0.0,,
vienna,link+k10,2,9,20,8,0.8473866807451542,0.8558463433642557,0.008459662619101471,,
vienna,link+k10,2,9,20,-1,0.8346406214646656,,,7.0,13.0
vienna,link+k10d,2,0,20,3,0.6741584332654549,0.6741584332654549,0.0,,
vienna,link+k10d,2,0,20,5,0.7904442265630892,0.7904442265630892,0.0,,
vienna,link+k10d,2,0,20,8,0.8473866807451542,0.8558463433642557,0.008459662619101471,,
vienna,link+k10d,2,0,20,-1,0.8341001081026724,,,7.0,13.0
vienna,link+k25,2,0,20,3,0.6741584332654549,0.6741584332654549,0.0,,
vienna,link+k25,2,0,20,5,0.7904442265630892,0.7904442265630892,0.0,,
vienna,link+k25,2,0,20,8,0.8473866807451542,0.8558463433642557,0.008459662619101471,,
vienna,link+k25,2,0,20,-1,0.8346406214646656,,,7.0,13.0
vienna,link+k25,2,1,20,3,0.6741584332654549,0.6741584332654549,0.0,,
vienna,link+k25,2,1,20,5,0.7904442265630892,0.7904442265630892,0.0,,
vienna,link+k25,2,1,20,8,0.8473866807451542,0.8558463433642557,0.008459662619101471,,
vienna,link+k25,2,1,20,-1,0.8346406214646656,,,7.0,13.0
vienna,link+k25,2,2,20,3,0.6741584332654549,0.6741584332654549,0.0,,
vienna,link+k25,2,2,20,5,0.7904442265630892,0.7904442265630892,0.0,,
vienna,link+k25,2,2,20,8,0.8473866807451542,0.8558463433642557,0.008459662619101471,,
vienna,link+k25,2,2,20,-1,0.8341001081026724,,,7.0,13.0
vienna,link+k25,2,3,20,3,0.6741584332654549,0.6741584332654549,0.0,,
vienna,link+k25,2,3,20,5,0.7904442265630892,0.7904442265630892,0.0,,
vienna,link+k25,2,3,20,8,0.8473866807451542,0.8558463433642557,0.008459662619101471,,
vienna,link+k25,2,3,20,-1,0.8346406214646656,,,7.0,13.0
vienna,link+k25,2,4,20,3,0.6741584332654549,0.6741584332654549,0.0,,
vienna,link+k25,2,4,20,5,0.7904442265630892,0.7904442265630892,0.0,,
vienna,link+k25,2,4,20,8,0.8473866807451542,0.8558463433642557,0.008459662619101471,,
vienna,link+k25,2,4,20,-1,0.8186766221685899,,,7.0,13.0
vienna,link+k25,2,5,20,3,0.6741584332654549,0.6741584332654549,0.0,,
vienna,link+k25,2,5,20,5,0.7904442265630892,0.7904442265630892,0.0,,
vienna,link+k25,2,5,20,8,0.8473866807451542,0.8558463433642557,0.008459662619101471,,
vienna,link+k25,2,5,20,-1,0.8186766221685899,,,7.0,13.0
vienna,link+k25,2,6,20,3,0.6741584332654549,0.6741584332654549,0.0,,
vienna,link+k25,2,6,20,5,0.7904442265630892,0.7904442265630892,0.0,,
vienna,link+k25,2,6,20,8,0.8473866807451542,0.8558463433642557,0.008459662619101471,,
vienna,link+k25,2,6,20,-1,0.8346406214646656,,,7.0,13.0
vienna,link+k25,2,7,20,3,0.6741584332654549,0.6741584332654549,0.0,,
vienna,link+k25,2,7,20,5,0.7904442265630892,0.7904442265630892,0.0,,
vienna,link+k25,2,7,20,8,0.8473866807451542,0.8558463433642557,0.008459662619101471,,
vienna,link+k25,2,7,20,-1,0.8346406214646656,,,7.0,13.0
vienna,link+k25,2,8,20,3,0.6741584332654549,0.6741584332654549,0.0,,
vienna,link+k25,2,8,20,5,0.7904442265630892,0.7904442265630892,0.0,,
vienna,link+k25,2,8,20,8,0.8473866807451542,0.8558463433642557,0.008459662619101471,,
vienna,link+k25,2,8,20,-1,0.8346406214646656,,,7.0,13.0
vienna,link+k25,2,9,20,3,0.6741584332654549,0.6741584332654549,0.0,,
vienna,link+k25,2,9,20,5,0.7904442265630892,0.7904442265630892,0.0,,
vienna,link+k25,2,9,20,8,0.8473866807451542,0.8558463433642557,0.008459662619101471,,
vienna,link+k25,2,9,20,-1,0.8346406214646656,,,7.0,13.0
vienna,link+k25d,2,0,20,3,0.6741584332654549,0.6741584332654549,0.0,,
vienna,link+k25d,2,0,20,5,0.7904442265630892,0.7904442265630892,0.0,,
vienna,link+k25d,2,0,20,8,0.8473866807451542,0.8558463433642557,0.008459662619101471,,
vienna,link+k25d,2,0,20,-1,0.8341001081026724,,,7.0,13.0
vienna,link+k50,2,0,20,3,0.6741584332654549,0.6741584332654549,0.0,,
vienna,link+k50,2,0,20,5,0.7904442265630892,0.7904442265630892,0.0,,
vienna,link+k50,2,0,20,8,0.8473866807451542,0.8558463433642557,0.008459662619101471,,
vienna,link+k50,2,0,20,-1,0.8346406214646656,,,7.0,13.0
vienna,link+k50,2,1,20,3,0.6741584332654549,0.6741584332654549,0.0,,
vienna,link+k50,2,1,20,5,0.7904442265630892,0.7904442265630892,0.0,,
vienna,link+k50,2,1,20,8,0.8473866807451542,0.8558463433642557,0.008459662619101471,,
vienna,link+k50,2,1,20,-1,0.8346406214646656,,,7.0,13.0
vienna,link+k50,2,2,20,3,0.6741584332654549,0.6741584332654549,0.0,,
vienna,link+k50,2,2,20,5,0.7904442265630892,0.7904442265630892,0.0,,
vienna,link+k50,2,2,20,8,0.8473866807451542,0.8558463433642557,0.008459662619101471,,
vienna,link+k50,2,2,20,-1,0.8346406214646656,,,7.0,13.0
vienna,link+k50,2,3,20,3,0.6741584332654549,0.6741584332654549,0.0,,
vienna,link+k50,2,3,20,5,0.7904442265630892,0.7904442265630892,0.0,,
vienna,link+k50,2,3,20,8,0.8473866807451542,0.8558463433642557,0.008459662619101471,,
vienna,link+k50,2,3,20,-1,0.8346406214646656,,,7.0,13.0
vienna,link+k50,2,4,20,3,0.6741584332654549,0.6741584332654549,0.0,,
vienna,link+k50,2,4,20,5,0.7904442265630892,0.7904442265630892,0.0,,
vienna,link+k50,2,4,20,8,0.8473866807451542,0.8558463433642557,0.008459662619101471,,
vienna,link+k50,2,4,20,-1,0.8346406214646656,,,7.0,13.0
vienna,link+k50,2,5,20,3,0.6741584332654549,0.6741584332654549,0.0,,
vienna,link+k50,2,5,20,5,0.7904442265630892,0.7904442265630892,0.0,,
vienna,link+k50,2,5,20,8,0.8473866807451542,0.8558463433642557,0.008459662619101471,,
vienna,link+k50,2,5,20,-1,0.8346406214646656,,,7.0,13.0
vienna,link+k50,2,6,20,3,0.6741584332654549,0.6741584332654549,0.0,,
vienna,link+k50,2,6,20,5,0.7904442265630892,0.7904442265630892,0.0,,
vienna,link+k50,2,6,20,8,0.8473866807451542,0.8558463433642557,0.008459662619101471,,
vienna,link+k50,2,6,20,-1,0.8346406214646656,,,7.0,13.0
vienna,link+k50,2,7,20,3,0.6741584332654549,0.6741584332654549,0.0,,
vienna,link+k50,2,7,20,5,0.7904442265630892,0.7904442265630892,0.0,,
vienna,link+k50,2,7,20,8,0.8473866807451542,0.8558463433642557,0.008459662619101471,,
vienna,link+k50,2,7,20,-1,0.8346406214646656,,,7.0,13.0
vienna,link+k50,2,8,20,3,0.6741584332654549,0.6741584332654549,0.0,,
vienna,link+k50,2,8,20,5,0.7904442265630892,0.7904442265630892,0.0,,
vienna,link+k50,2,8,20,8,0.8473866807451542,0.8558463433642557,0.008459662619101471,,
vienna,link+k50,2,8,20,-1,0.8346406214646656,,,7.0,13.0
vienna,link+k50,2,9,20,3,0.6741584332654549,0.6741584332654549,0.0,,
vienna,link+k50,2,9,20,5,0.7904442265630892,0.7904442265630892,0.0,,
vienna,link+k50,2,9,20,8,0.8473866807451542,0.8558463433642557,0.008459662619101471,,
vienna,link+k50,2,9,20,-1,0.8186766221685899,,,7.0,13.0
vienna,link+k50d,2,0,20,3,0.6741584332654549,0.6741584332654549,0.0,,
vienna,link+k50d,2,0,20,5,0.7904442265630892,0.7904442265630892,0.0,,
vienna,link+k50d,2,0,20,8,0.8473866807451542,0.8558463433642557,0.008459662619101471,,
vienna,link+k50d,2,0,20,-1,0.8341001081026724,,,7.0,13.0
vienna,link,3,0,20,3,0.6741584332654549,0.6741584332654549,0.0,,
vienna,link,3,0,20,5,0.7904442265630892,0.7904442265630892,0.0,,
vienna,link,3,0,20,8,0.8473866807451542,0.8558463433642557,0.008459662619101471,,
vienna,link,3,0,20,-1,0.8059305628881012,,,6.0,13.0
vienna,link,3,0,10,3,0.6741584332654549,0.6741584332654549,0.0,,
vienna,link,3,0,10,5,0.7904442265630892,0.7904442265630892,0.0,,
vienna,link,3,0,10,8,0.8528798049123866,0.8531437765542902,0.00026397164190361533,,
vienna,link,3,0,10,-1,0.8314729617618222,,,7.0,
vienna,link_reg,3,0,20,3,0.6355305830002262,0.6741584332654549,0.038627850265228636,,
vienna,link_reg,3,0,20,5,0.7023028383236544,0.7904442265630892,0.08814138823943485,,
vienna,link_reg,3,0,20,8,0.7023028383236544,0.8558463433642557,0.15354350504060132,,
vienna,link_reg,3,0,20,-1,0.4315307841214772,,,1.0,13.0
vienna,link_reg,3,0,10,3,0.6355305830002262,0.6741584332654549,0.038627850265228636,,
vienna,link_reg,3,0,10,5,0.7023028383236544,0.7904442265630892,0.08814138823943485,,
vienna,link_reg,3,0,10,8,0.7023028383236544,0.8531437765542902,0.15084093823063582,,
vienna,link_reg,3,0,10,-1,0.4315307841214772,,,1.0,
vienna,link+k10,3,0,20,3,0.6741584332654549,0.6741584332654549,0.0,,
vienna,link+k10,3,0,20,5,0.7904442265630892,0.7904442265630892,0.0,,
vienna,link+k10,3,0,20,8,0.8473866807451542,0.8558463433642557,0.008459662619101471,,
vienna,link+k10,3,0,20,-1,0.8059305628881012,,,6.0,13.0
vienna,link+k10,3,1,20,3,0.6741584332654549,0.6741584332654549,0.0,,
vienna,link+k10,3,1,20,5,0.7904442265630892,0.7904442265630892,0.0,,
vienna,link+k10,3,1,20,8,0.8473866807451542,0.8558463433642557,0.008459662619101471,,
vienna,link+k10,3,1,20,-1,0.8346406214646656,,,7.0,13.0
vienna,link+k10,3,2,20,3,0.6741584332654549,0.6741584332654549,0.0,,
vienna,link+k10,3,2,20,5,0.7904442265630892,0.7904442265630892,0.0,,
vienna,link+k10,3,2,20,8,0.8473866807451542,0.8558463433642557,0.008459662619101471,,
vienna,link+k10,3,2,20,-1,0.8059305628881012,,,6.0,13.0
vienna,link+k10,3,3,20,3,0.6741584332654549,0.6741584332654549,0.0,,
vienna,link+k10,3,3,20,5,0.7904442265630892,0.7904442265630892,0.0,,
vienna,link+k10,3,3,20,8,0.8473866807451542,0.8558463433642557,0.008459662619101471,,
vienna,link+k10,3,3,20,-1,0.8059305628881012,,,6.0,13.0
vienna,link+k10,3,4,20,3,0.6741584332654549,0.6741584332654549,0.0,,
vienna,link+k10,3,4,20,5,0.7904442265630892,0.7904442265630892,0.0,,
vienna,link+k10,3,4,20,8,0.8473866807451542,0.8558463433642557,0.008459662619101471,,
vienna,link+k10,3,4,20,-1,0.8048118259295572,,,6.0,13.0
vienna,link+k10,3,5,20,3,0.6741584332654549,0.6741584332654549,0.0,,
vienna,link+k10,3,5,20,5,0.7904442265630892,0.7904442265630892,0.0,,
vienna,link+k10,3,5,20,8,0.8473866807451542,0.8558463433642557,0.008459662619101471,,
vienna,link+k10,3,5,20,-1,0.8186766221685899,,,7.0,13.0
vienna,link+k10,3,6,20,3,0.6741584332654549,0.6741584332654549,0.0,,
vienna,link+k10,3,6,20,5,0.7904442265630892,0.7904442265630892,0.0,,
vienna,link+k10,3,6,20,8,0.8473866807451542,0.8558463433642557,0.008459662619101471,,
vienna,link+k10,3,6,20,-1,0.8346406214646656,,,7.0,13.0
vienna,link+k10,3,7,20,3,0.6741584332654549,0.6741584332654549,0.0,,
vienna,link+k10,3,7,20,5,0.7904442265630892,0.7904442265630892,0.0,,
vienna,link+k10,3,7,20,8,0.8473866807451542,0.8558463433642557,0.008459662619101471,,
vienna,link+k10,3,7,20,-1,0.8059305628881012,,,6.0,13.0
vienna,link+k10,3,8,20,3,0.6741584332654549,0.6741584332654549,0.0,,
vienna,link+k10,3,8,20,5,0.7904442265630892,0.7904442265630892,0.0,,
vienna,link+k10,3,8,20,8,0.8473866807451542,0.8558463433642557,0.008459662619101471,,
vienna,link+k10,3,8,20,-1,0.8059305628881012,,,6.0,13.0
vienna,link+k10,3,9,20,3,0.6741584332654549,0.6741584332654549,0.0,,
vienna,link+k10,3,9,20,5,0.7904442265630892,0.7904442265630892,0.0,,
vienna,link+k10,3,9,20,8,0.8473866807451542,0.8558463433642557,0.008459662619101471,,
vienna,link+k10,3,9,20,-1,0.8059305628881012,,,6.0,13.0
vienna,link+k10d,3,0,20,3,0.6741584332654549,0.6741584332654549,0.0,,
vienna,link+k10d,3,0,20,5,0.7904442265630892,0.7904442265630892,0.0,,
vienna,link+k10d,3,0,20,8,0.8473866807451542,0.8558463433642557,0.008459662619101471,,
vienna,link+k10d,3,0,20,-1,0.8341001081026724,,,7.0,13.0
vienna,link+k25,3,0,20,3,0.6741584332654549,0.6741584332654549,0.0,,
vienna,link+k25,3,0,20,5,0.7904442265630892,0.7904442265630892,0.0,,
vienna,link+k25,3,0,20,8,0.8473866807451542,0.8558463433642557,0.008459662619101471,,
vienna,link+k25,3,0,20,-1,0.8059305628881012,,,6.0,13.0
vienna,link+k25,3,1,20,3,0.6741584332654549,0.6741584332654549,0.0,,
vienna,link+k25,3,1,20,5,0.7904442265630892,0.7904442265630892,0.0,,
vienna,link+k25,3,1,20,8,0.8473866807451542,0.8558463433642557,0.008459662619101471,,
vienna,link+k25,3,1,20,-1,0.8346406214646656,,,7.0,13.0
vienna,link+k25,3,2,20,3,0.6741584332654549,0.6741584332654549,0.0,,
vienna,link+k25,3,2,20,5,0.7904442265630892,0.7904442265630892,0.0,,
vienna,link+k25,3,2,20,8,0.8473866807451542,0.8558463433642557,0.008459662619101471,,
vienna,link+k25,3,2,20,-1,0.8346406214646656,,,7.0,13.0
vienna,link+k25,3,3,20,3,0.6741584332654549,0.6741584332654549,0.0,,
vienna,link+k25,3,3,20,5,0.7904442265630892,0.7904442265630892,0.0,,
vienna,link+k25,3,3,20,8,0.8473866807451542,0.8558463433642557,0.008459662619101471,,
vienna,link+k25,3,3,20,-1,0.8186766221685899,,,7.0,13.0
vienna,link+k25,3,4,20,3,0.6741584332654549,0.6741584332654549,0.0,,
vienna,link+k25,3,4,20,5,0.7904442265630892,0.7904442265630892,0.0,,
vienna,link+k25,3,4,20,8,0.8473866807451542,0.8558463433642557,0.008459662619101471,,
vienna,link+k25,3,4,20,-1,0.8186766221685899,,,7.0,13.0
vienna,link+k25,3,5,20,3,0.6741584332654549,0.6741584332654549,0.0,,
vienna,link+k25,3,5,20,5,0.7904442265630892,0.7904442265630892,0.0,,
vienna,link+k25,3,5,20,8,0.8473866807451542,0.8558463433642557,0.008459662619101471,,
vienna,link+k25,3,5,20,-1,0.8186766221685899,,,7.0,13.0
vienna,link+k25,3,6,20,3,0.6741584332654549,0.6741584332654549,0.0,,
vienna,link+k25,3,6,20,5,0.7904442265630892,0.7904442265630892,0.0,,
vienna,link+k25,3,6,20,8,0.8473866807451542,0.8558463433642557,0.008459662619101471,,
vienna,link+k25,3,6,20,-1,0.8186766221685899,,,7.0,13.0
vienna,link+k25,3,7,20,3,0.6741584332654549,0.6741584332654549,0.0,,
vienna,link+k25,3,7,20,5,0.7904442265630892,0.7904442265630892,0.0,,
vienna,link+k25,3,7,20,8,0.8473866807451542,0.8558463433642557,0.008459662619101471,,
vienna,link+k25,3,7,20,-1,0.8186766221685899,,,7.0,13.0
vienna,link+k25,3,8,20,3,0.6741584332654549,0.6741584332654549,0.0,,
vienna,link+k25,3,8,20,5,0.7904442265630892,0.7904442265630892,0.0,,
vienna,link+k25,3,8,20,8,0.8473866807451542,0.8558463433642557,0.008459662619101471,,
vienna,link+k25,3,8,20,-1,0.8186766221685899,,,7.0,13.0
vienna,link+k25,3,9,20,3,0.6741584332654549,0.6741584332654549,0.0,,
vienna,link+k25,3,9,20,5,0.7904442265630892,0.7904442265630892,0.0,,
vienna,link+k25,3,9,20,8,0.8473866807451542,0.8558463433642557,0.008459662619101471,,
vienna,link+k25,3,9,20,-1,0.8186766221685899,,,7.0,13.0
vienna,link+k25d,3,0,20,3,0.6741584332654549,0.6741584332654549,0.0,,
vienna,link+k25d,3,0,20,5,0.7904442265630892,0.7904442265630892,0.0,,
vienna,link+k25d,3,0,20,8,0.8473866807451542,0.8558463433642557,0.008459662619101471,,
vienna,link+k25d,3,0,20,-1,0.8341001081026724,,,7.0,13.0
vienna,link+k50,3,0,20,3,0.6741584332654549,0.6741584332654549,0.0,,
vienna,link+k50,3,0,20,5,0.7904442265630892,0.7904442265630892,0.0,,
vienna,link+k50,3,0,20,8,0.8473866807451542,0.8558463433642557,0.008459662619101471,,
vienna,link+k50,3,0,20,-1,0.8186766221685899,,,7.0,13.0
vienna,link+k50,3,1,20,3,0.6741584332654549,0.6741584332654549,0.0,,
vienna,link+k50,3,1,20,5,0.7904442265630892,0.7904442265630892,0.0,,
vienna,link+k50,3,1,20,8,0.8473866807451542,0.8558463433642557,0.008459662619101471,,
vienna,link+k50,3,1,20,-1,0.8346406214646656,,,7.0,13.0
vienna,link+k50,3,2,20,3,0.6741584332654549,0.6741584332654549,0.0,,
vienna,link+k50,3,2,20,5,0.7904442265630892,0.7904442265630892,0.0,,
vienna,link+k50,3,2,20,8,0.8473866807451542,0.8558463433642557,0.008459662619101471,,
vienna,link+k50,3,2,20,-1,0.8186766221685899,,,7.0,13.0
vienna,link+k50,3,3,20,3,0.6741584332654549,0.6741584332654549,0.0,,
vienna,link+k50,3,3,20,5,0.7904442265630892,0.7904442265630892,0.0,,
vienna,link+k50,3,3,20,8,0.8473866807451542,0.8558463433642557,0.008459662619101471,,
vienna,link+k50,3,3,20,-1,0.8346406214646656,,,7.0,13.0
vienna,link+k50,3,4,20,3,0.6741584332654549,0.6741584332654549,0.0,,
vienna,link+k50,3,4,20,5,0.7828141891042563,0.7904442265630892,0.00763003745883295,,
vienna,link+k50,3,4,20,8,0.8419564069688513,0.8558463433642557,0.013889936395404368,,
vienna,link+k50,3,4,20,-1,0.8287829650300425,,,7.0,13.0
vienna,link+k50,3,5,20,3,0.6741584332654549,0.6741584332654549,0.0,,
vienna,link+k50,3,5,20,5,0.7904442265630892,0.7904442265630892,0.0,,
vienna,link+k50,3,5,20,8,0.8473866807451542,0.8558463433642557,0.008459662619101471,,
vienna,link+k50,3,5,20,-1,0.8346406214646656,,,7.0,13.0
vienna,link+k50,3,6,20,3,0.6741584332654549,0.6741584332654549,0.0,,
vienna,link+k50,3,6,20,5,0.7904442265630892,0.7904442265630892,0.0,,
vienna,link+k50,3,6,20,8,0.8473866807451542,0.8558463433642557,0.008459662619101471,,
vienna,link+k50,3,6,20,-1,0.8346406214646656,,,7.0,13.0
vienna,link+k50,3,7,20,3,0.6741584332654549,0.6741584332654549,0.0,,
vienna,link+k50,3,7,20,5,0.7904442265630892,0.7904442265630892,0.0,,
vienna,link+k50,3,7,20,8,0.8473866807451542,0.8558463433642557,0.008459662619101471,,
vienna,link+k50,3,7,20,-1,0.8346406214646656,,,7.0,13.0
vienna,link+k50,3,8,20,3,0.6741584332654549,0.6741584332654549,0.0,,
vienna,link+k50,3,8,20,5,0.7828141891042563,0.7904442265630892,0.00763003745883295,,
vienna,link+k50,3,8,20,8,0.8419564069688513,0.8558463433642557,0.013889936395404368,,
vienna,link+k50,3,8,20,-1,0.8287829650300425,,,7.0,13.0
vienna,link+k50,3,9,20,3,0.6741584332654549,0.6741584332654549,0.0,,
vienna,link+k50,3,9,20,5,0.7828141891042563,0.7904442265630892,0.00763003745883295,,
vienna,link+k50,3,9,20,8,0.8419564069688513,0.8558463433642557,0.013889936395404368,,
vienna,link+k50,3,9,20,-1,0.8118133594790959,,,7.0,13.0
vienna,link+k50d,3,0,20,3,0.6741584332654549,0.6741584332654549,0.0,,
vienna,link+k50d,3,0,20,5,0.7904442265630892,0.7904442265630892,0.0,,
vienna,link+k50d,3,0,20,8,0.8473866807451542,0.8558463433642557,0.008459662619101471,,
vienna,link+k50d,3,0,20,-1,0.8186766221685899,,,7.0,13.0
vienna,link,4,0,20,3,0.6741584332654549,0.6741584332654549,0.0,,
vienna,link,4,0,20,5,0.7904442265630892,0.7904442265630892,0.0,,
vienna,link,4,0,20,8,0.8473866807451542,0.8558463433642557,0.008459662619101471,,
vienna,link,4,0,20,-1,0.8059305628881012,,,6.0,13.0
vienna,link,4,0,10,3,0.6741584332654549,0.6741584332654549,0.0,,
vienna,link,4,0,10,5,0.7904442265630892,0.7904442265630892,0.0,,
vienna,link,4,0,10,8,0.8528798049123866,0.8531437765542902,0.00026397164190361533,,
vienna,link,4,0,10,-1,0.8314729617618222,,,7.0,
vienna,link_reg,4,0,20,3,0.6429720692862709,0.6741584332654549,0.03118636397918395,,
vienna,link_reg,4,0,20,5,0.7358272368454132,0.7904442265630892,0.054616989717676034,,
vienna,link_reg,4,0,20,8,0.7358272368454132,0.8558463433642557,0.12001910651884251,,
vienna,link_reg,4,0,20,-1,0.4315307841214772,,,1.0,13.0
vienna,link_reg,4,0,10,3,0.6355305830002262,0.6741584332654549,0.038627850265228636,,
vienna,link_reg,4,0,10,5,0.7698670085727933,0.7904442265630892,0.020577217990295882,,
vienna,link_reg,4,0,10,8,0.7698670085727933,0.8531437765542902,0.08327676798149686,,
vienna,link_reg,4,0,10,-1,0.4315307841214772,,,1.0,
vienna,link+k10,4,0,20,3,0.6741584332654549,0.6741584332654549,0.0,,
vienna,link+k10,4,0,20,5,0.7904442265630892,0.7904442265630892,0.0,,
vienna,link+k10,4,0,20,8,0.8473866807451542,0.8558463433642557,0.008459662619101471,,
vienna,link+k10,4,0,20,-1,0.8059305628881012,,,6.0,13.0
vienna,link+k10,4,1,20,3,0.6741584332654549,0.6741584332654549,0.0,,
vienna,link+k10,4,1,20,5,0.7904442265630892,0.7904442265630892,0.0,,
vienna,link+k10,4,1,20,8,0.8473866807451542,0.8558463433642557,0.008459662619101471,,
vienna,link+k10,4,1,20,-1,0.8346406214646656,,,7.0,13.0
vienna,link+k10,4,2,20,3,0.6741584332654549,0.6741584332654549,0.0,,
vienna,link+k10,4,2,20,5,0.7904442265630892,0.7904442265630892,0.0,,
vienna,link+k10,4,2,20,8,0.8473866807451542,0.8558463433642557,0.008459662619101471,,
vienna,link+k10,4,2,20,-1,0.8059305628881012,,,6.0,13.0
vienna,link+k10,4,3,20,3,0.6741584332654549,0.6741584332654549,0.0,,
vienna,link+k10,4,3,20,5,0.7904442265630892,0.7904442265630892,0.0,,
vienna,link+k10,4,3,20,8,0.8473866807451542,0.8558463433642557,0.008459662619101471,,
vienna,link+k10,4,3,20,-1,0.8059305628881012,,,6.0,13.0
vienna,link+k10,4,4,20,3,0.6741584332654549,0.6741584332654549,0.0,,
vienna,link+k10,4,4,20,5,0.7904442265630892,0.7904442265630892,0.0,,
vienna,link+k10,4,4,20,8,0.8473866807451542,0.8558463433642557,0.008459662619101471,,
vienna,link+k10,4,4,20,-1,0.8048118259295572,,,6.0,13.0
vienna,link+k10,4,5,20,3,0.6741584332654549,0.6741584332654549,0.0,,
vienna,link+k10,4,5,20,5,0.7904442265630892,0.7904442265630892,0.0,,
vienna,link+k10,4,5,20,8,0.8473866807451542,0.8558463433642557,0.008459662619101471,,
vienna,link+k10,4,5,20,-1,0.8059305628881012,,,6.0,13.0
vienna,link+k10,4,6,20,3,0.6741584332654549,0.6741584332654549,0.0,,
vienna,link+k10,4,6,20,5,0.7904442265630892,0.7904442265630892,0.0,,
vienna,link+k10,4,6,20,8,0.8473866807451542,0.8558463433642557,0.008459662619101471,,
vienna,link+k10,4,6,20,-1,0.8346406214646656,,,7.0,13.0
vienna,link+k10,4,7,20,3,0.6741584332654549,0.6741584332654549,0.0,,
vienna,link+k10,4,7,20,5,0.7904442265630892,0.7904442265630892,0.0,,
vienna,link+k10,4,7,20,8,0.8473866807451542,0.8558463433642557,0.008459662619101471,,
vienna,link+k10,4,7,20,-1,0.8048118259295572,,,6.0,13.0
vienna,link+k10,4,8,20,3,0.6741584332654549,0.6741584332654549,0.0,,
vienna,link+k10,4,8,20,5,0.7904442265630892,0.7904442265630892,0.0,,
vienna,link+k10,4,8,20,8,0.8473866807451542,0.8558463433642557,0.008459662619101471,,
vienna,link+k10,4,8,20,-1,0.8059305628881012,,,6.0,13.0
vienna,link+k10,4,9,20,3,0.6741584332654549,0.6741584332654549,0.0,,
vienna,link+k10,4,9,20,5,0.7904442265630892,0.7904442265630892,0.0,,
vienna,link+k10,4,9,20,8,0.8473866807451542,0.8558463433642557,0.008459662619101471,,
vienna,link+k10,4,9,20,-1,0.8059305628881012,,,6.0,13.0
vienna,link+k10d,4,0,20,3,0.6741584332654549,0.6741584332654549,0.0,,
vienna,link+k10d,4,0,20,5,0.7904442265630892,0.7904442265630892,0.0,,
vienna,link+k10d,4,0,20,8,0.8473866807451542,0.8558463433642557,0.008459662619101471,,
vienna,link+k10d,4,0,20,-1,0.8341001081026724,,,7.0,13.0
vienna,link+k25,4,0,20,3,0.6741584332654549,0.6741584332654549,0.0,,
vienna,link+k25,4,0,20,5,0.7904442265630892,0.7904442265630892,0.0,,
vienna,link+k25,4,0,20,8,0.8473866807451542,0.8558463433642557,0.008459662619101471,,
vienna,link+k25,4,0,20,-1,0.8059305628881012,,,6.0,13.0
vienna,link+k25,4,1,20,3,0.6741584332654549,0.6741584332654549,0.0,,
vienna,link+k25,4,1,20,5,0.7904442265630892,0.7904442265630892,0.0,,
vienna,link+k25,4,1,20,8,0.8473866807451542,0.8558463433642557,0.008459662619101471,,
vienna,link+k25,4,1,20,-1,0.8059305628881012,,,6.0,13.0
vienna,link+k25,4,2,20,3,0.6741584332654549,0.6741584332654549,0.0,,
vienna,link+k25,4,2,20,5,0.7904442265630892,0.7904442265630892,0.0,,
vienna,link+k25,4,2,20,8,0.8473866807451542,0.8558463433642557,0.008459662619101471,,
vienna,link+k25,4,2,20,-1,0.8048118259295572,,,6.0,13.0
vienna,link+k25,4,3,20,3,0.6741584332654549,0.6741584332654549,0.0,,
vienna,link+k25,4,3,20,5,0.7904442265630892,0.7904442265630892,0.0,,
vienna,link+k25,4,3,20,8,0.8473866807451542,0.8558463433642557,0.008459662619101471,,
vienna,link+k25,4,3,20,-1,0.8059305628881012,,,6.0,13.0
vienna,link+k25,4,4,20,3,0.6741584332654549,0.6741584332654549,0.0,,
vienna,link+k25,4,4,20,5,0.7904442265630892,0.7904442265630892,0.0,,
vienna,link+k25,4,4,20,8,0.8473866807451542,0.8558463433642557,0.008459662619101471,,
vienna,link+k25,4,4,20,-1,0.8059305628881012,,,6.0,13.0
vienna,link+k25,4,5,20,3,0.6741584332654549,0.6741584332654549,0.0,,
vienna,link+k25,4,5,20,5,0.7904442265630892,0.7904442265630892,0.0,,
vienna,link+k25,4,5,20,8,0.8473866807451542,0.8558463433642557,0.008459662619101471,,
vienna,link+k25,4,5,20,-1,0.8059305628881012,,,6.0,13.0
vienna,link+k25,4,6,20,3,0.6741584332654549,0.6741584332654549,0.0,,
vienna,link+k25,4,6,20,5,0.7904442265630892,0.7904442265630892,0.0,,
vienna,link+k25,4,6,20,8,0.8473866807451542,0.8558463433642557,0.008459662619101471,,
vienna,link+k25,4,6,20,-1,0.8059305628881012,,,6.0,13.0
vienna,link+k25,4,7,20,3,0.6741584332654549,0.6741584332654549,0.0,,
vienna,link+k25,4,7,20,5,0.7904442265630892,0.7904442265630892,0.0,,
vienna,link+k25,4,7,20,8,0.8473866807451542,0.8558463433642557,0.008459662619101471,,
vienna,link+k25,4,7,20,-1,0.8059305628881012,,,6.0,13.0
vienna,link+k25,4,8,20,3,0.6741584332654549,0.6741584332654549,0.0,,
vienna,link+k25,4,8,20,5,0.7904442265630892,0.7904442265630892,0.0,,
vienna,link+k25,4,8,20,8,0.8473866807451542,0.8558463433642557,0.008459662619101471,,
vienna,link+k25,4,8,20,-1,0.8059305628881012,,,6.0,13.0
vienna,link+k25,4,9,20,3,0.6741584332654549,0.6741584332654549,0.0,,
vienna,link+k25,4,9,20,5,0.7904442265630892,0.7904442265630892,0.0,,
vienna,link+k25,4,9,20,8,0.8473866807451542,0.8558463433642557,0.008459662619101471,,
vienna,link+k25,4,9,20,-1,0.8186766221685899,,,7.0,13.0
vienna,link+k25d,4,0,20,3,0.6741584332654549,0.6741584332654549,0.0,,
vienna,link+k25d,4,0,20,5,0.7904442265630892,0.7904442265630892,0.0,,
vienna,link+k25d,4,0,20,8,0.8473866807451542,0.8558463433642557,0.008459662619101471,,
vienna,link+k25d,4,0,20,-1,0.8341001081026724,,,7.0,13.0
vienna,link+k50,4,0,20,3,0.6741584332654549,0.6741584332654549,0.0,,
vienna,link+k50,4,0,20,5,0.7904442265630892,0.7904442265630892,0.0,,
vienna,link+k50,4,0,20,8,0.8473866807451542,0.8558463433642557,0.008459662619101471,,
vienna,link+k50,4,0,20,-1,0.8186766221685899,,,7.0,13.0
vienna,link+k50,4,1,20,3,0.6741584332654549,0.6741584332654549,0.0,,
vienna,link+k50,4,1,20,5,0.7904442265630892,0.7904442265630892,0.0,,
vienna,link+k50,4,1,20,8,0.8473866807451542,0.8558463433642557,0.008459662619101471,,
vienna,link+k50,4,1,20,-1,0.8059305628881012,,,6.0,13.0
vienna,link+k50,4,2,20,3,0.6741584332654549,0.6741584332654549,0.0,,
vienna,link+k50,4,2,20,5,0.7904442265630892,0.7904442265630892,0.0,,
vienna,link+k50,4,2,20,8,0.8473866807451542,0.8558463433642557,0.008459662619101471,,
vienna,link+k50,4,2,20,-1,0.8186766221685899,,,7.0,13.0
vienna,link+k50,4,3,20,3,0.6741584332654549,0.6741584332654549,0.0,,
vienna,link+k50,4,3,20,5,0.7904442265630892,0.7904442265630892,0.0,,
vienna,link+k50,4,3,20,8,0.8473866807451542,0.8558463433642557,0.008459662619101471,,
vienna,link+k50,4,3,20,-1,0.8186766221685899,,,7.0,13.0
vienna,link+k50,4,4,20,3,0.6741584332654549,0.6741584332654549,0.0,,
vienna,link+k50,4,4,20,5,0.7904442265630892,0.7904442265630892,0.0,,
vienna,link+k50,4,4,20,8,0.8473866807451542,0.8558463433642557,0.008459662619101471,,
vienna,link+k50,4,4,20,-1,0.8059305628881012,,,6.0,13.0
vienna,link+k50,4,5,20,3,0.6741584332654549,0.6741584332654549,0.0,,
vienna,link+k50,4,5,20,5,0.7904442265630892,0.7904442265630892,0.0,,
vienna,link+k50,4,5,20,8,0.8473866807451542,0.8558463433642557,0.008459662619101471,,
vienna,link+k50,4,5,20,-1,0.8059305628881012,,,6.0,13.0
vienna,link+k50,4,6,20,3,0.6741584332654549,0.6741584332654549,0.0,,
vienna,link+k50,4,6,20,5,0.7904442265630892,0.7904442265630892,0.0,,
vienna,link+k50,4,6,20,8,0.8473866807451542,0.8558463433642557,0.008459662619101471,,
vienna,link+k50,4,6,20,-1,0.8346406214646656,,,7.0,13.0
vienna,link+k50,4,7,20,3,0.6741584332654549,0.6741584332654549,0.0,,
vienna,link+k50,4,7,20,5,0.7904442265630892,0.7904442265630892,0.0,,
vienna,link+k50,4,7,20,8,0.8473866807451542,0.8558463433642557,0.008459662619101471,,
vienna,link+k50,4,7,20,-1,0.8059305628881012,,,6.0,13.0
vienna,link+k50,4,8,20,3,0.6741584332654549,0.6741584332654549,0.0,,
vienna,link+k50,4,8,20,5,0.7904442265630892,0.7904442265630892,0.0,,
vienna,link+k50,4,8,20,8,0.8473866807451542,0.8558463433642557,0.008459662619101471,,
vienna,link+k50,4,8,20,-1,0.8346406214646656,,,7.0,13.0
vienna,link+k50,4,9,20,3,0.6741584332654549,0.6741584332654549,0.0,,
vienna,link+k50,4,9,20,5,0.7904442265630892,0.7904442265630892,0.0,,
vienna,link+k50,4,9,20,8,0.8473866807451542,0.8558463433642557,0.008459662619101471,,
vienna,link+k50,4,9,20,-1,0.8186766221685899,,,7.0,13.0
vienna,link+k50d,4,0,20,3,0.6741584332654549,0.6741584332654549,0.0,,
vienna,link+k50d,4,0,20,5,0.7904442265630892,0.7904442265630892,0.0,,
vienna,link+k50d,4,0,20,8,0.8473866807451542,0.8558463433642557,0.008459662619101471,,
vienna,link+k50d,4,0,20,-1,0.8048118259295572,,,6.0,13.0
