fold,operator,seed,draw,sites,trees,trees_clf,clf_acc,pl_rmse_db,pl_bias_db,assoc_acc,cov_true_120,cov_acc_120,cov_err_120,cov_true_130,cov_acc_130,cov_err_130,cov_true_140,cov_acc_140,cov_err_140,sinr_mae_db,sinr_ks,se_true,se_err,edge_disp_m,handover_err
amsterdam,link,0,0,20,149,89,0.8319042280382984,8.462367925372964,-0.16152991547946965,0.6891148309944459,0.7137408023092486,0.8191389286220538,-0.10261465702761563,0.840014948260976,0.8602079870104766,0.019071919176299246,0.9329647813816833,0.9269854769912759,0.045643741704359475,5.765773370987569,0.023723921083491195,1.5524030674514866,-0.06215517289368244,9.718435944441467,-0.05781443298969069
amsterdam,link,0,0,10,149,89,0.8319042280382984,8.314722610584258,0.000267831892315284,0.69629257354931,0.6128271542892488,0.8116132524065411,-0.10993415033311427,0.7697065759461863,0.8345768740093555,-0.0032087215370936173,0.8709037254674553,0.8891251401399467,0.061004368500405914,6.908884599036924,0.04713856780196135,1.6765720424357382,-0.07824533682401036,10.98393169106577,-0.12294225241703682
amsterdam,link_reg,0,0,20,149,89,0.8319042280382984,8.462367925372964,-0.16152991547946965,0.6889859666756871,0.7137408023092486,0.8191518150539298,-0.10249867914073274,0.840014948260976,0.8602208734423525,0.0216878648471025,0.9329647813816833,0.9334029200654631,0.06613316838700534,6.407668229062283,0.19856702877540236,1.5524030674514866,-0.4276980573416751,9.657627608121354,-0.052989690721649496
amsterdam,link_reg,0,0,10,149,89,0.8319042280382984,8.314722610584258,0.000267831892315284,0.675390781046636,0.6128271542892488,0.8116132524065411,-0.109856831741859,0.7697065759461863,0.834422236826845,-0.0008376180719320558,0.8709037254674553,0.8715222741974975,0.1281169057099779,7.145287056712289,0.17127356606229305,1.6765720424357382,-0.4584096841968355,11.313622450920127,-0.13173939552303804
amsterdam,link+k10,0,0,20,149,89,0.8319042280382984,8.67208962971623,0.30853184403347583,0.6664991430522803,0.7137408023092486,0.8209688019484285,-0.08990863519800008,0.840014948260976,0.8602337598742285,0.024458447700416275,0.9329647813816833,0.9279390729500908,0.04316954678419094,6.037318546600437,0.024741949201685542,1.5524030674514866,0.013707498084175374,10.821208030351833,-0.0807010309278351
amsterdam,link+k10,0,1,20,149,89,0.8319042280382984,8.583850807220955,0.26086000730324405,0.6703392997512919,0.7137408023092486,0.815002383989897,-0.10236981482197394,0.840014948260976,0.8609296271955258,0.01566990116106748,0.9329647813816833,0.927500934266311,0.044638600018040986,5.939449443568607,0.022087344235254713,1.5524030674514866,-0.05509709671922525,10.201784435271186,-0.05410309278350511
amsterdam,link+k10,0,2,20,149,89,0.8319042280382984,8.527356676230498,0.14886306442806393,0.6714604193244933,0.7137408023092486,0.8154405226736768,-0.09925129830801149,0.840014948260976,0.8621151789281066,0.021546114096467894,0.9329647813816833,0.9279004136544632,0.04480612363242742,5.872572876081487,0.020644063865156378,1.5524030674514866,-0.02980730709329782,10.242426485253691,-0.06911340206185568
amsterdam,link+k10,0,3,20,149,89,0.8319042280382984,8.765761167404085,1.639907440820558,0.6662671872785144,0.7137408023092486,0.8004278295382792,-0.1451656550817645,0.840014948260976,0.8576822463628047,-0.02242239146402747,0.9329647813816833,0.9274107292431799,0.04127524129843685,5.790565996229992,0.03767992680506704,1.5524030674514866,-0.0984840010674144,10.089659564035003,-0.07331958762886603
amsterdam,link+k10,0,4,20,149,89,0.8319042280382984,8.626572524687814,0.9644896604683972,0.6768727207123619,0.7137408023092486,0.8048865349673329,-0.13506269249107616,0.840014948260976,0.8593445960747929,-0.010193167613819387,0.9329647813816833,0.9272560920606693,0.043929846264867733,5.842434121714481,0.02657182252806023,1.5524030674514866,-0.0730068945422977,9.528295290648346,-0.058061855670103135
amsterdam,link+k10,0,5,20,149,89,0.8319042280382984,8.610542044965108,0.6388133700212312,0.6818984291439544,0.7137408023092486,0.81343023930104,-0.11236968595765517,0.840014948260976,0.8615610623574439,0.01431682581410032,0.9329647813816833,0.9280937101326013,0.04476746433679979,5.797902944817679,0.020540972410149353,1.5524030674514866,-0.033281219145072205,9.962160047571235,-0.0682474226804124
amsterdam,link+k10,0,6,20,149,89,0.8319042280382984,8.676892699447148,1.5719291452685236,0.6836638703109496,0.7137408023092486,0.7990489813275602,-0.14267857372972004,0.840014948260976,0.8565482403577274,-0.01796368603497378,0.9329647813816833,0.9269081584000206,0.04244790659914177,5.804940069837102,0.025347611499851874,1.5524030674514866,-0.06382683530823763,10.02818155554416,-0.06676288659793816
amsterdam,link+k10,0,7,20,149,89,0.8319042280382984,8.621527937049036,0.830928907177394,0.6610868416644116,0.7137408023092486,0.8086493730750892,-0.1265576474529968,0.840014948260976,0.8613162201518022,-0.0010566874138219218,0.9329647813816833,0.9277844357675803,0.044406644244275206,5.977290057168303,0.023491965309725416,1.5524030674514866,-0.07700321100822105,9.941653374376177,-0.04585567010309277
amsterdam,link+k10,0,8,20,149,89,0.8319042280382984,8.601457733542663,-0.025148052000512736,0.6733804976739991,0.7137408023092486,0.8155436141286839,-0.11154495431759903,0.840014948260976,0.8618832231543408,0.013917346425948107,0.9329647813816833,0.9273205242200487,0.04445818997177864,5.854486838150207,0.02545070295485885,1.5524030674514866,-0.0683550759131939,9.557965539272008,-0.03340206185567007
amsterdam,link+k10,0,9,20,149,89,0.8319042280382984,8.53212744726221,0.7261160339068474,0.6844886019510058,0.7137408023092486,0.8105179056970915,-0.12468911483099454,0.840014948260976,0.8600146905323385,-0.0015077125294776783,0.9329647813816833,0.9276813443125733,0.04469014574554453,5.7721598697776795,0.02707439337121942,1.5524030674514866,-0.08173134649033487,9.621221022132138,-0.04709278350515467
amsterdam,link+k10d,0,0,20,149,89,0.8319042280382984,8.572482529649596,-0.2913088435193265,0.664205358178374,0.7137408023092486,0.8202471617633793,-0.10413525598896922,0.840014948260976,0.8612389015605469,0.017319364441179874,0.9329647813816833,0.9270370227187794,0.04499942011056557,5.968481051286802,0.028814061674462987,1.5524030674514866,-0.08013051836723295,9.87481479239311,-0.044247422680412374
amsterdam,link+k25,0,0,20,149,89,0.8319042280382984,8.512240540508571,0.2623443346710122,0.6867437275292844,0.7137408023092486,0.8174250331825621,-0.10484400974214259,0.840014948260976,0.8625533176118865,0.016082266981095605,0.9329647813816833,0.9286220538395124,0.044445303539902836,5.734877855292731,0.020064174430741873,1.5524030674514866,-0.031704633539179516,9.61583875568916,-0.05472164948453606
amsterdam,link+k25,0,1,20,149,89,0.8319042280382984,8.495329650590042,0.12417584189567844,0.677078903622376,0.7137408023092486,0.8234043375729694,-0.09167407636499536,0.840014948260976,0.8642543266195023,0.027370781304364655,0.9329647813816833,0.928557621680133,0.043788095514233016,5.860367877691446,0.02068272316078401,1.5524030674514866,-0.013019572421354875,10.040497667288571,-0.06391752577319587
amsterdam,link+k25,0,2,20,149,89,0.8319042280382984,8.484782910955007,0.26855276832226355,0.6911380007989588,0.7137408023092486,0.8224378551822786,-0.10547544490406058,0.840014948260976,0.863648664321336,0.014368371541603864,0.9329647813816833,0.9291117382507957,0.04449684926740627,5.676477130213968,0.020064174430741873,1.5524030674514866,-0.042187940074073005,9.64832380039054,-0.05868041237113397
amsterdam,link+k25,0,3,20,149,89,0.8319042280382984,8.634157788871201,0.7985391406170467,0.6723882424195564,0.7137408023092486,0.8106854293114779,-0.12550096003917477,0.840014948260976,0.8616126080849473,-0.0010953467094495517,0.9329647813816833,0.9285705081120089,0.042460793031017574,5.840423534730679,0.020167265885748895,1.5524030674514866,-0.042424430038286554,9.880632587251693,-0.05851546391752582
amsterdam,link+k25,0,4,20,149,89,0.8319042280382984,8.48272230241021,0.03541468130529127,0.677929408126184,0.7137408023092486,0.8217162149972295,-0.10426412030772803,0.840014948260976,0.8635198000025773,0.015038465999149486,0.9329647813816833,0.9276813443125733,0.044715918609296246,5.841482160824857,0.021249726163322658,1.5524030674514866,-0.055736423981807004,10.203764058515624,-0.054432989690721634
amsterdam,link+k25,0,5,20,149,89,0.8319042280382984,8.472529734729411,0.14969470876709864,0.6870787747580572,0.7137408023092486,0.8194224301233232,-0.09712503704849174,0.840014948260976,0.8645507145526475,0.02068272316078401,0.9329647813816833,0.9296400819577068,0.043942732696743536,5.802462782114771,0.01994819654385897,1.5524030674514866,-0.020194972127189237,10.265704844401935,-0.06602061855670105
amsterdam,link+k25,0,6,20,149,89,0.8319042280382984,8.541727054395475,0.6176923676756472,0.6688315872218141,0.7137408023092486,0.819551294442082,-0.1099599231968661,0.840014948260976,0.8632620713650597,0.005992190822283194,0.9329647813816833,0.9285447352482571,0.04341438898983252,5.844757157204622,0.021778069870233563,1.5524030674514866,-0.04754102797799242,10.307814552241261,-0.08284536082474225
amsterdam,link+k25,0,7,20,149,89,0.8319042280382984,8.522112175151719,0.20071916840590848,0.6768340614167343,0.7137408023092486,0.816484323655623,-0.11403203566964348,0.840014948260976,0.8647440110307857,0.010953467094496183,0.9329647813816833,0.9287122588626435,0.043865414105488276,5.761924402548919,0.02311825878532492,1.5524030674514866,-0.0636981281587583,9.584731366726187,-0.04832989690721645
amsterdam,link+k25,0,8,20,149,89,0.8319042280382984,8.503074151999316,0.3357878744386431,0.6776716794886664,0.7137408023092486,0.8167549387250165,-0.11950876921689157,0.840014948260976,0.8636100050257084,0.004355613974046713,0.9329647813816833,0.9284545302251259,0.04355613974046724,5.722951783526794,0.028118194353165538,1.5524030674514866,-0.08438545602158087,9.620312583990255,-0.04680412371134024
amsterdam,link+k25,0,9,20,149,89,0.8319042280382984,8.511835782265484,-0.43453123261446835,0.6687156093349312,0.7137408023092486,0.8262006932900349,-0.07957371683354597,0.840014948260976,0.8657104934214765,0.034471205267973315,0.9329647813816833,0.9296271955258308,0.04354325330859132,5.942424146501931,0.02037344879576294,1.5524030674514866,-0.010072788157875268,10.01235929414772,-0.07389690721649489
amsterdam,link+k25d,0,0,20,149,89,0.8319042280382984,8.579675905064274,1.0304638248307503,0.6806742181157459,0.7137408023092486,0.8065102253836935,-0.1391863506913571,0.840014948260976,0.8577595649540599,-0.01420084792721743,0.9329647813816833,0.9267277483537584,0.044020051287998796,5.806773336046217,0.03126248373087981,1.5524030674514866,-0.1017361528210905,9.579082347239794,-0.043793814432989686
amsterdam,link+k50,0,0,20,149,89,0.8319042280382984,8.480457573236974,-0.009585205159755184,0.6915761394827387,0.7137408023092486,0.8289970490071005,-0.08365871573819927,0.840014948260976,0.8677207767941135,0.025940387366142237,0.9329647813816833,0.9302070849602454,0.042731408100411095,5.667409658023849,0.02048942668264584,1.5524030674514866,-0.007231193512259759,9.939928527503842,-0.07472164948453608
amsterdam,link+k50,0,1,20,149,89,0.8319042280382984,8.476656069664491,0.03988973113697395,0.6944240409273076,0.7137408023092486,0.8270125384982152,-0.0959265988840351,0.840014948260976,0.8688547827991907,0.020347675932011255,0.9329647813816833,0.9314570688522055,0.04251233875852112,5.541076372136921,0.019883764384479582,1.5524030674514866,-0.027797064292960805,9.154466382875027,-0.045237113402061824
amsterdam,link+k50,0,2,20,149,89,0.8319042280382984,8.48377664066687,-0.21952734100058072,0.6797721678844345,0.7137408023092486,0.8284944781639412,-0.09563021095088986,0.840014948260976,0.8694991043929846,0.01846625687813308,0.9329647813816833,0.9314441824203297,0.04224172368912771,5.620548339976402,0.02020592518137654,1.5524030674514866,-0.044259421402709886,9.204491474241733,-0.05505154639175258
amsterdam,link+k50,0,3,20,149,89,0.8319042280382984,8.461071455743301,0.20449059665238414,0.6938956972203967,0.7137408023092486,0.8271285163850981,-0.10150642388629016,0.840014948260976,0.8685455084341697,0.013466321310292462,0.9329647813816833,0.9313797502609502,0.04135255988969211,5.528495665980401,0.02082447391141873,1.5524030674514866,-0.05053824020855879,9.59792285595918,-0.058226804123711395
amsterdam,link+k50,0,4,20,149,89,0.8319042280382984,8.46527467834067,-0.16561213774897834,0.6945786781098182,0.7137408023092486,0.8294223012590044,-0.08403242226259977,0.840014948260976,0.8688032370716873,0.02805376219378619,0.9329647813816833,0.9313926366928261,0.041880903596603125,5.660262244977392,0.019922423680107215,1.5524030674514866,-0.014327876135473705,9.555290106239452,-0.06474226804123706
amsterdam,link+k50,0,5,20,149,89,0.8319042280382984,8.487367313955213,0.37943695675517436,0.6920142781665185,0.7137408023092486,0.8244610249867914,-0.10244713341322931,0.840014948260976,0.8682748933647763,0.012680248965863838,0.9329647813816833,0.9304648135977629,0.04314377392043911,5.593733859662907,0.020038401566990115,1.5524030674514866,-0.0453680529910796,9.500908039253853,-0.05983505154639179
amsterdam,link+k50,0,6,20,149,89,0.8319042280382984,8.478212504870275,-0.4687867330020513,0.7008285975696189,0.7137408023092486,0.8317676318604141,-0.08447056094637961,0.840014948260976,0.8684553034110385,0.030927436502106942,0.9329647813816833,0.9311735673509361,0.0433886161260808,5.51137655300765,0.019445625700699732,1.5524030674514866,-0.03537756782462309,8.962002204268211,-0.05237113402061855
amsterdam,link+k50,0,7,20,149,89,0.8319042280382984,8.46899792605609,-0.08929636951055779,0.699978093065811,0.7137408023092486,0.8267805827244494,-0.09986984703805368,0.840014948260976,0.8696408551436193,0.019175010631306333,0.9329647813816833,0.9320111854228683,0.042499452326645204,5.55334508205396,0.022512596487158754,1.5524030674514866,-0.06294080597324414,8.855408031427768,-0.04239175257731964
amsterdam,link+k50,0,8,20,149,89,0.8319042280382984,8.476634880975181,0.32193209707488085,0.6884962822644038,0.7137408023092486,0.8257496681743792,-0.10587492429221279,0.840014948260976,0.8686614863210526,0.012577157510856862,0.9329647813816833,0.9315215010115849,0.04275718096416281,5.540428570724702,0.02048942668264586,1.5524030674514866,-0.04933079910364202,9.684796825876997,-0.04973195876288661
amsterdam,link+k50,0,9,20,149,89,0.8319042280382984,8.494904091882233,-0.26830394826224047,0.6874524812824577,0.7137408023092486,0.83199958763418,-0.08441901521887607,0.840014948260976,0.8692156028917153,0.024419788404788645,0.9329647813816833,0.9313282045334468,0.04320820607981857,5.68214099677912,0.019445625700699732,1.5524030674514866,-0.029704828325254118,9.967914344612728,-0.07682474226804126
amsterdam,link+k50d,0,0,20,149,89,0.8319042280382984,8.542226962365666,0.9201210823324791,0.6921173696215255,0.7137408023092486,0.8091777167820002,-0.13175087949897557,0.840014948260976,0.8590997538691512,-0.008711227948093425,0.9329647813816833,0.9267792940812618,0.043891186969240104,5.755371549267683,0.026752232574322465,1.5524030674514866,-0.08160420237782606,9.501820342495652,-0.05637113402061855
amsterdam,link,1,0,20,107,68,0.8313449568948854,8.456454764847868,-0.19713352573953632,0.6897076068607363,0.7137408023092486,0.8184946070282599,-0.10869705287303,0.840014948260976,0.8605301478073736,0.013208592672774855,0.9329647813816833,0.9266633161943789,0.045295808043710695,5.784513332779644,0.02661048182368786,1.5524030674514866,-0.07225763243761074,9.653681224499305,-0.05307216494845357
amsterdam,link,1,0,10,107,68,0.8313449568948854,8.306113904940887,0.02728266612160484,0.6983801755132022,0.6128271542892488,0.8104792464014638,-0.11931547273875337,0.7697065759461863,0.8348861483743766,-0.010064303295060695,0.8709037254674553,0.8883777270911457,0.057318848983904824,6.96879234587479,0.048208141647659186,1.6765720424357382,-0.08479900280964281,10.888956122640588,-0.11710652382196673
amsterdam,link_reg,1,0,20,107,68,0.8313449568948854,8.456454764847868,-0.19713352573953632,0.6878261878068581,0.7137408023092486,0.8185332663238876,-0.10865839357740237,0.840014948260976,0.8604657156479942,0.015541036842308786,0.9329647813816833,0.9332869421785802,0.066481102047654,6.517499669200646,0.20950760943802268,1.5524030674514866,-0.44109438566371595,9.423744301639605,-0.034886597938144304
amsterdam,link_reg,1,0,10,107,68,0.8313449568948854,8.306113904940887,0.02728266612160484,0.6775170423061558,0.6128271542892488,0.8104792464014638,-0.11931547273875337,0.7697065759461863,0.8343835775312174,-0.008118452081803063,0.8709037254674553,0.8712774319918558,0.1284906122343784,7.2158190324645215,0.18140230151673303,1.6765720424357382,-0.47194440641074564,11.234944202351837,-0.11654037104781811
amsterdam,link+k10,1,0,20,107,68,0.8313449568948854,8.669481390397088,0.06307894710882161,0.6628651692632826,0.7137408023092486,0.8211105526990632,-0.09151943918248484,0.840014948260976,0.8599760312367108,0.02747387275937163,0.9329647813816833,0.9273462970838005,0.0432468653754462,6.0759862050926055,0.024651744178554397,1.5524030674514866,0.012182893508126735,10.742074533127404,-0.0669690721649484
amsterdam,link+k10,1,1,20,107,68,0.8313449568948854,8.600265062969504,0.30776026895549596,0.665365137047203,0.7137408023092486,0.812901895594129,-0.11382585275962942,0.840014948260976,0.8590868674372752,0.007023105372353511,0.9329647813816833,0.9269210448318965,0.04447107640365455,5.97255069170194,0.027486759191247545,1.5524030674514866,-0.06956853427285026,10.278508209152893,-0.04647422680412372
amsterdam,link+k10,1,2,20,107,68,0.8313449568948854,8.523704623781708,0.16658893612233178,0.6717696936895143,0.7137408023092486,0.8140230151673303,-0.10788520766484977,0.840014948260976,0.8614321980386851,0.014600327315369643,0.9329647813816833,0.9275911392894421,0.044754577904923876,5.880953102990432,0.021030656821432712,1.5524030674514866,-0.03929431029847241,10.203885383160896,-0.060701030927835076
amsterdam,link+k10,1,3,20,107,68,0.8313449568948854,8.744742819539233,1.5488277765628224,0.6626847592170204,0.7137408023092486,0.7986237290756563,-0.14980477055708052,0.840014948260976,0.8558910323320575,-0.024033195448512235,0.9329647813816833,0.9269854769912759,0.0419839950516101,5.8353974844181895,0.04003814383835269,1.5524030674514866,-0.10522258351129121,10.087462128331634,-0.05760824742268045
amsterdam,link+k10,1,4,20,107,68,0.8313449568948854,8.61180463434877,1.0579362285712226,0.6753005760235049,0.7137408023092486,0.8004536024020309,-0.14457287921547401,0.840014948260976,0.857115243360266,-0.017474001623690394,0.9329647813816833,0.9269854769912759,0.04345304828546015,5.855763370674518,0.031829486733418344,1.5524030674514866,-0.0862485657448786,9.50780957361665,-0.05047422680412372
amsterdam,link+k10,1,5,20,107,68,0.8313449568948854,8.607818124893747,0.7109880616386114,0.6808546281620083,0.7137408023092486,0.8108400664939884,-0.12315562943776504,0.840014948260976,0.860066236259842,0.007048878236105227,0.9329647813816833,0.9276040257213181,0.04469014574554453,5.798686992598185,0.021017770389556836,1.5524030674514866,-0.04941375793768832,10.109271110537247,-0.05237113402061855
amsterdam,link+k10,1,6,20,107,68,0.8313449568948854,8.682895955205892,1.688109720293631,0.6833932552415561,0.7137408023092486,0.7957242819035837,-0.15445677246427236,0.840014948260976,0.8546410484400975,-0.02816974008066908,0.9329647813816833,0.926341155397482,0.04229326941663114,5.820743642608164,0.03006404556642317,1.5524030674514866,-0.07843690368019307,10.00434948875635,-0.060041237113402035
amsterdam,link+k10,1,7,20,107,68,0.8313449568948854,8.600229817967124,0.679212492161051,0.6601074728418448,0.7137408023092486,0.8112782051777683,-0.12995966546822857,0.840014948260976,0.8603755106248631,-0.004600456179688406,0.9329647813816833,0.9275782528575662,0.0445355085630339,5.990296584643895,0.0269197561887089,1.5524030674514866,-0.0893063547234636,9.909084725011287,-0.03723711340206182
amsterdam,link+k10,1,8,20,107,68,0.8313449568948854,8.620705269761983,-0.02596834494093792,0.6735480212883854,0.7137408023092486,0.8148606332392624,-0.11820723959742796,0.840014948260976,0.8596152111441863,0.007731859125526763,0.9329647813816833,0.9269597041275242,0.044174688470509316,5.881244862903215,0.03083723147897588,1.5524030674514866,-0.08762485082047178,9.4027917261532,-0.019835051546391758
amsterdam,link+k10,1,9,20,107,68,0.8313449568948854,8.52246373840043,0.7232942075976315,0.6858159044342212,0.7137408023092486,0.8094612182832696,-0.1316735609077203,0.840014948260976,0.8601564412829732,-0.009175139495625095,0.9329647813816833,0.9272818649244211,0.044367984948647576,5.772771072713727,0.03149443950464559,1.5524030674514866,-0.09313596012447833,9.355758859543613,-0.040000000000000036
amsterdam,link+k10d,1,0,20,107,68,0.8313449568948854,8.554669771345328,0.6942097626677447,0.6761639669591887,0.7137408023092486,0.8073478434556256,-0.13901882707697066,0.840014948260976,0.8563549438795892,-0.013930232857824021,0.9329647813816833,0.9264571332843649,0.044213347766136946,5.929458590679835,0.034471205267973426,1.5524030674514866,-0.10998966883794226,9.504628200423703,-0.0308865979381443
amsterdam,link+k25,1,0,20,107,68,0.8313449568948854,8.51383035234306,0.3143451780989846,0.6873493898274506,0.7137408023092486,0.8158013427662014,-0.11453460651280267,0.840014948260976,0.8615224030618163,0.007474130488009156,0.9329647813816833,0.9284029844976225,0.04420046133426114,5.740774236882148,0.020540972410149353,1.5524030674514866,-0.04260739525725543,9.585881579635167,-0.059381443298969105
amsterdam,link+k25,1,1,20,107,68,0.8313449568948854,8.493159957707293,0.10969384194442097,0.6801201015450832,0.7137408023092486,0.8223347637272715,-0.09972809628741897,0.840014948260976,0.8638806200951019,0.022254867849641147,0.9329647813816833,0.9282741201788637,0.04391695983299182,5.862589083535294,0.021146634708315615,1.5524030674514866,-0.020410028401567804,9.949007099295995,-0.06371134020618552
amsterdam,link+k25,1,2,20,107,68,0.8313449568948854,8.479887224265038,0.03464817339361414,0.6886251465831625,0.7137408023092486,0.8242548420767773,-0.10646770015850315,0.840014948260976,0.8633909356838185,0.014445690132859124,0.9329647813816833,0.9288153503176505,0.044561281426785726,5.695630182810122,0.02126261259519846,1.5524030674514866,-0.051636106648788926,9.626608297464616,-0.05162886597938143
amsterdam,link+k25,1,3,20,107,68,0.8313449568948854,8.630042597664152,0.8281749114661157,0.6762412855504439,0.7137408023092486,0.8091906032138761,-0.13354209352972257,0.840014948260976,0.8607749900130153,-0.010773057048233947,0.9329647813816833,0.9282870066107396,0.0424865658947694,5.854038324763067,0.02188116132524076,1.5524030674514866,-0.05897349799817153,9.838754085585698,-0.04931958762886601
amsterdam,link+k25,1,4,20,107,68,0.8313449568948854,8.477578694733088,-0.0813404509787967,0.6814216311645469,0.7137408023092486,0.8221930129766369,-0.1090707593974305,0.840014948260976,0.8631718663419286,0.00837618071932067,0.9329647813816833,0.9272432056287935,0.044483962835530466,5.833312677913517,0.02633986675429434,1.5524030674514866,-0.07199738079927465,9.947116027802892,-0.04717525773195874
amsterdam,link+k25,1,5,20,107,68,0.8313449568948854,8.473479605796145,0.23251888322349906,0.6847721034522751,0.7137408023092486,0.8167678251568923,-0.10861973428177474,0.840014948260976,0.8638806200951019,0.012280769577711625,0.9329647813816833,0.9292277161376786,0.043865414105488276,5.824943077887549,0.020450767387018207,1.5524030674514866,-0.03496771790878128,10.125884686556335,-0.05901030927835049
amsterdam,link+k25,1,6,20,107,68,0.8313449568948854,8.539448205017951,0.5919351188067066,0.666318733006018,0.7137408023092486,0.8180822412082318,-0.11472790299094093,0.840014948260976,0.8613419930155539,0.0011855517325808362,0.9329647813816833,0.9279133000863391,0.04329841110294963,5.882977175342498,0.023517738173477132,1.5524030674514866,-0.054119088004778826,10.317442000995335,-0.070639175257732
amsterdam,link+k25,1,7,20,107,68,0.8313449568948854,8.500683921453437,-0.08166274477541563,0.6776587930567906,0.7137408023092486,0.8185074934601358,-0.1117511372276131,0.840014948260976,0.8648471024857927,0.01342766201466472,0.9329647813816833,0.9284416437932501,0.04387830053736419,5.797871167038709,0.024613084882926795,1.5524030674514866,-0.06493525622675289,9.61487576530535,-0.04647422680412372
amsterdam,link+k25,1,8,20,107,68,0.8313449568948854,8.492312960265343,0.20843048197780034,0.6790376412675094,0.7137408023092486,0.8171930774087963,-0.12296233295962689,0.840014948260976,0.8629785698637904,0.0009922552544425756,0.9329647813816833,0.9279390729500908,0.04329841110294963,5.752827928555256,0.03180371386966663,1.5524030674514866,-0.09593522844289248,9.488054781663074,-0.03307216494845355
amsterdam,link+k25,1,9,20,107,68,0.8313449568948854,8.51615973792335,-0.42092956679246357,0.6675687168979781,0.7137408023092486,0.8251182330124612,-0.08784680609785955,0.840014948260976,0.8656074019664695,0.029084676743856397,0.9329647813816833,0.9291761704101751,0.04347882114921198,5.967774268233638,0.020734268888287524,1.5524030674514866,-0.01886601451239489,10.143993210131516,-0.07047422680412374
amsterdam,link+k25d,1,0,20,107,68,0.8313449568948854,8.576743211308395,0.9663735476742142,0.6799396914988209,0.7137408023092486,0.8049123078310847,-0.14356773752915564,0.840014948260976,0.8545121841213387,-0.020850246775170445,0.9329647813816833,0.926547338307496,0.04383964124173656,5.81504029899837,0.03720312882565946,1.5524030674514866,-0.12085884819336146,9.335759870558087,-0.03323711340206181
amsterdam,link+k50,1,0,20,107,68,0.8313449568948854,8.475488775107745,-0.027645698292531638,0.6937152871741343,0.7137408023092486,0.8276310872282574,-0.09422558987641916,0.840014948260976,0.8669991366090644,0.01962603574696209,0.9329647813816833,0.9298849241633484,0.042692748804783354,5.65641460665031,0.020876019638922178,1.5524030674514866,-0.025412209738767233,9.895973270666126,-0.07121649484536086
amsterdam,link+k50,1,1,20,107,68,0.8313449568948854,8.477712999903597,0.18171917281011732,0.6976198760325254,0.7137408023092486,0.8243579335317844,-0.10783366193734623,0.840014948260976,0.8683908712516591,0.009600391747529025,0.9329647813816833,0.9310189301684256,0.0424865658947694,5.535724477153015,0.020180152317624774,1.5524030674514866,-0.04503549985187005,8.762531058625937,-0.04358762886597933
amsterdam,link+k50,1,2,20,107,68,0.8313449568948854,8.478201812768264,-0.13939435901950642,0.6810479246401464,0.7137408023092486,0.827038311361967,-0.10479246401463904,0.840014948260976,0.8689063285266942,0.01039935052383345,0.9329647813816833,0.9310704758959292,0.04212574580224482,5.61042995114026,0.02400742258476052,1.5524030674514866,-0.05995877795058813,9.30598669282341,-0.05072164948453606
amsterdam,link+k50,1,3,20,107,68,0.8313449568948854,8.459813358881297,0.208457989503516,0.6954162961817503,0.7137408023092486,0.8255692581281169,-0.1075501604360769,0.840014948260976,0.8684681898429144,0.007693199829899133,0.9329647813816833,0.9309287251452946,0.041262354866560935,5.550242559101639,0.023440419582221872,1.5524030674514866,-0.06026444509445472,9.442095200827072,-0.04663917525773198
amsterdam,link+k50,1,4,20,107,68,0.8313449568948854,8.463086719799836,-0.26840130713719096,0.6962539142536823,0.7137408023092486,0.8291259133258592,-0.09012770453988994,0.840014948260976,0.8686743727529285,0.02385278540225,0.9329647813816833,0.9307998608265358,0.0415974020953338,5.66029278960202,0.020463653818894086,1.5524030674514866,-0.024461013541731136,9.393732796168909,-0.05612371134020622
amsterdam,link+k50,1,5,20,107,68,0.8313449568948854,8.484437734890832,0.35931736385688,0.6923750982590431,0.7137408023092486,0.8230821767760724,-0.10885169005554052,0.840014948260976,0.868197574773521,0.0066751717117047304,0.9329647813816833,0.9301426528008659,0.043002023169804504,5.598223251421907,0.02164920555147487,1.5524030674514866,-0.05718626614944644,9.266399625149539,-0.05534020618556701
amsterdam,link+k50,1,6,20,107,68,0.8313449568948854,8.471390575737955,-0.4398727553606885,0.7008801432971224,0.7137408023092486,0.83009239571655,-0.09367147330575643,0.840014948260976,0.8680687104547622,0.022680120101545076,0.9329647813816833,0.9307612015309081,0.04297625030605268,5.518448332171915,0.021275499027074374,1.5524030674514866,-0.05066763684489728,8.904795508958397,-0.04618556701030929
amsterdam,link+k50,1,7,20,107,68,0.8313449568948854,8.463944884786713,-0.04138867348354162,0.6989600649476166,0.7137408023092486,0.8257754410381309,-0.10827180062112607,0.840014948260976,0.8694217858017294,0.01047666911508871,0.9329647813816833,0.9314184095565778,0.042035540779113645,5.567965805076056,0.026391412481797882,1.5524030674514866,-0.07583864352969205,8.670804081081847,-0.03224742268041236
amsterdam,link+k50,1,8,20,107,68,0.8313449568948854,8.477220113012596,0.37976479113779105,0.6887797837656732,0.7137408023092486,0.8240486591667633,-0.1138129663277535,0.840014948260976,0.8686357134573008,0.005463847115372289,0.9329647813816833,0.9311606809190603,0.04262831664540401,5.562259602177116,0.02342753315034596,1.5524030674514866,-0.061850352757846006,9.562785662117975,-0.04243298969072162
amsterdam,link+k50,1,9,20,107,68,0.8313449568948854,8.494355818192137,-0.31177059452509476,0.6844886019510058,0.7137408023092486,0.8301439414440536,-0.09191891857063705,0.840014948260976,0.8679656189997551,0.017989458898725497,0.9329647813816833,0.9309158387134187,0.04333707039857726,5.672889101013693,0.02145590907333661,1.5524030674514866,-0.044679492613447946,9.905670150406822,-0.06309278350515468
amsterdam,link+k50d,1,0,20,107,68,0.8313449568948854,8.541007009852967,0.8650519458844628,0.6888957616525561,0.7137408023092486,0.8065746575430729,-0.13899305421321895,0.840014948260976,0.8560714423783199,-0.01614669914047495,0.9329647813816833,0.9264313604206131,0.0437752090823571,5.784554069815183,0.03340163142227548,1.5524030674514866,-0.1043032933439294,9.321196807799183,-0.041649484536082526
amsterdam,link,2,0,20,97,74,0.8316761381940955,8.455349961094369,-0.3027035385812452,0.6868725918480432,0.7137408023092486,0.8194095436914473,-0.10216363191195998,0.840014948260976,0.8595121196891793,0.018324506127498363,0.9329647813816833,0.9264829061481167,0.04411025631112997,5.817260211516695,0.024767722065437314,1.5524030674514866,-0.06127475318140663,9.88891720614727,-0.05410309278350511
amsterdam,link,2,0,10,97,74,0.8316761381940955,8.31067338946323,-0.11539479851998272,0.6971430780531179,0.6128271542892488,0.8098735841032977,-0.11229236736639991,0.7697065759461863,0.8335201865955335,-0.0014303939382225295,0.8709037254674553,0.8884421592505252,0.05601731936444121,6.9927105474645055,0.04418757490238534,1.6765720424357382,-0.0709433197375946,10.841018624986988,-0.1061318700461632
amsterdam,link_reg,2,0,20,97,74,0.8316761381940955,8.455349961094369,-0.3027035385812452,0.6862540431180011,0.7137408023092486,0.8194224301233232,-0.10215074548008407,0.840014948260976,0.8593574825066688,0.021443022641460807,0.9329647813816833,0.9333771472017113,0.06641666988827455,6.471012238103497,0.20408242161827808,1.5524030674514866,-0.4335985632410888,9.803972582051273,-0.04560824742268044
amsterdam,link_reg,2,0,10,97,74,0.8316761381940955,8.31067338946323,-0.11539479851998272,0.6772206543730107,0.6128271542892488,0.8098735841032977,-0.11229236736639991,0.7697065759461863,0.8331464800711331,0.0012113245963324415,0.8709037254674553,0.8713805234468628,0.12838752077937143,7.17895555246921,0.17602865942449197,1.6765720424357382,-0.4574958745114668,11.555431840626966,-0.12085184217402667
amsterdam,link+k10,2,0,20,97,74,0.8316761381940955,8.657400370032214,0.15446933698299195,0.6689862244043246,0.7137408023092486,0.8224507416141544,-0.0895607015373514,0.840014948260976,0.8602981920336078,0.023569283900980675,0.9329647813816833,0.9272174327650416,0.041648947822837346,6.077940725409461,0.02244816432777927,1.5524030674514866,0.016389637713702276,10.73499587109039,-0.07637113402061857
amsterdam,link+k10,2,1,20,97,74,0.8316761381940955,8.577176666173612,0.2082591449598295,0.6695532274068633,0.7137408023092486,0.814267857372972,-0.1056300820865711,0.840014948260976,0.8602724191698561,0.013517867037795894,0.9329647813816833,0.9269725905594,0.04305356889730794,5.993777942847981,0.022718779397172706,1.5524030674514866,-0.05705424509797541,10.309046874441272,-0.04630927835051546
amsterdam,link+k10,2,2,20,97,74,0.8316761381940955,8.515391015363258,0.10470132877552363,0.6766278785067202,0.7137408023092486,0.8148864061030141,-0.10276929421012615,0.840014948260976,0.8615997216530715,0.018943054857540553,0.9329647813816833,0.9272560920606693,0.04328552467107383,5.895615491463532,0.022293527145268745,1.5524030674514866,-0.03264632253790345,10.45660971725325,-0.06593814432989686
amsterdam,link+k10,2,3,20,97,74,0.8316761381940955,8.760311006365725,1.6663550195496544,0.6648754526359196,0.7137408023092486,0.8006211260164173,-0.14765273643380894,0.840014948260976,0.8573987448615353,-0.027345008440612828,0.9329647813816833,0.9265859976031237,0.03990927951959378,5.830438698130134,0.03899434285640657,1.5524030674514866,-0.10309683295936978,10.185944352099845,-0.06350515463917528
amsterdam,link+k10,2,4,20,97,74,0.8316761381940955,8.616619098156916,1.078972170430207,0.6740119328359171,0.7137408023092486,0.8018711099083775,-0.14243373152407834,0.840014948260976,0.8590739810053994,-0.01520598961353592,0.9329647813816833,0.9267406347856342,0.042383474439762314,5.903475500032397,0.027873352147523844,1.5524030674514866,-0.07558114102980817,9.795341695548922,-0.05760824742268045
amsterdam,link+k10,2,5,20,97,74,0.8316761381940955,8.600282391568346,0.7438425817378256,0.6808417417301323,0.7137408023092486,0.811626138838417,-0.11840053607556611,0.840014948260976,0.8617414724037061,0.006249919459800801,0.9329647813816833,0.9274107292431799,0.043079341761059764,5.814210546195015,0.0222033221221376,1.5524030674514866,-0.03996436074152365,9.967254443892484,-0.05868041237113397
amsterdam,link+k10,2,6,20,97,74,0.8316761381940955,8.679387284009282,1.7029323539019956,0.6815247226195539,0.7137408023092486,0.7966907642942745,-0.15019136351335682,0.840014948260976,0.8547570263269804,-0.02545070295485885,0.9329647813816833,0.926018994600585,0.0405793739771394,5.852983862405044,0.027744487828765152,1.5524030674514866,-0.07039427027886824,10.281215312634636,-0.0641649484536082
amsterdam,link+k10,2,7,20,97,74,0.8316761381940955,8.61755567180684,0.9055527280986106,0.661988891895723,0.7137408023092486,0.8090617388951173,-0.13374827643973664,0.840014948260976,0.8595765518485586,-0.0084148400149483,0.9329647813816833,0.9272947513562969,0.042654089509155724,5.9739016672749035,0.02909756317573231,1.5524030674514866,-0.0952445373227373,10.076618648678249,-0.04251546391752581
amsterdam,link+k10,2,8,20,97,74,0.8316761381940955,8.60380865207631,-0.2332930697483886,0.6742181157459312,0.7137408023092486,0.8185332663238876,-0.10912230512493404,0.840014948260976,0.86069767142176,0.014999806703521856,0.9329647813816833,0.9268437262406413,0.04289893171479742,5.919746720650852,0.027989330034406845,1.5524030674514866,-0.06834970868734858,9.610590611410586,-0.03616494845360829
amsterdam,link+k10,2,9,20,97,74,0.8316761381940955,8.540012461542117,0.9024911466589011,0.685738585842966,0.7137408023092486,0.8090101931676138,-0.13160912874834096,0.840014948260976,0.8590997538691512,-0.00974214249816363,0.9329647813816833,0.9268050669450136,0.04244790659914177,5.798270715239583,0.029497042563884524,1.5524030674514866,-0.08989699388275518,9.718403108995004,-0.044577319587628894
amsterdam,link+k10d,2,0,20,97,74,0.8316761381940955,8.525847508067542,0.05961174000608805,0.6725686524658188,0.7137408023092486,0.815955979948712,-0.11837476321181428,0.840014948260976,0.8591641860285305,0.005219004909730596,0.9329647813816833,0.926341155397482,0.043195319647942654,6.019130006127336,0.029419723972629264,1.5524030674514866,-0.08318036120861638,9.975095084327243,-0.039670103092783515
amsterdam,link+k25,2,0,20,97,74,0.8316761381940955,8.500980616670649,0.2939422438579349,0.6882256671950103,0.7137408023092486,0.8170899859537892,-0.11084908699630158,0.840014948260976,0.8619992010412237,0.009961211840053608,0.9329647813816833,0.9280679372688496,0.042654089509155724,5.765173382308727,0.021752297006481874,1.5524030674514866,-0.03657902394350199,9.611753709078318,-0.056742268041237165
amsterdam,link+k25,2,1,20,97,74,0.8316761381940955,8.483112676363177,0.030229255145385586,0.680352057318849,0.7137408023092486,0.8252599837630958,-0.09322044819010067,0.840014948260976,0.8648728753495445,0.02389144469787763,0.9329647813816833,0.9280808237007255,0.042538111622272834,5.873155936830438,0.022254867849641112,1.5524030674514866,-0.016030808748374037,10.065970636857166,-0.0646185567010309
amsterdam,link+k25,2,2,20,97,74,0.8316761381940955,8.474808428994894,0.2188320922809221,0.6879808249893687,0.7137408023092486,0.8217419878609812,-0.10851664282676776,0.840014948260976,0.8630945477506733,0.01090192136699275,0.9329647813816833,0.9284416437932501,0.043079341761059764,5.709453906539357,0.02161054625584722,1.5524030674514866,-0.047885811976329684,9.86471179367862,-0.0561649484536082
amsterdam,link+k25,2,3,20,97,74,0.8316761381940955,8.620808798802466,0.8271474880682442,0.675919124753547,0.7137408023092486,0.8094612182832696,-0.12981791471759385,0.840014948260976,0.8613419930155539,-0.006314351619180147,0.9329647813816833,0.9278746407907115,0.04081132975090529,5.879310791674222,0.021816729165861266,1.5524030674514866,-0.04599654214653803,10.199873119536974,-0.05694845360824741
amsterdam,link+k25,2,4,20,97,74,0.8316761381940955,8.463531869156128,-0.0653923877316363,0.6800041236582003,0.7137408023092486,0.8230950632079483,-0.10479246401463904,0.840014948260976,0.8632234120694321,0.012963750467133162,0.9329647813816833,0.9271658870375382,0.043118001056687394,5.872277588933889,0.02280898442030388,1.5524030674514866,-0.05927028824528224,10.251723999889302,-0.04915463917525775
amsterdam,link+k25,2,5,20,97,74,0.8316761381940955,8.466602079355921,0.2744571941949869,0.6864988853236428,0.7137408023092486,0.8167162794293888,-0.10459916753650089,0.840014948260976,0.8638161879357225,0.014458576564735037,0.9329647813816833,0.9290988518189198,0.042344815144134684,5.849296563344965,0.021507454800840195,1.5524030674514866,-0.02416340851832799,10.25444526731442,-0.06573195876288662
amsterdam,link+k25,2,6,20,97,74,0.8316761381940955,8.516099078899602,0.48174381698073715,0.6684578806974137,0.7137408023092486,0.8201054110127447,-0.10912230512493404,0.840014948260976,0.8623729075656241,0.004999935567840619,0.9329647813816833,0.9277715493357044,0.04194533575598247,5.892963391834274,0.02284764371593151,1.5524030674514866,-0.04819074736661677,10.520417202967922,-0.07975257731958763
amsterdam,link+k25,2,7,20,97,74,0.8316761381940955,8.488633767878142,0.03592867381106733,0.6799396914988209,0.7137408023092486,0.818597698483267,-0.11349080553085655,0.840014948260976,0.8645507145526475,0.01032203193257819,0.9329647813816833,0.9282096880194843,0.04240924730351414,5.786789394476867,0.025231633612968873,1.5524030674514866,-0.06679695764888338,9.621949552623233,-0.04552577319587625
amsterdam,link+k25,2,8,20,97,74,0.8316761381940955,8.486787286573557,0.3447848335670433,0.6824654321464929,0.7137408023092486,0.8165358693831265,-0.12351644953028962,0.840014948260976,0.8619347688818443,-0.0008505045038079695,0.9329647813816833,0.9277586629038286,0.0419839950516101,5.753865250187028,0.03068259429646525,1.5524030674514866,-0.09111822660671609,9.441733825204661,-0.04593814432989696
amsterdam,link+k25,2,9,20,97,74,0.8316761381940955,8.508950064095298,-0.4144573841133205,0.6678522183992475,0.7137408023092486,0.8260331696756485,-0.08512776897204932,0.840014948260976,0.8653239004652001,0.03158464452777676,0.9329647813816833,0.9289828739320369,0.041919562892230755,5.979815222790047,0.022061571371502945,1.5524030674514866,-0.013155940120292087,10.264200168522676,-0.08086597938144335
amsterdam,link+k25d,2,0,20,97,74,0.8316761381940955,8.556895553706195,0.6448396803737966,0.6768082885529826,0.7137408023092486,0.8093452403963867,-0.13323281916470153,0.840014948260976,0.8572054483833971,-0.008389067151196472,0.9329647813816833,0.9261349724874679,0.04262831664540401,5.9254162170978955,0.03255112691846762,1.5524030674514866,-0.09874153632379157,9.762165604202078,-0.03616494845360829
amsterdam,link+k50,2,0,20,97,74,0.8316761381940955,8.469030511028322,-0.07327556677853028,0.6920013917346426,0.7137408023092486,0.8276568600920091,-0.08894215280730922,0.840014948260976,0.8674630481565959,0.022976508034690313,0.9329647813816833,0.9295627633664515,0.04123658200280922,5.686339600518103,0.022113117099006457,1.5524030674514866,-0.014536687060683562,10.120320177476746,-0.07562886597938145
amsterdam,link+k50,2,1,20,97,74,0.8316761381940955,8.465172610139655,0.0833489788646588,0.6973750338268837,0.7137408023092486,0.8264584219275525,-0.1011713766575173,0.840014948260976,0.8681846883416451,0.01447146299661084,0.9329647813816833,0.9309416115771704,0.04096596693341581,5.559894934006117,0.021494568368964316,1.5524030674514866,-0.03459660584928814,9.0274631002068,-0.04255670103092779
amsterdam,link+k50,2,2,20,97,74,0.8316761381940955,8.474898798779007,-0.20337714520569833,0.6796561899975516,0.7137408023092486,0.8277212922513885,-0.10132601384002793,0.840014948260976,0.8690738521410807,0.013195706240898941,0.9329647813816833,0.930877179417791,0.040643806136518856,5.637180845079737,0.02304094019406966,1.5524030674514866,-0.05055159946233356,9.464650363998514,-0.054762886597938154
amsterdam,link+k50,2,3,20,97,74,0.8316761381940955,8.451685009960892,0.3085681820055111,0.6970786458937385,0.7137408023092486,0.8259687375162691,-0.10745995541294573,0.840014948260976,0.8680300511591346,0.006404556642311321,0.9329647813816833,0.9308514065540393,0.03984484736021443,5.5538737973029955,0.023144031649076746,1.5524030674514866,-0.05573224746084815,9.62664065588024,-0.052288659793814474
amsterdam,link+k50,2,4,20,97,74,0.8316761381940955,8.454324988274038,-0.21413696981284186,0.697452352418139,0.7137408023092486,0.8288810711202175,-0.087382894550328,0.840014948260976,0.8686614863210526,0.02463885774667851,0.9329647813816833,0.9307483150990322,0.040334531771497706,5.681132394902067,0.021649205551474853,1.5524030674514866,-0.016312680347765562,9.469362044818034,-0.06515463917525777
amsterdam,link+k50,2,5,20,97,74,0.8316761381940955,8.475855588296026,0.3682428623384207,0.6943596087679282,0.7137408023092486,0.824512570714295,-0.10507596551590836,0.840014948260976,0.8673857295653407,0.009110707336245638,0.9329647813816833,0.9299235834589761,0.041726266414092605,5.614137518494974,0.021559000528343707,1.5524030674514866,-0.04952915704312444,9.444156328566558,-0.05637113402061855
amsterdam,link+k50,2,6,20,97,74,0.8316761381940955,8.46624150930237,-0.4773804789549688,0.7022203322122138,0.7137408023092486,0.8302985786265641,-0.08918699501295091,0.840014948260976,0.868300666228528,0.025927500934266323,0.9329647813816833,0.9307483150990322,0.041958222187858385,5.538821398880443,0.02092756536642569,1.5524030674514866,-0.04043974684449192,8.995438039854138,-0.05612371134020622
amsterdam,link+k50,2,7,20,97,74,0.8316761381940955,8.453360995059874,-0.0027918792825265266,0.6996945915645417,0.7137408023092486,0.825981623948145,-0.10476669115088733,0.840014948260976,0.8690867385729565,0.012821999716498556,0.9329647813816833,0.9313282045334468,0.04086287547840872,5.590327536675435,0.02362082962848422,1.5524030674514866,-0.06338153257983636,8.889598378300558,-0.043422680412371184
amsterdam,link+k50,2,8,20,97,74,0.8316761381940955,8.465158562001658,0.3518002573789897,0.6916276852102421,0.7137408023092486,0.8250666872849577,-0.11024342469813542,0.840014948260976,0.8687259184804319,0.006920013917346424,0.9329647813816833,0.9310060437365498,0.04139121918531974,5.567890284696074,0.022860530147807423,1.5524030674514866,-0.05504374156891023,9.859637081324124,-0.04915463917525775
amsterdam,link+k50,2,9,20,97,74,0.8316761381940955,8.478663030008054,-0.36328730377145885,0.6854679707735725,0.7137408023092486,0.8317676318604141,-0.08604270563523675,0.840014948260976,0.8682748933647763,0.02219043569026169,0.9329647813816833,0.9307354286671563,0.041842244300975495,5.707189906434424,0.021004883957680957,1.5524030674514866,-0.031767956325005064,10.13960983226022,-0.07125773195876284
amsterdam,link+k50d,2,0,20,97,74,0.8316761381940955,8.516436925110948,0.8071731090090324,0.6906612028195513,0.7137408023092486,0.809306581100759,-0.13314261414157036,0.840014948260976,0.8583136815247226,-0.010579760570095686,0.9329647813816833,0.9258385845543228,0.04217729152974825,5.808302764491375,0.029509928995760437,1.5524030674514866,-0.08826672450242778,9.683935968815181,-0.0505567010309278
amsterdam,link,3,0,20,110,127,0.8312495972990038,8.460041317999309,-0.23645890326940092,0.6876973234880994,0.7137408023092486,0.8200409788533652,-0.10498576049277719,0.840014948260976,0.8607878764448912,0.016636383551758338,0.9329647813816833,0.9274622749706833,0.046532905503794963,5.755832917393204,0.027293462713109395,1.5524030674514866,-0.07606589064404656,9.615982805625091,-0.05653608247422681
amsterdam,link,3,0,10,110,127,0.8312495972990038,8.312586990430766,-0.03807416502388764,0.6958028891380266,0.6128271542892488,0.811097795131506,-0.11516604167472067,0.7697065759461863,0.8353371734900323,-0.005051481295344162,0.8709037254674553,0.8890220486849396,0.06025695545160503,6.93491689857095,0.04829834667079025,1.6765720424357382,-0.08651574132434492,10.881774193254829,-0.12668757076909676
amsterdam,link_reg,3,0,20,110,127,0.8312495972990038,8.460041317999309,-0.23645890326940092,0.6866148632105257,0.7137408023092486,0.8200409788533652,-0.10498576049277719,0.840014948260976,0.8605301478073736,0.02016726588574891,0.9329647813816833,0.9331065321323179,0.06681614927642676,6.448636916169463,0.20247161763379337,1.5524030674514866,-0.43511482698576875,9.364025211223032,-0.040164948453608296
amsterdam,link_reg,3,0,10,110,127,0.8312495972990038,8.312586990430766,-0.03807416502388764,0.6772722001005141,0.6128271542892488,0.811097795131506,-0.11516604167472067,0.7697065759461863,0.8348346026468731,-0.0019973969407610648,0.8709037254674553,0.8711227948093453,0.12877411373564773,7.182026324053734,0.1756678393319674,1.6765720424357382,-0.4665079229021869,11.271307351398828,-0.12429230903231425
amsterdam,link+k10,3,0,20,110,127,0.8312495972990038,8.660675265627344,0.20922976005510052,0.6667568716897978,0.7137408023092486,0.8220126029303746,-0.09064316181492516,0.840014948260976,0.8609682864911534,0.023646602492235935,0.9329647813816833,0.9282741201788637,0.04420046133426114,6.021035264902002,0.024832154224816688,1.5524030674514866,0.004546720405440796,10.827773884044746,-0.07917525773195877
amsterdam,link+k10,3,1,20,110,127,0.8312495972990038,8.569133022685586,0.001633144980883151,0.668857360085566,0.7137408023092486,0.8163683457687401,-0.1018028118194354,0.840014948260976,0.8614579709024368,0.018285846831870733,0.9329647813816833,0.9278102086313321,0.04584992461437354,5.9403904733201145,0.02541204365923122,1.5524030674514866,-0.06527700512979107,10.207321386641047,-0.04923711340206183
amsterdam,link+k10,3,2,20,110,127,0.8312495972990038,8.519829138302962,0.19677377579149016,0.6717568072576384,0.7137408023092486,0.8143194031004755,-0.10555276349531584,0.840014948260976,0.8624502261568794,0.01664926998363425,0.9329647813816833,0.9281710287238567,0.04574683315936645,5.843670795641244,0.019999742271362586,1.5524030674514866,-0.04280493383973383,10.088193400946954,-0.06969072164948453
amsterdam,link+k10,3,3,20,110,127,0.8312495972990038,8.754252249644907,1.5852166118937119,0.6636254687439594,0.7137408023092486,0.7994484607157124,-0.14738212136441542,0.840014948260976,0.8573858584296594,-0.020734268888287555,0.9329647813816833,0.9276813443125733,0.042654089509155724,5.8006574631982,0.04247367946289349,1.5524030674514866,-0.11108316843385646,10.05468539434224,-0.06556701030927836
amsterdam,link+k10,3,4,20,110,127,0.8312495972990038,8.627751608651323,1.047930193528844,0.6737413177665236,0.7137408023092486,0.8023350214559091,-0.13990799087640626,0.840014948260976,0.8589322302547647,-0.013028182626512508,0.9329647813816833,0.927707117176325,0.04484478292805505,5.843875456700665,0.03271865053285394,1.5524030674514866,-0.08640533969329223,9.503564607785947,-0.059381443298969105
amsterdam,link+k10,3,5,20,110,127,0.8312495972990038,8.601566379894352,0.6581218476222074,0.6783546603780879,0.7137408023092486,0.8121415961134522,-0.11822012602930376,0.840014948260976,0.8619605417455961,0.0105926470019716,0.9329647813816833,0.9284545302251259,0.04561796884060765,5.766783959551305,0.02195847991649591,1.5524030674514866,-0.05401591444404663,9.949844511076899,-0.06746391752577319
amsterdam,link+k10,3,6,20,110,127,0.8312495972990038,8.671999742602088,1.669163778793061,0.681614927642685,0.7137408023092486,0.7977861110037242,-0.15007538562647393,0.840014948260976,0.8566771046764862,-0.021752297006481847,0.9329647813816833,0.9274880478344352,0.04341438898983252,5.799044307977884,0.02983208979265728,1.5524030674514866,-0.07982135348458597,10.022767686281231,-0.07002061855670105
amsterdam,link+k10,3,7,20,110,127,0.8312495972990038,8.612956978011225,0.8362057761844898,0.6606100436850041,0.7137408023092486,0.8099251298308011,-0.13149315086145796,0.840014948260976,0.8597183025991934,-0.004072112472777389,0.9329647813816833,0.9280550508369737,0.0454246723624695,5.951078670104555,0.031133619412121005,1.5524030674514866,-0.09700445585009554,9.868014497072416,-0.04272164948453605
amsterdam,link+k10,3,8,20,110,127,0.8312495972990038,8.599428976324512,0.10178446554464135,0.6728263811033363,0.7137408023092486,0.8141389930542132,-0.11784641950490338,0.840014948260976,0.8606847849898841,0.0069973325086016835,0.9329647813816833,0.9277457764719527,0.04532158090746252,5.8589310051792305,0.029960954111416083,1.5524030674514866,-0.083515059474915,9.613566286914521,-0.03468041237113406
amsterdam,link+k10,3,9,20,110,127,0.8312495972990038,8.499815185749178,0.6597656480483092,0.6853391064548138,0.7137408023092486,0.8107369750389815,-0.1278205177768328,0.840014948260976,0.8607105578536359,-0.0026674913983066872,0.9329647813816833,0.9281452558601049,0.04569528743186291,5.7478976253391965,0.030901663638355226,1.5524030674514866,-0.09503577671479224,9.43450670124346,-0.04156701030927834
amsterdam,link+k10d,3,0,20,110,127,0.8312495972990038,8.517594815068753,0.38816383823609435,0.6683032435149031,0.7137408023092486,0.8144353809873585,-0.12427674901096641,0.840014948260976,0.8593832553704205,-0.0007731859125527096,0.9329647813816833,0.9272432056287935,0.045566423113104215,5.927456635375582,0.03499954897488433,1.5524030674514866,-0.1048036176133107,10.013153151387879,-0.05496907216494851
amsterdam,link+k25,3,0,20,110,127,0.8312495972990038,8.507278703358994,0.3077528056479586,0.6857772451385936,0.7137408023092486,0.8169482352031546,-0.11073310910941869,0.840014948260976,0.8632491849331838,0.01167510727954535,0.9329647813816833,0.929292148297058,0.045450445226221325,5.724162582406529,0.019857991520727758,1.5524030674514866,-0.04419776318026303,9.580337383881924,-0.05793814432989686
amsterdam,link+k25,3,1,20,110,127,0.8312495972990038,8.483078481600087,0.15471865563741985,0.6786510483112331,0.7137408023092486,0.8226955838197961,-0.0979755415522996,0.840014948260976,0.8652465818739449,0.02222909498588932,0.9329647813816833,0.9287380317263952,0.04505096583806911,5.8111944590205535,0.01984510508885195,1.5524030674514866,-0.026107713398138,9.872178395420466,-0.0698144329896907
amsterdam,link+k25,3,2,20,110,127,0.8312495972990038,8.4703751682862,0.1605431600328383,0.6886251465831625,0.7137408023092486,0.8227471295472997,-0.10735686395793875,0.840014948260976,0.864718238167034,0.013530753469671808,0.9329647813816833,0.9294596719114444,0.04559219597685593,5.652916748258193,0.02195847991649591,1.5524030674514866,-0.05699299805210889,9.684974345694116,-0.06523711340206184
amsterdam,link+k25,3,3,20,110,127,0.8312495972990038,8.608380381137462,0.7795547478271488,0.671808352985142,0.7137408023092486,0.8109947036764991,-0.12890297805440654,0.840014948260976,0.8626950683625211,-0.0047550933621989255,0.9329647813816833,0.9289055553407817,0.043233978943570284,5.833507125196711,0.0229636216028144,1.5524030674514866,-0.05777878826143823,9.823939604521463,-0.06214432989690721
amsterdam,link+k25,3,4,20,110,127,0.8312495972990038,8.473664586713005,-0.020289756204849584,0.6773366322598936,0.7137408023092486,0.8230692903441966,-0.10708624888854534,0.840014948260976,0.8640094844138606,0.011765312302676523,0.9329647813816833,0.9281065965644772,0.04563085527248356,5.828340755251503,0.02525740647672059,1.5524030674514866,-0.07133001972568098,10.073104993132802,-0.04832989690721645
amsterdam,link+k25,3,5,20,110,127,0.8312495972990038,8.465588888710679,0.25721077708463047,0.6859963144804835,0.7137408023092486,0.8162910271774848,-0.10564296851844701,0.840014948260976,0.8646924653032821,0.015180216749784203,0.9329647813816833,0.930026674913983,0.044638600018040986,5.78946242583004,0.01922655635880981,1.5524030674514866,-0.034519347593836125,10.176745592957447,-0.06676288659793816
amsterdam,link+k25,3,6,20,110,127,0.8312495972990038,8.53710347090579,0.5827285681822038,0.6661512093916315,0.7137408023092486,0.8196930451927166,-0.11167381863635784,0.840014948260976,0.8631589799100527,0.005270550637234028,0.9329647813816833,0.9286864859988918,0.044329325653019946,5.865946934408748,0.02327289596783544,1.5524030674514866,-0.05474423604080725,10.203017952595076,-0.07731958762886593
amsterdam,link+k25,3,7,20,110,127,0.8312495972990038,8.494727529930387,0.08093561239796745,0.6783675468099638,0.7137408023092486,0.8169353487712787,-0.11412224069277466,0.840014948260976,0.8655300833752142,0.01140449221015194,0.9329647813816833,0.9291117382507957,0.044754577904923876,5.749205804616939,0.026442958209301426,1.5524030674514866,-0.07163632626784344,9.473768229969435,-0.04890721649484531
amsterdam,link+k25,3,8,20,110,127,0.8312495972990038,8.49614713810829,0.3901780014420153,0.678547956856226,0.7137408023092486,0.8167678251568923,-0.1241349982603317,0.840014948260976,0.8637002100488396,0.0007345266169250797,0.9329647813816833,0.9287766910220229,0.04434221208489575,5.703382464775616,0.03293771987474392,1.5524030674514866,-0.10252471314315725,9.5887351266774,-0.04276288659793814
amsterdam,link+k25,3,9,20,110,127,0.8312495972990038,8.50035583853413,-0.3379236410139683,0.6660610043685004,0.7137408023092486,0.8267290369969459,-0.08693186943467224,0.840014948260976,0.866187291400884,0.029664566178270957,0.9329647813816833,0.9299106970271002,0.04457416785866153,5.923132229035071,0.019522944291955002,1.5524030674514866,-0.022038729648639954,10.06920523848612,-0.0778556701030928
amsterdam,link+k25d,3,0,20,110,127,0.8312495972990038,8.548315357956895,0.9286537928776918,0.6760995347998093,0.7137408023092486,0.8063298153374312,-0.13946985219262642,0.840014948260976,0.8584683187072332,-0.013749822811561674,0.9329647813816833,0.9272432056287935,0.04499942011056557,5.835553352537986,0.03679076300563133,1.5524030674514866,-0.11388798403963918,9.786768734754318,-0.04960824742268044
amsterdam,link+k50,3,0,20,110,127,0.8312495972990038,8.471306684125015,-0.005742401397838806,0.6930065334209611,0.7137408023092486,0.8275537686370021,-0.09043697890491109,0.840014948260976,0.8678367546809964,0.021597659823971327,0.9329647813816833,0.9306065643483976,0.04367211762735013,5.6271971604390165,0.019780672929472557,1.5524030674514866,-0.024670377860043224,10.003399362602725,-0.07727835051546394
amsterdam,link+k50,3,1,20,110,127,0.8312495972990038,8.46973379309518,0.14051708830975157,0.6954549554773779,0.7137408023092486,0.8253630752181028,-0.10365845800956175,0.840014948260976,0.8697439465986263,0.013814254970941131,0.9329647813816833,0.93181788894473,0.04336284326232909,5.519521881325828,0.01914923776755454,1.5524030674514866,-0.044965369980446424,8.904294820834375,-0.043958762886597946
amsterdam,link+k50,3,2,20,110,127,0.8312495972990038,8.472167471992025,-0.15128449854651374,0.6794500070875376,0.7137408023092486,0.8279274751614025,-0.10088787515624797,0.840014948260976,0.8700145616680197,0.013208592672774855,0.9329647813816833,0.931830775376606,0.04309222819293568,5.589749689189549,0.024819267792940858,1.5524030674514866,-0.06147928630991517,9.121371700586868,-0.04981443298969068
amsterdam,link+k50,3,3,20,110,127,0.8312495972990038,8.453650020391782,0.15229767283569542,0.6944755866548111,0.7137408023092486,0.8281465445032925,-0.10329763791703717,0.840014948260976,0.8692413757554671,0.01070862488885449,0.9329647813816833,0.9315859331709643,0.042615430213528094,5.508934051684678,0.02381412610662237,1.5524030674514866,-0.06210936059338468,9.4912250553009,-0.047711340206185615
amsterdam,link+k50,3,4,20,110,127,0.8312495972990038,8.453521851058122,-0.19748042049326417,0.6962023685261788,0.7137408023092486,0.8298733263746602,-0.0876535096197214,0.840014948260976,0.8695119908248605,0.024097627607891692,0.9329647813816833,0.9317921160809783,0.042692748804783354,5.632490289661976,0.019303874950065077,1.5524030674514866,-0.026043136724683613,9.445955951429927,-0.06808247422680413
amsterdam,link+k50,3,5,20,110,127,0.8312495972990038,8.474494343493008,0.3325044012187404,0.691859640984008,0.7137408023092486,0.8240744320305151,-0.10610688006597857,0.840014948260976,0.8685712812979214,0.01101789925387564,0.9329647813816833,0.9306452236440252,0.04391695983299182,5.569241934653428,0.020631177433280468,1.5524030674514866,-0.05799986110235045,9.312658862019466,-0.05534020618556701
amsterdam,link+k50,3,6,20,110,127,0.8312495972990038,8.469824672282432,-0.4945125000629799,0.7015760106184199,0.7137408023092486,0.8326181363642221,-0.08784680609785955,0.840014948260976,0.8695635365523641,0.025515135114238197,0.9329647813816833,0.9316503653303437,0.04407159701550234,5.492045017078371,0.02099199752580516,1.5524030674514866,-0.0492285619319186,8.852893193974394,-0.05059793814432989
amsterdam,link+k50,3,7,20,110,127,0.8312495972990038,8.455677336369453,-0.0794612279428065,0.6976327624644012,0.7137408023092486,0.8275924279326298,-0.10289815852888495,0.840014948260976,0.8698341516217575,0.015038465999149486,0.9329647813816833,0.9322946869241375,0.043040682465432134,5.541736653527758,0.025360497931727677,1.5524030674514866,-0.0740132811769687,8.752713328261564,-0.04350515463917526
amsterdam,link+k50,3,8,20,110,127,0.8312495972990038,8.473148011687393,0.4786513719180998,0.6894498782232188,0.7137408023092486,0.8243192742361567,-0.11318153116583551,0.840014948260976,0.8689707606860736,0.006133941572917911,0.9329647813816833,0.9317792296491024,0.04353036687671552,5.521472063908007,0.024690403474182054,1.5524030674514866,-0.06785982046780936,9.682334555538876,-0.04560824742268044
amsterdam,link+k50,3,9,20,110,127,0.8312495972990038,8.485803293190424,-0.32090313008884236,0.6835994381515702,0.7137408023092486,0.8315099032228966,-0.08846535482790174,0.840014948260976,0.8690480792773289,0.020540972410149405,0.9329647813816833,0.9315988196028402,0.0442777799255164,5.655344853960143,0.02141724977770909,1.5524030674514866,-0.04579726397654471,9.791838288894958,-0.07109278350515469
amsterdam,link+k50d,3,0,20,110,127,0.8312495972990038,8.494559128457436,0.7548691483862051,0.6907256349789307,0.7137408023092486,0.8101055398770635,-0.12958595894382807,0.840014948260976,0.8595765518485586,-0.006301465187304234,0.9329647813816833,0.9272432056287935,0.04523137588433135,5.739808170558305,0.03309235705725444,1.5524030674514866,-0.09428099434016346,9.49691181425736,-0.06313402061855666
amsterdam,link,4,0,20,70,76,0.8313333591061971,8.457021274207241,-0.3661573027277252,0.6897849254519915,0.7137408023092486,0.821020347675932,-0.10086210229249626,0.840014948260976,0.8594863468254275,0.020025515135114302,0.9329647813816833,0.9269339312637723,0.04528292161183489,5.796096494699982,0.027757374260640955,1.5524030674514866,-0.07316591731914102,9.73825008281797,-0.05814432989690721
amsterdam,link,4,0,10,70,76,0.8313333591061971,8.300590235552153,-0.14611913047882621,0.6980451282844293,0.6128271542892488,0.8115745931109135,-0.11216350304764111,0.7697065759461863,0.834216053916831,-0.0014046210744707022,0.8709037254674553,0.8887643200474221,0.058323990670223314,6.961425709253878,0.04815659592015564,1.6765720424357382,-0.08498484540722706,10.830523193250439,-0.11854368086403622
amsterdam,link_reg,4,0,20,70,76,0.8313333591061971,8.457021274207241,-0.3661573027277252,0.6880452571487481,0.7137408023092486,0.8210718934034356,-0.100784783701241,0.840014948260976,0.8593445960747929,0.023285782399711352,0.9329647813816833,0.9329518949498073,0.06702233218644083,6.486521574932394,0.20534529194211418,1.5524030674514866,-0.44377163326048064,9.537314661470603,-0.04449484536082471
amsterdam,link_reg,4,0,10,70,76,0.8313333591061971,8.300590235552153,-0.14611913047882621,0.6785737297199779,0.6128271542892488,0.8115874795427894,-0.11212484375201348,0.7697065759461863,0.8338552338243064,0.0014561668019741347,0.8709037254674553,0.8709810440587106,0.1289931830775377,7.193515415134039,0.1760544322882437,1.6765720424357382,-0.4668071228826469,11.583614140190956,-0.13300235171152341
amsterdam,link+k10,4,0,20,70,76,0.8313333591061971,8.663929053671355,0.19257242688284898,0.667684694784861,0.7137408023092486,0.8210718934034356,-0.08959936083297904,0.840014948260976,0.8601306684192214,0.025283179340472417,0.9329647813816833,0.9276684578806974,0.042770067396038725,6.042717114328814,0.026365639618046152,1.5524030674514866,0.004349192782644673,10.861488312995384,-0.07962886597938146
amsterdam,link+k10,4,1,20,70,76,0.8313333591061971,8.581089134516494,0.1728238334475922,0.6690764294274558,0.7137408023092486,0.8143967216917308,-0.10514039767528771,0.840014948260976,0.8594219146660481,0.015502377546681156,0.9329647813816833,0.9273076377881728,0.044367984948647576,5.960448145206057,0.027602737078130435,1.5524030674514866,-0.06971045372359441,10.17577381173123,-0.048865979381443325
amsterdam,link+k10,4,2,20,70,76,0.8313333591061971,8.518591685853732,0.05264560341800757,0.6754165539103878,0.7137408023092486,0.814680223193,-0.10184147111506303,0.840014948260976,0.8612646744242987,0.01943273926882383,0.9329647813816833,0.9277586629038286,0.044406644244275206,5.8848255379554395,0.021249726163322637,1.5524030674514866,-0.041732333138641,10.223111413969757,-0.0714226804123711
amsterdam,link+k10,4,3,20,70,76,0.8313333591061971,8.730888996659136,1.4634487274308783,0.6640378345639876,0.7137408023092486,0.8005438074251621,-0.14561668019742013,0.840014948260976,0.8567544232677414,-0.018453370446257167,0.9329647813816833,0.9274236156750557,0.042035540779113645,5.820898473806304,0.04179069857347195,1.5524030674514866,-0.10975717932799278,9.98063872880203,-0.0630103092783505
amsterdam,link+k10,4,4,20,70,76,0.8313333591061971,8.608702831482002,0.9870059151114237,0.6763830363010785,0.7137408023092486,0.8021546114096468,-0.13988221801265455,0.840014948260976,0.8584812051391091,-0.013015296194636705,0.9329647813816833,0.9271401141737864,0.04383964124173656,5.855497779341341,0.032679991237226313,1.5524030674514866,-0.0897782944734451,9.478983792746495,-0.05785567010309278
amsterdam,link+k10,4,5,20,70,76,0.8313333591061971,8.608175039001672,0.8282998468820973,0.6814860633239262,0.7137408023092486,0.8106467700158503,-0.12164791690828736,0.840014948260976,0.8601435548510973,0.0077962912849061095,0.9329647813816833,0.9278617543588356,0.0441489156067576,5.790043203012655,0.02261568794216573,1.5524030674514866,-0.054355189981487584,10.080574223424016,-0.06288659793814433
amsterdam,link+k10,4,6,20,70,76,0.8313333591061971,8.670190657170902,1.6205169933708585,0.6825040914421205,0.7137408023092486,0.7977603381399724,-0.14847746807386508,0.840014948260976,0.8552338243063878,-0.022937848739062572,0.9329647813816833,0.9267019754900065,0.042344815144134684,5.829249599022428,0.029844976224533193,1.5524030674514866,-0.07888347419177744,9.968695637654285,-0.06725773195876283
amsterdam,link+k10,4,7,20,70,76,0.8313333591061971,8.602829724888723,0.8426774689408747,0.6596564477261891,0.7137408023092486,0.8078375278669089,-0.13144160513395453,0.840014948260976,0.8594605739616757,-0.005309209932861658,0.9329647813816833,0.9277328900400768,0.044020051287998796,6.002572409257573,0.02909756317573231,1.5524030674514866,-0.09538180913170602,10.0031820102281,-0.04057731958762889
amsterdam,link+k10,4,8,20,70,76,0.8313333591061971,8.584894618777982,-0.1580291828681109,0.6773752915555212,0.7137408023092486,0.8137266272341851,-0.11001146892436953,0.840014948260976,0.8611100372417881,0.012422520328346343,0.9329647813816833,0.9272174327650416,0.04412314274300588,5.871650939414828,0.03068259429646525,1.5524030674514866,-0.08054871602676039,9.485373590635476,-0.038845360824742214
amsterdam,link+k10,4,9,20,70,76,0.8313333591061971,8.529097866822816,0.8288689160810342,0.6868468189842915,0.7137408023092486,0.8083787580056958,-0.13146737799770625,0.840014948260976,0.8583652272522261,-0.007822064148657826,0.9329647813816833,0.927500934266311,0.04407159701550234,5.788244746691758,0.03173928171028728,1.5524030674514866,-0.0980216796809199,9.490368734727433,-0.04400000000000004
amsterdam,link+k10d,4,0,20,70,76,0.8313333591061971,8.558375088558096,-0.23101902128189133,0.6618342547132124,0.7137408023092486,0.8196672723289649,-0.10796252625610503,0.840014948260976,0.8602466463061043,0.013543639901547722,0.9329647813816833,0.9267792940812618,0.044329325653019946,5.980955481900448,0.03575984845556113,1.5524030674514866,-0.09789336871064092,9.919437502513187,-0.0445360824742268
amsterdam,link+k25,4,0,20,70,76,0.8313333591061971,8.512580102801818,0.31884696954870984,0.688998853107563,0.7137408023092486,0.8158915477893326,-0.11106815633819156,0.840014948260976,0.8615997216530715,0.008788546539348685,0.9329647813816833,0.9285189623845054,0.044058710583626426,5.746487565815694,0.021520341232716067,1.5524030674514866,-0.047341221500557085,9.568893439247692,-0.06734020618556702
amsterdam,link+k25,4,1,20,70,76,0.8313333591061971,8.486911404145792,0.031152822148250374,0.6824138864189895,0.7137408023092486,0.8235332018917282,-0.09304003814383843,0.840014948260976,0.8638290743675984,0.02506410999858255,0.9329647813816833,0.9284029844976225,0.04355613974046724,5.8530683436375925,0.02130127189082615,1.5524030674514866,-0.024502343840014706,9.749207280891179,-0.06556701030927836
amsterdam,link+k25,4,2,20,70,76,0.8313333591061971,8.478966199579746,0.25264101287034024,0.688058143580624,0.7137408023092486,0.8214713727915878,-0.10886457648741643,0.840014948260976,0.8629785698637904,0.010734397752606317,0.9329647813816833,0.9288282367495264,0.04423912062988877,5.687538324221291,0.02400742258476052,1.5524030674514866,-0.05873278989484221,9.824716639822064,-0.058886597938144325
amsterdam,link+k25,4,3,20,70,76,0.8313333591061971,8.62191521519151,0.7444243136643116,0.6768727207123619,0.7137408023092486,0.8107498614708574,-0.1277045398899499,0.840014948260976,0.8611744694011675,-0.005270550637234028,0.9329647813816833,0.9282225744513601,0.042267496552879424,5.855869436659889,0.02331155526346318,1.5524030674514866,-0.05818946562410998,9.89671930384546,-0.05521649484536084
amsterdam,link+k25,4,4,20,70,76,0.8313333591061971,8.4674739041741,-0.05787475832516447,0.6827618200796381,0.7137408023092486,0.8217677607247329,-0.10544967204030875,0.840014948260976,0.8625790904756382,0.010025643999433065,0.9329647813816833,0.9275911392894421,0.04423912062988877,5.838311975145795,0.02610791098052856,1.5524030674514866,-0.07143859679439468,9.84574801937718,-0.04931958762886601
amsterdam,link+k25,4,5,20,70,76,0.8313333591061971,8.470928362982823,0.21042318053991158,0.6858674501617247,0.7137408023092486,0.8177085346838314,-0.10352959369080295,0.840014948260976,0.8630687748869216,0.016262677027357952,0.9329647813816833,0.9296271955258308,0.04362057189984658,5.832204661906557,0.0205151995463976,1.5524030674514866,-0.03488329032172244,10.222893805591129,-0.07199999999999995
amsterdam,link+k25,4,6,20,70,76,0.8313333591061971,8.538825676854515,0.6465074185031745,0.6707001198438165,0.7137408023092486,0.8175152382056933,-0.11256298243579343,0.840014948260976,0.8618187909949614,0.003260267264597161,0.9329647813816833,0.9282998930426154,0.043040682465432134,5.8694324503981115,0.025631113001121197,1.5524030674514866,-0.05999639632834097,10.253650816619853,-0.08004123711340205
amsterdam,link+k25,4,7,20,70,76,0.8313333591061971,8.492651328987142,-0.030763154248774818,0.6803005115913455,0.7137408023092486,0.8175023517738174,-0.10986971817373492,0.840014948260976,0.8643187587788818,0.012512725351477405,0.9329647813816833,0.92866071313514,0.04360768546797078,5.766819945102658,0.026442958209301426,1.5524030674514866,-0.07055967024054688,9.53207386695886,-0.0529484536082474
amsterdam,link+k25,4,8,20,70,76,0.8313333591061971,8.488078128382156,0.31900194437345203,0.6822205899408513,0.7137408023092486,0.815530727696808,-0.12153193902140436,0.840014948260976,0.8613806523111815,0.0006572080256698198,0.9329647813816833,0.928235460883236,0.04313088748856331,5.73918001716332,0.03403306658419358,1.5524030674514866,-0.10033624850582346,9.506996824430207,-0.054144329896907206
amsterdam,link+k25,4,9,20,70,76,0.8313333591061971,8.508028070600684,-0.3296365119707215,0.6660223450728727,0.7137408023092486,0.8236105204829834,-0.08574631770209151,0.840014948260976,0.8645507145526475,0.028930039561345877,0.9329647813816833,0.929498331207072,0.04310511462481148,5.982130349646121,0.020953338230177445,1.5524030674514866,-0.022900750724439867,10.323610408983562,-0.07723711340206185
amsterdam,link+k25d,4,0,20,70,76,0.8313333591061971,8.513799859000159,0.4788777468275728,0.6788572312212472,0.7137408023092486,0.8093581268282625,-0.1279622685274675,0.840014948260976,0.8581590443422121,-0.00310563008208653,0.9329647813816833,0.9267792940812618,0.044097369879254056,5.879786717253968,0.036210873571216884,1.5524030674514866,-0.10353326507624572,9.424365514187839,-0.051505154639175266
amsterdam,link+k50,4,0,20,70,76,0.8313333591061971,8.465158010816115,0.02388532359238659,0.695751343410523,0.7137408023092486,0.8272187214082293,-0.09218953364003046,0.840014948260976,0.8668831587221815,0.020669836728908098,0.9329647813816833,0.9301039935052383,0.04213863223412062,5.650019360476118,0.02115952114019149,1.5524030674514866,-0.0312417174739259,9.895357164897693,-0.07294845360824742
amsterdam,link+k50,4,1,20,70,76,0.8313333591061971,8.46852183771577,0.15049050717252727,0.69776162678316,0.7137408023092486,0.8255563716962411,-0.10302702284764376,0.840014948260976,0.8682620069329003,0.012641589670236208,0.9329647813816833,0.9312637723740673,0.04216440509787245,5.526744927513543,0.020412108091390574,1.5524030674514866,-0.04544547304878788,8.888728086371405,-0.044247422680412374
amsterdam,link+k50,4,2,20,70,76,0.8313333591061971,8.470233228006794,-0.08476292851789059,0.6810092653445188,0.7137408023092486,0.8257367817425033,-0.10423834744397631,0.840014948260976,0.8684553034110385,0.01074728418448212,0.9329647813816833,0.9312379995103156,0.041648947822837346,5.617024481630614,0.02761562351000635,1.5524030674514866,-0.065702364415954,9.310259379288718,-0.05554639175257736
amsterdam,link+k50,4,3,20,70,76,0.8313333591061971,8.451019332331299,0.2534304434746077,0.6967307122330898,0.7137408023092486,0.8264841947913042,-0.1060166750428474,0.840014948260976,0.8676821174984859,0.007242174714243377,0.9329647813816833,0.9312508859421915,0.04096596693341581,5.539177948709467,0.025863068774886977,1.5524030674514866,-0.0670744915221988,9.64007618896115,-0.055752577319587604
amsterdam,link+k50,4,4,20,70,76,0.8313333591061971,8.456310325825777,-0.18839735516435666,0.6959575263205371,0.7137408023092486,0.8276310872282574,-0.08729268952719682,0.840014948260976,0.8686357134573008,0.024381129109161015,0.9329647813816833,0.9313282045334468,0.04155874279970617,5.666781348572423,0.02056674527390111,1.5524030674514866,-0.028314135297282883,9.344345262930753,-0.07051546391752572
amsterdam,link+k50,4,5,20,70,76,0.8313333591061971,8.481222947129977,0.4439287089216368,0.6939987886754037,0.7137408023092486,0.8227729024110514,-0.10774345691421505,0.840014948260976,0.8670120230409402,0.007499903351760984,0.9329647813816833,0.9304648135977629,0.04244790659914177,5.592141742929981,0.022950735170938485,1.5524030674514866,-0.06243699001056702,9.201808268223846,-0.05567010309278353
amsterdam,link+k50,4,6,20,70,76,0.8313333591061971,8.46366564597657,-0.43258516987644396,0.7034445432404222,0.7137408023092486,0.8309171273566063,-0.0905787296555457,0.840014948260976,0.8685583948660456,0.024587312019175078,0.9329647813816833,0.9311606809190603,0.04316954678419094,5.508273846019483,0.02284764371593151,1.5524030674514866,-0.053818637261553226,8.862119175851088,-0.05835051546391756
amsterdam,link+k50,4,7,20,70,76,0.8313333591061971,8.456545799599905,-0.16178619008631756,0.7018852849834409,0.7137408023092486,0.82840427314081,-0.10139044599940727,0.840014948260976,0.8686872591848043,0.015386399659798267,0.9329647813816833,0.9318565482403577,0.04208708650661719,5.566248160088794,0.02684243759745364,1.5524030674514866,-0.0747085996281347,8.73626929792044,-0.04222680412371138
amsterdam,link+k50,4,8,20,70,76,0.8313333591061971,8.465715479820282,0.3452654350635717,0.6928390098065746,0.7137408023092486,0.8245512300099226,-0.11001146892436953,0.840014948260976,0.8680300511591346,0.007048878236105227,0.9329647813816833,0.9314699552840814,0.04237058800788651,5.539918987641673,0.02626254816303919,1.5524030674514866,-0.06677312876922836,9.871793027116471,-0.04849484536082471
amsterdam,link+k50,4,9,20,70,76,0.8313333591061971,8.487369229635096,-0.33941389953518636,0.6850556049535445,0.7137408023092486,0.8313810389041378,-0.08779526037035612,0.840014948260976,0.8681331426141415,0.019729127201969066,0.9329647813816833,0.9312122266465638,0.04306645532918385,5.675680415812581,0.022564142214662186,1.5524030674514866,-0.04805815754134546,9.794939169681522,-0.06849484536082473
amsterdam,link+k50d,4,0,20,70,76,0.8313333591061971,8.490417636166843,0.6129444535247022,0.6926328268965606,0.7137408023092486,0.8104921328333398,-0.12901895594128943,0.840014948260976,0.8581719307740879,-0.00675249030295999,0.9329647813816833,0.9267792940812618,0.04404582415175062,5.7564760549322065,0.034084612311697016,1.5524030674514866,-0.10333703416171391,9.395172260012966,-0.05703092783505159
barcelona,link,0,0,20,133,58,0.8385268123822507,8.546821640137148,0.1347757916556246,0.6965552100724494,0.6712362338597271,0.8237627705362477,-0.1339010829108399,0.8002971495090906,0.8434450962672507,-0.03349824620521691,0.9099208111875259,0.8889365417311257,0.02969963392405839,6.669037392358957,0.05964433960819152,1.5963179649831454,-0.13159531661093227,7.675611239812605,0.13782859705173478
barcelona,link,0,0,10,133,58,0.8385268123822507,8.317775811016709,0.14287322948750372,0.6697045353592599,0.5497265918176666,0.8367975247752233,-0.12705439061375157,0.70049167521865,0.8353730451697888,-0.031216015439520906,0.8130868319879915,0.8567708732213151,0.036561643206151295,7.333069143258835,0.05754591266255149,1.5212854757403993,-0.14515060035439853,7.9981095098784785,0.027739743394695537
barcelona,link_reg,0,0,20,133,58,0.8385268123822507,8.546821640137148,0.1347757916556246,0.6925421600012254,0.6712362338597271,0.823793404506257,-0.13374791306079314,0.8002971495090906,0.8443947493375404,-0.029086954523871444,0.9099208111875259,0.9098135922924931,0.08988006800741344,7.62085575557235,0.2787078591450059,1.5963179649831454,-0.5827079550693102,7.538039386871138,0.1840143489714703
barcelona,link_reg,0,0,10,133,58,0.8385268123822507,8.317775811016709,0.14287322948750372,0.617121325838222,0.5497265918176666,0.8368741097002466,-0.12691653774870953,0.70049167521865,0.8351432903947187,-0.027279550293320298,0.8130868319879915,0.8152312098886455,0.18461562026130773,7.610302044638846,0.24239128769892931,1.5212854757403993,-0.5027883719518476,7.984950857489744,0.08301638014098067
barcelona,link+k10,0,0,20,133,58,0.8385268123822507,8.617833313498714,0.6158705108916332,0.6805336437575628,0.6712362338597271,0.8232573100310935,-0.1359382419164612,0.8002971495090906,0.8445019682325731,-0.036944567831268094,0.9099208111875259,0.8895798551013219,0.027708425873451015,6.8285093536928665,0.05938395086311211,1.5963179649831454,-0.10416803008607922,8.147874654764028,0.12471274031724677
barcelona,link+k10,0,1,20,133,58,0.8385268123822507,8.715573615965424,0.4927135446024456,0.6479850506226355,0.6712362338597271,0.8216796605756123,-0.13690321197175548,0.8002971495090906,0.8403357483113024,-0.03437131435048324,0.9099208111875259,0.8900087306814527,0.025288342242712925,6.975282902140195,0.05840366382281312,1.5963179649831454,-0.1339804154917439,8.468563654063418,0.17056218821814917
barcelona,link+k10,0,2,20,133,58,0.8385268123822507,8.61129470624337,-0.5040576526849672,0.6905050009956041,0.6712362338597271,0.8323402821388638,-0.11135448098396317,0.8002971495090906,0.8469373688483159,-0.0017001853355185226,0.9099208111875259,0.8898402438464013,0.028734663868764,6.746825791553284,0.05933799990809809,1.5963179649831454,-0.08624137057303849,7.8924797181527175,0.1332884927974889
barcelona,link+k10,0,3,20,133,58,0.8385268123822507,8.615686047999109,0.10268152164673851,0.685465712929067,0.6712362338597271,0.8263666579870418,-0.1302862744497374,0.8002971495090906,0.8455588401978954,-0.02522707430269422,0.9099208111875259,0.8899168287714246,0.028841882763796733,6.960263405892304,0.058832539402943924,1.5963179649831454,-0.09031048324237423,8.189267266959957,0.10918670478112213
barcelona,link+k10,0,4,20,133,58,0.8385268123822507,8.709265059229086,-0.6328998387772076,0.6794614548072357,0.6712362338597271,0.8273928959823549,-0.11774166373091122,0.8002971495090906,0.8450380627077366,-0.0035688575060884853,0.9099208111875259,0.8897023909813593,0.027493988083385656,6.832091292406463,0.059307365938088746,1.5963179649831454,-0.10986794817345658,7.9186933170749825,0.15750238215346668
barcelona,link+k10,0,5,20,133,58,0.8385268123822507,8.64883348183964,-0.3091307409857227,0.6724462756750961,0.6712362338597271,0.827668601712439,-0.12429733331291071,0.8002971495090906,0.8440730926524423,-0.012253588003737326,0.9099208111875259,0.8902231684715181,0.028872516733806086,6.75762123373911,0.0589550752829813,1.5963179649831454,-0.1293760638567698,8.096629241959782,0.16916092147301165
barcelona,link+k10,0,6,20,133,58,0.8385268123822507,8.597302767697878,0.22343070262346643,0.6940125905616739,0.6712362338597271,0.8232726270160982,-0.13233875044036336,0.8002971495090906,0.8453137684378207,-0.033222540475132845,0.9099208111875259,0.8897789759063826,0.026865991698194147,6.716174447941882,0.0589550752829813,1.5963179649831454,-0.11300004306918954,7.756718279349721,0.14096743456084293
barcelona,link+k10,0,7,20,133,58,0.8385268123822507,8.589829680149508,-0.4343372229657414,0.6890805213901695,0.6712362338597271,0.83111492333849,-0.11830839217608413,0.8002971495090906,0.8466922970882411,-0.011931931318639233,0.9099208111875259,0.8903916553065695,0.029132905478885474,6.73187456163877,0.059200147043056046,1.5963179649831454,-0.10415340645545124,7.746374250934492,0.14169609326831445
barcelona,link+k10,0,8,20,133,58,0.8385268123822507,8.735337648845748,1.4187855977522186,0.6960650665522998,0.6712362338597271,0.8189685542297854,-0.14546540658936702,0.8002971495090906,0.8408871597714705,-0.05223091886593034,0.9099208111875259,0.8901159495764853,0.024170202337371882,6.656539920702166,0.05889380734296261,1.5963179649831454,-0.13315537718787307,7.873287493853789,0.12858023653382666
barcelona,link+k10,0,9,20,133,58,0.8385268123822507,8.75166092566594,1.125646838411999,0.6692450258091197,0.6712362338597271,0.8140211680732764,-0.1473800297149509,0.8002971495090906,0.839141023480938,-0.048922450104921356,0.9099208111875259,0.88780308484078,0.02167353378161041,6.887837947048987,0.05924609799807006,1.5963179649831454,-0.12697369535906633,8.244949832042057,0.14539543747547778
barcelona,link+k10d,0,0,20,133,58,0.8385268123822507,8.564430597052533,0.32195913225702494,0.6877785776647725,0.6712362338597271,0.8224914607808599,-0.13403893577588188,0.8002971495090906,0.8416683260067088,-0.025962289582918463,0.9099208111875259,0.8876499149907332,0.026237995313002527,6.895785466323696,0.05964433960819152,1.5963179649831454,-0.11437197943944333,7.949094592694673,0.13171907404293481
barcelona,link+k25,0,0,20,133,58,0.8385268123822507,8.649288402197682,-0.8613223140497469,0.6949316096619541,0.6712362338597271,0.8344693430545131,-0.11265642470936021,0.8002971495090906,0.8472896595034234,-0.0026038874507940957,0.9099208111875259,0.8918927198370272,0.02864276195873605,6.612710366345451,0.05789820331765895,1.5963179649831454,-0.11273861032176913,7.735183572653948,0.15240177120116583
barcelona,link+k25,0,1,20,133,58,0.8385268123822507,8.631446736009782,-0.8555507345306257,0.6952379493620475,0.6712362338597271,0.8356181169298635,-0.1112013111339164,0.8002971495090906,0.8485916032288204,-0.0034463216260510743,0.9099208111875259,0.8914332102868872,0.026253312298007203,6.674031066165525,0.058909124327967285,1.5963179649831454,-0.10229001328997134,7.743241852792934,0.14012667451376037
barcelona,link+k25,0,2,20,133,58,0.8385268123822507,8.574441886585017,-0.5468394935359895,0.6936909338765758,0.6712362338597271,0.8321717953038124,-0.1197941397215373,0.8002971495090906,0.8507359811294745,-0.009910089298022506,0.9099208111875259,0.8917855009419946,0.024522492992479328,6.58470933756737,0.05855683367285983,1.5963179649831454,-0.11779331721988062,7.765196375830218,0.15391513928591438
barcelona,link+k25,0,3,20,133,58,0.8385268123822507,8.570723130694107,0.09236089246277965,0.6935071300565196,0.6712362338597271,0.8253557369767335,-0.13031690841974664,0.8002971495090906,0.8464319083431617,-0.021933922526689797,0.9099208111875259,0.8920152557170646,0.026835357728184794,6.6795351849080715,0.05848024874783648,1.5963179649831454,-0.11297573363514712,7.7819649119502365,0.12745922313771652
barcelona,link+k25,0,4,20,133,58,0.8385268123822507,8.60071784360337,-0.48059603133503065,0.6829690443733055,0.6712362338597271,0.8314672139935975,-0.12114203440194837,0.8002971495090906,0.8481167766936756,-0.011487738753503729,0.9099208111875259,0.891816134912004,0.02905632055386209,6.637678209969028,0.0582504939727664,1.5963179649831454,-0.1326494226442403,7.906972094895482,0.15453169665377509
barcelona,link+k25,0,5,20,133,58,0.8385268123822507,8.527357092611258,-0.0466536825340918,0.7007367469787247,0.6712362338597271,0.8304716099682938,-0.12566054497832646,0.8002971495090906,0.8484997013187924,-0.02041754101122728,0.9099208111875259,0.8917548669719852,0.02844364115367526,6.587493119531668,0.05779098442262625,1.5963179649831454,-0.11531234660156575,7.80676351745419,0.13059806064682467
barcelona,link+k25,0,6,20,133,58,0.8385268123822507,8.58401912747342,0.197752897398102,0.6999249467734772,0.6712362338597271,0.8238699894312803,-0.13045476128478872,0.8002971495090906,0.8487447730788672,-0.024062983442339148,0.9099208111875259,0.8916016971219385,0.025839753702881052,6.567455351638737,0.05748464472253282,1.5963179649831454,-0.12733258323137098,7.680753698752327,0.14158399192870363
barcelona,link+k25,0,7,20,133,58,0.8385268123822507,8.592632450832944,0.10441666798325921,0.6945793190068467,0.6712362338597271,0.8266576807021306,-0.1283103833841347,0.8002971495090906,0.8449308438127039,-0.023526888967175696,0.9099208111875259,0.8900546816364667,0.02643711611806332,6.669169333578078,0.05760718060257019,1.5963179649831454,-0.11138541816492631,7.694000394923568,0.13962221848551093
barcelona,link+k25,0,8,20,133,58,0.8385268123822507,8.555145439882564,0.3903027704515164,0.6997870939084351,0.6712362338597271,0.827668601712439,-0.13281357697550822,0.8002971495090906,0.8469373688483159,-0.03763383215647831,0.9099208111875259,0.8918008179269993,0.0270191615482408,6.5685062285094045,0.058434297792822464,1.5963179649831454,-0.12883551336359056,7.625487682886769,0.13642733030659726
barcelona,link+k25,0,9,20,133,58,0.8385268123822507,8.624311770169044,0.3003048327071394,0.6678205462036853,0.6712362338597271,0.8305481948933172,-0.12803467765405063,0.8002971495090906,0.8485456522738064,-0.023526888967175696,0.9099208111875259,0.8925360332072235,0.027325501248334216,6.707881051112278,0.05779098442262625,1.5963179649831454,-0.10731671440073298,8.304384384946754,0.13177512471274033
barcelona,link+k25d,0,0,20,133,58,0.8385268123822507,8.565960630995752,0.583871889698268,0.6951766814220289,0.6712362338597271,0.820944445295388,-0.13818983871214796,0.8002971495090906,0.8402744803712837,-0.03244137423989457,0.9099208111875259,0.8878643527807987,0.02522707430269422,6.788804848076874,0.05964433960819152,1.5963179649831454,-0.12683448757947868,7.745248027429561,0.13513816490107056
barcelona,link+k50,0,0,20,133,58,0.8385268123822507,8.532093455191317,-0.3738385818154655,0.7093448925513501,0.6712362338597271,0.8393095103159894,-0.11467826672997694,0.8002971495090906,0.8537074762203808,-0.013892505399237143,0.9099208111875259,0.8944200223627982,0.028872516733806086,6.408686541152287,0.05609079908710769,1.5963179649831454,-0.10135029228276782,7.488813596862666,0.12078919343086159
barcelona,link+k50,0,1,20,133,58,0.8385268123822507,8.53058626518596,-0.0401294910156721,0.7046732121249253,0.6712362338597271,0.8348216337096206,-0.12216827239726136,0.8002971495090906,0.8497097431341615,-0.021688850766615086,0.9099208111875259,0.8929495918023497,0.026084825462955874,6.444319006259778,0.057668448542588874,1.5963179649831454,-0.11875296729781382,7.326827749294873,0.1451151841264504
barcelona,link+k50,0,2,20,133,58,0.8385268123822507,8.542478200627027,0.15491494517356796,0.7068635409805933,0.6712362338597271,0.8303337571032517,-0.13057729716482613,0.8002971495090906,0.8503071055493436,-0.03328380841515155,0.9099208111875259,0.8948335809579242,0.025548730987792312,6.361663154402577,0.057009818187388,1.5963179649831454,-0.13138435853066643,7.362291840601327,0.14696485623003186
barcelona,link+k50,0,3,20,133,58,0.8385268123822507,8.523650417832945,0.06654408822093753,0.7094214774763735,0.6712362338597271,0.833029546464074,-0.12521635241319107,0.8002971495090906,0.8523136305849557,-0.021658216796605734,0.9099208111875259,0.8950020677929756,0.02881124879378738,6.447557175971812,0.0556006555669582,1.5963179649831454,-0.10277940231048399,7.454780327834335,0.12409618294938629
barcelona,link+k50,0,4,20,133,58,0.8385268123822507,8.541825598703927,0.23028624598728833,0.7096665492364483,0.6712362338597271,0.8304716099682938,-0.12847887021918614,0.8002971495090906,0.8502611545943296,-0.03538223536079155,0.9099208111875259,0.8939911467826673,0.027279550293320187,6.319814224451283,0.05639713878720113,1.5963179649831454,-0.12766051459493455,7.503665385469091,0.1381649010705679
barcelona,link+k50,0,5,20,133,58,0.8385268123822507,8.53193900116558,0.2663712672095469,0.7093755265213595,0.6712362338597271,0.8322177462588264,-0.1260894205584573,0.8002971495090906,0.8507053471594651,-0.031047528604469465,0.9099208111875259,0.893118078637401,0.027080429488259505,6.400674098121163,0.05704045215739734,1.5963179649831454,-0.12491719335613305,7.39353564751991,0.134970012891654
barcelona,link+k50,0,6,20,133,58,0.8385268123822507,8.538902218815357,0.499044094486527,0.7073536845007429,0.6712362338597271,0.829904881523121,-0.13213962963530257,0.8002971495090906,0.8499088639392222,-0.036224669536048526,0.9099208111875259,0.8942974864827608,0.027218282353301593,6.45685991671229,0.05609079908710769,1.5963179649831454,-0.11735318144505968,7.483866481617724,0.12801972983577148
barcelona,link+k50,0,7,20,133,58,0.8385268123822507,8.559935398209682,0.19185666798550433,0.7082267526460092,0.6712362338597271,0.8348216337096206,-0.12278095179744819,0.8002971495090906,0.8520838758098855,-0.023327768162114904,0.9099208111875259,0.894190267587728,0.027785010798474397,6.536471326734579,0.056351187832187115,1.5963179649831454,-0.08877515531501623,7.516577834060786,0.12045288941202847
barcelona,link+k50,0,8,20,133,58,0.8385268123822507,8.560731380427011,0.4618954080731575,0.707675341185841,0.6712362338597271,0.8333205691791628,-0.12734541332884042,0.8002971495090906,0.8524055324949837,-0.02919417341890418,0.9099208111875259,0.8952471395530504,0.026911942653208065,6.384181837639525,0.0558150933570236,1.5963179649831454,-0.1148467300042264,7.476223743871752,0.12297516955327614
barcelona,link+k50,0,9,20,133,58,0.8385268123822507,8.569775414249722,-0.22833839296976072,0.7098503530565043,0.6712362338597271,0.8322483802288357,-0.1262119564384947,0.8002971495090906,0.8517162681697734,-0.02017246925115257,0.9099208111875259,0.8943128034677654,0.026957893608222094,6.362685744081255,0.05650435768223383,1.5963179649831454,-0.12143799495979857,7.374772472274945,0.13743624236309615
barcelona,link+k50d,0,0,20,133,58,0.8385268123822507,8.556418679722244,0.43267226891396443,0.7012881584388929,0.6712362338597271,0.8242988650114111,-0.13217026360531192,0.8002971495090906,0.8419899826918069,-0.028121984468577166,0.9099208111875259,0.8886761529860462,0.0270191615482408,6.680724997019303,0.05959838865317751,1.5963179649831454,-0.12342653299093898,7.5560979196383755,0.13368084748612752
barcelona,link,1,0,20,119,64,0.8398992142386693,8.54465870344663,0.13856196818498653,0.6957280928821971,0.6712362338597271,0.824957495366612,-0.1302862744497374,0.8002971495090906,0.8439199228023956,-0.03219630247981986,0.9099208111875259,0.8899780967114433,0.03028167935423587,6.6304155779117835,0.05933799990809809,1.5963179649831454,-0.11798350133863944,7.730979366521197,0.12622610840199533
barcelona,link,1,0,10,119,64,0.8398992142386693,8.326075115344597,0.189977261656249,0.6717110603948718,0.5497265918176666,0.8343468071744757,-0.12886179484430282,0.70049167521865,0.834990120544672,-0.03619403556603917,0.8130868319879915,0.858639545391885,0.03548945425582428,7.305074765121884,0.054559100586640485,1.5212854757403993,-0.133996760043964,8.054138549931139,0.006085501293169093
barcelona,link_reg,1,0,20,119,64,0.8398992142386693,8.54465870344663,0.13856196818498653,0.6912402162758282,0.6712362338597271,0.8249728123516167,-0.1301484215846953,0.8002971495090906,0.8452831344678113,-0.026758772803161412,0.9099208111875259,0.9098901772175165,0.08992601896242736,7.627589689327067,0.2784015194449125,1.5963179649831454,-0.5864853079811934,7.767362893015024,0.19337481082898944
barcelona,link_reg,1,0,10,119,64,0.8398992142386693,8.326075115344597,0.189977261656249,0.6213181797295021,0.5497265918176666,0.8344387090845038,-0.12873925896426547,0.70049167521865,0.83485226767963,-0.031338551319558317,0.8130868319879915,0.815859206273837,0.18395698990610687,7.6266147440400145,0.24323372187418635,1.5212854757403993,-0.5093490025399094,8.079594605400725,0.09513667021654237
barcelona,link+k10,1,0,20,119,64,0.8398992142386693,8.609349751045585,0.5542455252114273,0.6805949116975815,0.6712362338597271,0.8241303781763598,-0.13240001838038207,0.8002971495090906,0.8448848928576899,-0.03545882028581493,0.9099208111875259,0.8902997533965414,0.028795931808782704,6.785641330884963,0.059062294178014,1.5963179649831454,-0.08962041778401186,8.27166298500862,0.11479177176167266
barcelona,link+k10,1,1,20,119,64,0.8398992142386693,8.6983018879019,0.09185846674496803,0.6472957862974252,0.6712362338597271,0.8274694809073782,-0.12529293733821434,0.8002971495090906,0.8417295939467275,-0.023021428462021487,0.9099208111875259,0.8908052139016955,0.027616523963422956,6.967926707950008,0.05817390904774304,1.5963179649831454,-0.10885722257221864,8.616867039285662,0.1618182837284905
barcelona,link+k10,1,2,20,119,64,0.8398992142386693,8.618696315484904,-0.6336264684492214,0.6901220763704873,0.6712362338597271,0.8349748035596674,-0.10461500758190756,0.8002971495090906,0.8464931762831804,0.002205645840672732,0.9099208111875259,0.8906979950066629,0.02965368296904436,6.736180697810551,0.05898570925299064,1.5963179649831454,-0.06669332583975174,8.017914613976307,0.12162995347794414
barcelona,link+k10,1,3,20,119,64,0.8398992142386693,8.597909468647481,0.0043642671707849814,0.6880542833948565,0.6712362338597271,0.8283731830226538,-0.12561459402331243,0.8002971495090906,0.844226262502489,-0.02012651829613854,0.9099208111875259,0.8906367270666442,0.029377977238960296,6.88413496037004,0.05858746764286918,1.5963179649831454,-0.077103939112668,8.118295972176782,0.09870522952749283
barcelona,link+k10,1,4,20,119,64,0.8398992142386693,8.705091437417297,-0.6341502793249792,0.6803498399375068,0.6712362338597271,0.8288480095577987,-0.11438724401488809,0.8002971495090906,0.8451299646177647,-7.658492502327086e-05,0.9099208111875259,0.8903763383215648,0.02810666748357249,6.817304466930676,0.05898570925299064,1.5963179649831454,-0.09466634494587134,7.979728209325723,0.13838910374978974
barcelona,link+k10,1,5,20,119,64,0.8398992142386693,8.636174473905257,-0.3463289377826599,0.6700415090293627,0.6712362338597271,0.8273622620123455,-0.12144837410204179,0.8002971495090906,0.8445172852175777,-0.012177003078713944,0.9099208111875259,0.8908664818417142,0.02914822246389015,6.7396897610129765,0.05864873558288786,1.5963179649831454,-0.1168952219663526,8.218031262421224,0.16108962502101898
barcelona,link+k10,1,6,20,119,64,0.8398992142386693,8.605453078921238,-0.014810247451733064,0.6937368848315898,0.6712362338597271,0.8254476388867615,-0.12596688467841988,0.8002971495090906,0.8461255686430683,-0.024660345857521415,0.9099208111875259,0.8905601421416208,0.027677791903441662,6.688771659517335,0.05866405256789253,1.5963179649831454,-0.09173580065472509,7.981896835723088,0.12964519926013107
barcelona,link+k10,1,7,20,119,64,0.8398992142386693,8.578894661657817,-0.4896548494171551,0.6903977821005713,0.6712362338597271,0.8325394029439245,-0.1148314365800236,0.8002971495090906,0.8456354251229188,-0.010201112013111246,0.9099208111875259,0.8912800404368404,0.029868120759109718,6.700344534865006,0.05897039226798597,1.5963179649831454,-0.08962852118654907,7.811425348536624,0.13110251667507433
barcelona,link+k10,1,8,20,119,64,0.8398992142386693,8.75791689810659,1.592790484691313,0.6946712209168747,0.6712362338597271,0.8165944215540613,-0.14817651293519385,0.8002971495090906,0.840029408611209,-0.0564584067272198,0.9099208111875259,0.8905907761116302,0.024399957112441917,6.618016148592807,0.05855683367285983,1.5963179649831454,-0.12774339938393497,7.963283007299675,0.12359172692113662
barcelona,link+k10,1,9,20,119,64,0.8398992142386693,8.74698856693799,1.2135977243620866,0.6738094873405119,0.6712362338597271,0.8140364850582811,-0.14561857643941367,0.8002971495090906,0.8398302878061482,-0.04869269532985121,0.9099208111875259,0.8889059077611163,0.023879179622283142,6.837758530082669,0.058924441312971955,1.5963179649831454,-0.11119110086507722,8.352087138161316,0.13502606356145952
barcelona,link+k10d,1,0,20,119,64,0.8398992142386693,8.58959267309826,0.5795298913091077,0.6913014842158469,0.6712362338597271,0.8225833626908879,-0.13361006019575106,0.8002971495090906,0.8400447255962137,-0.031721475944675004,0.9099208111875259,0.8891356625361864,0.02634521420803526,6.769307161587966,0.05933799990809809,1.5963179649831454,-0.11513318904114822,7.893396923842408,0.13239168208060081
barcelona,link+k25,1,0,20,119,64,0.8398992142386693,8.65765573237566,-0.8876513573209756,0.69255747698623,0.6712362338597271,0.8357100188398916,-0.10767840458284195,0.8002971495090906,0.8469986367883345,-0.0008118002052475148,0.9099208111875259,0.893118078637401,0.029868120759109718,6.603021324814441,0.05760718060257019,1.5963179649831454,-0.09989372943056085,7.819152629447048,0.15111260579563934
barcelona,link+k25,1,1,20,119,64,0.8398992142386693,8.627225702244889,-0.8654377417391385,0.6975661310827577,0.6712362338597271,0.8353883621547934,-0.10861274066812687,0.8002971495090906,0.8475194142784934,-0.0007198982952195676,0.9099208111875259,0.8922603274771393,0.026957893608222094,6.632946783492872,0.05858746764286918,1.5963179649831454,-0.08953724291077902,7.735219606256551,0.1352502662406816
barcelona,link+k25,1,2,20,119,64,0.8398992142386693,8.56854359220632,-0.5158539240777449,0.6938441037266224,0.6712362338597271,0.8324781350039059,-0.11804800343100463,0.8002971495090906,0.8499088639392222,-0.010369598848162687,0.9099208111875259,0.8930874446673917,0.026069508477951198,6.549271334966914,0.05829644492778042,1.5963179649831454,-0.10828309016826032,7.786612139576938,0.1559329633989126
barcelona,link+k25,1,3,20,119,64,0.8398992142386693,8.573252747607928,-0.08189582433486632,0.6910870464257816,0.6712362338597271,0.8270099713572381,-0.12357743501769114,0.8002971495090906,0.8474121953834607,-0.014397965904391352,0.9099208111875259,0.8927198370272795,0.028030082558549108,6.670895764643906,0.05828112794277574,1.5963179649831454,-0.09304134380265494,7.875168214734613,0.11961212936494592
barcelona,link+k25,1,4,20,119,64,0.8398992142386693,8.604939294868846,-0.5230284616355128,0.6789866282720909,0.6712362338597271,0.8325853538989385,-0.11726683719576647,0.8002971495090906,0.8467535650282598,-0.008531560647602077,0.9099208111875259,0.8927198370272795,0.029837486789100365,6.644301674856752,0.05779098442262625,1.5963179649831454,-0.11640899080063338,8.155713437721488,0.14113558657025949
barcelona,link+k25,1,5,20,119,64,0.8398992142386693,8.526439822840551,-0.06206985249588055,0.7012575244688836,0.6712362338597271,0.8316050668586396,-0.12238271018732672,0.8002971495090906,0.8476113161885215,-0.01821189517055455,0.9099208111875259,0.8927811049672982,0.029224807388913532,6.561244271224954,0.05751527869254216,1.5963179649831454,-0.10289769389733205,7.823512449404095,0.12600190572277348
barcelona,link+k25,1,6,20,119,64,0.8398992142386693,8.581388625758574,0.3432102354857096,0.7019621057790985,0.6712362338597271,0.8235483327461822,-0.12961232710953174,0.8002971495090906,0.8471364896533766,-0.026498384058081914,0.9099208111875259,0.8925513501922282,0.026207361342993174,6.527503142805869,0.0572242559774534,1.5963179649831454,-0.11715019912629532,7.749222302018475,0.13020570595818626
barcelona,link+k25,1,7,20,119,64,0.8398992142386693,8.586146603774084,-0.0554462076151346,0.697321059322683,0.6712362338597271,0.8275920167874156,-0.12161686093709312,0.8002971495090906,0.8463859573881477,-0.014688988619480092,0.9099208111875259,0.8914944782269059,0.02815261843858652,6.620241875837494,0.057346791857490774,1.5963179649831454,-0.09056849286164015,7.713104573806882,0.1319432767221569
barcelona,link+k25,1,8,20,119,64,0.8398992142386693,8.542751128539349,0.24105921822086734,0.7005529431586687,0.6712362338597271,0.8284191339776679,-0.12746794920887772,0.8002971495090906,0.8473049764884281,-0.03193591373474036,0.9099208111875259,0.8927045200422749,0.02789222969350713,6.523446126580052,0.058235176987761726,1.5963179649831454,-0.11559242346034315,7.638706896322017,0.13603497561795863
barcelona,link+k25,1,9,20,119,64,0.8398992142386693,8.621645730371977,0.2212423578446301,0.6677439612786619,0.6712362338597271,0.8316663347986583,-0.12440455220794344,0.8002971495090906,0.8488366749888951,-0.020264371161180628,0.9099208111875259,0.8933937843674851,0.027631840948427633,6.70735353358944,0.057653131557584204,1.5963179649831454,-0.093582751975134,8.459850103415,0.13054200997701915
barcelona,link+k25d,1,0,20,119,64,0.8398992142386693,8.537378440217468,0.29433401005382565,0.6982860293779772,0.6712362338597271,0.8243907669214392,-0.12782023986398516,0.8002971495090906,0.8422810054068957,-0.022286213181797243,0.9099208111875259,0.8891662965061957,0.02818325240859587,6.725510488522287,0.05933799990809809,1.5963179649831454,-0.10464728345977226,7.770148714098566,0.12488089232666333
barcelona,link+k50,1,0,20,119,64,0.8398992142386693,8.526099742477454,-0.44575027613892937,0.7080888997809671,0.6712362338597271,0.8408412088164565,-0.11014443916859407,0.8002971495090906,0.8530182118951706,-0.009986674223045888,0.9099208111875259,0.8959057699082512,0.03002129060915648,6.362772351356832,0.055661923506976886,1.5963179649831454,-0.09123723381222937,7.52638129587135,0.1162490891766157
barcelona,link+k50,1,1,20,119,64,0.8398992142386693,8.525123367898733,0.007506454082604956,0.7039839477997151,0.6712362338597271,0.8348216337096206,-0.11996262655658863,0.8002971495090906,0.8504755923843951,-0.02125997518648426,0.9099208111875259,0.8935929051725459,0.026820040743180118,6.405930019235007,0.05759186361756552,1.5963179649831454,-0.1092700708832095,7.426983535543396,0.1441062720699513
barcelona,link+k50,1,2,20,119,64,0.8398992142386693,8.533857785301842,0.1560100646314784,0.7060364237903411,0.6712362338597271,0.8308085836383966,-0.127222877448803,0.8002971495090906,0.8509504189195399,-0.030557385084319932,0.9099208111875259,0.8956913321181859,0.027080429488259505,6.331400688483842,0.056534991652243176,1.5963179649831454,-0.11895207301614241,7.381688688874619,0.13726809035367982
barcelona,link+k50,1,3,20,119,64,0.8398992142386693,8.51558069352994,0.10621452774608015,0.708563726316112,0.6712362338597271,0.8327232067639806,-0.1232251443625837,0.8002971495090906,0.852482117420007,-0.023021428462021487,0.9099208111875259,0.8958904529232465,0.02948519613399292,6.3714803123128725,0.055370900791888125,1.5963179649831454,-0.09674097987222541,7.55891679727345,0.11809876128019736
barcelona,link+k50,1,4,20,119,64,0.8398992142386693,8.535110399559402,0.3000137328154314,0.7090998207912754,0.6712362338597271,0.83065541378835,-0.12737604729884977,0.8002971495090906,0.8500313998192596,-0.036561643206151295,0.9099208111875259,0.8948029469879148,0.028091350498567813,6.283438357699377,0.05599889717707966,1.5963179649831454,-0.11971587337455913,7.618495313542752,0.13519421557087608
barcelona,link+k50,1,5,20,119,64,0.8398992142386693,8.527049947696915,0.2126475095464915,0.7110910288418828,0.6712362338597271,0.8333052521941581,-0.12138710616202308,0.8002971495090906,0.8509963698745538,-0.02897973562883882,0.9099208111875259,0.8938379769326206,0.027708425873451015,6.3494238670203575,0.05696386723237398,1.5963179649831454,-0.11259386207969402,7.408150791444283,0.13384899949554407
barcelona,link+k50,1,6,20,119,64,0.8398992142386693,8.52849999752155,0.4305720160792498,0.7075068543507896,0.6712362338597271,0.8312680931885368,-0.12789682478900855,0.8002971495090906,0.8510116868595585,-0.03257922710493666,0.9099208111875259,0.8951552376430223,0.02832110527363796,6.418757774797249,0.05578445938701426,1.5963179649831454,-0.103211960984261,7.453985180904436,0.11479177176167266
barcelona,link+k50,1,7,20,119,64,0.8398992142386693,8.550481092552547,0.06686099948566496,0.7060823747453552,0.6712362338597271,0.8361388944200223,-0.11680732764562629,0.8002971495090906,0.8532939176252546,-0.017645166725381745,0.9099208111875259,0.895078652717999,0.028581494018717346,6.498575296346629,0.05602953114708901,1.5963179649831454,-0.07219928806032239,7.59716888012659,0.11608093716719914
barcelona,link+k50,1,8,20,119,64,0.8398992142386693,8.545443275791111,0.3602905394240742,0.7089006999862147,0.6712362338597271,0.8346837808445785,-0.12340894818263981,0.8002971495090906,0.8530641628501846,-0.025196440332684866,0.9099208111875259,0.8959364038782606,0.027662474918436986,6.337666807695213,0.05550875365693017,1.5963179649831454,-0.10210322940836836,7.399220632160437,0.12342357491172029
barcelona,link+k50,1,9,20,119,64,0.8398992142386693,8.560371972704903,-0.16716449153140137,0.7086249942561306,0.6712362338597271,0.831160874293504,-0.12441986919294812,0.8002971495090906,0.852252362644937,-0.020892367546372137,0.9099208111875259,0.894986750807971,0.02757057300840904,6.33164540495071,0.05633587084718244,1.5963179649831454,-0.11140804989161124,7.554173429611919,0.1355865702595147
barcelona,link+k50d,1,0,20,119,64,0.8398992142386693,8.545502993307501,0.4235981388682538,0.7023603473892199,0.6712362338597271,0.8251106652166588,-0.12838696830915808,0.8002971495090906,0.8420665676168303,-0.026789406773170765,0.9099208111875259,0.8894113682662704,0.02839769019866123,6.630039458827428,0.059307365938088746,1.5963179649831454,-0.10931733457642268,7.599882654105163,0.12600190572277348
barcelona,link,2,0,20,76,75,0.8400324720082099,8.528645969618806,0.14880914924712638,0.6974129612327109,0.6712362338597271,0.824161012146369,-0.1321855805903166,0.8002971495090906,0.8435523151622835,-0.030879041769418025,0.9099208111875259,0.8904529232465881,0.030725871919371373,6.659205407280347,0.05848024874783648,1.5963179649831454,-0.11493945286573815,7.654420747327253,0.126730564430245
barcelona,link,2,0,10,76,75,0.8400324720082099,8.295948992227576,0.10656644184153818,0.671098380994685,0.5497265918176666,0.8358938226599476,-0.12912218358938227,0.70049167521865,0.834944169589658,-0.03299278570006281,0.8130868319879915,0.8582566207667682,0.03553540521083831,7.366306413548807,0.05391578721644441,1.5212854757403993,-0.12985998065847215,7.958632107552678,0.02337846746792427
barcelona,link_reg,2,0,20,76,75,0.8400324720082099,8.528645969618806,0.14880914924712638,0.6979796896778838,0.6712362338597271,0.8241303781763598,-0.1321243126502979,0.8002971495090906,0.8449155268276992,-0.026084825462955874,0.9099208111875259,0.9099361281725306,0.09006387182746944,7.610969166266134,0.27559851118905754,1.5963179649831454,-0.5790701176458655,7.583642355355167,0.1618182837284905
barcelona,link_reg,2,0,10,76,75,0.8400324720082099,8.295948992227576,0.10656644184153818,0.6257754223658615,0.5497265918176666,0.835924456629957,-0.12909154961937291,0.70049167521865,0.8345459279795365,-0.028367056228651988,0.8130868319879915,0.8135157075681223,0.18645365846186834,7.610425446467904,0.24259040850399005,1.5212854757403993,-0.5031880560932256,7.842030493665051,0.08600841827678884
barcelona,link+k10,2,0,20,76,75,0.8400324720082099,8.587891105570804,0.5103783767511002,0.684209720158684,0.6712362338597271,0.8254629558717662,-0.13220089757532127,0.8002971495090906,0.8455435232128907,-0.0320431326297731,0.9099208111875259,0.8910502856617704,0.029332026283946266,6.793431835101417,0.0582504939727664,1.5963179649831454,-0.08665161805214261,8.095019011952033,0.1169216972142817
barcelona,link+k10,2,1,20,76,75,0.8400324720082099,8.668897146427959,0.38442488804910996,0.6531621915542145,0.6712362338597271,0.823839355461271,-0.13278294300549887,0.8002971495090906,0.8420206166618163,-0.02726423330831551,0.9099208111875259,0.8915404291819198,0.028413007183665906,6.928341731020906,0.05730084090247676,1.5963179649831454,-0.11877619275859419,8.374474878783596,0.17056218821814917
barcelona,link+k10,2,2,20,76,75,0.8400324720082099,8.593215253176112,-0.4479415944147752,0.6911942653208143,0.6712362338597271,0.8318807725887236,-0.11169145465406594,0.8002971495090906,0.8456507421079235,0.0007198982952195676,0.9099208111875259,0.8906060930966349,0.029255441358922885,6.741211849183547,0.0582504939727664,1.5963179649831454,-0.07353037063214929,7.905836881892613,0.11613698783700466
barcelona,link+k10,2,3,20,76,75,0.8400324720082099,8.589218221770242,0.13013215279063636,0.6898310536553984,0.6712362338597271,0.8272397261323081,-0.12821848147410664,0.8002971495090906,0.8435369981772788,-0.021367194081516994,0.9099208111875259,0.8909890177217517,0.02914822246389015,6.919462793136001,0.057653131557584204,1.5963179649831454,-0.07820167423049829,8.028831682455523,0.09831287483885442
barcelona,link+k10,2,4,20,76,75,0.8400324720082099,8.675963548186225,-0.6604472301455,0.6815292477828664,0.6712362338597271,0.8290777643328687,-0.1159036255303506,0.8002971495090906,0.8431693905371667,0.0035382235360792436,0.9099208111875259,0.8911421875717984,0.02905632055386209,6.837435019822712,0.05811264110772436,1.5963179649831454,-0.09271675216656483,7.868820366074372,0.14416232273975682
barcelona,link+k10,2,5,20,76,75,0.8400324720082099,8.633817901624942,-0.4591785241783139,0.6720633510499793,0.6712362338597271,0.8282659641276211,-0.12161686093709312,0.8002971495090906,0.8449767947677179,-0.0043959746963406765,0.9099208111875259,0.8913259913918544,0.030005973624151805,6.783909340943625,0.05795947125767764,1.5963179649831454,-0.11267819034366666,8.046820227231258,0.1647329185583768
barcelona,link+k10,2,6,20,76,75,0.8400324720082099,8.575758885934324,0.09311027690972569,0.6948550247369308,0.6712362338597271,0.8256927106468362,-0.12801936066904596,0.8002971495090906,0.8443028474275124,-0.027402086173357598,0.9099208111875259,0.891065602646775,0.027907546678511808,6.735912152220996,0.05788288633265428,1.5963179649831454,-0.0890008401511222,7.697473382396374,0.12359172692113662
barcelona,link+k10,2,7,20,76,75,0.8400324720082099,8.561886147815114,-0.37257379037722277,0.6919141636160339,0.6712362338597271,0.8303797080582658,-0.11968692082650456,0.8002971495090906,0.8467688820132645,-0.011334568903456965,0.9099208111875259,0.8918314518970086,0.03045016618928731,6.69787199901037,0.05806669015271034,1.5963179649831454,-0.09469221300708663,7.711735477035631,0.13093436466565778
barcelona,link+k10,2,8,20,76,75,0.8400324720082099,8.762867519425397,1.7165458902522692,0.6964939421324307,0.6712362338597271,0.8160430100938931,-0.14995328319573575,0.8002971495090906,0.8378543967405456,-0.060195751068359615,0.9099208111875259,0.8908205308867002,0.024445908067455946,6.6336927849964145,0.057760350452616904,1.5963179649831454,-0.12978716110758493,7.80284286936414,0.12717896978868892
barcelona,link+k10,2,9,20,76,75,0.8400324720082099,8.72601809582296,1.1324659299533177,0.6734878306554138,0.6712362338597271,0.8153384287836782,-0.14569516136443705,0.8002971495090906,0.8396924349411062,-0.04515447179377208,0.9099208111875259,0.8897636589213779,0.025073904452647455,6.848333099759712,0.058036056182700996,1.5963179649831454,-0.11001223982329877,8.240824405058797,0.13732414102348534
barcelona,link+k10d,2,0,20,76,75,0.8400324720082099,8.574666047132647,0.5835709011627339,0.694472100111814,0.6712362338597271,0.8199947922250984,-0.13724018564185825,0.8002971495090906,0.8398609217761576,-0.029454562163983566,0.9099208111875259,0.8885536171060089,0.025579364957801665,6.828180926786166,0.05848024874783648,1.5963179649831454,-0.10849782486238069,7.739143966007803,0.12930889524129818
barcelona,link+k25,2,0,20,76,75,0.8400324720082099,8.624956178701185,-0.8712533213102543,0.6976273990227764,0.6712362338597271,0.8344233920994991,-0.11040482791367345,0.8002971495090906,0.8465697612082038,0.00200652503561205,0.9099208111875259,0.893072127682387,0.02982216980409569,6.6145603021000765,0.05690259929235529,1.5963179649831454,-0.0973007227230076,7.618295359649268,0.1480298189563365
barcelona,link+k25,2,1,20,76,75,0.8400324720082099,8.614357262347278,-0.8898257361436112,0.6986842709880987,0.6712362338597271,0.8358172377349242,-0.11008317122857536,0.8002971495090906,0.8484077994087644,0.0034156876560418326,0.9099208111875259,0.8929036408473356,0.027999448588539755,6.6524377702975395,0.057668448542588874,1.5963179649831454,-0.08682230376407651,7.597159518246302,0.13054200997701915
barcelona,link+k25,2,2,20,76,75,0.8400324720082099,8.553244381036677,-0.5448102065927282,0.6959425306722625,0.6712362338597271,0.8316816517836629,-0.1192120942913597,0.8002971495090906,0.8502764715793343,-0.006540352596994814,0.9099208111875259,0.8934244183374944,0.02585507068788573,6.574307814822177,0.05751527869254216,1.5963179649831454,-0.10585222559191076,7.655471089044223,0.15391513928591438
barcelona,link+k25,2,3,20,76,75,0.8400324720082099,8.554733600514936,-0.02196195710115334,0.6924043071361833,0.6712362338597271,0.8261981711519905,-0.12674805091365815,0.8002971495090906,0.8479789238286336,-0.013096022178994193,0.9099208111875259,0.892934274817345,0.02793818064852116,6.673734335088782,0.057454010752523474,1.5963179649831454,-0.09731367432322657,7.783718707371035,0.12762737514713307
barcelona,link+k25,2,4,20,76,75,0.8400324720082099,8.579458687900926,-0.48592042430713994,0.6824482668831467,0.6712362338597271,0.8313906290685742,-0.1194112150964205,0.8002971495090906,0.8473356104584374,-0.007275567877219058,0.9099208111875259,0.8927657879822936,0.03018977744420781,6.663124364322679,0.05713235406742537,1.5963179649831454,-0.11932260597961863,8.031528442481495,0.14270500532481356
barcelona,link+k25,2,5,20,76,75,0.8400324720082099,8.512441342182074,-0.13467752842988098,0.7056841331352337,0.6712362338597271,0.8317122857536723,-0.1217547138021352,0.8002971495090906,0.8480248747836476,-0.01323387504403628,0.9099208111875259,0.8933784673824804,0.02982216980409569,6.564682712877375,0.056580942607257184,1.5963179649831454,-0.0975829477936343,7.607467215979705,0.11916372400650177
barcelona,link+k25,2,6,20,76,75,0.8400324720082099,8.56165823828288,0.3966545572648835,0.7033865853845329,0.6712362338597271,0.8228284344509627,-0.13195582581524656,0.8002971495090906,0.8464625423131711,-0.026161410387979145,0.9099208111875259,0.8926432521022561,0.02706511250325483,6.5419856508762,0.056381821802196454,1.5963179649831454,-0.11542545593868292,7.684050130639179,0.12050894008183399
barcelona,link+k25,2,7,20,76,75,0.8400324720082099,8.576615908893126,-0.07688799610954125,0.6969534516825708,0.6712362338597271,0.8279749414125324,-0.12307197451253693,0.8002971495090906,0.8454209873328534,-0.01323387504403628,0.9099208111875259,0.8916935990319665,0.027371452203348245,6.673391647620221,0.056443089742215145,1.5963179649831454,-0.08815744552758553,7.609456788244479,0.1340171515049604
barcelona,link+k25,2,8,20,76,75,0.8400324720082099,8.536051050143191,0.38658840373965525,0.7029730267894068,0.6712362338597271,0.826872118492196,-0.13152695023511574,0.8002971495090906,0.846324689448129,-0.033804585905310325,0.9099208111875259,0.893164029592415,0.028167935423591195,6.538331026026804,0.05736210884249544,1.5963179649831454,-0.11829179543467339,7.4479945658385915,0.13564262092932
barcelona,link+k25,2,9,20,76,75,0.8400324720082099,8.616956172454259,0.4823164957467885,0.6681881538437974,0.6712362338597271,0.829858930568107,-0.12909154961937297,0.8002971495090906,0.8482699465437223,-0.02505858746764278,0.9099208111875259,0.8937154410525832,0.02832110527363796,6.696395134663055,0.05678006341231792,1.5963179649831454,-0.09614041680617946,8.277224749763121,0.12745922313771652
barcelona,link+k25d,2,0,20,76,75,0.8400324720082099,8.543680399253645,0.6297361200537166,0.699649241043393,0.6712362338597271,0.8207759584603367,-0.1375312083569471,0.8002971495090906,0.8414079372616294,-0.031093479559483495,0.9099208111875259,0.8893347833412472,0.027555256023404362,6.78343421768186,0.05848024874783648,1.5963179649831454,-0.10444432026626016,7.65396061806344,0.12179810548736048
barcelona,link+k50,2,0,20,76,75,0.8400324720082099,8.517668046002155,-0.45882979579952643,0.7114739534669996,0.6712362338597271,0.838957219660882,-0.11328442109455183,0.8002971495090906,0.8536462082803621,-0.006999862147134883,0.9099208111875259,0.8960436227732933,0.030373581264263927,6.397097274616027,0.054681636466677896,1.5963179649831454,-0.08939124735710169,7.463547448963572,0.11518412645031106
barcelona,link+k50,2,1,20,76,75,0.8400324720082099,8.514073129776799,-0.03326022565120768,0.706741005100556,0.6712362338597271,0.8333052521941581,-0.12181598174215391,0.8002971495090906,0.8496791091641521,-0.017430728935316275,0.9099208111875259,0.8939451958276533,0.027080429488259505,6.446467713242475,0.056672844517285215,1.5963179649831454,-0.10607438297250638,7.2898730177916065,0.1401827251835659
barcelona,link+k50,2,2,20,76,75,0.8400324720082099,8.521534930554045,0.2562813078257848,0.7086709452111446,0.6712362338597271,0.8298895645381164,-0.1296429610795411,0.8002971495090906,0.850199886654311,-0.032472008209903924,0.9099208111875259,0.8960283057882886,0.027049795518250153,6.334414239099104,0.05586104431203762,1.5963179649831454,-0.12046737477806135,7.291905698485941,0.13519421557087608
barcelona,link+k50,2,3,20,76,75,0.8400324720082099,8.502688301973052,0.09524893624700462,0.7110910288418828,0.6712362338597271,0.8335043729992189,-0.12394504265780326,0.8002971495090906,0.8524974344050117,-0.020769831666334726,0.9099208111875259,0.896288694533368,0.029883437744114394,6.404978161618027,0.0544671986766125,1.5963179649831454,-0.09184540260920171,7.370365341027201,0.11832296395941921
barcelona,link+k50,2,4,20,76,75,0.8400324720082099,8.513995644983995,0.1833785309645117,0.7119947309571584,0.6712362338597271,0.8309617534884434,-0.12682463583868153,0.8002971495090906,0.8509197849495306,-0.03190527976473112,0.9099208111875259,0.895170554628027,0.02876529783877335,6.302532252879015,0.05503392712178535,1.5963179649831454,-0.11462325990326061,7.41734729568817,0.1340171515049604
barcelona,link+k50,2,5,20,76,75,0.8400324720082099,8.510326797144272,0.3082802476277164,0.7128218481474107,0.6712362338597271,0.8319267235437376,-0.12536952226323772,0.8002971495090906,0.850613445249437,-0.029975339654142452,0.9099208111875259,0.8944506563328074,0.028290471303628606,6.368116596725171,0.05612143305711704,1.5963179649831454,-0.11392455620285169,7.32047039213283,0.12852418586402115
barcelona,link+k50,2,6,20,76,75,0.8400324720082099,8.513024771635639,0.43850775061009933,0.7109531759768407,0.6712362338597271,0.8309617534884434,-0.1295204251995038,0.8002971495090906,0.850429641429381,-0.031139430514497524,0.9099208111875259,0.8953849924180924,0.02815261843858652,6.432739387530369,0.05504924410679002,1.5963179649831454,-0.10230296897229652,7.4133194058162335,0.11770640659155873
barcelona,link+k50,2,7,20,76,75,0.8400324720082099,8.532077201963837,0.09326085185533617,0.7090538698362614,0.6712362338597271,0.8359857245699757,-0.11861473187617755,0.8002971495090906,0.8529875779251612,-0.01724692511526027,0.9099208111875259,0.8955687962381484,0.028673395928745404,6.523300743996494,0.05541685174690214,1.5963179649831454,-0.07204521405545727,7.447738926522677,0.11613698783700466
barcelona,link+k50,2,8,20,76,75,0.8400324720082099,8.536525926632178,0.385873466179406,0.7103864475316679,0.6712362338597271,0.8339945165193683,-0.12584434879838258,0.8002971495090906,0.8529416269701472,-0.0256865838528344,0.9099208111875259,0.8962274265933494,0.028076033513563137,6.359858496856223,0.05472758742169191,1.5963179649831454,-0.10206215330810231,7.294603050364966,0.11882741998766888
barcelona,link+k50,2,9,20,76,75,0.8400324720082099,8.545414034297172,-0.18889298630694956,0.7106008853217333,0.6712362338597271,0.8325700369139338,-0.12432796728292006,0.8002971495090906,0.851318026559652,-0.01879394060073214,0.9099208111875259,0.8954922113131252,0.02798413160353508,6.34486730943159,0.055585338581953525,1.5963179649831454,-0.10836828646752439,7.327458183216207,0.1304299086374081
barcelona,link+k50d,2,0,20,76,75,0.8400324720082099,8.523297164613123,0.2921243862980762,0.7058679369552897,0.6712362338597271,0.8245745707414952,-0.12892306278432153,0.8002971495090906,0.8428783678220779,-0.021014903426409548,0.9099208111875259,0.8898096098763919,0.029132905478885474,6.6584169768702335,0.058434297792822464,1.5963179649831454,-0.1049409582756693,7.464697911331788,0.1264503110812174
barcelona,link,3,0,20,85,56,0.840311241135295,8.510913091687286,0.19938260393479473,0.6970606705776035,0.6712362338597271,0.8243907669214392,-0.13342625637569505,0.8002971495090906,0.8419746657068022,-0.030128509504189105,0.9099208111875259,0.8877418169007613,0.02776969381346972,6.700447049484319,0.061788717508845556,1.5963179649831454,-0.11619587795714192,7.870047680931822,0.11630513984642121
barcelona,link,3,0,10,85,56,0.840311241135295,8.27486755159352,0.19986311565457965,0.6725228606001195,0.5497265918176666,0.8349135356196487,-0.13016373856969993,0.70049167521865,0.8332899352091534,-0.032717079969978746,0.8130868319879915,0.8566483373412778,0.03365141605526367,7.3673663272730465,0.05537090079188814,1.5212854757403993,-0.13142536333992072,8.169385551157674,0.018357928901059806
barcelona,link_reg,3,0,20,85,56,0.840311241135295,8.510913091687286,0.19938260393479473,0.6989140257631687,0.6712362338597271,0.8243754499364345,-0.13331903748066232,0.8002971495090906,0.843154073552162,-0.025793802747867023,0.9099208111875259,0.9098289092774978,0.08998728690244606,7.710541419579076,0.2793664895002068,1.5963179649831454,-0.5870378218466061,7.962028795356739,0.14236870130598067
barcelona,link_reg,3,0,10,85,56,0.840311241135295,8.27486755159352,0.19986311565457965,0.6277666304164689,0.5497265918176666,0.834990120544672,-0.13008715364467655,0.70049167521865,0.832799791689004,-0.028489592108689288,0.8130868319879915,0.8142202888783372,0.1857184431816441,7.653510972566201,0.24527088087980764,1.5212854757403993,-0.507762098152827,8.061306634854972,0.06922257720979763
barcelona,link+k10,3,0,20,85,56,0.840311241135295,8.593463366048384,0.6334321268839184,0.6846539127238195,0.6712362338597271,0.8223995588708318,-0.13652028734663868,0.8002971495090906,0.8427405149570358,-0.03499931073567475,0.9099208111875259,0.8882472774059155,0.02631458023802591,6.840035855421865,0.061574279718780156,1.5963179649831454,-0.088668681605659,8.185330280400075,0.11058797152625965
barcelona,link+k10,3,1,20,85,56,0.840311241135295,8.669461917473837,0.37652240156428435,0.6551380826198171,0.6712362338597271,0.823793404506257,-0.13328840351065296,0.8002971495090906,0.8407493069064286,-0.029423928193974214,0.9099208111875259,0.888921224746121,0.025211757317689543,6.971355795076778,0.06054804172346715,1.5963179649831454,-0.12008914253378045,8.534828164743757,0.15946415559665938
barcelona,link+k10,3,2,20,85,56,0.840311241135295,8.583049233617578,-0.5104875266195293,0.6920366994960712,0.6712362338597271,0.8331673993291161,-0.11052736379371086,0.8002971495090906,0.846416591358157,-0.0006892643252102149,0.9099208111875259,0.8887833718810789,0.02731018426332954,6.778303230774433,0.061390475898724095,1.5963179649831454,-0.06938622856799448,8.037640644611889,0.1103637688470378
barcelona,link+k10,3,3,20,85,56,0.840311241135295,8.592106349954289,-0.14322236359326934,0.6887435477200667,0.6712362338597271,0.8274388469373688,-0.12667146598863488,0.8002971495090906,0.8438127039073628,-0.016527026820040702,0.9099208111875259,0.888829322836093,0.027325501248334216,7.005997684715338,0.06091564936357927,1.5963179649831454,-0.06938073653890742,8.167702358720693,0.09444537862227453
barcelona,link+k10,3,4,20,85,56,0.840311241135295,8.662982967053384,-0.4934751963468044,0.6803957908925207,0.6712362338597271,0.8270865562822614,-0.12034555118170542,0.8002971495090906,0.8438586548623769,-0.003951782131205284,0.9099208111875259,0.8884157642409668,0.026115459432965227,6.874504615068655,0.06142110986873344,1.5963179649831454,-0.09408116335838401,7.948241461330427,0.14354576537189612
barcelona,link+k10,3,5,20,85,56,0.840311241135295,8.626872025744012,-0.31823839280270827,0.6733652947753764,0.6712362338597271,0.82878674161778,-0.1230872914975416,0.8002971495090906,0.8437667529523488,-0.008945119242728228,0.9099208111875259,0.8889518587161304,0.027049795518250153,6.818193577986276,0.06125262303368205,1.5963179649831454,-0.11411844175031316,8.12499357365797,0.15795078751191083
barcelona,link+k10,3,6,20,85,56,0.840311241135295,8.570509766715297,0.029180970915343947,0.693583714981543,0.6712362338597271,0.8256773936618316,-0.12751390016389175,0.8002971495090906,0.8451299646177647,-0.023940447562301848,0.9099208111875259,0.8885842510760182,0.02564063289782037,6.778736987262781,0.061084136198630665,1.5963179649831454,-0.08477296231007392,7.841665089709807,0.12701081777927237
barcelona,link+k10,3,7,20,85,56,0.840311241135295,8.566148676050386,-0.4768163053994711,0.6913321181858563,0.6712362338597271,0.8315591159036255,-0.11780293167092992,0.8002971495090906,0.8460489837180449,-0.00822522094750866,0.9099208111875259,0.8892735154012285,0.027340818233338893,6.761366639307337,0.061405792883728764,1.5963179649831454,-0.08948465086085,7.809875335233054,0.12981335126954763
barcelona,link+k10,3,8,20,85,56,0.840311241135295,8.736105840002732,1.6036909644890232,0.6948550247369308,0.6712362338597271,0.8156907194387857,-0.15015240400079655,0.8002971495090906,0.8379922496055876,-0.055983580192074944,0.9099208111875259,0.8881860094658968,0.02230153016680192,6.708722274199838,0.06097691730359796,1.5963179649831454,-0.12292912752753371,7.882832646446875,0.12011658539319536
barcelona,link+k10,3,9,20,85,56,0.840311241135295,8.72529978044235,1.1197773497237846,0.6737482194004932,0.6712362338597271,0.8142356058633419,-0.14587896518449317,0.8002971495090906,0.8386661969457931,-0.04510852083875805,0.9099208111875259,0.887052552575551,0.022332164136811272,6.891884647371323,0.06132920795870541,1.5963179649831454,-0.10878086246252039,8.268320813349137,0.13810885040076237
barcelona,link+k10d,3,0,20,85,56,0.840311241135295,8.576784992875124,0.3846961798574186,0.6930629374913841,0.6712362338597271,0.8209750792653974,-0.1360760947815033,0.8002971495090906,0.8396924349411062,-0.027448037128371627,0.9099208111875259,0.8861948014152894,0.02230153016680192,6.858764871763554,0.061788717508845556,1.5963179649831454,-0.1107195770251066,7.87546592930838,0.13519421557087608
barcelona,link+k25,3,0,20,85,56,0.840311241135295,8.621349752598904,-0.8625038974476691,0.6970913045476128,0.6712362338597271,0.8344080751144944,-0.11078775253879025,0.8002971495090906,0.8471518066383813,0.0009956040253037424,0.9099208111875259,0.8906367270666442,0.026743455818156736,6.6559455770505345,0.060302969963392405,1.5963179649831454,-0.09656318166100153,7.775461204411664,0.139846421164733
barcelona,link+k25,3,1,20,85,56,0.840311241135295,8.602327070170434,-0.8315405640982519,0.6973057423376783,0.6712362338597271,0.8352811432597608,-0.11159955274403788,0.8002971495090906,0.8486681881538438,-0.00015316985004665273,0.9099208111875259,0.8903916553065695,0.02505858746764289,6.701760706958744,0.06105350222862132,1.5963179649831454,-0.08806097687255354,7.738096441195932,0.12919679390168715
barcelona,link+k25,3,2,20,85,56,0.840311241135295,8.55151994309207,-0.5105924094412094,0.6943495642317766,0.6712362338597271,0.8323096481688544,-0.11925804524637373,0.8002971495090906,0.8498935469542175,-0.007719760442354451,0.9099208111875259,0.8909124327967283,0.023036745447026163,6.62267022945674,0.06086969840856526,1.5963179649831454,-0.10113613032124324,7.7404563527576675,0.15015974440894575
barcelona,link+k25,3,3,20,85,56,0.840311241135295,8.558462735400319,-0.07754904323068232,0.6913014842158469,0.6712362338597271,0.825983733361925,-0.1260128356334339,0.8002971495090906,0.8464319083431617,-0.012958169313952217,0.9099208111875259,0.890789896916691,0.02573253480784843,6.732233336700853,0.06053272473846248,1.5963179649831454,-0.09382969636352767,7.918731199813935,0.11585673448797706
barcelona,link+k25,3,4,20,85,56,0.840311241135295,8.561684241635636,-0.33691150428834604,0.6837655275935485,0.6712362338597271,0.8303950250432705,-0.12264309893240621,0.8002971495090906,0.8455894741679048,-0.011380519858470994,0.9099208111875259,0.8906060930966349,0.027202965368296916,6.672808270128754,0.060226385038369044,1.5963179649831454,-0.12089157648641646,8.040136000894424,0.13384899949554407
barcelona,link+k25,3,5,20,85,56,0.840311241135295,8.506245998294695,-0.07714847890388843,0.7049795518250188,0.6712362338597271,0.8303797080582658,-0.12492532969810222,0.8002971495090906,0.8474121953834607,-0.015715226614793076,0.9099208111875259,0.8906214100816395,0.026666870893133354,6.60120649419669,0.059996630263298975,1.5963179649831454,-0.10092037112663133,7.6776237152924,0.11893952132727992
barcelona,link+k25,3,6,20,85,56,0.840311241135295,8.558311781860537,0.42618281634520716,0.7034938042795656,0.6712362338597271,0.8216796605756123,-0.13488136995113886,0.8002971495090906,0.8454209873328534,-0.027999448588539755,0.9099208111875259,0.8901925345015087,0.024001715502320442,6.576811113515998,0.05947585277314014,1.5963179649831454,-0.11724589170665545,7.685861350774557,0.12751527380752203
barcelona,link+k25,3,7,20,85,56,0.840311241135295,8.5774162921472,-0.10915979761775323,0.6946865379018794,0.6712362338597271,0.8284650849326819,-0.12282690275246222,0.8002971495090906,0.8445326022025824,-0.01357084871413905,0.9099208111875259,0.8895032701762985,0.02564063289782037,6.729443153589443,0.0597668754882289,1.5963179649831454,-0.08659295859124749,7.735523626732292,0.13171907404293481
barcelona,link+k25,3,8,20,85,56,0.840311241135295,8.537651737927055,0.41179998961862413,0.7015332301989676,0.6712362338597271,0.8274388469373688,-0.13209367868028865,0.8002971495090906,0.8448083079326665,-0.033973072740361765,0.9099208111875259,0.8906214100816395,0.02547214606276893,6.606390772185416,0.060486773783448466,1.5963179649831454,-0.1162546978492287,7.637317940240958,0.12415223361919181
barcelona,link+k25,3,9,20,85,56,0.840311241135295,8.60302554862953,0.40526344360059985,0.668954003094031,0.6712362338597271,0.8304256590132798,-0.12852482117420005,0.8002971495090906,0.847259025533414,-0.021903288556680445,0.9099208111875259,0.8912647234518357,0.02559468194280634,6.727918908475528,0.05995067930828496,1.5963179649831454,-0.094529187897056,8.480784306699825,0.12106944677988896
barcelona,link+k25d,3,0,20,85,56,0.840311241135295,8.51731346601822,0.2627012692227034,0.6972138404276502,0.6712362338597271,0.8214499058005422,-0.13232343345535869,0.8002971495090906,0.8413926202766248,-0.020907684531376813,0.9099208111875259,0.8868840657404996,0.02534961018273163,6.831746289106953,0.061788717508845556,1.5963179649831454,-0.10182117453574246,7.8348067009859825,0.11978028137436247
barcelona,link+k50,3,0,20,85,56,0.840311241135295,8.506766734095306,-0.3971645189284126,0.7127299462373826,0.6712362338597271,0.8389878536308913,-0.11438724401488809,0.8002971495090906,0.852528068375021,-0.008363073812550748,0.9099208111875259,0.8936694900975692,0.027172331398287564,6.432220654318077,0.05805137316770567,1.5963179649831454,-0.09040453290855899,7.5208850581121265,0.10672047530967999
barcelona,link+k50,3,1,20,85,56,0.840311241135295,8.504554278810389,-0.0035224311019067013,0.7071851976656914,0.6712362338597271,0.8329223275690413,-0.12259714797739218,0.8002971495090906,0.8489285768989232,-0.0181199932605266,0.9099208111875259,0.8920765236570833,0.02496668555761483,6.474310165215735,0.059812826443242914,1.5963179649831454,-0.10594022146211612,7.4653091811187835,0.1309904153354633
barcelona,link+k50,3,2,20,85,56,0.840311241135295,8.518316008088561,0.2212337775219164,0.7089006999862147,0.6712362338597271,0.828970545437836,-0.13031690841974664,0.8002971495090906,0.8492502335840213,-0.03081777382939943,0.9099208111875259,0.8938686109026299,0.024522492992479328,6.382737916377431,0.059016343222999985,1.5963179649831454,-0.11827404807296182,7.395287690872767,0.13317639145787785
barcelona,link+k50,3,3,20,85,56,0.840311241135295,8.495987379448652,0.04737500718366376,0.710891908036822,0.6712362338597271,0.8334584220442048,-0.12307197451253693,0.8002971495090906,0.8526659212400631,-0.018640770750685376,0.9099208111875259,0.893914561857644,0.027202965368296916,6.456482297385432,0.05757654663256084,1.5963179649831454,-0.09073115742161786,7.503525577405648,0.11159688358275877
barcelona,link+k50,3,4,20,85,56,0.840311241135295,8.510429704959213,0.22968938906215042,0.7114433194969902,0.6712362338597271,0.8300580513731677,-0.12895369675433088,0.8002971495090906,0.8489132599139185,-0.03336039334017493,0.9099208111875259,0.8928576898923216,0.026207361342993174,6.331608132904333,0.058235176987761726,1.5963179649831454,-0.11591302899176559,7.495690936476383,0.12499299366627437
barcelona,link+k50,3,5,20,85,56,0.840311241135295,8.501813025923981,0.16264777889557797,0.7127146292523779,0.6712362338597271,0.8323096481688544,-0.12314855943756031,0.8002971495090906,0.8499088639392222,-0.025655949882825047,0.9099208111875259,0.8919233538070366,0.025916338627904434,6.421796726755468,0.059230781013065385,1.5963179649831454,-0.1085876056802011,7.469915814959179,0.12095734544027792
barcelona,link+k50,3,6,20,85,56,0.840311241135295,8.50336269213055,0.39681734850580824,0.7083952394810605,0.6712362338597271,0.8304103420282751,-0.1302862744497374,0.8002971495090906,0.8500007658492502,-0.029760901864076983,0.9099208111875259,0.8932406145174384,0.025916338627904434,6.486451899249381,0.05820454301775239,1.5963179649831454,-0.10155516394546704,7.548176930072982,0.11008351549801021
barcelona,link+k50,3,7,20,85,56,0.840311241135295,8.528197433007625,0.03236211845125741,0.7049948688100235,0.6712362338597271,0.8362614303000597,-0.11827775820607478,0.8002971495090906,0.8522217286749276,-0.015562056764746424,0.9099208111875259,0.8934397353224991,0.026666870893133354,6.582872358508059,0.058127958092729026,1.5963179649831454,-0.06841256488394976,7.673281112667475,0.11058797152625965
barcelona,link+k50,3,8,20,85,56,0.840311241135295,8.529172693860144,0.3758292628870909,0.7091610887312941,0.6712362338597271,0.833871980639331,-0.12523166939819574,0.8002971495090906,0.8518847550048249,-0.02472161379754001,0.9099208111875259,0.8939451958276533,0.025242391287698895,6.420089844930506,0.057944154272672965,1.5963179649831454,-0.10026234187902872,7.525826180051009,0.11467967042206162
barcelona,link+k50,3,9,20,85,56,0.840311241135295,8.541668652880043,-0.14289470663088535,0.7111216628118922,0.6712362338597271,0.8316050668586396,-0.12664083201862553,0.8002971495090906,0.851226124649624,-0.019682325731003036,0.9099208111875259,0.8931333956224057,0.025257708272703572,6.38089298358929,0.058847856387948594,1.5963179649831454,-0.11040458428881794,7.493840006943637,0.12398408160977525
barcelona,link+k50d,3,0,20,85,56,0.840311241135295,8.508584534389149,0.10955009020501462,0.7038614119196778,0.6712362338597271,0.8256008087368083,-0.12700843965873765,0.8002971495090906,0.8427098809870265,-0.016986536370180882,0.9099208111875259,0.8874967451406865,0.02660560295311465,6.7147261661969635,0.061788717508845556,1.5963179649831454,-0.10356021667309401,7.699042968230076,0.11434336640322851
barcelona,link,4,0,20,123,63,0.8396732887098504,8.556803778895729,0.16985363151526114,0.6981634934979398,0.6712362338597271,0.8236708686262196,-0.13387044894083056,0.8002971495090906,0.8445785531575964,-0.030251045384226516,0.9099208111875259,0.8896258060563359,0.02989875472911907,6.673244172185859,0.05956775468316817,1.5963179649831454,-0.10742547453081763,7.737223758846923,0.11983633204416799
barcelona,link,4,0,10,123,63,0.8396732887098504,8.331340056670632,0.13560930423867995,0.6701027769693814,0.5497265918176666,0.8346225129045599,-0.1303322254047513,0.70049167521865,0.8350973394397047,-0.03222693644982921,0.8130868319879915,0.8580881339317169,0.034386631335487916,7.366930833502763,0.05452846661663119,1.5212854757403993,-0.12448635392714946,8.147342681193738,0.007505451594908452
barcelona,link_reg,4,0,20,123,63,0.8396732887098504,8.556803778895729,0.16985363151526114,0.6983779312880053,0.6712362338597271,0.8236402346562103,-0.1337785470308025,0.8002971495090906,0.8457732779879609,-0.02602355752293717,0.9099208111875259,0.9098442262625025,0.08994133594743203,7.639803858751857,0.27735996446459477,1.5963179649831454,-0.5751297312216102,7.633739820341448,0.15895969956840994
barcelona,link_reg,4,0,10,123,63,0.8396732887098504,8.331340056670632,0.13560930423867995,0.6267097584511465,0.5497265918176666,0.8346378298895646,-0.13025564047972793,0.70049167521865,0.8344999770245225,-0.028198569393600548,0.8130868319879915,0.8153690627536876,0.1845084013662751,7.639177457105019,0.24378513333435448,1.5212854757403993,-0.5036955186681753,8.043305343795733,0.08352350524874486
barcelona,link+k10,4,0,20,123,63,0.8396732887098504,8.625636986078678,0.7041135113335149,0.6858486375541838,0.6712362338597271,0.8231654081210654,-0.13550936633633037,0.8002971495090906,0.844272213457503,-0.037695100096497014,0.9099208111875259,0.8901465835464947,0.028428324168670582,6.803916667432985,0.05933799990809809,1.5963179649831454,-0.08086663053075682,8.066844088722604,0.11910767333669647
barcelona,link+k10,4,1,20,123,63,0.8396732887098504,8.661728546580706,0.20697594420021678,0.6544335013096022,0.6712362338597271,0.824957495366612,-0.1302250065097187,0.8002971495090906,0.8424954431969611,-0.023787277712255084,0.9099208111875259,0.8906214100816395,0.027739059843460367,6.965209702394944,0.0584649317628318,1.5963179649831454,-0.09641771426726242,8.478563996681943,0.1614259290398521
barcelona,link+k10,4,2,20,123,63,0.8396732887098504,8.634727449923288,-0.6948325828462866,0.6927106468362767,0.6712362338597271,0.8343927581294898,-0.10559529462220663,0.8002971495090906,0.8469067348783066,0.0059889411368266865,0.9099208111875259,0.8904069722915742,0.029577098044020977,6.767606262261111,0.059307365938088746,1.5963179649831454,-0.05329022979159714,7.971768970986819,0.1172580012331148
barcelona,link+k10,4,3,20,123,63,0.8396732887098504,8.619671106462437,0.14973321149704721,0.6882074532449033,0.6712362338597271,0.8257692955718596,-0.1308530028949102,0.8002971495090906,0.8443947493375404,-0.02296016052200278,0.9099208111875259,0.890177217516504,0.029041003568857526,6.965659902731351,0.058740637492915894,1.5963179649831454,-0.06688355904349641,8.108578704714834,0.09904153354632594
barcelona,link+k10,4,4,20,123,63,0.8396732887098504,8.725903817730549,-0.8567996128670238,0.678144194096834,0.6712362338597271,0.828924594482822,-0.11265642470936021,0.8002971495090906,0.8433378773722181,0.0083937077825601,0.9099208111875259,0.8903457043515555,0.029086954523871444,6.89945093525056,0.05915419608804203,1.5963179649831454,-0.0718116071478474,8.001874863061754,0.14354576537189612
barcelona,link+k10,4,5,20,123,63,0.8396732887098504,8.633302197958745,-0.14446607355001803,0.6754330877510071,0.6712362338597271,0.8255854917518036,-0.12720756046379833,0.8002971495090906,0.8443641153675311,-0.01248334277880736,0.9099208111875259,0.89013126656149,0.028076033513563137,6.76812449582818,0.05887849035795794,1.5963179649831454,-0.1075348909153595,8.087476504002046,0.15901575023821524
barcelona,link+k10,4,6,20,123,63,0.8396732887098504,8.605179885421009,-0.061443679294964644,0.6952532663470522,0.6712362338597271,0.8260603182869484,-0.1262119564384947,0.8002971495090906,0.8454975722578768,-0.020907684531376813,0.9099208111875259,0.8902384854565227,0.02815261843858652,6.75664886367669,0.05886317337295327,1.5963179649831454,-0.07378854214484187,7.835645892767233,0.13211142873157344
barcelona,link+k10,4,7,20,123,63,0.8396732887098504,8.598283615781126,-0.49582351897114935,0.6930629374913841,0.6712362338597271,0.8319420405287423,-0.11668479176558888,0.8002971495090906,0.8460643007030496,-0.004686997411429528,0.9099208111875259,0.8909890177217517,0.029332026283946266,6.749158959960324,0.059123562118032685,1.5963179649831454,-0.07391444445363371,7.776713162826914,0.12684266576985603
barcelona,link+k10,4,8,20,123,63,0.8396732887098504,8.78053795846323,1.6033809704555226,0.6957740438372111,0.6712362338597271,0.8158285723038277,-0.14924870188552086,0.8002971495090906,0.8396618009710969,-0.05584572732703286,0.9099208111875259,0.8903916553065695,0.024323372187418646,6.64397135095056,0.058633418597883194,1.5963179649831454,-0.11647134095716893,7.87380607706349,0.12998150327896418
barcelona,link+k10,4,9,20,123,63,0.8396732887098504,8.749562756140032,1.1864000855804087,0.6775621486666564,0.6712362338597271,0.8146797984284774,-0.1452203348292922,0.8002971495090906,0.840075359566223,-0.04728353270942143,0.9099208111875259,0.8893041493712378,0.024277421232404617,6.842946796357547,0.059092928148023346,1.5963179649831454,-0.0979976274320069,8.112260093209056,0.14113558657025949
barcelona,link+k10d,4,0,20,123,63,0.8396732887098504,8.593666227106814,0.6152581356383947,0.6898310536553984,0.6712362338597271,0.8212814189654908,-0.1358003890514191,0.8002971495090906,0.8408871597714705,-0.030970943679446084,0.9099208111875259,0.8880022056458406,0.025364927167736306,6.85896551691186,0.05956775468316817,1.5963179649831454,-0.09474826518737789,8.013037811817068,0.1271229191188834
barcelona,link+k25,4,0,20,123,63,0.8396732887098504,8.680473801906121,-1.0273486399847505,0.6956055570021596,0.6712362338597271,0.8342242712944384,-0.10876591051817364,0.8002971495090906,0.8478104369935822,0.005269042841607119,0.9099208111875259,0.8925666671772329,0.029377977238960296,6.634498337027778,0.057852252362644935,1.5963179649831454,-0.08366608530455899,7.639170165567149,0.1552603553612466
barcelona,link+k25,4,1,20,123,63,0.8396732887098504,8.630214738682627,-0.8612148062372904,0.6979796896778838,0.6712362338597271,0.8351126564247093,-0.11011380519858471,0.8002971495090906,0.848285263528727,0.0035382235360792436,0.9099208111875259,0.8916629650619572,0.02672813883315206,6.697891420354566,0.058817222417939255,1.5963179649831454,-0.07059420865589727,7.634182922064465,0.12886048988285403
barcelona,link+k25,4,2,20,123,63,0.8396732887098504,8.582617361052545,-0.5928476717249543,0.6953451682570803,0.6712362338597271,0.8325700369139338,-0.11853814695115417,0.8002971495090906,0.8506900301744604,-0.005360944751635066,0.9099208111875259,0.8929036408473356,0.025916338627904434,6.589423864119872,0.058526199702850494,1.5963179649831454,-0.0915704655621492,7.657368157018117,0.15324253124824838
barcelona,link+k25,4,3,20,123,63,0.8396732887098504,8.57647410153029,0.003109169092082655,0.6912402162758282,0.6712362338597271,0.8248502764715794,-0.1272994623738264,0.8002971495090906,0.8468914178933019,-0.014520501784428763,0.9099208111875259,0.8923522293871674,0.02772374285845569,6.7147634022232445,0.058541516687855163,1.5963179649831454,-0.08242789023434938,7.855850558818197,0.11630513984642121
barcelona,link+k25,4,4,20,123,63,0.8396732887098504,8.609490439683222,-0.4984089519387219,0.6832753840733989,0.6712362338597271,0.8314059460535788,-0.12019238133165866,0.8002971495090906,0.848239312573713,-0.007168348982186323,0.9099208111875259,0.892321595417158,0.029623048999035007,6.654549224377614,0.057836935377640265,1.5963179649831454,-0.10634500217104126,8.00776472306675,0.1424808026455917
barcelona,link+k25,4,5,20,123,63,0.8396732887098504,8.543220971696032,-0.1695710414082495,0.7015485471839723,0.6712362338597271,0.8316510178136536,-0.12144837410204179,0.8002971495090906,0.8480708257386615,-0.011748127498583116,0.9099208111875259,0.8925973011472422,0.029377977238960296,6.611927631547989,0.05789820331765895,1.5963179649831454,-0.08095951184313743,7.816684442047389,0.12521719634549622
barcelona,link+k25,4,6,20,123,63,0.8396732887098504,8.592056978770536,0.5226958807159097,0.7030649286994348,0.6712362338597271,0.8213120529355001,-0.1356165852313631,0.8002971495090906,0.8472283915634047,-0.030725871919371373,0.9099208111875259,0.8914178933018825,0.025992923552927816,6.556739735791119,0.05749996170753749,1.5963179649831454,-0.1071107982236792,7.700862127265471,0.1208452441006671
barcelona,link+k25,4,7,20,123,63,0.8396732887098504,8.607572523311557,-0.01750472681641484,0.6940432245316832,0.6712362338597271,0.8266729976871353,-0.12526230336820499,0.8002971495090906,0.8451299646177647,-0.014750256559498798,0.9099208111875259,0.8910043347067563,0.02781564476848375,6.69385381565571,0.05746932773752814,1.5963179649831454,-0.07830625691474302,7.738900906498124,0.13536236758029263
barcelona,link+k25,4,8,20,123,63,0.8396732887098504,8.559459832006892,0.403190079329009,0.7001853355185566,0.6712362338597271,0.8278370885474903,-0.131419731340083,0.8002971495090906,0.8475959992035168,-0.03265581202995993,0.9099208111875259,0.8920765236570833,0.0270191615482408,6.60254528471083,0.05855683367285983,1.5963179649831454,-0.10325629260735347,7.651928309501555,0.13155092203351826
barcelona,link+k25,4,9,20,123,63,0.8396732887098504,8.624364580726102,0.3470020554057922,0.6690305880190544,0.6712362338597271,0.8305481948933172,-0.12800404368404128,0.8002971495090906,0.8495106223291008,-0.020386907041217928,0.9099208111875259,0.8929802257723589,0.02776969381346972,6.700611669212271,0.057729716482607565,1.5963179649831454,-0.08151847818112756,8.325499605755558,0.12981335126954763
barcelona,link+k25d,4,0,20,123,63,0.8396732887098504,8.550890777237337,0.4566369200302176,0.6980715915879119,0.6712362338597271,0.8230275552560234,-0.13236938441037271,0.8002971495090906,0.8426945640020218,-0.025273025257708248,0.9099208111875259,0.8886148850460276,0.027662474918436986,6.776387598872658,0.05956775468316817,1.5963179649831454,-0.0930547788526026,7.752870135884013,0.1215178521383331
barcelona,link+k50,4,0,20,123,63,0.8396732887098504,8.540214334253402,-0.49384896737330364,0.7103864475316679,0.6712362338597271,0.840121310521237,-0.11175272259408464,0.8002971495090906,0.8538453290854229,-0.005606016511709777,0.9099208111875259,0.895216505583041,0.029423928193974214,6.4229304699986836,0.05607548210210302,1.5963179649831454,-0.07521429130276269,7.523987267304177,0.11518412645031106
barcelona,link+k50,4,1,20,123,63,0.8396732887098504,8.539151324922383,-0.009541864931743253,0.7061130087153644,0.6712362338597271,0.8347144148145879,-0.12052935500176154,0.8002971495090906,0.850429641429381,-0.01787492150045178,0.9099208111875259,0.893026176727373,0.026620919938119325,6.478331635360395,0.05769908251259822,1.5963179649831454,-0.09259889024535117,7.350566233397164,0.13732414102348534
barcelona,link+k50,4,2,20,123,63,0.8396732887098504,8.547609940244893,0.21021573193275103,0.7103711305466632,0.6712362338597271,0.8298436135831023,-0.1298420818846019,0.8002971495090906,0.8510729547995772,-0.028749980853768675,0.9099208111875259,0.8955994302081578,0.02689662566820339,6.362007251870938,0.05704045215739734,1.5963179649831454,-0.10576004834970232,7.329581353047889,0.1326158847598229
barcelona,link+k50,4,3,20,123,63,0.8396732887098504,8.527796832365784,0.0425874169015022,0.7094214774763735,0.6712362338597271,0.8331061313890974,-0.12363870295770985,0.8002971495090906,0.8532173327002313,-0.018947110450778792,0.9099208111875259,0.8952930905080644,0.029041003568857526,6.463719684543559,0.05569255747698623,1.5963179649831454,-0.07664797027909942,7.512191544371146,0.11731405190292032
barcelona,link+k50,4,4,20,123,63,0.8396732887098504,8.541969428715918,0.30198359587987494,0.7111369797968968,0.6712362338597271,0.8302571721782285,-0.12829506639913002,0.8002971495090906,0.8512108076646193,-0.03388117083033371,0.9099208111875259,0.8947416790478963,0.028673395928745404,6.3169410279467515,0.056259285922159084,1.5963179649831454,-0.10425561712586529,7.483408492098141,0.13222353007118426
barcelona,link+k50,4,5,20,123,63,0.8396732887098504,8.531419948954863,0.23656404180175072,0.7119794139721537,0.6712362338597271,0.8321564783188077,-0.12348553310766308,0.8002971495090906,0.8516090492747408,-0.02769310888844634,0.9099208111875259,0.8938073429626112,0.028137301453581842,6.403348055033097,0.05691791627735997,1.5963179649831454,-0.09818945726891193,7.380269767715992,0.128748388543243
barcelona,link+k50,4,6,20,123,63,0.8396732887098504,8.543137616466174,0.5246701249243696,0.7099882059215464,0.6712362338597271,0.8297976626280883,-0.13166480310015782,0.8002971495090906,0.850337739519353,-0.03435599736547856,0.9099208111875259,0.8950480187479897,0.028091350498567813,6.458422561127538,0.05593762923706098,1.5963179649831454,-0.09326585064114212,7.445987237374963,0.11512807578050555
barcelona,link+k50,4,7,20,123,63,0.8396732887098504,8.559191791004682,0.12993258387345913,0.7070932957556635,0.6712362338597271,0.8350054375296767,-0.12017706434665398,0.8002971495090906,0.8528803590301285,-0.01766048371038642,0.9099208111875259,0.8947416790478963,0.028458958138679935,6.556844262757168,0.05612143305711704,1.5963179649831454,-0.05784148152110191,7.604134441811642,0.1146236197522561
barcelona,link+k50,4,8,20,123,63,0.8396732887098504,8.559708377367075,0.3970862428894528,0.7104170815016773,0.6712362338597271,0.8352351923047467,-0.12408289552284535,0.8002971495090906,0.852344264554965,-0.023404353087138285,0.9099208111875259,0.8955994302081578,0.02689662566820339,6.3933965550444265,0.05550875365693017,1.5963179649831454,-0.08675603912510454,7.407049995015961,0.12062104142144503
barcelona,link+k50,4,9,20,123,63,0.8396732887098504,8.567776269251928,-0.18878218979631992,0.7101107418015837,0.6712362338597271,0.8311302403234947,-0.12549205814327513,0.8002971495090906,0.8517009511847687,-0.01749199687533498,0.9099208111875259,0.8950020677929756,0.028076033513563137,6.371137641577721,0.056443089742215145,1.5963179649831454,-0.09458757014132413,7.414082465543382,0.13143882069390722
barcelona,link+k50d,4,0,20,123,63,0.8396732887098504,8.552143417365269,0.37094816934028985,0.7029423928193974,0.6712362338597271,0.82481964250157,-0.128249115444116,0.8002971495090906,0.8434144622972414,-0.021397828051526346,0.9099208111875259,0.889105028566177,0.028213886378605224,6.668536985499998,0.05953712071315882,1.5963179649831454,-0.095601134161998,7.561398998838824,0.12303122022308166
berlin,link,0,0,20,85,52,0.8040739815046238,8.700149779410825,-0.7967630756644826,0.6446959688649266,0.6873400697444686,0.8622606253198605,-0.07132740624367717,0.8214136941954987,0.8720319920019995,0.008355054093619474,0.9359445852822509,0.9343259423239428,0.03896644886397449,4.916154755568525,0.07246997774365932,1.219375118279886,-0.14084067159834746,5.043730260871763,0.03485105635863528
berlin,link,0,0,10,85,52,0.8040739815046238,8.681932110130955,-0.7592880088639261,0.6560978802918318,0.6206424584330108,0.8403018293045786,-0.08524059461325151,0.7837921472012949,0.8544768569762321,0.004463169921805288,0.9055236190952262,0.9082491281941419,0.057711762535556654,5.838616325213757,0.07379107604051366,1.3661136066370387,-0.16105239306521169,6.018365195623527,-0.014863902393707606
berlin,link_reg,0,0,20,85,52,0.8040739815046238,8.700149779410825,-0.7967630756644826,0.6351031289796598,0.6873400697444686,0.8622725271063186,-0.07131550445721901,0.8214136941954987,0.8717582509134622,0.009604741671724981,0.9359445852822509,0.9358731745635019,0.06398400399900028,5.549261961136819,0.23700027374108856,1.219375118279886,-0.3290254234040063,4.8049418721548545,0.07927079065956577
berlin,link_reg,0,0,10,85,52,0.8040739815046238,8.681932110130955,-0.7592880088639261,0.6404589328858261,0.6206424584330108,0.8403137310910368,-0.08522869282679335,0.7837921472012949,0.8543697408981088,0.005284393187417469,0.9055236190952262,0.905428404803561,0.09426214874852723,5.953976148112543,0.23046619297556564,1.3661136066370387,-0.3534383549605702,5.660965370194196,0.051652060818133894
berlin,link+k10,0,0,20,85,52,0.8040739815046238,8.766105940360733,0.32371786471757935,0.6318777448495019,0.6873400697444686,0.8552147677366373,-0.0920127111079373,0.8214136941954987,0.8684852596374716,-0.012687304364385033,0.9359445852822509,0.9325763797145952,0.03281322526511232,4.9988775068851155,0.0655431380250176,1.219375118279886,-0.13567628367272566,5.377024666688666,0.022326915198689123
berlin,link+k10,0,1,20,85,52,0.8040739815046238,8.801298398977423,-0.6552287702504126,0.6372216469692101,0.6873400697444686,0.862700991418812,-0.06831625426976584,0.8214136941954987,0.8698420632937004,0.00990228633317869,0.9359445852822509,0.9338379690791588,0.036383761202556486,4.903472855294571,0.06190119136882449,1.219375118279886,-0.11780679961638363,5.370865353707587,0.012114472991162861
berlin,link+k10,0,2,20,85,52,0.8040739815046238,8.80388541317119,0.8094329180545646,0.6282715035526832,0.6873400697444686,0.8538341605074922,-0.09175087180585806,0.8214136941954987,0.8725318670332417,-0.00445126813534702,0.9359445852822509,0.9320407993239785,0.0330631627807334,4.967464497526299,0.0491186727127742,1.219375118279886,-0.10180729137056099,5.712129572506575,-0.023292561596535366
berlin,link+k10,0,3,20,85,52,0.8040739815046238,8.816871902551966,-0.11130298265968358,0.6274859856464455,0.6873400697444686,0.8578212589709715,-0.08407421954035299,0.8214136941954987,0.8723771438092858,0.005986598588448189,0.9359445852822509,0.9352542816676783,0.03701455588483826,5.063350430419814,0.07995620142583404,1.219375118279886,-0.16542538666883688,4.9943486775143615,0.09223386200035111
berlin,link+k10,0,4,20,85,52,0.8040739815046238,8.78577666256714,-0.3965903413880778,0.6346984682400828,0.6873400697444686,0.8610704466740458,-0.07651658513942938,0.8214136941954987,0.8706870901322289,0.0013925090156032827,0.9359445852822509,0.9337189512145773,0.03478892181716475,4.978971184643134,0.065662155889599,1.219375118279886,-0.12980641185081887,5.390706915494283,0.017118277052730058
berlin,link+k10,0,5,20,85,52,0.8040739815046238,8.794505002665984,-1.167496637331815,0.6352102450577831,0.6873400697444686,0.8662120184239654,-0.06268670927506215,0.8214136941954987,0.873852965330096,0.019768867306982796,0.9359445852822509,0.9348853262874758,0.0392639935254282,4.958317019364957,0.06599540591042713,1.219375118279886,-0.13142812919537072,5.030234224926717,0.051910809387253565
berlin,link+k10,0,6,20,85,52,0.8040739815046238,8.781296573434744,-0.15012938910952847,0.6262124944954237,0.6873400697444686,0.860034991252187,-0.07926589781126148,0.8214136941954987,0.870127706168696,-0.006903036145725405,0.9359445852822509,0.9346353887718547,0.03722878804108498,5.014278210377717,0.07531450470715653,1.219375118279886,-0.14215241341030094,5.010380971521602,0.07988529291274071
berlin,link+k10,0,7,20,85,52,0.8040739815046238,8.758001574702638,0.10514241774176548,0.6322705038026207,0.6873400697444686,0.8584282500803371,-0.08139631758726984,0.8214136941954987,0.873924376048845,0.0061532235988622785,0.9359445852822509,0.9352185763083039,0.0364075647754728,5.008037065634531,0.05592649456683446,1.219375118279886,-0.11852226129039067,5.558067253154189,-0.012202259027330742
berlin,link+k10,0,8,20,85,52,0.8040739815046238,8.803797739151253,1.1000123271283306,0.6335320931671844,0.6873400697444686,0.8492638745075636,-0.10634246200354669,0.8214136941954987,0.8639030718510848,-0.03445567179633657,0.9359445852822509,0.9326953975791766,0.02998060008807324,4.984754856798029,0.07599290653527091,1.219375118279886,-0.15234467064291057,5.182759481336735,0.0382161877450693
berlin,link+k10,0,9,20,85,52,0.8040739815046238,8.864844473746874,0.756039477910109,0.6227490746361029,0.6873400697444686,0.856559669606408,-0.08516918389450256,0.8214136941954987,0.872234322371788,0.0007974196926958665,0.9359445852822509,0.934016495876031,0.03553873436402799,5.06678905036839,0.04575046714511846,1.219375118279886,-0.0971829589328197,5.622595520584634,-0.00977351202668697
berlin,link+k10d,0,0,20,85,52,0.8040739815046238,9.00089392000999,-0.6998334908966707,0.5948988943240381,0.6873400697444686,0.8364813558515133,-0.10491424762856905,0.8214136941954987,0.8607848037990502,-0.01546042060913344,0.9359445852822509,0.9312314778448245,0.029611644707870588,5.329509992851162,0.08076552290498806,1.219375118279886,-0.1368124492689995,5.287662903307942,0.1108152396558788
berlin,link+k25,0,0,20,85,52,0.8040739815046238,8.733848647639558,0.14204925507136693,0.6473619690315516,0.6873400697444686,0.8612013663250854,-0.08507396960283731,0.8214136941954987,0.8722938313040788,-0.014686804489353777,0.9359445852822509,0.9354447102510087,0.03525309148903244,4.829258639715182,0.07382678139988813,1.219375118279886,-0.1451533697557339,5.032541459282513,0.03385614794873293
berlin,link+k25,0,1,20,85,52,0.8040739815046238,8.730468267110224,0.3351832251411778,0.6466240582711466,0.6873400697444686,0.8593327858511562,-0.08884683591007003,0.8214136941954987,0.8722819295176206,-0.0150081527237238,0.9359445852822509,0.9355756299020483,0.03459849323383435,4.865489189041266,0.07201770985824968,1.219375118279886,-0.1387083915904299,5.0626534121625975,0.033534265816117514
berlin,link+k25,0,2,20,85,52,0.8040739815046238,8.68748213208987,-0.116009086829439,0.6421608883493413,0.6873400697444686,0.8612846788302925,-0.08099165684769283,0.8214136941954987,0.8754716082884041,0.0007022054010307199,0.9359445852822509,0.9365753799645327,0.03662179693171941,4.888486428141641,0.06901845967079662,1.219375118279886,-0.13934449166595209,4.926468371513435,0.05992860069058348
berlin,link+k25,0,3,20,85,52,0.8040739815046238,8.679060662089483,-0.05672370853992362,0.6474809868961331,0.6873400697444686,0.8612727770438343,-0.08040846931124357,0.8214136941954987,0.8733887956582282,-0.0012139822187310356,0.9359445852822509,0.9358850763499601,0.03650277906713795,4.877255811827471,0.060841932374049335,1.219375118279886,-0.12347298087405911,5.213661453244451,0.011353660677708266
berlin,link+k25,0,4,20,85,52,0.8040739815046238,8.691265350210232,0.059461934747502866,0.6446721652920103,0.6873400697444686,0.8612608752573762,-0.08415753204555998,0.8214136941954987,0.8721986170124135,-0.009426214874852623,0.9359445852822509,0.9358969781364183,0.03613382368693541,4.905148987557067,0.07458849573320958,1.219375118279886,-0.14086647960120247,4.977878342276917,0.051793761339029576
berlin,link+k25,0,5,20,85,52,0.8040739815046238,8.681278831146107,-0.20211374867795812,0.6486711655419478,0.6873400697444686,0.860772902012592,-0.08183668368622121,0.8214136941954987,0.873769652824889,-0.005189178895752211,0.9359445852822509,0.9365753799645327,0.036050511181728306,4.82149442159236,0.07460039751966774,1.219375118279886,-0.1401567225072018,4.812034601685484,0.05741206765377194
berlin,link+k25,0,6,20,85,52,0.8040739815046238,8.817059560406417,1.0432338946974127,0.6436367098701515,0.6873400697444686,0.853417597981457,-0.0999750062484378,0.8214136941954987,0.8699253757989074,-0.020482974494471562,0.9359445852822509,0.9349924423655991,0.03182537698908605,4.896536758099026,0.053581842634579435,1.219375118279886,-0.12145667764010026,5.4233561275366515,-0.010241704219582148
berlin,link+k25,0,7,20,85,52,0.8040739815046238,8.675530219300922,-0.24839881187308227,0.650218397781507,0.6873400697444686,0.862141607455279,-0.07806381737898849,0.8214136941954987,0.874257626069673,-0.0027493126718319827,0.9359445852822509,0.9368253174801537,0.037300198759833814,4.858107150181428,0.06778067387914927,1.219375118279886,-0.13387075199586707,4.933585581850659,0.039591502311699056
berlin,link+k25,0,8,20,85,52,0.8040739815046238,8.773232291481822,0.7033407560436616,0.6462432011044857,0.6873400697444686,0.8550481427262232,-0.09401221123290604,0.8214136941954987,0.870698991918687,-0.015139072374763418,0.9359445852822509,0.9346591923447709,0.03272991275990522,4.873099167061249,0.05428404803561013,1.219375118279886,-0.11431831011998472,5.318511135891362,-0.009890560074910737
berlin,link+k25,0,9,20,85,52,0.8040739815046238,8.690777784470312,0.37046007264761366,0.6441484866878519,0.6873400697444686,0.8588448126063722,-0.08707346972780605,0.8214136941954987,0.8726627866842813,-0.012008902536270627,0.9359445852822509,0.9353256923864272,0.035729162947358395,4.913560218276418,0.06605491484271792,1.219375118279886,-0.12773363356155198,4.949779841818002,0.041932463276174836
berlin,link+k25d,0,0,20,85,52,0.8040739815046238,8.866363925247303,-0.43775334250964565,0.6086930648290308,0.6873400697444686,0.8473238833148856,-0.09545232739434184,0.8214136941954987,0.8653907951583533,-0.010735411385248916,0.9359445852822509,0.9339093797979077,0.035479225431737316,5.233632578130447,0.07380297782697182,1.219375118279886,-0.14354040426917414,5.016799122138854,0.12254930649031426
berlin,link+k50,0,0,20,85,52,0.8040739815046238,8.662535789744693,-0.10198172436653327,0.6582759072136728,0.6873400697444686,0.8645576701062829,-0.07774246914461858,0.8214136941954987,0.8774592066269147,-0.0011901786458147212,0.9359445852822509,0.9372775853655634,0.036181430832767925,4.702916791448858,0.06329370038442766,1.219375118279886,-0.12203839517618076,4.890844505676096,0.02335108562064736
berlin,link+k50,0,1,20,85,52,0.8040739815046238,8.674279649402939,-0.06505738519666643,0.653289058687709,0.6873400697444686,0.8638197593458778,-0.0827650230299567,0.8214136941954987,0.8775544209185798,-0.007260089739469899,0.9359445852822509,0.9374323085895193,0.03476511824424844,4.7954149312628696,0.07263660275407335,1.219375118279886,-0.14206091418886047,4.732295265695763,0.05925557441329676
berlin,link+k50,0,2,20,85,52,0.8040739815046238,8.676711226863734,0.4573942822311138,0.6588471929636639,0.6873400697444686,0.8599873841063543,-0.09231025576939089,0.8214136941954987,0.8732340724342724,-0.022173028171528553,0.9359445852822509,0.938217826495757,0.03228954666095374,4.7358177318793615,0.0718510848478357,1.219375118279886,-0.145584642177087,4.755701913526815,0.04986246854333709
berlin,link+k50,0,3,20,85,52,0.8040739815046238,8.675481439135286,-0.2976414766230699,0.656193094583497,0.6873400697444686,0.8650099379916926,-0.07795670130086518,0.8214136941954987,0.8779352780852406,-0.0010473572083169458,0.9359445852822509,0.9396103355113603,0.03537210935361401,4.732288597597172,0.07420763856654883,1.219375118279886,-0.14070205311333672,4.675394519644803,0.07599344530929941
berlin,link+k50,0,4,20,85,52,0.8040739815046238,8.675536494243552,0.23908388062857056,0.660311112698016,0.6873400697444686,0.8612251698980017,-0.08947763059235181,0.8214136941954987,0.8754954118613204,-0.018197831494507266,0.9359445852822509,0.9363968531676604,0.03227764487449569,4.684134640967796,0.07250568310303379,1.219375118279886,-0.1402098489922332,4.728031492957188,0.050447708784455925
berlin,link+k50,0,5,20,85,52,0.8040739815046238,8.687760483601327,0.314705531075454,0.6584068268647124,0.6873400697444686,0.8615227145594554,-0.08920388950381453,0.8214136941954987,0.8758286618821485,-0.016150724223705892,0.9359445852822509,0.9372299782197308,0.033134573499482234,4.675281747270909,0.07160114733221457,1.219375118279886,-0.13775759194723314,4.776340306876774,0.04605840697606367
berlin,link+k50,0,6,20,85,52,0.8040739815046238,8.701639471672323,0.12040563909782634,0.6567405767605717,0.6873400697444686,0.862141607455279,-0.08165815688934908,0.8214136941954987,0.8754835100748622,-0.010402161364420737,0.9359445852822509,0.9370633532093168,0.03272991275990522,4.740607234543054,0.06476952190523799,1.219375118279886,-0.11299308539076103,4.799003302834633,0.037426113419558815
berlin,link+k50,0,7,20,85,52,0.8040739815046238,8.67524660405128,0.22567230021239548,0.6604420323490556,0.6873400697444686,0.8611894645386272,-0.08970376453505668,0.8214136941954987,0.8740552956998846,-0.018495376155960974,0.9359445852822509,0.9379678889801359,0.03441996643696221,4.6910868928847895,0.07458849573320953,1.219375118279886,-0.149238358693069,4.7711595333366015,0.04523907063849708
berlin,link+k50,0,8,20,85,52,0.8040739815046238,8.680045241273785,0.04370825285470623,0.656597755323074,0.6873400697444686,0.8636055271896311,-0.08202711226955162,0.8214136941954987,0.8767093940800514,-0.008652598755073071,0.9359445852822509,0.9366943978291141,0.03586008259839801,4.6997302310041995,0.0741481296342581,1.219375118279886,-0.14275826104847722,4.725185452372311,0.054076198279393584
berlin,link+k50,0,9,20,85,52,0.8040739815046238,8.69341723976696,-0.5120763274891212,0.6579902643386772,0.6873400697444686,0.8672117684864498,-0.07151783482700746,0.8214136941954987,0.8782209209602362,0.007236286166553696,0.9359445852822509,0.9379083800478452,0.0364075647754728,4.685333742086946,0.06983968293640874,1.219375118279886,-0.1339281782119912,4.771962239677116,0.043395563878972254
berlin,link+k50d,0,0,20,85,52,0.8040739815046238,8.738149678608377,-0.43667929156490626,0.635841039740065,0.6873400697444686,0.8598326608823984,-0.08065840682686465,0.8214136941954987,0.8679853846062294,-0.008807321979029004,0.9359445852822509,0.9346353887718547,0.037871484509824915,4.998115043038821,0.07942062103521741,1.219375118279886,-0.15291142188138096,4.794807940396769,0.09516006320594594
berlin,link,1,0,20,43,53,0.8034015305697385,8.70983458090587,-0.8478949749389195,0.6421013794170505,0.6873400697444686,0.8624867592625654,-0.06955404006141319,0.8214136941954987,0.8720200902155414,0.010199830994632286,0.9359445852822509,0.9335999333499958,0.040144725723331054,4.909928144839883,0.08276502302995675,1.219375118279886,-0.15866814985351474,4.933548778425838,0.055978229063030405
berlin,link,1,0,10,43,53,0.8034015305697385,8.686169226349435,-0.7623773839633005,0.6516228085835684,0.6206424584330108,0.8407183918306138,-0.08272931767058234,0.7837921472012949,0.8532747765439592,0.00557003606241302,0.9055236190952262,0.9078206638816486,0.0593304054938647,5.815611156367845,0.08371716594660861,1.3661136066370387,-0.1784531966843783,5.834357953052574,0.0163502926330783
berlin,link_reg,1,0,20,43,53,0.8034015305697385,8.70983458090587,-0.8478949749389195,0.6309017983599339,0.6873400697444686,0.8624867592625654,-0.06955404006141319,0.8214136941954987,0.8719605812832506,0.011663750728984512,0.9359445852822509,0.9359445852822509,0.06405541471774912,5.574471073191778,0.24142773830351932,1.219375118279886,-0.34867067991638434,4.739641035426041,0.10291449640077244
berlin,link_reg,1,0,10,43,53,0.8034015305697385,8.686169226349435,-0.7623773839633005,0.6329251020578189,0.6206424584330108,0.8407421954035301,-0.08270551409766602,0.7837921472012949,0.8531081515335451,0.00664119684364628,0.9055236190952262,0.9055236190952262,0.09447638090477384,5.963346766858007,0.23704788088692116,1.3661136066370387,-0.36906248080232684,5.583331053032703,0.09252779240082987
berlin,link+k10,1,0,20,43,53,0.8034015305697385,8.766220545889574,0.1929557888357707,0.6285214410683043,0.6873400697444686,0.8562502231584961,-0.0877399697694623,0.8214136941954987,0.8687232953666345,-0.00890253627069415,0.9359445852822509,0.9340045940895728,0.037502529129622375,5.0040903170961615,0.07025624546244391,1.219375118279886,-0.1523128631808095,5.285841956873975,0.04064493474571318
berlin,link+k10,1,1,20,43,53,0.8034015305697385,8.78742987234312,-0.5217023013825014,0.6352221468442413,0.6873400697444686,0.8624391521167327,-0.0686257007176777,0.8214136941954987,0.8692588757572511,0.008152723723831024,0.9359445852822509,0.9342545316051939,0.03875221670772777,4.887142467481168,0.06987538829578316,1.219375118279886,-0.14009706575390268,5.267184871805391,0.029174226019781146
berlin,link+k10,1,2,20,43,53,0.8034015305697385,8.817120591551035,0.8212077203697435,0.6244391283131598,0.6873400697444686,0.8541198033824877,-0.09041787172254545,0.8214136941954987,0.8722105187988717,-0.002701705525999354,0.9359445852822509,0.9337546565739517,0.037252591614001296,4.9605704624576585,0.059247092988657574,1.219375118279886,-0.12389809885955083,5.583913946185653,0.002048340843916474
berlin,link+k10,1,3,20,43,53,0.8034015305697385,8.82993042319287,0.017235631802212888,0.6194998869330286,0.6873400697444686,0.8565953749657824,-0.08549053212887248,0.8214136941954987,0.8718534652051273,0.006700705775937066,0.9359445852822509,0.9342307280322777,0.03829994882231824,5.077562681165421,0.08525249639970961,1.219375118279886,-0.18476224299340904,5.006092824536302,0.11254169836717964
berlin,link+k10,1,4,20,43,53,0.8034015305697385,8.805269245145446,-0.6022336043087242,0.6296045036359957,0.6873400697444686,0.8624867592625654,-0.07162495090513077,0.8214136941954987,0.8703181347520262,0.007260089739469899,0.9359445852822509,0.9342902369645684,0.0377405648587853,4.972835398920436,0.07537401363944729,1.219375118279886,-0.1518412600298118,5.285395188422221,0.03880142798618835
berlin,link+k10,1,5,20,43,53,0.8034015305697385,8.7987306667213,-1.1434393320708398,0.6322586020161626,0.6873400697444686,0.865450304090644,-0.061210887754251875,0.8214136941954987,0.873448304590519,0.02238726032777527,0.9359445852822509,0.9340045940895728,0.04000190428583328,4.941642839765056,0.07470751359779104,1.219375118279886,-0.15134119243942168,4.9959856270881655,0.06282553988412243
berlin,link+k10,1,6,20,43,53,0.8034015305697385,8.80227810677126,-0.22666402018614826,0.6192261458444912,0.6873400697444686,0.8613084824032087,-0.07623094226443383,0.8214136941954987,0.8697230454291189,-0.002070910843717577,0.9359445852822509,0.9341712190999869,0.039311600671260716,5.025918533880421,0.07990859428000141,1.219375118279886,-0.15936577348602943,4.971176187403703,0.10636741382337456
berlin,link+k10,1,7,20,43,53,0.8034015305697385,8.76022789711459,0.20311506977989907,0.6273907713547804,0.6873400697444686,0.857940276835553,-0.0820033086966353,0.8214136941954987,0.873448304590519,0.008152723723831024,0.9359445852822509,0.934825817355185,0.038537984551481164,5.016021391028308,0.06187738779590818,1.219375118279886,-0.1371357643980815,5.535353791865363,0.003189559314098478
berlin,link+k10,1,8,20,43,53,0.8034015305697385,8.818579153112415,1.1455870707899574,0.628331012484974,0.6873400697444686,0.8487997048356959,-0.10644957808167,0.8214136941954987,0.862700991418812,-0.036514680853596104,0.9359445852822509,0.9335642279906214,0.03406291284321772,4.998801469021112,0.08175337118101428,1.219375118279886,-0.1699654419143044,5.134976457301393,0.05460291449640087
berlin,link+k10,1,9,20,43,53,0.8034015305697385,8.87422715195258,0.804454767442235,0.6199402530319801,0.6873400697444686,0.8564168481689102,-0.08438366598826474,0.8214136941954987,0.8720200902155414,0.002582687661418004,0.9359445852822509,0.9342426298187357,0.03854988633793932,5.049963374142305,0.0528439318741743,1.219375118279886,-0.11794768040463222,5.5843151028509155,0.006554690700532495
berlin,link+k10d,1,0,20,43,53,0.8034015305697385,8.993488814432167,-0.683242560237242,0.5937801263969722,0.6873400697444686,0.8340414896275931,-0.1072350959879077,0.8214136941954987,0.8626771878458956,-0.010592589947751141,0.9359445852822509,0.9306839956677497,0.031349305530760097,5.331459019377876,0.09121529141524143,1.219375118279886,-0.15558834463183668,5.303433573459445,0.11327324866857835
berlin,link+k25,1,0,20,43,53,0.8034015305697385,8.742189407107878,0.058619777790107366,0.6437914330941075,0.6873400697444686,0.8612846788302925,-0.08334821056640596,0.8214136941954987,0.8718058580592947,-0.013199081182085348,0.9359445852822509,0.9358850763499601,0.03790718986919939,4.845475586651058,0.0810273622070673,1.219375118279886,-0.16231332368468987,4.973222440163632,0.04951132439866557
berlin,link+k25,1,1,20,43,53,0.8034015305697385,8.731882498107703,0.3229086552574489,0.6451482367503363,0.6873400697444686,0.8593565894240726,-0.08863260375382342,0.8214136941954987,0.8725318670332417,-0.013044357958129527,0.9359445852822509,0.9357541566989205,0.0378476809369086,4.865521203795553,0.07936111210292662,1.219375118279886,-0.1575875890663574,4.978385360697845,0.050184350675952505
berlin,link+k25,1,2,20,43,53,0.8034015305697385,8.699342587041029,-0.12464093014308893,0.6389593077920996,0.6873400697444686,0.8608681163042573,-0.07983718356125247,0.8214136941954987,0.8756501350852763,0.005189178895752322,0.9359445852822509,0.9358255674176694,0.03856178812439748,4.891450768358005,0.07526689756132393,1.219375118279886,-0.15722956233541208,4.873347598810227,0.07692982969508977
berlin,link+k25,1,3,20,43,53,0.8034015305697385,8.691998787822644,-0.18293256728024848,0.64416038847431,0.6873400697444686,0.8619630806584069,-0.07717118339462747,0.8214136941954987,0.873198367074898,0.003403910927030185,0.9359445852822509,0.9351828709489294,0.03839516311398339,4.869767726397569,0.06863760250413586,1.219375118279886,-0.1429743106316641,5.084096450421185,0.03239304734593551
berlin,link+k25,1,4,20,43,53,0.8034015305697385,8.700554958675973,-0.1949464795156883,0.6383166113233596,0.6873400697444686,0.8631770628771379,-0.07902786208209844,0.8214136941954987,0.8721391080801228,-0.0028445269634971293,0.9359445852822509,0.9350043441520572,0.0383118506087764,4.904616531966873,0.08245557658204494,1.219375118279886,-0.1593156869852459,4.873682039065795,0.08231403991338437
berlin,link+k25,1,5,20,43,53,0.8034015305697385,8.687635316245622,-0.05191309458108753,0.6463741207555254,0.6873400697444686,0.8607133930803014,-0.08353863914973636,0.8214136941954987,0.8739838849811357,-0.006879232572809091,0.9359445852822509,0.9363016388759953,0.03810952023898784,4.800626166510432,0.08205091584246799,1.219375118279886,-0.1583077101019117,4.81185409619819,0.06897056241587163
berlin,link+k25,1,6,20,43,53,0.8034015305697385,8.843030569651336,1.1361414120405429,0.6375787005629545,0.6873400697444686,0.8518227585960653,-0.10159364920674585,0.8214136941954987,0.8699372775853655,-0.019280894062198684,0.9359445852822509,0.9360278977874579,0.0343128503588388,4.91438467674543,0.06280572713964366,1.219375118279886,-0.1412598541797967,5.3943881817700134,0.008105577339497794
berlin,link+k25,1,7,20,43,53,0.8034015305697385,8.683306316821312,-0.2801431948091529,0.6488020851929874,0.6873400697444686,0.862867616429226,-0.07709977267587864,0.8214136941954987,0.8739719831946775,-0.00036895538020254026,0.9359445852822509,0.9358136656312113,0.03854988633793932,4.841718888025663,0.07498125468632844,1.219375118279886,-0.15205957933651915,4.87769855052626,0.053169075905659335
berlin,link+k25,1,8,20,43,53,0.8034015305697385,8.78035071179017,0.7571868532980672,0.6431487366253674,0.6873400697444686,0.8548220087835184,-0.09538091667559301,0.8214136941954987,0.870698991918687,-0.015638947406005577,0.9359445852822509,0.9354566120374668,0.035479225431737316,4.870025907805143,0.06459099510836575,1.219375118279886,-0.13759935882490626,5.2657266968827665,0.012524141159946156
berlin,link+k25,1,9,20,43,53,0.8034015305697385,8.702671338414243,0.35955733304064946,0.6395186917556325,0.6873400697444686,0.8593565894240726,-0.08563335356637025,0.8214136941954987,0.8723295366634531,-0.010699706025874445,0.9359445852822509,0.9355042191832994,0.03895454707751633,4.912263582182147,0.07172016519679608,1.219375118279886,-0.14427656828942204,4.933950470017849,0.05881664423245736
berlin,link+k25d,1,0,20,43,53,0.8034015305697385,8.928389321715263,-0.634192610820399,0.6020399661989264,0.6873400697444686,0.8451101510336702,-0.09616643458183072,0.8214136941954987,0.8671046524083265,-0.001118767927065778,0.9359445852822509,0.9325287725687625,0.03571726116090024,5.270377349773815,0.08449078206638816,1.219375118279886,-0.15619615777361173,5.158359234295238,0.11915491309182413
berlin,link+k50,1,0,20,43,53,0.8034015305697385,8.670524870039204,-0.15192930641791366,0.6569548089168185,0.6873400697444686,0.8657359469656395,-0.07525499577486572,0.8214136941954987,0.8781376084550291,0.001582937598933687,0.9359445852822509,0.9365634781780745,0.038157127384820466,4.687098835518621,0.07035145975410906,1.219375118279886,-0.14040613056147788,4.830250326785302,0.03628489494937681
berlin,link+k50,1,1,20,43,53,0.8034015305697385,8.677903844424343,-0.0675783439324836,0.6511348353387844,0.6873400697444686,0.8650813487104414,-0.08095595148831836,0.8214136941954987,0.8772568762571262,-0.005867580723866617,0.9359445852822509,0.9370395496364005,0.03739541305149896,4.765223773164902,0.07831375489460968,1.219375118279886,-0.15997559921884097,4.684973627957188,0.076871305670978
berlin,link+k50,1,2,20,43,53,0.8034015305697385,8.68684562878103,0.5091743562654116,0.6556932195522548,0.6873400697444686,0.8600111876792707,-0.09319098796729386,0.8214136941954987,0.8719843848561669,-0.023970197926708736,0.9359445852822509,0.9386462908082503,0.035526832577569833,4.7205113521729505,0.07902786208209855,1.219375118279886,-0.16591079534538689,4.715088869449045,0.06809270205419327
berlin,link+k50,1,3,20,43,53,0.8034015305697385,8.681943800433627,-0.27782811031703053,0.6542054962449864,0.6873400697444686,0.8651884647885648,-0.077135478035253,0.8214136941954987,0.8778995727258662,0.0010354554218588996,0.9359445852822509,0.9386700943811667,0.037050261244212734,4.710904364431856,0.08067030861332286,1.219375118279886,-0.1582730945923725,4.651663381947019,0.08743489202317556
berlin,link+k50,1,4,20,43,53,0.8034015305697385,8.684106121772993,0.2979812565729178,0.6572999607241047,0.6873400697444686,0.8614394020542483,-0.08921579129027257,0.8214136941954987,0.8752335725592412,-0.01867390295283322,0.9359445852822509,0.9378369693290963,0.036431368348389115,4.672651676990687,0.08003951393104103,1.219375118279886,-0.15834031205268118,4.687682444849559,0.06548838298121384
berlin,link+k50,1,5,20,43,53,0.8034015305697385,8.693789975943691,0.2505641819523942,0.6558003356303781,0.6873400697444686,0.8622844288927768,-0.0862998536080265,0.8214136941954987,0.8754597065019459,-0.012211232906059188,0.9359445852822509,0.9374204068030612,0.0368955380202568,4.660473048667916,0.07823044238940263,1.219375118279886,-0.15444099357600938,4.754373732984586,0.05820214197928242
berlin,link+k50,1,6,20,43,53,0.8034015305697385,8.709635553523546,0.12017666194325063,0.6543007105366515,0.6873400697444686,0.862700991418812,-0.08097975506123467,0.8214136941954987,0.87530498327799,-0.010080813130050825,0.9359445852822509,0.9377417550374311,0.0358362790254817,4.7122133096485515,0.07251758488949189,1.219375118279886,-0.13126882447429877,4.737666095071196,0.055597822906302996
berlin,link+k50,1,7,20,43,53,0.8034015305697385,8.682654266020277,0.29278917769159396,0.6579426571928446,0.6873400697444686,0.8609871341688388,-0.08914438057152374,0.8214136941954987,0.8741148046321753,-0.017674152890348793,0.9359445852822509,0.9377060496780567,0.03703835945775458,4.6899432000962555,0.08083693362373695,1.219375118279886,-0.16549940160115173,4.697393513000073,0.06010417276291924
berlin,link+k50,1,8,20,43,53,0.8034015305697385,8.683576927697374,0.06552652601136906,0.6550386212970567,0.6873400697444686,0.8640101879292081,-0.08147963009247683,0.8214136941954987,0.8766379833613025,-0.007890884421751676,0.9359445852822509,0.9363373442353697,0.03805001130669716,4.6967486851299185,0.08074171933207175,1.219375118279886,-0.15996883669262751,4.696104852999327,0.06437642652308773
berlin,link+k50,1,9,20,43,53,0.8034015305697385,8.696643769267899,-0.45559994807412657,0.6540388712345723,0.6873400697444686,0.8679615810333131,-0.07138691517596785,0.8214136941954987,0.8777924566477429,0.008521679104033564,0.9359445852822509,0.9370395496364005,0.03756203806191305,4.682275751798342,0.07718308518108569,1.219375118279886,-0.15202478475355474,4.744470139513986,0.05384210218294605
berlin,link+k50d,1,0,20,43,53,0.8034015305697385,8.743809422843356,-0.5545795415581244,0.6315087894692993,0.6873400697444686,0.8600468930386451,-0.07839706739981667,0.8214136941954987,0.8683067328405993,-0.0051534735363777395,0.9359445852822509,0.9336832458552029,0.0397519667702122,4.9896538698233215,0.08718058580592944,1.219375118279886,-0.16889449311243454,4.756599188213196,0.11142974190905375
berlin,link,2,0,20,42,56,0.8034592542340605,8.701018850767099,-0.725457266584836,0.6410540222087335,0.6873400697444686,0.8610942502469621,-0.07473131717070725,0.8214136941954987,0.8704014472572333,0.009295295223813116,0.9359445852822509,0.9334809154854143,0.03835945775460892,4.934462816840407,0.08566905892574478,1.219375118279886,-0.1661939560518486,4.922485807200285,0.06136243928132501
berlin,link,2,0,10,42,56,0.8034592542340605,8.670097984607795,-0.6113049830240919,0.651991763963771,0.6206424584330108,0.8378500612942003,-0.09154854143606961,0.7837921472012949,0.8520607943252282,0.003189678770783577,0.9055236190952262,0.9075826281524857,0.0562835481605789,5.853868428479877,0.08672831792051988,1.3661136066370387,-0.18868657307822656,5.84721402340686,0.016071594463196393
berlin,link_reg,2,0,20,42,56,0.8034592542340605,8.701018850767099,-0.725457266584836,0.6309732090786827,0.6873400697444686,0.8610942502469621,-0.07473131717070725,0.8214136941954987,0.8703300365384844,0.010414063150879005,0.9359445852822509,0.9359445852822509,0.06405541471774912,5.603282206619237,0.2468430511419764,1.219375118279886,-0.3534760180695804,4.750354208492727,0.10054427342424055
berlin,link_reg,2,0,10,42,56,0.8034592542340605,8.670097984607795,-0.6113049830240919,0.6358529415265232,0.6206424584330108,0.8378500612942003,-0.09154854143606961,0.7837921472012949,0.8518703657418979,0.00416562526035158,0.9055236190952262,0.9055236190952262,0.09447638090477384,5.979772276784352,0.23894026493376655,1.3661136066370387,-0.3746557584134005,5.62585750463627,0.07456724367509993
berlin,link+k10,2,0,20,42,56,0.8034592542340605,8.76458068155439,0.2204672216724562,0.6300329679484891,0.6873400697444686,0.8540721962366551,-0.09348853262874757,0.8214136941954987,0.868604277502053,-0.00552242891658028,0.9359445852822509,0.9340283976624891,0.03571726116090024,5.020741773992909,0.07388629033217886,1.219375118279886,-0.1565721564540672,5.269463836673304,0.04354187393925213
berlin,link+k10,2,1,20,42,56,0.8034592542340605,8.792473748704554,-0.49432788938362454,0.6342462003546733,0.6873400697444686,0.8612965806167506,-0.07291034384261075,0.8214136941954987,0.8682353221218505,0.010794920317539702,0.9359445852822509,0.9343259423239428,0.03694314516608943,4.924816030027201,0.0729103438426108,1.219375118279886,-0.14274110616646318,5.259269757027663,0.025809094633346907
berlin,link+k10,2,2,20,42,56,0.8034592542340605,8.82519958189196,0.8568775179327742,0.624617655110032,0.6873400697444686,0.8521679104033515,-0.0958450863474607,0.8214136941954987,0.8705561704811893,-0.002356553718713128,0.9359445852822509,0.9338736744385332,0.036181430832767925,4.990339567166797,0.062329655681317736,1.219375118279886,-0.12925594055918554,5.547319527591005,0.00289693919353895
berlin,link+k10,2,3,20,42,56,0.8034592542340605,8.823674937162354,-0.04388608054094326,0.6227728782090192,0.6873400697444686,0.8563811428095357,-0.08656169291010574,0.8214136941954987,0.8717820544863784,0.008509777317575407,0.9359445852822509,0.9340402994489473,0.036681305864010194,5.089170001888443,0.08827555016007904,1.219375118279886,-0.18740819442310808,4.971141737551867,0.10932287704102528
berlin,link+k10,2,4,20,42,56,0.8034592542340605,8.79787171344376,-0.5106769883987814,0.631484985896383,0.6873400697444686,0.8598683662417729,-0.07788529058211635,0.8214136941954987,0.8697468490020352,0.004879732447840457,0.9359445852822509,0.9342426298187357,0.03557443972340246,4.998867849879383,0.08159864795705835,1.219375118279886,-0.15873693201114114,5.242472649212258,0.03947445426347507
berlin,link+k10,2,5,20,42,56,0.8034592542340605,8.80098149036812,-1.1673457140420795,0.6315325930422157,0.6873400697444686,0.86431963437712,-0.06472191475940536,0.8214136941954987,0.8730079384915675,0.023398912176717745,0.9359445852822509,0.9338379690791588,0.03835945775460892,4.971161954234998,0.07771866557170232,1.219375118279886,-0.15734157562756157,4.969374580777979,0.07271609995903328
berlin,link+k10,2,6,20,42,56,0.8034592542340605,8.794165408555584,-0.26469573770229576,0.6207019673653015,0.6873400697444686,0.8601897144761429,-0.0799919067852084,0.8214136941954987,0.8691398578926697,0.0006784018281144055,0.9359445852822509,0.934266433391652,0.037788172004617926,5.034244324175747,0.08393139810285521,1.219375118279886,-0.16404819864640752,4.959591173388938,0.10519693334113644
berlin,link+k10,2,7,20,42,56,0.8034592542340605,8.761502271330293,0.23802784459758633,0.6275811999381107,0.6873400697444686,0.8568215089084872,-0.08493114816533953,0.8214136941954987,0.8723414384499113,0.010164125635257926,0.9359445852822509,0.9344806655478988,0.036597993358803094,5.039290102794849,0.06434105759274467,1.219375118279886,-0.13945277955017432,5.562709719997818,0.0014338385907415319
berlin,link+k10,2,8,20,42,56,0.8034592542340605,8.82398005188496,1.1806500568896203,0.6281881910474763,0.6873400697444686,0.8458480617940753,-0.11244807845657623,0.8214136941954987,0.8627605003511027,-0.033622546744266235,0.9359445852822509,0.9343021387510265,0.0330631627807334,5.020174049813387,0.08539531783720733,1.219375118279886,-0.17586707753247044,5.131309805855016,0.0640838064025282
berlin,link+k10,2,9,20,42,56,0.8034592542340605,8.873323038218292,0.8219819028087967,0.6207614762975923,0.6873400697444686,0.8545958748408136,-0.08918008593089821,0.8214136941954987,0.8716035276895062,0.0011663750728985178,0.9359445852822509,0.9340283976624891,0.036264743337975025,5.071888215337328,0.05710477142619108,1.219375118279886,-0.12493100597391216,5.525676598934335,0.0096857259905192
berlin,link+k10d,2,0,20,42,56,0.8034592542340605,9.205030563806325,-0.6343240465738046,0.578176884350341,0.6873400697444686,0.8295783197057879,-0.11217433736803895,0.8214136941954987,0.8616298306375787,-0.00568905392699437,0.9359445852822509,0.9291843705740231,0.025303198010021233,5.482260547411373,0.09282203258709132,1.219375118279886,-0.14463283495000945,5.538633045636046,0.11145900392110963
berlin,link+k25,2,0,20,42,56,0.8034592542340605,8.745277693062686,0.05289189153196538,0.6438866473857726,0.6873400697444686,0.860522964496971,-0.08558574642053762,0.8214136941954987,0.8709489294343081,-0.008914438057152307,0.9359445852822509,0.9356232370478809,0.036550386212970576,4.870269146844977,0.0825626926601683,1.219375118279886,-0.16698021059035484,4.993775318030442,0.05275940773687604
berlin,link+k25,2,1,20,42,56,0.8034592542340605,8.738316442804255,0.34977874950886007,0.6438866473857726,0.6873400697444686,0.8580235893407601,-0.0918460860975232,0.8214136941954987,0.8715678223301317,-0.011151973911284085,0.9359445852822509,0.9358136656312113,0.036050511181728306,4.8927325539611175,0.08397900524868784,1.219375118279886,-0.16270318231372927,4.990511959082228,0.05539298882191135
berlin,link+k25,2,2,20,42,56,0.8034592542340605,8.694847003065588,-0.18828316660675093,0.6403875221670773,0.6873400697444686,0.8604277502053058,-0.0821104247747586,0.8214136941954987,0.8750074386165363,0.007069661156139606,0.9359445852822509,0.9354447102510087,0.03706216303067089,4.90349213947878,0.07780197807690936,1.219375118279886,-0.1613727923835897,4.849467728231545,0.0787733364546146
berlin,link+k25,2,3,20,42,56,0.8034592542340605,8.693698056432682,-0.16439234743471368,0.645053022458671,0.6873400697444686,0.8608086073719665,-0.08065840682686465,0.8214136941954987,0.8727460991894883,0.0058556789374085705,0.9359445852822509,0.9349567370062246,0.03693124337963127,4.899651739777836,0.07056569191035578,1.219375118279886,-0.146503430240996,5.114953673880541,0.028793819863053738
berlin,link+k25,2,4,20,42,56,0.8034592542340605,8.696536046251031,-0.15744392310757827,0.6394710846098,0.6873400697444686,0.8618797681531998,-0.08263410337891708,0.8214136941954987,0.8720438937884577,-0.00039275895311885467,0.9359445852822509,0.9348972280739339,0.036752716582759026,4.921447776643888,0.08314588019661748,1.219375118279886,-0.16329215069258418,4.860557601514431,0.08281149411833555
berlin,link+k25,2,5,20,42,56,0.8034592542340605,8.684905701577474,-0.009907525239242656,0.6442317991930588,0.6873400697444686,0.8590233394032444,-0.08758524654550648,0.8214136941954987,0.8734840099498935,-0.004951143166589289,0.9359445852822509,0.9361469156520393,0.03635995762964017,4.827589140972522,0.08364575522785972,1.219375118279886,-0.16218135028042768,4.8147839533872405,0.0729794580675367
berlin,link+k25,2,6,20,42,56,0.8034592542340605,8.832936448545658,1.0596485137521294,0.6386617631306459,0.6873400697444686,0.8500850977731758,-0.10492614941502709,0.8214136941954987,0.8695921257780793,-0.017364706442436928,0.9359445852822509,0.9357303531260042,0.033134573499482234,4.9368338440614625,0.06666190595208343,1.219375118279886,-0.14766382939861944,5.344830220817788,0.012055948967050867
berlin,link+k25,2,7,20,42,56,0.8034592542340605,8.682526807883617,-0.2503148540000861,0.6476595136930053,0.6873400697444686,0.8614036966948739,-0.08022994251437132,0.8214136941954987,0.8736625367467656,0.0006545982551982021,0.9359445852822509,0.9357184513395461,0.037002654098380106,4.864450226418175,0.08018233536853886,1.219375118279886,-0.1588512687416459,4.853083973176717,0.061333177269269123
berlin,link+k25,2,8,20,42,56,0.8034592542340605,8.779792630106313,0.7276913318647674,0.6420775758441342,0.6873400697444686,0.8528820175908404,-0.09843967579533686,0.8214136941954987,0.8706632865593126,-0.012127920400852088,0.9359445852822509,0.9351947727353875,0.034241439640089966,4.895518830470711,0.06649528094166934,1.219375118279886,-0.14125330838882655,5.270464232665388,0.012611927196114037
berlin,link+k25,2,9,20,42,56,0.8034592542340605,8.701541726119201,0.35470460802751014,0.6402447007295795,0.6873400697444686,0.8577855536115971,-0.08884683591007003,0.8214136941954987,0.8720319920019995,-0.007950393354042351,0.9359445852822509,0.9352423798812202,0.037288296973375656,4.924015621920958,0.07555254043631948,1.219375118279886,-0.15041952151413507,4.907472922912524,0.06226956165505948
berlin,link+k25d,2,0,20,42,56,0.8034592542340605,8.9014269418094,-0.7202840037962475,0.6042179931207674,0.6873400697444686,0.8469430261482248,-0.09409552373811303,0.8214136941954987,0.8659501791218862,-0.0014639197343521149,0.9359445852822509,0.9325406743552207,0.03425334142654812,5.243021793253334,0.08733530902988534,1.219375118279886,-0.16164786803101894,5.07841821730406,0.1270263943348744
berlin,link+k50,2,0,20,42,56,0.8034592542340605,8.671413971390091,-0.12429383131805727,0.6558241392032944,0.6873400697444686,0.8638078575594197,-0.07944442460813361,0.8214136941954987,0.8768998226633817,0.0020352054843432166,0.9359445852822509,0.9364325585270349,0.036383761202556486,4.716250394611927,0.07486223682174697,1.219375118279886,-0.14603940738511367,4.79841746416683,0.042225083396734364
berlin,link+k50,2,1,20,42,56,0.8034592542340605,8.678606647535554,-0.03934515510978539,0.6511348353387844,0.6873400697444686,0.8629985360802657,-0.0851334785351281,0.8214136941954987,0.8769831351685888,-0.0034515180728627026,0.9359445852822509,0.9367062996155723,0.03558634150986062,4.7933744253430035,0.08225324621225644,1.219375118279886,-0.16545460951260949,4.658917145304528,0.08014865102124413
berlin,link+k50,2,2,20,42,56,0.8034592542340605,8.686577451172042,0.4921420713969945,0.6556813177657966,0.6873400697444686,0.8583330357886719,-0.09513097915997182,0.8214136941954987,0.8722581259447043,-0.020102117327810864,0.9359445852822509,0.9385153711572107,0.033872484259887425,4.7438755193584425,0.08164625510289092,1.219375118279886,-0.16999439871904665,4.683216196991909,0.07002399484988597
berlin,link+k50,2,3,20,42,56,0.8034592542340605,8.681692409842844,-0.2732663128819959,0.6541221837397794,0.6873400697444686,0.8641530093667059,-0.08017043358208065,0.8214136941954987,0.8773877959081658,0.003760964520774568,0.9359445852822509,0.9386581925947085,0.03563394865569325,4.736793850599381,0.08324109448828271,1.219375118279886,-0.16209344571288353,4.624714017208442,0.09033183121671451
berlin,link+k50,2,4,20,42,56,0.8034592542340605,8.686038072492476,0.29559614800168454,0.6579307554063865,0.6873400697444686,0.8594399019292795,-0.09352423798812193,0.8214136941954987,0.8746265814498756,-0.015472322395591487,0.9359445852822509,0.9376465407457659,0.03500315397341136,4.69619705423281,0.08357434450911083,1.219375118279886,-0.16382289812951112,4.692069547210069,0.06850237022297656
berlin,link+k50,2,5,20,42,56,0.8034592542340605,8.698558846070213,0.29572493717094755,0.6559193534949596,0.6873400697444686,0.8600468930386451,-0.09167946108710912,0.8214136941954987,0.8745908760905012,-0.010866331036288535,0.9359445852822509,0.9375394246676426,0.03491984146820437,4.693348311152843,0.08067030861332286,1.219375118279886,-0.16015156854535806,4.767137768303443,0.05647568326798158
berlin,link+k50,2,6,20,42,56,0.8034592542340605,8.707154776666766,0.14396040945995645,0.6546696659168542,0.6873400697444686,0.8620106878042394,-0.08457409457159515,0.8214136941954987,0.8741267064186334,-0.007283893312386103,0.9359445852822509,0.9374799157353518,0.03433665393175511,4.739352978337613,0.07627854941026652,1.219375118279886,-0.13671205845760515,4.724794481569639,0.05311055188154734
berlin,link+k50,2,7,20,42,56,0.8034592542340605,8.681601506248635,0.2595321051626948,0.6571333357136906,0.6873400697444686,0.8597017412313588,-0.09209602361314428,0.8214136941954987,0.8734125992311446,-0.014401161614358227,0.9359445852822509,0.9376346389593078,0.03558634150986062,4.709640495568613,0.08390759452993896,1.219375118279886,-0.16970670336251703,4.733231109019998,0.06273775384795455
berlin,link+k50,2,8,20,42,56,0.8034592542340605,8.684774792542372,0.05284249673955365,0.6542173980314445,0.6873400697444686,0.8624986610490235,-0.08456219278513699,0.8214136941954987,0.876114304757144,-0.004582187786386638,0.9359445852822509,0.9361588174384975,0.03644327013484727,4.7146239655021205,0.08333630877994785,1.219375118279886,-0.1641222104507205,4.691341315821697,0.0675659858371862
berlin,link+k50,2,9,20,42,56,0.8034592542340605,8.697580251615197,-0.45933049054540054,0.6536818176408279,0.6873400697444686,0.8666404827364588,-0.07418383499363246,0.8214136941954987,0.8777091441425358,0.010794920317539702,0.9359445852822509,0.9368015139072374,0.03599100224943763,4.7007397033587255,0.08015853179562249,1.219375118279886,-0.15740951597522845,4.735020217230179,0.059957862702639364
berlin,link+k50d,2,0,20,42,56,0.8034592542340605,8.763204095451783,-0.5185634008692604,0.6290332178860046,0.6873400697444686,0.8563811428095357,-0.08499065709763032,0.8214136941954987,0.8668904202520799,-0.006046107520738864,0.9359445852822509,0.9336237369229121,0.03793099344211559,5.028373632737117,0.09120338962878324,1.219375118279886,-0.17405760281110028,4.7648328416036065,0.12193480423713932
berlin,link,3,0,20,34,52,0.8034402113757275,8.717124630948362,-0.7575384631985118,0.6422203972816319,0.6873400697444686,0.8595351162209448,-0.0775996477071208,0.8214136941954987,0.8725199652467835,0.012889634734173594,0.9359445852822509,0.9341712190999869,0.04035895787957766,4.909392279047072,0.09277442544125875,1.219375118279886,-0.17849872510957665,4.923543522218289,0.05600749107508629
berlin,link,3,0,10,34,52,0.8034402113757275,8.687747709252905,-0.6561220918818623,0.6543959248283168,0.6206424584330108,0.8357910522369407,-0.09403601480582235,0.7837921472012949,0.8533104819033337,0.008819223765487272,0.9055236190952262,0.908011092464979,0.05944942335844616,5.825875302884819,0.0887635234048631,1.3661136066370387,-0.1892023429746008,5.81431763730886,0.00845384448642128
berlin,link_reg,3,0,20,34,52,0.8034402113757275,8.717124630948362,-0.7575384631985118,0.6323062091619952,0.6873400697444686,0.8595232144344866,-0.07758774592066264,0.8214136941954987,0.8721391080801228,0.015365206317468294,0.9359445852822509,0.9359445852822509,0.06405541471774912,5.626416408778466,0.254483998048107,1.219375118279886,-0.36936541322355043,4.724495706179987,0.09820331245976477
berlin,link_reg,3,0,10,34,52,0.8034402113757275,8.687747709252905,-0.6561220918818623,0.6371026291046286,0.6206424584330108,0.8357910522369407,-0.09401221123290604,0.7837921472012949,0.8527272943668844,0.011592340010235569,0.9055236190952262,0.9055236190952262,0.09447638090477384,5.993316947825373,0.24714059580343012,1.3661136066370387,-0.38650157657488937,5.571865110227378,0.07524850586814469
berlin,link+k10,3,0,20,34,52,0.8034402113757275,8.785816569980051,0.16922618078681434,0.628569048214137,0.6873400697444686,0.8532866783304174,-0.09505956844122299,0.8214136941954987,0.8700681972364052,-0.0025112769426690607,0.9359445852822509,0.9346472905583127,0.03866890420252078,5.002471262629135,0.07955154068625703,1.219375118279886,-0.16959023019426112,5.289105247812153,0.03953297828758706
berlin,link+k10,3,1,20,34,52,0.8034402113757275,8.81439964558244,-0.6328098998083626,0.6352816557765321,0.6873400697444686,0.8600945001844776,-0.07335070994156223,0.8214136941954987,0.8705561704811893,0.015948393853917553,0.9359445852822509,0.9347306030635198,0.039561538186881795,4.881678490939811,0.07755204056128823,1.219375118279886,-0.15610824533859802,5.294597819756078,0.02033709837888442
berlin,link+k10,3,2,20,34,52,0.8034402113757275,8.829208909941128,0.74730250907971,0.6242963068756621,0.6873400697444686,0.8523345354137656,-0.0947263184203948,0.8214136941954987,0.8729127241999024,0.005046357458254547,0.9359445852822509,0.9348139155687268,0.038288047035860084,4.96629377618843,0.06454338796253317,1.219375118279886,-0.1380211721427438,5.643061943591902,-0.006232808567917081
berlin,link+k10,3,3,20,34,52,0.8034402113757275,8.843209894884856,-0.028543986866653964,0.6219159495840325,0.6873400697444686,0.8539174730126992,-0.09109627355065986,0.8214136941954987,0.8729127241999024,0.011949393603979952,0.9359445852822509,0.9349805405791409,0.03895454707751633,5.083287574614068,0.09436926482665048,1.219375118279886,-0.2023398194738233,5.033581464519489,0.10443612102768185
berlin,link+k10,3,4,20,34,52,0.8034402113757275,8.821702383728704,-0.6098239961825748,0.6315682984015901,0.6873400697444686,0.8600825983980196,-0.07783768343628372,0.8214136941954987,0.8713892955332595,0.010306947072755701,0.9359445852822509,0.9348496209281013,0.03884743099939303,4.96853579546994,0.083990907035146,1.219375118279886,-0.1701404009096128,5.320078995014796,0.0335635278281734
berlin,link+k10,3,5,20,34,52,0.8034402113757275,8.816598451285024,-1.152960580904085,0.6311160305161805,0.6873400697444686,0.8640339915021245,-0.06634055771771341,0.8214136941954987,0.8737815546113472,0.02824293926518373,0.9359445852822509,0.9345520762666476,0.04019233286916368,4.948405540870796,0.08030135323312032,1.219375118279886,-0.16596220763816172,5.028514283338446,0.062123251594779605
berlin,link+k10,3,6,20,34,52,0.8034402113757275,8.807880784535689,-0.2426157056593948,0.6230228157246402,0.6873400697444686,0.8583092322157556,-0.08268171052474971,0.8214136941954987,0.8717939562728365,0.00371335737494205,0.9359445852822509,0.9351114602301805,0.03999000249937512,5.008076069322343,0.0864902821913569,1.219375118279886,-0.16951693071951657,5.025919812234191,0.08316263826300707
berlin,link+k10,3,7,20,34,52,0.8034402113757275,8.771356482590551,0.18128926466570341,0.6289975125266303,0.6873400697444686,0.8566072767522405,-0.08662120184239652,0.8214136941954987,0.8729841349186513,0.013091965103962155,0.9359445852822509,0.9351828709489294,0.03913307387438858,5.010472643538745,0.0698396829364088,1.219375118279886,-0.15543500205009986,5.519618542683547,-0.0018727687715807129
berlin,link+k10,3,8,20,34,52,0.8034402113757275,8.829118394678,1.12930756970129,0.628497637495388,0.6873400697444686,0.8438961688149391,-0.11561395365444349,0.8214136941954987,0.8641173040073316,-0.03326549315052185,0.9359445852822509,0.9350400495114317,0.03665750229109388,5.006864518155342,0.09082253246212257,1.219375118279886,-0.1883218889044882,5.163982062115027,0.05375431614677817
berlin,link+k10,3,9,20,34,52,0.8034402113757275,8.893868972863169,0.8705719980876682,0.6214755834850811,0.6873400697444686,0.8529058211637567,-0.09217933611835127,0.8214136941954987,0.8730317420644839,0.005070161031170861,0.9359445852822509,0.9348972280739339,0.03908546672855595,5.055726781548876,0.062020209233405954,1.219375118279886,-0.13526180864399961,5.565161488044361,0.0014923626148533042
berlin,link+k10d,3,0,20,34,52,0.8034402113757275,9.227522727862233,-0.7042347589365346,0.5759274467097512,0.6873400697444686,0.8282215160495591,-0.1145784982325847,0.8214136941954987,0.8636174289760893,-0.0007736161197795521,0.9359445852822509,0.9303626474333797,0.028719010723509575,5.493306954030015,0.09813022934742505,1.219375118279886,-0.15597650147118425,5.568929546940119,0.10788903845028375
berlin,link+k25,3,0,20,34,52,0.8034402113757275,8.763347508338436,0.04102853221465965,0.643684317015984,0.6873400697444686,0.8588329108199141,-0.08879922876423751,0.8214136941954987,0.8730793492103165,-0.008569286249866082,0.9359445852822509,0.9363968531676604,0.03868080598897894,4.850375007386937,0.0890491662798586,1.219375118279886,-0.17897940769423726,5.011084166062486,0.04345408790308425
berlin,link+k25,3,1,20,34,52,0.8034402113757275,8.750423386898634,0.34744837329936606,0.6438271384534818,0.6873400697444686,0.8560716963616238,-0.09544042560788368,0.8214136941954987,0.8729127241999024,-0.01199700074981247,0.9359445852822509,0.9363254424489116,0.03839516311398339,4.868183817443548,0.08785898763404382,1.219375118279886,-0.17537696938194958,5.0304592494012645,0.04617545502428744
berlin,link+k25,3,2,20,34,52,0.8034402113757275,8.705946852436078,-0.10852448810563131,0.6408397900524869,0.6873400697444686,0.8582140179240904,-0.08663310362885468,0.8214136941954987,0.876518965496721,0.00808131300508208,0.9359445852822509,0.9363849513812024,0.03876411849418593,4.889966278504613,0.08455029099867895,1.219375118279886,-0.1746382291533719,4.899684560888308,0.07397436647743905
berlin,link+k25,3,3,20,34,52,0.8034402113757275,8.70611039989561,-0.18967739871333236,0.6440651741826449,0.6873400697444686,0.8595946251532355,-0.08258649623308456,0.8214136941954987,0.874007688554052,0.009164375572773498,0.9359445852822509,0.9356708441937135,0.03916877923376294,4.875184000193435,0.07579057616548246,1.219375118279886,-0.15736533597954772,5.161910183367095,0.02405337390998996
berlin,link+k25,3,4,20,34,52,0.8034402113757275,8.711288511903598,-0.16534098301949368,0.6401613882243725,0.6873400697444686,0.860356339486557,-0.08556194284762142,0.8214136941954987,0.873115054569691,-0.0010116518489424742,0.9359445852822509,0.9355875316885064,0.038942645291058176,4.906985195012807,0.08883493412361193,1.219375118279886,-0.17471276454764184,4.887350767524422,0.07333060221220822
berlin,link+k25,3,5,20,34,52,0.8034402113757275,8.700542414048492,-0.03920817893326858,0.645612406422204,0.6873400697444686,0.8565834731793243,-0.09057259494650138,0.8214136941954987,0.8741148046321753,-0.004010902036395647,0.9359445852822509,0.9369443353447352,0.03825234167648561,4.800344884178584,0.09134621106628105,1.219375118279886,-0.1759720184819613,4.809405811302637,0.0679171299818575
berlin,link+k25,3,6,20,34,52,0.8034402113757275,8.852415711360335,1.1188834616977477,0.6382332988181526,0.6873400697444686,0.8477404458409207,-0.10850858713892952,0.8214136941954987,0.8708537151426429,-0.015817474202877824,0.9359445852822509,0.936515871032242,0.035610145082776934,4.915486616809245,0.0685185846395544,1.219375118279886,-0.15831575522921448,5.443697098521623,0.0012290045063498845
berlin,link+k25,3,7,20,34,52,0.8034402113757275,8.695206785868901,-0.21813707001329222,0.6483260137346616,0.6873400697444686,0.8595351162209448,-0.08381238023827375,0.8214136941954987,0.8745194653717523,0.0018685804739291267,0.9359445852822509,0.9363135406624534,0.03888313635876739,4.850006494769384,0.08369336237369224,1.219375118279886,-0.1692951045390334,4.9104376924527795,0.05088663896529533
berlin,link+k25,3,8,20,34,52,0.8034402113757275,8.7981361285353,0.7933336634188427,0.6423156115732972,0.6873400697444686,0.8517513478773164,-0.1018792920817414,0.8214136941954987,0.8716035276895062,-0.01104485783316067,0.9359445852822509,0.9362421299437046,0.036431368348389115,4.871162129306454,0.06868520964996849,1.219375118279886,-0.1527551082640577,5.350972610204947,0.0013753145666295374
berlin,link+k25,3,9,20,34,52,0.8034402113757275,8.713769719493106,0.350631073745992,0.6403756203806191,0.6873400697444686,0.855916973137668,-0.09200080932147914,0.8214136941954987,0.8729484295592769,-0.008390759452993835,0.9359445852822509,0.9359921924280834,0.03929969888480256,4.920834177149011,0.08369336237369229,1.219375118279886,-0.16319749116902482,4.904124814308003,0.0594896705097443
berlin,link+k25d,3,0,20,34,52,0.8034402113757275,8.948024534682611,-0.5910849787822258,0.6006712607562396,0.6873400697444686,0.8400875971483319,-0.10325989931088653,0.8214136941954987,0.8674021970697802,-0.0011544732864402496,0.9359445852822509,0.9331000583187536,0.036145725473393564,5.300906792407532,0.09570226490996298,1.219375118279886,-0.1679528190336721,5.16633161174649,0.12415871715339155
berlin,link+k50,3,0,20,34,52,0.8034402113757275,8.684426368955789,-0.09950481618972772,0.6564192285262018,0.6873400697444686,0.8617726520750765,-0.08269361231120786,0.8214136941954987,0.8791968674498042,0.005784268218659627,0.9359445852822509,0.9372418800061889,0.038407064900441545,4.697371685136893,0.07842087097273304,1.219375118279886,-0.1568687109589857,4.829289931520664,0.0351144144671387
berlin,link+k50,3,1,20,34,52,0.8034402113757275,8.693083621591569,-0.050978176326685505,0.6504445317242118,0.6873400697444686,0.8615227145594554,-0.08891824662881898,0.8214136941954987,0.8777329477154521,-0.002773116244748297,0.9359445852822509,0.9375632282405589,0.03768105592649451,4.782828242524716,0.0879184965663346,1.219375118279886,-0.17634870866086527,4.707588938271837,0.07368174635687952
berlin,link+k50,3,2,20,34,52,0.8034402113757275,8.69909150697198,0.46694777314442204,0.6567048714011973,0.6873400697444686,0.8567858035491127,-0.09846347936825317,0.8214136941954987,0.8736149296009331,-0.019673653015317538,0.9359445852822509,0.9392770854905321,0.03639566298901464,4.737952569843422,0.08871591625903053,1.219375118279886,-0.1826897954437643,4.718856238168365,0.06507871481243055
berlin,link+k50,3,3,20,34,52,0.8034402113757275,8.69680489591413,-0.2955270539619643,0.6540745765939467,0.6873400697444686,0.8622606253198605,-0.08334821056640596,0.8214136941954987,0.8788041084966853,0.0036300448697349497,0.9359445852822509,0.9392413801311577,0.037454921983789746,4.729496442106633,0.0882398448007046,1.219375118279886,-0.17422683154697927,4.625553248129474,0.08769825013167898
berlin,link+k50,3,4,20,34,52,0.8034402113757275,8.699975153759988,0.3055436504736385,0.6580378714845099,0.6873400697444686,0.8589757322574119,-0.0947025148474786,0.8214136941954987,0.8757572511633996,-0.01641256352578513,0.9359445852822509,0.9380750050582592,0.037169279108794195,4.683726195221701,0.08809702336320682,1.219375118279886,-0.17554010149227284,4.704731137630812,0.06235734769122714
berlin,link+k50,3,5,20,34,52,0.8034402113757275,8.708646521389761,0.2740384113654261,0.6561573892241226,0.6873400697444686,0.8585472679449185,-0.09379797907665932,0.8214136941954987,0.8767927065852584,-0.009211982718606015,0.9359445852822509,0.9379559871936778,0.037502529129622375,4.6625657779173855,0.08488354101950707,1.219375118279886,-0.17022093715025588,4.788607200644531,0.05530520278574347
berlin,link+k50,3,6,20,34,52,0.8034402113757275,8.724302048402853,0.13930001734565484,0.6549791123647659,0.6873400697444686,0.860772902012592,-0.0877161661965461,0.8214136941954987,0.8754359029290296,-0.007117268301972124,0.9359445852822509,0.9384082550790873,0.03650277906713795,4.712731889973601,0.08000380857166661,1.219375118279886,-0.1483890187932273,4.7677748514140115,0.04933575232633003
berlin,link+k50,3,7,20,34,52,0.8034402113757275,8.696448217213614,0.27194694397170316,0.6573475678699373,0.6873400697444686,0.8576665357470157,-0.09505956844122299,0.8214136941954987,0.8745432689446686,-0.015484224182049644,0.9359445852822509,0.9382059247092989,0.03777627021815977,4.693678718973275,0.08877542519132126,1.219375118279886,-0.18239279184255142,4.74073459015148,0.05591970503891841
berlin,link+k50,3,8,20,34,52,0.8034402113757275,8.699690136057914,0.09469060244511465,0.6540983801668631,0.6873400697444686,0.8606776877209269,-0.08750193404029938,0.8214136941954987,0.8777805548612847,-0.00470120565096821,0.9359445852822509,0.9370157460634841,0.038609395270229996,4.702999568241474,0.0893467109413123,1.219375118279886,-0.17469265540249834,4.716722797506176,0.05861181014806571
berlin,link+k50,3,9,20,34,52,0.8034402113757275,8.712541312997654,-0.4276800597234444,0.6540983801668631,0.6873400697444686,0.8647004915437807,-0.07724259411337642,0.8214136941954987,0.8784232513300246,0.013675152640411414,0.9359445852822509,0.9375394246676426,0.037823877363992287,4.682036521075466,0.08358624629556899,1.219375118279886,-0.1675405723773815,4.781017471259118,0.049365014338385915
berlin,link+k50d,3,0,20,34,52,0.8034402113757275,8.772729067388122,-0.681374591512975,0.6330798252817748,0.6873400697444686,0.8577379464657645,-0.08220563906642386,0.8214136941954987,0.8705442686947311,0.0027255090989157793,0.9359445852822509,0.934266433391652,0.040097118577498425,4.999169212337908,0.0948096309256019,1.219375118279886,-0.18019349759284564,4.7977341679305585,0.10452390706384973
berlin,link,4,0,20,44,87,0.8032938194022923,8.702059426422284,-0.7826180072755179,0.6432915580628652,0.6873400697444686,0.8630461432260982,-0.074064817129051,0.8214136941954987,0.8723057330905369,0.010985348900870107,0.9359445852822509,0.9350638530843479,0.04267980623891643,4.858822287014099,0.07962295140500592,1.219375118279886,-0.15842091580895334,4.97058380738128,0.057148709545268295
berlin,link,4,0,10,44,87,0.8032938194022923,8.673457588837834,-0.6876060033481889,0.6537056212137442,0.6206424584330108,0.8419799811951774,-0.08641887147260807,0.7837921472012949,0.8541317051689459,0.00647457183323219,0.9055236190952262,0.9092131728972519,0.06222253960319446,5.757832852124752,0.07825424596231895,1.3661136066370387,-0.17705826092483123,5.905628506597511,0.008918341436224608
berlin,link_reg,4,0,20,44,87,0.8032938194022923,8.702059426422284,-0.7826180072755179,0.6307351733495198,0.6873400697444686,0.8630461432260982,-0.074064817129051,0.8214136941954987,0.8721629116530392,0.012175527546684828,0.9359445852822509,0.9359445852822509,0.06405541471774912,5.604304918547791,0.2454624439128313,1.219375118279886,-0.3503167408554616,4.757686353025114,0.10557733949786385
berlin,link_reg,4,0,10,44,87,0.8032938194022923,8.673457588837834,-0.6876060033481889,0.6334725842348936,0.6206424584330108,0.8419918829816355,-0.08640696968614991,0.7837921472012949,0.853893669439783,0.007593339760298079,0.9055236190952262,0.9055236190952262,0.09447638090477384,5.962029743126895,0.23496506825674532,1.3661136066370387,-0.3705783190947245,5.620624456622789,0.08444554547425143
berlin,link+k10,4,0,20,44,87,0.8032938194022923,8.771656568418479,0.2469109739921681,0.6295568964901632,0.6873400697444686,0.8565239642470335,-0.09251258613917945,0.8214136941954987,0.868604277502053,-0.00783137548946089,0.9359445852822509,0.9348139155687268,0.03864510062960447,4.953837086686503,0.07125599552492828,1.219375118279886,-0.1532875858790863,5.353442128970311,0.03801135366067765
berlin,link+k10,4,1,20,44,87,0.8032938194022923,8.784246552844591,-0.5486787602447422,0.6366146558598446,0.6873400697444686,0.8621773128146535,-0.07191059378012632,0.8214136941954987,0.8696992418562026,0.011782768593565973,0.9359445852822509,0.9354209066780924,0.04087073469727809,4.838393633998757,0.06611442377500859,1.219375118279886,-0.1364516552772166,5.339557836744937,0.02188798501784972
berlin,link+k10,4,2,20,44,87,0.8032938194022923,8.81799420488972,0.7906760289284182,0.6255578962402256,0.6873400697444686,0.8535723212054129,-0.09351233620166377,0.8214136941954987,0.8718534652051273,-0.0008688304114446987,0.9359445852822509,0.9346829959176872,0.0391806810202211,4.919455160977774,0.05305816403042096,1.219375118279886,-0.11880015567553692,5.680952787554823,-0.006203546555861195
berlin,link+k10,4,3,20,44,87,0.8032938194022923,8.824901596686367,-0.036833732294286256,0.6230466192975566,0.6873400697444686,0.8575832232418086,-0.08731150545696909,0.8214136941954987,0.8723295366634531,0.008343152307161317,0.9359445852822509,0.935706549553088,0.04089453827019429,5.0158126273974135,0.08365765701431788,1.219375118279886,-0.18313005067259325,4.992556605826266,0.10630888979926256
berlin,link+k10,4,4,20,44,87,0.8032938194022923,8.795992877845146,-0.564119092231949,0.6320086645005415,0.6873400697444686,0.8620225895906976,-0.07585008509777313,0.8214136941954987,0.870056295449947,0.0070934647290559205,0.9359445852822509,0.9351352638030969,0.039228288166053726,4.918347549762919,0.07525499577486577,1.219375118279886,-0.15106305224727556,5.311029536519113,0.03473400831041151
berlin,link+k10,4,5,20,44,87,0.8032938194022923,8.790623718708693,-1.0804051120156601,0.6321871912974137,0.6873400697444686,0.8658073576843884,-0.06504326299377527,0.8214136941954987,0.8733292867259376,0.022815724640268598,0.9359445852822509,0.9354804156103831,0.042525083014960496,4.889792194638682,0.06983968293640874,1.219375118279886,-0.1479538236198208,5.03561694704333,0.06007491075086313
berlin,link+k10,4,6,20,44,87,0.8032938194022923,8.792060290911278,-0.16335164745732228,0.6221539853131955,0.6873400697444686,0.8617488485021602,-0.08052748717582503,0.8214136941954987,0.8700086883041145,-0.002713607312457511,0.9359445852822509,0.9353971031051761,0.0412753954368551,4.955574885281988,0.07881362992585186,1.219375118279886,-0.15759854979223298,4.976604038927165,0.09738397612219818
berlin,link+k10,4,7,20,44,87,0.8032938194022923,8.758876442286363,0.1998209013751798,0.6286047535735114,0.6873400697444686,0.8579997857678437,-0.0847764249413836,0.8214136941954987,0.8732340724342724,0.009818973827971589,0.9359445852822509,0.9363016388759953,0.040751716832696516,4.965625157230987,0.05824734292617323,1.219375118279886,-0.13228652270943897,5.623140239074727,-0.005208638145958955
berlin,link+k10,4,8,20,44,87,0.8032938194022923,8.813308105246069,1.1433346285400958,0.6301281822401542,0.6873400697444686,0.849216267361731,-0.10891324787850654,0.8214136941954987,0.8631532593042216,-0.03299175206198446,0.9359445852822509,0.9347187012770617,0.03555063615048615,4.944792828526046,0.08119398721748133,1.219375118279886,-0.17008552350615713,5.151173645514918,0.05644642125592547
berlin,link+k10,4,9,20,44,87,0.8032938194022923,8.879095399834977,0.890604101489345,0.621308958474667,0.6873400697444686,0.8556551338355888,-0.08985848775901262,0.8214136941954987,0.872317634876995,0.0011901786458148322,0.9359445852822509,0.9354566120374668,0.040716011473322156,4.996022706335354,0.0515109317908618,1.219375118279886,-0.11631490734147598,5.576621885586928,0.0023702229765318883
berlin,link+k10d,4,0,20,44,87,0.8032938194022923,9.109420945190712,-0.7438939921038917,0.5896383047095369,0.6873400697444686,0.8476452315492555,-0.09003701455588475,0.8214136941954987,0.8689732328822556,0.011866081098772963,0.9359445852822509,0.9326120850739696,0.035610145082776934,5.392162072976871,0.07911117458730554,1.219375118279886,-0.13975847653643103,5.2819810898907145,0.1228126645988179
berlin,link+k25,4,0,20,44,87,0.8032938194022923,8.738800157843597,0.0737849411986215,0.6453386653336666,0.6873400697444686,0.8620463931636139,-0.08603801430594726,0.8214136941954987,0.872234322371788,-0.009914188119636735,0.9359445852822509,0.9374323085895193,0.04050177931707544,4.7923545654726745,0.07918258530605443,1.219375118279886,-0.16165941800011674,5.0282355897975215,0.045385380698776956
berlin,link+k25,4,1,20,44,87,0.8032938194022923,8.738588039092551,0.34221725688849075,0.6443151116982659,0.6873400697444686,0.8596065269396936,-0.09145332714440435,0.8214136941954987,0.872151009866581,-0.011354304281072536,0.9359445852822509,0.9373489960843122,0.040347056093119504,4.814019866305322,0.07727829947275083,1.219375118279886,-0.15718325162828872,5.023412165157972,0.05024287470006428
berlin,link+k25,4,2,20,44,87,0.8032938194022923,8.6949492473476,-0.170025341852599,0.640363718594161,0.6873400697444686,0.8619868842313231,-0.08150343366539314,0.8214136941954987,0.8756620368717345,0.006224634317611111,0.9359445852822509,0.9372656835791052,0.041001654348317706,4.828481589177187,0.07352923673843448,1.219375118279886,-0.15551734519653615,4.893095194076014,0.07488148885117352
berlin,link+k25,4,3,20,44,87,0.8032938194022923,8.693383683497542,-0.22194231329835143,0.6454219778388736,0.6873400697444686,0.8624391521167327,-0.0798847907070851,0.8214136941954987,0.874091001059259,0.005891384296783042,0.9359445852822509,0.9365872817509908,0.041251591863938786,4.819871628733239,0.06515037907189869,1.219375118279886,-0.1394006842587927,5.175869353466339,0.02244396324691289
berlin,link+k25,4,4,20,44,87,0.8032938194022923,8.693535389241392,-0.08492579905918428,0.6408159864795706,0.6873400697444686,0.8636055271896311,-0.08297925518620342,0.8214136941954987,0.8728294116946954,-0.002535080515585375,0.9359445852822509,0.9365634781780745,0.040799323978529145,4.840854352940841,0.07781387986336752,1.219375118279886,-0.15732117901125187,4.882550638840788,0.07514484695967694
berlin,link+k25,4,5,20,44,87,0.8032938194022923,8.684798473305806,-0.040444617899878875,0.6455052903440807,0.6873400697444686,0.8608324109448828,-0.08620463931636135,0.8214136941954987,0.8740433939134264,-0.003772866307232725,0.9359445852822509,0.9378845764749288,0.0402399400149962,4.753008758704781,0.07880172813939373,1.219375118279886,-0.15832705890372378,4.827445922065182,0.0718089775852988
berlin,link+k25,4,6,20,44,87,0.8032938194022923,8.832780393629973,1.0833067310824778,0.6391497363754299,0.6873400697444686,0.8528106068720915,-0.10241487247235803,0.8214136941954987,0.8705680722676473,-0.017578938598683647,0.9359445852822509,0.9374442103759775,0.036800323728591655,4.859180796790603,0.06191309315528265,1.219375118279886,-0.1402346441260791,5.405424061110891,0.007169192953707437
berlin,link+k25,4,7,20,44,87,0.8032938194022923,8.684736152726579,-0.27944551431814957,0.6486473619690315,0.6873400697444686,0.8634508039656752,-0.07920638887897069,0.8214136941954987,0.8748289118196642,0.0033205984218231954,0.9359445852822509,0.9373370942978541,0.04109686863998285,4.798774111415347,0.07286273669677823,1.219375118279886,-0.15104808961089367,4.940086649025723,0.048926084157546734
berlin,link+k25,4,8,20,44,87,0.8032938194022923,8.782356094824447,0.7498209063083309,0.6431487366253674,0.6873400697444686,0.855190964163721,-0.09705906856619173,0.8214136941954987,0.8709965365801406,-0.013532331202913528,0.9359445852822509,0.9369919424905678,0.03763344878066199,4.820266965763198,0.062163030670903674,1.219375118279886,-0.13530173170186566,5.288196740453603,0.007754433194826493
berlin,link+k25,4,9,20,44,87,0.8032938194022923,8.697046246190524,0.36178160863609077,0.642470334797253,0.6873400697444686,0.85995167874698,-0.08787088942050192,0.8214136941954987,0.8727818045488628,-0.008343152307161206,0.9359445852822509,0.9370752549957748,0.041192082931648,4.848173224393647,0.07226764737387081,1.219375118279886,-0.14615637520200808,4.93320337815505,0.05644642125592547
berlin,link+k25d,4,0,20,44,87,0.8032938194022923,8.844900828279572,-0.5312697253199913,0.6140012615893645,0.6873400697444686,0.8557027409814213,-0.08519298746741877,0.8214136941954987,0.8683186346270575,-0.0009045357708191704,0.9359445852822509,0.9350757548708061,0.04204901155663465,5.129201381834861,0.07782578164982565,1.219375118279886,-0.16051010152654732,4.940617318209533,0.1253877216597412
berlin,link+k50,4,0,20,44,87,0.8032938194022923,8.668807047003371,-0.1205482499156102,0.6574308803751443,0.6873400697444686,0.8656050273145999,-0.07919448709251253,0.8214136941954987,0.8783161352519013,0.003951393104104972,0.9359445852822509,0.9380988086311756,0.04040656502541029,4.64541966299766,0.06835195962914031,1.219375118279886,-0.13910490509775197,4.89156116116073,0.032334523321823516
berlin,link+k50,4,1,20,44,87,0.8032938194022923,8.677674509091615,-0.03726352383719785,0.6519679603908547,0.6873400697444686,0.8652003665750229,-0.08431225526951591,0.8214136941954987,0.8777805548612847,-0.003653848442651153,0.9359445852822509,0.9384082550790873,0.0392877970983444,4.723459721542978,0.07765915663941159,1.219375118279886,-0.15841054110535402,4.665282715465992,0.07660794756247435
berlin,link+k50,4,2,20,44,87,0.8032938194022923,8.685015537860368,0.5178041445021339,0.6570619249949418,0.6873400697444686,0.860201616262601,-0.0942383451756108,0.8214136941954987,0.8726151795384487,-0.02019733161947601,0.9359445852822509,0.9400507016103117,0.03769295771295267,4.671997130153308,0.07762345128003717,1.219375118279886,-0.16378249938932798,4.763953989395974,0.06361561420963313
berlin,link+k50,4,3,20,44,87,0.8032938194022923,8.680912375086338,-0.2746284524898251,0.6549553087918497,0.6873400697444686,0.8658430630437629,-0.07955154068625692,0.8214136941954987,0.8791373585175135,0.003415812713488342,0.9359445852822509,0.940157817688435,0.0393711096035515,4.665403946021121,0.07784958522274193,1.219375118279886,-0.1560241905396078,4.630503610463919,0.08878094457774921
berlin,link+k50,4,4,20,44,87,0.8032938194022923,8.684479072952094,0.30241506916007,0.659347067994906,0.6873400697444686,0.861653634210495,-0.09140571999857172,0.8214136941954987,0.8748884207519548,-0.016757715333071466,0.9359445852822509,0.9388248176051225,0.037871484509824915,4.625106084883912,0.07869461206127037,1.219375118279886,-0.15813563261882613,4.731196322463888,0.06335225610112949
berlin,link+k50,4,5,20,44,87,0.8032938194022923,8.693269157077802,0.28556434867439284,0.6566691660418229,0.6873400697444686,0.8623915449709001,-0.08969186274859853,0.8214136941954987,0.8757334475904833,-0.010580688161292984,0.9359445852822509,0.9388486211780388,0.03846657383273222,4.613541191637826,0.0747194153842492,1.219375118279886,-0.15392346626172349,4.821903459531097,0.054983320653128054
berlin,link+k50,4,6,20,44,87,0.8032938194022923,8.71002186180153,0.1430885691508995,0.6565620499636996,0.6873400697444686,0.8638197593458778,-0.08312207662370119,0.8214136941954987,0.8749955368300782,-0.0073910093905095176,0.9359445852822509,0.9391699694124088,0.037788172004617926,4.669598024925125,0.06964925435307837,1.219375118279886,-0.12935962675586654,4.78261758629775,0.04831158190437179
berlin,link+k50,4,7,20,44,87,0.8032938194022923,8.679646847661687,0.25839437913064434,0.658692469739708,0.6873400697444686,0.8611299556063365,-0.09128670213399026,0.8214136941954987,0.8742695278561312,-0.015234286666428565,0.9359445852822509,0.939181871198867,0.03920448459313741,4.64386518501888,0.08024184430082959,1.219375118279886,-0.16500690856110678,4.73354329201695,0.06153801135366077
berlin,link+k50,4,8,20,44,87,0.8032938194022923,8.683612529698962,0.06720887780476724,0.6553599695314267,0.6873400697444686,0.8642006165125385,-0.08331250520703148,0.8214136941954987,0.8766498851477607,-0.004237035979100412,0.9359445852822509,0.9379083800478452,0.04066840432748953,4.643555728876391,0.07724259411337642,1.219375118279886,-0.15647164308926476,4.720390571653953,0.06209398958272372
berlin,link+k50,4,9,20,44,87,0.8032938194022923,8.699822179756243,-0.476960016428074,0.6551695409480963,0.6873400697444686,0.8682829292676831,-0.0738743885457207,0.8214136941954987,0.878696992418562,0.011401911426905276,0.9359445852822509,0.9384677640113781,0.04015662750978921,4.624030555232194,0.07331500458218776,1.219375118279886,-0.15007674603224053,4.771774161671901,0.05170597530286192
berlin,link+k50d,4,0,20,44,87,0.8032938194022923,8.733109105546832,-0.5151254717120651,0.636400423703598,0.6873400697444686,0.8614275002677902,-0.07927779959771952,0.8214136941954987,0.8688661168041323,-0.0031658751978671518,0.9359445852822509,0.9351352638030969,0.04206091334309281,4.915135025500323,0.08446697849347184,1.219375118279886,-0.16661715778397945,4.7547936225898715,0.098086264411541
chicago,link,0,0,20,112,46,0.8073756412203928,8.35434589807523,-1.1186716681275322,0.7093679524182335,0.76657824933687,0.8985381927809393,-0.07708666845838352,0.8361163369518223,0.9160074317297467,-0.003528903118755755,0.9322380490540904,0.9345867560967059,0.03535914184554623,4.0563271366545175,0.027892356769768284,1.0307256587937446,-0.011211265315183683,7.484150868756205,-0.11527804137407482
chicago,link,0,0,10,112,46,0.8073756412203928,8.071651675811337,-0.8271841215017983,0.6687972516622068,0.6879140910737447,0.8883604622629383,-0.07462111031912033,0.7814417088304374,0.9029434791245515,0.003225090267472086,0.8733450963437291,0.9064022715853188,0.05298028721999559,5.251500267898516,0.04314142488227252,1.2119281814155816,-0.06298980575483792,10.592073779827066,-0.1953970777500189
chicago,link_reg,0,0,20,112,46,0.8073756412203928,8.35434589807523,-1.1186716681275322,0.7016674651491605,0.76657824933687,0.8985381927809393,-0.07708666845838352,0.8361163369518223,0.9147337547762886,-0.0010633449794926753,0.9322380490540904,0.932635342782692,0.06318138795732597,4.53515016843783,0.17524158964231878,1.0307256587937446,-0.20857187897430762,7.146468126251577,-0.06524957297399891
chicago,link_reg,0,0,10,112,46,0.8073756412203928,8.071651675811337,-0.8271841215017983,0.6405893969314902,0.6879140910737447,0.8883604622629383,-0.07462111031912033,0.7814417088304374,0.9019151894740532,0.004767524743219731,0.8733450963437291,0.8805080685682235,0.11488799822386342,5.250008524284995,0.15050421248203416,1.2119281814155816,-0.24577326541891065,10.371885779988107,-0.1567491861609509
chicago,link+k10,0,0,20,112,46,0.8073756412203928,8.362224653306368,-0.22337786199595275,0.6292431554470139,0.76657824933687,0.8978487713107187,-0.07936526484301054,0.8361163369518223,0.9163462999100247,-0.00949999415744518,0.9322380490540904,0.9341427219294454,0.03147968543684787,4.18290154057732,0.028885591091272388,1.0307256587937446,0.0010681949123851897,8.626245833931534,-0.12943632567849683
chicago,link+k10,0,1,20,112,46,0.8073756412203928,8.446210582796557,0.5883975759287394,0.6078243494315194,0.76657824933687,0.8906040033185711,-0.09273303029948932,0.8361163369518223,0.9135301884808189,-0.028067633414739612,0.9322380490540904,0.9332312833755945,0.017971698664391966,4.3119426899906275,0.03471646081398472,1.0307256587937446,-0.05220923384872089,9.26613795069659,-0.07773771114063388
chicago,link+k10,0,2,20,112,46,0.8073756412203928,8.420959627019094,-0.016833039273359447,0.5769990301358978,0.76657824933687,0.8939459446826908,-0.08513770901739914,0.8361163369518223,0.9153296953691911,-0.017831477348414948,0.9322380490540904,0.9321095128477781,0.0230897766975543,4.353279570912335,0.04228841187674548,1.0307256587937446,-0.05248696237389339,8.527395972506252,-0.06889352818371608
chicago,link+k10,0,3,20,112,46,0.8073756412203928,8.32190276579157,-0.13382488967540343,0.63513245071805,0.76657824933687,0.8956753409130744,-0.08046366515149739,0.8361163369518223,0.9155867677818156,-0.008974164222531278,0.9322380490540904,0.93415440703911,0.0302994893607077,4.208425666492065,0.027202935299547787,1.0307256587937446,0.02069837279507225,8.877402898120387,-0.1377490985006643
chicago,link+k10,0,4,20,112,46,0.8073756412203928,8.32724003718539,0.179279724175724,0.6175814160015892,0.76657824933687,0.8935369658444244,-0.08608420290024421,0.8361163369518223,0.9143247759380222,-0.020589163229296936,0.9322380490540904,0.9334883557882191,0.024678951611960875,4.303576140874596,0.027670339686137954,1.0307256587937446,-0.03953666763133146,8.311063813133845,-0.08768267223382042
chicago,link+k10,0,5,20,112,46,0.8073756412203928,8.372628193800264,0.6605923721357672,0.651386438261723,0.76657824933687,0.8930695614578342,-0.08706575211208356,0.8361163369518223,0.915282954930532,-0.020238609939354335,0.9322380490540904,0.9328223045373281,0.0244101940896716,4.2815518173482525,0.03135114923053553,1.0307256587937446,-0.013827506477684048,8.013718409805831,-0.10969823495919528
chicago,link+k10,0,6,20,112,46,0.8073756412203928,8.409047583706117,0.5716863360015686,0.5986515383446873,0.76657824933687,0.8908377055118663,-0.09041937858586802,0.8361163369518223,0.9128173967912688,-0.028429871814346974,0.9322380490540904,0.9308475210039846,0.016359153530655868,4.378139142428138,0.040091611259771676,1.0307256587937446,-0.0470458607864469,8.454890005553432,-0.06885557031694822
chicago,link+k10,0,7,20,112,46,0.8073756412203928,8.526803791256562,-0.8962115550170119,0.602040220147466,0.76657824933687,0.8983161756973089,-0.07779946014793349,0.8361163369518223,0.9151544187242198,-0.007677117049743498,0.9322380490540904,0.9345867560967059,0.02916603372322646,4.647415811314381,0.06401103074352352,1.0307256587937446,0.0011366579736968863,10.021563625447012,-0.10062630480167012
chicago,link+k10,0,8,20,112,46,0.8073756412203928,8.540744271814873,-0.8906473050414622,0.6187031865294056,0.76657824933687,0.8984096565746269,-0.0782902347538531,0.8361163369518223,0.9176900875214714,-0.005141448252491854,0.9322380490540904,0.9342946283550871,0.02983208497411749,4.316550997346229,0.027144509751224014,1.0307256587937446,0.016478332081147018,9.377892476122923,-0.12249003605997344
chicago,link+k10,0,9,20,112,46,0.8073756412203928,8.39431455204961,-0.49329749424765057,0.6019233690508186,0.76657824933687,0.8991107631545122,-0.07581299150492526,0.8361163369518223,0.9155867677818156,-0.005912665490365621,0.9322380490540904,0.9347854029610068,0.030743523527968275,4.3632151918485285,0.03958915154418725,1.0307256587937446,-0.0036657440728069535,9.24999525138401,-0.10681343708483582
chicago,link+k10d,0,0,20,112,46,0.8073756412203928,8.498128359776842,0.823637928118032,0.6259830098505474,0.76657824933687,0.8905923182089064,-0.08951962514168199,0.8361163369518223,0.9127239159139509,-0.02181609974409615,0.9322380490540904,0.931116278526274,0.020741069654938715,4.361671801328716,0.03839727035838236,1.0307256587937446,-0.046458240600037226,8.372388219570201,-0.08563294742835448
chicago,link+k25,0,0,20,112,46,0.8073756412203928,8.378963536995514,-0.7876744082817351,0.6249313499807195,0.76657824933687,0.9004545507659589,-0.07722688977436054,0.8361163369518223,0.9193143177648723,-0.004779209852884492,0.9322380490540904,0.936059079914465,0.03201720048142653,4.154934919806806,0.04752334100655535,1.0307256587937446,0.008645166690041783,9.226165263964672,-0.14647940785727842
chicago,link+k25,0,1,20,112,46,0.8073756412203928,8.3066211678,0.2070912806796163,0.5982542446160857,0.76657824933687,0.8967971114408909,-0.08504422814008106,0.8361163369518223,0.9168955000642681,-0.021056567615887034,0.9322380490540904,0.9341427219294454,0.023229998013531428,4.224930750542263,0.034178945769406055,1.0307256587937446,-0.041453948519482475,8.572198025969778,-0.10104384133611688
chicago,link+k25,0,2,20,112,46,0.8073756412203928,8.340039834224589,-0.47735321245678153,0.6069713364259923,0.76657824933687,0.8999404059407098,-0.07907313710139174,0.8361163369518223,0.9184963600883395,-0.010761986001238677,0.9322380490540904,0.936771871604015,0.029761974316128925,4.249344251861848,0.06514448638100467,1.0307256587937446,-0.006727008353228703,9.710713741146211,-0.12230024672613404
chicago,link+k25,0,3,20,112,46,0.8073756412203928,8.376150085804102,0.2806326007744137,0.6147653045723834,0.76657824933687,0.8960843197513408,-0.08372381074796387,0.8361163369518223,0.9170590915995747,-0.016429264188644432,0.9322380490540904,0.9359305437081527,0.027565173699155232,4.28405477628815,0.0670024188177006,1.0307256587937446,0.009137546040638878,9.840394559159561,-0.15084456253558554
chicago,link+k25,0,4,20,112,46,0.8073756412203928,8.276215617831987,-0.08693207377666472,0.6408932097827739,0.76657824933687,0.899169188702836,-0.07865247315346058,0.8361163369518223,0.9179237897147665,-0.012245994928662407,0.9322380490540904,0.9356734712955281,0.028640203788312557,4.080532336919921,0.02673553091295762,1.0307256587937446,-0.011480593147010776,8.091623222553537,-0.10468779654583416
chicago,link+k25,0,5,20,112,46,0.8073756412203928,8.29308348785113,-0.08386551018690581,0.6215777235069351,0.76657824933687,0.896411502821954,-0.08222811671087538,0.8361163369518223,0.9172694235735402,-0.01395202093971648,0.9322380490540904,0.9362226714497716,0.029797029645123208,4.143325650463206,0.042440318302387266,1.0307256587937446,-0.026416450372031663,8.473371337644947,-0.11326627443537673
chicago,link+k25,0,6,20,112,46,0.8073756412203928,8.364095388783333,-0.40651195506609084,0.6002640834784234,0.76657824933687,0.8967270007829024,-0.08030007361619085,0.8361163369518223,0.9154699166851681,-0.011708479884083745,0.9322380490540904,0.9351476413606141,0.02788067166010355,4.301526692089903,0.02749506304116664,1.0307256587937446,-0.023217686703574048,8.880698245616797,-0.09796925412791802
chicago,link+k25,0,7,20,112,46,0.8073756412203928,8.292736638989147,-0.1433208818882196,0.6472732796597296,0.76657824933687,0.8961193750803351,-0.08256698489115322,0.8361163369518223,0.9170824618189042,-0.013881910281728027,0.9322380490540904,0.934773717851342,0.028067633414739612,4.080297585690426,0.027553488589490412,1.0307256587937446,-0.0280058707898323,8.305338153194135,-0.1065477320174606
chicago,link+k25,0,8,20,112,46,0.8073756412203928,8.341195815791005,0.39842163576091544,0.6928685775716005,0.76657824933687,0.895745451571063,-0.08453008331483192,0.8361163369518223,0.9159373210717583,-0.019046728753549402,0.9322380490540904,0.9338038537491674,0.02328842356185512,4.092459299454759,0.0276586545764732,1.0307256587937446,-8.764869294575206e-06,8.165726263871964,-0.1343328904915544
chicago,link+k25,0,9,20,112,46,0.8073756412203928,8.334064825102189,0.1756855730373278,0.6317788242442656,0.76657824933687,0.8956519706937449,-0.08527793033337616,0.8361163369518223,0.9177251428504657,-0.019315486275838678,0.9322380490540904,0.9346685518643593,0.02492433891492074,4.1565335754654145,0.042767501373000394,1.0307256587937446,-0.006083389028692876,9.163687003799888,-0.12317327766179542
chicago,link+k25d,0,0,20,112,46,0.8073756412203928,8.491628702260757,0.9754235651688147,0.6555697075217051,0.76657824933687,0.8902768202479581,-0.0903960083665385,0.8361163369518223,0.9131212096425525,-0.024036270580399366,0.9322380490540904,0.9305787634816953,0.019782890662428887,4.226644312907806,0.03544093761319944,1.0307256587937446,-0.04596322832447519,7.68236432993429,-0.08308977035490606
chicago,link+k50,0,0,20,112,46,0.8073756412203928,8.2778268147431,0.46214771864939064,0.6676287406957314,0.76657824933687,0.8981759543813319,-0.08499748770142213,0.8361163369518223,0.9197700370417976,-0.024001215251405195,0.9322380490540904,0.937578144170883,0.02016849928136577,3.892794673856035,0.026910807557928962,1.0307256587937446,-0.037377855323162734,7.459530743959412,-0.08870753463655345
chicago,link+k50,0,1,20,112,46,0.8073756412203928,8.273605723041156,-0.15028840121007658,0.6879140910737447,0.76657824933687,0.9002442187919933,-0.07809158788955228,0.8361163369518223,0.919372743313196,-0.011217705278164014,0.9322380490540904,0.9376248846095421,0.028885591091272422,3.90552782270291,0.02552027950782318,1.0307256587937446,-0.009781484117624473,8.057662660346502,-0.11721389257923709
chicago,link+k50,0,2,20,112,46,0.8073756412203928,8.252314873786512,-0.036921831254087704,0.6625223477722338,0.76657824933687,0.8999871463793687,-0.0807557928931163,0.8361163369518223,0.9204127180733591,-0.017001834562217377,0.9322380490540904,0.9373327568679232,0.026139590320055195,3.889224150594973,0.025929258346089577,1.0307256587937446,-0.031416672621233266,7.794461787295161,-0.09607136078952361
chicago,link+k50,0,3,20,112,46,0.8073756412203928,8.290731094861366,-0.420874769994835,0.6411269119760689,0.76657824933687,0.9003961252176351,-0.07864078804379582,0.8361163369518223,0.9183911941013566,-0.01229273536732145,0.9322380490540904,0.9369237780296568,0.02834807604669376,4.018525435183855,0.029388050806856823,1.0307256587937446,-0.025862701001752475,8.460289781909122,-0.09588157145568421
chicago,link+k50,0,4,20,112,46,0.8073756412203928,8.276046381360114,-0.3324644065341466,0.66769885135372,0.76657824933687,0.9003961252176351,-0.07878100935977284,0.8361163369518223,0.9200621647834165,-0.013730003856086248,0.9322380490540904,0.9369004078103274,0.02785730144077403,3.916391763813305,0.02685238200960516,1.0307256587937446,-0.034259652930676454,7.573541741349015,-0.09125071171000187
chicago,link+k50,0,5,20,112,46,0.8073756412203928,8.259988201508529,-0.04902155762886396,0.6724897463162692,0.76657824933687,0.9006999380689188,-0.07924841374636304,0.8361163369518223,0.9194311688615198,-0.01588006403440101,0.9322380490540904,0.9367952418233445,0.025929258346089612,3.8558918478346773,0.027156194860888768,1.0307256587937446,-0.023857871819580767,7.608527850895264,-0.09637502372366669
chicago,link+k50,0,6,20,112,46,0.8073756412203928,8.286416191436908,0.20522680881346156,0.665981140233001,0.76657824933687,0.9017866532677409,-0.07881606468876712,0.8361163369518223,0.9213124715175451,-0.016125451337360763,0.9322380490540904,0.9370523142359691,0.025111300669556802,3.881558328074851,0.026758901132287127,1.0307256587937446,-0.012536260782711528,8.23265856066094,-0.11641677737711142
chicago,link+k50,0,7,20,112,46,0.8073756412203928,8.273880869087597,0.18711364264462532,0.6443286320242115,0.76657824933687,0.8992743546898188,-0.08221643160121062,0.8361163369518223,0.9194311688615198,-0.019572558688463304,0.9322380490540904,0.9352411222379322,0.02362729174213296,3.9900204479721597,0.03409715000175277,1.0307256587937446,-0.02843494854294981,8.286791216595205,-0.10081609413550963
chicago,link+k50,0,8,20,112,46,0.8073756412203928,8.262060296870793,0.19980049256126783,0.6954276165881816,0.76657824933687,0.8993795206768016,-0.08164386122763767,0.8361163369518223,0.9201089052220756,-0.02034377592633707,0.9322380490540904,0.9376833101578659,0.0244101940896716,3.8276716224045226,0.025742296591453512,1.0307256587937446,-0.02845562291548931,7.0288301738549706,-0.09087113304232297
chicago,link+k50,0,9,20,112,46,0.8073756412203928,8.277116032065413,0.13577270892715185,0.6420967760782434,0.76657824933687,0.899402890896131,-0.08138678881501304,0.8361163369518223,0.9206931607053133,-0.01524906811250426,0.9322380490540904,0.9377884761448486,0.026198015868378888,3.98945534759584,0.029247829490879763,1.0307256587937446,-0.008086920665184127,8.575258631007618,-0.1251091288669577
chicago,link+k50d,0,0,20,112,46,0.8073756412203928,8.47037000472417,1.003633494887124,0.6783673564776406,0.76657824933687,0.8904988373315884,-0.09024410194089671,0.8361163369518223,0.913284801177859,-0.024784117598943722,0.9322380490540904,0.9309176316619732,0.01918695006952642,4.139906638648873,0.02858177823998881,1.0307256587937446,-0.03632872112700336,7.3144545157251155,-0.08810020876826719
chicago,link,1,0,20,115,47,0.8085967351803597,8.415667689749595,-1.0990411442626031,0.7081877563420933,0.76657824933687,0.899169188702836,-0.07484312740275068,0.8361163369518223,0.9167202234192968,-0.0036574393250681236,0.9322380490540904,0.9350775307026257,0.03479825658163804,4.024831470475574,0.028207854730716648,1.0307256587937446,-0.013913838127701528,7.216248608587124,-0.10563674321503136
chicago,link,1,0,10,115,47,0.8085967351803597,8.072468340996538,-0.695667017695465,0.660757896212856,0.6879140910737447,0.8882436111662908,-0.07179331378024978,0.7814417088304374,0.9044391731616401,0.004159899040652504,0.8733450963437291,0.9071384334941983,0.054674628121385016,5.211387147630031,0.04090956893630446,1.2119281814155816,-0.07224467786608546,11.232458455960513,-0.20217276099629045
chicago,link_reg,1,0,20,115,47,0.8085967351803597,8.415667689749595,-1.0990411442626031,0.7015973544911719,0.76657824933687,0.8991925589221654,-0.07481975718342115,0.8361163369518223,0.9155867677818156,-0.0014489535984295587,0.9322380490540904,0.9329625258533051,0.06371890300190464,4.4584593936290435,0.17934306313464754,1.0307256587937446,-0.21054076020970403,6.955632044000589,-0.0603150502941735
chicago,link_reg,1,0,10,115,47,0.8085967351803597,8.072468340996538,-0.695667017695465,0.6328538543334229,0.6879140910737447,0.8882436111662908,-0.07179331378024978,0.7814417088304374,0.9035511048271188,0.005398520665116369,0.8733450963437291,0.8807651409808481,0.11575269633905516,5.184557018179108,0.15561060540553173,1.2119281814155816,-0.2552356465912601,10.983834013247897,-0.1532288591112121
chicago,link+k10,1,0,20,115,47,0.8085967351803597,8.426998495359461,-0.3202960817832307,0.6227111791444163,0.76657824933687,0.8988303205225581,-0.07677117049743509,0.8361163369518223,0.9163813552390189,-0.008740462029236173,0.9322380490540904,0.9347503476320125,0.030755208637633036,4.118057059926943,0.028091003634069106,1.0307256587937446,-0.01131832067729377,8.422629116027288,-0.0889352818371607
chicago,link+k10,1,1,20,115,47,0.8085967351803597,8.51214207759256,0.6425765137809074,0.6044006122997464,0.76657824933687,0.8904170415639351,-0.09217214503558113,0.8361163369518223,0.9142780354993632,-0.02788067166010355,0.9322380490540904,0.9335117260075486,0.016779817478587034,4.252249835071373,0.03915680248659137,1.0307256587937446,-0.06236988711907543,9.180386324070216,-0.05834124122224327
chicago,link+k10,1,2,20,115,47,0.8085967351803597,8.51196069405005,0.04069450378204308,0.5651386438261723,0.76657824933687,0.8944951448369343,-0.08239170824618192,0.8361163369518223,0.9154699166851681,-0.016335783311326346,0.9322380490540904,0.932775564098669,0.02247046588532231,4.382305192101461,0.040582385865691295,1.0307256587937446,-0.05560779450419151,8.625942186729294,-0.06779275004744734
chicago,link+k10,1,3,20,115,47,0.8085967351803597,8.414516674418737,-0.414945494685106,0.6728402996062118,0.76657824933687,0.8984914523422802,-0.07654915341380475,0.8361163369518223,0.9164280956776779,-0.0058659250517065775,0.9322380490540904,0.9350424753736314,0.03130440879187657,4.160700434772009,0.02751843326049615,1.0307256587937446,0.017277087902676458,7.755580015488034,-0.07750996394002652
chicago,link+k10,1,4,20,115,47,0.8085967351803597,8.4105499433728,0.2832783367954203,0.6343612334801763,0.76657824933687,0.8927306932775564,-0.08623610932588599,0.8361163369518223,0.913904111990091,-0.020892976080580494,0.9322380490540904,0.9335467813365429,0.021348695357505942,4.360637259440255,0.03602519309643721,1.0307256587937446,-0.046669581307153374,7.6968187248226645,-0.05940406149174415
chicago,link+k10,1,5,20,115,47,0.8085967351803597,8.445902653486316,0.6829899713712538,0.6449596279461083,0.76657824933687,0.8931864125544818,-0.08650486684817538,0.8361163369518223,0.9160658572780705,-0.01903504364388464,0.9322380490540904,0.9329041003049814,0.024188177006041256,4.278585034022363,0.029084237955573244,1.0307256587937446,-0.02101283208253668,7.981386692363714,-0.09815904346175741
chicago,link+k10,1,6,20,115,47,0.8085967351803597,8.494223968187745,0.7532655901467118,0.5934049241052127,0.76657824933687,0.8915271269820867,-0.0902207317215672,0.8361163369518223,0.9132030054102058,-0.028137744072728177,0.9322380490540904,0.931922551093142,0.015447714976805083,4.356434167952178,0.03882961941597818,1.0307256587937446,-0.05201628943001435,8.372180375963751,-0.0670715505788575
chicago,link+k10,1,7,20,115,47,0.8085967351803597,8.589955661630515,-1.1802108750249143,0.6298741513689106,0.76657824933687,0.9010855466878557,-0.07271643744376544,0.8361163369518223,0.9169305553932624,-0.004779209852884492,0.9322380490540904,0.9356617861858634,0.03080194907629208,4.417811402566449,0.04574720433751271,1.0307256587937446,-0.003997556095303834,8.763768352271823,-0.09572973998861267
chicago,link+k10,1,8,20,115,47,0.8085967351803597,8.590298770751653,-0.8393218871651613,0.6215309830682761,0.76657824933687,0.8990990780448475,-0.07701655780039496,0.8361163369518223,0.917853679056778,-0.007618691501419805,0.9322380490540904,0.9351943817992732,0.02984377008378225,4.240210223574928,0.027424952383178117,1.0307256587937446,0.0016031379326788553,8.502582009680413,-0.08343139115581699
chicago,link+k10,1,9,20,115,47,0.8085967351803597,8.438061516871022,-0.468276155107385,0.6077542387735309,0.76657824933687,0.8998936655020507,-0.07362787599761622,0.8361163369518223,0.9163813552390189,-0.00523492912980994,0.9322380490540904,0.93511258603162,0.03067341286997982,4.268610492757037,0.029960621180429768,1.0307256587937446,-0.004829182792597697,9.328152652037513,-0.11702410324539758
chicago,link+k10d,1,0,20,115,47,0.8085967351803597,8.650481023062143,1.3055414944983266,0.6299910024655582,0.76657824933687,0.8876593556830531,-0.09441568609121398,0.8361163369518223,0.9122331413080311,-0.027939097208427355,0.9322380490540904,0.9299711377791281,0.01391696561072231,4.3581014108068485,0.04412297409411192,1.0307256587937446,-0.060325195942312004,8.071652772417906,-0.07462516606566716
chicago,link+k25,1,0,20,115,47,0.8085967351803597,8.458381378588545,-0.857984039840172,0.6349221187440844,0.76657824933687,0.9019969852417065,-0.07388494841024085,0.8361163369518223,0.9195012795195083,-0.004779209852884492,0.9322380490540904,0.9364680587527314,0.03305717524158969,3.998048165812097,0.02751843326049615,1.0307256587937446,0.0005176132051842863,8.473831801187059,-0.12324919339533114
chicago,link+k25,1,1,20,115,47,0.8085967351803597,8.369727890468681,0.08228755787477002,0.6065857278070554,0.76657824933687,0.8978487713107187,-0.08298764883908438,0.8361163369518223,0.918180862127391,-0.018392362612323132,0.9322380490540904,0.9358487479404994,0.023370219329508446,4.166344857703342,0.02968017854847571,1.0307256587937446,-0.04240461012642016,8.37086664289394,-0.08605048396280124
chicago,link+k25,1,2,20,115,47,0.8085967351803597,8.425493054546294,-0.45170186961835557,0.607321889715935,0.76657824933687,0.9004896060949532,-0.07716846422603674,0.8361163369518223,0.9195713901774968,-0.010855466878556652,0.9322380490540904,0.9373678121969174,0.02837144626602317,4.203383419572952,0.05127426120894145,1.0307256587937446,-0.009387042018382585,9.564315778916542,-0.11987094325298919
chicago,link+k25,1,3,20,115,47,0.8085967351803597,8.423961046746197,0.12670381191757318,0.6200236039215228,0.76657824933687,0.8974865329111114,-0.08152701013099006,0.8361163369518223,0.9181691770177263,-0.013730003856086248,0.9322380490540904,0.9358253777211699,0.02717956508021835,4.177270562174274,0.03248460486801668,1.0307256587937446,0.00027262716167753,9.641737694969711,-0.13380148035680395
chicago,link+k25,1,4,20,115,47,0.8085967351803597,8.336850497646099,-0.0336103226298826,0.6376914897346312,0.76657824933687,0.8998936655020507,-0.07783451547692777,0.8361163369518223,0.918040640811414,-0.012245994928662407,0.9322380490540904,0.936199301230442,0.027436637492842864,4.022460653584441,0.027191250189883033,1.0307256587937446,-0.01834304689066979,8.258825560344754,-0.10525716454735246
chicago,link+k25,1,5,20,115,47,0.8085967351803597,8.349712937020339,-0.015413281545789465,0.6267308568690917,0.76657824933687,0.8967386858925671,-0.08232159758819335,0.8361163369518223,0.9177485130697952,-0.014618072190607512,0.9322380490540904,0.9371691653326166,0.02821953984038139,4.07413788252066,0.0266887904742986,1.0307256587937446,-0.03511393736495194,8.483535704659845,-0.10537103814765614
chicago,link+k25,1,6,20,115,47,0.8085967351803597,8.422920446028522,-0.3251641459436207,0.6045875740543825,0.76657824933687,0.8970074434148565,-0.079201673307704,0.8361163369518223,0.9159256359620935,-0.01244464179296323,0.9322380490540904,0.9355215648698864,0.025683871043129747,4.266038877467831,0.02788067166010353,1.0307256587937446,-0.03263298965172223,8.88096868777221,-0.09090909090909094
chicago,link+k25,1,7,20,115,47,0.8085967351803597,8.355436289868587,-0.10639335964819538,0.6480912373362624,0.76657824933687,0.8964816134799425,-0.08194767407892123,0.8361163369518223,0.9172109980252164,-0.014968625480550113,0.9322380490540904,0.9357318968438518,0.0265485691583216,4.04387282078006,0.027927412098762545,1.0307256587937446,-0.0340277952565845,8.177113995111908,-0.08377301195672804
chicago,link+k25,1,8,20,115,47,0.8085967351803597,8.403207464480662,0.39234295222634635,0.6915481601794833,0.76657824933687,0.8963998177122893,-0.08247350401383513,0.8361163369518223,0.9169188702835976,-0.017621145374449365,0.9322380490540904,0.9346101263160355,0.024071325909393648,4.055452727195545,0.028044263195410087,1.0307256587937446,-0.007438081611604419,8.23142109588626,-0.12560258113494016
chicago,link+k25,1,9,20,115,47,0.8085967351803597,8.400939231911337,0.026199400223869053,0.6393507753070262,0.76657824933687,0.8977552904334007,-0.08177239743394993,0.8361163369518223,0.9181458067983969,-0.015973544911718984,0.9322380490540904,0.9352878626765913,0.026478458500333035,4.055446009396398,0.027775505673120742,1.0307256587937446,-0.010327440793092446,8.856033049856228,-0.11930157525147089
chicago,link+k25d,1,0,20,115,47,0.8085967351803597,8.643874522992977,1.3009693793550048,0.6539454772783042,0.76657824933687,0.8882202409469613,-0.09378469016931723,0.8361163369518223,0.9120111242244009,-0.02837144626602317,0.9322380490540904,0.9304034868367239,0.015097161686862481,4.238335867444478,0.03749751691419623,1.0307256587937446,-0.05203140406194584,7.530569853213407,-0.08612639969633706
chicago,link+k50,1,0,20,115,47,0.8085967351803597,8.345189376672623,0.4652760984925843,0.6867806354362636,0.76657824933687,0.8983979714649623,-0.08461187908248513,0.8361163369518223,0.9198167774804566,-0.02313651713621334,0.9322380490540904,0.9382441954217741,0.019151894740532138,3.8837688303578437,0.0297269189871347,1.0307256587937446,-0.04257669151569987,7.298687631931477,-0.06950085405200224
chicago,link+k50,1,1,20,115,47,0.8085967351803597,8.336662458312608,-0.1906379067038995,0.6832049918788488,0.76657824933687,0.900641512520595,-0.07703992801972448,0.8361163369518223,0.920085535002746,-0.011509833019782922,0.9322380490540904,0.938057233667138,0.028079318524404373,3.9163653441828554,0.025789037030112528,1.0307256587937446,-0.015562589613771882,8.14123354942863,-0.10852154108939083
chicago,link+k50,1,2,20,115,47,0.8085967351803597,8.313485058898738,-0.07052630227765025,0.6709706820598511,0.76657824933687,0.9007116231785836,-0.07951717126865232,0.8361163369518223,0.9204594585120182,-0.016090396008366592,0.9322380490540904,0.9380221783381437,0.02570724126245927,3.8578333019162585,0.02602273922340761,1.0307256587937446,-0.03345054209958742,7.516916594356847,-0.09618523438982729
chicago,link+k50,1,3,20,115,47,0.8085967351803597,8.357204612795337,-0.4966856826354839,0.6478107947043082,0.76657824933687,0.9007583636172426,-0.07645567253648677,0.8361163369518223,0.9197232966031387,-0.011100854181516517,0.9322380490540904,0.9374145526355765,0.02753011837016095,3.979845443840169,0.027039343764241226,1.0307256587937446,-0.031982375528091356,8.2276175199349,-0.09436325678496871
chicago,link+k50,1,4,20,115,47,0.8085967351803597,8.34592664397082,-0.3439557394956146,0.6785192629032823,0.76657824933687,0.9009336402622139,-0.07815001343787609,0.8361163369518223,0.9203542925250353,-0.013344395237149365,0.9322380490540904,0.93725096110027,0.026478458500333035,3.89414541679897,0.029037497516914146,1.0307256587937446,-0.04575250114191698,7.283957939751083,-0.04782691212753842
chicago,link+k50,1,5,20,115,47,0.8085967351803597,8.323815487136136,-0.08756981699420867,0.6970869021605768,0.76657824933687,0.9015062106357868,-0.07797473679290479,0.8361163369518223,0.9202724967573821,-0.015389289428481279,0.9322380490540904,0.9375898292805478,0.024877598476261698,3.8189158909493877,0.027366526834854344,1.0307256587937446,-0.030057561061477722,7.154265782786717,-0.0789523628772063
chicago,link+k50,1,6,20,115,47,0.8085967351803597,8.348974341106747,0.22426164590737496,0.673494665747438,0.76657824933687,0.9020904661190245,-0.07848888161815393,0.8361163369518223,0.9219084121104476,-0.01588006403440101,0.9322380490540904,0.9376131994998773,0.02361560663246831,3.8337147261659923,0.02701597354491172,1.0307256587937446,-0.019570231248073444,7.683470567993803,-0.10890111975706962
chicago,link+k50,1,7,20,115,47,0.8085967351803597,8.33795902973207,0.22441502668576446,0.6515967702356886,0.76657824933687,0.8995664824314377,-0.08185419320160314,0.8361163369518223,0.9197232966031387,-0.01935054160483296,0.9322380490540904,0.9360473948048003,0.022260133911356728,3.910683466517013,0.02735484172518959,1.0307256587937446,-0.03583433848224238,8.409997583487288,-0.10316948187511865
chicago,link+k50,1,8,20,115,47,0.8085967351803597,8.333399619156804,0.2855161447585971,0.6985008004300121,0.76657824933687,0.899402890896131,-0.08150363991166054,0.8361163369518223,0.9199803690157632,-0.019584243798128065,0.9322380490540904,0.9376599399385364,0.022260133911356728,3.826899813115478,0.026443403171338763,1.0307256587937446,-0.031744027124834484,7.506620568993139,-0.09178212184475232
chicago,link+k50,1,9,20,115,47,0.8085967351803597,8.340342679994858,0.07583533296330819,0.6507671274494912,0.76657824933687,0.9005830869722712,-0.0794353755009991,0.8361163369518223,0.9202841818670469,-0.01409224225569361,0.9322380490540904,0.938150714544456,0.02590588812676009,3.9369878865362202,0.026805641570946143,1.0307256587937446,-0.01147758558615486,8.459294513673607,-0.11816283924843429
chicago,link+k50d,1,0,20,115,47,0.8085967351803597,8.5724610178549,1.1433039018391158,0.647109688124423,0.76657824933687,0.8890966241718179,-0.09225394080323446,0.8361163369518223,0.9122331413080311,-0.025999369004078066,0.9322380490540904,0.9310111125392911,0.01673307703992799,4.211811327703521,0.04147045420021267,1.0307256587937446,-0.055960140504503486,7.479283859009348,-0.07363826152970199
chicago,link,2,0,20,103,48,0.8101228105025766,8.338130175328056,-1.0632675247383834,0.7094964886245457,0.76657824933687,0.8995431122121081,-0.0729033991984015,0.8361163369518223,0.9162294488133771,-0.000408978838266405,0.9322380490540904,0.9354047137732387,0.03554610360018229,4.0591115635137625,0.029680178548475676,1.0307256587937446,-0.007342057828399584,7.528365977686806,-0.11440501043841333
chicago,link,2,0,10,103,48,0.8101228105025766,8.09023052773243,-0.8021801479952323,0.6657240678203765,0.6879140910737447,0.8887227006625458,-0.07124411362600636,0.7814417088304374,0.9046845604646,0.008798887577559866,0.8733450963437291,0.9067645099849262,0.05588987952651936,5.209104391429955,0.04254548428937005,1.2119281814155816,-0.0661294047643386,10.810507712509441,-0.20698008933303047
chicago,link_reg,2,0,20,103,48,0.8101228105025766,8.338130175328056,-1.0632675247383834,0.7041797637270826,0.76657824933687,0.8995547973217729,-0.07289171408873674,0.8361163369518223,0.9160541721684058,0.0007244767992147239,0.9322380490540904,0.9326703981116863,0.06471213732340875,4.475818044141967,0.16928218371329412,1.0307256587937446,-0.2074442093804939,7.251324258434357,-0.07485291326627441
chicago,link_reg,2,0,10,103,48,0.8101228105025766,8.09023052773243,-0.8021801479952323,0.6364762383294967,0.6879140910737447,0.8887227006625458,-0.07124411362600636,0.7814417088304374,0.9039717687750499,0.009979083653700038,0.8733450963437291,0.8781476764159432,0.11904789726451592,5.182007340515276,0.14730249243389149,1.2119281814155816,-0.2502314745331311,10.608847812359096,-0.167877961995609
chicago,link+k10,2,0,20,103,48,0.8101228105025766,8.36351554872139,-0.3196482617318287,0.633753607777609,0.76657824933687,0.899309410018813,-0.07428224213884249,0.8361163369518223,0.9164982063356665,-0.00458056298858367,0.9322380490540904,0.9354163988829035,0.032356068661704374,4.139974994121738,0.029528272122833873,1.0307256587937446,0.0006925729744824416,8.566267890360237,-0.11300056936800151
chicago,link+k10,2,1,20,103,48,0.8101228105025766,8.432727724397296,0.4408073303451788,0.6090980263849777,0.76657824933687,0.8925203613035908,-0.08883020367146144,0.8361163369518223,0.9149791420792485,-0.020706014325944433,0.9322380490540904,0.9343881092324051,0.020764439874268237,4.230822432160333,0.03150305565617739,1.0307256587937446,-0.05221606992263206,9.344454030926162,-0.05883469349022585
chicago,link+k10,2,2,20,103,48,0.8101228105025766,8.40371057897931,0.15533174983155976,0.5759590553757347,0.76657824933687,0.8942731277533039,-0.08380560651561719,0.8361163369518223,0.9156335082204746,-0.013788429404409941,0.9322380490540904,0.9330560067306232,0.023896049264422348,4.334466725560113,0.04051227520770284,1.0307256587937446,-0.05568554268397263,8.322286494959275,-0.05283735054089955
chicago,link+k10,2,3,20,103,48,0.8101228105025766,8.32068838454313,-0.08533642966750635,0.6511176807394338,0.76657824933687,0.8983395459166384,-0.07571951062760729,0.8361163369518223,0.9156802486591337,-0.004977856717185314,0.9322380490540904,0.9363278374367543,0.032543030416340435,4.182089141228837,0.029002442187919933,1.0307256587937446,0.021337994534178284,8.377797568821734,-0.10745872081988994
chicago,link+k10,2,4,20,103,48,0.8101228105025766,8.338210468726045,0.2980973786775082,0.6376330641863074,0.76657824933687,0.8933032636511293,-0.08451839820516716,0.8361163369518223,0.9144416270346697,-0.018158660419028028,0.9322380490540904,0.9343764241227404,0.024795802708608483,4.353843875128813,0.035125439652251136,1.0307256587937446,-0.043018260342580605,7.996848417580724,-0.054545454545454564
chicago,link+k10,2,5,20,103,48,0.8101228105025766,8.352854124433161,0.5621730668953315,0.6453218663457156,0.76657824933687,0.8952780471844728,-0.08315124037439092,0.8361163369518223,0.9162411339230419,-0.013905280501057549,0.9322380490540904,0.9341894623681043,0.026291496745696974,4.2732319483748595,0.04034868367239626,1.0307256587937446,-0.01203663098625496,8.036814831307042,-0.10210666160561777
chicago,link+k10,2,6,20,103,48,0.8101228105025766,8.398792989385539,0.6935858468766232,0.6035125439652251,0.76657824933687,0.8918192547237056,-0.08929760805805165,0.8361163369518223,0.9139625375384148,-0.023825938606433783,0.9322380490540904,0.9332312833755945,0.0191635798501969,4.273438638642128,0.03725212961123636,1.0307256587937446,-0.050550706889389896,8.263422610471894,-0.06870373884987668
chicago,link+k10,2,7,20,103,48,0.8101228105025766,8.485419494725578,-0.8134218940651017,0.6133163509739539,0.76657824933687,0.8995314271024434,-0.07450425922247284,0.8361163369518223,0.9166384276516435,-0.004370231014618087,0.9322380490540904,0.9360473948048003,0.029878825412776533,4.563988739638202,0.05899811869734396,1.0307256587937446,0.00457587606821086,9.832588287862308,-0.09470487758587964
chicago,link+k10,2,8,20,103,48,0.8101228105025766,8.481724816511703,-0.7038919308259663,0.6586312062538707,0.76657824933687,0.8990055971675294,-0.07477301674476211,0.8361163369518223,0.9165800021033197,-0.004171584150317265,0.9322380490540904,0.9354631393215626,0.030276119141378177,4.242079412106797,0.0289089613106019,1.0307256587937446,0.013810408988444989,8.095230567965618,-0.08217878155247671
chicago,link+k10,2,9,20,103,48,0.8101228105025766,8.377313400369122,-0.3656509788015363,0.6045057782867292,0.76657824933687,0.8997768144054032,-0.0731371013916966,0.8361163369518223,0.9163112445810304,-0.003178349828813154,0.9322380490540904,0.9356150457472043,0.030217693593054373,4.339126416819059,0.03692494654062328,1.0307256587937446,-0.005273143584815676,9.363469757967575,-0.10449800721199465
chicago,link+k10d,2,0,20,103,48,0.8101228105025766,8.493403940748877,0.8467978524789253,0.6305168324004721,0.76657824933687,0.8915504972014162,-0.08807067154325243,0.8361163369518223,0.9146636441183,-0.01882471166991906,0.9322380490540904,0.9334766706785543,0.022540576543310875,4.427308994668783,0.029680178548475676,1.0307256587937446,-0.02927103582844759,8.032373536086896,-0.07625735433668623
chicago,link+k25,2,0,20,103,48,0.8101228105025766,8.361818713664379,-0.678914479687133,0.6342326972738639,0.76657824933687,0.9023592236413138,-0.07286834386940721,0.8361163369518223,0.9190923006812419,-0.0015190642564180123,0.9322380490540904,0.9373561270872527,0.03324413699622575,4.068957062924925,0.02904918262657895,1.0307256587937446,0.006882129859496988,8.935911993060706,-0.13008160941355096
chicago,link+k25,2,1,20,103,48,0.8101228105025766,8.291833947122397,0.20858462117031265,0.6024608840953972,0.76657824933687,0.8971476647308335,-0.08310449993573188,0.8361163369518223,0.9173862746701877,-0.016008600240713267,0.9322380490540904,0.9362694118884306,0.025122985779221563,4.203079082103897,0.03150305565617728,1.0307256587937446,-0.041422035028411686,8.731583954809505,-0.08255836022015561
chicago,link+k25,2,2,20,103,48,0.8101228105025766,8.329782621790207,-0.3226336742988269,0.6064805618200727,0.76657824933687,0.8997651292957385,-0.07761249839329742,0.8361163369518223,0.9192325219972189,-0.008109466107339425,0.9322380490540904,0.9377651059255191,0.0285116675820003,4.222961073240808,0.05515371761763985,1.0307256587937446,-0.009313429412957985,9.435303090897891,-0.11243120136648321
chicago,link+k25,2,3,20,103,48,0.8101228105025766,8.357090521748443,0.2372161561266426,0.6223372556351441,0.76657824933687,0.8972995711564753,-0.08010142675189003,0.8361163369518223,0.9166851680903025,-0.011942182077378849,0.9322380490540904,0.9367485013846855,0.0286869442269716,4.211359616664897,0.039507355776533956,1.0307256587937446,0.00796741081288288,9.624649878523396,-0.13463655342569747
chicago,link+k25,2,4,20,103,48,0.8101228105025766,8.269277036970722,-0.07084347102603768,0.640075252106241,0.76657824933687,0.9006531976302597,-0.07536895733766458,0.8361163369518223,0.9182977132240386,-0.006964325360193535,0.9322380490540904,0.9370289440166396,0.029575012561492864,4.040030051503413,0.028558408020659273,1.0307256587937446,-0.014297607384607725,8.257894201475075,-0.09842474852913263
chicago,link+k25,2,5,20,103,48,0.8101228105025766,8.273691616752883,-0.039944992971193936,0.6270814101590343,0.76657824933687,0.8982343799296556,-0.07928346907535722,0.8361163369518223,0.9168955000642681,-0.009418198389791854,0.9322380490540904,0.9374612930742355,0.030848689514951122,4.081503984845262,0.02802089297608058,1.0307256587937446,-0.022143254654084066,8.660502605560035,-0.10206870373884991
chicago,link+k25,2,6,20,103,48,0.8101228105025766,8.344543865744761,-0.3414045280879013,0.6093901541265965,0.76657824933687,0.8975916988980942,-0.07761249839329742,0.8361163369518223,0.9159723764007526,-0.00819126187499275,0.9322380490540904,0.9360357096951355,0.02869862933663636,4.262974910846682,0.029364680587527316,1.0307256587937446,-0.02367809667362053,8.594261908035278,-0.09079521730878726
chicago,link+k25,2,7,20,103,48,0.8101228105025766,8.275920859896589,-0.07498184493848302,0.660617674896879,0.76657824933687,0.8968789072085441,-0.08056883113848023,0.8361163369518223,0.9174096448895173,-0.011100854181516517,0.9322380490540904,0.9359889692564765,0.028908961310601944,4.036739199366068,0.029423106135851085,1.0307256587937446,-0.02771592356278685,7.954671690663956,-0.08119187701651165
chicago,link+k25,2,8,20,103,48,0.8101228105025766,8.320239248519085,0.38259291298304887,0.6964325360193505,0.76657824933687,0.8967270007829024,-0.08158543567931387,0.8361163369518223,0.9170240362705804,-0.013659893198097683,0.9322380490540904,0.935439769102233,0.025648815714135464,4.028041762608696,0.02943479124551584,1.0307256587937446,-0.007875000320076708,8.12234891935831,-0.1131144429683052
chicago,link+k25,2,9,20,103,48,0.8101228105025766,8.322751300155893,0.19939268884594438,0.6367333107421214,0.76657824933687,0.8973930520337934,-0.08124656749903603,0.8361163369518223,0.917561551315159,-0.01391696561072231,0.9322380490540904,0.9362343565594363,0.028242910059710913,4.081060238300552,0.02927119971020927,1.0307256587937446,-0.0018744771182068742,9.104230168085492,-0.12374264566331372
chicago,link+k25d,2,0,20,103,48,0.8101228105025766,8.45705845354015,0.9928769359787847,0.6494116547283796,0.76657824933687,0.8913635354467802,-0.0884913354911836,0.8361163369518223,0.9139391673190853,-0.019455707591815807,0.9322380490540904,0.933114432278947,0.02227181902102149,4.189783988454202,0.030556561773332214,1.0307256587937446,-0.038865614471949694,7.803018956215598,-0.07876257354336691
chicago,link+k50,2,0,20,103,48,0.8101228105025766,8.25729024250825,0.3525310741125077,0.6652566634337863,0.76657824933687,0.8991458184835065,-0.08229822736886383,0.8361163369518223,0.9203309223057058,-0.018415732831652654,0.9322380490540904,0.9389686722209888,0.02342864487783225,3.856869961422649,0.027682024795802708,1.0307256587937446,-0.03766311579085002,7.684025580185822,-0.0695388119187702
chicago,link+k50,2,1,20,103,48,0.8101228105025766,8.264045274854995,-0.10631807635366783,0.6882295890346931,0.76657824933687,0.9013426191004803,-0.07493660828006865,0.8361163369518223,0.9193493730938664,-0.007501840404772198,0.9322380490540904,0.938629804040711,0.030474766005679,3.896097524915822,0.027424952383178117,1.0307256587937446,-0.009913707341270284,8.029497213042056,-0.10666160561776428
chicago,link+k50,2,2,20,103,48,0.8101228105025766,8.238734604203994,-0.06890942483154522,0.6573925846294068,0.76657824933687,0.9009920658105376,-0.07809158788955228,0.8361163369518223,0.9203309223057058,-0.011755220322742788,0.9322380490540904,0.9390504679886421,0.028955701749260987,3.871698380428814,0.027646969466808446,1.0307256587937446,-0.02792193488560879,7.730664692597028,-0.09090909090909094
chicago,link+k50,2,3,20,103,48,0.8101228105025766,8.276659980659089,-0.4314919160231154,0.6475654074013485,0.76657824933687,0.9012841935521565,-0.0755091786536417,0.8361163369518223,0.9191039857909067,-0.0073031935404713755,0.9322380490540904,0.9378819570221667,0.028955701749260987,3.9766714902575515,0.028499982472335504,1.0307256587937446,-0.0269717353127652,8.010504946219697,-0.08274814955399512
chicago,link+k50,2,4,20,103,48,0.8101228105025766,8.268221387054378,-0.4167841674598328,0.674067236121011,0.76657824933687,0.9015529510744459,-0.07582467661459003,0.8361163369518223,0.9203776627443648,-0.008226317203986921,0.9322380490540904,0.9378118463641781,0.029469846574510128,3.8811758425746925,0.028570093130324027,1.0307256587937446,-0.036449987508301196,7.463276922138964,-0.06069462896185229
chicago,link+k50,2,5,20,103,48,0.8101228105025766,8.250533967426604,-0.11204697362290007,0.6894565255494923,0.76657824933687,0.9021138363383541,-0.07619860012386215,0.8361163369518223,0.9204828287313477,-0.010621764685261548,0.9322380490540904,0.9381390294347912,0.028628518678647796,3.83841814538338,0.028827165542948622,1.0307256587937446,-0.024492988776608993,7.170789974011903,-0.07249952552666539
chicago,link+k50,2,6,20,103,48,0.8101228105025766,8.27714170934719,0.21844530874380227,0.6626041435398872,0.76657824933687,0.9029084237955574,-0.07612848946587358,0.8361163369518223,0.9218266163427944,-0.011217705278164014,0.9322380490540904,0.938290935860433,0.02670047558396338,3.862199803801498,0.028523352691665012,1.0307256587937446,-0.010035753155866356,8.101692242954876,-0.10662364775099642
chicago,link+k50,2,7,20,103,48,0.8101228105025766,8.261048206251024,0.1269524102928529,0.6452634407973918,0.76657824933687,0.9006999380689188,-0.07924841374636304,0.8361163369518223,0.9197934072611271,-0.013998761378375524,0.9322380490540904,0.9370172589069748,0.026291496745696974,3.9261085801854754,0.028920646420266653,1.0307256587937446,-0.02554507168318909,8.52714544607742,-0.10328335547542233
chicago,link+k50,2,8,20,103,48,0.8101228105025766,8.249279722832647,0.16460876171393204,0.6983021535657112,0.76657824933687,0.900361069888641,-0.07968076280395886,0.8361163369518223,0.9206230500473247,-0.014781663725914052,0.9322380490540904,0.9390270977693126,0.027109454422229784,3.8234176632336516,0.027822246111779757,1.0307256587937446,-0.03018256442673861,7.382615745357532,-0.08191307648510149
chicago,link+k50,2,9,20,103,48,0.8101228105025766,8.262122991677696,0.1434812889274801,0.6510358849717804,0.76657824933687,0.9006531976302597,-0.07805653256055811,0.8361163369518223,0.9199686839060984,-0.01165005433575994,0.9322380490540904,0.9388050806856822,0.028172799401722348,3.917445630504337,0.028313020717699436,1.0307256587937446,-0.008676826428657414,8.433274541922227,-0.11736572404630863
chicago,link+k50d,2,0,20,103,48,0.8101228105025766,8.406049941530231,0.7725636342957243,0.6509073487654682,0.76657824933687,0.8920763271363302,-0.08689047546711226,0.8361163369518223,0.9140209630867385,-0.017761366690426383,0.9322380490540904,0.9338973346264855,0.02394278970308139,4.157390939180707,0.029680178548475676,1.0307256587937446,-0.04147399230851734,7.53229495304711,-0.06608464604289244
chicago,link,3,0,20,90,49,0.8073066990733708,8.363233343750945,-1.208961099926334,0.709344582198904,0.76657824933687,0.8989588567288704,-0.07598826814989657,0.8361163369518223,0.9165683169936549,-0.005328410007127915,0.9322380490540904,0.9347503476320125,0.040407109220720105,3.970946195398196,0.023954474812746117,1.0307256587937446,-0.019107296146917196,7.694143629448338,-0.12074397418865057
chicago,link,3,0,10,90,49,0.8073066990733708,8.039559098059069,-0.8438934277223673,0.6642283737832879,0.6879140910737447,0.8892134752684654,-0.07409528038420632,0.7814417088304374,0.9037497516914196,0.00475583963355497,0.8733450963437291,0.9056310543474451,0.05996798279951865,5.192508139631697,0.04887881372766682,1.2119281814155816,-0.07492135573904579,10.77056113769603,-0.19615413733060794
chicago,link_reg,3,0,20,90,49,0.8073066990733708,8.363233343750945,-1.208961099926334,0.7020530737680973,0.76657824933687,0.8989588567288704,-0.07598826814989657,0.8361163369518223,0.9157854146461164,-0.003891141518363117,0.9322380490540904,0.9327872492083338,0.0653431332453055,4.5271991757702486,0.18376003458792461,1.0307256587937446,-0.215677820217135,7.519706599488506,-0.0826722338204593
chicago,link_reg,3,0,10,90,49,0.8073066990733708,8.039559098059069,-0.8438934277223673,0.6357167062012877,0.6879140910737447,0.8892017901588006,-0.07408359527454156,0.7814417088304374,0.903399198401477,0.005690648406735277,0.8733450963437291,0.8772946634104161,0.12064875728858715,5.248882496414315,0.15944332137557116,1.2119281814155816,-0.2590049261839472,10.584617078641621,-0.15470512529336056
chicago,link+k10,3,0,20,90,49,0.8073066990733708,8.360178712323036,-0.22490086651819743,0.6340457355192278,0.76657824933687,0.8983979714649623,-0.07933020951401626,0.8361163369518223,0.9163813552390189,-0.012386216244639425,0.9322380490540904,0.9347269774126831,0.03559284403884133,4.052009425215893,0.02379088327743956,1.0307256587937446,-0.018290957975727107,8.358451702942808,-0.10161320933763518
chicago,link+k10,3,1,20,90,49,0.8073066990733708,8.44764775498514,0.5854215005941332,0.6015143902125522,0.76657824933687,0.8898678414096917,-0.09297841760244918,0.8361163369518223,0.913857371551432,-0.029773659425793686,0.9322380490540904,0.933967445284474,0.0208345505322568,4.22316894136931,0.043842531462157774,1.0307256587937446,-0.06668943991788923,8.945449572031187,-0.06680584551148228
chicago,link+k10,3,2,20,90,49,0.8073066990733708,8.421712219471187,0.17394672140955764,0.5689246193575527,0.76657824933687,0.8929527103611867,-0.08671519882214096,0.8361163369518223,0.9147103845569591,-0.02146554645415344,0.9322380490540904,0.932588602344033,0.024807487818273244,4.326761801528762,0.049755196952523395,1.0307256587937446,-0.06467697665970606,8.507042812883768,-0.068589865249573
chicago,link+k10,3,3,20,90,49,0.8073066990733708,8.325576349599284,-0.20896114768381566,0.6489442503417895,0.76657824933687,0.8970541838535154,-0.0790848222110564,0.8361163369518223,0.9169656107222566,-0.01065682001425583,0.9322380490540904,0.9348788838383248,0.03572138024515359,4.107814680130394,0.02340527465850267,1.0307256587937446,0.00559965327295231,7.991546747443079,-0.09671664452457773
chicago,link+k10,3,4,20,90,49,0.8073066990733708,8.343097391907255,0.2492909496870718,0.6386613538368058,0.76657824933687,0.8934785402961006,-0.08721765853772534,0.8361163369518223,0.9146519590086353,-0.023674032180792004,0.9322380490540904,0.9341076666004511,0.027471692821837146,4.2636981992650895,0.03220416223606258,1.0307256587937446,-0.05591753239157471,7.550863554189105,-0.059669766559119375
chicago,link+k10,3,5,20,90,49,0.8073066990733708,8.366804988186052,0.5907198565786442,0.6490961567674313,0.76657824933687,0.8936655020507367,-0.08649318173851062,0.8361163369518223,0.9159606912910878,-0.020425571693990396,0.9322380490540904,0.9327638789890043,0.028418186704682213,4.201373543467786,0.03221584734572734,1.0307256587937446,-0.024474437905588786,7.983572628147391,-0.10149933573733161
chicago,link+k10,3,6,20,90,49,0.8073066990733708,8.409632956316738,0.6642063484829198,0.5954965587352037,0.76657824933687,0.8912583694597974,-0.09130744692038939,0.8361163369518223,0.9117540518117763,-0.031409574778859306,0.9322380490540904,0.932635342782692,0.02148891667348296,4.287522219111592,0.044987672209303664,1.0307256587937446,-0.05731146757845418,8.66197225950256,-0.08187511861833363
chicago,link+k10,3,7,20,90,49,0.8073066990733708,8.487449999230154,-1.0267876945637713,0.6127320954907162,0.76657824933687,0.899262669580154,-0.07657252363313427,0.8361163369518223,0.9163696701293542,-0.008378223629628812,0.9322380490540904,0.9351009009219552,0.034190630879070816,4.417481300459115,0.04637820025940945,1.0307256587937446,-0.01925418135264456,9.732854115226097,-0.091895995445056
chicago,link+k10,3,8,20,90,49,0.8073066990733708,8.509063355136083,-0.9062658781959277,0.6548569158321551,0.76657824933687,0.8996132228700966,-0.0775307026256441,0.8361163369518223,0.9177251428504657,-0.007490155295107437,0.9322380490540904,0.9346101263160355,0.03526566096822825,4.17032010510157,0.023241683123196112,1.0307256587937446,0.0023049264211489895,8.478944938518904,-0.09068134370848357
chicago,link+k10,3,9,20,90,49,0.8073066990733708,8.373473929869535,-0.4108153831588305,0.6002523983687587,0.76657824933687,0.8985732481099336,-0.07693476203274163,0.8361163369518223,0.9166033723226492,-0.00966358569275172,0.9322380490540904,0.9350658455929609,0.03462297993666674,4.2526753855722506,0.035242290748898675,1.0307256587937446,-0.01660888747207423,9.161201670526237,-0.11030556082748144
chicago,link+k10d,3,0,20,90,49,0.8073066990733708,8.541544766796251,0.8576169691574733,0.6318138795732597,0.76657824933687,0.8915037567627572,-0.09015062106357863,0.8361163369518223,0.9126538052559623,-0.026186330758714127,0.9322380490540904,0.9314200913775575,0.021372065576835464,4.393770335586701,0.03595508243844869,1.0307256587937446,-0.04995011901182911,8.147257084685242,-0.06308597456822929
chicago,link+k25,3,0,20,90,49,0.8073066990733708,8.37182076700279,-0.7092527703829412,0.6324565606048212,0.76657824933687,0.9004078103272999,-0.07711003867771293,0.8361163369518223,0.9190806155715772,-0.00884562801621891,0.9322380490540904,0.9365849098493789,0.03710022318559458,3.96866204277071,0.023335164000514146,1.0307256587937446,-0.005318962080754108,8.820834400586131,-0.1331941544885178
chicago,link+k25,3,1,20,90,49,0.8073066990733708,8.297466758999239,0.1361492745364046,0.5981023381904439,0.76657824933687,0.8971126094018392,-0.0845651386438262,0.8361163369518223,0.9168253894062796,-0.022061487047055905,0.9322380490540904,0.9358136926115052,0.028289650498369956,4.119977278772043,0.0381518830554225,1.0307256587937446,-0.05027439829276725,8.372176987277534,-0.08908711330423236
chicago,link+k25,3,2,20,90,49,0.8073066990733708,8.33942833900931,-0.414009542034069,0.6075205365802359,0.76657824933687,0.9004896060949532,-0.07868752848245475,0.8361163369518223,0.9189988198039238,-0.012269365147991929,0.9322380490540904,0.9363862629850781,0.03360637539583311,4.145086567198304,0.06057560850208579,1.0307256587937446,-0.013166952890915073,9.43435323173404,-0.12484342379958246
chicago,link+k25,3,3,20,90,49,0.8073066990733708,8.373724236122492,0.2425583355382789,0.6196730506315802,0.76657824933687,0.8964231879316188,-0.08305775949707284,0.8361163369518223,0.917140887367228,-0.01739912829081902,0.9322380490540904,0.9360941352434593,0.032052255810420816,4.14684388230971,0.04376073569450449,1.0307256587937446,-0.002681799338572599,9.445349321982192,-0.14758018599354716
chicago,link+k25,3,4,20,90,49,0.8073066990733708,8.271270164922846,-0.11752996954335572,0.6386964091658001,0.76657824933687,0.8995197419927786,-0.07813832832821133,0.8361163369518223,0.9177718832891246,-0.014384369997312407,0.9322380490540904,0.9361642459014478,0.03364143072482739,3.9846481209047404,0.022832704284929714,1.0307256587937446,-0.02492939937442573,7.976117919415111,-0.08832795596887455
chicago,link+k25,3,5,20,90,49,0.8073066990733708,8.29089162461184,0.024058479647529555,0.6242419285104991,0.76657824933687,0.8964465581509482,-0.08298764883908438,0.8361163369518223,0.9168838149546034,-0.01674476214959275,0.9322380490540904,0.9364680587527314,0.03380502226013393,4.040044321723315,0.023825938606433783,1.0307256587937446,-0.03755399973872531,8.239940204059272,-0.1057885746821029
chicago,link+k25,3,6,20,90,49,0.8073066990733708,8.352233656535562,-0.30813155284875293,0.6021337010247841,0.76657824933687,0.8970658689631802,-0.08124656749903603,0.8361163369518223,0.915236214491873,-0.014162352913682064,0.9322380490540904,0.9356033606375396,0.03114081725656992,4.181602038500767,0.023674032180792018,1.0307256587937446,-0.038130868882156554,8.854625356442904,-0.08961852343898269
chicago,link+k25,3,7,20,90,49,0.8073066990733708,8.282946396224178,-0.12482643925326659,0.647682258497996,0.76657824933687,0.8966335199055843,-0.08305775949707284,0.8361163369518223,0.9167085383096321,-0.017667885813108408,0.9322380490540904,0.9354047137732387,0.03292863903527732,4.007568706524501,0.025496909288493685,1.0307256587937446,-0.03904031913540995,8.380937446451078,-0.09326247864869996
chicago,link+k25,3,8,20,90,49,0.8073066990733708,8.34065845377303,0.4279099986319744,0.6925297093913226,0.76657824933687,0.8959440984353638,-0.08437817688919014,0.8361163369518223,0.9164280956776779,-0.020589163229296936,0.9322380490540904,0.9344815901097232,0.02915434861356181,4.001531422250184,0.025122985779221535,1.0307256587937446,-0.01124992021425908,8.148650379054773,-0.1343328904915544
chicago,link+k25,3,9,20,90,49,0.8073066990733708,8.322105848814024,0.1325561474477925,0.6408932097827739,0.76657824933687,0.896411502821954,-0.08400425337991801,0.8361163369518223,0.9168955000642681,-0.01935054160483296,0.9322380490540904,0.9349022540576544,0.03128103857254705,4.005957671920641,0.024071325909393662,1.0307256587937446,-0.016669128578286285,8.649225008682638,-0.12169292085784778
chicago,link+k25d,3,0,20,90,49,0.8073066990733708,8.540730582846404,0.9270756461033266,0.6407997289054558,0.76657824933687,0.8899379520676801,-0.09129576181072463,0.8361163369518223,0.9118007922504353,-0.02673553091295766,0.9322380490540904,0.9322146788347608,0.023405274658502728,4.245606495401546,0.04164573084518397,1.0307256587937446,-0.058166625223987634,7.9533782002449875,-0.08320364395520974
chicago,link+k50,3,0,20,90,49,0.8073066990733708,8.275486550073946,0.43060005715448,0.6779817478587037,0.76657824933687,0.8981642692716671,-0.08496243237242784,0.8361163369518223,0.9193376879842017,-0.024877598476261698,0.9322380490540904,0.9380221783381437,0.024678951611960875,3.839272654974251,0.03240280910036342,1.0307256587937446,-0.046420481769731126,7.275050819632597,-0.07147466312393247
chicago,link+k50,3,1,20,90,49,0.8073066990733708,8.271659420026616,-0.15284468775163673,0.6822234426670094,0.76657824933687,0.9001390528050106,-0.07838371563117119,0.8361163369518223,0.9192675773262132,-0.014033816707369806,0.9322380490540904,0.9377417357061896,0.03339604342186753,3.8640257647703495,0.02201474660839692,1.0307256587937446,-0.01907599022675255,8.153173827644666,-0.12066805845511486
chicago,link+k50,3,2,20,90,49,0.8073066990733708,8.249427123519581,-0.03360241660275591,0.6713679757884528,0.76657824933687,0.9000923123663516,-0.08079084822211058,0.8361163369518223,0.9191273560102362,-0.01917526495986166,0.9322380490540904,0.9377417357061896,0.030591617102326496,3.8238863669338428,0.026723845803292845,1.0307256587937446,-0.040748303761989124,7.475221302712692,-0.08787246156765993
chicago,link+k50,3,3,20,90,49,0.8073066990733708,8.28758617300386,-0.44328037390673464,0.6440949298309164,0.76657824933687,0.9006648827399245,-0.07853562205681297,0.8361163369518223,0.9185898409656574,-0.014150667804017303,0.9322380490540904,0.9372275908809404,0.03229764311338068,3.936468729618479,0.026606994706645293,1.0307256587937446,-0.038006951326330696,8.252187078963635,-0.08912507117100021
chicago,link+k50,3,4,20,90,49,0.8073066990733708,8.27959152140881,-0.39048560895917445,0.671403031117447,0.76657824933687,0.9011790275651737,-0.07820843898619989,0.8361163369518223,0.9195947603968263,-0.015833323595741966,0.9322380490540904,0.9376365697192068,0.03280010282896506,3.8408316372211933,0.0290374975169142,1.0307256587937446,-0.045576879396012626,7.573615016145716,-0.08434237995824634
chicago,link+k50,3,5,20,90,49,0.8073066990733708,8.25534225033385,-0.0985810068321826,0.6898655043877587,0.76657824933687,0.9013659893198097,-0.07907313710139174,0.8361163369518223,0.9198050923707919,-0.017515979387466518,0.9322380490540904,0.9373678121969174,0.03143294499818883,3.7789167256416865,0.024924338914920685,1.0307256587937446,-0.034707022020001865,7.34706362764332,-0.0706775479218068
chicago,link+k50,3,6,20,90,49,0.8073066990733708,8.285045533204192,0.2267233617975452,0.6710641629371692,0.76657824933687,0.9023241683123197,-0.07865247315346058,0.8361163369518223,0.9208100118019608,-0.018100234870704224,0.9322380490540904,0.9373678121969174,0.030030731838418312,3.7974205127376557,0.022832704284929714,1.0307256587937446,-0.021527901436711128,7.854338046200343,-0.10005693680015182
chicago,link+k50,3,7,20,90,49,0.8073066990733708,8.268685201287115,0.14937307108278539,0.6505217401465313,0.76657824933687,0.8993678355671368,-0.08177239743394993,0.8361163369518223,0.9188585984879468,-0.02065927388728539,0.9322380490540904,0.9361642459014478,0.028780425104289575,3.874276230496481,0.02640834784234447,1.0307256587937446,-0.03596877615479177,8.23506814364799,-0.09629910799013097
chicago,link+k50,3,8,20,90,49,0.8073066990733708,8.26629438412613,0.24264934567749213,0.7013052267495531,0.76657824933687,0.8997067037474147,-0.08225148693020479,0.8361163369518223,0.9197817221514624,-0.02242372544666338,0.9322380490540904,0.938290935860433,0.02800920786641581,3.7731586291148176,0.027518433260496133,1.0307256587937446,-0.03761044224294008,7.173894554963008,-0.09739988612639972
chicago,link+k50,3,9,20,90,49,0.8073066990733708,8.274848426354543,0.061810149276566105,0.6505217401465313,0.76657824933687,0.8999404059407098,-0.08042860982250322,0.8361163369518223,0.9201673307703992,-0.01638252374998539,0.9322380490540904,0.9382675656411036,0.031374519449865024,3.8750324027287952,0.02282101917526496,1.0307256587937446,-0.015406666929874246,8.276809832403986,-0.11804896564813061
chicago,link+k50d,3,0,20,90,49,0.8073066990733708,8.470561568111068,0.8569698926617231,0.6498790591149698,0.76657824933687,0.890323560686617,-0.09044274880519754,0.8361163369518223,0.9123032519660197,-0.025789037030112483,0.9322380490540904,0.9327405087696748,0.024164806786711734,4.152436700066204,0.04388927190081682,1.0307256587937446,-0.05870688212233177,7.32863120921321,-0.06798253938128673
chicago,link,4,0,20,85,51,0.8092201357809743,8.391270876774065,-1.1619473629548531,0.7093328970892392,0.76657824933687,0.8977085499947417,-0.07779946014793349,0.8361163369518223,0.9170357213802451,-0.007782283036726345,0.9322380490540904,0.934773717851342,0.03556947381951181,4.109075383168686,0.029902195632106006,1.0307256587937446,-0.016852606651132307,7.295815131199115,-0.10051243120136644
chicago,link,4,0,10,85,51,0.8092201357809743,8.072154381770842,-0.8837860932206079,0.659425793711074,0.6879140910737447,0.888851236868858,-0.07387326330057609,0.7814417088304374,0.9040535645427032,0.0035172180090909944,0.8733450963437291,0.9062386800500123,0.05604178595216125,5.2429071079173,0.04041879433038478,1.2119281814155816,-0.0700679019902315,10.667122510289884,-0.18998410174880764
chicago,link_reg,4,0,20,85,51,0.8092201357809743,8.391270876774065,-1.1619473629548531,0.7030463080896014,0.76657824933687,0.8977085499947417,-0.07779946014793349,0.8361163369518223,0.9163346148003599,-0.0058659250517065775,0.9322380490540904,0.9328339896469928,0.06443169469145471,4.60059673721988,0.18316409399502215,1.0307256587937446,-0.21704885884217606,7.131458333477144,-0.07048775858796741
chicago,link_reg,4,0,10,85,51,0.8092201357809743,8.072154381770842,-0.8837860932206079,0.6320358966568901,0.6879140910737447,0.888851236868858,-0.07387326330057609,0.7814417088304374,0.9030720153308639,0.004989541826850075,0.8733450963437291,0.8789188936538169,0.11801960761401753,5.244094814408573,0.15393963472347189,1.2119281814155816,-0.2511279194197922,10.68808297997538,-0.16360057536528128
chicago,link+k10,4,0,20,85,51,0.8092201357809743,8.381642897187993,-0.15490061788789855,0.634372918589841,0.76657824933687,0.8968555369892146,-0.08197104429825075,0.8361163369518223,0.9169772958319213,-0.014664812629266555,0.9322380490540904,0.9348788838383248,0.03114081725656992,4.183220811851196,0.029761974316128956,1.0307256587937446,-0.012510390025823881,8.386218857988073,-0.09967735813247292
chicago,link+k10,4,1,20,85,51,0.8092201357809743,8.467495367182533,0.49694307965845597,0.5946902861683356,0.76657824933687,0.8901015436029868,-0.0943806307622197,0.8361163369518223,0.9149090314212599,-0.029423106135851085,0.9322380490540904,0.9344582198903937,0.01966603956578139,4.3515471783980235,0.043842531462157774,1.0307256587937446,-0.06232025474564751,8.979443676355974,-0.0404251281078003
chicago,link+k10,4,2,20,85,51,0.8092201357809743,8.459556192440754,0.11376419249870869,0.5716589350191051,0.76657824933687,0.8920996973556596,-0.08861987169749586,0.8361163369518223,0.9148506058729361,-0.022190023253368274,0.9322380490540904,0.9328106194276633,0.0229729256009068,4.432012446459491,0.04903072015330867,1.0307256587937446,-0.06138923065300261,8.37148504105361,-0.05670905295122419
chicago,link+k10,4,3,20,85,51,0.8092201357809743,8.362686830750272,-0.23299781530618566,0.6820131106930438,0.76657824933687,0.8961427452996646,-0.08125825260870068,0.8361163369518223,0.9171876278058869,-0.011603313897100898,0.9322380490540904,0.9351593264702789,0.03177181317846667,4.20135706710501,0.029306255039203543,1.0307256587937446,0.010227120351853802,8.049311189537901,-0.09022584930726896
chicago,link+k10,4,4,20,85,51,0.8092201357809743,8.378133170611726,0.3253065012793599,0.6274202783393122,0.76657824933687,0.8911999439114736,-0.08951962514168199,0.8361163369518223,0.9134951331518246,-0.024527045186319096,0.9322380490540904,0.9338155388588322,0.023650661961462482,4.417191374564342,0.03871276831933068,1.0307256587937446,-0.043996206310314756,7.930057357147419,-0.061833364964889004
chicago,link+k10,4,5,20,85,51,0.8092201357809743,8.413637413336643,0.7916022858151069,0.6503932039402189,0.76657824933687,0.8913869056661097,-0.08994028908961305,0.8361163369518223,0.9149090314212599,-0.025964313675083894,0.9322380490540904,0.9331611727176059,0.024795802708608483,4.298443399581723,0.031479685436847815,1.0307256587937446,-0.024699153842903554,7.932462819677696,-0.09288289998102106
chicago,link+k10,4,6,20,85,51,0.8092201357809743,8.468433123578047,0.7469129184188423,0.5919442853971184,0.76657824933687,0.8888161815398637,-0.09395996681428853,0.8361163369518223,0.9118358475794295,-0.03324413699622575,0.9322380490540904,0.9316537935708527,0.01508547657719772,4.425470039222879,0.04848151999906514,1.0307256587937446,-0.05650627337432801,8.39955453972032,-0.05932814575820844
chicago,link+k10,4,7,20,85,51,0.8092201357809743,8.547431008730506,-1.0768305783608731,0.6247560733357482,0.76657824933687,0.8981642692716671,-0.07834866030217691,0.8361163369518223,0.9177952535084541,-0.006087942135336921,0.9322380490540904,0.9351593264702789,0.03240280910036342,4.491630796045235,0.05105224412531112,1.0307256587937446,0.0013309727602617283,9.305068149369408,-0.10077813626874166
chicago,link+k10,4,8,20,85,51,0.8092201357809743,8.564196035510045,-0.8781519112956512,0.6186681312004113,0.76657824933687,0.8987251545355753,-0.07984435433926551,0.8361163369518223,0.9182276025660501,-0.00902090466119021,0.9322380490540904,0.9352060669089379,0.030953855501933858,4.298544845450517,0.029166033723226494,1.0307256587937446,0.000193129671286707,8.444019451006161,-0.08031884608085027
chicago,link+k10,4,9,20,85,51,0.8092201357809743,8.401341692816997,-0.28363377446450944,0.6021103308054546,0.76657824933687,0.8973463115951343,-0.07923672863669828,0.8361163369518223,0.9172460533542107,-0.01163836922609518,0.9322380490540904,0.935533249979551,0.02966849343881095,4.3625368143264565,0.03222753245539209,1.0307256587937446,-0.011222638238741256,9.055725374384243,-0.08373505408996018
chicago,link+k10d,4,0,20,85,51,0.8092201357809743,8.528276901704464,0.8447497692195963,0.6514565489197116,0.76657824933687,0.8904404117832646,-0.09065308077916312,0.8361163369518223,0.9119994391147361,-0.02789235676976831,0.9322380490540904,0.9314200913775575,0.01817034552869279,4.46454406159121,0.03807008728776917,1.0307256587937446,-0.035011653879258864,7.82021055701095,-0.07621939646991838
chicago,link+k25,4,0,20,85,51,0.8092201357809743,8.413401304881488,-0.8387715933401642,0.6340223652998983,0.76657824933687,0.899928720831045,-0.07822012409586465,0.8361163369518223,0.9199686839060984,-0.009686955912081241,0.9322380490540904,0.9370523142359691,0.03214573668773879,4.087838189066403,0.029306255039203543,1.0307256587937446,-0.00017443865205302167,8.968865428498038,-0.1238565192636174
chicago,link+k25,4,1,20,85,51,0.8092201357809743,8.331280570439642,0.12404041113659106,0.6059079914464998,0.76657824933687,0.8958973579967048,-0.08666845838348192,0.8361163369518223,0.9174797555475058,-0.02210822748571495,0.9322380490540904,0.9360473948048003,0.02541511352084036,4.25984287289575,0.03685483588263472,1.0307256587937446,-0.04503028917770957,8.440165199067085,-0.07644714367052574
chicago,link+k25,4,2,20,85,51,0.8092201357809743,8.371258043895118,-0.47854478785000676,0.6138071255798736,0.76657824933687,0.8990172822771941,-0.08102455041540568,0.8361163369518223,0.9199569987964337,-0.012760139753911548,0.9322380490540904,0.9367368162750207,0.030241063812383895,4.259679650973338,0.05121583566061767,1.0307256587937446,-0.008555069582381725,9.446899968784606,-0.11402543177073443
chicago,link+k25,4,3,20,85,51,0.8092201357809743,8.401774275985316,0.3573791855036217,0.6164129050351137,0.76657824933687,0.8946704214819056,-0.08632959020320408,0.8361163369518223,0.9169422405029272,-0.020402201474660875,0.9322380490540904,0.9363512076560838,0.02800920786641581,4.276066534529165,0.05022260133911356,1.0307256587937446,0.0016831304944611158,9.436698479706449,-0.12920857847788958
chicago,link+k25,4,4,20,85,51,0.8092201357809743,8.30214316132178,-0.09388369464851187,0.6340106801902335,0.76657824933687,0.8981292139426729,-0.08025333317753192,0.8361163369518223,0.9184262494303509,-0.016020285350378027,0.9322380490540904,0.9369822035779806,0.029411421026186324,4.10317645574524,0.028616833568983046,1.0307256587937446,-0.021327960486317465,8.10241969043672,-0.0830518124881382
chicago,link+k25,4,5,20,85,51,0.8092201357809743,8.31804735219738,-0.025726505435198048,0.6172425478213113,0.76657824933687,0.8951728811974901,-0.08475210039846226,0.8361163369518223,0.9165916872129845,-0.018579324366959193,0.9322380490540904,0.9371691653326166,0.030206008483389613,4.170766008978911,0.02813774407272812,1.0307256587937446,-0.03322128369704058,8.722785030592831,-0.09671664452457773
chicago,link+k25,4,6,20,85,51,0.8092201357809743,8.397943327949033,-0.37213485317855355,0.606936281096998,0.76657824933687,0.8953247876231318,-0.08165554633730232,0.8361163369518223,0.9152128442725435,-0.014372684887647647,0.9322380490540904,0.9356734712955281,0.028079318524404373,4.366942182256613,0.029563327451828134,1.0307256587937446,-0.0284637053542649,8.682585605184213,-0.0785727842095274
chicago,link+k25,4,7,20,85,51,0.8092201357809743,8.325873886021702,-0.13167764057172868,0.6385561878498229,0.76657824933687,0.8952196216361491,-0.08465861952114417,0.8361163369518223,0.9176667173021419,-0.01738744318115426,0.9322380490540904,0.9360357096951355,0.029423106135851085,4.156154591286768,0.029680178548475676,1.0307256587937446,-0.031606577978463,8.208245613379866,-0.07386600873030935
chicago,link+k25,4,8,20,85,51,0.8092201357809743,8.374158748917269,0.31271379046994785,0.6938150714544457,0.76657824933687,0.8955935451454212,-0.08472873017913274,0.8361163369518223,0.9176082917538181,-0.018591009476623954,0.9322380490540904,0.9351359562509494,0.025835777468771526,4.120650546699618,0.02973860409679945,1.0307256587937446,-0.0011952110202451127,8.014078285246446,-0.12283165686088438
chicago,link+k25,4,9,20,85,51,0.8092201357809743,8.369027127584515,0.20112515548245202,0.6357634466399467,0.76657824933687,0.8948340130172122,-0.08749810116967949,0.8361163369518223,0.9178303088374484,-0.022435410556328028,0.9322380490540904,0.9354280839925683,0.02687575222893468,4.143848143446144,0.029399735916521577,1.0307256587937446,-0.013050781725130411,8.890888995967462,-0.10685139495160367
chicago,link+k25d,4,0,20,85,51,0.8092201357809743,8.550369596239737,1.0389124708076463,0.6412554481823812,0.76657824933687,0.888711015552881,-0.09336402622138606,0.8361163369518223,0.9116956262634525,-0.030112527606071637,0.9322380490540904,0.9315018871452109,0.018462473270311697,4.309049164811856,0.04815433692845206,1.0307256587937446,-0.05455680207094815,7.60357224065489,-0.06388308977035495
chicago,link+k50,4,0,20,85,51,0.8092201357809743,8.30771247122265,0.42671408239029895,0.6787529650965775,0.76657824933687,0.8968204816602204,-0.08700732656375976,0.8361163369518223,0.9195246497388379,-0.02543848374016988,0.9322380490540904,0.9386181189310462,0.022867759613923955,3.9361418565032684,0.032367753771369245,1.0307256587937446,-0.03988723542463668,7.215507276137956,-0.057506168153349746
chicago,link+k50,4,1,20,85,51,0.8092201357809743,8.302524640640852,-0.08717239052732269,0.6839294686780636,0.76657824933687,0.8990640227158532,-0.08060388646747452,0.8361163369518223,0.9196765561644796,-0.016289042872667414,0.9322380490540904,0.9381623996541207,0.028651888897977318,3.9773348663727246,0.027460007712172378,1.0307256587937446,-0.01676804827046352,7.980169614933214,-0.09535016132093377
chicago,link+k50,4,2,20,85,51,0.8092201357809743,8.282753990416623,-0.0744004265546088,0.6598815129879994,0.76657824933687,0.8992392993608245,-0.08229822736886383,0.8361163369518223,0.9203659776347001,-0.018754601011930494,0.9322380490540904,0.9385830636020519,0.02820785473071663,3.9470840382058485,0.027670339686137954,1.0307256587937446,-0.03399470887951561,7.80228931311526,-0.08426646422471062
chicago,link+k50,4,3,20,85,51,0.8092201357809743,8.322189991560025,-0.44473197929539365,0.6458593813902943,0.76657824933687,0.8990990780448475,-0.0807557928931163,0.8361163369518223,0.9193844284228607,-0.014875144603232138,0.9322380490540904,0.9379988081188142,0.02918940394255598,4.062838776434976,0.028651888897977307,1.0307256587937446,-0.029009496296624082,8.236803053729425,-0.08430442209147848
chicago,link+k50,4,4,20,85,51,0.8092201357809743,8.31099609636417,-0.35912053803555966,0.6669042638965167,0.76657824933687,0.8990873929351827,-0.08165554633730232,0.8361163369518223,0.9203426074153706,-0.01688498346556988,0.9322380490540904,0.9377417357061896,0.029563327451828103,3.968320904658577,0.030872059734280533,1.0307256587937446,-0.044395335434302075,7.472169623297028,-0.053824255076864724
chicago,link+k50,4,5,20,85,51,0.8092201357809743,8.291393630135204,-0.08190091077107825,0.687808925086762,0.76657824933687,0.899741759076409,-0.08114140151205318,0.8361163369518223,0.9207165309246427,-0.01753934960679604,0.9322380490540904,0.9379053272414961,0.027950782318092116,3.894798405966052,0.02915434861356174,1.0307256587937446,-0.02826963875066757,7.203661465180666,-0.06156765989751378
chicago,link+k50,4,6,20,85,51,0.8092201357809743,8.32093248062029,0.1826427185314326,0.6706902394278971,0.76657824933687,0.9008051040559015,-0.08059220135780976,0.8361163369518223,0.9217915610138001,-0.018333937063999328,0.9322380490540904,0.9379871230091494,0.027191250189883,3.915690505105106,0.02868694422697157,1.0307256587937446,-0.015131749629027302,7.822627512344694,-0.08756879863351674
chicago,link+k50,4,7,20,85,51,0.8092201357809743,8.30391143927728,0.13617602360293873,0.6453218663457156,0.76657824933687,0.8982577501489851,-0.08423795557321301,0.8361163369518223,0.9193961135325255,-0.02164082309912485,0.9322380490540904,0.93725096110027,0.026338237184356017,4.0010498950092614,0.029119293284567475,1.0307256587937446,-0.031741762683070496,8.466312973302584,-0.09117479597646616
chicago,link+k50,4,8,20,85,51,0.8092201357809743,8.301833102875447,0.21549020107643002,0.6876453335514554,0.76657824933687,0.8982226948199908,-0.08406267892824171,0.8361163369518223,0.9203309223057058,-0.022528891433646114,0.9322380490540904,0.938770025356688,0.02507624534056252,3.9107628603459177,0.032063940920085465,1.0307256587937446,-0.03537848878400207,7.290739620309534,-0.059821598026190914
chicago,link+k50,4,9,20,85,51,0.8092201357809743,8.312326489412223,0.12430594814996881,0.6460580282545951,0.76657824933687,0.8989588567288704,-0.08309281482606712,0.8361163369518223,0.9201907009897288,-0.019257060727514985,0.9322380490540904,0.9383961018474158,0.027086084202900262,4.009544764815189,0.028453242033676485,1.0307256587937446,-0.014963855663964853,8.518123107156175,-0.1144429683051813
chicago,link+k50d,4,0,20,85,51,0.8092201357809743,8.51743999860169,1.0264790442513618,0.6553944308767338,0.76657824933687,0.8891083092814827,-0.09261617920284182,0.8361163369518223,0.9117774220311058,-0.02900244218791992,0.9322380490540904,0.931875810654483,0.020215239720024814,4.239187576077727,0.03953072599586349,1.0307256587937446,-0.0489699803938175,7.304551442561271,-0.06228885936610362
hamburg,link,0,0,20,37,35,0.8131625981844692,8.097245614232463,-0.056807548262460796,0.7593363435398147,0.8042189925215183,0.8987230139692395,-0.05861671605286678,0.8794388786980857,0.915808287474719,0.02109496260759136,0.9542354545882131,0.9517543859649122,0.03326513334274028,3.8200289530236207,0.03508771929824561,1.1706797589076987,-0.03663005756193205,6.501458501430081,-0.03858198672178381
hamburg,link,0,0,10,37,35,0.8131625981844692,7.8541774152723915,-0.07760654084599339,0.7559028267720239,0.7211325901886082,0.8863647053290061,-0.07431447250834855,0.8293589200884248,0.9026621513569446,0.005126757913550661,0.909329288368374,0.9244626311086026,0.03753351206434319,4.767729632901891,0.017261652791496163,1.292587627432416,-0.028603359455859456,7.017949621919229,-0.11348095083034837
hamburg,link_reg,0,0,20,37,35,0.8131625981844692,8.097245614232463,-0.056807548262460796,0.7544682752457551,0.8042189925215183,0.898746531207375,-0.05859319881473124,0.8794388786980857,0.9151850806641268,0.02308216923004569,0.9542354545882131,0.9542354545882131,0.04576454541178687,4.413400687836372,0.11686891491463244,1.1706797589076987,-0.23116309149663294,6.318692968071616,-0.010313583030606699
hamburg,link_reg,0,0,10,37,35,0.8131625981844692,7.8541774152723915,-0.07760654084599339,0.7340317953059593,0.7211325901886082,0.8863764639480739,-0.07430271388928078,0.8293589200884248,0.9020389445463525,0.006784723202107101,0.909329288368374,0.9093410469874418,0.09063543577442268,4.828401300550948,0.13737594656883495,1.292587627432416,-0.21142424005355953,6.890200944818648,-0.0872272875284924
hamburg,link+k10,0,0,20,37,35,0.8131625981844692,8.215085551166135,0.5129689148628083,0.7393349325055265,0.8042189925215183,0.8944546352476365,-0.06730633554395371,0.8794388786980857,0.9166196321903956,0.013087343022435416,0.9542354545882131,0.9522364893466911,0.033041719580452544,3.907709659818754,0.024152203565213304,1.1706797589076987,-0.0421180894034503,7.094087226880902,-0.025679569084304132
hamburg,link+k10,0,1,20,37,35,0.8131625981844692,8.300662860205085,1.1438521231419239,0.7386646912186633,0.8042189925215183,0.8896806359061192,-0.07643102394054846,0.8794388786980857,0.9151733220450591,0.006725930106768252,0.9542354545882131,0.9519425238699967,0.03001975448003391,4.027986096732345,0.04828088989229107,1.1706797589076987,-0.008502064619970495,7.229766542798257,-0.05302935404401021
hamburg,link+k10,0,2,20,37,35,0.8131625981844692,8.27484381364231,-0.1264490698946639,0.7178401768496308,0.8042189925215183,0.8987347725883073,-0.054042613235501635,0.8794388786980857,0.9145265979963313,0.03037251305206723,0.9542354545882131,0.9528361789191477,0.03255961619867365,4.268040295079035,0.059428060768543345,1.1706797589076987,0.0048750454543855515,7.7518689855458085,-0.03081548290116498
hamburg,link+k10,0,3,20,37,35,0.8131625981844692,8.206280387116072,-0.6965992985754422,0.7352311744508725,0.8042189925215183,0.9030266685480457,-0.045423545458821324,0.8794388786980857,0.9144207704247214,0.03494661586943226,0.9542354545882131,0.9518954893937256,0.033076995437655854,4.125566094558237,0.030231409623253852,1.1706797589076987,-0.020284894664511777,7.109087018472199,-0.016493381769593696
hamburg,link+k10,0,4,20,37,35,0.8131625981844692,8.217980319603692,-0.6396225897433202,0.7373006914068012,0.8042189925215183,0.903120737500588,-0.04935092422745879,0.8794388786980857,0.9145383566153991,0.032971167866045814,0.9542354545882131,0.9519895583462679,0.032865340294435885,3.9802219025217243,0.031019237100794878,1.1706797589076987,-0.022586268627247996,6.960386956080999,-0.022923712889891035
hamburg,link+k10,0,5,20,37,35,0.8131625981844692,8.212074821305992,0.2979269463263079,0.7294812097267297,0.8042189925215183,0.8949720144866187,-0.06537792201683834,0.8794388786980857,0.9162903908564978,0.013651756737688703,0.9542354545882131,0.9518837307746578,0.03158365081604819,4.099088427790089,0.03421758148723014,1.1706797589076987,-0.04564677960218044,7.479154038115162,-0.021629295586454544
hamburg,link+k10,0,6,20,37,35,0.8131625981844692,8.383938245413717,-1.1803334045908664,0.7258595550538545,0.8042189925215183,0.9006984619726259,-0.04627016603170131,0.8794388786980857,0.9134212878039603,0.04081416678425287,0.9542354545882131,0.9521189031560133,0.032665443770283686,4.216975441044522,0.04576454541178687,1.1706797589076987,-0.035463712418785986,6.972416818811391,0.01202555430289376
hamburg,link+k10,0,7,20,37,35,0.8131625981844692,8.318443534458574,-1.0937919039759645,0.7305630026809652,0.8042189925215183,0.9043318752645689,-0.03917971873383197,0.8794388786980857,0.9130920464700626,0.038415408494426484,0.9542354545882131,0.9525657306805889,0.03245378862706372,4.179912414350454,0.08192229904520013,1.1706797589076987,0.0069416267824138345,7.083526515111945,-0.037371080212117436
hamburg,link+k10,0,8,20,37,35,0.8131625981844692,8.136490698553478,-0.6056636823427426,0.7510935515733033,0.8042189925215183,0.9032500823103334,-0.047128545223648954,0.8794388786980857,0.9150557358543813,0.032900616151639195,0.9542354545882131,0.9518014204411834,0.03314754715206247,3.995290757234701,0.03314754715206247,1.1706797589076987,-0.011785464701375759,6.70584525625654,-0.025554302893649017
hamburg,link+k10,0,9,20,37,35,0.8131625981844692,8.176806944771725,-0.1319148906166893,0.6750270448238559,0.8042189925215183,0.8995931517802549,-0.05311368232914726,0.8794388786980857,0.9160081839988712,0.027479892761394065,0.9542354545882131,0.9516720756314379,0.031348478434692684,4.137972301994508,0.013346032641926575,1.1706797589076987,-0.03812745597698042,8.311791985854171,0.012234331287318989
hamburg,link+k10d,0,0,20,37,35,0.8131625981844692,8.366761135521516,0.2631193568518889,0.7025657306805889,0.8042189925215183,0.8972414279666996,-0.054148440807111675,0.8794388786980857,0.9118926673251493,0.03006678895630499,0.9542354545882131,0.951401627392879,0.032630167913080266,4.535292750939339,0.06366116363294297,1.1706797589076987,0.04833324393993754,8.391178821373698,-0.05687085055743457
hamburg,link+k25,0,0,20,37,35,0.8131625981844692,8.111759511547042,0.4744502070544495,0.7595950331593058,0.8042189925215183,0.8999929448285593,-0.06209726729692866,0.8794388786980857,0.9181129768120032,0.014839377263534237,0.9542354545882131,0.9536357650157565,0.03164244391138704,3.834507883893219,0.05154978599313298,1.1706797589076987,-0.01258099587511019,6.356552182666453,-0.04935487911812597
hamburg,link+k25,0,1,20,37,35,0.8131625981844692,8.103170263402951,0.07913023401889775,0.7418042425097596,0.8042189925215183,0.9016626687361836,-0.059533888340153385,0.8794388786980857,0.9176543906683599,0.01983679036733932,0.9542354545882131,0.9524246272517756,0.033018202342317005,3.794662291550036,0.018860824984713753,1.1706797589076987,-0.04517562130564512,6.899462910606715,-0.023967597812017183
hamburg,link+k25,0,2,20,37,35,0.8131625981844692,8.146658039156877,-0.5004474615328378,0.7377357603123089,0.8042189925215183,0.9043083580264334,-0.0495037862753398,0.8794388786980857,0.9168195287145477,0.027820892714359613,0.9542354545882131,0.9529420064907578,0.03264192653214815,3.955373301195565,0.0178025492686138,1.1706797589076987,-0.04169412670771089,6.984639049570105,0.009770762871101013
hamburg,link+k25,0,3,20,37,35,0.8131625981844692,8.13565923558396,0.512419719438148,0.7480363106156813,0.8042189925215183,0.8966064625370397,-0.06783547340200369,0.8794388786980857,0.917383942429801,0.01258172240252109,0.9542354545882131,0.9525657306805889,0.03163068529231927,3.8154284168388988,0.01934292836649265,1.1706797589076987,-0.05118075740040129,6.926841973799016,-0.017328489707294614
hamburg,link+k25,0,4,20,37,35,0.8131625981844692,8.120144403492024,0.1399803014837713,0.752845585814402,0.8042189925215183,0.902379944499318,-0.05646488876346367,0.8794388786980857,0.9184539767649688,0.020166031701236986,0.9542354545882131,0.9528832133954188,0.031313202577489374,3.993384966436439,0.042965994073656005,1.1706797589076987,-0.024866297370881307,6.517337198070676,-0.032193410998371585
hamburg,link+k25,0,5,20,37,35,0.8131625981844692,8.15687997673858,0.6627815857674786,0.7461784488029726,0.8042189925215183,0.8963124970603452,-0.06991674897700018,0.8794388786980857,0.9180541837166644,0.009936033112271314,0.9542354545882131,0.9535299374441466,0.031301443958421604,4.008562802198727,0.0403438220215418,1.1706797589076987,-0.0334656919897347,6.867583815856056,-0.021462273998914316
hamburg,link+k25,0,6,20,37,35,0.8131625981844692,8.12191440277522,0.0778968298141416,0.7615352053054889,0.8042189925215183,0.9026974272141479,-0.055794647476600345,0.8794388786980857,0.9179718733831899,0.020013169653355978,0.9542354545882131,0.9529772823479611,0.03176003010206485,3.8615013152790607,0.02141244532242137,1.1706797589076987,-0.028491776037201877,6.415578243334756,-0.03666123846507163
hamburg,link+k25,0,7,20,37,35,0.8131625981844692,8.180194304612083,0.39599407085566585,0.723989934622078,0.8042189925215183,0.8962889798222097,-0.06871736983208698,0.8794388786980857,0.9185480457175109,0.012522929307182129,0.9542354545882131,0.9533300409199944,0.03237147829358922,3.7814585448980607,0.025986548139786403,1.1706797589076987,-0.07193567620963015,7.041341388564783,-0.0007098417470458029
hamburg,link+k25,0,8,20,37,35,0.8131625981844692,8.128484555962395,0.23649304704451526,0.7342434504491793,0.8042189925215183,0.8986524622548328,-0.059604440054560004,0.8794388786980857,0.9176308734302243,0.01931941112835711,0.9542354545882131,0.9526597996331311,0.03205399557875921,3.8813100613714764,0.012628756878792169,1.1706797589076987,-0.036747238787585124,7.296451863617268,-0.008559856361434748
hamburg,link+k25,0,9,20,37,35,0.8131625981844692,8.152069583253263,0.08112500473822105,0.7455434833733127,0.8042189925215183,0.9016391514980481,-0.05501857861812709,0.8794388786980857,0.9180777009547999,0.02479892761394109,0.9542354545882131,0.953400592634401,0.031078030196133755,3.9637634767467826,0.047634165843563336,1.1706797589076987,-0.0006415586566834719,7.115349029804102,-0.024886216543488215
hamburg,link+k25d,0,0,20,37,35,0.8131625981844692,8.25188722231412,-0.7016127526806933,0.7298692441559663,0.8042189925215183,0.9044612200743145,-0.040132166878321884,0.8794388786980857,0.9115634259912516,0.03942664973425525,0.9542354545882131,0.9516015239170312,0.0334179953906214,4.248544478913499,0.04848078641644327,1.1706797589076987,0.03262307699696154,7.356293302195802,-0.06768549835066184
hamburg,link+k50,0,0,20,37,35,0.8131625981844692,8.108315730434226,0.21851132646555582,0.7583368609190536,0.8042189925215183,0.9024269789755891,-0.057805371337190214,0.8794388786980857,0.9186068388128498,0.020036686891491517,0.9542354545882131,0.9538826960161798,0.031348478434692684,3.8081372928152777,0.044412304218992504,1.1706797589076987,-0.01087406863341589,6.508694408460709,-0.03357133909557808
hamburg,link+k50,0,1,20,37,35,0.8131625981844692,8.09639020901633,-0.2042437929859916,0.7666502045999718,0.8042189925215183,0.9059663233149899,-0.05113823432576081,0.8794388786980857,0.9190889421946287,0.024093410469874454,0.9542354545882131,0.953400592634401,0.03178354734020039,3.655325780384591,0.02180047975165797,1.1706797589076987,-0.023070317093830672,6.487572340356142,-0.03657772767130152
hamburg,link+k50,0,2,20,37,35,0.8131625981844692,8.121759626044714,-0.6787648536268327,0.7626522741169277,0.8042189925215183,0.9076478058416819,-0.04247213207280942,0.8794388786980857,0.9195475283382719,0.030784064719439397,0.9542354545882131,0.9543295235407554,0.031301443958421604,3.782823456172924,0.019060721508865952,1.1706797589076987,-0.024021934280522794,6.457533318087332,-0.04204768466324271
hamburg,link+k50,0,3,20,37,35,0.8131625981844692,8.105257537098055,-0.34599442568286654,0.7672146183152251,0.8042189925215183,0.9058134612671088,-0.04988006208550866,0.8794388786980857,0.9199473213865763,0.02471661728046659,0.9542354545882131,0.9545294200649076,0.031148581910540485,3.681616504690161,0.028879168430459512,1.1706797589076987,-0.02575714823400088,6.138109642794127,-0.02709925257839574
hamburg,link+k50,0,4,20,37,35,0.8131625981844692,8.107954994243059,-0.22663448946020476,0.7597831710643902,0.8042189925215183,0.9051784958374488,-0.052513992756690664,0.8794388786980857,0.9190536663374254,0.022764686515215682,0.9542354545882131,0.9539767649687221,0.031301443958421604,3.7583492547448745,0.019319411128357084,1.1706797589076987,-0.031984154254841135,6.467508838409696,-0.014739655100421745
hamburg,link+k50,0,5,20,37,35,0.8131625981844692,8.09146334886005,-0.21624052313970982,0.753892102911434,0.8042189925215183,0.9048257372654156,-0.0545364752363483,0.8794388786980857,0.9186656319081887,0.023411410563943358,0.9542354545882131,0.9532712478246554,0.03172475424486154,3.739401074780258,0.017920135459291664,1.1706797589076987,-0.03498312624632871,6.829392933176539,-0.006931395882917912
hamburg,link+k50,0,6,20,37,35,0.8131625981844692,8.104737232737286,0.06673873908543337,0.7663797563614129,0.8042189925215183,0.9035793236442312,-0.057593716193970246,0.8794388786980857,0.9217228728658107,0.017414514839377282,0.9542354545882131,0.9552819716852453,0.031266168101218184,3.8212548474045156,0.051279337754574106,1.1706797589076987,-0.03307606483186598,6.353902845886767,-0.030857238298049983
hamburg,link+k50,0,7,20,37,35,0.8131625981844692,8.098621026234074,0.00420024120672099,0.7650157565495508,0.8042189925215183,0.903802737406519,-0.05654719909693806,0.8794388786980857,0.919653355909882,0.02103616951225251,0.9542354545882131,0.9544235924932976,0.03198344386435259,3.839102889075712,0.04492968345797471,1.1706797589076987,-0.021706271978497726,6.098472679175376,-0.025136748924798558
hamburg,link+k50,0,8,20,37,35,0.8131625981844692,8.090030979891871,-0.07246047976320401,0.7644395842152297,0.8042189925215183,0.9045552890268567,-0.053960302902027246,0.8794388786980857,0.9195945628145431,0.022482479657588983,0.9542354545882131,0.9541296270166032,0.03178354734020039,3.7926896957761174,0.039179718733831886,1.1706797589076987,-0.018911698036674363,6.396798647213206,-0.027642072737901424
hamburg,link+k50,0,9,20,37,35,0.8131625981844692,8.096079333502109,-0.3961787553137545,0.7672616527914962,0.8042189925215183,0.9069187714594797,-0.04764592446263116,0.8794388786980857,0.9188420111942054,0.02815013404825739,0.9542354545882131,0.9548704200178731,0.031324961196557144,3.6984593322980963,0.025633789567753168,1.1706797589076987,-0.027131671147719416,6.236813458443709,-0.021629295586454544
hamburg,link+k50d,0,0,20,37,35,0.8131625981844692,8.208726079480464,-1.0354735940383515,0.7463077936127182,0.8042189925215183,0.9052843234090588,-0.03867409811391753,0.8794388786980857,0.9123630120878604,0.04036733925967739,0.9542354545882131,0.9517543859649122,0.03347678848596025,4.058975591094199,0.03940313249611965,1.1706797589076987,0.011315789879832616,6.687154939754161,-0.06242431834314588
hamburg,link,1,0,20,86,48,0.8128433516767791,8.105766551058048,0.024818155873471526,0.7600183434457457,0.8042189925215183,0.9002516344480505,-0.054054371854569405,0.8794388786980857,0.9168548045717511,0.018449273317341586,0.9542354545882131,0.9519425238699967,0.03206575419782709,3.8713110649178586,0.03983820140162739,1.1706797589076987,-0.010772736547702166,6.540775546537612,-0.03895778529374927
hamburg,link,1,0,10,86,48,0.8128433516767791,7.864268242829872,-0.05030132862237341,0.7549856544847373,0.7211325901886082,0.8880697050938338,-0.07030478340623669,0.8293589200884248,0.9032500823103334,0.0015286204788109714,0.909329288368374,0.9250858379191947,0.03667513287239543,4.805917237864003,0.025281030995719822,1.292587627432416,-0.010567183580531214,6.938442540531036,-0.10936991208075542
hamburg,link_reg,1,0,20,86,48,0.8128433516767791,8.105766551058048,0.024818155873471526,0.7541743097690607,0.8042189925215183,0.9002516344480505,-0.054054371854569405,0.8794388786980857,0.9159258736653967,0.0211184798457269,0.9542354545882131,0.9543647993979587,0.04558816612577021,4.403711129856107,0.10900239875828982,1.1706797589076987,-0.19731459191177236,6.2944416866451744,-0.002129525241137409
hamburg,link_reg,1,0,10,86,48,0.8128433516767791,7.864268242829872,-0.05030132862237341,0.7318094163021495,0.7211325901886082,0.8880697050938338,-0.07030478340623669,0.8293589200884248,0.902485772070928,0.0036569305300785393,0.909329288368374,0.9103405296082028,0.08925967734349283,4.843228778639604,0.12809839612435914,1.292587627432416,-0.1845380155671501,6.764729031248116,-0.07823184630413549
hamburg,link+k10,1,0,20,86,48,0.8128433516767791,8.224185415975409,0.46827857686141205,0.7387940360284089,0.8042189925215183,0.8968769107755985,-0.060980198485489856,0.8794388786980857,0.917066459714971,0.012899205117350987,0.9542354545882131,0.9527891444428767,0.030725271624100547,3.9475087297774647,0.026962513522411913,1.1706797589076987,-0.01711070897221023,7.2898740463870055,-0.02367531003382184
hamburg,link+k10,1,1,20,86,48,0.8128433516767791,8.30779648370208,1.215625339932709,0.7365481397864635,0.8042189925215183,0.8923028079582334,-0.07028126616810126,0.8794388786980857,0.9158905978081934,0.004574102817365144,0.9542354545882131,0.9516720756314379,0.025680824044024275,4.119053455108994,0.05498330276092375,1.1706797589076987,0.019878800336226465,7.351515811763864,-0.050273497849597115
hamburg,link+k10,1,2,20,86,48,0.8128433516767791,8.271114790996949,-0.18354271640271563,0.7198861765674239,0.8042189925215183,0.9010982550209303,-0.046975683175767835,0.8794388786980857,0.915808287474719,0.02850289262029071,0.9542354545882131,0.9527303513475377,0.031160340529608255,4.327498683590121,0.07484361036639858,1.1706797589076987,0.03755810346321753,7.572955463298501,-0.03081548290116498
hamburg,link+k10,1,3,20,86,48,0.8128433516767791,8.185040335984054,-0.4327518348073525,0.7346550021165514,0.8042189925215183,0.9036145995014345,-0.045000235172381386,0.8794388786980857,0.9159964253798034,0.029608202812661744,0.9542354545882131,0.9517543859649122,0.03183058181647147,4.175291698382688,0.035569822680024454,1.1706797589076987,0.004095215558782339,7.1090741543665565,-0.011691511127813303
hamburg,link+k10,1,4,20,86,48,0.8128433516767791,8.20953780740402,-0.6424699458344908,0.7375946568834956,0.8042189925215183,0.9055782888857532,-0.04416537321856928,0.8794388786980857,0.9159141150463289,0.032677202389351456,0.9542354545882131,0.9522482479657589,0.03173651286392931,4.016111905468407,0.04258971826348715,1.1706797589076987,0.0053661030525784525,7.081562985241741,-0.01741200050106473
hamburg,link+k10,1,5,20,86,48,0.8128433516767791,8.207317513003632,0.48249055651361533,0.7292342787263064,0.8042189925215183,0.8960773246789897,-0.06335543953718081,0.8794388786980857,0.9172428390009877,0.010182964112694592,0.9542354545882131,0.9522600065848267,0.028902685668595107,4.137580657160078,0.03995578759230517,1.1706797589076987,-0.02090542307770704,7.456509590608647,-0.018038331454340528
hamburg,link+k10,1,6,20,86,48,0.8128433516767791,8.364955594236777,-1.1126028608338234,0.7320328300644372,0.8042189925215183,0.9040026339306712,-0.04256620102535158,0.8794388786980857,0.9146559428060769,0.03783923616010543,0.9542354545882131,0.9528832133954188,0.03004327171816945,4.28645300609284,0.06015709515074549,1.1706797589076987,-0.0011916605125006363,6.8151435908813855,-0.0027558561944130977
hamburg,link+k10,1,7,20,86,48,0.8128433516767791,8.334961451758849,-1.0793847666993737,0.7287874512017308,0.8042189925215183,0.9051902544565166,-0.03747471896900434,0.8794388786980857,0.9148911151874324,0.034546822821127865,0.9542354545882131,0.9522835238229622,0.030807581957574937,4.297041222102467,0.08679036733925968,1.1706797589076987,0.034240258320610284,7.1534298602836115,-0.0316505908388659
hamburg,link+k10,1,8,20,86,48,0.8128433516767791,8.127632656516914,-0.5298961616200627,0.7494120690466112,0.8042189925215183,0.9040967028832134,-0.04407130426602701,0.8794388786980857,0.9160317012370067,0.02997272000376272,0.9542354545882131,0.9520013169653356,0.03200696110248813,4.011962116898812,0.037086684539767656,1.1706797589076987,0.010291254467787336,6.9421234572107675,-0.025763079878074246
hamburg,link+k10,1,9,20,86,48,0.8128433516767791,8.17888266774964,-0.10554763371291802,0.6798363200225765,0.8042189925215183,0.9011335308781336,-0.04980951037110204,0.8794388786980857,0.915808287474719,0.025375099948262148,0.9542354545882131,0.9517426273458445,0.029396547669441775,4.152234519154737,0.017426273458445052,1.1706797589076987,-0.013136951588745616,8.272628910154435,0.015365986053697434
hamburg,link+k10d,1,0,20,86,48,0.8128433516767791,8.308238110140014,0.13097514838802418,0.715723625417431,0.8042189925215183,0.9014157377357603,-0.048516062273646576,0.8794388786980857,0.9132566671370115,0.02651568599783638,0.9542354545882131,0.9516720756314379,0.03191289214994597,4.46391192747697,0.06758854240158035,1.1706797589076987,0.07074599015679839,8.229051135440262,-0.07140172867343109
hamburg,link+k25,1,0,20,86,48,0.8128433516767791,8.110577421427873,0.5432411981083057,0.7606062743991345,0.8042189925215183,0.9017097032124547,-0.057628992051173555,0.8794388786980857,0.9183599078124265,0.012758101688537749,0.9542354545882131,0.9536710408729598,0.03043130614740608,3.8904903210826727,0.05453647523634825,1.1706797589076987,0.010260847016506203,6.355780785049252,-0.04551338260470161
hamburg,link+k25,1,1,20,86,48,0.8128433516767791,8.104953576702142,0.20220444664666534,0.7300926579182541,0.8042189925215183,0.9025680824044024,-0.055594750952448146,0.8794388786980857,0.9181952871454776,0.017179342458021774,0.9542354545882131,0.9526715582521988,0.03171299562579377,3.8485442760971176,0.013099101641503186,1.1706797589076987,-0.020931256786559382,7.091669714974916,-0.015407741450582435
hamburg,link+k25,1,2,20,86,48,0.8128433516767791,8.145939164925796,-0.5327817484423569,0.7378180706457833,0.8042189925215183,0.9066600818399887,-0.04409482150416255,0.8794388786980857,0.9180189078594609,0.027068341094021897,0.9542354545882131,0.9531301443958422,0.03163068529231927,3.9608548023717485,0.019237100794882667,1.1706797589076987,-0.016138648409647738,6.995748319281184,0.00755772683619349
hamburg,link+k25,1,3,20,86,48,0.8128433516767791,8.139266942908783,0.5349770778897999,0.7376887258360378,0.8042189925215183,0.8993579793988994,-0.06155637081981091,0.8794388786980857,0.9183599078124265,0.012146653497013382,0.9542354545882131,0.9520483514416067,0.029208409764357346,3.8634311930774725,0.017590894125393913,1.1706797589076987,-0.028200921797481904,7.248261561018644,-0.009060921124055321
hamburg,link+k25,1,4,20,86,48,0.8128433516767791,8.12455909987992,0.13452341557750058,0.7531630685292319,0.8042189925215183,0.9043083580264334,-0.05138516532618409,0.8794388786980857,0.9187714594797987,0.01984854898640709,0.9542354545882131,0.9527303513475377,0.02989040967028833,4.076600845494594,0.050362165467287556,1.1706797589076987,0.004719523099715017,6.494524380875854,-0.03687001544949686
hamburg,link+k25,1,5,20,86,48,0.8128433516767791,8.156449289956699,0.7182759277287999,0.7504821033817789,0.8042189925215183,0.8992639104463572,-0.0632025774892997,0.8794388786980857,0.9194534593857298,0.00879544706269697,0.9542354545882131,0.9532830064437232,0.029549409717322783,4.0135629412131175,0.048163303701613286,1.1706797589076987,-0.006777473805728684,6.64189428386664,-0.019082216376466676
hamburg,link+k25,1,6,20,86,48,0.8128433516767791,8.11681325716885,0.02591042504267272,0.7597126193499836,0.8042189925215183,0.9049668406942288,-0.05023282065754198,0.8794388786980857,0.9189243215276798,0.01953106627157708,0.9542354545882131,0.9525774892996567,0.0301843751469828,3.9024693859155466,0.02927896147876391,1.1706797589076987,-0.0018996774131028182,6.518062689485258,-0.037830389577852896
hamburg,link+k25,1,7,20,86,48,0.8128433516767791,8.178843074137193,0.4419796409972308,0.7226612106674192,0.8042189925215183,0.8995226000658483,-0.0617209914867598,0.8794388786980857,0.9188772870514087,0.011746860448708873,0.9542354545882131,0.9532359719674521,0.030748788862236087,3.77971182160041,0.01767320445886833,1.1706797589076987,-0.044577103036657295,7.047459425145956,-0.0010438849221261481
hamburg,link+k25,1,8,20,86,48,0.8128433516767791,8.12382341390084,0.14394445991234683,0.7295400028220685,0.8042189925215183,0.9015803584027092,-0.05296082028126614,0.8794388786980857,0.9180777009547999,0.019954376558017017,0.9542354545882131,0.9526950754903344,0.03032547857579604,3.9169622450851596,0.017179342458021725,1.1706797589076987,-0.00880486663479041,7.416838584636665,-0.003716230322769243
hamburg,link+k25,1,9,20,86,48,0.8128433516767791,8.14996367901574,0.13940667175866384,0.7424509665584874,0.8042189925215183,0.9030972202624524,-0.05097361365881192,0.8794388786980857,0.9188890456704765,0.021776962513522458,0.9542354545882131,0.9532006961102488,0.029537651098255013,4.053248975594881,0.05712337143125912,1.1706797589076987,0.02794046234387726,7.150487978696954,-0.02284020209612092
hamburg,link+k25d,1,0,20,86,48,0.8128433516767791,8.246891532364243,-0.3924438620406952,0.7231197968110625,0.8042189925215183,0.903802737406519,-0.04309533888340156,0.8794388786980857,0.9128921499459104,0.03254785757960588,0.9542354545882131,0.9518131790602512,0.03214806453130148,4.34274193219962,0.059251681482526686,1.1706797589076987,0.06271210625486168,7.677464719357125,-0.07194454883293666
hamburg,link+k50,1,0,20,86,48,0.8128433516767791,8.105431508383882,0.21151838388274863,0.7576783782512582,0.8042189925215183,0.9036263581205023,-0.0532195099007573,0.8794388786980857,0.9193123559569164,0.01921358355674707,0.9542354545882131,0.953929730492451,0.03026668548045719,3.8718604441261593,0.050914820563473046,1.1706797589076987,0.01487931277444221,6.665816537583936,-0.03357133909557808
hamburg,link+k50,1,1,20,86,48,0.8128433516767791,8.090696629750076,-0.19538344979741193,0.7648746531207375,0.8042189925215183,0.9075184610319365,-0.04737547622407223,0.8794388786980857,0.9196180800526786,0.02307041061097781,0.9542354545882131,0.9534593857297399,0.030572409576219428,3.7327514678207567,0.02973754762240724,1.1706797589076987,0.004475426218718326,6.591870244997939,-0.030105641154119178
hamburg,link+k50,1,2,20,86,48,0.8128433516767791,8.117242537832004,-0.6639063897838702,0.760641550256338,0.8042189925215183,0.9092822538921029,-0.03949720144866187,0.8794388786980857,0.920699873006914,0.029396547669441664,0.9542354545882131,0.9545294200649076,0.03025492686138942,3.8090021090792363,0.023576031230892247,1.1706797589076987,6.876767674768303e-05,6.581924534342441,-0.038665497515553926
hamburg,link+k50,1,3,20,86,48,0.8128433516767791,8.100800691727219,-0.34261860274101014,0.7653802737406519,0.8042189925215183,0.9072715300315131,-0.04564695922110906,0.8794388786980857,0.9213465970556418,0.024022858755467724,0.9542354545882131,0.9545411786839754,0.02993744414655941,3.7422128834747395,0.037227787968581005,1.1706797589076987,0.0006299072093185476,6.316359267554038,-0.020293122886133053
hamburg,link+k50,1,4,20,86,48,0.8128433516767791,8.10442936755068,-0.15300256423377245,0.7540802408165185,0.8042189925215183,0.9065072197921076,-0.0495860966088143,0.8794388786980857,0.9201589765297964,0.020742204035558043,0.9542354545882131,0.9540002822068576,0.029819857955881712,3.8189098781655813,0.025328065471990985,1.1706797589076987,-0.006559861304622716,6.698234988499088,-0.011733266524698305
hamburg,link+k50,1,5,20,86,48,0.8128433516767791,8.088608483520591,-0.2005167683307491,0.748001034758478,0.8042189925215183,0.9061544612200744,-0.05005644137152532,0.8794388786980857,0.9197709421005598,0.022588307229199023,0.9542354545882131,0.9532124547293166,0.0301843751469828,3.7822197279633882,0.025692582663092045,1.1706797589076987,-0.00975506849901886,7.211409175569157,-0.0019207482567121792
hamburg,link+k50,1,6,20,86,48,0.8128433516767791,8.100179659181812,0.11066250729749659,0.7699308593198815,0.8042189925215183,0.9050609096467711,-0.05345468228211281,0.8794388786980857,0.9227458727247072,0.01587413574149854,0.9542354545882131,0.9548939372560087,0.029796340717746173,3.8624860285171896,0.061474060486336496,1.1706797589076987,-0.0068873647929383885,6.11101267409386,-0.031984634013946356
hamburg,link+k50,1,7,20,86,48,0.8128433516767791,8.095665961871429,0.052074727799319175,0.7649687220732797,0.8042189925215183,0.9054136682188044,-0.052513992756690664,0.8794388786980857,0.9205940454353041,0.019084238747001603,0.9542354545882131,0.9540120408259254,0.0301843751469828,3.901647961016106,0.052996096138469506,1.1706797589076987,0.003920119418555856,6.19938658151267,-0.027015741784625624
hamburg,link+k50,1,8,20,86,48,0.8128433516767791,8.086436087402028,-0.10478760292211997,0.7623700672593011,0.8042189925215183,0.9060368750293966,-0.0493038897511876,0.8794388786980857,0.9206058040543719,0.022411927943182364,0.9542354545882131,0.9541178683975354,0.030784064719439397,3.8323192539989113,0.04516485583933022,1.1706797589076987,0.007201489023198171,6.621865111768688,-0.026598187815775165
hamburg,link+k50,1,9,20,86,48,0.8128433516767791,8.096404576436875,-0.43317386876991343,0.7657800667889563,0.8042189925215183,0.9092234607967641,-0.043271718169418216,0.8794388786980857,0.9201942523869997,0.027385823808851906,0.9542354545882131,0.9550820751610931,0.03043130614740608,3.7519908298161377,0.0337472367245191,1.1706797589076987,0.0001222562808989025,6.312536692843803,-0.024927971940373328
hamburg,link+k50d,1,0,20,86,48,0.8128433516767791,8.195490978699802,-0.8359200485276124,0.744261793894925,0.8042189925215183,0.9056018061238889,-0.03929730492450967,0.8794388786980857,0.913703494661587,0.0350524434410423,0.9542354545882131,0.9519425238699967,0.03237147829358922,4.115842867283647,0.04850430365457878,1.1706797589076987,0.037805442166122694,6.8880249599779155,-0.061714476596100076
hamburg,link,2,0,20,55,43,0.8130214947556559,8.09649049322151,-0.011611171117859271,0.7597126193499836,0.8042189925215183,0.9001928413527115,-0.055923992286345925,0.8794388786980857,0.9169488735242933,0.019248859413950492,0.9542354545882131,0.9519660411081322,0.033006443723249124,3.867302115118837,0.042660269977893794,1.1706797589076987,-0.010783177957274237,6.5692499415386525,-0.030940749091820097
hamburg,link,2,0,10,55,43,0.8130214947556559,7.854949508341083,-0.07152881378732774,0.7565025163444805,0.7211325901886082,0.8871290155684116,-0.07331498988758756,0.8293589200884248,0.9035793236442312,0.0032688961008419115,0.909329288368374,0.9241686656319081,0.03695733973002213,4.819613907284638,0.02095385917877801,1.292587627432416,-0.011278027377259692,6.884022085591798,-0.10464832302181704
hamburg,link_reg,2,0,20,55,43,0.8130214947556559,8.09649049322151,-0.011611171117859271,0.7546681717699073,0.8042189925215183,0.9001810827336437,-0.055912233667278155,0.8794388786980857,0.9163021494755655,0.02118903156013363,0.9542354545882131,0.9544471097314331,0.045482338554160284,4.432034691280017,0.10672122665914116,1.1706797589076987,-0.19855335264182483,6.362914038932662,-0.0047183598480103894
hamburg,link_reg,2,0,10,55,43,0.8130214947556559,7.854949508341083,-0.07152881378732774,0.735572174403838,0.7211325901886082,0.8871172569493438,-0.07330323126851979,0.8293589200884248,0.9030384271671135,0.004585861436432914,0.909329288368374,0.9100230468933729,0.08981233243967834,4.848247400499682,0.12788674098113917,1.292587627432416,-0.18622489467590264,6.760016821241401,-0.08226147834581565
hamburg,link+k10,2,0,20,55,43,0.8130214947556559,8.22373952985017,0.5670835403802994,0.7379826913127322,0.8042189925215183,0.8955011523446686,-0.06496637034946617,0.8794388786980857,0.9177249423827666,0.012076101782606652,0.9542354545882131,0.9523187996801655,0.0323009265791826,3.9571308044749354,0.030889892291049353,1.1706797589076987,-0.01649080591711316,7.164281018658345,-0.018915194788926448
hamburg,link+k10,2,1,20,55,43,0.8130214947556559,8.300787176998718,1.2059817223310882,0.736994967311039,0.8042189925215183,0.8913973942900146,-0.07290343822021539,0.8794388786980857,0.9158788391891256,0.004327171816941866,0.9542354545882131,0.9516485583933023,0.029161375288086155,4.090343894911989,0.057017543859649134,1.1706797589076987,0.016471594951717128,7.3898137269576845,-0.043592634347989434
hamburg,link+k10,2,2,20,55,43,0.8130214947556559,8.264187220968212,-0.12515657842150965,0.7208151074737783,0.8042189925215183,0.8998283241616105,-0.05007995860966086,0.8794388786980857,0.9153497013310756,0.027668030666478494,0.9542354545882131,0.9523775927755045,0.03139551291096376,4.313476578320554,0.0733502657447909,1.1706797589076987,0.034269175272120034,7.590702375306356,-0.02968808718526872
hamburg,link+k10,2,3,20,55,43,0.8130214947556559,8.175918998614197,-0.496609132612599,0.7405695875076431,0.8042189925215183,0.903061944405249,-0.04562344198297352,0.8794388786980857,0.9150910117115846,0.029619961431729513,0.9542354545882131,0.9520718686797423,0.032594892055876956,4.129053676767608,0.04202530454823386,1.1706797589076987,0.004606161536579556,7.022528831932563,-0.01290241763747968
hamburg,link+k10,2,4,20,55,43,0.8130214947556559,8.203385040861448,-0.6154090671140917,0.7412751046517096,0.8042189925215183,0.9048257372654156,-0.04621137293636235,0.8794388786980857,0.9155143219980245,0.03168947838765812,0.9542354545882131,0.9521306617750811,0.03225389210291152,4.01696399218811,0.046423028079582346,1.1706797589076987,0.006396974643126718,6.866662610110453,-0.024844461146603214
hamburg,link+k10,2,5,20,55,43,0.8130214947556559,8.1974846986568,0.3046890371114607,0.7299045200131696,0.8042189925215183,0.8970297728234796,-0.06162692253421764,0.8794388786980857,0.9170076666196322,0.01229951554489439,0.9542354545882131,0.9516838342505056,0.030701754385964897,4.139329297350854,0.04575278679271905,1.1706797589076987,-0.016968820402847085,7.504048487864784,-0.016284604785168466
hamburg,link+k10,2,6,20,55,43,0.8130214947556559,8.382211921034273,-1.2457321112994673,0.7292930718216453,0.8042189925215183,0.902379944499318,-0.041837166643149404,0.8794388786980857,0.9143502187103146,0.03901509806688308,0.9542354545882131,0.9522247307276234,0.03183058181647147,4.266105710298922,0.05827571609990123,1.1706797589076987,-0.0037246091533988945,6.8094162012188075,0.006179798738987108
hamburg,link+k10,2,7,20,55,43,0.8130214947556559,8.317498997622788,-1.1309537921678832,0.7307393819669818,0.8042189925215183,0.9050726682658389,-0.038203753351206404,0.8794388786980857,0.9148558393302291,0.03540520201307562,0.9542354545882131,0.9524363858708433,0.03145430600630261,4.245447730326061,0.08634353981468418,1.1706797589076987,0.03164658686445887,7.1536973248458064,-0.038206188149818354
hamburg,link+k10,2,8,20,55,43,0.8130214947556559,8.126688296298605,-0.5993655109727156,0.7491886552843234,0.8042189925215183,0.9038380132637223,-0.04468275245755138,0.8794388786980857,0.9161963219039556,0.029808099336813942,0.9542354545882131,0.9521894548704201,0.032900616151639195,4.000213409195698,0.04113164949908282,1.1706797589076987,0.012433977539811014,6.946177334960062,-0.021587540189569543
hamburg,link+k10,2,9,20,55,43,0.8130214947556559,8.17474750752279,-0.10744355218435657,0.6782724236865623,0.8042189925215183,0.9014274963548281,-0.050362165467287556,0.8794388786980857,0.9161963219039556,0.025669065424956505,0.9542354545882131,0.9517073514886412,0.03016085790884726,4.144822771458696,0.020318893749118105,1.1706797589076987,-0.011639538595208387,8.21964550430988,0.011232201762077842
hamburg,link+k10d,2,0,20,55,43,0.8130214947556559,8.31378092930611,0.14474563772844445,0.706457833592023,0.8042189925215183,0.8983937726353417,-0.052455199661351815,0.8794388786980857,0.9137858049950613,0.026268754997413102,0.9542354545882131,0.9515309722026245,0.032947650627910274,4.4822405698575745,0.06727105968675037,1.1706797589076987,0.060966915525695775,8.312399400508003,-0.05257004467827464
hamburg,link+k25,2,0,20,55,43,0.8130214947556559,8.103127237618946,0.503305293690607,0.7611942053525234,0.8042189925215183,0.9009336343539814,-0.0590870608155778,0.8794388786980857,0.9189595973848831,0.013146136117774376,0.9542354545882131,0.9534946615869432,0.030983961243591596,3.888060438416318,0.058381543671511216,1.1706797589076987,0.010833974546791802,6.330114726683824,-0.04171364148816237
hamburg,link+k25,2,1,20,55,43,0.8130214947556559,8.094584527229701,0.13942721718988715,0.7484008278067824,0.8042189925215183,0.9024504962137246,-0.05695875076431023,0.8794388786980857,0.918442218145901,0.017238135553360623,0.9542354545882131,0.9524951789661822,0.03252434034147034,3.8042989818147097,0.016626687361836257,1.1706797589076987,-0.02059111772502331,6.862422476967852,-0.014029813353375942
hamburg,link+k25,2,2,20,55,43,0.8130214947556559,8.137823518996496,-0.47703467446524483,0.7404872771741686,0.8042189925215183,0.9056253233620244,-0.04764592446263116,0.8794388786980857,0.9181952871454776,0.025410375805465457,0.9542354545882131,0.9530595926814355,0.03214806453130148,3.9570857312359107,0.01839048022200268,1.1706797589076987,-0.018215460849478893,6.996135332597313,0.016493381769593807
hamburg,link+k25,2,3,20,55,43,0.8130214947556559,8.12876718791182,0.5091888945175139,0.7491416208080524,0.8042189925215183,0.8984760829688161,-0.06377874982362075,0.8794388786980857,0.9187714594797987,0.01229951554489439,0.9542354545882131,0.9521189031560133,0.03021965100418611,3.8380493854331506,0.02423451389868775,1.1706797589076987,-0.026285175516329584,6.937678054733336,-0.006430331120297339
hamburg,link+k25,2,4,20,55,43,0.8130214947556559,8.118016912249857,0.12267367661436313,0.7527985513381309,0.8042189925215183,0.9039203235971968,-0.052502234137622894,0.8794388786980857,0.919018390480222,0.020118997224965907,0.9542354545882131,0.9528949720144866,0.03036075443299946,4.07665496464402,0.05714688866939466,1.1706797589076987,0.006578162411725597,6.802633973046679,-0.034573468620819225
hamburg,link+k25,2,5,20,55,43,0.8130214947556559,8.152070828734415,0.7229930433403097,0.747154414185598,0.8042189925215183,0.8984760829688161,-0.06582474954141393,0.8794388786980857,0.9190654249564931,0.008760171205493661,0.9542354545882131,0.9533888340153333,0.03024316824232165,4.033421087011001,0.05084426884906637,1.1706797589076987,-0.006232211324359582,6.794523439553012,-0.01979205812351248
hamburg,link+k25,2,6,20,55,43,0.8130214947556559,8.110183438196273,0.0653471383923086,0.76189972249659,0.8042189925215183,0.9043083580264334,-0.052396406566012854,0.8794388786980857,0.9187832180988664,0.019060721508866063,0.9542354545882131,0.9525186962043177,0.03052537509994835,3.8863165985405153,0.0313602370537604,1.1706797589076987,-0.0012798961991558055,6.433331440625722,-0.03210990020460147
hamburg,link+k25,2,7,20,55,43,0.8130214947556559,8.168324458489678,0.3992647102071408,0.7314448991110484,0.8042189925215183,0.8980762899205117,-0.06446074972955174,0.8794388786980857,0.9195240111001364,0.013169653355909916,0.9542354545882131,0.9532242133483844,0.031160340529608255,3.7559045428012316,0.016708997695310646,1.1706797589076987,-0.043131110526834604,6.876427123578452,0.008225813186354403
hamburg,link+k25,2,8,20,55,43,0.8130214947556559,8.123337588704644,0.24026118674406435,0.7410399322703541,0.8042189925215183,0.9009453929730492,-0.05622971638210805,0.8794388786980857,0.9177954940971732,0.018566859508019395,0.9542354545882131,0.9526362823949955,0.031183857767743794,3.8871266271264937,0.0186256526033583,1.1706797589076987,-0.008425000804322513,7.392112910942927,4.175539688500152e-05
hamburg,link+k25,2,9,20,55,43,0.8130214947556559,8.14623074475141,0.10766670254332043,0.745367104087296,0.8042189925215183,0.9030737030243168,-0.052455199661351815,0.8794388786980857,0.9183481491933587,0.022364893466911284,0.9542354545882131,0.9530948685386388,0.03025492686138942,4.037952168068925,0.05916937114905227,1.1706797589076987,0.02773477961821924,7.161589181926475,-0.02108647542694897
hamburg,link+k25d,2,0,20,55,43,0.8130214947556559,8.234358808547515,-0.4283679306938456,0.7257066930059733,0.8042189925215183,0.9035087719298246,-0.043553925027044804,0.8794388786980857,0.9137622877569258,0.032712478246554766,0.9542354545882131,0.9514956963454212,0.033076995437655854,4.314685981577439,0.05574761300032924,1.1706797589076987,0.05919738046938128,7.600609623226441,-0.06480437596559352
hamburg,link+k50,2,0,20,55,43,0.8130214947556559,8.099647227072102,0.2269297660749266,0.7597126193499836,0.8042189925215183,0.9037321856921123,-0.05530078547575379,0.8794388786980857,0.9195122524810686,0.018943135318188253,0.9542354545882131,0.9537768684445699,0.030654719909693817,3.8754859298704187,0.05368985466346832,1.1706797589076987,0.015783295007912868,6.546293095225813,-0.03482400100212957
hamburg,link+k50,2,1,20,55,43,0.8130214947556559,8.085364380070004,-0.18145041376347998,0.7658741357414985,0.8042189925215183,0.9070951507454964,-0.048951131179154395,0.8794388786980857,0.9201119420535252,0.022341376228775744,0.9542354545882131,0.9533065236818588,0.031030995719862675,3.7224084425354746,0.032477305865199174,1.1706797589076987,0.004620266583327481,6.548261448862558,-0.03077372750427998
hamburg,link+k50,2,2,20,55,43,0.8130214947556559,8.109845334377523,-0.6459159299311991,0.763110860260571,0.8042189925215183,0.9089412539391374,-0.04035558064060962,0.8794388786980857,0.9202648041014063,0.0284676167630874,0.9542354545882131,0.9545646959221109,0.031207375005879334,3.797556968806042,0.025175203424109838,1.1706797589076987,0.0009115435554696294,6.534011669649049,-0.031567080045095786
hamburg,link+k50,2,3,20,55,43,0.8130214947556559,8.09475702033801,-0.3084182692544535,0.7683434457457317,0.8042189925215183,0.9073891162221909,-0.04748130379568227,0.8794388786980857,0.9214524246272517,0.0232350312779267,0.9542354545882131,0.9544118338742298,0.03037251305206723,3.745526904775529,0.0435068905507737,1.1706797589076987,0.001490977902359747,6.272124517376933,-0.027516806547246198
hamburg,link+k50,2,4,20,55,43,0.8130214947556559,8.099918756235423,-0.2004706788378575,0.759112929777527,0.8042189925215183,0.9065895301255821,-0.0493862000846621,0.8794388786980857,0.919653355909882,0.02145947979869245,0.9542354545882131,0.9538591787780443,0.03019613376605057,3.8014352173971035,0.029502375241051704,1.1706797589076987,-0.005535810470910896,6.545382410495595,-0.014823165894191859
hamburg,link+k50,2,5,20,55,43,0.8130214947556559,8.08292782550252,-0.20642829556674983,0.7555383095809228,0.8042189925215183,0.9058840129815154,-0.05126757913550639,0.8794388786980857,0.9197121490052208,0.022200272799962395,0.9542354545882131,0.9530478340623677,0.030654719909693817,3.7606969054663715,0.028773340858849528,1.1706797589076987,-0.008576902041236067,6.908127278986642,-0.010188316839951583
hamburg,link+k50,2,6,20,55,43,0.8130214947556559,8.095775032707762,0.030785299135513415,0.7669088942194628,0.8042189925215183,0.9056135647429566,-0.0534194064249095,0.8794388786980857,0.922804665820046,0.016497342552090677,0.9542354545882131,0.9549527303513475,0.03020789238511834,3.8641356742547766,0.06373171534734962,1.1706797589076987,-0.005219710008196543,6.335382406279468,-0.026222389243809707
hamburg,link+k50,2,7,20,55,43,0.8130214947556559,8.090975187887011,0.03215387743823492,0.7646159635012464,0.8042189925215183,0.9045670476459244,-0.0537368891397394,0.8794388786980857,0.9209350453882696,0.019166549080475992,0.9542354545882131,0.954188420111942,0.030807581957574937,3.9025102911759078,0.05606509571515922,1.1706797589076987,0.005129534966759719,6.092884791228354,-0.021253497014489087
hamburg,link+k50,2,8,20,55,43,0.8130214947556559,8.081910702850108,-0.08203493304247661,0.7643572738817553,0.8042189925215183,0.9061309439819387,-0.05097361365881192,0.8794388786980857,0.9206293212925074,0.021635859084709108,0.9542354545882131,0.9539179718733832,0.031007478481727135,3.8377351357829195,0.04918630356050985,1.1706797589076987,0.008462407725265075,6.490121665782579,-0.026848720197085507
hamburg,link+k50,2,9,20,55,43,0.8130214947556559,8.090758252831467,-0.4319259014781765,0.7674027562203095,0.8042189925215183,0.9089647711772729,-0.04470626969568692,0.8794388786980857,0.919700390386153,0.027056582474954127,0.9542354545882131,0.9549762475894831,0.031101547434269405,3.74415221083508,0.03720427073044541,1.1706797589076987,0.00010427332384121968,6.284422247279301,-0.01661864796024881
hamburg,link+k50d,2,0,20,55,43,0.8130214947556559,8.199648265615856,-0.916989783127502,0.745837448850007,0.8042189925215183,0.9058722543624477,-0.038227270589342055,0.8794388786980857,0.9136682188043836,0.03701613282536098,0.9542354545882131,0.95176614458398,0.03325337472367251,4.108923124266325,0.047493062414750015,1.1706797589076987,0.03981984372661329,6.77947997097424,-0.052194246106309294
hamburg,link,3,0,20,66,36,0.8136423498424346,8.103820806434191,0.041569532276769496,0.759371619397018,0.8042189925215183,0.9007925309251682,-0.05356050985372285,0.8794388786980857,0.9169723907624289,0.018402238841070506,0.9542354545882131,0.9521776962513523,0.03420582286816243,3.8497084042235588,0.04738723484314003,1.1706797589076987,-0.006644631448273541,6.641870033437975,-0.03707879243392209
hamburg,link,3,0,10,66,36,0.8136423498424346,7.850878005373202,-0.10595292136795127,0.7557852405813461,0.7211325901886082,0.8879873947603594,-0.07069281783547332,0.8293589200884248,0.903120737500588,0.0008818964300832954,0.909329288368374,0.9244743897276704,0.040108649640186234,4.782749062990396,0.026127651568599752,1.292587627432416,-0.005875884496242545,6.929965016335844,-0.11059101269944649
hamburg,link_reg,3,0,20,66,36,0.8136423498424346,8.103820806434191,0.041569532276769496,0.754844551055924,0.8042189925215183,0.9007925309251682,-0.05356050985372285,0.8794388786980857,0.9161140115704811,0.020742204035558043,0.9542354545882131,0.9544235924932976,0.045482338554160284,4.406824910712918,0.10440477870278915,1.1706797589076987,-0.19215270998736445,6.436028878775728,-0.010939913983882388
hamburg,link_reg,3,0,10,66,36,0.8136423498424346,7.850878005373202,-0.10595292136795127,0.7350783124029914,0.7211325901886082,0.8879873947603594,-0.07069281783547332,0.8293589200884248,0.9024269789755891,0.002469310004233116,0.909329288368374,0.9099877710361695,0.08982409105874611,4.842550209337521,0.12492356897605944,1.292587627432416,-0.1808878892577248,6.888842003916016,-0.09597850862911106
hamburg,link+k10,3,0,20,66,36,0.8136423498424346,8.23174723404684,0.5675734220949785,0.7393937256008655,0.8042189925215183,0.8969121866328018,-0.0617209914867598,0.8794388786980857,0.9172310803819199,0.011887963877522223,0.9542354545882131,0.9528361789191477,0.032630167913080266,3.9179380584808756,0.03111330605333712,1.1706797589076987,-0.013544730721462672,7.1182751023350335,-0.018247108438765758
hamburg,link+k10,3,1,20,66,36,0.8136423498424346,8.28815225825346,1.1149710520564589,0.7375946568834956,0.8042189925215183,0.8938431870561121,-0.06812943887869816,0.8794388786980857,0.9161845632848878,0.0055735854381261385,0.9542354545882131,0.9516367997742345,0.029831616574949482,4.0892683619732955,0.06005126757913551,1.1706797589076987,0.02287873070961899,7.396224096833669,-0.049229612927470856
hamburg,link+k10,3,2,20,66,36,0.8136423498424346,8.26913630643781,-0.1300466731497066,0.7189925215182729,0.8042189925215183,0.901380461878557,-0.047234372795258994,0.8794388786980857,0.9151027703306523,0.026997789379615278,0.9542354545882131,0.9525539720615211,0.03237147829358922,4.264425126786103,0.07413809322233197,1.1706797589076987,0.034575587841221056,7.633707147808792,-0.02906175623199303
hamburg,link+k10,3,3,20,66,36,0.8136423498424346,8.18597982890296,-0.5475669830271959,0.7362424156907013,0.8042189925215183,0.9045435304077889,-0.04301302854992717,0.8794388786980857,0.9150910117115846,0.030678237147829357,0.9542354545882131,0.9521894548704201,0.03372371948638353,4.1330063724960855,0.040567235783829564,1.1706797589076987,0.008302759869760923,7.175166918307436,-0.017495511294834842
hamburg,link+k10,3,4,20,66,36,0.8136423498424346,8.218726770265981,-0.7201976074235258,0.7370537604063778,0.8042189925215183,0.9060015991721933,-0.04237806312026715,0.8794388786980857,0.9144795635200602,0.03422934010629797,0.9542354545882131,0.9524246272517756,0.0334179953906214,3.984908442571618,0.042813132025774914,1.1706797589076987,0.006298330041305311,7.049908547778157,-0.02020961209236294
hamburg,link+k10,3,5,20,66,36,0.8136423498424346,8.209432817619048,0.3699114121725643,0.7315624853017262,0.8042189925215183,0.897112083156954,-0.06018061238888106,0.8794388786980857,0.91691359766709,0.011053101923710118,0.9542354545882131,0.9519072480127934,0.031160340529608255,4.104423066445978,0.043847890503739245,1.1706797589076987,-0.015220062311031013,7.451751550212813,-0.02175456177710966
hamburg,link+k10,3,6,20,66,36,0.8136423498424346,8.357773631972528,-1.1277127106872744,0.7307393819669818,0.8042189925215183,0.9033206340247402,-0.041460890832980546,0.8794388786980857,0.9145618738535346,0.03588730539485441,0.9542354545882131,0.9528126616810122,0.03234796105545368,4.216224763722218,0.06174450872489534,1.1706797589076987,-0.0037444132857151757,6.86834668724809,0.004175539688504815
hamburg,link+k10,3,7,20,66,36,0.8136423498424346,8.312803433506485,-1.071900613613412,0.7295517614411363,0.8042189925215183,0.9057193923145666,-0.03579323644231225,0.8794388786980857,0.9142208739005692,0.036416443252904385,0.9542354545882131,0.9524246272517756,0.03228916796011483,4.253710133862074,0.0887893325807817,1.1706797589076987,0.036934969100277604,7.2887614393950075,-0.04025220259718565
hamburg,link+k10,3,8,20,66,36,0.8136423498424346,8.13318425624026,-0.6622916069182205,0.7522458962419454,0.8042189925215183,0.9048727717416867,-0.041507925309251736,0.8794388786980857,0.915808287474719,0.03158365081604819,0.9542354545882131,0.9524246272517756,0.03398240910587469,3.966149180718096,0.0414020977376417,1.1706797589076987,0.014118230574695856,6.885959810531732,-0.03269447576099216
hamburg,link+k10,3,9,20,66,36,0.8136423498424346,8.182001090417351,-0.10314699882601783,0.6784488029725789,0.8042189925215183,0.9022388410705047,-0.0477870278914444,0.8794388786980857,0.9161140115704811,0.025657306805888735,0.9542354545882131,0.9517308687267767,0.031054512957998215,4.138066124300282,0.024634306946992146,1.1706797589076987,-0.005492917948778153,8.423894625716366,0.00860161175831986
hamburg,link+k10d,3,0,20,66,36,0.8136423498424346,8.241705911264885,0.1462442901423502,0.7210620384742016,0.8042189925215183,0.901168806735337,-0.04937444146559433,0.8794388786980857,0.9140327359954847,0.02491651380461879,0.9542354545882131,0.9518837307746578,0.03386482291519688,4.303793736658801,0.06501340482573728,1.1706797589076987,0.05952653534602348,8.009199038201139,-0.06593177168148978
hamburg,link+k25,3,0,20,66,36,0.8136423498424346,8.111848168590702,0.5742222948317478,0.7606533088754057,0.8042189925215183,0.9019095997366069,-0.05789944028973237,0.8794388786980857,0.9189831146230186,0.012064343163538882,0.9542354545882131,0.9537415925873666,0.03148958186350603,3.8541141259441702,0.05694699214524249,1.1706797589076987,0.012320583556334697,6.42076112169814,-0.042924547997828744
hamburg,link+k25,3,1,20,66,36,0.8136423498424346,8.096682200058828,0.09299596539087343,0.7486124829500024,0.8042189925215183,0.9040731856450779,-0.05380744085414613,0.8794388786980857,0.9185245284793754,0.018472790555477236,0.9542354545882131,0.9527891444428767,0.03335920229528244,3.7830660171564454,0.02044823855886363,1.1706797589076987,-0.014962814230428778,6.856692515486635,-0.020418389076788168
hamburg,link+k25,3,2,20,66,36,0.8136423498424346,8.14404111086837,-0.43379387624764965,0.7337143125911293,0.8042189925215183,0.9066600818399887,-0.045364752363482475,0.8794388786980857,0.9176191148111565,0.02499882413809329,0.9542354545882131,0.9532712478246554,0.03327689196180805,3.947186693484586,0.02033065236818593,1.1706797589076987,-0.014884898919361289,7.017944279425752,0.006513841914067342
hamburg,link+k25,3,3,20,66,36,0.8136423498424346,8.132920154941068,0.5026306758837886,0.7478481727105969,0.8042189925215183,0.9001222896383049,-0.06065095715159219,0.8794388786980857,0.9181364940501388,0.01227599830675885,0.9542354545882131,0.9522717652038944,0.031125064672404945,3.8294440752075563,0.027385823808851906,1.1706797589076987,-0.021162556380451836,7.144146246959417,-0.012192575890433877
hamburg,link+k25,3,4,20,66,36,0.8136423498424346,8.120547214812587,0.09258297177491447,0.7524693100042331,0.8042189925215183,0.9048374958844834,-0.050409199943558636,0.8794388786980857,0.9187126663844598,0.01964865246225489,0.9542354545882131,0.9529302478716899,0.03140727153003153,4.039433271593992,0.05691171628803915,1.1706797589076987,0.0076370031539676475,6.734279894991324,-0.03469873481147434
hamburg,link+k25,3,5,20,66,36,0.8136423498424346,8.14627948333925,0.6352572356969617,0.7521635859084709,0.8042189925215183,0.8997930483044071,-0.06241475001175867,0.8794388786980857,0.9185715629556465,0.009183481491933598,0.9542354545882131,0.9535652133013499,0.031360237053760454,3.986982264912173,0.050926579182540815,1.1706797589076987,-0.0029877066215160397,6.829707454710125,-0.02760031734101631
hamburg,link+k25,3,6,20,66,36,0.8136423498424346,8.113668604811261,0.012606859726423782,0.7612059639715911,0.8042189925215183,0.9055900475048211,-0.04960961384694984,0.8794388786980857,0.9183951836696298,0.01963689384318712,0.9542354545882131,0.9527538685856733,0.03139551291096376,3.8680694082344482,0.03492309863129672,1.1706797589076987,0.0033110964948575017,6.575833298033204,-0.038206188149818354
hamburg,link+k25,3,7,20,66,36,0.8136423498424346,8.164123546948959,0.4311449675788173,0.7283758995343587,0.8042189925215183,0.9000282206857627,-0.061097784676167666,0.8794388786980857,0.9195004938620008,0.011970274210996723,0.9542354545882131,0.9532477305865199,0.03203047834062367,3.753018408556466,0.016708997695310646,1.1706797589076987,-0.04081323471270615,6.86342425469466,0.005845755563906652
hamburg,link+k25,3,8,20,66,36,0.8136423498424346,8.126332785821813,0.19904555901639379,0.7339847608296881,0.8042189925215183,0.9020389445463525,-0.05285499270965621,0.8794388786980857,0.9177131837636988,0.019072480127933833,0.9542354545882131,0.9527773858238089,0.03188937491181043,3.885166389201178,0.019272376652085976,1.1706797589076987,-0.005026315146490656,7.423504608489396,-0.009729007474216012
hamburg,link+k25,3,9,20,66,36,0.8136423498424346,8.154038515311388,0.16710960153965954,0.7434504491792484,0.8042189925215183,0.9038262546446545,-0.05015051032406759,0.8794388786980857,0.9181129768120032,0.02161234184657357,0.9542354545882131,0.9531183857767743,0.030795823338507167,4.02065060893967,0.05912233667278116,1.1706797589076987,0.03090012314022461,7.324821231792361,-0.025679569084304132
hamburg,link+k25d,3,0,20,66,36,0.8136423498424346,8.191397315277683,-0.38449039684213526,0.7319622783500306,0.8042189925215183,0.9038380132637223,-0.043553925027044804,0.8794388786980857,0.9134565636611637,0.03144254738723484,0.9542354545882131,0.9519072480127934,0.03409999529655239,4.204952746064399,0.05338413056770616,1.1706797589076987,0.04947823082136105,7.451581218198012,-0.05616100881038877
hamburg,link+k50,3,0,20,66,36,0.8136423498424346,8.103679957143513,0.26048088709940803,0.7603005503033724,0.8042189925215183,0.9044964959315178,-0.05340764780584173,0.8794388786980857,0.9191947697662387,0.019048962889798293,0.9542354545882131,0.9539179718733832,0.031360237053760454,3.8443722776930316,0.055630026809651484,1.1706797589076987,0.018479398434781302,6.6709224897350765,-0.03357133909557808
hamburg,link+k50,3,1,20,66,36,0.8136423498424346,8.088886500238363,-0.17825048795618764,0.7658741357414985,0.8042189925215183,0.9077065989370209,-0.046975683175767835,0.8794388786980857,0.919970838624712,0.022364893466911284,0.9542354545882131,0.9536004891585532,0.03165420253045481,3.692404650399006,0.03351206434316353,1.1706797589076987,0.007189666100998693,6.613250700011811,-0.033070274332957506
hamburg,link+k50,3,2,20,66,36,0.8136423498424346,8.119771514970976,-0.7041373166433527,0.7622877569258266,0.8042189925215183,0.9093528056065096,-0.038297822303748674,0.8794388786980857,0.9202648041014063,0.029596444193593974,0.9542354545882131,0.9547528338271953,0.03214806453130148,3.7753047105210698,0.026092375711396498,1.1706797589076987,0.003947861484527859,6.606427355207167,-0.035659108939830486
hamburg,link+k50,3,3,20,66,36,0.8136423498424346,8.10177375996396,-0.37672324437046334,0.7683669629838672,0.8042189925215183,0.9078359437467663,-0.04477682141009365,0.8794388786980857,0.9207233902450496,0.023869996707586716,0.9542354545882131,0.9545646959221109,0.031136823291472715,3.7126342273423827,0.04170782183340391,1.1706797589076987,0.0022831777558416366,6.330399767615239,-0.022923712889891035
hamburg,link+k50,3,4,20,66,36,0.8136423498424346,8.103109288177842,-0.1911759581954266,0.7584191712525281,0.8042189925215183,0.9072950472696486,-0.04804571751093556,0.8794388786980857,0.9195475283382719,0.021024410893184742,0.9542354545882131,0.9539767649687221,0.031254409482150414,3.7772312240559813,0.029631720050797228,1.1706797589076987,-0.0031208378604474785,6.596156290718094,-0.01916572717023679
hamburg,link+k50,3,5,20,66,36,0.8136423498424346,8.087123523325621,-0.24832345637395495,0.7505996895724566,0.8042189925215183,0.9069422886976154,-0.0484690277973755,0.8794388786980857,0.9195710455764075,0.023399651944875588,0.9542354545882131,0.9532124547293166,0.03159540943511596,3.748368172821921,0.0283853064296129,1.1706797589076987,-0.00492856784480411,7.155729120485578,-0.0034656979414589006
hamburg,link+k50,3,6,20,66,36,0.8136423498424346,8.100860023204804,0.08219517968486605,0.7653449978834486,0.8042189925215183,0.9059545646959221,-0.052208268660928536,0.8794388786980857,0.9224283900098772,0.015086308263957515,0.9542354545882131,0.9548704200178731,0.030619444052490508,3.844799747773387,0.06128592258125207,1.1706797589076987,-0.005509730457608386,6.433178281219014,-0.028560691469372457
hamburg,link+k50,3,7,20,66,36,0.8136423498424346,8.093027534363172,-0.02249119246679845,0.7644160669770942,0.8042189925215183,0.9060251164103288,-0.05126757913550639,0.8794388786980857,0.9205587695781008,0.01975448003386482,0.9542354545882131,0.9541649028738065,0.03153661633977711,3.8531613651917525,0.051467475659658535,1.1706797589076987,0.006175772105497801,6.24535602785841,-0.028143137500521997
hamburg,link+k50,3,8,20,66,36,0.8136423498424346,8.083748804354911,-0.07531013524359412,0.7651215841211608,0.8042189925215183,0.9065542542683788,-0.04906871736983209,0.8794388786980857,0.920123700672593,0.0213183763698791,0.9542354545882131,0.9542119373500776,0.03177178872113262,3.800256029382624,0.04795164855839329,1.1706797589076987,0.00941986111674642,6.620673671415229,-0.03428118084262388
hamburg,link+k50,3,9,20,66,36,0.8136423498424346,8.095175267581842,-0.4289173858394001,0.7660975495037863,0.8042189925215183,0.9093175297493062,-0.04287192512111382,0.8794388786980857,0.9200649075772541,0.027350547951648596,0.9542354545882131,0.9552231785899064,0.03200696110248813,3.7283594592366414,0.039214994591035224,1.1706797589076987,0.004062364551457032,6.355452277889404,-0.023508288446281722
hamburg,link+k50d,3,0,20,66,36,0.8136423498424346,8.182930048443223,-0.9358569503471924,0.7509642067635577,0.8042189925215183,0.9065189784111753,-0.0373688913973943,0.8794388786980857,0.9136682188043836,0.03711020177790325,0.9542354545882131,0.9519777997272001,0.03417054701095912,4.028572290865948,0.04651709703212459,1.1706797589076987,0.035884744050670214,6.7818368769532205,-0.057580692304480374
hamburg,link,4,0,20,62,50,0.813340741263346,8.102639604183182,0.06922221769711603,0.7616175156389634,0.8042189925215183,0.9005573585438126,-0.055818164714735885,0.8794388786980857,0.9162080805230234,0.018696204317764975,0.9542354545882131,0.9517543859649122,0.033006443723249124,3.855540162831746,0.042107614881708305,1.1706797589076987,-0.012037164128591904,6.515963246405678,-0.03653597227441652
hamburg,link,4,0,10,62,50,0.813340741263346,7.854022223670723,-0.06529825394762809,0.7571022059169371,0.7211325901886082,0.8872583603781572,-0.07226847279055548,0.8293589200884248,0.9025328065471991,0.0016109308122853605,0.909329288368374,0.9247330793471614,0.03702789144442875,4.777285154263633,0.02392878980292551,1.292587627432416,-0.014155879207147226,6.958336897883953,-0.11225985021165741
hamburg,link_reg,4,0,20,62,50,0.813340741263346,8.102639604183182,0.06922221769711603,0.7555618268190584,0.8042189925215183,0.9005573585438126,-0.055818164714735885,0.8794388786980857,0.9154202530454824,0.020989135035981432,0.9542354545882131,0.9544706269695687,0.045482338554160284,4.395395251725501,0.10663891632566669,1.1706797589076987,-0.19749358583673415,6.268460895728879,-0.0032151655601486695
hamburg,link_reg,4,0,10,62,50,0.813340741263346,7.854022223670723,-0.06529825394762809,0.7338671746390104,0.7211325901886082,0.8872583603781572,-0.07226847279055548,0.8293589200884248,0.9017567376887259,0.0035628615775363803,0.909329288368374,0.9099407365598984,0.08973002210620384,4.824347365116083,0.1288862236019002,1.292587627432416,-0.1864001462029805,6.798177793558754,-0.08185444480625204
hamburg,link+k10,4,0,20,62,50,0.813340741263346,8.232279044120194,0.545993675490981,0.741627863223743,0.8042189925215183,0.896383048774752,-0.0635200602041297,0.8794388786980857,0.9164550115234467,0.012993274069893257,0.9542354545882131,0.9524128686327078,0.03199520248342036,3.946352620721727,0.03027844409952496,1.1706797589076987,-0.017270112868389642,7.2631796835037585,-0.0247609503528331
hamburg,link+k10,4,1,20,62,50,0.813340741263346,8.293503797991796,1.1039038555390588,0.7347725883072292,0.8042189925215183,0.894219462866281,-0.0687879215464936,0.8794388786980857,0.9157377357603123,0.0068670335355816015,0.9542354545882131,0.9513898687738112,0.028926202906730647,4.117514087796597,0.0557240957621937,1.1706797589076987,0.0222814810573726,7.487471349032046,-0.05031525324648212
hamburg,link+k10,4,2,20,62,50,0.813340741263346,8.271784411712712,-0.07630202219012118,0.7223907624288604,0.8042189925215183,0.9006514274963549,-0.04984478622830535,0.8794388786980857,0.915596632331499,0.027562203094868565,0.9542354545882131,0.9524834203471144,0.03164244391138704,4.283517231582839,0.07180988664691218,1.1706797589076987,0.030515110035813642,7.580057707685563,-0.031734101632636014
hamburg,link+k10,4,3,20,62,50,0.813340741263346,8.19012393102068,-0.5174236063942608,0.7375828982644278,0.8042189925215183,0.90437890974084,-0.04465923521941584,0.8794388786980857,0.9147970462348902,0.0301020648135083,0.9542354545882131,0.95176614458398,0.03247730586519926,4.120851177630416,0.035217064107991164,1.1706797589076987,0.0007547615589900136,7.013404921258536,-0.017119712722869385
hamburg,link+k10,4,4,20,62,50,0.813340741263346,8.214787888043755,-0.6058159539861971,0.7381590705987489,0.8042189925215183,0.9057899440289733,-0.0446357179812803,0.8794388786980857,0.9149499082827712,0.033076995437655854,0.9542354545882131,0.9521424203941489,0.03233620243638591,4.010935868501535,0.045188373077465815,1.1706797589076987,0.00822575558768568,6.997397206275292,-0.02321600066808638
hamburg,link+k10,4,5,20,62,50,0.813340741263346,8.213149393131832,0.3880383370039311,0.7279761064860543,0.8042189925215183,0.8970532900616152,-0.06186209491557315,0.8794388786980857,0.9162551149992945,0.013404825737265424,0.9542354545882131,0.951824937679319,0.031054512957998215,4.139737488659329,0.038803442923663056,1.1706797589076987,-0.01948521926713065,7.421769764800189,-0.019332748757776907
hamburg,link+k10,4,6,20,62,50,0.813340741263346,8.386836408281576,-1.2602703179964967,0.7315389680635906,0.8042189925215183,0.9044141855980433,-0.039755891068153026,0.8794388786980857,0.9145853910916701,0.039838201401627416,0.9542354545882131,0.9524716617280466,0.03205399557875921,4.256664387977063,0.06282630167913081,1.1706797589076987,-0.0028464488534234444,6.753518964915246,-0.0021712806380224103
hamburg,link+k10,4,7,20,62,50,0.813340741263346,8.34141373250119,-1.1037536791210385,0.7299045200131696,0.8042189925215183,0.9058487371243121,-0.036228305347819956,0.8794388786980857,0.9144678049009924,0.0373688913973943,0.9542354545882131,0.95240111001364,0.03184234043553924,4.238330603163758,0.08680212595832745,1.1706797589076987,0.033252920312366374,7.0771909471149215,-0.03958411624702496
hamburg,link+k10,4,8,20,62,50,0.813340741263346,8.13843252173208,-0.6155501882814202,0.7507172757631344,0.8042189925215183,0.9048492545035511,-0.043647993979587074,0.8794388786980857,0.9156554254268379,0.03138375429189599,0.9542354545882131,0.9519190066318611,0.032935892008842504,4.007966138844726,0.04066130473637175,1.1706797589076987,0.014441977421144614,6.779507936524135,-0.03060670591673975
hamburg,link+k10,4,9,20,62,50,0.813340741263346,8.176469091169626,-0.030991433566101543,0.6835167677907906,0.8042189925215183,0.9011805653544048,-0.0511029584685575,0.8794388786980857,0.9157377357603123,0.0248342034711444,0.9542354545882131,0.9516720756314379,0.030478340623677158,4.123176616698806,0.016861859743191765,1.1706797589076987,-0.012697402110876777,8.249611333568206,0.003340431750803896
hamburg,link+k10d,4,0,20,62,50,0.813340741263346,8.301872518933077,0.10203396567567888,0.7167113494191242,0.8042189925215183,0.9012628756878792,-0.04796340717746106,0.8794388786980857,0.9137858049950613,0.0286675132872396,0.9542354545882131,0.9514839377263534,0.032783029960961385,4.37441328518497,0.054936268284652645,1.1706797589076987,0.05737928684744564,8.031470572227544,-0.06204851977118042
hamburg,link+k25,4,0,20,62,50,0.813340741263346,8.11120977847389,0.5101551466353073,0.7620525845444711,0.8042189925215183,0.9018625652603358,-0.05855792295752793,0.8794388786980857,0.9177484596209021,0.014686515215653118,0.9542354545882131,0.9534476271106721,0.030983961243591596,3.86012954557031,0.05378392361601053,1.1706797589076987,0.010495352644482647,6.370743020673645,-0.04417720990438012
hamburg,link+k25,4,1,20,62,50,0.813340741263346,8.101517256454585,0.16898668577420461,0.7454846902779737,0.8042189925215183,0.9030384271671135,-0.05651192323973475,0.8794388786980857,0.9179836320022576,0.018496307793612776,0.9542354545882131,0.95240111001364,0.03231268519825037,3.792447081940404,0.013122618879638781,1.1706797589076987,-0.020032559954400897,6.885089437421483,-0.017954820660570414
hamburg,link+k25,4,2,20,62,50,0.813340741263346,8.143992021740674,-0.4390558233942905,0.7361483467381591,0.8042189925215183,0.9064601853158365,-0.04659940736559898,0.8794388786980857,0.9173957010488688,0.02658623771224311,0.9542354545882131,0.9529655237288933,0.03214806453130148,3.950189050440133,0.017896618221156124,1.1706797589076987,-0.017383935616704926,6.974623947087112,0.008518100964549635
hamburg,link+k25,4,3,20,62,50,0.813340741263346,8.135851911113676,0.4996485593651454,0.750470344762711,0.8042189925215183,0.9003809792577959,-0.06187385353464092,0.8794388786980857,0.9179365975259866,0.013298998165655496,0.9542354545882131,0.9522247307276234,0.030584168195287198,3.8257783033670716,0.025375099948262092,1.1706797589076987,-0.023994941624853272,6.98665750901338,-0.0212952524113742
hamburg,link+k25,4,4,20,62,50,0.813340741263346,8.124592103519259,0.1541279175765128,0.7543036545788062,0.8042189925215183,0.9043553925027045,-0.05206716523211519,0.8794388786980857,0.9179953906213254,0.020554066130473614,0.9542354545882131,0.9527421099666056,0.030678237147829357,4.0425094705644735,0.054289544235924914,1.1706797589076987,0.004606511205163422,6.62590575703916,-0.038414965134243584
hamburg,link+k25,4,5,20,62,50,0.813340741263346,8.152201336897424,0.6704808776373719,0.7545858614364329,0.8042189925215183,0.8992521518272893,-0.06370819810921402,0.8794388786980857,0.918442218145901,0.010065377922016894,0.9542354545882131,0.9532712478246554,0.030478340623677158,3.980620533972728,0.046646441841870084,1.1706797589076987,-0.008830349388401215,6.615204856736018,-0.031149526076245326
hamburg,link+k25,4,6,20,62,50,0.813340741263346,8.116203871782478,0.016609255296055846,0.7618526880203189,0.8042189925215183,0.9054607026950755,-0.050867786087201994,0.8794388786980857,0.9182893560980199,0.02150651427496353,0.9542354545882131,0.9526480410140633,0.030913409529184976,3.867732766411777,0.03148958186350598,1.1706797589076987,-0.00010022371046725098,6.50160085414871,-0.039751137834565076
hamburg,link+k25,4,7,20,62,50,0.813340741263346,8.169569466163871,0.3697045619791551,0.734996002069517,0.8042189925215183,0.9002398758289827,-0.06076854334226989,0.8794388786980857,0.9186303560509854,0.015192135835567444,0.9542354545882131,0.9531536616339777,0.031701237006726,3.7408516235161877,0.014745308310991967,1.1706797589076987,-0.040391762229093464,6.76272067700673,-0.0006680863501608014
hamburg,link+k25,4,8,20,62,50,0.813340741263346,8.130183054141737,0.26599641720056705,0.7399228634589153,0.8042189925215183,0.9014392549738959,-0.05507737171346594,0.8794388786980857,0.9177954940971732,0.01938996284276373,0.9542354545882131,0.9526950754903344,0.03140727153003153,3.8835137144570977,0.017132307981750625,1.1706797589076987,-0.007789117920522282,7.258951980909563,-0.008100546995699176
hamburg,link+k25,4,9,20,62,50,0.813340741263346,8.151438866196477,0.12724424416784896,0.7454611730398382,0.8042189925215183,0.9034147029772823,-0.05185551008889522,0.8794388786980857,0.9187714594797987,0.02335261746860451,0.9542354545882131,0.95314190301491,0.0303019613376605,4.0120849846036775,0.057887681670664576,1.1706797589076987,0.0278816782433855,7.134163694617088,-0.02797611591298177
hamburg,link+k25d,4,0,20,62,50,0.813340741263346,8.242039302340437,-0.4561738580085909,0.7305512440618974,0.8042189925215183,0.9049668406942288,-0.04268378721602939,0.8794388786980857,0.9126922534217582,0.034511546963924555,0.9542354545882131,0.9516250411551668,0.032947650627910274,4.287596774546983,0.053866233949484976,1.1706797589076987,0.05984118753975709,7.5372732627965915,-0.07094241930769551
hamburg,link+k50,4,0,20,62,50,0.813340741263346,8.107967082541677,0.22114833650614749,0.7613117915432012,0.8042189925215183,0.9043671511217722,-0.0544541649028738,0.8794388786980857,0.9185010112412398,0.020001411034288097,0.9542354545882131,0.9537886270636377,0.030666478528761587,3.847697234258992,0.05256102723296174,1.1706797589076987,0.014610559128911849,6.581800950261669,-0.036953526243266976
hamburg,link+k50,4,1,20,62,50,0.813340741263346,8.092159993883774,-0.19585271236043192,0.7667913080287851,0.8042189925215183,0.9074949437938008,-0.048880579464747664,0.8794388786980857,0.9194064249094587,0.023658341564366747,0.9542354545882131,0.9533888340153333,0.031160340529608255,3.709244338115867,0.029714030384271672,1.1706797589076987,0.00440390091315046,6.7657513177655515,-0.03419767004885377
hamburg,link+k50,4,2,20,62,50,0.813340741263346,8.116707453729443,-0.6530868832636588,0.7641691359766709,0.8042189925215183,0.9096820469404073,-0.0406025116410329,0.8794388786980857,0.9197709421005598,0.02987865105122056,0.9542354545882131,0.9543883166360942,0.031030995719862675,3.7803256236377467,0.022517755514792348,1.1706797589076987,0.0007494081863987923,6.539268782610371,-0.037997411165393125
hamburg,link+k50,4,3,20,62,50,0.813340741263346,8.10109384873901,-0.3279565538304718,0.7690136870325949,0.8042189925215183,0.9079182540802408,-0.046928648699496756,0.8794388786980857,0.9210879074361507,0.024258031136823344,0.9542354545882131,0.9545529373030431,0.030584168195287198,3.7215403001180305,0.03825078782747757,1.1706797589076987,0.0001607303217707745,6.288273681502934,-0.022506158921040575
hamburg,link+k50,4,4,20,62,50,0.813340741263346,8.107547470990951,-0.22054142360997073,0.7575019989652415,0.8042189925215183,0.9072950472696486,-0.04943323456093318,0.8794388786980857,0.9195122524810686,0.022776445134283452,0.9542354545882131,0.953823902920841,0.030490099242744928,3.7842543140508256,0.02680965147453082,1.1706797589076987,-0.0071581714332478175,6.549098627464808,-0.019458014948432134
hamburg,link+k50,4,5,20,62,50,0.813340741263346,8.090353615727038,-0.20828998025601736,0.753633413291943,0.8042189925215183,0.9060251164103288,-0.05107944123042196,0.8794388786980857,0.9192888387187809,0.02299985889657119,0.9542354545882131,0.9530595926814355,0.030925168148252746,3.738029328857409,0.026562720474107515,1.1706797589076987,-0.010594682212398565,7.018159406623569,-0.010647626205687044
hamburg,link+k50,4,6,20,62,50,0.813340741263346,8.103287376478225,0.07461123060714839,0.7676967216970039,0.8042189925215183,0.9056488406001599,-0.05366633742533278,0.8794388786980857,0.9224283900098772,0.016591411504632947,0.9542354545882131,0.9548116269225342,0.03013734067071161,3.8366061489705414,0.061509336343539806,1.1706797589076987,-0.007008118584691747,6.297894848853204,-0.03678650465572675
hamburg,link+k50,4,7,20,62,50,0.813340741263346,8.09789133691844,0.019394738600770657,0.7658388598842952,0.8042189925215183,0.9054724613141433,-0.05360754432999393,0.8794388786980857,0.9200296317200508,0.019977893796152557,0.9542354545882131,0.9540943511593999,0.030760547481303857,3.8574925598246295,0.04776351065330889,1.1706797589076987,0.002321353325344111,6.239544762930347,-0.03169234623575101
hamburg,link+k50,4,8,20,62,50,0.813340741263346,8.088196785009151,-0.0737006469276923,0.7647217910728564,0.8042189925215183,0.9061309439819387,-0.050597337848643065,0.8794388786980857,0.9199238041484408,0.02288227270589349,0.9542354545882131,0.9539885235877898,0.031313202577489374,3.8067002038459936,0.04652885565119233,1.1706797589076987,0.006721173715618978,6.518574468056624,-0.03657772767130152
hamburg,link+k50,4,9,20,62,50,0.813340741263346,8.098596398660977,-0.46077039373238515,0.7691900663186115,0.8042189925215183,0.9096938055594751,-0.04388316636094258,0.8794388786980857,0.9195828041954753,0.02837354781054513,0.9542354545882131,0.954929213113212,0.030913409529184976,3.7112999324499847,0.035205305488923394,1.1706797589076987,-0.001785255543526043,6.185436720860075,-0.02087769844252374
hamburg,link+k50d,4,0,20,62,50,0.813340741263346,8.21315509379295,-0.9897066056375741,0.7492827242368656,0.8042189925215183,0.906436668077701,-0.03850947744696864,0.8794388786980857,0.912856874088707,0.03787451201730874,0.9542354545882131,0.9518014204411834,0.03312402991392693,4.05210153089001,0.04148440807111614,1.1706797589076987,0.03340084493434503,6.921905134793142,-0.06526368533132909
london,link,0,0,20,67,69,0.845384280291244,8.026586352878564,0.46790636061891105,0.6602028751011264,0.673470657788288,0.843972867011015,-0.09944613852759965,0.8007841184890161,0.8576264857800734,-0.02550252038085754,0.9243512352977783,0.9143941751197959,0.04348746032733841,5.174127698825012,0.0563942995830482,1.2728828531177574,-0.14659338676305378,6.3589998014959495,0.020238463388654093
london,link,0,0,10,67,69,0.845384280291244,7.827499370279415,0.34825836412721467,0.657016615844172,0.5815545460202876,0.8459642790466115,-0.09847532516024649,0.7246748397535627,0.8480428153587654,-0.030954010828302958,0.8557719833219242,0.8755367477752194,0.04535440911071009,6.250620316627497,0.03782438235111084,1.2367211572345596,-0.08502893804933209,6.955295787773446,-0.03305481283422462
london,link_reg,0,0,20,67,69,0.845384280291244,8.026586352878564,0.46790636061891105,0.6520007467795134,0.673470657788288,0.8439853133362375,-0.09943369220237719,0.8007841184890161,0.8565561018109403,-0.02204244196900862,0.9243512352977783,0.9244259132491132,0.07557408675088684,6.149698358620484,0.23351795382413343,1.2728828531177574,-0.4521423903350079,6.218243783259574,0.06573205511459301
london,link_reg,0,0,10,67,69,0.845384280291244,7.827499370279415,0.34825836412721467,0.6354222415831726,0.5815545460202876,0.8459642790466115,-0.09847532516024649,0.7246748397535627,0.8474080527724189,-0.029074615719708707,0.8557719833219242,0.8565063165100504,0.1427966892774909,6.235212155467125,0.19744850332939196,1.2367211572345596,-0.3821032212284424,7.290244592093597,-0.06306818181818186
london,link+k10,0,0,20,67,69,0.845384280291244,8.127475309261287,0.31701929986997357,0.6140021158752879,0.673470657788288,0.846474578380733,-0.09517704897628976,0.8007841184890161,0.8607754060613604,-0.013790528346505626,0.9243512352977783,0.9158379488456033,0.041222229136847366,5.284957114547334,0.05753936150351613,1.2728828531177574,-0.151577303027135,6.842644780708605,0.0383809229289076
london,link+k10,0,1,20,67,69,0.845384280291244,8.226073938892812,-0.9048604797069385,0.602315016491381,0.673470657788288,0.8500715663700292,-0.07629597361379048,0.8007841184890161,0.8576887174061858,0.006920156823697843,0.9243512352977783,0.9152280789097019,0.04372394050656547,5.35365079994532,0.050880577509490266,1.2728828531177574,-0.1414579409314387,7.224537441951034,0.05288114627358009
london,link+k10,0,2,20,67,69,0.845384280291244,8.083349363365308,0.6788194544475343,0.6436990478561205,0.673470657788288,0.8451801605575954,-0.0987864832908083,0.8007841184890161,0.8605762648578007,-0.019814549754185062,0.9243512352977783,0.91486713547825,0.042616217561764924,5.236391266082352,0.053382288879208484,1.2728828531177574,-0.1370328002229464,6.567366943461089,0.029103528845823456
london,link+k10,0,3,20,67,69,0.845384280291244,8.258323571846573,0.8049812561829568,0.5957806957495799,0.673470657788288,0.8438110647831227,-0.08775903914369276,0.8007841184890161,0.8572655423486216,-0.010181094031987081,0.9243512352977783,0.9141328022901238,0.040935963656730356,5.607301454264472,0.057750949032298216,1.2728828531177574,-0.05965065093317978,7.5625747758434905,-0.014087894718757488
london,link+k10,0,4,20,67,69,0.845384280291244,8.08100571992807,-0.1084605677780759,0.6385338228887921,0.673470657788288,0.8459642790466115,-0.08515775717219487,0.8007841184890161,0.8591075984815483,-0.006073806708569274,0.9243512352977783,0.9156014686663763,0.04354969195345082,5.289716215026652,0.047146679942746905,1.2728828531177574,-0.13596235192199124,6.70078857833725,0.037865512146514124
london,link+k10,0,5,20,67,69,0.845384280291244,8.151179936040336,-0.32197797050839316,0.6286016553612546,0.673470657788288,0.847096894641857,-0.07262430767315942,0.8007841184890161,0.8586968697492066,0.012757483353040056,0.9243512352977783,0.9152778642105919,0.04402265231190494,5.422639720695119,0.03527288568050291,1.2728828531177574,-0.09347817919396473,7.375184315119965,0.013435041061059083
london,link+k10,0,6,20,67,69,0.845384280291244,8.211852420451082,0.7787674553747534,0.6237724811749331,0.673470657788288,0.8417947600970813,-0.10062853942373506,0.8007841184890161,0.8586719770987616,-0.015769494056879663,0.9243512352977783,0.9148297965025826,0.04048789594872115,5.401807601254982,0.04588960109527662,1.2728828531177574,-0.1263960602594807,7.111366726512169,0.03546026182867745
london,link+k10,0,7,20,67,69,0.845384280291244,8.161248956243119,-0.5383123558660724,0.6354720268840625,0.673470657788288,0.850196029622254,-0.07818781504760719,0.8007841184890161,0.8597797000435622,0.004430891779202195,0.9243512352977783,0.9157383782438235,0.04353724562822825,5.304707828383984,0.04264111021220984,1.2728828531177574,-0.11850513322897038,6.721959726194593,0.029584578909390702
london,link+k10,0,8,20,67,69,0.845384280291244,8.133412908710351,0.2150449346387528,0.6421681498537557,0.673470657788288,0.8480428153587654,-0.0903478747899682,0.8007841184890161,0.8610741178666999,-0.00913560271329883,0.9243512352977783,0.9146431016242454,0.04226772045553551,5.277700686712382,0.04349990665256076,1.2728828531177574,-0.11734788315019862,6.65026306812924,0.019723052606260616
london,link+k10,0,9,20,67,69,0.845384280291244,8.125789121688289,-0.662668926462517,0.6364801792270832,0.673470657788288,0.8511046113634949,-0.06968697492065468,0.8007841184890161,0.8596676831165598,0.01611799116310908,0.9243512352977783,0.9152903105358143,0.043089177920219046,5.326235989890955,0.038844981019353964,1.2728828531177574,-0.1128993652064263,6.861460709679298,0.037521904958251806
london,link+k10d,0,0,20,67,69,0.845384280291244,8.03705016842425,-0.4496146165794344,0.6442342398406871,0.673470657788288,0.8479183521065405,-0.07772730101437542,0.8007841184890161,0.8582736946916423,0.00805277241894331,0.9243512352977783,0.9143817287945734,0.04434625676768933,5.325942565362155,0.03930549505258574,1.2728828531177574,-0.11174901109599089,6.795893848196046,0.03700649417585811
london,link+k25,0,0,20,67,69,0.845384280291244,8.110216830061553,-0.15475809048547848,0.6460140643475014,0.673470657788288,0.8517269276246189,-0.08063974111643535,0.8007841184890161,0.8616217561764888,-0.00321115190739929,0.9243512352977783,0.9169083328147365,0.04157072624307678,5.263428632044448,0.0407617151036157,1.2728828531177574,-0.10663719448435627,6.745922570317489,0.020032299075696702
london,link+k25,0,1,20,67,69,0.845384280291244,8.018102007865807,-0.316772918741707,0.6636753998381978,0.673470657788288,0.8530462380982015,-0.08019167340842615,0.8007841184890161,0.8627917107474018,-0.002937332752504851,0.9243512352977783,0.9165100504076171,0.043089177920219046,5.083419446945033,0.04485655610181094,1.2728828531177574,-0.1210018835452864,6.277360973951909,0.01944816685565054
london,link+k25,0,2,20,67,69,0.845384280291244,8.040909439338952,-0.3570837823166797,0.6325098014811127,0.673470657788288,0.8508432385338229,-0.07579812060489133,0.8007841184890161,0.8613354906963719,-0.000236480179227061,0.9243512352977783,0.916298462878835,0.04332565809944622,5.194468774994923,0.04002738191548949,1.2728828531177574,-0.10636407022761096,6.849499859974589,0.014397141188193574
london,link+k25,0,3,20,67,69,0.845384280291244,8.06397088458008,-0.1949876804553103,0.6410728732341776,0.673470657788288,0.8514780011201692,-0.08429896073184384,0.8007841184890161,0.862953512975294,-0.002202999564378638,0.9243512352977783,0.9164229261310598,0.0424295226834277,5.174839629302495,0.044682307548696176,1.2728828531177574,-0.1198869805859506,6.554086925610829,0.027935264405731353
london,link+k25,0,4,20,67,69,0.845384280291244,8.043944314208575,0.3746135152422237,0.6388325346941316,0.673470657788288,0.8482419565623249,-0.09370838260003733,0.8007841184890161,0.8607878523865828,-0.019528284274068053,0.9243512352977783,0.9159250731221606,0.042305059431202996,5.16636263758704,0.050681436305930694,1.2728828531177574,-0.13132061355409563,6.987893296911324,0.01450022334467227
london,link+k25,0,5,20,67,69,0.845384280291244,8.028512611426246,-0.0026980827632843273,0.6330325471404568,0.673470657788288,0.8502707075735889,-0.08192171261435055,0.8007841184890161,0.8621942871367229,-0.0046798182836517155,0.9243512352977783,0.917493310100193,0.04193166967452866,5.256042416066849,0.04280291244010204,1.2728828531177574,-0.10388930143432784,6.99447918864988,0.014740748376456114
london,link+k25,0,6,20,67,69,0.845384280291244,8.086913234317224,0.08865188274168707,0.6543282095961167,0.673470657788288,0.8493247868566806,-0.08779637811936025,0.8007841184890161,0.8618084510548261,-0.006409857489576232,0.9243512352977783,0.9163731408301699,0.04265355653743241,5.262453935996576,0.04854066836766446,1.2728828531177574,-0.13339031751433295,6.472795423553424,0.033123732948493245
london,link+k25,0,7,20,67,69,0.845384280291244,8.051713154682979,-0.648264890757337,0.66097454726492,0.673470657788288,0.8542161926691144,-0.07170327960669609,0.8007841184890161,0.8631775468292987,0.0062356089364615785,0.9243512352977783,0.9171697056444085,0.043126516895886535,5.08784636309256,0.03711494181342956,1.2728828531177574,-0.10557444080442813,6.391012176622324,0.022987320894753083
london,link+k25,0,8,20,67,69,0.845384280291244,8.047999308920444,0.650338425097302,0.6398655796875973,0.673470657788288,0.8453419627854876,-0.09267533760657165,0.8007841184890161,0.8598543779948971,-0.015383657974982867,0.9243512352977783,0.9152280789097019,0.04168274317007903,5.223562955291655,0.03930549505258574,1.2728828531177574,-0.10584639673379348,7.078594494504569,0.013606844655190242
london,link+k25,0,9,20,67,69,0.845384280291244,8.024227815854871,-0.11335165952264992,0.6409484099819528,0.673470657788288,0.8474702843985313,-0.08507063289563754,0.8007841184890161,0.8609247619640301,-0.007368224531706935,0.9243512352977783,0.916012197398718,0.04196900865019604,5.224770093526887,0.04269089551309979,1.2728828531177574,-0.12302651805979403,6.811040903103763,0.04033948390200326
london,link+k25d,0,0,20,67,69,0.845384280291244,8.007250438892834,-0.397298788919931,0.6528097579189744,0.673470657788288,0.847930798431763,-0.07788910324226772,0.8007841184890161,0.8583732652934222,0.004244196900865083,0.9243512352977783,0.9143817287945734,0.044445827369469226,5.323753894777246,0.03843425228701225,1.2728828531177574,-0.10474012453267045,6.567156091987715,0.02106312064048388
london,link+k50,0,0,20,67,69,0.845384280291244,8.00638077371828,0.23106131321626552,0.6564689775343829,0.673470657788288,0.8516895886489514,-0.08762212956624549,0.8007841184890161,0.8652560831414525,-0.011102122098450407,0.9243512352977783,0.9191237787043376,0.043387889725558515,5.037293618177817,0.04749517704897632,1.2728828531177574,-0.12529424125659938,6.2618606876724225,0.032230354259010996
london,link+k50,0,1,20,67,69,0.845384280291244,7.990616692636763,-0.05951062813352606,0.6628290497230692,0.673470657788288,0.8546393677266787,-0.0805899558155454,0.8007841184890161,0.8644470720019914,-0.004592694007094389,0.9243512352977783,0.9184143381666563,0.04330076544900119,5.012361561938508,0.04164540419441154,1.2728828531177574,-0.11622272274876111,6.5267573964545615,0.01594337353537445
london,link+k50,0,2,20,67,69,0.845384280291244,8.003341065456024,-0.3365750443826425,0.6646213205551061,0.673470657788288,0.8555355031426971,-0.07844918787727917,0.8007841184890161,0.8660899869313585,-0.004742049909764123,0.9243512352977783,0.9184890161179912,0.04140892401518459,5.016309718202619,0.04194411599975101,1.2728828531177574,-0.11451462160441173,6.40175123314624,0.028003985843383816
london,link+k50,0,3,20,67,69,0.845384280291244,7.9859418292122735,-0.021385984627547244,0.6644719646524364,0.673470657788288,0.8542161926691144,-0.08462256518762834,0.8007841184890161,0.8657788288007966,-0.008612857053954759,0.9243512352977783,0.9194847221357894,0.04103553425851025,5.0113364887920016,0.043375443400336056,1.2728828531177574,-0.12132238077623292,6.121343034199107,0.040098958870219636
london,link+k50,0,4,20,67,69,0.845384280291244,8.029341716909459,-0.1630503796297078,0.6599166096210094,0.673470657788288,0.8582114630655299,-0.07353288941440039,0.8007841184890161,0.8676333312589458,0.006758354595805649,0.9243512352977783,0.9198083265915739,0.0424295226834277,5.008914946686617,0.036405501275748264,1.2728828531177574,-0.09829308231015332,6.6165693937083,0.008865065457169363
london,link+k50,0,5,20,67,69,0.845384280291244,8.001040202052026,-0.10907163348845708,0.6563071753064907,0.673470657788288,0.8560333561515963,-0.08054017051465545,0.8007841184890161,0.8664758230132553,-0.007567365735266618,0.9243512352977783,0.9186508183458834,0.04167029684485657,5.024466545733923,0.04277801978965712,1.2728828531177574,-0.11297902507136559,6.252666444905577,0.02092567776517895
london,link+k50,0,6,20,67,69,0.845384280291244,8.015729040752875,-0.23467493063444986,0.6534818594809882,0.673470657788288,0.8559213392245939,-0.07502644844109774,0.8007841184890161,0.8655672412720145,0.0012072935465804457,0.9243512352977783,0.9180782873856493,0.042591324911320005,5.046566765313014,0.03809820150600529,1.2728828531177574,-0.10381238900531575,6.834427265575689,0.020513349139263948
london,link+k50,0,7,20,67,69,0.845384280291244,7.9954848340651345,0.026063343232677328,0.6679195967390628,0.673470657788288,0.8539548198394424,-0.08675088680067211,0.8007841184890161,0.865505009645902,-0.012969070881822087,0.9243512352977783,0.9176053270271952,0.04239218370776032,4.9776315103710544,0.046872860787852466,1.2728828531177574,-0.1265034972053185,6.240766851877675,0.038758890835996374
london,link+k50,0,8,20,67,69,0.845384280291244,8.028731573994335,0.0540940182747493,0.6436119235795631,0.673470657788288,0.8573651129504014,-0.07848652685294666,0.8007841184890161,0.8668367664447072,-0.0026261746219428117,0.9243512352977783,0.9191860103304499,0.04081150040450565,5.073336231083433,0.03768747277366358,1.2728828531177574,-0.09865597742222065,6.632076016946876,0.00951791911486799
london,link+k50,0,9,20,67,69,0.845384280291244,7.994016949357509,0.10985982701474405,0.6532453793017612,0.673470657788288,0.853369842553986,-0.08414960482917411,0.8007841184890161,0.8657663824755741,-0.00964590204742044,0.9243512352977783,0.9188624058746655,0.04113510486029004,5.0274422868693325,0.041222229136847366,1.2728828531177574,-0.1103976252348513,6.587488625616914,0.019345084699171844
london,link+k50d,0,0,20,67,69,0.845384280291244,8.009582649273781,-0.29609678027606584,0.6548882942311283,0.673470657788288,0.8473333748210841,-0.07973115937519448,0.8007841184890161,0.8581243387889725,0.001929180409484088,0.9243512352977783,0.9141950339162362,0.04415956188935222,5.310856713654174,0.03850893023834712,1.2728828531177574,-0.10663751908051933,6.431791129825398,0.024464831804281273
london,link,1,0,20,49,111,0.8449057190864397,8.017502618345748,0.4282041992221625,0.6614724002738191,0.673470657788288,0.8441969008650196,-0.09760408239467289,0.8007841184890161,0.8583110336673098,-0.021009396975542938,0.9243512352977783,0.9138091978343394,0.03984068703715227,5.22347549626916,0.055460825191362195,1.2728828531177574,-0.14915892139930342,6.370239102238473,0.036216197642854775
london,link,1,0,10,49,111,0.8449057190864397,7.81228351619745,0.3166306036907253,0.6574024519260688,0.5815545460202876,0.8461758665753936,-0.09891094654303323,0.7246748397535627,0.8483415271641048,-0.02338664509303623,0.8557719833219242,0.8749144315140954,0.03955442155703537,6.293737481150364,0.04419690086501961,1.2367211572345596,-0.08751601576790269,6.830064171327509,-0.024331550802139
london,link_reg,1,0,20,49,111,0.8449057190864397,8.017502618345748,0.4282041992221625,0.6560582488020412,0.673470657788288,0.8441969008650196,-0.09760408239467289,0.8007841184890161,0.8569419378928371,-0.01637936399278106,0.9243512352977783,0.9243512352977783,0.0756487647022217,6.153567427037101,0.23630593067396855,1.2728828531177574,-0.46334179384130125,6.049465214414403,0.07122977012679099
london,link_reg,1,0,10,49,111,0.8449057190864397,7.81228351619745,0.3166306036907253,0.6384591449374573,0.5815545460202876,0.8461758665753936,-0.09891094654303323,0.7246748397535627,0.8475947476507562,-0.021021843300765397,0.8557719833219242,0.8562324973551559,0.14349368348994962,6.216209955245036,0.19834463874541042,1.2367211572345596,-0.38733133337682346,7.227565157774938,-0.0652406417112299
london,link+k10,1,0,20,49,111,0.8449057190864397,8.121039683648357,0.25156067671715265,0.6148484659904163,0.673470657788288,0.8469475387391873,-0.09263799863090416,0.8007841184890161,0.8609247619640301,-0.008637749704399789,0.9243512352977783,0.9152529715601468,0.03769991909888604,5.329274072726286,0.05585910759848156,1.2728828531177574,-0.152693053718143,6.7222403612787325,0.05047589595574342
london,link+k10,1,1,20,49,111,0.8449057190864397,8.239863918882243,-0.9110058831473645,0.6079532018171635,0.673470657788288,0.8501835832970316,-0.07431700790341644,0.8007841184890161,0.8591075984815483,0.008662642354844707,0.9243512352977783,0.9146431016242454,0.03955442155703537,5.4108204098810235,0.04977285456468983,1.2728828531177574,-0.14375576624931896,7.012445962814775,0.07274164175514541
london,link+k10,1,2,20,49,111,0.8449057190864397,8.076165508032211,0.6252395144766452,0.6417823137718589,0.673470657788288,0.8451303752567054,-0.09686974920654667,0.8007841184890161,0.8615595245503765,-0.01589395730910448,0.9243512352977783,0.9146804405999128,0.03889476632024402,5.285065513528045,0.05261061671541478,1.2728828531177574,-0.13924277067042912,6.642537006470218,0.03741882280177311
london,link+k10,1,3,20,49,111,0.8449057190864397,8.260153294593724,0.7286789217104623,0.598879830729977,0.673470657788288,0.8449436803783683,-0.08560582488020407,0.8007841184890161,0.8598917169705644,-0.005737755927562316,0.9243512352977783,0.9141328022901238,0.03757545584666133,5.627952086401115,0.054104175742112154,1.2728828531177574,-0.06326761828458749,7.454752845960595,-0.0027144967872727577
london,link+k10,1,4,20,49,111,0.8449057190864397,8.07422836441742,-0.17606624667537613,0.6399651502893771,0.673470657788288,0.8462256518762835,-0.08459767253718331,0.8007841184890161,0.8604642479307985,-0.002601281971497893,0.9243512352977783,0.9149418134295849,0.03950463625614542,5.332780045578916,0.047445391748086374,1.2728828531177574,-0.1394029185628809,6.671150734172682,0.05123183176992052
london,link+k10,1,5,20,49,111,0.8449057190864397,8.140778640845873,-0.23451367587666724,0.6280789097019105,0.673470657788288,0.8464123467546207,-0.07415520567552425,0.8007841184890161,0.8603397846785736,0.009372082892526001,0.9243512352977783,0.9147053332503579,0.039641545833592695,5.484892812127086,0.03659219615408549,1.2728828531177574,-0.09942992171202047,7.254632209383605,0.024636635398412432
london,link+k10,1,6,20,49,111,0.8449057190864397,8.208627688608917,0.8363384695618565,0.6247806335179539,0.673470657788288,0.8421805961789781,-0.09984442093471901,0.8007841184890161,0.8589706889041011,-0.015694816105544795,0.9243512352977783,0.9145310846972431,0.037475885244881435,5.455831704787951,0.04571535254216197,1.2728828531177574,-0.1279357665809675,7.1123162674492875,0.04563103460124385
london,link+k10,1,7,20,49,111,0.8449057190864397,8.15206239619889,-0.3415998346381027,0.637463438919659,0.673470657788288,0.850196029622254,-0.08077665069388262,0.8007841184890161,0.8602028751011264,0.0011699545709129566,0.9243512352977783,0.9148546891530276,0.039417511979588093,5.340041731230959,0.044769431825253614,1.2728828531177574,-0.12750923785593926,6.811381834006546,0.04370683434697464
london,link+k10,1,8,20,49,111,0.8449057190864397,8.124558336229118,0.27456703622038037,0.6392806024021408,0.673470657788288,0.8474204990976414,-0.09029808948907836,0.8007841184890161,0.8612110274441471,-0.00835148422428278,0.9243512352977783,0.9143070508432385,0.03864583981579439,5.331163983297651,0.045229945858485276,1.2728828531177574,-0.12288434431724626,6.699810567182226,0.028381953750472366
london,link+k10,1,9,20,49,111,0.8449057190864397,8.117461867688304,-0.5700747787595506,0.6353973489327276,0.673470657788288,0.8504947414275935,-0.071441906777024,0.8007841184890161,0.860738067085693,0.015172070446200836,0.9243512352977783,0.9146182089738005,0.03878274939324167,5.39593524564781,0.03807330885556037,1.2728828531177574,-0.11406985408168091,6.932693644872605,0.04793320276260182
london,link+k10d,1,0,20,49,111,0.8449057190864397,8.105809419186613,-0.891869939307994,0.6382102184330076,0.673470657788288,0.849934656792582,-0.06632646711058554,0.8007841184890161,0.8572779886738441,0.024506814363059348,0.9243512352977783,0.913746966208227,0.04027630841993901,5.440712054515619,0.03522310037961292,1.2728828531177574,-0.09200941884748426,6.945689388881988,0.03662852626876956
london,link+k25,1,0,20,49,111,0.8449057190864397,8.095617516215793,-0.12954248647080685,0.6458896010952766,0.673470657788288,0.8517767129255087,-0.08009210280664625,0.8007841184890161,0.8625676768933972,-0.001692700230257027,0.9243512352977783,0.9159375194473831,0.03766258012321866,5.327790878661112,0.04002738191548949,1.2728828531177574,-0.10661318160842748,6.810546935280932,0.029447136034085775
london,link+k25,1,1,20,49,111,0.8449057190864397,8.00435413267006,-0.22299636958248995,0.6620200385836081,0.673470657788288,0.8531084697243139,-0.07973115937519448,0.8007841184890161,0.8637749704399776,-0.002302570166158424,0.9243512352977783,0.9161366606509428,0.0392557097516959,5.131319314425101,0.04384840375879018,1.2728828531177574,-0.1217256033321048,6.37944350266738,0.03542590110985122
london,link+k25,1,2,20,49,111,0.8449057190864397,8.036742981780861,-0.3747726387012253,0.6342149480365922,0.673470657788288,0.8511170576887174,-0.07607193975978588,0.8007841184890161,0.8617960047296036,0.0029871180533947994,0.9243512352977783,0.9155765760159313,0.03899433692202381,5.233659326734967,0.03949218993092296,1.2728828531177574,-0.10687523235842944,6.860076622608827,0.021990860048792138
london,link+k25,1,3,20,49,111,0.8449057190864397,8.054758849908016,-0.06797218160913658,0.6426162175617649,0.673470657788288,0.850793453232933,-0.08580496608376376,0.8007841184890161,0.8627917107474018,-0.003584541664073626,0.9243512352977783,0.915701039268156,0.03834712801045492,5.210084368927564,0.044956126703590726,1.2728828531177574,-0.12475231741058135,6.55885189572645,0.0427103735010137
london,link+k25,1,4,20,49,111,0.8449057190864397,8.038270405731073,0.4455533514268081,0.6405252349243886,0.673470657788288,0.8484410977658846,-0.09420623560893637,0.8007841184890161,0.8603397846785736,-0.018756612110274462,0.9243512352977783,0.9152654178853693,0.038533822888792146,5.206822439224824,0.050332939199701277,1.2728828531177574,-0.13328142760939232,6.977268154391827,0.025873621276157
london,link+k25,1,5,20,49,111,0.8449057190864397,8.02422157222018,0.038384394560682655,0.6351484224282781,0.673470657788288,0.8500466737195843,-0.08184703466301568,0.8007841184890161,0.8629908519509615,-0.0021407679382662304,0.9243512352977783,0.9168461011886241,0.037774597050220904,5.291880168612153,0.04213081087808823,1.2728828531177574,-0.10570256036516446,7.04641098895755,0.027041885716249103
london,link+k25,1,6,20,49,111,0.8449057190864397,8.075750761715861,0.11572940652702352,0.6541290683925571,0.673470657788288,0.8486277926442218,-0.08737320306179597,0.8007841184890161,0.8624307673159499,-0.005090547015993541,0.9243512352977783,0.9154396664384841,0.03865828614101685,5.314334459655334,0.04837886613977227,1.2728828531177574,-0.13571256654293373,6.557824012151304,0.04112978043500659
london,link+k25,1,7,20,49,111,0.8449057190864397,8.031954974272479,-0.4931238698146773,0.6552865766382475,0.673470657788288,0.8536436617088805,-0.07466550500964586,0.8007841184890161,0.864409733026324,0.004829174186321561,0.9243512352977783,0.9165473893832846,0.038820088368909156,5.166369359948288,0.03840935963656722,1.2728828531177574,-0.11221218508398856,6.463519478966495,0.035872590454592235
london,link+k25,1,8,20,49,111,0.8449057190864397,8.039334278628097,0.6044690078581509,0.6416951894953015,0.673470657788288,0.8464994710311781,-0.091019976351982,0.8007841184890161,0.8622191797871679,-0.010828302943555856,0.9243512352977783,0.9153525421619267,0.038596054514904554,5.259288793608186,0.03867073246623931,1.2728828531177574,-0.10904144616400879,6.958701491202723,0.02985946466000078
london,link+k25,1,9,20,49,111,0.8449057190864397,8.01927912071126,-0.14209262451736143,0.6424170763582052,0.673470657788288,0.8486277926442218,-0.08351484224282779,0.8007841184890161,0.8624307673159499,-0.002974671728172229,0.9243512352977783,0.9156263613168212,0.03847159126267974,5.264476472464122,0.042591324911319894,1.2728828531177574,-0.12470286348476645,6.880393433802395,0.05136927464522567
london,link+k25d,1,0,20,49,111,0.8449057190864397,8.018693524707713,-0.5394625231082382,0.6492376625801232,0.673470657788288,0.8488269338477814,-0.07390627917107473,0.8007841184890161,0.8587839940257639,0.010654054390441203,0.9243512352977783,0.9136598419316697,0.0400896135416019,5.393062890224791,0.036654427780197896,1.2728828531177574,-0.10167941509218692,6.732823071256224,0.026560835652681858
london,link+k50,1,0,20,49,111,0.8449057190864397,8.004526579060341,0.27714631364535536,0.6584106042690896,0.673470657788288,0.8524985997884125,-0.08748521998879821,0.8007841184890161,0.866961229696932,-0.009172941688966318,0.9243512352977783,0.9187503889476633,0.039653992158815154,5.067502215670484,0.04745783807330883,1.2728828531177574,-0.12853662383895914,6.2982513625472905,0.04106105899735413
london,link+k50,1,1,20,49,111,0.8449057190864397,7.982726857083713,-0.041737709982846136,0.6677080092102806,0.673470657788288,0.854726492003236,-0.07983072997697427,0.8007841184890161,0.8656543655485718,-0.0029622254029497697,0.9243512352977783,0.917704897628975,0.039405065654365634,5.037723629321323,0.04209347190242074,1.2728828531177574,-0.12070336145873473,6.505647122845007,0.031440057726007664
london,link+k50,1,2,20,49,111,0.8449057190864397,7.997631711429798,-0.31317162856162695,0.6644221793515465,0.673470657788288,0.8560706951272636,-0.0777646399900429,0.8007841184890161,0.8666625178915925,-0.00242703341838324,0.9243512352977783,0.9178666998568673,0.03740120729354657,5.057265713637138,0.04162051154396662,1.2728828531177574,-0.11654163357517455,6.32571586711629,0.04161083049857406
london,link+k50,1,3,20,49,111,0.8449057190864397,7.982483402393473,0.011762943775198232,0.6679071504138403,0.673470657788288,0.8545149044744539,-0.08390067832472459,0.8007841184890161,0.8665878399402577,-0.00563818532578253,0.9243512352977783,0.9188375132242206,0.037475885244881435,5.044404580619828,0.04351235297778333,1.2728828531177574,-0.12463459712505398,6.151308105053081,0.04762395629316574
london,link+k50,1,4,20,49,111,0.8449057190864397,8.024933784114953,-0.12193390967395919,0.6607007281100256,0.673470657788288,0.8583234799925322,-0.07344576513784296,0.8007841184890161,0.8687410542037464,0.006621445018358374,0.9243512352977783,0.9192357956313398,0.03874541041757429,5.054141958106382,0.03630593067396848,1.2728828531177574,-0.10169958793953748,6.619514598874066,0.0263890320585507
london,link+k50,1,5,20,49,111,0.8449057190864397,7.996011266585076,-0.14371166585858666,0.6593814176364429,0.673470657788288,0.856444084883938,-0.07903416516273565,0.8007841184890161,0.8676208849337234,-0.003385400460514054,0.9243512352977783,0.9179662704586471,0.037774597050220904,5.059032378232614,0.041533387267409294,1.2728828531177574,-0.11419948033498373,6.341173850787333,0.03370786516853941
london,link+k50,1,6,20,49,111,0.8449057190864397,8.009829425766847,-0.24394767681014423,0.6559835708507064,0.673470657788288,0.8566805650631651,-0.07396851079718714,0.8007841184890161,0.8656917045242393,0.0034974173875164105,0.9243512352977783,0.9174310784740806,0.038309789034787545,5.086949299262275,0.03711494181342956,1.2728828531177574,-0.10531642117622231,6.861433669168292,0.031233893413050273
london,link+k50,1,7,20,49,111,0.8449057190864397,7.989457312558427,0.05359664857865881,0.6684796813740743,0.673470657788288,0.8540294977907773,-0.0860787852386582,0.8007841184890161,0.8666127325907026,-0.010342896259879275,0.9243512352977783,0.9171074740182961,0.03835957433567738,5.0286912574041125,0.04590204742049908,1.2728828531177574,-0.127910970098698,6.319424949138469,0.040442566058481955
london,link+k50,1,8,20,49,111,0.8449057190864397,8.022317594645894,0.09728856682201609,0.6443089177920219,0.673470657788288,0.8577882880079657,-0.07893459456095586,0.8007841184890161,0.8675337606571659,-0.0014811127014748848,0.9243512352977783,0.918874852199888,0.03713983446387459,5.1175645585881195,0.03713983446387448,1.2728828531177574,-0.10106313985675563,6.714696882912996,0.02700752499742287
london,link+k50,1,9,20,49,111,0.8449057190864397,7.989715620393614,0.007483877778311991,0.6560582488020412,0.673470657788288,0.8546144750762338,-0.08081398966955,0.8007841184890161,0.8668492127699297,-0.003684112265853523,0.9243512352977783,0.9181903043126517,0.03727674404132186,5.077029988306179,0.0392183707760283,1.2728828531177574,-0.10918126046553467,6.511088441607553,0.0350822939215889
london,link+k50d,1,0,20,49,111,0.8449057190864397,8.01572479320344,-0.3875914313889355,0.6519509614786234,0.673470657788288,0.8475947476507562,-0.0772543406559213,0.8007841184890161,0.8590951521563258,0.007604704710934107,0.9243512352977783,0.9136847345821146,0.04003982824071195,5.3764653699212195,0.03787416765200069,1.2728828531177574,-0.10598829026368928,6.595856510356852,0.03343297941792933
london,link,2,0,20,74,73,0.8451085941875661,8.043356500292683,0.43149955769225484,0.6601157508245691,0.673470657788288,0.8440848839380173,-0.09604829174186313,0.8007841184890161,0.8580496608376377,-0.026697367602215416,0.9243512352977783,0.914580869998133,0.041010641608065224,5.1961662194087275,0.05392992718899736,1.2728828531177574,-0.14391447215443032,6.412715927085561,0.019516888293303003
london,link,2,0,10,74,73,0.8451085941875661,7.8342538537958974,0.2936188998084345,0.6560706951272637,0.5815545460202876,0.8470844483166345,-0.09668305432820962,0.7246748397535627,0.8487771485468916,-0.029696931980832675,0.8557719833219242,0.8768187192731346,0.04349990665256087,6.218233453548776,0.037986184579003046,1.2367211572345596,-0.09238518005022245,6.956758046337365,-0.028008021390374283
london,link_reg,2,0,20,74,73,0.8451085941875661,8.043356500292683,0.43149955769225484,0.6535565374323231,0.673470657788288,0.8441097765884622,-0.09602339909141822,0.8007841184890161,0.8566930113883876,-0.02312527226336425,0.9243512352977783,0.9243138963221109,0.07551185512477443,6.124653704390086,0.23023212396539922,1.2728828531177574,-0.45131602313570474,6.3251226082680905,0.05580180737381024
london,link_reg,2,0,10,74,73,0.8451085941875661,7.8342538537958974,0.2936188998084345,0.63545958055884,0.5815545460202876,0.847096894641857,-0.09667060800298716,0.7246748397535627,0.8480926006596552,-0.02819092662891276,0.8557719833219242,0.8567054577136101,0.14207480241458714,6.218407916966094,0.19823262181840812,1.2367211572345596,-0.3851757463369596,7.469830440827885,-0.0748997326203209
london,link+k10,2,0,20,74,73,0.8451085941875661,8.15197491193826,0.27310652140885294,0.6134793702159438,0.673470657788288,0.8480552616839878,-0.08966332690273193,0.8007841184890161,0.8614226149729293,-0.012396539921588179,0.9243512352977783,0.9162113386022777,0.038857427344576534,5.293804093661286,0.05396726616466496,1.2728828531177574,-0.14589953302693148,6.826659376448699,0.04003023743256717
london,link+k10,2,1,20,74,73,0.8451085941875661,8.275785436558856,-0.9541029091774492,0.5999377683738876,0.673470657788288,0.8505320804032609,-0.07172817225714101,0.8007841184890161,0.8580869998133052,0.005401705146555469,0.9243512352977783,0.9156263613168212,0.04138403136473956,5.365079064784823,0.049312340531458054,1.2728828531177574,-0.13889760107814553,7.0275178000008545,0.061505686698965834
london,link+k10,2,2,20,74,73,0.8451085941875661,8.108721941180951,0.7646103982061149,0.6409733026323978,0.673470657788288,0.844831663451366,-0.09801481112701471,0.8007841184890161,0.8603895699794636,-0.023859605451490462,0.9243512352977783,0.9155392370402639,0.040151845167714306,5.260055213615091,0.0512913062418322,1.2728828531177574,-0.13357034495711706,6.659234108185192,0.02185341717348721
london,link+k10,2,3,20,74,73,0.8451085941875661,8.28016042552786,0.8024444905522059,0.5966519385151534,0.673470657788288,0.8441969008650196,-0.0848590453668554,0.8007841184890161,0.8578256269836331,-0.011114568423672866,0.9243512352977783,0.9143070508432385,0.03814798680689535,5.61308612709568,0.056655672412720154,1.2728828531177574,-0.05735469889104006,7.603399197226462,-0.012679105246881761
london,link+k10,2,4,20,74,73,0.8451085941875661,8.107211262855579,-0.2828761497838632,0.6440599912875723,0.673470657788288,0.8475947476507562,-0.08073931171821513,0.8007841184890161,0.8597423610678947,-0.005115439666438459,0.9243512352977783,0.9158877341464933,0.041222229136847366,5.300595263872668,0.04641234675462069,1.2728828531177574,-0.13383773404903998,6.565023642688655,0.039377383774868546
london,link+k10,2,5,20,74,73,0.8451085941875661,8.164160589245576,-0.2641702478247513,0.6221917978716783,0.673470657788288,0.8468479681374075,-0.0713796751509117,0.8007841184890161,0.8592445080589955,0.006111145684236763,0.9243512352977783,0.9156637002924887,0.04134669238907218,5.462529400761778,0.03521065405439039,1.2728828531177574,-0.08987879055126324,7.3546006744227945,0.011442119369137194
london,link+k10,2,6,20,74,73,0.8451085941875661,8.24923640248151,1.011842975703077,0.6264608874229883,0.673470657788288,0.8416951894953015,-0.10018047171572586,0.8007841184890161,0.857850519634078,-0.021868193415893966,0.9243512352977783,0.9153525421619267,0.037774597050220904,5.411637424604104,0.044981019354035756,1.2728828531177574,-0.1245956163459363,7.045125891005586,0.026904442840944176
london,link+k10,2,7,20,74,73,0.8451085941875661,8.18709226098373,-0.43320174709478815,0.6367415520567552,0.673470657788288,0.8506565436554857,-0.07790154956749018,0.8007841184890161,0.8596054514904474,-0.001418881075362477,0.9243512352977783,0.9161242143257203,0.04091107100628544,5.318551442121859,0.041259568112514744,1.2728828531177574,-0.11798081290194884,6.693939895816522,0.03542590110985122
london,link+k10,2,8,20,74,73,0.8451085941875661,8.144270407057883,0.27059316350883844,0.6410479805837327,0.673470657788288,0.8479681374074305,-0.08701225963034409,0.8007841184890161,0.8611363494928123,-0.012931731906154709,0.9243512352977783,0.9149915987304749,0.039604206857925206,5.300007639762117,0.04157072624307667,1.2728828531177574,-0.11202713831352651,6.638325853084756,0.013538123217537779
london,link+k10,2,9,20,74,73,0.8451085941875661,8.141124903424242,-0.6389836014700192,0.6341900553861473,0.673470657788288,0.8515651253967266,-0.06800672101562011,0.8007841184890161,0.8607007281100255,0.012222291368473526,0.9243512352977783,0.9147924575269152,0.039653992158815154,5.3567489273614415,0.03731408301698924,1.2728828531177574,-0.11040041779145437,6.796312526019234,0.04583719891420124
london,link+k10d,2,0,20,74,73,0.8451085941875661,8.092305400367945,-0.6836403608195616,0.6395917605327027,0.673470657788288,0.8480054763830979,-0.07047109340967073,0.8007841184890161,0.8572779886738441,0.012184952392806037,0.9243512352977783,0.9144937457215757,0.041819652747526304,5.396236021901513,0.03338104424668616,1.2728828531177574,-0.09072876080295833,6.961410861864806,0.020788234889873802
london,link+k25,2,0,20,74,73,0.8451085941875661,8.124300128491871,-0.15143909561528077,0.6444333810442466,0.673470657788288,0.8511295040139398,-0.07795133486838002,0.8007841184890161,0.8620324849088307,-0.004841620511543909,0.9243512352977783,0.9171945982948534,0.03916858547513846,5.292368395383818,0.03757545584666133,1.2728828531177574,-0.09865332752332168,6.886069113941936,0.01247294093392437
london,link+k25,2,1,20,74,73,0.8451085941875661,8.027915874350024,-0.29413683815039143,0.663264671105856,0.673470657788288,0.8528222042441969,-0.07715477005414151,0.8007841184890161,0.8634389196589707,-0.006795693571473027,0.9243512352977783,0.9167963158877341,0.04088617835584052,5.099056856064244,0.04200634762586353,1.2728828531177574,-0.11546598197459534,6.282932683762954,0.02291859945710062
london,link+k25,2,2,20,74,73,0.8451085941875661,8.062854020589343,-0.41536882043189854,0.6334432758727986,0.673470657788288,0.8516895886489514,-0.0726616466488269,0.8007841184890161,0.8611487958180347,0.0008463501151285691,0.9243512352977783,0.9166594063102869,0.040699483477503295,5.2061899263387925,0.03629348434874602,1.2728828531177574,-0.09798679113438458,6.884575489431185,0.01137339793148473
london,link+k25,2,3,20,74,73,0.8451085941875661,8.079358534438308,-0.09080867015668523,0.6410230879332877,0.673470657788288,0.8510050407617151,-0.08375132242205485,0.8007841184890161,0.8623063040637252,-0.006011575082456866,0.9243512352977783,0.9168958864895139,0.039915364988487134,5.186060118835592,0.04296471466799423,1.2728828531177574,-0.11665872142613276,6.578153864790455,0.029584578909390702
london,link+k25,2,4,20,74,73,0.8451085941875661,8.06114064358537,0.4562954778373003,0.6396166531831476,0.673470657788288,0.8483415271641048,-0.09286203248490876,0.8007841184890161,0.859593005165225,-0.022639865579687557,0.9243512352977783,0.9161242143257203,0.03971622378492756,5.171639846177152,0.04827929553799237,1.2728828531177574,-0.12591261740135606,6.985233812561097,0.012679105246881761
london,link+k25,2,5,20,74,73,0.8451085941875661,8.047928312474893,0.09920800476982679,0.6327960669612297,0.673470657788288,0.8497853008899122,-0.08118737942622434,0.8007841184890161,0.8619578069574958,-0.008899122534071768,0.9243512352977783,0.91772979027942,0.03950463625614542,5.2658154130393395,0.04270334183832225,1.2728828531177574,-0.1007684976070522,6.993637170412954,0.009861526303130308
london,link+k25,2,6,20,74,73,0.8451085941875661,8.097001144850683,0.12404853893980877,0.655921339224594,0.673470657788288,0.8495114817350178,-0.08449810193540352,0.8007841184890161,0.8625552305681747,-0.009770365299645256,0.9243512352977783,0.9165598357085071,0.04037587902171891,5.272297868770921,0.04626299085195096,1.2728828531177574,-0.12950047237354223,6.429194765608186,0.029069168126997225
london,link+k25,2,7,20,74,73,0.8451085941875661,8.072715236983543,-0.5829814936519814,0.655585288443587,0.673470657788288,0.854203746343892,-0.07024705955566612,0.8007841184890161,0.863550936585973,0.0031987055821768307,0.9243512352977783,0.9173937394984131,0.0407617151036157,5.129079041173028,0.03471280104549135,1.2728828531177574,-0.1004995402648654,6.520434205779736,0.022231385080575983
london,link+k25,2,8,20,74,73,0.8451085941875661,8.069419237669957,0.6845822532548551,0.6382848963843425,0.673470657788288,0.84535440911071,-0.0901238409359636,0.8007841184890161,0.860426908955131,-0.01715103615657476,0.9243512352977783,0.9156885929429336,0.039380173003920604,5.241092450127302,0.037712365424108496,1.2728828531177574,-0.10300572030930133,6.980320598862381,0.014294059031714879
london,link+k25,2,9,20,74,73,0.8451085941875661,8.041743104561768,-0.16742307729347103,0.6421432572033107,0.673470657788288,0.848789594872114,-0.08056506316510048,0.8007841184890161,0.8615844172008215,-0.00750513410915421,0.9243512352977783,0.9164602651067273,0.039927811313709705,5.234447143963452,0.0403136473956065,1.2728828531177574,-0.11770775084400831,6.74770414000875,0.03735010136412065
london,link+k25d,2,0,20,74,73,0.8451085941875661,8.044954323051511,-0.5730680815785282,0.6486402389694442,0.673470657788288,0.8481423859605451,-0.07187752815981074,0.8007841184890161,0.8590827058311034,0.006223162611239008,0.9243512352977783,0.914605762648578,0.041782313771858925,5.376698974376989,0.03417760906092471,1.2728828531177574,-0.09139076137487168,6.736060847078402,0.01559976634711191
london,link+k50,2,0,20,74,73,0.8451085941875661,8.023152844926742,0.2779738197078848,0.6567552430145,0.673470657788288,0.8527101873171946,-0.08580496608376376,0.8007841184890161,0.8659530773539112,-0.015707262430767255,0.9243512352977783,0.9193229199078972,0.04062480552616843,5.043442395259022,0.046113634949281224,1.2728828531177574,-0.12339877829130064,6.324671958088414,0.028313232312819903
london,link+k50,2,1,20,74,73,0.8451085941875661,8.005619570897503,-0.07311330397127842,0.6659157383782438,0.673470657788288,0.8545895824257888,-0.0777024083639305,0.8007841184890161,0.8651938515153401,-0.007131744352479874,0.9243512352977783,0.9184392308171012,0.0407617151036157,5.017277293681835,0.039865579687597186,1.2728828531177574,-0.11270233038239574,6.4885123885723655,0.017661409476686263
london,link+k50,2,2,20,74,73,0.8451085941875661,8.017437300130515,-0.29658677985520193,0.6641359138714295,0.673470657788288,0.8557097516958118,-0.07623374198767807,0.8007841184890161,0.8665629472898126,-0.007729167963158812,0.9243512352977783,0.9187379426224407,0.039093907523803595,5.023387802433139,0.039927811313709705,1.2728828531177574,-0.10988743527918432,6.351346154206512,0.02381197814658287
london,link+k50,2,3,20,74,73,0.8451085941875661,8.001808942137139,0.008642154717049447,0.6665629472898127,0.673470657788288,0.8545646897753438,-0.0823573339971373,0.8007841184890161,0.8661895575331383,-0.011487958180347202,0.9243512352977783,0.919733648640239,0.03889476632024402,5.01551075396411,0.04213081087808823,1.2728828531177574,-0.11804481926191457,6.127178235112025,0.033123732948493245
london,link+k50,2,4,20,74,73,0.8451085941875661,8.047074428053474,-0.15802492851032715,0.6602775530524613,0.673470657788288,0.8587466550500965,-0.0712801045491318,0.8007841184890161,0.8671728172257142,0.0032609372082892385,0.9243512352977783,0.9200074677951335,0.04006472089115687,5.026706382089044,0.03415271641047979,1.2728828531177574,-0.0933784136826512,6.728180567102429,0.009655361990172917
london,link+k50,2,5,20,74,73,0.8451085941875661,8.019916303357155,-0.11978277866154607,0.6570290621693945,0.673470657788288,0.8558342149480366,-0.07800112016926997,0.8007841184890161,0.8673221731283839,-0.00831414524861529,0.9243512352977783,0.9187503889476633,0.03930549505258574,5.044386091959267,0.03982824071192981,1.2728828531177574,-0.10521228376277403,6.3633799229139605,0.02181905645466098
london,link+k50,2,6,20,74,73,0.8451085941875661,8.035572249900099,-0.29162182900970113,0.6563694069326031,0.673470657788288,0.856444084883938,-0.07203933038770294,0.8007841184890161,0.8650444956126704,0.0015806833032547818,0.9243512352977783,0.9182400896135416,0.040189184143381684,5.059811358539373,0.0344389818905968,1.2728828531177574,-0.0964361835182923,6.825831769112773,0.01484383053293481
london,link+k50,2,7,20,74,73,0.8451085941875661,8.010770655857977,0.06193342597602212,0.668629037276744,0.673470657788288,0.8537930176115502,-0.08504574024519251,0.8007841184890161,0.8656170265729044,-0.016292239716223733,0.9243512352977783,0.9180907337108719,0.039890472338042215,4.99152454007771,0.04493123405314581,1.2728828531177574,-0.1226774758094733,6.31355488020875,0.028038346562210048
london,link+k50,2,8,20,74,73,0.8451085941875661,8.045963024394323,0.07512034198421183,0.6447943244756985,0.673470657788288,0.8574771298774037,-0.07720455535503135,0.8007841184890161,0.8667371958429274,-0.006111145684236652,0.9243512352977783,0.9196589706889041,0.03877030306801921,5.0840500040184375,0.035335117306615205,1.2728828531177574,-0.09257442443677077,6.714659357654789,0.01137339793148473
london,link+k50,2,9,20,74,73,0.8451085941875661,8.009237303260466,0.0930888045148638,0.6542784242952269,0.673470657788288,0.8544153338726741,-0.08106291617399963,0.8007841184890161,0.8663638060862531,-0.010417574211214142,0.9243512352977783,0.9190615470782252,0.03874541041757429,5.04813561016178,0.03809820150600529,1.2728828531177574,-0.10385049681085512,6.662122484065177,0.014981273408239737
london,link+k50d,2,0,20,74,73,0.8451085941875661,8.039896636036223,-0.35743043485813925,0.6504449561267036,0.673470657788288,0.8469226460887423,-0.07561142572655422,0.8007841184890161,0.8586097454726492,0.0015682369780322114,0.9243512352977783,0.9143941751197959,0.041496048291741916,5.376713283987178,0.034476320866264176,1.2728828531177574,-0.09346702263182238,6.660552929291919,0.019379445417998076
london,link,3,0,20,50,117,0.8444259132491132,8.014940768642221,0.3961596748446822,0.6622814114132802,0.673470657788288,0.8448814487522559,-0.09871180533947344,0.8007841184890161,0.858709316074429,-0.023523554670483504,0.9243512352977783,0.9136473956064471,0.039629099508370236,5.212960302920118,0.05365610803410292,1.2728828531177574,-0.14379197424052537,6.525338617838445,0.025186406899632363
london,link,3,0,10,50,117,0.8444259132491132,7.8063504302458755,0.2958872195439694,0.6574895762026262,0.5815545460202876,0.8468230754869625,-0.09826373763146434,0.7246748397535627,0.8495114817350178,-0.02475574086750887,0.8557719833219242,0.8735702283900678,0.036965585910759935,6.338856519004277,0.04681062916174,1.2367211572345596,-0.08044540311117654,6.99974361447838,-0.03465909090909092
london,link_reg,3,0,20,50,117,0.8444259132491132,8.014940768642221,0.3961596748446822,0.6557097516958118,0.673470657788288,0.8448814487522559,-0.09871180533947344,0.8007841184890161,0.8575269151782936,-0.01955317692451297,0.9243512352977783,0.9243512352977783,0.0756487647022217,6.165396102940003,0.23599477254340656,1.2728828531177574,-0.4626026434281091,6.329920938002686,0.06628182661581272
london,link_reg,3,0,10,50,117,0.8444259132491132,7.8063504302458755,0.2958872195439694,0.6376750264484411,0.5815545460202876,0.8468230754869625,-0.09826373763146434,0.7246748397535627,0.8487273632460016,-0.02280166780757975,0.8557719833219242,0.8560333561515963,0.14394175119795882,6.225785378986339,0.1970128819466052,1.2367211572345596,-0.38437506459654636,7.303668202046115,-0.07486631016042777
london,link+k10,3,0,20,50,117,0.8444259132491132,8.122366823606278,0.1984945965136613,0.6137905283465057,0.673470657788288,0.8477192109029809,-0.09348434874603273,0.8007841184890161,0.8604642479307985,-0.01101499782189308,0.9243512352977783,0.9151907399340344,0.03771236542410861,5.314256917251982,0.054664260377123686,1.2728828531177574,-0.14757406733581702,6.873013788529604,0.042126241280967536
london,link+k10,3,1,20,50,117,0.8444259132491132,8.228636396539661,-0.8356915044579325,0.6090484784367416,0.673470657788288,0.8503951708258137,-0.07871056070695126,0.8007841184890161,0.8586346381230942,0.0034351857614040027,0.9243512352977783,0.914630655299023,0.03944240463003301,5.387874915378724,0.04990976414213699,1.2728828531177574,-0.14299439040282702,7.013035205599154,0.06425454420506482
london,link+k10,3,2,20,50,117,0.8444259132491132,8.071713745041617,0.6074056388383448,0.643089177920219,0.673470657788288,0.8456033356151597,-0.098437986184579,0.8007841184890161,0.8612981517207045,-0.019291804094840992,0.9243512352977783,0.9144937457215757,0.038807642043686585,5.278762584814044,0.04943680378368287,1.2728828531177574,-0.1316652143561654,6.759462461069395,0.02601106415146215
london,link+k10,3,3,20,50,117,0.8444259132491132,8.236079154413503,0.7777118082327875,0.6005351919845665,0.673470657788288,0.8443960420685792,-0.08988736075673653,0.8007841184890161,0.8587715477005414,-0.010318003609434245,0.9243512352977783,0.9139585537370092,0.03762524114755117,5.642428533109647,0.055958678200261375,1.2728828531177574,-0.059987299853715426,7.54851072153868,-0.003607875476755007
london,link+k10,3,4,20,50,117,0.8444259132491132,8.074859970577927,-0.1647928688204622,0.6410230879332877,0.673470657788288,0.8468230754869625,-0.0861410168647706,0.8007841184890161,0.8602526604020163,-0.006372518513908743,0.9243512352977783,0.9148173501773601,0.039380173003920604,5.317958457661702,0.046860414462629896,1.2728828531177574,-0.13644036694664408,6.694681597568275,0.043603752190495726
london,link+k10,3,5,20,50,117,0.8444259132491132,8.139577360104301,-0.22761261894031326,0.6286763333125894,0.673470657788288,0.8472835895201941,-0.0770925384280291,0.8007841184890161,0.8605389258821333,0.005439044122222958,0.9243512352977783,0.9145559773476881,0.0395419752318128,5.4670501057518734,0.03542224158317253,1.2728828531177574,-0.0951605087468188,7.414426604856294,0.012232415902140747
london,link+k10,3,6,20,50,117,0.8444259132491132,8.193368103240498,0.8237790990465842,0.6288630281909267,0.673470657788288,0.8426784491878773,-0.10088991225340715,0.8007841184890161,0.8580994461385276,-0.016441595618893468,0.9243512352977783,0.9143941751197959,0.03709004916298464,5.421278604767651,0.04333810442466868,1.2728828531177574,-0.12475748610561999,7.380851493334374,0.030546679036525415
london,link+k10,3,7,20,50,117,0.8444259132491132,8.157648541193195,-0.4554498196197337,0.6362312527226336,0.673470657788288,0.8507187752815981,-0.08159810815856616,0.8007841184890161,0.8604766942560209,0.0015682369780322114,0.9243512352977783,0.9149044744539174,0.03924326342647333,5.344825242793839,0.041744974796191436,1.2728828531177574,-0.11963612133987445,6.953087347379948,0.03628491908050724
london,link+k10,3,8,20,50,117,0.8444259132491132,8.120243518158235,0.2875020833748826,0.6414711556412969,0.673470657788288,0.8474702843985313,-0.09258821333001421,0.8007841184890161,0.8615595245503765,-0.012682805401705077,0.9243512352977783,0.9142448192171262,0.03850893023834712,5.315713857908958,0.04292737569232674,1.2728828531177574,-0.11878043175254538,6.792064998915801,0.019173281105040685
london,link+k10,3,9,20,50,117,0.8444259132491132,8.117044325934472,-0.6208328946869074,0.6364552865766383,0.673470657788288,0.851341091542722,-0.07400584977285452,0.8007841184890161,0.8609745472649201,0.013317567988051504,0.9243512352977783,0.9144937457215757,0.0389321052959114,5.381781137681615,0.037712365424108496,1.2728828531177574,-0.1124765225424671,6.926839135597525,0.04312270212692848
london,link+k10d,3,0,20,50,117,0.8444259132491132,8.052428346208904,-0.6068902458264585,0.6405003422739436,0.673470657788288,0.8487149169207792,-0.07563631837699913,0.8007841184890161,0.8587839940257639,0.011749331010019293,0.9243512352977783,0.9136473956064471,0.04000248926504457,5.415776689751644,0.035297778330947785,1.2728828531177574,-0.09649171204653761,6.999537162600495,0.030546679036525415
london,link+k25,3,0,20,50,117,0.8444259132491132,8.104045588666166,-0.17670399168568574,0.645715352542162,0.673470657788288,0.8516024643723941,-0.08153587653245375,0.8007841184890161,0.8622565187628353,-0.002501711369718107,0.9243512352977783,0.9160246437239405,0.037749704399775985,5.328875020258869,0.037226958740431915,1.2728828531177574,-0.10006606330785806,6.946656529111985,0.01652750575542039
london,link+k25,3,1,20,50,117,0.8444259132491132,8.002335773877455,-0.20603463510912604,0.6656419192233493,0.673470657788288,0.853083577073869,-0.0824195656232497,0.8007841184890161,0.8640114506192047,-0.007119298027257415,0.9243512352977783,0.9158877341464933,0.03898189059680135,5.121268377105601,0.04281535876532461,1.2728828531177574,-0.11948334694325902,6.421692831536692,0.024121224616018955
london,link+k25,3,2,20,50,117,0.8444259132491132,8.03246960016227,-0.38127190526875837,0.6356960607380671,0.673470657788288,0.8513908768436119,-0.07836206360072184,0.8007841184890161,0.8623685356898376,7.467795133486721e-05,0.9243512352977783,0.9157259319186011,0.039342834028253226,5.215250087853558,0.0383844669861223,1.2728828531177574,-0.1057481581916353,6.913295455886747,0.017833213070817422
london,link+k25,3,3,20,50,117,0.8444259132491132,8.054607925054109,-0.10410150524698791,0.6426037712365424,0.673470657788288,0.8509925944364927,-0.08769680751758036,0.8007841184890161,0.8631651005040761,-0.0028626548011699837,0.9243512352977783,0.9158006098699359,0.03822266475823022,5.191446742172743,0.04321364117244386,1.2728828531177574,-0.12003507397710145,6.690181836964699,0.034017111637975495
london,link+k25,3,4,20,50,117,0.8444259132491132,8.039136393930942,0.43738100470066915,0.6410977658846225,0.673470657788288,0.8482792955379924,-0.09675773227954443,0.8007841184890161,0.8611736884684796,-0.020262617462194266,0.9243512352977783,0.9152903105358143,0.03823511108345268,5.189783219556186,0.049598606011575064,1.2728828531177574,-0.13027985180174073,7.200880210837187,0.016183898567158073
london,link+k25,3,5,20,50,117,0.8444259132491132,8.020538464613795,0.011416287808715174,0.6360943431451864,0.673470657788288,0.8509179164851578,-0.08456033356151593,0.8007841184890161,0.8633020100815234,-0.005837326529342213,0.9243512352977783,0.9168087622129566,0.03758790217188379,5.284439045090432,0.04102308793328768,1.2728828531177574,-0.10339115989415881,7.050668656830583,0.016768030787204014
london,link+k25,3,6,20,50,117,0.8444259132491132,8.076943175082135,0.1366191247276398,0.6556475200696994,0.673470657788288,0.8495488207106852,-0.08971311220362188,0.8007841184890161,0.8622316261123903,-0.008998693135851665,0.9243512352977783,0.9154023274628166,0.03849648391312466,5.2997381456164065,0.0470844483166345,1.2728828531177574,-0.1325620041832598,6.6221328830962705,0.034188915232106654
london,link+k25,3,7,20,50,117,0.8444259132491132,8.038432336873042,-0.503848484894214,0.6549007405563507,0.673470657788288,0.8542535316447819,-0.07557408675088673,0.8007841184890161,0.8645341962785488,0.002563942995830515,0.9243512352977783,0.9164104798058373,0.03868317879146188,5.163048455225027,0.03553425851017489,1.2728828531177574,-0.10406373844110983,6.560115104091006,0.027248050029206716
london,link+k25,3,8,20,50,117,0.8444259132491132,8.048011786280934,0.659614176446902,0.6396539921588151,0.673470657788288,0.845976725371834,-0.093334992843363,0.8007841184890161,0.860140643475014,-0.015072499844420939,0.9243512352977783,0.9152529715601468,0.038596054514904554,5.27200759275457,0.0371024954882071,1.2728828531177574,-0.10444446644628491,7.2060783776255715,0.019551249012129235
london,link+k25,3,9,20,50,117,0.8444259132491132,8.023138654968724,-0.12819797435995142,0.640512788599166,0.673470657788288,0.8486651316198892,-0.0865890845727798,0.8007841184890161,0.8623685356898376,-0.007542473084821699,0.9243512352977783,0.9155890223411538,0.038260003733897596,5.263316995785846,0.04221793515464556,1.2728828531177574,-0.1236811505880131,6.994429676493947,0.04277909493866616
london,link+k25d,3,0,20,50,117,0.8444259132491132,8.011276691195965,-0.5526733346789258,0.6511917356400523,0.673470657788288,0.8487398095712241,-0.07683116559835701,0.8007841184890161,0.8597050220922273,0.006646337668803293,0.9243512352977783,0.9137096272325596,0.039990042939822,5.379771153970059,0.03595743356773917,1.2728828531177574,-0.10023914574793658,6.783453098221971,0.02075387417104757
london,link+k50,3,0,20,50,117,0.8444259132491132,7.999983733477908,0.234986673449481,0.6597672537183397,0.673470657788288,0.8528470968946419,-0.08937706142261492,0.8007841184890161,0.8662268965088058,-0.013914991598730442,0.9243512352977783,0.9186010330449935,0.03945485095525547,5.0539997449040515,0.04676084386085011,1.2728828531177574,-0.12654559438607782,6.2986537456728175,0.032367797134316145
london,link+k50,3,1,20,50,117,0.8444259132491132,7.981607551123223,-0.0520871681126739,0.6685419130001867,0.673470657788288,0.8549256332067957,-0.08249424357458457,0.8007841184890161,0.866388698736698,-0.006633891343580833,0.9243512352977783,0.9175555417263053,0.039106353849026165,5.023815639826065,0.04138403136473956,1.2728828531177574,-0.11739361256685843,6.59891591797801,0.02473971755489135
london,link+k50,3,2,20,50,117,0.8444259132491132,7.996195532327445,-0.32425740588648716,0.6665007156637003,0.673470657788288,0.8559835708507063,-0.079693820399527,0.8007841184890161,0.8667620884933723,-0.005339473520443061,0.9243512352977783,0.9175928807019728,0.03727674404132186,5.045180923200555,0.0403758790217188,1.2728828531177574,-0.11288766973786934,6.493871617091527,0.031096450537745346
london,link+k50,3,3,20,50,117,0.8444259132491132,7.98163812257882,0.001528080209564453,0.6681062916174,0.673470657788288,0.8550252038085755,-0.08647706764577756,0.8007841184890161,0.8668865517455971,-0.00991972120231499,0.9243512352977783,0.9186632646711058,0.03705271018731726,5.033592399066117,0.04213081087808823,1.2728828531177574,-0.12012057586839808,6.259082879206145,0.03869016939834391
london,link+k50,3,4,20,50,117,0.8444259132491132,8.024805756000845,-0.09587208558411453,0.6649947103117805,0.673470657788288,0.8581741240898625,-0.07703030680191669,0.8007841184890161,0.8687286078785239,0.002227892214823557,0.9243512352977783,0.9192731346070073,0.038583608189681984,5.0279780397560065,0.035335117306615205,1.2728828531177574,-0.09838564758190205,6.68315267198701,0.01649314503659416
london,link+k50,3,5,20,50,117,0.8444259132491132,7.994761699147022,-0.12332806876737125,0.6609123156388076,0.673470657788288,0.8562822826560458,-0.08210840749268777,0.8007841184890161,0.8678200261372829,-0.006870371522807894,0.9243512352977783,0.9178542535316447,0.037737258074553526,5.046544154933846,0.04058746655050094,1.2728828531177574,-0.11007891575815032,6.4565512484629615,0.020410266982785252
london,link+k50,3,6,20,50,117,0.8444259132491132,8.011884867278551,-0.2846088291007745,0.6557221980210343,0.673470657788288,0.8561080341029311,-0.07576078162922395,0.8007841184890161,0.8653681000684548,0.0024768187192731883,0.9243512352977783,0.9173190615470782,0.038272450059120056,5.082442024675153,0.03524799303005788,1.2728828531177574,-0.1006350205622395,6.907810685080436,0.02147544926639866
london,link+k50,3,7,20,50,117,0.8444259132491132,7.989204269714483,0.0578854260215393,0.6684921276992968,0.673470657788288,0.8541166220673346,-0.08855560395793138,0.8007841184890161,0.8658908457277988,-0.0142510423797374,0.9243512352977783,0.9169954570912938,0.03817287945734027,5.019081230338345,0.04483166345136602,1.2728828531177574,-0.12350267921431901,6.446183319900772,0.03116517197539781
london,link+k50,3,8,20,50,117,0.8444259132491132,8.021424394819265,0.10555187186003967,0.6471591262679693,0.673470657788288,0.8574895762026262,-0.08192171261435055,0.8007841184890161,0.8680191673408426,-0.005775094903229805,0.9243512352977783,0.9187628352728857,0.03685356898375758,5.098215187994295,0.03608189681996388,1.2728828531177574,-0.09757165559375602,6.696737584824036,0.014981273408239737
london,link+k50,3,9,20,50,117,0.8444259132491132,7.991093063641751,0.019784493504513993,0.6555106104922521,0.673470657788288,0.854440226523119,-0.08315389881137591,0.8007841184890161,0.8670981392743793,-0.006994834775032599,0.9243512352977783,0.9182525359387641,0.03709004916298464,5.072489386085416,0.038309789034787434,1.2728828531177574,-0.10444139597123248,6.6659219508054965,0.022643713706490765
london,link+k50d,3,0,20,50,117,0.8444259132491132,8.007485914004196,-0.35252308056164156,0.6545397971248988,0.673470657788288,0.8473209284958616,-0.08044059991287567,0.8007841184890161,0.8594436492625552,0.003273383533511809,0.9243512352977783,0.9135478250046674,0.03985313336237484,5.36923332707643,0.036691766755865274,1.2728828531177574,-0.10259558017185344,6.725992411707343,0.02274679586296946
london,link,4,0,20,60,78,0.8453911257701163,8.035234492317333,0.36441726844833405,0.6608998693135851,0.673470657788288,0.8449187877279233,-0.0960607380670856,0.8007841184890161,0.8596801294417823,-0.022926131059804566,0.9243512352977783,0.9155890223411538,0.04211836455286577,5.16722712981284,0.057614039454850885,1.2728828531177574,-0.15324494837763325,6.248228425432993,0.030959007662440197
london,link,4,0,10,60,78,0.8453911257701163,7.81509176082227,0.1893468029835181,0.6581990167403075,0.5815545460202876,0.8471715725931919,-0.09614786234364309,0.7246748397535627,0.8504076171510362,-0.025427842429522673,0.8557719833219242,0.8777895326404879,0.04511792893148303,6.190454809725409,0.03904412222291376,1.2367211572345596,-0.09327414900642084,6.671141334384682,-0.0162767379679144
london,link_reg,4,0,20,60,78,0.8453911257701163,8.035234492317333,0.36441726844833405,0.6544028875474516,0.673470657788288,0.8449187877279233,-0.09603584541664067,0.8007841184890161,0.8580869998133052,-0.01849523928060237,0.9243512352977783,0.9243636816230008,0.07563631837699925,6.119240068344649,0.2316385587155393,1.2728828531177574,-0.4588189862320057,5.962058781281927,0.07016458784317758
london,link_reg,4,0,10,60,78,0.8453911257701163,7.81509176082227,0.1893468029835181,0.6363681623000809,0.5815545460202876,0.8471591262679694,-0.09611052336797565,0.7246748397535627,0.8496359449872425,-0.023461323044371096,0.8557719833219242,0.8566307797622752,0.14277179662704587,6.200380929956891,0.19998755367477755,1.2367211572345596,-0.3888658932433806,6.894686008177361,-0.05494652406417111
london,link+k10,4,0,20,60,78,0.8453911257701163,8.151611464636725,0.28258746329407625,0.6161179911631091,0.673470657788288,0.8481423859605451,-0.09109465430331687,0.8007841184890161,0.8612483664198145,-0.013367353288941453,0.9243512352977783,0.9171448129939636,0.039940257638932164,5.281120085478701,0.05831103366730972,1.2728828531177574,-0.15653813682019546,6.743292880080215,0.053671442806583425
london,link+k10,4,1,20,60,78,0.8453911257701163,8.25329454386013,-0.856491089672876,0.6026635135976103,0.673470657788288,0.8500591200448068,-0.0750388947663202,0.8007841184890161,0.859020474204991,0.004791835210654072,0.9243512352977783,0.9163482481797249,0.04237973738253786,5.358419126517571,0.05402949779077726,1.2728828531177574,-0.15167694330534598,6.988835811682231,0.07507817063532962
london,link+k10,4,2,20,60,78,0.8453911257701163,8.087662292945586,0.6086484502492885,0.6431265168958865,0.673470657788288,0.8465865953077354,-0.09499035409795253,0.8007841184890161,0.8629037276744042,-0.018383222353600126,0.9243512352977783,0.9162113386022777,0.041222229136847366,5.229264106831478,0.053842802912440035,1.2728828531177574,-0.14028689819177265,6.562253530285711,0.031646222038965055
london,link+k10,4,3,20,60,78,0.8453911257701163,8.277820148355184,0.8408665264651811,0.5986682432011948,0.673470657788288,0.8454041944116,-0.08641483601966515,0.8007841184890161,0.8592071690833282,-0.009359636567303431,0.9243512352977783,0.9152405252349244,0.03955442155703537,5.578750653353421,0.0550998817599104,1.2728828531177574,-0.07125551126792806,7.548584531456308,-0.004776139916847111
london,link+k10,4,4,20,60,78,0.8453911257701163,8.083184135625736,-0.16691685485780453,0.6406372518513909,0.673470657788288,0.8470844483166345,-0.08222042441969002,0.8007841184890161,0.8599912875723442,-0.004169518949530104,0.9243512352977783,0.9165473893832846,0.042305059431202996,5.281007272743905,0.04977285456468983,1.2728828531177574,-0.14188672825490256,6.561564322503826,0.04655877400955233
london,link+k10,4,5,20,60,78,0.8453911257701163,8.15658406870007,-0.20742564932179253,0.6294106665007156,0.673470657788288,0.8468479681374075,-0.07284834152716402,0.8007841184890161,0.8605887111830232,0.004144626299085186,0.9243512352977783,0.9163855871553924,0.04254153961043006,5.431169853805332,0.03874541041757418,1.2728828531177574,-0.10197979303272708,7.194871840665027,0.022403188674707142
london,link+k10,4,6,20,60,78,0.8453911257701163,8.215214484579889,0.8099777736037079,0.6285643163855872,0.673470657788288,0.8430144999688842,-0.09771609932167524,0.8007841184890161,0.8588088866762088,-0.017275499408799577,0.9243512352977783,0.9159250731221606,0.039342834028253226,5.395441857497246,0.04699732404007717,1.2728828531177574,-0.1336869126375706,7.181852745095215,0.04353503075284326
london,link+k10,4,7,20,60,78,0.8453911257701163,8.1834646122526,-0.47580731779223173,0.6383969133113448,0.673470657788288,0.8514531084697243,-0.07795133486838002,0.8007841184890161,0.8608998693135852,0.0026137282967204634,0.9243512352977783,0.9167465305868442,0.04213081087808823,5.311865243354601,0.04516771423237287,1.2728828531177574,-0.12569166077764904,6.73453715834663,0.04494382022471921
london,link+k10,4,8,20,60,78,0.8453911257701163,8.146121921393204,0.3339300204019937,0.6438732964092352,0.673470657788288,0.8476569792768684,-0.08936461509739246,0.8007841184890161,0.8629161739996266,-0.013541601842056106,0.9243512352977783,0.9156512539672662,0.04033854004605142,5.255733087578738,0.0475325160246437,1.2728828531177574,-0.1276660682213553,6.550993930318928,0.02621722846441954
london,link+k10,4,9,20,60,78,0.8453911257701163,8.129000169793967,-0.5836786071733008,0.6361939137469662,0.673470657788288,0.8507810069077105,-0.06931358516398034,0.8007841184890161,0.8611487958180347,0.013018856182712035,0.9243512352977783,0.9158752878212708,0.04111021220984512,5.325645545727226,0.04190677702408363,1.2728828531177574,-0.12134802862194594,6.81523144402558,0.046318248977768706
london,link+k10d,4,0,20,60,78,0.8453911257701163,8.110376932228592,-0.8058938739053101,0.6380857551807829,0.673470657788288,0.8501089053456967,-0.06742174373016363,0.8007841184890161,0.8580869998133052,0.02123343082954765,0.9243512352977783,0.9154023274628166,0.04300205364366172,5.3932938312524445,0.03493683489949595,1.2728828531177574,-0.09586860086107718,6.8272186741604886,0.03343297941792933
london,link+k25,4,0,20,60,78,0.8453911257701163,8.121135166354918,-0.212051449626637,0.6425042006347625,0.673470657788288,0.8524612608127451,-0.07771485468915296,0.8007841184890161,0.8635011512850831,-0.00021158752878214226,0.9243512352977783,0.9179538241334246,0.04062480552616843,5.275938062866726,0.04193166967452855,1.2728828531177574,-0.10797573920626768,6.864271785985593,0.0238463388654091
london,link+k25,4,1,20,60,78,0.8453911257701163,8.022039122850257,-0.2636432474927141,0.6616466488269338,0.673470657788288,0.8529591138216441,-0.07833717095027692,0.8007841184890161,0.8645217499533263,-0.00402016304686037,0.9243512352977783,0.9176426660028627,0.042031240276308446,5.084974817831439,0.04562822826560453,1.2728828531177574,-0.12485459202965288,6.314144218907197,0.03161186132013882
london,link+k25,4,2,20,60,78,0.8453911257701163,8.05354886255813,-0.3932407435934427,0.6353351173066152,0.673470657788288,0.8516398033480614,-0.07345821146306553,0.8007841184890161,0.8621818408115004,0.003148920281286993,0.9243512352977783,0.9172194909452984,0.04190677702408363,5.167226251934493,0.04130935341340469,1.2728828531177574,-0.1114298017749158,6.84306244609072,0.02254063155001207
london,link+k25,4,3,20,60,78,0.8453911257701163,8.079510522661003,-0.2178013224733052,0.6433132117742236,0.673470657788288,0.8519260688281785,-0.08198394424046296,0.8007841184890161,0.8636256145373079,0.0009334743916858956,0.9243512352977783,0.9175057564254154,0.04119733648640245,5.157080696571838,0.046113634949281224,1.2728828531177574,-0.12424282114784213,6.4883119331921755,0.03968663024430463
london,link+k25,4,4,20,60,78,0.8453911257701163,8.055032815363148,0.44304102783407345,0.6428402514157695,0.673470657788288,0.8489016117991163,-0.09319808326591572,0.8007841184890161,0.8617586657539361,-0.018756612110274462,0.9243512352977783,0.9169332254651814,0.040973302632397846,5.148830981869571,0.05187628352728857,1.2728828531177574,-0.1367695035715486,7.015327416376217,0.0220595814864446
london,link+k25,4,5,20,60,78,0.8453911257701163,8.040619953162425,0.10625664259690913,0.6359947725434065,0.673470657788288,0.8508183458833779,-0.08261870682680938,0.8007841184890161,0.8634513659841931,-0.006185823635571519,0.9243512352977783,0.9185014624432136,0.04050034227394361,5.248324443062949,0.04620075922583855,1.2728828531177574,-0.1122499659971743,7.043773269732988,0.021612892141703588
london,link+k25,4,6,20,60,78,0.8453911257701163,8.097692829446732,0.09293787632799595,0.6536685543593254,0.673470657788288,0.8496981766133549,-0.08545646897753434,0.8007841184890161,0.8627792644221793,-0.006260501586906497,0.9243512352977783,0.9171448129939636,0.04130935341340469,5.258617900341884,0.051191735640052194,1.2728828531177574,-0.13976166934906264,6.508500292523859,0.04013331958904587
london,link+k25,4,7,20,60,78,0.8453911257701163,8.055514130056492,-0.5520070176037226,0.6587715477005414,0.673470657788288,0.8549131868815733,-0.07175306490758604,0.8007841184890161,0.8645217499533263,0.005588400024892692,0.9243512352977783,0.9181903043126517,0.04165785051963411,5.0861727354711475,0.03994025763893205,1.2728828531177574,-0.1133229830118232,6.399945256697572,0.03140569700718143
london,link+k25,4,8,20,60,78,0.8453911257701163,8.058074780286283,0.6301206256558026,0.6415458335926317,0.673470657788288,0.8467359512104051,-0.08911568859294294,0.8007841184890161,0.8621942871367229,-0.014163918103179962,0.9243512352977783,0.9164602651067273,0.040450556973053775,5.2119423930109425,0.04139647768996202,1.2728828531177574,-0.11411765756593284,6.899968794602551,0.024808438992543813
london,link+k25,4,9,20,60,78,0.8453911257701163,8.03296588585102,-0.113173701421621,0.6470471093409671,0.673470657788288,0.8482792955379924,-0.08222042441969002,0.8007841184890161,0.862356089364615,-0.006061360383346814,0.9243512352977783,0.9171323666687411,0.0411475511855125,5.1951581430637095,0.04534196278548752,1.2728828531177574,-0.12946459164112145,6.744665069143519,0.047589595574339505
london,link+k25d,4,0,20,60,78,0.8453911257701163,8.028020219833449,-0.5131455877665803,0.6494492501089053,0.673470657788288,0.8486277926442218,-0.07338353351173066,0.8007841184890161,0.8606136038334682,0.007878523865828657,0.9243512352977783,0.9152280789097019,0.04277801978965712,5.34549207382711,0.04003982824071195,1.2728828531177574,-0.10688246413543312,6.623878258028183,0.02807270728103628
london,link+k50,4,0,20,60,78,0.8453911257701163,8.017008846085206,0.24927684202469003,0.6598170390192296,0.673470657788288,0.8535316447818782,-0.08550625427842429,0.8007841184890161,0.8671105855996017,-0.013578940817723595,0.9243512352977783,0.9199452361690211,0.04186943804841625,5.027958403912506,0.04990976414213699,1.2728828531177574,-0.13370698030187667,6.1296315880561485,0.041164141153833045
london,link+k50,4,1,20,60,78,0.8453911257701163,8.001225271088868,-0.10754818222653927,0.664982263986558,0.673470657788288,0.8547887236293484,-0.07807579812060483,0.8007841184890161,0.8673968510797188,-0.0027630841993900868,0.9243512352977783,0.9190988860538926,0.04186943804841625,4.9964288051571595,0.04429647146679938,1.2728828531177574,-0.12282024410778725,6.533132287019157,0.02731677146685918
london,link+k50,4,2,20,60,78,0.8453911257701163,8.013469189626013,-0.3153237256411026,0.6642977160993216,0.673470657788288,0.8560458024768187,-0.07711743107847402,0.8007841184890161,0.8677577945111705,-0.0038708071441906355,0.9243512352977783,0.9194224905096771,0.040201630468604144,5.0093186176117035,0.04386085008401264,1.2728828531177574,-0.11924787709393914,6.412664342945053,0.0346699652956739
london,link+k50,4,3,20,60,78,0.8453911257701163,7.996606547546875,-0.010180436764471387,0.6681062916174,0.673470657788288,0.8548758479059058,-0.08222042441969002,0.8007841184890161,0.8672101562013815,-0.007729167963158812,0.9243512352977783,0.9204430891779202,0.03977845541103997,4.989753945753655,0.04656170265729043,1.2728828531177574,-0.12819187446483693,6.122080412202598,0.04377555578462711
london,link+k50,4,4,20,60,78,0.8453911257701163,8.043528727865011,-0.15825268740229043,0.6611114568423673,0.673470657788288,0.8590578131806584,-0.07101873171945983,0.8007841184890161,0.869226460887423,0.0053892588213330095,0.9243512352977783,0.9207293546580372,0.04115999751073496,5.003525502628662,0.03807330885556037,1.2728828531177574,-0.10452261063488777,6.5444662849678075,0.01852042744734228
london,link+k50,4,5,20,60,78,0.8453911257701163,8.012794810102971,-0.15649875681478015,0.6582239093907524,0.673470657788288,0.8566432260874977,-0.07808824444582729,0.8007841184890161,0.868342771796627,-0.005078100690771081,0.9243512352977783,0.9196963096645715,0.04057502022527848,5.022371442732353,0.04466986122347372,1.2728828531177574,-0.11534737154037011,6.350638505192817,0.02896608597051853
london,link+k50,4,6,20,60,78,0.8453911257701163,8.026679109270324,-0.2189235872861257,0.6556475200696994,0.673470657788288,0.8565934407866077,-0.07308482170639119,0.8007841184890161,0.866388698736698,0.002601281971497893,0.9243512352977783,0.9189246375007779,0.04109776588462255,5.027004665469119,0.03875785674279675,1.2728828531177574,-0.10800729649734864,6.83640816830519,0.023743256708930405
london,link+k50,4,7,20,60,78,0.8453911257701163,8.006212199973996,0.037490687731914746,0.6707449125645654,0.673470657788288,0.8548136162797934,-0.08477192109029807,0.8007841184890161,0.8673346194536063,-0.012135167091916088,0.9243512352977783,0.9186632646711058,0.040935963656730356,4.966508162067646,0.04829174186321483,1.2728828531177574,-0.13167454408780466,6.251176587676587,0.0364567226746384
london,link+k50,4,8,20,60,78,0.8453911257701163,8.03937921373422,0.12081191791326046,0.6486526852946668,0.673470657788288,0.8579376439106354,-0.07771485468915296,0.8007841184890161,0.8681560769182899,-0.0034974173875162995,0.9243512352977783,0.920281286950028,0.039666438484037614,5.043753704459195,0.039853133362374726,1.2728828531177574,-0.10616617042409571,6.6042089259562236,0.019345084699171844
london,link+k50,4,9,20,60,78,0.8453911257701163,8.00280142389574,0.027387248538823294,0.6558093222975916,0.673470657788288,0.8546020287510112,-0.08005476383097887,0.8007841184890161,0.8679942746903977,-0.0055261683987802845,0.9243512352977783,0.9199576824942436,0.04006472089115687,5.02245707936784,0.04221793515464556,1.2728828531177574,-0.11322163013967224,6.588900774560984,0.028003985843383816
london,link+k50d,4,0,20,60,78,0.8453911257701163,8.02475770388741,-0.3433339504845524,0.6522496732839629,0.673470657788288,0.8474702843985313,-0.07633331258945797,0.8007841184890161,0.8600410728732342,0.004418445453979736,0.9243512352977783,0.9150911693322547,0.04254153961043006,5.333691477409315,0.04025141576949398,1.2728828531177574,-0.10945993811614185,6.560723057070682,0.03150877916366013
munich,link,0,0,20,68,73,0.8357044353335819,8.553088869638874,0.4159671987305168,0.6869797490371474,0.6616598335196919,0.8478320288234563,-0.07471735619331599,0.8010436079016027,0.8478071810162753,0.021592744440303124,0.9149583799229718,0.908286743694869,0.051708286743694876,5.740300093045579,0.049260777736364836,1.4879449874737443,-0.11708995162181313,7.134205103282902,-0.06295552580693142
munich,link,0,0,10,68,73,0.8357044353335819,8.417086886137554,0.2639066861147103,0.6584917381041123,0.5732637594732265,0.8432351844949684,-0.08202261150453471,0.7322276059137781,0.8302646291464778,0.007901602683563214,0.8532488507889179,0.8660951671015032,0.07359920487017024,6.589293974798913,0.06705180767797247,1.4244412940155133,-0.12735634644278115,7.781547393924212,-0.09998931357532148
munich,link_reg,0,0,20,68,73,0.8357044353335819,8.553088869638874,0.4159671987305168,0.683153186731271,0.6616598335196919,0.8478320288234563,-0.07471735619331599,0.8010436079016027,0.8477202136911418,0.024189340290719397,0.9149583799229718,0.9149335321157908,0.08499192446266612,6.247147137987834,0.21008820971549258,1.4879449874737443,-0.43069045240435067,7.216115685326452,-0.06607913134017551
munich,link_reg,0,0,10,68,73,0.8357044353335819,8.417086886137554,0.2639066861147103,0.6365759721704559,0.5732637594732265,0.8432351844949684,-0.08202261150453471,0.7322276059137781,0.8301403901105727,0.01013790532985459,0.8532488507889179,0.8533358181140515,0.1465647906572245,6.563063975152907,0.1812026338675612,1.4244412940155133,-0.4021189343032914,7.819717128933444,-0.10333772664125673
munich,link+k10,0,0,20,68,73,0.8357044353335819,8.69685446852012,-0.7200898821794098,0.6608398558827183,0.6616598335196919,0.8528140141632501,-0.05646664181885952,0.8010436079016027,0.8475338551372842,0.03848925332339426,0.9149583799229718,0.9089576344887563,0.05148465647906575,5.830845044823794,0.051820101876009494,1.4879449874737443,-0.136359776988066,7.434425275892205,-0.007585899152164233
munich,link+k10,0,1,20,68,73,0.8357044353335819,8.646997252477597,0.017620047684819232,0.6720213691141756,0.6616598335196919,0.8523419058268108,-0.059398683066219427,0.8010436079016027,0.8470741707044354,0.042303391725680206,0.9149583799229718,0.9090446018138899,0.05157162380419933,5.8828391736017345,0.048117778606038025,1.4879449874737443,-0.07778216042636821,7.217108391190799,-0.06172839506172845
munich,link+k10,0,2,20,68,73,0.8357044353335819,8.650815106799017,-0.7263956692434576,0.6680457199652131,0.6616598335196919,0.8545036650515592,-0.04439060752888557,0.8010436079016027,0.8462293452602808,0.05820598832153068,0.9149583799229718,0.9090197540067089,0.05226736240526775,5.913101406363358,0.04902472356814511,1.4879449874737443,-0.07222468730489107,7.289785709524724,-0.05685705786107398
munich,link+k10,0,3,20,68,73,0.8357044353335819,9.103772487026971,1.35501317372217,0.6597341284631631,0.6616598335196919,0.8427258044477575,-0.07815877748788669,0.8010436079016027,0.8446390856006958,0.018151323145732423,0.9149583799229718,0.9091812647533856,0.050689526649273176,6.0910758279397985,0.04440303143247609,1.4879449874737443,-0.06299539658821729,7.67255831161923,-0.07388814517328579
munich,link+k10,0,4,20,68,73,0.8357044353335819,8.658548671704269,0.5846898488443312,0.6799478196049199,0.6616598335196919,0.8512982979252081,-0.07164865200646042,0.8010436079016027,0.8474096161013791,0.022735743570629907,0.9149583799229718,0.9091315691390235,0.05126102621443662,5.816965200049178,0.047720213691141766,1.4879449874737443,-0.1156761808349136,6.92033917960029,-0.0363305072140413
munich,link+k10,0,5,20,68,73,0.8357044353335819,8.724885773713472,-0.06504365264589479,0.6677102745682694,0.6616598335196919,0.8517579823580569,-0.06040501925705066,0.8010436079016027,0.8440178904211704,0.04073797987327621,0.9149583799229718,0.9096285252826438,0.050888309106721374,5.956504776278484,0.052341905826810795,1.4879449874737443,-0.10945318661258407,7.183153604921531,-0.025323516287371728
munich,link+k10,0,6,20,68,73,0.8357044353335819,8.661506376635897,-0.3145276454513734,0.6690893278668157,0.6616598335196919,0.8514349608647037,-0.05896384644055164,0.8010436079016027,0.8450739222263636,0.03826562305876513,0.9149583799229718,0.9095042862467387,0.051534352093427716,5.930235249872585,0.0477947571126848,1.4879449874737443,-0.11328779525067523,7.454096691385784,-0.04187118845753379
munich,link+k10,0,7,20,68,73,0.8357044353335819,8.722629532693333,0.3207416545636274,0.6712635109951547,0.6616598335196919,0.8481302025096286,-0.07354950925580817,0.8010436079016027,0.8463163125854143,0.026363523419058232,0.9149583799229718,0.9094421667287862,0.05008075537333834,5.887765798016936,0.05242887315194435,1.4879449874737443,-0.10280213059050491,7.421256314171507,-0.04547820913282763
munich,link+k10,0,8,20,68,73,0.8357044353335819,8.663021556482303,0.2440023396548906,0.6587650639831035,0.6616598335196919,0.8465896384644055,-0.07372344390607533,0.8010436079016027,0.8444278792396571,0.0208224624176917,0.9149583799229718,0.9086470368989936,0.051074667660579,5.783388272643194,0.051211330600074545,1.4879449874737443,-0.12460128032968498,7.292585913690605,-0.022571768555704308
munich,link+k10,0,9,20,68,73,0.8357044353335819,8.562500926394414,-0.1566810526237256,0.6701205118648279,0.6616598335196919,0.8507019505528637,-0.0625046589638465,0.8010436079016027,0.8470493228972543,0.03512237545036656,0.9149583799229718,0.9089079388743944,0.05148465647906575,5.770689924971603,0.047397192197788596,1.4879449874737443,-0.11098468738059553,7.3223540021873434,-0.05711735832217757
munich,link+k10d,0,0,20,68,73,0.8357044353335819,8.614767756713162,-0.7605188500038514,0.675673996769785,0.6616598335196919,0.8528015902596596,-0.04932289725431738,0.8010436079016027,0.8453969437197167,0.051857373586781,0.9149583799229718,0.9082991675984594,0.05206857994781955,5.855784841327866,0.04220400049695616,1.4879449874737443,-0.10049003332657791,7.1323059145543155,-0.03811542466160944
munich,link+k25,0,0,20,68,73,0.8357044353335819,8.603569141265735,-0.15412777858306487,0.6668530252205243,0.6616598335196919,0.8538451981612623,-0.05990806311343033,0.8010436079016027,0.8502919617343769,0.03998012175425525,0.9149583799229718,0.9109206112560566,0.05029196173437689,5.70143159491175,0.04119766430612498,1.4879449874737443,-0.09000235644651444,7.213819766680313,-0.02878179384203483
munich,link+k25,0,1,20,68,73,0.8357044353335819,8.5625655562841,-0.695509562651575,0.687799726674121,0.6616598335196919,0.8554230339172568,-0.052814014163250156,0.8010436079016027,0.8496831904584421,0.0466517579823581,0.9149583799229718,0.910734252702199,0.05052801590259659,5.633801215980252,0.042564293701080946,1.4879449874737443,-0.10267616278913949,6.86102164550651,-0.03792949576082105
munich,link+k25,0,2,20,68,73,0.8357044353335819,8.619835868373691,0.028756914400226173,0.6754130947943844,0.6616598335196919,0.8512982979252081,-0.06297676730028579,0.8010436079016027,0.8475835507516462,0.034289973909802485,0.9149583799229718,0.9106472853770655,0.049546527518946504,5.699892896660809,0.03525903838986208,1.4879449874737443,-0.06844609960284531,7.217115039861115,-0.04347017700431355
munich,link+k25,0,3,20,68,73,0.8357044353335819,8.575443278564128,-0.11913051084707124,0.6767921480929308,0.6616598335196919,0.8505404398061871,-0.06803329606162256,0.8010436079016027,0.8485650391352964,0.02836377189713013,0.9149583799229718,0.9100757858119021,0.05049074419182509,5.613732733059189,0.04964591874767055,1.4879449874737443,-0.12416097120110137,6.970297539454249,-0.03108731221181016
munich,link+k25,0,4,20,68,73,0.8357044353335819,8.6418231619654,0.4836826218745672,0.6820971549260778,0.6616598335196919,0.8485526152317058,-0.0826189588768792,0.8010436079016027,0.8491613865076407,0.010771524412970579,0.9149583799229718,0.9112933283637719,0.04810535470244748,5.598110413122097,0.06028078022114558,1.4879449874737443,-0.14406355147483185,6.7455901424850175,-0.024319500223114687
munich,link+k25,0,5,20,68,73,0.8357044353335819,8.616894690018867,0.10556501015424329,0.6824822959373835,0.6616598335196919,0.8524164492483538,-0.06752391601441177,0.8010436079016027,0.8491986582184122,0.024425394458938987,0.9149583799229718,0.9113802956889054,0.05008075537333834,5.807874751811783,0.05066467884209225,1.4879449874737443,-0.12256934557698229,7.367688048809521,-0.04384203480589022
munich,link+k25,0,6,20,68,73,0.8357044353335819,8.538532340672958,-0.31860598709199667,0.6761585290098149,0.6616598335196919,0.8540191328115294,-0.06269101751770412,0.8010436079016027,0.849534103615356,0.032811529382531957,0.9149583799229718,0.9100757858119021,0.05108709156416946,5.644471253954376,0.04718598583674993,1.4879449874737443,-0.11533904111054949,7.015812771224416,-0.03428528930536967
munich,link+k25,0,7,20,68,73,0.8357044353335819,8.585332778431404,0.4167750011921966,0.6856876630637346,0.6616598335196919,0.8525406882842589,-0.07311467263014049,0.8010436079016027,0.8516834389365139,0.016523791775375885,0.9149583799229718,0.9111690893278668,0.050341657348738966,5.741091928875131,0.05589514225369607,1.4879449874737443,-0.13638512273288694,7.153403154301397,-0.048453071545440984
munich,link+k25,0,8,20,68,73,0.8357044353335819,8.566717081577169,0.1276454422183945,0.6678469375077649,0.6616598335196919,0.8508386134923593,-0.07051807677972421,0.8010436079016027,0.8494719840974034,0.024276307615852866,0.9149583799229718,0.9110448502919617,0.051062243756988424,5.63395926014541,0.052727046838116576,1.4879449874737443,-0.13034191223304048,7.082954317600949,-0.020861222668451584
munich,link+k25,0,9,20,68,73,0.8357044353335819,8.585881194709614,-0.7450025632234617,0.686110075785812,0.6616598335196919,0.8562305876506399,-0.04890048453224005,0.8010436079016027,0.8493477450614983,0.04972046216921355,0.9149583799229718,0.9104733507267984,0.05059013542054913,5.774964959690096,0.046676605789539055,1.4879449874737443,-0.0963872367655565,7.064240200173934,-0.05455153949129854
munich,link+k25d,0,0,20,68,73,0.8357044353335819,8.611464420054249,-1.0470369937766988,0.6811032426388371,0.6616598335196919,0.853397937632004,-0.044080009939122866,0.8010436079016027,0.8444278792396571,0.05888930301900863,0.9149583799229718,0.9083240154056405,0.05209342775500059,5.82071376331916,0.03884954652751893,1.4879449874737443,-0.08935091792826166,6.982174302715196,-0.04421389260746689
munich,link+k50,0,0,20,68,73,0.8357044353335819,8.535393299553217,0.14305947029878402,0.7005714995651634,0.6616598335196919,0.8554603056280283,-0.0683314697477948,0.8010436079016027,0.8523791775375823,0.024599329109206147,0.9149583799229718,0.9123369362653746,0.04909926698968814,5.487612229510045,0.044080009939122866,1.4879449874737443,-0.10130305399804129,6.812926067987906,-0.05116763349695075
munich,link+k50,0,1,20,68,73,0.8357044353335819,8.604160993163998,-0.48344499815961467,0.677897875512486,0.6616598335196919,0.8580072058640825,-0.05661572866194564,0.8010436079016027,0.8536961113181761,0.04067586035532367,0.9149583799229718,0.9131072182879861,0.04895018014660202,5.600649641751839,0.045396943719716754,1.4879449874737443,-0.09193375531534742,6.894498755984825,-0.03439684664584264
munich,link+k50,0,2,20,68,73,0.8357044353335819,8.525591550075482,-0.1592068447696539,0.7003851410113058,0.6616598335196919,0.8585911293328363,-0.06157286619455837,0.8010436079016027,0.8537582308361287,0.03176792148092933,0.9149583799229718,0.912324512361784,0.04938501677226981,5.486230487810745,0.04471362902223874,1.4879449874737443,-0.11071002010208164,6.599129201340249,-0.050461103673955066
munich,link+k50,0,3,20,68,73,0.8357044353335819,8.575819975937621,-0.06772564104206799,0.6897502795378307,0.6616598335196919,0.8576841843707292,-0.058752640079512974,0.8010436079016027,0.8537830786433097,0.037756243011554225,0.9149583799229718,0.9134178158777488,0.04936016896508888,5.639339140396991,0.038663187973661334,1.4879449874737443,-0.07519344181908116,6.780869986462027,-0.038003867321136364
munich,link+k50,0,4,20,68,73,0.8357044353335819,8.53028452017837,-0.06855233586358671,0.6960988942725804,0.6616598335196919,0.8567648155050317,-0.06354826686544912,0.8010436079016027,0.8537582308361287,0.031196421915765993,0.9149583799229718,0.9121257299043359,0.049608647036899045,5.511809612592353,0.04298670642315816,1.4879449874737443,-0.10070057773343999,6.724074642138096,-0.05507214041350583
munich,link+k50,0,5,20,68,73,0.8357044353335819,8.527899966822178,0.36407616915753205,0.7016026835631756,0.6616598335196919,0.8559324139644676,-0.07141259783824083,0.8010436079016027,0.8544912411479687,0.020897005839234706,0.9149583799229718,0.9131196421915766,0.048589886942477345,5.493735746202002,0.041135544788172385,1.4879449874737443,-0.09389339032293087,6.75904392313503,-0.057898259705488675
munich,link+k50,0,6,20,68,73,0.8357044353335819,8.531809697340076,-0.19522833903010672,0.6869424773263759,0.6616598335196919,0.8587899117902845,-0.057497825816871684,0.8010436079016027,0.8545285128587402,0.037234439060752855,0.9149583799229718,0.9134799353957014,0.050888309106721374,5.536130142382704,0.04808050689526648,1.4879449874737443,-0.09880238064122948,6.876938724232392,-0.05280380782388816
munich,link+k50,0,7,20,68,73,0.8357044353335819,8.531245750577252,0.1362017012477452,0.700024847807181,0.6616598335196919,0.856429370108088,-0.06487762454963353,0.8010436079016027,0.8539321654863958,0.027891663560690727,0.9149583799229718,0.9126848055659088,0.048850788917877974,5.504568619612942,0.041682196546154904,1.4879449874737443,-0.09272540356359804,6.729101168804508,-0.051576677078685074
munich,link+k50,0,8,20,68,73,0.8357044353335819,8.550219798436212,0.6453338211294629,0.7002360541682197,0.6616598335196919,0.8551745558454467,-0.07395949807429503,0.8010436079016027,0.8540315567151199,0.014697477947571147,0.9149583799229718,0.9129084358305379,0.049546527518946504,5.4419364649644955,0.04718598583674993,1.4879449874737443,-0.11087501623052654,6.626713155503432,-0.05317566562546483
munich,link+k50,0,9,20,68,73,0.8357044353335819,8.557808034063292,0.6792748420561883,0.6982606534973289,0.6616598335196919,0.8535470244750901,-0.07784817989812398,0.8010436079016027,0.8529879488135172,0.01228724065101261,0.9149583799229718,0.9131817617095291,0.048652006460429886,5.513256271418843,0.047807181016275346,1.4879449874737443,-0.11154538408006665,6.7667639531582315,-0.0493083444890674
munich,link+k50d,0,0,20,68,73,0.8357044353335819,8.580763305343533,-0.7396720798856372,0.6832650018635855,0.6616598335196919,0.8529506771027456,-0.04895018014660213,0.8010436079016027,0.8444278792396571,0.05314945956019379,0.9149583799229718,0.9083240154056405,0.05209342775500059,5.804588117429482,0.040141632500931834,1.4879449874737443,-0.08938151722794196,6.937456985291876,-0.045701323813773564
munich,link,1,0,20,64,76,0.8362647533855138,8.561138267409719,0.442589669911961,0.6880233569387502,0.6616598335196919,0.848117778606038,-0.07373586780966579,0.8010436079016027,0.8477326375947323,0.022064852776742416,0.9149583799229718,0.9086470368989936,0.052814014163250045,5.735611212028895,0.05029196173437689,1.4879449874737443,-0.1164884321132531,7.180590066645487,-0.06581883087907181
munich,link,1,0,10,64,76,0.8362647533855138,8.410829420305227,0.3001106449210072,0.6602559324139645,0.5732637594732265,0.8435085103739595,-0.08470617468008451,0.7322276059137781,0.8291961734376941,0.0027829544042737853,0.8532488507889179,0.8666293949558952,0.07475462790408749,6.584938254991603,0.06670393837743815,1.4244412940155133,-0.13027128286505696,7.795086183820642,-0.1005948776404374
munich,link_reg,1,0,20,64,76,0.8362647533855138,8.561138267409719,0.442589669911961,0.687799726674121,0.6616598335196919,0.8481302025096286,-0.07372344390607533,0.8010436079016027,0.8477077897875512,0.02437569884457702,0.9149583799229718,0.9149211082122003,0.08495465275189462,6.214534428920018,0.20769039632252453,1.4879449874737443,-0.4259856377654099,7.426455510217497,-0.09080767514502452
munich,link_reg,1,0,10,64,76,0.8362647533855138,8.410829420305227,0.3001106449210072,0.6413094794384395,0.5732637594732265,0.84352093427755,-0.08469375077649399,0.7322276059137781,0.8288483041371599,0.00457199652130702,0.8532488507889179,0.8532736985960989,0.14655236675363403,6.582816372327833,0.1825692632625171,1.4244412940155133,-0.40412849053411004,8.235993912771583,-0.13244042318241722
munich,link+k10,1,0,20,64,76,0.8362647533855138,8.694895946544538,-0.8264274547689219,0.6660703192943223,0.6616598335196919,0.8521306994657721,-0.0536961113181762,0.8010436079016027,0.8473723443906075,0.04207976146105108,0.9149583799229718,0.9093924711144241,0.05251584047707791,5.816045408823702,0.05378307864330967,1.4879449874737443,-0.13512032784659533,7.250398778566991,-0.013238137736129696
munich,link+k10,1,1,20,64,76,0.8362647533855138,8.666365011096222,-0.028242784216736067,0.6728289228475587,0.6616598335196919,0.8508883091067213,-0.05826810783948322,0.8010436079016027,0.8472729531618834,0.048266865449124174,0.9149583799229718,0.9093924711144241,0.05261523170580196,5.888746025634813,0.04844080009939124,1.4879449874737443,-0.07652243861742325,7.163325203885737,-0.05142793395805445
munich,link+k10,1,2,20,64,76,0.8362647533855138,8.654294858433124,-0.7531468804776414,0.6647906572244999,0.6616598335196919,0.8532488507889179,-0.042067337557460616,0.8010436079016027,0.8466144862715865,0.06127469250838613,0.9149583799229718,0.9093551994036526,0.05319915517455587,5.954293363398135,0.051136787178531484,1.4879449874737443,-0.0669987307533686,7.370200298699748,-0.05131637661758148
munich,link+k10,1,3,20,64,76,0.8362647533855138,9.118290032112627,1.4146308576496738,0.6589762703441421,0.6616598335196919,0.8424027829544043,-0.07579823580569023,0.8010436079016027,0.8436824450242266,0.02097154926077771,0.9149583799229718,0.9097030687041868,0.05183252577959996,6.129966114378329,0.04616722574232825,1.4879449874737443,-0.055029116212002016,7.71999307772216,-0.07262382864792505
munich,link+k10,1,4,20,64,76,0.8362647533855138,8.650569686857986,0.46644935336313537,0.6807677972418934,0.6616598335196919,0.85109951546776,-0.06757361162877384,0.8010436079016027,0.8477574854019133,0.029370108087961255,0.9149583799229718,0.9094794384395577,0.05225493850167717,5.819978830242625,0.048850788917878085,1.4879449874737443,-0.11228613503296447,7.008431796584571,-0.04123903019485353
munich,link+k10,1,5,20,64,76,0.8362647533855138,8.71072633379831,-0.02211338174274426,0.6704559572617717,0.6616598335196919,0.8521679711765436,-0.05947322648776254,0.8010436079016027,0.8438936513852653,0.04478817244378186,0.9149583799229718,0.9100012423903591,0.05195676481550504,5.94825009033197,0.056193315939868316,1.4879449874737443,-0.10220760529689699,7.17599782673962,-0.03272348653874757
munich,link+k10,1,6,20,64,76,0.8362647533855138,8.641259947056007,-0.25042083509901175,0.6714374456454217,0.6616598335196919,0.8516461672257424,-0.05900111815132314,0.8010436079016027,0.845744813020251,0.037992297179773926,0.9149583799229718,0.9098024599329109,0.05262765560939242,5.943421953586319,0.05420549136538699,1.4879449874737443,-0.11041591376585802,7.5226846151963525,-0.04737468392086863
munich,link+k10,1,7,20,64,76,0.8362647533855138,8.730160099203495,0.3203335125225721,0.6721580320536713,0.6616598335196919,0.8484780718101628,-0.0711889675736117,0.8010436079016027,0.8452354329730402,0.027071685923717226,0.9149583799229718,0.9095912535718723,0.051149211082122004,5.880413253843959,0.05811902099639707,1.4879449874737443,-0.10290704717465915,7.4251522002308565,-0.049457087609698025
munich,link+k10,1,8,20,64,76,0.8362647533855138,8.670447207997992,0.23114597375001647,0.658752640079513,0.6616598335196919,0.8467263014039011,-0.07157410858491742,0.8010436079016027,0.8445272704683812,0.023779351472232535,0.9149583799229718,0.9089452105851659,0.05209342775500059,5.767749928630959,0.05119890669648397,1.4879449874737443,-0.11871689073870417,7.275782395430966,-0.03201695671575189
munich,link+k10,1,9,20,64,76,0.8362647533855138,8.56893972239203,-0.008685062370469399,0.6704435333581812,0.6616598335196919,0.8505652876133681,-0.06405764691266003,0.8010436079016027,0.8469996272828922,0.03390483289849677,0.9149583799229718,0.9094173189216052,0.05256553609143988,5.766385516245897,0.048328984967076605,1.4879449874737443,-0.10861025375651256,7.461514540632992,-0.05849323218801128
munich,link+k10d,1,0,20,64,76,0.8362647533855138,8.627507666853344,-0.7282212426311122,0.6752018884333457,0.6616598335196919,0.8518946452975525,-0.04752143123369368,0.8010436079016027,0.845036650515592,0.05726177164865198,0.9149583799229718,0.9086718847061747,0.05308734004224125,5.848696329634473,0.042527021990309444,1.4879449874737443,-0.09586757307328986,7.0690791527382535,-0.05023798899300902
munich,link+k25,1,0,20,64,76,0.8362647533855138,8.607516758925634,-0.08328570467866223,0.6664927320163996,0.6616598335196919,0.8531494595601938,-0.05906323766927568,0.8010436079016027,0.8495216797117654,0.041744316064107334,0.9149583799229718,0.9111442415206858,0.05131072182879859,5.7155694921550655,0.04354578208473103,1.4879449874737443,-0.09029476732331587,7.2059251405552,-0.028893351182507798
munich,link+k25,1,1,20,64,76,0.8362647533855138,8.567099110133436,-0.6531039036537746,0.6906323766927569,0.6616598335196919,0.8552118275562182,-0.05203130823704816,0.8010436079016027,0.8500434836625668,0.04813020250962852,0.9149583799229718,0.9111815132314574,0.05157162380419933,5.632647477847206,0.04612995403155673,1.4879449874737443,-0.1046491414477666,6.907087752914837,-0.042503346720214163
munich,link+k25,1,2,20,64,76,0.8362647533855138,8.62281029827109,0.008180515607473656,0.6780593862591626,0.6616598335196919,0.8509628525282644,-0.0612498447012052,0.8010436079016027,0.848043235184495,0.037582308361287176,0.9149583799229718,0.9108584917381041,0.050627407131320634,5.707570336065729,0.036973537085352226,1.4879449874737443,-0.06416888259423792,7.078596832207192,-0.04317269076305219
munich,link+k25,1,3,20,64,76,0.8362647533855138,8.584028405442691,-0.07924895580559885,0.6778233320909429,0.6616598335196919,0.8509877003354454,-0.06644303640203753,0.8010436079016027,0.8475835507516462,0.028401043607901633,0.9149583799229718,0.9103242638837122,0.051559199900608754,5.609067496273784,0.05235432973040133,1.4879449874737443,-0.12899279922008833,6.946871537808692,-0.027814963557935446
munich,link+k25,1,4,20,64,76,0.8362647533855138,8.663794456364693,0.5177092760066248,0.6847807181016276,0.6616598335196919,0.8489998757609641,-0.08150080755373346,0.8010436079016027,0.8493477450614983,0.01118151323145733,0.9149583799229718,0.9117530127966207,0.049285625543545764,5.609844520302174,0.06144862715865329,1.4879449874737443,-0.1433037091820164,6.8040595815283735,-0.033876245723635234
munich,link+k25,1,5,20,64,76,0.8362647533855138,8.62286858889756,0.0594560735447912,0.6833768169959001,0.6616598335196919,0.852615231705802,-0.06528761336812028,0.8010436079016027,0.8493228972543173,0.02760591377810906,0.9149583799229718,0.9117778606038017,0.05104981985339796,5.798891394787571,0.051621319418561296,1.4879449874737443,-0.12161231973976827,7.282521774040731,-0.04402796370667861
munich,link+k25,1,6,20,64,76,0.8362647533855138,8.544659318661939,-0.21092515435410228,0.6728661945583302,0.6616598335196919,0.8535346005714995,-0.0646167225742329,0.8010436079016027,0.8495962231333085,0.03247608398558832,0.9149583799229718,0.9104485029196173,0.052205242887315206,5.640550097836346,0.049086843086097676,1.4879449874737443,-0.11350284873297789,7.190544885213875,-0.03484307600773462
munich,link+k25,1,7,20,64,76,0.8362647533855138,8.592321358118033,0.4701745346253367,0.6875885203130824,0.6616598335196919,0.8525531121878495,-0.0742452478568767,0.8010436079016027,0.8510870915641695,0.016474096161013807,0.9149583799229718,0.911467263014039,0.051360417443160666,5.740859311170588,0.05724934774506152,1.4879449874737443,-0.13832753637058737,7.193546235801759,-0.04867618622638703
munich,link+k25,1,8,20,64,76,0.8362647533855138,8.57583631806233,0.1590732799825531,0.6665672754379426,0.6616598335196919,0.8510746676605789,-0.06921356690272085,0.8010436079016027,0.8497825816871661,0.02615231705801968,0.9149583799229718,0.9115790781463536,0.05209342775500059,5.635617110568903,0.054068828425891446,1.4879449874737443,-0.12902161771204534,7.152316060157597,-0.02208835341365467
munich,link+k25,1,9,20,64,76,0.8362647533855138,8.592610333445679,-0.7778087485056094,0.6864330972791651,0.6616598335196919,0.8556839358926575,-0.046788420921853646,0.8010436079016027,0.8496459187476705,0.052751894645297615,0.9149583799229718,0.9108957634488757,0.05158404770778979,5.771115642735873,0.05236675363399179,1.4879449874737443,-0.098350482596965,7.087807093792117,-0.05116763349695075
munich,link+k25d,1,0,20,64,76,0.8362647533855138,8.616494974217094,-0.7661796312858784,0.6832774257671761,0.6616598335196919,0.8519691887190955,-0.048440800099391224,0.8010436079016027,0.844378183625295,0.057448130202509606,0.9149583799229718,0.9087091564169462,0.053099763945831824,5.86117672189733,0.03761958007205868,1.4879449874737443,-0.07853126333770599,7.063235473496254,-0.05879071842927264
munich,link+k50,1,0,20,64,76,0.8362647533855138,8.545146995165258,0.17842504128730227,0.7003975649148962,0.6616598335196919,0.8551621319418561,-0.06773512237545043,0.8010436079016027,0.8530252205242888,0.025965958504162057,0.9149583799229718,0.9126723816623183,0.05008075537333834,5.496347165747018,0.04596844328488012,1.4879449874737443,-0.09862582640228768,6.876810781428303,-0.05388219544846051
munich,link+k50,1,1,20,64,76,0.8362647533855138,8.606329206921714,-0.5284822007790961,0.6777239408622189,0.6616598335196919,0.8578581190209964,-0.054329730401292076,0.8010436079016027,0.8539570132935769,0.04374456454217912,0.9149583799229718,0.9134426636849298,0.04985712510870921,5.617859994282914,0.04719840974034041,1.4879449874737443,-0.09029219875149663,6.913394474693602,-0.03201695671575189
munich,link+k50,1,2,20,64,76,0.8362647533855138,8.5309434184153,-0.11511839856655011,0.7006211951795254,0.6616598335196919,0.8583178034538452,-0.06229345260280783,0.8010436079016027,0.8537333830289477,0.03276183376816999,0.9149583799229718,0.9126723816623183,0.05040377686669151,5.487154991131142,0.04651509504286244,1.4879449874737443,-0.11368074590298538,6.651339266712403,-0.05191134910010409
munich,link+k50,1,3,20,64,76,0.8362647533855138,8.578754739996244,-0.018376068181696976,0.6914399304261399,0.6616598335196919,0.8583550751646167,-0.05780842340663439,0.8010436079016027,0.8529631010063362,0.03932165486395822,0.9149583799229718,0.9137905329854641,0.050428624673872546,5.648985148655678,0.0407504037768667,1.4879449874737443,-0.0750787729971647,6.767390580964865,-0.03915662650602414
munich,link+k50,1,4,20,64,76,0.8362647533855138,8.534095229581117,-0.04103598979226837,0.6965585787054293,0.6616598335196919,0.8565411852404026,-0.06265374580693261,0.8010436079016027,0.8535470244750901,0.032749409864579415,0.9149583799229718,0.9125605665300037,0.05059013542054913,5.5157726499558315,0.04430364020375199,1.4879449874737443,-0.09691781474192207,6.8791816626145685,-0.058084188606276954
munich,link+k50,1,5,20,64,76,0.8362647533855138,8.537806195029363,0.3969707562744376,0.7027084109827307,0.6616598335196919,0.8563175549757734,-0.07105230463411605,0.8010436079016027,0.8551124363274941,0.02231333084855258,0.9149583799229718,0.9133308485526153,0.04962107094048951,5.504706496288397,0.04272580444775753,1.4879449874737443,-0.09215706093535614,6.854083974255924,-0.05998066339431807
munich,link+k50,1,6,20,64,76,0.8362647533855138,8.536883980652837,-0.2673174148467518,0.689340290719344,0.6616598335196919,0.8582805317430737,-0.0547521431233694,0.8010436079016027,0.8548142626413219,0.041918250714374494,0.9149583799229718,0.9135544788172444,0.051534352093427716,5.5374834152523755,0.04639085600695739,1.4879449874737443,-0.09835355128113732,6.9052668846225265,-0.04897367246764839
munich,link+k50,1,7,20,64,76,0.8362647533855138,8.535926749112225,0.05229233183833794,0.7020996397067959,0.6616598335196919,0.8567772394086222,-0.06144862715865329,0.8010436079016027,0.8537582308361287,0.033184246490247205,0.9149583799229718,0.9130699465772145,0.0500559075661573,5.508854344131537,0.04406758603553229,1.4879449874737443,-0.08990901639955418,6.809473283277622,-0.06087312211810203
munich,link+k50,1,8,20,64,76,0.8362647533855138,8.558036322787402,0.685556393058496,0.7019505528637098,0.6616598335196919,0.8553857622064853,-0.07439433469996282,0.8010436079016027,0.8543918499192447,0.015430488259411068,0.9149583799229718,0.9131444899987576,0.05047832028823451,5.44413737893014,0.04811777860603794,1.4879449874737443,-0.11035460147903309,6.670470722526314,-0.05481183995240224
munich,link+k50,1,9,20,64,76,0.8362647533855138,8.571541963461758,0.7653845049408453,0.697577338799851,0.6616598335196919,0.8545533606659212,-0.07766182134426636,0.8010436079016027,0.8530003727171077,0.011976643061249903,0.9149583799229718,0.9136538700459684,0.049695614362032514,5.532330314612988,0.04904957137532613,1.4879449874737443,-0.10647257223079154,6.865569601668751,-0.05131637661758148
munich,link+k50d,1,0,20,64,76,0.8362647533855138,8.60546095936738,-0.5653720585225818,0.6823580569014784,0.6616598335196919,0.8516337433221518,-0.05128587402161766,0.8010436079016027,0.8447881724437818,0.054031556715119944,0.9149583799229718,0.9087091564169462,0.053074916138650785,5.832916286493615,0.03779351472232584,1.4879449874737443,-0.07969191941071108,6.921775371027122,-0.0381526104417671
munich,link,2,0,20,44,112,0.8336737482917133,8.536664583508616,0.32546461768062046,0.6876506398310349,0.6616598335196919,0.8485774630388868,-0.07727668033296065,0.8010436079016027,0.8459560193812896,0.020014908684308663,0.9149583799229718,0.9084731022487266,0.05388246987203382,5.741898240450668,0.05570878369983856,1.4879449874737443,-0.13661374360671896,6.956234952247737,-0.043953592146363185
munich,link,2,0,10,44,112,0.8336737482917133,8.393144106685375,0.17594845280874852,0.6591005093800472,0.5732637594732265,0.8432103366877873,-0.0848304137159896,0.7322276059137781,0.8287116411976643,0.009081873524661499,0.8532488507889179,0.864865200646043,0.07654367002112061,6.62494333411903,0.06748664430364026,1.4244412940155133,-0.1296963242785838,7.622583589218954,-0.09592847219748513
munich,link_reg,2,0,20,44,112,0.8336737482917133,8.536664583508616,0.32546461768062046,0.6869797490371474,0.6616598335196919,0.8485774630388868,-0.07727668033296065,0.8010436079016027,0.8459063237669275,0.0224251459808672,0.9149583799229718,0.9149583799229718,0.0850416200770282,6.340286643132661,0.2247732637594732,1.4879449874737443,-0.4591691899171009,7.1393423335159465,-0.057080172542019914
munich,link_reg,2,0,10,44,112,0.8336737482917133,8.393144106685375,0.17594845280874852,0.6393713504783203,0.5732637594732265,0.8432103366877873,-0.0848304137159896,0.7322276059137781,0.8285377065473972,0.011293328363771948,0.8532488507889179,0.8532364268853274,0.14673872530749166,6.62373348528145,0.18952664927320162,1.4244412940155133,-0.4211698734815774,7.952017602641219,-0.1125636732803762
munich,link+k10,2,0,20,44,112,0.8336737482917133,8.70225116344526,-0.6810296281967209,0.6609019754006709,0.6616598335196919,0.8515716238041993,-0.062454963349484416,0.8010436079016027,0.8470865946080258,0.0359299291837496,0.9149583799229718,0.909193688656976,0.053335818114051414,5.82277757483627,0.05975897627034421,1.4879449874737443,-0.15748672052003254,7.2144338150556955,-0.0014502454261490216
munich,link+k10,2,1,20,44,112,0.8336737482917133,8.624927222576357,-0.17195976322175027,0.6719219778854516,0.6616598335196919,0.8523419058268108,-0.05989563920983976,0.8010436079016027,0.8445769660827432,0.044974530997639484,0.9149583799229718,0.9092558081749286,0.05344763324636603,5.8909326687085155,0.04591874767051808,1.4879449874737443,-0.09477224690727448,7.011224478115763,-0.0455897664733006
munich,link+k10,2,2,20,44,112,0.8336737482917133,8.660115871594131,-0.9834447433855744,0.664840352838862,0.6616598335196919,0.8538079264504908,-0.04359547769909311,0.8010436079016027,0.8435582059883215,0.06443036402037516,0.9149583799229718,0.909193688656976,0.05408125232948191,5.944846924032092,0.05003105975897626,1.4879449874737443,-0.08734867582534944,7.170448599846665,-0.03595864941246463
munich,link+k10,2,3,20,44,112,0.8336737482917133,9.091839764171187,1.3251834538846903,0.6598832153062493,0.6616598335196919,0.84132190334203,-0.08331469747794762,0.8010436079016027,0.8431730649770158,0.01755497577338805,0.9149583799229718,0.9094670145359672,0.05273947074170704,6.090681046748513,0.042303391725680206,1.4879449874737443,-0.08248234396680743,7.403980982556348,-0.04975457385095938
munich,link+k10,2,4,20,44,112,0.8336737482917133,8.639384724908176,0.431887790775035,0.6787302770530501,0.6616598335196919,0.8505031680954156,-0.07266741210088212,0.8010436079016027,0.8464032799105479,0.026202012672381647,0.9149583799229718,0.9094173189216052,0.05321157907814633,5.8380780964186885,0.052118275562181626,1.4879449874737443,-0.12660541514686008,6.986284675848278,-0.02978580990629187
munich,link+k10,2,5,20,44,112,0.8336737482917133,8.703088561134892,-0.050613541685389424,0.6677599701826313,0.6616598335196919,0.8512486023108461,-0.06349857125108715,0.8010436079016027,0.8429742825195676,0.0409367623307243,0.9149583799229718,0.9098148838365014,0.05268977512734496,5.944789752668799,0.05247856876630638,1.4879449874737443,-0.11800319034743056,7.1721720447181285,-0.016547672170162175
munich,link+k10,2,6,20,44,112,0.8336737482917133,8.631886021179596,-0.14125560826124836,0.6709404895018015,0.6616598335196919,0.849708038265623,-0.06869176295191959,0.8010436079016027,0.8448999875760964,0.03227730152814012,0.9149583799229718,0.9096036774754628,0.053397937632003956,5.905148496165395,0.054503665051559236,1.4879449874737443,-0.13407178207719195,7.340203661596281,-0.0291536516436115
munich,link+k10,2,7,20,44,112,0.8336737482917133,8.732158029665277,0.7861767718587789,0.670195055286371,0.6616598335196919,0.8447881724437818,-0.0878991179028451,0.8010436079016027,0.8456578456951174,0.012138153807926488,0.9149583799229718,0.9093676233072432,0.05177040626164742,5.88769904307525,0.05460305628028328,1.4879449874737443,-0.1311905202281216,7.340428189113657,-0.02978580990629187
munich,link+k10,2,8,20,44,112,0.8336737482917133,8.649773489418715,0.09688663235580547,0.6593738352590384,0.6616598335196919,0.8472481053547024,-0.07609640949186236,0.8010436079016027,0.8438315318673127,0.02186607031929433,0.9149583799229718,0.9088830910672133,0.053224002981736906,5.764149126387485,0.058119020996396986,1.4879449874737443,-0.14144317332197542,7.177136593007002,-0.009408002379889924
munich,link+k10,2,9,20,44,112,0.8336737482917133,8.554133824309101,-0.09564843768497079,0.6706050441048578,0.6616598335196919,0.8504658963846441,-0.06758603553236431,0.8010436079016027,0.845086346129954,0.03219033420300654,0.9149583799229718,0.909168840849795,0.05336066592123245,5.770392921546087,0.053745806932538276,1.4879449874737443,-0.12990849570255625,7.2012595589181725,-0.036813922356091044
munich,link+k10d,2,0,20,44,112,0.8336737482917133,8.599819274525192,-0.7091281970532852,0.6804820474593117,0.6616598335196919,0.8522549385016772,-0.05277674245247865,0.8010436079016027,0.8446639334078767,0.05390731767921486,0.9149583799229718,0.9085227978630885,0.05395701329357683,5.841804451480711,0.04728537706547398,1.4879449874737443,-0.10752559946554663,6.870806788700094,-0.03577272051167635
munich,link+k25,2,0,20,44,112,0.8336737482917133,8.598505962379836,-0.1231484742508552,0.6657100260901976,0.6616598335196919,0.8530624922350603,-0.06506398310349115,0.8010436079016027,0.8480183873773139,0.03812896011926947,0.9149583799229718,0.9109206112560566,0.05210585165859116,5.714361544325956,0.04810535470244748,1.4879449874737443,-0.1114354186000377,7.107164298097082,-0.0201546928454559
munich,link+k25,2,1,20,44,112,0.8336737482917133,8.557542240877522,-0.6672815140769675,0.6881972915890173,0.6616598335196919,0.8546900236054168,-0.0583923468753883,0.8010436079016027,0.8478196049198659,0.045856628152565526,0.9149583799229718,0.9110200024847808,0.052553112187849416,5.6356840729061055,0.05055286370977763,1.4879449874737443,-0.12214234415784864,6.8832568983599405,-0.032240071396697934
munich,link+k25,2,2,20,44,112,0.8336737482917133,8.611174703447226,-0.08622067083080034,0.6712883588023357,0.6616598335196919,0.8510125481426264,-0.06584668902969315,0.8010436079016027,0.8469996272828922,0.03683687414585668,0.9149583799229718,0.9108709156416946,0.05180767797241892,5.7013556885513745,0.04051434960864708,1.4879449874737443,-0.08422015157422935,7.101646238588328,-0.02476572958500667
munich,link+k25,2,3,20,44,112,0.8336737482917133,8.572918682547815,-0.062247507936822634,0.6769785066467884,0.6616598335196919,0.8501428748912908,-0.07422040004969566,0.8010436079016027,0.8475959746552367,0.024239035905081363,0.9149583799229718,0.9101876009442167,0.05241644924835387,5.601858281514261,0.058143868803578136,1.4879449874737443,-0.15192424658334525,6.876295304569354,-0.014279339580544392
munich,link+k25,2,4,20,44,112,0.8336737482917133,8.649527910934012,0.5575891011364251,0.6812896011926948,0.6616598335196919,0.8471611380295689,-0.0884084979500559,0.8010436079016027,0.8489129084358306,0.0075413094794384294,0.9149583799229718,0.9115666542427631,0.049844701205118636,5.606202679815069,0.06681575350975277,1.4879449874737443,-0.16382805261815347,6.779329800681481,-0.013721552878179333
munich,link+k25,2,5,20,44,112,0.8336737482917133,8.612476695859378,0.0639575886691035,0.682345632997888,0.6616598335196919,0.8523791775375823,-0.07113927195924963,0.8010436079016027,0.8487762454963349,0.023232699714250238,0.9149583799229718,0.9116660454714871,0.05195676481550504,5.797949430709543,0.05810659709280663,1.4879449874737443,-0.14297097567972217,7.30217556200669,-0.02777777777777779
munich,link+k25,2,6,20,44,112,0.8336737482917133,8.533008136694258,-0.29579216757987065,0.6763200397564915,0.6616598335196919,0.8540688284258914,-0.06768542676108835,0.8010436079016027,0.8484283761958007,0.031407628276804544,0.9149583799229718,0.9102869921729407,0.0529134053919742,5.635466475630957,0.05471487141259779,1.4879449874737443,-0.1329646488350169,6.889625792923493,-0.02190242451286628
munich,link+k25,2,7,20,44,112,0.8336737482917133,8.588924853623322,0.44234499456578713,0.6835259038389863,0.6616598335196919,0.8516710150329233,-0.07912784196794642,0.8010436079016027,0.8499937880482048,0.011579078146353616,0.9149583799229718,0.9113181761709529,0.052230090694496245,5.766763309357088,0.06251708286743696,1.4879449874737443,-0.1589578834012244,7.18603207775851,-0.029934553026922495
munich,link+k25,2,8,20,44,112,0.8336737482917133,8.557062211300975,0.1466449021653671,0.670145359672009,0.6616598335196919,0.8506149832277301,-0.07593489874518577,0.8010436079016027,0.8491116908932786,0.02108336439309233,0.9149583799229718,0.9113306000745435,0.05288855758479316,5.619328527025015,0.05967200894521063,1.4879449874737443,-0.14927941490310115,7.028942328701782,-0.013424066636918086
munich,link+k25,2,9,20,44,112,0.8336737482917133,8.577228227777818,-0.7270707165431715,0.6867685426761089,0.6616598335196919,0.8566157286619456,-0.05462790408746432,0.8010436079016027,0.8490495713753261,0.04875139768915393,0.9149583799229718,0.9107218287986085,0.05242887315194433,5.75927311978237,0.048440800099391335,1.4879449874737443,-0.1205728162309685,7.005387255067846,-0.036442064554514375
munich,link+k25d,2,0,20,44,112,0.8336737482917133,8.557526557956292,-0.6402627750439367,0.6823580569014784,0.6616598335196919,0.8516461672257424,-0.05517455584544673,0.8010436079016027,0.8437321406385886,0.051882221393962036,0.9149583799229718,0.9085103739594981,0.053944589389986364,5.821000119049365,0.045732389116660443,1.4879449874737443,-0.10165070896153283,6.872276293208547,-0.0352893053696266
munich,link+k50,2,0,20,44,112,0.8336737482917133,8.52475182262081,0.08534513733528967,0.6997018263138278,0.6616598335196919,0.855721207603429,-0.07219530376444283,0.8010436079016027,0.8521306994657721,0.022735743570629907,0.9149583799229718,0.9125481426264133,0.0508758852031308,5.482206025019515,0.051211330600074545,1.4879449874737443,-0.12097556189603331,6.687586402284271,-0.034322475085527326
munich,link+k50,2,1,20,44,112,0.8336737482917133,8.594183146141626,-0.509799582505568,0.6775748540191329,0.6616598335196919,0.8567523916014411,-0.06065349732886072,0.8010436079016027,0.8521058516585911,0.03945831780345388,0.9149583799229718,0.9132314573238912,0.05073922226363525,5.612657000734734,0.04953410361535593,1.4879449874737443,-0.11008282473011599,6.850012787123612,-0.02134463781050122
munich,link+k50,2,2,20,44,112,0.8336737482917133,8.520766025544724,-0.17718700899013803,0.6998012175425519,0.6616598335196919,0.8578953907317679,-0.06654242763076168,0.8010436079016027,0.8527394707417071,0.030252205242887298,0.9149583799229718,0.9125729904335942,0.051099515467759926,5.4868615360856685,0.05116163498571247,1.4879449874737443,-0.13121025248309892,6.547983648971979,-0.03480589022757696
munich,link+k50,2,3,20,44,112,0.8336737482917133,8.569550350670147,0.00036249770844773167,0.6875885203130824,0.6616598335196919,0.8574605541061001,-0.06459187476705186,0.8010436079016027,0.8520437321406386,0.03474965834265131,0.9149583799229718,0.9134426636849298,0.05122375450366501,5.642898108532481,0.043371847434463984,1.4879449874737443,-0.09558747353280306,6.794296407447581,-0.030008924587237806
munich,link+k50,2,4,20,44,112,0.8336737482917133,8.52570661952394,-0.07014189040258502,0.696794632873649,0.6616598335196919,0.8553857622064853,-0.06793390483289852,0.8010436079016027,0.8515219281898373,0.029655857870542923,0.9149583799229718,0.9123990557833271,0.051621319418561296,5.5122035689754645,0.05066467884209214,1.4879449874737443,-0.11867243988692189,6.741581231411352,-0.03967722742823143
munich,link+k50,2,5,20,44,112,0.8336737482917133,8.521056496635454,0.3395509192054236,0.7008572493477451,0.6616598335196919,0.8561933159398684,-0.07547521431233695,0.8010436079016027,0.8538203503540812,0.01828798608522797,0.9149583799229718,0.9132066095167102,0.05049074419182509,5.496508414287253,0.04842837619580076,1.4879449874737443,-0.1124651544446913,6.64158302142793,-0.03841291090287069
munich,link+k50,2,6,20,44,112,0.8336737482917133,8.525249331090155,-0.20703883015485003,0.6882718350105603,0.6616598335196919,0.8580569014784445,-0.061461051062243754,0.8010436079016027,0.8529755249099267,0.035656603304758394,0.9149583799229718,0.9136041744316065,0.05218039508013417,5.536697624579129,0.050478320288234624,1.4879449874737443,-0.11863763013068351,6.7684299101652226,-0.038003867321136364
munich,link+k50,2,7,20,44,112,0.8336737482917133,8.522443422885782,0.07009366079342838,0.7006460429867064,0.6616598335196919,0.8559945334824202,-0.06732513355696368,0.8010436079016027,0.8524909926698969,0.028661945583302262,0.9149583799229718,0.912933283637719,0.051037395949807385,5.508461222218741,0.04836625667784822,1.4879449874737443,-0.10923069114442074,6.639052804330725,-0.038189796221924754
munich,link+k50,2,8,20,44,112,0.8336737482917133,8.542015784100885,0.6363904956804923,0.700832401540564,0.6616598335196919,0.8541682196546155,-0.07784817989812398,0.8010436079016027,0.8523916014411728,0.011169089327866866,0.9149583799229718,0.9129084358305379,0.05116163498571247,5.446688705245333,0.05349732886072811,1.4879449874737443,-0.1292816939867394,6.533761129797703,-0.03510337646883832
munich,link+k50,2,9,20,44,112,0.8336737482917133,8.556493473885462,0.7354305873615709,0.6980742949434713,0.6616598335196919,0.853422785439185,-0.08219654615480187,0.8010436079016027,0.8526773512237545,0.0076282768045720095,0.9149583799229718,0.9133681202633868,0.0508758852031308,5.512972355275953,0.055957261771648725,1.4879449874737443,-0.13176140307209683,6.666787569650415,-0.03510337646883832
munich,link+k50d,2,0,20,44,112,0.8336737482917133,8.566190803361792,-0.7544728967022686,0.6829419803702323,0.6616598335196919,0.851882221393962,-0.054441545533606694,0.8010436079016027,0.8432227605913778,0.05117405888930304,0.9149583799229718,0.9085352217666791,0.053944589389986364,5.777620524040548,0.047571126848055756,1.4879449874737443,-0.11106110650216516,6.8625559639866385,-0.03071545441023349
munich,link,3,0,20,56,107,0.8348279289352715,8.528060190481918,0.35747359665454165,0.6870045968443285,0.6616598335196919,0.8494471362902224,-0.07101503292334455,0.8010436079016027,0.8462541930674617,0.01921977885451609,0.9149583799229718,0.9080382656230588,0.05148465647906575,5.767058618116807,0.04851534352093423,1.4879449874737443,-0.11325032156999715,7.0572180153252315,-0.05745203034359658
munich,link,3,0,10,56,107,0.8348279289352715,8.381460249530026,0.20965996549780208,0.6579078146353584,0.5732637594732265,0.843496086470369,-0.07977388495465276,0.7322276059137781,0.8283761958007206,0.00593862591626293,0.8532488507889179,0.8652130699465772,0.07413343272456208,6.624404039428438,0.06573487389737856,1.4244412940155133,-0.12014502068304034,7.814952213555692,-0.10219784134221499
munich,link_reg,3,0,20,56,107,0.8348279289352715,8.528060190481918,0.35747359665454165,0.6882842589141508,0.6616598335196919,0.8494471362902224,-0.07096533730898258,0.8010436079016027,0.8461796496459187,0.021977885451608947,0.9149583799229718,0.9149832277301528,0.08489253323394208,6.275181647116548,0.2126599577587278,1.4879449874737443,-0.4320410376544104,7.1959534669872625,-0.07678863602558383
munich,link_reg,3,0,10,56,107,0.8348279289352715,8.381460249530026,0.20965996549780208,0.6403528388619705,0.5732637594732265,0.843496086470369,-0.07972418934029074,0.7322276059137781,0.8284383153186732,0.008087961237420838,0.8532488507889179,0.853422785439185,0.14650267113927196,6.587111195788358,0.18086718847061745,1.4244412940155133,-0.40223826166415355,8.132563584737472,-0.13130053788337548
munich,link+k10,3,0,20,56,107,0.8348279289352715,8.677097229738159,-0.6749433173179881,0.6600074543421544,0.6616598335196919,0.8530500683314698,-0.054789414834140904,0.8010436079016027,0.8462417691638713,0.036302646291464735,0.9149583799229718,0.9086718847061747,0.0508758852031308,5.846774552216356,0.053186731270965404,1.4879449874737443,-0.13526188490737456,7.277971655785103,-0.015246169864643777
munich,link+k10,3,1,20,56,107,0.8348279289352715,8.621934008984402,0.018580066458229298,0.6707789787551248,0.6616598335196919,0.853422785439185,-0.05821841222512114,0.8010436079016027,0.8457199652130699,0.04179401167846941,0.9149583799229718,0.9087961237420797,0.05104981985339796,5.898558127590068,0.04734749658342652,1.4879449874737443,-0.07523870514124642,7.144623550882734,-0.05429123903019484
munich,link+k10,3,2,20,56,107,0.8348279289352715,8.637676237545287,-0.8480293889563536,0.6674990682072307,0.6616598335196919,0.8540067089079388,-0.04143371847434474,0.8010436079016027,0.8446639334078767,0.0607404646539943,0.9149583799229718,0.9086470368989936,0.05167101503292337,5.963023499818224,0.04852776742452479,1.4879449874737443,-0.06489513650335099,7.302911617403005,-0.0522460211215231
munich,link+k10,3,3,20,56,107,0.8348279289352715,9.110595812802224,1.4494283017316476,0.6604795626785936,0.6616598335196919,0.8420673375574605,-0.07889178779972672,0.8010436079016027,0.8437818362529507,0.014461423779351446,0.9149583799229718,0.9087464281277178,0.04968319045844205,6.129262371096563,0.04314821716983476,1.4879449874737443,-0.05854125975942126,7.52406054391234,-0.06061282165699833
munich,link+k10,3,4,20,56,107,0.8348279289352715,8.616917188499638,0.3709938226686477,0.6791775375823084,0.6616598335196919,0.8528388619704311,-0.06449248353832782,0.8010436079016027,0.8471487141259784,0.02717107715244127,0.9149583799229718,0.9089203627779848,0.05090073301031184,5.836884894735128,0.04508634612995399,1.4879449874737443,-0.10512965355463422,6.9268132712625565,-0.03636769299419906
munich,link+k10,3,5,20,56,107,0.8348279289352715,8.68503635264096,-0.014000862199814319,0.6689153932165487,0.6616598335196919,0.852615231705802,-0.05949807429494347,0.8010436079016027,0.8435333581811405,0.03943346999627284,0.9149583799229718,0.9093551994036526,0.05029196173437689,5.943984264287041,0.05167101503292336,1.4879449874737443,-0.10691516712662175,7.165390513309241,-0.02402201398185333
munich,link+k10,3,6,20,56,107,0.8348279289352715,8.617051623664596,-0.2183383431161462,0.6709280655982109,0.6616598335196919,0.851198906696484,-0.05952292210212451,0.8010436079016027,0.844303640203752,0.03356938750155303,0.9149583799229718,0.9091564169462045,0.05108709156416946,5.928822321349705,0.051695862840104356,1.4879449874737443,-0.11002251786668849,7.439729160954602,-0.04153651643611478
munich,link+k10,3,7,20,56,107,0.8348279289352715,8.691856014779322,0.5312704223563735,0.6706174680084482,0.6616598335196919,0.8472481053547024,-0.07676730028574985,0.8010436079016027,0.8449993788048205,0.018536464157038135,0.9149583799229718,0.9089079388743944,0.049496831904584426,5.888185936647167,0.05512486023108462,1.4879449874737443,-0.10215125602879582,7.42245388846826,-0.04778372750260296
munich,link+k10,3,8,20,56,107,0.8348279289352715,8.614805515677089,0.2119040603284445,0.6606907690396322,0.6616598335196919,0.8467635731146727,-0.0734998136414462,0.8010436079016027,0.8431357932662442,0.018586159771400212,0.9149583799229718,0.9084234066343645,0.050801341781587794,5.764164155150442,0.05104981985339796,1.4879449874737443,-0.12033875829525309,7.235548986393955,-0.0275918488769894
munich,link+k10,3,9,20,56,107,0.8348279289352715,8.534285819750185,-0.06653517326739683,0.671760467138775,0.6616598335196919,0.851907069201143,-0.06164740961610138,0.8010436079016027,0.8452727046838117,0.03063734625419312,0.9149583799229718,0.9087588520313082,0.05101254814262646,5.788065437022699,0.04627904087464274,1.4879449874737443,-0.1072358763176593,7.252930897569249,-0.05499776885319052
munich,link+k10d,3,0,20,56,107,0.8348279289352715,8.633447533474207,-0.7239705365208897,0.6753509752764318,0.6616598335196919,0.851981612622686,-0.05230463411603925,0.8010436079016027,0.845160889551497,0.043148217169834746,0.9149583799229718,0.9080009939122873,0.05157162380419933,5.8215901159431915,0.041955522425146,1.4879449874737443,-0.10187071087084809,6.952213688061271,-0.03491744756804993
munich,link+k25,3,0,20,56,107,0.8348279289352715,8.582758224850588,-0.09429767406749691,0.6665424276307615,0.6616598335196919,0.8541930674617965,-0.059361411355447924,0.8010436079016027,0.8487389737855634,0.03668778730277056,0.9149583799229718,0.9106969809914275,0.05011802708410984,5.731714778061682,0.04065101254814263,1.4879449874737443,-0.08726385619905175,7.221978431725063,-0.029190837423769156
munich,link+k25,3,1,20,56,107,0.8348279289352715,8.54165485070127,-0.6748043920254277,0.6900857249347745,0.6616598335196919,0.8553484904957137,-0.051820101876009494,0.8010436079016027,0.8486520064604298,0.04370729283140762,0.9149583799229718,0.9104981985339794,0.0500931792769288,5.658562393970571,0.04144614237793509,1.4879449874737443,-0.09833757042403946,6.748475935447897,-0.03852446824334377
munich,link+k25,3,2,20,56,107,0.8348279289352715,8.586656728822206,0.09118687585567573,0.6763200397564915,0.6616598335196919,0.8518449496831905,-0.06394583178034541,0.8010436079016027,0.8461299540315567,0.03057522673624058,0.9149583799229718,0.9105106224375699,0.0493104733507268,5.733075605733295,0.03443906075288855,1.4879449874737443,-0.06371376564057796,7.03001001622375,-0.032686300758589915
munich,link+k25,3,3,20,56,107,0.8348279289352715,8.559978474851558,-0.1251687157422709,0.6780842340663437,0.6616598335196919,0.8502298422164244,-0.06687787302770531,0.8010436079016027,0.8465026711392719,0.025928686793390443,0.9149583799229718,0.9098397316436825,0.050453472481053585,5.63501878601731,0.04916138650764068,1.4879449874737443,-0.12278798720756745,6.877120918059619,-0.025249144727056416
munich,link+k25,3,4,20,56,107,0.8348279289352715,8.63399019632049,0.4578097109566161,0.680854764567027,0.6616598335196919,0.8487389737855634,-0.08131444899987583,0.8010436079016027,0.8479686917629519,0.009007330103118383,0.9149583799229718,0.9112436327494099,0.047807181016275346,5.637234119593675,0.057472978009690645,1.4879449874737443,-0.13785677350453218,6.82216607926808,-0.01833258961773021
munich,link+k25,3,5,20,56,107,0.8348279289352715,8.601298421957134,0.1703564758935612,0.6825692632625171,0.6616598335196919,0.8524040253447633,-0.06681575350975277,0.8010436079016027,0.8470865946080258,0.020598832153062463,0.9149583799229718,0.9109703068704187,0.04979500559075667,5.806755548435256,0.05078891787799722,1.4879449874737443,-0.12072930244012547,7.307988621592493,-0.03770638107987501
munich,link+k25,3,6,20,56,107,0.8348279289352715,8.520251397991853,-0.26316389155656084,0.6738849546527519,0.6616598335196919,0.8541682196546155,-0.0619952789166357,0.8010436079016027,0.8481550503168095,0.03031432476083984,0.9149583799229718,0.9097403404149583,0.05057771151695867,5.656772146942794,0.04652751894645302,1.4879449874737443,-0.11004449240054304,7.1312516499892356,-0.0413505875353265
munich,link+k25,3,7,20,56,107,0.8348279289352715,8.573823001196676,0.485591992640955,0.6857497825816872,0.6616598335196919,0.8524537209591253,-0.07347496583426516,0.8010436079016027,0.8495837992297179,0.011144241520685827,0.9149583799229718,0.9108460678345136,0.049869549012299674,5.758729667574158,0.05516213194185604,1.4879449874737443,-0.1372561184852703,7.233363252384448,-0.04216867469879515
munich,link+k25,3,8,20,56,107,0.8348279289352715,8.543820250296447,0.18336508763979928,0.6682320785190707,0.6616598335196919,0.8507019505528637,-0.07000869673251342,0.8010436079016027,0.8480556590880854,0.02149335321157908,0.9149583799229718,0.9110448502919617,0.05073922226363525,5.639433560628944,0.05175798235805695,1.4879449874737443,-0.12512052305497523,7.146502135802143,-0.03153354157370225
munich,link+k25,3,9,20,56,107,0.8348279289352715,8.570154350019806,-0.7697389095199418,0.6867436948689278,0.6616598335196919,0.8570008696732513,-0.04604298670642315,0.8010436079016027,0.8485774630388868,0.0508386134923593,0.9149583799229718,0.9102994160765312,0.05004348366256672,5.787188026969037,0.04891290843583053,1.4879449874737443,-0.09317054313994433,7.1445978434537984,-0.049828945411274694
munich,link+k25d,3,0,20,56,107,0.8348279289352715,8.573133223612775,-0.6579283856419259,0.6828798608522798,0.6616598335196919,0.8522425145980868,-0.05311218784942229,0.8010436079016027,0.8452727046838117,0.04487513976891544,0.9149583799229718,0.9080134178158777,0.051559199900608754,5.834651915232042,0.04065101254814263,1.4879449874737443,-0.08743818111940338,7.078331311510457,-0.05365908076751447
munich,link+k50,3,0,20,56,107,0.8348279289352715,8.51507384723661,0.15067954270844156,0.6993788048204745,0.6616598335196919,0.8559696856752391,-0.06695241644924843,0.8010436079016027,0.8512734501180271,0.022002733258789875,0.9149583799229718,0.9120636103863834,0.048502919617343765,5.504204570044402,0.043955770903217894,1.4879449874737443,-0.09898289833231866,6.780850309928242,-0.044585750409043556
munich,link+k50,3,1,20,56,107,0.8348279289352715,8.582438150355987,-0.5299190171504438,0.6791775375823084,0.6616598335196919,0.8583674990682072,-0.05399428500434844,0.8010436079016027,0.852664927320164,0.03969437197167347,0.9149583799229718,0.9128090446018139,0.04827928935271464,5.644311332948594,0.04584420424897502,1.4879449874737443,-0.08455358700819837,6.9116874633123775,-0.035884277852149316
munich,link+k50,3,2,20,56,107,0.8348279289352715,8.50769707347997,-0.1583252582067825,0.6994285004348366,0.6616598335196919,0.8585041620077029,-0.060268356317555005,0.8010436079016027,0.8524661448627159,0.029929183749534127,0.9149583799229718,0.9120014908684309,0.049111690893278714,5.504830037803182,0.044514846564790655,1.4879449874737443,-0.1077914719667834,6.645170312490963,-0.04986613119143235
munich,link+k50,3,3,20,56,107,0.8348279289352715,8.555971369105379,-0.053297049580367836,0.6875264007951298,0.6616598335196919,0.8580320536712636,-0.05852900981488385,0.8010436079016027,0.8518697974903715,0.03566902720834886,0.9149583799229718,0.9131817617095291,0.04924835383277426,5.663953172121841,0.03875015529879487,1.4879449874737443,-0.07402841779204872,6.7802758934335206,-0.03298378699985127
munich,link+k50,3,4,20,56,107,0.8348279289352715,8.511457388477227,-0.07634329689621429,0.6973040129208598,0.6616598335196919,0.8571748043235184,-0.061523170580196296,0.8010436079016027,0.8520685799478196,0.029258292955646636,0.9149583799229718,0.9118524040253447,0.049086843086097676,5.540898021500219,0.04283761958007215,1.4879449874737443,-0.09627216543868955,6.770655529928344,-0.05470028261192916
munich,link+k50,3,5,20,56,107,0.8348279289352715,8.509563955608204,0.37081120342748164,0.700708162504659,0.6616598335196919,0.8565784569511741,-0.06897751273450126,0.8010436079016027,0.8535221766679091,0.01791526897751272,0.9149583799229718,0.9125978382407752,0.048242017641943136,5.5240182748239395,0.04065101254814263,1.4879449874737443,-0.09018702572923476,6.788788854991257,-0.05116763349695075
munich,link+k50,3,6,20,56,107,0.8348279289352715,8.512917917823442,-0.19986385989152233,0.6860976518822214,0.6616598335196919,0.8589638464405516,-0.054615480183873855,0.8010436079016027,0.8528885575847931,0.03599204870170214,0.9149583799229718,0.9132687290346627,0.050279537830786425,5.566974191796056,0.04821716983476208,1.4879449874737443,-0.09338363856268295,6.95017870203832,-0.0532872229659378
munich,link+k50,3,7,20,56,107,0.8348279289352715,8.51009221463865,0.09881910899655996,0.7006211951795254,0.6616598335196919,0.8571499565163374,-0.06244253944589395,0.8010436079016027,0.8521803950801342,0.026015654118524023,0.9149583799229718,0.9124114796869176,0.04877624549633497,5.536238604354279,0.04132190334203012,1.4879449874737443,-0.08832731829383733,6.7214946529894135,-0.05172542019931581
munich,link+k50,3,8,20,56,107,0.8348279289352715,8.530069600271444,0.6436289561914343,0.7006336190831159,0.6616598335196919,0.8557336315070195,-0.07121381538079274,0.8010436079016027,0.852615231705802,0.011516958628401075,0.9149583799229718,0.9124860231084607,0.04880109330351601,5.466148369645998,0.0458690520561561,1.4879449874737443,-0.10766499901470206,6.651774297387332,-0.05384500966830286
munich,link+k50,3,9,20,56,107,0.8348279289352715,8.546522066492821,0.7382092097289281,0.6981115666542428,0.6616598335196919,0.8546527518946453,-0.07641943098521564,0.8010436079016027,0.8512734501180271,0.008361287116412042,0.9149583799229718,0.9131320660951671,0.04855261523170584,5.535443318400984,0.047148714125978375,1.4879449874737443,-0.1054372367316172,6.791650095454948,-0.047634984381972334
munich,link+k50d,3,0,20,56,107,0.8348279289352715,8.555915488030484,-0.5436048528493862,0.6838116536215679,0.6616598335196919,0.8524909926698969,-0.05293825319915524,0.8010436079016027,0.8440675860355323,0.04769536588396073,0.9149583799229718,0.9080258417194682,0.05157162380419933,5.815006695522238,0.0394086221890918,1.4879449874737443,-0.08173230501663076,6.816366959490887,-0.04008627100996576
munich,link,4,0,20,55,73,0.8360808796123742,8.55084456227925,0.34329310021396736,0.6871412597838241,0.6616598335196919,0.8486023108460679,-0.07116411976643067,0.8010436079016027,0.847285377065474,0.020424897502795414,0.9149583799229718,0.9088582432600323,0.05456578456951178,5.702837272944401,0.05394458938998625,1.4879449874737443,-0.12873885577070499,7.07331491925353,-0.05841886062769597
munich,link,4,0,10,55,73,0.8360808796123742,8.409567061419974,0.18917518360261548,0.6581065970928066,0.5732637594732265,0.8441669772642564,-0.0788793638961362,0.7322276059137781,0.8288234563299789,0.005988321530624896,0.8532488507889179,0.865747297800969,0.07792272331966699,6.558337367197571,0.06841843707292838,1.4244412940155133,-0.13339925079884463,7.7106560035146,-0.09332810885904608
munich,link_reg,4,0,20,55,73,0.8360808796123742,8.55084456227925,0.34329310021396736,0.6870791402658716,0.6616598335196919,0.8486147347496583,-0.0711516958628402,0.8010436079016027,0.8471114424152069,0.023406634364517398,0.9149583799229718,0.9149459560193813,0.08502919617343774,6.290554554268229,0.21415082618958875,1.4879449874737443,-0.4404056304441004,7.21772300649425,-0.07303287222965937
munich,link_reg,4,0,10,55,73,0.8360808796123742,8.409567061419974,0.18917518360261548,0.6385513728413468,0.5732637594732265,0.844179401167847,-0.07886693999254568,0.7322276059137781,0.8286122499689402,0.008162504658963843,0.8532488507889179,0.8532240029817368,0.14672630140390108,6.595533005324304,0.18456951174058894,1.4244412940155133,-0.4104249736123071,7.854361106882459,-0.10693548961635735
munich,link+k10,4,0,20,55,73,0.8360808796123742,8.702894366703614,-0.766096298575346,0.6591253571872282,0.6616598335196919,0.8523294819232202,-0.0557336315070196,0.8010436079016027,0.8468753882469872,0.03720959125357193,0.9149583799229718,0.9095664057646913,0.05408125232948191,5.791837617874247,0.058578705429245814,1.4879449874737443,-0.15260543467829923,7.284165990574106,-0.007660270712479544
munich,link+k10,4,1,20,55,73,0.8360808796123742,8.645462925292504,-0.056810852878282976,0.6698099142750652,0.6616598335196919,0.8527767424524786,-0.05685178283016523,0.8010436079016027,0.8449993788048205,0.045968443284880145,0.9149583799229718,0.9096657969934153,0.05425518697974907,5.861298732311572,0.04953410361535596,1.4879449874737443,-0.08595037881583134,7.137673569140254,-0.05217164956120779
munich,link+k10,4,2,20,55,73,0.8360808796123742,8.652085011678905,-0.8102652433362654,0.666306373462542,0.6616598335196919,0.8538203503540812,-0.0424649024723569,0.8010436079016027,0.8461051062243757,0.06016896508883096,0.9149583799229718,0.9095664057646913,0.054876382159274484,5.891577961141848,0.05112436327494098,1.4879449874737443,-0.08663894480572254,7.300814090526871,-0.04692845455897665
munich,link+k10,4,3,20,55,73,0.8360808796123742,9.070525858822094,1.2551787108750894,0.6607156168468132,0.6616598335196919,0.8442912163001615,-0.07567399676978515,0.8010436079016027,0.8440303143247608,0.019580072058640874,0.9149583799229718,0.9098645794508634,0.05355944837868054,6.035227745282819,0.043110945459063243,1.4879449874737443,-0.07781606621101322,7.518384664116422,-0.06455451435371118
munich,link+k10,4,4,20,55,73,0.8360808796123742,8.65695012709321,0.5102859091007785,0.6785936141135545,0.6616598335196919,0.8516834389365139,-0.06892781712013918,0.8010436079016027,0.8471114424152069,0.023158156292707233,0.9149583799229718,0.9096285252826438,0.05384519816126232,5.786531196976947,0.05124860231084605,1.4879449874737443,-0.12391616213637802,7.017898971384949,-0.02907928008329619
munich,link+k10,4,5,20,55,73,0.8360808796123742,8.69956817113185,0.06344511768951709,0.6704062616474096,0.6616598335196919,0.852689775127345,-0.0636725059013542,0.8010436079016027,0.8444899987576097,0.0357684184370729,0.9149583799229718,0.9102372965585787,0.05355944837868054,5.896653796369567,0.05317430736737483,1.4879449874737443,-0.1230546613786605,7.140298344196934,-0.024914472705637403
munich,link+k10,4,6,20,55,73,0.8360808796123742,8.650546252831388,-0.29434376726694683,0.6694993166853025,0.6616598335196919,0.851223754503665,-0.05852900981488385,0.8010436079016027,0.8453472481053547,0.03453845198161265,0.9149583799229718,0.9099888184867685,0.05420549136538699,5.889386967750763,0.052056156044229085,1.4879449874737443,-0.12622666994853904,7.43037842890964,-0.0349546333482077
munich,link+k10,4,7,20,55,73,0.8360808796123742,8.713240723973502,0.3664676032138391,0.6707168592371723,0.6616598335196919,0.8480556590880854,-0.07394707417070445,0.8010436079016027,0.8462790408746428,0.0216051683438937,0.9149583799229718,0.9099639706795876,0.05273947074170704,5.836030001980108,0.05091315691390236,1.4879449874737443,-0.1195528804762962,7.34991287315346,-0.04090435817343452
munich,link+k10,4,8,20,55,73,0.8360808796123742,8.663826831967745,0.20824207613207393,0.6579326624425395,0.6616598335196919,0.8466020623679961,-0.07254317306497704,0.8010436079016027,0.8442290967822089,0.018188594856503926,0.9149583799229718,0.9093427755000622,0.05388246987203382,5.738329527033585,0.05768418437072931,1.4879449874737443,-0.13881790616599599,7.2489909787002045,-0.020043135504982934
munich,link+k10,4,9,20,55,73,0.8360808796123742,8.570009889749144,-0.14730731399685135,0.6689153932165487,0.6616598335196919,0.8523294819232202,-0.05965958504162017,0.8010436079016027,0.8461796496459187,0.033681202633867535,0.9149583799229718,0.9095912535718723,0.05420549136538699,5.73761141164226,0.05149708038265621,1.4879449874737443,-0.12119722687386347,7.447709398923241,-0.05228320690168076
munich,link+k10d,4,0,20,55,73,0.8360808796123742,8.639857525503526,-0.6445154843708761,0.6789911790284507,0.6616598335196919,0.8506522549385017,-0.05428003478693011,0.8010436079016027,0.8455336066592123,0.04508634612995399,0.9149583799229718,0.9088830910672133,0.054764567026959865,5.791705638080228,0.044514846564790655,1.4879449874737443,-0.10730084625348524,6.990435059787351,-0.04335861966384058
munich,link+k25,4,0,20,55,73,0.8360808796123742,8.610728657519308,-0.17258590111840502,0.6658218412225121,0.6616598335196919,0.8539818611007579,-0.05880233569387505,0.8010436079016027,0.8487638215927444,0.03867561187725188,0.9149583799229718,0.9113430239781339,0.05280159025965958,5.679497614207441,0.04693750776493977,1.4879449874737443,-0.10406345360905633,7.181304102697587,-0.023947642421538018
munich,link+k25,4,1,20,55,73,0.8360808796123742,8.576217986849722,-0.7660147075319452,0.6876133681202634,0.6616598335196919,0.8558827183501057,-0.05044104857746312,0.8010436079016027,0.8489626040501925,0.047720213691141766,0.9149583799229718,0.9113181761709529,0.05312461175301275,5.604486668988114,0.04830413715989568,1.4879449874737443,-0.1150661689724295,6.811954661638432,-0.03298378699985127
munich,link+k25,4,2,20,55,73,0.8360808796123742,8.613215595063854,-0.0013540277884029346,0.6717107715244129,0.6616598335196919,0.8522300906944962,-0.06129954031556717,0.8010436079016027,0.8480059634737235,0.03337060504410483,0.9149583799229718,0.9111815132314574,0.05224251459808671,5.662222986564805,0.03867561187725188,1.4879449874737443,-0.08014380394956522,7.138597798688329,-0.040755615052803784
munich,link+k25,4,3,20,55,73,0.8360808796123742,8.579092892006411,-0.11861665957525712,0.6748540191328115,0.6616598335196919,0.8513107218287986,-0.06711392719592502,0.8010436079016027,0.847285377065474,0.025618089203627736,0.9149583799229718,0.9106348614734749,0.05326127469250841,5.574437107858999,0.056305131072182935,1.4879449874737443,-0.142739239095782,6.874295085252142,-0.0214561951509743
munich,link+k25,4,4,20,55,73,0.8360808796123742,8.64982866851467,0.4393463959219498,0.6790408746428128,0.6616598335196919,0.8491738104112312,-0.08092930798857001,0.8010436079016027,0.848850788917878,0.008771275934898792,0.9149583799229718,0.9120636103863834,0.051037395949807385,5.573234548274071,0.06604547148714124,1.4879449874737443,-0.15879690456431939,6.768962789563762,-0.014316525360702048
munich,link+k25,4,5,20,55,73,0.8360808796123742,8.623081832828543,0.14168667286511913,0.6804944713629022,0.6616598335196919,0.8533855137284134,-0.06635606907690406,0.8010436079016027,0.8482047459311716,0.02166728786184624,0.9149583799229718,0.9119145235432973,0.05277674245247854,5.759516485020688,0.056280283265001896,1.4879449874737443,-0.13637854569225127,7.363326389725923,-0.030566711289602866
munich,link+k25,4,6,20,55,73,0.8360808796123742,8.542792788333598,-0.23297503609267559,0.6744937259286868,0.6616598335196919,0.8535842961858616,-0.06424400546651765,0.8010436079016027,0.8495713753261275,0.028674369486892837,0.9149583799229718,0.9106969809914275,0.053745806932538165,5.608043932288301,0.05280159025965958,1.4879449874737443,-0.1274868964231286,6.988130486527089,-0.03566116317120338
munich,link+k25,4,7,20,55,73,0.8360808796123742,8.60496428916142,0.5565840315353558,0.6823332090942974,0.6616598335196919,0.8524164492483538,-0.07562430115542307,0.8010436079016027,0.8499565163374332,0.008833395452851334,0.9149583799229718,0.9117157410858492,0.05300037271710767,5.715101162211803,0.06361038638340166,1.4879449874737443,-0.15852802603640015,7.377612573808638,-0.03540086271009968
munich,link+k25,4,8,20,55,73,0.8360808796123742,8.568444681287843,0.1874359482301636,0.6694744688781215,0.6616598335196919,0.8505777115169586,-0.07112684805565916,0.8010436079016027,0.8491613865076407,0.020710647285377082,0.9149583799229718,0.9118151323145732,0.05384519816126232,5.590437523468235,0.05743570629891914,1.4879449874737443,-0.1440185634657467,7.004578512709924,-0.023241112598542335
munich,link+k25,4,9,20,55,73,0.8360808796123742,8.598753293363025,-0.8488646427095656,0.6852528264380668,0.6616598335196919,0.8559448378680582,-0.046403279910547934,0.8010436079016027,0.8496583426512611,0.050776493974406756,0.9149583799229718,0.9110572741955523,0.053137035656603326,5.7379317469627935,0.048888060628649505,1.4879449874737443,-0.11245202033447743,7.1243174598867345,-0.04722594080023801
munich,link+k25d,4,0,20,55,73,0.8360808796123742,8.59549434986128,-0.6867453594424295,0.6806559821095788,0.6616598335196919,0.8517952540688284,-0.05186979749037157,0.8010436079016027,0.845061498322773,0.05149708038265621,0.9149583799229718,0.9088955149708038,0.0547521431233694,5.782943937575827,0.044775748540191396,1.4879449874737443,-0.10041726823904962,6.906727564231525,-0.03926818384649711
munich,link+k50,4,0,20,55,73,0.8360808796123742,8.536600479028545,0.12041667619158918,0.6997018263138278,0.6616598335196919,0.8559075661572866,-0.06686544912411485,0.8010436079016027,0.8524288731519444,0.021915765933656406,0.9149583799229718,0.9129954031556715,0.05174555845446638,5.441425898993695,0.04918623431482172,1.4879449874737443,-0.11528224251271868,6.762623763338263,-0.04659378253755764
munich,link+k50,4,1,20,55,73,0.8360808796123742,8.602576726850138,-0.5081104763038947,0.6772642564293702,0.6616598335196919,0.8579575102497204,-0.055895142253696184,0.8010436079016027,0.8532612746925083,0.04006708907938872,0.9149583799229718,0.913666293949559,0.05154677599701829,5.574163933212537,0.0482917132563051,1.4879449874737443,-0.10327686303222472,6.950738727328645,-0.026625018592890126
munich,link+k50,4,2,20,55,73,0.8360808796123742,8.528655721072656,-0.19569396421667556,0.6994533482420177,0.6616598335196919,0.8584544663933408,-0.06054168219654621,0.8010436079016027,0.8531867312709653,0.02973040129208604,0.9149583799229718,0.9129084358305379,0.05200646042986712,5.4504285044956555,0.0506398310349111,1.4879449874737443,-0.12712109011127115,6.564482832615661,-0.040011899449650445
munich,link+k50,4,3,20,55,73,0.8360808796123742,8.576770638556319,-8.682217217475734e-05,0.6850167722698471,0.6616598335196919,0.8578084234066343,-0.059249596223133305,0.8010436079016027,0.8530003727171077,0.034463908560069534,0.9149583799229718,0.9139147720213691,0.05201888433345758,5.608506340996155,0.04229096782208974,1.4879449874737443,-0.08914275469784605,6.807082447786971,-0.033504387922058565
munich,link+k50,4,4,20,55,73,0.8360808796123742,8.534866384488367,-0.10382374584392691,0.6933532115790781,0.6616598335196919,0.857236923841471,-0.06121257299043359,0.8010436079016027,0.8531991551745558,0.02994160765312459,0.9149583799229718,0.9126351099515467,0.05198161262268608,5.476553789981307,0.048415952292210185,1.4879449874737443,-0.11314285698143367,6.748515933493022,-0.04759779860181468
munich,link+k50,4,5,20,55,73,0.8360808796123742,8.533477138770628,0.3946382521082127,0.7020002484780719,0.6616598335196919,0.8560566530003727,-0.0706423158156293,0.8010436079016027,0.8545409367623307,0.016399552739470802,0.9149583799229718,0.9135917505280159,0.051298297925208125,5.455357539222046,0.046788420921853646,1.4879449874737443,-0.10865390648842022,6.733744419405536,-0.05325003718578014
munich,link+k50,4,6,20,55,73,0.8360808796123742,8.53057745674256,-0.22377539039196523,0.6882594111069699,0.6616598335196919,0.8593117157410859,-0.05521182755621823,0.8010436079016027,0.854081252329482,0.03631507019505531,0.9149583799229718,0.9139644676357311,0.052963101006336166,5.493693003538251,0.048825941110696935,1.4879449874737443,-0.11318215137232124,6.863695524052591,-0.05087014725568939
munich,link+k50,4,7,20,55,73,0.8360808796123742,8.530844932069941,0.10043170984196349,0.700658466890297,0.6616598335196919,0.8569760218660704,-0.06318797366132445,0.8010436079016027,0.8537830786433097,0.025878991179028477,0.9149583799229718,0.9131196421915766,0.051472232575475174,5.465054702537393,0.047682941980370264,1.4879449874737443,-0.10599543603547623,6.706689176162973,-0.05057266101442803
munich,link+k50,4,8,20,55,73,0.8360808796123742,8.551152248533397,0.6281403663625428,0.6984097403404149,0.6616598335196919,0.8561808920362778,-0.0714622934526028,0.8010436079016027,0.8536712635109952,0.012324512361784112,0.9149583799229718,0.9134426636849298,0.05194434091191458,5.404704525725306,0.051907069201142964,1.4879449874737443,-0.12468832019940534,6.606616058005079,-0.043767663245574906
munich,link+k50,4,9,20,55,73,0.8360808796123742,8.566159362952586,0.7746303432511455,0.6972667412100882,0.6616598335196919,0.8548763821592744,-0.07716486520064614,0.8010436079016027,0.8532240029817368,0.006460429867064188,0.9149583799229718,0.9138775003105976,0.05131072182879859,5.474479543672835,0.05416821965461549,1.4879449874737443,-0.1249213600355783,6.737519211484602,-0.04361892012494417
munich,link+k50d,4,0,20,55,73,0.8360808796123742,8.58113991165605,-0.6315870903580127,0.6790160268356318,0.6616598335196919,0.8517331345508758,-0.052379177537582366,0.8010436079016027,0.8441669772642564,0.051273450118027086,0.9149583799229718,0.9089079388743944,0.054739719219778826,5.7645237341350475,0.04470120511864828,1.4879449874737443,-0.10114051923100198,6.963388185491956,-0.04291239030194849
newyork,link,0,0,20,52,81,0.7992039813313195,8.74130316742255,0.21174304952376918,0.5980662812434232,0.6145437438874928,0.8221647251073945,-0.14752961857954622,0.7355435334315461,0.8434207757158597,-0.036322220434034436,0.8804238830360127,0.8836550008046845,0.03300444433440208,6.159921591131855,0.081694046572663,1.0934505703234025,0.01997900339294767,5.6173724482193315,0.08933371280397173
newyork,link,0,0,10,52,81,0.7992039813313195,8.507465047662734,0.18242025028320627,0.600703170456937,0.5258922713148545,0.829047872537975,-0.14800004951904627,0.6682595293214653,0.8271166297337114,-0.05780110675068395,0.8000792304740211,0.847035666093071,0.030404694405585797,7.513198167130904,0.0914492986865073,1.267517134431067,-0.14445141323242638,6.6989694647034685,0.07758047353019415
newyork,link_reg,0,0,20,52,81,0.7992039813313195,8.74130316742255,0.21174304952376918,0.6058407715067408,0.6145437438874928,0.8226475358084603,-0.14679921264716445,0.7355435334315461,0.8462928803991235,-0.02854773017071688,0.8804238830360127,0.8814142639612761,0.11734775988214463,6.363036178977707,0.3182465305718212,1.0934505703234025,-0.35311746690121315,5.450913097728384,0.07715902982006773
newyork,link_reg,0,0,10,52,81,0.7992039813313195,8.507465047662734,0.18242025028320627,0.5795832972256955,0.5258922713148545,0.8298649368013172,-0.1468115924087302,0.6682595293214653,0.8325884843457915,-0.043985292843259804,0.8000792304740211,0.8028646768263243,0.19567451130891222,7.19153074822939,0.2861829481164193,1.267517134431067,-0.48707206275207915,6.910715798711971,-0.013534184623570145
newyork,link+k10,0,0,20,52,81,0.7992039813313195,8.814796910235192,-0.5732623286712286,0.6027582108768585,0.6145437438874928,0.8294068856233829,-0.1341223368037932,0.7355435334315461,0.8463919184916499,-0.001881723758000442,0.8804238830360127,0.885536724562685,0.03666885375787665,6.18589102463237,0.0809141215940181,1.0934505703234025,0.047439747352315154,5.629146619880441,0.07788634854378151
newyork,link+k10,0,1,20,52,81,0.7992039813313195,8.790140995793472,-0.0012846997011415177,0.561372667962415,0.6145437438874928,0.8266338190326454,-0.1375143914728203,0.7355435334315461,0.847691793456058,-0.011872191341594784,0.8804238830360127,0.8856233828936455,0.035443257362863245,6.297393396161609,0.08074080493209701,1.0934505703234025,0.060073732417553094,5.762927340360539,0.09578471365778074
newyork,link+k10,0,2,20,52,81,0.7992039813313195,8.853079526671701,0.37975775126530614,0.5493519194820308,0.6145437438874928,0.8218057120219865,-0.14853237926637536,0.7355435334315461,0.8423561162212015,-0.034638572861086736,0.8804238830360127,0.883209329388316,0.023224432697426245,6.213122638921709,0.0842814167399136,1.0934505703234025,0.022171390093945975,5.571978689418928,0.12471934984030608
newyork,link+k10,0,3,20,52,81,0.7992039813313195,8.942663453572143,0.832275810595117,0.5521002265496366,0.6145437438874928,0.8178565680824987,-0.15362046126991596,0.7355435334315461,0.8416504698119515,-0.04420812855144407,0.8804238830360127,0.8838406972281714,0.027025019498124525,6.2952593953833755,0.08041893113138641,1.0934505703234025,0.03054834897783487,6.130350198952671,0.08683553110078113
newyork,link+k10,0,4,20,52,81,0.7992039813313195,8.857061880978437,0.21102198496798913,0.5805489186278272,0.6145437438874928,0.8254948809685926,-0.14145115565074223,0.7355435334315461,0.8483107815343477,-0.019473364942991234,0.8804238830360127,0.8845215841142899,0.03010758012800674,6.2030619725221845,0.08069128588583384,1.0934505703234025,0.04723506564583291,5.941893066279942,0.055149732789425476
newyork,link+k10,0,5,20,52,81,0.7992039813313195,8.981469269100923,0.16820644240133595,0.5823068447701697,0.6145437438874928,0.8273642249650272,-0.1365116307859911,0.7355435334315461,0.8467261720539262,0.0052366391423300795,0.8804238830360127,0.883803557943474,0.02505663740916353,6.349187677781107,0.08064176683957067,1.0934505703234025,0.06309166938897692,6.06586787918438,0.07045504854061924
newyork,link+k10,0,6,20,52,81,0.7992039813313195,8.769316831170743,-0.12762837640885824,0.5860950518093021,0.6145437438874928,0.8277356178120009,-0.13720489743367548,0.7355435334315461,0.8477041732176238,-0.014311004370055835,0.8804238830360127,0.8860442947868824,0.03628508114933704,6.235666977280631,0.08086460254775493,1.0934505703234025,0.05515687051700757,5.713055040942635,0.07206779875407143
newyork,link+k10,0,7,20,52,81,0.7992039813313195,8.838765004652203,0.8085959673755809,0.5688500439481535,0.6145437438874928,0.8208153310967231,-0.15133020538024444,0.7355435334315461,0.8450920435272417,-0.036309840672468674,0.8804238830360127,0.8834569246196319,0.025774663579979484,6.1435397937446306,0.08076556445522859,1.0934505703234025,0.013385829748119527,6.018758174881761,0.06824146981627299
newyork,link+k10,0,8,20,52,81,0.7992039813313195,8.827846388875919,0.23095064533847767,0.5613974274855467,0.6145437438874928,0.8245045000433292,-0.14590786981442744,0.7355435334315461,0.8447701697265311,-0.027025019498124414,0.8804238830360127,0.884162571028882,0.03128365747675699,6.228127294210054,0.08133503348725503,1.0934505703234025,0.0414518381253961,5.770701516713947,0.10773803876925014
newyork,link+k10,0,9,20,52,81,0.7992039813313195,8.858198045392985,-0.8943466009264431,0.6042314025031877,0.6145437438874928,0.8333560295628706,-0.1278953167361997,0.7355435334315461,0.8447454102033994,0.01657650073659578,0.8804238830360127,0.8842368495982768,0.031184619384230672,6.278637877686452,0.0799485001918863,1.0934505703234025,0.06082242577845842,5.814206989843262,0.05843847832273985
newyork,link+k10d,0,0,20,52,81,0.7992039813313195,8.778757203850239,0.13089284812551272,0.5881253327060921,0.6145437438874928,0.8248882726518687,-0.14218156158312395,0.7355435334315461,0.8421827995592804,-0.029686668234769842,0.8804238830360127,0.8840140138900925,0.034700471668915656,6.198694998297315,0.081694046572663,1.0934505703234025,0.027736134291583392,5.629808616785033,0.0983777630205862
newyork,link+k25,0,0,20,52,81,0.7992039813313195,8.752791696978727,-0.21332146022867893,0.5887938398306448,0.6145437438874928,0.830347747502383,-0.13796006288918883,0.7355435334315461,0.849722074352848,-0.016378424551543147,0.8804238830360127,0.8853138888545007,0.02956287061911189,6.059350316898183,0.07919333473637298,1.0934505703234025,0.032888911370389184,5.830101773377264,0.06014609619580691
newyork,link+k25,0,1,20,52,81,0.7992039813313195,8.783092377463625,-0.02729681257408589,0.5692957153645221,0.6145437438874928,0.8273889844881588,-0.14029983782512356,0.7355435334315461,0.8441388018866757,-0.026096537380690066,0.8804238830360127,0.8874308280822512,0.03304158361909948,6.053861496107109,0.07945330972925461,1.0934505703234025,0.004811396639118337,5.5813516121147,0.13521803750434813
newyork,link+k25,0,2,20,52,81,0.7992039813313195,8.731107702544888,-0.31969897398473074,0.6096289785458732,0.6145437438874928,0.8312143308119886,-0.13501367963653027,0.7355435334315461,0.8486821743813214,-0.012268343711700158,0.8804238830360127,0.8862299912103693,0.03184074674721771,6.063194920708774,0.07909429664384664,1.0934505703234025,0.03265773277084838,5.4624949912627265,0.09625905195585482
newyork,link+k25,0,3,20,52,81,0.7992039813313195,8.91277202214163,1.0072319763313757,0.5631305941047575,0.6145437438874928,0.8213229013209206,-0.1557992993054954,0.7355435334315461,0.8440892828404125,-0.048033474875273874,0.8804238830360127,0.8851653317157111,0.023100635081768295,5.997928555437906,0.07880956212783342,1.0934505703234025,0.01644940938769146,5.585991183082463,0.11134300983461398
newyork,link+k25,0,4,20,52,81,0.7992039813313195,8.76569160342098,0.03565207377021683,0.5938819218341854,0.6145437438874928,0.8263119452319349,-0.14454609604219026,0.7355435334315461,0.8489421493742031,-0.032954925288138925,0.8804238830360127,0.886366168587593,0.029699047996335604,6.095882679238127,0.07944092996768883,1.0934505703234025,-0.002191354385810973,5.608387222054988,0.11162761281345857
newyork,link+k25,0,5,20,52,81,0.7992039813313195,8.776635133958067,-0.48080895188748046,0.593968580165146,0.6145437438874928,0.831486685566436,-0.13310719635539825,0.7355435334315461,0.8477413125023212,-0.012045508003515892,0.8804238830360127,0.8865890042957772,0.03623556210307388,6.105965189498597,0.07929237282889931,1.0934505703234025,0.043174303103913125,5.577542597988453,0.08787907535654438
newyork,link+k25,0,6,20,52,81,0.7992039813313195,8.750897491072738,-0.14143007739788094,0.6090347499907152,0.6145437438874928,0.8300877725095015,-0.13693254267922805,0.7355435334315461,0.8489297696126372,-0.015016650779306029,0.8804238830360127,0.8870965745199747,0.034440496676033994,6.085761072843607,0.08028275375416269,1.0934505703234025,0.0494111122724874,5.536194701225067,0.08152294216235023
newyork,link+k25,0,7,20,52,81,0.7992039813313195,8.757976430304971,0.5112120156394458,0.5816135781224854,0.6145437438874928,0.8253587035913689,-0.1483219233197569,0.7355435334315461,0.8481250851108607,-0.04058085841266701,0.8804238830360127,0.8858709781249613,0.032942545526573164,6.067192217528643,0.0797999430530968,1.0934505703234025,0.02102666254380603,5.643010576883704,0.10255194004363921
newyork,link+k25,0,8,20,52,81,0.7992039813313195,8.7453879635842,-0.2747240866833951,0.6106564987558339,0.6145437438874928,0.8304467855949095,-0.13548411057603038,0.7355435334315461,0.8493383017443084,-0.012800673459029133,0.8804238830360127,0.8872698911818958,0.03508424427745527,6.058288459961909,0.07981232281466259,1.0934505703234025,0.03601765548173752,5.558069342590782,0.08126996173671053
newyork,link+k25,0,9,20,52,81,0.7992039813313195,8.738698361751782,-0.0170918986055965,0.6071035071864516,0.6145437438874928,0.8281441499436721,-0.1403369771098209,0.7355435334315461,0.8484345791500055,-0.021305569654728407,0.8804238830360127,0.8860566745484482,0.031320796761454384,6.065214012617738,0.07944092996768883,1.0934505703234025,0.027893040379172618,5.476802109688647,0.09233785535844174
newyork,link+k25d,0,0,20,52,81,0.7992039813313195,8.768698401984839,0.08587195727129603,0.5928172623395274,0.6145437438874928,0.8238112333956448,-0.1438528293945059,0.7355435334315461,0.8427646483528727,-0.028881983732993333,0.8804238830360127,0.8843111281676715,0.03623556210307388,6.173743153500561,0.08168166681109722,1.0934505703234025,0.02892468469802134,5.399744382409692,0.10327925876735278
newyork,link+k50,0,0,20,52,81,0.7992039813313195,8.729454915722739,-0.07196936308117217,0.5932010349480669,0.6145437438874928,0.8331827129009495,-0.138244797405202,0.7355435334315461,0.851269544548572,-0.022729242234794556,0.8804238830360127,0.889225893509291,0.029340034910927626,5.869463286072412,0.07698973717766196,1.0934505703234025,0.01820163765337357,5.338935547086214,0.10365872940581222
newyork,link+k50,0,1,20,52,81,0.7992039813313195,8.728925330882966,0.098289817435793,0.6156826819515456,0.6145437438874928,0.8311524320041596,-0.14059695210270257,0.7355435334315461,0.8522104064275722,-0.032880646718744244,0.8804238830360127,0.8876289042673038,0.028262995654703693,5.875128170304836,0.07801725738762272,1.0934505703234025,0.01175192396925584,5.168061874855374,0.11390443664421457
newyork,link+k50,0,2,20,52,81,0.7992039813313195,8.73028725415657,-0.046283474323593685,0.5823563638164329,0.6145437438874928,0.8326008641073573,-0.1360535796080568,0.7355435334315461,0.8550329920645728,-0.01614320908179312,0.8804238830360127,0.8898944006338438,0.029042920633348568,5.932860913320552,0.07778204191787266,1.0934505703234025,0.03226924537946374,5.297671590269209,0.09847263068020107
newyork,link+k50,0,3,20,52,81,0.7992039813313195,8.740212257430947,-0.44876102561261544,0.6035752751402008,0.6145437438874928,0.8344330688190945,-0.1323891701845823,0.7355435334315461,0.8512571647870062,-0.012862572266858163,0.8804238830360127,0.8904391101427387,0.03555467521695532,5.915568314501338,0.07685355980043825,1.0934505703234025,0.0290151276863726,5.330906837348316,0.10476551876798523
newyork,link+k50,0,4,20,52,81,0.7992039813313195,8.749639126731402,0.5446096452309549,0.6009507656882529,0.6145437438874928,0.8293078475308565,-0.1460811864763485,0.7355435334315461,0.8491526053208215,-0.04396053332012828,0.8804238830360127,0.8874060685591195,0.028584869455414275,5.884528847458512,0.07746016811716207,1.0934505703234025,0.012158652896349764,5.447211451702252,0.10242544983081925
newyork,link+k50,0,5,20,52,81,0.7992039813313195,8.725239421794416,-0.14141742020842646,0.6135409832006635,0.6145437438874928,0.8338759795486339,-0.13470418559738545,0.7355435334315461,0.8527179766517697,-0.01682409596791168,0.8804238830360127,0.8888545006623172,0.028844844448295937,5.936881150109926,0.08164452752639983,1.0934505703234025,0.024866214837270917,5.393460505467573,0.1016348860006957
newyork,link+k50,0,6,20,52,81,0.7992039813313195,8.737960790984951,-0.02627178316000399,0.6071035071864516,0.6145437438874928,0.8337274224098444,-0.13539745224506983,0.7355435334315461,0.855676739665994,-0.018544882825556774,0.8804238830360127,0.8882850316302908,0.029067680156480202,5.893893239308796,0.07694021813139879,1.0934505703234025,0.036827715935376704,5.501586061712062,0.06343484172912128
newyork,link+k50,0,7,20,52,81,0.7992039813313195,8.729930597367986,0.11874142111162031,0.5960978991544623,0.6145437438874928,0.8297411391856593,-0.1398789259318866,0.7355435334315461,0.8499696695841638,-0.03093702415291477,0.8804238830360127,0.8897706030181859,0.029414313480322418,5.921059769842313,0.07655644552285923,1.0934505703234025,0.0225632325059546,5.278791356236917,0.10751668089681554
newyork,link+k50,0,8,20,52,81,0.7992039813313195,8.732456545890535,0.11710192320354176,0.5926687052007379,0.6145437438874928,0.8298401772781856,-0.13975512831622866,0.7355435334315461,0.8516037981108484,-0.026529829035492725,0.8804238830360127,0.887851739975488,0.02588608143407156,5.955354952102097,0.07825247285737277,1.0934505703234025,0.024926451507284897,5.31516583849857,0.10176137621351544
newyork,link+k50,0,9,20,52,81,0.7992039813313195,8.74119603230916,-0.15858262711986287,0.5969892419871994,0.6145437438874928,0.8346682842888445,-0.13324337373262196,0.7355435334315461,0.8555900813350334,-0.015165207918095502,0.8804238830360127,0.8893001720786857,0.032707330056823136,5.942045252548926,0.0778934597719648,1.0934505703234025,0.0472566898544462,5.6636437176535654,0.06232805236694805
newyork,link+k50d,0,0,20,52,81,0.7992039813313195,8.755297705877386,0.12278287189946478,0.5916288052292112,0.6145437438874928,0.823328422694579,-0.14475655198880877,0.7355435334315461,0.8418485459970041,-0.034205281206283966,0.8804238830360127,0.8839149757975662,0.03539373831660009,6.117894389510698,0.08168166681109722,1.0934505703234025,0.023362729466638754,5.1323563066996805,0.12588938430888907
newyork,link,1,0,20,58,79,0.7963374475407604,8.73634941334973,0.05761433176109383,0.5961350384391597,0.6145437438874928,0.8243311833814081,-0.14459561508845342,0.7355435334315461,0.845252980427597,-0.031766468177822915,0.8804238830360127,0.8841501912673162,0.03701548708171887,6.114862687027408,0.07940379068299144,1.0934505703234025,0.019638014747269006,5.589864845209275,0.08342029535464701
newyork,link,1,0,10,58,79,0.7963374475407604,8.48495465722342,-0.019132205099352744,0.6099508523465837,0.5258922713148545,0.831610483182094,-0.14523936268987464,0.6682595293214653,0.8269061737870929,-0.05291110093219609,0.8000792304740211,0.846565235153571,0.03892197036285083,7.474573355535479,0.08471470839471633,1.267517134431067,-0.1430858336220382,6.53770764844066,0.06876828943868052
newyork,link_reg,1,0,20,58,79,0.7963374475407604,8.73634941334973,0.05761433176109383,0.6016687918590687,0.6145437438874928,0.8245045000433292,-0.144026146056427,0.7355435334315461,0.8490535672282952,-0.023657724352229015,0.8804238830360127,0.8809685925449076,0.11710016465082884,6.330797283216143,0.3139259937853597,1.0934505703234025,-0.3527269730487569,5.4347542529702135,0.07149859279638249
newyork,link_reg,1,0,10,58,79,0.7963374475407604,8.48495465722342,-0.019132205099352744,0.5848570756527229,0.5258922713148545,0.8322170914988177,-0.14423660200304544,0.6682595293214653,0.8370204389863451,-0.03462619309952086,0.8000792304740211,0.8021714101786399,0.19512980180001738,7.126173666927573,0.28548968146873493,1.267517134431067,-0.49091190279647823,6.593628400714989,0.00987629688747016
newyork,link+k10,1,0,20,58,79,0.7963374475407604,8.813555985398166,-0.4271390026220184,0.6016935513822004,0.6145437438874928,0.8293697463386855,-0.13502605939809603,0.7355435334315461,0.8472213625165579,-0.00848013667256764,0.8804238830360127,0.8854500662317244,0.037448778736521526,6.133735460532914,0.07871052403530708,1.0934505703234025,0.03896776576048078,5.59324669062739,0.07832906428865072
newyork,link+k10,1,1,20,58,79,0.7963374475407604,8.789759814389752,-0.053065867186857255,0.5635143667132971,0.6145437438874928,0.8289735939685802,-0.13589264270770152,0.7355435334315461,0.8475556160788343,-0.012478799658318551,0.8804238830360127,0.8861680924025404,0.0378449311066269,6.232191094380868,0.07836389071146489,1.0934505703234025,0.05459962539135499,5.810622868967404,0.09891534642507027
newyork,link+k10,1,2,20,58,79,0.7963374475407604,8.86028945245831,0.4190802088206662,0.5488938683040965,0.6145437438874928,0.8215457370291048,-0.14795053047278317,0.7355435334315461,0.8417990269507409,-0.036507916857521305,0.8804238830360127,0.8836302412815529,0.025353751686742476,6.179869297888676,0.086163140497914,1.0934505703234025,0.01833196473565235,5.647797141317079,0.13401638048256026
newyork,link+k10,1,3,20,58,79,0.7963374475407604,8.922093512122343,0.6967072136482667,0.5489681468734913,0.6145437438874928,0.8200973049259072,-0.1507854958713496,0.7355435334315461,0.8425541924062543,-0.04238830360127266,0.8804238830360127,0.8845215841142899,0.030404694405585797,6.28740300541162,0.07822771333424118,1.0934505703234025,0.030565081630607338,6.247129055188999,0.08566549663219813
newyork,link+k10,1,4,20,58,79,0.7963374475407604,8.862665482998938,0.10449780353967393,0.5804375007737351,0.6145437438874928,0.82803273208958,-0.13690778315609647,0.7355435334315461,0.8494620993599663,-0.016366044789977385,0.8804238830360127,0.8847815591071716,0.033635812174257484,6.16714095821641,0.07851244785025441,1.0934505703234025,0.048516996988992034,6.023093610617847,0.049236315340100534
newyork,link+k10,1,5,20,58,79,0.7963374475407604,8.97659063261913,0.1342190631262814,0.5849561137452493,0.6145437438874928,0.8280203523280142,-0.13464228678955648,0.7355435334315461,0.8469613875236763,0.004530992733079997,0.8804238830360127,0.8844720650680268,0.027260234967874553,6.280223590013655,0.07838865023459649,1.0934505703234025,0.05939811061872047,6.041497990445489,0.06757739619896919
newyork,link+k10,1,6,20,58,79,0.7963374475407604,8.76837129767994,-0.09558641114549292,0.5839904923431175,0.6145437438874928,0.8291345308689355,-0.13682112482513592,0.7355435334315461,0.847753692263887,-0.0181487304554514,0.8804238830360127,0.8863166495413298,0.03814204538420596,6.179876037728606,0.07864862522747812,1.0934505703234025,0.048961667877790216,5.838753505345763,0.08604496727065736
newyork,link+k10,1,7,20,58,79,0.7963374475407604,8.846574951782353,0.8227703439439784,0.5660645975958503,0.6145437438874928,0.8212114834668284,-0.15135496490337602,0.7355435334315461,0.8466271339613999,-0.0365821954269161,0.8804238830360127,0.8836302412815529,0.027235475444742918,6.1065185289292305,0.0783515109498991,1.0934505703234025,0.009856848932172868,6.048153743671763,0.07178319577522685
newyork,link+k10,1,8,20,58,79,0.7963374475407604,8.843014128863576,0.16506140122284338,0.558339626378796,0.6145437438874928,0.8256929571536452,-0.14375379130197957,0.7355435334315461,0.8440273840325835,-0.02667838617428231,0.8804238830360127,0.8842863686445399,0.031184619384230672,6.185549782049469,0.07890860022035975,1.0934505703234025,0.03859776069925158,5.736657377602753,0.11137463238781908
newyork,link+k10,1,9,20,58,79,0.7963374475407604,8.86895069722658,-1.075081124395236,0.6049370489124379,0.6145437438874928,0.834643524765713,-0.12306720972554075,0.7355435334315461,0.8445720935414784,0.019027693526622702,0.8804238830360127,0.885289129331369,0.0352823204625079,6.246693454926968,0.07779442167943845,1.0934505703234025,0.06185620255870394,5.865847933200396,0.05565569364070444
newyork,link+k10d,1,0,20,58,79,0.7963374475407604,8.805793723540123,-0.20819565231657786,0.5784443591616425,0.6145437438874928,0.827611820196343,-0.13782388551196512,0.7355435334315461,0.8450796637656759,-0.018718199487477882,0.8804238830360127,0.8839149757975662,0.03690406922762668,6.1633044818722125,0.07940379068299144,1.0934505703234025,0.030634488995328946,5.740062093444806,0.08996616386807066
newyork,link+k25,1,0,20,58,79,0.7963374475407604,8.752900015080689,-0.1510370577714915,0.5917402230833034,0.6145437438874928,0.8309419760575412,-0.13736583433403077,0.7355435334315461,0.8498087326838085,-0.02069896133800464,0.8804238830360127,0.8855862436089481,0.03171694913155976,6.0093792840408256,0.07703925622392513,1.0934505703234025,0.023869633194593787,5.825163914877894,0.057015463428517155
newyork,link+k25,1,1,20,58,79,0.7963374475407604,8.785695183372637,-0.18193923947058874,0.5678225237381928,0.6145437438874928,0.8294811641927776,-0.13724203671837287,0.7355435334315461,0.8455253351820444,-0.02270448271166292,0.8804238830360127,0.8874308280822512,0.03452715500699455,6.057516731347557,0.0773858895477673,1.0934505703234025,0.004216738563398437,5.700612675538498,0.14460993580621695
newyork,link+k25,1,2,20,58,79,0.7963374475407604,8.728259341717582,-0.311395867510984,0.61434566770244,0.6145437438874928,0.8324151676838704,-0.13386236181091155,0.7355435334315461,0.8496477957834532,-0.013308243683226695,0.8804238830360127,0.8860814340715798,0.032831127672481086,6.025158597559557,0.07947806925238621,1.0934505703234025,0.02715227610083004,5.530066890875622,0.09116782088985875
newyork,link+k25,1,3,20,58,79,0.7963374475407604,8.940142035714782,1.1516366066064219,0.563935278606534,0.6145437438874928,0.8210629263280389,-0.15670302189979823,0.7355435334315461,0.8433960161927281,-0.05499090087524916,0.8804238830360127,0.8851529519541453,0.024276712430518654,5.936839498972765,0.07658120504599081,1.0934505703234025,0.009441530457627856,5.6060159989523,0.10523985706605954
newyork,link+k25,1,4,20,58,79,0.7963374475407604,8.76559733299806,-0.008154744374441022,0.6017554501900293,0.6145437438874928,0.8282060487515011,-0.14178540921301863,0.7355435334315461,0.8490288077051636,-0.03316538123475743,0.8804238830360127,0.8864652066801193,0.03217500030949405,6.076625518951093,0.07858672641964916,1.0934505703234025,-0.0053997357779655974,5.590900502593138,0.11140625494102396
newyork,link+k25,1,5,20,58,79,0.7963374475407604,8.780552821022189,-0.5008963567429264,0.5957265063074885,0.6145437438874928,0.8335912450326207,-0.1301608131027397,0.7355435334315461,0.8490288077051636,-0.013432041298884534,0.8804238830360127,0.8871584733278037,0.03846391918491654,6.053828196868039,0.07696497765453038,1.0934505703234025,0.04230090651463425,5.604334175439988,0.0841159915251557
newyork,link+k25,1,6,20,58,79,0.7963374475407604,8.750213382372856,-0.15447485875563516,0.607140646471149,0.6145437438874928,0.8307686593956201,-0.13600406056179365,0.7355435334315461,0.8489916684204663,-0.018668680441214724,0.8804238830360127,0.8863166495413298,0.033759609789915435,6.025477546069032,0.07815343476484643,1.0934505703234025,0.04361185307380899,5.492096777030187,0.08800556556936412
newyork,link+k25,1,7,20,58,79,0.7963374475407604,8.760376444685892,0.47415903692044115,0.5830372507025515,0.6145437438874928,0.8276489594810404,-0.14615546504574328,0.7355435334315461,0.8492640231749137,-0.04020946556569316,0.8804238830360127,0.8865394852495141,0.034502395483863024,6.0122854458993205,0.0773858895477673,1.0934505703234025,0.01778436333887723,5.649055646444087,0.09591120387060048
newyork,link+k25,1,8,20,58,79,0.7963374475407604,8.740916862670927,-0.310634230993371,0.6111021701722025,0.6145437438874928,0.8316352427052255,-0.13429565346571432,0.7355435334315461,0.8495487576909269,-0.01328348416009506,0.8804238830360127,0.8879260185448828,0.037498297782784684,6.0036197025424025,0.07737350978620151,1.0934505703234025,0.03333830563243301,5.498979482895605,0.08082724599184132
newyork,link+k25,1,9,20,58,79,0.7963374475407604,8.738210934042097,-0.04800901555582569,0.6047884917736485,0.6145437438874928,0.8298896963244488,-0.13901234262228113,0.7355435334315461,0.8490907065129926,-0.023273951743689403,0.8804238830360127,0.8863166495413298,0.034502395483863024,6.008789128472596,0.07687831932356982,1.0934505703234025,0.023918193099906837,5.419627944536373,0.09015589918730038
newyork,link+k25d,1,0,20,58,79,0.7963374475407604,8.774581138428237,-0.20137379553067236,0.5862064696633943,0.6145437438874928,0.8264357428475928,-0.14060933186426833,0.7355435334315461,0.8443863971179915,-0.02381866125258425,0.8804238830360127,0.8842492293598425,0.03659457518848186,6.136677428879231,0.07936665139829407,1.0934505703234025,0.02299276903379388,5.536807728035708,0.1032476362141479
newyork,link+k50,1,0,20,58,79,0.7963374475407604,8.7268743237467,-0.027185643994404513,0.5953303539373832,0.6145437438874928,0.8345568664347525,-0.13704396053332019,0.7355435334315461,0.8523094445200985,-0.02669076593584807,0.8804238830360127,0.8895477673100016,0.03080084677569117,5.823111121038459,0.07450140510293772,1.0934505703234025,0.013565395720101181,5.335622999541794,0.09973753280839892
newyork,link+k50,1,1,20,58,79,0.7963374475407604,8.72884397540784,0.14801243519863058,0.6209317008554415,0.6145437438874928,0.8322294712603835,-0.13951991284647863,0.7355435334315461,0.8526808373670723,-0.03577751092513959,0.8804238830360127,0.8875422459363432,0.03042945392871732,5.831692380138369,0.07591269792143804,1.0934505703234025,0.007926889115056346,5.231919320428616,0.09999051323403862
newyork,link+k50,1,2,20,58,79,0.7963374475407604,8.729082212222009,-0.11954388847603506,0.5868378375032497,0.6145437438874928,0.8342102331109102,-0.13333003206358252,0.7355435334315461,0.8541045099471384,-0.01665077930599057,0.8804238830360127,0.889943919680107,0.03149411342337549,5.898686977862393,0.07542988722037214,1.0934505703234025,0.030223584194314812,5.318673592280622,0.09091484046421905
newyork,link+k50,1,3,20,58,79,0.7963374475407604,8.73885559796113,-0.441813613139774,0.6053579608056748,0.6145437438874928,0.835596766406279,-0.1303341297646608,0.7355435334315461,0.8513438231179667,-0.013444421060450407,0.8804238830360127,0.8910085791747651,0.037634475160008396,5.872426790213697,0.07462520271859564,1.0934505703234025,0.025878999292281213,5.36011304750409,0.1039117098314517
newyork,link+k50,1,4,20,58,79,0.7963374475407604,8.754262994180579,0.6411673135776796,0.6001708407096079,0.6145437438874928,0.8300134939401067,-0.14624212337670384,0.7355435334315461,0.8496106564987558,-0.04865246295356351,0.8804238830360127,0.8879631578295802,0.02981046585042768,5.825832325121873,0.07514515270435891,1.0934505703234025,0.007124037755086299,5.459821340998326,0.09806153748853674
newyork,link+k50,1,5,20,58,79,0.7963374475407604,8.723956298325179,-0.1096251916216569,0.6134419451081372,0.6145437438874928,0.8357577033066343,-0.13344144991767465,0.7355435334315461,0.8530893694987435,-0.01994379588249129,0.8804238830360127,0.8889535387548436,0.031518872946507015,5.869211421571454,0.07973804424526784,1.0934505703234025,0.01828499120512861,5.394175792810822,0.10030673876608787
newyork,link+k50,1,6,20,58,79,0.7963374475407604,8.73697268290662,-0.0683987851323543,0.6154969855280588,0.6145437438874928,0.8360052985379501,-0.13212919519170063,0.7355435334315461,0.8553301063421519,-0.01790113522413561,0.8804238830360127,0.8886069054310014,0.0316674300852966,5.871588992095783,0.07507087413496416,1.0934505703234025,0.03378133509938497,5.6012952741602025,0.06561679790026242
newyork,link+k50,1,7,20,58,79,0.7963374475407604,8.724170914003658,0.09061171873766691,0.6038971489409114,0.6145437438874928,0.8317342807977518,-0.13776198670413614,0.7355435334315461,0.8504896195699271,-0.03061515035220419,0.8804238830360127,0.8904391101427387,0.0316674300852966,5.896101015577562,0.07441474677197717,1.0934505703234025,0.022225083799381595,5.393115115434679,0.10046485153211271
newyork,link+k50,1,8,20,58,79,0.7963374475407604,8.731767399442026,0.17231264014004496,0.5980043824355943,0.6145437438874928,0.8306448617799621,-0.13865332953687315,0.7355435334315461,0.8512571647870062,-0.030788467014125298,0.8804238830360127,0.8882850316302908,0.028522970647585355,5.911432201359128,0.07586317887517487,1.0934505703234025,0.019175686322070007,5.2826226053116185,0.10033836131929297
newyork,link+k50,1,9,20,58,79,0.7963374475407604,8.738514484970974,-0.11446703637832845,0.6006660311722396,0.6145437438874928,0.8362405140077002,-0.1312254725973978,0.7355435334315461,0.8555777015734677,-0.01958478279708331,0.8804238830360127,0.8893249316018174,0.0335986728895602,5.871366209001283,0.07571462173638535,1.0934505703234025,0.04009052826434001,5.657952959596114,0.054928374916990874
newyork,link+k50d,1,0,20,58,79,0.7963374475407604,8.748290880579448,-0.0322102027951682,0.6021020835138715,0.6145437438874928,0.826361464278198,-0.14211966277529497,0.7355435334315461,0.8442997387870309,-0.03128365747675699,0.8804238830360127,0.8843854067370662,0.0371764239820741,6.064524799808582,0.07935427163672827,1.0934505703234025,0.023056045986763474,5.213207077428981,0.1110900294089745
newyork,link,2,0,20,56,78,0.7995654703690407,8.728237546077331,-0.00366182370607846,0.5973977741188705,0.6145437438874928,0.8268318952176981,-0.13949515332334705,0.7355435334315461,0.843160800722978,-0.017096450722359102,0.8804238830360127,0.8847320400609084,0.043490102380628115,6.055461053324372,0.07536798841254318,1.0934505703234025,0.029748044833443732,5.7468576483405105,0.07247889194573576
newyork,link,2,0,10,56,78,0.7995654703690407,8.484151084572579,-0.1633110689243348,0.6044294786882405,0.5258922713148545,0.8342349926340419,-0.1392970771382943,0.6682595293214653,0.8316476224667912,-0.029773326565730285,0.8000792304740211,0.8469861470468079,0.048107753444668666,7.413362419502071,0.07784394072570162,1.267517134431067,-0.1192038352977689,6.690979474141798,0.05274009044958761
newyork,link_reg,2,0,20,56,78,0.7995654703690407,8.728237546077331,-0.00366182370607846,0.6056426953216881,0.6145437438874928,0.8270547309258823,-0.13922279856889963,0.7355435334315461,0.8459214875521498,-0.010423759238397112,0.8804238830360127,0.8808695544523812,0.11828862176114485,6.187388195273957,0.3055696547284499,1.0934505703234025,-0.34913972868813303,5.622137085331289,0.0553078455554501
newyork,link_reg,2,0,10,56,78,0.7995654703690407,8.484151084572579,-0.1633110689243348,0.5828391745174988,0.5258922713148545,0.8346187652425814,-0.1388637854834916,0.6682595293214653,0.8384069722817139,-0.01533852458001661,0.8000792304740211,0.8019609542320215,0.19739529816655732,7.044178739958307,0.2732213377570348,1.267517134431067,-0.48286001386518274,6.950937195032004,-0.02716812982176109
newyork,link+k10,2,0,20,56,78,0.7995654703690407,8.817653019556117,-0.6972137627947305,0.6060388476917935,0.6145437438874928,0.8331827129009495,-0.12645926439456784,0.7355435334315461,0.8433093578617675,0.012218824665437,0.8804238830360127,0.8860195352637508,0.0436386595194177,6.101705309944941,0.07471186104955618,1.0934505703234025,0.05464154400232202,5.675289135968134,0.06273914555861237
newyork,link+k10,2,1,20,56,78,0.7995654703690407,8.770017457084139,-0.0362508884476672,0.5689614618022457,0.6145437438874928,0.8294440249080802,-0.13388712133404318,0.7355435334315461,0.8458348292211892,-0.0017207868576450958,0.8804238830360127,0.886069054310014,0.04344058333436496,6.16117623799236,0.07447664557980613,1.0934505703234025,0.061508819733777864,5.772434678415781,0.08316731492900731
newyork,link+k10,2,2,20,56,78,0.7995654703690407,8.835070478952241,0.1886430920817768,0.5561731681047823,0.6145437438874928,0.8255196404917241,-0.1415006746970054,0.7355435334315461,0.8408829245948723,-0.01726976738428021,0.8804238830360127,0.8846825210146453,0.03390816692870502,6.115348205900914,0.07498421580400362,1.0934505703234025,0.03042909138740102,5.559098523881895,0.11033108813205583
newyork,link+k10,2,3,20,56,78,0.7995654703690407,8.931761549310215,0.8316028393006255,0.5549847109944662,0.6145437438874928,0.8208277108582889,-0.1494856209069414,0.7355435334315461,0.8422199388439778,-0.03479950976144197,0.8804238830360127,0.8858709781249613,0.036186043056810724,6.184643678949631,0.07422905034849028,1.0934505703234025,0.033249945910202916,6.186288430962858,0.07485058343610662
newyork,link+k10,2,4,20,56,78,0.7995654703690407,8.845449175620365,0.10505968249329257,0.5829753518947225,0.6145437438874928,0.8295430630006067,-0.13363952610272734,0.7355435334315461,0.8477041732176238,-0.004630030825606313,0.8804238830360127,0.8857224209861718,0.041608378622627784,6.106656917441071,0.07451378486450351,1.0934505703234025,0.05618143368121009,6.0214003519292225,0.04234259874142232
newyork,link+k10,2,5,20,56,78,0.7995654703690407,8.970815688155817,0.30177255788650753,0.5885957636455922,0.6145437438874928,0.827611820196343,-0.13576884509204357,0.7355435334315461,0.8441759411713731,0.009148643797120437,0.8804238830360127,0.8846206222068163,0.033821508597744465,6.204425220591705,0.07431570867945084,1.0934505703234025,0.06275381705448435,6.097539581550962,0.05824874300351013
newyork,link+k10,2,6,20,56,78,0.7995654703690407,8.765754328173832,-0.04333710018885369,0.5873330279658814,0.6145437438874928,0.8306201022568306,-0.13370142491055625,0.7355435334315461,0.8453272589969917,-0.008121123587159662,0.8804238830360127,0.8862918900181983,0.04334154524183864,6.126179743729809,0.07462520271859564,1.0934505703234025,0.056388982973588186,5.843622698059393,0.05767953704582118
newyork,link+k10,2,7,20,56,78,0.7995654703690407,8.832016214567389,0.8225474233827086,0.5746190128378127,0.6145437438874928,0.8232293846020525,-0.14829716379662533,0.7355435334315461,0.8454758161357813,-0.026220334996348016,0.8804238830360127,0.884459685306461,0.03395768597496818,6.025874693048508,0.07440236701041138,1.0934505703234025,0.016999627417176644,6.068844783832777,0.056952218322107395
newyork,link+k10,2,8,20,56,78,0.7995654703690407,8.831881285384979,0.22616528038401842,0.5669064213823242,0.6145437438874928,0.8267328571251717,-0.14187206754397913,0.7355435334315461,0.8422942174133726,-0.017913514985701373,0.8804238830360127,0.8852148507619744,0.03988759176498258,6.117204033108181,0.07497183604243782,1.0934505703234025,0.04437741931398742,5.729849075720963,0.09723935110520832
newyork,link+k10,2,9,20,56,78,0.7995654703690407,8.883642716499933,-1.2143086374445295,0.6096661178305706,0.6145437438874928,0.8368347425628583,-0.11696398727360519,0.7355435334315461,0.8404124936553722,0.03858771680057438,0.8804238830360127,0.8865766245342115,0.043601520234720303,6.19239301129993,0.07363482179333226,1.0934505703234025,0.07392562151330595,5.834184424994982,0.04623217278563074
newyork,link+k10d,2,0,20,56,78,0.7995654703690407,8.765383319321861,-0.11188284959771476,0.5781967639303267,0.6145437438874928,0.828688859452567,-0.13640021293189897,0.7355435334315461,0.8406477091251222,-0.011859811580028912,0.8804238830360127,0.884818698391869,0.042982532156430664,6.075771267865602,0.07536798841254318,1.0934505703234025,0.02898490903923112,5.511027625006427,0.09774531195648728
newyork,link+k25,2,0,20,56,78,0.7995654703690407,8.746970297063971,-0.27396536583231423,0.594154276588633,0.6145437438874928,0.8332198521856469,-0.1317206630600295,0.7355435334315461,0.8477289327407554,-0.005422335565816949,0.8804238830360127,0.8872203721356327,0.038872451316587675,5.953905889119823,0.07328818846949008,1.0934505703234025,0.03527234583788674,5.840972734511392,0.05034310470227377
newyork,link+k25,2,1,20,56,78,0.7995654703690407,8.775197043502462,-0.13228599130363494,0.5740619235673521,0.6145437438874928,0.8310905331963306,-0.13484036297460916,0.7355435334315461,0.8429132054916623,-0.013877712715253065,0.8804238830360127,0.8882602721071592,0.04152172029166723,5.9610426141039,0.07336246703888483,1.0934505703234025,0.008979217608717338,5.542866784701101,0.1292729975018183
newyork,link+k25,2,2,20,56,78,0.7995654703690407,8.720604948942372,-0.28653908281021623,0.612142070143729,0.6145437438874928,0.8338388402639365,-0.13085407975042407,0.7355435334315461,0.8470975649009,-0.0034787129999875877,0.8804238830360127,0.8880745756836723,0.04227688574718047,5.941602161182934,0.07296631466877948,1.0934505703234025,0.03389256833491805,5.455362641358678,0.08484331024886949
newyork,link+k25,2,3,20,56,78,0.7995654703690407,8.941838638410726,1.1895066022663372,0.5679091820691533,0.6145437438874928,0.8222142441536576,-0.15371949936244234,0.7355435334315461,0.8435074340468203,-0.044728078537207394,0.8804238830360127,0.887616524505738,0.035257560939376376,5.871238262545452,0.07289203609938473,1.0934505703234025,0.01989652064986669,5.588067124382672,0.09458305663599287
newyork,link+k25,2,4,20,56,78,0.7995654703690407,8.758796635856681,0.0079816291539134,0.6062245441152804,0.6145437438874928,0.8296544808546987,-0.1387771271525311,0.7355435334315461,0.8486202755734924,-0.021293189893162645,0.8804238830360127,0.8877527018829617,0.03945430011017992,5.9940946909475175,0.07343674560827959,1.0934505703234025,0.0023028861723637384,5.645924360623862,0.09866236599943079
newyork,link+k25,2,5,20,56,78,0.7995654703690407,8.786308565259256,-0.6189499357475493,0.5992299788306077,0.6145437438874928,0.8369214008938188,-0.12353764066504086,0.7355435334315461,0.8454386768510839,0.004543372494645759,0.8804238830360127,0.8878269804523565,0.0433910642881018,5.995067846667533,0.07297869443034527,1.0934505703234025,0.05324649195622544,5.621021291522185,0.07209942130727631
newyork,link+k25,2,6,20,56,78,0.7995654703690407,8.7446921504458,-0.2072072414675898,0.612377285613479,0.6145437438874928,0.8327246617230152,-0.13184446067568745,0.7355435334315461,0.8463052601606893,-0.004370055832724651,0.8804238830360127,0.8874060685591195,0.04215308813152263,5.9765803229790855,0.07431570867945084,1.0934505703234025,0.053939432923129305,5.52861327640646,0.0734908136482939
newyork,link+k25,2,7,20,56,78,0.7995654703690407,8.750765832597963,0.4844621904015736,0.5859341149089469,0.6145437438874928,0.8287755177835275,-0.14247867586070295,0.7355435334315461,0.8485707565272292,-0.029141958725874884,0.8804238830360127,0.8874184483206854,0.04119984649095665,5.944366467286395,0.07351102417767434,1.0934505703234025,0.02688970792048595,5.703730389132651,0.08705688897321573
newyork,link+k25,2,8,20,56,78,0.7995654703690407,8.734038878436758,-0.2649462465793572,0.6131076915458609,0.6145437438874928,0.8332198521856469,-0.1312502321205294,0.7355435334315461,0.8471347041855973,-0.003763447516000884,0.8804238830360127,0.8878269804523565,0.04240068336283842,5.94045355629904,0.07368434083959544,1.0934505703234025,0.037963596655144816,5.5387031200191235,0.07371217152072851
newyork,link+k25,2,9,20,56,78,0.7995654703690407,8.736108783338159,-0.12672399896861067,0.6068930512398332,0.6145437438874928,0.8317095212746203,-0.13392426061874052,0.7355435334315461,0.8464538172994788,-0.00860393428822559,0.8804238830360127,0.8877279423598301,0.04334154524183864,5.944414993041585,0.07232256706735828,1.0934505703234025,0.035040580031301616,5.461602379787095,0.08490655535527947
newyork,link+k25d,2,0,20,56,78,0.7995654703690407,8.768627010543321,-0.11516222423446672,0.5868006982185523,0.6145437438874928,0.8280079725664484,-0.13740297361872816,0.7355435334315461,0.8410067222105302,-0.01546232219567456,0.8804238830360127,0.8849177364843953,0.043725317850378254,6.065231475622418,0.07535560865097739,1.0934505703234025,0.029585989088373177,5.516175936059528,0.097935047275717
newyork,link+k50,2,0,20,56,78,0.7995654703690407,8.720468514531335,-0.06334729074911125,0.6010126644960818,0.6145437438874928,0.8363766913849239,-0.13314433564009565,0.7355435334315461,0.8500439481535585,-0.01459573888606902,0.8804238830360127,0.8910457184594625,0.03972665486462734,5.749216106780217,0.07096079329512113,1.0934505703234025,0.021416961062156625,5.352571378639228,0.09249596812446637
newyork,link+k50,2,1,20,56,78,0.7995654703690407,8.722736994721153,0.10234253763114162,0.6251408197878109,0.6145437438874928,0.8342968914418708,-0.13485274273617492,0.7355435334315461,0.8517771147727695,-0.022543545811307686,0.8804238830360127,0.8896468054025279,0.039120046547903464,5.757237719309679,0.07201307302821347,1.0934505703234025,0.01842981091000362,5.270030560347248,0.08749960471808493
newyork,link+k50,2,2,20,56,78,0.7995654703690407,8.722640514527738,-0.05226663843517018,0.5907127028733427,0.6145437438874928,0.8349158795201604,-0.13215395471483227,0.7355435334315461,0.8517894945343353,-0.00685838790744886,0.8804238830360127,0.8910580982210282,0.039689515579929946,5.8209413436631445,0.07170357898906866,1.0934505703234025,0.03540243686850375,5.319593840566144,0.0845587072700249
newyork,link+k50,2,3,20,56,78,0.7995654703690407,8.730312547475156,-0.42428718803131993,0.6106936380405313,0.6145437438874928,0.8378127437265558,-0.12725156913477853,0.7355435334315461,0.8488059719969794,-0.00162174876511878,0.8804238830360127,0.8909095410822387,0.04216546789308839,5.797030461022254,0.07057702068658157,1.0934505703234025,0.031553588576623604,5.377016929263421,0.0951838851468867
newyork,link+k50,2,4,20,56,78,0.7995654703690407,8.743335352074771,0.5514923882390191,0.6060017084070961,0.6145437438874928,0.8320437748368966,-0.14208252349059763,0.7355435334315461,0.8495611374524926,-0.034019584782797097,0.8804238830360127,0.8890525768473699,0.039565717964271996,5.751298996475122,0.0713445659036607,1.0934505703234025,0.017019783994494553,5.416473916481188,0.09205325237959716
newyork,link+k50,2,5,20,56,78,0.7995654703690407,8.719157294080908,-0.14517370116115183,0.6184805080654147,0.6145437438874928,0.8374661104027137,-0.12891045718459465,0.7355435334315461,0.850378201715835,-0.006511754583606755,0.8804238830360127,0.8905629077583965,0.03954095844114047,5.803549336389757,0.07398145511717445,1.0934505703234025,0.026736118032271827,5.453957809930019,0.08459032982323
newyork,link+k50,2,6,20,56,78,0.7995654703690407,8.728001884389764,-0.10024225005812222,0.6246208698020476,0.6145437438874928,0.83732993302549,-0.12894759646929205,0.7355435334315461,0.8540549909008752,-0.0051128415266722405,0.8804238830360127,0.8905752875199624,0.04029612389665371,5.791322834041337,0.07094841353355534,1.0934505703234025,0.04092979072204561,5.495169819203557,0.06403567024001511
newyork,link+k50,2,7,20,56,78,0.7995654703690407,8.719759613410778,0.07092070556583438,0.6039466679871746,0.6145437438874928,0.833690283125147,-0.13367666538742468,0.7355435334315461,0.8490907065129926,-0.019287668519504364,0.8804238830360127,0.8921227577156864,0.04015994651943,5.8241786560720605,0.0708617552025948,1.0934505703234025,0.029111646441452033,5.382035934835232,0.09799829238212698
newyork,link+k50,2,8,20,56,78,0.7995654703690407,8.722598404100003,0.1501067129558588,0.6032781608626218,0.6145437438874928,0.8332817509934759,-0.1342832737041485,0.7355435334315461,0.849722074352848,-0.018408705448333063,0.8804238830360127,0.8893496911249489,0.03634697995716607,5.83073880366362,0.07180261708159501,1.0934505703234025,0.027247511143782432,5.328335793020106,0.08885937450589765
newyork,link+k50,2,9,20,56,78,0.7995654703690407,8.731310502086165,-0.10136317953647288,0.6063731012540698,0.6145437438874928,0.8372927937407926,-0.12774675959741022,0.7355435334315461,0.8533245849684935,-0.008170642633422931,0.8804238830360127,0.8903772113349097,0.041187466729390776,5.811073489754094,0.07191403493568714,1.0934505703234025,0.04988962606693037,5.5925985413187576,0.04876197704202645
newyork,link+k50d,2,0,20,56,78,0.7995654703690407,8.740521889517167,-0.027609576509180632,0.6023744382683189,0.6145437438874928,0.8277727570966983,-0.13897520333758379,0.7355435334315461,0.8432350792923728,-0.018359186402069905,0.8804238830360127,0.8849920150537901,0.04345296309593083,5.992016390034743,0.07534322888941158,1.0934505703234025,0.03212003216401271,5.184231027922282,0.10252031749043411
newyork,link,3,0,20,69,81,0.7955977567872042,8.734324174768524,0.02068101435428464,0.5983014967131733,0.6145437438874928,0.8241826262426186,-0.14348143654753215,0.7355435334315461,0.8446092328261757,-0.01970858041274126,0.8804238830360127,0.8841501912673162,0.03577751092513959,6.174842565064562,0.08101315968654443,1.0934505703234025,0.02174176067953293,5.624224062460136,0.08800556556936412
newyork,link,3,0,10,69,81,0.7955977567872042,8.486699736617288,-0.09228022942170905,0.6077720143110044,0.5258922713148545,0.8309667355806727,-0.14429850081087442,0.6682595293214653,0.8276489594810404,-0.031890265793480865,0.8000792304740211,0.8472956410859527,0.03848867870804806,7.513555508926266,0.08540797504240068,1.267517134431067,-0.14187959635024128,6.653719598386715,0.06401303538175052
newyork,link_reg,3,0,20,69,81,0.7955977567872042,8.734324174768524,0.02068101435428464,0.6063112024462409,0.6145437438874928,0.8243683226661055,-0.14292434727707148,0.7355435334315461,0.8474441982247422,-0.011946469910989466,0.8804238830360127,0.8813276056303155,0.11661735394976291,6.2210661838769425,0.30633719994552905,1.0934505703234025,-0.34860185934125576,5.521544299833149,0.07450273535085228
newyork,link_reg,3,0,10,69,81,0.7955977567872042,8.486699736617288,-0.09228022942170905,0.5870854327345655,0.5258922713148545,0.8313133689045149,-0.14360523416319004,0.6682595293214653,0.8341607140646471,-0.017504982854030238,0.8000792304740211,0.801874295901061,0.19604590415588596,7.069181028600787,0.2753877960310484,1.267517134431067,-0.48468926449189076,6.91282308590282,-0.008047353019420056
newyork,link+k10,3,0,20,69,81,0.7955977567872042,8.825029313590322,-0.692612849752118,0.5974844324498311,0.6145437438874928,0.8308553177265806,-0.1297027619248054,0.7355435334315461,0.8462309815912945,0.01065897470814714,0.8804238830360127,0.8853262686160664,0.036928828750758314,6.238612832413243,0.0802703739925969,1.0934505703234025,0.05020746992049885,5.7974651526874075,0.07741201024570721
newyork,link+k10,3,1,20,69,81,0.7955977567872042,8.780152279472594,-0.13080810921663313,0.563105834581626,0.6145437438874928,0.828862176114488,-0.13422137489631952,0.7355435334315461,0.8476794136944923,-0.00029711427757905806,0.8804238830360127,0.8852643698082375,0.0372135632667715,6.265899708958425,0.08007229780754423,1.0934505703234025,0.057467412250528316,5.793330355762357,0.09856749833981593
newyork,link+k10,3,2,20,69,81,0.7955977567872042,8.855149187272348,0.33562286484337356,0.5403889721083972,0.6145437438874928,0.8217314334525917,-0.14729440310979613,0.7355435334315461,0.8416504698119515,-0.025787043341545246,0.8804238830360127,0.8839521150822636,0.025081396932295053,6.238273521343114,0.0806046275548733,1.0934505703234025,0.020693121875326792,5.730112488688502,0.12683806090503746
newyork,link+k10,3,3,20,69,81,0.7955977567872042,8.929582335795065,0.8712132843001993,0.5400299590229892,0.6145437438874928,0.8189831263849858,-0.1536080815083502,0.7355435334315461,0.8437426495165703,-0.03604986567958701,0.8804238830360127,0.8839521150822636,0.028820084925164302,6.334613796207709,0.07986184186092576,1.0934505703234025,0.03364058284139593,6.226858317499415,0.07709578471365774
newyork,link+k10,3,4,20,69,81,0.7955977567872042,8.853689443066541,0.07724746140765605,0.5709050843680751,0.6145437438874928,0.8271661487799745,-0.13772484741943875,0.7355435334315461,0.8485088577194003,-0.006078462928803985,0.8804238830360127,0.8843606472139347,0.03172932889312552,6.238081711397068,0.08013419661537319,1.0934505703234025,0.05135703132039304,6.13287468558506,0.06122126300477504
newyork,link+k10,3,5,20,69,81,0.7955977567872042,8.966529334525642,0.14285379701244333,0.5829134530868936,0.6145437438874928,0.8268690345023955,-0.13403567847283265,0.7355435334315461,0.8455377149436102,0.009767631875410077,0.8804238830360127,0.8841749507904477,0.02693836116716397,6.3261184328610005,0.07997325971501788,1.0934505703234025,0.05972683393141853,6.055007362558734,0.07251051449894064
newyork,link+k10,3,6,20,69,81,0.7955977567872042,8.758155183208984,-0.05754311026914844,0.5726877700335492,0.6145437438874928,0.82826794755933,-0.13659828911695165,0.7355435334315461,0.8474070589400449,-0.010374240192133843,0.8804238830360127,0.8859204971712245,0.03690406922762668,6.249641220724697,0.08018371566163636,1.0934505703234025,0.049951586788310465,5.881819570707583,0.08585523195142786
newyork,link+k10,3,7,20,69,81,0.7955977567872042,8.835885960496446,0.8509050130256385,0.5580796513859143,0.6145437438874928,0.8206667739579335,-0.15316241009198167,0.7355435334315461,0.8453148792354259,-0.02831251470096685,0.8804238830360127,0.8836673805662503,0.0269259814055981,6.1829203414787655,0.07999801923814948,1.0934505703234025,0.013227076546877825,6.325646781840788,0.07428137747841768
newyork,link+k10,3,8,20,69,81,0.7955977567872042,8.830319276299223,0.3878691711860076,0.5562969657204402,0.6145437438874928,0.8238112333956448,-0.14684873169342766,0.7355435334315461,0.8427027495450438,-0.027606868291716657,0.8804238830360127,0.8844968245911584,0.03171694913155976,6.225603968280789,0.08053034898547853,1.0934505703234025,0.03403224972023211,5.881841521423921,0.1115327451538437
newyork,link+k10,3,9,20,69,81,0.7955977567872042,8.87037249145237,-1.0391296915403045,0.5953303539373832,0.6145437438874928,0.8353244116518316,-0.12174257523800097,0.7355435334315461,0.8438664471322282,0.02555182787179522,0.8804238830360127,0.8848434579150005,0.03255877291803366,6.321199609099314,0.07914381569010981,1.0934505703234025,0.062330740452162914,6.013627901285411,0.06330835151630132
newyork,link+k10d,3,0,20,69,81,0.7955977567872042,8.781493185200132,-0.0731289007676811,0.595577949168699,0.6145437438874928,0.8271537690184088,-0.1381086200279783,0.7355435334315461,0.8451415625735048,-0.012441660373621155,0.8804238830360127,0.8838778365128688,0.03533183950877106,6.204640646737416,0.08101315968654443,1.0934505703234025,0.031818014781161974,5.578599701464584,0.09436169876355827
newyork,link+k25,3,0,20,69,81,0.7955977567872042,8.750035878600396,-0.2760287465680416,0.5868749767879471,0.6145437438874928,0.8319323569828045,-0.13536031296037243,0.7355435334315461,0.8483603005806108,-0.0054099558042511875,0.8804238830360127,0.8855119650395533,0.030528492021243636,6.0898076549133915,0.07857434665808337,1.0934505703234025,0.0312017715946582,5.923591795242144,0.05837523321632987
newyork,link+k25,3,1,20,69,81,0.7955977567872042,8.769876487192409,-0.2224872816492782,0.5659903190264556,0.6145437438874928,0.8295554427621724,-0.13647449150129376,0.7355435334315461,0.8469242482389789,-0.011500798494620934,0.8804238830360127,0.8870718149968432,0.033821508597744465,6.099818029714093,0.07878480260470183,1.0934505703234025,0.00842313679415696,5.6850418351202885,0.144040729848528
newyork,link+k25,3,2,20,69,81,0.7955977567872042,8.720447720880475,-0.19585249509825514,0.6029191477772138,0.6145437438874928,0.8315238248511334,-0.13584312366143836,0.7355435334315461,0.8479765279720712,-0.007947806925238665,0.8804238830360127,0.8859328769327903,0.031766468177822915,6.073598193539352,0.0786857645121755,1.0934505703234025,0.02834623146980375,5.463163924833086,0.0997691553616038
newyork,link+k25,3,3,20,69,81,0.7955977567872042,8.931230046421918,1.1109404280485224,0.5631182143431918,0.6145437438874928,0.8200973049259072,-0.15598499572898233,0.7355435334315461,0.8430246233457543,-0.041670277430456704,0.8804238830360127,0.8845711031605531,0.022927318419847298,5.9915519696115,0.07811629548014905,1.0934505703234025,0.01598911340838738,5.52805037774774,0.10441767068273089
newyork,link+k25,3,4,20,69,81,0.7955977567872042,8.754498888855466,0.09404840598696185,0.6057664929373461,0.6145437438874928,0.8266957178404744,-0.142775790138282,0.7355435334315461,0.8489297696126372,-0.025415650494571507,0.8804238830360127,0.8861557126409745,0.030008542035480423,6.085434195975808,0.07903239783601768,1.0934505703234025,-0.008025628016493425,5.537491167946323,0.10580906302374848
newyork,link+k25,3,5,20,69,81,0.7955977567872042,8.7809796009064,-0.5425674293772614,0.5938819218341854,0.6145437438874928,0.8336160045557522,-0.1295665845475817,0.7355435334315461,0.848112705349295,-0.002389293982197893,0.8804238830360127,0.8872327518971984,0.03779541206036374,6.117800134555177,0.07851244785025441,1.0934505703234025,0.04439727041319452,5.567799105332736,0.08281946684375296
newyork,link+k25,3,6,20,69,81,0.7955977567872042,8.741103247662405,-0.02399130970340399,0.6069425702860963,0.6145437438874928,0.8293697463386855,-0.13661066887851747,0.7355435334315461,0.848706933904453,-0.011773153249068469,0.8804238830360127,0.8866509031036062,0.0335986728895602,6.076779712162173,0.0797999430530968,1.0934505703234025,0.04410626285625385,5.573749975428968,0.0843373493975903
newyork,link+k25,3,7,20,69,81,0.7955977567872042,8.742065900215936,0.4066235536055709,0.5826287185708803,0.6145437438874928,0.827017591641185,-0.14527650197457204,0.7355435334315461,0.8495735172140585,-0.027346893298835107,0.8804238830360127,0.8863414090644615,0.03462619309952086,6.052411430327509,0.0786857645121755,1.0934505703234025,0.022458297972481,5.609027862663128,0.09467792429560773
newyork,link+k25,3,8,20,69,81,0.7955977567872042,8.735403660618454,-0.3293179934455271,0.6120058927665053,0.6145437438874928,0.8317466605593177,-0.1333919308714115,0.7355435334315461,0.8487440731891503,-0.0034910927615534604,0.8804238830360127,0.8872327518971984,0.03645839781125815,6.070269131116118,0.0793171323520309,1.0934505703234025,0.035982524061400234,5.459574100232674,0.08822692344179872
newyork,link+k25,3,9,20,69,81,0.7955977567872042,8.732864803251724,-0.04561868520321744,0.6044666179729379,0.6145437438874928,0.8289983534917118,-0.13846763311338628,0.7355435334315461,0.8479270089258081,-0.01203312824195002,0.8804238830360127,0.8860814340715798,0.033945306213402304,6.07728284358459,0.07800487762605693,1.0934505703234025,0.029636523534852355,5.406650900336714,0.09290706131613069
newyork,link+k25d,3,0,20,69,81,0.7955977567872042,8.74440027620753,-0.02700582189812598,0.5960855193928964,0.6145437438874928,0.8247025762283818,-0.14254057466853193,0.7355435334315461,0.8428141673991358,-0.020117112544412397,0.8804238830360127,0.8839892543669609,0.03554229545538956,6.161035857188381,0.08100077992497864,1.0934505703234025,0.01962656551510178,5.403290671372382,0.10821237706732445
newyork,link+k50,3,0,20,69,81,0.7955977567872042,8.71999469550516,-0.0655646389962494,0.593671465887567,0.6145437438874928,0.8340988152568182,-0.13693254267922805,0.7355435334315461,0.8503039231464402,-0.017108830483924864,0.8804238830360127,0.88952300778687,0.030379934882454163,5.871820738784224,0.07609839434492492,1.0934505703234025,0.016209342590649323,5.271224713185127,0.10697909749233148
newyork,link+k50,3,1,20,69,81,0.7955977567872042,8.720757644673704,0.1684915130452729,0.622516310335863,0.6145437438874928,0.8321675724525546,-0.14015128068633403,0.7355435334315461,0.8515790385877168,-0.025415650494571507,0.8804238830360127,0.8876660435520012,0.029067680156480202,5.868312842001299,0.07746016811716207,1.0934505703234025,0.01025018130312616,5.193197295798251,0.10011700344685837
newyork,link+k50,3,2,20,69,81,0.7955977567872042,8.719373506376012,-0.07945397392260904,0.5850056327915124,0.6145437438874928,0.8330093962390285,-0.1338128427646484,0.7355435334315461,0.853237926637533,-0.008207781918120216,0.8804238830360127,0.889882020872278,0.03061515035220419,5.934847208096007,0.07703925622392513,1.0934505703234025,0.030578631069788198,5.283302686654993,0.10021187110647323
newyork,link+k50,3,3,20,69,81,0.7955977567872042,8.731154670311,-0.4437593817419646,0.608861433328794,0.6145437438874928,0.8353491711749632,-0.13035888928779238,0.7355435334315461,0.851801874295901,-0.004196739170803543,0.8804238830360127,0.8902038946729885,0.03678027161196873,5.905848835782134,0.0758012800673459,1.0934505703234025,0.02873782871558972,5.3762508918297165,0.10245707238402435
newyork,link+k50,3,4,20,69,81,0.7955977567872042,8.74581186498943,0.5899807451026978,0.5999975240476868,0.6145437438874928,0.8292583284845934,-0.1448679698429009,0.7355435334315461,0.850551518377756,-0.03614890377211333,0.8804238830360127,0.8873689292744221,0.029042920633348568,5.877864835403664,0.07650692647659606,1.0934505703234025,0.011526035245740474,5.426149813692647,0.10150839578787596
newyork,link+k50,3,5,20,69,81,0.7955977567872042,8.713432201997195,-0.10899066787396848,0.6186909640120332,0.6145437438874928,0.8349777783279894,-0.1329833987397403,0.7355435334315461,0.8519009123884274,-0.009817150921673234,0.8804238830360127,0.8890030578011068,0.030132339651138373,5.91326494582487,0.07971328472213626,1.0934505703234025,0.02183887565957887,5.323705125053903,0.09297030642254045
newyork,link+k50,3,6,20,69,81,0.7955977567872042,8.728692353656472,-0.05239927408465643,0.6092947249835968,0.6145437438874928,0.8355101080753184,-0.13334241182514828,0.7355435334315461,0.8549215742104808,-0.007737350978620161,0.8804238830360127,0.8890401970858042,0.0303675551208884,5.918934114224577,0.07638312886093813,1.0934505703234025,0.037766112339311375,5.661553817305753,0.06884229832716704
newyork,link+k50,3,7,20,69,81,0.7955977567872042,8.715113782682465,0.0990026302695377,0.5904279683573295,0.6145437438874928,0.831189571288857,-0.13704396053332019,0.7355435334315461,0.8506257969471508,-0.02287779937358403,0.8804238830360127,0.8905629077583965,0.03092464439134901,5.944601825439697,0.07625933124528021,1.0934505703234025,0.023660304831217616,5.507938179790299,0.10862347025898877
newyork,link+k50,3,8,20,69,81,0.7955977567872042,8.722540287489672,0.12580603186865694,0.5886824219765527,0.6145437438874928,0.830595342733699,-0.13736583433403077,0.7355435334315461,0.8505019993314928,-0.01844584473303046,0.8804238830360127,0.8880374363989749,0.027631627814848292,5.97038577641319,0.07724971217054359,1.0934505703234025,0.025420851486061213,5.452770136575271,0.10052809663852269
newyork,link+k50,3,9,20,69,81,0.7955977567872042,8.729877275021744,-0.12862749400237744,0.5967787860405809,0.6145437438874928,0.8365004890005818,-0.1314359285440163,0.7355435334315461,0.8546244599329017,-0.009792391398541711,0.8804238830360127,0.8893620708865148,0.032323557448283524,5.92797877576167,0.07718781336271463,1.0934505703234025,0.042462716272550605,5.729413088235733,0.06017771874901179
newyork,link+k50d,3,0,20,69,81,0.7955977567872042,8.738493406756644,0.06935810965865258,0.5958626836847122,0.6145437438874928,0.8248387536056055,-0.14282530918454517,0.7355435334315461,0.8446835113955705,-0.02144174703195212,0.8804238830360127,0.8844225460217636,0.036124144248981804,6.095875324645625,0.08100077992497864,1.0934505703234025,0.02676665725154992,5.165635555471142,0.11668722132624998
newyork,link,4,0,20,70,88,0.7932121767334761,8.729717524934832,0.010646982484552644,0.6002451192790027,0.6145437438874928,0.8279213142354879,-0.13682112482513592,0.7355435334315461,0.8465776149151367,-0.02313777436646569,0.8804238830360127,0.8834940639043292,0.03566609307104751,6.138937462333172,0.07750968716342524,1.0934505703234025,0.032376561202553056,5.635863064956402,0.07703253960724799
newyork,link,4,0,10,70,88,0.7932121767334761,8.479539426236508,-0.10037821381970238,0.6039714275103062,0.5258922713148545,0.834408309295963,-0.13860381049061,0.6682595293214653,0.8288250368297907,-0.03742401921338989,0.8000792304740211,0.8464290577763472,0.04071703578989072,7.438493312173312,0.07967614543743888,1.267517134431067,-0.12825371246982664,6.627371308322412,0.06251662676243686
newyork,link_reg,4,0,20,70,88,0.7932121767334761,8.729717524934832,0.010646982484552644,0.6094185225992548,0.6145437438874928,0.8284660237443827,-0.1358802629461357,0.7355435334315461,0.8498458719685059,-0.014694776978595336,0.8804238830360127,0.8803743639897496,0.11234633620956458,6.20213168719196,0.3028584869455414,1.0934505703234025,-0.3340397013169818,5.549112964794208,0.057078708534927136
newyork,link_reg,4,0,10,70,88,0.7932121767334761,8.479539426236508,-0.10037821381970238,0.585389405400052,0.5258922713148545,0.8353120318902658,-0.13718013791054384,0.6682595293214653,0.8377879842034243,-0.019720960174307023,0.8000792304740211,0.8020104732782847,0.19155205070750336,7.066009970157571,0.27382794607375865,1.267517134431067,-0.4730979533446188,6.894673508486513,-0.02277866453844113
newyork,link+k10,4,0,20,70,88,0.7932121767334761,8.80837521679424,-0.6203287213185852,0.6011612216348713,0.6145437438874928,0.8336407640788839,-0.12488703467571222,0.7355435334315461,0.8484593386731372,0.004691929633435232,0.8804238830360127,0.8848063186303032,0.03603748591802125,6.19058388248539,0.0769154586082672,1.0934505703234025,0.05773872699630145,5.682963063823111,0.07583088258545989
newyork,link+k10,4,1,20,70,88,0.7932121767334761,8.786192697633265,0.044885318626200425,0.5622021119873232,0.6145437438874928,0.8302858486945541,-0.1320549166223059,0.7355435334315461,0.848347920819045,-0.007526895032001657,0.8804238830360127,0.8855614840858165,0.03711452517424518,6.233845481071474,0.07658120504599081,1.0934505703234025,0.06617355624394317,5.817009976771802,0.09714448344559345
newyork,link+k10,4,2,20,70,88,0.7932121767334761,8.863043513132506,0.48523495748854206,0.5441895589090954,0.6145437438874928,0.8232293846020525,-0.14351857583222954,0.7355435334315461,0.8431484209614123,-0.030825606298822694,0.8804238830360127,0.883679760327816,0.027507830199190342,6.1952785687280345,0.07705163598549092,1.0934505703234025,0.028571487215029112,5.655450021567453,0.12345444771210823
newyork,link+k10,4,3,20,70,88,0.7932121767334761,8.926364084048116,0.8015446231050627,0.544932344603043,0.6145437438874928,0.8217685727372891,-0.1476534161952041,0.7355435334315461,0.8440892828404125,-0.03552991569382369,0.8804238830360127,0.8844225460217636,0.03218738007105981,6.30572578082087,0.07639550862250392,1.0934505703234025,0.0448226679785968,6.268035330610299,0.08291433450336783
newyork,link+k10,4,4,20,70,88,0.7932121767334761,8.85761056535956,0.025166293543568304,0.5769587877737474,0.6145437438874928,0.8304096463102121,-0.13118833331270047,0.7355435334315461,0.8506876957549797,-0.007316439085383264,0.8804238830360127,0.8847444198224742,0.03342535622763909,6.213926593844573,0.07664310385381977,1.0934505703234025,0.06239031838441367,6.069255984970391,0.05277804129905439
newyork,link+k10,4,5,20,70,88,0.7932121767334761,8.973320013672323,0.2574325005701396,0.5850056327915124,0.6145437438874928,0.8280079725664484,-0.13113881426643725,0.7355435334315461,0.8473327803706501,0.008863909281107252,0.8804238830360127,0.8843358876908031,0.028956262302388125,6.308924174517893,0.07654406576129344,1.0934505703234025,0.06905304637163079,6.09853300379823,0.06745090598614922
newyork,link+k10,4,6,20,70,88,0.7932121767334761,8.766320673402003,-0.11885015154900401,0.5776768139445634,0.6145437438874928,0.8321428129294229,-0.12977704049420014,0.7355435334315461,0.848533617242532,-0.009841910444804869,0.8804238830360127,0.8855738638473823,0.03707738588954779,6.214085108757465,0.07666786337695136,1.0934505703234025,0.0638680880784519,5.827945484197227,0.09078835025139931
newyork,link+k10,4,7,20,70,88,0.7932121767334761,8.828041717509764,0.8320500320782138,0.5687757653787588,0.6145437438874928,0.8240093095806975,-0.1470220483553487,0.7355435334315461,0.8479270089258081,-0.03042945392871732,0.8804238830360127,0.8837045198509477,0.029711427757901365,6.132992193859644,0.07670500266164873,1.0934505703234025,0.021035918773152806,6.108733069797143,0.07146697024317739
newyork,link+k10,4,8,20,70,88,0.7932121767334761,8.84607928085293,0.25891478167716253,0.5550094705175979,0.6145437438874928,0.8276489594810404,-0.14046077472547885,0.7355435334315461,0.844237839979202,-0.021862658925189127,0.8804238830360127,0.8836550008046845,0.029959022989217265,6.205169514926562,0.0770887752701883,1.0934505703234025,0.04920573856748156,5.774048226317769,0.10634664642823255
newyork,link+k10,4,9,20,70,88,0.7932121767334761,8.854310195361919,-1.0266430911193813,0.5996261312007131,0.6145437438874928,0.8366242866162398,-0.1171001646508289,0.7355435334315461,0.84459685306461,0.024350990999913336,0.8804238830360127,0.8849796352922242,0.035195662131547345,6.281048409105255,0.07559082412072743,1.0934505703234025,0.0721328357480322,5.946883657729924,0.06008285108939693
newyork,link+k10d,4,0,20,70,88,0.7932121767334761,8.75448346228757,-0.12643770660806902,0.584795176844894,0.6145437438874928,0.8302610891714226,-0.132822461839385,0.7355435334315461,0.8468994887158473,-0.013679636530200434,0.8804238830360127,0.8835188234274608,0.03522042165467898,6.162443778011074,0.07750968716342524,1.0934505703234025,0.0411101949972692,5.713974851261259,0.07336432343547417
newyork,link+k25,4,0,20,70,88,0.7932121767334761,8.743836839348504,-0.2492015044609658,0.5906012850192506,0.6145437438874928,0.8340616759721208,-0.1302846107183976,0.7355435334315461,0.8506876957549797,-0.009198162843383595,0.8804238830360127,0.8860566745484482,0.03377198955148131,6.0490173020684495,0.07508325389652995,1.0934505703234025,0.04022002603318975,5.839880449133214,0.05764791449261608
newyork,link+k25,4,1,20,70,88,0.7932121767334761,8.765167766317436,-0.2246035578612428,0.5699642224890749,0.6145437438874928,0.83326937123191,-0.13139878925931892,0.7355435334315461,0.8473327803706501,-0.014954751971476998,0.8804238830360127,0.8867747007192641,0.03354915384329704,6.07232441256576,0.07565272292855639,1.0934505703234025,0.01681118496448275,5.4130507627649305,0.13961357239983552
newyork,link+k25,4,2,20,70,88,0.7932121767334761,8.720576431216937,-0.2698880649275833,0.6041942632184905,0.6145437438874928,0.8345444866731867,-0.1288609381383315,0.7355435334315461,0.8507991136090719,-0.007947806925238665,0.8804238830360127,0.8864528269185535,0.03429193953724452,6.032793212993327,0.0748356586652141,1.0934505703234025,0.040616581345088054,5.383884334508535,0.10217246940517977
newyork,link+k25,4,3,20,70,88,0.7932121767334761,8.937828038145101,1.2425455424573,0.5652846726172054,0.6145437438874928,0.8236874357799869,-0.15222154821298145,0.7355435334315461,0.8446216125877416,-0.048912437946445175,0.8804238830360127,0.8847939388687374,0.02488332074724242,5.945046211209031,0.07462520271859564,1.0934505703234025,0.02145469983282866,5.572848705120169,0.10470227366157547
newyork,link+k25,4,4,20,70,88,0.7932121767334761,8.75585459278439,0.09448113803559499,0.6004060561793579,0.6145437438874928,0.829642101093133,-0.13710585934114916,0.7355435334315461,0.8502915433848744,-0.029401933718756545,0.8804238830360127,0.886663282865172,0.032769228864652056,6.070314376601535,0.07567748245168798,1.0934505703234025,0.0039857826166647126,5.514446289182051,0.11387281409100969
newyork,link+k25,4,5,20,70,88,0.7932121767334761,8.77870754763417,-0.530940464850617,0.5948351634747515,0.6145437438874928,0.8370451985094767,-0.12286913354048806,0.7355435334315461,0.8499449100610322,-0.0047662082028300246,0.8804238830360127,0.8870841947584089,0.03834012156925859,6.076451686518992,0.07526895032001683,1.0934505703234025,0.05372202337620369,5.608869731818899,0.08212377067324406
newyork,link+k25,4,6,20,70,88,0.7932121767334761,8.73968664867205,-0.019998643820224364,0.6100746499622417,0.6145437438874928,0.8324027879223046,-0.13162162496750318,0.7355435334315461,0.8499820493457296,-0.013890092476818938,0.8804238830360127,0.8859452566943561,0.03336345741981006,6.024408976951173,0.07624695148371442,1.0934505703234025,0.052871507406089924,5.5002097689893334,0.0804477753533821
newyork,link+k25,4,7,20,70,88,0.7932121767334761,8.750797509262025,0.547430221245748,0.583903834012157,0.6145437438874928,0.8298525570397514,-0.1416739913589265,0.7355435334315461,0.8507867338475061,-0.033016824095967956,0.8804238830360127,0.885771940032435,0.03385864788244175,6.004246816708348,0.0754917860282011,1.0934505703234025,0.02937703461017782,5.653282298205754,0.09341302216740988
newyork,link+k25,4,8,20,70,88,0.7932121767334761,8.738987264079103,-0.39565826939180415,0.6111516892184656,0.6145437438874928,0.8359062604454238,-0.12658306201022573,0.7355435334315461,0.8510219493172562,-0.00398628322418515,0.8804238830360127,0.8878146006907907,0.038253463238298036,6.042705203988671,0.07582603959047748,1.0934505703234025,0.048969521669194105,5.448196229528778,0.08876450684628279
newyork,link+k25,4,9,20,70,88,0.7932121767334761,8.729417923823911,-0.0600330047035137,0.6062245441152804,0.6145437438874928,0.8326256236304889,-0.13261200589276656,0.7355435334315461,0.8503905814774008,-0.014843334117384921,0.8804238830360127,0.8862795102566324,0.03510900380058679,6.0250240177727425,0.07640788838406973,1.0934505703234025,0.03630221026466551,5.343725749409149,0.09395060557189394
newyork,link+k25d,4,0,20,70,88,0.7932121767334761,8.737592379704195,-0.2244657168874703,0.6058902905530039,0.6145437438874928,0.8298401772781856,-0.13292149993191138,0.7355435334315461,0.8457110316055313,-0.014793815071121763,0.8804238830360127,0.8833455067655397,0.03536897879346845,6.138655226410233,0.07749730740185944,1.0934505703234025,0.033120990366877434,5.28556707995121,0.09325490940138503
newyork,link+k50,4,0,20,70,88,0.7932121767334761,8.716425481154483,-0.08493107089841719,0.5933495920868564,0.6145437438874928,0.8376270473030689,-0.1312997511667926,0.7355435334315461,0.8524827611820196,-0.016539361451898382,0.8804238830360127,0.8888792601854488,0.030949403914480644,5.837448198927626,0.07254540277554254,1.0934505703234025,0.02822517582884987,5.276949664086411,0.10580906302374848
newyork,link+k50,4,1,20,70,88,0.7932121767334761,8.71996103563447,0.22258231765872066,0.6208945615707442,0.6145437438874928,0.8349282592817262,-0.13493940106713548,0.7355435334315461,0.8540549909008752,-0.02979808608886192,0.8804238830360127,0.8881117149683697,0.03191502531661239,5.823780086608128,0.07394431583247707,1.0934505703234025,0.01882610265273743,5.177395973382559,0.0995477974891692
newyork,link+k50,4,2,20,70,88,0.7932121767334761,8.718960715643345,-0.07779645706690774,0.5838914542505911,0.6145437438874928,0.8363024128155292,-0.12905901432338418,0.7355435334315461,0.8557014991891256,-0.011315102071134064,0.8804238830360127,0.8900429577726333,0.03191502531661239,5.8991335447743865,0.07379575869368755,1.0934505703234025,0.04048361491381036,5.269734536688604,0.09951617493596432
newyork,link+k50,4,3,20,70,88,0.7932121767334761,8.732047827639217,-0.4820740048660194,0.607140646471149,0.6145437438874928,0.8390135805984377,-0.12372333708852773,0.7355435334315461,0.8527427361749013,-0.005830867697488196,0.8804238830360127,0.8902534137192518,0.037250702551468895,5.883227199315976,0.07255778253710833,1.0934505703234025,0.04107071729514855,5.388670016343198,0.10055971919172757
newyork,link+k50,4,4,20,70,88,0.7932121767334761,8.739372662212187,0.5748821176515144,0.6038476298946482,0.6145437438874928,0.8330836748084232,-0.14025031877886035,0.7355435334315461,0.8507991136090719,-0.036693613281008175,0.8804238830360127,0.8875174864132117,0.030825606298822694,5.834102150244547,0.07349864441610855,1.0934505703234025,0.02188194100597518,5.467151856490428,0.09483603706163235
newyork,link+k50,4,5,20,70,88,0.7932121767334761,8.714676374561515,-0.14922144693084494,0.6176015449942434,0.6145437438874928,0.8386174282283323,-0.12669447986431787,0.7355435334315461,0.8546120801713359,-0.012206444903871128,0.8804238830360127,0.8894239696943437,0.03302920385753372,5.881971693816069,0.07806677643388589,1.0934505703234025,0.0326343445794397,5.271609382989148,0.09784017961610214
newyork,link+k50,4,6,20,70,88,0.7932121767334761,8.726446807584358,-0.14656583423242808,0.6209812199017047,0.6145437438874928,0.8385431496589376,-0.12654592272552834,0.7355435334315461,0.8570261336766654,-0.008455377149436116,0.8804238830360127,0.8890773363705015,0.033078722903796876,5.881021584485403,0.07318915037696375,1.0934505703234025,0.04631328926191447,5.603513743665961,0.06137937577079966
newyork,link+k50,4,7,20,70,88,0.7932121767334761,8.714871125267365,0.09930600456195975,0.6005422335565817,0.6145437438874928,0.8346682842888445,-0.1320549166223059,0.7355435334315461,0.8519380516731248,-0.024982358839768737,0.8804238830360127,0.890661945850923,0.03352439432016541,5.905874447706039,0.07268158015276625,1.0934505703234025,0.031849229844746585,5.362065429561071,0.10650475919425739
newyork,link+k50,4,8,20,70,88,0.7932121767334761,8.722216346396765,0.14868355473940445,0.5926687052007379,0.6145437438874928,0.8333684093244365,-0.13313195587852983,0.7355435334315461,0.8530027111677829,-0.022778761281057713,0.8804238830360127,0.8886811840003962,0.02985998489669095,5.921872305198811,0.0742042908253587,1.0934505703234025,0.03217368776894847,5.393134172018341,0.09863074344622591
newyork,link+k50,4,9,20,70,88,0.7932121767334761,8.727117568721999,-0.05282944437313331,0.5995023335850551,0.6145437438874928,0.8380479591963059,-0.1274372655582654,0.7355435334315461,0.8561966896517573,-0.012478799658318551,0.8804238830360127,0.8893496911249489,0.03300444433440208,5.895542831688477,0.07375861940899019,1.0934505703234025,0.05217408912798249,5.71288710465764,0.05344211491635842
newyork,link+k50d,4,0,20,70,88,0.7932121767334761,8.728386029433157,-0.1799227747021116,0.6048999096277405,0.6145437438874928,0.829877316562883,-0.13313195587852983,0.7355435334315461,0.845550094705176,-0.018841997103135832,0.8804238830360127,0.8840140138900925,0.036879309704495156,6.086744228593466,0.07742302883246469,1.0934505703234025,0.03656604196807178,5.108173575961516,0.11055244600449043
paris,link,0,0,20,51,66,0.8591145012851339,8.791591628503268,1.4298117577737774,0.663129093773319,0.6164331315811292,0.824989636016914,-0.12937567365890057,0.7809302711217976,0.8130669098748031,-0.051554597462897034,0.910040626813697,0.8691319127767183,-0.0003316474587513607,7.0711556817323515,0.08995937318630295,1.4562671692159301,-0.08202862127860633,9.313389465240775,-0.00042735042735042583
paris,link,0,0,10,51,66,0.8591145012851339,8.572870579613834,1.2825286640697258,0.6889810131829864,0.5574330486692646,0.8396484536937235,-0.1206865102396153,0.7125611475002073,0.8188375756570765,-0.050029019152640686,0.8382555343669679,0.8446397479479314,0.005654589171710467,7.729129486460664,0.08362490672415222,1.4988713437290537,-0.058749588017986465,10.197514971236473,-0.036598973443427774
paris,link_reg,0,0,20,51,66,0.8591145012851339,8.791591628503268,1.4298117577737774,0.6726971229582953,0.6164331315811292,0.8250062183898516,-0.129359091285963,0.7809302711217976,0.8133322278418041,-0.05019484288201648,0.910040626813697,0.9100074620678219,0.0897935494569273,7.503525792185651,0.2874222701268552,1.4562671692159301,-0.5400894957769543,9.054998699153774,-0.013354700854700807
paris,link_reg,0,0,10,51,66,0.8591145012851339,8.572870579613834,1.2825286640697258,0.6584860293508001,0.5574330486692646,0.8396650360666611,-0.12066992786667774,0.7125611475002073,0.8188209932841389,-0.04885167067407348,0.8382555343669679,0.8389519940303457,0.16055053478152725,7.526534720136207,0.2332808224856977,1.4988713437290537,-0.4585704904701364,11.116996208627093,-0.04201071189466632
paris,link+k10,0,0,20,51,66,0.8591145012851339,8.987773028494129,1.57285329361139,0.6603930022386203,0.6164331315811292,0.8270126855152973,-0.11992372108448718,0.7809302711217976,0.8151231241190614,-0.03510488350883012,0.910040626813697,0.8699776137965343,-0.0016084901749440217,7.228647761254623,0.0894287372523008,1.4562671692159301,-0.03651137136484639,9.31539316554395,0.0004807692307693401
paris,link+k10,0,1,20,51,66,0.8591145012851339,8.824782242744105,-0.26842523781233135,0.6465135560898765,0.6164331315811292,0.8339441174032004,-0.08868253047011021,0.7809302711217976,0.8184395987065749,0.006152060359837397,0.910040626813697,0.8708730619351629,-0.00021557084818835115,7.308702330154022,0.08863278335129757,1.4562671692159301,-0.020560396974647954,9.477557597146301,0.0231837606837606
paris,link+k10,0,2,20,51,66,0.8591145012851339,8.853529937838102,0.7038674104306978,0.6129508332642402,0.6164331315811292,0.8310422021391262,-0.11552939225603176,0.7809302711217976,0.8187712461653263,-0.027145344498797797,0.910040626813697,0.8707901500704751,-0.0007296244092529491,7.203048369995131,0.08916341928529972,1.4562671692159301,-0.0787361197133547,9.542422135715347,0.03952991452991461
paris,link+k10,0,3,20,51,66,0.8591145012851339,8.82476425047358,-0.20053632740304103,0.6441754415056795,0.6164331315811292,0.830892960782688,-0.08732277588922976,0.7809302711217976,0.8134980515711798,0.006351048835088302,0.910040626813697,0.8706574910869745,0.00036481220462647457,7.245693044593948,0.08869911284304784,1.4562671692159301,-0.0002463789226663238,9.709795973160752,-0.02825854700854702
paris,link+k10,0,4,20,51,66,0.8591145012851339,8.857662562918907,0.13654684697310868,0.6434955642152392,0.6164331315811292,0.8299643478981842,-0.09866511897852581,0.7809302711217976,0.8124699444490506,-0.016433131581129357,0.910040626813697,0.8701268551529724,-0.001260260343255104,7.228989252566436,0.08934582538761297,1.4562671692159301,-0.032964561097193146,9.0805628652875,0.0064102564102563875
paris,link+k10,0,5,20,51,66,0.8591145012851339,8.969246231838213,-0.6586660719819298,0.6311914434955642,0.6164331315811292,0.8359008374098333,-0.08543238537434705,0.7809302711217976,0.8184064339606998,0.014277423099245401,0.910040626813697,0.8705911615952243,-0.0009286128845037434,7.343047201193255,0.08952823148992621,1.4562671692159301,-0.030884707925929344,9.31514646017523,0.05560897435897427
paris,link+k10,0,6,20,51,66,0.8591145012851339,8.717872511059786,0.37709142424137826,0.649249647624575,0.6164331315811292,0.8307105546803748,-0.10445236713373685,0.7809302711217976,0.8177265566702595,-0.015222618356686923,0.910040626813697,0.8704419202387862,-0.00021557084818835115,7.2280056405086155,0.08889810131829864,1.4562671692159301,-0.027292609934495227,9.663609509835796,-0.016987179487179538
paris,link+k10,0,7,20,51,66,0.8591145012851339,8.74056968166904,-0.8164532059142423,0.6594146422353039,0.6164331315811292,0.8350883011358925,-0.08269629383964838,0.7809302711217976,0.8204958129508333,0.020844042782522165,0.910040626813697,0.8707238205787248,0.0005306359340021549,7.243522061192551,0.08861620097836001,1.4562671692159301,0.0061787689999937,9.462599096129125,-0.009348290598290565
paris,link+k10,0,8,20,51,66,0.8591145012851339,8.812831429258464,-0.7805730963522918,0.6402288367465384,0.6164331315811292,0.8338114584196998,-0.08791974131498215,0.7809302711217976,0.8184561810795125,0.0022220379736339613,0.910040626813697,0.8704419202387862,-0.0003813945775640315,7.313010862010998,0.0893292430146754,1.4562671692159301,-0.011895670981761475,9.234917654190628,-0.009561965811965778
paris,link+k10,0,9,20,51,66,0.8591145012851339,8.68864715628865,0.1046704540738584,0.6588840063013017,0.6164331315811292,0.8330155045186967,-0.10062183898515875,0.7809302711217976,0.81724566785507,-0.008407263079346694,0.910040626813697,0.8702097670176602,-1.6582372937556933e-05,7.0957336809558775,0.08931266064173783,1.4562671692159301,-0.03652005151165505,9.229469900232992,0.0005341880341880323
paris,link+k10d,0,0,20,51,66,0.8591145012851339,8.844253827553874,-0.6377717334451448,0.6376751513141531,0.6164331315811292,0.8313572672249399,-0.09306027692562802,0.7809302711217976,0.8096343586767266,-6.632949175033875e-05,0.910040626813697,0.8689826714202803,-0.0006798772904402783,7.376077957801312,0.08995937318630295,1.4562671692159301,-0.047831609668395725,9.008906696300969,0.033493589743589736
paris,link+k25,0,0,20,51,66,0.8591145012851339,8.715651353967234,-0.021449356536730482,0.6513058618688334,0.6164331315811292,0.8348893126606417,-0.10451869662548707,0.7809302711217976,0.8222037973634027,-0.01217146173617445,0.910040626813697,0.8725810463477324,-0.001525578310256126,6.970642843527592,0.08836746538429649,1.4562671692159301,-0.05523911268843018,9.135817462059489,0.02499999999999991
paris,link+k25,0,1,20,51,66,0.8591145012851339,8.751956418142324,0.6746497296083612,0.6557996849349141,0.6164331315811292,0.8339772821490755,-0.11242848851670673,0.7809302711217976,0.8184230163336373,-0.035353619102893696,0.910040626813697,0.8732111765193599,0.001028107122129196,6.902647378465767,0.08631125114003814,1.4562671692159301,-0.08627699304648973,8.743591308304437,0.02612179487179489
paris,link+k25,0,2,20,51,66,0.8591145012851339,8.773280608265999,1.1085215252398526,0.6621009866511898,0.6164331315811292,0.8325014509576321,-0.1182157366719177,0.7809302711217976,0.8178923803996352,-0.04195340353204546,0.910040626813697,0.8741895365226764,-0.0012436779703175471,7.070213642521037,0.08730619351629218,1.4562671692159301,-0.05868700544165106,9.016043828488897,0.006303418803418781
paris,link+k25,0,3,20,51,66,0.8591145012851339,8.687600933001702,0.39280241367197744,0.6640908714036978,0.6164331315811292,0.8333139872315728,-0.11106873393582617,0.7809302711217976,0.8175938976867589,-0.02998093027112181,0.910040626813697,0.8722991460077937,-0.001542160683193794,6.947165102643882,0.08803581792554514,1.4562671692159301,-0.08091809918825477,8.550436348402158,0.026228632478632496
paris,link+k25,0,4,20,51,66,0.8591145012851339,8.781384212982632,0.06442588219989094,0.6537600530635934,0.6164331315811292,0.8356189370698947,-0.09483459082994772,0.7809302711217976,0.8209932841389603,-0.007445485448967837,0.910040626813697,0.8720504104137302,-0.0005638006798772688,7.022028811672684,0.08835088301135892,1.4562671692159301,-0.037347991881546694,8.749371282199103,0.02446581196581188
paris,link+k25,0,5,20,51,66,0.8591145012851339,8.746191159428939,0.5535156381651801,0.6520354862780864,0.6164331315811292,0.8358676726639582,-0.10470110272780031,0.7809302711217976,0.8217892380399635,-0.021838985158776247,0.910040626813697,0.8723157283807312,-0.00019898847525079422,6.971297849785397,0.08782024707735676,1.4562671692159301,-0.06624900766942243,8.973273967272878,0.034294871794871895
paris,link+k25,0,6,20,51,66,0.8591145012851339,8.725671165509436,-0.3450503877907239,0.660177431390432,0.6164331315811292,0.8377414808059033,-0.0954315562557001,0.7809302711217976,0.8196666943039549,-0.004394328828455363,0.910040626813697,0.8709725561727883,0.00014924135643812342,7.069887074093955,0.08864936572423514,1.4562671692159301,-0.05391361536853956,9.091939499500734,0.020032051282051322
paris,link+k25,0,7,20,51,66,0.8591145012851339,8.769099442863743,-0.8614646708929748,0.6544233479810961,0.6164331315811292,0.8382223696210928,-0.08340933587596377,0.7809302711217976,0.8209435370201476,0.007893209518281985,0.910040626813697,0.8725147168559821,-0.00039797695050158843,7.189238338251051,0.08800265317967002,1.4562671692159301,-0.017269090620464222,9.201792360543632,0.013087606837606902
paris,link+k25,0,8,20,51,66,0.8591145012851339,8.796177764697159,0.545815614673805,0.6557333554431639,0.6164331315811292,0.8316060028190034,-0.10571262747699195,0.7809302711217976,0.8132658983500539,-0.028339275350302673,0.910040626813697,0.8715861039714783,0.0,7.0493744861030505,0.0877539175856065,1.4562671692159301,-0.04891785410424254,8.82314556368469,0.010790598290598252
paris,link+k25,0,9,20,51,66,0.8591145012851339,8.724088553893964,0.21316279860920687,0.6659480971727054,0.6164331315811292,0.8363485614791477,-0.09990879694884336,0.7809302711217976,0.8217229085482133,-0.00853992206284726,0.910040626813697,0.8738910538098001,-0.0009451952574413003,6.987487176779516,0.0869911284304784,1.4562671692159301,-0.04730084731104145,8.824615049045942,0.0019764957264958305
paris,link+k25d,0,0,20,51,66,0.8591145012851339,8.746887916035611,-0.610612115744898,0.657839316806235,0.6164331315811292,0.8320205621424426,-0.09355774811375506,0.7809302711217976,0.8147583119144349,0.0009451952574413003,0.910040626813697,0.8690158361661554,-0.0003813945775640315,7.169460394565731,0.08992620844042783,1.4562671692159301,-0.05013195952938898,9.363997017552972,-0.002297008547008539
paris,link+k50,0,0,20,51,66,0.8591145012851339,8.685801593704968,0.17573806766987507,0.6806566619683276,0.6164331315811292,0.841969985904983,-0.09647624575076685,0.7809302711217976,0.8282895282314899,-0.01016499461072884,0.910040626813697,0.8766105629715613,8.291186468789569e-05,6.864791580832707,0.08438769587928033,1.4562671692159301,-0.03020734959020177,8.841737355045884,-0.005074786324786307
paris,link+k50,0,1,20,51,66,0.8591145012851339,8.660763210318532,-0.009378125536634085,0.6721167399054805,0.6164331315811292,0.8450211425254954,-0.09030760301799179,0.7809302711217976,0.8319376502777548,-0.002072796617195949,0.910040626813697,0.8771743636514385,-0.00018240610231323728,6.762075009358829,0.08520023215322113,1.4562671692159301,-0.02696726621226131,8.488944397342593,0.006677350427350515
paris,link+k50,0,2,20,51,66,0.8591145012851339,8.699844496092604,0.2194591599509352,0.6769587928032501,0.6164331315811292,0.8383384462316558,-0.10322527153635686,0.7809302711217976,0.8283724400961777,-0.019003399386452235,0.910040626813697,0.8778708233148164,-0.0005472183069397119,6.734840560951359,0.08452035486278087,1.4562671692159301,-0.05698286604377989,8.136105887619046,0.02019230769230762
paris,link+k50,0,3,20,51,66,0.8591145012851339,8.684708725256867,0.013387193924561093,0.6766437277174364,0.6164331315811292,0.8419534035320454,-0.09301052980681535,0.7809302711217976,0.8273609153469862,-0.0019069728878202685,0.910040626813697,0.8761628389022469,0.0004643064422519272,6.835798848820642,0.08433794876046763,1.4562671692159301,-0.022711943574138083,8.563843664883311,-0.00021367521367521292
paris,link+k50,0,4,20,51,66,0.8591145012851339,8.664598757193609,-0.35430323063116387,0.6726307934665451,0.6164331315811292,0.8428820164165493,-0.08922974877704992,0.7809302711217976,0.8285714285714286,0.0012270955973798792,0.910040626813697,0.8766603100903739,0.0008622833927535156,6.779835949871844,0.08430478401459249,1.4562671692159301,-0.030891295342132086,8.61525738386214,0.014850427350427298
paris,link+k50,0,5,20,51,66,0.8591145012851339,8.725741585536817,-0.32929023130307467,0.6711217975292264,0.6164331315811292,0.8406931431887903,-0.09546472100157533,0.7809302711217976,0.8234806400795954,-0.008175109858220786,0.910040626813697,0.8763452450045601,-0.0002819003399385789,6.881250874838816,0.08544896774728464,1.4562671692159301,-0.03862717151827755,8.455020277940188,0.015117521367521425
paris,link+k50,0,6,20,51,66,0.8591145012851339,8.673688400579852,-0.12742832728074416,0.6723820578724815,0.6164331315811292,0.8433463228588011,-0.09244672912693808,0.7809302711217976,0.8286377580631789,-0.006566619683276764,0.910040626813697,0.8767100572091866,0.0011110189868169806,6.829538069218394,0.08372440096177763,1.4562671692159301,-0.035593238936150184,8.420739610349655,0.008386752136752218
paris,link+k50,0,7,20,51,66,0.8591145012851339,8.71472651895886,-0.5218302149476952,0.6705082497305365,0.6164331315811292,0.8426166984495481,-0.08654340436116403,0.7809302711217976,0.8266147085647956,0.0034159688251388376,0.910040626813697,0.8769090456844374,-0.0004808888151894841,6.766827406395194,0.0846032667274687,1.4562671692159301,-0.0410387644029957,8.061377650188035,0.04054487179487176
paris,link+k50,0,8,20,51,66,0.8591145012851339,8.654054325462795,0.2246133867882317,0.6731116822817346,0.6164331315811292,0.8384379404692811,-0.10292678882348061,0.7809302711217976,0.824989636016914,-0.02066163668020904,0.910040626813697,0.8761462565293093,0.0006135477986900506,6.771476224539758,0.08413896028521682,1.4562671692159301,-0.057887114688467634,8.133708410445688,0.02115384615384608
paris,link+k50,0,9,20,51,66,0.8591145012851339,8.676887929853887,0.01238776617860152,0.6675234226017743,0.6164331315811292,0.8399303540336622,-0.094171295912445,0.7809302711217976,0.8272614211093607,-0.0027029267888235564,0.910040626813697,0.8767598043279994,-0.00039797695050158843,6.801527428436447,0.08448719011690572,1.4562671692159301,-0.03244160693388287,8.468059249802677,-0.002297008547008539
paris,link+k50d,0,0,20,51,66,0.8591145012851339,8.712115761561236,-0.59509720365551,0.6657159439515795,0.6164331315811292,0.8337617113008872,-0.09337534201144182,0.7809302711217976,0.8165657905646297,-0.0012270955973799902,0.910040626813697,0.8700439432882846,-0.0008457010198159587,7.0335205159696,0.08990962606749026,1.4562671692159301,-0.05562963742438054,8.60846831744243,0.0037927350427351403
paris,link,1,0,20,64,53,0.8588533289113672,8.767630029419474,1.3745318852562733,0.6665948097172706,0.6164331315811292,0.8279910455186137,-0.1253793217809468,0.7809302711217976,0.8144432468286211,-0.05240029848271288,0.910040626813697,0.868800265317967,-0.00019898847525079422,7.0394090010628245,0.08949506674405107,1.4562671692159301,-0.08445871406833483,9.17974795167186,-0.0019230769230769162
paris,link,1,0,10,64,53,0.8588533289113672,8.539278030355934,1.2085485838425891,0.6899925379321781,0.5574330486692646,0.8422187214990465,-0.11566205123953238,0.7125611475002073,0.8202139126108946,-0.048486858469447,0.8382555343669679,0.8426166984495481,0.004924964762457518,7.768164111788998,0.08420528977696708,1.4988713437290537,-0.054193745422886686,10.227902888859742,-0.035650524436509734
paris,link_reg,1,0,20,64,53,0.8588533289113672,8.767630029419474,1.3745318852562733,0.6709559737998507,0.6164331315811292,0.8281071221291767,-0.12523008042450873,0.7809302711217976,0.8149738827626233,-0.05050990796783028,0.910040626813697,0.9099245502031341,0.08931266064173782,7.490770443590678,0.2856147914766603,1.4562671692159301,-0.5355846958102312,8.586845377908752,0.03408119658119668
paris,link_reg,1,0,10,64,53,0.8588533289113672,8.539278030355934,1.2085485838425891,0.6561976618854158,0.5574330486692646,0.8422684686178592,-0.11561230412071966,0.7125611475002073,0.8204626482049582,-0.04697786253212832,0.8382555343669679,0.8402620014924136,0.1592736920653346,7.523415262246704,0.23152309095431556,1.4988713437290537,-0.4542893608570766,11.078162522914468,0.005355947333184563
paris,link+k10,1,0,20,64,53,0.8588533289113672,8.967269625569914,1.4910298296274733,0.6608904734267473,0.6164331315811292,0.8285382638255534,-0.11647458751347312,0.7809302711217976,0.81724566785507,-0.03537020147583125,0.910040626813697,0.8697786253212835,-0.0012105132244424333,7.212000162100368,0.08896443081004891,1.4562671692159301,-0.033570363682892346,9.322465114600453,-0.0009615384615384581
paris,link+k10,1,1,20,64,53,0.8588533289113672,8.815942207013052,-0.31094113000756624,0.648370781858884,0.6164331315811292,0.8353370367299561,-0.08884835419948589,0.7809302711217976,0.8204792305778957,0.003316474587513385,0.910040626813697,0.8705082497305364,-1.6582372937556933e-05,7.251949978477508,0.08813531216317055,1.4562671692159301,-0.02707159081396937,9.036189398552041,0.02729700854700856
paris,link+k10,1,2,20,64,53,0.8588533289113672,8.846823962714542,0.7465787623820981,0.6192189702346406,0.6164331315811292,0.8315230909543155,-0.11501533869496716,0.7809302711217976,0.8183235220960119,-0.03233562722825645,0.910040626813697,0.8703258436282232,-0.0008622833927535156,7.1762806840300595,0.08858303623248487,1.4562671692159301,-0.07994778694797255,9.41669662801281,0.034294871794871895
paris,link+k10,1,3,20,64,53,0.8588533289113672,8.823863263055967,-0.2911015756669051,0.6476577398225686,0.6164331315811292,0.8330818340104469,-0.08632783351297568,0.7809302711217976,0.8154713539507503,0.002520520686510208,0.910040626813697,0.8703424260011607,0.00044772406931437025,7.227827906780842,0.08830113589254622,1.4562671692159301,-0.005256778155903641,9.745309786889326,-0.024091880341880367
paris,link+k10,1,4,20,64,53,0.8588533289113672,8.849062183442534,0.19495759415192182,0.6472100157532543,0.6164331315811292,0.8313406848520023,-0.10123538678384869,0.7809302711217976,0.8123207030926125,-0.02182240278583869,0.910040626813697,0.8697288782024708,-0.0009286128845037434,7.187377856362049,0.08881518945361082,1.4562671692159301,-0.03971490359973151,8.895067960073375,0.0059294871794872694
paris,link+k10,1,5,20,64,53,0.8588533289113672,8.958682899555848,-0.7393254235776654,0.6338280407926374,0.6164331315811292,0.8378243926705912,-0.08450377248984331,0.7809302711217976,0.8187878285382638,0.01038056545891708,0.910040626813697,0.8703424260011607,-0.0004808888151894841,7.298727351416793,0.08909708979354945,1.4562671692159301,-0.03539109848130928,9.014611360002455,0.06340811965811977
paris,link+k10,1,6,20,64,53,0.8588533289113672,8.695284092722643,0.3064870692809925,0.6559323439184147,0.6164331315811292,0.8325843628223198,-0.1034408423845452,0.7809302711217976,0.8201807478650195,-0.01462565293093443,0.910040626813697,0.8700273609153469,6.632949175033875e-05,7.171516027600971,0.08848354199485946,1.4562671692159301,-0.028716202573000116,9.540749920859513,-0.014636752136752085
paris,link+k10,1,7,20,64,53,0.8588533289113672,8.712137483845448,-0.7979725793319977,0.6617361744465633,0.6164331315811292,0.8367797031755244,-0.08524997927203382,0.7809302711217976,0.8216399966835254,0.014426664455683524,0.910040626813697,0.8706077439681619,0.0008457010198159587,7.196443646215623,0.08815189453610811,1.4562671692159301,-0.0031678183568670804,9.260186372177856,-0.0035790598290598163
paris,link+k10,1,8,20,64,53,0.8588533289113672,8.792855901190372,-0.7944734011716045,0.64430810048918,0.6164331315811292,0.835187795373518,-0.08816847690904561,0.7809302711217976,0.8205621424425835,-0.0001824061023133483,0.910040626813697,0.870259514136473,-0.00023215322112590808,7.276737969173834,0.08899759555592406,1.4562671692159301,-0.01617183348245943,9.208486768892836,-0.007211538461538436
paris,link+k10,1,9,20,64,53,0.8588533289113672,8.66970736873606,0.11245931971818403,0.6639747947931349,0.6164331315811292,0.8348229831688915,-0.10196501119310175,0.7809302711217976,0.8192521349805157,-0.012138296990299335,0.910040626813697,0.8698283724400961,0.000497471188127041,7.063469139701999,0.08888151894536109,1.4562671692159301,-0.03936736536422547,9.235803974739675,-0.0036324786324786196
paris,link+k10d,1,0,20,64,53,0.8588533289113672,8.807770902280959,-0.46729078044101063,0.6401459248818506,0.6164331315811292,0.8332974048586352,-0.09503357930519851,0.7809302711217976,0.8121548793632368,-0.007727385788906416,0.910040626813697,0.8687671005720918,-0.00016582372937568035,7.342682618425409,0.08949506674405107,1.4562671692159301,-0.05006680139770059,9.02433522902232,0.0279380341880342
paris,link+k25,1,0,20,64,53,0.8588533289113672,8.696175024527346,-0.08409181625295203,0.6556670259514137,0.6164331315811292,0.8363651438520853,-0.10244590000829112,0.7809302711217976,0.8228339275350303,-0.015388442086062604,0.910040626813697,0.8721664870242932,-0.0014758311914434552,6.949445011838788,0.08803581792554514,1.4562671692159301,-0.05775846249637229,9.21447474946476,0.03076923076923066
paris,link+k25,1,1,20,64,53,0.8588533289113672,8.733430425640096,0.7142997759286612,0.6592156537600531,0.6164331315811292,0.8351048835088302,-0.11193101732857968,0.7809302711217976,0.8180747865019484,-0.03769173368709067,0.910040626813697,0.8729624409252964,0.0013431722079429997,6.867424272635046,0.08597960368128679,1.4562671692159301,-0.09144502238569441,8.541526932973843,0.030555555555555447
paris,link+k25,1,2,20,64,53,0.8588533289113672,8.740421483451867,0.9583058407970366,0.6634441588591328,0.6164331315811292,0.8336787994361993,-0.11564546886659477,0.7809302711217976,0.8207777132907719,-0.04052731945941468,0.910040626813697,0.8736589005886742,-0.0009783600033164142,7.035952436434064,0.08687505181991544,1.4562671692159301,-0.05983581333248189,8.814503309064527,0.015438034188034244
paris,link+k25,1,3,20,64,53,0.8588533289113672,8.671881272371134,0.40644425057699607,0.6685183649780283,0.6164331315811292,0.8349888068982672,-0.11022303291601021,0.7809302711217976,0.8192687173534533,-0.033413481469198314,0.910040626813697,0.8722162341431059,-0.0015919078020064648,6.918959173482359,0.08780366470441921,1.4562671692159301,-0.08604886892054031,8.545013446951453,0.02414529914529906
paris,link+k25,1,4,20,64,53,0.8588533289113672,8.791494343355552,-0.03935521968129914,0.6559323439184147,0.6164331315811292,0.8373932509742145,-0.09312660641737824,0.7809302711217976,0.8225851919409668,-0.007047508498466137,0.910040626813697,0.871751927700854,-0.00013265898350056649,6.997106699226001,0.0879031589420446,1.4562671692159301,-0.03700914753236573,8.630995268681882,0.028846153846153744
paris,link+k25,1,5,20,64,53,0.8588533289113672,8.729545166951564,0.49114781269734886,0.6556006964596633,0.6164331315811292,0.8363485614791477,-0.10408755492911037,0.7809302711217976,0.8222037973634027,-0.024376088218224123,0.910040626813697,0.8719343338031672,0.00014924135643812342,6.939884581061217,0.08750518199154299,1.4562671692159301,-0.06904101096890614,8.76365980598058,0.039743589743589824
paris,link+k25,1,6,20,64,53,0.8588533289113672,8.702397866081412,-0.3362459734498914,0.6630959290274439,0.6164331315811292,0.8391178177597214,-0.09538180913688743,0.7809302711217976,0.8208440427825222,-0.009053975623911859,0.910040626813697,0.8707404029516623,0.000514053561064598,7.031883298426939,0.08826797114667109,1.4562671692159301,-0.05909090808456141,9.136640159064473,0.026655982905982922
paris,link+k25,1,7,20,64,53,0.8588533289113672,8.759217704893512,-0.9134696769635963,0.6604759141033082,0.6164331315811292,0.8393997180996601,-0.08349224774065167,0.7809302711217976,0.8241273526241605,0.006334466462150634,0.910040626813697,0.8722825636348561,9.949423762545262e-05,7.147661323925206,0.08757151148329326,1.4562671692159301,-0.020670977882440544,9.12855834038689,0.011378205128205199
paris,link+k25,1,8,20,64,53,0.8588533289113672,8.789499757067846,0.6650161836645526,0.6587347649448636,0.6164331315811292,0.8323522096011939,-0.10894619019981755,0.7809302711217976,0.8132327336041788,-0.03682945029433715,0.910040626813697,0.8713871154962275,3.3164745875113866e-05,6.9957656956852965,0.08717353453279164,1.4562671692159301,-0.05865188059040016,8.829363673951574,0.009401709401709368
paris,link+k25,1,9,20,64,53,0.8588533289113672,8.721073002560821,0.23916958380594533,0.665699361578642,0.6164331315811292,0.8376419865682779,-0.10007462067821904,0.7809302711217976,0.8229831688914684,-0.011591078683359624,0.910040626813697,0.8737252300804245,-0.0006467125445650534,6.9729226773002875,0.08680872232816517,1.4562671692159301,-0.048835632637701964,8.604387909293283,0.008386752136752218
paris,link+k25d,1,0,20,64,53,0.8588533289113672,8.71298608806607,-0.4541336993009689,0.6588342591824891,0.6164331315811292,0.833960699776138,-0.09702346405770668,0.7809302711217976,0.815371859713125,-0.01054638918829287,0.910040626813697,0.8689329243014675,-0.0003316474587513607,7.149905718682431,0.08936240776055053,1.4562671692159301,-0.06089392696956186,9.224300627505837,0.008333333333333304
paris,link+k50,1,0,20,64,53,0.8588533289113672,8.671469710182857,0.170827551881356,0.6828786999419617,0.6164331315811292,0.8422850509907968,-0.09705662880358179,0.7809302711217976,0.8307934665450626,-0.013597545808805345,0.910040626813697,0.8764613216151231,0.0004643064422519272,6.822807311197397,0.08387364231821573,1.4562671692159301,-0.032072027979376694,8.892526429196415,-0.0024038461538461453
paris,link+k50,1,1,20,64,53,0.8588533289113672,8.647316373672835,0.030120367187003658,0.6766105629715612,0.6164331315811292,0.845303042865434,-0.09138545725893377,0.7809302711217976,0.8333637343503856,-0.006616366802089435,0.910040626813697,0.8770582870408755,0.0003316474587513607,6.706196824098262,0.084553519608656,1.4562671692159301,-0.03297779992010885,8.540945876955204,0.009081196581196549
paris,link+k50,1,2,20,64,53,0.8588533289113672,8.685012410018098,0.23701245160871504,0.679877290440262,0.6164331315811292,0.8402122543736008,-0.10387198408092191,0.7809302711217976,0.8287538346737419,-0.023629881436033506,0.910040626813697,0.8779537351795041,-3.3164745875113866e-05,6.681649392783175,0.08387364231821573,1.4562671692159301,-0.06313232970938198,8.024150093957456,0.023611111111111027
paris,link+k50,1,3,20,64,53,0.8588533289113672,8.668685107248116,-0.010509212642702803,0.6792471602686344,0.6164331315811292,0.8430312577729873,-0.09315977116325347,0.7809302711217976,0.8295166238288699,-0.004626482049581382,0.910040626813697,0.8762457507669348,0.0006798772904402783,6.791704799753627,0.0837907304535279,1.4562671692159301,-0.026447185584956845,8.628856157139325,0.004433760683760779
paris,link+k50,1,4,20,64,53,0.8588533289113672,8.650164185471175,-0.34938319633616666,0.6779205704336291,0.6164331315811292,0.8440427825221789,-0.09002570267805321,0.7809302711217976,0.8305447309509991,-0.0029350800099494645,0.910040626813697,0.8765442334798109,0.0014095016996932275,6.7395902998589285,0.08375756570765276,1.4562671692159301,-0.03564305274802981,8.499356680940794,0.007745726495726579
paris,link+k50,1,5,20,64,53,0.8588533289113672,8.714252507818184,-0.29795891188494134,0.6755492911035569,0.6164331315811292,0.8421358096343586,-0.09544813862863777,0.7809302711217976,0.8250228007627891,-0.013365392587679326,0.910040626813697,0.8760301799187463,-3.3164745875113866e-05,6.854508692334121,0.08498466130503275,1.4562671692159301,-0.04164836486872581,8.45154210652949,0.01805555555555549
paris,link+k50,1,6,20,64,53,0.8588533289113672,8.658612089998588,-0.08544080106229898,0.6772904402620015,0.6164331315811292,0.8442749357433049,-0.09314318879031591,0.7809302711217976,0.8300970068816848,-0.012071967498549108,0.910040626813697,0.8764779039880607,0.0017411491584445882,6.776386321489249,0.08316060028190034,1.4562671692159301,-0.04134465109346275,8.29054956024773,0.012820512820512775
paris,link+k50,1,7,20,64,53,0.8588533289113672,8.698069505167902,-0.5422778802619348,0.6751513141530553,0.6164331315811292,0.8441754415056795,-0.08823480640079595,0.7809302711217976,0.8292678882348063,0.00016582372937556933,0.910040626813697,0.8766105629715613,-0.00018240610231323728,6.726874901627339,0.08428820164165492,1.4562671692159301,-0.04635778795636036,8.014937372710436,0.04481837606837602
paris,link+k50,1,8,20,64,53,0.8588533289113672,8.63857344669455,0.2215482542531866,0.6769422104303126,0.6164331315811292,0.8394992123372854,-0.10163336373435039,0.7809302711217976,0.8277091451786751,-0.024740900422850598,0.910040626813697,0.8758975209352459,0.0011939308515048763,6.736580386858191,0.08345908299477656,1.4562671692159301,-0.059699372174937704,8.054667992182658,0.01832264957264962
paris,link+k50,1,9,20,64,53,0.8588533289113672,8.6632419130407,-0.01312695327348116,0.6714866097338529,0.6164331315811292,0.8416549208191693,-0.09443661387944613,0.7809302711217976,0.8278086394163005,-0.005505347815272454,0.910040626813697,0.876428156869248,9.949423762545262e-05,6.754765787008106,0.08398971892877871,1.4562671692159301,-0.03765686384688105,8.424184556905336,-0.0022435897435897356
paris,link+k50d,1,0,20,64,53,0.8588533289113672,8.690662537632607,-0.5138582193490059,0.669181659895531,0.6164331315811292,0.8363153967332725,-0.09536522676394987,0.7809302711217976,0.8183898515877622,-0.006566619683276764,0.910040626813697,0.8697122958295332,-0.00041455932343914537,7.0043547235851324,0.08936240776055053,1.4562671692159301,-0.0573867102348411,8.635253161515866,0.0012286324786325853
paris,link,2,0,20,53,78,0.8590829947765525,8.766305361920907,1.3573884306162671,0.6625818754663793,0.6164331315811292,0.82583533703673,-0.12564463974794787,0.7809302711217976,0.8143271702180582,-0.049199900505762395,0.910040626813697,0.8671254456512727,-0.003034574247574806,7.105169284026766,0.09287787082331482,1.4562671692159301,-0.07858737523015558,9.238164216911878,-0.0015491452991452936
paris,link,2,0,10,53,78,0.8590829947765525,8.54272452022557,1.2046770341254005,0.6883674653842965,0.5574330486692646,0.8395157947102231,-0.11750269463560237,0.7125611475002073,0.8193682115910786,-0.04910040626813694,0.8382555343669679,0.8423679628554847,0.0022883674653843,7.7902318876465975,0.08712378741397893,1.4988713437290537,-0.05762929587796628,10.354307367794428,-0.04223387636688236
paris,link_reg,2,0,20,53,78,0.8590829947765525,8.766305361920907,1.3573884306162671,0.674852831440179,0.6164331315811292,0.82583533703673,-0.12561147500207276,0.7809302711217976,0.8144432468286211,-0.04692811541331565,0.910040626813697,0.9100240444407595,0.0892794958958627,7.475893166476005,0.2837907304535279,1.4562671692159301,-0.5412533977464287,8.979191990605775,-0.012873931623931578
paris,link_reg,2,0,10,53,78,0.8590829947765525,8.54272452022557,1.2046770341254005,0.6600281900339938,0.5574330486692646,0.8395157947102231,-0.1174695298897272,0.7125611475002073,0.8192355526075782,-0.04721001575325423,0.8382555343669679,0.8396982008125363,0.1597048337617113,7.5478686587024795,0.23082663129093772,1.4988713437290537,-0.462768904601748,11.97031234441992,-0.05562374469984377
paris,link+k10,2,0,20,53,78,0.8590829947765525,8.961793437725374,1.5701530661333887,0.6592819832518033,0.6164331315811292,0.8268468617859216,-0.11800016582372935,0.7809302711217976,0.8158361661553768,-0.03478981842301643,0.910040626813697,0.8681203880275268,-0.004029516623828888,7.271414434456271,0.09231407014343752,1.4562671692159301,-0.0339376361489272,9.317559139754808,-0.002777777777777768
paris,link+k10,2,1,20,53,78,0.8590829947765525,8.824726174178378,-0.25994957357531445,0.6442583533703673,0.6164331315811292,0.8340436116408259,-0.08878202470773566,0.7809302711217976,0.8184561810795125,0.006533454937401539,0.910040626813697,0.8688665948097173,-0.0029516623828870214,7.377807829180993,0.0914186220048089,1.4562671692159301,-0.015981111306905493,9.566776939071904,0.014262820512820573
paris,link+k10,2,2,20,53,78,0.8590829947765525,8.849159400703755,0.8166931200595371,0.6150733770002488,0.6164331315811292,0.8295332062018075,-0.1161097753088467,0.7809302711217976,0.818207445485449,-0.03165574993781617,0.910040626813697,0.8688334300638422,-0.0037144515380150844,7.232770459982202,0.09194925793881105,1.4562671692159301,-0.08095945458349774,9.383534071869839,0.039743589743589824
paris,link+k10,2,3,20,53,78,0.8590829947765525,8.807733527153287,-0.2791348992098937,0.6437111350634276,0.6164331315811292,0.8328165160434459,-0.08649365724235136,0.7809302711217976,0.8131995688583036,0.008772075283973058,0.910040626813697,0.868684188707404,-0.002603432551198104,7.304718379154965,0.09158444573418456,1.4562671692159301,0.004163397710264416,9.623828402497494,-0.02382478632478635
paris,link+k10,2,4,20,53,78,0.8590829947765525,8.85903730915908,0.11575214030851824,0.64246745709311,0.6164331315811292,0.8308432136638753,-0.095630544730951,0.7809302711217976,0.8106458834259183,-0.015106541746123914,0.910040626813697,0.8680043114169638,-0.0037144515380150844,7.292495234043429,0.09211508166818672,1.4562671692159301,-0.0254381927040761,9.061902660466286,0.005074786324786418
paris,link+k10,2,5,20,53,78,0.8590829947765525,8.966327075090845,-0.7846430733819552,0.627443827211674,0.6164331315811292,0.8364314733438355,-0.0826133819749606,0.7809302711217976,0.8173451620926955,0.014741729541497328,0.910040626813697,0.8686012768427162,-0.0037476162838901983,7.410278271547085,0.09246331149987563,1.4562671692159301,-0.02449196479710447,9.35639960917559,0.0607905982905983
paris,link+k10,2,6,20,53,78,0.8590829947765525,8.69715354834074,0.40263951422293437,0.6512726971229583,0.6164331315811292,0.8305778956968742,-0.10514882679711468,0.7809302711217976,0.8176436448055717,-0.016897438023381173,0.910040626813697,0.8685017826050908,-0.0031506508581378156,7.241859041897541,0.09175026946356024,1.4562671692159301,-0.028150766869993626,9.573115550797251,-0.015758547008547064
paris,link+k10,2,7,20,53,78,0.8590829947765525,8.694070410773232,-0.5422979714183462,0.6570765276511069,0.6164331315811292,0.8348561479147666,-0.08873227758892299,0.7809302711217976,0.8202139126108946,0.009219799353287428,0.910040626813697,0.8688334300638422,-0.0022883674653843,7.25757543788691,0.09145178675068402,1.4562671692159301,-0.005630401761014037,9.411331914407642,-0.007425213675213649
paris,link+k10,2,8,20,53,78,0.8590829947765525,8.790163013667996,-0.7837513510029348,0.6417212503109195,0.6164331315811292,0.8343752590995771,-0.08738910538097999,0.7809302711217976,0.8199154298980184,0.002321532211259414,0.910040626813697,0.8684520354862781,-0.003366221706326167,7.3638129807687,0.09231407014343752,1.4562671692159301,-0.008491999706763842,9.189531263999442,-0.011271367521367481
paris,link+k10,2,9,20,53,78,0.8590829947765525,8.666907582935385,0.20877583406284328,0.660558825967996,0.6164331315811292,0.8332144929939475,-0.10224691153304033,0.7809302711217976,0.8173119973468204,-0.013647292927618015,0.910040626813697,0.8682364646380897,-0.002852168145261569,7.1228115530984235,0.09216482878699941,1.4562671692159301,-0.037798296069112114,9.174002133107274,-0.0031517094017093905
paris,link+k10d,2,0,20,53,78,0.8590829947765525,8.798175619866731,-0.48791876289028263,0.6431473343835503,0.6164331315811292,0.8316723323107537,-0.09241356438106285,0.7809302711217976,0.811193101732858,-0.00334963933338861,0.910040626813697,0.8672415222618357,-0.0032169803498880434,7.385625102409439,0.09287787082331482,1.4562671692159301,-0.04257857485244165,9.034589255363226,0.023023504273504303
paris,link+k25,2,0,20,53,78,0.8590829947765525,8.699231624382108,-0.01617742120729485,0.6539092944200315,0.6164331315811292,0.8351214658817677,-0.10309261255285629,0.7809302711217976,0.8212420197330238,-0.015156288864936585,0.910040626813697,0.8706574910869745,-0.004643064422518828,7.0078298657162685,0.09148495149655916,1.4562671692159301,-0.053703915904594224,9.14173455369446,0.027083333333333348
paris,link+k25,2,1,20,53,78,0.8590829947765525,8.739357295879875,0.7131584731236885,0.6551695547632866,0.6164331315811292,0.833960699776138,-0.11188127020976701,0.7809302711217976,0.8182240278583865,-0.035021971644142336,0.910040626813697,0.8713042036315397,-0.0017411491584445882,6.9314039121643996,0.0891302545394246,1.4562671692159301,-0.08594231376878025,8.724911126108406,0.027510683760683774
paris,link+k25,2,2,20,53,78,0.8590829947765525,8.747397833278205,1.0548814533581254,0.6624989636016914,0.6164331315811292,0.8330155045186967,-0.11604344581709636,0.7809302711217976,0.8187380814194511,-0.040709725561727916,0.910040626813697,0.872133322278418,-0.0037310339109526414,7.112901530582239,0.09012519691567863,1.4562671692159301,-0.05374194005535937,8.936650798104674,0.002777777777777768
paris,link+k25,2,3,20,53,78,0.8590829947765525,8.671142009299624,0.41921261004365223,0.6645883425918249,0.6164331315811292,0.8346737418124534,-0.10960948511732027,0.7809302711217976,0.8166818671751928,-0.03042865434043618,0.910040626813697,0.8703258436282232,-0.004477240693143147,6.996276112777718,0.09115330403780782,1.4562671692159301,-0.07921842176070282,8.704269920639128,0.020459401709401748
paris,link+k25,2,4,20,53,78,0.8590829947765525,8.773545512166178,-0.047640954670052395,0.6524666279744632,0.6164331315811292,0.8358842550368958,-0.09211508166818672,0.7809302711217976,0.8221872149904651,-0.006384213580963527,0.910040626813697,0.8702263493905978,-0.003316474587513496,7.062821791569788,0.09113672166487025,1.4562671692159301,-0.0333598425367605,8.55884647856448,0.029220085470085477
paris,link+k25,2,5,20,53,78,0.8590829947765525,8.728654330966526,0.5773914540549392,0.6510737086477075,0.6164331315811292,0.8353370367299561,-0.10453527899842463,0.7809302711217976,0.8217892380399635,-0.024027858386535206,0.910040626813697,0.8704087554929111,-0.0031672332310753726,7.012993869496511,0.09065583284968079,1.4562671692159301,-0.06593772719714863,8.973071910386041,0.031143162393162394
paris,link+k25,2,6,20,53,78,0.8590829947765525,8.712293825782936,-0.35585193115398395,0.6592985656247409,0.6164331315811292,0.8379404692811542,-0.09437028438769579,0.7809302711217976,0.8193847939640162,-0.0033828040792638348,0.910040626813697,0.8690821656579056,-0.002802421026448898,7.130263832326914,0.09158444573418456,1.4562671692159301,-0.04839399058180027,9.147176839086299,0.02035256410256414
paris,link+k25,2,7,20,53,78,0.8590829947765525,8.75913283281886,-0.9534369405525845,0.6555177845949756,0.6164331315811292,0.8381726225022801,-0.08100489180001658,0.7809302711217976,0.8224856977033413,0.008440427825221697,0.910040626813697,0.8705082497305364,-0.003366221706326167,7.244873891349088,0.09103722742724484,1.4562671692159301,-0.011968430551421827,9.148754607661983,0.011858974358974317
paris,link+k25,2,8,20,53,78,0.8590829947765525,8.787796530083288,0.6232670727944951,0.6541911947599701,0.6164331315811292,0.8315728380731283,-0.10657491086974547,0.7809302711217976,0.8114252549539839,-0.033629052317386665,0.910040626813697,0.8698615371859714,-0.0029516623828870214,7.0933588142129125,0.09049000912030511,1.4562671692159301,-0.04786156375246353,8.7737372089343,0.007532051282051366
paris,link+k25,2,9,20,53,78,0.8590829947765525,8.713913041995792,0.2685396940141436,0.6636431473343836,0.6164331315811292,0.8368128679213995,-0.09961031423596711,0.7809302711217976,0.8219882265152143,-0.01016499461072884,0.910040626813697,0.8719674985490423,-0.003830528148578094,7.037365784117142,0.08997595555924053,1.4562671692159301,-0.04417573485939941,8.80386556677426,0.004861111111111205
paris,link+k25d,2,0,20,53,78,0.8590829947765525,8.740017401552532,-0.717013797493669,0.6572091866346074,0.6164331315811292,0.8325511980764447,-0.09229748777049995,0.7809302711217976,0.813182986485366,-0.00019898847525090524,0.910040626813697,0.8673078517535859,-0.0031174861122625908,7.225405246470073,0.09284470607743968,1.4562671692159301,-0.052873224906148986,9.20400018291201,0.01388888888888884
paris,link+k50,2,0,20,53,78,0.8590829947765525,8.667296087863912,0.1747895495340747,0.6791808307768842,0.6164331315811292,0.8415056794627311,-0.09568029184976368,0.7809302711217976,0.828670922809054,-0.010911201392919345,0.910040626813697,0.8748859961860542,-0.002603432551198104,6.912845763199087,0.08722328165160434,1.4562671692159301,-0.025411049260814167,8.888812157853021,-0.0034188034188034067
paris,link+k50,2,1,20,53,78,0.8590829947765525,8.64472385355878,0.012321760779043298,0.6736920653345494,0.6164331315811292,0.8449382306608075,-0.08985987894867753,0.7809302711217976,0.8311914434955642,-0.0029516623828870214,0.910040626813697,0.8751347317801177,-0.003084321366387477,6.79673867917393,0.08810214741729541,1.4562671692159301,-0.02435637311008576,8.548826346641144,0.002991452991452981
paris,link+k50,2,2,20,53,78,0.8590829947765525,8.682827414051905,0.2761073441520933,0.6776718348395655,0.6164331315811292,0.8383881933504684,-0.10354033662217055,0.7809302711217976,0.8270126855152973,-0.02149075532708733,0.910040626813697,0.8759804327999337,-0.003333056960451053,6.758458082795631,0.08730619351629218,1.4562671692159301,-0.058386702117144695,8.071542844656719,0.014102564102564052
paris,link+k50,2,3,20,53,78,0.8590829947765525,8.670022312438865,0.0080481940496605,0.6757814443246829,0.6164331315811292,0.8412735262416051,-0.09259597048337609,0.7809302711217976,0.826979520769422,-0.0022220379736340723,0.910040626813697,0.8743885249979272,-0.002238620346571518,6.884486146569753,0.0869911284304784,1.4562671692159301,-0.018592695205281284,8.601510630382583,0.0010683760683760646
paris,link+k50,2,4,20,53,78,0.8590829947765525,8.65171193539103,-0.4190110214745921,0.674206118895614,0.6164331315811292,0.8427659398059862,-0.08835088301135885,0.7809302711217976,0.828554846198491,0.003034574247574806,0.910040626813697,0.8749523256778045,-0.0018738081419450436,6.817746715390174,0.0870408755492911,1.4562671692159301,-0.027560716762696114,8.54511924195959,0.014316239316239265
paris,link+k50,2,5,20,53,78,0.8590829947765525,8.712339838674342,-0.31666167357591224,0.6719011690572921,0.6164331315811292,0.8405604842052897,-0.09443661387944613,0.7809302711217976,0.8245087472017245,-0.010198159356603953,0.910040626813697,0.8742392836414891,-0.0031838156040129295,6.94016817096613,0.08830113589254622,1.4562671692159301,-0.03560987498783619,8.370351030624773,0.017147435897435948
paris,link+k50,2,6,20,53,78,0.8590829947765525,8.65853154955652,-0.14615111573125683,0.6733272531299229,0.6164331315811292,0.8435453113340519,-0.09141862200480888,0.7809302711217976,0.8287206699278666,-0.007843462399469425,0.910040626813697,0.8747201724566785,-0.0014426664455683413,6.86102612694373,0.08639416300472598,1.4562671692159301,-0.0319170043217929,8.255694426417502,0.009561965811965889
paris,link+k50,2,7,20,53,78,0.8590829947765525,8.697707425199892,-0.5297700443186572,0.6707569853245999,0.6164331315811292,0.8427659398059862,-0.08632783351297568,0.7809302711217976,0.8272448387364232,0.001293425089130218,0.910040626813697,0.875084984661305,-0.0034657159439515084,6.819124234319981,0.08758809385623083,1.4562671692159301,-0.03942016633737855,8.206150555501052,0.035309829059829045
paris,link+k50,2,8,20,53,78,0.8590829947765525,8.639372742323221,0.21759182820360323,0.673244341265235,0.6164331315811292,0.8385871818257192,-0.10145095763203715,0.7809302711217976,0.8258850841555426,-0.020462648204958134,0.910040626813697,0.8742890307603018,-0.0021059613630710627,6.817266529798737,0.08695796368460326,1.4562671692159301,-0.05421689374333316,8.327858911622616,0.01784188034188028
paris,link+k50,2,9,20,53,78,0.8590829947765525,8.659576739930502,0.05900264953044304,0.6670093690407097,0.6164331315811292,0.8400464306442252,-0.09412154879363233,0.7809302711217976,0.8270955973799851,-0.004029516623828888,0.910040626813697,0.8749523256778045,-0.0030014095016996922,6.829273223858374,0.0870906226681038,1.4562671692159301,-0.030906057044469692,8.486451350885705,-0.0018162393162393098
paris,link+k50d,2,0,20,53,78,0.8590829947765525,8.691024118661918,-0.5438436740555874,0.668534947350966,0.6164331315811292,0.8344913357101401,-0.09460243760882181,0.7809302711217976,0.8175441505679463,-0.004162175607329455,0.910040626813697,0.8682198822651521,-0.0037310339109526414,7.075908479863517,0.09276179421275184,1.4562671692159301,-0.05819164179370184,8.500019583679252,0.010630341880341954
paris,link,3,0,20,60,64,0.8588185059281983,8.758096365655803,1.31388994330211,0.6640577066578227,0.6164331315811292,0.8283724400961777,-0.12231158278749688,0.7809302711217976,0.8148578061520604,-0.042566951330735514,0.910040626813697,0.8684354531133405,-0.0022883674653843,7.08483237960636,0.09138545725893375,1.4562671692159301,-0.07080604936362311,9.301723784455223,-0.019764957264957306
paris,link,3,0,10,60,64,0.8588185059281983,8.523903389561035,1.1517694871544706,0.6881353121631706,0.5574330486692646,0.8417709974297322,-0.11494900920321699,0.7125611475002073,0.820197330237957,-0.04392670591161596,0.8382555343669679,0.8428820164165493,0.0036315396733272998,7.771671473091722,0.08513390266147085,1.4988713437290537,-0.054609163493263724,10.220242293922933,-0.046083463512608835
paris,link_reg,3,0,20,60,64,0.8588185059281983,8.758096365655803,1.31388994330211,0.6711881270209767,0.6164331315811292,0.8284719343338032,-0.12221208854987142,0.7809302711217976,0.8151728712378742,-0.040494154713539565,0.910040626813697,0.9100903739325097,0.08964430810048918,7.432682758024066,0.28195008705745794,1.4562671692159301,-0.5349681162732028,8.76215235088872,0.008173076923077005
paris,link_reg,3,0,10,60,64,0.8588185059281983,8.523903389561035,1.1517694871544706,0.658718182571926,0.5574330486692646,0.8418373269214825,-0.1148826797114667,0.7125611475002073,0.8203631539673327,-0.042268468617859156,0.8382555343669679,0.8395655418290358,0.1601359754580881,7.506334876186547,0.2289030760301799,1.4988713437290537,-0.4564718052704406,10.37513519187927,-0.020363758089712136
paris,link+k10,3,0,20,60,64,0.8588185059281983,8.952497051782606,1.4742157851366646,0.6594146422353039,0.6164331315811292,0.8278086394163005,-0.1144515380150899,0.7809302711217976,0.8163170549705663,-0.0302628306110605,0.910040626813697,0.8694469778625321,-0.003266727468700714,7.256072557820838,0.0909045684437443,1.4562671692159301,-0.02620026938868758,9.368567155516413,-0.014690170940170888
paris,link+k10,3,1,20,60,64,0.8588185059281983,8.815887431465159,-0.20379534483801645,0.6459497554099992,0.6164331315811292,0.8343918414725147,-0.08740568775391755,0.7809302711217976,0.8187380814194511,0.003830528148577983,0.910040626813697,0.8697620429483459,-0.0019567200066329393,7.333304836069886,0.09002570267805322,1.4562671692159301,-0.016090368963707302,9.584877833051205,0.012446581196581263
paris,link+k10,3,2,20,60,64,0.8588185059281983,8.863882947018713,0.8623112769279048,0.6152889478484371,0.6164331315811292,0.8304949838321863,-0.1155128098830942,0.7809302711217976,0.8186883343006385,-0.02991460077937158,0.910040626813697,0.8695796368460327,-0.0027029267888234454,7.207842018255278,0.09042367962855484,1.4562671692159301,-0.07670934880773195,9.38659399872945,0.027403846153846168
paris,link+k10,3,3,20,60,64,0.8588185059281983,8.798793491008293,-0.15623152713026608,0.6475914103308184,0.6164331315811292,0.8317884089213167,-0.08878202470773566,0.7809302711217976,0.8152226183566869,0.0049581295083326316,0.910040626813697,0.8697620429483459,-0.0014924135643810121,7.222557332610093,0.09012519691567863,1.4562671692159301,-0.002925349810497968,9.505760237919922,-0.03477564102564101
paris,link+k10,3,4,20,60,64,0.8588185059281983,8.84497437775527,0.20168715886132135,0.6443246828621175,0.6164331315811292,0.8309095431556256,-0.09519940303457419,0.7809302711217976,0.812071967498549,-0.014708564795622325,0.910040626813697,0.8692479893872813,-0.0027029267888234454,7.245506105483199,0.09070557996849349,1.4562671692159301,-0.021708823416166423,9.020249494277369,-0.00811965811965809
paris,link+k10,3,5,20,60,64,0.8588185059281983,8.969528083578655,-0.8774731424601623,0.62828952823149,0.6164331315811292,0.8371610977530884,-0.0792969073874471,0.7809302711217976,0.8188873227758893,0.018738081419451103,0.910040626813697,0.8695796368460327,-0.002238620346571518,7.37670857817575,0.09095431556255701,1.4562671692159301,-0.01915417364549299,9.448571572355558,0.051655982905982833
paris,link+k10,3,6,20,60,64,0.8588185059281983,8.698689424578879,0.4808938543040597,0.6560318381560402,0.6164331315811292,0.8314401790896278,-0.10385540170798435,0.7809302711217976,0.8174280739573833,-0.015421606831937718,0.910040626813697,0.8693309012519691,-0.0018240610231323728,7.207133558424157,0.0902910206450543,1.4562671692159301,-0.022703904438357236,9.637371295718347,-0.025694444444444464
paris,link+k10,3,7,20,60,64,0.8588185059281983,8.69326011384383,-0.6633142417351606,0.6592322361329906,0.6164331315811292,0.8357681784263328,-0.08314401790896275,0.7809302711217976,0.8211756902412736,0.014691982422684657,0.910040626813697,0.8697620429483459,-0.0008622833927535156,7.229709928007538,0.0900422850509908,1.4562671692159301,0.000786735452297016,9.435093870926487,-0.021047008547008583
paris,link+k10,3,8,20,60,64,0.8588185059281983,8.789990690761858,-0.7580541444447457,0.6416383384462316,0.6164331315811292,0.8340270292678882,-0.08654340436116403,0.7809302711217976,0.8200646712544565,0.004029516623828777,0.910040626813697,0.8695630544730951,-0.001989884752508053,7.319508726300565,0.09083823895199403,1.4562671692159301,-0.008746225228997373,9.228787993323206,-0.014369658119658069
paris,link+k10,3,9,20,60,64,0.8588185059281983,8.667915492075352,0.18851413866790906,0.6604261669844955,0.6164331315811292,0.8338114584196998,-0.09839980101152468,0.7809302711217976,0.8186717519277008,-0.0082082746040959,0.910040626813697,0.8693806483707819,-0.0015753254290689078,7.095745661623158,0.09072216234143106,1.4562671692159301,-0.030729584561596912,9.415767673156541,-0.02099358974358978
paris,link+k10d,3,0,20,60,64,0.8588185059281983,8.83870523309865,-0.7611952093263411,0.6418207445485449,0.6164331315811292,0.8324019567200066,-0.08833430063842129,0.7809302711217976,0.8128679213995523,0.005953071884586603,0.910040626813697,0.8680208937899013,-0.0017411491584445882,7.404463939267381,0.09138545725893375,1.4562671692159301,-0.03457972475150206,8.879445073307856,0.020245726495726535
paris,link+k25,3,0,20,60,64,0.8588185059281983,8.696137163464163,-0.011131278846298956,0.6520686510239615,0.6164331315811292,0.8346737418124534,-0.10224691153304033,0.7809302711217976,0.821424425835337,-0.012188044109112117,0.910040626813697,0.8716026863444158,-0.003266727468700714,6.99068845609593,0.09005886742392837,1.4562671692159301,-0.04963082955332965,9.191175896495883,0.01041666666666674
paris,link+k25,3,1,20,60,64,0.8588185059281983,8.723277125672283,0.5863496967090542,0.6578890639250476,0.6164331315811292,0.8352707072382057,-0.10828289528231483,0.7809302711217976,0.8186883343006385,-0.029284470607743973,0.910040626813697,0.8722162341431059,-0.0005638006798772688,6.917067542604214,0.0878534118232319,1.4562671692159301,-0.07723655095767445,8.896695287940643,0.009829059829059794
paris,link+k25,3,2,20,60,64,0.8588185059281983,8.748743001110915,1.0541069934221519,0.6624823812287538,0.6164331315811292,0.8336290523173866,-0.11529723903490585,0.7809302711217976,0.8182240278583865,-0.03886908216565799,0.910040626813697,0.8729126938064837,-0.0023546969571345278,7.090582634792821,0.08869911284304784,1.4562671692159301,-0.05229917359534997,8.945630966085766,-0.0064102564102563875
paris,link+k25,3,3,20,60,64,0.8588185059281983,8.66612126645136,0.3579070982342865,0.6662797446314568,0.6164331315811292,0.8348893126606417,-0.10740402951662376,0.7809302711217976,0.8181411159936987,-0.0261172373766686,0.910040626813697,0.8714368626150402,-0.003100903739325034,6.989144446050557,0.08972721996517702,1.4562671692159301,-0.0708356932519274,8.63878734866085,0.00924145299145307
paris,link+k25,3,4,20,60,64,0.8588185059281983,8.767485395408436,0.021122819695146164,0.6550368957797861,0.6164331315811292,0.8361164082580217,-0.09171710471768502,0.7809302711217976,0.822037973634027,-0.005571677307022682,0.910040626813697,0.8712212917668518,-0.0021557084818837335,7.042596653482568,0.08985987894867756,1.4562671692159301,-0.03015290543527427,8.667584603786478,0.014636752136752085
paris,link+k25,3,5,20,60,64,0.8588185059281983,8.725712688128949,0.5096110377426041,0.6539590415388442,0.6164331315811292,0.8362324848685847,-0.10105298068153545,0.7809302711217976,0.8222867092280906,-0.020114418373269216,0.910040626813697,0.8714700273609154,-0.001807478650194816,6.992893481363488,0.08924633114998756,1.4562671692159301,-0.059783644817374526,8.928378762772466,0.02398504273504276
paris,link+k25,3,6,20,60,64,0.8588185059281983,8.706622891950426,-0.40592581869634403,0.6599618605422436,0.6164331315811292,0.8389685764032833,-0.09121963352955809,0.7809302711217976,0.8199651770168311,-0.0021722908548214015,0.910040626813697,0.8700439432882846,-0.0013763369538181136,7.1166414703379886,0.09017494403449133,1.4562671692159301,-0.043269491609453814,9.229186636333692,0.005181623931624024
paris,link+k25,3,7,20,60,64,0.8588185059281983,8.754497144360352,-0.916176006725618,0.6578227344332974,0.6164331315811292,0.8391675648785342,-0.07987729044026193,0.7809302711217976,0.8223862034657159,0.009568029184976345,0.910040626813697,0.8715861039714783,-0.0018240610231323728,7.20703480373546,0.08949506674405107,1.4562671692159301,-0.008185472985325237,9.058016922613778,0.0017628205128206176
paris,link+k25,3,8,20,60,64,0.8588185059281983,8.789642649013532,0.6168132554994,0.6554017079844126,0.6164331315811292,0.8322361329906309,-0.10402122543736003,0.7809302711217976,0.8134483044523672,-0.027493574330486714,0.910040626813697,0.8707238205787248,-0.0019567200066329393,7.062341537360181,0.08911367216648702,1.4562671692159301,-0.04010994988724881,8.885795209971121,-0.006036324786324765
paris,link+k25,3,9,20,60,64,0.8588185059281983,8.712159642020948,0.2905699227821149,0.6658651853080175,0.6164331315811292,0.8372108448719011,-0.09619434541082827,0.7809302711217976,0.8219053146505265,-0.007097255617278919,0.910040626813697,0.8731448470276096,-0.002586850178260436,7.012755359468667,0.08858303623248487,1.4562671692159301,-0.03777784808884932,8.937634559612066,-0.007425213675213649
paris,link+k25d,3,0,20,60,64,0.8588185059281983,8.693290998304471,-0.45707084693551553,0.6583202056214245,0.6164331315811292,0.8333803167233231,-0.0934582538761296,0.7809302711217976,0.8143769173368709,-0.0038802752673907648,0.910040626813697,0.8683525412486527,-0.0014758311914434552,7.210480984567438,0.09126938064837078,1.4562671692159301,-0.04235892868161151,9.101619581973395,0.0024038461538462563
paris,link+k50,3,0,20,60,64,0.8588185059281983,8.670953633567859,0.22818601089405108,0.6806234972224525,0.6164331315811292,0.8417875798026697,-0.09327584777381637,0.7809302711217976,0.8289362407760551,-0.0091534698615372,0.910040626813697,0.8756819500870574,-0.0012436779703175471,6.8825438118081115,0.08579719757897356,1.4562671692159301,-0.02237514338159885,8.941543273354027,-0.017574786324786373
paris,link+k50,3,1,20,60,64,0.8588185059281983,8.640774229439474,0.07234390286132923,0.6762954978857475,0.6164331315811292,0.8445236713373684,-0.08977696708398963,0.7809302711217976,0.8323190448553188,-0.00441091120139292,0.910040626813697,0.8761794212751844,-0.0017411491584445882,6.756615647281938,0.08665948097172706,1.4562671692159301,-0.025034466758915963,8.573771609253885,-0.005876068376068355
paris,link+k50,3,2,20,60,64,0.8588185059281983,8.685001147182772,0.23153808545464524,0.6784180416217561,0.6164331315811292,0.8394826299643479,-0.10072133322278409,0.7809302711217976,0.8274272448387364,-0.017063261752756853,0.910040626813697,0.8771909460243761,-0.001790896277257259,6.740181067025242,0.08571428571428572,1.4562671692159301,-0.05271053837564077,8.10343539225362,0.011164529914529986
paris,link+k50,3,3,20,60,64,0.8588185059281983,8.665632295589289,0.013496953685512875,0.6778376585689412,0.6164331315811292,0.8417709974297322,-0.09004228505099077,0.7809302711217976,0.8283392753503026,-0.0014924135643811232,0.910040626813697,0.8753337202553686,-0.0009286128845037434,6.8510798544512,0.08554846198491003,1.4562671692159301,-0.015400378959331551,8.641955653476316,-0.010309829059829023
paris,link+k50,3,4,20,60,64,0.8588185059281983,8.64786617367796,-0.36394776985958854,0.6776055053478153,0.6164331315811292,0.8435287289611143,-0.08549871486609728,0.7809302711217976,0.8292678882348063,0.0031838156040129295,0.910040626813697,0.8758477738164331,-0.0004808888151894841,6.792296445914062,0.08546555012022221,1.4562671692159301,-0.023438950088683574,8.60030005401537,-0.00026709401709401615
paris,link+k50,3,5,20,60,64,0.8588185059281983,8.707294594078318,-0.30892812088236227,0.672746870077108,0.6164331315811292,0.8410911201392919,-0.09238039963518774,0.7809302711217976,0.8243429234723489,-0.00853992206284726,0.910040626813697,0.8750186551695548,-0.0018406433960699298,6.911268204576551,0.08707404029516624,1.4562671692159301,-0.03068243614825139,8.332057005694194,0.007158119658119633
paris,link+k50,3,6,20,60,64,0.8588185059281983,8.654845930381072,-0.12065155773562482,0.6762789155128098,0.6164331315811292,0.8437277174363651,-0.08937899013348805,0.7809302711217976,0.828554846198491,-0.0059199071387116,0.910040626813697,0.8759141033081834,8.291186468789569e-05,6.828345995109452,0.08480225520271951,1.4562671692159301,-0.02825371120176956,8.52163762803485,-0.00678418803418801
paris,link+k50,3,7,20,60,64,0.8588185059281983,8.699396745173667,-0.4637910335720872,0.6729292761794212,0.6164331315811292,0.843429234723489,-0.08457010198159354,0.7809302711217976,0.8275267390763619,0.0028687505181991257,0.910040626813697,0.8759970151728712,-0.002056214244258281,6.7829767666161285,0.0861785921565376,1.4562671692159301,-0.034917599059435034,8.205506565864118,0.023076923076922995
paris,link+k50,3,8,20,60,64,0.8588185059281983,8.635163397430043,0.1745258593901046,0.6752673907636183,0.6164331315811292,0.8392836414890971,-0.0990630959290274,0.7809302711217976,0.8262333139872315,-0.016996932261006625,0.910040626813697,0.875201061271868,-0.0007959539010031769,6.793494549402792,0.08563137384959787,1.4562671692159301,-0.047987587921738406,8.362666185319771,0.004807692307692291
paris,link+k50,3,9,20,60,64,0.8588185059281983,8.660338782117698,0.006098360471045034,0.6687339358262168,0.6164331315811292,0.840858966918166,-0.08985987894867753,0.7809302711217976,0.8279247160268635,0.0008788657656910726,0.910040626813697,0.8757648619517453,-0.001525578310256126,6.807945907946214,0.0856147914766603,1.4562671692159301,-0.024734977816052606,8.50148121058657,-0.01191239316239312
paris,link+k50d,3,0,20,60,64,0.8588185059281983,8.682212805103465,-0.6095787251115763,0.6706077439681618,0.6164331315811292,0.8352375424923306,-0.09123621590249564,0.7809302711217976,0.8175441505679463,-0.0005803830528149367,0.910040626813697,0.8691319127767183,-0.002255202719509186,7.037669357595554,0.09125279827543321,1.4562671692159301,-0.04944500484082881,8.613624892487024,-0.0036324786324786196
paris,link,4,0,20,62,97,0.8580134317220794,8.764804303370667,1.3702433168474446,0.6637923886908217,0.6164331315811292,0.827443827211674,-0.12556172788326003,0.7809302711217976,0.8150070475084985,-0.04855318796119734,0.910040626813697,0.8669927866677721,-0.0034657159439515084,7.088279294205522,0.09251305861868833,1.4562671692159301,-0.07606848474189531,9.28604612606375,-0.005769230769230749
paris,link,4,0,10,62,97,0.8580134317220794,8.522162305389479,1.217493816549499,0.6893292430146754,0.5574330486692646,0.8409584611557914,-0.11615952242765942,0.7125611475002073,0.8199983417627063,-0.04840394660475911,0.8382555343669679,0.8421026448884835,0.003548627808639515,7.779716874316973,0.08491833181328247,1.4988713437290537,-0.05550522598896701,9.895008027952896,-0.03844008033920998
paris,link_reg,4,0,20,62,97,0.8580134317220794,8.764804303370667,1.3702433168474446,0.6698449548130337,0.6164331315811292,0.8274935743304866,-0.12551198076444736,0.7809302711217976,0.8157864190365641,-0.04571760218887333,0.910040626813697,0.9099577149490092,0.08901417792886168,7.428728690072533,0.2872896111433546,1.4562671692159301,-0.5334888247640887,8.725479714099354,0.01736111111111116
paris,link_reg,4,0,10,62,97,0.8580134317220794,8.522162305389479,1.217493816549499,0.6557996849349141,0.5574330486692646,0.8410082082746041,-0.1161097753088467,0.7125611475002073,0.8205787248155211,-0.04570101981593566,0.8382555343669679,0.8392670591161595,0.15983749274521186,7.5051502111466375,0.23223613299063095,1.4988713437290537,-0.452100880715943,11.342097966077178,-0.016402588707877697
paris,link+k10,4,0,20,62,97,0.8580134317220794,8.964219605524617,1.4983252046787123,0.6582041290108614,0.6164331315811292,0.8287372523008042,-0.11584445734184556,0.7809302711217976,0.8166155376834425,-0.030063842135809704,0.910040626813697,0.8681369704004643,-0.0042119227261421255,7.27523903031229,0.09181659895531051,1.4562671692159301,-0.025703438618935648,9.438568357784638,-0.005982905982905962
paris,link+k10,4,1,20,62,97,0.8580134317220794,8.82485668300554,-0.36323001178492986,0.6461321615123125,0.6164331315811292,0.8356189370698947,-0.08806898267142027,0.7809302711217976,0.8182571926042617,0.013995522759306822,0.910040626813697,0.8688997595555924,-0.002785838653511341,7.337590218600129,0.09107039217311998,1.4562671692159301,-0.01280515957843198,9.524022957411814,0.021955128205128238
paris,link+k10,4,2,20,62,97,0.8580134317220794,8.866180286997942,1.0994474579252753,0.6186385871818257,0.6164331315811292,0.8298151065417462,-0.1206035983749274,0.7809302711217976,0.8175938976867589,-0.03903490589503367,0.910040626813697,0.8683691236215902,-0.004344581709642581,7.1987491455437045,0.09151811624243429,1.4562671692159301,-0.08530140127995733,9.495422404077853,0.034615384615384714
paris,link+k10,4,3,20,62,97,0.8580134317220794,8.802556223298355,-0.33513167018620355,0.6484371113506343,0.6164331315811292,0.8333803167233231,-0.08818505928198317,0.7809302711217976,0.814907553270873,0.0087554929110355,0.910040626813697,0.8686676063344665,-0.002586850178260436,7.274648705077597,0.09123621590249564,1.4562671692159301,0.003985493410813223,9.593402400698096,-0.028472222222222232
paris,link+k10,4,4,20,62,97,0.8580134317220794,8.833502704395976,0.03686664100581422,0.6441754415056795,0.6164331315811292,0.8315894204460659,-0.09776967083989718,0.7809302711217976,0.8118563966503607,-0.011077025122295026,0.910040626813697,0.8680872232816516,-0.003830528148578094,7.2694808636365975,0.09181659895531051,1.4562671692159301,-0.02507371658343871,9.050260583059362,0.004326923076923173
paris,link+k10,4,5,20,62,97,0.8580134317220794,8.948405530787335,-0.6045369488203806,0.6300306773899345,0.6164331315811292,0.8371610977530884,-0.08682530470110272,0.7809302711217976,0.8181576983666362,0.013066909874803079,0.910040626813697,0.8686676063344665,-0.00351546306276429,7.374174429982203,0.09193267556587348,1.4562671692159301,-0.02548352380536678,9.255779787914596,0.062393162393162394
paris,link+k10,4,6,20,62,97,0.8580134317220794,8.713265754438362,0.49558423797238127,0.6532957466213415,0.6164331315811292,0.831506508581378,-0.10664124036149569,0.7809302711217976,0.8181908631125114,-0.014990465135560904,0.910040626813697,0.8683525412486527,-0.0032335627228256003,7.218031370794155,0.0914186220048089,1.4562671692159301,-0.026160318269396132,9.567685781954777,-0.01666666666666672
paris,link+k10,4,7,20,62,97,0.8580134317220794,8.71440372934155,-0.8319480383494843,0.6584860293508001,0.6164331315811292,0.8367133736837742,-0.08359174197827701,0.7809302711217976,0.8201475831191444,0.02271785092446721,0.910040626813697,0.8687671005720918,-0.0021557084818837335,7.271243540390862,0.09113672166487025,1.4562671692159301,0.006381808944341483,9.454783507722471,-0.0022435897435897356
paris,link+k10,4,8,20,62,97,0.8580134317220794,8.80834952973872,-0.8485745124443635,0.6401459248818506,0.6164331315811292,0.8356686841887074,-0.08851670674073453,0.7809302711217976,0.82031340684852,0.005836995274023704,0.910040626813697,0.8684520354862781,-0.0031340684852002587,7.361076841387124,0.09189951081999834,1.4562671692159301,-0.005861264694577706,9.420350324198317,-0.0075854700854700585
paris,link+k10,4,9,20,62,97,0.8580134317220794,8.665712941130622,0.11529057292464706,0.6603598374927452,0.6164331315811292,0.833960699776138,-0.10097006881684767,0.7809302711217976,0.8186054224359506,-0.0052234474753337645,0.910040626813697,0.8680540585357764,-0.002570267805322879,7.124480479591065,0.09173368709062267,1.4562671692159301,-0.028482674648162787,9.313578207169892,-0.006463675213675191
paris,link+k10d,4,0,20,62,97,0.8580134317220794,8.750131738117405,-0.3589106361673705,0.6457176021888732,0.6164331315811292,0.8331979106210099,-0.0972887820247077,0.7809302711217976,0.8117900671586104,-0.0034491335710140625,0.910040626813697,0.8669098748030843,-0.0031506508581378156,7.348980209151077,0.09251305861868833,1.4562671692159301,-0.04463429616731318,9.067670604276874,0.015651709401709457
paris,link+k25,4,0,20,62,97,0.8580134317220794,8.695459454228606,-0.020806649963141535,0.6538595473012188,0.6164331315811292,0.8364646380897106,-0.10496642069480144,0.7809302711217976,0.8223198739739657,-0.011790067158610418,0.910040626813697,0.8705082497305364,-0.004659646795456385,6.994722978984692,0.0910538098001824,1.4562671692159301,-0.05245233997081655,9.214069027739272,0.02035256410256414
paris,link+k25,4,1,20,62,97,0.8580134317220794,8.729509777378341,0.5890399898505302,0.6582538761296741,0.6164331315811292,0.8352707072382057,-0.10987480308432129,0.7809302711217976,0.8202304949838322,-0.03059447806981186,0.910040626813697,0.8710057209186635,-0.0018738081419450436,6.924833256311651,0.08899759555592406,1.4562671692159301,-0.08220512941561409,8.8341967161511,0.019604700854700896
paris,link+k25,4,2,20,62,97,0.8580134317220794,8.741739337258576,0.991476643822704,0.6624160517370036,0.6164331315811292,0.8342591824890142,-0.1153967332725313,0.7809302711217976,0.8200978360003316,-0.03656413232733613,0.910040626813697,0.8718182571926043,-0.004245087472017239,7.101042259830474,0.08982671420280242,1.4562671692159301,-0.05310801298335921,9.125518542807832,0.008707264957265037
paris,link+k25,4,3,20,62,97,0.8580134317220794,8.667909846636421,0.40260513020555366,0.6662631622585192,0.6164331315811292,0.8346074123207031,-0.11023961528894777,0.7809302711217976,0.8187546637923887,-0.028256363485614888,0.910040626813697,0.8704419202387862,-0.004858635270707179,6.982968961980241,0.09087140369786917,1.4562671692159301,-0.07623357197344216,8.51429167445568,0.02831196581196571
paris,link+k25,4,4,20,62,97,0.8580134317220794,8.78501717090903,-0.022750269809596515,0.6545891717104718,0.6164331315811292,0.8369455269049001,-0.0918829284470607,0.7809302711217976,0.822270126855153,-0.005273194594146435,0.910040626813697,0.8700936904070973,-0.003051156620512363,7.035232384943031,0.09077190946024376,1.4562671692159301,-0.030596389331617235,8.707201502243453,0.023611111111111027
paris,link+k25,4,5,20,62,97,0.8580134317220794,8.71640744224305,0.47751164583206623,0.6543238537434707,0.6164331315811292,0.8368626150402123,-0.10354033662217055,0.7809302711217976,0.8226183566868419,-0.01925213498051581,0.910040626813697,0.8702429317635354,-0.0030014095016996922,6.994961334081509,0.09032418539092944,1.4562671692159301,-0.059633566200592014,9.067948552087035,0.03605769230769229
paris,link+k25,4,6,20,62,97,0.8580134317220794,8.703123157326647,-0.33860162283358664,0.660790979189122,0.6164331315811292,0.8394992123372854,-0.09533206201807476,0.7809302711217976,0.8202304949838322,-0.002039631871320835,0.910040626813697,0.8686676063344665,-0.0026200149241356607,7.104101312265359,0.09123621590249564,1.4562671692159301,-0.04823163590473345,9.154125892194772,0.025213675213675124
paris,link+k25,4,7,20,62,97,0.8580134317220794,8.749970865430681,-0.9107244634702792,0.6576569107039217,0.6164331315811292,0.8401625072547881,-0.08435453113340519,0.7809302711217976,0.8220545560069646,0.010960948511732016,0.910040626813697,0.8703921731199735,-0.0028853328911366827,7.218402483676439,0.09055633861205538,1.4562671692159301,-0.010788295668667791,9.268885493150309,0.01223290598290605
paris,link+k25,4,8,20,62,97,0.8580134317220794,8.775582875702174,0.6241882614331701,0.6577564049415472,0.6164331315811292,0.8329823397728215,-0.1069563054473095,0.7809302711217976,0.8140121051322444,-0.029350800099494312,0.910040626813697,0.8696128015919078,-0.002835585772324012,7.059168150172986,0.09035735013680457,1.4562671692159301,-0.04780424919349713,9.000156259762313,0.007211538461538547
paris,link+k25,4,9,20,62,97,0.8580134317220794,8.71119005078194,0.20506704748060584,0.6649863195423265,0.6164331315811292,0.8374264157200896,-0.09942790813365388,0.7809302711217976,0.8227344332974048,-0.00530635934002166,0.910040626813697,0.8716855982091037,-0.0034159688251388376,7.039142488872732,0.0894287372523008,1.4562671692159301,-0.03981251220302906,9.251554903213684,0.002083333333333437
paris,link+k25d,4,0,20,62,97,0.8580134317220794,8.766461593950616,-0.6941444791810594,0.6547881601857226,0.6164331315811292,0.8335295580797613,-0.0925130586186883,0.7809302711217976,0.8128347566536771,0.005886742392836375,0.910040626813697,0.8670591161595225,-0.003299892214575939,7.242951724101369,0.0924798938728132,1.4562671692159301,-0.04590773302005835,9.362762100916656,-0.0011217948717948678
paris,link+k50,4,0,20,62,97,0.8580134317220794,8.672344686188254,0.1818605106634552,0.6804742558660144,0.6164331315811292,0.8421358096343586,-0.09684105795539333,0.7809302711217976,0.8299643478981842,-0.008423845452284251,0.910040626813697,0.8747201724566785,-0.0027029267888234454,6.89324823985193,0.0867921399552276,1.4562671692159301,-0.02439192338972629,8.876397415293454,-0.0012820512820512775
paris,link+k50,4,1,20,62,97,0.8580134317220794,8.641065000100697,0.02757273851434153,0.6744216897438023,0.6164331315811292,0.8452864604924964,-0.09170052234474746,0.7809302711217976,0.8328165160434459,-0.0024541911947599804,0.910040626813697,0.8753171378824309,-0.0027029267888234454,6.76320279020741,0.08753834673741813,1.4562671692159301,-0.025226976034007143,8.556038987904353,0.004380341880341865
paris,link+k50,4,2,20,62,97,0.8580134317220794,8.686767727465858,0.26687829958105747,0.6778708233148163,0.6164331315811292,0.8388524997927204,-0.10453527899842463,0.7809302711217976,0.8289859878948678,-0.018655169554763318,0.910040626813697,0.8760633446646215,-0.0029184976370117965,6.735486732719991,0.0867423928364149,1.4562671692159301,-0.055391292679836335,8.176919531267146,0.01853632478632483
paris,link+k50,4,3,20,62,97,0.8580134317220794,8.66741479628661,-0.01809652213373158,0.6772738578890639,0.6164331315811292,0.842086062515546,-0.09264571760218887,0.7809302711217976,0.8293508000994942,0.0007793715280656199,0.910040626813697,0.8742890307603018,-0.00200646712544561,6.862026113307414,0.08649365724235138,1.4562671692159301,-0.017237434660801965,8.656084364048862,-0.001175213675213671
paris,link+k50,4,4,20,62,97,0.8580134317220794,8.648373545384866,-0.36239680496238397,0.6763120802586851,0.6164331315811292,0.8439101235386783,-0.09045684437442991,0.7809302711217976,0.8283724400961777,0.002852168145261569,0.910040626813697,0.8746538429649283,-0.0017079844125693633,6.7942917425818035,0.08665948097172706,1.4562671692159301,-0.02931231903903564,8.604195119972404,0.008814102564102644
paris,link+k50,4,5,20,62,97,0.8580134317220794,8.711507018511877,-0.27986869112723134,0.6730785175358593,0.6164331315811292,0.8415222618356687,-0.09639333388607907,0.7809302711217976,0.8251720421192272,-0.006881684769090457,0.910040626813697,0.8741066246579886,-0.003051156620512363,6.927287307295395,0.0878534118232319,1.4562671692159301,-0.03438036932456967,8.439792560927469,0.015010683760683818
paris,link+k50,4,6,20,62,97,0.8580134317220794,8.655515161052271,-0.1213837656448732,0.6758809385623082,0.6164331315811292,0.8446894950667441,-0.09319293590912858,0.7809302711217976,0.829433711964182,-0.006533454937401539,0.910040626813697,0.8747865019484288,-0.0011441837326920945,6.834238756262166,0.08601276842716192,1.4562671692159301,-0.031777337131003947,8.464891062176438,0.006570512820512908
paris,link+k50,4,7,20,62,97,0.8580134317220794,8.704366923054183,-0.5467539300617166,0.6729126938064837,0.6164331315811292,0.8438935411657408,-0.08778708233148158,0.7809302711217976,0.8272448387364232,0.005704336290523138,0.910040626813697,0.8748694138131167,-0.0031174861122625908,6.786448898695944,0.08722328165160434,1.4562671692159301,-0.03822953319103273,8.210584368691146,0.03514957264957275
paris,link+k50,4,8,20,62,97,0.8580134317220794,8.633855943725461,0.19019826899480666,0.67505181991543,0.6164331315811292,0.8397645303042865,-0.10246248238122868,0.7809302711217976,0.8280407926374265,-0.01658237293756737,0.910040626813697,0.8741232070309262,-0.001774313904319702,6.795619083584689,0.08637758063178841,1.4562671692159301,-0.05075588321303992,8.452610952544541,0.01554487179487185
paris,link+k50,4,9,20,62,97,0.8580134317220794,8.660387899392319,-0.005161727076061719,0.6698615371859713,0.6164331315811292,0.8410082082746041,-0.09332559489262915,0.7809302711217976,0.8281071221291767,0.00013265898350045546,0.910040626813697,0.874587513473178,-0.0029682447558245784,6.821469484815174,0.08700771080341597,1.4562671692159301,-0.028134951823849397,8.42976691570158,-0.0025106837606837518
paris,link+k50d,4,0,20,62,97,0.8580134317220794,8.706588490127753,-0.5895938301391247,0.6665450625984578,0.6164331315811292,0.8357018489345825,-0.09514965591576152,0.7809302711217976,0.8159190780200647,0.0015753254290687968,0.910040626813697,0.8676726639582124,-0.0037476162838901983,7.063114898283155,0.0924798938728132,1.4562671692159301,-0.05842137930041802,8.652050862706075,0.009401709401709368
prague,link,0,0,20,57,109,0.8448766261821324,8.490844150027998,0.29414505203549485,0.6843286448082185,0.6962459795497096,0.821011953338774,-0.10258748979885746,0.8332893284047813,0.8593202438673131,0.014497623733858211,0.9337165762565407,0.9276678988046662,0.04540108492151129,5.833924186274654,0.030315395324276406,1.5982740183161797,-0.06499102116926259,6.1050651508661895,0.034412220792503945
prague,link,0,0,10,57,109,0.8448766261821324,8.448936272718882,0.6656594912374997,0.7043228841630262,0.6365752964332005,0.8126590178099947,-0.1172771350391244,0.7948010177139839,0.8427463875954107,-0.007404829340886154,0.8994527387067351,0.9033411742115117,0.05172579328884841,6.653746079823626,0.033519754212471775,1.6522361973782955,-0.05053957885124327,6.799063945128842,-0.007480342356133929
prague,link_reg,0,0,20,57,109,0.8448766261821324,8.490844150027998,0.29414505203549485,0.6768998127790312,0.6962459795497096,0.821011953338774,-0.10258748979885746,0.8332893284047813,0.8589602035427968,0.01723393020018249,0.9337165762565407,0.9337165762565407,0.0662834237434593,6.389506082887952,0.1864168786904133,1.5982740183161797,-0.394302705553107,6.128241215259788,0.057276716486852175
prague,link_reg,0,0,10,57,109,0.8448766261821324,8.448936272718882,0.6656594912374997,0.6850727281455523,0.6365752964332005,0.8126590178099947,-0.1172771350391244,0.7948010177139839,0.8421943257644856,-0.004764533627766299,0.8994527387067351,0.8995967548365417,0.10011521290384529,6.738641544285122,0.16591858288128272,1.6522361973782955,-0.3782596336909514,6.619148996712025,0.054589103054763166
prague,link+k10,0,0,20,57,109,0.8448766261821324,8.52473910938143,-0.28799276393755946,0.683128510393164,0.6962459795497096,0.8276366953098747,-0.08144112140559745,0.8332893284047813,0.8590202102635495,0.03817627574288318,0.9337165762565407,0.928435984830301,0.04484902309058614,5.915946513890548,0.02808314531227496,1.5982740183161797,-0.022827427662157174,6.278151278392461,0.02385430070276162
prague,link+k10,0,1,20,57,109,0.8448766261821324,8.585936746869283,0.044515415488218156,0.681784359848303,0.6962459795497096,0.8269406173491431,-0.0837693821708031,0.8332893284047813,0.8622725745283472,0.030699438337093765,0.9337165762565407,0.9281119485382363,0.045173059382650926,6.014842186789607,0.03889635639191591,1.5982740183161797,-0.0044384121013141264,6.3904405440372285,0.0033323435283250102
prague,link+k10,0,2,20,57,109,0.8448766261821324,8.761249601346151,1.5266079500236551,0.671211175651673,0.6962459795497096,0.8133790984590274,-0.12582209207431228,0.8332893284047813,0.859296241179012,-0.004128462387787413,0.9337165762565407,0.9287120157457636,0.04332485238346695,5.835204339276424,0.03237962651817006,1.5982740183161797,-0.06953725540476996,6.352877426899494,0.03497311029727146
prague,link+k10,0,3,20,57,109,0.8448766261821324,8.650020794728007,-0.5884311669206159,0.6799601555374202,0.6962459795497096,0.8233762181364312,-0.0871177571888051,0.8332893284047813,0.8559838701934617,0.03180356199894385,0.9337165762565407,0.9287840238106668,0.04531707551245745,5.86365812200578,0.029199270318275627,1.5982740183161797,-0.056263253416603876,6.177747603546456,0.04685077039823149
prague,link+k10,0,4,20,57,109,0.8448766261821324,8.527811373153263,-0.2150796009358291,0.6737794632998896,0.6962459795497096,0.8267125918102828,-0.08783783783783783,0.8332893284047813,0.8593682492439153,0.026330949066295406,0.9337165762565407,0.9281359512265374,0.04529307282415629,5.921258422711728,0.038740338917958805,1.5982740183161797,-0.07780485758677269,6.2317543747431365,0.0547692104655384
prague,link+k10,0,5,20,57,109,0.8448766261821324,8.611440294993,1.0244890005211609,0.676143728097547,0.6962459795497096,0.815551341750276,-0.11690509337045751,0.8332893284047813,0.8579160866016994,0.0016921895252268726,0.9337165762565407,0.9280039364408814,0.04374489942873605,5.840531631161926,0.024746771638423537,1.5982740183161797,-0.05486341264939054,6.202480441026399,0.027549572734171468
prague,link+k10,0,6,20,57,109,0.8448766261821324,8.669709065254859,-0.6168418793720107,0.6669146944457779,0.6962459795497096,0.8282127598291008,-0.07330421007152799,0.8332893284047813,0.8585881618741299,0.04484902309058614,0.9337165762565407,0.928459987518602,0.045113052661898134,5.984496473489486,0.03453986846526813,1.5982740183161797,-0.0654154891267642,6.353141389016021,0.05589098947507343
prague,link+k10,0,7,20,57,109,0.8448766261821324,8.573641945516707,0.25749281706675925,0.6820963947962172,0.6962459795497096,0.8261365272910566,-0.08997407709663485,0.8332893284047813,0.8616004992559166,0.026234938313091094,0.9337165762565407,0.9281839566031396,0.04481301905813451,5.9128920177247455,0.03103547597330901,1.5982740183161797,-0.03813910381393448,6.215399342996715,0.02085189217724115
prague,link+k10,0,8,20,57,109,0.8448766261821324,8.55775780507026,0.1585655474085998,0.6829604915750564,0.6962459795497096,0.8234722288896357,-0.09153425183620567,0.8332893284047813,0.8606523930680237,0.023366617061110873,0.9337165762565407,0.9281839566031396,0.04522106475925303,5.910430232443853,0.0345398684652681,1.5982740183161797,-0.030114270118737574,6.2022233295997555,0.018113431653964174
prague,link+k10,0,9,20,57,109,0.8448766261821324,8.575925130599625,0.6861255415932471,0.6724113100667275,0.6962459795497096,0.821696029955355,-0.10317555566223413,0.8332893284047813,0.859560270750324,0.010657193605683846,0.9337165762565407,0.9282919687004945,0.04494503384379056,5.924348239893463,0.03138351495367481,1.5982740183161797,-0.053476632447436945,6.378913847156165,0.02814345573921928
prague,link+k10d,0,0,20,57,109,0.8448766261821324,8.579236895683323,-0.41273761673692944,0.6714872065671356,0.6962459795497096,0.8266765877778312,-0.08016897892563968,0.8332893284047813,0.8584201430560223,0.0376962219768614,0.9337165762565407,0.9276799001488166,0.04531707551245745,6.001895306499067,0.0376482166002593,1.5982740183161797,-0.07491763240447802,6.2031211701784414,0.05730970998713247
prague,link+k25,0,0,20,57,109,0.8448766261821324,8.482274030380147,0.1954852069824143,0.6917454754932553,0.6962459795497096,0.8264845662714224,-0.09308242523162591,0.8332893284047813,0.8631126686188854,0.02289856463923956,0.9337165762565407,0.9293840910181941,0.04402093034419863,5.760829644662375,0.028623205799049478,1.5982740183161797,-0.03863787075865677,6.087964591053418,0.018245405655086033
prague,link+k25,0,1,20,57,109,0.8448766261821324,8.590464680095046,0.7414620553093643,0.6837645816331429,0.6962459795497096,0.8216120205463012,-0.10861216456243095,0.8332893284047813,0.8584081417118717,0.004824540348519091,0.9337165762565407,0.9292640775766886,0.04402093034419863,5.779744681502256,0.03451586577696697,1.5982740183161797,-0.07072188454173212,6.134563158740196,0.03823946682503543
prague,link+k25,0,2,20,57,109,0.8448766261821324,8.530870030184982,0.7469741559480559,0.689801257740867,0.6962459795497096,0.8249963995967549,-0.10155537420191063,0.8332893284047813,0.8650328836829725,0.013825548461427695,0.9337165762565407,0.9298281407517642,0.043864912870241524,5.7262492949153145,0.027663098267005914,1.5982740183161797,-0.041054735845996726,6.051522672268936,0.015968854135735233
prague,link+k25,0,3,20,57,109,0.8448766261821324,8.542731927020776,-0.013260129152268011,0.6732994095338678,0.6962459795497096,0.831849167106716,-0.08462147760549177,0.8332893284047813,0.8638447506120686,0.0304714127982334,0.9337165762565407,0.9293600883298929,0.04282079592914412,5.766863477258021,0.03403581201094519,1.5982740183161797,-0.06735998220811767,6.287839620720872,0.04249562836121279
prague,link+k25,0,4,20,57,109,0.8448766261821324,8.55072391565678,0.14833177372414583,0.6866569055734242,0.6962459795497096,0.8283807786472085,-0.09255436608900192,0.8332893284047813,0.8621645624309923,0.02331861168450866,0.9337165762565407,0.9291560654793337,0.04415294512985457,5.7725095963184385,0.0313115068887716,1.5982740183161797,-0.056458281155759016,6.13649642619966,0.037678577320267914
prague,link+k25,0,5,20,57,109,0.8448766261821324,8.505359340129665,0.11736047789012329,0.6878930440209303,0.6962459795497096,0.8261245259469061,-0.09205030963467908,0.8332893284047813,0.8622125678075945,0.02245451490566941,0.9337165762565407,0.9288320291872689,0.04450098411022041,5.79724632008034,0.029715328116749068,1.5982740183161797,-0.03873283562048302,6.056294114130951,0.01633178263882007
prague,link+k25,0,6,20,57,109,0.8448766261821324,8.55729579345746,0.264932635255478,0.6895252268254044,0.6962459795497096,0.8244803417982814,-0.0963347894964236,0.8332893284047813,0.8611444481781959,0.0184820699918391,0.9337165762565407,0.9296361192453555,0.04441697470116657,5.881341397341435,0.035331957179204065,1.5982740183161797,-0.019561023859634652,6.170060981351537,-3.299350028040937e-05
prague,link+k25,0,7,20,57,109,0.8448766261821324,8.542916495367107,0.6410860401597211,0.6866329028851231,0.6962459795497096,0.8250924103499592,-0.09886707311218856,0.8332893284047813,0.863412702222649,0.015397724545149094,0.9337165762565407,0.9297081273102588,0.04367289136383279,5.759534252047917,0.02732706063079063,1.5982740183161797,-0.03431309382758929,6.152016119995171,0.008347355570952564
prague,link+k25,0,8,20,57,109,0.8448766261821324,8.501307927022062,0.19627122340469252,0.6809562671019154,0.6962459795497096,0.8270126254140464,-0.09363448706255106,0.8332893284047813,0.8623205799049494,0.019778215160097923,0.9337165762565407,0.9292160722000864,0.04462099755172588,5.804972149193626,0.0313115068887716,1.5982740183161797,-0.05767589492069125,6.188681391402387,0.04008710284074035
prague,link+k25,0,9,20,57,109,0.8448766261821324,8.520655518973754,-0.13034951513280885,0.6852767509961115,0.6962459795497096,0.8273366617061111,-0.08709375450050405,0.8332893284047813,0.8616845086649705,0.025526859008208946,0.9337165762565407,0.9292880802649897,0.04447698142191925,5.832033674290062,0.0285992031107484,1.5982740183161797,-0.03141131084158899,6.208225803829815,0.022138638688178336
prague,link+k25d,0,0,20,57,109,0.8448766261821324,8.550889107502671,-0.4624815395474428,0.6809562671019154,0.6962459795497096,0.8275286832125198,-0.07763669530987471,0.8332893284047813,0.8590802169843023,0.04008448946281984,0.9337165762565407,0.9277159041812683,0.04537708223321013,5.933326485243808,0.0356559934712688,1.5982740183161797,-0.06842942442554589,6.111927419600777,0.04345243986934566
prague,link+k50,0,0,20,57,109,0.8448766261821324,8.50472445323669,0.3838449610613233,0.6898132590850176,0.6962459795497096,0.8308770582305218,-0.0927223849071096,0.8332893284047813,0.8661970140655754,0.0189021170371082,0.9337165762565407,0.931652345062647,0.0425687677019827,5.612465000788276,0.024722768950122403,1.5982740183161797,-0.04029855447398445,6.0619029393367025,0.020455970173875793
prague,link+k50,0,1,20,57,109,0.8448766261821324,8.489514974991641,-0.06131521272570918,0.6915654553309971,0.6962459795497096,0.8333973405021362,-0.08424943593682488,0.8332893284047813,0.8660770006240699,0.027543084825500497,0.9337165762565407,0.9316403437184965,0.0424607556046277,5.589110683941464,0.02807114396812449,1.5982740183161797,-0.052344331932454136,5.956864364465483,0.039625193836814177
prague,link+k50,0,2,20,57,109,0.8448766261821324,8.483143216528026,0.24512652770425428,0.6886491287024147,0.6962459795497096,0.8320051845806731,-0.090946185972829,0.8332893284047813,0.8663050261629303,0.02045029043252844,0.9337165762565407,0.931256300705679,0.04166866689069182,5.610853262984232,0.03294368969324568,1.5982740183161797,-0.06537262611128125,5.998539097877224,0.048401464911412395
prague,link+k50,0,3,20,57,109,0.8448766261821324,8.477685551307523,0.05437369934447098,0.694889827660698,0.6962459795497096,0.8340934184628679,-0.08535355959867508,0.8332893284047813,0.8676611780519419,0.025790888579520943,0.9337165762565407,0.9315083289328405,0.042688781143488064,5.575739825302667,0.024002688301089647,1.5982740183161797,-0.0465802907941264,5.889096601267586,0.023623346200798423
prague,link+k50,0,4,20,57,109,0.8448766261821324,8.476201867361715,-0.22513194385498914,0.6956099083097307,0.6962459795497096,0.8346094762613413,-0.08337333781383516,0.8332893284047813,0.8669290960587586,0.027939129182468436,0.9337165762565407,0.931388315491335,0.04333685372761753,5.532635395888821,0.02881522730545827,1.5982740183161797,-0.05310897890606725,5.8383974709954,0.04176977135504312
prague,link+k50,0,5,20,57,109,0.8448766261821324,8.513074216391995,0.3835480885304022,0.6964259997119677,0.6962459795497096,0.8302769910229946,-0.09481061878930441,0.8332893284047813,0.8656689549229514,0.016597858960203604,0.9337165762565407,0.931388315491335,0.042688781143488064,5.577263426156077,0.02528683212519811,1.5982740183161797,-0.051656966231748314,5.984053510753277,0.021610742683691342
prague,link+k50,0,6,20,57,109,0.8448766261821324,8.49039225135359,0.5060519553612152,0.6975181220296673,0.6962459795497096,0.829580913062263,-0.09505064567231525,0.8332893284047813,0.8665930584225433,0.01569775814891272,0.9337165762565407,0.9318083625366042,0.042292736786520124,5.596420372531539,0.025730881858768262,1.5982740183161797,-0.045394056392829674,5.968125658266958,0.025240027714540147
prague,link+k50,0,7,20,57,109,0.8448766261821324,8.49468552806086,-0.42474546960787773,0.6956459123421823,0.6962459795497096,0.8359776294945034,-0.0778527195045845,0.8332893284047813,0.8667490758965004,0.03527195045845133,0.9337165762565407,0.932336421679228,0.04224473140991791,5.622847765458142,0.027795113052661913,1.5982740183161797,-0.052428861254680825,5.890299136604575,0.0348411362961496
prague,link+k50,0,8,20,57,109,0.8448766261821324,8.481989882954148,0.03916050923935829,0.6964259997119677,0.6962459795497096,0.8327372665738563,-0.0861816523450627,0.8332893284047813,0.8666770678315971,0.02288656329508909,0.9337165762565407,0.9310162738226682,0.0430368201238539,5.643606032698088,0.02736306466324226,1.5982740183161797,-0.035099886389406754,5.948808502551795,0.019268204163779723
prague,link+k50,0,9,20,57,109,0.8448766261821324,8.481936956015048,-0.06559453570202733,0.693965724161106,0.6962459795497096,0.8333973405021362,-0.08751380154577315,0.8332893284047813,0.8659089818059623,0.023918678892035916,0.9337165762565407,0.9311962939849263,0.0425687677019827,5.6477317442800326,0.03529595314675249,1.5982740183161797,-0.07294289839695978,5.8371892416258255,0.04117588834999508
prague,link+k50d,0,0,20,57,109,0.8448766261821324,8.509948840785926,-0.1563698442383938,0.6914214392011905,0.6962459795497096,0.8267125918102828,-0.08421343190437325,0.8332893284047813,0.8589962075752484,0.03294368969324568,0.9337165762565407,0.9277519082137199,0.0453410782007585,5.829538543343302,0.03093946522010471,1.5982740183161797,-0.05885785256441989,5.974508187307135,0.030024085255204724
prague,link,1,0,20,60,67,0.8445999951994624,8.503678600759784,0.28951190645297104,0.6877370265469732,0.6962459795497096,0.8224521146368393,-0.10054726129326486,0.8332893284047813,0.8595122653737218,0.015337717824396302,0.9337165762565407,0.9282199606355912,0.04693725697278095,5.796856171607747,0.029619317363544728,1.5982740183161797,-0.05929383811781275,6.187929103952689,0.0035303045300076885
prague,link,1,0,10,60,67,0.8445999951994624,8.462535100238,0.7361416170701119,0.70506696750036,0.6365752964332005,0.8138951562575009,-0.11493687292976817,0.7948010177139839,0.8423743459267438,-0.009745091450242382,0.8994527387067351,0.9032571648024579,0.05377802313859148,6.6302360746683995,0.035115932984494225,1.6522361973782955,-0.04856319304196677,6.930554150066298,-0.031104307285505506
prague,link_reg,1,0,20,60,67,0.8445999951994624,8.503678600759784,0.28951190645297104,0.6800681676347751,0.6962459795497096,0.8224641159809899,-0.10053525994911428,0.8332893284047813,0.8593202438673131,0.017377946329989014,0.9337165762565407,0.9337165762565407,0.0662834237434593,6.3692631857184505,0.18096826844606598,1.5982740183161797,-0.3844084281969671,6.209339190754125,0.021511762182850003
prague,link_reg,1,0,10,60,67,0.8445999951994624,8.462535100238,0.7361416170701119,0.6866689069175748,0.6365752964332005,0.8138951562575009,-0.11493687292976817,0.7948010177139839,0.8419783015697758,-0.007668858912198151,0.8994527387067351,0.8995967548365417,0.10037924247515728,6.72586865669326,0.16601459363448703,1.6522361973782955,-0.373775571137696,6.806274379560039,0.019379305545891068
prague,link+k10,1,0,20,60,67,0.8445999951994624,8.542832400346194,-0.413506147176211,0.6870529499303922,0.6962459795497096,0.829604915750564,-0.07959291440641347,0.8332893284047813,0.8583841390235707,0.04178868033219718,0.9337165762565407,0.9290240506936777,0.04646920455090975,5.871425448873335,0.029355287792232704,1.5982740183161797,-0.021882437345575045,6.392628428594435,-0.0009238180078524616
prague,link+k10,1,1,20,60,67,0.8445999951994624,8.58815510688312,0.06798178289741708,0.6850247227689501,0.6962459795497096,0.828524794777015,-0.08278527195045848,0.8332893284047813,0.8620085449570352,0.03206759157025585,0.9337165762565407,0.9286400076808603,0.046709231433920584,5.963619364262616,0.04178868033219721,1.5982740183161797,-0.0019562218006741183,6.551878238107001,-0.020356989673034454
prague,link+k10,1,2,20,60,67,0.8445999951994624,8.748163943957927,1.319986214526386,0.6744635399164707,0.6962459795497096,0.8183716576256541,-0.11610100331237094,0.8332893284047813,0.8597522922567328,0.0009601075320435637,0.9337165762565407,0.9290720560702799,0.04495703518794103,5.828530237714326,0.03006336709711488,1.5982740183161797,-0.05923647523865183,6.50126685688004,0.005740869048797448
prague,link+k10,1,3,20,60,67,0.8445999951994624,8.655583318269379,-0.6085314214732573,0.6837645816331429,0.6962459795497096,0.8255004560510777,-0.08511353271566413,0.8332893284047813,0.8559958715376123,0.03383178916038598,0.9337165762565407,0.9292160722000864,0.04687725025202827,5.818844166528482,0.029871345590706144,1.5982740183161797,-0.050972297238816466,6.333986614152941,0.018344386155927372
prague,link+k10,1,4,20,60,67,0.8445999951994624,8.534835185986758,-0.19843376455290845,0.6777999135903221,0.6962459795497096,0.8276246939657241,-0.08651768998127796,0.8332893284047813,0.858768182036388,0.02810714800057612,0.9337165762565407,0.928700014401613,0.04693725697278095,5.8793825844344205,0.038740338917958805,1.5982740183161797,-0.07447532962857584,6.359362047235161,0.03517107129895414
prague,link+k10,1,5,20,60,67,0.8445999951994624,8.615226209019715,1.0007785851807998,0.6806202294657001,0.6962459795497096,0.8185156737554606,-0.1105803850031204,0.8332893284047813,0.8583961403677212,0.004068455667034732,0.9337165762565407,0.9283639767653977,0.045137055350199295,5.813442060539902,0.023042580769046195,1.5982740183161797,-0.04459085433490784,6.399430542158352,0.007357550562539172
prague,link+k10,1,6,20,60,67,0.8445999951994624,8.664691986961211,-0.6298133678566203,0.6698310210743603,0.6962459795497096,0.829052853919639,-0.07140799769574191,0.8332893284047813,0.8599323124189909,0.046817243531275476,0.9337165762565407,0.928988046661226,0.0466492247131679,5.939349752355717,0.03255964668042821,1.5982740183161797,-0.058073994570772225,6.493453339671468,0.02395328120360296
prague,link+k10,1,7,20,60,67,0.8445999951994624,8.570928409221375,0.2057144810210174,0.6845926743795305,0.6962459795497096,0.8283567759589074,-0.08595362680620233,0.8332893284047813,0.8615524938793144,0.028251164130382644,0.9337165762565407,0.9287120157457636,0.04620517497959775,5.870059943460183,0.0331477125438049,1.5982740183161797,-0.030029338124049065,6.358298749740014,-0.004520109538420969
prague,link+k10,1,8,20,60,67,0.8445999951994624,8.564129911203898,0.1979472634059457,0.6852407469636599,0.6962459795497096,0.8246003552397868,-0.0911502088233882,0.8332893284047813,0.8601843406461523,0.023114588833949457,0.9337165762565407,0.9288200278431185,0.046697230089770114,5.86722012961184,0.0378282367625174,1.5982740183161797,-0.02741489714413925,6.372810860057634,-0.0059718235507605355
prague,link+k10,1,9,20,60,67,0.8445999951994624,8.583749128605747,0.6508219855393504,0.6757716864288801,0.6962459795497096,0.8242643176035716,-0.10003120349479144,0.8332893284047813,0.8591882290816572,0.014557630454610893,0.9337165762565407,0.9288080264989679,0.046349191109404275,5.90104512535397,0.03203158753780422,1.5982740183161797,-0.04863933065768333,6.551160227287719,0.002705467022996455
prague,link+k10d,1,0,20,60,67,0.8445999951994624,8.628041759079085,-0.6772740673508374,0.6718592482358025,0.6962459795497096,0.8288968364456819,-0.06865968988526716,0.8332893284047813,0.8583121309586673,0.05059766693869716,0.9337165762565407,0.9281359512265374,0.04685324756372722,5.997224113226361,0.037948250204022926,1.5982740183161797,-0.07477852172123933,6.352587361108135,0.03817347982447461
prague,link+k25,1,0,20,60,67,0.8445999951994624,8.492777403799096,0.2599676414650041,0.695285872017666,0.6962459795497096,0.8278047141279823,-0.09265037684220634,0.8332893284047813,0.8628126350151217,0.023606643944121708,0.9337165762565407,0.9299961595698718,0.045593106427919916,5.71781722645203,0.030111372473717035,1.5982740183161797,-0.034771631110492196,6.196908794303402,-0.005674882048236518
prague,link+k25,1,1,20,60,67,0.8445999951994624,8.58973647781765,0.6573217958456349,0.6878810426767799,0.6962459795497096,0.823700254428496,-0.10393164034371849,0.8332893284047813,0.8587921847246892,0.008208919398972725,0.9337165762565407,0.9298401420959147,0.045533099707167235,5.745049892371704,0.03536796121165575,1.5982740183161797,-0.06448530812034248,6.279844868225906,0.013725296116664953
prague,link+k25,1,2,20,60,67,0.8445999951994624,8.543381732100375,0.7675342685313239,0.6931856367913206,0.6962459795497096,0.8271206375114013,-0.09703086745715517,0.8332893284047813,0.8652729105659834,0.015841774278719245,0.9337165762565407,0.9303802025826893,0.045185060726801396,5.686580458538328,0.029427295857135993,1.5982740183161797,-0.03522161965168302,6.230771717895131,-0.009304167079085435
prague,link+k25,1,3,20,60,67,0.8445999951994624,8.547224085336728,0.05056322040748163,0.6796841246219577,0.6962459795497096,0.8320411886131247,-0.08572560126734197,0.8332893284047813,0.8629806538332293,0.030567423551437822,0.9337165762565407,0.9298641447842159,0.04440497335701599,5.707131370324351,0.03444385771206371,1.5982740183161797,-0.06500073451135857,6.322934247325099,0.02075291167639981
prague,link+k25,1,4,20,60,67,0.8445999951994624,8.552172962626534,0.042177892868978266,0.6905093370457491,0.6962459795497096,0.830529019250156,-0.08728577600691279,0.8332893284047813,0.8632086793720897,0.02803513993567286,0.9337165762565407,0.9296961259661082,0.04567711583697376,5.738116668779666,0.030603427583889342,1.5982740183161797,-0.04900785850271827,6.253760010409875,0.014748094625358865
prague,link+k25,1,5,20,60,67,0.8445999951994624,8.507802079278694,0.10795053670809905,0.6924295521098363,0.6962459795497096,0.8289088377898325,-0.08919398972684944,0.8332893284047813,0.8620085449570352,0.025370841534251842,0.9337165762565407,0.9292640775766886,0.045941145408285755,5.758963922753696,0.031239498823868284,1.5982740183161797,-0.03341696034817998,6.165949686521909,-0.010392952588340054
prague,link+k25,1,6,20,60,67,0.8445999951994624,8.56497317787175,0.35549736763318135,0.693281647544525,0.6962459795497096,0.8265445729921751,-0.09424655561422879,0.8332893284047813,0.8614084777495079,0.01927415870577509,0.9337165762565407,0.9300921703230762,0.04580913062262981,5.835186131214802,0.037720224665162505,1.5982740183161797,-0.014652738848973446,6.256267694908791,-0.024316209706687797
prague,link+k25,1,7,20,60,67,0.8445999951994624,8.535442526865449,0.5386492216190448,0.6927295857135999,0.6962459795497096,0.8281167490758965,-0.09440257308818589,0.8332893284047813,0.8635447170083049,0.019106139887667406,0.9337165762565407,0.9302841918294849,0.04537708223321013,5.713720934296063,0.02798713455907062,1.5982740183161797,-0.031388418738799606,6.251217102244032,-0.014220198620871649
prague,link+k25,1,8,20,60,67,0.8445999951994624,8.507887087178329,0.16559630064137626,0.6846286784119822,0.6962459795497096,0.8292568767701982,-0.0896860448370217,0.8332893284047813,0.8619245355479813,0.02171043156833563,0.9337165762565407,0.9298041380634631,0.04612116557054391,5.760566647745872,0.03167154721328791,1.5982740183161797,-0.05466034557848687,6.332842787937212,0.021610742683691342
prague,link+k25,1,9,20,60,67,0.8445999951994624,8.527760407850122,-0.13233480375276466,0.6897292496759637,0.6962459795497096,0.8296409197830157,-0.08306130286592095,0.8332893284047813,0.8619125342038308,0.027843118429264124,0.9337165762565407,0.9298401420959147,0.045965148096586805,5.785100973904471,0.029799337525802883,1.5982740183161797,-0.0256571075483365,6.319064883555512,-0.001649675014022245
prague,link+k25d,1,0,20,60,67,0.8445999951994624,8.553114734480886,-0.4798739040870708,0.6838725937304978,0.6962459795497096,0.8299769574192309,-0.0731961979741731,0.8332893284047813,0.8586481685948826,0.04457299217512367,0.9337165762565407,0.9282559646680428,0.04694925831693153,5.88145426173104,0.03377178243963319,1.5982740183161797,-0.061697396997166365,6.194512693244618,0.02190768418621536
prague,link+k50,1,0,20,60,67,0.8445999951994624,8.511309177382032,0.3764249934187526,0.6949378330373002,0.6962459795497096,0.8329412894244156,-0.08924199510345154,0.8332893284047813,0.8661250060006721,0.021566415438529107,0.9337165762565407,0.932336421679228,0.04442897604531715,5.565341355730278,0.025058806586337745,1.5982740183161797,-0.034803372650781705,6.092662554213092,0.00019796100168267827
prague,link+k50,1,1,20,60,67,0.8445999951994624,8.493389515930744,-0.04534809015319361,0.6952498679852144,0.6962459795497096,0.8351135327156641,-0.08190917382746865,0.8332893284047813,0.8664730449810378,0.029451298545437155,0.9337165762565407,0.9322884163026259,0.04421295185060725,5.544649621211586,0.02763909557870481,1.5982740183161797,-0.047328062963387874,6.096301044028442,0.0174205681480748
prague,link+k50,1,2,20,60,67,0.8445999951994624,8.487679439086996,0.23592043329678838,0.6927415870577505,0.6962459795497096,0.833457347222889,-0.08834189429216077,0.8332893284047813,0.8661010033123709,0.022550525658873832,0.9337165762565407,0.9318323652249052,0.04325284431856369,5.560015638194149,0.03241563055062158,1.5982740183161797,-0.06027382168294704,6.098641564328521,0.02494308621201613
prague,link+k50,1,3,20,60,67,0.8445999951994624,8.483224914813317,0.026142324273967545,0.6992343142431953,0.6962459795497096,0.8356775958907398,-0.08252124237914649,0.8332893284047813,0.8677931928375978,0.02856319907829674,0.9337165762565407,0.9321924055494215,0.044380970668714936,5.534213292137071,0.024806778359176246,1.5982740183161797,-0.040688527583999656,6.015662773815543,3.2993500280520394e-05
prague,link+k50,1,4,20,60,67,0.8445999951994624,8.483388279593774,-0.23641886494792475,0.7002184244635399,0.6962459795497096,0.8362056550333637,-0.07985694397772547,0.8332893284047813,0.8665810570783927,0.030375402045029087,0.9337165762565407,0.9318563679132063,0.044717008304930195,5.493456630901799,0.029451298545437155,1.5982740183161797,-0.04915458633731973,5.908156169931402,0.01636477613910059
prague,link+k50,1,5,20,60,67,0.8445999951994624,8.514371725433532,0.3383912523614138,0.701958619365369,0.6962459795497096,0.8327612692621573,-0.09127022226489367,0.8332893284047813,0.8658009697086073,0.020138255484614342,0.9337165762565407,0.9319763813547117,0.044380970668714936,5.5255207969136935,0.02487878642407948,1.5982740183161797,-0.04620932087938723,6.0538401445922165,-0.000692863505889374
prague,link+k50,1,6,20,60,67,0.8445999951994624,8.495683584607521,0.4426772424178321,0.7014905669434977,0.6962459795497096,0.8318011617301138,-0.09155825452450672,0.8332893284047813,0.866761077240651,0.019802217848399084,0.9337165762565407,0.932576448562239,0.04387691421439199,5.549925577979785,0.02609092218328446,1.5982740183161797,-0.04215614298024728,6.105997236050798,0.0016826685143027653
prague,link+k50,1,7,20,60,67,0.8445999951994624,8.506703535346276,-0.47713092538165996,0.6996543612884643,0.6962459795497096,0.8379218472468917,-0.07444433776582982,0.8332893284047813,0.865944985838414,0.038284287840238074,0.9337165762565407,0.9328284767894004,0.0437689021170371,5.58138053924825,0.027855119773414705,1.5982740183161797,-0.046737510362690804,6.010857378345284,0.012834471609092901
prague,link+k50,1,8,20,60,67,0.8445999951994624,8.48612203954533,0.034564283398419084,0.7010705198982286,0.6962459795497096,0.8344894628198358,-0.08298929480101769,0.8332893284047813,0.8660529979357688,0.025838893956123155,0.9337165762565407,0.9315803369977438,0.04446498007776878,5.607814819612484,0.029427295857135993,1.5982740183161797,-0.030254266468606295,6.036585681054788,-0.0043551420370187
prague,link+k50,1,9,20,60,67,0.8445999951994624,8.487450775585902,-0.039075315208539976,0.6990662954250876,0.6962459795497096,0.8339133983006096,-0.08517353943641692,0.8332893284047813,0.8664370409485862,0.0261269262157362,0.9337165762565407,0.9317123517833997,0.04409293840910189,5.595086874463053,0.035439969276559014,1.5982740183161797,-0.06950596600809145,5.9440187918642815,0.01751954864891614
prague,link+k50d,1,0,20,60,67,0.8445999951994624,8.523206193105716,-0.3151096765478306,0.6942777591090202,0.6962459795497096,0.829604915750564,-0.07700062406989583,0.8332893284047813,0.8593442465556143,0.04092458355335804,0.9337165762565407,0.928303970044645,0.04687725025202827,5.785476151583439,0.029007248811866893,1.5982740183161797,-0.0531233271770335,6.114326865602881,0.008281368570391523
prague,link,2,0,20,109,82,0.8446335989630839,8.500708753779683,0.32923851535720605,0.6859968316451442,0.6962459795497096,0.8221280783447746,-0.10175939705246984,0.8332893284047813,0.858744179348087,0.018242043108828154,0.9337165762565407,0.9282199606355912,0.04667322740146895,5.805234756544875,0.029787336181652302,1.5982740183161797,-0.057792243109975994,6.238137599540684,0.007060609060015155
prague,link,2,0,10,109,82,0.8446335989630839,8.455868704981023,0.769388236839834,0.7028107148000576,0.6365752964332005,0.8136191253420383,-0.11674907589650041,0.7948010177139839,0.8418702894724209,-0.00645672315299306,0.8994527387067351,0.9033171715232106,0.053141951898612705,6.656149008278412,0.03692813595122657,1.6522361973782955,-0.05164769836488925,6.979375650673019,-0.021327673787488677
prague,link_reg,2,0,20,109,82,0.8446335989630839,8.500708753779683,0.32923851535720605,0.67709183428544,0.6962459795497096,0.8221280783447746,-0.10175939705246984,0.8332893284047813,0.858504152465076,0.02085833613364696,0.9337165762565407,0.933788584321444,0.06618741299025499,6.339971089683384,0.1780039364408814,1.5982740183161797,-0.3749919318701993,6.257239113250586,0.0281764492394998
prague,link_reg,2,0,10,109,82,0.8446335989630839,8.455868704981023,0.769388236839834,0.6827444673803466,0.6365752964332005,0.8136191253420383,-0.11674907589650041,0.7948010177139839,0.8412702222648937,-0.003768422063270993,0.8994527387067351,0.8996687629014449,0.1002112236570496,6.721201927241136,0.16003792424751573,1.6522361973782955,-0.36730319291604374,6.861475549743712,0.03447915941827295
prague,link+k10,2,0,20,109,82,0.8446335989630839,8.526343396783155,-0.4306762605139217,0.6873169795017042,0.6962459795497096,0.830529019250156,-0.07866881090682154,0.8332893284047813,0.8586241659065815,0.04882146800441656,0.9337165762565407,0.9290240506936777,0.046685228745619534,5.87207262073815,0.031047477317459576,1.5982740183161797,-0.01976610248615862,6.326303178971823,0.000263948002243497
prague,link+k10,2,1,20,109,82,0.8446335989630839,8.568562240871817,0.05843194044639267,0.6836085641591858,0.6962459795497096,0.8277207047189286,-0.08363736738514715,0.8332893284047813,0.8611444481781959,0.03537996255580622,0.9337165762565407,0.9286640103691614,0.04690125294032932,5.959933434805389,0.04140463731937977,1.5982740183161797,-0.0019800973235453156,6.456273735492241,-0.014814081625919684
prague,link+k10,2,2,20,109,82,0.8446335989630839,8.766787208442828,1.4048653497490036,0.6721712831837166,0.6962459795497096,0.8174115500936104,-0.1175891699870385,0.8332893284047813,0.8600643272046469,0.0036004032451635304,0.9337165762565407,0.928964043972925,0.04360088329892953,5.845662316237324,0.03003936440881383,1.5982740183161797,-0.05655086825072564,6.519822950671441,0.008017420568148026
prague,link+k10,2,3,20,109,82,0.8446335989630839,8.645278358693021,-0.6273836625849574,0.6831165090490134,0.6962459795497096,0.8258724977197446,-0.08363736738514715,0.8332893284047813,0.8560318755700639,0.03862032547645333,0.9337165762565407,0.9293120829532908,0.04678123949882396,5.833594925004918,0.030495415486534477,1.5982740183161797,-0.04191496538479589,6.333822420482782,0.020192022171632296
prague,link+k10,2,4,20,109,82,0.8446335989630839,8.524777790960863,-0.13143322899321017,0.6757356823964284,0.6962459795497096,0.8280927463875954,-0.08681772358504147,0.8332893284047813,0.8595482694061735,0.03253564399212716,0.9337165762565407,0.9287720224665162,0.04696125966108211,5.892020984164548,0.03739618837309777,1.5982740183161797,-0.06686536278330002,6.414311128976499,0.03160777326866615
prague,link+k10,2,5,20,109,82,0.8446335989630839,8.597812448179242,0.8394579751511069,0.6798161394076137,0.6962459795497096,0.8203038740338918,-0.10682396428399976,0.8332893284047813,0.8580721040756565,0.010297153281167537,0.9337165762565407,0.928459987518602,0.045089049973597084,5.828353257044695,0.023066583457347217,1.5982740183161797,-0.03753974635493007,6.422690259097161,-0.0017156620145831747
prague,link+k10,2,6,20,109,82,0.8446335989630839,8.66299068085363,-0.5847459858871,0.6691829484902309,0.6962459795497096,0.8295329076856608,-0.07179204070855938,0.8332893284047813,0.8602083433344535,0.04922951370553508,0.9337165762565407,0.9289400412846239,0.046697230089770114,5.943298396161698,0.03318371657625652,1.5982740183161797,-0.05062347406002621,6.468565390507758,0.022699528192946072
prague,link+k10,2,7,20,109,82,0.8446335989630839,8.57840248485814,0.25342621561233386,0.6838845950746484,0.6962459795497096,0.8271686428880034,-0.087597810954827,0.8332893284047813,0.8620325476453363,0.03290768566079405,0.9337165762565407,0.9285439969276559,0.04572512121357597,5.890339147213201,0.03416782679660123,1.5982740183161797,-0.024374011049177247,6.398309103017583,-0.00653271305552805
prague,link+k10,2,8,20,109,82,0.8446335989630839,8.566374263303356,0.2760115789290821,0.6864048773462628,0.6962459795497096,0.8247803754020451,-0.09171427199846383,0.8332893284047813,0.8603283567759589,0.026618981325908564,0.9337165762565407,0.9287720224665162,0.046697230089770114,5.877853031626973,0.03955643032019587,1.5982740183161797,-0.021550401831463617,6.359710449458401,-0.011679699099277463
prague,link+k10,2,9,20,109,82,0.8446335989630839,8.568328546858949,0.619647394994782,0.6756876770198262,0.6962459795497096,0.8242763189477221,-0.09913110268350056,0.8332893284047813,0.8588161874129903,0.01886611300465657,0.9337165762565407,0.928724017089914,0.04561710911622108,5.905945716926586,0.03425183620565503,1.5982740183161797,-0.04057618551942355,6.507809623294317,0.0010887855092547305
prague,link+k10d,2,0,20,109,82,0.8446335989630839,8.64500479632317,-0.4279767724571005,0.6674307522442513,0.6962459795497096,0.8288608324132303,-0.0748163794344967,0.8332893284047813,0.8584441457443234,0.04890547741347029,0.9337165762565407,0.9280639431616341,0.046733234122221745,6.017016422644133,0.03846430800249623,1.5982740183161797,-0.075819001220498,6.41622524551887,0.04553103038701378
prague,link+k25,2,0,20,109,82,0.8446335989630839,8.491302375451143,0.338744103759271,0.6938697134079017,0.6962459795497096,0.8279007248811867,-0.09428255964668042,0.8332893284047813,0.8624165906581537,0.026546973261005302,0.9337165762565407,0.9299841582257213,0.04541308626566176,5.7206479526892995,0.03245163458307329,1.5982740183161797,-0.030416890996926016,6.167524764079982,-0.003035402025800882
prague,link+k25,2,1,20,109,82,0.8446335989630839,8.593195756246669,0.7115785165118027,0.6859368249243916,0.6962459795497096,0.8237122557726465,-0.10689597234890313,0.8332893284047813,0.8578320771926455,0.010201142527963114,0.9337165762565407,0.9298281407517642,0.045521098363016654,5.740471007296037,0.03570399884787101,1.5982740183161797,-0.06424475705605137,6.203087905976894,0.019070243162097045
prague,link+k25,2,2,20,109,82,0.8446335989630839,8.540729621917508,0.7873340849971483,0.6915294512985455,0.6962459795497096,0.8261725313235082,-0.09920311074840382,0.8332893284047813,0.8643728097546926,0.018758100907301678,0.9337165762565407,0.9303682012385387,0.04483702174643567,5.7007240323953265,0.02995535499975996,1.5982740183161797,-0.03150020833931144,6.221557951406519,-0.004850044541225396
prague,link+k25,2,3,20,109,82,0.8446335989630839,8.536465568472382,0.042536091030867744,0.6781479525706879,0.6962459795497096,0.8328212759829101,-0.08609764293600886,0.8332893284047813,0.8625606067879602,0.03453986846526813,0.9337165762565407,0.9298761461283663,0.044368969324564356,5.707568039401611,0.031947578128750376,1.5982740183161797,-0.055859587800922705,6.309666352020935,0.019004256161536226
prague,link+k25,2,4,20,109,82,0.8446335989630839,8.543358000758209,0.13682468992913321,0.6890931784359848,0.6962459795497096,0.8300969708607364,-0.08908597762949455,0.8332893284047813,0.862620613508713,0.030975469252556342,0.9337165762565407,0.929780135375162,0.04580913062262981,5.745909209978382,0.030675435648792673,1.5982740183161797,-0.041874379626315905,6.230436519698419,0.013626315615823614
prague,link+k25,2,5,20,109,82,0.8446335989630839,8.506114105988233,0.049144970608172266,0.6906653545197062,0.6962459795497096,0.828764821660026,-0.08859392251932219,0.8332893284047813,0.8624765973789065,0.03174355527819117,0.9337165762565407,0.9292400748883874,0.045965148096586805,5.761754438313874,0.031011473285007918,1.5982740183161797,-0.03180514580016225,6.1028863282215635,-0.0009898050084133914
prague,link+k25,2,6,20,109,82,0.8446335989630839,8.553036070204248,0.34671271325784936,0.6926815803369978,0.6962459795497096,0.825704478901637,-0.09439057174403531,0.8332893284047813,0.8612884643080025,0.02333061302865924,0.9337165762565407,0.9300921703230762,0.04583313331093086,5.845513047254705,0.038536316067399545,1.5982740183161797,-0.009799019768673256,6.2824442922399975,-0.022369593190141535
prague,link+k25,2,7,20,109,82,0.8446335989630839,8.528952992924383,0.4344740778598903,0.6901732994095339,0.6962459795497096,0.8276847006864769,-0.09277039028371181,0.8332893284047813,0.8628966444241755,0.02525082809274637,0.9337165762565407,0.9301881810762805,0.045161058038500346,5.739969875740446,0.030975469252556287,1.5982740183161797,-0.01951234152583159,6.264891501968934,-0.011019829093668498
prague,link+k25,2,8,20,109,82,0.8446335989630839,8.51030063142409,0.2976592658081695,0.6828284767894004,0.6962459795497096,0.828260765205703,-0.09349047093274443,0.8332893284047813,0.8617925207623254,0.023042580769046195,0.9337165762565407,0.9297681340310114,0.04574912390187702,5.7729256113010825,0.031851567375546064,1.5982740183161797,-0.05178721002846021,6.240228390779077,0.019268204163779723
prague,link+k25,2,9,20,109,82,0.8446335989630839,8.52512261347194,-0.13960962292393375,0.6882890883778984,0.6962459795497096,0.8294368969324565,-0.08355335797609331,0.8332893284047813,0.8615524938793144,0.03132350823292207,0.9337165762565407,0.9298041380634631,0.04612116557054391,5.806236575067097,0.03198358216120206,1.5982740183161797,-0.01934818849618214,6.358275779438403,-0.005575901547395179
prague,link+k25d,2,0,20,109,82,0.8446335989630839,8.545136118058364,-0.36882094369170954,0.6828284767894004,0.6962459795497096,0.829028851231338,-0.07644856223897079,0.8332893284047813,0.8595842734386251,0.048293408861792564,0.9337165762565407,0.9282919687004945,0.04688925159617885,5.89033440866873,0.03332773270606304,1.5982740183161797,-0.055929289922203695,6.259880343202795,0.02368933320135924
prague,link+k50,2,0,20,109,82,0.8446335989630839,8.508043956522716,0.3872092405565227,0.6932576448562239,0.6962459795497096,0.8331333109308242,-0.08907397628534397,0.8332893284047813,0.8661850127214248,0.026618981325908564,0.9337165762565407,0.9321323988286688,0.044296961259661094,5.580985406695673,0.028347174883586956,1.5982740183161797,-0.028535818294347592,6.136887587097509,-0.002705467022996455
prague,link+k50,2,1,20,109,82,0.8446335989630839,8.490920569253118,0.06410795566600606,0.6941937496999664,0.6962459795497096,0.8337093754500504,-0.0854975757284816,0.8332893284047813,0.8660289952474677,0.030639431616341084,0.9337165762565407,0.9321083961403677,0.04405693437665026,5.550457099165328,0.026690989390811826,1.5982740183161797,-0.04326007702232171,6.119975603208507,0.011415751097033855
prague,link+k50,2,2,20,109,82,0.8446335989630839,8.48593208457695,0.27810241769964367,0.6917694781815563,0.6962459795497096,0.8332773270606308,-0.08936200854495702,0.8332893284047813,0.865968988526715,0.02606691949498341,0.9337165762565407,0.9318083625366042,0.04332485238346695,5.563120404908351,0.031827564687245014,1.5982740183161797,-0.0552510137838762,6.107760673674609,0.022204625688739377
prague,link+k50,2,3,20,109,82,0.8446335989630839,8.481572891509076,0.006121097717403924,0.6963779943353655,0.6962459795497096,0.8345854735730401,-0.08296529211271664,0.8332893284047813,0.8673491431040277,0.03327972732946094,0.9337165762565407,0.932072392107916,0.044284959915510624,5.5425857136251135,0.02683500552061832,1.5982740183161797,-0.03567420503869001,6.027911451948785,-0.0019466165165462623
prague,link+k50,2,4,20,109,82,0.8446335989630839,8.47853955757441,-0.2284085349336196,0.6983102107436033,0.6962459795497096,0.8356175891699871,-0.08116509049013487,0.8332893284047813,0.8670731121885651,0.03453986846526813,0.9337165762565407,0.9320003840430128,0.04483702174643567,5.500332308657625,0.028587201766597903,1.5982740183161797,-0.04594844722704372,5.860695998271299,0.021511762182850003
prague,link+k50,2,5,20,109,82,0.8446335989630839,8.511195714527188,0.3975983805084429,0.6995943545677116,0.6962459795497096,0.8319091738274687,-0.09281839566031391,0.8332893284047813,0.8652729105659834,0.02201046517209926,0.9337165762565407,0.9318203638807546,0.04405693437665026,5.539069562627429,0.02535884019010126,1.5982740183161797,-0.04391124131994251,6.0715987198571355,-0.0034313240291662384
prague,link+k50,2,6,20,109,82,0.8446335989630839,8.49608200422754,0.4499059376456707,0.699294320963948,0.6962459795497096,0.8312731025874898,-0.09292640775766892,0.8332893284047813,0.865704958955403,0.023930680236186497,0.9337165762565407,0.9323724257116797,0.043864912870241524,5.557649471473177,0.025442849599155104,1.5982740183161797,-0.03899312055569659,6.056213594301125,0.007291563561978354
prague,link+k50,2,7,20,109,82,0.8446335989630839,8.498089666005397,-0.42279861711907624,0.6988382698862272,0.6962459795497096,0.8375618069223753,-0.07619653401180937,0.8332893284047813,0.8665330517017906,0.041488646728433554,0.9337165762565407,0.9328764821660026,0.043888915558542574,5.591648826127203,0.026666986702510664,1.5982740183161797,-0.04172859589357647,5.988493810066611,0.013626315615823614
prague,link+k50,2,8,20,109,82,0.8446335989630839,8.483044024173191,-0.008513788883807084,0.6990782967692382,0.6962459795497096,0.8344414574432336,-0.08308530555422211,0.8332893284047813,0.8664730449810378,0.030387403389179557,0.9337165762565407,0.931520330276991,0.04454898948682251,5.617701196393124,0.03030339398012577,1.5982740183161797,-0.02536208321365896,6.025998060707282,-0.00211158401794842
prague,link+k50,2,9,20,109,82,0.8446335989630839,8.482649863673268,-0.05051236433825292,0.6970620709519466,0.6962459795497096,0.8347654937352984,-0.08508953002736308,0.8332893284047813,0.8667010705198982,0.031959579472900956,0.9337165762565407,0.9317003504392491,0.04384091018194036,5.603393283489146,0.03435984830300998,1.5982740183161797,-0.06186554994585114,5.987665697103511,0.01857534065789035
prague,link+k50d,2,0,20,109,82,0.8446335989630839,8.524803840982502,-0.3797015991146021,0.6933296529211271,0.6962459795497096,0.8297729345686717,-0.0765445729921751,0.8332893284047813,0.8597882962891844,0.04763333493351263,0.9337165762565407,0.9283279727329461,0.04661322068071627,5.79558281476187,0.030219384571071983,1.5982740183161797,-0.05159533208183076,6.129545407772903,0.008446336071793903
prague,link,3,0,20,90,61,0.8446371993663291,8.514771494028025,0.34416904446979407,0.6841006192693582,0.6962459795497096,0.8224761173251404,-0.10263549517545967,0.8332893284047813,0.8581801161730114,0.017797993375258003,0.9337165762565407,0.9283639767653977,0.04648120589506033,5.833106331841123,0.028695213863952795,1.5982740183161797,-0.059700540486974596,6.22135008536963,0.012207595103764568
prague,link,3,0,10,90,61,0.8446371993663291,8.474180545177415,0.8143229698023652,0.7005904661322068,0.6365752964332005,0.8130670635111132,-0.11826124525946913,0.7948010177139839,0.8409821900052806,-0.008592962411790084,0.8994527387067351,0.90396524410734,0.05203782823676251,6.663371668442209,0.03854831741155007,1.6522361973782955,-0.057917911349344875,6.884249524001506,-0.012003340059842715
prague,link_reg,3,0,20,90,61,0.8446371993663291,8.514771494028025,0.34416904446979407,0.6764797657337622,0.6962459795497096,0.8224761173251404,-0.10263549517545967,0.8332893284047813,0.85792808794585,0.019898228601603396,0.9337165762565407,0.9337045749123902,0.06627142239930872,6.374344369582893,0.1802601891411838,1.5982740183161797,-0.3803798982896778,6.230597825767724,0.03411527928997993
prague,link_reg,3,0,10,90,61,0.8446371993663291,8.474180545177415,0.8143229698023652,0.6814003168354855,0.6365752964332005,0.8130670635111132,-0.11826124525946913,0.7948010177139839,0.8403941241419038,-0.006588737938649114,0.8994527387067351,0.8995727521482406,0.10023522634535065,6.752571313675994,0.16338629926551773,1.6522361973782955,-0.3743894257656437,6.829325636870639,0.03931528773223847
prague,link+k10,3,0,20,90,61,0.8446371993663291,8.527175480607823,-0.2912770521469185,0.6862008544957036,0.6962459795497096,0.8298089386011234,-0.08092506360712404,0.8332893284047813,0.8599323124189909,0.04328884835101532,0.9337165762565407,0.9291200614468821,0.04601315347318902,5.8917581300068225,0.029307282415630548,1.5982740183161797,-0.020326420142045,6.356941189272125,0.0057078755485169275
prague,link+k10,3,1,20,90,61,0.8446371993663291,8.59139458051348,0.06460931492895344,0.6817603571600019,0.6962459795497096,0.8279127262253373,-0.08373337813835147,0.8332893284047813,0.8619485382362825,0.03702414670443088,0.9337165762565407,0.9287960251548173,0.046289184388651594,6.008160009258797,0.04067255532619653,1.5982740183161797,0.0020406194313999926,6.517852705803242,-0.013791283117225883
prague,link+k10,3,2,20,90,61,0.8446371993663291,8.743638383595913,1.2596367277737925,0.6702750708079305,0.6962459795497096,0.8183716576256541,-0.11619701406557537,0.8332893284047813,0.8607604051653786,0.008352935528779248,0.9337165762565407,0.9293360856415919,0.044308962603811675,5.8756908182728615,0.03158753780423407,1.5982740183161797,-0.0533595950085366,6.552144873295023,0.010326965587779124
prague,link+k10,3,3,20,90,61,0.8446371993663291,8.663368629077072,-0.5684122325945191,0.6816763477509481,0.6962459795497096,0.825440449330325,-0.086805722240891,0.8332893284047813,0.856475925303634,0.03445585905621429,0.9337165762565407,0.9293720896740435,0.04619317363544717,5.848430852886975,0.029871345590706144,1.5982740183161797,-0.05328327493707352,6.327755131907452,0.0330264937807252
prague,link+k10,3,4,20,90,61,0.8446371993663291,8.53275432534169,-0.19590459750092729,0.6752556286304066,0.6962459795497096,0.8276246939657241,-0.08586961739714849,0.8332893284047813,0.8597762949450338,0.03317171523210605,0.9337165762565407,0.9289280399404733,0.0462291776678988,5.911018458715076,0.03624405933464547,1.5982740183161797,-0.06832224009229293,6.331473886190444,0.040944933848031884
prague,link+k10,3,5,20,90,61,0.8446371993663291,8.623428199933668,1.0009696896266709,0.6786640103691614,0.6962459795497096,0.8187196966060198,-0.10996831645144256,0.8332893284047813,0.8576400556862369,0.008688973164994507,0.9337165762565407,0.9286640103691614,0.044693005616629145,5.8495573515230115,0.022250492055110177,1.5982740183161797,-0.03761763738245549,6.387737133246991,0.009040219076841938
prague,link+k10,3,6,20,90,61,0.8446371993663291,8.661023391526804,-0.5638545457468529,0.6678507992895204,0.6962459795497096,0.8282967692381547,-0.07281215496135562,0.8332893284047813,0.861036436080841,0.048305410205943033,0.9337165762565407,0.9291080601027315,0.046313187076952644,5.961539300696179,0.030783447746147552,1.5982740183161797,-0.05230563684701428,6.402073773272836,0.03622686330792835
prague,link+k10,3,7,20,90,61,0.8446371993663291,8.591208082004151,0.3341107390716507,0.6824324324324325,0.6962459795497096,0.8275406845566703,-0.08825788488310693,0.8332893284047813,0.863148672651337,0.03255964668042821,0.9337165762565407,0.9289160385963228,0.045569103739618866,5.917095369122257,0.033387739426815805,1.5982740183161797,-0.023995151791537328,6.3648263938741465,-0.0026724735227160457
prague,link+k10,3,8,20,90,61,0.8446371993663291,8.567426976508624,0.261269804101068,0.6840166098603043,0.6962459795497096,0.8254644520186261,-0.09266237818635692,0.8332893284047813,0.8606643944121741,0.02724305122173687,0.9337165762565407,0.9289160385963228,0.046313187076952644,5.884282602317335,0.036556094282559654,1.5982740183161797,-0.03100274843959605,6.29388405444866,0.004982018542347255
prague,link+k10,3,9,20,90,61,0.8446371993663291,8.586243954785932,0.6139450382931889,0.6734074216312227,0.6962459795497096,0.8244443377658298,-0.09850703278767226,0.8332893284047813,0.8593442465556143,0.019778215160097923,0.9337165762565407,0.9290240506936777,0.045941145408285755,5.919969249768401,0.03363976765397725,1.5982740183161797,-0.046546113283925994,6.50258261991934,0.01527599062984586
prague,link+k10d,3,0,20,90,61,0.8446371993663291,8.664675859355302,-0.3078672059418712,0.6641783879794537,0.6962459795497096,0.8286448082185205,-0.07644856223897079,0.8332893284047813,0.8599203110748403,0.04646920455090975,0.9337165762565407,0.9281839566031396,0.04615716960299554,6.052113935558255,0.04375690077288652,1.5982740183161797,-0.08748632091475206,6.403422924662587,0.05899237850143524
prague,link+k25,3,0,20,90,61,0.8446371993663291,8.49548572806897,0.17818744852309962,0.6932456435120734,0.6962459795497096,0.8291008592962412,-0.09070615908981805,0.8332893284047813,0.8638207479237675,0.028575200422447322,0.9337165762565407,0.9301521770438289,0.04522106475925303,5.748416331648183,0.03041140607748069,1.5982740183161797,-0.029984003583172436,6.163331860130988,0.003827246032531484
prague,link+k25,3,1,20,90,61,0.8446371993663291,8.593849815821796,0.6186343302218267,0.6850847294897029,0.6962459795497096,0.824384331045077,-0.10430368201238538,0.8332893284047813,0.8594522586529691,0.01364552829916954,0.9337165762565407,0.9299961595698718,0.04504104459699487,5.76663847389266,0.03488790744563386,1.5982740183161797,-0.06462277825940466,6.254961386297228,0.023029463195750388
prague,link+k25,3,2,20,90,61,0.8446371993663291,8.551198679720986,0.7828164458421145,0.6899812779031251,0.6962459795497096,0.8272046469204551,-0.09850703278767226,0.8332893284047813,0.8659569871825644,0.019406173491431034,0.9337165762565407,0.9306202294657001,0.04482502040228509,5.722832382566899,0.02893524074696366,1.5982740183161797,-0.02979618631060177,6.198103976850232,-0.0009898050084133914
prague,link+k25,3,3,20,90,61,0.8446371993663291,8.55021818257496,0.00529762878058364,0.6760477173443425,0.6962459795497096,0.8329052853919638,-0.08512553405981471,0.8332893284047813,0.8633406941577456,0.036304066055398265,0.9337165762565407,0.9300081609140224,0.043924919590994205,5.75031922695623,0.031071480005760654,1.5982740183161797,-0.05680860492081541,6.325805824828278,0.02725263123164745
prague,link+k25,3,4,20,90,61,0.8446371993663291,8.559687657797715,0.030721420482790706,0.6896332389227593,0.6962459795497096,0.8318971724833182,-0.08704574912390184,0.8332893284047813,0.863832749267918,0.033027699102299524,0.9337165762565407,0.9298761461283663,0.045185060726801396,5.769888646339957,0.02911526090922184,1.5982740183161797,-0.04441491523628116,6.215191654686054,0.020027054670229916
prague,link+k25,3,5,20,90,61,0.8446371993663291,8.516240088713648,0.1355203846988555,0.6896452402669099,0.6962459795497096,0.8285607988094666,-0.09035812010945221,0.8332893284047813,0.8629206471124766,0.029427295857135993,0.9337165762565407,0.9294560990830973,0.04567711583697376,5.787591319097382,0.02982334021410399,1.5982740183161797,-0.03210460898928025,6.176867505896489,-0.0006598700056088536
prague,link+k25,3,6,20,90,61,0.8446371993663291,8.57027394296224,0.31890598816063104,0.6904253276366953,0.6962459795497096,0.8256084681484326,-0.09479861744515383,0.8332893284047813,0.860880418606884,0.022970572704142933,0.9337165762565407,0.9303321972060871,0.045473092986414554,5.867868094471987,0.03736018434064614,1.5982740183161797,-0.012961572732228088,6.277897057813078,-0.017123626645550782
prague,link+k25,3,7,20,90,61,0.8446371993663291,8.541779950389094,0.5103457227936186,0.6907853679612117,0.6962459795497096,0.8276967020306274,-0.0943425663674331,0.8332893284047813,0.8634607075992511,0.023558638567519607,0.9337165762565407,0.9305242187124958,0.04496903653209161,5.7538655452203065,0.02915126494167347,1.5982740183161797,-0.0232046326265265,6.256808125537679,-0.009403147579926774
prague,link+k25,3,8,20,90,61,0.8446371993663291,8.518957554446544,0.34866370654985035,0.6809082617253133,0.6962459795497096,0.8276126926215737,-0.09473861072440115,0.8332893284047813,0.8616965100091211,0.021818443665690523,0.9337165762565407,0.9299721568815708,0.045521098363016654,5.791730236707676,0.031575536460083486,1.5982740183161797,-0.05294360744350057,6.33355262119481,0.02517404071397933
prague,link+k25,3,9,20,90,61,0.8446371993663291,8.533750069688004,-0.11304068857733092,0.6858888195477894,0.6962459795497096,0.8292808794584994,-0.08469348567039514,0.8332893284047813,0.8609044212951851,0.03278767221928858,0.9337165762565407,0.9299601555374202,0.045557102395468285,5.828407591276786,0.02955931064279199,1.5982740183161797,-0.02552459806458396,6.376103050709785,0.006994622059454336
prague,link+k25d,3,0,20,90,61,0.8446371993663291,8.548445534689078,-0.46370189354767116,0.6835605587825837,0.6962459795497096,0.8303009937112956,-0.07313619125342041,0.8332893284047813,0.8612044548989487,0.04900148816667471,0.9337165762565407,0.9283999807978494,0.04651720992751196,5.904856521031303,0.03179156065479338,1.5982740183161797,-0.0550296369299339,6.199357294092289,0.026328813223794878
prague,link+k50,3,0,20,90,61,0.8446371993663291,8.519589100130748,0.42744611362434665,0.6918294849023091,0.6962459795497096,0.8324612356583937,-0.09039412414190384,0.8332893284047813,0.8665450530459411,0.023858672171283235,0.9337165762565407,0.9323964283999808,0.04381690749363931,5.604171305112142,0.025502856319907813,1.5982740183161797,-0.03199532985402498,6.142117586243431,0.007324557062258652
prague,link+k50,3,1,20,90,61,0.8446371993663291,8.49916789160635,-0.05350446249493994,0.6947818155633431,0.6962459795497096,0.8349935192741587,-0.08205318995727517,0.8332893284047813,0.8673971484806299,0.033951802601891456,0.9337165762565407,0.9324684364648841,0.04364888867553174,5.575629121427357,0.024806778359176218,1.5982740183161797,-0.0421501132539186,6.072709661893924,0.01748655514863562
prague,link+k50,3,2,20,90,61,0.8446371993663291,8.496565686759576,0.2838932777168205,0.6919494983438145,0.6962459795497096,0.8333373337813835,-0.08975805290192507,0.8332893284047813,0.8668450866497047,0.025454850943305685,0.9337165762565407,0.9319523786664107,0.042724785175939695,5.587935609614711,0.030327396668426876,1.5982740183161797,-0.05657698201902295,6.082004267933889,0.027945494737536603
prague,link+k50,3,3,20,90,61,0.8446371993663291,8.488669746209519,0.029922323785416937,0.6973501032115597,0.6962459795497096,0.8357616052997936,-0.08198118189237191,0.8332893284047813,0.8687533003696414,0.03285968028419184,0.9337165762565407,0.9325164418414863,0.04400892900004805,5.566403707438976,0.02534683884595075,1.5982740183161797,-0.035213403661050746,6.020083111191195,0.0044871160381405595
prague,link+k50,3,4,20,90,61,0.8446371993663291,8.489017871264606,-0.1844629251262949,0.6980341798281408,0.6962459795497096,0.8359656281503528,-0.08249723969084533,0.8332893284047813,0.8669651000912102,0.03239162786232064,0.9337165762565407,0.9321203974845182,0.044380970668714936,5.522227563604555,0.026967020306274292,1.5982740183161797,-0.047053603121112175,5.870202297489997,0.023491372199676563
prague,link+k50,3,5,20,90,61,0.8446371993663291,8.517431429541388,0.32883101463758135,0.6987062551005713,0.6962459795497096,0.8322812154961355,-0.09112620613508715,0.8332893284047813,0.866233018098027,0.024362728625606067,0.9337165762565407,0.9321323988286688,0.0437689021170371,5.5614742231122305,0.02444673803465991,1.5982740183161797,-0.04429299993975344,6.062814148710051,0.00768748556534371
prague,link+k50,3,6,20,90,61,0.8446371993663291,8.501998524451725,0.47035428180764927,0.6997263693533676,0.6962459795497096,0.831345110652393,-0.09280639431616344,0.8332893284047813,0.8668210839614037,0.022550525658873832,0.9337165762565407,0.9327924727569488,0.043492871201574634,5.587036735651773,0.02377466276222938,1.5982740183161797,-0.03592128540695039,6.013382710623987,0.012801478108812603
prague,link+k50,3,7,20,90,61,0.8446371993663291,8.506980046845092,-0.4262770650809347,0.6979141663866353,0.6962459795497096,0.8378618405261389,-0.07618453266765879,0.8332893284047813,0.8674691565455331,0.04040852575488452,0.9337165762565407,0.9329964956075081,0.04343286448082184,5.6062797922926055,0.02533483750180021,1.5982740183161797,-0.04333633803656922,5.940861603488846,0.018344386155927372
prague,link+k50,3,8,20,90,61,0.8446371993663291,8.488695207548474,-0.004349267807759484,0.6978781623541837,0.6962459795497096,0.8346814843262446,-0.08262925447650138,0.8332893284047813,0.86718112428592,0.031455523018578124,0.9337165762565407,0.9317123517833997,0.04402093034419863,5.64502714369897,0.028095146656425513,1.5982740183161797,-0.027479148818601695,6.068006175593041,6.598700056081874e-05
prague,link+k50,3,9,20,90,61,0.8446371993663291,8.492872951604268,-0.07152851044610728,0.6946017954010849,0.6962459795497096,0.8347894964235995,-0.08458547357304014,0.8332893284047813,0.8672051269742211,0.031455523018578124,0.9337165762565407,0.9319523786664107,0.04370889539628442,5.632967160767303,0.03405981469924624,1.5982740183161797,-0.0639757020547791,5.969357979236969,0.02933122174931535
prague,link+k50d,3,0,20,90,61,0.8446371993663291,8.529970203028773,-0.3466187527624318,0.6940017281935577,0.6962459795497096,0.829844942633575,-0.07592050309634679,0.8332893284047813,0.8613604723729058,0.04582113196678028,0.9337165762565407,0.9284719888627526,0.04642119917430754,5.819973650371302,0.02647496519610204,1.5982740183161797,-0.04559568866218355,6.078812395189949,0.013395361113860638
prague,link,4,0,20,130,73,0.8448154193269646,8.495155148260565,0.3186992224776688,0.688457107196006,0.6962459795497096,0.8219840622149681,-0.09887907445633914,0.8332893284047813,0.8594282559646681,0.01811002832317221,0.9337165762565407,0.9285439969276559,0.04735730401805005,5.760386637485364,0.02886323268206048,1.5982740183161797,-0.05823197789586776,6.2601011431597104,0.006730674057210839
prague,link,4,0,10,130,73,0.8448154193269646,8.453113455663352,0.74261500443746,0.7050069607796073,0.6365752964332005,0.8136791320627911,-0.11404877346262787,0.7948010177139839,0.8422303297969372,-0.0048005376602179295,0.8994527387067351,0.9032691661466085,0.05621429600115213,6.611820699492465,0.03630406605539821,1.6522361973782955,-0.03970389661664675,6.983741429077805,-0.03329622155730294
prague,link_reg,4,0,20,130,73,0.8448154193269646,8.495155148260565,0.3186992224776688,0.6807402429072056,0.6962459795497096,0.8219840622149681,-0.09887907445633914,0.8332893284047813,0.8591762277375066,0.020666314627238225,0.9337165762565407,0.9337165762565407,0.06625942105515825,6.292959709939437,0.17635975229225673,1.5982740183161797,-0.37287836689053044,6.217567045896324,0.0373816358177439
prague,link_reg,4,0,10,130,73,0.8448154193269646,8.453113455663352,0.74261500443746,0.6866929096058758,0.6365752964332005,0.8136791320627911,-0.11404877346262787,0.7948010177139839,0.8415942585569584,-0.002124237914646443,0.8994527387067351,0.8997767749987998,0.10000720080649028,6.688202557329011,0.15886179252076232,1.6522361973782955,-0.3630842051191814,6.783966503061668,0.0356273049892144
prague,link+k10,4,0,20,130,73,0.8448154193269646,8.516532654716263,-0.3669844636544469,0.6906293504872546,0.6962459795497096,0.828524794777015,-0.07757668858912203,0.8332893284047813,0.8588761941337429,0.04247275694877828,0.9337165762565407,0.9293120829532908,0.04687725025202827,5.831549294938826,0.030519418174835555,1.5982740183161797,-0.01414439784287147,6.39817700335551,-0.005179979544029822
prague,link+k10,4,1,20,130,73,0.8448154193269646,8.567436966071744,-0.025959645856009246,0.6879170467092315,0.6962459795497096,0.827996735634391,-0.08019298161394073,0.8332893284047813,0.8625606067879602,0.035475973309010644,0.9337165762565407,0.9289760453170756,0.04721328788824353,5.922832617021735,0.04225673275406844,1.5982740183161797,0.002279876579747153,6.5559612169409185,-0.023194430697152657
prague,link+k10,4,2,20,130,73,0.8448154193269646,8.732939979549531,1.2500955122188742,0.6749555950266429,0.6962459795497096,0.8183356535932025,-0.11234458259325042,0.8332893284047813,0.8601123325812491,0.007032787672219265,0.9337165762565407,0.9294560990830973,0.045485094330565023,5.821732170562966,0.0323436224857184,1.5982740183161797,-0.04912598967738746,6.538674832027775,0.0005278960044872161
prague,link+k10,4,3,20,130,73,0.8448154193269646,8.656787041787158,-0.5416759995748341,0.685264749651961,0.6962459795497096,0.8237242571167971,-0.08475349239114782,0.8332893284047813,0.8556958379338486,0.033051701790600574,0.9337165762565407,0.9296361192453555,0.047129278479189685,5.780977075752015,0.029067255532619643,1.5982740183161797,-0.04944107931514252,6.3046856638641575,0.015605925632650397
prague,link+k10,4,4,20,130,73,0.8448154193269646,8.526422513337852,-0.02772288558500579,0.6797681340310114,0.6962459795497096,0.8259445057846478,-0.08750180020162257,0.8332893284047813,0.8582761269262157,0.027903125150016805,0.9337165762565407,0.9290840574144305,0.04708127310258747,5.840882429880499,0.036676107724065043,1.5982740183161797,-0.068362391931303,6.396973944843046,0.02504206671285747
prague,link+k10,4,5,20,130,73,0.8448154193269646,8.58878314957819,0.9025067266346717,0.6838125870097451,0.6962459795497096,0.8184676683788584,-0.10652393068023613,0.8332893284047813,0.8581561134847103,0.008292928808026567,0.9337165762565407,0.9288080264989679,0.0456051077720705,5.781199484922586,0.022526522970572713,1.5982740183161797,-0.037583205426018784,6.420437944939655,-0.0018146425154245138
prague,link+k10,4,6,20,130,73,0.8448154193269646,8.661500383052251,-0.6108777637773303,0.671475205222985,0.6962459795497096,0.8280207383226922,-0.06965580144976236,0.8332893284047813,0.8604243675291633,0.04735730401805005,0.9337165762565407,0.9292880802649897,0.047093274446738054,5.906042824234179,0.03191157409629877,1.5982740183161797,-0.05068676542765549,6.451262117595329,0.027714540235573626
prague,link+k10,4,7,20,130,73,0.8448154193269646,8.575188461193521,0.36469179211039665,0.6868609284239835,0.6962459795497096,0.8269646200374442,-0.08873793864912871,0.8332893284047813,0.862092554366089,0.028335173539436487,0.9337165762565407,0.9289040372521723,0.04598915078488797,5.839253082426997,0.03356775958907396,1.5982740183161797,-0.02801278194093415,6.332762438294283,-0.008347355570952564
prague,link+k10,4,8,20,130,73,0.8448154193269646,8.551425318442668,-0.007041312107172822,0.6889251596178771,0.6962459795497096,0.8267125918102828,-0.08397340502136241,0.8332893284047813,0.8613244683404542,0.032751668186836946,0.9337165762565407,0.9291320627910326,0.047201286544092946,5.849773361446633,0.039832461235658395,1.5982740183161797,-0.016785992382536863,6.393078126757482,-0.010557920089742323
prague,link+k10,4,9,20,130,73,0.8448154193269646,8.584957911654536,0.7823593356803468,0.6780159377850319,0.6962459795497096,0.8228361576496568,-0.10112332581249095,0.8332893284047813,0.8596802841918295,0.013873553838029906,0.9337165762565407,0.9291680668234842,0.04680524218712501,5.848959491394396,0.03283567759589073,1.5982740183161797,-0.04605546880106637,6.482686138768127,0.0023095450196310985
prague,link+k10d,4,0,20,130,73,0.8448154193269646,8.617223798551008,-0.1577969332483745,0.673503432384427,0.6962459795497096,0.8278767221928856,-0.0774326724593154,0.8332893284047813,0.8595242667178724,0.041896692429552185,0.9337165762565407,0.9283279727329461,0.04690125294032932,5.944078811373076,0.03854831741155007,1.5982740183161797,-0.0734670745794157,6.373272753438389,0.034511201293345284
prague,link+k25,4,0,20,130,73,0.8448154193269646,8.48680481811437,0.30194234318114327,0.6965940185300754,0.6962459795497096,0.8274806778359176,-0.09211031635543176,0.8332893284047813,0.8635087129758533,0.024374729969756648,0.9337165762565407,0.9302961931736354,0.04598915078488797,5.67693272634431,0.03173155393404059,1.5982740183161797,-0.031026141526655504,6.20893841141598,-0.006961628559173816
prague,link+k25,4,1,20,130,73,0.8448154193269646,8.60140713896576,0.7115383941063703,0.6888171475205223,0.6962459795497096,0.8234602275454851,-0.10417166722672944,0.8332893284047813,0.858612164562431,0.01038116269022138,0.9337165762565407,0.9302121837645816,0.04571311986942539,5.71057404360814,0.033447746147568624,1.5982740183161797,-0.060380390390236904,6.273988798149635,0.01085486159226634
prague,link+k25,4,2,20,130,73,0.8448154193269646,8.534763514698387,0.7620809837567678,0.6932456435120734,0.6962459795497096,0.8275406845566703,-0.09603475589265997,0.8332893284047813,0.8660049925591666,0.018590082089193993,0.9337165762565407,0.9307642455955067,0.04542508760981234,5.651707332391226,0.029403293168834915,1.5982740183161797,-0.030355269269879637,6.202161613742112,-0.006697680556930319
prague,link+k25,4,3,20,130,73,0.8448154193269646,8.540375102203058,-0.022794754972803845,0.6782559646680428,0.6962459795497096,0.8324852383466949,-0.0823052181844367,0.8332893284047813,0.863304690125294,0.03401180932264414,0.9337165762565407,0.9301281743555279,0.04450098411022041,5.676994536824672,0.03213959963515911,1.5982740183161797,-0.058223808978416836,6.338730971337188,0.019367184664621062
prague,link+k25,4,4,20,130,73,0.8448154193269646,8.551486021571371,0.11635503487101329,0.6922975373241803,0.6962459795497096,0.8301569775814891,-0.08669771014353611,0.8332893284047813,0.8631606739954875,0.02851519370169464,0.9337165762565407,0.9300081609140224,0.04606115884979123,5.710997515941622,0.030531419518986122,1.5982740183161797,-0.03987245760237479,6.255493676938244,0.003662278531129326
prague,link+k25,4,5,20,130,73,0.8448154193269646,8.49886368745116,0.07607356188066154,0.6941697470116653,0.6962459795497096,0.8281647544524987,-0.08720176659785894,0.8332893284047813,0.862884643080025,0.029583313331093097,0.9337165762565407,0.9296121165570543,0.04643320051845812,5.722193894018662,0.032403629206471135,1.5982740183161797,-0.02807472676791134,6.153055499197251,-0.009205186578244096
prague,link+k25,4,6,20,130,73,0.8448154193269646,8.547999587002437,0.3455944733668765,0.6944577792712784,0.6962459795497096,0.8261485286352072,-0.09178628006336709,0.8332893284047813,0.8614924871585617,0.022718544476981406,0.9337165762565407,0.9303682012385387,0.0461811722912967,5.79777744494189,0.03805626230137776,1.5982740183161797,-0.012244422632811114,6.313373057336671,-0.02375532020192017
prague,link+k25,4,7,20,130,73,0.8448154193269646,8.520553063175159,0.3849867865942319,0.692357544044933,0.6962459795497096,0.8282847678940042,-0.09013009457059196,0.8332893284047813,0.8637487398588642,0.025070807930488215,0.9337165762565407,0.9306442321540013,0.04578512793432865,5.6814505099515085,0.029223273006576733,1.5982740183161797,-0.025087855967098616,6.2165951565849085,-0.015539938632089467
prague,link+k25,4,8,20,130,73,0.8448154193269646,8.507441533777431,0.30640186771819794,0.6861288464308003,0.6962459795497096,0.8279487302577889,-0.09135423167394752,0.8332893284047813,0.8619365368921319,0.022562527003024413,0.9337165762565407,0.9301401756996783,0.046385195141855906,5.7303546500137585,0.03091546253180355,1.5982740183161797,-0.052173521545947565,6.328996882376865,0.015572932132369877
prague,link+k25,4,9,20,130,73,0.8448154193269646,8.514127241045738,-0.009881420718678152,0.6909173827468676,0.6962459795497096,0.8289568431664346,-0.08340934184628679,0.8332893284047813,0.8613964764053574,0.02881522730545827,0.9337165762565407,0.9300801689789256,0.046325188421103225,5.7639632658675435,0.03180356199894388,1.5982740183161797,-0.018486821287200472,6.379644488691644,-0.006136791052162693
prague,link+k25d,4,0,20,130,73,0.8448154193269646,8.539708715102067,-0.3208497746067086,0.6859128222360904,0.6962459795497096,0.8288728337573809,-0.07406029475301235,0.8332893284047813,0.8594402573088186,0.04536508088905955,0.9337165762565407,0.9285559982718065,0.04734530267389947,5.840094188503834,0.0329316883490951,1.5982740183161797,-0.0569669013833205,6.212170571941282,0.01728859414695294
prague,link+k50,4,0,20,130,73,0.8448154193269646,8.500783637605368,0.3004476962334317,0.6951298545437089,0.6962459795497096,0.8327732706063079,-0.08681772358504147,0.8332893284047813,0.86652105035764,0.02565887379386489,0.9337165762565407,0.9326484566271422,0.04490902981133893,5.535875393127161,0.02621093562478996,1.5982740183161797,-0.02762379036873397,6.155092657469018,-0.006004817051040945
prague,link+k50,4,1,20,130,73,0.8448154193269646,8.484686020384403,-0.04286754596043287,0.6973621045557102,0.6962459795497096,0.8342254332485238,-0.08070903941241414,0.8332893284047813,0.8665930584225433,0.0317795593106428,0.9337165762565407,0.9325884499063896,0.04456099083097309,5.509481830298784,0.024662762229369695,1.5982740183161797,-0.04066994969818616,6.088779650680108,0.011250783595631697
prague,link+k50,4,2,20,130,73,0.8448154193269646,8.482049898645002,0.29796830340638536,0.6948298209399453,0.6962459795497096,0.8327492679180069,-0.08784983918198841,0.8332893284047813,0.8661370073448226,0.024746771638423537,0.9337165762565407,0.9321564015169699,0.04379290480533826,5.521260982640271,0.030423407421631188,1.5982740183161797,-0.05456892184248141,6.045742679887335,0.019400178164901583
prague,link+k50,4,3,20,130,73,0.8448154193269646,8.475081643725074,0.014445308540623064,0.6998583841390236,0.6962459795497096,0.8350895300273631,-0.08114108780183382,0.8332893284047813,0.8680692237530604,0.031071480005760654,0.9337165762565407,0.9323604243675292,0.044741010993231245,5.499960306765134,0.02567087513801547,1.5982740183161797,-0.035877826862553475,6.033047778274771,-0.0038932330330925247
prague,link+k50,4,4,20,130,73,0.8448154193269646,8.480900264790526,-0.32138726323061906,0.7005904661322068,0.6962459795497096,0.8363496711631703,-0.07690461331669152,0.8332893284047813,0.8667490758965004,0.03515193701694597,0.9337165762565407,0.9321564015169699,0.045137055350199295,5.465009435940563,0.026642984014209614,1.5982740183161797,-0.04168163978254347,5.902769687214034,0.014913062126761023
prague,link+k50,4,5,20,130,73,0.8448154193269646,8.50477300302723,0.3053784983926498,0.7024746771638424,0.6962459795497096,0.8324732370025443,-0.08788584321444004,0.8332893284047813,0.8663890355719841,0.024254716528251175,0.9337165762565407,0.9322764149584754,0.04451298545437088,5.502516728025418,0.02361864528827229,1.5982740183161797,-0.03921309665626227,6.115146032355238,-0.004124187535055612
prague,link+k50,4,6,20,130,73,0.8448154193269646,8.486396028113948,0.45426149750280376,0.7022106475925304,0.6962459795497096,0.8317531563535115,-0.09069415774566747,0.8332893284047813,0.8671331189093179,0.021326388555518272,0.9337165762565407,0.9327684700686477,0.0441889491623062,5.50935423021317,0.025214824060294766,1.5982740183161797,-0.03622819736228666,6.045382419253778,0.0018146425154244028
prague,link+k50,4,7,20,130,73,0.8448154193269646,8.492874927824127,-0.4456495416314746,0.7006504728529596,0.6962459795497096,0.8371657625654073,-0.07289616437040947,0.8332893284047813,0.8668450866497047,0.03935240746963664,0.9337165762565407,0.933104507704863,0.0441889491623062,5.540009694565019,0.02621093562478999,1.5982740183161797,-0.03943110404441286,5.9997359772816425,0.007753472565904529
prague,link+k50,4,8,20,130,73,0.8448154193269646,8.481080841137922,-0.01805658086391058,0.7010465172099275,0.6962459795497096,0.8343094426575777,-0.08127310258748977,0.8332893284047813,0.867049109500264,0.0288512313379099,0.9337165762565407,0.931916374633959,0.04489702846718835,5.575818841841699,0.03009937112956651,1.5982740183161797,-0.024663200593032952,6.053549510850119,-0.00861130357319606
prague,link+k50,4,9,20,130,73,0.8448154193269646,8.47966139657672,0.041784512205178086,0.6996423599443138,0.6962459795497096,0.8333013297489319,-0.08600163218280443,0.8332893284047813,0.8659209831501128,0.02724305122173687,0.9337165762565407,0.9319403773222601,0.04451298545437088,5.552027486852768,0.03282367625174021,1.5982740183161797,-0.061507857922079134,5.991518771737543,0.015704906133491736
prague,link+k50d,4,0,20,130,73,0.8448154193269646,8.514044721965428,-0.22485427449841458,0.6958979405693437,0.6962459795497096,0.8292448754260477,-0.07616052997935774,0.8332893284047813,0.8600043204838942,0.04328884835101532,0.9337165762565407,0.9286280063367097,0.04724929192069516,5.747034431465461,0.029511305266189836,1.5982740183161797,-0.05107296841751929,6.122097095440564,0.004619090039262197
vienna,link,0,0,20,37,66,0.8530991295349404,8.998943779474661,-0.8800517236778335,0.637463476990504,0.5721785975164354,0.8019844168492817,-0.1300523496469443,0.7486456050645239,0.8171871195519844,-0.008111151692232754,0.8866112734355978,0.8722607742878014,0.04194058923788657,7.2367544533419474,0.07143291940589237,1.625051169408534,-0.21035295763052653,9.190294565141409,-0.03587595107387076
vienna,link,0,0,10,37,66,0.8530991295349404,8.787653823872198,-0.3975116814162248,0.6409788166544923,0.47107073289505724,0.7989560506452398,-0.13761565619673732,0.6726016557097638,0.8079802775748721,-0.021822498173849514,0.8155131482834186,0.8486729973216459,0.037983929875821776,7.8719255002381505,0.08660518626734837,1.6350777908419858,-0.2379754383440571,10.2961131550192,-0.07624717914245926
vienna,link_reg,0,0,20,37,66,0.8530991295349404,8.998943779474661,-0.8800517236778335,0.6401113951789628,0.5721785975164354,0.801999634769905,-0.13003713172632098,0.7486456050645239,0.817217555393231,-0.005402361821280732,0.8866112734355978,0.8866112734355978,0.11338872656440224,8.161224227014314,0.3279461894326759,1.625051169408534,-0.6891412958989434,9.259919329510623,-0.0616873735914476
vienna,link_reg,0,0,10,37,66,0.8530991295349404,8.787653823872198,-0.3975116814162248,0.5950967859751644,0.47107073289505724,0.7989560506452398,-0.13761565619673732,0.6726016557097638,0.8075389578767957,-0.019768078889700558,0.8155131482834186,0.8155131482834186,0.1844868517165814,8.004037801663026,0.28866873630387146,1.6350777908419858,-0.6420962135753727,10.503755373579308,-0.07735151486051761
vienna,link+k10,0,0,20,37,66,0.8530991295349404,9.124945934556758,1.1378450596889007,0.6320611151692233,0.5721785975164354,0.7817445824202581,-0.17750182615047483,0.7486456050645239,0.8093346725103482,-0.05035609934258578,0.8866112734355978,0.8713781348916484,0.030953250547845146,7.295359350738514,0.07610482103725347,1.625051169408534,-0.22549035488331426,9.122365375984975,-0.042232495425214345
vienna,link+k10,0,1,20,37,66,0.8530991295349404,9.010802686630552,0.46312454936972325,0.6324263452641831,0.5721785975164354,0.7915297053810567,-0.16099038227416612,0.7486456050645239,0.8145544192841491,-0.037557828098368606,0.8866112734355978,0.8735542975407841,0.03757304601899192,7.30564419442493,0.07071767713659606,1.625051169408534,-0.1997682998484971,9.34493235811161,-0.04343638640084757
vienna,link+k10,0,2,20,37,66,0.8530991295349404,9.171687214698501,0.0815755268140217,0.6242847577307037,0.5721785975164354,0.7879230581933284,-0.14356586316045783,0.7486456050645239,0.8145239834429023,-0.012600438276113901,0.8866112734355978,0.8732499391283175,0.034681641100560046,7.410357252832571,0.07065680545410274,1.625051169408534,-0.17872188856344784,9.376093434144614,-0.04112491572763166
vienna,link+k10,0,3,20,37,66,0.8530991295349404,9.290479523979384,-1.7450825627628281,0.6293066715364013,0.5721785975164354,0.8043431945458972,-0.11104516678841009,0.7486456050645239,0.8170349403457512,0.016450572193815516,0.8866112734355978,0.8732803749695641,0.0396426832237643,7.351470097872103,0.07074811297784271,1.625051169408534,-0.1959504359543307,9.019560703738989,-0.026870846576134033
vienna,link+k10,0,4,20,37,66,0.8530991295349404,9.308791895773956,1.4181950504963907,0.6180149744338933,0.5721785975164354,0.7753378378378378,-0.1760256878500122,0.7486456050645239,0.807645483321159,-0.04574506939371803,0.8866112734355978,0.8685932554175797,0.024942171901631394,7.4329427335478195,0.07051984416849282,1.625051169408534,-0.23548220653682006,9.323054507843665,-0.014494847346624318
vienna,link+k10,0,5,20,37,66,0.8530991295349404,9.075073570466651,0.24157725162572413,0.6295045045045045,0.5721785975164354,0.7907688093498905,-0.15073350377404438,0.7486456050645239,0.8157109812515217,-0.010622108595081503,0.8866112734355978,0.8727173119065011,0.035640370099829566,7.3832267254195045,0.07068724129534941,1.625051169408534,-0.15951266236727224,9.377017313751056,-0.046181257825291366
vienna,link+k10,0,6,20,37,66,0.8530991295349404,9.057513414653565,0.8990872446751845,0.6342829315802289,0.5721785975164354,0.7857164597029462,-0.17696919892865842,0.7486456050645239,0.8121652057462868,-0.05677806184562939,0.8866112734355978,0.8733564645726808,0.03914049184319457,7.201132233403729,0.09042488434380325,1.625051169408534,-0.2565322847470588,9.221281235929307,-0.04011364730809974
vienna,link+k10,0,7,20,37,66,0.8530991295349404,9.174768145329047,0.712645969173329,0.6278305332359386,0.5721785975164354,0.7866143170197224,-0.1697102507913319,0.7486456050645239,0.8116325785244705,-0.04626247869491107,0.8866112734355978,0.8712411736060385,0.03239895300706108,7.25644827118147,0.08254200146092039,1.625051169408534,-0.2602746211845346,9.357076357442466,-0.0265337571029568
vienna,link+k10,0,8,20,37,66,0.8530991295349404,9.387334479689205,-0.14174096719112733,0.6168279766252739,0.5721785975164354,0.781318480642805,-0.1574750426101778,0.7486456050645239,0.8100346968590212,-0.03072498173849525,0.8866112734355978,0.8702367908448989,0.02959885561236908,7.345649457615756,0.08386596055514983,1.625051169408534,-0.2819418706192991,8.986419059585618,-0.00043340075122799693
vienna,link+k10,0,9,20,37,66,0.8530991295349404,9.031140354949203,0.08086861426233509,0.6278153153153153,0.5721785975164354,0.7907992451911371,-0.16065558802045293,0.7486456050645239,0.8143565863160458,-0.04134709033357675,0.8866112734355978,0.8723977355734113,0.03617299732164603,7.163645888459384,0.09261626491356223,1.625051169408534,-0.27669572592029756,8.933827069732931,-0.015217181932004276
vienna,link+k10d,0,0,20,37,66,0.8530991295349404,9.290390891991096,0.8477078058019558,0.6093559775992209,0.5721785975164354,0.7782444606768931,-0.16797540784027276,0.7486456050645239,0.8043584124665206,-0.04169710250791325,0.8866112734355978,0.8657779401022644,0.016983199415631867,7.412465155676417,0.08840090090090091,1.625051169408534,-0.2949184742546864,9.123421262493004,0.014976403736877586
vienna,link+k25,0,0,20,37,66,0.8530991295349404,9.062386110941715,-0.20750192014525817,0.6323806915023131,0.5721785975164354,0.802182249817385,-0.1353634039444851,0.7486456050645239,0.8191197954711468,-0.012904796688580467,0.8866112734355978,0.87518261504748,0.03987095203311419,7.091971700799717,0.06931762843925006,1.625051169408534,-0.21696475157105177,9.172507707745146,-0.030000963112780554
vienna,link+k25,0,1,20,37,66,0.8530991295349404,9.01778063640758,-0.2288474388269751,0.632700267835403,0.5721785975164354,0.8011474312149988,-0.13880265400535674,0.7486456050645239,0.818754565376187,-0.022766009252495722,0.8866112734355978,0.87481738495252,0.0394144144144144,7.154398956725159,0.07096116386656937,1.625051169408534,-0.21515102854018875,9.214347490743798,-0.035201772127516184
vienna,link+k25,0,2,20,37,66,0.8530991295349404,9.014520689270219,-0.5201388780778364,0.6245130265400536,0.5721785975164354,0.8001430484538593,-0.1328067932797663,0.7486456050645239,0.8186936936936937,-0.01719625030435834,0.8866112734355978,0.8748478207937668,0.03795349403457515,7.082848491269561,0.08124847820793768,1.625051169408534,-0.24849388014708418,8.870564715142201,-0.011749975922180522
vienna,link+k25,0,3,20,37,66,0.8530991295349404,8.96863091309921,0.2942789551129453,0.643246286827368,0.5721785975164354,0.793036279522766,-0.1575967859751644,0.7486456050645239,0.8176132213294376,-0.035472972972972916,0.8866112734355978,0.8758674214755295,0.0377860969077185,7.082365438897032,0.06881543705868032,1.625051169408534,-0.22212647235168803,8.843174651973632,-0.024800154098044924
vienna,link+k25,0,4,20,37,66,0.8530991295349404,9.03872656908666,0.1224659503723364,0.638117847577307,0.5721785975164354,0.8002952276600925,-0.150763939615291,0.7486456050645239,0.8197132943754566,-0.033890309228147064,0.8866112734355978,0.8747869491112734,0.03734477720964202,7.076166510171893,0.08074628682736784,1.625051169408534,-0.24940280107806423,8.819100932753237,-0.0119907541173071
vienna,link+k25,0,5,20,37,66,0.8530991295349404,9.10718035063528,1.2093760933778845,0.6415875334794253,0.5721785975164354,0.7809380326272218,-0.17955624543462384,0.7486456050645239,0.8123934745556367,-0.060110786462137744,0.8866112734355978,0.8731586316045775,0.03124239103968829,7.018129817850672,0.08374421719016312,1.625051169408534,-0.2739314061799578,9.058135218406534,-0.0355870172397188
vienna,link+k25,0,6,20,37,66,0.8530991295349404,8.988688916192965,0.2345607526660265,0.6402331385439494,0.5721785975164354,0.7948167762356951,-0.1591033601168737,0.7486456050645239,0.8171566837107378,-0.038851351351351315,0.8866112734355978,0.8765978816654493,0.03827307036766492,7.080876718195862,0.07458302897492086,1.625051169408534,-0.23819124348432008,9.122851758680259,-0.021766348839449057
vienna,link+k25,0,7,20,37,66,0.8530991295349404,8.958765993408951,-0.12572745776426109,0.6396396396396397,0.5721785975164354,0.7981190650109569,-0.14642683223764308,0.7486456050645239,0.8206720233747261,-0.029035792549305994,0.8866112734355978,0.8753043584124666,0.03968833698563423,7.020437188367016,0.07777879230581941,1.625051169408534,-0.24926183354453157,8.86931266186846,-0.024270442068766274
vienna,link+k25,0,8,20,37,66,0.8530991295349404,8.98739367063388,0.3047864924224585,0.6385591672753835,0.5721785975164354,0.7949841733625518,-0.15470538105673248,0.7486456050645239,0.8186784757730704,-0.03565558802045288,0.8866112734355978,0.8758065497930363,0.03525992208424644,7.106608355903123,0.07091551010469932,1.625051169408534,-0.22065795491518014,8.96339618273253,-0.0486371954155832
vienna,link+k25,0,9,20,37,66,0.8530991295349404,9.046533624051673,0.49766821131108047,0.6397309471633796,0.5721785975164354,0.792244947650353,-0.15997078159240324,0.7486456050645239,0.8161827367908449,-0.03334246408570729,0.8866112734355978,0.8748021670318967,0.03781653274896524,7.228667569028619,0.06971329437545654,1.625051169408534,-0.19012299415885003,9.242698519664346,-0.031012231532312473
vienna,link+k25d,0,0,20,37,66,0.8530991295349404,9.17900526897197,0.7777006397816273,0.6207846359873387,0.5721785975164354,0.7816228390552715,-0.17074506939371809,0.7486456050645239,0.8073563428293158,-0.049869125882639365,0.8866112734355978,0.8674975651327003,0.02655527148770387,7.260160470342183,0.09845994643291944,1.625051169408534,-0.308369904222044,9.054284364528986,0.010160839834344682
vienna,link+k50,0,0,20,37,66,0.8530991295349404,8.923321536790347,-0.03775380006779231,0.6579467981495009,0.5721785975164354,0.8019387630874117,-0.1523466033601169,0.7486456050645239,0.8251156561967373,-0.034149013878743584,0.8866112734355978,0.8795805941076211,0.03717738008278548,6.864625813577073,0.07000243486729973,1.625051169408534,-0.23072407378809312,8.470368073278372,-0.02648560146393142
vienna,link+k50,0,1,20,37,66,0.8530991295349404,8.983157396749032,-0.16549132924215704,0.650672632091551,0.5721785975164354,0.7991995373752131,-0.1490595325054785,0.7486456050645239,0.8218133674214755,-0.033038105673240725,0.8866112734355978,0.877800097394692,0.034757730703676604,6.881142405631357,0.08076150474799115,1.625051169408534,-0.2559268115594173,8.533674517489736,-0.012905711258788366
vienna,link+k50,0,2,20,37,66,0.8530991295349404,8.997754709446758,-0.48662106089708124,0.6536553445337229,0.5721785975164354,0.809045532018505,-0.1310567324080838,0.7486456050645239,0.8283114195276358,-0.006817628439250045,0.8866112734355978,0.8793523252982712,0.03576211346481617,6.900066076358168,0.0679327976625274,1.625051169408534,-0.1944740719615068,8.707017586883419,-0.03823557738611194
vienna,link+k50,0,3,20,37,66,0.8530991295349404,8.964596134203667,-0.28146958842923137,0.65286401266131,0.5721785975164354,0.80559106403701,-0.14452459215972735,0.7486456050645239,0.8246743364986608,-0.02786401266130989,0.8866112734355978,0.8790784027270514,0.03807523739956176,6.805039360019126,0.07222425127830534,1.625051169408534,-0.23452973409127598,8.666284201956433,-0.02985649619570452
vienna,link+k50,0,4,20,37,66,0.8530991295349404,8.971849997636195,-0.43468048848712,0.6461529096664231,0.5721785975164354,0.802745312880448,-0.14079620160701245,0.7486456050645239,0.825054784514244,-0.017561480399318152,0.8866112734355978,0.8783935962990017,0.03760348186023865,6.944520725540938,0.0674153883613343,1.625051169408534,-0.22015536035725636,8.661399186138615,-0.03274583453722435
vienna,link+k50,0,5,20,37,66,0.8530991295349404,8.975264315295869,-0.6893661481963813,0.6455898466033602,0.5721785975164354,0.8112977842707573,-0.12436084733382036,0.7486456050645239,0.8256787192598003,-0.009480764548332021,0.8866112734355978,0.878454467981495,0.04000791331872411,6.904100875732211,0.06778061845629413,1.625051169408534,-0.20678227228404245,8.653259046869087,-0.02812289319079264
vienna,link+k50,0,6,20,37,66,0.8530991295349404,8.958226079612542,0.42975355207675886,0.6505661066471877,0.5721785975164354,0.7997930362795228,-0.1595751156561968,0.7486456050645239,0.8234112490869248,-0.04312758704650588,0.8866112734355978,0.8767652787923058,0.03548819089359634,6.862891407574552,0.07849403457511561,1.625051169408534,-0.24907369327024353,8.499385097273588,-0.022488683424829015
vienna,link+k50,0,7,20,37,66,0.8530991295349404,8.943736217813584,-0.29666842132368515,0.6523009495982469,0.5721785975164354,0.8064128317506696,-0.14120708546384225,0.7486456050645239,0.8249786949111273,-0.022294253713172618,0.8866112734355978,0.8789566593620648,0.037892622352081795,6.842448223895716,0.0675219138056976,1.625051169408534,-0.21195812996161356,8.514215643221485,-0.027111624771260723
vienna,link+k50,0,8,20,37,66,0.8530991295349404,8.99767294711504,0.35512147120881915,0.6564250060871683,0.5721785975164354,0.8016648405161919,-0.1505813245678111,0.7486456050645239,0.8237156074993913,-0.029096664231799352,0.8866112734355978,0.8789414414414415,0.037116508400292236,6.86809956886734,0.06695885074263452,1.625051169408534,-0.19720677206942683,8.503119585222793,-0.03327554656650289
vienna,link+k50,0,9,20,37,66,0.8530991295349404,8.996219154752357,0.43450569515378734,0.6523161675188702,0.5721785975164354,0.7985756026296567,-0.15166179693206727,0.7486456050645239,0.8209763817871926,-0.03332724616508398,0.8866112734355978,0.8786523009495982,0.03560993425858294,6.907761366751141,0.06711102994886779,1.625051169408534,-0.19703862624141788,8.674189220898004,-0.03438312626408557
vienna,link+k50d,0,0,20,37,66,0.8530991295349404,9.016174460067194,0.0765284371917075,0.6352264426588751,0.5721785975164354,0.7930210616021427,-0.1557249817384953,0.7486456050645239,0.8128347942537132,-0.031303262722181646,0.8866112734355978,0.8711194302410519,0.035716459702946235,7.129614968757413,0.08736608229851484,1.625051169408534,-0.2723933408457162,8.769738285630762,-0.018058364634498725
vienna,link,1,0,20,60,64,0.8522180119308498,8.95699013083094,-0.7814478399426663,0.6411614317019723,0.5721785975164354,0.8022431214998783,-0.12611090820550286,0.7486456050645239,0.8165631848064281,-0.013909179449719922,0.8866112734355978,0.8741630143657171,0.04895605064523989,7.126623335587572,0.06393048453859265,1.625051169408534,-0.18826114568319063,9.355318140335218,-0.057112587884041166
vienna,link,1,0,10,60,64,0.8522180119308498,8.759390723370474,-0.39901893009018746,0.6425766983199416,0.47107073289505724,0.7988951789627465,-0.1345720720720721,0.6726016557097638,0.8098216459702946,-0.02673788653518383,0.8155131482834186,0.8497078159240321,0.046840759678597466,7.74998685004465,0.08420075480886302,1.6350777908419858,-0.2245079930541105,10.425209371301516,-0.10054256493974167
vienna,link_reg,1,0,20,60,64,0.8522180119308498,8.95699013083094,-0.7814478399426663,0.6379200146092038,0.5721785975164354,0.8023192111029949,-0.12603481860238624,0.7486456050645239,0.8162588263939615,-0.011748234721207673,0.8866112734355978,0.8866112734355978,0.11338872656440224,8.099681531413179,0.3171262478694912,1.625051169408534,-0.6552424984644647,9.24851141728162,-0.0442068766252528
vienna,link_reg,1,0,10,60,64,0.8522180119308498,8.759390723370474,-0.39901893009018746,0.5906835889943998,0.47107073289505724,0.7988951789627465,-0.1345720720720721,0.6726016557097638,0.8095629413196981,-0.025018261504747952,0.8155131482834186,0.8160153396639883,0.18386291697102508,7.96161717600039,0.28188154370586804,1.6350777908419858,-0.6187758726383616,10.36283512477389,-0.055264800499351785
vienna,link+k10,1,0,20,60,64,0.8522180119308498,9.083140544872727,1.187303272755691,0.6363830046262479,0.5721785975164354,0.7859751643535428,-0.1710494278061846,0.7486456050645239,0.808345507669832,-0.05825420014609195,0.8866112734355978,0.8727325298271245,0.03617299732164603,7.1615787037857634,0.07383735086437793,1.625051169408534,-0.20763542036634375,9.132002763416772,-0.05879803524992777
vienna,link+k10,1,1,20,60,64,0.8522180119308498,8.978180747019465,0.21330138002386786,0.6350742634526418,0.5721785975164354,0.7975407840272705,-0.14800949598246899,0.7486456050645239,0.8157109812515217,-0.03430119308497681,0.8866112734355978,0.8751978329681033,0.04393413683954228,7.210148340139415,0.06333698563428293,1.625051169408534,-0.17250693386797566,9.501663192961512,-0.06992198786477899
vienna,link+k10,1,2,20,60,64,0.8522180119308498,9.15326699030808,0.06402114762487511,0.6265674458242025,0.5721785975164354,0.7904492330168006,-0.13796566837107382,0.7486456050645239,0.8157870708546384,-0.016450572193815405,0.8866112734355978,0.8746652057462868,0.03965790114438761,7.307905150306698,0.0632608960311663,1.625051169408534,-0.15415957244343748,9.535002052882929,-0.06684002696715785
vienna,link+k10,1,3,20,60,64,0.8522180119308498,9.237107812719266,-1.6169247286928372,0.633963355247139,0.5721785975164354,0.8069606768931094,-0.11137996104212328,0.7486456050645239,0.8175371317263209,0.006056732408083798,0.8866112734355978,0.8748021670318967,0.04576028731434134,7.220888500005517,0.063200024348673,1.625051169408534,-0.1782456432333721,9.077738187187725,-0.05017817586439377
vienna,link+k10,1,4,20,60,64,0.8522180119308498,9.235714575024936,1.3225788366570843,0.6247260774287802,0.5721785975164354,0.780618456294132,-0.16818845872899935,0.7486456050645239,0.8086498660822985,-0.04699293888483069,0.8866112734355978,0.8698411249086925,0.03200328707085465,7.294990126909577,0.06396092037983936,1.625051169408534,-0.21354034812952416,9.458072308089548,-0.04449581045940476
vienna,link+k10,1,5,20,60,64,0.8522180119308498,9.033689708477269,0.252144145131829,0.6355764548332116,0.5721785975164354,0.7944515461407353,-0.14303323593864137,0.7486456050645239,0.8158022887752617,-0.016039688336985547,0.8866112734355978,0.8742238860482103,0.042229729729729715,7.259273027532879,0.06321524226929633,1.625051169408534,-0.13722411227992004,9.592458510934811,-0.08008282769912356
vienna,link+k10,1,6,20,60,64,0.8522180119308498,9.011211187093283,0.656695198950633,0.6376308741173606,0.5721785975164354,0.7918797175553932,-0.16380569758948144,0.7486456050645239,0.8129565376186998,-0.05400840029218401,0.8866112734355978,0.8747260774287802,0.04297540784027276,7.10505432502798,0.08420075480886291,1.625051169408534,-0.22907478280198434,9.16580592581837,-0.054464027737648024
vienna,link+k10,1,7,20,60,64,0.8522180119308498,9.151967867286952,0.7478421603559604,0.6325328707085464,0.5721785975164354,0.7899166057949841,-0.16150779157535922,0.7486456050645239,0.8105368882395909,-0.04860603847090328,0.8866112734355978,0.8727020939858777,0.03751217433649867,7.125332282574313,0.08001582663744833,1.625051169408534,-0.23496640829283533,9.304116931493567,-0.040932293171530354
vienna,link+k10,1,8,20,60,64,0.8522180119308498,9.33817868455832,-0.11212812419357018,0.6196280740199659,0.5721785975164354,0.7841490138787436,-0.15330533235938648,0.7486456050645239,0.8103694911127344,-0.0335859508156805,0.8866112734355978,0.8722303384465546,0.03688823959094234,7.207635293761515,0.07752008765522278,1.625051169408534,-0.25293615204595254,9.189683459632842,-0.03139747664451509
vienna,link+k10,1,9,20,60,64,0.8522180119308498,9.005689943541798,0.2419359309722497,0.6323198198198198,0.5721785975164354,0.7921232042853664,-0.16024470416362313,0.7486456050645239,0.8133065497930363,-0.051345264183101924,0.8866112734355978,0.8736760409057707,0.0397644265887509,7.036965283384165,0.0908357682006331,1.625051169408534,-0.26663781092680416,9.111358716332493,-0.03231243378599635
vienna,link+k10d,1,0,20,60,64,0.8522180119308498,9.3098326297779,1.2806497017255043,0.6155801071341612,0.5721785975164354,0.7785031653274896,-0.17149074750426108,0.7486456050645239,0.8031866325785245,-0.05528670562454341,0.8866112734355978,0.8655648892135379,0.017165814463111717,7.33746397604764,0.08260287314341375,1.625051169408534,-0.2693729928708415,9.595122020191619,-0.030000963112780554
vienna,link+k25,1,0,20,60,64,0.8522180119308498,9.028856293880253,-0.3784355736979106,0.635317750182615,0.5721785975164354,0.8054541027514001,-0.12454346238130026,0.7486456050645239,0.8198654735816898,-0.012554784514243966,0.8866112734355978,0.8767500608716825,0.04624726077428776,6.976207317570879,0.061936936936936936,1.625051169408534,-0.19415643620177359,9.400609731549274,-0.0452663006838101
vienna,link+k25,1,1,20,60,64,0.8522180119308498,8.98808919357382,-0.1355128890419091,0.6382700267835403,0.5721785975164354,0.8031257608960312,-0.13493730216703193,0.7486456050645239,0.8185719503287071,-0.028061845629413162,0.8866112734355978,0.8757304601899196,0.04455807158509861,7.063455053671272,0.06733929875821765,1.625051169408534,-0.19274998958867262,9.406120241592719,-0.05817201194259847
vienna,link+k25,1,2,20,60,64,0.8522180119308498,8.991410435718507,-0.6470992090477405,0.6296110299488678,0.5721785975164354,0.8040084002921841,-0.12620221572924278,0.7486456050645239,0.8191654492330168,-0.019737643048453823,0.8866112734355978,0.8767196250304359,0.04472546871195515,6.970405926305577,0.07674397370343311,1.625051169408534,-0.22532673409885473,8.955631511407947,-0.029182317249349943
vienna,link+k25,1,3,20,60,64,0.8522180119308498,8.934214035672895,0.24989704265832727,0.6465942293644996,0.5721785975164354,0.797282079376674,-0.1491812758704651,0.7486456050645239,0.8169588507426345,-0.03987095203311419,0.8866112734355978,0.8770696372047724,0.04306671536401263,6.968211617895719,0.06382395909422933,1.625051169408534,-0.19965074388705584,8.889867630854674,-0.039150534527593206
vienna,link+k25,1,4,20,60,64,0.8522180119308498,9.003330698687762,0.15478189373264684,0.6421049427806185,0.5721785975164354,0.8023800827854882,-0.14676162649135627,0.7486456050645239,0.8188306549793036,-0.03967311906501092,0.8866112734355978,0.8767804967129291,0.043021061602142696,6.959878044066105,0.0780070611151692,1.625051169408534,-0.2296803726064358,8.875526797156724,-0.02836367138591933
vienna,link+k25,1,5,20,60,64,0.8522180119308498,9.081200545654387,1.2374388726371899,0.6455594107621134,0.5721785975164354,0.7840424884343803,-0.1738647431214999,0.7486456050645239,0.8102629656683711,-0.06628926223520815,0.8866112734355978,0.8741630143657171,0.03553384465546627,6.894549873029534,0.07969625030435845,1.625051169408534,-0.25309361398789676,9.190300339161746,-0.05542714051815467
vienna,link+k25,1,6,20,60,64,0.8522180119308498,8.954460849073655,0.16091525091555675,0.643154979303628,0.5721785975164354,0.7998691258826394,-0.14997260774287807,0.7486456050645239,0.8162131726320916,-0.03991660579498413,0.8866112734355978,0.8776479181884588,0.043705868030192385,6.9659869694719765,0.06901327002678348,1.625051169408534,-0.2157526596000625,9.278857085194591,-0.04102860444958101
vienna,link+k25,1,7,20,60,64,0.8522180119308498,8.93124429045311,-0.10652312407726565,0.6435658631604577,0.5721785975164354,0.8015278792305819,-0.14128317506695892,0.7486456050645239,0.8187241295349403,-0.033631604577550434,0.8866112734355978,0.8768870221572924,0.04510591672753839,6.912461673121886,0.0752069637204772,1.625051169408534,-0.22887490746398242,8.866166458082526,-0.04242511798131565
vienna,link+k25,1,8,20,60,64,0.8522180119308498,8.959138432905045,0.3735026682459354,0.6423484295105917,0.5721785975164354,0.7980734112490869,-0.15021609447285128,0.7486456050645239,0.818008887265644,-0.042503652300949546,0.8866112734355978,0.8772218164110056,0.040936206476747006,6.99033127031394,0.06838933528122715,1.625051169408534,-0.2035864107650338,9.073789952906061,-0.07021092169893095
vienna,link+k25,1,9,20,60,64,0.8522180119308498,9.024071351083393,0.49809486621861776,0.6439158753347942,0.5721785975164354,0.7952580959337716,-0.1532748965181398,0.7486456050645239,0.8152240077915753,-0.037375213050888645,0.8866112734355978,0.8760043827611396,0.04276235695154618,7.128303580177222,0.0625,1.625051169408534,-0.1680477154454676,9.311467611081053,-0.05947221419628235
vienna,link+k25d,1,0,20,60,64,0.8522180119308498,9.14219236564506,0.9984701944374406,0.6245738982225468,0.5721785975164354,0.7819424153883613,-0.1712776966155345,0.7486456050645239,0.8063976138300463,-0.059258582907231516,0.8866112734355978,0.8673149500852203,0.024972607742878017,7.132734766525484,0.09716642317993673,1.625051169408534,-0.29471218285120515,9.192087394934932,-0.016998940575941424
vienna,link+k50,1,0,20,60,64,0.8522180119308498,8.893694423066306,-0.02157829551671365,0.661827367908449,0.5721785975164354,0.8062302167031897,-0.14537679571463358,0.7486456050645239,0.8250243486729973,-0.03783175066958844,0.8866112734355978,0.8808284635987339,0.04259495982468953,6.753506169827835,0.06650231312393473,1.625051169408534,-0.21091698291187688,8.549612283136272,-0.04622941346431664
vienna,link+k50,1,1,20,60,64,0.8522180119308498,8.9566219085048,-0.12167554855553292,0.6539140491843195,0.5721785975164354,0.8028061845629413,-0.14368760652544443,0.7486456050645239,0.8216916240564889,-0.03687302167031892,0.8866112734355978,0.8790784027270514,0.03959702946189436,6.769721146997539,0.07449172145118099,1.625051169408534,-0.23189097633813938,8.653610385966076,-0.03630935182509876
vienna,link+k50,1,2,20,60,64,0.8522180119308498,8.966604828163208,-0.5564612598811731,0.6578098368638909,0.5721785975164354,0.8106586316045775,-0.12387387387387394,0.7486456050645239,0.8292853664475286,-0.010743851960068107,0.8866112734355978,0.881300219138057,0.04261017774531284,6.787825709110306,0.06085646457268079,1.625051169408534,-0.17620080921309178,8.729057652993433,-0.05378984879129345
vienna,link+k50,1,3,20,60,64,0.8522180119308498,8.926007901729106,-0.21275250178097124,0.6563945702459216,0.5721785975164354,0.8074172145118091,-0.13925919162405653,0.7486456050645239,0.823517774531288,-0.03245982468955433,0.8866112734355978,0.8807828098368639,0.04410153396639882,6.695751128347757,0.06927197467738011,1.625051169408534,-0.21504736064752383,8.663064847336987,-0.048251950303380475
vienna,link+k50,1,4,20,60,64,0.8522180119308498,8.949278802836423,-0.4797592543221676,0.6495617238860482,0.5721785975164354,0.8064584855125395,-0.1332785488190894,0.7486456050645239,0.824217798879961,-0.019341977112247277,0.8866112734355978,0.8800675675675675,0.04432980277574872,6.833837715735238,0.06256087168249325,1.625051169408534,-0.19565194768742034,8.718916646842713,-0.04945584127901381
vienna,link+k50,1,5,20,60,64,0.8522180119308498,8.945686810085306,-0.6831656473559556,0.6467159727294862,0.5721785975164354,0.8121043340637936,-0.12005417579741912,0.7486456050645239,0.8249482590698807,-0.014685293401509592,0.8866112734355978,0.879991477964451,0.04541027514000484,6.796505934083452,0.06096299001704407,1.625051169408534,-0.19032567907532005,8.802950480536637,-0.03972840219589713
vienna,link+k50,1,6,20,60,64,0.8522180119308498,8.929332376960959,0.4407074664558157,0.6551010469929389,0.5721785975164354,0.8039018748478208,-0.1540357925493061,0.7486456050645239,0.8228938397857317,-0.04699293888483069,0.8866112734355978,0.8780892378865351,0.04086011687363034,6.747434669682331,0.07631787192598005,1.625051169408534,-0.22963386547636944,8.636773438533414,-0.04237696234229027
vienna,link+k50,1,7,20,60,64,0.8522180119308498,8.915565670810896,-0.32749438227166094,0.6560749939128317,0.5721785975164354,0.8097303384465546,-0.13441989286583889,0.7486456050645239,0.8251765278792306,-0.025413927440954387,0.8866112734355978,0.8802654005356708,0.043888483077672236,6.726634200278724,0.06032383735086438,1.625051169408534,-0.1928575682018181,8.605222089745626,-0.04964846383511512
vienna,link+k50,1,8,20,60,64,0.8522180119308498,8.966155434765572,0.36165146921407226,0.6606251521792063,0.5721785975164354,0.80568237156075,-0.14300280009739474,0.7486456050645239,0.8236699537375213,-0.033190284879474063,0.8866112734355978,0.8799458242025809,0.041803627952276656,6.7666344222091,0.06128256635013385,1.625051169408534,-0.17849520342891223,8.517681501939709,-0.048444572859481894
vienna,link+k50,1,9,20,60,64,0.8522180119308498,8.967505070366805,0.4411765217318936,0.6560902118334551,0.5721785975164354,0.8018931093255418,-0.14603116630143664,0.7486456050645239,0.8215698806915023,-0.03732955928901871,0.8866112734355978,0.8801588750913075,0.041803627952276656,6.8059811254925675,0.059882517652787924,1.625051169408534,-0.1741274026411448,8.666143278411639,-0.05687180968891459
vienna,link+k50d,1,0,20,60,64,0.8522180119308498,8.966308566355833,0.2885843130002452,0.63881787192598,0.5721785975164354,0.7943145848551254,-0.15464450937423918,0.7486456050645239,0.8129413196980765,-0.040662283905527064,0.8866112734355978,0.872199902605308,0.040662283905527175,6.9913662021102505,0.08684867299732157,1.625051169408534,-0.2570320413556195,8.95985904143729,-0.04656650293749398
vienna,link,2,0,20,42,66,0.8525109569028488,8.976959209504164,-0.8403632927081728,0.6401113951789628,0.5721785975164354,0.8023344290236182,-0.12997626004382767,0.7486456050645239,0.8161675188702215,-0.014943998052106111,0.8866112734355978,0.8731129778427076,0.04641465790114441,7.185699350368396,0.06674579985390797,1.625051169408534,-0.20009076169248252,9.324002494946216,-0.057353366079167856
vienna,link,2,0,10,42,66,0.8525109569028488,8.768589895010564,-0.37664708428640836,0.6413592646700755,0.47107073289505724,0.7991691015339664,-0.13737216946676406,0.6726016557097638,0.8073106890674459,-0.02812271731190652,0.8155131482834186,0.8495860725590455,0.043279766252739216,7.800218011411633,0.08789870952033108,1.6350777908419858,-0.2370247308693949,10.547497531307247,-0.09996638978249384
vienna,link_reg,2,0,20,42,66,0.8525109569028488,8.976959209504164,-0.8403632927081728,0.6399592159727295,0.5721785975164354,0.8023496469442415,-0.12996104212320436,0.7486456050645239,0.8163196980764549,-0.013330898466033525,0.8866112734355978,0.8866112734355978,0.11338872656440224,8.168691056164771,0.32421779887996105,1.625051169408534,-0.6761642395192868,9.123323204416025,-0.055523451796205325
vienna,link_reg,2,0,10,42,66,0.8525109569028488,8.768589895010564,-0.37664708428640836,0.5921292914536158,0.47107073289505724,0.7991691015339664,-0.13737216946676406,0.6726016557097638,0.8069758948137327,-0.027118334550766954,0.8155131482834186,0.8155131482834186,0.1844868517165814,7.994811738488693,0.2867512783053324,1.6350777908419858,-0.6336154562275516,10.627442556767171,-0.0583857492677774
vienna,link+k10,2,0,20,42,66,0.8525109569028488,9.090929102437686,1.0783613195480215,0.6362308254200146,0.5721785975164354,0.7838750913075238,-0.1732103725346969,0.7486456050645239,0.8077215729242756,-0.054464937910883804,0.8866112734355978,0.8725042610177746,0.03573167762356955,7.22061710157279,0.07727660092524957,1.625051169408534,-0.218475998800985,9.20952758029107,-0.06192815178657418
vienna,link+k10,2,1,20,42,66,0.8525109569028488,8.992877724421685,0.16838656380575284,0.6345264183102021,0.5721785975164354,0.7963994399805211,-0.1510987338690042,0.7486456050645239,0.8156805454102751,-0.03308375943511077,0.8866112734355978,0.8742391039688338,0.042397126856586365,7.284130471325264,0.06606099342585829,1.625051169408534,-0.17639143522004685,9.452184472186275,-0.0701146104208803
vienna,link+k10,2,2,20,42,66,0.8525109569028488,9.160372043836583,0.02518893332094862,0.6274196493791089,0.5721785975164354,0.7892165814463111,-0.14017226686145612,0.7486456050645239,0.8150261748234722,-0.015598368638909177,0.8866112734355978,0.874208668127587,0.03898831263696134,7.353444833133604,0.06587837837837837,1.625051169408534,-0.1657765415367929,9.502670440942502,-0.06602138110372724
vienna,link+k10,2,3,20,42,66,0.8525109569028488,9.258825598272006,-1.6630461591974823,0.6336133430728025,0.5721785975164354,0.8056062819576333,-0.11428658388117852,0.7486456050645239,0.8175675675675675,0.007943754565376215,0.8866112734355978,0.8736456050645239,0.04323411249086928,7.275737603613373,0.06598490382274166,1.625051169408534,-0.1908355291996544,9.162077693527463,-0.050563420976596385
vienna,link+k10,2,4,20,42,66,0.8525109569028488,9.287203113885353,1.4151243809771374,0.6225955685415144,0.5721785975164354,0.7774683467251035,-0.17538653518383251,0.7486456050645239,0.8052867056245434,-0.04895605064523978,0.8866112734355978,0.8699324324324325,0.03029887996104208,7.366318655782315,0.06615230094959823,1.625051169408534,-0.22311219373664049,9.3701608963221,-0.03380525859578154
vienna,link+k10,2,5,20,42,66,0.8525109569028488,9.054862608498743,0.32791386483414237,0.633263330898466,0.5721785975164354,0.7917427562697833,-0.149363890917945,0.7486456050645239,0.8139152666179693,-0.018626734842950965,0.8866112734355978,0.8732195032870709,0.040312271731190674,7.318434229679605,0.06607621134648162,1.625051169408534,-0.15200225853482885,9.632260798245712,-0.07127034575748825
vienna,link+k10,2,6,20,42,66,0.8525109569028488,9.04117968137781,0.8270006238808869,0.6373721694667641,0.5721785975164354,0.7893991964937911,-0.17359082055028008,0.7486456050645239,0.811799975651327,-0.060399926953981,0.8866112734355978,0.8736608229851474,0.041879717555393214,7.153299052975462,0.09071402483564639,1.625051169408534,-0.2501821579189729,9.270507650065085,-0.06433593373784074
vienna,link+k10,2,7,20,42,66,0.8525109569028488,9.174297252010842,0.7779821067887147,0.6302349646944242,0.5721785975164354,0.7873599951302654,-0.16850803506208917,0.7486456050645239,0.8096542488434381,-0.05098003408814211,0.8866112734355978,0.8719716337959581,0.035990382274166066,7.205993017061974,0.08363769174579982,1.625051169408534,-0.25100600710215537,9.26967047923122,-0.0437734758740248
vienna,link+k10,2,8,20,42,66,0.8525109569028488,9.406304583418462,-0.17159956453656589,0.6179541027514001,0.5721785975164354,0.783372899926954,-0.15581628926223529,0.7486456050645239,0.809608595081568,-0.03188154370586793,0.8866112734355978,0.8717281470659849,0.03507730703676648,7.281080797778773,0.08359203798392989,1.625051169408534,-0.2691306054274787,9.180278154452047,-0.02836367138591933
vienna,link+k10,2,9,20,42,66,0.8525109569028488,9.016285018849496,0.2541701608572793,0.6328067932797663,0.5721785975164354,0.7908296810323837,-0.16452093985877775,0.7486456050645239,0.8128043584124666,-0.050903944485025554,0.8866112734355978,0.8727781835889944,0.038501339177014815,7.10277212867335,0.09330107134161192,1.625051169408534,-0.27163230129193305,9.062453537897248,-0.032408745064047007
vienna,link+k10d,2,0,20,42,66,0.8525109569028488,9.318260802728288,1.0325054683892743,0.613145239834429,0.5721785975164354,0.7773161675188702,-0.1714603116630144,0.7486456050645239,0.8016039688336986,-0.05063002191380561,0.8866112734355978,0.8649866082298515,0.016526661796932074,7.401748244967593,0.08693998052106156,1.625051169408534,-0.2812166955395663,9.337611382285264,-0.02393335259558893
vienna,link+k25,2,0,20,42,66,0.8525109569028488,9.049035143364243,-0.36813771608649676,0.6353025322619917,0.5721785975164354,0.8053780131482834,-0.12793705868030197,0.7486456050645239,0.8194241538836133,-0.013270026783540279,0.8866112734355978,0.8759130752373996,0.04394935476016559,7.041153958818606,0.06476747017287558,1.625051169408534,-0.20270135629942598,9.358778308134774,-0.05152653375710292
vienna,link+k25,2,1,20,42,66,0.8525109569028488,9.004110758356084,-0.19243579666147226,0.6381939371804237,0.5721785975164354,0.801482225468712,-0.13938093498904314,0.7486456050645239,0.8182523739956172,-0.027985756026296493,0.8866112734355978,0.8752282688093499,0.04299062576089607,7.118327063379869,0.06840455320185046,1.625051169408534,-0.20096355764480944,9.348272354051478,-0.06327650967928344
vienna,link+k25,2,2,20,42,66,0.8525109569028488,8.999302605017839,-0.5395769370169736,0.628454467981495,0.5721785975164354,0.8026692232773314,-0.1314676162649136,0.7486456050645239,0.818617604090577,-0.022081202824446033,0.8866112734355978,0.875517409301193,0.04191015339663984,7.0297955188635015,0.08004626247869484,1.625051169408534,-0.23620520550102886,9.01304719848448,-0.038380044303187866
vienna,link+k25,2,3,20,42,66,0.8525109569028488,8.950794861295865,0.2972241192688341,0.6459246408570732,0.5721785975164354,0.7950906988069151,-0.15539018748478212,0.7486456050645239,0.8162131726320916,-0.04082968103238371,0.8866112734355978,0.8762326515704895,0.04082968103238371,7.022283555465073,0.06907414170927684,1.625051169408534,-0.21364604120263953,8.858834606167662,-0.04194356159106227
vienna,link+k25,2,4,20,42,66,0.8525109569028488,9.018756150688867,0.11914376325324134,0.6417853664475286,0.5721785975164354,0.8015583150718286,-0.149409544679815,0.7486456050645239,0.8185719503287071,-0.03947528609690765,0.8866112734355978,0.8755326272218165,0.040677501826150486,7.019498584225521,0.07974190406622839,1.625051169408534,-0.2401746275995882,8.801619237884232,-0.027400558605412684
vienna,link+k25,2,5,20,42,66,0.8525109569028488,9.100241085701697,1.2954012516767994,0.6449963476990505,0.5721785975164354,0.7819576333089847,-0.18054541027514004,0.7486456050645239,0.8097759922084247,-0.0667153640126612,0.8866112734355978,0.8735695154614074,0.034666423179936734,6.94456735296218,0.08321158996834666,1.625051169408534,-0.26421916373568943,9.13970409540627,-0.056823654049889205
vienna,link+k25,2,6,20,42,66,0.8525109569028488,8.974094582941206,0.250511295814125,0.6449659118578037,0.5721785975164354,0.7962776966155345,-0.1587076941806672,0.7486456050645239,0.8152392257121986,-0.045182006330654945,0.8866112734355978,0.8771609447285122,0.04096664231799363,7.017872847747064,0.07548088629169714,1.625051169408534,-0.23399314939536064,9.154773817276038,-0.03924684580564386
vienna,link+k25,2,7,20,42,66,0.8525109569028488,8.943572130412013,-0.13113455826987575,0.6423484295105917,0.5721785975164354,0.800082176771366,-0.14528548819089365,0.7486456050645239,0.818617604090577,-0.03431641100560012,0.8866112734355978,0.8759739469198928,0.04324933041149259,6.969550611354417,0.07770270270270263,1.625051169408534,-0.23871423726569674,8.882951776160148,-0.047192526244823285
vienna,link+k25,2,8,20,42,66,0.8525109569028488,8.963753112246824,0.28345998662133787,0.6413744825906988,0.5721785975164354,0.7969625030435841,-0.15306184562941327,0.7486456050645239,0.8173849525200877,-0.04114925736547348,0.8866112734355978,0.876308741173606,0.03898831263696134,7.051819990324387,0.07173727781835892,1.625051169408534,-0.21462251428032242,9.061179569867848,-0.06597322546470197
vienna,link+k25,2,9,20,42,66,0.8525109569028488,9.036652162763914,0.4619542155074859,0.6414353542731921,0.5721785975164354,0.7948928658388118,-0.154918431945459,0.7486456050645239,0.8146761626491357,-0.036766496225955625,0.8866112734355978,0.8750304358412466,0.04026661796932063,7.189192657544851,0.06517835402970538,1.625051169408534,-0.1786307315355442,9.296981776776947,-0.05456033901569879
vienna,link+k25d,2,0,20,42,66,0.8525109569028488,9.069387777568464,0.7555714133571064,0.6280892378865351,0.5721785975164354,0.7850164353542732,-0.17018200633065506,0.7486456050645239,0.8080715850986121,-0.05374969564158749,0.8866112734355978,0.870191137083029,0.03487947406866321,7.164181351431722,0.09480764548332121,1.625051169408534,-0.28713690082961896,9.098501794124452,-0.035972262351921414
vienna,link+k50,2,0,20,42,66,0.8525109569028488,8.90643363338341,-0.01959344227314461,0.6611121256391527,0.5721785975164354,0.8038257852447042,-0.14942476260043835,0.7486456050645239,0.8238069150231312,-0.038775261748234646,0.8866112734355978,0.879808862916971,0.040053567080594155,6.8185893128995385,0.06956111516922325,1.625051169408534,-0.21937461574287975,8.509766823429457,-0.04984108639121643
vienna,link+k50,2,1,20,42,66,0.8525109569028488,8.96584862398666,-0.10330475339756953,0.6543553688823959,0.5721785975164354,0.8009495982468955,-0.15014000486973467,0.7486456050645239,0.8205502800097395,-0.03984051619186746,0.8866112734355978,0.8783783783783784,0.037801314828341814,6.809464260940578,0.08070063306549802,1.625051169408534,-0.24639144476298402,8.52568712398734,-0.03828373302513721
vienna,link+k50,2,2,20,42,66,0.8525109569028488,8.987658748397005,-0.5675685863364469,0.6574598246895544,0.5721785975164354,0.810582542001461,-0.12617177988799616,0.7486456050645239,0.8284940345751156,-0.009343803262722106,0.8866112734355978,0.8801436571706842,0.04008400292184078,6.84193551512772,0.06333698563428293,1.625051169408534,-0.18424892006423876,8.775906820794134,-0.05932774727920642
vienna,link+k50,2,3,20,42,66,0.8525109569028488,8.945464553297231,-0.2635234773871196,0.6571554662770879,0.5721785975164354,0.8071432919405892,-0.14269844168492823,0.7486456050645239,0.8235329924519114,-0.03290114438763081,0.8866112734355978,0.8796871195519844,0.04157535914292676,6.756443850800358,0.0717220598977355,1.625051169408534,-0.22405873042198232,8.733186555406725,-0.05229702398150826
vienna,link+k50,2,4,20,42,66,0.8525109569028488,8.95874206970541,-0.4232921058566921,0.6500791331872413,0.5721785975164354,0.8046932067202337,-0.13872656440224013,0.7486456050645239,0.8243851960068176,-0.021913805697589384,0.8866112734355978,0.8790631848064281,0.04143839785731673,6.899833852015302,0.06537618699780856,1.625051169408534,-0.20889550070593876,8.675167000132024,-0.05460849465472406
vienna,link+k50,2,5,20,42,66,0.8525109569028488,8.957916589305079,-0.6542765604354283,0.6481464572680788,0.5721785975164354,0.8126369612856099,-0.12302167031896766,0.7486456050645239,0.8247960798636474,-0.014807036766496195,0.8866112734355978,0.8793523252982712,0.04376673971268563,6.847930211953493,0.06344351107864621,1.625051169408534,-0.19732928504734315,8.731803940095636,-0.05282673601078691
vienna,link+k50,2,6,20,42,66,0.8525109569028488,8.944743373494005,0.4500574674430687,0.6551923545166788,0.5721785975164354,0.8009191624056489,-0.1586924762600439,0.7486456050645239,0.8215850986121256,-0.047966885804723636,0.8866112734355978,0.8774500852203555,0.03933832481129773,6.799476291618073,0.07913318724129537,1.625051169408534,-0.241165349666967,8.552614945531781,-0.04343638640084757
vienna,link+k50,2,7,20,42,66,0.8525109569028488,8.932783576998732,-0.3163897469447488,0.6553140978816655,0.5721785975164354,0.8089846603360117,-0.13897005113221333,0.7486456050645239,0.8248873873873874,-0.027103116630143642,0.8866112734355978,0.8795045045045045,0.041453615777940156,6.78703110958889,0.06294131969807645,1.625051169408534,-0.20350913827415718,8.614934637038289,-0.052923047288837566
vienna,link+k50,2,8,20,42,66,0.8525109569028488,8.97839910091439,0.3311101861233922,0.6593620647674702,0.5721785975164354,0.8048301680058437,-0.14577246165084007,0.7486456050645239,0.8226960068176284,-0.0337076941806671,0.8866112734355978,0.8795501582663745,0.04009922084246409,6.817060551605607,0.06358047236425612,1.625051169408534,-0.18705797023392456,8.581153600564479,-0.0576904555523452
vienna,link+k50,2,9,20,42,66,0.8525109569028488,8.980988467434731,0.41491026899714134,0.6563489164840516,0.5721785975164354,0.800782201120039,-0.1484812515217921,0.7486456050645239,0.8198350377404432,-0.037816532748965126,0.8866112734355978,0.8790784027270514,0.03974920866812759,6.864658746817521,0.0627282688093499,1.625051169408534,-0.1874644868400015,8.677336785763112,-0.057594144274294545
vienna,link+k50d,2,0,20,42,66,0.8525109569028488,8.983659517802492,0.19534228640744933,0.6404005356708059,0.5721785975164354,0.7940710981251522,-0.1562880448015584,0.7486456050645239,0.8121347699050402,-0.04052532261991715,0.8866112734355978,0.8720477233990748,0.039962259556854174,7.052040447999131,0.08812697832968108,1.625051169408534,-0.2617138799724028,8.977196017867483,-0.05171915631320423
vienna,link,3,0,20,38,70,0.8522880143657171,8.988228344798838,-0.8703271285672496,0.6386504747991234,0.5721785975164354,0.8016952763574385,-0.1353025322619918,0.7486456050645239,0.8184806428049671,-0.010135135135135087,0.8866112734355978,0.8744521548575602,0.04662770878987099,7.168417605908181,0.06837411736060384,1.625051169408534,-0.2209262489777788,9.089866011917787,-0.04078782625445443
vienna,link,3,0,10,38,70,0.8522880143657171,8.768705766758725,-0.3789482188325277,0.6423027757487217,0.47107073289505724,0.7984690771852934,-0.14181580228877527,0.6726016557097638,0.8087563915266618,-0.022537740443145826,0.8155131482834186,0.8494338933528123,0.04452763574385188,7.81232172621653,0.09059228147065979,1.6350777908419858,-0.24824826374026876,10.300726816326662,-0.0921400105632112
vienna,link_reg,3,0,20,38,70,0.8522880143657171,8.988228344798838,-0.8703271285672496,0.6381787192598003,0.5721785975164354,0.8016952763574385,-0.1353025322619918,0.7486456050645239,0.8185415144874605,-0.00833942050158265,0.8866112734355978,0.8866112734355978,0.11338872656440224,8.240399942585451,0.332009374239104,1.625051169408534,-0.694815486400485,9.145320876335441,-0.047722238274101936
vienna,link_reg,3,0,10,38,70,0.8522880143657171,8.768705766758725,-0.3789482188325277,0.5945337229121013,0.47107073289505724,0.7984690771852934,-0.14181580228877527,0.6726016557097638,0.8085281227173119,-0.02127465303140974,0.8155131482834186,0.8155131482834186,0.1844868517165814,8.022500731538965,0.2918492817141466,1.6350777908419858,-0.6469329483483222,10.4799949826075,-0.06856484371248861
vienna,link+k10,3,0,20,38,70,0.8522880143657171,9.121706460700414,1.11395245945959,0.6325328707085464,0.5721785975164354,0.781881543705868,-0.1780040175310446,0.7486456050645239,0.8092890187484783,-0.05015826637448251,0.8866112734355978,0.873599951302654,0.03506208911614317,7.222057110709454,0.08152240077915751,1.625051169408534,-0.23471451623011164,8.985419758654164,-0.041991717230087655
vienna,link+k10,3,1,20,38,70,0.8522880143657171,9.001533661354436,0.42313625631387747,0.6345264183102021,0.5721785975164354,0.7908144631117604,-0.16481008035062095,0.7486456050645239,0.8152240077915753,-0.03749695641587525,0.8866112734355978,0.875791331872413,0.04236669101533963,7.226972476743371,0.07223946919892865,1.625051169408534,-0.21267175010179162,9.158784902082882,-0.04579601271308875
vienna,link+k10,3,2,20,38,70,0.8522880143657171,9.165080297814786,0.07731141361516478,0.6244521548575602,0.5721785975164354,0.7870556367177989,-0.14720294618943275,0.7486456050645239,0.8145239834429023,-0.013574385196006733,0.8866112734355978,0.8753956659362064,0.03819698076454836,7.342972600410364,0.06598490382274166,1.625051169408534,-0.1865139959232065,9.312082068129003,-0.04372532023499953
vienna,link+k10,3,3,20,38,70,0.8522880143657171,9.279149045763743,-1.7534603119210195,0.6317263209155101,0.5721785975164354,0.8042671049427806,-0.11678232286340401,0.7486456050645239,0.8193785001217434,0.013285244704163701,0.8866112734355978,0.8750608716824934,0.04394935476016559,7.272812537637185,0.06604577550523497,1.625051169408534,-0.2075015945116554,8.98185407665479,-0.0322161225079457
vienna,link+k10,3,4,20,38,70,0.8522880143657171,9.305090757883944,1.4248314518966625,0.6173606038470904,0.5721785975164354,0.7768291940589238,-0.17849099099099103,0.7486456050645239,0.8077672266861456,-0.04537983929875822,0.8866112734355978,0.8704498417336255,0.029203189676162644,7.361529211308809,0.07163075237399563,1.625051169408534,-0.2426251589085866,9.278853349211115,-0.01483193681980155
vienna,link+k10,3,5,20,38,70,0.8522880143657171,9.061530069209448,0.2238934499560417,0.6311480399318237,0.5721785975164354,0.7900079133187241,-0.1524379108838569,0.7486456050645239,0.8156044558071585,-0.010393839785731607,0.8866112734355978,0.8743608473338204,0.04038836133430723,7.302378967101277,0.06600012174336499,1.625051169408534,-0.17042824198241746,9.363150660378736,-0.04579601271308875
vienna,link+k10,3,6,20,38,70,0.8522880143657171,9.045600866670824,0.8767768038173207,0.636063428293158,0.5721785975164354,0.7862490869247626,-0.17993669345020702,0.7486456050645239,0.8119065010956903,-0.059258582907231516,0.8866112734355978,0.8755326272218165,0.0425645239834429,7.13489269973107,0.09832298514730942,1.625051169408534,-0.2697083151662074,9.081548006173486,-0.04647019165944333
vienna,link+k10,3,7,20,38,70,0.8522880143657171,9.17733220703151,0.8313011458883718,0.6280892378865351,0.5721785975164354,0.78468164110056,-0.17608655953250552,0.7486456050645239,0.8108564645726808,-0.050751765278792216,0.8866112734355978,0.8728542731921111,0.0369643291940589,7.196529438918381,0.09219016313610906,1.625051169408534,-0.27216659810929156,9.166011498779296,-0.019840123278435873
vienna,link+k10,3,8,20,38,70,0.8522880143657171,9.38880105349019,-0.26818796331316613,0.6160518626734843,0.5721785975164354,0.7826120038957877,-0.1592251034818603,0.7486456050645239,0.8104303627952276,-0.027924884343803247,0.8866112734355978,0.8731434136839542,0.036036036036036,7.267399300370258,0.08689432675919162,1.625051169408534,-0.28470842643341454,9.017049085010697,-0.01016083983434457
vienna,link+k10,3,9,20,38,70,0.8522880143657171,9.024162146892337,0.12462298396801459,0.6308741173606038,0.5721785975164354,0.790236182128074,-0.16703189676162655,0.7486456050645239,0.8147522522522522,-0.044847212076941756,0.8866112734355978,0.8744521548575602,0.04026661796932063,7.111612403316483,0.09675553932310688,1.625051169408534,-0.28412930436903916,8.911401205562969,-0.02080323605894252
vienna,link+k10d,3,0,20,38,70,0.8522880143657171,9.219021126575196,0.8355201308565825,0.6159757730703677,0.5721785975164354,0.7770422449476504,-0.1727386169953738,0.7486456050645239,0.8060932554175797,-0.04550158266374482,0.8866112734355978,0.8681671536401266,0.02466824933041145,7.370109057095325,0.08934441197954712,1.625051169408534,-0.28165465463998873,9.203625894038812,-0.016950784936916152
vienna,link+k25,3,0,20,38,70,0.8522880143657171,9.044948472881115,-0.3235322436267361,0.6336894326759192,0.5721785975164354,0.8024713903092281,-0.13662649135622112,0.7486456050645239,0.8195154614073533,-0.011535183832481088,0.8866112734355978,0.8772674701728755,0.044238495252008736,7.021754045308059,0.07064158753347938,1.625051169408534,-0.22289363512260651,9.042713839744795,-0.0345275931811615
vienna,link+k25,3,1,20,38,70,0.8522880143657171,9.011708587258909,-0.17209329996953188,0.6361242999756513,0.5721785975164354,0.7996865108351595,-0.14683771609447288,0.7486456050645239,0.8193632822011201,-0.026722668614560408,0.8866112734355978,0.8766283175066959,0.043538470903335735,7.0962981921514015,0.07739834429023618,1.625051169408534,-0.22716502858074383,9.07276663299255,-0.04030626986420105
vienna,link+k25,3,2,20,38,70,0.8522880143657171,9.006703895091006,-0.5366101429254667,0.6253347942537132,0.5721785975164354,0.7999299975651327,-0.13895483321159002,0.7486456050645239,0.8190741417092768,-0.01839846603360107,0.8866112734355978,0.8768109325541757,0.04289931823715609,7.011179427573316,0.08634648161675196,1.625051169408534,-0.256911695069177,8.684398920978948,-0.007656746605027465
vienna,link+k25,3,3,20,38,70,0.8522880143657171,8.96269538293823,0.34032120861293774,0.6435962990017045,0.5721785975164354,0.7917427562697833,-0.16360786462137816,0.7486456050645239,0.8176132213294376,-0.03790784027270511,0.8866112734355978,0.8778609690771852,0.04166666666666663,7.0062821360900545,0.07455259313367424,1.625051169408534,-0.2332954354920258,8.61306190367035,-0.018347298468650686
vienna,link+k25,3,4,20,38,70,0.8522880143657171,9.03346863685828,0.1514257524682841,0.6399744338933528,0.5721785975164354,0.7984842951059167,-0.1574141709276845,0.7486456050645239,0.8196980764548332,-0.03500121743364981,0.8866112734355978,0.8771305088872656,0.04096664231799363,7.016814363372945,0.08660518626734848,1.625051169408534,-0.2608097528280857,8.659982881062245,-0.013628045844168324
vienna,link+k25,3,5,20,38,70,0.8522880143657171,9.102232524983528,1.2078537489520147,0.6427288775261748,0.5721785975164354,0.7807097638178719,-0.18346725103481865,0.7486456050645239,0.8117695398100804,-0.06137387387387383,0.8866112734355978,0.8757152422692963,0.036233869004139274,6.9440073177294295,0.0873356464572681,1.625051169408534,-0.278778449526345,8.93219243937979,-0.03900606761051717
vienna,link+k25,3,6,20,38,70,0.8522880143657171,8.981545562653597,0.23303414474240453,0.641846238130022,0.5721785975164354,0.7933862916971025,-0.16497747747747754,0.7486456050645239,0.8168218894570246,-0.039886169953737505,0.8866112734355978,0.8780740199659118,0.042579741904066215,7.014044309384683,0.08108108108108103,1.625051169408534,-0.2501699943176723,8.884254463620326,-0.015987672156409505
vienna,link+k25,3,7,20,38,70,0.8522880143657171,8.953012506757352,-0.2139158529534896,0.6407353299245191,0.5721785975164354,0.7987125639152666,-0.1505204528853178,0.7486456050645239,0.8203676649622595,-0.028853177501826144,0.8866112734355978,0.8773892135378621,0.04426893109325547,6.961493458259108,0.08222242512783051,1.625051169408534,-0.2578209697886362,8.635644377445239,-0.024077819512664966
vienna,link+k25,3,8,20,38,70,0.8522880143657171,8.975431763899287,0.32024533286650986,0.6396396396396397,0.5721785975164354,0.7944667640613586,-0.1595751156561968,0.7486456050645239,0.818754565376187,-0.03758826393961523,0.8866112734355978,0.8775718285853421,0.03952093985877769,7.035440460636448,0.07776357438519599,1.625051169408534,-0.23249842280863064,8.805682362371137,-0.048492728498507165
vienna,link+k25,3,9,20,38,70,0.8522880143657171,9.053726618375478,0.6630698958347373,0.6406440224007791,0.5721785975164354,0.7892774531288045,-0.16832542001460926,0.7486456050645239,0.8148587776966155,-0.03853177501826144,0.8866112734355978,0.8767652787923058,0.041788410031653234,7.163014422192102,0.06631969807645477,1.625051169408534,-0.2040526939094629,9.114019563817918,-0.03693537513242806
vienna,link+k25d,3,0,20,38,70,0.8522880143657171,9.132914743838137,0.7342829471555785,0.6214390065741418,0.5721785975164354,0.7815163136109082,-0.1768778914049185,0.7486456050645239,0.8081172388604821,-0.053338811784757634,0.8866112734355978,0.8699780861943024,0.03089237886535179,7.178977640145977,0.10649500852203553,1.625051169408534,-0.3198470788088448,8.805824638653013,0.00544158720986232
vienna,link+k50,3,0,20,38,70,0.8522880143657171,8.913862772787056,-0.04306052052038619,0.65963598733869,0.5721785975164354,0.8011626491356221,-0.15637935232529832,0.7486456050645239,0.8252526174823472,-0.03489469198928652,0.8866112734355978,0.8810871682493304,0.041179693206720214,6.79362395607668,0.07665266617969324,1.625051169408534,-0.2404471835854971,8.329150039668034,-0.028941539054223253
vienna,link+k50,3,1,20,38,70,0.8522880143657171,8.980503371810713,-0.11360610042604463,0.6509769905040176,0.5721785975164354,0.7991995373752131,-0.15557280253226202,0.7486456050645239,0.8224829559289019,-0.03525992208424633,0.8866112734355978,0.8796110299488678,0.038242634526418295,6.820031419766094,0.08480947163379604,1.625051169408534,-0.2649572415503967,8.332753920385656,-0.013868824039295014
vienna,link+k50,3,2,20,38,70,0.8522880143657171,8.994080767570603,-0.47950215621136594,0.6542031896761626,0.5721785975164354,0.8072802532261991,-0.134800340881422,0.7486456050645239,0.829817993669345,-0.008019844168492773,0.8866112734355978,0.8816502313123935,0.04061663014365713,6.835310791694232,0.0633826393961529,1.625051169408534,-0.2043896770919258,8.543731590906525,-0.03327554656650289
vienna,link+k50,3,3,20,38,70,0.8522880143657171,8.957556789925588,-0.31794654179303355,0.6545532018504991,0.5721785975164354,0.8052106160214269,-0.14822254687119557,0.7486456050645239,0.8243699780861943,-0.02838142196250304,0.8866112734355978,0.8808588994399805,0.042655831507182884,6.742895761729314,0.07771792062332605,1.625051169408534,-0.24342062894866134,8.455392215188764,-0.03322739092747762
vienna,link+k50,3,4,20,38,70,0.8522880143657171,8.968135543709968,-0.45355639449037893,0.6469442415388361,0.5721785975164354,0.800736547358169,-0.14581811541271006,0.7486456050645239,0.8256939371804237,-0.01789627465303134,0.8866112734355978,0.8804023618212807,0.04192537131726326,6.88312015657718,0.07225468711955196,1.625051169408534,-0.23061314579328052,8.490146997073449,-0.028748916498121946
vienna,link+k50,3,5,20,38,70,0.8522880143657171,8.964991335481644,-0.6747207175310523,0.6453007061115169,0.5721785975164354,0.8096390309228148,-0.12979364499634777,0.7486456050645239,0.8258156805454103,-0.010104699293888464,0.8866112734355978,0.8804784514243974,0.044223277331385424,6.8343680506405216,0.06787192598003411,1.625051169408534,-0.2168639619995505,8.586079151649303,-0.027882114995665952
vienna,link+k50,3,6,20,38,70,0.8522880143657171,8.952258275883743,0.44229706051811424,0.6518139761383005,0.5721785975164354,0.7996712929145362,-0.16383613343072806,0.7486456050645239,0.8227873143413684,-0.045364621378134795,0.8866112734355978,0.878591429267105,0.039901387874360816,6.793180754907604,0.08540297053810575,1.625051169408534,-0.2589586112274471,8.40299041811668,-0.024366753346816927
vienna,link+k50,3,7,20,38,70,0.8522880143657171,8.939365985916861,-0.2942909702846331,0.6528792305819333,0.5721785975164354,0.8062149987825663,-0.14651813976138306,0.7486456050645239,0.8262113464816168,-0.023466033601168723,0.8866112734355978,0.880554541027514,0.041955807158509884,6.768469549780012,0.06873934745556365,1.625051169408534,-0.22253441758344206,8.456908577284672,-0.03202349995184439
vienna,link+k50,3,8,20,38,70,0.8522880143657171,8.987252853901586,0.34977963435023235,0.6596512052593134,0.5721785975164354,0.8010256878500122,-0.1542031896761627,0.7486456050645239,0.8232590698806915,-0.030101046992938807,0.8866112734355978,0.880554541027514,0.040677501826150486,6.801655261235863,0.07067202337472611,1.625051169408534,-0.20836103132116635,8.35599244164072,-0.03553886160069342
vienna,link+k50,3,9,20,38,70,0.8522880143657171,8.984725246969418,0.4397864390505991,0.6531227173119065,0.5721785975164354,0.797890796201607,-0.1550249573898223,0.7486456050645239,0.821554662770879,-0.03384465546627702,0.8866112734355978,0.8804327976625274,0.04022096420745069,6.844429275898745,0.06732408083759434,1.625051169408534,-0.20504827886245036,8.463395770312115,-0.040209958586150396
vienna,link+k50d,3,0,20,38,70,0.8522880143657171,9.006099519746186,0.11507510720566809,0.6369917214511809,0.5721785975164354,0.792944971999026,-0.16094472851229613,0.7486456050645239,0.8130630630630631,-0.035214268322376396,0.8866112734355978,0.8732042853664476,0.04026661796932063,7.0522942444846075,0.09448806915023134,1.625051169408534,-0.28359715049721546,8.565304175379046,-0.02027352402966387
vienna,link,4,0,20,44,57,0.8529560810810811,8.963811845411351,-0.8742268165378113,0.6408570732895057,0.5721785975164354,0.804099707815924,-0.12334124665205753,0.7486456050645239,0.8178262722181641,-0.009145970294618944,0.8866112734355978,0.873508643778914,0.04650596542488439,7.159113836249735,0.06679145361577794,1.625051169408534,-0.1947540107225385,9.36943967664586,-0.055234517962053364
vienna,link,4,0,10,44,57,0.8529560810810811,8.755189966310478,-0.4454430056496093,0.642272339907475,0.47107073289505724,0.7999299975651327,-0.13384161188215243,0.6726016557097638,0.8091368395422449,-0.022157292427562703,0.8155131482834186,0.8493121499878257,0.0406927197467738,7.829784988303841,0.08736608229851472,1.6350777908419858,-0.232767561028709,10.129604134136283,-0.0897392807413454
vienna,link_reg,4,0,20,44,57,0.8529560810810811,8.963811845411351,-0.8742268165378113,0.6405831507182859,0.5721785975164354,0.804099707815924,-0.12334124665205753,0.7486456050645239,0.8175219138056976,-0.007745921597272942,0.8866112734355978,0.8866112734355978,0.11338872656440224,8.129970530026345,0.318008887265644,1.625051169408534,-0.6705460496490276,9.14184435826291,-0.05403062698642014
vienna,link_reg,4,0,10,44,57,0.8529560810810811,8.755189966310478,-0.4454430056496093,0.5969533722912101,0.47107073289505724,0.7999299975651327,-0.13384161188215243,0.6726016557097638,0.8089542244947651,-0.02100073046018991,0.8155131482834186,0.8155131482834186,0.1844868517165814,7.974409373552474,0.28443815437058684,1.6350777908419858,-0.6314505146344727,10.461239730245069,-0.06774859557305424
vienna,link+k10,4,0,20,44,57,0.8529560810810811,9.086793773327544,1.10745175529978,0.6349829559289019,0.5721785975164354,0.7855490625760896,-0.17074506939371809,0.7486456050645239,0.8088324811297785,-0.05158875091307513,0.8866112734355978,0.8727781835889944,0.03457511565619675,7.194897759581713,0.07545045045045051,1.625051169408534,-0.2137811126418827,9.197790017355421,-0.06038717133776361
vienna,link+k10,4,1,20,44,57,0.8529560810810811,8.985608302361817,0.4025877070812341,0.6345264183102021,0.5721785975164354,0.7947406866325786,-0.1542488434380327,0.7486456050645239,0.8154370586803019,-0.03585342098855604,0.8866112734355978,0.8750456537618699,0.04082968103238371,7.234220204914307,0.0661218651083516,1.625051169408534,-0.17929504242343297,9.437923930717071,-0.06746605027448715
vienna,link+k10,4,2,20,44,57,0.8529560810810811,9.14602712611595,0.11386241344169969,0.6263391770148526,0.5721785975164354,0.7895665936206476,-0.13836133430728031,0.7486456050645239,0.8149805210616021,-0.0159788166544923,0.8866112734355978,0.8744978086194303,0.036933893352812275,7.327531709763974,0.06604577550523497,1.625051169408534,-0.16638336632875572,9.529746740435844,-0.056775498410863934
vienna,link+k10,4,3,20,44,57,0.8529560810810811,9.22829201621174,-1.6005765017085052,0.634054662770879,0.5721785975164354,0.8055606281957634,-0.11241477964450941,0.7486456050645239,0.8190437058680302,0.007989408327246261,0.8866112734355978,0.8738434380326272,0.04270148526905282,7.244123690561045,0.06616751887022157,1.625051169408534,-0.189526234287821,9.098358576653688,-0.03968024655687186
vienna,link+k10,4,4,20,44,57,0.8529560810810811,9.247676040387933,1.2551148695429644,0.6218651083515948,0.5721785975164354,0.7809228147065985,-0.16672753834916004,0.7486456050645239,0.8085433406379352,-0.0396426832237643,0.8866112734355978,0.8694758948137327,0.029294497199902625,7.338515630472553,0.06595446798149501,1.625051169408534,-0.21483570779618355,9.417757718967422,-0.03231243378599635
vienna,link+k10,4,5,20,44,57,0.8529560810810811,9.03265997711703,0.20992141303555087,0.6335829072315559,0.5721785975164354,0.7934928171414658,-0.14192232773313862,0.7486456050645239,0.8160457755052349,-0.011717798879960939,0.8866112734355978,0.8740869247626004,0.03977964450937421,7.28506296426317,0.06609142926710494,1.625051169408534,-0.1448172137069108,9.498850604632437,-0.06322835404025806
vienna,link+k10,4,6,20,44,57,0.8529560810810811,9.016203449387152,0.7684804396015839,0.6376765278792306,0.5721785975164354,0.7914383978573167,-0.16783844655466285,0.7486456050645239,0.8129565376186998,-0.0557432432432432,0.8866112734355978,0.8748478207937668,0.041271000730460194,7.119696782756426,0.08739651813976135,1.625051169408534,-0.2432372358516195,9.366197850008959,-0.06327650967928344
vienna,link+k10,4,7,20,44,57,0.8529560810810811,9.150679183081216,0.8040228339633843,0.6316502313123935,0.5721785975164354,0.7879078402727051,-0.16582968103238377,0.7486456050645239,0.8109782079376674,-0.049260409057706345,0.8866112734355978,0.8724281714146579,0.0349859995130265,7.171777494454571,0.08312028244460679,1.625051169408534,-0.2503067633090672,9.278053763228147,-0.04401425406915149
vienna,link+k10,4,8,20,44,57,0.8529560810810811,9.371868897721965,-0.1736114331770285,0.6190193571950329,0.5721785975164354,0.7824141709276844,-0.152209642074507,0.7486456050645239,0.8099586072559045,-0.031227173119064977,0.8866112734355978,0.8718803262722181,0.03385987338690044,7.257453714476504,0.07969625030435845,1.625051169408534,-0.26282827229681316,9.169816406892876,-0.02364441876143697
vienna,link+k10,4,9,20,44,57,0.8529560810810811,9.008283497274709,0.2926466091820164,0.632563306549793,0.5721785975164354,0.7918188458729,-0.16167518870221576,0.7486456050645239,0.8134130752373996,-0.048408205502800006,0.8866112734355978,0.873508643778914,0.03804480155831502,7.0729164681508845,0.09077489651813975,1.625051169408534,-0.26690279330507094,9.18046929179692,-0.03346816912260431
vienna,link+k10d,4,0,20,44,57,0.8529560810810811,9.269786796859236,1.0260903930679257,0.615199659118578,0.5721785975164354,0.7796292914536158,-0.16762539566593626,0.7486456050645239,0.8033540297053811,-0.046749452154857485,0.8866112734355978,0.8662040418797176,0.01926588750913072,7.321992653559897,0.08283114195276364,1.625051169408534,-0.27305114023452526,9.338113822544328,-0.010016372917268646
vienna,link+k25,4,0,20,44,57,0.8529560810810811,9.033083987465501,-0.3344719992397268,0.6366569271974677,0.5721785975164354,0.8050432188945702,-0.12455868030192357,0.7486456050645239,0.8198350377404432,-0.011032992451911361,0.8866112734355978,0.876308741173606,0.0440710981251522,7.012584699166332,0.06478268809349891,1.625051169408534,-0.19770066839695954,9.37242797866546,-0.050611576615621656
vienna,link+k25,4,1,20,44,57,0.8529560810810811,8.987148562225368,-0.14495628067983654,0.636854760165571,0.5721785975164354,0.8025779157535914,-0.1350894813732652,0.7486456050645239,0.818754565376187,-0.02638787436084733,0.8866112734355978,0.8755478451424398,0.04236669101533963,7.07850636512601,0.06831324567811048,1.625051169408534,-0.20093121280843862,9.414317410271705,-0.05301935856688822
vienna,link+k25,4,2,20,44,57,0.8529560810810811,8.997594619600525,-0.6814986507860926,0.6283783783783784,0.5721785975164354,0.8044192841490139,-0.12314341368395426,0.7486456050645239,0.8193024105186267,-0.015765765765765716,0.8866112734355978,0.8763696128560994,0.041879717555393214,7.001638097250396,0.07704833211589979,1.625051169408534,-0.2293952975978455,9.066358345297028,-0.03433497062506019
vienna,link+k25,4,3,20,44,57,0.8529560810810811,8.935730267013273,0.2661076892899283,0.6465485756026297,0.5721785975164354,0.7961102994886778,-0.1510530801071342,0.7486456050645239,0.817217555393231,-0.0369643291940589,0.8866112734355978,0.877100073046019,0.04041879717555397,6.991743706670469,0.06598490382274169,1.625051169408534,-0.20667129653641925,8.850282237296959,-0.03327554656650289
vienna,link+k25,4,4,20,44,57,0.8529560810810811,9.011380207634144,0.21187985497023615,0.6427440954467981,0.5721785975164354,0.8014670075480886,-0.14797906014122236,0.7486456050645239,0.8190589237886535,-0.03652300949598242,0.8866112734355978,0.8761109082055027,0.040494886778670525,7.000829548814506,0.0784788166544923,1.625051169408534,-0.23465886509533118,8.91507865844479,-0.02985649619570452
vienna,link+k25,4,5,20,44,57,0.8529560810810811,9.07106228702333,1.1704330780563186,0.6451941806671536,0.5721785975164354,0.7851990504017531,-0.17340820550280017,0.7486456050645239,0.8105673240808376,-0.06093255417579735,0.8866112734355978,0.8737521305088872,0.0333576820063306,6.931597822081995,0.08003104455807164,1.625051169408534,-0.25621412382931585,9.251179055477696,-0.051622845035153575
vienna,link+k25,4,6,20,44,57,0.8529560810810811,8.966559186755234,0.24704539297724906,0.6444028487947406,0.5721785975164354,0.7983777696615535,-0.1530466277087899,0.7486456050645239,0.8159696859021184,-0.03912527392257115,0.8866112734355978,0.8778153153153153,0.04082968103238371,6.996919131217856,0.07239164840516188,1.625051169408534,-0.22354329133134354,9.236666086173763,-0.040209958586150396
vienna,link+k25,4,7,20,44,57,0.8529560810810811,8.93422034327942,-0.10353971533867387,0.6438854394935476,0.5721785975164354,0.8015126613099586,-0.14117664962259563,0.7486456050645239,0.8189828341855369,-0.03145544192841487,0.8866112734355978,0.8763543949354761,0.04277757487216949,6.9445942195064445,0.07444606768931095,1.625051169408534,-0.2338228612375879,8.95583971110992,-0.0412693826447077
vienna,link+k25,4,8,20,44,57,0.8529560810810811,8.952219106862653,0.2594004456650315,0.6419071098125152,0.5721785975164354,0.7989712685658632,-0.14831385439493555,0.7486456050645239,0.8194698076454833,-0.03617299732164592,0.8866112734355978,0.877100073046019,0.038836133430728004,7.0095730621115875,0.06910457755052346,1.625051169408534,-0.20978147893728605,9.11752455950564,-0.06886256380622169
vienna,link+k25,4,9,20,44,57,0.8529560810810811,9.028122466586677,0.5042976154134716,0.6424093011930849,0.5721785975164354,0.795182006330655,-0.1538379595812029,0.7486456050645239,0.8160305575846116,-0.03376856586316046,0.8866112734355978,0.8757152422692963,0.04022096420745069,7.1537079844107865,0.06520878987095204,1.625051169408534,-0.17562552211411875,9.28438390833102,-0.04916690744486174
vienna,link+k25d,4,0,20,44,57,0.8529560810810811,9.1431774646175,0.6906817590882139,0.6211803019235451,0.5721785975164354,0.7834489895300706,-0.16383613343072806,0.7486456050645239,0.8068389335281227,-0.04852994886778661,0.8866112734355978,0.868791088385683,0.027818358899439954,7.166071814100131,0.093164110056002,1.625051169408534,-0.2901097049674384,9.252728763907125,-0.01772127516132138
vienna,link+k50,4,0,20,44,57,0.8529560810810811,8.89570984656091,-0.02273088771711763,0.6614317019722425,0.5721785975164354,0.8044497199902605,-0.14654857560262968,0.7486456050645239,0.8247199902605308,-0.03646213781348906,0.8866112734355978,0.8804784514243974,0.04008400292184078,6.778168732627037,0.06825237399561723,1.625051169408534,-0.21738731816793533,8.532735901045463,-0.04059520369835312
vienna,link+k50,4,1,20,44,57,0.8529560810810811,8.956820433450554,-0.10150402289637983,0.6544314584855125,0.5721785975164354,0.801253956659362,-0.14609203798392995,0.7486456050645239,0.8209611638665693,-0.03565558802045288,0.8866112734355978,0.8788653518383248,0.03682736790844898,6.802211435906617,0.077991843194546,1.625051169408534,-0.24211633516969422,8.642724488588719,-0.03144563228354036
vienna,link+k50,4,2,20,44,57,0.8529560810810811,8.974085211677062,-0.5381934244348759,0.656272826880935,0.5721785975164354,0.8109629900170441,-0.12271731190650115,0.7486456050645239,0.8300919162405649,-0.007837229121012812,0.8866112734355978,0.8806762843925006,0.03967311906501092,6.823169283921449,0.06359569028487948,1.625051169408534,-0.18190122093739913,8.756030977893447,-0.046903592410671324
vienna,link+k50,4,3,20,44,57,0.8529560810810811,8.935135674202265,-0.2347091917472972,0.657018504991478,0.5721785975164354,0.8074780861943024,-0.13904614073532995,0.7486456050645239,0.8250395665936207,-0.029537983929875722,0.8866112734355978,0.8802958363769174,0.041879717555393214,6.730807643599815,0.06811541271000732,1.625051169408534,-0.21946058254518874,8.747393153524342,-0.045362611961860755
vienna,link+k50,4,4,20,44,57,0.8529560810810811,8.948867267496837,-0.48309872807911525,0.6491508400292184,0.5721785975164354,0.806382395909423,-0.13329376673971272,0.7486456050645239,0.8251156561967373,-0.01813976138300455,0.8866112734355978,0.8796414657901145,0.04143839785731673,6.867534188209094,0.06373265157048935,1.625051169408534,-0.2049024635757597,8.815857271941086,-0.04285851873254354
vienna,link+k50,4,5,20,44,57,0.8529560810810811,8.949589888454646,-0.6879350970678582,0.647355125395666,0.5721785975164354,0.8120738982225468,-0.11847151205259321,0.7486456050645239,0.825663501339177,-0.011383004626247861,0.8866112734355978,0.8795045045045045,0.04376673971268563,6.82508732950846,0.06345872899926953,1.625051169408534,-0.19071197603158008,8.817183894354596,-0.043532697678898225
vienna,link+k50,4,6,20,44,57,0.8529560810810811,8.932099208152023,0.416684297368418,0.6535792549306063,0.5721785975164354,0.803445337229121,-0.1548271244217191,0.7486456050645239,0.8221025079133187,-0.04568419771122467,0.8866112734355978,0.8778305332359386,0.03837959581202821,6.774493491552447,0.07587655222790357,1.625051169408534,-0.23544913073575935,8.620072918754138,-0.037561398439757254
vienna,link+k50,4,7,20,44,57,0.8529560810810811,8.92098699537691,-0.32483512513285984,0.6539140491843195,0.5721785975164354,0.8095172875578281,-0.13411553445337232,0.7486456050645239,0.8251004382761139,-0.022781227173119034,0.8866112734355978,0.8797632091551011,0.0411644752860969,6.7636003926457215,0.0633217677136596,1.625051169408534,-0.1992625216449444,8.666007047734997,-0.04261774053741696
vienna,link+k50,4,8,20,44,57,0.8529560810810811,8.97289971165951,0.4094828051009405,0.6608534209885562,0.5721785975164354,0.8044649379108838,-0.14589420501582667,0.7486456050645239,0.8231068906744582,-0.03223155588020443,0.8866112734355978,0.8799306062819576,0.03977964450937421,6.795721238961125,0.06303262722181646,1.625051169408534,-0.18774756256042058,8.58115402423721,-0.04839641722045651
vienna,link+k50,4,9,20,44,57,0.8529560810810811,8.966823114844232,0.3808708161382799,0.6559075967859752,0.5721785975164354,0.8023192111029949,-0.14368760652544443,0.7486456050645239,0.822117725833942,-0.032946798149500856,0.8866112734355978,0.8798849525200877,0.039551375700024316,6.834951804748056,0.0626217433649866,1.625051169408534,-0.18013760143688828,8.776813854688106,-0.05624578638158528
vienna,link+k50d,4,0,20,44,57,0.8529560810810811,8.954765736074606,0.0807831691043245,0.63877221816411,0.5721785975164354,0.7959429023618213,-0.14991173606038477,0.7486456050645239,0.8136261261261262,-0.033738130021913726,0.8866112734355978,0.8727629656683711,0.04028183588994405,7.021495337986176,0.08213111760409064,1.625051169408534,-0.2525347002115843,9.126149878418786,-0.04473658865453145
