fold,operator,seed,draw,sites,pl_rmse_db,pl_bias_db,assoc_acc,cov_true_120,cov_acc_120,cov_err_120,cov_true_130,cov_acc_130,cov_err_130,cov_true_140,cov_acc_140,cov_err_140,sinr_mae_db,sinr_ks,se_true,se_err,edge_disp_m,handover_err
amsterdam,oracle,0,0,20,10.423022471360442,-7.490950367043313e-05,0.5528150410432855,0.7137408023092486,0.6812283346864086,-0.16109328488034957,0.840014948260976,0.8397572196234585,0.0984909988273347,0.9329647813816833,0.9333127150423319,0.06575946186260484,7.980505013858978,0.29263798146931097,1.5524030674514866,-0.722756812537014,67.32424007425006,-0.9185154639175258
amsterdam,oracle,0,0,10,10.3073481066341,0.9483334083218158,0.5746059973453951,0.6128271542892488,0.6971688509168696,-0.16620919833507297,0.7697065759461863,0.7942552286697336,0.0958235074290279,0.8709037254674553,0.8718702078581462,0.12673805749925904,8.813073446628382,0.1988376438447958,1.6765720424357382,-0.5502704870969337,96.88852294621412,-0.9421217663966553
amsterdam,coral,0,0,20,11.396151540470681,1.1820466223486408,0.554026365639618,0.7137408023092486,0.6044123142743006,-0.2793520702052809,0.840014948260976,0.827669746523885,0.11650623058981202,0.9329647813816833,0.9315988196028402,0.0639167021043543,8.361783988957853,0.3770441102563111,1.5524030674514866,-0.8769519326318579,68.20509495235765,-0.9207422680412372
amsterdam,coral,0,0,10,11.33004679143127,2.0136280293223163,0.5763843249442662,0.6128271542892488,0.6241801007718972,-0.2861303333719926,0.7697065759461863,0.7728637517557764,0.0909782090436978,0.8709037254674553,0.8708006340124483,0.12484375201350495,8.966097226057068,0.2725222613110656,1.6765720424357382,-0.7488440827214706,99.32107351074082,-0.9450396306941904
amsterdam,cost231,0,0,20,29.57261350618963,26.791228964235664,0.5540650249352457,0.7137408023092486,0.3076506746047087,-0.6791536191543924,0.840014948260976,0.2927281864924421,-0.6638703109496011,0.9329647813816833,0.5435496965245293,-0.38856458035334596,8.941379252668543,0.35999536088452466,1.5524030674514866,-0.7379953499984453,68.71178700178993,-0.9218144329896907
amsterdam,cost231,0,0,10,30.382563026391804,27.778521800718128,0.5764358706717697,0.6128271542892488,0.39459543047125684,-0.5982397134057551,0.7697065759461863,0.28878493833842345,-0.6856999265473384,0.8709037254674553,0.4219919846393732,-0.5274674295434337,11.607440680805913,0.4870169198850531,1.6765720424357382,-1.0459350595122028,100.92879269022743,-0.9461719362424876
amsterdam,gbdt,0,0,20,11.211867107160852,-0.384958093577713,0.5540650249352457,0.7137408023092486,0.6689089058130694,-0.1297277096944628,0.840014948260976,0.839164443757168,0.15550057344621848,0.9329647813816833,0.9329647813816833,0.06703521861831674,7.8870760060477005,0.31839795878919086,1.5524030674514866,-0.7826704028806969,68.71178700178993,-0.9218144329896907
amsterdam,gbdt,0,0,10,11.048848495391251,0.502382166532759,0.5764358706717697,0.6128271542892488,0.6729165861264674,-0.16734320434015026,0.7697065759461863,0.7817811626138839,0.17126067963041713,0.8709037254674553,0.8709037254674553,0.12909627453254469,8.675769003932734,0.22486823623406915,1.6765720424357382,-0.6428664070814107,100.92879269022743,-0.9461719362424876
amsterdam,gbdt+k10,0,0,20,11.391296419464606,2.1033782333974025,0.5540650249352457,0.7137408023092486,0.6128013814254971,-0.25439105166170545,0.840014948260976,0.8287908660970864,0.12123555108825923,0.9329647813816833,0.9329647813816833,0.06703521861831674,7.882554131827281,0.3149443950464556,1.5524030674514866,-0.7743436264865692,68.71178700178993,-0.9218144329896907
amsterdam,gbdt+k10,0,1,20,11.267022956698248,-0.8675166581200707,0.5540650249352457,0.7137408023092486,0.7019368307109445,0.020979111093929137,0.840014948260976,0.839692787464079,0.15925052512209892,0.9329647813816833,0.9329647813816833,0.06703521861831674,7.2991738465604215,0.19761343281658744,1.5524030674514866,-0.5532585915351902,68.71178700178993,-0.9218144329896907
amsterdam,gbdt+k10,0,2,20,11.272975316323597,1.211194656677049,0.5540650249352457,0.7137408023092486,0.6747335730209663,-0.10153219675004188,0.840014948260976,0.836741794564503,0.1483872630507339,0.9329647813816833,0.9329647813816833,0.06703521861831674,7.468768272043906,0.19232999574747744,1.5524030674514866,-0.5354878595970982,68.71178700178993,-0.9218144329896907
amsterdam,gbdt+k10,0,3,20,11.421769161386983,2.3449438246641434,0.5540650249352457,0.7137408023092486,0.6411901908480561,-0.19131196762928315,0.840014948260976,0.8308011494697233,0.12968905039883505,0.9329647813816833,0.9329647813816833,0.06703521861831674,7.583657507645433,0.22798675274803154,1.5524030674514866,-0.6077121085044432,68.71178700178993,-0.9218144329896907
amsterdam,gbdt+k10,0,4,20,11.229009219972454,0.8821362886618006,0.5540650249352457,0.7137408023092486,0.676756742825479,-0.10510173837966008,0.840014948260976,0.8347057383281143,0.14413474053169417,0.9329647813816833,0.9329647813816833,0.06703521861831674,7.4716102918074325,0.19258772438499505,1.5524030674514866,-0.5366158713477087,68.71178700178993,-0.9218144329896907
amsterdam,gbdt+k10,0,5,20,11.259011080970101,0.8553847124754932,0.5540650249352457,0.7137408023092486,0.6170023582170333,-0.2563240164430871,0.840014948260976,0.8321155655210629,0.13234365536526593,0.9329647813816833,0.9329647813816833,0.06703521861831674,8.331254778267107,0.3805878790221775,1.5524030674514866,-0.8777534673789424,68.71178700178993,-0.9218144329896907
amsterdam,gbdt+k10,0,6,20,11.241834008054914,0.4237067425058327,0.5540650249352457,0.7137408023092486,0.691331297277097,-0.040605146840891226,0.840014948260976,0.8384170307083672,0.1564283965412817,0.9329647813816833,0.9329647813816833,0.06703521861831674,7.405517005515622,0.17212407056610096,1.5524030674514866,-0.49107035732280857,68.71178700178993,-0.9218144329896907
amsterdam,gbdt+k10,0,7,20,11.230625190107274,0.740823695458642,0.5540650249352457,0.7137408023092486,0.6818855427120785,-0.07226710995992325,0.840014948260976,0.8382366206621049,0.1559129392662466,0.9329647813816833,0.9329647813816833,0.06703521861831674,7.445535628778378,0.1994175332792103,1.5524030674514866,-0.5516152266452519,68.71178700178993,-0.9218144329896907
amsterdam,gbdt+k10,0,8,20,11.18399902215234,-0.48330124545696224,0.5540650249352457,0.7137408023092486,0.6936766278785067,-0.04493498795118622,0.840014948260976,0.8385587814590019,0.1568021030656822,0.9329647813816833,0.9329647813816833,0.06703521861831674,7.560457242580438,0.23107949639824232,1.5524030674514866,-0.617471998316626,68.71178700178993,-0.9218144329896907
amsterdam,gbdt+k10,0,9,20,11.263699831536172,1.5454280958622906,0.5540650249352457,0.7137408023092486,0.6306104302779604,-0.2231285679308257,0.840014948260976,0.8301310550121777,0.12535920928854016,0.9329647813816833,0.9330549864048143,0.06658419350266098,7.896120555073389,0.29539567789074883,1.5524030674514866,-0.735820484247279,68.71178700178993,-0.9218144329896907
amsterdam,gbdt+k10d,0,0,20,11.214944800312697,0.3478234842714979,0.5540650249352457,0.7137408023092486,0.6550688779783765,-0.158825272870195,0.840014948260976,0.838545895027126,0.15408306593987198,0.9329647813816833,0.9329647813816833,0.06703521861831674,7.854682546821492,0.31799847940103865,1.5524030674514866,-0.7856520209042729,68.71178700178993,-0.9218144329896907
amsterdam,gbdt,1,0,20,11.22632338225439,-0.40798551494409796,0.5540650249352457,0.7137408023092486,0.6665893480754114,-0.12519168567415373,0.840014948260976,0.8394350588265616,0.15659592015566814,0.9329647813816833,0.9329647813816833,0.06703521861831674,7.90115760427672,0.31890052963235016,1.5524030674514866,-0.7843268264876486,68.71178700178993,-0.9218144329896907
amsterdam,gbdt,1,0,10,11.066575595184,0.4722917106101167,0.5764358706717697,0.6128271542892488,0.6703392997512919,-0.16507519232999573,0.7697065759461863,0.7811626138838417,0.1726266414092601,0.8709037254674553,0.8709037254674553,0.12909627453254469,8.683175556097597,0.22450741614154457,1.6765720424357382,-0.6447248371710617,100.92879269022743,-0.9461719362424876
amsterdam,gbdt+k10,1,0,20,11.435114090330218,2.266396993242569,0.5540650249352457,0.7137408023092486,0.608587518202085,-0.2604090153477404,0.840014948260976,0.8280434530482854,0.11785930593677918,0.9329647813816833,0.9329647813816833,0.06703521861831674,7.876519091541547,0.3116841277818585,1.5524030674514866,-0.7702087735099253,68.71178700178993,-0.9218144329896907
amsterdam,gbdt+k10,1,1,20,11.287509694415924,-0.8599494687431325,0.5540650249352457,0.7137408023092486,0.700081184520818,0.02394299042538106,0.840014948260976,0.839705673895955,0.1589799100527055,0.9329647813816833,0.9329647813816833,0.06703521861831674,7.313882890940551,0.19883764384479585,1.5524030674514866,-0.5555838418130246,68.71178700178993,-0.9218144329896907
amsterdam,gbdt+k10,1,2,20,11.290501193119278,1.2105673101123837,0.5540650249352457,0.7137408023092486,0.6727619489439569,-0.09974098271929488,0.840014948260976,0.8361490186982127,0.1485161273694927,0.9329647813816833,0.9329647813816833,0.06703521861831674,7.476062407861621,0.19395368616383812,1.5524030674514866,-0.5391158170936527,68.71178700178993,-0.9218144329896907
amsterdam,gbdt+k10,1,3,20,11.409012147105852,2.2246258778812207,0.5540650249352457,0.7137408023092486,0.639192793907295,-0.18923725209726683,0.840014948260976,0.8319093826110489,0.1339673457816265,0.9329647813816833,0.9329647813816833,0.06703521861831674,7.624762331567898,0.23512583600726789,1.5524030674514866,-0.6223085177328521,68.71178700178993,-0.9218144329896907
amsterdam,gbdt+k10,1,4,20,11.271969191052214,1.1808140768182076,0.5540650249352457,0.7137408023092486,0.6690893158593317,-0.11825878532493139,0.840014948260976,0.8338036880968028,0.14140281697400814,0.9329647813816833,0.9329647813816833,0.06703521861831674,7.48045909426228,0.1937217303900723,1.5524030674514866,-0.5378741052366327,68.71178700178993,-0.9218144329896907
amsterdam,gbdt+k10,1,5,20,11.30404205059273,1.32509232370852,0.5540650249352457,0.7137408023092486,0.6091802940683754,-0.2643264906380073,0.840014948260976,0.8312392881535032,0.12997255190010437,0.9329647813816833,0.9329647813816833,0.06703521861831674,8.217495547994377,0.36190255280215466,1.5524030674514866,-0.8502098447611652,68.71178700178993,-0.9218144329896907
amsterdam,gbdt+k10,1,6,20,11.263266120196175,0.40993045651080584,0.5540650249352457,0.7137408023092486,0.6886251465831625,-0.03715158309815603,0.840014948260976,0.8388422829602711,0.1573175603407173,0.9329647813816833,0.9329647813816833,0.06703521861831674,7.406138865658902,0.168850916869628,1.5524030674514866,-0.4840926442109188,68.71178700178993,-0.9218144329896907
amsterdam,gbdt+k10,1,7,20,11.29388165768876,1.1661655899046741,0.5540650249352457,0.7137408023092486,0.6739990464040412,-0.08260202832437735,0.840014948260976,0.8380562106158426,0.15403152021236843,0.9329647813816833,0.9329647813816833,0.06703521861831674,7.428591504671743,0.1914794912436696,1.5524030674514866,-0.5354760859233427,68.71178700178993,-0.9218144329896907
amsterdam,gbdt+k10,1,8,20,11.193315165654543,-0.4053843192732005,0.5540650249352457,0.7137408023092486,0.6890503988350666,-0.048633393899563226,0.840014948260976,0.8389324879834023,0.15825826986765634,0.9329647813816833,0.9329647813816833,0.06703521861831674,7.59648532737968,0.23561552041855138,1.5524030674514866,-0.6271155904687923,68.71178700178993,-0.9218144329896907
amsterdam,gbdt+k10,1,9,20,11.27380949125489,1.5218633486525412,0.5540650249352457,0.7137408023092486,0.6299789951160423,-0.21814151879486093,0.840014948260976,0.8312908338810067,0.1298694604450974,0.9329647813816833,0.9330549864048143,0.06658419350266098,7.886145137993112,0.29298591512995964,1.5524030674514866,-0.7299911220041236,68.71178700178993,-0.9218144329896907
amsterdam,gbdt+k10d,1,0,20,11.238882313134864,0.702780306492783,0.5540650249352457,0.7137408023092486,0.6476978389453744,-0.16640249481321123,0.840014948260976,0.8363938609038544,0.15051352431025378,0.9329647813816833,0.9329647813816833,0.06703521861831674,7.774023683226067,0.3027924897875028,1.5524030674514866,-0.7605397206410001,68.71178700178993,-0.9218144329896907
amsterdam,gbdt,2,0,20,11.221013274358173,-0.583129582033103,0.5540650249352457,0.7137408023092486,0.6693857037924769,-0.12538498215229188,0.840014948260976,0.8404659733766318,0.15726601461321377,0.9329647813816833,0.9329647813816833,0.06703521861831674,7.91032152236327,0.3195835105217717,1.5524030674514866,-0.7854536956491638,68.71178700178993,-0.9218144329896907
amsterdam,gbdt,2,0,10,11.040921652936712,0.29822224587116236,0.5764358706717697,0.6128271542892488,0.6705197097975542,-0.16659579129134933,0.7697065759461863,0.7841007203515419,0.17247200422674958,0.8709037254674553,0.8709037254674553,0.12909627453254469,8.685935640769122,0.22450741614154457,1.6765720424357382,-0.6460060983990725,100.92879269022743,-0.9461719362424876
amsterdam,gbdt+k10,2,0,20,11.400547497072138,2.1677812339123244,0.5540650249352457,0.7137408023092486,0.6129560186080076,-0.25269004265408956,0.840014948260976,0.8291130268939834,0.12081029883635519,0.9329647813816833,0.9329647813816833,0.06703521861831674,7.845902132480388,0.30490586461514674,1.5524030674514866,-0.7584720172580074,68.71178700178993,-0.9218144329896907
amsterdam,gbdt+k10,2,1,20,11.250661788164896,-0.4804419587914639,0.5540650249352457,0.7137408023092486,0.6966405072099586,0.007151969691112203,0.840014948260976,0.8400664939884795,0.15900568291645722,0.9329647813816833,0.9329647813816833,0.06703521861831674,7.300339892718662,0.19517789719204653,1.5524030674514866,-0.5469611399310534,68.71178700178993,-0.9218144329896907
amsterdam,gbdt+k10,2,2,20,11.274966628690635,1.2371496546080831,0.5540650249352457,0.7137408023092486,0.6746820272934627,-0.10743418254919401,0.840014948260976,0.8366515895413719,0.14700841484001492,0.9329647813816833,0.9329647813816833,0.06703521861831674,7.482786026095412,0.1937990489813276,1.5524030674514866,-0.5389513184191561,68.71178700178993,-0.9218144329896907
amsterdam,gbdt+k10,2,3,20,11.385802987913479,2.1960779694564305,0.5540650249352457,0.7137408023092486,0.6381103336297212,-0.1987732116854165,0.840014948260976,0.8318578368835453,0.13113233076893338,0.9329647813816833,0.9329647813816833,0.06703521861831674,7.645690731709804,0.23989381580134284,1.5524030674514866,-0.6317295524742068,68.71178700178993,-0.9218144329896907
amsterdam,gbdt+k10,2,4,20,11.236112828630601,1.014334553506312,0.5540650249352457,0.7137408023092486,0.673071223308978,-0.11974072499065735,0.840014948260976,0.8350021262612595,0.14257548227471295,0.9329647813816833,0.9329647813816833,0.06703521861831674,7.497187445093837,0.19772941070347033,1.5524030674514866,-0.5458957568503171,68.71178700178993,-0.9218144329896907
amsterdam,gbdt+k10,2,5,20,11.266611398978837,0.9481526322607338,0.5540650249352457,0.7137408023092486,0.61438641254623,-0.2619553871728458,0.840014948260976,0.8327470006829809,0.1306297599257742,0.9329647813816833,0.9329647813816833,0.06703521861831674,8.330468673212076,0.37873223283205115,1.5524030674514866,-0.874999762124079,68.71178700178993,-0.9218144329896907
amsterdam,gbdt+k10,2,6,20,11.253928955890462,0.6063205779205879,0.5540650249352457,0.7137408023092486,0.6867179546655326,-0.04880091751394966,0.840014948260976,0.8393319673715545,0.1564155101094058,0.9329647813816833,0.9329647813816833,0.06703521861831674,7.40858296998499,0.16858030180023453,1.5524030674514866,-0.48385384034723766,68.71178700178993,-0.9218144329896907
amsterdam,gbdt+k10,2,7,20,11.245754431396959,0.8513661735686423,0.5540650249352457,0.7137408023092486,0.678870117653123,-0.07443203051507075,0.840014948260976,0.8396154688728238,0.1559258256981224,0.9329647813816833,0.9329647813816833,0.06703521861831674,7.440569951798992,0.19721395342843523,1.5524030674514866,-0.5463834265332805,68.71178700178993,-0.9218144329896907
amsterdam,gbdt+k10,2,8,20,11.179350390449548,-0.5066362856618025,0.5540650249352457,0.7137408023092486,0.6913055244133451,-0.05132665816162163,0.840014948260976,0.839705673895955,0.1584644527776704,0.9329647813816833,0.9329647813816833,0.06703521861831674,7.602577095150657,0.23771600881431937,1.5524030674514866,-0.6313223866637743,68.71178700178993,-0.9218144329896907
amsterdam,gbdt+k10,2,9,20,11.196092207070265,0.9431535563276944,0.5540650249352457,0.7137408023092486,0.6440896380201286,-0.19382482184507932,0.840014948260976,0.8348990348062525,0.13966314867076457,0.9329647813816833,0.9330549864048143,0.06658419350266098,7.871997211604435,0.28868184688341647,1.5524030674514866,-0.7237866785923289,68.71178700178993,-0.9218144329896907
amsterdam,gbdt+k10d,2,0,20,11.219979943031534,0.47334297172662915,0.5540650249352457,0.7137408023092486,0.651112743392482,-0.1696885349415601,0.840014948260976,0.8395639231453202,0.1527299905929047,0.9329647813816833,0.9329647813816833,0.06703521861831674,7.840667626388243,0.3132433860388397,1.5524030674514866,-0.7791312652385888,68.71178700178993,-0.9218144329896907
amsterdam,gbdt,3,0,20,11.236804694974166,-0.5266890038359829,0.5540650249352457,0.7137408023092486,0.6709320756175823,-0.1219571912733084,0.840014948260976,0.8391257844615404,0.1559000528343707,0.9329647813816833,0.9329647813816833,0.06703521861831674,7.895967277020647,0.32228966121570596,1.5524030674514866,-0.7902388177034105,68.71178700178993,-0.9218144329896907
amsterdam,gbdt,3,0,10,11.059342363213625,0.34129170337524506,0.5764358706717697,0.6128271542892488,0.6738830685171583,-0.16325820543549696,0.7697065759461863,0.7830182600739681,0.16953389775904948,0.8709037254674553,0.8709037254674553,0.12909627453254469,8.666542988306794,0.22832179997680435,1.6765720424357382,-0.651503795402651,100.92879269022743,-0.9461719362424876
amsterdam,gbdt+k10,3,0,20,11.372451442748426,1.9120204055716434,0.5540650249352457,0.7137408023092486,0.6178142034252135,-0.24105359467017184,0.840014948260976,0.8297444620559014,0.12461179623973917,0.9329647813816833,0.9329647813816833,0.06703521861831674,7.860134653875535,0.3122897900800247,1.5524030674514866,-0.7709349197578138,68.71178700178993,-0.9218144329896907
amsterdam,gbdt+k10,3,1,20,11.306206265028438,-1.163008380805949,0.5540650249352457,0.7137408023092486,0.7029033131016353,0.034161930902952276,0.840014948260976,0.840014948260976,0.15988196028401702,0.9329647813816833,0.9329647813816833,0.06703521861831674,7.308611859983662,0.20316748495509074,1.5524030674514866,-0.5660827979096094,68.71178700178993,-0.9218144329896907
amsterdam,gbdt+k10,3,2,20,11.293786528291667,1.233573896242693,0.5540650249352457,0.7137408023092486,0.677607247329287,-0.0947925928789578,0.840014948260976,0.836754680996379,0.14958570121519055,0.9329647813816833,0.9329647813816833,0.06703521861831674,7.458277292767799,0.19163412842618005,1.5524030674514866,-0.5347101859626673,68.71178700178993,-0.9218144329896907
amsterdam,gbdt+k10,3,3,20,11.491196372971343,2.5978791763613738,0.5540650249352457,0.7137408023092486,0.635610365845801,-0.20127317946933676,0.840014948260976,0.8282367495264237,0.12318140230151675,0.9329647813816833,0.9329647813816833,0.06703521861831674,7.574683364275961,0.2279867527480316,1.5524030674514866,-0.6080592433665675,68.71178700178993,-0.9218144329896907
amsterdam,gbdt+k10,3,4,20,11.263390332382286,1.0553719642185468,0.5540650249352457,0.7137408023092486,0.6765634463473409,-0.10838777850800896,0.840014948260976,0.8346413061687349,0.14244661795595415,0.9329647813816833,0.9329647813816833,0.06703521861831674,7.4502999417411075,0.18892797773224568,1.5524030674514866,-0.5301766443233804,68.71178700178993,-0.9218144329896907
amsterdam,gbdt+k10,3,5,20,11.296645997191876,1.11479060136006,0.5540650249352457,0.7137408023092486,0.6121055141041997,-0.26513833584618757,0.840014948260976,0.8304661022409505,0.12569425651731292,0.9329647813816833,0.9329647813816833,0.06703521861831674,8.289808266780552,0.37677349518691766,1.5524030674514866,-0.8730546030804058,68.71178700178993,-0.9218144329896907
amsterdam,gbdt+k10,3,6,20,11.247120578263216,0.4624400692465118,0.5540650249352457,0.7137408023092486,0.6885349415600315,-0.04739629643947896,0.840014948260976,0.8382495070939807,0.15595159856187424,0.9329647813816833,0.9329647813816833,0.06703521861831674,7.4145855766388395,0.17811626138838416,1.5524030674514866,-0.5056797803032231,68.71178700178993,-0.9218144329896907
amsterdam,gbdt+k10,3,7,20,11.249983518357693,0.8206848099957417,0.5540650249352457,0.7137408023092486,0.6799783507944486,-0.07352998028375923,0.840014948260976,0.8380690970477185,0.15543614128683914,0.9329647813816833,0.9329647813816833,0.06703521861831674,7.4414224225829875,0.20174997744874423,1.5524030674514866,-0.5572149393664071,68.71178700178993,-0.9218144329896907
amsterdam,gbdt+k10,3,8,20,11.212650301782624,-0.738784526376999,0.5540650249352457,0.7137408023092486,0.6944498137910594,-0.03207432893906015,0.840014948260976,0.8401438125797348,0.1591087743714643,0.9329647813816833,0.9329647813816833,0.06703521861831674,7.582404418262352,0.2364789113542351,1.5524030674514866,-0.6294597880795192,68.71178700178993,-0.9218144329896907
amsterdam,gbdt+k10,3,9,20,11.246498040127708,1.2852383868696275,0.5540650249352457,0.7137408023092486,0.6372727155577892,-0.2084766948879525,0.840014948260976,0.8324506127498357,0.1315189237252098,0.9329647813816833,0.9330549864048143,0.06658419350266098,7.888024713974301,0.29718689192149583,1.5524030674514866,-0.7385018060467028,68.71178700178993,-0.9218144329896907
amsterdam,gbdt+k10d,3,0,20,11.22754672639982,0.3416547111681312,0.5540650249352457,0.7137408023092486,0.6571307070785171,-0.1562995322225229,0.840014948260976,0.8392675352121751,0.1523305112047525,0.9329647813816833,0.9329647813816833,0.06703521861831674,7.827797660969949,0.31477687143206917,1.5524030674514866,-0.7815935962161512,68.71178700178993,-0.9218144329896907
amsterdam,gbdt,4,0,20,11.213646920872376,-0.5456045155257234,0.5540650249352457,0.7137408023092486,0.6727104032164534,-0.1177562144817722,0.840014948260976,0.839164443757168,0.15619644076751593,0.9329647813816833,0.9329647813816833,0.06703521861831674,7.893272809294647,0.3184237316529427,1.5524030674514866,-0.7834260796129572,68.71178700178993,-0.9218144329896907
amsterdam,gbdt,4,0,10,11.037142479788685,0.33572450303455426,0.5764358706717697,0.6128271542892488,0.6743985257921934,-0.15939227587273358,0.7697065759461863,0.7837785595546449,0.17127356606229294,0.8709037254674553,0.8709037254674553,0.12909627453254469,8.671801741060374,0.2237857759564954,1.6765720424357382,-0.6428680294087097,100.92879269022743,-0.9461719362424876
amsterdam,gbdt+k10,4,0,20,11.344823083539302,1.8512671985819362,0.5540650249352457,0.7137408023092486,0.6154044406644245,-0.24869524877256738,0.840014948260976,0.8310717645391168,0.1255525057666783,0.9329647813816833,0.9329647813816833,0.06703521861831674,7.9138386942799235,0.31954485122614407,1.5524030674514866,-0.7827013324422204,68.71178700178993,-0.9218144329896907
amsterdam,gbdt+k10,4,1,20,11.241502598824466,-0.5277136194257406,0.5540650249352457,0.7137408023092486,0.700403345317715,0.008543704333706992,0.840014948260976,0.8394608316903133,0.1588381593020709,0.9329647813816833,0.9329647813816833,0.06703521861831674,7.3064158424356656,0.19888918957229934,1.5524030674514866,-0.5545910813702596,68.71178700178993,-0.9218144329896907
amsterdam,gbdt+k10,4,2,20,11.28898633777439,1.4271582678984658,0.5540650249352457,0.7137408023092486,0.6723109238283012,-0.11173825079573718,0.840014948260976,0.835685107150681,0.1463254339505934,0.9329647813816833,0.9329647813816833,0.06703521861831674,7.478051079880967,0.19689179263153828,1.5524030674514866,-0.5436830042809737,68.71178700178993,-0.9218144329896907
amsterdam,gbdt+k10,4,3,20,11.407416759271104,2.32148382887647,0.5540650249352457,0.7137408023092486,0.6355588201182975,-0.20078349505805337,0.840014948260976,0.8307367173103439,0.1305008956070154,0.9329647813816833,0.9329647813816833,0.06703521861831674,7.622000031956785,0.2370588007886496,1.5524030674514866,-0.62566619401124,68.71178700178993,-0.9218144329896907
amsterdam,gbdt+k10,4,4,20,11.25895614905137,1.2882359600965536,0.5540650249352457,0.7137408023092486,0.6698367289081326,-0.12740815195680477,0.840014948260976,0.8343835775312174,0.14023015167330322,0.9329647813816833,0.9329647813816833,0.06703521861831674,7.486469596626042,0.19738147704282166,1.5524030674514866,-0.5432938211800984,68.71178700178993,-0.9218144329896907
amsterdam,gbdt+k10,4,5,20,11.268128983916604,1.0976952843785641,0.5540650249352457,0.7137408023092486,0.611860671898558,-0.26499658509555296,0.840014948260976,0.8312779474491309,0.1269442404092731,0.9329647813816833,0.9329647813816833,0.06703521861831674,8.291685328899405,0.37382250228734165,1.5524030674514866,-0.8677903535571719,68.71178700178993,-0.9218144329896907
amsterdam,gbdt+k10,4,6,20,11.223314822472604,0.20380061325365373,0.5540650249352457,0.7137408023092486,0.6955838197961366,-0.02929085965387046,0.840014948260976,0.8383654849808636,0.15712426386257916,0.9329647813816833,0.9329647813816833,0.06703521861831674,7.410371717725263,0.17457249262251778,1.5524030674514866,-0.49662947114804923,68.71178700178993,-0.9218144329896907
amsterdam,gbdt+k10,4,7,20,11.234188915208192,0.7786103881103951,0.5540650249352457,0.7137408023092486,0.6847463305885233,-0.06461256942565174,0.840014948260976,0.8381593020708497,0.15588716640249478,0.9329647813816833,0.9329647813816833,0.06703521861831674,7.428220508504104,0.19501037357766005,1.5524030674514866,-0.5402214309959696,68.71178700178993,-0.9218144329896907
amsterdam,gbdt+k10,4,8,20,11.183240804034503,-0.6898833506322344,0.5540650249352457,0.7137408023092486,0.6963570057086893,-0.03619798713934108,0.840014948260976,0.8390484658702851,0.15827115629953226,0.9329647813816833,0.9329647813816833,0.06703521861831674,7.602105142177098,0.24066700171389543,1.5524030674514866,-0.6363427102813067,68.71178700178993,-0.9218144329896907
amsterdam,gbdt+k10,4,9,20,11.26170424431981,1.5789459191430018,0.5540650249352457,0.7137408023092486,0.630223837321684,-0.2208347830569194,0.840014948260976,0.8297702349196531,0.1271890826149148,0.9329647813816833,0.9330549864048143,0.06658419350266098,7.859216565299369,0.2872256800814422,1.5524030674514866,-0.7199143210710534,68.71178700178993,-0.9218144329896907
amsterdam,gbdt+k10d,4,0,20,11.201878598142606,0.14267382880215645,0.5540650249352457,0.7137408023092486,0.6574786407391657,-0.15159598458782753,0.840014948260976,0.838223734230229,0.15376090514297502,0.9329647813816833,0.9329647813816833,0.06703521861831674,7.8332140019764,0.3144933699307999,1.5524030674514866,-0.780658122029004,68.71178700178993,-0.9218144329896907
amsterdam,gbdt_iw,0,0,20,11.298769867295514,-0.8784292955615475,0.5540650249352457,0.7137408023092486,0.677401064419273,-0.09685442197909822,0.840014948260976,0.8385845543227536,0.15708560456695142,0.9329647813816833,0.9329647813816833,0.06703521861831674,7.877295510079935,0.3144675970670481,1.5524030674514866,-0.7759583833302921,68.71178700178993,-0.9218144329896907
amsterdam,gbdt_iw,0,0,10,11.087411789438569,0.021585039382442658,0.5764358706717697,0.6128271542892488,0.6771948815092589,-0.14275589232097524,0.7697065759461863,0.7831471243927269,0.18038427339853869,0.8709037254674553,0.8709037254674553,0.12909627453254469,8.67738176022777,0.2226131106557906,1.6765720424357382,-0.6357155716944849,100.92879269022743,-0.9461719362424876
amsterdam,gbdt_iw,1,0,20,11.27170706583695,-0.7668465346035536,0.5540650249352457,0.7137408023092486,0.6751201659772426,-0.09240860298192033,0.840014948260976,0.8378500277058285,0.15684076236130984,0.9329647813816833,0.9329647813816833,0.06703521861831674,7.874308909916439,0.3138619347688819,1.5524030674514866,-0.770816468269552,68.71178700178993,-0.9218144329896907
amsterdam,gbdt_iw,1,0,10,11.079649318718094,0.1272779068461686,0.5764358706717697,0.6128271542892488,0.6735093619927578,-0.14254970941096118,0.7697065759461863,0.7848481334003428,0.17948222316722717,0.8709037254674553,0.8709037254674553,0.12909627453254469,8.6684434576479,0.22180126544761014,1.6765720424357382,-0.631285314790057,100.92879269022743,-0.9461719362424876
amsterdam,gbdt_iw,2,0,20,11.247694008222304,-0.6755454171991704,0.5540650249352457,0.7137408023092486,0.6750299609541114,-0.09590082602028327,0.840014948260976,0.8387134186415124,0.15791033620700767,0.9329647813816833,0.9329647813816833,0.06703521861831674,7.851017848630831,0.3127408151956804,1.5524030674514866,-0.7695340986172713,68.71178700178993,-0.9218144329896907
amsterdam,gbdt_iw,2,0,10,11.066517486339185,0.22035068281580228,0.5764358706717697,0.6128271542892488,0.6716408293707555,-0.151325369518434,0.7697065759461863,0.783662581667762,0.1812863236298501,0.8709037254674553,0.8709037254674553,0.12909627453254469,8.655222589999024,0.2225229056326593,1.6765720424357382,-0.6293332727480414,100.92879269022743,-0.9461719362424876
amsterdam,gbdt_iw,3,0,20,11.313305045209725,-0.8962988082308262,0.5540650249352457,0.7137408023092486,0.6736897720390201,-0.09244726227754796,0.840014948260976,0.8386618729140088,0.15638973724565408,0.9329647813816833,0.9329647813816833,0.06703521861831674,7.865134699048922,0.3131145217200809,1.5524030674514866,-0.774117851204537,68.71178700178993,-0.9218144329896907
amsterdam,gbdt_iw,3,0,10,11.107468376169171,-0.001436086486663471,0.5764358706717697,0.6128271542892488,0.6711253720957204,-0.14694398268063552,0.7697065759461863,0.78260589425394,0.17546165642195333,0.8709037254674553,0.8709037254674553,0.12909627453254469,8.660963386535487,0.2244043246865376,1.6765720424357382,-0.6345803940963208,100.92879269022743,-0.9461719362424876
amsterdam,gbdt_iw,4,0,20,11.27543039785551,-0.6613422320785998,0.5540650249352457,0.7137408023092486,0.67390884138091,-0.08727980309532102,0.840014948260976,0.8395510367134444,0.15758817541011072,0.9329647813816833,0.9329647813816833,0.06703521861831674,7.857026084026874,0.3106403267999124,1.5524030674514866,-0.7707618565739973,68.71178700178993,-0.9218144329896907
amsterdam,gbdt_iw,4,0,10,11.106174905095745,0.2242608935510839,0.5764358706717697,0.6128271542892488,0.6710995992319687,-0.1441089676679424,0.7697065759461863,0.7822064148657878,0.18132498292547772,0.8709037254674553,0.8709037254674553,0.12909627453254469,8.655927900650983,0.2204739629643948,1.6765720424357382,-0.6304286341890313,100.92879269022743,-0.9461719362424876
amsterdam,gp_ard,0,0,20,11.229062923886367,-0.7183588857196045,0.5540650249352457,0.7137408023092486,0.677078903622376,-0.12418654398783524,0.840014948260976,0.8393061945078027,0.15193103181660028,0.9329647813816833,0.9329647813816833,0.06703521861831674,7.9278031389104555,0.31838507235731506,1.5524030674514866,-0.7804588445192904,68.71178700178993,-0.9218144329896907
amsterdam,gp_ard,0,0,10,11.034237764688108,0.16752482695127996,0.5764358706717697,0.6128271542892488,0.6816278140745609,-0.15798765479826288,0.7697065759461863,0.7837270138271414,0.15882527287019488,0.8709037254674553,0.8709037254674553,0.12909627453254469,8.71756654355556,0.22459762116467574,1.6765720424357382,-0.637781995658147,100.92879269022743,-0.9461719362424876
amsterdam,kernel,0,0,20,11.263895383765945,-0.1044607795895372,0.5540650249352457,0.7137408023092486,0.638342289403487,-0.19671138258527598,0.840014948260976,0.833365549413023,0.13941830646512288,0.9329647813816833,0.9329647813816833,0.06703521861831674,8.24488172405909,0.35008569477197465,1.5524030674514866,-0.826816387308189,68.71178700178993,-0.9218144329896907
amsterdam,kernel,0,0,10,11.100733357949757,0.7737482754396628,0.5764358706717697,0.6128271542892488,0.6521694308063041,-0.21530650378216776,0.7697065759461863,0.776703908454788,0.1348436231491862,0.8709037254674553,0.8709037254674553,0.12909627453254469,8.95000286146895,0.24979059548201699,1.6765720424357382,-0.6878870901904843,100.92879269022743,-0.9461719362424876
amsterdam,knn,0,0,20,11.240201068650562,-0.073051714523009,0.5540650249352457,0.7137408023092486,0.6368474633058853,-0.19617015244648917,0.840014948260976,0.8348088297831213,0.14269146016159584,0.9329647813816833,0.9329647813816833,0.06703521861831674,8.152079254681777,0.35065269777451324,1.5524030674514866,-0.827778245285709,68.71178700178993,-0.9218144329896907
amsterdam,knn,0,0,10,11.091594876314582,0.8124504460330663,0.5764358706717697,0.6128271542892488,0.6519374750325383,-0.21744565147356348,0.7697065759461863,0.7766137034316568,0.1384389376425561,0.8709037254674553,0.8709037254674553,0.12909627453254469,8.871991704970004,0.24970039045888592,1.6765720424357382,-0.6929813956833442,100.92879269022743,-0.9461719362424876
amsterdam,median,0,0,20,12.266981184230866,2.205456505795651,0.5540650249352457,0.7137408023092486,0.5383693509104264,-0.19970103478047962,0.840014948260976,0.840014948260976,0.159985051739024,0.9329647813816833,0.9329647813816833,0.06703521861831674,7.931680995258602,0.3520315459852321,1.5524030674514866,-0.8369406513092671,68.71178700178993,-0.9218144329896907
amsterdam,median,0,0,10,12.27917316642976,2.978222038208791,0.5764358706717697,0.6128271542892488,0.5245035502119818,-0.2956276336645146,0.7697065759461863,0.7743585778533781,0.21515186659965713,0.8709037254674553,0.8709037254674553,0.12909627453254469,8.610527282203625,0.26976456488962763,1.6765720424357382,-0.7325016165537553,100.92879269022743,-0.9461719362424876
amsterdam,mlp,0,0,20,11.213884491783343,-0.6344828360989268,0.5540650249352457,0.7137408023092486,0.6733547248102473,-0.13809100398190755,0.840014948260976,0.8376309583639386,0.1513124830865582,0.9329647813816833,0.9329647813816833,0.06703521861831674,7.995472721718739,0.3272767103516707,1.5524030674514866,-0.7934552558820178,68.71178700178993,-0.9218144329896907
amsterdam,mlp,0,0,10,11.009565953039015,0.21493046034064472,0.5764358706717697,0.6128271542892488,0.6808288552982564,-0.16017834821716215,0.7697065759461863,0.7813945696576075,0.15492068401180392,0.8709037254674553,0.8709037254674553,0.12909627453254469,8.774650537771274,0.2300356954162962,1.6765720424357382,-0.6492849420125968,100.92879269022743,-0.9461719362424876
amsterdam,mlp,1,0,20,11.19470118999047,-0.08870342625116245,0.5540650249352457,0.7137408023092486,0.6517699514181519,-0.18539709539825522,0.840014948260976,0.8357366528781845,0.1457068852205513,0.9329647813816833,0.9329647813816833,0.06703521861831674,8.094338902128756,0.34168374118890216,1.5524030674514866,-0.8171750474732424,68.71178700178993,-0.9218144329896907
amsterdam,mlp,1,0,10,11.030880722068284,0.761987127835994,0.5764358706717697,0.6128271542892488,0.6645532918390227,-0.20202059251813764,0.7697065759461863,0.7801703586293991,0.13735647736498235,0.8709037254674553,0.8709037254674553,0.12909627453254469,8.82978642488361,0.24258708006340124,1.6765720424357382,-0.6778001348191316,100.92879269022743,-0.9461719362424876
amsterdam,mlp,2,0,20,11.21847682487213,-0.6718004792582529,0.5540650249352457,0.7137408023092486,0.6675944897617299,-0.15367070011984385,0.840014948260976,0.8359557222200745,0.14971456553394935,0.9329647813816833,0.9329647813816833,0.06703521861831674,8.078379854563925,0.33611680261852295,1.5524030674514866,-0.8065958370293503,68.71178700178993,-0.9218144329896907
amsterdam,mlp,2,0,10,11.005989742411773,0.17763199225188678,0.5764358706717697,0.6128271542892488,0.6790376412675094,-0.16952101132717362,0.7697065759461863,0.7792811948299635,0.15149289313282044,0.8709037254674553,0.8709037254674553,0.12909627453254469,8.834456460607546,0.23686550431051145,1.6765720424357382,-0.663145565528183,100.92879269022743,-0.9461719362424876
amsterdam,mlp,3,0,20,11.1901481675735,0.029353890082632398,0.5540650249352457,0.7137408023092486,0.6517957242819036,-0.1861445084470561,0.840014948260976,0.8347186247599903,0.14015283308204796,0.9329647813816833,0.9329647813816833,0.06703521861831674,7.969669017749973,0.31890052963235016,1.5524030674514866,-0.7812931226584094,68.71178700178993,-0.9218144329896907
amsterdam,mlp,3,0,10,11.044232126947513,0.9191853723740205,0.5764358706717697,0.6128271542892488,0.6641538124508705,-0.20110565585495033,0.7697065759461863,0.779551809899357,0.12493395703663612,0.8709037254674553,0.8709037254674553,0.12909627453254469,8.766901394554257,0.2249455548253244,1.6765720424357382,-0.6368562298073019,100.92879269022743,-0.9461719362424876
amsterdam,mlp,4,0,20,11.181368661741447,-0.4109799793499355,0.5540650249352457,0.7137408023092486,0.6585353281529878,-0.16592569683380376,0.840014948260976,0.8394221723946856,0.15493357044367984,0.9329647813816833,0.9329647813816833,0.06703521861831674,8.11787205754826,0.3434234094921457,1.5524030674514866,-0.8190820238745904,68.71178700178993,-0.9218144329896907
amsterdam,mlp,4,0,10,11.008700266312797,0.45930726647335235,0.5764358706717697,0.6128271542892488,0.6676202626254816,-0.19318050025128541,0.7697065759461863,0.783237329415858,0.16147987783662576,0.8709037254674553,0.8709037254674553,0.12909627453254469,8.834258549366256,0.24370819963660262,1.6765720424357382,-0.6788694788853649,100.92879269022743,-0.9461719362424876
amsterdam,ridge,0,0,20,11.215152708557342,-0.49497006634583673,0.5540650249352457,0.7137408023092486,0.6681228334686409,-0.13667349647556093,0.840014948260976,0.8378371412739527,0.15007538562647393,0.9329647813816833,0.9329647813816833,0.06703521861831674,7.972329271661809,0.32399067022332184,1.5524030674514866,-0.7885841652786777,68.71178700178993,-0.9218144329896907
amsterdam,ridge,0,0,10,11.037880034408492,0.3618313062398966,0.5764358706717697,0.6128271542892488,0.6726846303527017,-0.16391541346116673,0.7697065759461863,0.7819229133645185,0.1614025592453705,0.8709037254674553,0.8709037254674553,0.12909627453254469,8.753102102752937,0.22879859795621194,1.6765720424357382,-0.6462910965005579,100.92879269022743,-0.9461719362424876
amsterdam,ridge+k10,0,0,20,11.275497667436992,1.2505043870699568,0.5540650249352457,0.7137408023092486,0.6262290434401618,-0.23477790234661927,0.840014948260976,0.8312006288578755,0.1210680274738728,0.9329647813816833,0.9329647813816833,0.06703521861831674,8.02542479012001,0.3334879705158439,1.5524030674514866,-0.8027595397260554,68.71178700178993,-0.9218144329896907
amsterdam,ridge+k10,0,1,20,11.218005739806411,0.03424153272784937,0.5540650249352457,0.7137408023092486,0.6867823868249121,-0.04097885336529172,0.840014948260976,0.8393448538034304,0.15532016339995625,0.9329647813816833,0.9329647813816833,0.06703521861831674,7.3849740094413185,0.21028079535057542,1.5524030674514866,-0.577593491254007,68.71178700178993,-0.9218144329896907
amsterdam,ridge+k10,0,2,20,11.258750495605646,0.9698597168156873,0.5540650249352457,0.7137408023092486,0.6798623729075656,-0.09127459697684315,0.840014948260976,0.835362946353784,0.14383835259854905,0.9329647813816833,0.9329647813816833,0.06703521861831674,7.509044910793014,0.19113155758302086,1.5524030674514866,-0.5288726330636271,68.71178700178993,-0.9218144329896907
amsterdam,ridge+k10,0,3,20,11.659829762628593,3.3046162604616445,0.5540650249352457,0.7137408023092486,0.6180332727671035,-0.2427674901096636,0.840014948260976,0.8229661988891895,0.09919975258050795,0.9329647813816833,0.9329647813816833,0.06703521861831674,7.668690905376955,0.23510006314351622,1.5524030674514866,-0.6180733682255081,68.71178700178993,-0.9218144329896907
amsterdam,ridge+k10,0,4,20,11.250015382248709,1.0864409810079818,0.5540650249352457,0.7137408023092486,0.6675042847385987,-0.13236942822901776,0.840014948260976,0.8318578368835453,0.13136428654269916,0.9329647813816833,0.9329647813816833,0.06703521861831674,7.571993466639495,0.206737026584709,1.5524030674514866,-0.5606028181482068,68.71178700178993,-0.9218144329896907
amsterdam,ridge+k10,0,5,20,11.25366032000545,0.8332233817731288,0.5540650249352457,0.7137408023092486,0.6207394234610378,-0.24908184172884373,0.840014948260976,0.8310588781072409,0.12368397314467594,0.9329647813816833,0.9329647813816833,0.06703521861831674,8.318331288146917,0.37267560985038856,1.5524030674514866,-0.8609050347194225,68.71178700178993,-0.9218144329896907
amsterdam,ridge+k10,0,6,20,11.246536882953253,0.5321018009891364,0.5540650249352457,0.7137408023092486,0.6874911405780854,-0.05449672040308762,0.840014948260976,0.8383397121171119,0.15253669411476656,0.9329647813816833,0.9329647813816833,0.06703521861831674,7.469908182642566,0.17604154585636783,1.5524030674514866,-0.4969999586887315,68.71178700178993,-0.9218144329896907
amsterdam,ridge+k10,0,7,20,11.233042477092075,0.7932254318270618,0.5540650249352457,0.7137408023092486,0.6785221839924743,-0.08073349570237498,0.840014948260976,0.8379917784564632,0.15211144186286263,0.9329647813816833,0.9329647813816833,0.06703521861831674,7.491324976220033,0.20387623870826405,1.5524030674514866,-0.5578058982917178,68.71178700178993,-0.9218144329896907
amsterdam,ridge+k10,0,8,20,11.276936078139766,-1.5196271166803355,0.5540650249352457,0.7137408023092486,0.7027100166234971,0.009355549541887331,0.840014948260976,0.8399891753972243,0.158825272870195,0.9329647813816833,0.9329647813816833,0.06703521861831674,7.584252755806156,0.22582183219288415,1.5524030674514866,-0.603321445402796,68.71178700178993,-0.9218144329896907
amsterdam,ridge+k10,0,9,20,11.231969211571368,1.1943361313988774,0.5540650249352457,0.7137408023092486,0.6353010914807798,-0.21521629875903664,0.840014948260976,0.8302985786265641,0.12008865865130602,0.9329647813816833,0.9330549864048143,0.06658419350266098,7.975412581818711,0.30164559735054963,1.5524030674514866,-0.7418899105851586,68.71178700178993,-0.9218144329896907
amsterdam,ridge+k10d,0,0,20,11.197555379413345,0.38514101325775807,0.5540650249352457,0.7137408023092486,0.6603007693199829,-0.14910890323578307,0.840014948260976,0.836535611654489,0.1463254339505934,0.9329647813816833,0.9329647813816833,0.06703521861831674,7.7667551282604474,0.29145242973673013,1.5524030674514866,-0.7380535617232837,68.71178700178993,-0.9218144329896907
amsterdam,uma_los,0,0,20,21.149962610195335,-17.369704339974852,0.5540650249352457,0.7137408023092486,0.7137408023092486,0.28625919769075137,0.840014948260976,0.840014948260976,0.159985051739024,0.9329647813816833,0.9329647813816833,0.06703521861831674,7.937519649855586,0.3535650313784616,1.5524030674514866,-0.8400003544337201,68.71178700178993,-0.9218144329896907
amsterdam,uma_los,0,0,10,20.431876236638782,-16.599488435064615,0.5764358706717697,0.6128271542892488,0.6128271542892488,0.38717284571075117,0.7697065759461863,0.7697065759461863,0.2302934240538137,0.8709037254674553,0.8709037254674553,0.12909627453254469,8.586607047202568,0.26775428151699077,1.6765720424357382,-0.7270699837155277,100.92879269022743,-0.9461719362424876
amsterdam,uma_nlos,0,0,20,22.96388507281743,18.86278292145502,0.5540650249352457,0.7137408023092486,0.4076493859615211,-0.4871715570675636,0.840014948260976,0.558253115294906,-0.2710789809409673,0.9329647813816833,0.8957487661241479,0.02203579850775117,7.475281669620779,0.07264081648432369,1.5524030674514866,-0.13918401074943598,68.71178700178993,-0.9218144329896907
amsterdam,uma_nlos,0,0,10,23.734931511886717,19.96344769513743,0.5764358706717697,0.6128271542892488,0.43829332096235873,-0.49954253166840634,0.7697065759461863,0.47767425677504155,-0.4046726201981934,0.8709037254674553,0.7852089534928673,-0.037422198167549436,9.097086272176846,0.11590056829164574,1.6765720424357382,-0.243211277486737,100.92879269022743,-0.9461719362424876
barcelona,oracle,0,0,20,10.603952841843528,-0.0002138583951554898,0.5855223857735843,0.6712362338597271,0.6901527103404965,-0.13799071790708717,0.8002971495090906,0.8021045537396418,0.09802870402989883,0.9099208111875259,0.9100739810375725,0.08974221514237135,9.018335433929048,0.320645764087797,1.5963179649831454,-0.7975688592880179,64.02253951174949,-0.9054425200381144
barcelona,oracle,0,0,10,10.392540149261652,1.1083106346047937,0.547092070396863,0.5497265918176666,0.7055922312252056,-0.16455036990518784,0.70049167521865,0.7618974681023787,0.09115137776280113,0.8130868319879915,0.8154150137087016,0.18326772558089666,9.277556322737057,0.22607869866895403,1.5212854757403993,-0.5554575195446277,90.31091232751744,-0.9425934378011055
barcelona,coral,0,0,20,11.608408807906772,1.9366625080006485,0.5892290961447149,0.6712362338597271,0.6551074486498077,-0.15679997549282398,0.8002971495090906,0.7756521206365738,0.13627521558656397,0.9099208111875259,0.9099208111875259,0.09007918881247412,8.533055849169678,0.3034141559575413,1.5963179649831454,-0.8006533916936074,70.61669006969466,-0.9165405526596043
barcelona,coral,0,0,10,11.580948017634373,3.068225646016611,0.5499410296077321,0.5497265918176666,0.6684944935438908,-0.21852742506165085,0.70049167521865,0.7215065786450595,0.09805933799990807,0.8130868319879915,0.8130868319879915,0.18691316801200852,9.029034174921856,0.2390062340128969,1.5212854757403993,-0.600865348723177,116.03100252108177,-0.9525330899132816
barcelona,cost231,0,0,20,32.3244038292128,29.38047249790372,0.5892290961447149,0.6712362338597271,0.3414155957541318,-0.6453811631718412,0.8002971495090906,0.3142432643558442,-0.6251014750256559,0.9099208111875259,0.5142218205768376,-0.385635731462619,9.526038739465415,0.3427788074195476,1.5963179649831454,-0.7837236067168887,70.61669006969466,-0.9165405526596043
barcelona,cost231,0,0,10,33.66910647594944,31.018272974674176,0.5499410296077321,0.5497265918176666,0.45480723574371623,-0.5431402882656577,0.70049167521865,0.3529646024476542,-0.6216704703846095,0.8130868319879915,0.4111078775253879,-0.5105610611607212,12.477441216431133,0.46886822797800487,1.5212854757403993,-0.9841726992426572,116.03100252108177,-0.9525330899132816
barcelona,gbdt,0,0,20,11.653555581350656,1.6309969497338934,0.5892290961447149,0.6712362338597271,0.6560877356901068,-0.11443319496990212,0.8002971495090906,0.7820239863985173,0.1660820684056551,0.9099208111875259,0.9099208111875259,0.09007918881247412,8.360086341198546,0.2981757470859436,1.5963179649831454,-0.8180661569225148,70.61669006969466,-0.9165405526596043
barcelona,gbdt,0,0,10,11.59730626307876,2.748376744369161,0.5499410296077321,0.5497265918176666,0.6668708931333956,-0.1993505598358019,0.70049167521865,0.7200667820546204,0.15243463476649255,0.8130868319879915,0.8130868319879915,0.18691316801200852,8.916534058565254,0.23678527118721954,1.5212854757403993,-0.6179946720395687,116.03100252108177,-0.9525330899132816
barcelona,gbdt+k10,0,0,20,11.52679935225913,0.48511032629246303,0.5892290961447149,0.6712362338597271,0.6685404444989048,-0.043959746963407764,0.8002971495090906,0.790019452570956,0.1837578691010462,0.9099208111875259,0.9099208111875259,0.09007918881247412,8.269743611771457,0.26973210593226826,1.5963179649831454,-0.7560473160639417,70.61669006969466,-0.9165405526596043
barcelona,gbdt+k10,0,1,20,11.80600913410092,2.5170759586378306,0.5892290961447149,0.6712362338597271,0.6468669107172944,-0.15162283456124503,0.8002971495090906,0.773783448466004,0.14546540658936702,0.9099208111875259,0.9099208111875259,0.09007918881247412,8.357605472515749,0.2956943955151868,1.5963179649831454,-0.8103476198498152,70.61669006969466,-0.9165405526596043
barcelona,gbdt+k10,0,2,20,11.502182290967328,0.3133803082553797,0.5892290961447149,0.6712362338597271,0.6731202230153017,-0.019559789850965736,0.8002971495090906,0.7878750746703019,0.17882579992954195,0.9099208111875259,0.9099208111875259,0.09007918881247412,8.035789666282188,0.219124787476833,1.5963179649831454,-0.651396500036632,70.61669006969466,-0.9165405526596043
barcelona,gbdt+k10,0,3,20,11.505078583905428,0.7373733056916862,0.5884938808644906,0.6712362338597271,0.6583086985157841,-0.14440853462404468,0.8002971495090906,0.786006402499732,0.17113667345719674,0.9099208111875259,0.9099208111875259,0.09007918881247412,8.88978821803563,0.3703493804279566,1.5963179649831454,-0.9340002177291525,69.28844804735371,-0.9150271845748557
barcelona,gbdt+k10,0,4,20,11.53531497640758,0.7697860666946842,0.5892290961447149,0.6712362338597271,0.6686936143489516,-0.048217868794706464,0.8002971495090906,0.7866343988849235,0.17776892796421961,0.9099208111875259,0.9099208111875259,0.09007918881247412,8.186783136046666,0.255701747667989,1.5963179649831454,-0.7315009417514747,70.61669006969466,-0.9165405526596043
barcelona,gbdt+k10,0,5,20,11.679559533602205,1.9055149184748044,0.5892290961447149,0.6712362338597271,0.6360684362890009,-0.22289276578798234,0.8002971495090906,0.770750685435079,0.13367132813576976,0.9099208111875259,0.9099208111875259,0.09007918881247412,9.022703670696298,0.397062202276104,1.5963179649831454,-0.9763818685464796,70.61669006969466,-0.9165405526596043
barcelona,gbdt+k10,0,6,20,11.863768854920966,2.5837077346148702,0.5884019789544626,0.6712362338597271,0.6091564936357927,-0.3051296582780646,0.8002971495090906,0.760626158346991,0.09490403908894574,0.9099208111875259,0.9099208111875259,0.09007918881247412,9.551818925885453,0.4567065418842955,1.5963179649831454,-1.0676639984528216,70.5049104902189,-0.9151953365842722
barcelona,gbdt+k10,0,7,20,11.538624837996323,0.27407228563649005,0.5892290961447149,0.6712362338597271,0.6737788533705026,-0.005697918421737946,0.8002971495090906,0.7920259776065679,0.18653024338689173,0.9099208111875259,0.9099208111875259,0.09007918881247412,8.097600935699964,0.2339056780063412,1.5963179649831454,-0.6767952759997935,70.61669006969466,-0.9165405526596043
barcelona,gbdt+k10,0,8,20,11.62945136168666,1.7163064347880335,0.5892290961447149,0.6712362338597271,0.6562255885551488,-0.12814189654908326,0.8002971495090906,0.7818095486084519,0.16139507099422556,0.9099208111875259,0.9099208111875259,0.09007918881247412,8.452152122871194,0.302265382082191,1.5963179649831454,-0.8173248123735115,70.61669006969466,-0.9165405526596043
barcelona,gbdt+k10,0,9,20,11.996440110265608,3.5805546460542934,0.5892290961447149,0.6712362338597271,0.6332501110481413,-0.22451636619847753,0.8002971495090906,0.7568122290808277,0.08579043301116618,0.9099208111875259,0.9099208111875259,0.09007918881247412,8.542671418293152,0.3030005973624152,1.5963179649831454,-0.8143242596364176,70.61669006969466,-0.9165405526596043
barcelona,gbdt+k10d,0,0,20,12.180419442527267,4.052884182001427,0.5892290961447149,0.6712362338597271,0.6083600104155498,-0.29281480233430857,0.8002971495090906,0.746396679277651,0.05809732412271973,0.9099208111875259,0.9099208111875259,0.09007918881247412,8.820637768590625,0.3592445662995696,1.5963179649831454,-0.9164350711754037,70.61669006969466,-0.9165405526596043
barcelona,gbdt,1,0,20,11.632337364298898,1.5973442251961736,0.5892290961447149,0.6712362338597271,0.6568842189103496,-0.1223367592323128,0.8002971495090906,0.779894925482868,0.15770367760809967,0.9099208111875259,0.9099208111875259,0.09007918881247412,8.329295188639177,0.29566376154517743,1.5963179649831454,-0.8172871457239663,70.61669006969466,-0.9165405526596043
barcelona,gbdt,1,0,10,11.565909605614591,2.719464934348147,0.5499410296077321,0.5497265918176666,0.6675295234885965,-0.20353209674207728,0.70049167521865,0.7204956576347512,0.13837364253220397,0.8130868319879915,0.8130868319879915,0.18691316801200852,8.903696798711968,0.23555991238684582,1.5212854757403993,-0.6179989341110566,116.03100252108177,-0.9525330899132816
barcelona,gbdt+k10,1,0,20,11.495062152882197,0.024416987399497794,0.5892290961447149,0.6712362338597271,0.6712209168747224,-0.042749705148038664,0.8002971495090906,0.7922863663516473,0.18672936419195252,0.9099208111875259,0.9099208111875259,0.09007918881247412,8.277353051448983,0.27478671098380997,1.5963179649831454,-0.7707288491983177,70.61669006969466,-0.9165405526596043
barcelona,gbdt+k10,1,1,20,11.725788054817144,2.2128681482409314,0.5892290961447149,0.6712362338597271,0.6500834775682754,-0.14950909063060025,0.8002971495090906,0.7749322223413543,0.14532755372432493,0.9099208111875259,0.9099208111875259,0.09007918881247412,8.354272032774311,0.29806852819091084,1.5963179649831454,-0.8193753163133246,70.61669006969466,-0.9165405526596043
barcelona,gbdt+k10,1,2,20,11.484815614317226,-0.007573761652636034,0.5892290961447149,0.6712362338597271,0.6725534945701288,-0.022240262226783325,0.8002971495090906,0.7888247277405915,0.1798673549098596,0.9099208111875259,0.9099208111875259,0.09007918881247412,8.017535557273542,0.21963024798198727,1.5963179649831454,-0.6570013695339845,70.61669006969466,-0.9165405526596043
barcelona,gbdt+k10,1,3,20,11.492421290611373,0.6750498880858318,0.5884938808644906,0.6712362338597271,0.6589979628409944,-0.15312389909170288,0.8002971495090906,0.7843062171642134,0.16364666778991233,0.9099208111875259,0.9099208111875259,0.09007918881247412,8.877695910478742,0.3698439199228024,1.5963179649831454,-0.9379260595673983,69.28844804735371,-0.9150271845748557
barcelona,gbdt+k10,1,4,20,11.498117497102665,0.3536335827550659,0.5892290961447149,0.6712362338597271,0.6707307733545729,-0.04434267158852456,0.8002971495090906,0.7890391655306569,0.18029623048999044,0.9099208111875259,0.9099208111875259,0.09007918881247412,8.172321864806968,0.2562837930981665,1.5963179649831454,-0.7371785212861388,70.61669006969466,-0.9165405526596043
barcelona,gbdt+k10,1,5,20,11.637570752170982,1.6524112972219382,0.5892290961447149,0.6712362338597271,0.6405716298803743,-0.21786879470645,0.8002971495090906,0.7724049198155835,0.1341614716559193,0.9099208111875259,0.9099208111875259,0.09007918881247412,8.999857559164232,0.3946114846753565,1.5963179649831454,-0.9772474193396647,70.61669006969466,-0.9165405526596043
barcelona,gbdt+k10,1,6,20,11.817455937282306,2.32039206519456,0.5884019789544626,0.6712362338597271,0.6117910150565963,-0.30332225404751334,0.8002971495090906,0.7610856678971312,0.09254522339822635,0.9099208111875259,0.9099208111875259,0.09007918881247412,9.6153940927944,0.46490112886179485,1.5963179649831454,-1.0811875094938346,70.5049104902189,-0.9151953365842722
barcelona,gbdt+k10,1,7,20,11.510126015867367,0.11212328102330228,0.5892290961447149,0.6712362338597271,0.672124618989998,-0.015531422794737071,0.8002971495090906,0.7918421737865119,0.18554995634659277,0.9099208111875259,0.9099208111875259,0.09007918881247412,8.074766939294408,0.23412011579640662,1.5963179649831454,-0.6831924897947601,70.61669006969466,-0.9165405526596043
barcelona,gbdt+k10,1,8,20,11.56273588552935,1.319941303696977,0.5892290961447149,0.6712362338597271,0.6604377594314336,-0.12383782376277053,0.8002971495090906,0.7819014505184799,0.16084365953405733,0.9099208111875259,0.9099208111875259,0.09007918881247412,8.46751018039842,0.3075956928638167,1.5963179649831454,-0.8311799846137014,70.61669006969466,-0.9165405526596043
barcelona,gbdt+k10,1,9,20,11.911051556585134,3.31386635259109,0.5892290961447149,0.6712362338597271,0.6371559422243326,-0.21947707813194056,0.8002971495090906,0.7572870556159725,0.0864796973363764,0.9099208111875259,0.9099208111875259,0.09007918881247412,8.523870304377295,0.3023879179622283,1.5963179649831454,-0.8176669809140806,70.61669006969466,-0.9165405526596043
barcelona,gbdt+k10d,1,0,20,12.290921335761368,4.390236283545619,0.5892290961447149,0.6712362338597271,0.6018043408335503,-0.3052215601880926,0.8002971495090906,0.7387228697903104,0.03633188843108126,0.9099208111875259,0.9099208111875259,0.09007918881247412,8.757895720067163,0.3516779757072618,1.5963179649831454,-0.9077233703562693,70.61669006969466,-0.9165405526596043
barcelona,gbdt,2,0,20,11.679310976711106,1.7194081479373728,0.5892290961447149,0.6712362338597271,0.655658860109976,-0.11155360178902385,0.8002971495090906,0.7829583224838023,0.1684255671113698,0.9099208111875259,0.9099208111875259,0.09007918881247412,8.36144019051557,0.2977162375358035,1.5963179649831454,-0.8176402980182738,70.61669006969466,-0.9165405526596043
barcelona,gbdt,2,0,10,11.638321824875575,2.8355146274224405,0.5499410296077321,0.5497265918176666,0.6624136504970362,-0.20432857996232018,0.70049167521865,0.7196991744145083,0.15690719438785672,0.8130868319879915,0.8130868319879915,0.18691316801200852,8.91958302191908,0.2369384410372662,1.5212854757403993,-0.6175641570910957,116.03100252108177,-0.9525330899132816
barcelona,gbdt+k10,2,0,20,11.534469943883137,0.4676496307326757,0.5892290961447149,0.6712362338597271,0.667927765098718,-0.04181536906275374,0.8002971495090906,0.7924548531866987,0.18723482469710662,0.9099208111875259,0.9099208111875259,0.09007918881247412,8.2825232261213,0.27123317046272616,1.5963179649831454,-0.7596434075436527,70.61669006969466,-0.9165405526596043
barcelona,gbdt+k10,2,1,20,11.869634495183186,2.750082454909823,0.5892290961447149,0.6712362338597271,0.6445387289965843,-0.15300136321166546,0.8002971495090906,0.7741510561061161,0.1443319496990213,0.9099208111875259,0.9099208111875259,0.09007918881247412,8.330812309441773,0.2904406696585844,1.5963179649831454,-0.8009902684273402,70.61669006969466,-0.9165405526596043
barcelona,gbdt+k10,2,2,20,11.513532469987933,0.3686057005365135,0.5892290961447149,0.6712362338597271,0.6725534945701288,-0.016726147625101495,0.8002971495090906,0.7898662827209092,0.182042366780523,0.9099208111875259,0.9099208111875259,0.09007918881247412,8.032239228026677,0.21766967390138925,1.5963179649831454,-0.6484939163576506,70.61669006969466,-0.9165405526596043
barcelona,gbdt+k10,2,3,20,11.520574080962511,0.8670629402624279,0.5884938808644906,0.6712362338597271,0.6568842189103496,-0.14800802610014252,0.8002971495090906,0.7868182027049796,0.17188720572242566,0.9099208111875259,0.9099208111875259,0.09007918881247412,8.9098620843284,0.3732749245638489,1.5963179649831454,-0.9372193312299234,69.28844804735371,-0.9150271845748557
barcelona,gbdt+k10,2,4,20,11.5417261436742,0.7216467162876433,0.5892290961447149,0.6712362338597271,0.6683719576638535,-0.04339301851823485,0.8002971495090906,0.7893761392007598,0.18155222326037346,0.9099208111875259,0.9099208111875259,0.09007918881247412,8.192626566564005,0.2560540383230964,1.5963179649831454,-0.7325816670231635,70.61669006969466,-0.9165405526596043
barcelona,gbdt+k10,2,5,20,11.682915035484784,1.8988939406103478,0.5892290961447149,0.6712362338597271,0.6361756551840336,-0.21794537963147337,0.8002971495090906,0.7734005238408872,0.13806730283211055,0.9099208111875259,0.9099208111875259,0.09007918881247412,9.020619136491243,0.397062202276104,1.5963179649831454,-0.9756015122178766,70.61669006969466,-0.9165405526596043
barcelona,gbdt+k10,2,6,20,11.87690300174105,2.5942911028184863,0.5884019789544626,0.6712362338597271,0.6061084136198631,-0.30839217608405967,0.8002971495090906,0.7617902492073461,0.1010308330908144,0.9099208111875259,0.9099208111875259,0.09007918881247412,9.597800630503519,0.4622512904559867,1.5963179649831454,-1.0742239063820507,70.5049104902189,-0.9151953365842722
barcelona,gbdt+k10,2,7,20,11.55222356658003,0.3096857126112517,0.5892290961447149,0.6712362338597271,0.6725381775851241,-0.004089634996247371,0.8002971495090906,0.7933126043469604,0.18836828158745234,0.9099208111875259,0.9099208111875259,0.09007918881247412,8.10362133791788,0.23441113851149536,1.5963179649831454,-0.6787817205251233,70.61669006969466,-0.9165405526596043
barcelona,gbdt+k10,2,8,20,11.632752893632214,1.6761041888055292,0.5892290961447149,0.6712362338597271,0.6573130944904805,-0.1207437927918269,0.8002971495090906,0.7833106131389097,0.1652549512154028,0.9099208111875259,0.9099208111875259,0.09007918881247412,8.457778475999849,0.302449185902247,1.5963179649831454,-0.817445572613389,70.61669006969466,-0.9165405526596043
barcelona,gbdt+k10,2,9,20,12.023265570452628,3.6426112667558233,0.5892290961447149,0.6712362338597271,0.6335104997932207,-0.21914010446183774,0.8002971495090906,0.7570266668708932,0.09179469113299743,0.9099208111875259,0.9099208111875259,0.09007918881247412,8.525880314843095,0.29889564538116314,1.5963179649831454,-0.807185486818672,70.61669006969466,-0.9165405526596043
barcelona,gbdt+k10d,2,0,20,12.371739918803252,4.574101280196296,0.5892290961447149,0.6712362338597271,0.5970254415120928,-0.30632438310842897,0.8002971495090906,0.7444667391670624,0.05221560188092578,0.9099208111875259,0.9099208111875259,0.09007918881247412,8.760904957505227,0.35003905831176185,1.5963179649831454,-0.9001699374927987,70.61669006969466,-0.9165405526596043
barcelona,gbdt,3,0,20,11.623932534367507,1.598242644875686,0.5892290961447149,0.6712362338597271,0.6551533996048218,-0.12605878658844794,0.8002971495090906,0.7795579518127652,0.15715226614793143,0.9099208111875259,0.9099208111875259,0.09007918881247412,8.35487815615337,0.2982829659809763,1.5963179649831454,-0.8210241636948286,70.61669006969466,-0.9165405526596043
barcelona,gbdt,3,0,10,11.557422853143535,2.7136286987087677,0.5499410296077321,0.5497265918176666,0.6670240629834423,-0.2069171504281097,0.70049167521865,0.720924533214882,0.13990534103267116,0.8130868319879915,0.8130868319879915,0.18691316801200852,8.91987790154182,0.2376583393324858,1.5212854757403993,-0.6216383272476154,116.03100252108177,-0.9525330899132816
barcelona,gbdt+k10,3,0,20,11.489082519561707,0.034695738800252875,0.5892290961447149,0.6712362338597271,0.6720020831099607,-0.04025303659227719,0.8002971495090906,0.7924701701717034,0.18672936419195252,0.9099208111875259,0.9099208111875259,0.09007918881247412,8.278520819061049,0.27313247660330536,1.5963179649831454,-0.7660355347364247,70.61669006969466,-0.9165405526596043
barcelona,gbdt+k10,3,1,20,11.6695876173043,1.950883442477897,0.5892290961447149,0.6712362338597271,0.6514466892336912,-0.1446536063841194,0.8002971495090906,0.7759584603366674,0.14767105243003975,0.9099208111875259,0.9099208111875259,0.09007918881247412,8.387610348088714,0.3026942576623217,1.5963179649831454,-0.8267286547252143,70.61669006969466,-0.9165405526596043
barcelona,gbdt+k10,3,2,20,11.485009774516534,0.07523972766411426,0.5892290961447149,0.6712362338597271,0.674314947845666,-0.02283762464196548,0.8002971495090906,0.789131067440685,0.1798060869698409,0.9099208111875259,0.9099208111875259,0.09007918881247412,8.027969022751213,0.21975278386202457,1.5963179649831454,-0.6561217459644547,70.61669006969466,-0.9165405526596043
barcelona,gbdt+k10,3,3,20,11.485465254607364,0.6132005053785132,0.5884938808644906,0.6712362338597271,0.6591817666610504,-0.15076508340098338,0.8002971495090906,0.7867109838099469,0.1679813745462344,0.9099208111875259,0.9099208111875259,0.09007918881247412,8.890107833392399,0.3707935729930921,1.5963179649831454,-0.936394595311825,69.28844804735371,-0.9150271845748557
barcelona,gbdt+k10,3,4,20,11.495718029258002,0.49464600176009643,0.5892290961447149,0.6712362338597271,0.6705316525495122,-0.05171014137577168,0.8002971495090906,0.7883039502504327,0.17861136213947648,0.9099208111875259,0.9099208111875259,0.09007918881247412,8.200073904559416,0.25956162788916626,1.5963179649831454,-0.7430457103490642,70.61669006969466,-0.9165405526596043
barcelona,gbdt+k10,3,5,20,11.61804892236609,1.5618440634176858,0.5892290961447149,0.6712362338597271,0.6400508523902155,-0.21912478747683312,0.8002971495090906,0.7718535083554153,0.13308928270559228,0.9099208111875259,0.9099208111875259,0.09007918881247412,9.006840810707617,0.3950403602554873,1.5963179649831454,-0.9759214102185568,70.61669006969466,-0.9165405526596043
barcelona,gbdt+k10,3,6,20,11.819818496988875,2.410524604354485,0.5884019789544626,0.6712362338597271,0.612970422901956,-0.30281679354235913,0.8002971495090906,0.758757486176421,0.08840963744696495,0.9099208111875259,0.9099208111875259,0.09007918881247412,9.547618456804008,0.45710478349441697,1.5963179649831454,-1.0690038887810127,70.5049104902189,-0.9151953365842722
barcelona,gbdt+k10,3,7,20,11.50331991453168,-0.1033385289333649,0.5892290961447149,0.6712362338597271,0.6761989370012407,-0.005606016511709888,0.8002971495090906,0.7928071438418062,0.18758711535221406,0.9099208111875259,0.9099208111875259,0.09007918881247412,8.097342441106028,0.23574371620690182,1.5963179649831454,-0.6851953485151735,70.61669006969466,-0.9165405526596043
barcelona,gbdt+k10,3,8,20,11.546307610428764,1.2395757062344408,0.5892290961447149,0.6712362338597271,0.6606521972214989,-0.12028428324168672,0.8002971495090906,0.782835786603765,0.16337096205982815,0.9099208111875259,0.9099208111875259,0.09007918881247412,8.467375196663713,0.30588019054329346,1.5963179649831454,-0.8271161147426093,70.61669006969466,-0.9165405526596043
barcelona,gbdt+k10,3,9,20,11.919712949263978,3.3576908039779827,0.5892290961447149,0.6712362338597271,0.6354557568888141,-0.22564982308882325,0.8002971495090906,0.7553417985203793,0.08321717953038132,0.9099208111875259,0.9099208111875259,0.09007918881247412,8.543082706761883,0.3037970805826581,1.5963179649831454,-0.8181081306390274,70.61669006969466,-0.9165405526596043
barcelona,gbdt+k10d,3,0,20,12.21925374824443,4.2033353454966,0.5892290961447149,0.6712362338597271,0.6079464518204236,-0.2972107770306493,0.8002971495090906,0.7412808062860906,0.042994776908113486,0.9099208111875259,0.9099208111875259,0.09007918881247412,8.757394725053828,0.3508508585170096,1.5963179649831454,-0.9043280306761193,70.61669006969466,-0.9165405526596043
barcelona,gbdt,4,0,20,11.648908697374333,1.6340333879125617,0.5892290961447149,0.6712362338597271,0.6572977775054758,-0.11812458835602802,0.8002971495090906,0.7787767855775269,0.1567387075528054,0.9099208111875259,0.9099208111875259,0.09007918881247412,8.34440217919693,0.29632239190037835,1.5963179649831454,-0.8158929639299505,70.61669006969466,-0.9165405526596043
barcelona,gbdt,4,0,10,11.587690453729078,2.7542761406375313,0.5499410296077321,0.5497265918176666,0.6673304026835358,-0.202750930506839,0.70049167521865,0.7205722425597746,0.13973685419761972,0.8130868319879915,0.8130868319879915,0.18691316801200852,8.910256387800677,0.23551396143183173,1.5212854757403993,-0.6164603923051758,116.03100252108177,-0.9525330899132816
barcelona,gbdt+k10,4,0,20,11.517340137048162,0.3777519435014579,0.5892290961447149,0.6712362338597271,0.6717570113498859,-0.04668617029423927,0.8002971495090906,0.7898662827209092,0.18332899352091536,0.9099208111875259,0.9099208111875259,0.09007918881247412,8.266829029961446,0.26954830211221226,1.5963179649831454,-0.7579090901067,70.61669006969466,-0.9165405526596043
barcelona,gbdt+k10,4,1,20,11.784947773020766,2.449858746548949,0.5892290961447149,0.6712362338597271,0.6481075865026729,-0.1533536538667729,0.8002971495090906,0.7726499915756583,0.13973685419761983,0.9099208111875259,0.9099208111875259,0.09007918881247412,8.35221349037153,0.2960773201403035,1.5963179649831454,-0.812699784555909,70.61669006969466,-0.9165405526596043
barcelona,gbdt+k10,4,2,20,11.495362352831018,-0.05299803286287902,0.5892290961447149,0.6712362338597271,0.6751880159909324,-0.014428599874400705,0.8002971495090906,0.7888859956806102,0.18038813240001839,0.9099208111875259,0.9099208111875259,0.09007918881247412,8.029847905513636,0.21943112717692648,1.5963179649831454,-0.6541298256756573,70.61669006969466,-0.9165405526596043
barcelona,gbdt+k10,4,3,20,11.50723206639435,0.7259738093876983,0.5884938808644906,0.6712362338597271,0.6584312343958215,-0.1490342640954555,0.8002971495090906,0.7850414324444377,0.16557660790050088,0.9099208111875259,0.9099208111875259,0.09007918881247412,8.89195064790898,0.37097737681314813,1.5963179649831454,-0.9365761575771049,69.28844804735371,-0.9150271845748557
barcelona,gbdt+k10,4,4,20,11.535303248320396,0.8139496806186085,0.5892290961447149,0.6712362338597271,0.6703937996844701,-0.057821618392635665,0.8002971495090906,0.7850567494294423,0.17346485517790677,0.9099208111875259,0.9099208111875259,0.09007918881247412,8.184449753162983,0.2561306232481198,1.5963179649831454,-0.7337631655624264,70.61669006969466,-0.9165405526596043
barcelona,gbdt+k10,4,5,20,11.625413043329,1.5092014372923608,0.5892290961447149,0.6712362338597271,0.6408473356104585,-0.2114969289445066,0.8002971495090906,0.7715165346853126,0.1357544380964052,0.9099208111875259,0.9099208111875259,0.09007918881247412,9.022722823921557,0.39758297976626283,1.5963179649831454,-0.9783765735624556,70.61669006969466,-0.9165405526596043
barcelona,gbdt+k10,4,6,20,11.856059918460055,2.513973413527884,0.5884019789544626,0.6712362338597271,0.6103052675111431,-0.30572702069324675,0.8002971495090906,0.759645871306692,0.08810329774687153,0.9099208111875259,0.9099208111875259,0.09007918881247412,9.577957655393039,0.4614854412057531,1.5963179649831454,-1.0725100951560074,70.5049104902189,-0.9151953365842722
barcelona,gbdt+k10,4,7,20,11.529007805766621,0.22014882798101532,0.5892290961447149,0.6712362338597271,0.6741770949806241,-0.012253588003737326,0.8002971495090906,0.7917962228314979,0.1857184431816442,0.9099208111875259,0.9099208111875259,0.09007918881247412,8.096644117001922,0.23589688605694853,1.5963179649831454,-0.6834205785820029,70.61669006969466,-0.9165405526596043
barcelona,gbdt+k10,4,8,20,11.569531725580978,1.2863940914357916,0.5892290961447149,0.6712362338597271,0.6629037940171857,-0.11319251918452378,0.8002971495090906,0.7829123715287882,0.16314120728475812,0.9099208111875259,0.9099208111875259,0.09007918881247412,8.456953530820709,0.30344478992755064,1.5963179649831454,-0.8208825256535371,70.61669006969466,-0.9165405526596043
barcelona,gbdt+k10,4,9,20,11.993651191616335,3.5599943876191906,0.5892290961447149,0.6712362338597271,0.6354863908588233,-0.22157550507758056,0.8002971495090906,0.7560923307856081,0.083232496515386,0.9099208111875259,0.9099208111875259,0.09007918881247412,8.502256018236753,0.29613858808032223,1.5963179649831454,-0.8039743365187251,70.61669006969466,-0.9165405526596043
barcelona,gbdt+k10d,4,0,20,12.250750958072599,4.25461335535204,0.5892290961447149,0.6712362338597271,0.6043622773293305,-0.3009481213717892,0.8002971495090906,0.7402239343207683,0.04227487861289392,0.9099208111875259,0.9099208111875259,0.09007918881247412,8.796363821842919,0.356380290103696,1.5963179649831454,-0.9124783136164801,70.61669006969466,-0.9165405526596043
barcelona,gbdt_iw,0,0,20,11.67633220276812,1.8327410875172512,0.5892290961447149,0.6712362338597271,0.6447378498016451,-0.16885444269150063,0.8002971495090906,0.77209858011549,0.1402576316877786,0.9099208111875259,0.9099208111875259,0.09007918881247412,8.527770348843932,0.33101536293595973,1.5963179649831454,-0.8812005508243508,70.61669006969466,-0.9165405526596043
barcelona,gbdt_iw,0,0,10,11.626474739398878,2.8886955067598517,0.5499410296077321,0.5497265918176666,0.658599721230873,-0.2370916108873129,0.70049167521865,0.7176313814388776,0.10873527654816428,0.8130868319879915,0.8130868319879915,0.18691316801200852,8.99241447171479,0.2633908741403342,1.5212854757403993,-0.6797361988414377,116.03100252108177,-0.9525330899132816
barcelona,gbdt_iw,1,0,20,11.628630479113193,1.0988701415311741,0.5892290961447149,0.6712362338597271,0.6510790815935791,-0.17966823410479882,0.8002971495090906,0.7670746090339577,0.11645503699051885,0.9099208111875259,0.9099208111875259,0.09007918881247412,8.52014659711721,0.3323632576163708,1.5963179649831454,-0.8863070601150436,70.61669006969466,-0.9165405526596043
barcelona,gbdt_iw,1,0,10,11.492236976662147,2.158633880329497,0.5499410296077321,0.5497265918176666,0.6769035183114556,-0.22267832799791687,0.70049167521865,0.718121524959027,0.07791750271876485,0.8130868319879915,0.8130868319879915,0.18691316801200852,8.991195084219445,0.2652748632959089,1.5212854757403993,-0.6859674308164595,116.03100252108177,-0.9525330899132816
barcelona,gbdt_iw,2,0,20,11.650524234949298,1.6319250651642019,0.5892290961447149,0.6712362338597271,0.6466218389572197,-0.1714123791872808,0.8002971495090906,0.7723742858455741,0.1332730865256483,0.9099208111875259,0.9099208111875259,0.09007918881247412,8.527867434008384,0.33247047651140343,1.5963179649831454,-0.8831097556111354,70.61669006969466,-0.9165405526596043
barcelona,gbdt_iw,2,0,10,11.577509045793276,2.687999665470372,0.5499410296077321,0.5497265918176666,0.6638840810574846,-0.23248119840090675,0.70049167521865,0.7189486421492793,0.1005866405256789,0.8130868319879915,0.8130868319879915,0.18691316801200852,8.994646817875173,0.2658109577710724,1.5212854757403993,-0.6825795800251521,116.03100252108177,-0.9525330899132816
barcelona,gbdt_iw,3,0,20,11.659585574359884,1.6601968729835215,0.5892290961447149,0.6712362338597271,0.6452892612618132,-0.1718872057224256,0.8002971495090906,0.7701073720648828,0.1351111247262089,0.9099208111875259,0.9099208111875259,0.09007918881247412,8.52074106335732,0.3324245255563895,1.5963179649831454,-0.8866855015912999,70.61669006969466,-0.9165405526596043
barcelona,gbdt_iw,3,0,10,11.590590120870086,2.7153397319249426,0.5499410296077321,0.5497265918176666,0.6618928730068774,-0.23502381791168225,0.70049167521865,0.7173863096788028,0.10426271692680011,0.8130868319879915,0.8130868319879915,0.18691316801200852,8.988632467648426,0.2644783800756659,1.5212854757403993,-0.6849209511064308,116.03100252108177,-0.9525330899132816
barcelona,gbdt_iw,4,0,20,11.599014751114929,1.2990423555239072,0.5892290961447149,0.6712362338597271,0.649685235958154,-0.17815185258933636,0.8002971495090906,0.7690198661295511,0.12250524606736413,0.9099208111875259,0.9099208111875259,0.09007918881247412,8.543196783735242,0.33306783892658576,1.5963179649831454,-0.8830677100690482,70.61669006969466,-0.9165405526596043
barcelona,gbdt_iw,4,0,10,11.488843970289551,2.35601765069665,0.5499410296077321,0.5497265918176666,0.6739626571905586,-0.22368924900822518,0.70049167521865,0.7178764531989523,0.0879960788518388,0.8130868319879915,0.8130868319879915,0.18691316801200852,8.996376344514532,0.26573437284604895,1.5212854757403993,-0.6822677761433302,116.03100252108177,-0.9525330899132816
barcelona,gp_ard,0,0,20,11.501240509479434,1.4464535687057491,0.5892290961447149,0.6712362338597271,0.6541271616095088,-0.2040988251872502,0.8002971495090906,0.7637355063029393,0.10757118568780921,0.9099208111875259,0.9099208111875259,0.09007918881247412,8.931635446376088,0.3455971326604071,1.5963179649831454,-0.8431453376053651,70.61669006969466,-0.9165405526596043
barcelona,gp_ard,0,0,10,11.405700723655727,2.548321088247811,0.5499410296077321,0.5497265918176666,0.6820500252730253,-0.23085759799041156,0.70049167521865,0.7150428109730881,0.06347358585935947,0.8130868319879915,0.8130868319879915,0.18691316801200852,9.223261487872547,0.27411276364360443,1.5212854757403993,-0.6435164126125944,116.03100252108177,-0.9525330899132816
barcelona,kernel,0,0,20,11.998766809083424,2.1255209906387247,0.5892290961447149,0.6712362338597271,0.6278585323264968,-0.06555669581999479,0.8002971495090906,0.7946451820423668,0.19095685205324187,0.9099208111875259,0.9099208111875259,0.09007918881247412,8.209878712129413,0.2755219262640342,1.5963179649831454,-0.7840519654423443,70.61669006969466,-0.9165405526596043
barcelona,kernel,0,0,10,12.000544037008769,3.256393974705363,0.5499410296077321,0.5497265918176666,0.6350881492487019,-0.18515171473647124,0.70049167521865,0.7063121295204252,0.21817513440654346,0.8130868319879915,0.8130868319879915,0.18691316801200852,8.891647141163391,0.21921668938686106,1.5212854757403993,-0.5836302231077299,116.03100252108177,-0.9525330899132816
barcelona,knn,0,0,20,11.582394685558096,1.304922011000227,0.5892290961447149,0.6712362338597271,0.6491644584679952,-0.17245393416759847,0.8002971495090906,0.7680089451192428,0.13387044894083056,0.9099208111875259,0.9099208111875259,0.09007918881247412,8.719133431566906,0.31628042336146556,1.5963179649831454,-0.8152700153114153,70.61669006969466,-0.9165405526596043
barcelona,knn,0,0,10,11.473360458855103,2.430264942578369,0.5499410296077321,0.5497265918176666,0.676980103236479,-0.2186499609416882,0.70049167521865,0.7073996354557569,0.09930001378528652,0.8130868319879915,0.8130868319879915,0.18691316801200852,9.154212981777759,0.2509381653315362,1.5212854757403993,-0.6185537580154177,116.03100252108177,-0.9525330899132816
barcelona,median,0,0,20,13.08839854402521,3.434475125876976,0.5892290961447149,0.6712362338597271,0.525724876315346,-0.11561260281526187,0.8002971495090906,0.7994087643788197,0.1987531974206198,0.9099208111875259,0.9099208111875259,0.09007918881247412,8.073196273413993,0.2776663041646882,1.5963179649831454,-0.7944360649949209,70.61669006969466,-0.9165405526596043
barcelona,median,0,0,10,13.209860026305314,4.554664606910687,0.5499410296077321,0.5497265918176666,0.5537855928439046,-0.22491460780859895,0.70049167521865,0.6908726086357162,0.23128647357054233,0.8130868319879915,0.8130868319879915,0.18691316801200852,8.798737627710253,0.21940049320691712,1.5212854757403993,-0.5982512654275521,116.03100252108177,-0.9525330899132816
barcelona,mlp,0,0,20,11.538659936090685,1.8996549081338499,0.5892290961447149,0.6712362338597271,0.6551074486498077,-0.2022607869866896,0.8002971495090906,0.7613154226722012,0.09617534884433354,0.9099208111875259,0.9099208111875259,0.09007918881247412,8.876679758943471,0.3428094413895569,1.5963179649831454,-0.8458178113739023,70.61669006969466,-0.9165405526596043
barcelona,mlp,0,0,10,11.490448802212253,3.0100723961015428,0.5499410296077321,0.5497265918176666,0.679216383047161,-0.23154686231562177,0.70049167521865,0.7180143060639944,0.053731983396388294,0.8130868319879915,0.8130868319879915,0.18691316801200852,9.190000818656042,0.270865562822614,1.5212854757403993,-0.6456210373013748,116.03100252108177,-0.9525330899132816
barcelona,mlp,1,0,20,11.512147689900962,1.4306065428523072,0.5892290961447149,0.6712362338597271,0.6560724187051021,-0.19945777873083465,0.8002971495090906,0.7684531376843782,0.11985540766155589,0.9099208111875259,0.9099208111875259,0.09007918881247412,8.85689618442969,0.33435446566697813,1.5963179649831454,-0.8289685684953962,70.61669006969466,-0.9165405526596043
barcelona,mlp,1,0,10,11.421058524337607,2.5422314109991286,0.5499410296077321,0.5497265918176666,0.6809931533077029,-0.23065847718535082,0.70049167521865,0.7152266147931441,0.08047543921454503,0.8130868319879915,0.8130868319879915,0.18691316801200852,9.192054129119006,0.26299263253021277,1.5212854757403993,-0.6260187765459564,116.03100252108177,-0.9525330899132816
barcelona,mlp,2,0,20,11.55499293492627,1.9698109788960487,0.5892290961447149,0.6712362338597271,0.6519674667238501,-0.20524759906260054,0.8002971495090906,0.7566437422457764,0.08736808246664729,0.9099208111875259,0.9099208111875259,0.09007918881247412,8.794864642500215,0.3287024982002542,1.5963179649831454,-0.82193349856222,70.61669006969466,-0.9165405526596043
barcelona,mlp,2,0,10,11.513790303239576,3.1012472175715757,0.5499410296077321,0.5497265918176666,0.68019667008746,-0.23041340542527605,0.70049167521865,0.7154104186132002,0.04117205569255744,0.8130868319879915,0.8130868319879915,0.18691316801200852,9.165474659221776,0.26011303934933444,1.5212854757403993,-0.623497905229511,116.03100252108177,-0.9525330899132816
barcelona,mlp,3,0,20,11.585611819872975,1.9009057930634157,0.5892290961447149,0.6712362338597271,0.6477706128325701,-0.23030618653024343,0.8002971495090906,0.7550507758052905,0.0790356426241059,0.9099208111875259,0.9099208111875259,0.09007918881247412,8.951777210027831,0.3461791780905846,1.5963179649831454,-0.8464843283322641,70.61669006969466,-0.9165405526596043
barcelona,mlp,3,0,10,11.530555729076983,3.001447109386292,0.5499410296077321,0.5497265918176666,0.6768882013264509,-0.24416805795947122,0.70049167521865,0.7094214774763735,0.025135172392666272,0.8130868319879915,0.8130868319879915,0.18691316801200852,9.235741316021134,0.27441910334369785,1.5212854757403993,-0.6451042454403584,116.03100252108177,-0.9525330899132816
barcelona,mlp,4,0,20,11.53083032057706,1.8092552447149113,0.5892290961447149,0.6712362338597271,0.6533919463292845,-0.21034815506915622,0.8002971495090906,0.7539939038399681,0.07460903395775575,0.9099208111875259,0.9099208111875259,0.09007918881247412,8.889489811699816,0.3379999080980899,1.5963179649831454,-0.8300854709946982,70.61669006969466,-0.9165405526596043
barcelona,mlp,4,0,10,11.46520122158973,2.934291329425536,0.5499410296077321,0.5497265918176666,0.683137531208357,-0.22811585767457532,0.70049167521865,0.7148130561980179,0.029791535834086447,0.8130868319879915,0.8130868319879915,0.18691316801200852,9.212458947492488,0.2678940677317077,1.5212854757403993,-0.6321235273414197,116.03100252108177,-0.9525330899132816
barcelona,ridge,0,0,20,11.572150486079277,1.8940564786330223,0.5892290961447149,0.6712362338597271,0.6538055049244107,-0.17712561459402332,0.8002971495090906,0.7685297226094016,0.11426470813485079,0.9099208111875259,0.9099208111875259,0.09007918881247412,8.684293611548163,0.32285140992846967,1.5963179649831454,-0.825921025394024,70.61669006969466,-0.9165405526596043
barcelona,ridge,0,0,10,11.536129471950046,3.010557373009967,0.5499410296077321,0.5497265918176666,0.6715425735598205,-0.22546601926876714,0.70049167521865,0.7200820990396251,0.07335304118737263,0.8130868319879915,0.8130868319879915,0.18691316801200852,9.103029406875208,0.25318976212722283,1.5212854757403993,-0.6245323432130213,116.03100252108177,-0.9525330899132816
barcelona,ridge+k10,0,0,20,11.417058817912944,0.4312786293645921,0.5892290961447149,0.6712362338597271,0.6774396127866191,-0.08808798076186686,0.8002971495090906,0.7888247277405915,0.16712362338597275,0.9099208111875259,0.9099208111875259,0.09007918881247412,8.534259391863255,0.2849725060119166,1.5963179649831454,-0.752410274909357,70.61669006969466,-0.9165405526596043
barcelona,ridge+k10,0,1,20,11.623055995913328,2.197069012004844,0.5892290961447149,0.6712362338597271,0.6574968983105366,-0.15630983197267456,0.8002971495090906,0.7701073720648828,0.11973287178151859,0.9099208111875259,0.9099208111875259,0.09007918881247412,8.510696231199363,0.2905785225236265,1.5963179649831454,-0.7676941295682187,70.61669006969466,-0.9165405526596043
barcelona,ridge+k10,0,2,20,11.455861112668376,0.34871150678384755,0.5892290961447149,0.6712362338597271,0.6804876928025487,-0.05884785638794865,0.8002971495090906,0.7867416177799562,0.16314120728475812,0.9099208111875259,0.9099208111875259,0.09007918881247412,8.24976923865101,0.2273653254093464,1.5963179649831454,-0.6428102173256929,70.61669006969466,-0.9165405526596043
barcelona,ridge+k10,0,3,20,11.436099035986443,0.8841137631165944,0.5884938808644906,0.6712362338597271,0.6542496974895462,-0.18608605082175628,0.8002971495090906,0.779894925482868,0.13469756613108275,0.9099208111875259,0.9099208111875259,0.09007918881247412,9.146797943816681,0.38586548623768896,1.5963179649831454,-0.9274907412369848,69.28844804735371,-0.9150271845748557
barcelona,ridge+k10,0,4,20,11.411090079274032,0.164001417016608,0.5892290961447149,0.6712362338597271,0.6809778363226983,-0.07336835817237741,0.8002971495090906,0.7891463844256896,0.16864000490143527,0.9099208111875259,0.9099208111875259,0.09007918881247412,8.468402023357406,0.2726270160981512,1.5963179649831454,-0.7334689514672177,70.61669006969466,-0.9165405526596043
barcelona,ridge+k10,0,5,20,11.525432163567393,1.4253035910535572,0.5892290961447149,0.6712362338597271,0.6373397460443886,-0.22630845344402412,0.8002971495090906,0.766691684408841,0.10041815369062757,0.9099208111875259,0.9099208111875259,0.09007918881247412,9.171323416441638,0.39886960650665526,1.5963179649831454,-0.9499136137810296,70.61669006969466,-0.9165405526596043
barcelona,ridge+k10,0,6,20,11.662891471296096,2.1239188333208734,0.5884019789544626,0.6712362338597271,0.6181322468485303,-0.2904866206135984,0.8002971495090906,0.7552498966103512,0.05916951307304674,0.9099208111875259,0.9099208111875259,0.09007918881247412,9.566513980678655,0.44324291206518907,1.5963179649831454,-1.0234394182932904,70.5049104902189,-0.9151953365842722
barcelona,ridge+k10,0,7,20,11.436524711812295,0.6292463438676105,0.5892290961447149,0.6712362338597271,0.6771945410265443,-0.07902032563910122,0.8002971495090906,0.7874155651201618,0.16341691301484218,0.9099208111875259,0.9099208111875259,0.09007918881247412,8.421144755629859,0.2620276624749185,1.5963179649831454,-0.7080422113532501,70.61669006969466,-0.9165405526596043
barcelona,ridge+k10,0,8,20,11.51289262466927,1.55556847736558,0.5892290961447149,0.6712362338597271,0.6685557614839095,-0.1267786848836675,0.8002971495090906,0.7810896503132323,0.1448374102041754,0.9099208111875259,0.9099208111875259,0.09007918881247412,8.554103027295637,0.2856770873221316,1.5963179649831454,-0.7506934762123109,70.61669006969466,-0.9165405526596043
barcelona,ridge+k10,0,9,20,11.852604899772437,3.2707731540292064,0.5892290961447149,0.6712362338597271,0.6384272519797203,-0.2153874431356932,0.8002971495090906,0.7545453153001364,0.06385651048447627,0.9099208111875259,0.9099208111875259,0.09007918881247412,8.673794160642172,0.2926922664542711,1.5963179649831454,-0.7585940285467635,70.61669006969466,-0.9165405526596043
barcelona,ridge+k10d,0,0,20,12.230531081482384,4.411069580287164,0.5892290961447149,0.6712362338597271,0.6028765297838773,-0.3158821817513441,0.8002971495090906,0.7326267097584511,-0.004013050071223989,0.9099208111875259,0.9099208111875259,0.09007918881247412,9.021537661875868,0.36572365095654574,1.5963179649831454,-0.8931177475211644,70.61669006969466,-0.9165405526596043
barcelona,uma_los,0,0,20,20.477555667719383,-16.138854685132724,0.5892290961447149,0.6712362338597271,0.6712362338597271,0.3287637661402729,0.8002971495090906,0.8002971495090906,0.1997028504909094,0.9099208111875259,0.9099208111875259,0.09007918881247412,8.203974061512502,0.29803789422090154,1.5963179649831454,-0.8337141005015715,70.61669006969466,-0.9165405526596043
barcelona,uma_los,0,0,10,19.49471499480297,-15.054505337189497,0.5499410296077321,0.5497265918176666,0.5497265918176666,0.4502734081823334,0.70049167521865,0.70049167521865,0.29950832478135003,0.8130868319879915,0.8130868319879915,0.18691316801200852,8.82603233232474,0.23240461347588343,1.5212854757403993,-0.6260512891998767,116.03100252108177,-0.9525330899132816
barcelona,uma_nlos,0,0,20,24.96125457515197,20.539324454950766,0.5892290961447149,0.6712362338597271,0.40998973762004687,-0.42431111859941495,0.8002971495090906,0.5460964663715594,-0.21434588815537547,0.9099208111875259,0.8631886899382726,0.033268491430146874,8.066779391932299,0.050867707200514645,1.5963179649831454,-0.07223991674989083,70.61669006969466,-0.9165405526596043
barcelona,uma_nlos,0,0,10,26.30262528296537,22.429785646310584,0.5499410296077321,0.5497265918176666,0.49028137301453584,-0.4310199580314611,0.70049167521865,0.4872639269686155,-0.35322499119273365,0.8130868319879915,0.6785577526919602,-0.08801139583684348,9.706736221953431,0.12867799102424676,1.5212854757403993,-0.21545944025070685,116.03100252108177,-0.9525330899132816
berlin,oracle,0,0,20,11.011824679560169,-0.00021989051792405145,0.37247830899418005,0.6873400697444686,0.6922079004058509,-0.15316408992989838,0.8214136941954987,0.7964437462063055,0.0562597445876627,0.9359445852822509,0.9359326834957927,0.06332940574380208,7.138256295146401,0.40468454314992686,1.219375118279886,-0.6242795073975954,70.65484577215926,-0.9332826125124364
berlin,oracle,0,0,10,11.161681739816995,0.9158141443617206,0.35489937039549635,0.6206424584330108,0.6035752966520275,-0.27873983884981135,0.7837921472012949,0.7458135466133466,0.01984027802573174,0.9055236190952262,0.905987788767094,0.09158424679544408,7.83254539898635,0.4499113316908868,1.3661136066370387,-0.7390168658844153,103.9246430865442,-0.9564301861084445
berlin,coral,0,0,20,12.881697398555698,5.119058908005154,0.37401363944728105,0.6873400697444686,0.5222741933564228,-0.43864033991502116,0.8214136941954987,0.6923626236298068,-0.1702669570702562,0.9359445852822509,0.9255900310636627,0.04729769938467765,8.020728568279555,0.5217862201116388,1.219375118279886,-0.7893977219774189,82.41141169705882,-0.9393105869959618
berlin,coral,0,0,10,13.261192956804386,5.9098973069888,0.3566608347913022,0.6206424584330108,0.483605289153902,-0.4898299234715131,0.7837921472012949,0.5685126337463253,-0.3090893943180871,0.9055236190952262,0.8952285738089287,0.07044667404577432,8.663794354337808,0.5430547125123482,1.3661136066370387,-0.8944904282374098,127.00510115394852,-0.9628092775524107
berlin,cost231,0,0,20,30.751022183540865,28.197935732540913,0.37401363944728105,0.6873400697444686,0.32125302007831374,-0.6779376584425322,0.8214136941954987,0.292843455802716,-0.6875424001142572,0.9359445852822509,0.503957343997334,-0.4679544399614382,9.349403957726736,0.42633389271729694,1.219375118279886,-0.6181938350829188,82.41141169705882,-0.9393105869959618
berlin,cost231,0,0,10,31.64936229619301,29.07376560477408,0.3566608347913022,0.6206424584330108,0.3796312826555266,-0.6203687173444734,0.7837921472012949,0.25904238226157744,-0.7268420989990597,0.9055236190952262,0.3038764118494186,-0.6729151045571939,13.393481832316548,0.6310208162245152,1.3661136066370387,-1.0136488663094871,127.00510115394852,-0.9628092775524107
berlin,gbdt,0,0,20,11.643240528167507,1.0228286413354921,0.37401363944728105,0.6873400697444686,0.6767236762238011,-0.17728901108056316,0.8214136941954987,0.7816617274252865,0.04683352971280996,0.9359445852822509,0.9359445852822509,0.06405541471774912,6.942426810114047,0.3862367741397984,1.219375118279886,-0.6416166885406607,82.41141169705882,-0.9393105869959618
berlin,gbdt,0,0,10,11.864947119141158,1.928095311303773,0.3566608347913022,0.6206424584330108,0.5717856250223159,-0.32074124326061343,0.7837921472012949,0.7214743933064353,-0.012711107937301347,0.9055236190952262,0.9055236190952262,0.09447638090477384,7.763611397896843,0.44129443829518805,1.3661136066370387,-0.7558212262279139,127.00510115394852,-0.9628092775524107
berlin,gbdt+k10,0,0,20,11.665903409548191,1.2245519618641771,0.37401363944728105,0.6873400697444686,0.6852453553278347,-0.1511764915913878,0.8214136941954987,0.7828638078575594,0.051725163947108466,0.9359445852822509,0.9359445852822509,0.06405541471774912,6.6997195592397825,0.3440092357862915,1.219375118279886,-0.5855492338767281,82.41141169705882,-0.9393105869959618
berlin,gbdt+k10,0,1,20,11.604708627064086,-0.6868024005653248,0.37401363944728105,0.6873400697444686,0.6954927934682996,-0.13376417800311824,0.8214136941954987,0.7983599338260673,0.08812082693612311,0.9359445852822509,0.9359445852822509,0.06405541471774912,7.161748141451856,0.42045441020697205,1.219375118279886,-0.6847318036730975,82.41141169705882,-0.9393105869959618
berlin,gbdt+k10,0,2,20,11.809543355539391,2.2673877034111447,0.37401363944728105,0.6873400697444686,0.6555027909689244,-0.21888575475178818,0.8214136941954987,0.7671891550921793,0.01567465276538016,0.9359445852822509,0.9358493709905857,0.06388878970733503,6.8642022669199125,0.37189512145773074,1.219375118279886,-0.621897997516231,82.41141169705882,-0.9393105869959618
berlin,gbdt+k10,0,3,20,11.643756286826079,-0.8493749604875853,0.37401363944728105,0.6873400697444686,0.7113578748170101,-0.06538841480106161,0.8214136941954987,0.7989550231489747,0.0951666845193464,0.9359445852822509,0.9359445852822509,0.06405541471774912,6.603663611951757,0.3243474845574321,1.219375118279886,-0.559255045823249,82.41141169705882,-0.9393105869959618
berlin,gbdt+k10,0,4,20,11.720189603995236,-1.4973329686909078,0.37401363944728105,0.6873400697444686,0.7149403125409124,-0.04473881529617596,0.8214136941954987,0.8044655502790969,0.10848478356601332,0.9359445852822509,0.9359445852822509,0.06405541471774912,6.596361659587006,0.3164089929898478,1.219375118279886,-0.5447472075624878,82.41141169705882,-0.9393105869959618
berlin,gbdt+k10,0,5,20,11.799261145741271,-2.21972927070846,0.37401363944728105,0.6873400697444686,0.7135716070982254,-0.0653646112281453,0.8214136941954987,0.8095714166696422,0.12665881148760438,0.9359445852822509,0.9359445852822509,0.06405541471774912,7.046220814398955,0.4073029361707192,1.219375118279886,-0.6672561238257586,82.41141169705882,-0.9393105869959618
berlin,gbdt+k10,0,6,20,11.582294338244337,-0.18792259929375912,0.37401363944728105,0.6873400697444686,0.6974446864474357,-0.12152914152414274,0.8214136941954987,0.7950869425500767,0.08301496054557789,0.9359445852822509,0.9359445852822509,0.06405541471774912,6.884268807678867,0.3774532557336856,1.219375118279886,-0.6319775352239222,82.41141169705882,-0.9393105869959618
berlin,gbdt+k10,0,7,20,11.598565804514992,0.23440514276442978,0.37401363944728105,0.6873400697444686,0.6703919258280668,-0.19930731602813578,0.8214136941954987,0.7885766653574702,0.060175432332393086,0.9359445852822509,0.9359445852822509,0.06405541471774912,7.491730826878409,0.465193225503148,1.219375118279886,-0.7390644189209621,82.41141169705882,-0.9393105869959618
berlin,gbdt+k10,0,8,20,11.590265743734076,0.20669547775090152,0.37401363944728105,0.6873400697444686,0.6805203461039502,-0.17282584115875788,0.8214136941954987,0.7906118708418134,0.06809012032706119,0.9359445852822509,0.9359445852822509,0.06405541471774912,7.253613855847526,0.43674795586817583,1.219375118279886,-0.7074081199167395,82.41141169705882,-0.9393105869959618
berlin,gbdt+k10,0,9,20,11.62864293185135,0.8741642017167792,0.37401363944728105,0.6873400697444686,0.688827793051737,-0.14202401780507246,0.8214136941954987,0.785577415170017,0.06138941455112412,0.9359445852822509,0.9359445852822509,0.06405541471774912,6.740427832134492,0.3489841825257971,1.219375118279886,-0.5897320612142277,82.41141169705882,-0.9393105869959618
berlin,gbdt+k10d,0,0,20,11.627027561835872,0.8547701245861569,0.37401363944728105,0.6873400697444686,0.6564073267397437,-0.22809773747039425,0.8214136941954987,0.7809476202377977,0.04238226157746283,0.9359445852822509,0.9359445852822509,0.06405541471774912,7.463995093212206,0.4657883148260553,1.219375118279886,-0.7386535841197848,82.41141169705882,-0.9393105869959618
berlin,gbdt,1,0,20,11.649818562911783,0.91785058153086,0.37401363944728105,0.6873400697444686,0.6767355780102593,-0.17927660941907375,0.8214136941954987,0.7817212363575773,0.04622653860344439,0.9359445852822509,0.9359445852822509,0.06405541471774912,6.926910256899364,0.3864867116554195,1.219375118279886,-0.6405074189373786,82.41141169705882,-0.9393105869959618
berlin,gbdt,1,0,10,11.862113855875863,1.8319735260089838,0.3566608347913022,0.6206424584330108,0.5751657323764297,-0.31695647516692255,0.7837921472012949,0.7255210007022054,-0.005141571749919582,0.9055236190952262,0.9055236190952262,0.09447638090477384,7.75257380711493,0.4394496613941753,1.3661136066370387,-0.7553160522340295,127.00510115394852,-0.9628092775524107
berlin,gbdt+k10,1,0,20,11.69308977654914,1.3724313532524566,0.37401363944728105,0.6873400697444686,0.6807464800466551,-0.1670534747265564,0.8214136941954987,0.7780078789826353,0.04027564537437078,0.9359445852822509,0.9359445852822509,0.06405541471774912,6.709119577579265,0.3484962092810131,1.219375118279886,-0.5910487315897,82.41141169705882,-0.9393105869959618
berlin,gbdt+k10,1,1,20,11.600874404101388,-0.14672103480991694,0.37401363944728105,0.6873400697444686,0.6889944180621511,-0.15483034003403906,0.8214136941954987,0.7957415408052748,0.07610002261339432,0.9359445852822509,0.9359445852822509,0.06405541471774912,7.086952310552605,0.4108972756810797,1.219375118279886,-0.6713144237356339,82.41141169705882,-0.9393105869959618
berlin,gbdt+k10,1,2,20,11.793977491838849,2.113803032949748,0.37401363944728105,0.6873400697444686,0.6598469430261482,-0.21756465645493384,0.8214136941954987,0.7643803334880566,0.012008902536270738,0.9359445852822509,0.9359445852822509,0.06405541471774912,6.859021252330109,0.37363278228062036,1.219375118279886,-0.6230569756674784,82.41141169705882,-0.9393105869959618
berlin,gbdt+k10,1,3,20,11.683247863262812,-1.193485802108037,0.37401363944728105,0.6873400697444686,0.7114054819628426,-0.06253198605110621,0.8214136941954987,0.8042394163363921,0.1066162030920842,0.9359445852822509,0.9359445852822509,0.06405541471774912,6.609747305087923,0.3281560562240392,1.219375118279886,-0.5643417394652981,82.41141169705882,-0.9393105869959618
berlin,gbdt+k10,1,4,20,11.752632239493579,-1.6253032460821373,0.37401363944728105,0.6873400697444686,0.7140000714107188,-0.04422703847847553,0.8214136941954987,0.8051677556801276,0.11090084621701723,0.9359445852822509,0.9359445852822509,0.06405541471774912,6.563366744666862,0.31112459980243035,1.219375118279886,-0.536570547481025,82.41141169705882,-0.9393105869959618
berlin,gbdt+k10,1,5,20,11.827237055967679,-2.2788530328253147,0.37401363944728105,0.6873400697444686,0.7114649908951334,-0.06506706656669159,0.8214136941954987,0.8127253900810512,0.1271705883053047,0.9359445852822509,0.9359445852822509,0.06405541471774912,6.980746083345269,0.39956677497292337,1.219375118279886,-0.656253567420334,82.41141169705882,-0.9393105869959618
berlin,gbdt+k10,1,6,20,11.601252817342532,-0.2371338198904442,0.37401363944728105,0.6873400697444686,0.6975756060984754,-0.12123159686268903,0.8214136941954987,0.7980385855916973,0.08537151426429113,0.9359445852822509,0.9359445852822509,0.06405541471774912,6.813593526663953,0.3673367372442604,1.219375118279886,-0.617344136353774,82.41141169705882,-0.9393105869959618
berlin,gbdt+k10,1,7,20,11.619975872494647,0.1678014345431899,0.37401363944728105,0.6873400697444686,0.669761131145785,-0.20358005736661067,0.8214136941954987,0.7898501565084919,0.06116328060841936,0.9359445852822509,0.9359445852822509,0.06405541471774912,7.503535957439856,0.4683829042739315,1.219375118279886,-0.7430288378718217,82.41141169705882,-0.9393105869959618
berlin,gbdt+k10,1,8,20,11.606974748815581,0.37520585074509727,0.37401363944728105,0.6873400697444686,0.6760928815415194,-0.18479903833565414,0.8214136941954987,0.790338129753276,0.06503136120731723,0.9359445852822509,0.9359445852822509,0.06405541471774912,7.224678143863294,0.4349269825400792,1.219375118279886,-0.7045180517259944,82.41141169705882,-0.9393105869959618
berlin,gbdt+k10,1,9,20,11.691778455956655,1.3477189986723423,0.37401363944728105,0.6873400697444686,0.6815319979528928,-0.16236417086204635,0.8214136941954987,0.7797574415919829,0.04390569024410573,0.9359445852822509,0.9359445852822509,0.06405541471774912,6.6902286789135195,0.3400697444686447,1.219375118279886,-0.5763956669449521,82.41141169705882,-0.9393105869959618
berlin,gbdt+k10d,1,0,20,11.624446194114082,0.5360230381318679,0.37401363944728105,0.6873400697444686,0.663869746849002,-0.21658870996536578,0.8214136941954987,0.7856250223158496,0.051725163947108466,0.9359445852822509,0.9359445852822509,0.06405541471774912,7.462470580685746,0.4665143238000024,1.219375118279886,-0.7398171362950658,82.41141169705882,-0.9393105869959618
berlin,gbdt,2,0,20,11.64250527691669,1.0403038198078383,0.37401363944728105,0.6873400697444686,0.6751050332654932,-0.17707477892431644,0.8214136941954987,0.7831375489460968,0.05007081562942606,0.9359445852822509,0.9359445852822509,0.06405541471774912,6.945164587428726,0.38739124742623865,1.219375118279886,-0.6413636621256285,82.41141169705882,-0.9393105869959618
berlin,gbdt,2,0,10,11.865171180812835,1.9358071115263313,0.3566608347913022,0.6206424584330108,0.5727853750848002,-0.3192178145939706,0.7837921472012949,0.7218909558324704,-0.009890384546720421,0.9055236190952262,0.9055236190952262,0.09447638090477384,7.763900024769319,0.4409492864879018,1.3661136066370387,-0.7552945362849519,127.00510115394852,-0.9628092775524107
berlin,gbdt+k10,2,0,20,11.733933633148164,1.7725546716179446,0.37401363944728105,0.6873400697444686,0.676069077968603,-0.17289725187750682,0.8214136941954987,0.7774127896597279,0.03851418097856496,0.9359445852822509,0.9359445852822509,0.06405541471774912,6.70633700994814,0.34518751264564806,1.219375118279886,-0.5863556364784923,82.41141169705882,-0.9393105869959618
berlin,gbdt+k10,2,1,20,11.58349377950805,-0.24391933740033103,0.37401363944728105,0.6873400697444686,0.6910177217600362,-0.14583258947167965,0.8214136941954987,0.7972173623260852,0.0831458801966175,0.9359445852822509,0.9359445852822509,0.06405541471774912,7.130994078606796,0.4162530795872461,1.219375118279886,-0.677456468139018,82.41141169705882,-0.9393105869959618
berlin,gbdt+k10,2,2,20,11.814038942555333,2.2871905634619503,0.37401363944728105,0.6873400697444686,0.6573951750157698,-0.2171361921424405,0.8214136941954987,0.7675819140452982,0.01744801894764414,0.9359445852822509,0.9359445852822509,0.06405541471774912,6.847169325865392,0.369407648087978,1.219375118279886,-0.616630421309219,82.41141169705882,-0.9393105869959618
berlin,gbdt+k10,2,3,20,11.642710380964083,-0.8241601425127235,0.37401363944728105,0.6873400697444686,0.7108103926399353,-0.06238916461360844,0.8214136941954987,0.80277549660204,0.10517608693064828,0.9359445852822509,0.9359445852822509,0.06405541471774912,6.601058452529432,0.32289546660953805,1.219375118279886,-0.5570955539763426,82.41141169705882,-0.9393105869959618
berlin,gbdt+k10,2,4,20,11.752998568333533,-1.750059170831273,0.37401363944728105,0.6873400697444686,0.7155711072231942,-0.033301198509896324,0.8214136941954987,0.8089049166279859,0.12118398971685651,0.9359445852822509,0.9359445852822509,0.06405541471774912,6.592968622184729,0.31465943038050004,1.219375118279886,-0.5428192486388009,82.41141169705882,-0.9393105869959618
berlin,gbdt+k10,2,5,20,11.807321163198269,-2.2628623693044934,0.37401363944728105,0.6873400697444686,0.7145118482284191,-0.05645017317099288,0.8214136941954987,0.8128087025862581,0.13230025826876624,0.9359445852822509,0.9359445852822509,0.06405541471774912,7.006014723336749,0.4017567036812225,1.219375118279886,-0.6577886265142295,82.41141169705882,-0.9393105869959618
berlin,gbdt+k10,2,6,20,11.58580917095508,-0.03772255697745246,0.37401363944728105,0.6873400697444686,0.6991942490567834,-0.1179229002273241,0.8214136941954987,0.7972530676854596,0.08453838921222079,0.9359445852822509,0.9359445852822509,0.06405541471774912,6.811433288915729,0.3648968710203402,1.219375118279886,-0.6127210327206122,82.41141169705882,-0.9393105869959618
berlin,gbdt+k10,2,7,20,11.596935194161777,0.29535923548168547,0.37401363944728105,0.6873400697444686,0.6696183097082872,-0.2003665750229109,0.8214136941954987,0.7912545673105533,0.06363885219171406,0.9359445852822509,0.9359445852822509,0.06405541471774912,7.493676640393867,0.46624058271146496,1.219375118279886,-0.7384390053785395,82.41141169705882,-0.9393105869959618
berlin,gbdt+k10,2,8,20,11.614470572056664,0.8596671861328494,0.37401363944728105,0.6873400697444686,0.6690470239582962,-0.19731971768962514,0.8214136941954987,0.7872317634876995,0.05571226241058791,0.9359445852822509,0.9359445852822509,0.06405541471774912,7.219674565126816,0.43249901810261726,1.219375118279886,-0.7004223905095118,82.41141169705882,-0.9393105869959618
berlin,gbdt+k10,2,9,20,11.631733985840208,0.8903593629376418,0.37401363944728105,0.6873400697444686,0.6903631235048381,-0.14013163375822701,0.8214136941954987,0.788076790326228,0.0630556646552648,0.9359445852822509,0.9359445852822509,0.06405541471774912,6.723502330671178,0.3460444412706347,1.219375118279886,-0.5840811793966599,82.41141169705882,-0.9393105869959618
berlin,gbdt+k10d,2,0,20,11.607213259597511,0.48164730920528487,0.37401363944728105,0.6873400697444686,0.6624534342604825,-0.21564846883517214,0.8214136941954987,0.7886837814355935,0.058116423275133666,0.9359445852822509,0.9359445852822509,0.06405541471774912,7.523805665797244,0.4747860653884148,1.219375118279886,-0.7477034270230385,82.41141169705882,-0.9393105869959618
berlin,gbdt,3,0,20,11.656479124448868,0.9441233833718609,0.37401363944728105,0.6873400697444686,0.6764023279894312,-0.1763011628045369,0.8214136941954987,0.7805310577117626,0.04229894907225584,0.9359445852822509,0.9359445852822509,0.06405541471774912,6.940625170153143,0.38698658668666164,1.219375118279886,-0.6396211335211345,82.41141169705882,-0.9393105869959618
berlin,gbdt,3,0,10,11.870508649988453,1.8616503274084597,0.3566608347913022,0.6206424584330108,0.5769033931993193,-0.31231477844824507,0.7837921472012949,0.7203556253793695,-0.014663000916437463,0.9055236190952262,0.9055236190952262,0.09447638090477384,7.761908420276051,0.4414015543733114,1.3661136066370387,-0.7542375751829198,127.00510115394852,-0.9628092775524107
berlin,gbdt+k10,3,0,20,11.704989991185307,1.3982047372854804,0.37401363944728105,0.6873400697444686,0.6825079444424608,-0.1582223491746111,0.8214136941954987,0.7786624772378334,0.039930493567084446,0.9359445852822509,0.9359445852822509,0.06405541471774912,6.682277388489476,0.3399269230311469,1.219375118279886,-0.5784974614777039,82.41141169705882,-0.9393105869959618
berlin,gbdt+k10,3,1,20,11.613319018215082,-0.5209373371450228,0.37401363944728105,0.6873400697444686,0.6932314540412516,-0.13931041049261494,0.8214136941954987,0.7957415408052748,0.07774246914461869,0.9359445852822509,0.9359445852822509,0.06405541471774912,7.161988917803172,0.42176360671736823,1.219375118279886,-0.6830455348296226,82.41141169705882,-0.9393105869959618
berlin,gbdt+k10,3,2,20,11.77628099126032,1.983538897672602,0.37401363944728105,0.6873400697444686,0.6605134430678045,-0.21025695956963136,0.8214136941954987,0.7706049678056677,0.02218492995798671,0.9359445852822509,0.9359445852822509,0.06405541471774912,6.877055734405353,0.3754418538222587,1.219375118279886,-0.6245337067672456,82.41141169705882,-0.9393105869959618
berlin,gbdt+k10,3,3,20,11.665203082494454,-0.9108461620961498,0.37401363944728105,0.6873400697444686,0.7099653658014068,-0.0645195843896168,0.8214136941954987,0.8017162376072648,0.09768986324847362,0.9359445852822509,0.9359445852822509,0.06405541471774912,6.613186671252739,0.3270372882969734,1.219375118279886,-0.5608016460039854,82.41141169705882,-0.9393105869959618
berlin,gbdt+k10,3,4,20,11.74458412055853,-1.55529257920072,0.37401363944728105,0.6873400697444686,0.7137501338950977,-0.04383427952535668,0.8214136941954987,0.804798800299925,0.1063424620035468,0.9359445852822509,0.9359445852822509,0.06405541471774912,6.5944295294356134,0.3164089929898478,1.219375118279886,-0.5436722491769196,82.41141169705882,-0.9393105869959618
berlin,gbdt+k10,3,5,20,11.811024173011212,-2.1881377633331227,0.37401363944728105,0.6873400697444686,0.7116554194784637,-0.06504326299377527,0.8214136941954987,0.8109758274717035,0.12292165053974602,0.9359445852822509,0.9359445852822509,0.06405541471774912,7.056346298135027,0.4095880791706835,1.219375118279886,-0.6670726990781433,82.41141169705882,-0.9393105869959618
berlin,gbdt+k10,3,6,20,11.603572568475755,-0.18394819136020651,0.37401363944728105,0.6873400697444686,0.6988967043953297,-0.11900596279501552,0.8214136941954987,0.7943371300032135,0.0777900762904512,0.9359445852822509,0.9359445852822509,0.06405541471774912,6.844936782147935,0.37085966603587195,1.219375118279886,-0.6208676970786028,82.41141169705882,-0.9393105869959618
berlin,gbdt+k10,3,7,20,11.626810762845738,0.3493926272105928,0.37401363944728105,0.6873400697444686,0.6650956308541912,-0.20807893264779037,0.8214136941954987,0.7846490758262815,0.0491067709263161,0.9359445852822509,0.9359445852822509,0.06405541471774912,7.534249076443265,0.4718701277061687,1.219375118279886,-0.743986904285232,82.41141169705882,-0.9393105869959618
berlin,gbdt+k10,3,8,20,11.608265547099986,0.22279219802208414,0.37401363944728105,0.6873400697444686,0.6768188905154664,-0.17821735042429865,0.8214136941954987,0.7888027993001749,0.06168695921257783,0.9359445852822509,0.9359445852822509,0.06405541471774912,7.280630341755049,0.4415443758108092,1.219375118279886,-0.7104499091660853,82.41141169705882,-0.9393105869959618
berlin,gbdt+k10,3,9,20,11.628191076748381,0.5645681036005279,0.37401363944728105,0.6873400697444686,0.693267159400626,-0.1318955975291891,0.8214136941954987,0.7869342188262458,0.06029445019697466,0.9359445852822509,0.9359445852822509,0.06405541471774912,6.745064520604378,0.3505314147653563,1.219375118279886,-0.5902141972276475,82.41141169705882,-0.9393105869959618
berlin,gbdt+k10d,3,0,20,11.636960203930935,0.6880389383569027,0.37401363944728105,0.6873400697444686,0.6591447376251175,-0.22079004058509177,0.8214136941954987,0.7810309327430047,0.042084716916009124,0.9359445852822509,0.9359445852822509,0.06405541471774912,7.485270991976718,0.4692993418312089,1.219375118279886,-0.7404531608800841,82.41141169705882,-0.9393105869959618
berlin,gbdt,4,0,20,11.652089697091615,0.9825680765153383,0.37401363944728105,0.6873400697444686,0.6774020780519155,-0.1791813951274086,0.8214136941954987,0.7800430844669785,0.04604801180657225,0.9359445852822509,0.9359445852822509,0.06405541471774912,6.9464773497279015,0.3854750598064769,1.219375118279886,-0.6396055990651083,82.41141169705882,-0.9393105869959618
berlin,gbdt,4,0,10,11.864092268185493,1.8944782191095182,0.3566608347913022,0.6206424584330108,0.5722378929077254,-0.32105068970852524,0.7837921472012949,0.7193082681710524,-0.012782518656050179,0.9055236190952262,0.9055236190952262,0.09447638090477384,7.763958034012872,0.4414134561597696,1.3661136066370387,-0.7540926328109798,127.00510115394852,-0.9628092775524107
berlin,gbdt+k10,4,0,20,11.656979553958829,1.0626207251840396,0.37401363944728105,0.6873400697444686,0.6865902571976054,-0.15449709001321088,0.8214136941954987,0.7826019685554801,0.05310577117625359,0.9359445852822509,0.9359445852822509,0.06405541471774912,6.75127341266162,0.3522452720153295,1.219375118279886,-0.5974638520689504,82.41141169705882,-0.9393105869959618
berlin,gbdt+k10,4,1,20,11.614178081139283,-0.6683302516574899,0.37401363944728105,0.6873400697444686,0.6949929184370573,-0.13869151759679121,0.8214136941954987,0.8029183180395377,0.09408362195165498,0.9359445852822509,0.9359445852822509,0.06405541471774912,7.193712358287779,0.4252270265766892,1.219375118279886,-0.688379655396683,82.41141169705882,-0.9393105869959618
berlin,gbdt+k10,4,2,20,11.776299595505174,2.0201577086146116,0.37401363944728105,0.6873400697444686,0.6605967555730116,-0.21226836148105827,0.8214136941954987,0.770307423144214,0.02226824246319381,0.9359445852822509,0.9359445852822509,0.06405541471774912,6.88731706438061,0.37460872877018847,1.219375118279886,-0.6248981680638298,82.41141169705882,-0.9393105869959618
berlin,gbdt+k10,4,3,20,11.668905667225694,-1.0538003218511638,0.37401363944728105,0.6873400697444686,0.7099415622284905,-0.06347222718129986,0.8214136941954987,0.8049892288832554,0.10929410504516734,0.9359445852822509,0.9359445852822509,0.06405541471774912,6.624017697013168,0.327013484724057,1.219375118279886,-0.562748871975223,82.41141169705882,-0.9393105869959618
berlin,gbdt+k10,4,4,20,11.771302468113598,-1.7954954565582593,0.37401363944728105,0.6873400697444686,0.7142024017805072,-0.040263743587912515,0.8214136941954987,0.8088573094821533,0.12146963259185206,0.9359445852822509,0.9359445852822509,0.06405541471774912,6.61085823236025,0.31770628771378584,1.219375118279886,-0.5462068592283694,82.41141169705882,-0.9393105869959618
berlin,gbdt+k10,4,5,20,11.709596296905264,-1.6018121974437227,0.37401363944728105,0.6873400697444686,0.7075493031504029,-0.08555004106116326,0.8214136941954987,0.8099879791956772,0.1181966413158616,0.9359445852822509,0.9359445852822509,0.06405541471774912,7.0096630820948835,0.39987622142083523,1.219375118279886,-0.6560881249615228,82.41141169705882,-0.9393105869959618
berlin,gbdt+k10,4,6,20,11.599050386299345,-0.16338007505724417,0.37401363944728105,0.6873400697444686,0.6980635793432595,-0.1205055878887421,0.8214136941954987,0.798336130253151,0.08583568393615881,0.9359445852822509,0.9359445852822509,0.06405541471774912,6.850250412974571,0.3691101034265243,1.219375118279886,-0.6203244562113391,82.41141169705882,-0.9393105869959618
berlin,gbdt+k10,4,7,20,11.612091094308393,0.1854957817998363,0.37401363944728105,0.6873400697444686,0.6707727829947275,-0.198759833851061,0.8214136941954987,0.789612120779329,0.06268670927506226,0.9359445852822509,0.9359445852822509,0.06405541471774912,7.494237224430372,0.46589543090417873,1.219375118279886,-0.7376342213805804,82.41141169705882,-0.9393105869959618
berlin,gbdt+k10,4,8,20,11.5996247023018,0.0469362952768442,0.37401363944728105,0.6873400697444686,0.6844122302757644,-0.16738672474738459,0.8214136941954987,0.7955511122219445,0.07717118339462758,0.9359445852822509,0.9359445852822509,0.06405541471774912,7.240750435621078,0.43499839325882816,1.219375118279886,-0.7030566984809087,82.41141169705882,-0.9393105869959618
berlin,gbdt+k10,4,9,20,11.681195490378022,1.2860567633962503,0.37401363944728105,0.6873400697444686,0.6844836409945133,-0.15717499196629414,0.8214136941954987,0.7810309327430047,0.04905916378048347,0.9359445852822509,0.9359445852822509,0.06405541471774912,6.7149394054824025,0.3404267980623892,1.219375118279886,-0.5775862446533329,82.41141169705882,-0.9393105869959618
berlin,gbdt+k10d,4,0,20,11.643522160605247,0.8747491702706359,0.37401363944728105,0.6873400697444686,0.6532533533283346,-0.23234667523595287,0.8214136941954987,0.7778650575451376,0.038657002416062736,0.9359445852822509,0.9359445852822509,0.06405541471774912,7.5065074438478385,0.471655895549922,1.219375118279886,-0.7432456459531586,82.41141169705882,-0.9393105869959618
berlin,gbdt_iw,0,0,20,11.633647666345723,0.9377744727495194,0.37401363944728105,0.6873400697444686,0.6770212208852548,-0.17263541257542747,0.8214136941954987,0.7821735042429869,0.049916092405470125,0.9359445852822509,0.9359445852822509,0.06405541471774912,6.920586615718322,0.3859035241189702,1.219375118279886,-0.6389142723045634,82.41141169705882,-0.9393105869959618
berlin,gbdt_iw,0,0,10,11.849251240600472,1.8333708106127582,0.3566608347913022,0.6206424584330108,0.5724521250639721,-0.31626617155235004,0.7837921472012949,0.7243903309886814,-0.005129669963461425,0.9055236190952262,0.9055236190952262,0.09447638090477384,7.749549795603987,0.4367955630140084,1.3661136066370387,-0.7529865978904732,127.00510115394852,-0.9628092775524107
berlin,gbdt_iw,1,0,20,11.656031576450541,0.9283618930695101,0.37401363944728105,0.6873400697444686,0.6778305423644089,-0.17163566251294315,0.8214136941954987,0.7796146201544852,0.04469120815034344,0.9359445852822509,0.9359445852822509,0.06405541471774912,6.919074254702343,0.3841182561502481,1.219375118279886,-0.6360168314399961,82.41141169705882,-0.9393105869959618
berlin,gbdt_iw,1,0,10,11.867059435581139,1.8314351053030438,0.3566608347913022,0.6206424584330108,0.5719403482462717,-0.31715880553671105,0.7837921472012949,0.7211768486449817,-0.009699955963390017,0.9055236190952262,0.9055236190952262,0.09447638090477384,7.7497564172557745,0.4368074648004666,1.3661136066370387,-0.7514495019911783,127.00510115394852,-0.9628092775524107
berlin,gbdt_iw,2,0,20,11.648993231733433,0.9296901534789818,0.37401363944728105,0.6873400697444686,0.6762714083383916,-0.17693195748681867,0.8214136941954987,0.7784244415086704,0.04007331500458222,0.9359445852822509,0.9359445852822509,0.06405541471774912,6.929858288196109,0.38476095261898813,1.219375118279886,-0.6382673467935257,82.41141169705882,-0.9393105869959618
berlin,gbdt_iw,2,0,10,11.866957692685807,1.847060748930503,0.3566608347913022,0.6206424584330108,0.5733447590483332,-0.3145166089430024,0.7837921472012949,0.719105937801264,-0.02081622451529974,0.9055236190952262,0.9055236190952262,0.09447638090477384,7.758469891063972,0.4378191166494091,1.3661136066370387,-0.7517922352690452,127.00510115394852,-0.9628092775524107
berlin,gbdt_iw,3,0,20,11.678242516902419,0.9001818648182128,0.37401363944728105,0.6873400697444686,0.6743790242915462,-0.1780388236274264,0.8214136941954987,0.7797931469513574,0.04215612763475807,0.9359445852822509,0.9359445852822509,0.06405541471774912,6.905618080214461,0.38445150617107626,1.219375118279886,-0.6366576802649698,82.41141169705882,-0.9393105869959618
berlin,gbdt_iw,3,0,10,11.879684229961146,1.8234411284118406,0.3566608347913022,0.6206424584330108,0.5757965270587115,-0.31442139465133717,0.7837921472012949,0.7216648218897657,-0.013710857999785664,0.9055236190952262,0.9055236190952262,0.09447638090477384,7.743325680884125,0.43777150950357646,1.3661136066370387,-0.7519899749474525,127.00510115394852,-0.9628092775524107
berlin,gbdt_iw,4,0,20,11.662035363687858,0.9396184934619344,0.37401363944728105,0.6873400697444686,0.6758310422394401,-0.17620594851287175,0.8214136941954987,0.777984075409719,0.039775770343128514,0.9359445852822509,0.9359445852822509,0.06405541471774912,6.908523883677668,0.38265433641589597,1.219375118279886,-0.6377840816587926,82.41141169705882,-0.9393105869959618
berlin,gbdt_iw,4,0,10,11.86306788737343,1.8632146661404627,0.3566608347913022,0.6206424584330108,0.5715713928660692,-0.31745635019816476,0.7837921472012949,0.7176301162804537,-0.016626795682031847,0.9055236190952262,0.9055236190952262,0.09447638090477384,7.7454022506169995,0.4358196165244403,1.3661136066370387,-0.7517048654705498,127.00510115394852,-0.9628092775524107
berlin,gp_ard,0,0,20,11.641751958872304,0.6448188243242218,0.37401363944728105,0.6873400697444686,0.6753192654217398,-0.17098106425774506,0.8214136941954987,0.7891717546803775,0.06436486116566098,0.9359445852822509,0.9359445852822509,0.06405541471774912,6.936542981018343,0.3840349436450411,1.219375118279886,-0.6273037259758595,82.41141169705882,-0.9393105869959618
berlin,gp_ard,0,0,10,11.84284103253297,1.5665974439216819,0.3566608347913022,0.6206424584330108,0.5828899917877673,-0.3025434117661061,0.7837921472012949,0.7243665274157651,5.950893229078602e-05,0.9055236190952262,0.9055236190952262,0.09447638090477384,7.738665302147549,0.4353197414931982,1.3661136066370387,-0.744486121376361,127.00510115394852,-0.9628092775524107
berlin,kernel,0,0,20,11.685170023786021,0.7711949460167116,0.37401363944728105,0.6873400697444686,0.6659168541198034,-0.18602492234084334,0.8214136941954987,0.782506754263815,0.0519870032491877,0.9359445852822509,0.9359445852822509,0.06405541471774912,6.99084893541736,0.3873793456397805,1.219375118279886,-0.6263658187525091,82.41141169705882,-0.9393105869959618
berlin,kernel,0,0,10,11.887794177071395,1.6762318171807762,0.3566608347913022,0.6206424584330108,0.5754156698920508,-0.3088275550160079,0.7837921472012949,0.7160471786815201,-0.016710108187238837,0.9055236190952262,0.9055236190952262,0.09447638090477384,7.7762536004739395,0.4381642684566953,1.3661136066370387,-0.739882983735027,127.00510115394852,-0.9628092775524107
berlin,knn,0,0,20,11.673511097162226,0.8106051078348967,0.37401363944728105,0.6873400697444686,0.6649766129896097,-0.17639637709620204,0.8214136941954987,0.7811618523940443,0.0513086014210733,0.9359445852822509,0.9359445852822509,0.06405541471774912,6.930706082796434,0.3814760595565394,1.219375118279886,-0.6236947983983802,82.41141169705882,-0.9393105869959618
berlin,knn,0,0,10,11.878538630950032,1.702985979427656,0.3566608347913022,0.6206424584330108,0.5717856250223159,-0.30441199224003523,0.7837921472012949,0.7111436426607634,-0.02078051915592527,0.9055236190952262,0.9055236190952262,0.09447638090477384,7.738565856267226,0.4311184108734721,1.3661136066370387,-0.7389970841545147,127.00510115394852,-0.9628092775524107
berlin,median,0,0,20,12.256375971290106,2.9406922745546367,0.37401363944728105,0.6873400697444686,0.5806524559336357,-0.23153735375679885,0.8214136941954987,0.7833636828888016,0.07771866557170237,0.9359445852822509,0.9359445852822509,0.06405541471774912,6.9886678803094595,0.40704109686864,1.219375118279886,-0.6851231486134937,82.41141169705882,-0.9393105869959618
berlin,median,0,0,10,12.481095797983215,3.4361460922479665,0.3566608347913022,0.6206424584330108,0.4792730388831364,-0.3957105961604837,0.7837921472012949,0.6868997036455172,-0.010271241713381118,0.9055236190952262,0.9055236190952262,0.09447638090477384,7.847982696567467,0.4428297687482891,1.3661136066370387,-0.7932053539440759,127.00510115394852,-0.9628092775524107
berlin,mlp,0,0,20,11.56406037983159,0.4897940186795795,0.37401363944728105,0.6873400697444686,0.6864236321871913,-0.15440187572154573,0.8214136941954987,0.7874102902845718,0.062079718165696685,0.9359445852822509,0.9359445852822509,0.06405541471774912,6.919764605379754,0.37767938967639036,1.219375118279886,-0.6275571527852072,82.41141169705882,-0.9393105869959618
berlin,mlp,0,0,10,11.753269681526527,1.39497958148019,0.3566608347913022,0.6206424584330108,0.5905428404803561,-0.2864164911153164,0.7837921472012949,0.7309958224729531,0.01097344711441195,0.9055236190952262,0.9055236190952262,0.09447638090477384,7.720567111657464,0.43279656276407097,1.3661136066370387,-0.7431657942119898,127.00510115394852,-0.9628092775524107
berlin,mlp,1,0,20,11.577854191618604,0.08761482135919749,0.37401363944728105,0.6873400697444686,0.69067256995275,-0.1467966341747896,0.8214136941954987,0.789290772544959,0.0643886647385773,0.9359445852822509,0.9359445852822509,0.06405541471774912,6.947831895772361,0.3796788898013592,1.219375118279886,-0.6264096106371843,82.41141169705882,-0.9393105869959618
berlin,mlp,1,0,10,11.731438007280282,1.0255552517131672,0.3566608347913022,0.6206424584330108,0.596184287261518,-0.2751812046988253,0.7837921472012949,0.7347091798478952,0.01723378679139742,0.9055236190952262,0.9055236190952262,0.09447638090477384,7.733343326761766,0.4359386343890218,1.3661136066370387,-0.7418890176859539,127.00510115394852,-0.9628092775524107
berlin,mlp,2,0,20,11.566818732843196,0.24421288109740585,0.37401363944728105,0.6873400697444686,0.6908987038954547,-0.15037907189869193,0.8214136941954987,0.7904571476178575,0.06584068268647125,0.9359445852822509,0.9359445852822509,0.06405541471774912,6.8929631338715405,0.3745968269837302,1.219375118279886,-0.6225394860196897,82.41141169705882,-0.9393105869959618
berlin,mlp,2,0,10,11.72925179787428,1.1702906761846865,0.3566608347913022,0.6206424584330108,0.596184287261518,-0.280084740719582,0.7837921472012949,0.7343997333999833,0.017305197510146364,0.9055236190952262,0.9055236190952262,0.09447638090477384,7.693278710978854,0.43040430368598326,1.3661136066370387,-0.7389565755896765,127.00510115394852,-0.9628092775524107
berlin,mlp,3,0,20,11.619351187992491,1.105949268407933,0.37401363944728105,0.6873400697444686,0.6714035776770093,-0.1994382356791754,0.8214136941954987,0.7779602718368027,0.038204734530653095,0.9359445852822509,0.9359445852822509,0.06405541471774912,7.040286837717921,0.39661513193130293,1.219375118279886,-0.6461829658521724,82.41141169705882,-0.9393105869959618
berlin,mlp,3,0,10,11.84948109839616,2.0148222345950164,0.3566608347913022,0.6206424584330108,0.5778674379024291,-0.32410944882826914,0.7837921472012949,0.7112150533795123,-0.03777627021815966,0.9055236190952262,0.9055236190952262,0.09447638090477384,7.814807693807156,0.44987562633151235,1.3661136066370387,-0.7608729580656188,127.00510115394852,-0.9628092775524107
berlin,mlp,4,0,20,11.648437422028522,1.4111001657539581,0.37401363944728105,0.6873400697444686,0.6689875150260054,-0.19795051237190697,0.8214136941954987,0.776853405696195,0.03595529689006327,0.9359445852822509,0.9359445852822509,0.06405541471774912,6.899044090311992,0.3783220861451304,1.219375118279886,-0.6263081229991099,82.41141169705882,-0.9393105869959618
berlin,mlp,4,0,10,11.90712507409785,2.3375849573890997,0.3566608347913022,0.6206424584330108,0.5715951964389855,-0.3305007081562943,0.7837921472012949,0.7081562942597683,-0.04483402958784111,0.9055236190952262,0.9055236190952262,0.09447638090477384,7.718696724956679,0.43347496459218526,1.3661136066370387,-0.7431961119327791,127.00510115394852,-0.9628092775524107
berlin,ridge,0,0,20,11.593615500997496,0.6696238695621062,0.37401363944728105,0.6873400697444686,0.6768307923019246,-0.1614001261589364,0.8214136941954987,0.7914807012532581,0.06791159353018894,0.9359445852822509,0.9359445852822509,0.06405541471774912,6.904997752550606,0.38086906844717394,1.219375118279886,-0.6215618372192484,82.41141169705882,-0.9393105869959618
berlin,ridge,0,0,10,11.790619346700383,1.5607153545075947,0.3566608347913022,0.6206424584330108,0.5809023934492568,-0.2991990097713667,0.7837921472012949,0.7345782601968556,0.019578438723652503,0.9055236190952262,0.9055236190952262,0.09447638090477384,7.7121924860633495,0.43410575927446715,1.3661136066370387,-0.7375645319700505,127.00510115394852,-0.9628092775524107
berlin,ridge+k10,0,0,20,11.691489500612802,1.6712682329030126,0.37401363944728105,0.6873400697444686,0.6676902203020674,-0.18313278823151347,0.8214136941954987,0.7806857809357185,0.046904940431558795,0.9359445852822509,0.9359445852822509,0.06405541471774912,6.764406942992638,0.35837469204127537,1.219375118279886,-0.5910178140426063,82.41141169705882,-0.9393105869959618
berlin,ridge+k10,0,1,20,11.57764982173752,-0.7956954247736897,0.37401363944728105,0.6873400697444686,0.6938860522964497,-0.11899406100855736,0.8214136941954987,0.8035967198676521,0.10095095273800603,0.9359445852822509,0.9359445852822509,0.06405541471774912,7.045374014880865,0.4023636947905881,1.219375118279886,-0.6505038492941788,82.41141169705882,-0.9393105869959618
berlin,ridge+k10,0,2,20,11.666303907865256,1.6050068067292422,0.37401363944728105,0.6873400697444686,0.6622868092500684,-0.20072362861665533,0.8214136941954987,0.7810309327430047,0.04691684221801695,0.9359445852822509,0.9359445852822509,0.06405541471774912,6.911276965850284,0.38176170243153495,1.219375118279886,-0.6223292621476058,82.41141169705882,-0.9393105869959618
berlin,ridge+k10,0,3,20,11.640064213574869,-0.940886728661731,0.37401363944728105,0.6873400697444686,0.7081443924733103,-0.05017793170754925,0.8214136941954987,0.8057271396436605,0.11424524821175663,0.9359445852822509,0.9359445852822509,0.06405541471774912,6.5304469729014665,0.3099344211566156,1.219375118279886,-0.5227317480702588,82.41141169705882,-0.9393105869959618
berlin,ridge+k10,0,4,20,11.823162375874611,-2.271973535686927,0.37401363944728105,0.6873400697444686,0.7152973661346568,-0.015079563442472632,0.8214136941954987,0.8128920150914652,0.13412123159686273,0.9359445852822509,0.9359445852822509,0.06405541471774912,6.589966391218986,0.31808714488044654,1.219375118279886,-0.5311306073001902,82.41141169705882,-0.9393105869959618
berlin,ridge+k10,0,5,20,11.75428525161902,-2.1261772794143186,0.37401363944728105,0.6873400697444686,0.7079420621035217,-0.07382678139988808,0.8214136941954987,0.8151057473726806,0.13393080301353233,0.9359445852822509,0.9359445852822509,0.06405541471774912,7.1071224199472365,0.4186691422382499,1.219375118279886,-0.6714122565084482,82.41141169705882,-0.9393105869959618
berlin,ridge+k10,0,6,20,11.560586766733154,-0.19863369942734913,0.37401363944728105,0.6873400697444686,0.6926601682912605,-0.11848228419085705,0.8214136941954987,0.8007521929041549,0.09279822901417512,0.9359445852822509,0.9359445852822509,0.06405541471774912,6.84651522295806,0.3729900858118803,1.219375118279886,-0.6128806017213828,82.41141169705882,-0.9393105869959618
berlin,ridge+k10,0,7,20,11.575550686104808,0.14313069383317412,0.37401363944728105,0.6873400697444686,0.6583592197188798,-0.21988550481427255,0.8214136941954987,0.7961819069042263,0.07558824579569401,0.9359445852822509,0.9359445852822509,0.06405541471774912,7.6874731394655935,0.4920674593256448,1.219375118279886,-0.7626100277399499,82.41141169705882,-0.9393105869959618
berlin,ridge+k10,0,8,20,11.572661418768632,0.6568530811414894,0.37401363944728105,0.6873400697444686,0.6652622558646053,-0.1990573785125147,0.8214136941954987,0.792599469180324,0.06905416503017103,0.9359445852822509,0.9359445852822509,0.06405541471774912,7.2548554972140575,0.4381761702431535,1.219375118279886,-0.7009127119649944,82.41141169705882,-0.9393105869959618
berlin,ridge+k10,0,9,20,11.630672636206725,1.2203378236656888,0.37401363944728105,0.6873400697444686,0.6734149795884362,-0.16631556396615133,0.8214136941954987,0.786862808107497,0.05834255721783843,0.9359445852822509,0.9359445852822509,0.06405541471774912,6.793565026627574,0.3599100224943764,1.219375118279886,-0.590330848799548,82.41141169705882,-0.9393105869959618
berlin,ridge+k10d,0,0,20,11.601658745613111,0.9137749803623753,0.37401363944728105,0.6873400697444686,0.6508134871044143,-0.2320015234286666,0.8214136941954987,0.7867675938158317,0.05348662834291429,0.9359445852822509,0.9359445852822509,0.06405541471774912,7.403485225740999,0.45713571607098225,1.219375118279886,-0.7197146566160858,82.41141169705882,-0.9393105869959618
berlin,uma_los,0,0,20,20.58206881005022,-16.79418753495586,0.37401363944728105,0.6873400697444686,0.6873400697444686,0.3126599302555314,0.8214136941954987,0.8214136941954987,0.1785863058045013,0.9359445852822509,0.9359445852822509,0.06405541471774912,6.990389586151778,0.40993323097796974,1.219375118279886,-0.6888245934463169,82.41141169705882,-0.9393105869959618
berlin,uma_los,0,0,10,20.24228681444238,-16.304587693848575,0.3566608347913022,0.6206424584330108,0.6206424584330108,0.3793575415669892,0.7837921472012949,0.7837921472012949,0.21620785279870514,0.9055236190952262,0.9055236190952262,0.09447638090477384,7.796019777467391,0.4394020542483427,1.3661136066370387,-0.789460200365911,127.00510115394852,-0.9628092775524107
berlin,uma_nlos,0,0,20,23.396219852252415,19.645085975207813,0.37401363944728105,0.6873400697444686,0.4362123754775592,-0.49163899501315145,0.8214136941954987,0.5599671510693756,-0.30892276930767304,0.9359445852822509,0.7795432094357363,-0.1392151962009498,7.350983633577182,0.1705406981587936,1.219375118279886,-0.13094961598145916,82.41141169705882,-0.9393105869959618
berlin,uma_nlos,0,0,10,24.438117846671197,20.705698645481036,0.3566608347913022,0.6206424584330108,0.41912141012365955,-0.5344378191166494,0.7837921472012949,0.3857964080408469,-0.522131371918925,0.9055236190952262,0.5980409659489889,-0.31709929660442027,9.116473304988672,0.3475440663643613,1.3661136066370387,-0.5299717595864196,127.00510115394852,-0.9628092775524107
chicago,oracle,0,0,20,11.805056275286924,0.00043812975160622224,0.403662113368934,0.76657824933687,0.5679547552553781,-0.3583355729793524,0.8361163369518223,0.827142172729291,0.0868787903574475,0.9322380490540904,0.9324717512473855,0.06621951647016211,7.27184616267184,0.45008705406700245,1.0307256587937446,-0.7141448215507049,77.3963577809017,-0.9117479597646612
chicago,oracle,0,0,10,11.579623419104632,1.2169796843001826,0.39104219493099945,0.6879140910737447,0.551840989027682,-0.40899052337606184,0.7814417088304374,0.7991680201918695,0.09809649563561151,0.8733450963437291,0.8746421435165169,0.12470349034225692,8.048622559924588,0.407798642190257,1.2119281814155816,-0.7682765491582861,111.08587325522032,-0.9428041486865016
chicago,coral,0,0,20,13.34341166394465,1.1196173586291558,0.40440996038747823,0.76657824933687,0.5582911695626264,-0.2444641792963227,0.8361163369518223,0.813832832821136,0.11598639853235027,0.9322380490540904,0.9322380490540904,0.06776195094590964,6.708073859662866,0.38275745217868873,1.0307256587937446,-0.6268311179022941,88.70835926033817,-0.9179730499145948
chicago,coral,0,0,10,13.422734267785824,2.410293617763829,0.39154465464658383,0.6879140910737447,0.527407424718681,-0.3265053342525619,0.7814417088304374,0.7585038385585249,0.14731417754355625,0.8733450963437291,0.8733450963437291,0.12665490365627086,7.9492306291839245,0.2900828474275231,1.2119281814155816,-0.6268252276595029,141.24137549551816,-0.9500340676811265
chicago,cost231,0,0,20,35.77032553460997,32.55974921246953,0.40440996038747823,0.76657824933687,0.23342175066312998,-0.76657824933687,0.8361163369518223,0.1638836630481777,-0.8361163369518223,0.9322380490540904,0.29093586043305014,-0.6745229553979364,10.586467882174778,0.49371925355519464,1.0307256587937446,-0.8018704658336773,88.70835926033817,-0.9179730499145948
chicago,cost231,0,0,10,37.03741471489642,33.950359955786645,0.39154465464658383,0.6879140910737447,0.31208590892625526,-0.6879140910737447,0.7814417088304374,0.21855829116956263,-0.7814417088304374,0.8733450963437291,0.20387010832096658,-0.778368524988607,14.059312962066727,0.6231902686406712,1.2119281814155816,-1.0605466044756475,141.24137549551816,-0.9500340676811265
chicago,gbdt,0,0,20,13.417580612242974,2.212745451055638,0.40440996038747823,0.76657824933687,0.544140501758609,-0.35847579429532944,0.8361163369518223,0.8023463700206827,0.09440400098154922,0.9322380490540904,0.9322380490540904,0.06776195094590964,7.00022254409327,0.40872176585377257,1.0307256587937446,-0.6505173331999694,88.70835926033817,-0.9179730499145948
chicago,gbdt,0,0,10,13.610318639431643,3.4896382086971456,0.39154465464658383,0.6879140910737447,0.5170661026653736,-0.43600649692097354,0.7814417088304374,0.7439091365872469,0.11322871265146817,0.8733450963437291,0.8733450963437291,0.12665490365627086,8.15857955211864,0.3140022669112749,1.2119281814155816,-0.6483473750393269,141.24137549551816,-0.9500340676811265
chicago,gbdt+k10,0,0,20,13.182104288123266,-1.2520656127901892,0.40440996038747823,0.76657824933687,0.6567031631591862,-0.15007186342443823,0.8361163369518223,0.827001951413314,0.14156510358849717,0.9322380490540904,0.9322380490540904,0.06776195094590964,6.985838887851259,0.4076350506549504,1.0307256587937446,-0.649082346207434,88.70835926033817,-0.9179730499145948
chicago,gbdt+k10,0,1,20,13.007432673144251,1.5694859527601022,0.40440996038747823,0.76657824933687,0.5120882459481882,-0.45732013694948526,0.8361163369518223,0.8115542364365089,0.09683450379181813,0.9322380490540904,0.9322380490540904,0.06776195094590964,7.724712232845856,0.5032426179319693,1.0307256587937446,-0.7346229745458719,88.70835926033817,-0.9179730499145948
chicago,gbdt+k10,0,2,20,13.11717916259723,-0.23449935727116195,0.40440996038747823,0.76657824933687,0.6119725633625072,-0.21730798443543398,0.8361163369518223,0.8276095771158812,0.1365405064326528,0.9322380490540904,0.9322380490540904,0.06776195094590964,7.215489748542248,0.4396055106977179,1.0307256587937446,-0.6799098716129536,88.70835926033817,-0.9179730499145948
chicago,gbdt+k10,0,3,20,13.095430506976264,-0.6519012169450583,0.40440996038747823,0.76657824933687,0.630470091961813,-0.23106135851084963,0.8361163369518223,0.8215333200902091,0.13915797099755778,0.9322380490540904,0.9322380490540904,0.06776195094590964,7.091391804999184,0.4214234800593604,1.0307256587937446,-0.6611002290752614,88.70835926033817,-0.9179730499145948
chicago,gbdt+k10,0,4,20,13.0767478946339,2.3490108221690784,0.40440996038747823,0.76657824933687,0.44929246660979916,-0.5399338622792975,0.8361163369518223,0.7926710992182662,0.056287173255121004,0.9322380490540904,0.9322380490540904,0.06776195094590964,8.194908344090097,0.5562579604809591,1.0307256587937446,-0.7735487492428861,88.70835926033817,-0.9179730499145948
chicago,gbdt+k10,0,5,20,13.235270181874316,-2.153997408565087,0.40440996038747823,0.76657824933687,0.6643569099896003,-0.08230991247852859,0.8361163369518223,0.8284509050117436,0.1500251229857792,0.9322380490540904,0.9322380490540904,0.06776195094590964,7.097838686052242,0.4325710746795359,1.0307256587937446,-0.6756543300189155,88.70835926033817,-0.9179730499145948
chicago,gbdt+k10,0,6,20,13.05417186857767,2.166429422705894,0.40440996038747823,0.76657824933687,0.46247327031164187,-0.5223127169048482,0.8361163369518223,0.7983617476250014,0.07291508430806626,0.9322380490540904,0.9322380490540904,0.06776195094590964,8.007115543915338,0.5409738370394606,1.0307256587937446,-0.7614038223744672,88.70835926033817,-0.9179730499145948
chicago,gbdt+k10,0,7,20,13.353126751552479,2.5594356359290584,0.40440996038747823,0.76657824933687,0.5214947592283153,-0.42215964196823985,0.8361163369518223,0.7988408371212564,0.08211126561422777,0.9322380490540904,0.9322380490540904,0.06776195094590964,7.087189734487495,0.4191799390037276,1.0307256587937446,-0.6626347811546278,88.70835926033817,-0.9179730499145948
chicago,gbdt+k10,0,8,20,13.194756483487767,2.1978169065638924,0.40440996038747823,0.76657824933687,0.5046915715303988,-0.46216945746035826,0.8361163369518223,0.8033863447808458,0.08756821182766794,0.9322380490540904,0.9322380490540904,0.06776195094590964,7.576214271286109,0.4794984750931888,1.0307256587937446,-0.7104225715225689,88.70835926033817,-0.9179730499145948
chicago,gbdt+k10,0,9,20,13.121432136433757,1.0346390860851364,0.40440996038747823,0.76657824933687,0.5827247338716274,-0.3205459283235373,0.8361163369518223,0.8188340597576508,0.1166173944542469,0.9322380490540904,0.9322380490540904,0.06776195094590964,7.051405291820561,0.4210261863307587,1.0307256587937446,-0.664892597770196,88.70835926033817,-0.9179730499145948
chicago,gbdt+k10d,0,0,20,13.167214658737734,1.96192812016107,0.40440996038747823,0.76657824933687,0.5270568714287384,-0.4299185547856367,0.8361163369518223,0.805326072985195,0.08735787985370247,0.9322380490540904,0.9322380490540904,0.06776195094590964,7.417211536397239,0.4603699505719861,1.0307256587937446,-0.6975943964258102,88.70835926033817,-0.9179730499145948
chicago,gbdt,1,0,20,13.375173967821677,2.045700940068658,0.40440996038747823,0.76657824933687,0.5542481216186214,-0.3497937578144171,0.8361163369518223,0.8094275464775237,0.09914815550543943,0.9322380490540904,0.9322380490540904,0.06776195094590964,7.014192950653709,0.4095864639689643,1.0307256587937446,-0.6482092217082418,88.70835926033817,-0.9179730499145948
chicago,gbdt,1,0,10,13.54477951642356,3.3289115100493607,0.39154465464658383,0.6879140910737447,0.5278514588859416,-0.42732446044006117,0.7814417088304374,0.7505462788768272,0.12040336998562728,0.8733450963437291,0.8733450963437291,0.12665490365627086,8.180340837167874,0.31252994309351595,1.2119281814155816,-0.6444547579999031,141.24137549551816,-0.9500340676811265
chicago,gbdt+k10,1,0,20,13.149399147486987,-0.7882400484716572,0.40440996038747823,0.76657824933687,0.6485703268325174,-0.19094637703174844,0.8361163369518223,0.8265345470267238,0.1359562509494151,0.9322380490540904,0.9322380490540904,0.06776195094590964,6.942459924022197,0.40106801902335854,1.0307256587937446,-0.6403267142010878,88.70835926033817,-0.9179730499145948
chicago,gbdt+k10,1,1,20,13.008564885647663,1.6137297509154582,0.40440996038747823,0.76657824933687,0.5158859065892334,-0.45658397504060577,0.8361163369518223,0.8149429182392877,0.09809649563561151,0.9322380490540904,0.9322380490540904,0.06776195094590964,7.724929348110456,0.5023779198167775,1.0307256587937446,-0.731993237681272,88.70835926033817,-0.9179730499145948
chicago,gbdt+k10,1,2,20,13.10093067967134,-0.1564342589967831,0.40440996038747823,0.76657824933687,0.612977482793676,-0.2353497937578144,0.8361163369518223,0.8288365136306804,0.1341684291707077,0.9322380490540904,0.9322380490540904,0.06776195094590964,7.235827627612563,0.4410544642961474,1.0307256587937446,-0.6788765942037551,88.70835926033817,-0.9179730499145948
chicago,gbdt+k10,1,3,20,13.092441688472004,-0.6606629021440054,0.40440996038747823,0.76657824933687,0.6330525011977237,-0.2421505275827014,0.8361163369518223,0.8239170824618189,0.1379193493730938,0.9322380490540904,0.9322380490540904,0.06776195094590964,7.091370346333357,0.42065226282148666,1.0307256587937446,-0.6573271578095958,88.70835926033817,-0.9179730499145948
chicago,gbdt+k10,1,4,20,12.973601541736933,1.7894401287625876,0.40440996038747823,0.76657824933687,0.47176293249512147,-0.51295294406338,0.8361163369518223,0.806225826429381,0.07423550170018345,0.9322380490540904,0.9322380490540904,0.06776195094590964,8.25980731247352,0.5627899367835567,1.0307256587937446,-0.7760104448857986,88.70835926033817,-0.9179730499145948
chicago,gbdt+k10,1,5,20,13.22027437439102,-2.1842236109253124,0.40440996038747823,0.76657824933687,0.6661797870973019,-0.09348087731803367,0.8361163369518223,0.831138480234637,0.14647284964769391,0.9322380490540904,0.9322380490540904,0.06776195094590964,7.127813213677587,0.43654401196555226,1.0307256587937446,-0.6760521879527216,88.70835926033817,-0.9179730499145948
chicago,gbdt+k10,1,6,20,13.05266808873265,2.281548878277739,0.40440996038747823,0.76657824933687,0.4530784421411795,-0.5335771626216712,0.8361163369518223,0.7995886841398007,0.0639058647565407,0.9322380490540904,0.9322380490540904,0.06776195094590964,8.105807126181794,0.5497142990686967,1.0307256587937446,-0.7662143196420534,88.70835926033817,-0.9179730499145948
chicago,gbdt+k10,1,7,20,13.379995347035095,2.790281665008009,0.40440996038747823,0.76657824933687,0.5143201018941562,-0.4424449923462532,0.8361163369518223,0.7993199266175113,0.07581299150492526,0.9322380490540904,0.9322146788347608,0.06769184028792108,7.114742511386958,0.42166886736232023,1.0307256587937446,-0.6624731655471632,88.70835926033817,-0.9179730499145948
chicago,gbdt+k10,1,8,20,13.203942837772313,2.299947952926167,0.40440996038747823,0.76657824933687,0.5047266268593931,-0.46622419051402797,0.8361163369518223,0.8064011030743523,0.08583881559728435,0.9322380490540904,0.9322380490540904,0.06776195094590964,7.544657388614134,0.47428691618270835,1.0307256587937446,-0.7046513540653163,88.70835926033817,-0.9179730499145948
chicago,gbdt+k10,1,9,20,13.132076050458505,1.1178662531598988,0.40440996038747823,0.76657824933687,0.581416001589175,-0.32671566622652753,0.8361163369518223,0.8191495577185992,0.1142453171923018,0.9322380490540904,0.9322380490540904,0.06776195094590964,7.027064772566193,0.4167611213031235,1.0307256587937446,-0.658482007505629,88.70835926033817,-0.9179730499145948
chicago,gbdt+k10d,1,0,20,13.098962951083733,1.5782490451268008,0.40440996038747823,0.76657824933687,0.5432524334240877,-0.4107549749354398,0.8361163369518223,0.8132485773378983,0.09876254688650254,0.9322380490540904,0.9322380490540904,0.06776195094590964,7.478424669361203,0.4658152116757615,1.0307256587937446,-0.7005654117895475,88.70835926033817,-0.9179730499145948
chicago,gbdt,2,0,20,13.516722389005036,2.4759889885474617,0.40440996038747823,0.76657824933687,0.5287044718914687,-0.37783802100982716,0.8361163369518223,0.8023697402400122,0.09344582198903939,0.9322380490540904,0.9322380490540904,0.06776195094590964,7.016657069174094,0.40617441194685616,1.0307256587937446,-0.6474162508101735,88.70835926033817,-0.9179730499145948
chicago,gbdt,2,0,10,13.73881938643622,3.748442205360851,0.39154465464658383,0.6879140910737447,0.5056614356325734,-0.4494210028161114,0.7814417088304374,0.7478937589829281,0.11740029680178543,0.8733450963437291,0.8733450963437291,0.12665490365627086,8.18731988505348,0.3133011603313897,1.2119281814155816,-0.6432552524577606,141.24137549551816,-0.9500340676811265
chicago,gbdt+k10,2,0,20,13.19410481358807,-0.923944349588128,0.40440996038747823,0.76657824933687,0.6522394512672501,-0.15642856308206454,0.8361163369518223,0.8255413127052197,0.14138982694352586,0.9322380490540904,0.9322380490540904,0.06776195094590964,6.972383959824817,0.4013484616553127,1.0307256587937446,-0.6427515838135807,88.70835926033817,-0.9179730499145948
chicago,gbdt+k10,2,1,20,13.039087925377585,1.6014149369592097,0.40440996038747823,0.76657824933687,0.5082789001974783,-0.4590962736185279,0.8361163369518223,0.8120917514810877,0.1003867771299034,0.9322380490540904,0.9322380490540904,0.06776195094590964,7.751565616606731,0.5032075626029751,1.0307256587937446,-0.7334791309872637,88.70835926033817,-0.9179730499145948
chicago,gbdt+k10,2,2,20,13.151357231691263,-0.18106424209123623,0.40440996038747823,0.76657824933687,0.6094485796749203,-0.22015915119363394,0.8361163369518223,0.8284859603407378,0.1379777749214176,0.9322380490540904,0.9322380490540904,0.06776195094590964,7.248510798580199,0.43968730646537124,1.0307256587937446,-0.6792683968579059,88.70835926033817,-0.9179730499145948
chicago,gbdt+k10,2,3,20,13.115069563937793,-0.5397056628773723,0.40440996038747823,0.76657824933687,0.628238236015845,-0.23785040722607176,0.8361163369518223,0.8227836268243377,0.14087568211827672,0.9322380490540904,0.9322380490540904,0.06776195094590964,7.134411630916861,0.4223466037228759,1.0307256587937446,-0.6612577077449323,88.70835926033817,-0.9179730499145948
chicago,gbdt+k10,2,4,20,12.99371554380803,1.7654470593945228,0.40440996038747823,0.76657824933687,0.46646957781698783,-0.5180827072062071,0.8361163369518223,0.8042159875670433,0.08229822736886383,0.9322380490540904,0.9322380490540904,0.06776195094590964,8.322869599574155,0.5645543883429347,1.0307256587937446,-0.7797216507664511,88.70835926033817,-0.9179730499145948
chicago,gbdt+k10,2,5,20,13.20241141721367,-1.799513717251183,0.40440996038747823,0.76657824933687,0.6573692144100772,-0.09855221491253696,0.8361163369518223,0.8287079774243681,0.150843080662312,0.9322380490540904,0.9322380490540904,0.06776195094590964,7.135957798234897,0.4342186751422662,1.0307256587937446,-0.6759594228641921,88.70835926033817,-0.9179730499145948
chicago,gbdt+k10,2,6,20,13.071315556400485,2.216486856100705,0.40440996038747823,0.76657824933687,0.45487794902955164,-0.5290900805104056,0.8361163369518223,0.7992498159595228,0.07359282066862194,0.9322380490540904,0.9322380490540904,0.06776195094590964,8.084106705131514,0.5447831827901706,1.0307256587937446,-0.7641495139404136,88.70835926033817,-0.9179730499145948
chicago,gbdt+k10,2,7,20,13.455246248674225,2.899798677334415,0.40440996038747823,0.76657824933687,0.5039320394021898,-0.4461959125486393,0.8361163369518223,0.7965622407366293,0.07906145199172698,0.9322380490540904,0.9322380490540904,0.06776195094590964,7.11646453166182,0.41859568352048987,1.0307256587937446,-0.661439268850365,88.70835926033817,-0.9179730499145948
chicago,gbdt+k10,2,8,20,13.294672339039968,2.4594293887764076,0.40440996038747823,0.76657824933687,0.49674569695836596,-0.4663527267203403,0.8361163369518223,0.8021360380467171,0.08811741198191148,0.9322380490540904,0.9322380490540904,0.06776195094590964,7.520648616939377,0.46802369740240013,1.0307256587937446,-0.7010320352916937,88.70835926033817,-0.9179730499145948
chicago,gbdt+k10,2,9,20,13.162064052330516,1.2426469693774342,0.40440996038747823,0.76657824933687,0.5715187137031281,-0.3418245130230547,0.8361163369518223,0.8164269271667115,0.11385970857336492,0.9322380490540904,0.9322380490540904,0.06776195094590964,7.052706972616429,0.41720515547038406,1.0307256587937446,-0.661000785048044,88.70835926033817,-0.9179730499145948
chicago,gbdt+k10d,2,0,20,13.265450965774178,2.333406484887099,0.40440996038747823,0.76657824933687,0.5099498708795382,-0.4493859474871172,0.8361163369518223,0.8020542422790637,0.08345505322567448,0.9322380490540904,0.9322380490540904,0.06776195094590964,7.416587868071852,0.45522850231949424,1.0307256587937446,-0.6932121199179804,88.70835926033817,-0.9179730499145948
chicago,gbdt,3,0,20,13.331240926921117,1.852040436137359,0.40440996038747823,0.76657824933687,0.5634676731441125,-0.344757475548908,0.8361163369518223,0.8061089753327335,0.09482466492948038,0.9322380490540904,0.9322380490540904,0.06776195094590964,7.003421108839791,0.40967994484628234,1.0307256587937446,-0.6496635559480701,88.70835926033817,-0.9179730499145948
chicago,gbdt,3,0,10,13.47849290570343,3.1389655628338637,0.39154465464658383,0.6879140910737447,0.5362881080638942,-0.4162703466972037,0.7814417088304374,0.750557963986492,0.11672256044122975,0.8733450963437291,0.8733450963437291,0.12665490365627086,8.162126242080022,0.3135932880730086,1.2119281814155816,-0.6470646658525466,141.24137549551816,-0.9500340676811265
chicago,gbdt+k10,3,0,20,13.17361773196867,-1.1428967348156136,0.40440996038747823,0.76657824933687,0.6566564227205273,-0.16986643919653188,0.8361163369518223,0.8266513981233714,0.13095502401290038,0.9322380490540904,0.9322380490540904,0.06776195094590964,6.937163067536348,0.4017223851645848,1.0307256587937446,-0.6419516611344305,88.70835926033817,-0.9179730499145948
chicago,gbdt+k10,3,1,20,12.970911642908877,1.321570367907265,0.40440996038747823,0.76657824933687,0.5307493660828007,-0.4348029306255039,0.8361163369518223,0.8139613690274483,0.09662417181785254,0.9322380490540904,0.9322380490540904,0.06776195094590964,7.718389190641167,0.5034412647962702,1.0307256587937446,-0.7332243072564701,88.70835926033817,-0.9179730499145948
chicago,gbdt+k10,3,2,20,13.089090683140506,-0.42036381347423457,0.40440996038747823,0.76657824933687,0.6208532467077204,-0.22801154488834874,0.8361163369518223,0.8259152362144919,0.12891012982156835,0.9322380490540904,0.9322380490540904,0.06776195094590964,7.251446920302342,0.44486381004685727,1.0307256587937446,-0.6825620980981364,88.70835926033817,-0.9179730499145948
chicago,gbdt+k10,3,3,20,13.106152089589902,-0.9735853017816879,0.40440996038747823,0.76657824933687,0.6370604938127344,-0.23328152934715296,0.8361163369518223,0.8238703420231599,0.13401652274506592,0.9322380490540904,0.9322380490540904,0.06776195094590964,7.098244331502321,0.4232580422767267,1.0307256587937446,-0.6608518987945342,88.70835926033817,-0.9179730499145948
chicago,gbdt+k10,3,4,20,13.024976879555668,2.1145453642488095,0.40440996038747823,0.76657824933687,0.46441299851599105,-0.5217284614216104,0.8361163369518223,0.7920167330770399,0.050234286448778365,0.9322380490540904,0.9322380490540904,0.06776195094590964,8.221631860588674,0.5593428294324542,1.0307256587937446,-0.7747149884847795,88.70835926033817,-0.9179730499145948
chicago,gbdt+k10,3,5,20,13.181527185233834,-1.9174389732298658,0.40440996038747823,0.76657824933687,0.6606994706645322,-0.1134273595157691,0.8361163369518223,0.8301218756938034,0.13954357961649466,0.9322380490540904,0.9322380490540904,0.06776195094590964,7.078038590618201,0.42954463127636455,1.0307256587937446,-0.6724591380732048,88.70835926033817,-0.9179730499145948
chicago,gbdt+k10,3,6,20,12.994940930655956,1.9422575215506066,0.40440996038747823,0.76657824933687,0.47699786162493135,-0.5051706610266538,0.8361163369518223,0.7984902838313137,0.06879024059640804,0.9322380490540904,0.9322380490540904,0.06776195094590964,8.058161257390365,0.546664485446196,1.0307256587937446,-0.7644774467718121,88.70835926033817,-0.9179730499145948
chicago,gbdt+k10,3,7,20,13.253842158137578,2.2571034376692114,0.40440996038747823,0.76657824933687,0.5354818354970261,-0.4157678869816193,0.8361163369518223,0.8011077483962187,0.08033512894518513,0.9322380490540904,0.9322380490540904,0.06776195094590964,7.156646437805583,0.42883183958681453,1.0307256587937446,-0.6700266181008556,88.70835926033817,-0.9179730499145948
chicago,gbdt+k10,3,8,20,13.13910402433396,1.86348867484157,0.40440996038747823,0.76657824933687,0.529312097594036,-0.43093515932647025,0.8361163369518223,0.805606515617149,0.08892368454877952,0.9322380490540904,0.9322380490540904,0.06776195094590964,7.513486928817421,0.4719615793594223,1.0307256587937446,-0.7035083758741127,88.70835926033817,-0.9179730499145948
chicago,gbdt+k10,3,9,20,13.085971437956752,0.818324007254436,0.40440996038747823,0.76657824933687,0.5898409656574627,-0.3243202187452529,0.8361163369518223,0.8190911321702754,0.11357926594141088,0.9322380490540904,0.9322380490540904,0.06776195094590964,7.055309144173167,0.4218441440072915,1.0307256587937446,-0.6644107378005576,88.70835926033817,-0.9179730499145948
chicago,gbdt+k10d,3,0,20,13.083939014173499,1.5142254756793652,0.40440996038747823,0.76657824933687,0.5486626391988689,-0.406653501443111,0.8361163369518223,0.8093924911485294,0.09037263814720897,0.9322380490540904,0.9322380490540904,0.06776195094590964,7.455302713070901,0.4650089391088935,1.0307256587937446,-0.7008339036050572,88.70835926033817,-0.9179730499145948
chicago,gbdt,4,0,20,13.411807065367956,2.1708480351707755,0.40440996038747823,0.76657824933687,0.542048867128618,-0.3604272076093434,0.8361163369518223,0.8041458769090548,0.09629698874723935,0.9322380490540904,0.9322380490540904,0.06776195094590964,7.003750251769292,0.4108951962514168,1.0307256587937446,-0.651134359100618,88.70835926033817,-0.9179730499145948
chicago,gbdt,4,0,10,13.600681925313964,3.444036665641573,0.39154465464658383,0.6879140910737447,0.5165519578401243,-0.43624019911426865,0.7814417088304374,0.7468888395517592,0.11672256044122975,0.8733450963437291,0.8733450963437291,0.12665490365627086,8.159546338335096,0.3158835695673004,1.2119281814155816,-0.6496093374137129,141.24137549551816,-0.9500340676811265
chicago,gbdt+k10,4,0,20,13.149054785885067,-0.7156473360472377,0.40440996038747823,0.76657824933687,0.6453802918940394,-0.17775388822024096,0.8361163369518223,0.8264644363687353,0.13649376599399388,0.9322380490540904,0.9322380490540904,0.06776195094590964,6.948113596991703,0.4038958155622291,1.0307256587937446,-0.6443220150243156,88.70835926033817,-0.9179730499145948
chicago,gbdt+k10,4,1,20,12.980852653972617,1.4234741791815888,0.40440996038747823,0.76657824933687,0.5158157959312448,-0.4528681101672139,0.8361163369518223,0.8145339394010213,0.1022914500052583,0.9322380490540904,0.9322380490540904,0.06776195094590964,7.723436434680989,0.5046448310917397,1.0307256587937446,-0.7346982895225016,88.70835926033817,-0.9179730499145948
chicago,gbdt+k10,4,2,20,13.115029530430583,0.040878597544044444,0.40440996038747823,0.76657824933687,0.6063286553944309,-0.23753490926512344,0.8361163369518223,0.8252725551829304,0.1302772876523446,0.9322380490540904,0.9322380490540904,0.06776195094590964,7.18586272843804,0.43724511854543757,1.0307256587937446,-0.6766565804532203,88.70835926033817,-0.9179730499145948
chicago,gbdt+k10,4,3,20,13.072893605071368,-0.23297322358610972,0.40440996038747823,0.76657824933687,0.6195678846445974,-0.2620152140127835,0.8361163369518223,0.8212295072389254,0.13609647226539223,0.9322380490540904,0.9322380490540904,0.06776195094590964,7.073263040946772,0.4211430374274063,1.0307256587937446,-0.6591972008809276,88.70835926033817,-0.9179730499145948
chicago,gbdt+k10,4,4,20,12.992266075510534,1.9355128114603275,0.40440996038747823,0.76657824933687,0.46165531263510906,-0.524836700592435,0.8361163369518223,0.8035966767548114,0.07737879620000232,0.9322380490540904,0.9322380490540904,0.06776195094590964,8.232167281286857,0.561586370488087,1.0307256587937446,-0.7765481903367073,88.70835926033817,-0.9179730499145948
chicago,gbdt+k10,4,5,20,13.210233934096784,-1.9616888222609017,0.40440996038747823,0.76657824933687,0.6620549433856436,-0.0849156919337688,0.8361163369518223,0.8286378667663796,0.1495577185991891,0.9322380490540904,0.9322380490540904,0.06776195094590964,7.0578279394517915,0.42865656294184323,1.0307256587937446,-0.6710331100176163,88.70835926033817,-0.9179730499145948
chicago,gbdt+k10,4,6,20,13.04169736051428,2.157665233923959,0.40440996038747823,0.76657824933687,0.46034658035265663,-0.5246731090571285,0.8361163369518223,0.8013063952605195,0.07698150247140068,0.9322380490540904,0.9322380490540904,0.06776195094590964,8.029497449572018,0.5437432080300073,1.0307256587937446,-0.7630216407875612,88.70835926033817,-0.9179730499145948
chicago,gbdt+k10,4,7,20,13.34646382258985,2.639093183967555,0.40440996038747823,0.76657824933687,0.5126958716507555,-0.43832014863459495,0.8361163369518223,0.7995769990301359,0.08259035511048274,0.9322380490540904,0.9322380490540904,0.06776195094590964,7.0954742499665455,0.4226153612451653,1.0307256587937446,-0.6642706166899086,88.70835926033817,-0.9179730499145948
chicago,gbdt+k10,4,8,20,13.23586404520701,2.4190327222534598,0.40440996038747823,0.76657824933687,0.49345049603290525,-0.47609810818074527,0.8361163369518223,0.8013881910281728,0.0845651386438262,0.9322380490540904,0.9322380490540904,0.06776195094590964,7.546128924959908,0.47649540190934686,1.0307256587937446,-0.7076409566810263,88.70835926033817,-0.9179730499145948
chicago,gbdt+k10,4,9,20,13.08781443150193,0.8424268412966888,0.40440996038747823,0.76657824933687,0.5876792203694832,-0.31683006345014547,0.8361163369518223,0.8208789539489828,0.12018135290199694,0.9322380490540904,0.9322380490540904,0.06776195094590964,7.061779740731306,0.4233982635927038,1.0307256587937446,-0.6664117712798541,88.70835926033817,-0.9179730499145948
chicago,gbdt+k10d,4,0,20,13.103258685893874,1.6750610907680825,0.40440996038747823,0.76657824933687,0.5336589583893245,-0.4232229869477325,0.8361163369518223,0.8108180745276294,0.09539723530305333,0.9322380490540904,0.9322380490540904,0.06776195094590964,7.485291881112286,0.4696362425361362,1.0307256587937446,-0.7047462974893488,88.70835926033817,-0.9179730499145948
chicago,gbdt_iw,0,0,20,13.27050393461538,1.259441812581155,0.40440996038747823,0.76657824933687,0.5812056696152094,-0.2991621776370371,0.8361163369518223,0.8145339394010213,0.10792367286366977,0.9322380490540904,0.9322380490540904,0.06776195094590964,7.003636680082857,0.4081491954801995,1.0307256587937446,-0.6466172454937587,88.70835926033817,-0.9179730499145948
chicago,gbdt_iw,0,0,10,13.351149567129468,2.543042591850544,0.39154465464658383,0.6879140910737447,0.55360544058706,-0.3828976734946657,0.7814417088304374,0.7577092511013216,0.1387139368302971,0.8733450963437291,0.8733450963437291,0.12665490365627086,8.176059927725785,0.3139204711436217,1.2119281814155816,-0.6413417470154625,141.24137549551816,-0.9500340676811265
chicago,gbdt_iw,1,0,20,13.193948159788555,1.0945809911155082,0.40440996038747823,0.76657824933687,0.5882401056333914,-0.30414003435422243,0.8361163369518223,0.8174318465978804,0.10923240514612231,0.9322380490540904,0.9322380490540904,0.06776195094590964,6.968920816707707,0.40526297339300527,1.0307256587937446,-0.6453337612658614,88.70835926033817,-0.9179730499145948
chicago,gbdt_iw,1,0,10,13.244172002589144,2.3857570115007354,0.39154465464658383,0.6879140910737447,0.5643791116979633,-0.3773121910749132,0.7814417088304374,0.7628506993538134,0.1286647425186085,0.8733450963437291,0.8733450963437291,0.12665490365627086,8.151919250608838,0.30914126129073716,1.2119281814155816,-0.6403188550606437,141.24137549551816,-0.9500340676811265
chicago,gbdt_iw,2,0,20,13.278762312163115,1.2757010361023153,0.40440996038747823,0.76657824933687,0.5827831594199512,-0.2859463186062001,0.8361163369518223,0.8146975309363278,0.10927914558478136,0.9322380490540904,0.9322380490540904,0.06776195094590964,6.971980903500274,0.4075649399969619,1.0307256587937446,-0.6458102681361997,88.70835926033817,-0.9179730499145948
chicago,gbdt_iw,2,0,10,13.371222053841258,2.5588027924733208,0.39154465464658383,0.6879140910737447,0.5531497213101345,-0.3770434335526238,0.7814417088304374,0.7589011322871265,0.13689105972259552,0.8733450963437291,0.8733450963437291,0.12665490365627086,8.147771562257613,0.31075380642447326,1.2119281814155816,-0.6411541274042915,141.24137549551816,-0.9500340676811265
chicago,gbdt_iw,3,0,20,13.230986542685343,1.146376647358509,0.40440996038747823,0.76657824933687,0.5891982846259012,-0.29733930052933544,0.8361163369518223,0.8132719475572279,0.10722256628378457,0.9322380490540904,0.9322380490540904,0.06776195094590964,6.992610770685323,0.40634968859182746,1.0307256587937446,-0.6466112623674218,88.70835926033817,-0.9179730499145948
chicago,gbdt_iw,3,0,10,13.291533598342664,2.4341967589822535,0.39154465464658383,0.6879140910737447,0.5654541417871207,-0.37004405286343606,0.7814417088304374,0.7591815749190807,0.12992673436240199,0.8733450963437291,0.8733450963437291,0.12665490365627086,8.165793172567115,0.3126351090804987,1.2119281814155816,-0.6422036191192712,141.24137549551816,-0.9500340676811265
chicago,gbdt_iw,4,0,20,13.324250427122331,1.3766857152976224,0.40440996038747823,0.76657824933687,0.5778169878124306,-0.29708222811671087,0.8361163369518223,0.8139964243564426,0.10797041330232882,0.9322380490540904,0.9322380490540904,0.06776195094590964,6.998544350732353,0.4068170929784176,1.0307256587937446,-0.6453373084242264,88.70835926033817,-0.9179730499145948
chicago,gbdt_iw,4,0,10,13.431557528737104,2.6514239499812757,0.39154465464658383,0.6879140910737447,0.5475992942193763,-0.38521132520828705,0.7814417088304374,0.7621028523352692,0.13696117038058397,0.8733450963437291,0.8733450963437291,0.12665490365627086,8.177221917146749,0.3120859089262552,1.2119281814155816,-0.6394331414454603,141.24137549551816,-0.9500340676811265
chicago,gp_ard,0,0,20,13.151135611011854,1.3004848109121618,0.40440996038747823,0.76657824933687,0.5847228876243004,-0.32864370932121195,0.8361163369518223,0.8152467310905713,0.08879514834246716,0.9322380490540904,0.9318641255448182,0.06451349045910793,7.054788822616838,0.41077834515476924,1.0307256587937446,-0.6504493000179643,88.70835926033817,-0.9179730499145948
chicago,gp_ard,0,0,10,13.187575903639734,2.5928546332841775,0.39154465464658383,0.6879140910737447,0.5677093679524182,-0.384405052641419,0.7814417088304374,0.7643230231715724,0.10284065015950172,0.8733450963437291,0.8752030287804251,0.12231972797064705,8.20213903923461,0.31628086329590205,1.2119281814155816,-0.6498647941936477,141.24137549551816,-0.9500340676811265
chicago,kernel,0,0,20,13.17242693944135,1.1050812783871873,0.40440996038747823,0.76657824933687,0.5756902978534454,-0.315474590729034,0.8361163369518223,0.8171163486369319,0.10195258182498046,0.9322380490540904,0.9322263639444256,0.0675399338622793,6.9668139693182445,0.39474637469472657,1.0307256587937446,-0.6397892285342484,88.70835926033817,-0.9179730499145948
chicago,kernel,0,0,10,13.197134881453565,2.410826454845868,0.39154465464658383,0.6879140910737447,0.5578938758340247,-0.3610114630925811,0.7814417088304374,0.7680388880449643,0.11952698676077067,0.8733450963437291,0.8732399303567464,0.12622255459867493,8.171910038596806,0.29948936070765025,1.2119281814155816,-0.6343947714416018,141.24137549551816,-0.9500340676811265
chicago,knn,0,0,20,13.611664564556685,2.581247028007868,0.40440996038747823,0.76657824933687,0.5316724897463163,-0.3673214223115484,0.8361163369518223,0.815211675761577,0.10502576566681077,0.9322380490540904,0.9322380490540904,0.06776195094590964,7.037460991102624,0.3754308884188878,1.0307256587937446,-0.6160755683831095,88.70835926033817,-0.9179730499145948
chicago,knn,0,0,10,13.83502017705902,3.8645974580906244,0.39154465464658383,0.6879140910737447,0.5097512240152374,-0.43815655709928836,0.7814417088304374,0.7598008857313125,0.11505158975916985,0.8733450963437291,0.8733450963437291,0.12665490365627086,8.325247046474088,0.2914733754776289,1.2119281814155816,-0.5975663170167979,141.24137549551816,-0.9500340676811265
chicago,median,0,0,20,15.098742659953514,6.347406619414026,0.40440996038747823,0.76657824933687,0.31930730669907337,-0.5396300494280138,0.8361163369518223,0.6813821147711471,-0.02525152198553382,0.9322380490540904,0.9322380490540904,0.06776195094590964,6.995482379645075,0.45169959920073854,1.0307256587937446,-0.6965917078444412,88.70835926033817,-0.9179730499145948
chicago,median,0,0,10,15.646199655744667,7.519697159566056,0.39154465464658383,0.6879140910737447,0.3356547751200645,-0.6119024527045186,0.7814417088304374,0.5858680283714462,-0.056637726545063605,0.8733450963437291,0.8733450963437291,0.12665490365627086,8.00757095333361,0.3677888266981386,1.2119281814155816,-0.7322428947063592,141.24137549551816,-0.9500340676811265
chicago,mlp,0,0,20,13.086916424247097,0.7109659713752668,0.40440996038747823,0.76657824933687,0.6077074983348719,-0.3074586054990126,0.8361163369518223,0.820727047523341,0.10589046378200262,0.9322380490540904,0.9324133256990617,0.0668388272823941,7.0403006698237265,0.40541487981864704,1.0307256587937446,-0.6479839166473149,88.70835926033817,-0.9179730499145948
chicago,mlp,0,0,10,13.072175780808847,2.0119006824826022,0.39154465464658383,0.6879140910737447,0.5896306336834971,-0.35561294242746466,0.7814417088304374,0.772233842414611,0.12458663924560931,0.8733450963437291,0.8743967562135571,0.1250890989611938,8.19362212121388,0.31328947522172496,1.2119281814155816,-0.642851695140275,141.24137549551816,-0.9500340676811265
chicago,mlp,1,0,20,13.070562403243276,0.5918609923385164,0.40440996038747823,0.76657824933687,0.6082800687084449,-0.3019549188469134,0.8361163369518223,0.8214047838838967,0.10832096659227142,0.9322380490540904,0.9322380490540904,0.06776195094590964,7.042564169751976,0.40658339078512246,1.0307256587937446,-0.6483493144526624,88.70835926033817,-0.9179730499145948
chicago,mlp,1,0,10,13.03314390024006,1.8910055800504177,0.39154465464658383,0.6879140910737447,0.591441825681534,-0.35382512064875726,0.7814417088304374,0.7724558594982414,0.12887507449257407,0.8733450963437291,0.8733450963437291,0.12665490365627086,8.19589342662496,0.31486696502646677,1.2119281814155816,-0.6425034348414382,141.24137549551816,-0.9500340676811265
chicago,mlp,2,0,20,13.128514710490727,1.1203342579276143,0.40440996038747823,0.76657824933687,0.590775774430643,-0.31635097395389056,0.8361163369518223,0.8178057701071525,0.10203437759263367,0.9322380490540904,0.9321679383961019,0.06769184028792108,7.010407745127017,0.4033115600789914,1.0307256587937446,-0.6467803890367196,88.70835926033817,-0.9179730499145948
chicago,mlp,2,0,10,13.157595618055975,2.4190066651712563,0.39154465464658383,0.6879140910737447,0.5660500823800232,-0.38293272882366,0.7814417088304374,0.7676415943163627,0.1171198541698314,0.8733450963437291,0.8731698196987578,0.126409516353311,8.18382898055566,0.3163860292828848,1.2119281814155816,-0.6444397679493212,141.24137549551816,-0.9500340676811265
chicago,mlp,3,0,20,13.079417832847843,0.7020743999975037,0.40440996038747823,0.76657824933687,0.6022856074504259,-0.2957501256149289,0.8361163369518223,0.8206335666460229,0.1064513490459108,0.9322380490540904,0.9322380490540904,0.06776195094590964,7.015431501620185,0.40951635331097586,1.0307256587937446,-0.6519885350240897,88.70835926033817,-0.9179730499145948
chicago,mlp,3,0,10,13.059422260143892,1.994961288601385,0.39154465464658383,0.6879140910737447,0.5819768868530831,-0.36249547202000487,0.7814417088304374,0.7692775096694282,0.12721578892017904,0.8733450963437291,0.8734268921113825,0.12654973766928812,8.157518791046039,0.3180569999649447,1.2119281814155816,-0.6500919412029857,141.24137549551816,-0.9500340676811265
chicago,mlp,4,0,20,13.079584122672669,0.6587284308962681,0.40440996038747823,0.76657824933687,0.6030568246882997,-0.3127402750674815,0.8361163369518223,0.8202129026980918,0.10535294873742385,0.9322380490540904,0.9323081597120789,0.06757498919127358,7.024152908007279,0.4049357903223922,1.0307256587937446,-0.6480895780150517,88.70835926033817,-0.9179730499145948
chicago,mlp,4,0,10,13.039892422800781,1.9654251944881305,0.39154465464658383,0.6879140910737447,0.5893852463805372,-0.35910679021722614,0.7814417088304374,0.7703057993199266,0.12165367671975602,0.8733450963437291,0.8741046284719383,0.12545133736080116,8.182750505022643,0.31783498288131434,1.2119281814155816,-0.6449160265231167,141.24137549551816,-0.9500340676811265
chicago,ridge,0,0,20,13.188588690826846,1.4138696180698485,0.40440996038747823,0.76657824933687,0.5754332254408208,-0.33073534395120296,0.8361163369518223,0.8166489442503417,0.09730190817840823,0.9322380490540904,0.9320510872994543,0.06741139765596704,6.987256607302313,0.40006309959218966,1.0307256587937446,-0.6476852728185494,88.70835926033817,-0.9179730499145948
chicago,ridge,0,0,10,13.239450028812122,2.7027946932808966,0.39154465464658383,0.6879140910737447,0.5530445553231517,-0.39082017784736905,0.7814417088304374,0.7689152712698208,0.11584617721637314,0.8733450963437291,0.8734152070017177,0.12630435036632826,8.137940498036109,0.30980731254162813,1.2119281814155816,-0.6435816941272963,141.24137549551816,-0.9500340676811265
chicago,ridge+k10,0,0,20,13.19341693229325,-1.7228559963817975,0.40440996038747823,0.76657824933687,0.6774091774851307,-0.14595870482244477,0.8361163369518223,0.8260087170918099,0.12809217214503554,0.9322380490540904,0.9320510872994543,0.06741139765596704,6.937185005550283,0.3964991411444396,1.0307256587937446,-0.6439949387548857,88.70835926033817,-0.9179730499145948
chicago,ridge+k10,0,1,20,12.910987260946127,1.1484766782893976,0.403802334684911,0.76657824933687,0.5337056988279835,-0.4221479568585751,0.8361163369518223,0.8127227474029843,0.07432898257750153,0.9322380490540904,0.9319342362028068,0.06654669954077519,7.756541048312847,0.4986854251627152,1.0307256587937446,-0.7365868217084395,88.254098612726,-0.9168722717783261
chicago,ridge+k10,0,2,20,12.971664709022898,-0.07664810040266669,0.40437490505848395,0.76657824933687,0.6071699832902931,-0.2882716554294862,0.8361163369518223,0.8222694819990886,0.11446733427593214,0.9322380490540904,0.9320510872994543,0.06741139765596704,7.362737372745225,0.4497248156673951,1.0307256587937446,-0.6941078503915274,88.64576408889324,-0.9173277661795407
chicago,ridge+k10,0,3,20,13.07854846320417,-1.5355558333265604,0.40437490505848395,0.76657824933687,0.6437093212119795,-0.25262038584232116,0.8361163369518223,0.823344512088246,0.1264328865726405,0.9322380490540904,0.9320510872994543,0.06741139765596704,7.3881866695045275,0.4500052582993492,1.0307256587937446,-0.6907505731461974,88.64576408889324,-0.9173277661795407
chicago,ridge+k10,0,4,20,13.03496134768773,2.3164764043176675,0.403802334684911,0.76657824933687,0.4658268967854263,-0.5155002979702965,0.8361163369518223,0.7856249780904194,-0.006169737902990247,0.9322380490540904,0.9319342362028068,0.06654669954077519,8.208510488848011,0.5483588263475853,1.0307256587937446,-0.7741727816381123,88.254098612726,-0.9168722717783261
chicago,ridge+k10,0,5,20,13.172578837744867,-2.1554793939742094,0.40437490505848395,0.76657824933687,0.6741957723273233,-0.12507741385152904,0.8361163369518223,0.831091739795978,0.1346708888862922,0.9322380490540904,0.9320510872994543,0.06741139765596704,7.074843610478064,0.4229191740964489,1.0307256587937446,-0.6727207925191171,88.64576408889324,-0.9173277661795407
chicago,ridge+k10,0,6,20,12.892227276436389,0.9428141616198265,0.403802334684911,0.76657824933687,0.5326657240678204,-0.4166910106451349,0.8361163369518223,0.8136692412858295,0.08249687423316465,0.9322380490540904,0.9320510872994543,0.06741139765596704,7.805790099538265,0.5094707813832833,1.0307256587937446,-0.7441052698041091,88.254098612726,-0.9168722717783261
chicago,ridge+k10,0,7,20,13.081578042213218,1.592474587499813,0.40437490505848395,0.76657824933687,0.5488846562824992,-0.39519040886198714,0.8361163369518223,0.8090886782972458,0.07457436988046129,0.9322380490540904,0.9319342362028068,0.06654669954077519,7.284506073684996,0.4379695953446523,1.0307256587937446,-0.6849914898009286,88.64576408889324,-0.9173277661795407
chicago,ridge+k10,0,8,20,13.025133198227804,1.5064907519626756,0.40437490505848395,0.76657824933687,0.5346989331494876,-0.41764918963764475,0.8361163369518223,0.8098131550964606,0.07410696549387119,0.9322380490540904,0.9319342362028068,0.06654669954077519,7.608231363461414,0.4763902359223642,1.0307256587937446,-0.7140336450699256,88.64576408889324,-0.9173277661795407
chicago,ridge+k10,0,9,20,13.038659128070742,0.7449041579130369,0.40440996038747823,0.76657824933687,0.5879012374531135,-0.33214924222063824,0.8361163369518223,0.8197338132018369,0.10218628401827545,0.9322380490540904,0.9320510872994543,0.06741139765596704,7.096897434410182,0.41919162411339234,1.0307256587937446,-0.6682377455751953,88.70835926033817,-0.9179730499145948
chicago,ridge+k10d,0,0,20,13.027215959987014,1.4790868599346612,0.403802334684911,0.76657824933687,0.5404596922142114,-0.41062643872912746,0.8361163369518223,0.807651409808481,0.06692062305004731,0.9322380490540904,0.9319342362028068,0.06654669954077519,7.540199666849683,0.4669486673132427,1.0307256587937446,-0.7094564225425835,88.254098612726,-0.9168722717783261
chicago,uma_los,0,0,20,19.57308794151703,-14.01910695944107,0.40440996038747823,0.76657824933687,0.76657824933687,0.23342175066312998,0.8361163369518223,0.8361163369518223,0.1638836630481777,0.9322380490540904,0.9322380490540904,0.06776195094590964,7.056347112142472,0.46239147454398866,1.0307256587937446,-0.7043633074183977,88.70835926033817,-0.9179730499145948
chicago,uma_los,0,0,10,18.77370027720248,-12.85723986741931,0.39154465464658383,0.6879140910737447,0.6879140910737447,0.3120859089262553,0.7814417088304374,0.7814417088304374,0.2185582911695626,0.8733450963437291,0.8733450963437291,0.12665490365627086,7.99667395951935,0.3711775085009173,1.2119281814155816,-0.7323971290596277,141.24137549551816,-0.9500340676811265
chicago,uma_nlos,0,0,20,28.7238921306537,24.1843898124673,0.40440996038747823,0.76657824933687,0.23538484908680868,-0.7625585716121945,0.8361163369518223,0.3458091354187359,-0.5138526975075661,0.9322380490540904,0.6241718178525105,-0.2769254139450099,6.422061743788569,0.19778216618562966,1.0307256587937446,-0.4579507726450589,88.70835926033817,-0.9179730499145948
chicago,uma_nlos,0,0,10,29.97328629123484,25.679267103195517,0.39154465464658383,0.6879140910737447,0.31208590892625526,-0.6879140910737447,0.7814417088304374,0.2891129833253485,-0.6339055142032508,0.8733450963437291,0.4971196204676381,-0.35095058367122767,9.058299297042403,0.24599492866240547,1.2119281814155816,-0.6682489701172553,141.24137549551816,-0.9500340676811265
hamburg,oracle,0,0,20,10.688604635074375,6.0402010029441384e-05,0.5749494379380086,0.8042189925215183,0.7874041672545976,-0.04940971732279764,0.8794388786980857,0.8851418089459574,0.09246978034899578,0.9542354545882131,0.9538121443017732,0.04402426978975593,5.638592947932325,0.12482950002351728,1.1706797589076987,-0.28968973877694326,79.39502013238038,-0.9133993068604117
hamburg,oracle,0,0,10,10.568237298961023,1.5945171660429664,0.5963618832604299,0.7211325901886082,0.7344315883542637,-0.14440760077136539,0.8293589200884248,0.8483490898828842,0.061156577771506515,0.909329288368374,0.9096702883213396,0.0856732985278209,6.497826200129094,0.1834109402191807,1.292587627432416,-0.32912595252993015,97.74207733590757,-0.943625854770433
hamburg,coral,0,0,20,11.81865829855835,1.039775019843321,0.5751140586049575,0.8042189925215183,0.7476130003292414,-0.04052020130755851,0.8794388786980857,0.8791096373641879,0.11802125958327458,0.9542354545882131,0.9542354545882131,0.04576454541178687,5.469386796512074,0.16190442594421706,1.1706797589076987,-0.38527849802109515,80.65744264059057,-0.9146937241638482
hamburg,coral,0,0,10,11.885671681648237,2.383226430284625,0.5965617797845821,0.7211325901886082,0.6780372513052068,-0.16792483890691867,0.8293589200884248,0.84551526268755,0.11471708762522925,0.909329288368374,0.909329288368374,0.09067071163162599,6.295018245945687,0.20349466158694324,1.292587627432416,-0.41490647890060806,98.99639370138904,-0.9448876587430804
hamburg,cost231,0,0,20,34.81208369594715,32.19274850886557,0.5751140586049575,0.8042189925215183,0.2132425567941301,-0.7811368232914727,0.8794388786980857,0.2370302431682423,-0.734208174591976,0.9542354545882131,0.4796105545364752,-0.4820798645407083,7.748853283204236,0.36546963924556697,1.1706797589076987,-0.49696826734582367,80.65744264059057,-0.9146937241638482
hamburg,cost231,0,0,10,36.103392993552866,33.6259348508952,0.5965617797845821,0.7211325901886082,0.28414702977282347,-0.7139010394619255,0.8293589200884248,0.22667089976953106,-0.7628639292601477,0.909329288368374,0.33467381590705986,-0.6390574290955271,11.507052060875598,0.576666196321904,1.292587627432416,-0.8531924968545137,98.99639370138904,-0.9448876587430804
hamburg,gbdt,0,0,20,11.655301096625857,0.7407144902928336,0.5751140586049575,0.8042189925215183,0.7454964488970416,-0.08894219462866282,0.8794388786980857,0.8762758101688538,0.11041343304642304,0.9542354545882131,0.9542354545882131,0.04576454541178687,5.490891040790732,0.2407577254127275,1.1706797589076987,-0.5052328016341836,80.65744264059057,-0.9146937241638482
hamburg,gbdt,0,0,10,11.623075150507551,2.098730465541985,0.5965617797845821,0.7211325901886082,0.6724048727717417,-0.22134424533182817,0.8293589200884248,0.8425873665396736,0.07973519589859368,0.909329288368374,0.909329288368374,0.09067071163162599,6.320654711633836,0.2808310991957104,1.292587627432416,-0.5417595285057681,98.99639370138904,-0.9448876587430804
hamburg,gbdt+k10,0,0,20,11.860632615821466,2.306049609625282,0.5751140586049575,0.8042189925215183,0.7279290720097832,-0.10493391656083917,0.8794388786980857,0.8768519825031749,0.10616857156295567,0.9542354545882131,0.9542354545882131,0.04576454541178687,5.176924429279781,0.13671746390103945,1.1706797589076987,-0.3504970738398754,80.65744264059057,-0.9146937241638482
hamburg,gbdt+k10,0,1,20,11.633453650535898,0.18783297544619623,0.5751140586049575,0.8042189925215183,0.7781854099054607,0.012934480974554297,0.8794388786980857,0.8777573961713936,0.11826819058369786,0.9542354545882131,0.9542354545882131,0.04576454541178687,5.18125309164083,0.09388081463712905,1.1706797589076987,-0.26818464014220167,80.65744264059057,-0.9146937241638482
hamburg,gbdt+k10,0,2,20,11.6118322649053,0.16938446000199356,0.5751140586049575,0.8042189925215183,0.7666266873618363,-0.04111989088001511,0.8794388786980857,0.8774516720756315,0.11436432905319605,0.9542354545882131,0.9542354545882131,0.04576454541178687,5.386149909307799,0.1926884906636564,1.1706797589076987,-0.4402655855559787,80.65744264059057,-0.9146937241638482
hamburg,gbdt+k10,0,3,20,12.053678239485778,-2.568784889252871,0.5751140586049575,0.8042189925215183,0.8029843375194017,0.12876863741122235,0.8794388786980857,0.8794388786980857,0.12056112130191432,0.9542354545882131,0.9542354545882131,0.04576454541178687,5.268031167332281,0.027291754856309636,1.1706797589076987,-0.049193876035464656,80.65744264059057,-0.9146937241638482
hamburg,gbdt+k10,0,4,20,11.671459158232265,-1.2100187117996177,0.5751140586049575,0.8042189925215183,0.7928836837401816,0.04200178731009829,0.8794388786980857,0.8785687408870703,0.11950284558581437,0.9542354545882131,0.9542354545882131,0.04576454541178687,5.2024214788022345,0.1290273270307135,1.1706797589076987,-0.33687058218844623,80.65744264059057,-0.9146937241638482
hamburg,gbdt+k10,0,5,20,11.666193943726054,-1.2895068293504135,0.5751140586049575,0.8042189925215183,0.7873218569211232,0.01922534217581484,0.8794388786980857,0.8778867409811392,0.11851512158412114,0.9542354545882131,0.9542354545882131,0.04576454541178687,5.281084396860208,0.17546211372936366,1.1706797589076987,-0.4119773954243905,80.65744264059057,-0.9146937241638482
hamburg,gbdt+k10,0,6,20,11.621770693543164,0.16079074603540372,0.5751140586049575,0.8042189925215183,0.7705893419876769,-0.011217722590659007,0.8794388786980857,0.8775222237900381,0.11716288039132683,0.9542354545882131,0.9542354545882131,0.04576454541178687,5.1683768977383995,0.1368115328535816,1.1706797589076987,-0.3462014631335395,80.65744264059057,-0.9146937241638482
hamburg,gbdt+k10,0,7,20,11.599065732524448,0.31258351658864736,0.5751140586049575,0.8042189925215183,0.7572197921076149,-0.06905836978505242,0.8794388786980857,0.8765697756455482,0.10976670899769536,0.9542354545882131,0.9542354545882131,0.04576454541178687,5.395928325611487,0.2005550068199991,1.1706797589076987,-0.4503188986976423,80.65744264059057,-0.9146937241638482
hamburg,gbdt+k10,0,8,20,11.746601692057988,-1.279284017892846,0.5751140586049575,0.8042189925215183,0.8022082686609284,0.07928836837401809,0.8794388786980857,0.8789332580781714,0.11984384553877991,0.9542354545882131,0.9542354545882131,0.04576454541178687,5.152275316500842,0.05351347537745166,1.1706797589076987,-0.18088188089791835,80.65744264059057,-0.9146937241638482
hamburg,gbdt+k10,0,9,20,11.679912730015364,1.3219927041593802,0.5751140586049575,0.8042189925215183,0.7440031042754339,-0.08662574667231082,0.8794388786980857,0.8762052584544471,0.10968439866422086,0.9542354545882131,0.9542354545882131,0.04576454541178687,5.324069112546612,0.18791449132213917,1.1706797589076987,-0.428994219518806,80.65744264059057,-0.9146937241638482
hamburg,gbdt+k10d,0,0,20,11.808029935251621,1.6290456665853466,0.5751140586049575,0.8042189925215183,0.7615469639245567,-0.014004515309722021,0.8794388786980857,0.8776398099807159,0.11448191524387374,0.9542354545882131,0.953870937397112,0.04492968345797477,5.177087736513721,0.05112647570669293,1.1706797589076987,-0.1729589016530999,80.65744264059057,-0.9146937241638482
hamburg,gbdt,1,0,20,11.653532780417228,0.6903207339826639,0.5751140586049575,0.8042189925215183,0.7467311038991581,-0.0858731950519731,0.8794388786980857,0.8759936033112271,0.11161281219133623,0.9542354545882131,0.9542354545882131,0.04576454541178687,5.494566486263427,0.2418747942241663,1.1706797589076987,-0.5064323684611514,80.65744264059057,-0.9146937241638482
hamburg,gbdt,1,0,10,11.612688014779371,2.0462553429411887,0.5965617797845821,0.7211325901886082,0.6732279761064861,-0.21943934904284834,0.8293589200884248,0.8405413668218804,0.08427402285875552,0.909329288368374,0.909329288368374,0.09067071163162599,6.322860422302273,0.2815836508160482,1.292587627432416,-0.5431578524295902,98.99639370138904,-0.9448876587430804
hamburg,gbdt+k10,1,0,20,11.84593693334524,2.227247509972973,0.5751140586049575,0.8042189925215183,0.7275880720568176,-0.10329946851041816,0.8794388786980857,0.8769342928366493,0.10634495084897233,0.9542354545882131,0.9542354545882131,0.04576454541178687,5.178143532431247,0.13913973942900143,1.1706797589076987,-0.3534823687781691,80.65744264059057,-0.9146937241638482
hamburg,gbdt+k10,1,1,20,11.634929192741055,0.09685519797962329,0.5751140586049575,0.8042189925215183,0.7792319270024928,0.014921687597008626,0.8794388786980857,0.8778397065048681,0.11842105263157898,0.9542354545882131,0.9542354545882131,0.04576454541178687,5.179594425597185,0.09370443535111239,1.1706797589076987,-0.2680358003443598,80.65744264059057,-0.9146937241638482
hamburg,gbdt+k10,1,2,20,11.610371873394238,0.00352728823796805,0.5751140586049575,0.8042189925215183,0.7665678942664973,-0.03527585720333004,0.8794388786980857,0.8778632237430036,0.11559898405531255,0.9542354545882131,0.9542354545882131,0.04576454541178687,5.386280654784869,0.19345280090306194,1.1706797589076987,-0.44144614734594845,80.65744264059057,-0.9146937241638482
hamburg,gbdt+k10,1,3,20,12.028009935873866,-2.431496849575499,0.5751140586049575,0.8042189925215183,0.8031489581863506,0.12712243074173368,0.8794388786980857,0.8794388786980857,0.12056112130191432,0.9542354545882131,0.9542354545882131,0.04576454541178687,5.270003783310666,0.027209444522835247,1.1706797589076987,-0.046720487106185926,80.65744264059057,-0.9146937241638482
hamburg,gbdt+k10,1,4,20,11.664106158433752,-1.1239893105481034,0.5751140586049575,0.8042189925215183,0.7900851324020507,0.036569305300785504,0.8794388786980857,0.8784864305535958,0.11944405249047552,0.9542354545882131,0.9542354545882131,0.04576454541178687,5.2038163140722755,0.12912139598325578,1.1706797589076987,-0.33731838717052354,80.65744264059057,-0.9146937241638482
hamburg,gbdt+k10,1,5,20,11.660274520583844,-1.220393353086278,0.5751140586049575,0.8042189925215183,0.7841587883918912,0.013052067165232106,0.8794388786980857,0.8777809134095292,0.11838577677437567,0.9542354545882131,0.9542354545882131,0.04576454541178687,5.281033234248911,0.17622642396876914,1.1706797589076987,-0.4130369337831802,80.65744264059057,-0.9146937241638482
hamburg,gbdt+k10,1,6,20,11.620090651115586,-0.005270826020458897,0.5751140586049575,0.8042189925215183,0.7716828935609802,-0.007866516156342596,0.8794388786980857,0.8776515685997837,0.1176920182493768,0.9542354545882131,0.9542354545882131,0.04576454541178687,5.173057583006954,0.14028032547857583,1.1706797589076987,-0.3513682142761424,80.65744264059057,-0.9146937241638482
hamburg,gbdt+k10,1,7,20,11.60302292342212,0.3908285347769826,0.5751140586049575,0.8042189925215183,0.7572315507266827,-0.06907012840412019,0.8794388786980857,0.876369879121396,0.11041343304642304,0.9542354545882131,0.9542354545882131,0.04576454541178687,5.3910621606435996,0.19902638634118813,1.1706797589076987,-0.4479695457534112,80.65744264059057,-0.9146937241638482
hamburg,gbdt+k10,1,8,20,11.728293431501577,-1.0457679155712714,0.5751140586049575,0.8042189925215183,0.7990687173698321,0.07407930012699304,0.8794388786980857,0.8789920511735102,0.11985560415784768,0.9542354545882131,0.9542354545882131,0.04576454541178687,5.1545211638613635,0.05184375146982734,1.1706797589076987,-0.17588477161839455,80.65744264059057,-0.9146937241638482
hamburg,gbdt+k10,1,9,20,11.680976673778837,1.311013431194039,0.5751140586049575,0.8042189925215183,0.7442970697521283,-0.08433281595409436,0.8794388786980857,0.8760641550256338,0.11055453647523639,0.9542354545882131,0.9542354545882131,0.04576454541178687,5.319417126294602,0.18712666384459803,1.1706797589076987,-0.4274617239610724,80.65744264059057,-0.9146937241638482
hamburg,gbdt+k10d,1,0,20,11.850205599667692,1.868688560658504,0.5751140586049575,0.8042189925215183,0.7562438267249895,-0.022059169371149046,0.8794388786980857,0.8774163962184282,0.1141409152909083,0.9542354545882131,0.953870937397112,0.04492968345797477,5.176694042007578,0.050291613752880826,1.1706797589076987,-0.17091964576684138,80.65744264059057,-0.9146937241638482
hamburg,gbdt,2,0,20,11.647772336569524,0.3605319996708485,0.5751140586049575,0.8042189925215183,0.7521518272894031,-0.08477964347866984,0.8794388786980857,0.8765344997883449,0.10876722637693426,0.9542354545882131,0.9542354545882131,0.04576454541178687,5.500978864254914,0.2445087248953483,1.1706797589076987,-0.5107633824421275,80.65744264059057,-0.9146937241638482
hamburg,gbdt,2,0,10,11.56284946445059,1.7271133013921116,0.5965617797845821,0.7211325901886082,0.6856450778420582,-0.20918583321574713,0.8293589200884248,0.8415878839189126,0.08101688537698137,0.909329288368374,0.909329288368374,0.09067071163162599,6.3276080454740935,0.2850642020601101,1.292587627432416,-0.5473307222806745,98.99639370138904,-0.9448876587430804
hamburg,gbdt+k10,2,0,20,11.80165301611039,1.9935849469150293,0.5751140586049575,0.8042189925215183,0.7379709326936644,-0.09500964206763562,0.8794388786980857,0.8776162927425804,0.10516908894219468,0.9542354545882131,0.9542354545882131,0.04576454541178687,5.165852277522418,0.13845773952307044,1.1706797589076987,-0.35263535529979484,80.65744264059057,-0.9146937241638482
hamburg,gbdt+k10,2,1,20,11.633383333950484,0.3413266899288137,0.5751140586049575,0.8042189925215183,0.778749823620714,0.007313861060157079,0.8794388786980857,0.8773105686468181,0.11692770800997132,0.9542354545882131,0.9542354545882131,0.04576454541178687,5.161898718078789,0.0888716429142562,1.1706797589076987,-0.2586512875689022,80.65744264059057,-0.9146937241638482
hamburg,gbdt+k10,2,2,20,11.610729111031034,-0.026044379414681462,0.5751140586049575,0.8042189925215183,0.768425756079206,-0.04388316636094258,0.8794388786980857,0.8774399134565637,0.1124241569070129,0.9542354545882131,0.9542354545882131,0.04576454541178687,5.380553895998916,0.19615728328865056,1.1706797589076987,-0.445778093951711,80.65744264059057,-0.9146937241638482
hamburg,gbdt+k10,2,3,20,12.022704657521677,-2.445963000890084,0.5751140586049575,0.8042189925215183,0.8030313719956729,0.12051408682564313,0.8794388786980857,0.8793330511264758,0.12045529373030428,0.9542354545882131,0.9542354545882131,0.04576454541178687,5.260521386503056,0.02664503080758196,1.1706797589076987,-0.044293609012391766,80.65744264059057,-0.9146937241638482
hamburg,gbdt+k10,2,4,20,11.685056447008169,-1.335090011863547,0.5751140586049575,0.8042189925215183,0.7938243732656037,0.04103758054654061,0.8794388786980857,0.8778984996002069,0.11852688020318891,0.9542354545882131,0.9542354545882131,0.04576454541178687,5.1839278694083175,0.12800432717181698,1.1706797589076987,-0.33509216485746307,80.65744264059057,-0.9146937241638482
hamburg,gbdt+k10,2,5,20,11.679404584294316,-1.3366591002542219,0.5751140586049575,0.8042189925215183,0.7876510982550209,0.013087343022435416,0.8794388786980857,0.8776162927425804,0.11808005267861343,0.9542354545882131,0.9542354545882131,0.04576454541178687,5.2674557624930936,0.17623818258783686,1.1706797589076987,-0.41316210292437994,80.65744264059057,-0.9146937241638482
hamburg,gbdt+k10,2,6,20,11.623241956064769,-0.32484695270196146,0.5751140586049575,0.8042189925215183,0.7795611683363906,0.0007878274775410254,0.8794388786980857,0.8774634306946992,0.11724519072480133,0.9542354545882131,0.9542354545882131,0.04576454541178687,5.1592358710448805,0.14096232538450681,1.1706797589076987,-0.35268589771684167,80.65744264059057,-0.9146937241638482
hamburg,gbdt+k10,2,7,20,11.612541715284829,0.21849326973980307,0.5751140586049575,0.8042189925215183,0.7589600677296459,-0.07141009359860784,0.8794388786980857,0.8770401204082593,0.10814401956634212,0.9542354545882131,0.9542354545882131,0.04576454541178687,5.366364131833446,0.19587507643102392,1.1706797589076987,-0.4438584890635132,80.65744264059057,-0.9146937241638482
hamburg,gbdt+k10,2,8,20,11.761311741793067,-1.4490171613568086,0.5751140586049575,0.8042189925215183,0.8019730962795729,0.07630167913080288,0.8794388786980857,0.8782982926485113,0.11906777668030666,0.9542354545882131,0.9542354545882131,0.04576454541178687,5.138198431239006,0.05267861342363944,1.1706797589076987,-0.17717535344909507,80.65744264059057,-0.9146937241638482
hamburg,gbdt+k10,2,9,20,11.683271766051728,1.3079225495082474,0.5751140586049575,0.8042189925215183,0.7449437938008561,-0.09179953906213256,0.8794388786980857,0.8768402238841071,0.10667419218287011,0.9542354545882131,0.9542354545882131,0.04576454541178687,5.3050748846089615,0.1863976294623959,1.1706797589076987,-0.4271134834836767,80.65744264059057,-0.9146937241638482
hamburg,gbdt+k10d,2,0,20,11.788775769790755,1.5931306317572678,0.5751140586049575,0.8042189925215183,0.7633107567847232,-0.018355204364799427,0.8794388786980857,0.876734396312497,0.11218898452565729,0.9542354545882131,0.953870937397112,0.04492968345797477,5.155785100705424,0.0527374065189784,1.1706797589076987,-0.17780047701819757,80.65744264059057,-0.9146937241638482
hamburg,gbdt,3,0,20,11.652763902803036,0.5147503563558565,0.5751140586049575,0.8042189925215183,0.7471779314237336,-0.08610836743332861,0.8794388786980857,0.8760994308828371,0.1111071915714219,0.9542354545882131,0.9542354545882131,0.04576454541178687,5.502148765392601,0.24509665584873713,1.1706797589076987,-0.5106307707031253,80.65744264059057,-0.9146937241638482
hamburg,gbdt,3,0,10,11.58915585650513,1.875430626849771,0.5965617797845821,0.7211325901886082,0.6793659752598655,-0.2131132119843845,0.8293589200884248,0.8412586425850148,0.08461502281172095,0.909329288368374,0.909329288368374,0.09067071163162599,6.32992483395083,0.2857697192041766,1.292587627432416,-0.5474636965563903,98.99639370138904,-0.9448876587430804
hamburg,gbdt+k10,3,0,20,11.84036507231957,2.1889791353976173,0.5751140586049575,0.8042189925215183,0.7287756925826631,-0.10241757208033486,0.8794388786980857,0.8766756032171582,0.10622736465829452,0.9542354545882131,0.9542354545882131,0.04576454541178687,5.1625719295216905,0.1377992568552749,1.1706797589076987,-0.35097769397765266,80.65744264059057,-0.9146937241638482
hamburg,gbdt+k10,3,1,20,11.63875571343476,0.31632033275668286,0.5751140586049575,0.8042189925215183,0.776221720521142,0.0074196886317671185,0.8794388786980857,0.8774399134565637,0.11719815624853014,0.9542354545882131,0.9542354545882131,0.04576454541178687,5.160885369640152,0.08969474624900053,1.1706797589076987,-0.2595027802387069,80.65744264059057,-0.9146937241638482
hamburg,gbdt+k10,3,2,20,11.615420742996637,0.2117812952622759,0.5751140586049575,0.8042189925215183,0.7619232397347255,-0.05007995860966086,0.8794388786980857,0.8771929824561403,0.11292977752692723,0.9542354545882131,0.9542354545882131,0.04576454541178687,5.373520125692219,0.19454635247636515,1.1706797589076987,-0.44241769486886706,80.65744264059057,-0.9146937241638482
hamburg,gbdt+k10,3,3,20,12.075480792878235,-2.659600063924414,0.5751140586049575,0.8042189925215183,0.8033488547105028,0.1281924650769013,0.8794388786980857,0.8794388786980857,0.12056112130191432,0.9542354545882131,0.9542354545882131,0.04576454541178687,5.25904481932599,0.02664503080758196,1.1706797589076987,-0.04455776162886704,80.65744264059057,-0.9146937241638482
hamburg,gbdt+k10,3,4,20,11.697750654595579,-1.4222549929953807,0.5751140586049575,0.8042189925215183,0.7940477870278915,0.04648182117492117,0.8794388786980857,0.8779572926955458,0.11882084567988338,0.9542354545882131,0.9542354545882131,0.04576454541178687,5.1839030715091114,0.1292272235548657,1.1706797589076987,-0.3369537599270839,80.65744264059057,-0.9146937241638482
hamburg,gbdt+k10,3,5,20,11.65667084083989,-1.1321485138923661,0.5751140586049575,0.8042189925215183,0.7841235125346879,0.008289826442782533,0.8794388786980857,0.8775810168853769,0.11802125958327458,0.9542354545882131,0.9542354545882131,0.04576454541178687,5.2647291865785535,0.17621466534970132,1.1706797589076987,-0.41241091659323814,80.65744264059057,-0.9146937241638482
hamburg,gbdt+k10,3,6,20,11.624585421028302,-0.23598249645679875,0.5751140586049575,0.8042189925215183,0.7761276515685998,-0.002010723860589869,0.8794388786980857,0.8774987065519025,0.1172569493438691,0.9542354545882131,0.9542354545882131,0.04576454541178687,5.157238517919437,0.14083298057476124,1.1706797589076987,-0.35183726461197906,80.65744264059057,-0.9146937241638482
hamburg,gbdt+k10,3,7,20,11.60864003347966,0.19719574754253297,0.5751140586049575,0.8042189925215183,0.755949861248295,-0.07091623159776117,0.8794388786980857,0.8764992239311415,0.1099078124265086,0.9542354545882131,0.9542354545882131,0.04576454541178687,5.3859284752858425,0.20264804101406336,1.1706797589076987,-0.4526626725045476,80.65744264059057,-0.9146937241638482
hamburg,gbdt+k10,3,8,20,11.742395723490723,-1.223822103671613,0.5751140586049575,0.8042189925215183,0.8002680965147453,0.07511405860495746,0.8794388786980857,0.8785334650298668,0.11927943182352663,0.9542354545882131,0.9542354545882131,0.04576454541178687,5.135932779901945,0.05370161328253609,1.1706797589076987,-0.18073172758760003,80.65744264059057,-0.9146937241638482
hamburg,gbdt+k10,3,9,20,11.668100971151683,1.1595491007110716,0.5751140586049575,0.8042189925215183,0.7446733455622971,-0.08499129862188992,0.8794388786980857,0.8761699825972438,0.11026057099854192,0.9542354545882131,0.9542354545882131,0.04576454541178687,5.314635478799669,0.19048962889798227,1.1706797589076987,-0.4321961102375811,80.65744264059057,-0.9146937241638482
hamburg,gbdt+k10d,3,0,20,11.788454708667489,1.5469989477505939,0.5751140586049575,0.8042189925215183,0.7620643431635389,-0.016520859790226217,0.8794388786980857,0.8774987065519025,0.11358826019472279,0.9542354545882131,0.953870937397112,0.04492968345797477,5.153649646762245,0.05303137199567276,1.1706797589076987,-0.17905371040177664,80.65744264059057,-0.9146937241638482
hamburg,gbdt,4,0,20,11.64220336875426,0.5663806705867921,0.5751140586049575,0.8042189925215183,0.7488358967122901,-0.08762522929307182,0.8794388786980857,0.8757701895489394,0.11066036404684632,0.9542354545882131,0.9542354545882131,0.04576454541178687,5.491086219899727,0.24136917360425192,1.1706797589076987,-0.5058746034373447,80.65744264059057,-0.9146937241638482
hamburg,gbdt,4,0,10,11.58484619168867,1.930217568778564,0.5965617797845821,0.7211325901886082,0.6774022858755467,-0.21724048727717415,0.8293589200884248,0.8414702977282348,0.08148723013969239,0.909329288368374,0.909329288368374,0.09067071163162599,6.320159020548658,0.28145430600630256,1.292587627432416,-0.5425787661895204,98.99639370138904,-0.9448876587430804
hamburg,gbdt+k10,4,0,20,11.83090840956198,2.1958054949129835,0.5751140586049575,0.8042189925215183,0.7314213818729128,-0.10313484784346927,0.8794388786980857,0.8769813273129203,0.1054748130379568,0.9542354545882131,0.9542354545882131,0.04576454541178687,5.173335625362021,0.137058463854005,1.1706797589076987,-0.3501037538382554,80.65744264059057,-0.9146937241638482
hamburg,gbdt+k10,4,1,20,11.629810550632584,0.4606206544180691,0.5751140586049575,0.8042189925215183,0.776115892949532,0.001105310192371034,0.8794388786980857,0.8773105686468181,0.11723343210573356,0.9542354545882131,0.9542354545882131,0.04576454541178687,5.176644302768848,0.09206998730069149,1.1706797589076987,-0.2645053457517501,80.65744264059057,-0.9146937241638482
hamburg,gbdt+k10,4,2,20,11.603201410135393,0.16006238063315797,0.5751140586049575,0.8042189925215183,0.7674615493156484,-0.04425944217111144,0.8794388786980857,0.876734396312497,0.11355298433751937,0.9542354545882131,0.9542354545882131,0.04576454541178687,5.370580460838495,0.18876111189501898,1.1706797589076987,-0.4342107717683792,80.65744264059057,-0.9146937241638482
hamburg,gbdt+k10,4,3,20,12.035257138972156,-2.531209902673453,0.5751140586049575,0.8042189925215183,0.8024551996613518,0.12602887916843042,0.8794388786980857,0.8794388786980857,0.12056112130191432,0.9542354545882131,0.9542354545882131,0.04576454541178687,5.269110261141354,0.027091858332157437,1.1706797589076987,-0.04677539911337347,80.65744264059057,-0.9146937241638482
hamburg,gbdt+k10,4,4,20,11.662480621098577,-1.1722086233148783,0.5751140586049575,0.8042189925215183,0.7926249941206904,0.03842716711349414,0.8794388786980857,0.8782394995531725,0.11900898358496781,0.9542354545882131,0.9542354545882131,0.04576454541178687,5.197851945305982,0.1271106721226659,1.1706797589076987,-0.333826118820181,80.65744264059057,-0.9146937241638482
hamburg,gbdt+k10,4,5,20,11.645704726150353,-1.119003027635358,0.5751140586049575,0.8042189925215183,0.7840882366774846,0.005691171628803837,0.8794388786980857,0.8776398099807159,0.11822115610742678,0.9542354545882131,0.9542354545882131,0.04576454541178687,5.2835670572144435,0.17761394101876676,1.1706797589076987,-0.41481124453426155,80.65744264059057,-0.9146937241638482
hamburg,gbdt+k10,4,6,20,11.614801469484807,-0.26086510969247667,0.5751140586049575,0.8042189925215183,0.7789732373830017,0.002104792813132028,0.8794388786980857,0.8775104651709703,0.11771553548751235,0.9542354545882131,0.9542354545882131,0.04576454541178687,5.162195235955613,0.13585908470909175,1.1706797589076987,-0.3437346663217693,80.65744264059057,-0.9146937241638482
hamburg,gbdt+k10,4,7,20,11.60221485222509,0.33137588196362494,0.5751140586049575,0.8042189925215183,0.7571845162504115,-0.07422040355580639,0.8794388786980857,0.8761347067400405,0.10977846761676313,0.9542354545882131,0.9542354545882131,0.04576454541178687,5.387816731002266,0.19879121395983257,1.1706797589076987,-0.4474438223385323,80.65744264059057,-0.9146937241638482
hamburg,gbdt+k10,4,8,20,11.748000229649383,-1.389142860815912,0.5751140586049575,0.8042189925215183,0.8037486477588072,0.0800056441371525,0.8794388786980857,0.8789332580781714,0.11979681106250883,0.9542354545882131,0.9542354545882131,0.04576454541178687,5.148500867268621,0.05353699261558731,1.1706797589076987,-0.18102334720229551,80.65744264059057,-0.9146937241638482
hamburg,gbdt+k10,4,9,20,11.683401285743177,1.3951791036788035,0.5751140586049575,0.8042189925215183,0.7424392079394196,-0.09366915949390908,0.8794388786980857,0.8760641550256338,0.10836743332862986,0.9542354545882131,0.9542354545882131,0.04576454541178687,5.316106664516309,0.18595080193782043,1.1706797589076987,-0.4255894832801266,80.65744264059057,-0.9146937241638482
hamburg,gbdt+k10d,4,0,20,11.829743882340331,1.8602868352975743,0.5751140586049575,0.8042189925215183,0.7590894125393913,-0.025633789567753196,0.8794388786980857,0.8766050515027515,0.11281219133624953,0.9542354545882131,0.953870937397112,0.04492968345797477,5.174387675704298,0.05091482056347296,1.1706797589076987,-0.17222433286541639,80.65744264059057,-0.9146937241638482
hamburg,gbdt_iw,0,0,20,11.637494949711513,0.980687723586751,0.5751140586049575,0.8042189925215183,0.7585955505385448,-0.05103240675415077,0.8794388786980857,0.8767108790743615,0.1145407083392127,0.9542354545882131,0.9542354545882131,0.04576454541178687,5.305842934125036,0.1651850806641268,1.1706797589076987,-0.3962488306389148,80.65744264059057,-0.9146937241638482
hamburg,gbdt_iw,0,0,10,11.664587235274311,2.3814516949763567,0.5965617797845821,0.7211325901886082,0.6840811815060439,-0.19172428390009877,0.8293589200884248,0.843092987159588,0.09352805606509573,0.909329288368374,0.909329288368374,0.09067071163162599,6.200812529700083,0.21406566012887446,1.292587627432416,-0.4375624222651583,98.99639370138904,-0.9448876587430804
hamburg,gbdt_iw,1,0,20,11.6362253382656,0.9552637393869364,0.5751140586049575,0.8042189925215183,0.7581252057758336,-0.05376040637787505,0.8794388786980857,0.8762875687879216,0.11484643243497483,0.9542354545882131,0.9542354545882131,0.04576454541178687,5.305827486737526,0.16504397723531344,1.1706797589076987,-0.3956161732287131,80.65744264059057,-0.9146937241638482
hamburg,gbdt_iw,1,0,10,11.657754049959442,2.3618520139093246,0.5965617797845821,0.7211325901886082,0.6845280090306194,-0.19224166313908087,0.8293589200884248,0.8415055735854381,0.09147029772823478,0.909329288368374,0.909329288368374,0.09067071163162599,6.202505793813636,0.21497107379709324,1.292587627432416,-0.43768469397268883,98.99639370138904,-0.9448876587430804
hamburg,gbdt_iw,2,0,20,11.693181667128425,1.2136632368109808,0.5751140586049575,0.8042189925215183,0.7473425520906825,-0.04996237241898316,0.8794388786980857,0.8773928789802925,0.11766850101124127,0.9542354545882131,0.9542354545882131,0.04576454541178687,5.307305830564531,0.1648793565683646,1.1706797589076987,-0.39513711101733606,80.65744264059057,-0.9146937241638482
hamburg,gbdt_iw,2,0,10,11.756750013872267,2.596897545807946,0.5965617797845821,0.7211325901886082,0.6724283900098772,-0.1948638351911951,0.8293589200884248,0.843304642302808,0.10018343445745725,0.909329288368374,0.909329288368374,0.09067071163162599,6.199458790220628,0.2136305912233667,1.292587627432416,-0.437713459614555,98.99639370138904,-0.9448876587430804
hamburg,gbdt_iw,3,0,20,11.673227573084368,1.0351309687472858,0.5751140586049575,0.8042189925215183,0.7521988617656742,-0.05154978599313298,0.8794388786980857,0.876628568740887,0.11499929448285595,0.9542354545882131,0.9542354545882131,0.04576454541178687,5.257343780357035,0.16305677061285917,1.1706797589076987,-0.3929348448574531,80.65744264059057,-0.9146937241638482
hamburg,gbdt_iw,3,0,10,11.707913687030105,2.432727235748538,0.5965617797845821,0.7211325901886082,0.6770142514463101,-0.19524011100136396,0.8293589200884248,0.8423639527773858,0.093457504350689,0.909329288368374,0.909329288368374,0.09067071163162599,6.16927300022512,0.21406566012887446,1.292587627432416,-0.4368910123678784,98.99639370138904,-0.9448876587430804
hamburg,gbdt_iw,4,0,20,11.699079866472319,1.2085444446980238,0.5751140586049575,0.8042189925215183,0.7487535863788156,-0.05304313061474064,0.8794388786980857,0.8772517755514793,0.11703353558158136,0.9542354545882131,0.9542354545882131,0.04576454541178687,5.320988709618873,0.16479704623489022,1.1706797589076987,-0.3966902192837033,80.65744264059057,-0.9146937241638482
hamburg,gbdt_iw,4,0,10,11.76436718998035,2.5931078657818962,0.5965617797845821,0.7211325901886082,0.674074596679366,-0.19401721461831523,0.8293589200884248,0.8409058840129815,0.099407365598984,0.909329288368374,0.909329288368374,0.09067071163162599,6.209233173366446,0.21528855651192325,1.292587627432416,-0.4372701784939811,98.99639370138904,-0.9448876587430804
hamburg,gp_ard,0,0,20,11.68219751342236,1.2661812834965724,0.5751140586049575,0.8042189925215183,0.748788862236019,-0.10119467569728613,0.8794388786980857,0.8771106721226659,0.10844974366210436,0.9542354545882131,0.9542354545882131,0.04576454541178687,5.727599220456913,0.17122901086496406,1.1706797589076987,-0.4060266673156757,80.65744264059057,-0.9146937241638482
hamburg,gp_ard,0,0,10,11.755586441666871,2.658320102039027,0.5965617797845821,0.7211325901886082,0.6812473543107097,-0.216828935609802,0.8293589200884248,0.8392949532006961,0.07651333427402285,0.909329288368374,0.909329288368374,0.09067071163162599,6.481641717403077,0.21681717699073422,1.292587627432416,-0.43347548003625946,98.99639370138904,-0.9448876587430804
hamburg,kernel,0,0,20,12.538182412748327,3.746217571818319,0.5751140586049575,0.8042189925215183,0.6128827430506562,-0.20405907530219658,0.8794388786980857,0.8793918442218146,0.12051408682564324,0.9542354545882131,0.9542354545882131,0.04576454541178687,5.527666453261599,0.21978034899581395,1.1706797589076987,-0.4813862872185142,80.65744264059057,-0.9146937241638482
hamburg,kernel,0,0,10,12.869215161043781,5.009845747939149,0.5965617797845821,0.7211325901886082,0.5581346126710879,-0.3264192653214806,0.8293589200884248,0.8268543342269884,0.08182823009265794,0.909329288368374,0.909329288368374,0.09067071163162599,6.344789937562901,0.2581957574902403,1.292587627432416,-0.5081437696647334,98.99639370138904,-0.9448876587430804
hamburg,knn,0,0,20,11.886090953557844,1.7168021679316492,0.5751140586049575,0.8042189925215183,0.7198391420911529,-0.11431729457692485,0.8794388786980857,0.8763933963595315,0.11450543248200928,0.9542354545882131,0.9542354545882131,0.04576454541178687,5.626237610108663,0.17079394195945635,1.1706797589076987,-0.40245047732546146,80.65744264059057,-0.9146937241638482
hamburg,knn,0,0,10,12.014284506367481,3.0844098767415002,0.5965617797845821,0.7211325901886082,0.6531795305959268,-0.2308099336813884,0.8293589200884248,0.8375899534358685,0.08002916137528804,0.909329288368374,0.909329288368374,0.09067071163162599,6.406034119799253,0.219933211043695,1.292587627432416,-0.42515180562951815,98.99639370138904,-0.9448876587430804
hamburg,median,0,0,20,14.126886627610935,6.345240384240721,0.5751140586049575,0.8042189925215183,0.455928695733973,-0.3691736042519167,0.8794388786980857,0.849466158694323,0.08992991863035604,0.9542354545882131,0.9542354545882131,0.04576454541178687,5.730409659937071,0.28167771976859035,1.1706797589076987,-0.5571336403317368,80.65744264059057,-0.9146937241638482
hamburg,median,0,0,10,14.613571150011325,7.491758469189163,0.5965617797845821,0.7211325901886082,0.4116692535628616,-0.47782324443817314,0.8293589200884248,0.7637811015474343,0.01421617045294199,0.909329288368374,0.909329288368374,0.09067071163162599,6.5318361151329585,0.3259606791778374,1.292587627432416,-0.599621180018272,98.99639370138904,-0.9448876587430804
hamburg,mlp,0,0,20,11.835909469144468,1.9846438367313362,0.5751140586049575,0.8042189925215183,0.7282465547246132,-0.12288932787733409,0.8794388786980857,0.8765815342646159,0.10712101970744559,0.9542354545882131,0.9542354545882131,0.04576454541178687,5.694916688844318,0.1797540096891021,1.1706797589076987,-0.415431884083191,80.65744264059057,-0.9146937241638482
hamburg,mlp,0,0,10,11.992852826433039,3.3393136916736363,0.5965617797845821,0.7211325901886082,0.6584591505573586,-0.2410516908894219,0.8293589200884248,0.8436926767320446,0.06905836978505242,0.909329288368374,0.909329288368374,0.09067071163162599,6.448044423733992,0.22067400404496496,1.292587627432416,-0.43984705301800275,98.99639370138904,-0.9448876587430804
hamburg,mlp,1,0,20,11.71741403226698,1.4276360809041981,0.5751140586049575,0.8042189925215183,0.7450025868961949,-0.1038050891303326,0.8794388786980857,0.8761934998353793,0.1092728469968487,0.9542354545882131,0.9542354545882131,0.04576454541178687,5.689063744040042,0.17392173463148486,1.1706797589076987,-0.4076397237648475,80.65744264059057,-0.9146937241638482
hamburg,mlp,1,0,10,11.806140074508038,2.804969257947112,0.5965617797845821,0.7211325901886082,0.6755796999200414,-0.21967452142420385,0.8293589200884248,0.8419759183481492,0.07148064531301446,0.909329288368374,0.909329288368374,0.09067071163162599,6.44466682855534,0.21621748741827762,1.292587627432416,-0.4316804811076579,98.99639370138904,-0.9448876587430804
hamburg,mlp,2,0,20,11.73762366564808,1.4919967055504733,0.5751140586049575,0.8042189925215183,0.7437444146559428,-0.10626264051549783,0.8794388786980857,0.8763816377404637,0.10663891632566669,0.9542354545882131,0.9542354545882131,0.04576454541178687,5.7390865933713995,0.16997083862471196,1.1706797589076987,-0.40234531467318535,80.65744264059057,-0.9146937241638482
hamburg,mlp,2,0,10,11.836649537320952,2.8659081093841703,0.5965617797845821,0.7211325901886082,0.6759794929683458,-0.2199802455199661,0.8293589200884248,0.8437514698273835,0.06961102488123794,0.909329288368374,0.909329288368374,0.09067071163162599,6.48154633799759,0.21286628098396126,1.292587627432416,-0.4247434069890962,98.99639370138904,-0.9448876587430804
hamburg,mlp,3,0,20,11.784926509511598,1.9223819155372883,0.5751140586049575,0.8042189925215183,0.7310686233008795,-0.13356615399087535,0.8794388786980857,0.8770166031701238,0.10127698603076052,0.9542354545882131,0.9542354545882131,0.04576454541178687,5.7551622047027475,0.18305818164714738,1.1706797589076987,-0.421164036057704,80.65744264059057,-0.9146937241638482
hamburg,mlp,3,0,10,11.926271320161758,3.2924978439134502,0.5965617797845821,0.7211325901886082,0.6633742533276892,-0.24389727670382383,0.8293589200884248,0.8408470909176426,0.046787545270683406,0.909329288368374,0.909329288368374,0.09067071163162599,6.488096732167838,0.22387234843140025,1.292587627432416,-0.4441248626298082,98.99639370138904,-0.9448876587430804
hamburg,mlp,4,0,20,11.819765903737114,1.9063590354612363,0.5751140586049575,0.8042189925215183,0.7318446921593528,-0.11804477682141012,0.8794388786980857,0.876628568740887,0.1065566059921923,0.9542354545882131,0.9542354545882131,0.04576454541178687,5.674142474630593,0.17187573491369174,1.1706797589076987,-0.4024183299892632,80.65744264059057,-0.9146937241638482
hamburg,mlp,4,0,10,11.967808772469098,3.271203116269557,0.5965617797845821,0.7211325901886082,0.6636329429471803,-0.23432576078265366,0.8293589200884248,0.8430812285405203,0.06795305959268139,0.909329288368374,0.909329288368374,0.09067071163162599,6.436901150742532,0.21375993603311227,1.292587627432416,-0.42815819170343317,98.99639370138904,-0.9448876587430804
hamburg,ridge,0,0,20,11.874281556884792,2.001086569843785,0.5751140586049575,0.8042189925215183,0.7221203141903015,-0.11100136399981186,0.8794388786980857,0.8778514651239359,0.11140115704811626,0.9542354545882131,0.9542354545882131,0.04576454541178687,5.586102951197249,0.18457504350689052,1.1706797589076987,-0.4234456966688227,80.65744264059057,-0.9146937241638482
hamburg,ridge,0,0,10,12.038349229721836,3.3432948102158035,0.5965617797845821,0.7211325901886082,0.6481586002539862,-0.23846479469451104,0.8293589200884248,0.8433634353981468,0.0878721602934951,0.909329288368374,0.909329288368374,0.09067071163162599,6.376634965543442,0.22454258971826346,1.292587627432416,-0.4487108212005637,98.99639370138904,-0.9448876587430804
hamburg,ridge+k10,0,0,20,11.948190779927776,2.1321750761926133,0.5751140586049575,0.8042189925215183,0.7375005879309534,-0.06022764686515214,0.8794388786980857,0.8777103616951225,0.11495226000658487,0.9542354545882131,0.9542354545882131,0.04576454541178687,5.35535108821563,0.09371619397018016,1.1706797589076987,-0.27247517862818815,80.65744264059057,-0.9146937241638482
hamburg,ridge+k10,0,1,20,11.71166964205789,-0.10732317745994388,0.5751140586049575,0.8042189925215183,0.7770565824749541,0.004515309722026184,0.8794388786980857,0.8798151545082545,0.11924415596632332,0.9542354545882131,0.9542354545882131,0.04576454541178687,5.557715001982275,0.14096232538450687,1.1706797589076987,-0.35666520397604407,80.65744264059057,-0.9146937241638482
hamburg,ridge+k10,0,2,20,11.809061591897802,1.40143980175155,0.5751140586049575,0.8042189925215183,0.7460255867550915,-0.06245002586896198,0.8794388786980857,0.8785922581252058,0.11439960491039936,0.9542354545882131,0.9542354545882131,0.04576454541178687,5.582126189685483,0.14894642773152722,1.1706797589076987,-0.3698174197401952,80.65744264059057,-0.9146937241638482
hamburg,ridge+k10,0,3,20,12.071529588924522,-2.361817168452153,0.5751140586049575,0.8042189925215183,0.7986571657024599,0.1231245002586896,0.8794388786980857,0.8794388786980857,0.12056112130191432,0.9542354545882131,0.9542354545882131,0.04576454541178687,5.428012523822106,0.04438878698085702,1.1706797589076987,-0.14691411088541462,80.65744264059057,-0.9146937241638482
hamburg,ridge+k10,0,4,20,11.724036625309475,-0.2474647777440935,0.5751140586049575,0.8042189925215183,0.780325478575796,0.013851653261840902,0.8794388786980857,0.8798739476035934,0.1196086731574244,0.9542354545882131,0.9542354545882131,0.04576454541178687,5.499850917360007,0.12680494802690379,1.1706797589076987,-0.3324392521052263,80.65744264059057,-0.9146937241638482
hamburg,ridge+k10,0,5,20,11.71729874288538,-0.8374011120757537,0.5751140586049575,0.8042189925215183,0.7870631673016321,0.023505479516485517,0.8794388786980857,0.8795917407459668,0.11890315601335777,0.9542354545882131,0.9542354545882131,0.04576454541178687,5.529587954207461,0.15150980668830255,1.1706797589076987,-0.3717545311528141,80.65744264059057,-0.9146937241638482
hamburg,ridge+k10,0,6,20,11.815752170277916,1.205489836737787,0.5751140586049575,0.8042189925215183,0.7565142749635483,-0.025645548186820966,0.8794388786980857,0.8786275339824091,0.117891914773529,0.9542354545882131,0.9542354545882131,0.04576454541178687,5.434475995518661,0.09813743473966419,1.1706797589076987,-0.2776957081577157,80.65744264059057,-0.9146937241638482
hamburg,ridge+k10,0,7,20,11.749461143286258,1.4453360583915908,0.5751140586049575,0.8042189925215183,0.7351841399746014,-0.11016650204599976,0.8794388786980857,0.8779808099336814,0.10854381261464652,0.9542354545882131,0.9542354545882131,0.04576454541178687,5.692898668678715,0.19814448991110484,1.1706797589076987,-0.44463085270951763,80.65744264059057,-0.9146937241638482
hamburg,ridge+k10,0,8,20,11.831109769817058,-1.3255640571073186,0.5751140586049575,0.8042189925215183,0.7972578900333944,0.07770095479986827,0.8794388786980857,0.8795094304124924,0.12046705234937216,0.9542354545882131,0.9542354545882131,0.04576454541178687,5.416848408549758,0.08211043695028464,1.1706797589076987,-0.24672435674496807,80.65744264059057,-0.9146937241638482
hamburg,ridge+k10,0,9,20,11.885167415868597,2.1846271798647043,0.5751140586049575,0.8042189925215183,0.7141009359860778,-0.13463618832604296,0.8794388786980857,0.8778279478858003,0.10954329523540762,0.9542354545882131,0.9542354545882131,0.04576454541178687,5.676415441240705,0.2018484549174545,1.1706797589076987,-0.4498625472217811,80.65744264059057,-0.9146937241638482
hamburg,ridge+k10d,0,0,20,12.42412430851732,3.5947547497379406,0.5751140586049575,0.8042189925215183,0.7191689008042895,-0.07881802361130708,0.8794388786980857,0.8770636376463948,0.11218898452565729,0.9542354545882131,0.953870937397112,0.04492968345797477,5.4994426800658065,0.041766614928742785,1.1706797589076987,-0.13942782927131225,80.65744264059057,-0.9146937241638482
hamburg,uma_los,0,0,20,18.738019499762576,-13.848589893534227,0.5751140586049575,0.8042189925215183,0.8042189925215183,0.1957810074784817,0.8794388786980857,0.8794388786980857,0.12056112130191432,0.9542354545882131,0.9542354545882131,0.04576454541178687,5.684097151173709,0.27635106533088755,1.1706797589076987,-0.5503267730953105,80.65744264059057,-0.9146937241638482
hamburg,uma_los,0,0,10,17.85381910412024,-12.700726994788866,0.5965617797845821,0.7211325901886082,0.7211325901886082,0.2788674098113918,0.8293589200884248,0.8293589200884248,0.17064107991157518,0.909329288368374,0.909329288368374,0.09067071163162599,6.441785988216083,0.313390715394384,1.292587627432416,-0.5850808160480773,98.99639370138904,-0.9448876587430804
hamburg,uma_nlos,0,0,20,27.359617685993097,23.624918995861226,0.5751140586049575,0.8042189925215183,0.32330323126851984,-0.5906001599172194,0.8794388786980857,0.5200954799868304,-0.35366398570151925,0.9542354545882131,0.8132966464418419,-0.10277033065236818,5.75896412406724,0.060110060674474386,1.1706797589076987,0.09051811959403566,80.65744264059057,-0.9146937241638482
hamburg,uma_nlos,0,0,10,28.662278859064866,25.188757279783772,0.5965617797845821,0.7211325901886082,0.33724895348290296,-0.6178096044400545,0.8293589200884248,0.40286204788109686,-0.5174145148393773,0.909329288368374,0.6703706316730164,-0.23711255350171678,7.56106173111251,0.24149851841399747,1.292587627432416,-0.23682349719616003,98.99639370138904,-0.9448876587430804
london,oracle,0,0,20,10.61383870551104,1.1313103048326692e-05,0.5132117742236605,0.673470657788288,0.7049349679507125,-0.1421494803659219,0.8007841184890161,0.8005102993341217,0.11644781878150479,0.9243512352977783,0.9243636816230008,0.07563631837699925,7.312128021837143,0.3216752753749455,1.2728828531177574,-0.711108945629014,67.56689823489548,-0.9240284506751881
london,oracle,0,0,10,10.512208172343735,1.6365399439964419,0.5387267409297405,0.5815545460202876,0.7214761341713859,-0.17474640612359205,0.7246748397535627,0.7489949592382849,0.05134109154272204,0.8557719833219242,0.8557968759723692,0.1440786607754061,7.603951069435027,0.26305308357707385,1.2367211572345596,-0.6000733961912148,139.32638382941255,-0.955548128342246
london,coral,0,0,20,12.192423328092199,3.9278387737872933,0.5142323728919037,0.673470657788288,0.6723878274939324,-0.15348808264359948,0.8007841184890161,0.7837326529342211,0.14044433381044252,0.9243512352977783,0.9243512352977783,0.0756487647022217,6.841641924888691,0.25115439666438477,1.2728828531177574,-0.6492045146877604,72.0370682106226,-0.9287358691543827
london,coral,0,0,10,12.626538405578575,5.347636458213949,0.539884249175431,0.5815545460202876,0.6753002675959923,-0.2237849275001556,0.7246748397535627,0.7217499533262804,0.049287447881013136,0.8557719833219242,0.8557719833219242,0.14422801667807583,7.368460492962297,0.19785923206173384,1.2367211572345596,-0.53277118564866,144.45860910193974,-0.9602606951871657
london,cost231,0,0,20,34.94124005055811,31.953541140937634,0.5142323728919037,0.673470657788288,0.33521687721700166,-0.657564254153961,0.8007841184890161,0.2937830605513722,-0.6653929927188997,0.9243512352977783,0.5296160308668866,-0.4056132926753375,7.804146619702523,0.25139087684361194,1.2728828531177574,-0.5768142825069781,72.0370682106226,-0.9287358691543827
london,cost231,0,0,10,36.11333283985175,33.354885881765334,0.539884249175431,0.5815545460202876,0.4199887983072998,-0.5792146368784616,0.7246748397535627,0.31550189806459644,-0.672923019478499,0.8557719833219242,0.3737133611301263,-0.5863090422552741,10.796792410276527,0.4777770863152654,1.2367211572345596,-0.8310509481497377,144.45860910193974,-0.9602606951871657
london,gbdt,0,0,20,12.09552327196856,3.859507280354936,0.5142323728919037,0.673470657788288,0.6699981330512166,-0.17628975045117923,0.8007841184890161,0.7745721575704774,0.09742983384155834,0.9243512352977783,0.9243512352977783,0.0756487647022217,6.8308291504675305,0.2429024830418819,1.2728828531177574,-0.6307689367679461,72.0370682106226,-0.9287358691543827
london,gbdt,0,0,10,12.523808380093302,5.348994593070568,0.539884249175431,0.5815545460202876,0.6792208600410728,-0.2232248428651441,0.7246748397535627,0.7152778642105918,-0.01478623436430393,0.8557719833219242,0.8552118986869127,0.14229883626859174,7.37036756978695,0.18764079905407927,1.2367211572345596,-0.5186676409595363,144.45860910193974,-0.9602606951871657
london,gbdt+k10,0,0,20,11.528139028111797,1.5420008536663115,0.5142323728919037,0.673470657788288,0.6923143941751198,-0.10722509179164852,0.8007841184890161,0.7891219117555541,0.1594249797747216,0.9243512352977783,0.9243512352977783,0.0756487647022217,7.0498100874765806,0.2860787852386584,1.2728828531177574,-0.6988224507565596,72.0370682106226,-0.9287358691543827
london,gbdt+k10,0,1,20,11.791596573688906,3.1756744118104194,0.5142323728919037,0.673470657788288,0.6492625552305682,-0.2506938826311531,0.8007841184890161,0.7697305370589334,0.0713796751509117,0.9243512352977783,0.9243512352977783,0.0756487647022217,7.52196139061568,0.36058248802041193,1.2728828531177574,-0.7930504402492392,72.0370682106226,-0.9287358691543827
london,gbdt+k10,0,2,20,11.582495651553566,2.1705205149603106,0.5142323728919037,0.673470657788288,0.6759225838571162,-0.17355155890223406,0.8007841184890161,0.7792893148297965,0.12221046735951213,0.9243512352977783,0.9243512352977783,0.0756487647022217,7.232245393154756,0.3172817225714108,1.2728828531177574,-0.740887931198291,72.0370682106226,-0.9287358691543827
london,gbdt+k10,0,3,20,12.021610945657041,3.92847617138422,0.5142323728919037,0.673470657788288,0.631476756487647,-0.286203248490883,0.8007841184890161,0.7671417014126579,0.04855311469288692,0.9243512352977783,0.9243512352977783,0.0756487647022217,7.581109655918987,0.3851639803348061,1.2728828531177574,-0.815818832049394,72.0370682106226,-0.9287358691543827
london,gbdt+k10,0,4,20,11.562579225046353,2.0611404285900403,0.5142323728919037,0.673470657788288,0.6762710809633455,-0.16852324351235293,0.8007841184890161,0.7811064783122783,0.13057439790901737,0.9243512352977783,0.9243512352977783,0.0756487647022217,7.2299753991069275,0.32610616715414775,1.2728828531177574,-0.7511515887308139,72.0370682106226,-0.9287358691543827
london,gbdt+k10,0,5,20,11.39297159305911,1.1205312617772303,0.5142323728919037,0.673470657788288,0.6758727985562263,-0.18149231439417507,0.8007841184890161,0.7824133424606385,0.13334992843363003,0.9243512352977783,0.9243636816230008,0.07563631837699925,7.5656684902907525,0.38022278922148234,1.2728828531177574,-0.8129202160515345,72.0370682106226,-0.9287358691543827
london,gbdt+k10,0,6,20,11.386676828484232,0.9512289378683054,0.5142323728919037,0.673470657788288,0.6794075549194101,-0.1712614350612981,0.8007841184890161,0.786358827556164,0.14331943493683497,0.9243512352977783,0.9243512352977783,0.0756487647022217,7.647981836270438,0.3835086190802165,1.2728828531177574,-0.8169663105963682,72.0370682106226,-0.9287358691543827
london,gbdt+k10,0,7,20,11.378607226280048,0.8604252123673327,0.5141079096396789,0.673470657788288,0.6719895450868131,-0.20140643475013997,0.8007841184890161,0.7879146182089738,0.13770614226149736,0.9243512352977783,0.9243512352977783,0.0756487647022217,8.000730797180307,0.43247246250544524,1.2728828531177574,-0.8688501062802769,71.57041359393104,-0.9274645225578119
london,gbdt+k10,0,8,20,11.53717133947072,1.6682879693272024,0.5142323728919037,0.673470657788288,0.6906590329205302,-0.1108220797809446,0.8007841184890161,0.7859480988238222,0.15087435434687912,0.9243512352977783,0.9243512352977783,0.0756487647022217,6.969845647934605,0.2740307424232995,1.2728828531177574,-0.6785748422736861,72.0370682106226,-0.9287358691543827
london,gbdt+k10,0,9,20,11.389952731471274,-0.49060605582706757,0.5142323728919037,0.673470657788288,0.7046113634949281,-0.05191362250295595,0.8007841184890161,0.7923081710125086,0.1685356898375755,0.9243512352977783,0.9243512352977783,0.0756487647022217,7.046175659347806,0.2831787914618209,1.2728828531177574,-0.6950727802300529,72.0370682106226,-0.9287358691543827
london,gbdt+k10d,0,0,20,11.384712258306527,1.0199166729039302,0.5142323728919037,0.673470657788288,0.678884809260066,-0.16842367291057314,0.8007841184890161,0.7856867259941502,0.14429024830418824,0.9243512352977783,0.9243512352977783,0.0756487647022217,7.524256319690869,0.37617773352417694,1.2728828531177574,-0.8075603110828202,72.0370682106226,-0.9287358691543827
london,gbdt,1,0,20,12.123003546256676,3.929338269528589,0.5142323728919037,0.673470657788288,0.6666625178915925,-0.18532578256269833,0.8007841184890161,0.7716597174684174,0.09041010641608072,0.9243512352977783,0.9243512352977783,0.0756487647022217,6.822316252268918,0.24153338726740925,1.2728828531177574,-0.6290071115420803,72.0370682106226,-0.9287358691543827
london,gbdt,1,0,10,12.568717459802016,5.426001763381353,0.539884249175431,0.5815545460202876,0.6777895326404879,-0.2302570166158442,0.7246748397535627,0.7133611301263302,-0.016752753749455396,0.8557719833219242,0.8543655485717842,0.1416018420561329,7.376044913127646,0.18831290061609307,1.2367211572345596,-0.5169510233353469,144.45860910193974,-0.9602606951871657
london,gbdt+k10,1,0,20,11.502421817423086,1.31969696549798,0.5142323728919037,0.673470657788288,0.6931109589893584,-0.10306801916734076,0.8007841184890161,0.7913622502956003,0.15686103677889107,0.9243512352977783,0.9243512352977783,0.0756487647022217,7.043048615943729,0.28427406808139893,1.2728828531177574,-0.6970769294436947,72.0370682106226,-0.9287358691543827
london,gbdt+k10,1,1,20,11.758263898615722,3.028174580101746,0.5142323728919037,0.673470657788288,0.6511668429896074,-0.24445827369469159,0.8007841184890161,0.7683489949592383,0.06940070944053767,0.9243512352977783,0.9243512352977783,0.0756487647022217,7.485532813951714,0.35486962474329453,1.2728828531177574,-0.7875004982402899,72.0370682106226,-0.9287358691543827
london,gbdt+k10,1,2,20,11.595610033058856,2.2426287807486505,0.5142323728919037,0.673470657788288,0.6702097205799987,-0.1872798556226274,0.8007841184890161,0.7788039081461199,0.1100255149667061,0.9243512352977783,0.9243512352977783,0.0756487647022217,7.255645655998622,0.3214139025452735,1.2728828531177574,-0.7461609366564815,72.0370682106226,-0.9287358691543827
london,gbdt+k10,1,3,20,11.948384220339411,3.689009488986602,0.5142323728919037,0.673470657788288,0.6359076482668492,-0.27751571348559334,0.8007841184890161,0.7644906341402701,0.049561267035907686,0.9243512352977783,0.9243512352977783,0.0756487647022217,7.605356604888014,0.3875287821270769,1.2728828531177574,-0.8190545303014269,72.0370682106226,-0.9287358691543827
london,gbdt+k10,1,4,20,11.637048480060642,2.4466624757262645,0.5142323728919037,0.673470657788288,0.6663264671105856,-0.19758541290683923,0.8007841184890161,0.7787416765200075,0.10894268467235046,0.9243512352977783,0.9243512352977783,0.0756487647022217,7.267064527470993,0.3324537930176116,1.2728828531177574,-0.7594363478318438,72.0370682106226,-0.9287358691543827
london,gbdt+k10,1,5,20,11.426806144168587,1.4143767151999955,0.5142323728919037,0.673470657788288,0.6662268965088057,-0.2020909826373763,0.8007841184890161,0.7798867384404754,0.11332379115066282,0.9243512352977783,0.9243636816230008,0.07563631837699925,7.56088932079776,0.37923952952890655,1.2728828531177574,-0.8129959825215589,72.0370682106226,-0.9287358691543827
london,gbdt+k10,1,6,20,11.394868212921809,0.997842223845687,0.5142323728919037,0.673470657788288,0.6752504822951023,-0.1803472524737071,0.8007841184890161,0.7862468106291617,0.13053705893335,0.9243512352977783,0.9243512352977783,0.0756487647022217,7.6579993677857745,0.38334681685232436,1.2728828531177574,-0.8179202557773588,72.0370682106226,-0.9287358691543827
london,gbdt+k10,1,7,20,11.392429488508483,0.9398135558053056,0.5141079096396789,0.673470657788288,0.6636878461634202,-0.21418881075362495,0.8007841184890161,0.7871304997199576,0.12778642105918225,0.9243512352977783,0.9243512352977783,0.0756487647022217,8.07529141174974,0.44221793515464564,1.2728828531177574,-0.8774752154898193,71.57041359393104,-0.9274645225578119
london,gbdt+k10,1,8,20,11.589353076110736,1.9685316041988645,0.5142323728919037,0.673470657788288,0.6842367291057315,-0.12939199701288195,0.8007841184890161,0.784666127325907,0.13418383222353603,0.9243512352977783,0.9243512352977783,0.0756487647022217,6.9677497370556045,0.27292301947849895,1.2728828531177574,-0.6787549823046795,72.0370682106226,-0.9287358691543827
london,gbdt+k10,1,9,20,11.43846350355985,-1.1586861806793765,0.5142323728919037,0.673470657788288,0.7052710187317195,-0.030941564503080388,0.8007841184890161,0.7951832721389009,0.17576700479183527,0.9243512352977783,0.9243512352977783,0.0756487647022217,7.114111553728742,0.29355902669736755,1.2728828531177574,-0.7105349860383545,72.0370682106226,-0.9287358691543827
london,gbdt+k10d,1,0,20,11.349461492699577,0.44081673468979177,0.5142323728919037,0.673470657788288,0.681697678760346,-0.15627605949343448,0.8007841184890161,0.7897317816914556,0.14756363183769994,0.9243512352977783,0.9243512352977783,0.0756487647022217,7.58564752215846,0.384143381666563,1.2728828531177574,-0.8172179594976475,72.0370682106226,-0.9287358691543827
london,gbdt,2,0,20,12.053307767917273,3.773562468545695,0.5142323728919037,0.673470657788288,0.6724625054452673,-0.17576700479183516,0.8007841184890161,0.7752069201568237,0.09769120667123032,0.9243512352977783,0.9243512352977783,0.0756487647022217,6.82006786879822,0.24348746032733837,1.2728828531177574,-0.6318263752244996,72.0370682106226,-0.9287358691543827
london,gbdt,2,0,10,12.477731663129482,5.2687748305685265,0.539884249175431,0.5815545460202876,0.6837139834463875,-0.22117119920343525,0.7246748397535627,0.7177422366046424,-0.010006845478872317,0.8557719833219242,0.8553861472400274,0.14254776277304126,7.3613601292385376,0.19087684361192359,1.2367211572345596,-0.5204098643488354,144.45860910193974,-0.9602606951871657
london,gbdt+k10,2,0,20,11.494324554144383,1.4179534480617497,0.5142323728919037,0.673470657788288,0.6938826311531521,-0.10515900180471716,0.8007841184890161,0.7882257763395357,0.15265417885369348,0.9243512352977783,0.9243512352977783,0.0756487647022217,7.010679328605674,0.28203372954135286,1.2728828531177574,-0.693243851424294,72.0370682106226,-0.9287358691543827
london,gbdt+k10,2,1,20,11.727207579187247,2.980477102857991,0.5142323728919037,0.673470657788288,0.6524985997884125,-0.24661148795818028,0.8007841184890161,0.7711245254838509,0.07633331258945797,0.9243512352977783,0.9243512352977783,0.0756487647022217,7.517817849782698,0.3610554483788661,1.2728828531177574,-0.794412171828164,72.0370682106226,-0.9287358691543827
london,gbdt+k10,2,2,20,11.602670585634282,2.353408694848005,0.5142323728919037,0.673470657788288,0.67378181591885,-0.1856742796689277,0.8007841184890161,0.7793515464559089,0.11019976351982075,0.9243512352977783,0.9243512352977783,0.0756487647022217,7.209215496095744,0.3154023274628166,1.2728828531177574,-0.738936473006292,72.0370682106226,-0.9287358691543827
london,gbdt+k10,2,3,20,11.894833199148357,3.5679754002863917,0.5142323728919037,0.673470657788288,0.6373016366917668,-0.280527724189433,0.8007841184890161,0.7664198145497542,0.05614537307859857,0.9243512352977783,0.9243512352977783,0.0756487647022217,7.655298304985348,0.39614163918103185,1.2728828531177574,-0.8280721734665273,72.0370682106226,-0.9287358691543827
london,gbdt+k10,2,4,20,11.657982875235636,2.5947783453577364,0.5142323728919037,0.673470657788288,0.6711556412969071,-0.19176053270271948,0.8007841184890161,0.7793142074802415,0.10946543033169454,0.9243512352977783,0.9243512352977783,0.0756487647022217,7.178277046680777,0.3194971684610119,1.2728828531177574,-0.7428665301075653,72.0370682106226,-0.9287358691543827
london,gbdt+k10,2,5,20,11.437033062559449,1.5947096929631297,0.5142323728919037,0.673470657788288,0.6680938452921775,-0.205650631651005,0.8007841184890161,0.7792519758541291,0.1104735826747153,0.9243512352977783,0.9243636816230008,0.07563631837699925,7.542551395194059,0.37834339411288814,1.2728828531177574,-0.811180088827864,72.0370682106226,-0.9287358691543827
london,gbdt+k10,2,6,20,11.344058382649491,0.46707635038816736,0.5142323728919037,0.673470657788288,0.6858796440350986,-0.153737009148049,0.8007841184890161,0.7880141888107536,0.14654303316945672,0.9243512352977783,0.9243512352977783,0.0756487647022217,7.660588878929708,0.3864708444831663,1.2728828531177574,-0.820976065374531,72.0370682106226,-0.9287358691543827
london,gbdt+k10,2,7,20,11.36346797351946,0.7773208559365615,0.5141079096396789,0.673470657788288,0.6727736635758292,-0.19813305121662822,0.8007841184890161,0.7878399402576389,0.13394735204430896,0.9243512352977783,0.9243512352977783,0.0756487647022217,7.959439338774745,0.42899993776837386,1.2728828531177574,-0.8651316337632347,71.57041359393104,-0.9274645225578119
london,gbdt+k10,2,8,20,11.509339371845481,1.5958280485245193,0.5142323728919037,0.673470657788288,0.6906216939448627,-0.11414524861534625,0.8007841184890161,0.7853506752131433,0.1442031240276309,0.9243512352977783,0.9243512352977783,0.0756487647022217,6.980030032699643,0.27805090547015987,1.2728828531177574,-0.6851221206059245,72.0370682106226,-0.9287358691543827
london,gbdt+k10,2,9,20,11.405351984775873,-1.0102733644428523,0.5142323728919037,0.673470657788288,0.7076358205239903,-0.036666874105420355,0.8007841184890161,0.7949716846101189,0.17483353040014937,0.9243512352977783,0.9243512352977783,0.0756487647022217,7.0906330100154005,0.2920654676706702,1.2728828531177574,-0.7081873302896031,72.0370682106226,-0.9287358691543827
london,gbdt+k10d,2,0,20,11.372768636734266,1.080240985354585,0.5142323728919037,0.673470657788288,0.677478374509926,-0.17684983508619073,0.8007841184890161,0.7832472462505445,0.12863277117431082,0.9243512352977783,0.9243512352977783,0.0756487647022217,7.486541866048073,0.3724438359574336,1.2728828531177574,-0.8037622833326872,72.0370682106226,-0.9287358691543827
london,gbdt,3,0,20,12.132891789518604,3.9700932756032445,0.5142323728919037,0.673470657788288,0.6705582176862281,-0.17722322484286512,0.8007841184890161,0.7738627170327961,0.09901051714481302,0.9243512352977783,0.9243512352977783,0.0756487647022217,6.846288608841327,0.24214325720331076,1.2728828531177574,-0.6282440976136435,72.0370682106226,-0.9287358691543827
london,gbdt,3,0,10,12.574589681809625,5.450466380654628,0.539884249175431,0.5815545460202876,0.6818968199639056,-0.2237351421992657,0.7246748397535627,0.7159873047482731,-0.013081087808824443,0.8557719833219242,0.8557719833219242,0.14422801667807583,7.382869876593971,0.18747899682618707,1.2367211572345596,-0.5175675114574179,144.45860910193974,-0.9602606951871657
london,gbdt+k10,3,0,20,11.487374900765971,1.2809934494690256,0.5142323728919037,0.673470657788288,0.6941813429584915,-0.10060364677329015,0.8007841184890161,0.7902669736760222,0.16119235795631337,0.9243512352977783,0.9243512352977783,0.0756487647022217,7.066304684490394,0.2875350052896882,1.2728828531177574,-0.6981884616360078,72.0370682106226,-0.9287358691543827
london,gbdt+k10,3,1,20,11.65821775995672,2.664588840591998,0.5142323728919037,0.673470657788288,0.6609247619640302,-0.22175617648889162,0.8007841184890161,0.7749953326280415,0.09675773227954454,0.9243512352977783,0.9243512352977783,0.0756487647022217,7.495436771676977,0.3558902234115378,1.2728828531177574,-0.7853269968686841,72.0370682106226,-0.9287358691543827
london,gbdt+k10,3,2,20,11.62121542200801,2.3751003982476724,0.5142323728919037,0.673470657788288,0.6750264484410977,-0.17907772730101434,0.8007841184890161,0.7803721451241521,0.12130188561827127,0.9243512352977783,0.9243512352977783,0.0756487647022217,7.249996356875744,0.3179164851577571,1.2728828531177574,-0.7390695789125878,72.0370682106226,-0.9287358691543827
london,gbdt+k10,3,3,20,12.145008163018115,4.2946008479985895,0.5142323728919037,0.673470657788288,0.6322235360009957,-0.2889912253407181,0.8007841184890161,0.7622129566245566,0.0403136473956065,0.9243512352977783,0.9243512352977783,0.0756487647022217,7.554081891940016,0.3791524052523493,1.2728828531177574,-0.8078597220197925,72.0370682106226,-0.9287358691543827
london,gbdt+k10,3,4,20,11.6003801539964,2.3027333121736993,0.5142323728919037,0.673470657788288,0.6750015557906528,-0.1749704399775966,0.8007841184890161,0.7799116310909204,0.12455037650133804,0.9243512352977783,0.9243512352977783,0.0756487647022217,7.215138917680104,0.3221855747090671,1.2728828531177574,-0.7438880303226346,72.0370682106226,-0.9287358691543827
london,gbdt+k10,3,5,20,11.39005920285342,1.2055333310693652,0.5142323728919037,0.673470657788288,0.6744041321799739,-0.18455411039890468,0.8007841184890161,0.7820026137282967,0.1297280477938889,0.9243512352977783,0.9243636816230008,0.07563631837699925,7.596613263110135,0.38316012197398724,1.2728828531177574,-0.8144610121541513,72.0370682106226,-0.9287358691543827
london,gbdt+k10,3,6,20,11.455372729224614,1.545961893547422,0.5142323728919037,0.673470657788288,0.6742547762773041,-0.18627170327960663,0.8007841184890161,0.7839691331134483,0.12967826249299896,0.9243512352977783,0.9243512352977783,0.0756487647022217,7.615321583280164,0.37577945111705763,1.2728828531177574,-0.8069304843036145,72.0370682106226,-0.9287358691543827
london,gbdt+k10,3,7,20,11.39478307399243,1.1458075923590192,0.5141079096396789,0.673470657788288,0.6705706640114506,-0.20414462629908514,0.8007841184890161,0.7875661211027444,0.13295164602651066,0.9243512352977783,0.9243512352977783,0.0756487647022217,7.930552751435245,0.4239716223784928,1.2728828531177574,-0.8573918660062797,71.57041359393104,-0.9274645225578119
london,gbdt+k10,3,8,20,11.570275783342577,1.92601144625383,0.5142323728919037,0.673470657788288,0.6875101126392432,-0.12952890659032912,0.8007841184890161,0.7863339349057191,0.14399153649884877,0.9243512352977783,0.9243512352977783,0.0756487647022217,7.018623467914499,0.2798556226274192,1.2728828531177574,-0.6859860050544037,72.0370682106226,-0.9287358691543827
london,gbdt+k10,3,9,20,11.402516279771334,-0.8304353387712653,0.5142323728919037,0.673470657788288,0.7068890410106416,-0.03791150662766818,0.8007841184890161,0.7956064471964652,0.17862965959300514,0.9243512352977783,0.9243512352977783,0.0756487647022217,7.075279055222885,0.2858174124089862,1.2728828531177574,-0.6964379235218361,72.0370682106226,-0.9287358691543827
london,gbdt+k10d,3,0,20,11.422037589205027,1.417620772621878,0.5142323728919037,0.673470657788288,0.6761466177111208,-0.17810691393366102,0.8007841184890161,0.7839691331134483,0.13423361752442597,0.9243512352977783,0.9243512352977783,0.0756487647022217,7.479579245659595,0.36737818159188496,1.2728828531177574,-0.7961924829130363,72.0370682106226,-0.9287358691543827
london,gbdt,4,0,20,12.070651499030836,3.8365867871943817,0.5142323728919037,0.673470657788288,0.6703217375070011,-0.17840562573900054,0.8007841184890161,0.775916360694505,0.10173626236853572,0.9243512352977783,0.9243512352977783,0.0756487647022217,6.829149077973142,0.24220548882942305,1.2728828531177574,-0.631155291199382,72.0370682106226,-0.9287358691543827
london,gbdt,4,0,10,12.498032009472569,5.322979596770642,0.539884249175431,0.5815545460202876,0.6812620573775593,-0.2222789221482358,0.7246748397535627,0.7181405190117618,-0.009036032111519043,0.8557719833219242,0.8555230568174746,0.14368037836828684,7.367018555269397,0.1890098948285519,1.2367211572345596,-0.5179245592168357,144.45860910193974,-0.9602606951871657
london,gbdt+k10,4,0,20,11.46597762344515,1.1977598183829388,0.5142323728919037,0.673470657788288,0.6965212521003173,-0.10080278797684983,0.8007841184890161,0.7900802787976849,0.1615035160868754,0.9243512352977783,0.9243512352977783,0.0756487647022217,7.038855938167163,0.28422428278050904,1.2728828531177574,-0.6962255441072789,72.0370682106226,-0.9287358691543827
london,gbdt+k10,4,1,20,11.655899922492436,2.712197070187899,0.5142323728919037,0.673470657788288,0.6582861410168648,-0.23064285269774093,0.8007841184890161,0.7750700105793764,0.08809508992469972,0.9243512352977783,0.9243512352977783,0.0756487647022217,7.494578254332723,0.35801854502458147,1.2728828531177574,-0.7899135346564601,72.0370682106226,-0.9287358691543827
london,gbdt+k10,4,2,20,11.5506263713356,2.107188614309039,0.5142323728919037,0.673470657788288,0.6761092787354533,-0.17764639990042935,0.8007841184890161,0.7804717157259319,0.12177484597672539,0.9243512352977783,0.9243512352977783,0.0756487647022217,7.262789145317616,0.32289501524674835,1.2728828531177574,-0.7475130226540783,72.0370682106226,-0.9287358691543827
london,gbdt+k10,4,3,20,11.95809317484734,3.7812249821588306,0.5142323728919037,0.673470657788288,0.6339411288816976,-0.28396290995083695,0.8007841184890161,0.7684610118862406,0.05330761092787362,0.9243512352977783,0.9243512352977783,0.0756487647022217,7.626837658185866,0.3911133237911506,1.2728828531177574,-0.8229711559192778,72.0370682106226,-0.9287358691543827
london,gbdt+k10,4,4,20,11.509728702007976,1.8630597195116325,0.5142323728919037,0.673470657788288,0.679146182089738,-0.16042068579251967,0.8007841184890161,0.7821893086066339,0.13237911506627675,0.9243512352977783,0.9243512352977783,0.0756487647022217,7.200669707664709,0.3223847159126268,1.2728828531177574,-0.7466309436472124,72.0370682106226,-0.9287358691543827
london,gbdt+k10,4,5,20,11.375153538865883,1.1601030636878849,0.5142323728919037,0.673470657788288,0.6757109963283341,-0.18496483913124645,0.8007841184890161,0.7813305121662829,0.12669114443960428,0.9243512352977783,0.9243636816230008,0.07563631837699925,7.571429047271402,0.38125583421494796,1.2728828531177574,-0.814615765027476,72.0370682106226,-0.9287358691543827
london,gbdt+k10,4,6,20,11.36344496887946,0.8585237523357961,0.5142323728919037,0.673470657788288,0.6781753687223847,-0.18093222975916357,0.8007841184890161,0.7858485282220424,0.13636193913746963,0.9243512352977783,0.9243512352977783,0.0756487647022217,7.776294780109001,0.40048540668367666,1.2728828531177574,-0.8362466272468487,72.0370682106226,-0.9287358691543827
london,gbdt+k10,4,7,20,11.380426485251874,1.077587712751328,0.5141079096396789,0.673470657788288,0.6690646586595308,-0.2101313087310971,0.8007841184890161,0.785524923766258,0.12675337606571657,0.9243512352977783,0.9243512352977783,0.0756487647022217,7.9920720497374775,0.43146431016242454,1.2728828531177574,-0.8685342548178534,71.57041359393104,-0.9274645225578119
london,gbdt+k10,4,8,20,11.500868566552485,1.510852738435237,0.5142323728919037,0.673470657788288,0.6934594560955878,-0.10829547576078158,0.8007841184890161,0.7867322173128384,0.1503391623623126,0.9243512352977783,0.9243512352977783,0.0756487647022217,6.960828907107369,0.27180285020847594,1.2728828531177574,-0.6768579707137056,72.0370682106226,-0.9287358691543827
london,gbdt+k10,4,9,20,11.394685333263036,-0.9116490494121908,0.5142323728919037,0.673470657788288,0.7065529902296347,-0.03652996452797308,0.8007841184890161,0.7945111705768871,0.17609060924761966,0.9243512352977783,0.9243512352977783,0.0756487647022217,7.063300697100919,0.28688779637811934,1.2728828531177574,-0.6996009504831914,72.0370682106226,-0.9287358691543827
london,gbdt+k10d,4,0,20,11.360873535880604,0.9895545322465856,0.5142323728919037,0.673470657788288,0.6792830916671853,-0.17297902794200004,0.8007841184890161,0.7842553985935653,0.13623747588524493,0.9243512352977783,0.9243512352977783,0.0756487647022217,7.528302258154696,0.377036529964528,1.2728828531177574,-0.8091428595749525,72.0370682106226,-0.9287358691543827
london,gbdt_iw,0,0,20,12.11113994218847,3.904529156080645,0.5142323728919037,0.673470657788288,0.6677080092102806,-0.17872923019478493,0.8007841184890161,0.7727798867384404,0.09446760843860857,0.9243512352977783,0.9243512352977783,0.0756487647022217,6.8237465634893795,0.24506814363059304,1.2728828531177574,-0.6337577783886157,72.0370682106226,-0.9287358691543827
london,gbdt_iw,0,0,10,12.544588614136162,5.394350224321615,0.539884249175431,0.5815545460202876,0.678573651129504,-0.22235360009957067,0.7246748397535627,0.7167465305868442,-0.010006845478872317,0.8557719833219242,0.8555106104922522,0.14040699483477503,7.369552736364423,0.18869873669798998,1.2367211572345596,-0.5214629445264619,144.45860910193974,-0.9602606951871657
london,gbdt_iw,1,0,20,12.133060737387206,3.9692070111605426,0.5142323728919037,0.673470657788288,0.6673968510797187,-0.18210218433007652,0.8007841184890161,0.7748335304001494,0.09662082270209726,0.9243512352977783,0.9243512352977783,0.0756487647022217,6.8192607476613984,0.24327587279855623,1.2728828531177574,-0.6310382046563219,72.0370682106226,-0.9287358691543827
london,gbdt_iw,1,0,10,12.585731234332867,5.463453918006704,0.539884249175431,0.5815545460202876,0.6811002551496671,-0.22214201257078853,0.7246748397535627,0.7164104798058373,-0.01313087310971428,0.8557719833219242,0.8530711307486465,0.13888854315763277,7.376789047884806,0.19059057813180658,1.2367211572345596,-0.5202678158761475,144.45860910193974,-0.9602606951871657
london,gbdt_iw,2,0,20,12.136952397506349,3.881627311840715,0.5142323728919037,0.673470657788288,0.6692886925135354,-0.17612794822328703,0.8007841184890161,0.7756923268405004,0.10342896259879275,0.9243512352977783,0.9243512352977783,0.0756487647022217,6.847605971501734,0.24384840375879013,1.2728828531177574,-0.6323372791259919,72.0370682106226,-0.9287358691543827
london,gbdt_iw,2,0,10,12.564655807464407,5.368843811514672,0.539884249175431,0.5815545460202876,0.681461198581119,-0.21881884373638688,0.7246748397535627,0.7150040450556973,-0.004430891779202195,0.8557719833219242,0.8528968821955317,0.13995892712676583,7.385392416834367,0.19181031800360937,1.2367211572345596,-0.5218632155337707,144.45860910193974,-0.9602606951871657
london,gbdt_iw,3,0,20,12.11426810703982,3.8936757233957744,0.5142323728919037,0.673470657788288,0.6703341838322235,-0.17458460389569974,0.8007841184890161,0.7751322422054888,0.10423797373825383,0.9243512352977783,0.9241645404194412,0.07543717717343956,6.818266957655348,0.24381106478312276,1.2728828531177574,-0.6321919247421411,72.0370682106226,-0.9287358691543827
london,gbdt_iw,3,0,10,12.547392706459652,5.380029343531355,0.539884249175431,0.5815545460202876,0.6812745037027818,-0.21420125707884752,0.7246748397535627,0.7181903043126517,0.0023150164913809945,0.8557719833219242,0.8530462380982015,0.1403572095338852,7.367861667807658,0.18835023959176056,1.2367211572345596,-0.5199533317454782,144.45860910193974,-0.9602606951871657
london,gbdt_iw,4,0,20,12.112743128331632,3.8757208777088294,0.5142323728919037,0.673470657788288,0.6686912689028565,-0.17831850146244316,0.8007841184890161,0.7755305246126081,0.09769120667123032,0.9243512352977783,0.9243512352977783,0.0756487647022217,6.837526743499155,0.2449187877279233,1.2728828531177574,-0.6325344638895705,72.0370682106226,-0.9287358691543827
london,gbdt_iw,4,0,10,12.549891352559325,5.362107473411741,0.539884249175431,0.5815545460202876,0.6787603460078412,-0.22102184330076552,0.7246748397535627,0.7163606945049474,-0.006086253033791733,0.8557719833219242,0.8531582550252038,0.13850270707573598,7.373501093283,0.18841247121787286,1.2367211572345596,-0.5214065740772962,144.45860910193974,-0.9602606951871657
london,gp_ard,0,0,20,12.023913017425699,3.732969677176583,0.5142323728919037,0.673470657788288,0.6741427593503018,-0.1711992034351857,0.8007841184890161,0.7780571286327712,0.11039890472338043,0.9243512352977783,0.9243512352977783,0.0756487647022217,6.869382075731264,0.24635011512850824,1.2728828531177574,-0.6411352208802755,72.0370682106226,-0.9287358691543827
london,gp_ard,0,0,10,12.445008578287863,5.196323680207661,0.539884249175431,0.5815545460202876,0.6845976725371834,-0.22155703528533205,0.7246748397535627,0.7206671230319248,-0.004742049909764123,0.8557719833219242,0.8561951583794885,0.14223660464247934,7.3841082801333515,0.19351546455908886,1.2367211572345596,-0.5267651010945117,144.45860910193974,-0.9602606951871657
london,kernel,0,0,20,12.273038491545318,3.876400103993789,0.5142323728919037,0.673470657788288,0.6500591200448068,-0.1556288505818657,0.8007841184890161,0.7874043188748522,0.15514344389818913,0.9243512352977783,0.9243512352977783,0.0756487647022217,6.823010486555026,0.24747028439853125,1.2728828531177574,-0.6408493483215657,72.0370682106226,-0.9287358691543827
london,kernel,0,0,10,12.714759951959886,5.304967399141284,0.539884249175431,0.5815545460202876,0.6572904349990665,-0.23096645715352548,0.7246748397535627,0.7185263550936586,0.06652560831414533,0.8557719833219242,0.8558840002489265,0.14394175119795882,7.352023116454066,0.19558155454602033,1.2367211572345596,-0.5299984222607105,144.45860910193974,-0.9602606951871657
london,knn,0,0,20,12.160328136361484,3.752565177669227,0.5142323728919037,0.673470657788288,0.6616342025017113,-0.1739249486589084,0.8007841184890161,0.780135664944925,0.1294044433381044,0.9243512352977783,0.9243512352977783,0.0756487647022217,7.154980958715074,0.24419690086501955,1.2728828531177574,-0.6336126640920826,72.0370682106226,-0.9287358691543827
london,knn,0,0,10,12.587863461640726,5.163297868980463,0.539884249175431,0.5815545460202876,0.6706702346132305,-0.23578318501462447,0.7246748397535627,0.7187254962972183,0.019254465119173614,0.8557719833219242,0.8557719833219242,0.14422801667807583,7.597976819251563,0.18613479370215935,1.2367211572345596,-0.5208732644596952,144.45860910193974,-0.9602606951871657
london,median,0,0,20,14.716500297863764,6.418651638702441,0.5142323728919037,0.673470657788288,0.519422490509677,-0.15289065903292054,0.8007841184890161,0.7952828427406808,0.18330947787665697,0.9243512352977783,0.9243512352977783,0.0756487647022217,6.38395486394156,0.23752567054577134,1.2728828531177574,-0.616393284492181,72.0370682106226,-0.9287358691543827
london,median,0,0,10,15.25399984462619,7.659487355925356,0.539884249175431,0.5815545460202876,0.5088306677453481,-0.31077229448005483,0.7246748397535627,0.7207044620075923,0.17484597672537183,0.8557719833219242,0.8557719833219242,0.14422801667807583,7.061658496023056,0.1797000435621382,1.2367211572345596,-0.5009423050773789,144.45860910193974,-0.9602606951871657
london,mlp,0,0,20,11.825519950676018,3.1045139106003607,0.5142323728919037,0.673470657788288,0.6788723629348435,-0.1624369904785612,0.8007841184890161,0.780446823075487,0.12896882195531767,0.9243512352977783,0.9243512352977783,0.0756487647022217,7.02348313754144,0.26338913435808076,1.2728828531177574,-0.6651760436818319,72.0370682106226,-0.9287358691543827
london,mlp,0,0,10,12.173652930217704,4.546353127930558,0.539884249175431,0.5815545460202876,0.6906216939448627,-0.20893646150973927,0.7246748397535627,0.7200074677951335,0.027605949343456393,0.8557719833219242,0.8557719833219242,0.14422801667807583,7.442989682982465,0.20749268778393182,1.2367211572345596,-0.550413937431284,144.45860910193974,-0.9602606951871657
london,mlp,1,0,20,11.978877689568362,3.5836150531975726,0.5142323728919037,0.673470657788288,0.6727612172506068,-0.17775841682743165,0.8007841184890161,0.7812931731906154,0.12941688966332687,0.9243512352977783,0.9243512352977783,0.0756487647022217,6.990277791613456,0.2639118800174248,1.2728828531177574,-0.6675347356217918,72.0370682106226,-0.9287358691543827
london,mlp,1,0,10,12.381302445832052,5.020769927182584,0.539884249175431,0.5815545460202876,0.6812869500280042,-0.22822826560458032,0.7246748397535627,0.7227581056693011,0.02099695065032048,0.8557719833219242,0.8557719833219242,0.14422801667807583,7.435904639309589,0.20749268778393182,1.2367211572345596,-0.5508191535961688,144.45860910193974,-0.9602606951871657
london,mlp,2,0,20,12.021252680307555,3.6067193297814537,0.5142323728919037,0.673470657788288,0.6772294480054764,-0.1595494430269463,0.8007841184890161,0.7865330761092787,0.14053145808699985,0.9243512352977783,0.9243512352977783,0.0756487647022217,6.895126771934924,0.2546518140519012,1.2728828531177574,-0.6518388228430088,72.0370682106226,-0.9287358691543827
london,mlp,2,0,10,12.426233485417725,5.04520133779602,0.539884249175431,0.5815545460202876,0.6820710685170204,-0.21970253282718283,0.7246748397535627,0.7245005912004481,0.03493683489949595,0.8557719833219242,0.8557719833219242,0.14422801667807583,7.382096554075553,0.19980085879644038,1.2367211572345596,-0.5359971069385828,144.45860910193974,-0.9602606951871657
london,mlp,3,0,20,11.940623764701405,3.4046684734712245,0.5142323728919037,0.673470657788288,0.6791959673906279,-0.15337606571659712,0.8007841184890161,0.78583608189682,0.1444644968573029,0.9243512352977783,0.9243512352977783,0.0756487647022217,6.889663976181915,0.25218744165785045,1.2728828531177574,-0.6481193837515324,72.0370682106226,-0.9287358691543827
london,mlp,3,0,10,12.32365675181307,4.851573275523305,0.539884249175431,0.5815545460202876,0.687970626672475,-0.20947165349430585,0.7246748397535627,0.724239218370776,0.038583608189681984,0.8557719833219242,0.8557719833219242,0.14422801667807583,7.383123100142773,0.19884249175430957,1.2367211572345596,-0.5326220733938771,144.45860910193974,-0.9602606951871657
london,mlp,4,0,20,12.026167099253106,3.811154859135693,0.5142323728919037,0.673470657788288,0.6719024208102558,-0.18060862530337912,0.8007841184890161,0.7806957495799365,0.1238907212645467,0.9243512352977783,0.9243512352977783,0.0756487647022217,6.870464026609002,0.25217499533262805,1.2728828531177574,-0.6482768571175543,72.0370682106226,-0.9287358691543827
london,mlp,4,0,10,12.452715260769551,5.277231402369232,0.539884249175431,0.5815545460202876,0.6805899558155455,-0.23260937208289256,0.7246748397535627,0.7187877279233307,0.009036032111519154,0.8557719833219242,0.8561702657290435,0.1431825253593877,7.378918818661748,0.20003733897566744,1.2367211572345596,-0.5343742670346928,144.45860910193974,-0.9602606951871657
london,ridge,0,0,20,12.120499261077677,3.8491336097577813,0.5142323728919037,0.673470657788288,0.6725994150227146,-0.16527475262928615,0.8007841184890161,0.780397037774597,0.12015682369780323,0.9243512352977783,0.9243512352977783,0.0756487647022217,6.927074298148505,0.2546891530275686,1.2728828531177574,-0.6533277102613209,72.0370682106226,-0.9287358691543827
london,ridge,0,0,10,12.553517724809453,5.265535407840656,0.539884249175431,0.5815545460202876,0.6790092725122907,-0.2248304188188438,0.7246748397535627,0.7232435123529778,0.019167340842616287,0.8557719833219242,0.8562698363308233,0.142983384155828,7.4022722463961514,0.20168025390503452,1.2367211572345596,-0.5400543023270031,144.45860910193974,-0.9602606951871657
london,ridge+k10,0,0,20,11.545096356608754,1.4199829854728476,0.5142323728919037,0.673470657788288,0.6997324040077167,-0.08362685916983004,0.8007841184890161,0.7942124587715477,0.1725807455348809,0.9243512352977783,0.9243512352977783,0.0756487647022217,7.17765660519881,0.303018233866451,1.2728828531177574,-0.7225555292664145,72.0370682106226,-0.9287358691543827
london,ridge+k10,0,1,20,11.618634715017425,2.421054049200448,0.5142323728919037,0.673470657788288,0.6681311842678449,-0.20474204990976408,0.8007841184890161,0.7831352293235422,0.12177484597672539,0.9243512352977783,0.9243512352977783,0.0756487647022217,7.5690427758613845,0.3628352728856805,1.2728828531177574,-0.798072781923513,72.0370682106226,-0.9287358691543827
london,ridge+k10,0,2,20,11.543658465410454,1.7433542014581729,0.5142323728919037,0.673470657788288,0.6941066650071567,-0.11068517020349733,0.8007841184890161,0.7898811375941254,0.15689837575455845,0.9243512352977783,0.9243512352977783,0.0756487647022217,7.128414088989419,0.29638434252287016,1.2728828531177574,-0.714924917945308,72.0370682106226,-0.9287358691543827
london,ridge+k10,0,3,20,12.224515879282032,4.450752465718306,0.5142323728919037,0.673470657788288,0.6301201070383969,-0.291617399962661,0.8007841184890161,0.7705519945236169,0.06702346132304438,0.9243512352977783,0.9243512352977783,0.0756487647022217,7.5838078865861664,0.3799614163918103,1.2728828531177574,-0.8145359745430558,72.0370682106226,-0.9287358691543827
london,ridge+k10,0,4,20,11.608575882553597,2.064034134555034,0.5142323728919037,0.673470657788288,0.6905345696683054,-0.12130188561827115,0.8007841184890161,0.790627917107474,0.15709751695811813,0.9243512352977783,0.9243512352977783,0.0756487647022217,7.114535808601615,0.3022341153774348,1.2728828531177574,-0.7236415756842992,72.0370682106226,-0.9287358691543827
london,ridge+k10,0,5,20,11.417986611512266,1.3280832366997344,0.5142323728919037,0.673470657788288,0.6803534756363184,-0.1705893334992843,0.8007841184890161,0.7890098948285519,0.14691642292613105,0.9243512352977783,0.9243636816230008,0.07563631837699925,7.648071606510185,0.3854875847905906,1.2728828531177574,-0.8223454697738204,72.0370682106226,-0.9287358691543827
london,ridge+k10,0,6,20,11.455871600537046,1.2718425027077136,0.5142323728919037,0.673470657788288,0.6841371585039517,-0.15936274814860907,0.8007841184890161,0.7933785549816417,0.15992283278362063,0.9243512352977783,0.9243512352977783,0.0756487647022217,7.720772735549296,0.38835023959176057,1.2728828531177574,-0.8250299663800458,72.0370682106226,-0.9287358691543827
london,ridge+k10,0,7,20,11.45160819160466,1.4124001364682508,0.5141079096396789,0.673470657788288,0.6729479121289439,-0.20358454166407364,0.8007841184890161,0.7929055946231875,0.1504636256145373,0.9243512352977783,0.9243512352977783,0.0756487647022217,8.014737945563484,0.4321737507001058,1.2728828531177574,-0.8698153773982227,71.57041359393104,-0.9274645225578119
london,ridge+k10,0,8,20,11.611547142289803,1.9252919953236753,0.5142323728919037,0.673470657788288,0.6955628850581865,-0.0919534507436679,0.8007841184890161,0.7917356400522746,0.16223784927500162,0.9243512352977783,0.9243512352977783,0.0756487647022217,6.988848137623531,0.27339597983695313,1.2728828531177574,-0.6788365868003509,72.0370682106226,-0.9287358691543827
london,ridge+k10,0,9,20,11.410526686638326,-0.06101777639812972,0.5142323728919037,0.673470657788288,0.7054452672848341,-0.01695189495301508,0.8007841184890161,0.7959673906279171,0.17971248988736077,0.9243512352977783,0.9243512352977783,0.0756487647022217,6.980263279259308,0.2667745348185948,1.2728828531177574,-0.6720692171189974,72.0370682106226,-0.9287358691543827
london,ridge+k10d,0,0,20,11.486664359127143,1.7122374865852437,0.5142323728919037,0.673470657788288,0.6799676395544215,-0.16617088804530455,0.8007841184890161,0.7893086066338914,0.14955504387329643,0.9243512352977783,0.9243512352977783,0.0756487647022217,7.458886564113006,0.36130437488331574,1.2728828531177574,-0.7944074792553937,72.0370682106226,-0.9287358691543827
london,uma_los,0,0,20,18.67936172983187,-13.2024274186924,0.5142323728919037,0.673470657788288,0.673470657788288,0.32652934221171204,0.8007841184890161,0.8007841184890161,0.1992158815109839,0.9243512352977783,0.9243512352977783,0.0756487647022217,6.458335070078113,0.25068143630593065,1.2728828531177574,-0.6392172304933282,72.0370682106226,-0.9287358691543827
london,uma_los,0,0,10,17.8004463548288,-11.970114795131959,0.539884249175431,0.5815545460202876,0.5815545460202876,0.41844545397971245,0.7246748397535627,0.7246748397535627,0.2753251602464373,0.8557719833219242,0.8557719833219242,0.14422801667807583,7.072986294102152,0.1866948783371709,1.2367211572345596,-0.51265732491635,144.45860910193974,-0.9602606951871657
london,uma_nlos,0,0,20,28.04873919427504,23.803811502435696,0.5142323728919037,0.673470657788288,0.3975729665816168,-0.4732092849586159,0.8007841184890161,0.5482979650258262,-0.240014935590267,0.9243512352977783,0.8579749828863028,-0.0043437675026447575,6.683980169136027,0.05075611425726556,1.2728828531177574,-0.005301357558190389,72.0370682106226,-0.9287358691543827
london,uma_nlos,0,0,10,29.105590061327035,25.28828376102872,0.539884249175431,0.5815545460202876,0.45183894455162116,-0.4972057999875537,0.7246748397535627,0.45109216503827243,-0.4245192606882818,0.8557719833219242,0.6875598979401332,-0.17137345198830045,7.953374214258435,0.1159873047482731,1.2367211572345596,-0.24216676313432273,144.45860910193974,-0.9602606951871657
munich,oracle,0,0,20,10.64126420687248,-0.00019493584703516074,0.5258044477574854,0.6616598335196919,0.7149211082122002,-0.11146726301403909,0.8010436079016027,0.8077649397440676,0.09667039383774378,0.9149583799229718,0.9169337805938625,0.08095415579575105,7.409890663740971,0.24530997639458318,1.4879449874737443,-0.5709500823648748,104.05101616687239,-0.9262977837275026
munich,oracle,0,0,10,10.602547424175182,1.2963434788723576,0.511467263014039,0.5732637594732265,0.6553484904957138,-0.2305255311218785,0.7322276059137781,0.7585787054292459,0.05774630388868185,0.8532488507889179,0.8572866194558331,0.13722201515716237,7.981822007035253,0.27967449372592873,1.4244412940155133,-0.6164921120189816,110.8631777855014,-0.9483845688027642
munich,coral,0,0,20,11.493428601305057,0.3226411928903682,0.5265498819729159,0.6616598335196919,0.6911666045471487,-0.1574854019132812,0.8010436079016027,0.8041495837992297,0.16133681202633865,0.9149583799229718,0.9149583799229718,0.0850416200770282,7.974246568675363,0.34718598583674987,1.4879449874737443,-0.7961971616189331,104.95881367047153,-0.9278967722742824
munich,coral,0,0,10,11.43249220649547,1.490931986801447,0.5119145235432973,0.5732637594732265,0.6106224375698844,-0.300024847807181,0.7322276059137781,0.7296061622561809,0.09203627779848433,0.8532488507889179,0.8532488507889179,0.14675114921108212,8.369841427984477,0.38547645670269604,1.4244412940155133,-0.8174696939193344,122.48721506456579,-0.9499162896733516
munich,cost231,0,0,20,30.672064001959857,27.636350961391038,0.5265498819729159,0.6616598335196919,0.3650888309106721,-0.625965958504162,0.8010436079016027,0.3396695241644925,-0.6266865449124115,0.9149583799229718,0.5427506522549385,-0.3880730525531122,8.852933779186035,0.35220524288731514,1.4879449874737443,-0.7151335229481299,104.95881367047153,-0.9278967722742824
munich,cost231,0,0,10,31.62106460250746,28.664791845835676,0.5119145235432973,0.5732637594732265,0.43778109081873523,-0.5588644552118276,0.7322276059137781,0.3339048328984967,-0.6477574854019132,0.8532488507889179,0.409926698968816,-0.533569387501553,12.506201445515615,0.5021120636103864,1.4244412940155133,-0.9295176447147246,122.48721506456579,-0.9499162896733516
munich,gbdt,0,0,20,11.560908876954858,-0.7677905633457065,0.5265498819729159,0.6616598335196919,0.7009690644800597,-0.08693005342278548,0.8010436079016027,0.8044353335818114,0.1873897378556343,0.9149583799229718,0.9149583799229718,0.0850416200770282,7.6377877137079775,0.29275686420673375,1.4879449874737443,-0.7181724082455017,104.95881367047153,-0.9278967722742824
munich,gbdt,0,0,10,11.391808707380465,0.4218487456900641,0.5119145235432973,0.5732637594732265,0.6343023978133929,-0.21869797490371473,0.7322276059137781,0.7278171201391477,0.14111069698099143,0.8532488507889179,0.8532488507889179,0.14675114921108212,8.092347417077018,0.34881351720710646,1.4244412940155133,-0.7568633649443244,122.48721506456579,-0.9499162896733516
munich,gbdt+k10,0,0,20,11.583792298951492,0.8397480490380258,0.5265498819729159,0.6616598335196919,0.6680954155795751,-0.2112187849422289,0.8010436079016027,0.8022859982606535,0.14056404522300903,0.9149583799229718,0.9149583799229718,0.0850416200770282,8.062964181702496,0.3765685178283017,1.4879449874737443,-0.841923274256461,104.95881367047153,-0.9278967722742824
munich,gbdt+k10,0,1,20,11.787692888256727,2.258995315850892,0.5265498819729159,0.6616598335196919,0.6788296682817742,-0.1577959995030439,0.8010436079016027,0.7963970679587526,0.1295067710274569,0.9149583799229718,0.9149583799229718,0.0850416200770282,7.342663692981282,0.20720586408249475,1.4879449874737443,-0.5562344418368698,104.95881367047153,-0.9278967722742824
munich,gbdt+k10,0,2,20,11.595726975535019,-1.269285127830641,0.5265498819729159,0.6616598335196919,0.7103491116908933,-0.043583053795502535,0.8010436079016027,0.8039632252453721,0.18977512734501178,0.9149583799229718,0.9149583799229718,0.0850416200770282,7.526366206076931,0.26728786184619213,1.4879449874737443,-0.6747821327362566,104.95881367047153,-0.9278967722742824
munich,gbdt+k10,0,3,20,11.569482482968997,0.9638881730926642,0.5261895887687912,0.6616598335196919,0.6762951919493104,-0.17958752640079517,0.8010436079016027,0.8039508013417815,0.15172071064728543,0.9149583799229718,0.9149583799229718,0.0850416200770282,7.7776458135781565,0.3235308734004224,1.4879449874737443,-0.7629323432206675,104.30834283229403,-0.927376171352075
munich,gbdt+k10,0,4,20,11.664157146264438,1.7327848021752383,0.5265498819729159,0.6616598335196919,0.6596223133308485,-0.22630140390110576,0.8010436079016027,0.7972418934029072,0.12279786308858243,0.9149583799229718,0.9148962604050193,0.08468132687290342,7.967267882042466,0.3472232575475215,1.4879449874737443,-0.8005455909304704,104.95881367047153,-0.9278967722742824
munich,gbdt+k10,0,5,20,11.597248654474933,0.9251896264961627,0.5261895887687912,0.6616598335196919,0.6583674990682072,-0.23988073052553116,0.8010436079016027,0.8003727171077153,0.12925829295564673,0.9149583799229718,0.9149583799229718,0.0850416200770282,8.46889968449839,0.4153310970306871,1.4879449874737443,-0.8958919483825591,104.30834283229403,-0.927376171352075
munich,gbdt+k10,0,6,20,11.52847442616776,-0.2049569655126374,0.5265498819729159,0.6616598335196919,0.6935022984221643,-0.12749409864579453,0.8010436079016027,0.8045844204248975,0.18224624176916393,0.9149583799229718,0.9149583799229718,0.0850416200770282,7.770427675007463,0.31008820971549256,1.4879449874737443,-0.7438593683660688,104.95881367047153,-0.9278967722742824
munich,gbdt+k10,0,7,20,12.346311001235224,4.384417018137918,0.5265498819729159,0.6616598335196919,0.617455584544664,-0.29970182631382786,0.8010436079016027,0.7693253820350354,0.017629519194931054,0.9149583799229718,0.9149583799229718,0.0850416200770282,7.611688857878336,0.29545285128587406,1.4879449874737443,-0.7199502070737444,104.95881367047153,-0.9278967722742824
munich,gbdt+k10,0,8,20,11.667460397017791,1.2401637225390267,0.5265498819729159,0.6616598335196919,0.6933035159647161,-0.0884084979500559,0.8010436079016027,0.8039508013417815,0.16444278792396572,0.9149583799229718,0.9149583799229718,0.0850416200770282,7.17455963067742,0.17795999503043858,1.4879449874737443,-0.49856238954585497,104.95881367047153,-0.9278967722742824
munich,gbdt+k10,0,9,20,11.662807980177874,-0.5396478085193909,0.5265498819729159,0.6616598335196919,0.711442415206858,0.016374704932289652,0.8010436079016027,0.804621692135669,0.18688035780842338,0.9149583799229718,0.9149583799229718,0.0850416200770282,7.172372185634575,0.14767051807677972,1.4879449874737443,-0.4293777736753337,104.95881367047153,-0.9278967722742824
munich,gbdt+k10d,0,0,20,11.692063459146324,1.9295282103041373,0.5265498819729159,0.6616598335196919,0.6544912411479686,-0.23925953534600575,0.8010436079016027,0.7941607653124612,0.10602559324139649,0.9149583799229718,0.9149583799229718,0.0850416200770282,7.955491288384904,0.347409616101379,1.4879449874737443,-0.8020690983113742,104.95881367047153,-0.9278967722742824
munich,gbdt,1,0,20,11.589486139112244,-0.9194507384114782,0.5265498819729159,0.6616598335196919,0.6997763697353708,-0.08332712138153808,0.8010436079016027,0.8044477574854019,0.1855385762206485,0.9149583799229718,0.9149583799229718,0.0850416200770282,7.631018762379002,0.2948937756243012,1.4879449874737443,-0.7204191403373935,104.95881367047153,-0.9278967722742824
munich,gbdt,1,0,10,11.404592842011276,0.2798972965023193,0.5119145235432973,0.5732637594732265,0.6374456454217915,-0.21170331718225865,0.7322276059137781,0.7283761958007205,0.14939744067586036,0.8532488507889179,0.8532488507889179,0.14675114921108212,8.095498580468407,0.34760839855882725,1.4244412940155133,-0.7568976615718068,122.48721506456579,-0.9499162896733516
munich,gbdt+k10,1,0,20,11.586774924613264,0.5226086792931354,0.5265498819729159,0.6616598335196919,0.6750031059758976,-0.19832277301528145,0.8010436079016027,0.8025593241396447,0.1513728413467511,0.9149583799229718,0.9149583799229718,0.0850416200770282,8.057058697392106,0.37717728910423653,1.4879449874737443,-0.8436813635341254,104.95881367047153,-0.9278967722742824
munich,gbdt+k10,1,1,20,11.865636994781328,2.5327779229526075,0.5265498819729159,0.6616598335196919,0.6753385513728414,-0.1658591129332837,0.8010436079016027,0.7918002236302646,0.11907069201143006,0.9149583799229718,0.9149583799229718,0.0850416200770282,7.3186657403657405,0.20310597589762708,1.4879449874737443,-0.546882720481422,104.95881367047153,-0.9278967722742824
munich,gbdt+k10,1,2,20,11.577761323532872,-0.8354403982309391,0.5265498819729159,0.6616598335196919,0.7032550627407131,-0.06332463660082,0.8010436079016027,0.8042862467387253,0.18408497950055913,0.9149583799229718,0.9149583799229718,0.0850416200770282,7.473805856147359,0.2582929556466642,1.4879449874737443,-0.6585217711673335,104.95881367047153,-0.9278967722742824
munich,gbdt+k10,1,3,20,11.585768267262024,0.9459588432286126,0.5261895887687912,0.6616598335196919,0.6775375823083613,-0.17846937507764943,0.8010436079016027,0.8032550627407131,0.15534849049571375,0.9149583799229718,0.9149583799229718,0.0850416200770282,7.759614586845681,0.32261150453472476,1.4879449874737443,-0.7616801238601875,104.30834283229403,-0.927376171352075
munich,gbdt+k10,1,4,20,11.69938075521495,1.865329068344986,0.5265498819729159,0.6616598335196919,0.6595974655236675,-0.22853770654739725,0.8010436079016027,0.7950801341781588,0.11636228102869928,0.9149583799229718,0.9148962604050193,0.08468132687290342,7.924043817934586,0.3428997390980246,1.4879449874737443,-0.794813561932412,104.95881367047153,-0.9278967722742824
munich,gbdt+k10,1,5,20,11.5958260855042,0.5937783491163925,0.5261895887687912,0.6616598335196919,0.6657721456081501,-0.22822710895763454,0.8010436079016027,0.8014163250093179,0.13832774257671765,0.9149583799229718,0.9149583799229718,0.0850416200770282,8.473942257174048,0.41721953037644427,1.4879449874737443,-0.8996392362762429,104.30834283229403,-0.927376171352075
munich,gbdt+k10,1,6,20,11.54482830856795,-0.16887516604495273,0.5265498819729159,0.6616598335196919,0.6930177661821344,-0.1311094545906324,0.8010436079016027,0.8050938004721083,0.17935147223257553,0.9149583799229718,0.9149583799229718,0.0850416200770282,7.764685569648753,0.3110075785811902,1.4879449874737443,-0.7455065165673506,104.95881367047153,-0.9278967722742824
munich,gbdt+k10,1,7,20,12.17017797679663,3.8100590309451503,0.5265498819729159,0.6616598335196919,0.6281774133432725,-0.2813020250962853,0.8010436079016027,0.77481674742204,0.033681202633867535,0.9149583799229718,0.9149583799229718,0.0850416200770282,7.621683665080438,0.2998260653497329,1.4879449874737443,-0.7273759081711121,104.95881367047153,-0.9278967722742824
munich,gbdt+k10,1,8,20,11.697814259377209,1.3279586339563634,0.5265498819729159,0.6616598335196919,0.6904335942353087,-0.09309230960367754,0.8010436079016027,0.80391352963101,0.16383401664803088,0.9149583799229718,0.9149583799229718,0.0850416200770282,7.154358138822265,0.17624549633494846,1.4879449874737443,-0.4923237532094017,104.95881367047153,-0.9278967722742824
munich,gbdt+k10,1,9,20,11.682307123144742,-0.6897132395537955,0.5265498819729159,0.6616598335196919,0.7095912535718722,0.018598583674990676,0.8010436079016027,0.8050565287613368,0.18592371723195433,0.9149583799229718,0.9149583799229718,0.0850416200770282,7.162249635230345,0.14940986457945088,1.4879449874737443,-0.4301361141605544,104.95881367047153,-0.9278967722742824
munich,gbdt+k10d,1,0,20,11.629008776610698,1.3475295302229697,0.5265498819729159,0.6616598335196919,0.666405764691266,-0.21725680208721587,0.8010436079016027,0.7987576096409492,0.12963101006336197,0.9149583799229718,0.9149583799229718,0.0850416200770282,7.978707306679377,0.3516834389365139,1.4879449874737443,-0.8092532357578901,104.95881367047153,-0.9278967722742824
munich,gbdt,2,0,20,11.561521847207164,-0.7297180296835698,0.5265498819729159,0.6616598335196919,0.6965710026090197,-0.09242141880979005,0.8010436079016027,0.8036898993663809,0.18701702074791904,0.9149583799229718,0.9149583799229718,0.0850416200770282,7.64383966893313,0.29618586159771404,1.4879449874737443,-0.7207036513559765,104.95881367047153,-0.9278967722742824
munich,gbdt,2,0,10,11.39559255977272,0.46518649646529814,0.5119145235432973,0.5732637594732265,0.6322524537209592,-0.22445024226612004,0.7322276059137781,0.7277674245247857,0.14024102372965586,0.8532488507889179,0.8532488507889179,0.14675114921108212,8.099506620371972,0.3490992669896882,1.4244412940155133,-0.7586784726702851,122.48721506456579,-0.9499162896733516
munich,gbdt+k10,2,0,20,11.59291286789568,0.8622589322726317,0.5265498819729159,0.6616598335196919,0.6647161138029569,-0.2161138029568891,0.8010436079016027,0.8008696732513356,0.1414337184743446,0.9149583799229718,0.9149583799229718,0.0850416200770282,8.097358406316605,0.3818114051434961,1.4879449874737443,-0.8489160597889831,104.95881367047153,-0.9278967722742824
munich,gbdt+k10,2,1,20,11.820387050447907,2.401668788845858,0.5265498819729159,0.6616598335196919,0.6735370853522177,-0.1633122126972295,0.8010436079016027,0.7943346999627283,0.12361784072555593,0.9149583799229718,0.9149583799229718,0.0850416200770282,7.336210464891965,0.20813765685178282,1.4879449874737443,-0.5542230656984055,104.95881367047153,-0.9278967722742824
munich,gbdt+k10,2,2,20,11.579974809205458,-1.0693466831031277,0.5265498819729159,0.6616598335196919,0.7077773636476581,-0.05629270716859247,0.8010436079016027,0.8041123120884582,0.1880854764567027,0.9149583799229718,0.9149583799229718,0.0850416200770282,7.524640540096335,0.26853025220524285,1.4879449874737443,-0.6740543915129068,104.95881367047153,-0.9278967722742824
munich,gbdt+k10,2,3,20,11.572641549039457,0.9779963097777055,0.5261895887687912,0.6616598335196919,0.6723692384147099,-0.1805565908808548,0.8010436079016027,0.8023108460678345,0.15601938128960124,0.9149583799229718,0.9149583799229718,0.0850416200770282,7.78268193148743,0.3253199155174556,1.4879449874737443,-0.7636271724774589,104.30834283229403,-0.927376171352075
munich,gbdt+k10,2,4,20,11.819486325750237,2.5552212464666715,0.5265498819729159,0.6616598335196919,0.6416449248353833,-0.25883960740464657,0.8010436079016027,0.7918374953410362,0.08991179028450735,0.9149583799229718,0.9148962604050193,0.08468132687290342,7.9581548281931465,0.34688781215057773,1.4879449874737443,-0.7987385865068535,104.95881367047153,-0.9278967722742824
munich,gbdt+k10,2,5,20,11.622783880904688,1.2145762134885496,0.5261895887687912,0.6616598335196919,0.6515840477077898,-0.25024226612001493,0.8010436079016027,0.7979873276183377,0.11675984594359545,0.9149583799229718,0.9149583799229718,0.0850416200770282,8.404661888551876,0.4077525158404771,1.4879449874737443,-0.8855115120477334,104.30834283229403,-0.927376171352075
munich,gbdt+k10,2,6,20,11.537690465521028,-0.4441726285839622,0.5265498819729159,0.6616598335196919,0.6920983973164369,-0.12102124487513977,0.8010436079016027,0.8039632252453721,0.1852279786308858,0.9149583799229718,0.9149583799229718,0.0850416200770282,7.785780479103148,0.31436203255062745,1.4879449874737443,-0.7488814851740211,104.95881367047153,-0.9278967722742824
munich,gbdt+k10,2,7,20,12.052337150313155,3.4661433335776985,0.5265498819729159,0.6616598335196919,0.6333954528512858,-0.27491613865076414,0.8010436079016027,0.78019629767673,0.050714374456454214,0.9149583799229718,0.9149583799229718,0.0850416200770282,7.698330486180826,0.31325630513107217,1.4879449874737443,-0.7471673477403742,104.95881367047153,-0.9278967722742824
munich,gbdt+k10,2,8,20,11.670444893851196,1.2115345274002494,0.5265498819729159,0.6616598335196919,0.6883836501428748,-0.09091812647533859,0.8010436079016027,0.8034538451981612,0.16884084979500558,0.9149583799229718,0.9149583799229718,0.0850416200770282,7.157585765551267,0.17670518076779723,1.4879449874737443,-0.49140350218911877,104.95881367047153,-0.9278967722742824
munich,gbdt+k10,2,9,20,11.663886136908419,-0.5205030544832507,0.5265498819729159,0.6616598335196919,0.7114299913032675,0.016933780593862524,0.8010436079016027,0.804547148714126,0.186209467014536,0.9149583799229718,0.9149583799229718,0.0850416200770282,7.163814701111344,0.1478196049198658,1.4879449874737443,-0.4268513894126005,104.95881367047153,-0.9278967722742824
munich,gbdt+k10d,2,0,20,11.627888388808755,1.458268464746591,0.5265498819729159,0.6616598335196919,0.6601068455708784,-0.22517082867436955,0.8010436079016027,0.7980991427506523,0.12576717604671384,0.9149583799229718,0.9149583799229718,0.0850416200770282,7.985866565360447,0.3528140141632501,1.4879449874737443,-0.80920937330302,104.95881367047153,-0.9278967722742824
munich,gbdt,3,0,20,11.572093833774476,-0.7002555596971387,0.5265498819729159,0.6616598335196919,0.6977885451608895,-0.08712883588023357,0.8010436079016027,0.8043732140638589,0.1865573363150702,0.9149583799229718,0.9149583799229718,0.0850416200770282,7.629266076173078,0.29365138526525036,1.4879449874737443,-0.7171920089361583,104.95881367047153,-0.9278967722742824
munich,gbdt,3,0,10,11.404767641135477,0.4897542052972075,0.5119145235432973,0.5732637594732265,0.6329854640327991,-0.21872282271089577,0.7322276059137781,0.7271959249596223,0.1381041123120884,0.8532488507889179,0.8532488507889179,0.14675114921108212,8.087100601209164,0.3483414088706671,1.4244412940155133,-0.755573091152028,122.48721506456579,-0.9499162896733516
munich,gbdt+k10,3,0,20,11.57791625914105,0.45619190797261405,0.5265498819729159,0.6616598335196919,0.6737979873276183,-0.19962728289228482,0.8010436079016027,0.8033047583550752,0.15437942601565413,0.9149583799229718,0.9149583799229718,0.0850416200770282,8.080452382117524,0.3802832650018636,1.4879449874737443,-0.8453739817653206,104.95881367047153,-0.9278967722742824
munich,gbdt+k10,3,1,20,11.801882336024809,2.25817791078467,0.5265498819729159,0.6616598335196919,0.6757236923841471,-0.1623928438315319,0.8010436079016027,0.7963970679587526,0.13072431357932668,0.9149583799229718,0.9149583799229718,0.0850416200770282,7.346762364471004,0.21126848055659087,1.4879449874737443,-0.5601822942800384,104.95881367047153,-0.9278967722742824
munich,gbdt+k10,3,2,20,11.577347450083165,-0.8767417265025041,0.5265498819729159,0.6616598335196919,0.7034911169089327,-0.05538576220648528,0.8010436079016027,0.8041247359920487,0.18712883588023355,0.9149583799229718,0.9149583799229718,0.0850416200770282,7.492378802070521,0.26259162628898,1.4879449874737443,-0.6642711065414313,104.95881367047153,-0.9278967722742824
munich,gbdt+k10,3,3,20,11.585991401792919,0.9887204752669643,0.5261895887687912,0.6616598335196919,0.6746800844825445,-0.18132687290346633,0.8010436079016027,0.8021244875139769,0.1542676108833395,0.9149583799229718,0.9149583799229718,0.0850416200770282,7.753680926220238,0.3211827556218164,1.4879449874737443,-0.7573925031992658,104.30834283229403,-0.927376171352075
munich,gbdt+k10,3,4,20,11.818232094641772,2.496209635895871,0.5265498819729159,0.6616598335196919,0.6437072928314076,-0.2584668902969313,0.8010436079016027,0.7921977885451609,0.09206112560566526,0.9149583799229718,0.9148962604050193,0.08468132687290342,7.957243253612717,0.34709901851161634,1.4879449874737443,-0.7987046265845031,104.95881367047153,-0.9278967722742824
munich,gbdt+k10,3,5,20,11.63794927787141,1.2668228601697342,0.5261895887687912,0.6616598335196919,0.6536836874145857,-0.25070195055286376,0.8010436079016027,0.7962231333084855,0.11576593365635479,0.9149583799229718,0.9149583799229718,0.0850416200770282,8.39051695333261,0.4066716362281029,1.4879449874737443,-0.8827225606928035,104.30834283229403,-0.927376171352075
munich,gbdt+k10,3,6,20,11.543551634632369,0.2098705660902296,0.5265498819729159,0.6616598335196919,0.6881600198782457,-0.1410113057522674,0.8010436079016027,0.8050689526649273,0.17512734501180272,0.9149583799229718,0.9149583799229718,0.0850416200770282,7.7204468908745865,0.3036153559448379,1.4879449874737443,-0.7316756507336775,104.95881367047153,-0.9278967722742824
munich,gbdt+k10,3,7,20,12.382347846294039,4.445951798379759,0.5265498819729159,0.6616598335196919,0.6069698099142751,-0.31533109703068707,0.8010436079016027,0.7662069822338179,0.005814386880357847,0.9149583799229718,0.9149583799229718,0.0850416200770282,7.682223999363837,0.3104360790160269,1.4879449874737443,-0.7423776920574721,104.95881367047153,-0.9278967722742824
munich,gbdt+k10,3,8,20,11.670214040705222,1.1397211859811185,0.5265498819729159,0.6616598335196919,0.6900111815132315,-0.08635855385762214,0.8010436079016027,0.8035905081376569,0.1667163622810287,0.9149583799229718,0.9149583799229718,0.0850416200770282,7.174091061033941,0.18352590383898615,1.4879449874737443,-0.5043642946864552,104.95881367047153,-0.9278967722742824
munich,gbdt+k10,3,9,20,11.6817907476962,-0.7691660578039747,0.5265498819729159,0.6616598335196919,0.7117654367002112,0.025170828674369483,0.8010436079016027,0.8049322897254317,0.18811032426388374,0.9149583799229718,0.9149583799229718,0.0850416200770282,7.1765954183998755,0.1543545782084731,1.4879449874737443,-0.4400283905418736,104.95881367047153,-0.9278967722742824
munich,gbdt+k10d,3,0,20,11.702492843393664,1.9066099068526114,0.5265498819729159,0.6616598335196919,0.6570754130947943,-0.23513479935395704,0.8010436079016027,0.7953410361535594,0.1103615355944838,0.9149583799229718,0.9149583799229718,0.0850416200770282,7.888009120124748,0.3390359050813766,1.4879449874737443,-0.7875056942515288,104.95881367047153,-0.9278967722742824
munich,gbdt,4,0,20,11.55217785446541,-0.7123841790849875,0.5265498819729159,0.6616598335196919,0.6970182631382781,-0.09135296310100638,0.8010436079016027,0.8058392346875388,0.18817244378183628,0.9149583799229718,0.9149583799229718,0.0850416200770282,7.640969702879761,0.2942353087340042,1.4879449874737443,-0.7203263868439483,104.95881367047153,-0.9278967722742824
munich,gbdt,4,0,10,11.385445271975419,0.4813919820405386,0.5119145235432973,0.5732637594732265,0.6344887563672506,-0.22464902472356818,0.7322276059137781,0.7300906944962107,0.15011802708410982,0.8532488507889179,0.8532488507889179,0.14675114921108212,8.0985002181736,0.3484035283886197,1.4244412940155133,-0.7573353246532686,122.48721506456579,-0.9499162896733516
munich,gbdt+k10,4,0,20,11.580392314467947,0.818284534243282,0.5265498819729159,0.6616598335196919,0.6661200149086843,-0.21421294570754135,0.8010436079016027,0.803006584668903,0.14784445272704683,0.9149583799229718,0.9149583799229718,0.0850416200770282,8.08607144012632,0.3798235805690148,1.4879449874737443,-0.8472575947766571,104.95881367047153,-0.9278967722742824
munich,gbdt+k10,4,1,20,11.822604161977447,2.4584380344628447,0.5265498819729159,0.6616598335196919,0.6737110200024847,-0.16701453596720095,0.8010436079016027,0.7969312958131445,0.1281277177289104,0.9149583799229718,0.9149583799229718,0.0850416200770282,7.3364264781377875,0.20759100509380052,1.4879449874737443,-0.5544429383169365,104.95881367047153,-0.9278967722742824
munich,gbdt+k10,4,2,20,11.575175102334176,-1.1374953609295513,0.5265498819729159,0.6616598335196919,0.7055037892905951,-0.051907069201143075,0.8010436079016027,0.8052553112187849,0.1905951049819854,0.9149583799229718,0.9149583799229718,0.0850416200770282,7.5252161773213,0.26813268729034656,1.4879449874737443,-0.6750745436215575,104.95881367047153,-0.9278967722742824
munich,gbdt+k10,4,3,20,11.57737981301826,1.1143906243314758,0.5261895887687912,0.6616598335196919,0.6721207603428997,-0.18517828301652384,0.8010436079016027,0.8036029320412473,0.1545533606659213,0.9149583799229718,0.9149583799229718,0.0850416200770282,7.760583036100946,0.3201267238166232,1.4879449874737443,-0.7591253110176246,104.30834283229403,-0.927376171352075
munich,gbdt+k10,4,4,20,11.696238026438964,1.955734942392358,0.5265498819729159,0.6616598335196919,0.654230339172568,-0.23882469872033796,0.8010436079016027,0.7982482295937383,0.12062367996024348,0.9149583799229718,0.9148962604050193,0.08468132687290342,7.999344164346577,0.351882221393962,1.4879449874737443,-0.8090306173019608,104.95881367047153,-0.9278967722742824
munich,gbdt+k10,4,5,20,11.603019307577414,1.0563337594600775,0.5261895887687912,0.6616598335196919,0.6560318051931917,-0.24571996521307,0.8010436079016027,0.8017020747918996,0.1304385637967449,0.9149583799229718,0.9149583799229718,0.0850416200770282,8.441850323427305,0.41100757858119025,1.4879449874737443,-0.8922891483235093,104.30834283229403,-0.927376171352075
munich,gbdt+k10,4,6,20,11.521596208246027,-0.14323999643016283,0.5265498819729159,0.6616598335196919,0.690048453224003,-0.13072431357932668,0.8010436079016027,0.8055410610013666,0.1811653621567897,0.9149583799229718,0.9149583799229718,0.0850416200770282,7.77495559574956,0.3112933283637718,1.4879449874737443,-0.746194319096453,104.95881367047153,-0.9278967722742824
munich,gbdt+k10,4,7,20,12.098866843198769,3.6491142142889137,0.5265498819729159,0.6616598335196919,0.6322400298173686,-0.2750528015902597,0.8010436079016027,0.777873027705305,0.045359672008945195,0.9149583799229718,0.9149583799229718,0.0850416200770282,7.657277712131799,0.3052677351223754,1.4879449874737443,-0.7362376578839601,104.95881367047153,-0.9278967722742824
munich,gbdt+k10,4,8,20,11.65715388368596,1.2031087270722192,0.5265498819729159,0.6616598335196919,0.6897751273450118,-0.08878121505777115,0.8010436079016027,0.8044477574854019,0.16618213442663687,0.9149583799229718,0.9149583799229718,0.0850416200770282,7.1699529445680135,0.18069325382035034,1.4879449874737443,-0.4994816715168443,104.95881367047153,-0.9278967722742824
munich,gbdt+k10,4,9,20,11.646136792779645,-0.5777377327332336,0.5265498819729159,0.6616598335196919,0.7089824822959374,0.012150577711516952,0.8010436079016027,0.8060752888557585,0.18905454093676233,0.9149583799229718,0.9149583799229718,0.0850416200770282,7.185597850115072,0.15651633743322152,1.4879449874737443,-0.4442649887973822,104.95881367047153,-0.9278967722742824
munich,gbdt+k10d,4,0,20,11.681224442143842,1.8903565069549382,0.5265498819729159,0.6616598335196919,0.6558578705429245,-0.23764442787923973,0.8010436079016027,0.7975897627034414,0.116039259535346,0.9149583799229718,0.9149583799229718,0.0850416200770282,7.957679305062601,0.34707417070443536,1.4879449874737443,-0.8028068498146436,104.95881367047153,-0.9278967722742824
munich,gbdt_iw,0,0,20,11.59904497430325,-0.8026639580459789,0.5265498819729159,0.6616598335196919,0.6970928065598211,-0.08350105603180524,0.8010436079016027,0.8042241272207727,0.1859361411355448,0.9149583799229718,0.9149583799229718,0.0850416200770282,7.6371833223903485,0.28897999751521936,1.4879449874737443,-0.7141555399220678,104.95881367047153,-0.9278967722742824
munich,gbdt_iw,0,0,10,11.424124818502811,0.3989894757896048,0.5119145235432973,0.5732637594732265,0.6359299291837496,-0.21652379177537584,0.7322276059137781,0.7265498819729159,0.1436700211206361,0.8532488507889179,0.8532488507889179,0.14675114921108212,8.092169410505678,0.3463163125854143,1.4244412940155133,-0.755290357736286,122.48721506456579,-0.9499162896733516
munich,gbdt_iw,1,0,20,11.577059121797879,-0.7218820179828823,0.5265498819729159,0.6616598335196919,0.6962976767300286,-0.08715368368741461,0.8010436079016027,0.8046465399428501,0.18424649024723572,0.9149583799229718,0.9149583799229718,0.0850416200770282,7.626632919345921,0.29156416946204494,1.4879449874737443,-0.7164967239501073,104.95881367047153,-0.9278967722742824
munich,gbdt_iw,1,0,10,11.411097666098742,0.4780343682248832,0.5119145235432973,0.5732637594732265,0.6334078767548764,-0.22130699465772147,0.7322276059137781,0.725990806311343,0.13843955770903216,0.8532488507889179,0.8532488507889179,0.14675114921108212,8.090738675119258,0.3453720959125357,1.4244412940155133,-0.7540795520791697,122.48721506456579,-0.9499162896733516
munich,gbdt_iw,2,0,20,11.591475794248549,-0.7939350222557238,0.5265498819729159,0.6616598335196919,0.7008448254441546,-0.07865573363150702,0.8010436079016027,0.8051310721828798,0.18505404398061875,0.9149583799229718,0.9149583799229718,0.0850416200770282,7.6397016960303255,0.2881724437818363,1.4879449874737443,-0.7163821988961614,104.95881367047153,-0.9278967722742824
munich,gbdt_iw,2,0,10,11.411749326096315,0.4097891966622762,0.5119145235432973,0.5732637594732265,0.6371723195428004,-0.2159771400173935,0.7322276059137781,0.7280283265001863,0.14673872530749166,0.8532488507889179,0.8532488507889179,0.14675114921108212,8.094000026502336,0.3462790408746428,1.4244412940155133,-0.7566543709178667,122.48721506456579,-0.9499162896733516
munich,gbdt_iw,3,0,20,11.581818120003312,-0.7796538680573398,0.5265498819729159,0.6616598335196919,0.6978133929680705,-0.08404770778978754,0.8010436079016027,0.8059386259162629,0.18138899242141882,0.9149583799229718,0.9149583799229718,0.0850416200770282,7.6323925444275655,0.2882966828177414,1.4879449874737443,-0.7134304655514548,104.95881367047153,-0.9278967722742824
munich,gbdt_iw,3,0,10,11.410139543779435,0.42254333852859244,0.5119145235432973,0.5732637594732265,0.6361038638340166,-0.21443657597217047,0.7322276059137781,0.7285252826438067,0.14457696608274317,0.8532488507889179,0.8532488507889179,0.14675114921108212,8.086338591122368,0.3466766057895391,1.4244412940155133,-0.7543132968105466,122.48721506456579,-0.9499162896733516
munich,gbdt_iw,4,0,20,11.560077132104947,-0.8053923969188866,0.5265498819729159,0.6616598335196919,0.6995775872779227,-0.08322773015281404,0.8010436079016027,0.8055534849049572,0.18388619704311093,0.9149583799229718,0.9149583799229718,0.0850416200770282,7.626919318078781,0.2904335942353088,1.4879449874737443,-0.7170364780115834,104.95881367047153,-0.9278967722742824
munich,gbdt_iw,4,0,10,11.378319290875428,0.39861317416672853,0.5119145235432973,0.5732637594732265,0.6365635482668655,-0.21695862840104363,0.7322276059137781,0.730612498447012,0.1379177537582308,0.8532488507889179,0.8532488507889179,0.14675114921108212,8.088986875495063,0.3459063237669276,1.4244412940155133,-0.7562801592991265,122.48721506456579,-0.9499162896733516
munich,gp_ard,0,0,20,11.519235453332094,-0.6303842595107495,0.5265498819729159,0.6616598335196919,0.7053919741582805,-0.08583674990682078,0.8010436079016027,0.8049944092433843,0.1839731643682445,0.9149583799229718,0.9149583799229718,0.0850416200770282,7.6096649213817695,0.2979624798111567,1.4879449874737443,-0.7183158040580965,104.95881367047153,-0.9278967722742824
munich,gp_ard,0,0,10,11.358833620857784,0.5674708369780143,0.5119145235432973,0.5732637594732265,0.6372717107715244,-0.22914647782333208,0.7322276059137781,0.7281774133432725,0.13456329978879367,0.8532488507889179,0.8532488507889179,0.14675114921108212,8.088987299023438,0.3471611380295689,1.4244412940155133,-0.7561954850940773,122.48721506456579,-0.9499162896733516
munich,kernel,0,0,20,11.568705905909042,-0.4465887852133524,0.5265498819729159,0.6616598335196919,0.691713256305131,-0.112982979252081,0.8010436079016027,0.8049198658218413,0.1836252950677103,0.9149583799229718,0.9149583799229718,0.0850416200770282,7.743725379439489,0.31485898869424767,1.4879449874737443,-0.7403671659338797,104.95881367047153,-0.9278967722742824
munich,kernel,0,0,10,11.435150273860346,0.7302378505617861,0.5119145235432973,0.5732637594732265,0.6248726549881973,-0.2505404398061871,0.7322276059137781,0.7228972543173064,0.13057522673624056,0.8532488507889179,0.8532488507889179,0.14675114921108212,8.18534098157531,0.3603553236426886,1.4244412940155133,-0.7686088356372928,122.48721506456579,-0.9499162896733516
munich,knn,0,0,20,11.546551160417593,-0.2937140376210446,0.5265498819729159,0.6616598335196919,0.6903963225245372,-0.10928065598210968,0.8010436079016027,0.8037520188843335,0.18377438191079642,0.9149583799229718,0.9149583799229718,0.0850416200770282,7.903730482395888,0.2974282519567648,1.4879449874737443,-0.7020896390919646,104.95881367047153,-0.9278967722742824
munich,knn,0,0,10,11.433170738460463,0.8846690182346668,0.5119145235432973,0.5732637594732265,0.6275686420673375,-0.24367002112063613,0.7322276059137781,0.7224996894024103,0.12990433594235307,0.8532488507889179,0.8532488507889179,0.14675114921108212,8.169334740242135,0.3562678593614114,1.4244412940155133,-0.7556331664230549,122.48721506456579,-0.9499162896733516
munich,median,0,0,20,12.791548775208032,2.5731145106338436,0.5265498819729159,0.6616598335196919,0.5322276059137782,-0.1539197415828054,0.8010436079016027,0.80073301031184,0.18927817120139145,0.9149583799229718,0.9149583799229718,0.0850416200770282,7.681369339484491,0.35646664181885945,1.4879449874737443,-0.8101895683981298,104.95881367047153,-0.9278967722742824
munich,median,0,0,10,13.02994352622753,3.41871538536301,0.5119145235432973,0.5732637594732265,0.51369114175674,-0.26876630637346255,0.7322276059137781,0.6381289601192695,0.07448130202509629,0.8532488507889179,0.8532488507889179,0.14675114921108212,8.360945537741111,0.3649024723568145,1.4244412940155133,-0.7996022661667092,122.48721506456579,-0.9499162896733516
munich,mlp,0,0,20,11.512240664034136,-0.6616014736428792,0.5265498819729159,0.6616598335196919,0.7029817368617219,-0.103006584668903,0.8010436079016027,0.8048204745931171,0.18196049198658215,0.9149583799229718,0.9149583799229718,0.0850416200770282,7.69388847880872,0.3099391228724065,1.4879449874737443,-0.7363642761129746,104.95881367047153,-0.9278967722742824
munich,mlp,0,0,10,11.344813713143868,0.5519963189258448,0.5119145235432973,0.5732637594732265,0.6372841346751149,-0.2387501552987949,0.7322276059137781,0.729121630016151,0.13433966952416454,0.8532488507889179,0.8532488507889179,0.14675114921108212,8.16058025763071,0.3562802832650019,1.4244412940155133,-0.7699770288419011,122.48721506456579,-0.9499162896733516
munich,mlp,1,0,20,11.499751089307603,-0.33210287554371665,0.5265498819729159,0.6616598335196919,0.6991054789414834,-0.11958007205864085,0.8010436079016027,0.804547148714126,0.17860603801714503,0.9149583799229718,0.9149583799229718,0.0850416200770282,7.7380177705833715,0.31130575226736235,1.4879449874737443,-0.7395790239703813,104.95881367047153,-0.9278967722742824
munich,mlp,1,0,10,11.366365746738852,0.864905673390187,0.5119145235432973,0.5732637594732265,0.6332090942974282,-0.2510001242390359,0.7322276059137781,0.7284383153186731,0.12510870915641692,0.8532488507889179,0.8532488507889179,0.14675114921108212,8.173665858152598,0.35819356441794015,1.4244412940155133,-0.7734641880292622,122.48721506456579,-0.9499162896733516
munich,mlp,2,0,20,11.525504387138426,-0.5594325539914181,0.5265498819729159,0.6616598335196919,0.7006336190831159,-0.09655857870542928,0.8010436079016027,0.8052056156044229,0.18485526152317056,0.9149583799229718,0.9149583799229718,0.0850416200770282,7.7244604395120495,0.3104981985339794,1.4879449874737443,-0.7378796694828637,104.95881367047153,-0.9278967722742824
munich,mlp,2,0,10,11.382322008124504,0.6211726727750687,0.5119145235432973,0.5732637594732265,0.6309852155547273,-0.2373959498074295,0.7322276059137781,0.7279040874642813,0.14067586035532365,0.8532488507889179,0.8532488507889179,0.14675114921108212,8.171425092642076,0.3588147595974655,1.4244412940155133,-0.7711172557368147,122.48721506456579,-0.9499162896733516
munich,mlp,3,0,20,11.51949616446888,-0.7975790916567946,0.5265498819729159,0.6616598335196919,0.7059510498198533,-0.0815256553609145,0.8010436079016027,0.8046092682320786,0.1862467387253075,0.9149583799229718,0.9149583799229718,0.0850416200770282,7.630798629829107,0.2982730774009194,1.4879449874737443,-0.7168872176366943,104.95881367047153,-0.9278967722742824
munich,mlp,3,0,10,11.345631772489757,0.40532342229205665,0.5119145235432973,0.5732637594732265,0.6394831656106349,-0.22283513479935396,0.7322276059137781,0.728338924089949,0.14411728164989435,0.8532488507889179,0.8532488507889179,0.14675114921108212,8.09440949612874,0.34569511740588893,1.4244412940155133,-0.756000824439934,122.48721506456579,-0.9499162896733516
munich,mlp,4,0,20,11.522946999018563,-0.8478401418081593,0.5265498819729159,0.6616598335196919,0.7053174307367375,-0.07945086346129959,0.8010436079016027,0.8046341160392595,0.18813517207106478,0.9149583799229718,0.9149583799229718,0.0850416200770282,7.665732277266114,0.3007951298297925,1.4879449874737443,-0.7214614717890002,104.95881367047153,-0.9278967722742824
munich,mlp,4,0,10,11.347738728223124,0.3434243966272594,0.5119145235432973,0.5732637594732265,0.638899242141881,-0.22033793017766184,0.7322276059137781,0.7282768045719965,0.14845322400298178,0.8532488507889179,0.8532488507889179,0.14675114921108212,8.113866537667981,0.3491862343148217,1.4244412940155133,-0.7597758892780153,122.48721506456579,-0.9499162896733516
munich,ridge,0,0,20,11.520962408939905,-0.6521482583633577,0.5265498819729159,0.6616598335196919,0.7041868555100013,-0.07397192197788549,0.8010436079016027,0.8051931917008324,0.1875760964094919,0.9149583799229718,0.9149583799229718,0.0850416200770282,7.6904197555486915,0.3136787178531495,1.4879449874737443,-0.7398832379270643,104.95881367047153,-0.9278967722742824
munich,ridge,0,0,10,11.379340042320019,0.5110859008680687,0.5119145235432973,0.5732637594732265,0.6277550006211952,-0.22892284755870296,0.7322276059137781,0.7281028699217295,0.15041620077028206,0.8532488507889179,0.8532488507889179,0.14675114921108212,8.151338566289446,0.35573363150701953,1.4244412940155133,-0.7697165286496306,122.48721506456579,-0.9499162896733516
munich,ridge+k10,0,0,20,11.58577880331144,1.2941253629370362,0.5265498819729159,0.6616598335196919,0.6544042738228352,-0.2278916635606908,0.8010436079016027,0.8003851410113058,0.14032799105478944,0.9149583799229718,0.9149583799229718,0.0850416200770282,8.062870260588962,0.3827059262020127,1.4879449874737443,-0.8464708019947438,104.95881367047153,-0.9278967722742824
munich,ridge+k10,0,1,20,11.790052854413075,2.391229578556783,0.5265498819729159,0.6616598335196919,0.6764939744067586,-0.14981985339793769,0.8010436079016027,0.7978009690644801,0.13339545285128585,0.9149583799229718,0.9149583799229718,0.0850416200770282,7.307240466450735,0.21248602310846065,1.4879449874737443,-0.5504368328115525,104.95881367047153,-0.9278967722742824
munich,ridge+k10,0,2,20,11.496296656399375,-0.006285779182536042,0.5265498819729159,0.6616598335196919,0.7018014660206237,-0.08224624176916395,0.8010436079016027,0.8050689526649273,0.18138899242141882,0.9149583799229718,0.9149583799229718,0.0850416200770282,7.517618398587171,0.2772269847185986,1.4879449874737443,-0.6777764617227022,104.95881367047153,-0.9278967722742824
munich,ridge+k10,0,3,20,11.554161859697537,1.156573553404342,0.5261895887687912,0.6616598335196919,0.672543173064977,-0.17392222636352345,0.8010436079016027,0.8019754006708908,0.1586905205615604,0.9149583799229718,0.9149583799229718,0.0850416200770282,7.756551803635203,0.32963101006336193,1.4879449874737443,-0.7624328902758833,104.30834283229403,-0.927376171352075
munich,ridge+k10,0,4,20,11.933383272420494,3.1532997871873416,0.5265498819729159,0.6616598335196919,0.6139644676357311,-0.297627034414213,0.8010436079016027,0.7865946080258417,0.07522673624052678,0.9149583799229718,0.9148962604050193,0.08468132687290342,8.040172238094947,0.3659709280655982,1.4879449874737443,-0.8217146665212647,104.95881367047153,-0.9278967722742824
munich,ridge+k10,0,5,20,11.599328600031512,1.3392389278332022,0.5261895887687912,0.6616598335196919,0.6434091191452355,-0.2608771275934899,0.8010436079016027,0.7987327618337682,0.1300534227854392,0.9149583799229718,0.9149583799229718,0.0850416200770282,8.484717963971518,0.42243756988445774,1.4879449874737443,-0.9022506840491935,104.30834283229403,-0.927376171352075
munich,ridge+k10,0,6,20,11.501813800574375,-0.14415230646228794,0.5265498819729159,0.6616598335196919,0.7024475090073301,-0.07941359175052809,0.8010436079016027,0.8057522673624052,0.18478071810162755,0.9149583799229718,0.9149583799229718,0.0850416200770282,7.559405857354866,0.28424649024723564,1.4879449874737443,-0.6896730360224891,104.95881367047153,-0.9278967722742824
munich,ridge+k10,0,7,20,12.066450111531772,3.634961185258609,0.5265498819729159,0.6616598335196919,0.6264380668406013,-0.26515095042862474,0.8010436079016027,0.7851907069201143,0.07176046713877504,0.9149583799229718,0.9149583799229718,0.0850416200770282,7.531128303427383,0.2906448005963474,1.4879449874737443,-0.6997703984450733,104.95881367047153,-0.9278967722742824
munich,ridge+k10,0,8,20,11.679398934756648,1.4027549280671527,0.5265498819729159,0.6616598335196919,0.6959746552366753,-0.06521306994657727,0.8010436079016027,0.8012796620698224,0.16920114299913036,0.9149583799229718,0.9149583799229718,0.0850416200770282,7.11598895595112,0.1749906820723071,1.4879449874737443,-0.47342545775414635,104.95881367047153,-0.9278967722742824
munich,ridge+k10,0,9,20,11.678869610695141,-1.0449507564021072,0.5265498819729159,0.6616598335196919,0.711392719592496,0.054068828425891335,0.8010436079016027,0.8041123120884582,0.19096782208970065,0.9149583799229718,0.9149583799229718,0.0850416200770282,7.15124871887396,0.15583302273574356,1.4879449874737443,-0.430189745518055,104.95881367047153,-0.9278967722742824
munich,ridge+k10d,0,0,20,11.674961037300388,2.026697241796886,0.5265498819729159,0.6616598335196919,0.6428624673872531,-0.2523294819232203,0.8010436079016027,0.7959001118151323,0.1163871288358802,0.9149583799229718,0.9149583799229718,0.0850416200770282,8.02515089186487,0.3633867561187725,1.4879449874737443,-0.8194615848658279,104.95881367047153,-0.9278967722742824
munich,uma_los,0,0,20,20.97354672950152,-16.818669810640696,0.5265498819729159,0.6616598335196919,0.6616598335196919,0.33834016648030807,0.8010436079016027,0.8010436079016027,0.19895639209839733,0.9149583799229718,0.9149583799229718,0.0850416200770282,7.651941429372144,0.3526525034165735,1.4879449874737443,-0.8048809824807032,104.95881367047153,-0.9278967722742824
munich,uma_los,0,0,10,20.328311676997433,-15.972642243730693,0.5119145235432973,0.5732637594732265,0.5732637594732265,0.4267362405267735,0.7322276059137781,0.7322276059137781,0.2677723940862219,0.8532488507889179,0.8532488507889179,0.14675114921108212,8.288165567468077,0.36009442166728783,1.4244412940155133,-0.7911882502498266,122.48721506456579,-0.9499162896733516
munich,uma_nlos,0,0,20,24.31591845289144,19.861496853467937,0.5265498819729159,0.6616598335196919,0.45305006833146977,-0.43312212697229474,0.8010436079016027,0.5478320288234564,-0.2539570132935768,0.9149583799229718,0.8067337557460554,-0.05655360914399299,6.9895827508611115,0.08479314200521804,1.4879449874737443,-0.1375987736952866,104.95881367047153,-0.9278967722742824
munich,uma_nlos,0,0,10,25.242861090243686,20.985206042242233,0.5119145235432973,0.5732637594732265,0.47484159522922104,-0.4592371723195428,0.7322276059137781,0.4604174431606411,-0.396136165983352,0.8532488507889179,0.6015281401416325,-0.24165734873897382,9.21526890138889,0.24444030314324763,1.4244412940155133,-0.4431684828465249,122.48721506456579,-0.9499162896733516
newyork,oracle,0,0,20,11.715075995319339,0.00021481500124889374,0.3896901345680082,0.6145437438874928,0.5145524097205888,-0.4213204253686075,0.7355435334315461,0.7261720539262414,0.13737821409559647,0.8804238830360127,0.8803619842281838,0.11847431818463183,8.549617819991305,0.6434133478589202,1.0934505703234025,-0.8416077252094405,79.23642595301177,-0.9361540650792145
newyork,oracle,0,0,10,11.500294074176338,1.6015389265485347,0.3869665870235339,0.5258922713148545,0.5523478217809525,-0.43480198571375517,0.6682595293214653,0.6885499585277988,0.12553078227713332,0.8000792304740211,0.8003392054669027,0.1985218564690444,9.37192200289659,0.5476311326243857,1.267517134431067,-0.9166312317971597,95.66186860160931,-0.9522146847565842
newyork,coral,0,0,20,12.83582527152177,1.884835098510813,0.39059385716231104,0.6145437438874928,0.489929063966228,-0.46243361352860346,0.7355435334315461,0.6768510838481251,0.07802963714918854,0.8804238830360127,0.8807209973135918,0.11818958366861854,8.584298130891014,0.6648922341755698,1.0934505703234025,-0.855794876867541,80.43326428806562,-0.9375138348670271
newyork,coral,0,0,10,13.051093350294453,3.6882385003586675,0.38787030961783675,0.5258922713148545,0.5379749186030677,-0.4506852198026666,0.6682595293214653,0.6123153868056501,0.05461950802827542,0.8000792304740211,0.8006239399829159,0.19853423623061017,9.356198980940716,0.581576438837788,1.267517134431067,-0.9210594774477505,101.35873147441337,-0.9538108539505188
newyork,cost231,0,0,20,32.609004592106785,29.347549168228262,0.39065575597014,0.6145437438874928,0.3854562561125073,-0.6145437438874928,0.7355435334315461,0.2644564665684539,-0.7355435334315461,0.8804238830360127,0.20549166223058543,-0.776186290652042,11.93405126529662,0.6921400893818785,1.0934505703234025,-0.938680144490245,82.76970928278186,-0.9384625114631755
newyork,cost231,0,0,10,34.47981877594827,31.469493399734727,0.38787030961783675,0.5258922713148545,0.4741077286851455,-0.5258922713148545,0.6682595293214653,0.33174047067853474,-0.6682595293214653,0.8000792304740211,0.19992076952597893,-0.8000792304740211,15.324739986746664,0.7770281144385159,1.267517134431067,-1.188685412798573,109.34670047638258,-0.9548084596967279
newyork,gbdt,0,0,20,12.657173317239094,2.348176960326069,0.39065575597014,0.6145437438874928,0.4637458682545774,-0.5254342201369202,0.7355435334315461,0.6935390024388131,0.07798011810292538,0.8804238830360127,0.8804238830360127,0.11957611696398729,8.689199001690223,0.6896888965918516,1.0934505703234025,-0.866141603080408,82.76970928278186,-0.9384625114631755
newyork,gbdt,0,0,10,12.866660642789475,4.06872795653596,0.38787030961783675,0.5258922713148545,0.5338648377632247,-0.4607871052403531,0.6682595293214653,0.6339304504995233,0.0004951904626316894,0.8000792304740211,0.8000792304740211,0.19992076952597893,9.410801281893079,0.6022630204142267,1.267517134431067,-0.9355119536505424,109.34670047638258,-0.9548084596967279
newyork,gbdt+k10,0,0,20,12.458516775871887,-0.7854574860218775,0.39065575597014,0.6145437438874928,0.5245676368273147,-0.3966228010448519,0.7355435334315461,0.729947881203808,0.21308045607041604,0.8804238830360127,0.8804238830360127,0.11957611696398729,8.396999985582253,0.6566720724958837,1.0934505703234025,-0.8481918537480334,82.76970928278186,-0.9384625114631755
newyork,gbdt+k10,0,1,20,12.611283696880605,1.82847584781655,0.39065575597014,0.6145437438874928,0.483256372482266,-0.47980241900541,0.7355435334315461,0.7061292199512237,0.1492751649603229,0.8804238830360127,0.8804238830360127,0.11957611696398729,8.02916884952958,0.6173539497629276,1.0934505703234025,-0.8222371820437282,82.76970928278186,-0.9384625114631755
newyork,gbdt+k10,0,2,20,12.547961040418237,-0.4895358948185562,0.39065575597014,0.6145437438874928,0.5294700224073684,-0.3557943474008691,0.7355435334315461,0.7290193990863736,0.22579447119848473,0.8804238830360127,0.8804238830360127,0.11957611696398729,8.014143029691754,0.6075491786028202,1.0934505703234025,-0.8198323851465587,82.76970928278186,-0.9384625114631755
newyork,gbdt+k10,0,3,20,12.471357454704453,0.38049634855546216,0.39065575597014,0.6145437438874928,0.5010956088985726,-0.4503014471941271,0.7355435334315461,0.7219134159476088,0.1923443554477141,0.8804238830360127,0.8804238830360127,0.11957611696398729,8.405771518919504,0.6576624534211472,1.0934505703234025,-0.8481718021103481,82.76970928278186,-0.9384625114631755
newyork,gbdt+k10,0,4,20,12.40656969458841,-0.3223791281628026,0.39065575597014,0.6145437438874928,0.5025192814786387,-0.4734144620374612,0.7355435334315461,0.7254664075169912,0.18577070205627844,0.8804238830360127,0.8804238830360127,0.11957611696398729,9.059027827715196,0.7286108669547025,1.0934505703234025,-0.8865751708217147,82.76970928278186,-0.9384625114631755
newyork,gbdt+k10,0,5,20,12.591144613541044,2.1757250586826506,0.39065575597014,0.6145437438874928,0.45744456961758917,-0.5355980043824357,0.7355435334315461,0.6894041620758384,0.06592223033784372,0.8804238830360127,0.8804238830360127,0.11957611696398729,9.072523249797738,0.7300964383425975,1.0934505703234025,-0.8870299065586881,82.76970928278186,-0.9384625114631755
newyork,gbdt+k10,0,6,20,12.639306944050812,2.5148155573475024,0.39065575597014,0.6145437438874928,0.45224506975995643,-0.5441400398628323,0.7355435334315461,0.6784233135669807,0.025799423103111008,0.8804238830360127,0.8804238830360127,0.11957611696398729,9.215811376845,0.7414981987446921,1.0934505703234025,-0.8943396374279688,82.76970928278186,-0.9384625114631755
newyork,gbdt+k10,0,7,20,12.438677119298095,-0.16244714665626916,0.39065575597014,0.6145437438874928,0.5081520729910742,-0.43267266672443894,0.7355435334315461,0.7256521039404781,0.20180249328397937,0.8804238830360127,0.8804238830360127,0.11957611696398729,8.436074888371884,0.6629609913713062,1.0934505703234025,-0.8507326216883806,82.76970928278186,-0.9384625114631755
newyork,gbdt+k10,0,8,20,12.73758596907578,2.612698404044622,0.39065575597014,0.6145437438874928,0.46285452542184036,-0.5217698107134457,0.7355435334315461,0.6884014013890093,0.0914864379712047,0.8804238830360127,0.8804238830360127,0.11957611696398729,8.524060025816208,0.6689775554922812,1.0934505703234025,-0.8552107557761043,82.76970928278186,-0.9384625114631755
newyork,gbdt+k10,0,9,20,12.483279784071907,-1.3222598797398357,0.39065575597014,0.6145437438874928,0.5240600666031172,-0.40104237592383973,0.7355435334315461,0.7323990739938349,0.22709434616289292,0.8804238830360127,0.8804238830360127,0.11957611696398729,8.778371331671899,0.7006326058160119,1.0934505703234025,-0.8711881904752462,82.76970928278186,-0.9384625114631755
newyork,gbdt+k10d,0,0,20,12.44244677968614,0.7627657687081848,0.39065575597014,0.6145437438874928,0.48968146873491214,-0.49073374846800455,0.7355435334315461,0.7136065959369623,0.14464513413471658,0.8804238830360127,0.8804238830360127,0.11957611696398729,8.776050763526133,0.6996050856060513,1.0934505703234025,-0.8710774997745944,82.76970928278186,-0.9384625114631755
newyork,gbdt,1,0,20,12.659613383324954,2.3841899540529865,0.39065575597014,0.6145437438874928,0.4631516396994194,-0.528009210542605,0.7355435334315461,0.6909268727484309,0.07586317887517491,0.8804238830360127,0.8804238830360127,0.11957611696398729,8.675975501702343,0.6858264109833244,1.0934505703234025,-0.8650507874080753,82.76970928278186,-0.9384625114631755
newyork,gbdt,1,0,10,12.875823907226685,4.100130645403409,0.38787030961783675,0.5258922713148545,0.5340752937098432,-0.46119563737202424,0.6682595293214653,0.6341161469230102,-0.013357762729489853,0.8000792304740211,0.8000792304740211,0.19992076952597893,9.405529174635797,0.6022877799373585,1.267517134431067,-0.9343213556778502,109.34670047638258,-0.9548084596967279
newyork,gbdt+k10,1,0,20,12.456027738452304,-0.9111849367311754,0.39065575597014,0.6145437438874928,0.5293090855070132,-0.38569147158225736,0.7355435334315461,0.7315820097304926,0.22013692016291764,0.8804238830360127,0.8804238830360127,0.11957611696398729,8.421269190878771,0.6591356450474763,1.0934505703234025,-0.8493296024889712,82.76970928278186,-0.9384625114631755
newyork,gbdt+k10,1,1,20,12.61115585917109,1.8612096068067456,0.39065575597014,0.6145437438874928,0.4826250046424106,-0.4786511011797913,0.7355435334315461,0.7037151664458943,0.1379724426507546,0.8804238830360127,0.8804238830360127,0.11957611696398729,8.06846153115228,0.6192851925671912,1.0934505703234025,-0.8246109487912648,82.76970928278186,-0.9384625114631755
newyork,gbdt+k10,1,2,20,12.543214546686174,0.2875582826677707,0.39065575597014,0.6145437438874928,0.5165826906173787,-0.39240130235091675,0.7355435334315461,0.7263948896344257,0.2089827549921388,0.8804238830360127,0.8804238830360127,0.11957611696398729,8.016312482486558,0.6077843940725702,1.0934505703234025,-0.8192993857200049,82.76970928278186,-0.9384625114631755
newyork,gbdt+k10,1,3,20,12.551169970074765,1.3397607152776394,0.39065575597014,0.6145437438874928,0.4891738985107147,-0.4710127882936975,0.7355435334315461,0.7153521423177389,0.1638461443232604,0.8804238830360127,0.8804238830360127,0.11957611696398729,8.222444738631971,0.6369387325600109,1.0934505703234025,-0.8356304526752312,82.76970928278186,-0.9384625114631755
newyork,gbdt+k10,1,4,20,12.391357633062883,-0.2763138668965287,0.39065575597014,0.6145437438874928,0.4991767458558748,-0.47653416195204085,0.7355435334315461,0.7235351647127276,0.1830471545118041,0.8804238830360127,0.8804238830360127,0.11957611696398729,9.120634289155717,0.7310991990294267,1.0934505703234025,-0.8894558330841916,82.76970928278186,-0.9384625114631755
newyork,gbdt+k10,1,5,20,12.701556502510726,2.765771489994204,0.39065575597014,0.6145437438874928,0.4519603352439432,-0.5446723696101614,0.7355435334315461,0.6655855008232542,0.006127981975067143,0.8804238830360127,0.8804238830360127,0.11957611696398729,9.03665795650789,0.7226314421184248,1.0934505703234025,-0.8847947529664372,82.76970928278186,-0.9384625114631755
newyork,gbdt+k10,1,6,20,12.595068102251695,2.297071576574191,0.39065575597014,0.6145437438874928,0.4521707911905617,-0.5439172041546481,0.7355435334315461,0.6781014397662701,0.03602510615645538,0.8804238830360127,0.8804238830360127,0.11957611696398729,9.302344393314526,0.7468586355026803,1.0934505703234025,-0.8984011450376866,82.76970928278186,-0.9384625114631755
newyork,gbdt+k10,1,7,20,12.44461706828701,0.2723177990712278,0.39065575597014,0.6145437438874928,0.4996595565569407,-0.4440620473649678,0.7355435334315461,0.7224333659333722,0.18828379365413428,0.8804238830360127,0.8804238830360127,0.11957611696398729,8.461215535510378,0.6651398294068857,1.0934505703234025,-0.8521125271754331,82.76970928278186,-0.9384625114631755
newyork,gbdt+k10,1,8,20,12.782665430633191,2.8635981468143488,0.39065575597014,0.6145437438874928,0.4607499659556557,-0.5252361439518676,0.7355435334315461,0.6818896468054025,0.07356054322393746,0.8804238830360127,0.8804238830360127,0.11957611696398729,8.458740844242785,0.6589994676702527,1.0934505703234025,-0.8507343663304634,82.76970928278186,-0.9384625114631755
newyork,gbdt+k10,1,9,20,12.527952114167196,-1.7637315142422325,0.39065575597014,0.6145437438874928,0.5375168674251334,-0.3700805922477933,0.7355435334315461,0.7368557881575201,0.23826089109523751,0.8804238830360127,0.8804238830360127,0.11957611696398729,8.811200062663849,0.7015487081718806,1.0934505703234025,-0.872662399947897,82.76970928278186,-0.9384625114631755
newyork,gbdt+k10d,1,0,20,12.41791715960943,0.42307152879917664,0.39065575597014,0.6145437438874928,0.4948314495462817,-0.4821917129876079,0.7355435334315461,0.7183480446166607,0.15290243509909995,0.8804238830360127,0.8804238830360127,0.11957611696398729,8.830247941978476,0.7018086831647623,1.0934505703234025,-0.8738140028947279,82.76970928278186,-0.9384625114631755
newyork,gbdt,2,0,20,12.670186012390221,2.3117457881093313,0.39065575597014,0.6145437438874928,0.46581328843606473,-0.5198261881476163,0.7355435334315461,0.692944773883655,0.0741423920175297,0.8804238830360127,0.8804238830360127,0.11957611696398729,8.678289549810689,0.6854797776594823,1.0934505703234025,-0.8650514060353298,82.76970928278186,-0.9384625114631755
newyork,gbdt,2,0,10,12.874772683868096,4.032702473528731,0.38787030961783675,0.5258922713148545,0.5318840759126979,-0.46150513141116906,0.6682595293214653,0.638486202755735,-0.011290342548002541,0.8000792304740211,0.8000792304740211,0.19992076952597893,9.410175523995852,0.6029439073003454,1.267517134431067,-0.9345067844422879,109.34670047638258,-0.9548084596967279
newyork,gbdt+k10,2,0,20,12.472178173869098,-0.768712218924476,0.39065575597014,0.6145437438874928,0.5273035641333548,-0.3961895093900492,0.7355435334315461,0.7307649454671503,0.2098617180633101,0.8804238830360127,0.8804238830360127,0.11957611696398729,8.424347727297189,0.6579595676987261,1.0934505703234025,-0.84953767564693,82.76970928278186,-0.9384625114631755
newyork,gbdt+k10,2,1,20,12.624226520746282,1.8103020001995818,0.39065575597014,0.6145437438874928,0.48494002005521375,-0.4724983596815926,0.7355435334315461,0.7075281330081583,0.14086930685714993,0.8804238830360127,0.8804238830360127,0.11957611696398729,8.037819235669119,0.6187033437735989,1.0934505703234025,-0.822281755445334,82.76970928278186,-0.9384625114631755
newyork,gbdt+k10,2,2,20,12.569960564659334,0.005969777467216488,0.39065575597014,0.6145437438874928,0.5286405783824604,-0.36630476497022674,0.7355435334315461,0.7258006610792677,0.2111615930277183,0.8804238830360127,0.8804238830360127,0.11957611696398729,7.952161889910689,0.6004803347487527,1.0934505703234025,-0.8143783255103272,82.76970928278186,-0.9384625114631755
newyork,gbdt+k10,2,3,20,12.511182652700201,0.7467205120515676,0.39065575597014,0.6145437438874928,0.49670079354271635,-0.45598375775282574,0.7355435334315461,0.7190536910259109,0.17007316439085385,0.8804238830360127,0.8804238830360127,0.11957611696398729,8.414271214964247,0.6572044022432129,1.0934505703234025,-0.8481887265391302,82.76970928278186,-0.9384625114631755
newyork,gbdt+k10,2,4,20,12.415481435255888,-0.2184429198437464,0.39065575597014,0.6145437438874928,0.5032249278878889,-0.465082882503683,0.7355435334315461,0.7220991123710957,0.17153397625561728,0.8804238830360127,0.8804238830360127,0.11957611696398729,9.053227290227897,0.7240551146984909,1.0934505703234025,-0.8858805500914813,82.76970928278186,-0.9384625114631755
newyork,gbdt+k10,2,5,20,12.568438167723325,1.9434869062215412,0.39065575597014,0.6145437438874928,0.4581749755499709,-0.5307327580870793,0.7355435334315461,0.6906297584708518,0.0667021553164886,0.8804238830360127,0.8804238830360127,0.11957611696398729,9.10904478184305,0.7296631466877949,1.0934505703234025,-0.8886062102440785,82.76970928278186,-0.9384625114631755
newyork,gbdt+k10,2,6,20,12.58029883381623,2.091437951536445,0.39065575597014,0.6145437438874928,0.45522859229731233,-0.5385320078735284,0.7355435334315461,0.6845884348267453,0.044369065451799417,0.8804238830360127,0.8804238830360127,0.11957611696398729,9.313608969123077,0.7465120021788381,1.0934505703234025,-0.8989488375386147,82.76970928278186,-0.9384625114631755
newyork,gbdt+k10,2,7,20,12.460778279981092,0.2464817883916331,0.39065575597014,0.6145437438874928,0.5045000433291654,-0.4376864701585848,0.7355435334315461,0.7216163016700299,0.18538692944773882,0.8804238830360127,0.8804238830360127,0.11957611696398729,8.411498691520592,0.6587518724389367,1.0934505703234025,-0.8487031340076907,82.76970928278186,-0.9384625114631755
newyork,gbdt+k10,2,8,20,12.764920547386971,2.6124440795860058,0.39065575597014,0.6145437438874928,0.4679302276638152,-0.5085977444074428,0.7355435334315461,0.6890327692288647,0.08620027978261136,0.8804238830360127,0.8804238830360127,0.11957611696398729,8.424566894916527,0.6568453891578048,1.0934505703234025,-0.8485305190654546,82.76970928278186,-0.9384625114631755
newyork,gbdt+k10,2,9,20,12.50985376125434,-1.4142524490429753,0.39065575597014,0.6145437438874928,0.5325154437525533,-0.3827822276142962,0.7355435334315461,0.7327085680329797,0.22482884979635298,0.8804238830360127,0.8804238830360127,0.11957611696398729,8.758002439475648,0.6939970536167474,1.0934505703234025,-0.8695569973773726,82.76970928278186,-0.9384625114631755
newyork,gbdt+k10d,2,0,20,12.478436189835652,1.0654533185935493,0.39065575597014,0.6145437438874928,0.49005286158188593,-0.4907832675142677,0.7355435334315461,0.709570793666514,0.11347289451205167,0.8804238830360127,0.8804238830360127,0.11957611696398729,8.795128198723916,0.6971538928160244,1.0934505703234025,-0.8716617051919429,82.76970928278186,-0.9384625114631755
newyork,gbdt,3,0,20,12.654919621514706,2.2489153939764055,0.39065575597014,0.6145437438874928,0.4650457432189856,-0.5210889238273271,0.7355435334315461,0.6963120690295505,0.09338054149077091,0.8804238830360127,0.8804238830360127,0.11957611696398729,8.704134245200565,0.6885994775740619,1.0934505703234025,-0.8667535213485646,82.76970928278186,-0.9384625114631755
newyork,gbdt,3,0,10,12.863340988506593,3.9711624729721375,0.38787030961783675,0.5258922713148545,0.5342609901333301,-0.46066330762469515,0.6682595293214653,0.6410983324461171,0.032694950295257375,0.8000792304740211,0.8000792304740211,0.19992076952597893,9.415708174003969,0.6032905406241875,1.267517134431067,-0.9359570018241631,109.34670047638258,-0.9548084596967279
newyork,gbdt+k10,3,0,20,12.453060540706637,-0.4835589534427103,0.39065575597014,0.6145437438874928,0.5210641643041956,-0.40517721628681436,0.7355435334315461,0.727447169367518,0.2072372086113622,0.8804238830360127,0.8804238830360127,0.11957611696398729,8.395421951426613,0.6540970820901989,1.0934505703234025,-0.8478090237602587,82.76970928278186,-0.9384625114631755
newyork,gbdt+k10,3,1,20,12.675595592286031,2.007535564211124,0.39065575597014,0.6145437438874928,0.48204315584881835,-0.47556854054990905,0.7355435334315461,0.7044208128551445,0.13597930103866196,0.8804238830360127,0.8804238830360127,0.11957611696398729,8.02933385602845,0.615063693873256,1.0934505703234025,-0.8219883719049352,82.76970928278186,-0.9384625114631755
newyork,gbdt+k10,3,2,20,12.573452902429668,0.08732058937943275,0.39065575597014,0.6145437438874928,0.5227973309234064,-0.3733364695395967,0.7355435334315461,0.7278309419760576,0.21462792626614013,0.8804238830360127,0.8804238830360127,0.11957611696398729,7.983019307930463,0.6045904155885957,1.0934505703234025,-0.8169537097341506,82.76970928278186,-0.9384625114631755
newyork,gbdt+k10,3,3,20,12.497397408168965,0.5754428737981427,0.39065575597014,0.6145437438874928,0.49720836376691385,-0.4500290924396797,0.7355435334315461,0.7176919172536737,0.18403753543706747,0.8804238830360127,0.8804238830360127,0.11957611696398729,8.371063001529553,0.6517325476311326,1.0934505703234025,-0.8456792109897611,82.76970928278186,-0.9384625114631755
newyork,gbdt+k10,3,4,20,12.404729631720487,0.14653214211140497,0.39065575597014,0.6145437438874928,0.49418770194486056,-0.4809289773078971,0.7355435334315461,0.7167386756131077,0.15943894920583834,0.8804238830360127,0.8804238830360127,0.11957611696398729,9.051932007436472,0.7252807110935043,1.0934505703234025,-0.8858089985984436,82.76970928278186,-0.9384625114631755
newyork,gbdt+k10,3,5,20,12.660890551059921,2.46133049275315,0.39065575597014,0.6145437438874928,0.4544858066033648,-0.5379625388415019,0.7355435334315461,0.6802307587555864,0.04565656065464174,0.8804238830360127,0.8804238830360127,0.11957611696398729,9.07470350603838,0.725961597979623,1.0934505703234025,-0.88689241009003,82.76970928278186,-0.9384625114631755
newyork,gbdt+k10,3,6,20,12.572581189791926,2.1165697644410026,0.39065575597014,0.6145437438874928,0.4536935018631541,-0.5399185411688971,0.7355435334315461,0.6877452740260223,0.05606794013147309,0.8804238830360127,0.8804238830360127,0.11957611696398729,9.317471329409516,0.7490993723460886,1.0934505703234025,-0.8989849600414656,82.76970928278186,-0.9384625114631755
newyork,gbdt+k10,3,7,20,12.459927973483314,0.31391025538135453,0.39065575597014,0.6145437438874928,0.49977097441103285,-0.44345543904824397,0.7355435334315461,0.7199450338586478,0.1844089282840412,0.8804238830360127,0.8804238830360127,0.11957611696398729,8.415271499513445,0.6583062010225682,1.0934505703234025,-0.8490876476807644,82.76970928278186,-0.9384625114631755
newyork,gbdt+k10,3,8,20,12.830509645546112,2.9530970041201736,0.39065575597014,0.6145437438874928,0.45889300172078684,-0.5233544201938671,0.7355435334315461,0.6813077980118103,0.06953712071505502,0.8804238830360127,0.8804238830360127,0.11957611696398729,8.492551157207938,0.6635180806417669,1.0934505703234025,-0.8529477891223559,82.76970928278186,-0.9384625114631755
newyork,gbdt+k10,3,9,20,12.479215131851808,-1.2076093577729266,0.39065575597014,0.6145437438874928,0.5245923963504463,-0.3966723200911151,0.7355435334315461,0.7325476311326243,0.22340517721628683,0.8804238830360127,0.8804238830360127,0.11957611696398729,8.741861737032636,0.6938856357626552,1.0934505703234025,-0.8686857681142583,82.76970928278186,-0.9384625114631755
newyork,gbdt+k10d,3,0,20,12.447366813961075,0.8031604453911587,0.39065575597014,0.6145437438874928,0.48825779615484605,-0.48814637830075397,0.7355435334315461,0.7100536043675799,0.13502605939809598,0.8804238830360127,0.8804238830360127,0.11957611696398729,8.832469748149546,0.7030961783676046,1.0934505703234025,-0.8739890027184121,82.76970928278186,-0.9384625114631755
newyork,gbdt,4,0,20,12.634924782566944,2.2395565668726367,0.39065575597014,0.6145437438874928,0.4667293907919334,-0.5221535833219852,0.7355435334315461,0.6943684464637211,0.08034465256199164,0.8804238830360127,0.8804238830360127,0.11957611696398729,8.684287059398129,0.6905678596630229,1.0934505703234025,-0.8660169316698201,82.76970928278186,-0.9384625114631755
newyork,gbdt,4,0,10,12.827115041817722,3.962034906432761,0.38787030961783675,0.5258922713148545,0.5366255245923963,-0.45713507557844435,0.6682595293214653,0.635378882602721,0.009940948537331185,0.8000792304740211,0.8000792304740211,0.19992076952597893,9.408884856069994,0.60184210852099,1.267517134431067,-0.9351580355637434,109.34670047638258,-0.9548084596967279
newyork,gbdt+k10,4,0,20,12.466225053863836,-0.9929500346383708,0.39065575597014,0.6145437438874928,0.5297423771618158,-0.38476298946482296,0.7355435334315461,0.733166619210914,0.22112730108818102,0.8804238830360127,0.8804238830360127,0.11957611696398729,8.402090440667518,0.6593708605172265,1.0934505703234025,-0.8485565579241106,82.76970928278186,-0.9384625114631755
newyork,gbdt+k10,4,1,20,12.561348340610323,1.412256365805751,0.39065575597014,0.6145437438874928,0.486116097403964,-0.4654047563043936,0.7355435334315461,0.7092860591505008,0.1553783874122584,0.8804238830360127,0.8804238830360127,0.11957611696398729,8.084668717610759,0.6251655793109425,1.0934505703234025,-0.8263068926976158,82.76970928278186,-0.9384625114631755
newyork,gbdt+k10,4,2,20,12.549578197437437,0.4162859680595423,0.39065575597014,0.6145437438874928,0.5189967441227082,-0.39194325117298245,0.7355435334315461,0.7245626849226884,0.2027681146861111,0.8804238830360127,0.8804238830360127,0.11957611696398729,7.937826957254554,0.6007898287878977,1.0934505703234025,-0.814274634575284,82.76970928278186,-0.9384625114631755
newyork,gbdt+k10,4,3,20,12.490206582020553,0.7943650038087287,0.39065575597014,0.6145437438874928,0.49401438528293945,-0.46443913490226185,0.7355435334315461,0.7190908303106082,0.17456701783923645,0.8804238830360127,0.8804238830360127,0.11957611696398729,8.344182470703036,0.6521534595243695,1.0934505703234025,-0.8444122339081815,82.76970928278186,-0.9384625114631755
newyork,gbdt+k10,4,4,20,12.394974223773707,-0.05561286784461887,0.39065575597014,0.6145437438874928,0.4960570459412952,-0.4814365475320946,0.7355435334315461,0.7239560766059646,0.17772385703851346,0.8804238830360127,0.8804238830360127,0.11957611696398729,9.062046602694506,0.7300345395347686,1.0934505703234025,-0.8868411810749046,82.76970928278186,-0.9384625114631755
newyork,gbdt+k10,4,5,20,12.609574902220123,2.2923379578208567,0.39065575597014,0.6145437438874928,0.45797689936491826,-0.5351399532045014,0.7355435334315461,0.6819763051363631,0.0443071666439705,0.8804238830360127,0.8804238830360127,0.11957611696398729,9.019689001257989,0.7247236218230437,1.0934505703234025,-0.8843263024076232,82.76970928278186,-0.9384625114631755
newyork,gbdt+k10,4,6,20,12.576470058454577,2.1978739855382576,0.39065575597014,0.6145437438874928,0.45415155304108845,-0.5409708209019894,0.7355435334315461,0.6832390408160739,0.04121222625252241,0.8804238830360127,0.8804238830360127,0.11957611696398729,9.25251103199812,0.7448159748443246,1.0934505703234025,-0.8963475392279092,82.76970928278186,-0.9384625114631755
newyork,gbdt+k10,4,7,20,12.44347787740198,0.3497070828866946,0.39065575597014,0.6145437438874928,0.4971836042437823,-0.4572341136709708,0.7355435334315461,0.7204402243212795,0.18200725454027755,0.8804238830360127,0.8804238830360127,0.11957611696398729,8.46544678297262,0.6683833269371232,1.0934505703234025,-0.85261355349272,82.76970928278186,-0.9384625114631755
newyork,gbdt+k10,4,8,20,12.765115935580214,2.7177178613461743,0.39065575597014,0.6145437438874928,0.4608861433328794,-0.5246542951582753,0.7355435334315461,0.685677853844535,0.0803941716082548,0.8804238830360127,0.8804238830360127,0.11957611696398729,8.491041622605717,0.6671701103036756,1.0934505703234025,-0.8533167445540843,82.76970928278186,-0.9384625114631755
newyork,gbdt+k10,4,9,20,12.502560304116038,-1.547387396623007,0.39065575597014,0.6145437438874928,0.5327011401760402,-0.378684526536019,0.7355435334315461,0.7341074810899142,0.23073399606323586,0.8804238830360127,0.8804238830360127,0.11957611696398729,8.731874473147272,0.6966587023533927,1.0934505703234025,-0.8685387596917057,82.76970928278186,-0.9384625114631755
newyork,gbdt+k10d,4,0,20,12.444828445774538,0.7955820321417096,0.39065575597014,0.6145437438874928,0.49224407937903114,-0.4881958973470172,0.7355435334315461,0.7139532292608044,0.13771246765787293,0.8804238830360127,0.8804238830360127,0.11957611696398729,8.769712328122536,0.7001002760686829,1.0934505703234025,-0.8708850958427079,82.76970928278186,-0.9384625114631755
newyork,gbdt_iw,0,0,20,12.715634236487354,2.230941150857861,0.39065575597014,0.6145437438874928,0.4641420206246828,-0.5239734082721568,0.7355435334315461,0.6890080097057331,0.07369672060116128,0.8804238830360127,0.8804238830360127,0.11957611696398729,8.864421574751901,0.6912239870260098,1.0934505703234025,-0.8726434474943872,82.76970928278186,-0.9384625114631755
newyork,gbdt_iw,0,0,10,12.91242460030538,3.934113366974891,0.38787030961783675,0.5258922713148545,0.534917117496317,-0.45807593745744457,0.6682595293214653,0.6326553350582468,0.017789717370043423,0.8000792304740211,0.8000792304740211,0.19992076952597893,9.506572180346042,0.6028201096846875,1.267517134431067,-0.9425459427550766,109.34670047638258,-0.9548084596967279
newyork,gbdt_iw,1,0,20,12.737570310116801,2.1323907521714465,0.39065575597014,0.6145437438874928,0.4632878170766431,-0.5218812285675378,0.7355435334315461,0.6937742179085631,0.08779726902459861,0.8804238830360127,0.8804610223207101,0.11943993958676358,8.865553826129792,0.6911249489334835,1.0934505703234025,-0.8731557679965549,82.76970928278186,-0.9384625114631755
newyork,gbdt_iw,1,0,10,12.938762586966615,3.839321815281206,0.38787030961783675,0.5258922713148545,0.5324783044678559,-0.4613813337955111,0.6682595293214653,0.6315163969941939,0.03559181450165272,0.8000792304740211,0.8001163697587185,0.1997845921487552,9.497351223139216,0.5998242073857658,1.267517134431067,-0.9421198077763626,109.34670047638258,-0.9548084596967279
newyork,gbdt_iw,2,0,20,12.730549786432064,2.1510307286516825,0.39065575597014,0.6145437438874928,0.46368396944674845,-0.5176721096351685,0.7355435334315461,0.6908649739406019,0.08600220359755872,0.8804238830360127,0.8804238830360127,0.11957611696398729,8.858665797436359,0.6896146180224569,1.0934505703234025,-0.872938682100874,82.76970928278186,-0.9384625114631755
newyork,gbdt_iw,2,0,10,12.931684660982649,3.8612410575399534,0.38787030961783675,0.5258922713148545,0.5319335949589611,-0.460316674300853,0.6682595293214653,0.6285576339799696,0.03441573715290247,0.8000792304740211,0.8000792304740211,0.19992076952597893,9.498310148491823,0.6004184359409237,1.267517134431067,-0.9415592899994808,109.34670047638258,-0.9548084596967279
newyork,gbdt_iw,3,0,20,12.742609108181608,2.102865253286308,0.39065575597014,0.6145437438874928,0.4643400968097354,-0.5136734466494176,0.7355435334315461,0.688116666872996,0.08860195352637512,0.8804238830360127,0.8804238830360127,0.11957611696398729,8.86377200532422,0.6956311821434319,1.0934505703234025,-0.8735671333691091,82.76970928278186,-0.9384625114631755
newyork,gbdt_iw,3,0,10,12.942393403319162,3.8322290390247886,0.38787030961783675,0.5258922713148545,0.5338524580016589,-0.46099756118697155,0.6682595293214653,0.6233705138839026,0.049407628409076865,0.8000792304740211,0.8000792304740211,0.19992076952597893,9.49939095870214,0.6050732262896616,1.267517134431067,-0.9426346458484112,109.34670047638258,-0.9548084596967279
newyork,gbdt_iw,4,0,20,12.722642907352565,2.1482610492218654,0.39065575597014,0.6145437438874928,0.4622355373435508,-0.5213488988202087,0.7355435334315461,0.6891565668445225,0.08493754410290055,0.8804238830360127,0.8804238830360127,0.11957611696398729,8.84323702607764,0.6871758049939958,1.0934505703234025,-0.8721750093139482,82.76970928278186,-0.9384625114631755
newyork,gbdt_iw,4,0,10,12.921013195482606,3.875385339349532,0.38787030961783675,0.5258922713148545,0.5322678485212374,-0.4620374611584981,0.6682595293214653,0.6230981591294552,0.02393007910667644,0.8000792304740211,0.8000544709508894,0.1998960100028473,9.489563061852833,0.6038971489409115,1.267517134431067,-0.9412662198200361,109.34670047638258,-0.9548084596967279
newyork,gp_ard,0,0,20,12.786460952268142,2.9525071310615734,0.39065575597014,0.6145437438874928,0.4729811703826584,-0.5161741584857076,0.7355435334315461,0.6593089617093975,0.000767545217079113,0.8804238830360127,0.8804238830360127,0.11957611696398729,8.8011048898749,0.6977357416096166,1.0934505703234025,-0.8707421608979508,82.76970928278186,-0.9384625114631755
newyork,gp_ard,0,0,10,13.055057876872448,4.640924801333447,0.38787030961783675,0.5258922713148545,0.535932257944712,-0.4572588731941023,0.6682595293214653,0.617985317602783,-0.12587741560097554,0.8000792304740211,0.8000792304740211,0.19992076952597893,9.461627522366626,0.6035876549017665,1.267517134431067,-0.9393857403655324,109.34670047638258,-0.9548084596967279
newyork,kernel,0,0,20,12.834879875694355,2.376299625243818,0.39065575597014,0.6145437438874928,0.47093850972430273,-0.5028906743256125,0.7355435334315461,0.673818042264506,0.04902385580053725,0.8804238830360127,0.8797801354345915,0.11801626700669743,8.629483287330672,0.6542456392289885,1.0934505703234025,-0.8486093675091527,82.76970928278186,-0.9384625114631755
newyork,kernel,0,0,10,13.021298737193925,4.114241593157788,0.38787030961783675,0.5258922713148545,0.5355856246208698,-0.4547581613578123,0.6682595293214653,0.6150884533963876,-0.03047897297498048,0.8000792304740211,0.7994602423957314,0.19759337435160995,9.422134658051407,0.5557027371652823,1.267517134431067,-0.9148053117346682,109.34670047638258,-0.9548084596967279
newyork,knn,0,0,20,12.769405405299658,2.6162675737712364,0.39065575597014,0.6145437438874928,0.4630030825606299,-0.529915693823737,0.7355435334315461,0.6751179172289141,0.08399668222390033,0.8804238830360127,0.8804238830360127,0.11957611696398729,8.631540654358687,0.6894041620758384,1.0934505703234025,-0.8616248843857794,82.76970928278186,-0.9384625114631755
newyork,knn,0,0,10,13.031285963793522,4.3069597938657065,0.38787030961783675,0.5258922713148545,0.5363779293610805,-0.45730839224036546,0.6682595293214653,0.615298909343006,0.009866669967936392,0.8000792304740211,0.8000792304740211,0.19992076952597893,9.398232035604076,0.5948475432363172,1.267517134431067,-0.9297843031683544,109.34670047638258,-0.9548084596967279
newyork,median,0,0,20,13.63531489224904,2.9407527353283247,0.39065575597014,0.6145437438874928,0.40078240093095807,-0.5008232541441252,0.7355435334315461,0.6340171088304839,0.12541936442304125,0.8804238830360127,0.8804238830360127,0.11957611696398729,8.240696949689095,0.6316401946098518,1.0934505703234025,-0.8342302489397662,82.76970928278186,-0.9384625114631755
newyork,median,0,0,10,14.077415840515602,4.654206844621542,0.38787030961783675,0.5258922713148545,0.4741077286851455,-0.5258922713148545,0.6682595293214653,0.5558265347809401,0.1404979140101762,0.8000792304740211,0.8000792304740211,0.19992076952597893,9.199030080764983,0.5384948685888311,1.267517134431067,-0.8958250382840285,109.34670047638258,-0.9548084596967279
newyork,mlp,0,0,20,12.702457618306722,2.4641745054550257,0.39065575597014,0.6145437438874928,0.4642658182403407,-0.5218193297597089,0.7355435334315461,0.6837342312787056,0.02281590056575511,0.8804238830360127,0.8804238830360127,0.11957611696398729,8.825001663535055,0.6922143679512733,1.0934505703234025,-0.8708568440687682,82.76970928278186,-0.9384625114631755
newyork,mlp,0,0,10,12.901430450998875,4.173440702042142,0.38787030961783675,0.5258922713148545,0.5347933198806591,-0.4582244945962341,0.6682595293214653,0.6340294885920498,-0.05588224370798622,0.8000792304740211,0.8000792304740211,0.19992076952597893,9.497359651581009,0.6076482166953465,1.267517134431067,-0.9415355698525099,109.34670047638258,-0.9548084596967279
newyork,mlp,1,0,20,12.617113893440095,2.0918661471948634,0.39065575597014,0.6145437438874928,0.4612451564182874,-0.5306584795176845,0.7355435334315461,0.6915706203498521,0.07427856939475341,0.8804238830360127,0.8804238830360127,0.11957611696398729,9.027514835914308,0.7153892816024363,1.0934505703234025,-0.8829009760673152,82.76970928278186,-0.9384625114631755
newyork,mlp,1,0,10,12.786727756061582,3.76214475043754,0.38787030961783675,0.5258922713148545,0.53629127103012,-0.4589549005286159,0.6682595293214653,0.6416925610012751,0.00486524629535634,0.8000792304740211,0.8000792304740211,0.19992076952597893,9.612192393537017,0.6237914257771395,1.267517134431067,-0.9551673181439178,109.34670047638258,-0.9548084596967279
newyork,mlp,2,0,20,12.718247741647039,2.635085797103269,0.39065575597014,0.6145437438874928,0.46208698020476124,-0.5268950320016836,0.7355435334315461,0.6867796526238905,0.06243113757629026,0.8804238830360127,0.8804238830360127,0.11957611696398729,8.5751459446288,0.6723324708766109,1.0934505703234025,-0.8563046480500945,82.76970928278186,-0.9384625114631755
newyork,mlp,2,0,10,12.954707020045799,4.373597257726068,0.38787030961783675,0.5258922713148545,0.5320326330514874,-0.46375824801614324,0.6682595293214653,0.6340047290689181,-0.019064832811320098,0.8000792304740211,0.8000792304740211,0.19992076952597893,9.372401578113564,0.5867264196491575,1.267517134431067,-0.9257191465514629,109.34670047638258,-0.9548084596967279
newyork,mlp,3,0,20,12.773164869902354,2.9936373565656673,0.39065575597014,0.6145437438874928,0.46342399445386684,-0.5294452628842369,0.7355435334315461,0.6671577305421098,-0.006932666476843652,0.8804238830360127,0.8804238830360127,0.11957611696398729,8.868015166065957,0.7026381271896703,1.0934505703234025,-0.8745110693134803,82.76970928278186,-0.9384625114631755
newyork,mlp,3,0,10,13.053799029408111,4.676383043553588,0.38787030961783675,0.5258922713148545,0.5326392413682113,-0.4620374611584981,0.6682595293214653,0.6209812199017047,-0.13300815826287182,0.8000792304740211,0.8000792304740211,0.19992076952597893,9.532039258833839,0.6166606831152432,1.267517134431067,-0.9471053173077629,109.34670047638258,-0.9548084596967279
newyork,mlp,4,0,20,12.666779405766299,2.138038529711459,0.39065575597014,0.6145437438874928,0.4632878170766431,-0.5244562189732226,0.7355435334315461,0.6948141178800896,0.08670785000680892,0.8804238830360127,0.8804238830360127,0.11957611696398729,8.956519048058976,0.701759164118499,1.0934505703234025,-0.8782863413313791,82.76970928278186,-0.9384625114631755
newyork,mlp,4,0,10,12.856207368315339,3.8439153396735812,0.38787030961783675,0.5258922713148545,0.5339762556173168,-0.45953674932220806,0.6682595293214653,0.6376691384923926,0.03367295145895488,0.8000792304740211,0.8000792304740211,0.19992076952597893,9.565365088766987,0.617032075962217,1.267517134431067,-0.9491891134085882,109.34670047638258,-0.9548084596967279
newyork,ridge,0,0,20,12.811737416309759,2.5465757968450164,0.39065575597014,0.6145437438874928,0.46827686098765736,-0.5139705609269966,0.7355435334315461,0.6785718707057702,0.004357676071158889,0.8804238830360127,0.8766604355200119,0.112445374302091,9.016826648747575,0.7008802010473278,1.0934505703234025,-0.8796564478586306,82.76970928278186,-0.9384625114631755
newyork,ridge,0,0,10,13.03462194722056,4.2307755149810475,0.38787030961783675,0.5258922713148545,0.5350409151119749,-0.4582244945962341,0.6682595293214653,0.6306002946383252,-0.042375923839706786,0.8000792304740211,0.7965633781893361,0.192765267340951,9.639831745539547,0.6189509390049148,1.267517134431067,-0.9541196143526949,109.34670047638258,-0.9548084596967279
newyork,ridge+k10,0,0,20,12.574352585711612,-0.6780717160290614,0.39065575597014,0.6145437438874928,0.5310298723646583,-0.37027866843284607,0.7355435334315461,0.7264444086806888,0.17171967267910415,0.8804238830360127,0.8780593485769465,0.1155031754088417,8.547445178653582,0.6591727843321737,1.0934505703234025,-0.8526557286967761,82.76970928278186,-0.9384625114631755
newyork,ridge+k10,0,1,20,12.766977708305415,2.023076167912152,0.39065575597014,0.6145437438874928,0.4881711378238855,-0.4491872686532058,0.7355435334315461,0.6991841737128143,0.10259108409572038,0.8804238830360127,0.8781088676232096,0.11545365636257843,8.108371787557163,0.6154350867202298,1.0934505703234025,-0.8230073751920592,82.76970928278186,-0.9384625114631755
newyork,ridge+k10,0,2,20,12.693213483479848,0.5522104734650659,0.39065575597014,0.6145437438874928,0.5273902224643153,-0.36002822585637007,0.7355435334315461,0.7238446587518724,0.1687237703801825,0.8804238830360127,0.8782450450004333,0.11615930277182862,7.921037998192862,0.5860950518093021,1.0934505703234025,-0.8058167543084584,82.76970928278186,-0.9384625114631755
newyork,ridge+k10,0,3,20,12.611782843806411,0.8145391442183426,0.39065575597014,0.6145437438874928,0.4933211186352551,-0.4486673186674425,0.7355435334315461,0.7167634351362393,0.1328719808856481,0.8804238830360127,0.8780964878616437,0.11544127660101267,8.687830348725765,0.6680738328979784,1.0934505703234025,-0.8598593057709641,82.76970928278186,-0.9384625114631755
newyork,ridge+k10,0,4,20,12.513149506763424,-0.08576774537701769,0.39065575597014,0.6145437438874928,0.5004642410587172,-0.45578568156777305,0.7355435334315461,0.7198088564814241,0.13485274273617487,0.8804238830360127,0.8780964878616437,0.11544127660101267,9.207116243603233,0.721306807630885,1.0934505703234025,-0.8903314017812252,82.76970928278186,-0.9384625114631755
newyork,ridge+k10,0,5,20,12.886575813311774,3.0591969062805977,0.39065575597014,0.6145437438874928,0.4605147504859056,-0.527055968902039,0.7355435334315461,0.6588013914852,-0.039999009619074766,0.8804238830360127,0.8766480557584461,0.11243299454052513,9.057389077616962,0.7122076828800277,1.0934505703234025,-0.8825221917620564,82.76970928278186,-0.9384625114631755
newyork,ridge+k10,0,6,20,12.81020122586794,2.7853940487780307,0.39059385716231104,0.6145437438874928,0.45796451960335244,-0.5320821520977507,0.7355435334315461,0.6588137712467658,-0.05011327481832695,0.8804238830360127,0.8767966128972356,0.11169020884657765,9.465404922285012,0.7458930141005484,1.0934505703234025,-0.9035522244892621,80.43326428806562,-0.9375138348670271
newyork,ridge+k10,0,7,20,12.610150915022013,-0.679430226580228,0.39065575597014,0.6145437438874928,0.5297052378771185,-0.32493160181734904,0.7355435334315461,0.7337237084813747,0.19912846478576818,0.8804238830360127,0.8803743639897496,0.11952659791772413,8.221837316743848,0.6289290268269433,1.0934505703234025,-0.8327207830344745,82.76970928278186,-0.9384625114631755
newyork,ridge+k10,0,8,20,12.830899760610052,2.3404543152234347,0.39065575597014,0.6145437438874928,0.48032236899117325,-0.47048045854636844,0.7355435334315461,0.6904316822857992,0.07071319806380527,0.8804238830360127,0.8789630711712493,0.11573839087859172,8.428570978653362,0.647956720353566,1.0934505703234025,-0.8452646557723676,82.76970928278186,-0.9384625114631755
newyork,ridge+k10,0,9,20,12.539888798488928,-0.6828387265912351,0.39065575597014,0.6145437438874928,0.5178949453433527,-0.38871213340431066,0.7355435334315461,0.7303811728586107,0.1764487415972369,0.8804238830360127,0.8786040580858413,0.11649355633410508,8.79034809316411,0.6869529692858115,1.0934505703234025,-0.8674559675075544,82.76970928278186,-0.9384625114631755
newyork,ridge+k10d,0,0,20,12.626202568239398,1.4231102646253821,0.39065575597014,0.6145437438874928,0.48892630327939884,-0.4780197333399359,0.7355435334315461,0.701585847456578,0.07213687064387142,0.8804238830360127,0.8768708914666303,0.11421568020599926,8.706640196754025,0.6751798160367432,1.0934505703234025,-0.8626524412199439,82.76970928278186,-0.9384625114631755
newyork,uma_los,0,0,20,21.293688432337465,-16.63637115028206,0.39065575597014,0.6145437438874928,0.6145437438874928,0.3854562561125072,0.7355435334315461,0.7355435334315461,0.2644564665684539,0.8804238830360127,0.8804238830360127,0.11957611696398729,8.28692418026779,0.6395880015350904,1.0934505703234025,-0.8379145824291709,82.76970928278186,-0.9384625114631755
newyork,uma_los,0,0,10,19.97674053123647,-14.937391898248253,0.38787030961783675,0.5258922713148545,0.5258922713148545,0.4741077286851455,0.6682595293214653,0.6682595293214653,0.33174047067853474,0.8000792304740211,0.8000792304740211,0.19992076952597893,9.182440906593893,0.5396585661760155,1.267517134431067,-0.8949042870124462,109.34670047638258,-0.9548084596967279
newyork,uma_nlos,0,0,20,25.798458279407466,21.124583861359948,0.39065575597014,0.6145437438874928,0.3854562561125073,-0.6145437438874928,0.7355435334315461,0.3186550627034923,-0.5788652710548795,0.8804238830360127,0.6097156368768337,-0.22659915570026123,7.35433260872294,0.3714795053047279,1.0934505703234025,-0.6585437700785524,82.76970928278186,-0.9384625114631755
newyork,uma_nlos,0,0,10,27.627262459461797,23.44645246893879,0.38787030961783675,0.5258922713148545,0.4741077286851455,-0.5258922713148545,0.6682595293214653,0.3343897396536143,-0.6613516223677532,0.8000792304740211,0.47389727273852705,-0.304257400002476,10.12760608776714,0.4238211372048974,1.267517134431067,-0.8821876517689824,109.34670047638258,-0.9548084596967279
paris,oracle,0,0,20,11.000488303295159,0.0003314772871409866,0.5120802586850178,0.6164331315811292,0.6896774728463643,-0.15494569272862946,0.7809302711217976,0.7889727219965177,0.07352624160517363,0.910040626813697,0.9109360749523256,0.08737252300804244,8.645846437607966,0.4238288699112843,1.4562671692159301,-0.8654476613214828,65.90424070352235,-0.9145833333333333
paris,oracle,0,0,10,10.970615129063669,1.4066111691447416,0.5419285299726391,0.5574330486692646,0.6980349888068983,-0.17603847110521514,0.7125611475002073,0.7747118812702097,0.07246496973716943,0.8382555343669679,0.842202139126109,0.15428239781112685,9.058986227109305,0.30957632037144517,1.4988713437290537,-0.7482485527801813,97.12688167620948,-0.9404708770363758
paris,coral,0,0,20,12.497751715671646,3.582210093798438,0.5155128098830942,0.6164331315811292,0.6377580631788409,-0.25376005306359334,0.7809302711217976,0.741165740817511,0.0450543072713705,0.910040626813697,0.9100572091866346,0.08994279081336543,8.390464841124965,0.39860708067324435,1.4562671692159301,-0.880942384803715,74.23097199425924,-0.9222222222222223
paris,coral,0,0,10,12.901059440206545,4.928870539890862,0.5448304452367134,0.5574330486692646,0.6435950584528646,-0.2804576734930769,0.7125611475002073,0.7201392919326756,0.002835585772324012,0.8382555343669679,0.8390846530138463,0.16008622833927544,8.975047662037761,0.29276179421275184,1.4988713437290537,-0.7549989234522702,116.99340697057993,-0.9485047980361526
paris,cost231,0,0,20,31.762193890241782,28.614615136248542,0.5155128098830942,0.6164331315811292,0.4047259762872067,-0.5800182406102313,0.7809302711217976,0.3467871652433463,-0.5855567531713789,0.910040626813697,0.5297239034905895,-0.3809966006135478,9.649356782945757,0.35149655915761546,1.4562671692159301,-0.6761607907667307,74.23097199425924,-0.9222222222222223
paris,cost231,0,0,10,33.01441643447154,29.95484217833473,0.5448304452367134,0.5574330486692646,0.45254953983915097,-0.5414476411574496,0.7125611475002073,0.35753254290688996,-0.6056877539175856,0.8382555343669679,0.44702760965094107,-0.47622916839399715,11.936083135082637,0.4350219716441423,1.4988713437290537,-0.8850833808393388,116.99340697057993,-0.9485047980361526
paris,gbdt,0,0,20,12.043786497790796,1.7972217567330413,0.5155128098830942,0.6164331315811292,0.676809551446812,-0.14837907304535275,0.7809302711217976,0.7640659978442915,0.13750103639830857,0.910040626813697,0.910040626813697,0.08995937318630298,8.289897093948444,0.38515877622087724,1.4562671692159301,-0.8493249546894629,74.23097199425924,-0.9222222222222223
paris,gbdt,0,0,10,12.30392987946238,3.132778327809085,0.5448304452367134,0.5574330486692646,0.6773567697537518,-0.1966171959207363,0.7125611475002073,0.7328579719757897,0.11982422684686178,0.8382555343669679,0.8382555343669679,0.16174446563303213,8.904112807358066,0.27649448636099827,1.4988713437290537,-0.7170719580113774,116.99340697057993,-0.9485047980361526
paris,gbdt+k10,0,0,20,11.922581068596152,0.8277309188324743,0.5155128098830942,0.6164331315811292,0.6783517121300058,-0.16507752259348307,0.7809302711217976,0.7653428405604842,0.14670425337865844,0.910040626813697,0.910040626813697,0.08995937318630298,8.841001441105064,0.453395240858967,1.4562671692159301,-0.9377273633587374,74.23097199425924,-0.9222222222222223
paris,gbdt+k10,0,1,20,12.061304685065233,1.821176369687277,0.5155128098830942,0.6164331315811292,0.6823812287538347,-0.11723737666860123,0.7809302711217976,0.7636680208937899,0.13770002487355937,0.910040626813697,0.910040626813697,0.08995937318630298,7.9655186962326034,0.3383964845369372,1.4562671692159301,-0.7838920354425867,74.23097199425924,-0.9222222222222223
paris,gbdt+k10,0,2,20,12.663876947299551,4.297562626229906,0.5155128098830942,0.6164331315811292,0.6235967166901584,-0.28918000165823726,0.7809302711217976,0.7341348146919824,0.009236381726224985,0.910040626813697,0.910040626813697,0.08995937318630298,8.677321410903795,0.43949921233728545,1.4562671692159301,-0.9183717910657171,74.14564555371753,-0.9221688034188034
paris,gbdt+k10,0,3,20,12.021498832166342,-1.7578836620148113,0.5155128098830942,0.6164331315811292,0.7012685515297239,-0.023762540419533962,0.7809302711217976,0.7762872066992786,0.20494154713539503,0.910040626813697,0.910040626813697,0.08995937318630298,8.671236042076284,0.4387198408092198,1.4562671692159301,-0.9183771622441441,74.23097199425924,-0.9222222222222223
paris,gbdt+k10,0,4,20,12.08303834729951,1.6870384172597677,0.5155128098830942,0.6164331315811292,0.6456678550700605,-0.2670093690407097,0.7809302711217976,0.7586767266395821,0.08777049995854402,0.910040626813697,0.910040626813697,0.08995937318630298,9.855052374237884,0.5654754995439848,1.4562671692159301,-1.0657766063356942,74.23097199425924,-0.9222222222222223
paris,gbdt+k10,0,5,20,12.064723428276158,1.996549586300899,0.5155128098830942,0.6164331315811292,0.6693309012519691,-0.18026697620429477,0.7809302711217976,0.7624906724152226,0.11572838073128255,0.910040626813697,0.910040626813697,0.08995937318630298,8.50006980746283,0.4159024956471271,1.4562671692159301,-0.8885230515775906,74.23097199425924,-0.9222222222222223
paris,gbdt+k10,0,6,20,11.945881869068009,1.1259400113130167,0.5153967332725313,0.6164331315811292,0.6700771080341597,-0.1884420860625155,0.7809302711217976,0.7660558825967996,0.14539424591659056,0.910040626813697,0.910040626813697,0.08995937318630298,9.073591727381217,0.4816847690904568,1.4562671692159301,-0.9723200667798948,73.84336470539525,-0.9215811965811966
paris,gbdt+k10,0,7,20,11.919021893376913,0.5780955197221453,0.5155128098830942,0.6164331315811292,0.6824309758726473,-0.14925793881104382,0.7809302711217976,0.7657905646297986,0.1487770499958544,0.910040626813697,0.910040626813697,0.08995937318630298,8.722080951440113,0.44566785507006057,1.4562671692159301,-0.9280262730080466,74.23097199425924,-0.9222222222222223
paris,gbdt+k10,0,8,20,11.903158071211278,-0.10121918224860288,0.5155128098830942,0.6164331315811292,0.6947350965923224,-0.07344332974048584,0.7809302711217976,0.769604510405439,0.17557416466296327,0.910040626813697,0.910040626813697,0.08995937318630298,8.260861138349778,0.38152723654755,1.4562671692159301,-0.8443493845148005,74.23097199425924,-0.9222222222222223
paris,gbdt+k10,0,9,20,11.905896550217307,-0.8208232203078519,0.5155128098830942,0.6164331315811292,0.6991128430478402,-0.07413978940386368,0.7809302711217976,0.7723074371942625,0.18888981013182982,0.910040626813697,0.910040626813697,0.08995937318630298,8.660342872705149,0.433347151977448,1.4562671692159301,-0.9101185436921899,74.23097199425924,-0.9222222222222223
paris,gbdt+k10d,0,0,20,12.21164783449247,2.7825657568033098,0.5155128098830942,0.6164331315811292,0.6383384462316557,-0.27138711549622746,0.7809302711217976,0.7448636099825885,0.0459995025288118,0.910040626813697,0.9099742973219468,0.08972721996517707,9.30808731937853,0.5030760301799188,1.4562671692159301,-0.9952694596827788,74.23097199425924,-0.9222222222222223
paris,gbdt,1,0,20,12.065355002266891,1.7154584828064319,0.5155128098830942,0.6164331315811292,0.6740237127933008,-0.15295580797612135,0.7809302711217976,0.7646297985241688,0.14655501202222032,0.910040626813697,0.910040626813697,0.08995937318630298,8.29514331405747,0.385855235884255,1.4562671692159301,-0.8519547094349018,74.23097199425924,-0.9222222222222223
paris,gbdt,1,0,10,12.312607719902779,3.031422941647177,0.5448304452367134,0.5574330486692646,0.6743553602520521,-0.19971809966006138,0.7125611475002073,0.7311831523090955,0.12959124450708892,0.8382555343669679,0.8382555343669679,0.16174446563303213,8.899854601655381,0.27782107619600366,1.4988713437290537,-0.7190523082700296,116.99340697057993,-0.9485047980361526
paris,gbdt+k10,1,0,20,11.976093634890086,0.9889530587212629,0.5155128098830942,0.6164331315811292,0.6726639582124202,-0.1804162175607329,0.7809302711217976,0.7677804493823066,0.15080009949423756,0.910040626813697,0.910040626813697,0.08995937318630298,8.864786422561405,0.45561727883260095,1.4562671692159301,-0.9429270214033603,74.23097199425924,-0.9222222222222223
paris,gbdt+k10,1,1,20,12.119921854888121,1.9682952420141175,0.5155128098830942,0.6164331315811292,0.6764779039880607,-0.13325594892629133,0.7809302711217976,0.7629549788574745,0.13894370284387692,0.910040626813697,0.910040626813697,0.08995937318630298,7.976526205564925,0.3398557333554432,1.4562671692159301,-0.7889096971675594,74.23097199425924,-0.9222222222222223
paris,gbdt+k10,1,2,20,12.508564394972852,3.6987769156640975,0.5155128098830942,0.6164331315811292,0.636182737749772,-0.2710554680374761,0.7809302711217976,0.7424923306525164,0.03855401707984407,0.910040626813697,0.910040626813697,0.08995937318630298,8.701797909171326,0.44289859878948673,1.4562671692159301,-0.9249285977355824,74.14564555371753,-0.9221688034188034
paris,gbdt+k10,1,3,20,11.984573022819305,-1.2290007939277985,0.5155128098830942,0.6164331315811292,0.6986651189785258,-0.04991294254207779,0.7809302711217976,0.7755741646629633,0.1987231572838073,0.910040626813697,0.910040626813697,0.08995937318630298,8.618005041877687,0.4309095431556256,1.4562671692159301,-0.9115869768694194,74.23097199425924,-0.9222222222222223
paris,gbdt+k10,1,4,20,12.184597883921445,2.1548555067834956,0.5155128098830942,0.6164331315811292,0.6375590747035901,-0.28493491418622,0.7809302711217976,0.7594892629135229,0.09203216980349882,0.910040626813697,0.910040626813697,0.08995937318630298,9.803885845209718,0.560102810712213,1.4562671692159301,-1.0614750890039115,74.23097199425924,-0.9222222222222223
paris,gbdt+k10,1,5,20,12.17229768079618,2.415338454932174,0.5155128098830942,0.6164331315811292,0.6644888483541995,-0.19446148743885244,0.7809302711217976,0.7597048337617113,0.11533040378078097,0.910040626813697,0.910040626813697,0.08995937318630298,8.438960940095864,0.40645054307271367,1.4562671692159301,-0.8776034482441575,74.23097199425924,-0.9222222222222223
paris,gbdt+k10,1,6,20,12.000813690525876,1.3458991871268258,0.5153967332725313,0.6164331315811292,0.6676726639582125,-0.19754580880523998,0.7809302711217976,0.7682779205704336,0.15076693474836245,0.910040626813697,0.910040626813697,0.08995937318630298,9.004622302040838,0.4734267473675483,1.4562671692159301,-0.9646432127748411,73.84336470539525,-0.9215811965811966
paris,gbdt+k10,1,7,20,11.971267365049513,0.7983036088963748,0.5155128098830942,0.6164331315811292,0.6764613216151232,-0.16404941547135393,0.7809302711217976,0.7678136141281817,0.1525246662797446,0.910040626813697,0.910040626813697,0.08995937318630298,8.722629302483856,0.44623165574993784,1.4562671692159301,-0.9302213104354268,74.23097199425924,-0.9222222222222223
paris,gbdt+k10,1,8,20,11.941955937190688,0.2715704819116671,0.5155128098830942,0.6164331315811292,0.6906060857308681,-0.09378990133488097,0.7809302711217976,0.7706989470193185,0.1735842799104551,0.910040626813697,0.910040626813697,0.08995937318630298,8.249679061313035,0.37953735179504194,1.4562671692159301,-0.8436173075643304,74.23097199425924,-0.9222222222222223
paris,gbdt+k10,1,9,20,11.92851603424078,-0.6369075042698581,0.5155128098830942,0.6164331315811292,0.6964099162590167,-0.07879943619932006,0.7809302711217976,0.7740320039797695,0.189917917253959,0.910040626813697,0.910040626813697,0.08995937318630298,8.581133650734252,0.42100986651189787,1.4562671692159301,-0.8982781943760048,74.23097199425924,-0.9222222222222223
paris,gbdt+k10d,1,0,20,12.239441634726742,2.774828969799603,0.5155128098830942,0.6164331315811292,0.6374927452118399,-0.27760550534781525,0.7809302711217976,0.7485283144017909,0.05112345576652011,0.910040626813697,0.9099742973219468,0.08972721996517707,9.332813363624473,0.5035735013680458,1.4562671692159301,-0.9994209060759851,74.23097199425924,-0.9222222222222223
paris,gbdt,2,0,20,12.068000208253729,1.7746247534081823,0.5155128098830942,0.6164331315811292,0.6742890307603018,-0.15056794627311165,0.7809302711217976,0.7632534615703507,0.13625735842799103,0.910040626813697,0.910040626813697,0.08995937318630298,8.25690375817441,0.3816101484122378,1.4562671692159301,-0.8458541063035061,74.23097199425924,-0.9222222222222223
paris,gbdt,2,0,10,12.30833065834054,3.098075510750359,0.5448304452367134,0.5574330486692646,0.6786833595887571,-0.19353287455434875,0.7125611475002073,0.7353453279164248,0.11498217394909216,0.8382555343669679,0.8382555343669679,0.16174446563303213,8.887534032991464,0.2753834673741813,1.4988713437290537,-0.7126583115253714,116.99340697057993,-0.9485047980361526
paris,gbdt+k10,2,0,20,11.952135552051779,0.7414530815721136,0.5155128098830942,0.6164331315811292,0.6783185473841307,-0.1636514385208523,0.7809302711217976,0.7656081585274853,0.14859464389354116,0.910040626813697,0.910040626813697,0.08995937318630298,8.822191132368161,0.45238371610977535,1.4562671692159301,-0.9376768046744481,74.23097199425924,-0.9222222222222223
paris,gbdt+k10,2,1,20,12.075908991093305,1.7497883629865671,0.5155128098830942,0.6164331315811292,0.6792139955227593,-0.12683857059945275,0.7809302711217976,0.7630710554680374,0.13617444656330313,0.910040626813697,0.910040626813697,0.08995937318630298,8.006925209173946,0.34501285133902665,1.4562671692159301,-0.7976857940266167,74.23097199425924,-0.9222222222222223
paris,gbdt+k10,2,2,20,12.421132720231379,3.397534330706472,0.5155128098830942,0.6164331315811292,0.6381726225022801,-0.2647541663212005,0.7809302711217976,0.7457590581212171,0.0435121465881767,0.910040626813697,0.910040626813697,0.08995937318630298,8.74697794942914,0.4494652184727634,1.4562671692159301,-0.9325848413627024,74.14564555371753,-0.9221688034188034
paris,gbdt+k10,2,3,20,12.00448867366499,-1.4401900975667965,0.5155128098830942,0.6164331315811292,0.7003565210181577,-0.03969820081253628,0.7809302711217976,0.7778293673824724,0.20107785424094182,0.910040626813697,0.910040626813697,0.08995937318630298,8.601177964817897,0.42976535942293337,1.4562671692159301,-0.9092499101118385,74.23097199425924,-0.9222222222222223
paris,gbdt+k10,2,4,20,12.085837793899449,1.4894136026966769,0.5155128098830942,0.6164331315811292,0.6491501533869497,-0.26103971478318544,0.7809302711217976,0.7590415388442086,0.10223032916010277,0.910040626813697,0.910040626813697,0.08995937318630298,9.804917849559052,0.5635353619102894,1.4562671692159301,-1.0632076382467563,74.23097199425924,-0.9222222222222223
paris,gbdt+k10,2,5,20,12.068051123295923,1.8554139054131265,0.5155128098830942,0.6164331315811292,0.6700771080341597,-0.17739822568609565,0.7809302711217976,0.7621258602105961,0.11901169057292094,0.910040626813697,0.910040626813697,0.08995937318630298,8.473837898224497,0.41293425089130253,1.4562671692159301,-0.8858420475193519,74.23097199425924,-0.9222222222222223
paris,gbdt+k10,2,6,20,11.953896514962867,0.9885277476138529,0.5153967332725313,0.6164331315811292,0.6713871154962275,-0.18238951994030345,0.7809302711217976,0.7658071470027361,0.14935743304866922,0.910040626813697,0.910040626813697,0.08995937318630298,8.991195365289572,0.4743885249979273,1.4562671692159301,-0.963650794886172,73.84336470539525,-0.9215811965811966
paris,gbdt+k10,2,7,20,11.95163939260457,0.5502081324156335,0.5155128098830942,0.6164331315811292,0.6813862863775806,-0.14944034491335706,0.7809302711217976,0.7653760053063593,0.15094934085067568,0.910040626813697,0.910040626813697,0.08995937318630298,8.717131323293783,0.4460989967664373,1.4562671692159301,-0.9296613205106602,74.23097199425924,-0.9222222222222223
paris,gbdt+k10,2,8,20,11.933918252439803,0.08644389899157319,0.5155128098830942,0.6164331315811292,0.6960948511732029,-0.08070640908714033,0.7809302711217976,0.7684603266727469,0.17270541414476404,0.910040626813697,0.910040626813697,0.08995937318630298,8.220448277518024,0.3764696128015919,1.4562671692159301,-0.8398667286385479,74.23097199425924,-0.9222222222222223
paris,gbdt+k10,2,9,20,11.936662584738563,-0.7738663984728773,0.5155128098830942,0.6164331315811292,0.6990465135560898,-0.07586435618937071,0.7809302711217976,0.7726059199071387,0.18749689080507415,0.910040626813697,0.910040626813697,0.08995937318630298,8.596616258067002,0.42540419534035323,1.4562671692159301,-0.9031881006728858,74.23097199425924,-0.9222222222222223
paris,gbdt+k10d,2,0,20,12.139742017076621,2.340169907837578,0.5155128098830942,0.6164331315811292,0.64553519608656,-0.2603100903739325,0.7809302711217976,0.7507669347483625,0.06390846530138461,0.910040626813697,0.9099742973219468,0.08972721996517707,9.292418972376874,0.502877041704668,1.4562671692159301,-0.996207510671655,74.23097199425924,-0.9222222222222223
paris,gbdt,3,0,20,12.075719148232757,1.716827232823529,0.5155128098830942,0.6164331315811292,0.6762954978857475,-0.15602354696957133,0.7809302711217976,0.763203714451538,0.1269214824641406,0.910040626813697,0.910040626813697,0.08995937318630298,8.230462845732466,0.37784594975541,1.4562671692159301,-0.8429447238885307,74.23097199425924,-0.9222222222222223
paris,gbdt,3,0,10,12.299092177172572,3.0499211105854522,0.5448304452367134,0.5574330486692646,0.678036647044192,-0.1985241688085565,0.7125611475002073,0.7353784926622999,0.10493325594892633,0.8382555343669679,0.8382555343669679,0.16174446563303213,8.881078436962472,0.27389105380980017,1.4988713437290537,-0.7117540436063,116.99340697057993,-0.9485047980361526
paris,gbdt+k10,3,0,20,11.994971800897687,1.082443127270818,0.5155128098830942,0.6164331315811292,0.6758311914434956,-0.18066495315479641,0.7809302711217976,0.765044357847608,0.12733604178757973,0.910040626813697,0.910040626813697,0.08995937318630298,8.750155512282301,0.4427327750601111,1.4562671692159301,-0.928538211622917,74.23097199425924,-0.9222222222222223
paris,gbdt+k10,3,1,20,12.023462220522406,1.2365815114868097,0.5155128098830942,0.6164331315811292,0.6844208606251555,-0.11340684852002314,0.7809302711217976,0.7662217063261753,0.14161346488682525,0.910040626813697,0.910040626813697,0.08995937318630298,7.990232239112033,0.34254207777132906,1.4562671692159301,-0.7959551160464461,74.23097199425924,-0.9222222222222223
paris,gbdt+k10,3,2,20,12.405367742219333,3.2442004805762252,0.5155128098830942,0.6164331315811292,0.640245419119476,-0.2643396069977613,0.7809302711217976,0.7426415720089545,0.03601691402039631,0.910040626813697,0.910040626813697,0.0897935494569273,8.743352165375333,0.44822154050244584,1.4562671692159301,-0.9336017787075519,74.14564555371753,-0.9221688034188034
paris,gbdt+k10,3,3,20,12.056089147883055,-1.6774110658707164,0.5155128098830942,0.6164331315811292,0.7002901915264075,-0.04341265235055136,0.7809302711217976,0.7751927700853992,0.19671669015836157,0.910040626813697,0.910040626813697,0.08995937318630298,8.619632033464905,0.43173866180250386,1.4562671692159301,-0.9146645059278877,74.23097199425924,-0.9222222222222223
paris,gbdt+k10,3,4,20,12.150067792475353,1.810234150213711,0.5155128098830942,0.6164331315811292,0.6437442998093027,-0.2708896443081005,0.7809302711217976,0.7563386120553851,0.07083989718928774,0.910040626813697,0.910040626813697,0.08995937318630298,9.700515058167138,0.5555094934085067,1.4562671692159301,-1.054104358743146,74.23097199425924,-0.9222222222222223
paris,gbdt+k10,3,5,20,12.10440074155401,1.9548989646072858,0.5155128098830942,0.6164331315811292,0.6685846944697786,-0.18870740402951658,0.7809302711217976,0.7607329408838405,0.10362324848685844,0.910040626813697,0.910040626813697,0.08995937318630298,8.448534733981429,0.40935245833678796,1.4562671692159301,-0.8833508898072142,74.23097199425924,-0.9222222222222223
paris,gbdt+k10,3,6,20,11.956836915841262,0.7561552840227526,0.5153967332725313,0.6164331315811292,0.6726142110936075,-0.1857059945278169,0.7809302711217976,0.7685432385374347,0.1456927286294668,0.910040626813697,0.910040626813697,0.08995937318630298,9.025219273667409,0.4785507006052566,1.4562671692159301,-0.9706891657573011,73.84336470539525,-0.9215811965811966
paris,gbdt+k10,3,7,20,11.978706535430224,0.6107874381594917,0.5155128098830942,0.6164331315811292,0.6849349141862201,-0.1534532791642484,0.7809302711217976,0.7669347483624906,0.13917585606500282,0.910040626813697,0.910040626813697,0.08995937318630298,8.661882694790682,0.43794046928115415,1.4562671692159301,-0.9224278393198375,74.23097199425924,-0.9222222222222223
paris,gbdt+k10,3,8,20,11.958858655604383,-0.28076766409999343,0.5155128098830942,0.6164331315811292,0.6977199237210845,-0.06949672498134485,0.7809302711217976,0.769455269049001,0.17399883923389436,0.910040626813697,0.910040626813697,0.08995937318630298,8.218327197415292,0.3762872066992787,1.4562671692159301,-0.8415636262458893,74.23097199425924,-0.9222222222222223
paris,gbdt+k10,3,9,20,11.97278669189348,-0.9755626039371176,0.5155128098830942,0.6164331315811292,0.6990299311831523,-0.0724318049912942,0.7809302711217976,0.7723737666860128,0.18577232401956711,0.910040626813697,0.910040626813697,0.08995937318630298,8.606910429817022,0.4259182489014178,1.4562671692159301,-0.9061597254260991,74.23097199425924,-0.9222222222222223
paris,gbdt+k10d,3,0,20,12.276114739104528,2.820806545862895,0.5155128098830942,0.6164331315811292,0.6351380482547052,-0.28287869994196163,0.7809302711217976,0.7410662465798856,0.024956471271038838,0.910040626813697,0.9099742973219468,0.08972721996517707,9.312979554567027,0.5069231407014344,1.4562671692159301,-1.000893833125016,74.23097199425924,-0.9222222222222223
paris,gbdt,4,0,20,12.06903252173298,1.7470844344300136,0.5155128098830942,0.6164331315811292,0.6763784097504353,-0.15391758560650026,0.7809302711217976,0.7619600364812205,0.13552773401873808,0.910040626813697,0.910040626813697,0.08995937318630298,8.28033898456377,0.38348395655418294,1.4562671692159301,-0.8491629077258827,74.23097199425924,-0.9222222222222223
paris,gbdt,4,0,10,12.31251811685179,3.071406757512962,0.5448304452367134,0.5574330486692646,0.6765773982256861,-0.19885581626730786,0.7125611475002073,0.7321780946853494,0.117054970566288,0.8382555343669679,0.8382555343669679,0.16174446563303213,8.897268575729962,0.2769090456844374,1.4988713437290537,-0.7181749780182611,116.99340697057993,-0.9485047980361526
paris,gbdt+k10,4,0,20,12.029094689844918,1.5464122637027815,0.5155128098830942,0.6164331315811292,0.6681038056545892,-0.19827543321449298,0.7809302711217976,0.760484205289777,0.11727054141447635,0.910040626813697,0.910040626813697,0.08995937318630298,8.835891628435352,0.45357764696128017,1.4562671692159301,-0.9382383637651847,74.23097199425924,-0.9222222222222223
paris,gbdt+k10,4,1,20,12.09204359850624,1.794724855800194,0.5155128098830942,0.6164331315811292,0.680606914849515,-0.12687173534532786,0.7809302711217976,0.7613133239366553,0.13677141198905562,0.910040626813697,0.910040626813697,0.08995937318630298,7.982004553462624,0.3397894038636929,1.4562671692159301,-0.7898143864557665,74.23097199425924,-0.9222222222222223
paris,gbdt+k10,4,2,20,12.456830324779697,3.5038073777436973,0.5155128098830942,0.6164331315811292,0.6402951662382887,-0.2650526490340767,0.7809302711217976,0.7412320703092613,0.032053726888317646,0.910040626813697,0.910040626813697,0.08995937318630298,8.777743717636225,0.4538429649282813,1.4562671692159301,-0.9363584844631551,74.14564555371753,-0.9221688034188034
paris,gbdt+k10,4,3,20,12.015173072850533,-1.4797280616122617,0.5155128098830942,0.6164331315811292,0.6982505596550866,-0.04084238454522837,0.7809302711217976,0.7757897355111516,0.20268634441588584,0.910040626813697,0.910040626813697,0.08995937318630298,8.616313666581984,0.43175524417544153,1.4562671692159301,-0.9102512011327173,74.23097199425924,-0.9222222222222223
paris,gbdt+k10,4,4,20,12.10113572106334,1.658762178091289,0.5155128098830942,0.6164331315811292,0.650592819832518,-0.2561147500207279,0.7809302711217976,0.7577481137550783,0.09768675897520929,0.910040626813697,0.910040626813697,0.08995937318630298,9.694405111469665,0.5540999917088136,1.4562671692159301,-1.0507728753169443,74.23097199425924,-0.9222222222222223
paris,gbdt+k10,4,5,20,12.076846153166725,1.8771468112015925,0.5155128098830942,0.6164331315811292,0.6709393914269132,-0.1792886162009783,0.7809302711217976,0.7602188873227759,0.11975789735511144,0.910040626813697,0.910040626813697,0.08995937318630298,8.458354632633203,0.4103308183401045,1.4562671692159301,-0.882006251150341,74.23097199425924,-0.9222222222222223
paris,gbdt+k10,4,6,20,11.970631323490416,1.0595003838165495,0.5153967332725313,0.6164331315811292,0.6699278666777215,-0.1934333803167233,0.7809302711217976,0.7640825802172291,0.14312246082414393,0.910040626813697,0.910040626813697,0.08995937318630298,9.086833542724833,0.48544896774728463,1.4562671692159301,-0.9756587613547715,73.84336470539525,-0.9215811965811966
paris,gbdt+k10,4,7,20,11.955472474971177,0.5392011132923318,0.5155128098830942,0.6164331315811292,0.6849017494403449,-0.1463228588010944,0.7809302711217976,0.7647127103888567,0.14866097338529138,0.910040626813697,0.910040626813697,0.08995937318630298,8.67651552343949,0.4407760550534781,1.4562671692159301,-0.9218453999772757,74.23097199425924,-0.9222222222222223
paris,gbdt+k10,4,8,20,11.940929527515555,-0.2379402301780553,0.5155128098830942,0.6164331315811292,0.6965425752425172,-0.07190116905729205,0.7809302711217976,0.7690241273526242,0.17519277008539913,0.910040626813697,0.910040626813697,0.08995937318630298,8.250386671008778,0.37953735179504194,1.4562671692159301,-0.8441945292277812,74.23097199425924,-0.9222222222222223
paris,gbdt+k10,4,9,20,11.9861180015891,-1.2752889985512634,0.5155128098830942,0.6164331315811292,0.6980349888068983,-0.06500290191526403,0.7809302711217976,0.7739988392338943,0.19787745626399134,0.910040626813697,0.910040626813697,0.08995937318630298,8.68518745919742,0.4373103391095266,1.4562671692159301,-0.9161146422044705,74.23097199425924,-0.9222222222222223
paris,gbdt+k10d,4,0,20,12.220212617687887,2.6738783897960046,0.5155128098830942,0.6164331315811292,0.6417378326838571,-0.2725312992289196,0.7809302711217976,0.7437525909957715,0.03978111267722406,0.910040626813697,0.9099742973219468,0.08972721996517707,9.373043602890101,0.5129093773318962,1.4562671692159301,-1.0052502415764635,74.23097199425924,-0.9222222222222223
paris,gbdt_iw,0,0,20,12.05668170805738,1.6186764287151387,0.5155128098830942,0.6164331315811292,0.6759306856811209,-0.14650526490340765,0.7809302711217976,0.7607329408838405,0.13728546555012022,0.910040626813697,0.910040626813697,0.08995937318630298,8.315386847062353,0.38920487521764363,1.4562671692159301,-0.8516607152275225,74.23097199425924,-0.9222222222222223
paris,gbdt_iw,0,0,10,12.29392608720323,2.9334140836660945,0.5448304452367134,0.5574330486692646,0.6816516043445817,-0.19242185556753172,0.7125611475002073,0.7324599950252881,0.1215156288864937,0.8382555343669679,0.8382555343669679,0.16174446563303213,8.91907036123512,0.27738993449962696,1.4988713437290537,-0.7186933049136311,116.99340697057993,-0.9485047980361526
paris,gbdt_iw,1,0,20,12.042757997455302,1.560406022108918,0.5155128098830942,0.6164331315811292,0.6755824558494321,-0.14446563303208687,0.7809302711217976,0.7651935992040461,0.14721830693972304,0.910040626813697,0.910040626813697,0.08995937318630298,8.265660884265044,0.3850426996103143,1.4562671692159301,-0.8464805040220383,74.23097199425924,-0.9222222222222223
paris,gbdt_iw,1,0,10,12.268905236741324,2.872097462965539,0.5448304452367134,0.5574330486692646,0.6776220877207528,-0.19200729624409252,0.7125611475002073,0.7361412818174281,0.13494735096592325,0.8382555343669679,0.8382555343669679,0.16174446563303213,8.905118158396599,0.2728961114335461,1.4988713437290537,-0.7159331276322524,116.99340697057993,-0.9485047980361526
paris,gbdt_iw,2,0,20,12.0549688811506,1.6236561896687023,0.5155128098830942,0.6164331315811292,0.6757814443246829,-0.15026946356023546,0.7809302711217976,0.7601193930851505,0.13892712047093936,0.910040626813697,0.910040626813697,0.08995937318630298,8.271914143706976,0.3845286460492497,1.4562671692159301,-0.8462445458230983,74.23097199425924,-0.9222222222222223
paris,gbdt_iw,2,0,10,12.279916348664404,2.9406024330461498,0.5448304452367134,0.5574330486692646,0.6799270375590747,-0.19218970234640576,0.7125611475002073,0.7320620180747865,0.11687256446397476,0.8382555343669679,0.8382555343669679,0.16174446563303213,8.903555324073482,0.27440510737086476,1.4988713437290537,-0.7148093123547343,116.99340697057993,-0.9485047980361526
paris,gbdt_iw,3,0,20,12.036996126019824,1.601234382185069,0.5155128098830942,0.6164331315811292,0.6745377663543654,-0.15197744797280488,0.7809302711217976,0.7616615537683442,0.13907636182737748,0.910040626813697,0.910040626813697,0.08995937318630298,8.250628712961992,0.383251803333057,1.4562671692159301,-0.8452306619832418,74.23097199425924,-0.9222222222222223
paris,gbdt_iw,3,0,10,12.265727079218129,2.926750863570628,0.5448304452367134,0.5574330486692646,0.6787331067075698,-0.19580465964679544,0.7125611475002073,0.7309509990879695,0.12322361329906306,0.8382555343669679,0.8382555343669679,0.16174446563303213,8.891001118992612,0.2740568775391759,1.4988713437290537,-0.7154725761345581,116.99340697057993,-0.9485047980361526
paris,gbdt_iw,4,0,20,12.074519630171386,1.52881669427704,0.5155128098830942,0.6164331315811292,0.6753668850012436,-0.14580880524002982,0.7809302711217976,0.7640162507254789,0.14318879031589415,0.910040626813697,0.910040626813697,0.08995937318630298,8.314167967196216,0.389536522676395,1.4562671692159301,-0.8508717407538255,74.23097199425924,-0.9222222222222223
paris,gbdt_iw,4,0,10,12.290086976095164,2.838666951501426,0.5448304452367134,0.5574330486692646,0.6772738578890639,-0.18990133488102146,0.7125611475002073,0.737716607246497,0.12415222618356692,0.8382555343669679,0.8382555343669679,0.16174446563303213,8.918177255060609,0.2778044938230661,1.4988713437290537,-0.7190342898040181,116.99340697057993,-0.9485047980361526
paris,gp_ard,0,0,20,12.048846318103788,1.9204587479063497,0.5155128098830942,0.6164331315811292,0.6723488931266064,-0.17071552939225598,0.7809302711217976,0.7588591327418953,0.11236215902495639,0.910040626813697,0.910040626813697,0.08995937318630298,8.373859604308919,0.3906972887820247,1.4562671692159301,-0.8560461602487139,74.23097199425924,-0.9222222222222223
paris,gp_ard,0,0,10,12.302525333084933,3.2672998411701553,0.5448304452367134,0.5574330486692646,0.6768592985656248,-0.21160766105629714,0.7125611475002073,0.72740237127933,0.0826962938396485,0.8382555343669679,0.8382555343669679,0.16174446563303213,8.963036000931833,0.2794461487438852,1.4988713437290537,-0.7301334294098577,116.99340697057993,-0.9485047980361526
paris,kernel,0,0,20,12.093170518746941,1.578596666291382,0.5155128098830942,0.6164331315811292,0.6693143188790316,-0.12300804245087471,0.7809302711217976,0.7635353619102894,0.14051902827294582,0.910040626813697,0.910040626813697,0.08995937318630298,8.120301210032668,0.3574662134151397,1.4562671692159301,-0.8113987607063043,74.23097199425924,-0.9222222222222223
paris,kernel,0,0,10,12.317172691937667,2.9362912312061087,0.5448304452367134,0.5574330486692646,0.6690324185390929,-0.18792803250145096,0.7125611475002073,0.7303374512892795,0.12619185805488764,0.8382555343669679,0.8382555343669679,0.16174446563303213,8.845510000256617,0.2573750103639831,1.4988713437290537,-0.6815274210466697,116.99340697057993,-0.9485047980361526
paris,knn,0,0,20,12.132641096208397,2.0358409401597317,0.5155128098830942,0.6164331315811292,0.6705414144764116,-0.13328911367216645,0.7809302711217976,0.7615620595307189,0.13857889063925044,0.910040626813697,0.910040626813697,0.08995937318630298,8.180969451912981,0.35713456595638843,1.4562671692159301,-0.8040827065651767,74.23097199425924,-0.9222222222222223
paris,knn,0,0,10,12.438120288041233,3.3860890297625676,0.5448304452367134,0.5574330486692646,0.6769919575491253,-0.18557333554431638,0.7125611475002073,0.7320122709559738,0.11416963767515131,0.8382555343669679,0.8382555343669679,0.16174446563303213,8.884822524572177,0.2545062598457839,1.4988713437290537,-0.6672679824564882,116.99340697057993,-0.9485047980361526
paris,median,0,0,20,13.443992655765728,3.590865160663453,0.5155128098830942,0.6164331315811292,0.5560567117154465,-0.06941381311665695,0.7809302711217976,0.7397728214907553,0.164314733438355,0.910040626813697,0.910040626813697,0.08995937318630298,7.783057601193505,0.32151562888649365,1.4562671692159301,-0.7651968690613511,74.23097199425924,-0.9222222222222223
paris,median,0,0,10,13.955908134672468,4.790477611210014,0.5448304452367134,0.5574330486692646,0.5465550120222203,-0.17976950501616784,0.7125611475002073,0.6760633446646215,0.20669927866677718,0.8382555343669679,0.8382555343669679,0.16174446563303213,8.670930086333623,0.2445070889644308,1.4988713437290537,-0.6386855119822068,116.99340697057993,-0.9485047980361526
paris,mlp,0,0,20,12.014124088280859,1.6925659121580794,0.5155128098830942,0.6164331315811292,0.6748196666943039,-0.14857806152060354,0.7809302711217976,0.763701185639665,0.13746787165243346,0.910040626813697,0.910040626813697,0.08995937318630298,8.206338866598536,0.36773070226349386,1.4562671692159301,-0.8286658287481649,74.23097199425924,-0.9222222222222223
paris,mlp,0,0,10,12.255979737708588,3.03588407578451,0.5448304452367134,0.5574330486692646,0.6793964016250725,-0.19471022303291602,0.7125611475002073,0.730967581460907,0.1163419285299726,0.8382555343669679,0.8382555343669679,0.16174446563303213,8.877598654536408,0.2636763120802587,1.4988713437290537,-0.6947358269069298,116.99340697057993,-0.9485047980361526
paris,mlp,1,0,20,12.01821892158657,1.7051973588459268,0.5155128098830942,0.6164331315811292,0.6763949921233728,-0.1446480391344001,0.7809302711217976,0.7634358676726639,0.12970732111765193,0.910040626813697,0.910040626813697,0.08995937318630298,8.098207498627657,0.35655418290357355,1.4562671692159301,-0.8131226813835641,74.23097199425924,-0.9222222222222223
paris,mlp,1,0,10,12.251281887280005,3.0703779212575055,0.5448304452367134,0.5574330486692646,0.6786004477240694,-0.19560567117154465,0.7125611475002073,0.7337368377414808,0.10169969322610062,0.8382555343669679,0.8382555343669679,0.16174446563303213,8.815750085043433,0.2557996849349141,1.4988713437290537,-0.6799976345069265,116.99340697057993,-0.9485047980361526
paris,mlp,2,0,20,12.027532199422499,1.8176305833587267,0.5155128098830942,0.6164331315811292,0.6726971229582953,-0.16300472597628718,0.7809302711217976,0.7636182737749772,0.11907802006467116,0.910040626813697,0.910040626813697,0.08995937318630298,8.217452837045325,0.37045021142525497,1.4562671692159301,-0.8343969091568364,74.23097199425924,-0.9222222222222223
paris,mlp,2,0,10,12.268488582823789,3.172498741636145,0.5448304452367134,0.5574330486692646,0.6768261338197497,-0.20795953901003233,0.7125611475002073,0.735610645883426,0.08871569521598544,0.8382555343669679,0.8382555343669679,0.16174446563303213,8.879188284065782,0.2656827792057044,1.4988713437290537,-0.7012242679579499,116.99340697057993,-0.9485047980361526
paris,mlp,3,0,20,12.059774923883644,2.0428018006624358,0.5155128098830942,0.6164331315811292,0.6694801426084073,-0.17693391924384377,0.7809302711217976,0.7615123124119061,0.10934416715031914,0.910040626813697,0.910040626813697,0.08995937318630298,8.308137018342245,0.38293673824724317,1.4562671692159301,-0.8515480146570709,74.23097199425924,-0.9222222222222223
paris,mlp,3,0,10,12.323745382328676,3.389727668595079,0.5448304452367134,0.5574330486692646,0.6753337202553685,-0.21943454108282895,0.7125611475002073,0.7333720255368543,0.07612967415637184,0.8382555343669679,0.8382555343669679,0.16174446563303213,8.93968014135269,0.2778874056877539,1.4988713437290537,-0.7224654145330646,116.99340697057993,-0.9485047980361526
paris,mlp,4,0,20,12.096304112290293,2.1899271916326377,0.5155128098830942,0.6164331315811292,0.6706906558328497,-0.16799602023049492,0.7809302711217976,0.7622253544482216,0.12120056380067978,0.910040626813697,0.910040626813697,0.08995937318630298,8.191336470849702,0.3683939971809966,1.4562671692159301,-0.8326972570937989,74.23097199425924,-0.9222222222222223
paris,mlp,4,0,10,12.381446200503314,3.5356796873119585,0.5448304452367134,0.5574330486692646,0.6737915595721747,-0.21567034242600114,0.7125611475002073,0.7307520106127187,0.08714036978691653,0.8382555343669679,0.8382555343669679,0.16174446563303213,8.866793367311276,0.2655998673410165,1.4988713437290537,-0.7001590540765101,116.99340697057993,-0.9485047980361526
paris,ridge,0,0,20,12.006427282432517,1.849187582382483,0.5155128098830942,0.6164331315811292,0.6711217975292264,-0.15433214492993946,0.7809302711217976,0.7596550866428986,0.10327501865516953,0.910040626813697,0.910040626813697,0.08995937318630298,8.198862517209564,0.3688085565044358,1.4562671692159301,-0.8285797036611781,74.23097199425924,-0.9222222222222223
paris,ridge,0,0,10,12.267667769265021,3.2171791391958235,0.5448304452367134,0.5574330486692646,0.676196003648122,-0.1967498549042368,0.7125611475002073,0.7321780946853494,0.08614542741066245,0.8382555343669679,0.8382555343669679,0.16174446563303213,8.876867723556604,0.2650858137799519,1.4988713437290537,-0.7005765895953716,116.99340697057993,-0.9485047980361526
paris,ridge+k10,0,0,20,11.891189083267045,1.0187202343193695,0.5155128098830942,0.6164331315811292,0.6769919575491253,-0.15433214492993946,0.7809302711217976,0.7628389022469115,0.11829864853660554,0.910040626813697,0.910040626813697,0.08995937318630298,8.577788686660595,0.41857225769007544,1.4562671692159301,-0.894811935040083,74.23097199425924,-0.9222222222222223
paris,ridge+k10,0,1,20,11.94659327511984,1.3528915840168307,0.5155128098830942,0.6164331315811292,0.678036647044192,-0.12333968990962602,0.7809302711217976,0.7634027029267888,0.12400298482712868,0.910040626813697,0.910040626813697,0.08995937318630298,8.041164380007183,0.3483293259265401,1.4562671692159301,-0.8021556379179343,74.23097199425924,-0.9222222222222223
paris,ridge+k10,0,2,20,12.219862651739714,2.8518889738319237,0.5155128098830942,0.6164331315811292,0.6463145676146257,-0.24374429980930268,0.7809302711217976,0.7434872730287704,0.04531962523837152,0.910040626813697,0.910040626813697,0.08995937318630298,8.762391445818915,0.4500124367797032,1.4562671692159301,-0.9315969967102102,74.14564555371753,-0.9221688034188034
paris,ridge+k10,0,3,20,12.050153393062216,-2.1873603457787625,0.5155128098830942,0.6164331315811292,0.7077025122295001,-0.019218970234640587,0.7809302711217976,0.7778956968742227,0.19955227593068559,0.910040626813697,0.910040626813697,0.08995937318630298,8.601883300017388,0.42838902246911537,1.4562671692159301,-0.9072786153351556,74.23097199425924,-0.9222222222222223
paris,ridge+k10,0,4,20,11.961151773235787,1.1405406197361347,0.5155128098830942,0.6164331315811292,0.6557333554431639,-0.23147334383550283,0.7809302711217976,0.7578973551115165,0.09627725727551606,0.910040626813697,0.910040626813697,0.08995937318630298,9.597427478651346,0.5440013265898349,1.4562671692159301,-1.0388790676608186,74.23097199425924,-0.9222222222222223
paris,ridge+k10,0,5,20,12.017748517762188,1.9463376268159935,0.5155128098830942,0.6164331315811292,0.6629301052980682,-0.1841804162175607,0.7809302711217976,0.7570516540917005,0.08591327418953643,0.910040626813697,0.910040626813697,0.08995937318630298,8.502902819733988,0.41368045767349315,1.4562671692159301,-0.8875383515817928,74.23097199425924,-0.9222222222222223
paris,ridge+k10,0,6,20,11.966723988675628,1.6685737572995254,0.5153967332725313,0.6164331315811292,0.6563137384959787,-0.2210098665118978,0.7809302711217976,0.7583782439267059,0.09121963352955798,0.910040626813697,0.910040626813697,0.08995937318630298,9.144755121658969,0.4912030511566205,1.4562671692159301,-0.9808058837637672,73.84336470539525,-0.9215811965811966
paris,ridge+k10,0,7,20,11.882344840566416,0.24629338896865746,0.5155128098830942,0.6164331315811292,0.6842882016416549,-0.13771660724649692,0.7809302711217976,0.7661056297156124,0.13008871569521596,0.910040626813697,0.910040626813697,0.08995937318630298,8.690052246713545,0.4400961777630379,1.4562671692159301,-0.9209582761172346,74.23097199425924,-0.9222222222222223
paris,ridge+k10,0,8,20,11.890447600294882,-0.7674892441375762,0.5155128098830942,0.6164331315811292,0.6965259928695796,-0.05374347069065577,0.7809302711217976,0.7720421192272614,0.1776469612801591,0.910040626813697,0.910040626813697,0.08995937318630298,8.21982040930811,0.3735676975375177,1.4562671692159301,-0.8359924617765981,74.23097199425924,-0.9222222222222223
paris,ridge+k10,0,9,20,11.87258365136572,-0.9475262763684712,0.5155128098830942,0.6164331315811292,0.6950667440510737,-0.07062432634109939,0.7809302711217976,0.7712295829533207,0.17948760467622915,0.910040626813697,0.910040626813697,0.08995937318630298,8.543894106094388,0.41479147666031013,1.4562671692159301,-0.8891019598086695,74.23097199425924,-0.9222222222222223
paris,ridge+k10d,0,0,20,12.0487795331554,2.180215071846745,0.5155128098830942,0.6164331315811292,0.6440925296409916,-0.25243346322858795,0.7809302711217976,0.7470856479562226,0.04832103474007121,0.910040626813697,0.9099742973219468,0.08972721996517707,9.25919171307343,0.49826714202802425,1.4562671692159301,-0.9886637614128976,74.23097199425924,-0.9222222222222223
paris,uma_los,0,0,20,20.39651820548787,-15.77908830298448,0.5155128098830942,0.6164331315811292,0.6164331315811292,0.3835668684188708,0.7809302711217976,0.7809302711217976,0.21906972887820242,0.910040626813697,0.910040626813697,0.08995937318630298,7.930114573460227,0.3446812038802753,1.4562671692159301,-0.8012745700960663,74.23097199425924,-0.9222222222222223
paris,uma_los,0,0,10,19.594867078676383,-14.59072615044914,0.5448304452367134,0.5574330486692646,0.5574330486692646,0.4425669513307354,0.7125611475002073,0.7125611475002073,0.28743885249979273,0.8382555343669679,0.8382555343669679,0.16174446563303213,8.720197043233666,0.2614708564795622,1.4988713437290537,-0.6719543525420008,116.99340697057993,-0.9485047980361526
paris,uma_nlos,0,0,20,24.909142423929058,20.2297131152714,0.5155128098830942,0.6164331315811292,0.4668103805654589,-0.35967166901583614,0.7809302711217976,0.5544150567946273,-0.2210927783765857,0.910040626813697,0.8061354779868999,-0.042998093027112105,7.8997886310610355,0.10063842135809634,1.4562671692159301,-0.15777026472175937,74.23097199425924,-0.9222222222222223
paris,uma_nlos,0,0,10,26.09929474031513,21.64552607242562,0.5448304452367134,0.5574330486692646,0.4855152972390349,-0.4111433546140453,0.7125611475002073,0.5065583284968079,-0.3232733604178758,0.8382555343669679,0.7151811624243429,-0.07614625652930929,9.638515508371805,0.11309178343420945,1.4988713437290537,-0.20674319215151193,116.99340697057993,-0.9485047980361526
prague,oracle,0,0,20,10.74499237106748,0.0001082156168755406,0.5091090202102635,0.6962459795497096,0.6592458355335797,-0.17323940281311512,0.8332893284047813,0.8337333781383515,0.11158849791176617,0.9337165762565407,0.9337165762565407,0.0662834237434593,8.236963079240837,0.36744515385723203,1.5982740183161797,-0.801391727237578,70.39552542066231,-0.9277112408855456
prague,oracle,0,0,10,10.837428166381851,1.658718698856788,0.5094090538140271,0.6365752964332005,0.5843454466900293,-0.30190581345110656,0.7948010177139839,0.7824396332389227,0.07208007296817243,0.8994527387067351,0.8996807642455955,0.10000720080649028,8.689547756097761,0.3736858528155153,1.6522361973782955,-0.8447705601343065,92.4678302056142,-0.9492380488483751
prague,coral,0,0,20,11.82735305144402,2.463713987898455,0.5096610820411887,0.6962459795497096,0.5452330661034036,-0.3650928904037252,0.8332893284047813,0.8048581441121405,0.06919975037204174,0.9337165762565407,0.9332245211463684,0.06543132830877063,8.57536805392726,0.42500360040324514,1.5982740183161797,-0.9165286212020727,76.71647438556248,-0.930713649411066
prague,coral,0,0,10,12.141866336671647,4.058401286724575,0.5097930968268446,0.6365752964332005,0.49615956987182563,-0.4517785992031108,0.7948010177139839,0.7209567471556815,-0.04064855263789535,0.8994527387067351,0.8989006768758101,0.09944313763141477,8.98641892267711,0.4156905573424224,1.6522361973782955,-0.9369995368328953,108.29731037412677,-0.9524737318210285
prague,cost231,0,0,20,29.731274559652448,26.959447893560153,0.5096610820411887,0.6962459795497096,0.32641255820651915,-0.6624981997983774,0.8332893284047813,0.28905237386587296,-0.6707671259181028,0.9337165762565407,0.49461139647640534,-0.4411094042532763,10.301418714912328,0.42295137055350207,1.5982740183161797,-0.8691258989045604,76.71647438556248,-0.930713649411066
prague,cost231,0,0,10,31.301944130868193,28.703566387846106,0.5097930968268446,0.6365752964332005,0.3731817963611925,-0.6215136095242667,0.7948010177139839,0.2667778791224617,-0.7120997551725793,0.8994527387067351,0.3444025730881859,-0.6071840046085162,13.565835819347805,0.5639911670107052,1.6522361973782955,-1.1454236257155928,108.29731037412677,-0.9524737318210285
prague,gbdt,0,0,20,11.477348253101562,0.3195254162602028,0.5096610820411887,0.6962459795497096,0.6128126350151217,-0.195549901588978,0.8332893284047813,0.8290168498871874,0.14290000480053766,0.9337165762565407,0.9337165762565407,0.0662834237434593,7.985413630203159,0.34704286880130575,1.5982740183161797,-0.7911633425067763,76.71647438556248,-0.930713649411066
prague,gbdt,0,0,10,11.535297397277716,1.9775335471219593,0.5097930968268446,0.6365752964332005,0.554426095722721,-0.31999183908597767,0.7948010177139839,0.7721664826460564,0.09896308386539299,0.8994527387067351,0.8994527387067351,0.10054726129326486,8.523358207183549,0.3548197398108588,1.6522361973782955,-0.827351767077395,108.29731037412677,-0.9524737318210285
prague,gbdt+k10,0,0,20,11.475117309606688,-0.3636551765200163,0.5096610820411887,0.6962459795497096,0.6172771350391244,-0.1906773558638567,0.8332893284047813,0.831081081081081,0.15139695645912343,0.9337165762565407,0.9337165762565407,0.0662834237434593,8.225618566105371,0.3844030531419519,1.5982740183161797,-0.8522247101187007,76.71647438556248,-0.930713649411066
prague,gbdt+k10,0,1,20,11.48796479068795,0.17382642758553743,0.5096610820411887,0.6962459795497096,0.6264701646584417,-0.14792856799961596,0.8332893284047813,0.8311770918342855,0.14822860160337958,0.9337165762565407,0.9337165762565407,0.0662834237434593,7.702155091586011,0.2988454706927176,1.5982740183161797,-0.7035174306836787,76.71647438556248,-0.930713649411066
prague,gbdt+k10,0,2,20,11.715498103041616,2.3675964314715845,0.5096610820411887,0.6962459795497096,0.5456531131486726,-0.3600163218280447,0.8332893284047813,0.8048341414238395,0.08180116173011376,0.9337165762565407,0.9337165762565407,0.0662834237434593,8.636341825097233,0.43491671067159526,1.5982740183161797,-0.9384756768984737,76.71647438556248,-0.930713649411066
prague,gbdt+k10,0,3,20,11.745469710860316,1.3333397879502398,0.5096610820411887,0.6962459795497096,0.5263549517545966,-0.41092602371465603,0.8332893284047813,0.8021458403341174,0.0640871777639096,0.9337165762565407,0.9337165762565407,0.0662834237434593,9.95488572503795,0.5663194277759109,1.5982740183161797,-1.1307155589477336,76.71647438556248,-0.930713649411066
prague,gbdt+k10,0,4,20,11.543068083253894,-1.445814614581628,0.5096610820411887,0.6962459795497096,0.6687388987566607,-0.007896884451058517,0.8332893284047813,0.8323172195285872,0.16348231001872215,0.9337165762565407,0.9337165762565407,0.0662834237434593,7.577527517927265,0.2684340646152369,1.5982740183161797,-0.6393718554429172,76.71647438556248,-0.930713649411066
prague,gbdt+k10,0,5,20,11.65958163142688,2.1123367794701933,0.5096610820411887,0.6962459795497096,0.5716360232346023,-0.2956051077720705,0.8332893284047813,0.8107388027459076,0.10064327204646928,0.9337165762565407,0.9337165762565407,0.0662834237434593,8.07629116031859,0.36174451538572316,1.5982740183161797,-0.8175327135193968,76.71647438556248,-0.930713649411066
prague,gbdt+k10,0,6,20,11.53081377633534,-1.2106007708873776,0.5096610820411887,0.6962459795497096,0.6578656809562671,-0.04284479861744517,0.8332893284047813,0.832641255820652,0.16090202102635498,0.9337165762565407,0.9337165762565407,0.0662834237434593,7.642988658902852,0.2867001104123662,1.5982740183161797,-0.6800015919131187,76.71647438556248,-0.930713649411066
prague,gbdt+k10,0,7,20,11.513568276398049,1.0006870766226865,0.5096610820411887,0.6962459795497096,0.6229177667898804,-0.1540252508280927,0.8332893284047813,0.8275166818683692,0.13897556526330956,0.9337165762565407,0.9337165762565407,0.0662834237434593,7.53780339193041,0.262049349527147,1.5982740183161797,-0.6216039216593897,76.71647438556248,-0.930713649411066
prague,gbdt+k10,0,8,20,11.497944328545664,1.1336467565415858,0.5095290672555326,0.6962459795497096,0.5886659305842254,-0.26191733474149104,0.8332893284047813,0.8215520138255484,0.12333781383514952,0.9337165762565407,0.9337165762565407,0.0662834237434593,8.144871979637623,0.3700014401612981,1.5982740183161797,-0.824889507299428,75.7768356792733,-0.9299877924048963
prague,gbdt+k10,0,9,20,11.461849687242966,0.7941762597605039,0.5096610820411887,0.6962459795497096,0.6081681148288608,-0.20684316643464068,0.8332893284047813,0.8266045797129279,0.13741539052373863,0.9337165762565407,0.9337165762565407,0.0662834237434593,7.914440167506232,0.3314651240938985,1.5982740183161797,-0.7592536960470873,76.71647438556248,-0.930713649411066
prague,gbdt+k10d,0,0,20,11.489722922577235,0.09739481459826857,0.5096610820411887,0.6962459795497096,0.6317267533963804,-0.12992655177379864,0.8332893284047813,0.8313811146848447,0.14977677499879993,0.9337165762565407,0.9337165762565407,0.0662834237434593,7.611496524822028,0.2809394652201047,1.5982740183161797,-0.6678348502481807,76.71647438556248,-0.930713649411066
prague,gbdt,1,0,20,11.48088298269402,0.462422269957138,0.5096610820411887,0.6962459795497096,0.6095722720944746,-0.19891027795113053,0.8332893284047813,0.8290048485430368,0.140991791080601,0.9337165762565407,0.9337165762565407,0.0662834237434593,7.96707791083564,0.34123421823244204,1.5982740183161797,-0.7884580593672732,76.71647438556248,-0.930713649411066
prague,gbdt,1,0,10,11.56931543175322,2.128362997439704,0.5097930968268446,0.6365752964332005,0.550813691133407,-0.3279967356343911,0.7948010177139839,0.7698142191925496,0.10165138495511505,0.8994527387067351,0.8994527387067351,0.10054726129326486,8.515584149061796,0.3522394508184917,1.6522361973782955,-0.8243628020650281,108.29731037412677,-0.9524737318210285
prague,gbdt+k10,1,0,20,11.470484426732808,-0.3825932743943382,0.5096610820411887,0.6962459795497096,0.6216096202774711,-0.17335941625462048,0.8332893284047813,0.8327252652297057,0.1530411406077481,0.9337165762565407,0.9337165762565407,0.0662834237434593,8.138159094174593,0.3695213863952763,1.5982740183161797,-0.8333704658446379,76.71647438556248,-0.930713649411066
prague,gbdt+k10,1,1,20,11.490329076298362,-0.319877509524952,0.5096610820411887,0.6962459795497096,0.6369833421343191,-0.1069079736930536,0.8332893284047813,0.8331813163074264,0.15436128846430808,0.9337165762565407,0.9337165762565407,0.0662834237434593,7.678872017413097,0.29270078248763864,1.5982740183161797,-0.6981786836580773,76.71647438556248,-0.930713649411066
prague,gbdt+k10,1,2,20,11.714770944744643,2.346439594470914,0.5096610820411887,0.6962459795497096,0.5435768806106284,-0.3665330517017906,0.8332893284047813,0.8081105083769382,0.09254236474485145,0.9337165762565407,0.9337165762565407,0.0662834237434593,8.673664882764864,0.43928519994239346,1.5982740183161797,-0.9475132980228864,76.71647438556248,-0.930713649411066
prague,gbdt+k10,1,3,20,11.732630699006481,1.19601736218487,0.5096610820411887,0.6962459795497096,0.5275430848255005,-0.41004992559166625,0.8332893284047813,0.8098026979021651,0.08710575584465463,0.9337165762565407,0.9337165762565407,0.0662834237434593,9.982002091680416,0.5683716576256541,1.5982740183161797,-1.135470137090308,76.71647438556248,-0.930713649411066
prague,gbdt+k10,1,4,20,11.551865390151747,-1.501882638435949,0.5096610820411887,0.6962459795497096,0.6680428207959291,-0.0020162258172915504,0.8332893284047813,0.8322452114636839,0.1645624309922712,0.9337165762565407,0.9337165762565407,0.0662834237434593,7.572959941435568,0.26641783879794534,1.5982740183161797,-0.6406421867915596,76.71647438556248,-0.930713649411066
prague,gbdt+k10,1,5,20,11.686859923977966,2.2523731767796296,0.5096610820411887,0.6962459795497096,0.5691877490278912,-0.30597426911814124,0.8332893284047813,0.8110268350055206,0.1036676107724065,0.9337165762565407,0.9337165762565407,0.0662834237434593,8.088858408813126,0.3618405261389276,1.5982740183161797,-0.8229819288954986,76.71647438556248,-0.930713649411066
prague,gbdt+k10,1,6,20,11.551186624114699,-1.3761939205347073,0.5096610820411887,0.6962459795497096,0.6601939417214728,-0.031131486726513335,0.8332893284047813,0.8323892275934904,0.1622581729153666,0.9337165762565407,0.9337165762565407,0.0662834237434593,7.6416536560907975,0.2844918630886659,1.5982740183161797,-0.6823165198383149,76.71647438556248,-0.930713649411066
prague,gbdt+k10,1,7,20,11.478514583385405,0.5269677918429538,0.5096610820411887,0.6962459795497096,0.6309106619941434,-0.12044548989486825,0.8332893284047813,0.8311410878018338,0.1478565599347127,0.9337165762565407,0.9337165762565407,0.0662834237434593,7.541567526058806,0.26233738178676014,1.5982740183161797,-0.6268460181713332,76.71647438556248,-0.930713649411066
prague,gbdt+k10,1,8,20,11.489817838042223,0.9922098981233648,0.5095290672555326,0.6962459795497096,0.5941265421727233,-0.25595266669867023,0.8332893284047813,0.8249243915318516,0.13023858672171285,0.9337165762565407,0.9337165762565407,0.0662834237434593,8.142205134546105,0.36781719552589887,1.5982740183161797,-0.8264415093754074,75.7768356792733,-0.9299877924048963
prague,gbdt+k10,1,9,20,11.497144008279593,1.1799434293604258,0.5096610820411887,0.6962459795497096,0.5982190005280591,-0.23357015985790408,0.8332893284047813,0.8252604291680669,0.13100667274734767,0.9337165762565407,0.9337165762565407,0.0662834237434593,7.953526351837183,0.33558158513753544,1.5982740183161797,-0.7724490179849638,76.71647438556248,-0.930713649411066
prague,gbdt+k10d,1,0,20,11.487401511906663,0.1831464855618859,0.5096610820411887,0.6962459795497096,0.6300705679036052,-0.13103067543564884,0.8332893284047813,0.8314411214055974,0.14789256396716433,0.9337165762565407,0.9337165762565407,0.0662834237434593,7.63800446435445,0.28426383754980555,1.5982740183161797,-0.6797029217942605,76.71647438556248,-0.930713649411066
prague,gbdt,2,0,20,11.51012585722064,0.2232037940378605,0.5096610820411887,0.6962459795497096,0.614492823196198,-0.19482982093994528,0.8332893284047813,0.8273726657385627,0.13873553838029862,0.9337165762565407,0.9337165762565407,0.0662834237434593,7.986138162476768,0.34719888627526285,1.5982740183161797,-0.7927664094037574,76.71647438556248,-0.930713649411066
prague,gbdt,2,0,10,11.554582843242747,1.8873754747865785,0.5097930968268446,0.6365752964332005,0.5565023282607652,-0.3182036388075465,0.7948010177139839,0.7712183764581633,0.09676683788584328,0.8994527387067351,0.8994527387067351,0.10054726129326486,8.528267016079297,0.3567159521866449,1.6522361973782955,-0.8280953247439449,108.29731037412677,-0.9524737318210285
prague,gbdt+k10,2,0,20,11.521242916827983,-0.6706947607313236,0.5096610820411887,0.6962459795497096,0.6258700974509145,-0.1709951514569632,0.8332893284047813,0.8315131294705007,0.14986078440785366,0.9337165762565407,0.9337165762565407,0.0662834237434593,8.19124734628969,0.37855839854063655,1.5982740183161797,-0.8456017394366501,76.71647438556248,-0.930713649411066
prague,gbdt+k10,2,1,20,11.513165996504343,-0.08841734305237259,0.5096610820411887,0.6962459795497096,0.6326628582401229,-0.13331093082425227,0.8332893284047813,0.8312731025874898,0.1474845182660458,0.9337165762565407,0.9337165762565407,0.0662834237434593,7.692538761137523,0.29760933224521147,1.5982740183161797,-0.7014592313386755,76.71647438556248,-0.930713649411066
prague,gbdt+k10,2,2,20,11.638446696175984,1.7446127100514022,0.5096610820411887,0.6962459795497096,0.5631390715760165,-0.3322332101195334,0.8332893284047813,0.8107508040900581,0.0977509481061879,0.9337165762565407,0.9337165762565407,0.0662834237434593,8.649660964970243,0.4355527819115741,1.5982740183161797,-0.9422409266479241,76.71647438556248,-0.930713649411066
prague,gbdt+k10,2,3,20,11.760340753624416,1.1762306218370422,0.5096610820411887,0.6962459795497096,0.5333397340502136,-0.39950074408333736,0.8332893284047813,0.8023018578080745,0.06693149632758866,0.9337165762565407,0.9337165762565407,0.0662834237434593,9.911865770365235,0.5630550621669628,1.5982740183161797,-1.1262488743530903,76.71647438556248,-0.930713649411066
prague,gbdt+k10,2,4,20,11.510014715032222,-0.8004562713142378,0.5096610820411887,0.6962459795497096,0.6559574672363304,-0.05778647208487353,0.8332893284047813,0.8327732706063079,0.15976189333205326,0.9337165762565407,0.9337165762565407,0.0662834237434593,7.571106393509594,0.26767797993375253,1.5982740183161797,-0.6386228778196996,76.71647438556248,-0.930713649411066
prague,gbdt+k10,2,5,20,11.799631884167606,2.6260715498903906,0.5096610820411887,0.6962459795497096,0.5677355863856752,-0.3145792328740819,0.8332893284047813,0.8022418510873218,0.08028899236714515,0.9337165762565407,0.9337165762565407,0.0662834237434593,8.0647208973251,0.3593682492439153,1.5982740183161797,-0.8152451609250265,76.71647438556248,-0.930713649411066
prague,gbdt+k10,2,6,20,11.533527431727906,-0.9524656564921496,0.5096610820411887,0.6962459795497096,0.652885123133791,-0.07026787000144019,0.8332893284047813,0.8329172867361144,0.15908981805962275,0.9337165762565407,0.9337165762565407,0.0662834237434593,7.662366342007145,0.29061254860544383,1.5982740183161797,-0.6879557032191435,76.71647438556248,-0.930713649411066
prague,gbdt+k10,2,7,20,11.5058587404357,0.5582603496077408,0.5096610820411887,0.6962459795497096,0.6311866929096058,-0.13404301281743558,0.8332893284047813,0.8297009265037685,0.14332005184580676,0.9337165762565407,0.9337165762565407,0.0662834237434593,7.539455988298949,0.262973453026739,1.5982740183161797,-0.6241779799402108,76.71647438556248,-0.930713649411066
prague,gbdt+k10,2,8,20,11.49849818353095,0.7042975062719564,0.5095290672555326,0.6962459795497096,0.5992991215016081,-0.2463635927223849,0.8332893284047813,0.8232081993183237,0.1289544428976046,0.9337165762565407,0.9337165762565407,0.0662834237434593,8.17800538318055,0.3745139455619029,1.5982740183161797,-0.8345250566041267,75.7768356792733,-0.9299877924048963
prague,gbdt+k10,2,9,20,11.50007982197535,0.8957730649929238,0.5096610820411887,0.6962459795497096,0.6050717680380202,-0.21980461811722912,0.8332893284047813,0.8235082329220873,0.13045461091642263,0.9337165762565407,0.9337165762565407,0.0662834237434593,7.930164897913866,0.33414142383947,1.5982740183161797,-0.7648676179541476,76.71647438556248,-0.930713649411066
prague,gbdt+k10d,2,0,20,11.537319775895767,0.5755269535776701,0.5096610820411887,0.6962459795497096,0.6245739522826557,-0.15810570783927802,0.8332893284047813,0.8267005904661322,0.13731937977053432,0.9337165762565407,0.9337165762565407,0.0662834237434593,7.599085002094839,0.2786832125198022,1.5982740183161797,-0.6636562130297233,76.71647438556248,-0.930713649411066
prague,gbdt,3,0,20,11.488409263177662,0.3826101940701424,0.5096610820411887,0.6962459795497096,0.6101123325812491,-0.21236378474389134,0.8332893284047813,0.8312010945225865,0.14431616341030196,0.9337165762565407,0.9337165762565407,0.0662834237434593,7.980159105077544,0.34590274110700403,1.5982740183161797,-0.7913074805998822,76.71647438556248,-0.930713649411066
prague,gbdt,3,0,10,11.547883580229174,2.027549004483888,0.5097930968268446,0.6365752964332005,0.5527339061974941,-0.3349095098651049,0.7948010177139839,0.7752148240602947,0.09985118333253329,0.8994527387067351,0.8994527387067351,0.10054726129326486,8.522693502964051,0.35756804762133365,1.6522361973782955,-0.8291033995915242,108.29731037412677,-0.9524737318210285
prague,gbdt+k10,3,0,20,11.476604653867904,-0.21403497287534212,0.5096610820411887,0.6962459795497096,0.6153809226633383,-0.20555902261053238,0.8332893284047813,0.8327612692621573,0.15103691613460712,0.9337165762565407,0.9337165762565407,0.0662834237434593,8.174136288520854,0.3769022130478614,1.5982740183161797,-0.8414700501655047,76.71647438556248,-0.930713649411066
prague,gbdt+k10,3,1,20,11.490192089932853,-0.3282414145615358,0.5096610820411887,0.6962459795497096,0.6363472708943402,-0.13070663914358405,0.8332893284047813,0.8333733378138352,0.1553934040612549,0.9337165762565407,0.9337165762565407,0.0662834237434593,7.712459169805901,0.30195381882770866,1.5982740183161797,-0.7093746737681522,76.71647438556248,-0.930713649411066
prague,gbdt+k10,3,2,20,11.690867820289156,2.1779086270356482,0.5096610820411887,0.6962459795497096,0.5495055446209975,-0.35995631510729204,0.8332893284047813,0.8096106763957563,0.0895300273630647,0.9337165762565407,0.9337165762565407,0.0662834237434593,8.646368654710745,0.4378570399884787,1.5982740183161797,-0.9415900084026098,76.71647438556248,-0.930713649411066
prague,gbdt+k10,3,3,20,11.75019066381166,1.1541477630952464,0.5096610820411887,0.6962459795497096,0.5288872353703615,-0.40796169170947144,0.8332893284047813,0.8068143632086794,0.07197206087081753,0.9337165762565407,0.9337165762565407,0.0662834237434593,9.944726131990635,0.5651432960491576,1.5982740183161797,-1.1303442587383965,76.71647438556248,-0.930713649411066
prague,gbdt+k10,3,4,20,11.525097189015609,-1.2219456236737902,0.5096610820411887,0.6962459795497096,0.666278623205799,-0.0264389611636503,0.8332893284047813,0.8321852047429312,0.16385435168738904,0.9337165762565407,0.9337165762565407,0.0662834237434593,7.550382059049692,0.2643296049157505,1.5982740183161797,-0.6307562002645482,76.71647438556248,-0.930713649411066
prague,gbdt+k10,3,5,20,11.744320022007118,2.520842568561453,0.5096610820411887,0.6962459795497096,0.5647832557246412,-0.3164034371849647,0.8332893284047813,0.8092386347270895,0.09223032979693724,0.9337165762565407,0.9337165762565407,0.0662834237434593,8.032962650274806,0.35468772502520285,1.5982740183161797,-0.8070719424278153,76.71647438556248,-0.930713649411066
prague,gbdt+k10,3,6,20,11.536583393685884,-1.2559206830516099,0.5096610820411887,0.6962459795497096,0.6592578368777303,-0.055998271806442346,0.8332893284047813,0.8327132638855552,0.16227017425951706,0.9337165762565407,0.9337165762565407,0.0662834237434593,7.670209968271674,0.2927607892083913,1.5982740183161797,-0.6915619214545079,76.71647438556248,-0.930713649411066
prague,gbdt+k10,3,7,20,11.487599911221622,0.6664212368973409,0.5096610820411887,0.6962459795497096,0.6272262493399261,-0.14582833277327056,0.8332893284047813,0.8326772598531036,0.14881666746675626,0.9337165762565407,0.9337165762565407,0.0662834237434593,7.533133629276575,0.26249339926071724,1.5982740183161797,-0.6221984353644441,76.71647438556248,-0.930713649411066
prague,gbdt+k10,3,8,20,11.47872332708518,0.7528326773875238,0.5095290672555326,0.6962459795497096,0.5969828620805531,-0.2534563871153569,0.8332893284047813,0.8278407181604339,0.13536316067399545,0.9337165762565407,0.9337165762565407,0.0662834237434593,8.15024942587627,0.37092554366089003,1.5982740183161797,-0.827815653417103,75.7768356792733,-0.9299877924048963
prague,gbdt+k10,3,9,20,11.473601083026827,0.8836084514147335,0.5096610820411887,0.6962459795497096,0.6062478997647737,-0.21898852671499208,0.8332893284047813,0.8295689117181124,0.1402117037108156,0.9337165762565407,0.9337165762565407,0.0662834237434593,7.880344569417255,0.32583649368729295,1.5982740183161797,-0.7506387831138647,76.71647438556248,-0.930713649411066
prague,gbdt+k10d,3,0,20,11.504713029195639,0.21845206145460724,0.5096610820411887,0.6962459795497096,0.6304306082281216,-0.14562430992271136,0.8332893284047813,0.8330132974893188,0.14948874273918678,0.9337165762565407,0.9337165762565407,0.0662834237434593,7.591032335993222,0.2783831789160386,1.5982740183161797,-0.6620159909636734,76.71647438556248,-0.930713649411066
prague,gbdt,4,0,20,11.487452238958106,0.23142151648336162,0.5096610820411887,0.6962459795497096,0.6154889347606932,-0.20218664490422927,0.8332893284047813,0.8296289184388651,0.14065575344438574,0.9337165762565407,0.9337165762565407,0.0662834237434593,7.984739138922786,0.3475829292880803,1.5982740183161797,-0.7947110562897991,76.71647438556248,-0.930713649411066
prague,gbdt,4,0,10,11.529415056256603,1.8880497752000232,0.5097930968268446,0.6365752964332005,0.5584945513897557,-0.3235082329220873,0.7948010177139839,0.771914454418895,0.09813499111900537,0.8994527387067351,0.8994527387067351,0.10054726129326486,8.528199328721044,0.3580120973549038,1.6522361973782955,-0.8312286981050951,108.29731037412677,-0.9524737318210285
prague,gbdt+k10,4,0,20,11.47793784468576,-0.14004810731085948,0.5096610820411887,0.6962459795497096,0.6179252076232538,-0.20330276991022994,0.8332893284047813,0.8311650904901349,0.14627238250684083,0.9337165762565407,0.9337165762565407,0.0662834237434593,8.148652420667988,0.372929768134031,1.5982740183161797,-0.8370136158315541,76.71647438556248,-0.930713649411066
prague,gbdt+k10,4,1,20,11.495062894774172,0.11505393065701243,0.5096610820411887,0.6962459795497096,0.631738754740531,-0.14347606931976387,0.8332893284047813,0.8318371657625654,0.1470644712207767,0.9337165762565407,0.9337165762565407,0.0662834237434593,7.658314694545113,0.29218472468916523,1.5982740183161797,-0.6921585749213802,76.71647438556248,-0.930713649411066
prague,gbdt+k10,4,2,20,11.598956860737799,1.5489265961089922,0.5096610820411887,0.6962459795497096,0.5622989774854784,-0.3369137343382459,0.8332893284047813,0.8150832893284048,0.10457971292784796,0.9337165762565407,0.9337165762565407,0.0662834237434593,8.730975905591322,0.4467020306274302,1.5982740183161797,-0.9584499194246943,76.71647438556248,-0.930713649411066
prague,gbdt+k10,4,3,20,11.75256359879591,1.2128279632586467,0.5096610820411887,0.6962459795497096,0.528479189669243,-0.40800969708607365,0.8332893284047813,0.8054462099755173,0.06897172483318137,0.9337165762565407,0.9337165762565407,0.0662834237434593,9.943568092926919,0.5667874801977821,1.5982740183161797,-1.1308943542558763,76.71647438556248,-0.930713649411066
prague,gbdt+k10,4,4,20,11.54721481958544,-1.4400844656736638,0.5096610820411887,0.6962459795497096,0.6677187845038645,-0.015925783687773087,0.8332893284047813,0.8320291872689741,0.16336229657721668,0.9337165762565407,0.9337165762565407,0.0662834237434593,7.558715079809476,0.2663818347654937,1.5982740183161797,-0.6360970476615438,76.71647438556248,-0.930713649411066
prague,gbdt+k10,4,5,20,11.740807721330153,2.4975841400111336,0.5096610820411887,0.6962459795497096,0.5695957947290097,-0.3095746723633047,0.8332893284047813,0.8087945849935193,0.09404253276366958,0.9337165762565407,0.9337165762565407,0.0662834237434593,8.013342842864093,0.35249147904565314,1.5982740183161797,-0.804024418557155,76.71647438556248,-0.930713649411066
prague,gbdt+k10,4,6,20,11.545008414848569,-1.328180741713892,0.5096610820411887,0.6962459795497096,0.6582017185924823,-0.051533771782439675,0.8332893284047813,0.8323412222168883,0.16105803850031208,0.9337165762565407,0.9337165762565407,0.0662834237434593,7.672162053829223,0.2934448658249724,1.5982740183161797,-0.6945348056571753,76.71647438556248,-0.930713649411066
prague,gbdt+k10,4,7,20,11.492246996282395,0.6638192583587902,0.5096610820411887,0.6962459795497096,0.6309346646824444,-0.13808746579616915,0.8332893284047813,0.8306490326916615,0.14395612308578565,0.9337165762565407,0.9337165762565407,0.0662834237434593,7.514945179959086,0.25922903365176897,1.5982740183161797,-0.6160443531959829,76.71647438556248,-0.930713649411066
prague,gbdt+k10,4,8,20,11.460538812571343,0.33948577506074307,0.5095290672555326,0.6962459795497096,0.6058758580961068,-0.2389227593490471,0.8332893284047813,0.8288848351015313,0.13760741203014737,0.9337165762565407,0.9337165762565407,0.0662834237434593,8.20751766819962,0.379494503384379,1.5982740183161797,-0.8438657878822082,75.7768356792733,-0.9299877924048963
prague,gbdt+k10,4,9,20,11.475999846444362,0.8971908235012778,0.5096610820411887,0.6962459795497096,0.6075200422447314,-0.22014065575344438,0.8332893284047813,0.8253924439537228,0.1321468004416495,0.9337165762565407,0.9337165762565407,0.0662834237434593,7.884429120083924,0.3275886899332725,1.5982740183161797,-0.7542877516336212,76.71647438556248,-0.930713649411066
prague,gbdt+k10d,4,0,20,11.505266588582097,0.266594305315096,0.5096610820411887,0.6962459795497096,0.6329028851231338,-0.14055974269118143,0.8332893284047813,0.8312971052757909,0.14510825212423795,0.9337165762565407,0.9337165762565407,0.0662834237434593,7.577689438686089,0.2757188805146177,1.5982740183161797,-0.6587480638554427,76.71647438556248,-0.930713649411066
prague,gbdt_iw,0,0,20,11.542279855317599,0.2605398912137092,0.5096610820411887,0.6962459795497096,0.6130886659305842,-0.1893692093514474,0.8332893284047813,0.8263045461091643,0.13692333541356638,0.9337165762565407,0.9337165762565407,0.0662834237434593,7.942457953410009,0.33876194133742976,1.5982740183161797,-0.7732507459284316,76.71647438556248,-0.930713649411066
prague,gbdt_iw,0,0,10,11.591066342843122,1.9332467739223598,0.5097930968268446,0.6365752964332005,0.5530339398012577,-0.3072224089097979,0.7948010177139839,0.7697902165042485,0.08977005424607565,0.8994527387067351,0.8994527387067351,0.10054726129326486,8.49462764077001,0.3486990542940809,1.6522361973782955,-0.8110641437842842,108.29731037412677,-0.9524737318210285
prague,gbdt_iw,1,0,20,11.554281039014871,0.11424893691268709,0.5096610820411887,0.6962459795497096,0.6218016417838798,-0.1758076904613317,0.8332893284047813,0.8275046805242187,0.14006768758100907,0.9337165762565407,0.9337165762565407,0.0662834237434593,7.957728937330949,0.33956603139551633,1.5982740183161797,-0.7728702930639639,76.71647438556248,-0.930713649411066
prague,gbdt_iw,1,0,10,11.588289955362647,1.7930548623824165,0.5097930968268446,0.6365752964332005,0.5590826172531324,-0.29879746531611545,0.7948010177139839,0.7721304786136047,0.09880706639143588,0.8994527387067351,0.8992487158561759,0.10012721424799575,8.50705712122979,0.34989918870913544,1.6522361973782955,-0.8093345745970377,108.29731037412677,-0.9524737318210285
prague,gbdt_iw,2,0,20,11.548827333925319,0.2264660273975519,0.5096610820411887,0.6962459795497096,0.6158249723969085,-0.18072824156305511,0.8332893284047813,0.826496567615573,0.1350751284143824,0.9337165762565407,0.9337165762565407,0.0662834237434593,7.9587628991191925,0.33818587681820367,1.5982740183161797,-0.7740150249044494,76.71647438556248,-0.930713649411066
prague,gbdt_iw,2,0,10,11.599308091161767,1.907311396788401,0.5097930968268446,0.6365752964332005,0.5552301857808074,-0.3003456387115357,0.7948010177139839,0.7736186452882723,0.09427055830252995,0.8994527387067351,0.8994527387067351,0.10054726129326486,8.514425074929378,0.34908309730689835,1.6522361973782955,-0.8108158345013547,108.29731037412677,-0.9524737318210285
prague,gbdt_iw,3,0,20,11.517034084982747,0.3615364320292866,0.5096610820411887,0.6962459795497096,0.6085281551533772,-0.1898492631174692,0.8332893284047813,0.829052853919639,0.14163986366473047,0.9337165762565407,0.9337165762565407,0.0662834237434593,7.967529800357558,0.3419302961931736,1.5982740183161797,-0.773547326121324,76.71647438556248,-0.930713649411066
prague,gbdt_iw,3,0,10,11.596942940536097,2.0469154287754936,0.5097930968268446,0.6365752964332005,0.5499975997311699,-0.31273102587489804,0.7948010177139839,0.7703182756468725,0.09999519946233981,0.8994527387067351,0.8991407037588209,0.09992319139743655,8.525207795394229,0.35198742259133026,1.6522361973782955,-0.8112591099611822,108.29731037412677,-0.9524737318210285
prague,gbdt_iw,4,0,20,11.575902540058811,0.19618757021431335,0.5096610820411887,0.6962459795497096,0.6132686860928424,-0.1900532859680284,0.8332893284047813,0.8283567759589074,0.13931160289952482,0.9337165762565407,0.9337165762565407,0.0662834237434593,7.947878393963232,0.3413182276414958,1.5982740183161797,-0.7766648962487113,76.71647438556248,-0.930713649411066
prague,gbdt_iw,4,0,10,11.615248323111327,1.8793776185158175,0.5097930968268446,0.6365752964332005,0.5562022946570016,-0.3100547261293265,0.7948010177139839,0.7688901156929576,0.0904781335509578,0.8994527387067351,0.8989246795641112,0.09958715376122129,8.507762491230915,0.34929912150160825,1.6522361973782955,-0.8134737019104462,108.29731037412677,-0.9524737318210285
prague,gp_ard,0,0,20,11.453357678390748,0.21374381569698667,0.5096610820411887,0.6962459795497096,0.6219096538812346,-0.18851711391675863,0.8332893284047813,0.8293768902117037,0.14585233546157172,0.9337165762565407,0.9337165762565407,0.0662834237434593,8.030629909957987,0.3543996927655898,1.5982740183161797,-0.799238227989916,76.71647438556248,-0.930713649411066
prague,gp_ard,0,0,10,11.502304170963798,1.8670335696521227,0.5097930968268446,0.6365752964332005,0.558326532571648,-0.3197878162354184,0.7948010177139839,0.7778551197734146,0.10866016993903316,0.8994527387067351,0.8994527387067351,0.10054726129326486,8.547123181449301,0.3623085785607988,1.6522361973782955,-0.8371206785180232,108.29731037412677,-0.9524737318210285
prague,kernel,0,0,20,11.529485951451916,0.37587780603036686,0.5096610820411887,0.6962459795497096,0.6034275838893957,-0.19463779943353654,0.8332893284047813,0.8301449762373386,0.1439321203974845,0.9337165762565407,0.9337165762565407,0.0662834237434593,8.015199839751027,0.34887907445633914,1.5982740183161797,-0.7966258998987596,76.71647438556248,-0.930713649411066
prague,kernel,0,0,10,11.596479619255005,2.053441575368882,0.5097930968268446,0.6365752964332005,0.5461091642263933,-0.32125198022178486,0.7948010177139839,0.7679540108492151,0.09938313091066209,0.8994527387067351,0.8994527387067351,0.10054726129326486,8.549377693383123,0.3597762949450338,1.6522361973782955,-0.8297980498634573,108.29731037412677,-0.9524737318210285
prague,knn,0,0,20,11.462153181940588,0.5201079866760708,0.5096610820411887,0.6962459795497096,0.6031395516297825,-0.18410061926935817,0.8332893284047813,0.8295209063415102,0.1437641015793769,0.9337165762565407,0.9337165762565407,0.0662834237434593,7.968784367285913,0.34137823436224857,1.5982740183161797,-0.7872388223332244,76.71647438556248,-0.930713649411066
prague,knn,0,0,10,11.565019831622633,2.1881750692326447,0.5097930968268446,0.6365752964332005,0.5381882770870338,-0.32223609044212953,0.7948010177139839,0.7698742259133022,0.1049757572848159,0.8994527387067351,0.8994527387067351,0.10054726129326486,8.51337557740965,0.349515145696318,1.6522361973782955,-0.8218940688081792,108.29731037412677,-0.9524737318210285
prague,median,0,0,20,12.134144111027654,2.1548648442331304,0.5096610820411887,0.6962459795497096,0.5111852527483078,-0.21143968124429935,0.8332893284047813,0.8304210071528011,0.16180212183764586,0.9337165762565407,0.9337165762565407,0.0662834237434593,8.2105137211748,0.36610100331237094,1.5982740183161797,-0.8717946111840643,76.71647438556248,-0.930713649411066
prague,median,0,0,10,12.382227014726643,3.601281907282843,0.5097930968268446,0.6365752964332005,0.4635399164706447,-0.35072728145552307,0.7948010177139839,0.7274494743411262,0.0776486966540253,0.8994527387067351,0.8994527387067351,0.10054726129326486,8.764425693367798,0.3575320435888819,1.6522361973782955,-0.8781381389361821,108.29731037412677,-0.9524737318210285
prague,mlp,0,0,20,11.417572206226316,0.18363277241948345,0.5096610820411887,0.6962459795497096,0.6174091498247803,-0.176959819499784,0.8332893284047813,0.8328812827036628,0.15113292688781144,0.9337165762565407,0.9337165762565407,0.0662834237434593,7.991992971554016,0.34584273438625124,1.5982740183161797,-0.7986059100557324,76.71647438556248,-0.930713649411066
prague,mlp,0,0,10,11.461743341438865,1.824400099807816,0.5097930968268446,0.6365752964332005,0.5532739666842686,-0.31269502184244635,0.7948010177139839,0.7767990014881667,0.1146608420143056,0.8994527387067351,0.8994527387067351,0.10054726129326486,8.537481287399887,0.35382362824636354,1.6522361973782955,-0.8273953337124185,108.29731037412677,-0.9524737318210285
prague,mlp,1,0,20,11.411870900563452,-0.17050253263675227,0.5096610820411887,0.6962459795497096,0.627622293696894,-0.1566415438529115,0.8332893284047813,0.8330733042100715,0.15295713119869425,0.9337165762565407,0.9337165762565407,0.0662834237434593,7.965089025223918,0.33956603139551633,1.5982740183161797,-0.7860312934731976,76.71647438556248,-0.930713649411066
prague,mlp,1,0,10,11.40748063572401,1.4893096637200152,0.5097930968268446,0.6365752964332005,0.5647712543804906,-0.2921247179684125,0.7948010177139839,0.7787912246171571,0.12063751140127699,0.8994527387067351,0.8994527387067351,0.10054726129326486,8.515166899387674,0.3508472948970284,1.6522361973782955,-0.81693445982862,108.29731037412677,-0.9524737318210285
prague,mlp,2,0,20,11.416262158018558,0.37728736530813084,0.5096610820411887,0.6962459795497096,0.6169050933704575,-0.205595026642984,0.8332893284047813,0.8297249291920695,0.14286400076808603,0.9337165762565407,0.9337165762565407,0.0662834237434593,8.008339326543455,0.3488550717680381,1.5982740183161797,-0.7983426105271735,76.71647438556248,-0.930713649411066
prague,mlp,2,0,10,11.482978849331367,2.0182653101727044,0.5097930968268446,0.6365752964332005,0.5537900244827421,-0.3316451442561567,0.7948010177139839,0.7759109020210263,0.09749891987902648,0.8994527387067351,0.8994527387067351,0.10054726129326486,8.544527438052771,0.3567279535307954,1.6522361973782955,-0.8303641069577341,108.29731037412677,-0.9524737318210285
prague,mlp,3,0,20,11.468088744080589,0.28151818380171184,0.5096610820411887,0.6962459795497096,0.6168810906821564,-0.1885291152609092,0.8332893284047813,0.8293648888675532,0.1435600787288176,0.9337165762565407,0.9337165762565407,0.0662834237434593,7.971185021569911,0.3406221496807642,1.5982740183161797,-0.7906783553854854,76.71647438556248,-0.930713649411066
prague,mlp,3,0,10,11.521939816762773,1.9461121920178956,0.5097930968268446,0.6365752964332005,0.5571023954682924,-0.31515529739330805,0.7948010177139839,0.772226489366809,0.0983270126254141,0.8994527387067351,0.8994527387067351,0.10054726129326486,8.52516223767106,0.3512673419422975,1.6522361973782955,-0.8208639378424583,108.29731037412677,-0.9524737318210285
prague,mlp,4,0,20,11.477964870333505,0.17664894987918278,0.5096610820411887,0.6962459795497096,0.6241058998607845,-0.17976813403101144,0.8332893284047813,0.8288488310690797,0.14102779511305263,0.9337165762565407,0.9337165762565407,0.0662834237434593,7.912412016649352,0.3307810474773174,1.5982740183161797,-0.7773339031066587,76.71647438556248,-0.930713649411066
prague,mlp,4,0,10,11.514868407973266,1.8585467391028074,0.5097930968268446,0.6365752964332005,0.5638231481925976,-0.3057222408909798,0.7948010177139839,0.7746987662618213,0.09609476261341277,0.8994527387067351,0.8994527387067351,0.10054726129326486,8.491011303939052,0.34460659593874515,1.6522361973782955,-0.8079834499082069,108.29731037412677,-0.9524737318210285
prague,ridge,0,0,20,11.402387571860888,0.1564173906216756,0.5096610820411887,0.6962459795497096,0.6176611780519419,-0.18165234506264705,0.8332893284047813,0.8328332773270606,0.15475733282127602,0.9337165762565407,0.9337165762565407,0.0662834237434593,7.955909643512632,0.34045413086265663,1.5982740183161797,-0.7879474585905867,76.71647438556248,-0.930713649411066
prague,ridge,0,0,10,11.447047113055888,1.8053958888325543,0.5097930968268446,0.6365752964332005,0.5531179492103115,-0.31971580817051515,0.7948010177139839,0.7800393644088138,0.11542892803994054,0.8994527387067351,0.8994527387067351,0.10054726129326486,8.510944989857736,0.35262349383130914,1.6522361973782955,-0.8214974694270575,108.29731037412677,-0.9524737318210285
prague,ridge+k10,0,0,20,11.418493598914301,-0.8361157241224954,0.5096610820411887,0.6962459795497096,0.6360832413230282,-0.12636215256108685,0.8332893284047813,0.8330012961451683,0.1615740962987855,0.9337165762565407,0.9337165762565407,0.0662834237434593,7.997331687662073,0.34772694541788685,1.5982740183161797,-0.7996642684725005,76.71647438556248,-0.930713649411066
prague,ridge+k10,0,1,20,11.413153148369641,0.005770024721044641,0.5096610820411887,0.6962459795497096,0.6355551821804042,-0.115704958955403,0.8332893284047813,0.8324372329700926,0.1574336325668475,0.9337165762565407,0.9337165762565407,0.0662834237434593,7.619103841760181,0.284647880562623,1.5982740183161797,-0.6793220947334605,76.71647438556248,-0.930713649411066
prague,ridge+k10,0,2,20,11.597450900514682,2.14763194626634,0.5096610820411887,0.6962459795497096,0.5440809370649513,-0.35505976669386974,0.8332893284047813,0.819007728865633,0.11491287024146701,0.9337165762565407,0.9337165762565407,0.0662834237434593,8.5053620328826,0.41947098074984396,1.5982740183161797,-0.9171353438832864,76.71647438556248,-0.930713649411066
prague,ridge+k10,0,3,20,11.739881737795717,1.8335422871842095,0.5096610820411887,0.6962459795497096,0.5028563199078296,-0.4409053814027171,0.8332893284047813,0.8110748403821229,0.07976093322452116,0.9337165762565407,0.9337165762565407,0.0662834237434593,9.897614727244667,0.5623229801737795,1.5982740183161797,-1.1274887920567402,76.71647438556248,-0.930713649411066
prague,ridge+k10,0,4,20,11.490186536810617,-1.5398395487947152,0.5096610820411887,0.6962459795497096,0.6723993087225769,0.010501176131726742,0.8332893284047813,0.8329052853919638,0.16515049685564787,0.9337165762565407,0.9337165762565407,0.0662834237434593,7.534849131286031,0.26087321780039363,1.5982740183161797,-0.6278677830331048,76.71647438556248,-0.930713649411066
prague,ridge+k10,0,5,20,11.674154386468217,2.5600988733414183,0.5096610820411887,0.6962459795497096,0.5597306898372618,-0.31737554606115886,0.8332893284047813,0.8160073928279967,0.11150448850271233,0.9337165762565407,0.9337165762565407,0.0662834237434593,7.989582199846246,0.34537468196438004,1.5982740183161797,-0.7967994478628739,76.71647438556248,-0.930713649411066
prague,ridge+k10,0,6,20,11.481026866754988,-1.3178047749517123,0.5096610820411887,0.6962459795497096,0.6624261917334742,-0.024578752820315852,0.8332893284047813,0.8331693149632758,0.16287024146704432,0.9337165762565407,0.9337165762565407,0.0662834237434593,7.595638314971355,0.27839518026018917,1.5982740183161797,-0.6663268066522035,76.71647438556248,-0.930713649411066
prague,ridge+k10,0,7,20,11.411528876563871,0.528113322433152,0.5096610820411887,0.6962459795497096,0.6333709375450051,-0.12160962027747113,0.8332893284047813,0.8327372665738563,0.15468532475637276,0.9337165762565407,0.9337165762565407,0.0662834237434593,7.527889373306142,0.26134127022226494,1.5982740183161797,-0.6238913718430694,76.71647438556248,-0.930713649411066
prague,ridge+k10,0,8,20,11.408557498584972,0.7853107010901719,0.5095290672555326,0.6962459795497096,0.5995271470404685,-0.2387907445633911,0.8332893284047813,0.8307810474773175,0.1468004416494647,0.9337165762565407,0.9337165762565407,0.0662834237434593,8.077425685660717,0.3580721040756565,1.5982740183161797,-0.8124454451081196,75.7768356792733,-0.9299877924048963
prague,ridge+k10,0,9,20,11.394240602010424,0.7547254848012056,0.5096610820411887,0.6962459795497096,0.6060198742259133,-0.2155201382554846,0.8332893284047813,0.8317411550093611,0.15023282607652055,0.9337165762565407,0.9337165762565407,0.0662834237434593,7.967566487270959,0.33882194805818255,1.5982740183161797,-0.7793455191041327,76.71647438556248,-0.930713649411066
prague,ridge+k10d,0,0,20,11.445414285363576,0.7638149805102699,0.5096610820411887,0.6962459795497096,0.6222576928616005,-0.15233306130286595,0.8332893284047813,0.8315731361912534,0.15061686908933802,0.9337165762565407,0.9337165762565407,0.0662834237434593,7.572867144685991,0.2743027219048534,1.5982740183161797,-0.6570311652963873,76.71647438556248,-0.930713649411066
prague,uma_los,0,0,20,21.133301809397693,-17.44258036450022,0.5096610820411887,0.6962459795497096,0.6962459795497096,0.30375402045029043,0.8332893284047813,0.8332893284047813,0.16671067159521868,0.9337165762565407,0.9337165762565407,0.0662834237434593,8.338749352755483,0.38321492007104796,1.5982740183161797,-0.9008652793698265,76.71647438556248,-0.930713649411066
prague,uma_los,0,0,10,19.91175219076165,-16.014937462018896,0.5097930968268446,0.6365752964332005,0.6365752964332005,0.36342470356679946,0.7948010177139839,0.7948010177139839,0.20519898228601607,0.8994527387067351,0.8994527387067351,0.10054726129326486,8.802424312739834,0.3661250060006721,1.6522361973782955,-0.8961501853998286,108.29731037412677,-0.9524737318210285
prague,uma_nlos,0,0,20,23.19847987966809,19.081881771449325,0.5096610820411887,0.6962459795497096,0.40563343094426574,-0.48433824588353896,0.8332893284047813,0.503372377706303,-0.3224161106043877,0.9337165762565407,0.7800993711295665,-0.10977629494503383,7.661744218046927,0.15739762853439584,1.5982740183161797,-0.29711381550490823,76.71647438556248,-0.930713649411066
prague,uma_nlos,0,0,10,24.762044193506423,20.99027660939166,0.5097930968268446,0.6365752964332005,0.4128462387787432,-0.5257068791704671,0.7948010177139839,0.39119581393116026,-0.4865584945513897,0.8994527387067351,0.6158249723969085,-0.24891987902645096,9.548275568912542,0.2847678940041285,1.6522361973782955,-0.5747277449204489,108.29731037412677,-0.9524737318210285
vienna,oracle,0,0,20,10.84337138593317,0.00012437010458807437,0.5204528853177501,0.5721785975164354,0.645346359873387,-0.2148313854394936,0.7486456050645239,0.754991477964451,0.0771852934015097,0.8866112734355978,0.8887265644022401,0.10765157048940832,9.352788366471708,0.4124665205746286,1.625051169408534,-0.9464306662729278,67.24267178919361,-0.9178464798227872
vienna,oracle,0,0,10,10.695362443673716,1.274903288759685,0.5198593864134404,0.47107073289505724,0.6702124421719017,-0.22450998295592892,0.6726016557097638,0.7267165814463111,0.03974920866812759,0.8155131482834186,0.8264700511322133,0.16656014122230334,9.327256608962513,0.3312484782079376,1.6350777908419858,-0.7983515060860935,86.75770524309709,-0.9437749075719019
vienna,coral,0,0,20,11.995544663797936,0.14335178808389687,0.5225986121256392,0.5721785975164354,0.6134648161675189,-0.29297540784027276,0.7486456050645239,0.7003134891648405,0.03200328707085465,0.8866112734355978,0.8866112734355978,0.11338872656440224,9.781089735730372,0.4926345264183102,1.625051169408534,-1.0920531280276138,76.37670764804119,-0.9244438023692574
vienna,coral,0,0,10,11.804844398471102,1.5760812920533942,0.5218529340150961,0.47107073289505724,0.6461681275870466,-0.28346420745069395,0.6726016557097638,0.6703189676162649,-0.029187971755539333,0.8155131482834186,0.8168827611395179,0.18278244460676885,9.691996653143908,0.38551558315071827,1.6350777908419858,-0.9635000145371093,110.4818051587789,-0.9506890094588755
vienna,cost231,0,0,20,26.584768154823877,23.330292213698353,0.5225986121256392,0.5721785975164354,0.44892865838811785,-0.5360969077185294,0.7486456050645239,0.38311115169223275,-0.5533388117847577,0.8866112734355978,0.5510409057706355,-0.3408205502800097,10.249029987616776,0.3725803506208911,1.625051169408534,-0.8366804299023828,76.37670764804119,-0.9244438023692574
vienna,cost231,0,0,10,27.775707594316593,24.768209539352057,0.5218529340150961,0.47107073289505724,0.5365382274166058,-0.4575267835402971,0.6726016557097638,0.3934289018748478,-0.5733047236425615,0.8155131482834186,0.44660031653274895,-0.4655009739469199,12.70062195566442,0.44859386413440466,1.6350777908419858,-1.065079205195248,110.4818051587789,-0.9506890094588755
vienna,gbdt,0,0,20,12.052485436222195,-2.6832647806293237,0.5225986121256392,0.5721785975164354,0.6535792549306063,-0.11011687363038719,0.7486456050645239,0.748599951302654,0.21612490869247636,0.8866112734355978,0.8866112734355978,0.11338872656440224,9.24397774506464,0.42774531288044804,1.625051169408534,-1.0112916931284284,76.37670764804119,-0.9244438023692574
vienna,gbdt,0,0,10,11.560638788232225,-1.2756017700543585,0.5218529340150961,0.47107073289505724,0.665281835889944,-0.15882943754565376,0.6726016557097638,0.7051223520818115,0.20098307767226686,0.8155131482834186,0.8155131482834186,0.1844868517165814,9.331459040801413,0.3349312149987826,1.6350777908419858,-0.8648306037389761,110.4818051587789,-0.9506890094588755
vienna,gbdt+k10,0,0,20,11.687528988454174,0.4034538668706552,0.5225986121256392,0.5721785975164354,0.6290023131239347,-0.23236242999756518,0.7486456050645239,0.728344898953007,0.11917153640126621,0.8866112734355978,0.8866112734355978,0.11338872656440224,9.025291999405303,0.3973855612369126,1.625051169408534,-0.9607257551919024,76.37670764804119,-0.9244438023692574
vienna,gbdt+k10,0,1,20,11.8441395016934,1.4706463451607525,0.5225986121256392,0.5721785975164354,0.611653883613343,-0.2995952033114196,0.7486456050645239,0.7028244460676893,0.028609690771852936,0.8866112734355978,0.8866112734355978,0.11338872656440224,9.379871042761252,0.4436480399318237,1.625051169408534,-1.0347454354519159,76.37670764804119,-0.9244438023692574
vienna,gbdt+k10,0,2,20,11.778347401890537,-0.9384877448662478,0.5225986121256392,0.5721785975164354,0.6459094229364499,-0.11885196006817633,0.7486456050645239,0.7452976625273923,0.18418249330411496,0.8866112734355978,0.8866112734355978,0.11338872656440224,8.565085193387043,0.336026905283662,1.625051169408534,-0.8537280640371884,76.37670764804119,-0.9244438023692574
vienna,gbdt+k10,0,3,20,11.772240923614401,-0.20478236230425056,0.5225986121256392,0.5721785975164354,0.6274653031409788,-0.2557523739956173,0.7486456050645239,0.7317232773313854,0.11631056732408085,0.8866112734355978,0.8866112734355978,0.11338872656440224,9.589981707147405,0.4673271244217191,1.625051169408534,-1.0675885719353722,76.37670764804119,-0.9244438023692574
vienna,gbdt+k10,0,4,20,11.757861229033995,0.46082837282856637,0.5225986121256392,0.5721785975164354,0.6232955928901874,-0.26695276357438524,0.7486456050645239,0.7243121499878257,0.09158144631117604,0.8866112734355978,0.8866112734355978,0.11338872656440224,9.385719253017447,0.4445763330898466,1.625051169408534,-1.0352975454472704,76.37670764804119,-0.9244438023692574
vienna,gbdt+k10,0,5,20,11.78235461841043,0.6608032273657237,0.5225986121256392,0.5721785975164354,0.6308893352812271,-0.1969959824689555,0.7486456050645239,0.7231708059410762,0.11004078402727058,0.8866112734355978,0.8866112734355978,0.11338872656440224,8.598134390803093,0.3395118091064037,1.625051169408534,-0.858089765847172,76.37670764804119,-0.9244438023692574
vienna,gbdt+k10,0,6,20,11.752223262964923,0.07346897599858475,0.5225986121256392,0.5721785975164354,0.6368699780861943,-0.17062332602873148,0.7486456050645239,0.7337320428536644,0.144463720477234,0.8866112734355978,0.8866112734355978,0.11338872656440224,8.548032367080559,0.33488556123691254,1.625051169408534,-0.8567428751193829,76.37670764804119,-0.9244438023692574
vienna,gbdt+k10,0,7,20,11.768436247931007,-0.6501066004399898,0.5225986121256392,0.5721785975164354,0.6433071585098612,-0.1122930362795228,0.7486456050645239,0.743882395909423,0.1810932554175798,0.8866112734355978,0.8866112734355978,0.11338872656440224,8.410008728155892,0.3180241051862674,1.625051169408534,-0.8300198327594391,76.37670764804119,-0.9244438023692574
vienna,gbdt+k10,0,8,20,11.772189596412794,-0.3048568581783902,0.5225986121256392,0.5721785975164354,0.6246499878256635,-0.2766161431701973,0.7486456050645239,0.7325906988069151,0.1097212076941807,0.8866112734355978,0.8866112734355978,0.11338872656440224,9.821966681087558,0.4963324811297784,1.625051169408534,-1.0973196230666975,76.37670764804119,-0.9244438023692574
vienna,gbdt+k10,0,9,20,11.750683033999193,-0.4832199716472021,0.5225986121256392,0.5721785975164354,0.6419527635743852,-0.12862186510835166,0.7486456050645239,0.7421779887996104,0.17613221329437556,0.8866112734355978,0.8866112734355978,0.11338872656440224,8.456923202406632,0.3227416605794984,1.625051169408534,-0.8341825328941375,76.37670764804119,-0.9244438023692574
vienna,gbdt+k10d,0,0,20,11.78696975098466,0.7027602710882381,0.5225986121256392,0.5721785975164354,0.6174975651327003,-0.29049488677867064,0.7486456050645239,0.7153031409788166,0.06239347455563682,0.8866112734355978,0.8866112734355978,0.11338872656440224,9.603667457908818,0.46758582907231555,1.625051169408534,-1.067150036895935,76.37670764804119,-0.9244438023692574
vienna,gbdt,1,0,20,12.033383856123242,-2.6909789300468105,0.5225986121256392,0.5721785975164354,0.6543401509617726,-0.108382030679328,0.7486456050645239,0.7491782322863404,0.2196859021183346,0.8866112734355978,0.8866112734355978,0.11338872656440224,9.237513574513455,0.4277605308010714,1.625051169408534,-1.0101300368427792,76.37670764804119,-0.9244438023692574
vienna,gbdt,1,0,10,11.548705841122942,-1.2703844070692234,0.5218529340150961,0.47107073289505724,0.6656014122230338,-0.16331872412953496,0.6726016557097638,0.7038288288288288,0.20726807888970056,0.8155131482834186,0.8155131482834186,0.1844868517165814,9.332540659399763,0.33544862429997563,1.6350777908419858,-0.8641604070103595,110.4818051587789,-0.9506890094588755
vienna,gbdt+k10,1,0,20,11.681779073482105,0.6508447119015767,0.5225986121256392,0.5721785975164354,0.6295958120282444,-0.23602994886778678,0.7486456050645239,0.7198837350864378,0.10078828828828834,0.8866112734355978,0.8866112734355978,0.11338872656440224,8.99209287416275,0.39402240077915746,1.625051169408534,-0.9539771137521376,76.37670764804119,-0.9244438023692574
vienna,gbdt+k10,1,1,20,11.867017181398113,1.845495623383332,0.5225986121256392,0.5721785975164354,0.6040905770635501,-0.3165023131239348,0.7486456050645239,0.6991264913562211,0.013346116386656948,0.8866112734355978,0.8866112734355978,0.11338872656440224,9.45607062805567,0.4528700998295593,1.625051169408534,-1.0467912711737948,76.37670764804119,-0.9244438023692574
vienna,gbdt+k10,1,2,20,11.741306775821965,-0.7180055096232787,0.5225986121256392,0.5721785975164354,0.6448137326515705,-0.12938276113951797,0.7486456050645239,0.7401235695154614,0.17468651083515951,0.8866112734355978,0.8866112734355978,0.11338872656440224,8.570091073732181,0.3386139517896275,1.625051169408534,-0.8551643347593989,76.37670764804119,-0.9244438023692574
vienna,gbdt+k10,1,3,20,11.7527234377198,-0.2088043005917083,0.5225986121256392,0.5721785975164354,0.6289262235208181,-0.25012174336498666,0.7486456050645239,0.7278427075724373,0.1084429023618213,0.8866112734355978,0.8866112734355978,0.11338872656440224,9.565318902807817,0.464618334550767,1.625051169408534,-1.0638946439276606,76.37670764804119,-0.9244438023692574
vienna,gbdt+k10,1,4,20,11.727410428795661,0.1203509199634014,0.5225986121256392,0.5721785975164354,0.6278305332359386,-0.2509130752373996,0.7486456050645239,0.7233838568298028,0.10115351838324815,0.8866112734355978,0.8866112734355978,0.11338872656440224,9.392682473630124,0.4458698563428293,1.625051169408534,-1.0366170305775393,76.37670764804119,-0.9244438023692574
vienna,gbdt+k10,1,5,20,11.802657125884133,1.1837243496937393,0.5225986121256392,0.5721785975164354,0.6290479668858048,-0.20939858777696618,0.7486456050645239,0.7145118091064037,0.08738130021913815,0.8866112734355978,0.8866112734355978,0.11338872656440224,8.56604629540686,0.3366051862673484,1.625051169408534,-0.8487987232517766,76.37670764804119,-0.9244438023692574
vienna,gbdt+k10,1,6,20,11.73161726957898,-0.10904698659863227,0.5225986121256392,0.5721785975164354,0.6411614317019723,-0.1565924032140249,0.7486456050645239,0.7306884587289992,0.14720294618943275,0.8866112734355978,0.8866112734355978,0.11338872656440224,8.542905346812882,0.3361029948867787,1.625051169408534,-0.8558095092003795,76.37670764804119,-0.9244438023692574
vienna,gbdt+k10,1,7,20,11.823751044900519,-1.529500794699439,0.5225986121256392,0.5721785975164354,0.6478877526174823,-0.07952885317750186,0.7486456050645239,0.7464237886535184,0.20250486973459947,0.8866112734355978,0.8866112734355978,0.11338872656440224,8.49446157535717,0.33237460433406374,1.625051169408534,-0.855610279207784,76.37670764804119,-0.9244438023692574
vienna,gbdt+k10,1,8,20,11.749711863914026,-0.15272984259574682,0.5225986121256392,0.5721785975164354,0.6244217190163136,-0.27800097394691997,0.7486456050645239,0.7270665936206476,0.09564463111760413,0.8866112734355978,0.8866112734355978,0.11338872656440224,9.771569316048284,0.49058010713416117,1.625051169408534,-1.090376725610104,76.37670764804119,-0.9244438023692574
vienna,gbdt+k10,1,9,20,11.736479491030645,-0.17058672795961444,0.5225986121256392,0.5721785975164354,0.6428354029705381,-0.131300219138057,0.7486456050645239,0.734082055028001,0.1614925736547359,0.8866112734355978,0.8866112734355978,0.11338872656440224,8.385325312499376,0.31250000000000006,1.625051169408534,-0.8113409326828566,76.37670764804119,-0.9244438023692574
vienna,gbdt+k10d,1,0,20,11.768253637721852,0.7107541987770859,0.5225986121256392,0.5721785975164354,0.6158844655466277,-0.28806001947893844,0.7486456050645239,0.7139943998052106,0.06260652544436329,0.8866112734355978,0.8866112734355978,0.11338872656440224,9.57234358681258,0.46372047723399074,1.625051169408534,-1.0618958376396868,76.37670764804119,-0.9244438023692574
vienna,gbdt,2,0,20,12.075105493635721,-2.773635938543742,0.5225986121256392,0.5721785975164354,0.6554662770878987,-0.10762113464816175,0.7486456050645239,0.747808619430241,0.21073776479181894,0.8866112734355978,0.8866112734355978,0.11338872656440224,9.20938948403268,0.42594959824689554,1.625051169408534,-1.0084898670171665,76.37670764804119,-0.9244438023692574
vienna,gbdt,2,0,10,11.575425349293422,-1.3369671976291,0.5218529340150961,0.47107073289505724,0.669953737521305,-0.16100560019478943,0.6726016557097638,0.7003895787679572,0.20029827124421717,0.8155131482834186,0.8155131482834186,0.1844868517165814,9.324344802208971,0.33220720720720714,1.6350777908419858,-0.8641868605318501,110.4818051587789,-0.9506890094588755
vienna,gbdt+k10,2,0,20,11.67668373206539,0.2279682997569993,0.5225986121256392,0.5721785975164354,0.6336285609934259,-0.22645787679571466,0.7486456050645239,0.7268383248112977,0.11221694667640614,0.8866112734355978,0.8866112734355978,0.11338872656440224,9.031079270887878,0.40065741417092765,1.625051169408534,-0.9659979791866067,76.37670764804119,-0.9244438023692574
vienna,gbdt+k10,2,1,20,11.844211509615134,1.5127617291728033,0.5225986121256392,0.5721785975164354,0.6102233990747504,-0.30543888483077675,0.7486456050645239,0.6969655466277088,0.014380934989043137,0.8866112734355978,0.8866112734355978,0.11338872656440224,9.39580007777802,0.4472242512783053,1.625051169408534,-1.0402533699162473,76.37670764804119,-0.9244438023692574
vienna,gbdt+k10,2,2,20,11.765463713259116,-0.9439050879156938,0.5225986121256392,0.5721785975164354,0.6482073289505722,-0.11978025322619923,0.7486456050645239,0.7386474312149988,0.16986242999756518,0.8866112734355978,0.8866112734355978,0.11338872656440224,8.559028571882408,0.3385835159483808,1.625051169408534,-0.8567673391602174,76.37670764804119,-0.9244438023692574
vienna,gbdt+k10,2,3,20,11.791385015255935,-0.5565920401257463,0.5225986121256392,0.5721785975164354,0.6337503043584125,-0.24064097881665453,0.7486456050645239,0.7319211102994887,0.11529096664231808,0.8866112734355978,0.8866112734355978,0.11338872656440224,9.593403300488154,0.46862064767470174,1.625051169408534,-1.0712726717536385,76.37670764804119,-0.9244438023692574
vienna,gbdt+k10,2,4,20,11.749505583937358,-0.0077486775096365,0.5225986121256392,0.5721785975164354,0.6306762843925006,-0.24496286827367914,0.7486456050645239,0.7254687119551985,0.10126004382761145,0.8866112734355978,0.8866112734355978,0.11338872656440224,9.332334954196787,0.4401327002678354,1.625051169408534,-1.0296171875250377,76.37670764804119,-0.9244438023692574
vienna,gbdt+k10,2,5,20,11.781104500074786,0.7675327034438689,0.5225986121256392,0.5721785975164354,0.6329741904066228,-0.199446067689311,0.7486456050645239,0.7189250060871683,0.09480764548332121,0.8866112734355978,0.8866112734355978,0.11338872656440224,8.57122594229625,0.3387965668371074,1.625051169408534,-0.8548787159136957,76.37670764804119,-0.9244438023692574
vienna,gbdt+k10,2,6,20,11.757512615949771,-0.6950724235173468,0.5225986121256392,0.5721785975164354,0.6472029461894326,-0.13822437302167034,0.7486456050645239,0.7345233747260774,0.15666849281714157,0.8866112734355978,0.8866112734355978,0.11338872656440224,8.599344845616065,0.34567506695885075,1.625051169408534,-0.8759224228374359,76.37670764804119,-0.9244438023692574
vienna,gbdt+k10,2,7,20,11.787149938410408,-1.0472998424728839,0.5225986121256392,0.5721785975164354,0.6483138543949355,-0.09800340881421965,0.7486456050645239,0.7400626978329681,0.17891709276844414,0.8866112734355978,0.8866112734355978,0.11338872656440224,8.430951640563203,0.32447650353055757,1.625051169408534,-0.841017237498905,76.37670764804119,-0.9244438023692574
vienna,gbdt+k10,2,8,20,11.77192461156424,0.1813338213908884,0.5225986121256392,0.5721785975164354,0.6199172145118091,-0.2949233016800585,0.7486456050645239,0.717372778183589,0.06759800340881428,0.8866112734355978,0.8866112734355978,0.11338872656440224,9.799295276721312,0.49474981738495255,1.625051169408534,-1.0973502911787691,76.37670764804119,-0.9244438023692574
vienna,gbdt+k10,2,9,20,11.755968165026266,-0.8498390197272537,0.5225986121256392,0.5721785975164354,0.6472942537131726,-0.10864073532992458,0.7486456050645239,0.7390126613099586,0.17634526418310204,0.8866112734355978,0.8866112734355978,0.11338872656440224,8.436911477131178,0.3225742634526418,1.625051169408534,-0.832619628662962,76.37670764804119,-0.9244438023692574
vienna,gbdt+k10d,2,0,20,11.801910246914085,0.7963219058337049,0.5225986121256392,0.5721785975164354,0.6174519113708303,-0.29047966885804727,0.7486456050645239,0.7076485269052837,0.04399500852203564,0.8866112734355978,0.8866112734355978,0.11338872656440224,9.515946421067897,0.4584550766983199,1.625051169408534,-1.0558116916245055,76.37670764804119,-0.9244438023692574
vienna,gbdt,3,0,20,12.041924449214827,-2.746615928218413,0.5225986121256392,0.5721785975164354,0.6540662283905527,-0.10147309471633803,0.7486456050645239,0.7492238860482103,0.21918371073776488,0.8866112734355978,0.8866112734355978,0.11338872656440224,9.204310777676174,0.42567567567567566,1.625051169408534,-1.0057796371873482,76.37670764804119,-0.9244438023692574
vienna,gbdt,3,0,10,11.549069454333885,-1.3368323111678713,0.5218529340150961,0.47107073289505724,0.6672753834915998,-0.15266617969320673,0.6726016557097638,0.702854881908936,0.2082420258095934,0.8155131482834186,0.8155131482834186,0.1844868517165814,9.316395222856897,0.33197893839785725,1.6350777908419858,-0.8599481978154073,110.4818051587789,-0.9506890094588755
vienna,gbdt+k10,3,0,20,11.673316816134736,0.5562657297715197,0.5225986121256392,0.5721785975164354,0.6287892622352081,-0.2346451180910641,0.7486456050645239,0.7216642317993669,0.10530801071341622,0.8866112734355978,0.8866112734355978,0.11338872656440224,9.022877653724136,0.40026174823472116,1.625051169408534,-0.9620912607532788,76.37670764804119,-0.9244438023692574
vienna,gbdt+k10,3,1,20,11.816310880801273,1.4793767579596213,0.5225986121256392,0.5721785975164354,0.6102081811541271,-0.30338446554662774,0.7486456050645239,0.7028396639883127,0.03343377160944738,0.8866112734355978,0.8866112734355978,0.11338872656440224,9.381906969604186,0.4461894326759191,1.625051169408534,-1.036185502431076,76.37670764804119,-0.9244438023692574
vienna,gbdt+k10,3,2,20,11.745978198275504,-0.9202381248050298,0.5225986121256392,0.5721785975164354,0.6448898222546872,-0.12145422449476506,0.7486456050645239,0.7400779157535914,0.1808497686876066,0.8866112734355978,0.8866112734355978,0.11338872656440224,8.590036128342975,0.3437880448015584,1.625051169408534,-0.8624213929492927,76.37670764804119,-0.9244438023692574
vienna,gbdt+k10,3,3,20,11.761017204513116,-0.4183598345595641,0.5225986121256392,0.5721785975164354,0.6296110299488678,-0.24465850986121263,0.7486456050645239,0.7308406379352326,0.11898892135378625,0.8866112734355978,0.8866112734355978,0.11338872656440224,9.595091458265086,0.46974677380082785,1.625051169408534,-1.070137075476958,76.37670764804119,-0.9244438023692574
vienna,gbdt+k10,3,4,20,11.73126035421888,0.5422885543256639,0.5225986121256392,0.5721785975164354,0.6237673484295105,-0.2610634282931581,0.7486456050645239,0.7188793523252983,0.08608777696615544,0.8866112734355978,0.8866112734355978,0.11338872656440224,9.296232844797418,0.43602386169953733,1.625051169408534,-1.0210201597799444,76.37670764804119,-0.9244438023692574
vienna,gbdt+k10,3,5,20,11.77128263693207,0.9041836214476644,0.5225986121256392,0.5721785975164354,0.6311784757730704,-0.1975894813732652,0.7486456050645239,0.7177684441197955,0.0997991234477722,0.8866112734355978,0.8866112734355978,0.11338872656440224,8.56780376566147,0.3389791818845873,1.625051169408534,-0.8511726224611493,76.37670764804119,-0.9244438023692574
vienna,gbdt+k10,3,6,20,11.725495276809673,-0.4139328611009022,0.5225986121256392,0.5721785975164354,0.6419527635743852,-0.1510530801071342,0.7486456050645239,0.7337320428536644,0.15806854151448746,0.8866112734355978,0.8866112734355978,0.11338872656440224,8.615771623289746,0.34884039444850257,1.625051169408534,-0.8779803470555656,76.37670764804119,-0.9244438023692574
vienna,gbdt+k10,3,7,20,11.764943404113117,-1.0159088847037008,0.5225986121256392,0.5721785975164354,0.644555028000974,-0.09950998295592894,0.7486456050645239,0.741782322863404,0.1892500608716825,0.8866112734355978,0.8866112734355978,0.11338872656440224,8.456045000791196,0.3286005600194789,1.625051169408534,-0.8448369780840175,76.37670764804119,-0.9244438023692574
vienna,gbdt+k10,3,8,20,11.75312487403241,-0.3822302472557951,0.5225986121256392,0.5721785975164354,0.6254108838568299,-0.27208120282444614,0.7486456050645239,0.7310841246652058,0.11131908935962997,0.8866112734355978,0.8866112734355978,0.11338872656440224,9.81439316392187,0.49712381300219133,1.625051169408534,-1.0982038109010661,76.37670764804119,-0.9244438023692574
vienna,gbdt+k10,3,9,20,11.7246260078656,-0.4276672936186414,0.5225986121256392,0.5721785975164354,0.6427897492086682,-0.12370647674701735,0.7486456050645239,0.7361212563915267,0.17196250304358418,0.8866112734355978,0.8866112734355978,0.11338872656440224,8.426524658901396,0.32173727781835887,1.625051169408534,-0.8262593528876541,76.37670764804119,-0.9244438023692574
vienna,gbdt+k10d,3,0,20,11.769634191567187,0.6099466276038881,0.5225986121256392,0.5721785975164354,0.6182888970051132,-0.28711650840029224,0.7486456050645239,0.7145878987095203,0.06520878987095213,0.8866112734355978,0.8866112734355978,0.11338872656440224,9.58579310134614,0.4675401753104456,1.625051169408534,-1.0657632643450405,76.37670764804119,-0.9244438023692574
vienna,gbdt,4,0,20,12.022501804569073,-2.6851248660577327,0.5225986121256392,0.5721785975164354,0.6544618943267592,-0.09955563671779893,0.7486456050645239,0.7469411979547115,0.22027940102264432,0.8866112734355978,0.8866112734355978,0.11338872656440224,9.261380794132302,0.4298149500852203,1.625051169408534,-1.0128989772018584,76.37670764804119,-0.9244438023692574
vienna,gbdt,4,0,10,11.549981007394289,-1.2756437355525574,0.5218529340150961,0.47107073289505724,0.6677775748721695,-0.15834246408570735,0.6726016557097638,0.6923849525200877,0.22035549062576087,0.8155131482834186,0.8155131482834186,0.1844868517165814,9.33925581364687,0.335326880934989,1.6350777908419858,-0.8642853373879742,110.4818051587789,-0.9506890094588755
vienna,gbdt+k10,4,0,20,11.709832291012612,1.0419532946553278,0.5225986121256392,0.5721785975164354,0.623782566350134,-0.24689554419284154,0.7486456050645239,0.7176771365960555,0.08802045288531779,0.8866112734355978,0.8866112734355978,0.11338872656440224,9.002485013997743,0.3942050158266374,1.625051169408534,-0.9534022962912886,76.37670764804119,-0.9244438023692574
vienna,gbdt+k10,4,1,20,11.906702532823319,2.139956096306016,0.5225986121256392,0.5721785975164354,0.602081811541271,-0.3184197711224739,0.7486456050645239,0.6950328707085464,0.00946554662770882,0.8866112734355978,0.8866112734355978,0.11338872656440224,9.379117108341061,0.4426893109325542,1.625051169408534,-1.032277069824334,76.37670764804119,-0.9244438023692574
vienna,gbdt+k10,4,2,20,11.725303049827136,-0.47237242187270995,0.5225986121256392,0.5721785975164354,0.641572315558802,-0.13073715607499398,0.7486456050645239,0.7374756513270027,0.17051680058436824,0.8866112734355978,0.8866112734355978,0.11338872656440224,8.565691151457292,0.33540297053810564,1.625051169408534,-0.850842440382976,76.37670764804119,-0.9244438023692574
vienna,gbdt+k10,4,3,20,11.739497225523003,0.15517869774583834,0.5225986121256392,0.5721785975164354,0.6236303871439006,-0.258400292184076,0.7486456050645239,0.7250121743364987,0.10040784027270522,0.8866112734355978,0.8866112734355978,0.11338872656440224,9.534796244467808,0.4609964694424154,1.625051169408534,-1.0573380087652362,76.37670764804119,-0.9244438023692574
vienna,gbdt+k10,4,4,20,11.72213463664554,-0.17529558152818736,0.5225986121256392,0.5721785975164354,0.6288805697589481,-0.2400322619917215,0.7486456050645239,0.7303993182371561,0.12305210616021434,0.8866112734355978,0.8866112734355978,0.11338872656440224,9.465035824202758,0.45439189189189183,1.625051169408534,-1.0474894897282319,76.37670764804119,-0.9244438023692574
vienna,gbdt+k10,4,5,20,11.84362584953111,1.5652639796096979,0.5225986121256392,0.5721785975164354,0.6238890917944973,-0.2168705868030193,0.7486456050645239,0.712472607742878,0.07797662527392257,0.8866112734355978,0.8866112734355978,0.11338872656440224,8.563605142721258,0.3336529096664232,1.625051169408534,-0.8443700830703093,76.37670764804119,-0.9244438023692574
vienna,gbdt+k10,4,6,20,11.726445602543766,0.10911705415157481,0.5225986121256392,0.5721785975164354,0.6369156318480643,-0.15959033357682012,0.7486456050645239,0.7298971268565864,0.14485938641344054,0.8866112734355978,0.8866112734355978,0.11338872656440224,8.562494463310424,0.3362399561723886,1.625051169408534,-0.8584686389425193,76.37670764804119,-0.9244438023692574
vienna,gbdt+k10,4,7,20,11.757052340169604,-0.7895145341538607,0.5225986121256392,0.5721785975164354,0.6441289262235208,-0.09728816654492334,0.7486456050645239,0.7409149013878744,0.18558254200146096,0.8866112734355978,0.8866112734355978,0.11338872656440224,8.439445200856841,0.32193511078646214,1.625051169408534,-0.8365165121769863,76.37670764804119,-0.9244438023692574
vienna,gbdt+k10,4,8,20,11.738976107252606,-0.20039852526884958,0.5225986121256392,0.5721785975164354,0.6236303871439006,-0.2786401266130996,0.7486456050645239,0.730536279522766,0.10629717555393237,0.8866112734355978,0.8866112734355978,0.11338872656440224,9.840550766167853,0.49835646457268074,1.625051169408534,-1.0985291171048113,76.37670764804119,-0.9244438023692574
vienna,gbdt+k10,4,9,20,11.732845404306778,-0.33518768075515293,0.5225986121256392,0.5721785975164354,0.641754930606282,-0.12270209398587784,0.7486456050645239,0.7352994886778671,0.16913196980764555,0.8866112734355978,0.8866112734355978,0.11338872656440224,8.446129103264187,0.3202763574385196,1.625051169408534,-0.8288153069220642,76.37670764804119,-0.9244438023692574
vienna,gbdt+k10d,4,0,20,11.771302667195565,0.9053524776996319,0.5225986121256392,0.5721785975164354,0.6136778670562454,-0.2947102507913319,0.7486456050645239,0.7115595325054784,0.057249817384952606,0.8866112734355978,0.8866112734355978,0.11338872656440224,9.58742242583368,0.4649835646457268,1.625051169408534,-1.0630266207803403,76.37670764804119,-0.9244438023692574
vienna,gbdt_iw,0,0,20,12.054163798945634,-2.750989662093183,0.5225986121256392,0.5721785975164354,0.6521031166301436,-0.10133613343072806,0.7486456050645239,0.7514609203798392,0.21673362551740938,0.8866112734355978,0.8866112734355978,0.11338872656440224,9.266770961917935,0.431154127100073,1.625051169408534,-1.0168114655703246,76.37670764804119,-0.9244438023692574
vienna,gbdt_iw,0,0,10,11.55780344694133,-1.339084272601727,0.5218529340150961,0.47107073289505724,0.6658296810323837,-0.15615108351594842,0.6726016557097638,0.698700389578768,0.21887935232529832,0.8155131482834186,0.8155131482834186,0.1844868517165814,9.353840882281606,0.33593559775992204,1.6350777908419858,-0.8681734246773413,110.4818051587789,-0.9506890094588755
vienna,gbdt_iw,1,0,20,12.050801630733714,-2.7275799087742474,0.5225986121256392,0.5721785975164354,0.6519509374239104,-0.10148831263696134,0.7486456050645239,0.748691258826394,0.2143291940589238,0.8866112734355978,0.8866112734355978,0.11338872656440224,9.263844924342886,0.431291088385683,1.625051169408534,-1.0140573137057514,76.37670764804119,-0.9244438023692574
vienna,gbdt_iw,1,0,10,11.558639334085434,-1.3015620727948316,0.5218529340150961,0.47107073289505724,0.6650992208424641,-0.15657718529340153,0.6726016557097638,0.6974677380082785,0.2216642317993669,0.8155131482834186,0.8155131482834186,0.1844868517165814,9.348086903437999,0.33546384222059894,1.6350777908419858,-0.8658932767819114,110.4818051587789,-0.9506890094588755
vienna,gbdt_iw,2,0,20,12.02937915947129,-2.6952604631529677,0.5225986121256392,0.5721785975164354,0.6521944241538836,-0.10581020209398595,0.7486456050645239,0.748691258826394,0.21228999269539817,0.8866112734355978,0.8866112734355978,0.11338872656440224,9.270239299234461,0.43056062819576335,1.625051169408534,-1.0130543180541287,76.37670764804119,-0.9244438023692574
vienna,gbdt_iw,2,0,10,11.542613688419102,-1.2695411453927377,0.5218529340150961,0.47107073289505724,0.6642926710494278,-0.16112734355977604,0.6726016557097638,0.6961285609934259,0.21402483564645725,0.8155131482834186,0.8155131482834186,0.1844868517165814,9.358716212310368,0.3358442902361822,1.6350777908419858,-0.8673194046628694,110.4818051587789,-0.9506890094588755
vienna,gbdt_iw,3,0,20,12.040728044101966,-2.7240129396758963,0.5225986121256392,0.5721785975164354,0.6489834429023619,-0.10214268322376435,0.7486456050645239,0.7499391283175066,0.21600316532748975,0.8866112734355978,0.8866112734355978,0.11338872656440224,9.285305383350721,0.4326607012417823,1.625051169408534,-1.0171254691103089,76.37670764804119,-0.9244438023692574
vienna,gbdt_iw,3,0,10,11.55572170246956,-1.2995662937745402,0.5218529340150961,0.47107073289505724,0.6628621865108352,-0.16191867543218896,0.6726016557097638,0.6957481129778427,0.2169923301680058,0.8155131482834186,0.8155131482834186,0.1844868517165814,9.35362321566334,0.33684867299732163,1.6350777908419858,-0.8698264667567881,110.4818051587789,-0.9506890094588755
vienna,gbdt_iw,4,0,20,12.025183114741782,-2.628791858889782,0.5225986121256392,0.5721785975164354,0.6470203311419528,-0.10282748965181404,0.7486456050645239,0.7467281470659849,0.2199141709276845,0.8866112734355978,0.8866112734355978,0.11338872656440224,9.291544991769356,0.43263026540053573,1.625051169408534,-1.0173005225806926,76.37670764804119,-0.9244438023692574
vienna,gbdt_iw,4,0,10,11.553416949821926,-1.2232218760770412,0.5218529340150961,0.47107073289505724,0.6643687606525445,-0.16162953494034576,0.6726016557097638,0.6888848307767227,0.23140370099829555,0.8155131482834186,0.8155131482834186,0.1844868517165814,9.359753217466196,0.33824872169466763,1.6350777908419858,-0.8689597317505814,110.4818051587789,-0.9506890094588755
vienna,gp_ard,0,0,20,12.072036717974704,-2.904290250720878,0.5225986121256392,0.5721785975164354,0.6534422936449964,-0.09585768200633071,0.7486456050645239,0.7515065741417093,0.22517957146335532,0.8866112734355978,0.8866112734355978,0.11338872656440224,9.224851194463922,0.4304541027514,1.625051169408534,-1.0125842531049236,76.37670764804119,-0.9244438023692574
vienna,gp_ard,0,0,10,11.561625395672696,-1.5189913102597397,0.5218529340150961,0.47107073289505724,0.6691319698076454,-0.149318237156075,0.6726016557097638,0.7018961529096664,0.22158814219625034,0.8155131482834186,0.8155131482834186,0.1844868517165814,9.306575205382892,0.3329985390796202,1.6350777908419858,-0.8619847691507536,110.4818051587789,-0.9506890094588755
vienna,kernel,0,0,20,12.245769285457445,-3.1253944236511435,0.5200420014609204,0.5721785975164354,0.6539444850255661,-0.07818967616264921,0.7486456050645239,0.750700024348673,0.22769052836620407,0.8866112734355978,0.8866112734355978,0.11338872656440224,9.17978331988996,0.42147552958363776,1.625051169408534,-1.0024496239480085,75.37021727652359,-0.9218433978618896
vienna,kernel,0,0,10,11.675953601823323,-1.6914440096311185,0.5217920623326029,0.47107073289505724,0.6670014609203798,-0.13425249573898224,0.6726016557097638,0.6941045775505235,0.2332146335524714,0.8155131482834186,0.8155131482834186,0.1844868517165814,9.288373422853642,0.3295897248599951,1.6350777908419858,-0.8523533768256447,100.0096542124672,-0.9478561482690738
vienna,knn,0,0,20,12.138209984997125,-2.9069161484720167,0.5225986121256392,0.5721785975164354,0.646655101046993,-0.06846542488434382,0.7486456050645239,0.7483716824933041,0.23199719990260537,0.8866112734355978,0.8866112734355978,0.11338872656440224,9.098610681478428,0.4179449719990261,1.625051169408534,-0.9890318995252747,76.37670764804119,-0.9244438023692574
vienna,knn,0,0,10,11.608746701971198,-1.465630648142403,0.5218529340150961,0.47107073289505724,0.6618578037496956,-0.14310932554175798,0.6726016557097638,0.6899957389822254,0.23723216459702945,0.8155131482834186,0.8155131482834186,0.1844868517165814,9.299965031745238,0.3241417092768444,1.6350777908419858,-0.842964469096787,110.4818051587789,-0.9506890094588755
vienna,median,0,0,20,12.218065269625733,-1.1762841881984685,0.5225986121256392,0.5721785975164354,0.5743243243243243,-0.0129352325298272,0.7486456050645239,0.7455868030192354,0.24601290479668858,0.8866112734355978,0.8866112734355978,0.11338872656440224,8.96242623279913,0.393154979303628,1.625051169408534,-0.9536247657373295,76.37670764804119,-0.9244438023692574
vienna,median,0,0,10,12.038284920537015,-0.058987674191507966,0.5218529340150961,0.47107073289505724,0.6038927440954468,-0.10787983929875822,0.6726016557097638,0.6644296323350377,0.2691289262235208,0.8155131482834186,0.8155131482834186,0.1844868517165814,9.361546446169186,0.302136596055515,1.6350777908419858,-0.8275630415333654,110.4818051587789,-0.9506890094588755
vienna,mlp,0,0,20,12.123892059314743,-2.9644724293762206,0.5225986121256392,0.5721785975164354,0.6522705137570003,-0.09827733138543954,0.7486456050645239,0.7490108351594839,0.22731008035062095,0.8866112734355978,0.8866112734355978,0.11338872656440224,9.223162325948646,0.42899318237156076,1.625051169408534,-1.0097977590775886,76.37670764804119,-0.9244438023692574
vienna,mlp,0,0,10,11.597703029865281,-1.5459760746696851,0.5218529340150961,0.47107073289505724,0.6677014852690528,-0.151509617725834,0.6726016557097638,0.6977568785001217,0.22533175066958855,0.8155131482834186,0.8155131482834186,0.1844868517165814,9.307669713049417,0.33191806671536406,1.6350777908419858,-0.8623404309751805,110.4818051587789,-0.9506890094588755
vienna,mlp,1,0,20,11.993721573871854,-2.540825910829742,0.5225986121256392,0.5721785975164354,0.6491508400292184,-0.10240138787436087,0.7486456050645239,0.75009130752374,0.21423788653518383,0.8866112734355978,0.8866112734355978,0.11338872656440224,9.173839937201548,0.41937545653761876,1.625051169408534,-1.0011004338257599,76.37670764804119,-0.9244438023692574
vienna,mlp,1,0,10,11.51761596358933,-1.138224131749559,0.5218529340150961,0.47107073289505724,0.6680514974433893,-0.15971207694180667,0.6726016557097638,0.7012417823228634,0.21311176040905766,0.8155131482834186,0.8155131482834186,0.1844868517165814,9.266826739090687,0.32405040175310446,1.6350777908419858,-0.8499421828298585,110.4818051587789,-0.9506890094588755
vienna,mlp,2,0,20,11.97845703452241,-2.507633545301694,0.5225986121256392,0.5721785975164354,0.6529401022644266,-0.12618699780861947,0.7486456050645239,0.7501369612856099,0.20630934989043104,0.8866112734355978,0.8866112734355978,0.11338872656440224,9.354760408239791,0.435399926953981,1.625051169408534,-1.024779302870567,76.37670764804119,-0.9244438023692574
vienna,mlp,2,0,10,11.503262262560284,-1.0963131146285492,0.5218529340150961,0.47107073289505724,0.6676406135865596,-0.1732712442171902,0.6726016557097638,0.7056397613830047,0.19958302897492086,0.8155131482834186,0.8155131482834186,0.1844868517165814,9.36109299770322,0.337426953981008,1.6350777908419858,-0.8738479397012576,110.4818051587789,-0.9506890094588755
vienna,mlp,3,0,20,12.121823967216727,-2.928099907211295,0.5225986121256392,0.5721785975164354,0.6540053567080594,-0.11416484051619191,0.7486456050645239,0.7471542488434381,0.21970112003895792,0.8866112734355978,0.8866112734355978,0.11338872656440224,9.300411588340044,0.43488251765278796,1.625051169408534,-1.0167177088456731,76.37670764804119,-0.9244438023692574
vienna,mlp,3,0,10,11.587900847012822,-1.4976544961695357,0.5218529340150961,0.47107073289505724,0.6685384709033357,-0.1558467251034819,0.6726016557097638,0.6993851960068176,0.21530314097881664,0.8155131482834186,0.8155131482834186,0.1844868517165814,9.338910464330471,0.3349616508400292,1.6350777908419858,-0.8658566675951265,110.4818051587789,-0.9506890094588755
vienna,mlp,4,0,20,12.039887061415891,-2.6082418140908192,0.5225986121256392,0.5721785975164354,0.6522857316776236,-0.12958059410762118,0.7486456050645239,0.7455259313367422,0.21658144631117604,0.8866112734355978,0.8866112734355978,0.11338872656440224,9.259303133448036,0.43436510835159486,1.625051169408534,-1.019887349746666,76.37670764804119,-0.9244438023692574
vienna,mlp,4,0,10,11.550634338094701,-1.2168784587239925,0.5218529340150961,0.47107073289505724,0.6656014122230338,-0.1715972729486243,0.6726016557097638,0.7000395665936207,0.1904218407596786,0.8155131482834186,0.8155131482834186,0.1844868517165814,9.347016257864542,0.33713781348916483,1.6350777908419858,-0.8739284782024449,110.4818051587789,-0.9506890094588755
vienna,ridge,0,0,20,12.06902823605238,-2.8562745851114637,0.5225986121256392,0.5721785975164354,0.6530314097881665,-0.09858168979790605,0.7486456050645239,0.7492391039688338,0.23085585585585588,0.8866112734355978,0.8866112734355978,0.11338872656440224,9.173122098038766,0.42438215242269295,1.625051169408534,-1.0013721809043274,76.37670764804119,-0.9244438023692574
vienna,ridge,0,0,10,11.567741433261121,-1.4824023912135391,0.5218529340150961,0.47107073289505724,0.6660731677623569,-0.14647248599951307,0.6726016557097638,0.7027027027027027,0.21798149500852204,0.8155131482834186,0.8155131482834186,0.1844868517165814,9.27635582947664,0.3290875334794253,1.6350777908419858,-0.8534618462324498,110.4818051587789,-0.9506890094588755
vienna,ridge+k10,0,0,20,11.69535248610725,0.8677037710662,0.5225986121256392,0.5721785975164354,0.6201759191624057,-0.2587198685171659,0.7486456050645239,0.7173879961042123,0.09424458242025813,0.8866112734355978,0.8866112734355978,0.11338872656440224,9.05269820040285,0.40645544192841493,1.625051169408534,-0.9695476310089249,76.37670764804119,-0.9244438023692574
vienna,ridge+k10,0,1,20,11.902009817713415,2.1128809128849615,0.5225986121256392,0.5721785975164354,0.6004687119551985,-0.32325906988069153,0.7486456050645239,0.6933741173606038,0.007167640613586657,0.8866112734355978,0.8866112734355978,0.11338872656440224,9.378291778568528,0.44696554662770877,1.625051169408534,-1.0358679344834076,76.37670764804119,-0.9244438023692574
vienna,ridge+k10,0,2,20,11.726816864020005,-0.6956260025218274,0.5225986121256392,0.5721785975164354,0.6372960798636474,-0.1548575602629657,0.7486456050645239,0.7414475286096908,0.18191502313123942,0.8866112734355978,0.8866112734355978,0.11338872656440224,8.649909156646507,0.35444058923788657,1.625051169408534,-0.8797766584144895,76.37670764804119,-0.9244438023692574
vienna,ridge+k10,0,3,20,11.756214405704547,-0.49876458003316554,0.5225986121256392,0.5721785975164354,0.6273587776966155,-0.24654553201850504,0.7486456050645239,0.7352842707572438,0.13822437302167034,0.8866112734355978,0.8866112734355978,0.11338872656440224,9.506471657591346,0.4610421232042854,1.625051169408534,-1.0568859174395633,76.37670764804119,-0.9244438023692574
vienna,ridge+k10,0,4,20,11.733554438729138,0.29773049138696117,0.5225986121256392,0.5721785975164354,0.6207542001460921,-0.27049853907962024,0.7486456050645239,0.7213903092281471,0.09955563671779888,0.8866112734355978,0.8866112734355978,0.11338872656440224,9.405719226608158,0.4512113464816167,1.625051169408534,-1.0414540207303564,76.37670764804119,-0.9244438023692574
vienna,ridge+k10,0,5,20,11.797749441728476,1.137974875032906,0.5225986121256392,0.5721785975164354,0.6272370343316289,-0.20895726807888976,0.7486456050645239,0.7163227416605795,0.09847516435354275,0.8866112734355978,0.8866112734355978,0.11338872656440224,8.51339235895605,0.3322832968103238,1.625051169408534,-0.837220159181235,76.37670764804119,-0.9244438023692574
vienna,ridge+k10,0,6,20,11.717156628849038,0.2846412546559431,0.5225986121256392,0.5721785975164354,0.6307828098368639,-0.21235086437789147,0.7486456050645239,0.7284666423179936,0.1340850986121257,0.8866112734355978,0.8866112734355978,0.11338872656440224,8.76048322367688,0.37125639152666184,1.625051169408534,-0.9153373840617771,76.37670764804119,-0.9244438023692574
vienna,ridge+k10,0,7,20,11.779138233636306,-1.1429497080671527,0.5225986121256392,0.5721785975164354,0.642363647431215,-0.11299306062819581,0.7486456050645239,0.74299975651327,0.19847212076941811,0.8866112734355978,0.8866112734355978,0.11338872656440224,8.518970594573819,0.3395118091064037,1.625051169408534,-0.8601044010050056,76.37670764804119,-0.9244438023692574
vienna,ridge+k10,0,8,20,11.75987526405184,-0.5644882810132232,0.5225986121256392,0.5721785975164354,0.6233564645726808,-0.2737703920136353,0.7486456050645239,0.7364256148039932,0.12910883856829802,0.8866112734355978,0.8866112734355978,0.11338872656440224,9.821070317246146,0.4985086437789141,1.625051169408534,-1.0998034298049073,76.37670764804119,-0.9244438023692574
vienna,ridge+k10,0,9,20,11.730682167844488,-0.37111929739657806,0.5225986121256392,0.5721785975164354,0.6377678354029706,-0.14418979790601416,0.7486456050645239,0.7383278548819089,0.1788562210859509,0.8866112734355978,0.8866112734355978,0.11338872656440224,8.452370450130532,0.3266222303384465,1.625051169408534,-0.8341648647866212,76.37670764804119,-0.9244438023692574
vienna,ridge+k10d,0,0,20,11.796093415826551,0.9998780159658449,0.5225986121256392,0.5721785975164354,0.611790844898953,-0.2990625760896032,0.7486456050645239,0.7077398344290237,0.049169101533966475,0.8866112734355978,0.8866112734355978,0.11338872656440224,9.487011920595334,0.45831811541270995,1.625051169408534,-1.0511970581165584,76.37670764804119,-0.9244438023692574
vienna,uma_los,0,0,20,23.63812379473092,-20.272738695700525,0.5225986121256392,0.5721785975164354,0.5721785975164354,0.4278214024835646,0.7486456050645239,0.7486456050645239,0.25135439493547607,0.8866112734355978,0.8866112734355978,0.11338872656440224,9.02496032730276,0.4020878987095203,1.625051169408534,-0.9684918342246465,76.37670764804119,-0.9244438023692574
vienna,uma_los,0,0,10,22.631405754423493,-19.166246589097977,0.5218529340150961,0.47107073289505724,0.47107073289505724,0.5289292671049428,0.6726016557097638,0.6726016557097638,0.3273983442902362,0.8155131482834186,0.8155131482834186,0.1844868517165814,9.371353520412981,0.3060932554175797,1.6350777908419858,-0.8354047481051066,110.4818051587789,-0.9506890094588755
vienna,uma_nlos,0,0,20,19.99623169755017,14.870115218999102,0.5225986121256392,0.5721785975164354,0.5196615534453373,-0.31558923788653526,0.7486456050645239,0.5613282201120039,-0.18030192354516672,0.8866112734355978,0.7852751400048698,-0.020878987095203305,8.324960355399245,0.1316654492330168,1.625051169408534,-0.29079327403411814,76.37670764804119,-0.9244438023692574
vienna,uma_nlos,0,0,10,21.09123200089683,16.47762408818612,0.5218529340150961,0.47107073289505724,0.577109203798393,-0.3364834429023619,0.6726016557097638,0.5120525931336742,-0.30006695885074264,0.8155131482834186,0.6639426588750913,-0.10839724859995137,9.825317033224815,0.17132335037740443,1.6350777908419858,-0.43157181421700774,110.4818051587789,-0.9506890094588755
