fold,operator,seed,draw,sites,K,cov_true_of_pred_plan,cov_true_of_true_plan,regret,sites_pred,sites_true
amsterdam,link,0,0,20,3,0.6898364711794951,0.6932900349222304,0.0034535637427353105,,
amsterdam,link,0,0,20,5,0.7600804113349054,0.7976572466849654,0.037576835350059956,,
amsterdam,link,0,0,20,8,0.8517802605636525,0.8588549116635095,0.007074651099856943,,
amsterdam,link,0,0,20,-1,0.8286104560508241,,,7.0,12.0
amsterdam,link,0,0,10,3,0.6898364711794951,0.6932900349222304,0.0034535637427353105,,
amsterdam,link,0,0,10,5,0.7845388590353217,0.7976572466849654,0.013118387649643681,,
amsterdam,link,0,0,10,8,0.8519606706099149,0.854795685622608,0.0028350150126931206,,
amsterdam,link,0,0,10,-1,0.8401953583072383,,,7.0,
amsterdam,link_reg,0,0,20,3,0.6132910658367805,0.6932900349222304,0.0799989690854499,,
amsterdam,link_reg,0,0,20,5,0.7103516707258927,0.7976572466849654,0.08730557595907273,,
amsterdam,link_reg,0,0,20,8,0.8070127962268527,0.8588549116635095,0.05184211543665673,,
amsterdam,link_reg,0,0,20,-1,0.4119019084805608,,,1.0,12.0
amsterdam,link_reg,0,0,10,3,0.6608806587543975,0.6932900349222304,0.032409376167832904,,
amsterdam,link_reg,0,0,10,5,0.7166789087769487,0.7976572466849654,0.08097833790801667,,
amsterdam,link_reg,0,0,10,8,0.8147446553523795,0.854795685622608,0.040051030270228494,,
amsterdam,link_reg,0,0,10,-1,0.4119019084805608,,,1.0,
amsterdam,link+k10,0,0,20,3,0.6898364711794951,0.6932900349222304,0.0034535637427353105,,
amsterdam,link+k10,0,0,20,5,0.7600804113349054,0.7976572466849654,0.037576835350059956,,
amsterdam,link+k10,0,0,20,8,0.8517802605636525,0.8588549116635095,0.007074651099856943,,
amsterdam,link+k10,0,0,20,-1,0.8286104560508241,,,7.0,12.0
amsterdam,link+k10,0,1,20,3,0.6898364711794951,0.6932900349222304,0.0034535637427353105,,
amsterdam,link+k10,0,1,20,5,0.7600804113349054,0.7976572466849654,0.037576835350059956,,
amsterdam,link+k10,0,1,20,8,0.8517802605636525,0.8588549116635095,0.007074651099856943,,
amsterdam,link+k10,0,1,20,-1,0.8286104560508241,,,7.0,12.0
amsterdam,link+k10,0,2,20,3,0.6898364711794951,0.6932900349222304,0.0034535637427353105,,
amsterdam,link+k10,0,2,20,5,0.7600804113349054,0.7976572466849654,0.037576835350059956,,
amsterdam,link+k10,0,2,20,8,0.8517802605636525,0.8588549116635095,0.007074651099856943,,
amsterdam,link+k10,0,2,20,-1,0.8286104560508241,,,7.0,12.0
amsterdam,link+k10,0,3,20,3,0.6898364711794951,0.6932900349222304,0.0034535637427353105,,
amsterdam,link+k10,0,3,20,5,0.7845388590353217,0.7976572466849654,0.013118387649643681,,
amsterdam,link+k10,0,3,20,8,0.8517802605636525,0.8588549116635095,0.007074651099856943,,
amsterdam,link+k10,0,3,20,-1,0.8401953583072383,,,7.0,12.0
amsterdam,link+k10,0,4,20,3,0.6898364711794951,0.6932900349222304,0.0034535637427353105,,
amsterdam,link+k10,0,4,20,5,0.7600804113349054,0.7976572466849654,0.037576835350059956,,
amsterdam,link+k10,0,4,20,8,0.8517802605636525,0.8588549116635095,0.007074651099856943,,
amsterdam,link+k10,0,4,20,-1,0.8286104560508241,,,7.0,12.0
amsterdam,link+k10,0,5,20,3,0.6898364711794951,0.6932900349222304,0.0034535637427353105,,
amsterdam,link+k10,0,5,20,5,0.7600804113349054,0.7976572466849654,0.037576835350059956,,
amsterdam,link+k10,0,5,20,8,0.8517802605636525,0.8588549116635095,0.007074651099856943,,
amsterdam,link+k10,0,5,20,-1,0.8286104560508241,,,7.0,12.0
amsterdam,link+k10,0,6,20,3,0.6898364711794951,0.6932900349222304,0.0034535637427353105,,
amsterdam,link+k10,0,6,20,5,0.7600804113349054,0.7976572466849654,0.037576835350059956,,
amsterdam,link+k10,0,6,20,8,0.8517802605636525,0.8588549116635095,0.007074651099856943,,
amsterdam,link+k10,0,6,20,-1,0.8286104560508241,,,7.0,12.0
amsterdam,link+k10,0,7,20,3,0.6898364711794951,0.6932900349222304,0.0034535637427353105,,
amsterdam,link+k10,0,7,20,5,0.7600804113349054,0.7976572466849654,0.037576835350059956,,
amsterdam,link+k10,0,7,20,8,0.8517802605636525,0.8588549116635095,0.007074651099856943,,
amsterdam,link+k10,0,7,20,-1,0.8286104560508241,,,7.0,12.0
amsterdam,link+k10,0,8,20,3,0.6898364711794951,0.6932900349222304,0.0034535637427353105,,
amsterdam,link+k10,0,8,20,5,0.7600804113349054,0.7976572466849654,0.037576835350059956,,
amsterdam,link+k10,0,8,20,8,0.8517802605636525,0.8588549116635095,0.007074651099856943,,
amsterdam,link+k10,0,8,20,-1,0.8286104560508241,,,7.0,12.0
amsterdam,link+k10,0,9,20,3,0.6898364711794951,0.6932900349222304,0.0034535637427353105,,
amsterdam,link+k10,0,9,20,5,0.7600804113349054,0.7976572466849654,0.037576835350059956,,
amsterdam,link+k10,0,9,20,8,0.8517802605636525,0.8588549116635095,0.007074651099856943,,
amsterdam,link+k10,0,9,20,-1,0.8286104560508241,,,7.0,12.0
amsterdam,link+k10d,0,0,20,3,0.6898364711794951,0.6932900349222304,0.0034535637427353105,,
amsterdam,link+k10d,0,0,20,5,0.7600804113349054,0.7976572466849654,0.037576835350059956,,
amsterdam,link+k10d,0,0,20,8,0.8517802605636525,0.8588549116635095,0.007074651099856943,,
amsterdam,link+k10d,0,0,20,-1,0.8286104560508241,,,7.0,12.0
amsterdam,link+k25,0,0,20,3,0.6898364711794951,0.6932900349222304,0.0034535637427353105,,
amsterdam,link+k25,0,0,20,5,0.7600804113349054,0.7976572466849654,0.037576835350059956,,
amsterdam,link+k25,0,0,20,8,0.8517802605636525,0.8588549116635095,0.007074651099856943,,
amsterdam,link+k25,0,0,20,-1,0.8286104560508241,,,7.0,12.0
amsterdam,link+k25,0,1,20,3,0.6898364711794951,0.6932900349222304,0.0034535637427353105,,
amsterdam,link+k25,0,1,20,5,0.7600804113349054,0.7976572466849654,0.037576835350059956,,
amsterdam,link+k25,0,1,20,8,0.8517802605636525,0.8588549116635095,0.007074651099856943,,
amsterdam,link+k25,0,1,20,-1,0.8286104560508241,,,7.0,12.0
amsterdam,link+k25,0,2,20,3,0.6898364711794951,0.6932900349222304,0.0034535637427353105,,
amsterdam,link+k25,0,2,20,5,0.7600804113349054,0.7976572466849654,0.037576835350059956,,
amsterdam,link+k25,0,2,20,8,0.8517802605636525,0.8588549116635095,0.007074651099856943,,
amsterdam,link+k25,0,2,20,-1,0.8286104560508241,,,7.0,12.0
amsterdam,link+k25,0,3,20,3,0.6898364711794951,0.6932900349222304,0.0034535637427353105,,
amsterdam,link+k25,0,3,20,5,0.7717039728869474,0.7976572466849654,0.02595327379801804,,
amsterdam,link+k25,0,3,20,8,0.8517802605636525,0.8588549116635095,0.007074651099856943,,
amsterdam,link+k25,0,3,20,-1,0.8286104560508241,,,7.0,12.0
amsterdam,link+k25,0,4,20,3,0.6898364711794951,0.6932900349222304,0.0034535637427353105,,
amsterdam,link+k25,0,4,20,5,0.7600804113349054,0.7976572466849654,0.037576835350059956,,
amsterdam,link+k25,0,4,20,8,0.8517802605636525,0.8588549116635095,0.007074651099856943,,
amsterdam,link+k25,0,4,20,-1,0.8286104560508241,,,7.0,12.0
amsterdam,link+k25,0,5,20,3,0.6898364711794951,0.6932900349222304,0.0034535637427353105,,
amsterdam,link+k25,0,5,20,5,0.7600804113349054,0.7976572466849654,0.037576835350059956,,
amsterdam,link+k25,0,5,20,8,0.8517802605636525,0.8588549116635095,0.007074651099856943,,
amsterdam,link+k25,0,5,20,-1,0.8286104560508241,,,7.0,12.0
amsterdam,link+k25,0,6,20,3,0.6898364711794951,0.6932900349222304,0.0034535637427353105,,
amsterdam,link+k25,0,6,20,5,0.7600804113349054,0.7976572466849654,0.037576835350059956,,
amsterdam,link+k25,0,6,20,8,0.8517802605636525,0.8588549116635095,0.007074651099856943,,
amsterdam,link+k25,0,6,20,-1,0.8286104560508241,,,7.0,12.0
amsterdam,link+k25,0,7,20,3,0.6898364711794951,0.6932900349222304,0.0034535637427353105,,
amsterdam,link+k25,0,7,20,5,0.7600804113349054,0.7976572466849654,0.037576835350059956,,
amsterdam,link+k25,0,7,20,8,0.8517802605636525,0.8588549116635095,0.007074651099856943,,
amsterdam,link+k25,0,7,20,-1,0.8286104560508241,,,7.0,12.0
amsterdam,link+k25,0,8,20,3,0.6898364711794951,0.6932900349222304,0.0034535637427353105,,
amsterdam,link+k25,0,8,20,5,0.7600804113349054,0.7976572466849654,0.037576835350059956,,
amsterdam,link+k25,0,8,20,8,0.8517802605636525,0.8588549116635095,0.007074651099856943,,
amsterdam,link+k25,0,8,20,-1,0.8286104560508241,,,7.0,12.0
amsterdam,link+k25,0,9,20,3,0.6898364711794951,0.6932900349222304,0.0034535637427353105,,
amsterdam,link+k25,0,9,20,5,0.7600804113349054,0.7976572466849654,0.037576835350059956,,
amsterdam,link+k25,0,9,20,8,0.8517802605636525,0.8588549116635095,0.007074651099856943,,
amsterdam,link+k25,0,9,20,-1,0.8286104560508241,,,7.0,12.0
amsterdam,link+k25d,0,0,20,3,0.6898364711794951,0.6932900349222304,0.0034535637427353105,,
amsterdam,link+k25d,0,0,20,5,0.7600804113349054,0.7976572466849654,0.037576835350059956,,
amsterdam,link+k25d,0,0,20,8,0.8517802605636525,0.8588549116635095,0.007074651099856943,,
amsterdam,link+k25d,0,0,20,-1,0.8286104560508241,,,7.0,12.0
amsterdam,link+k50,0,0,20,3,0.6898364711794951,0.6932900349222304,0.0034535637427353105,,
amsterdam,link+k50,0,0,20,5,0.7717039728869474,0.7976572466849654,0.02595327379801804,,
amsterdam,link+k50,0,0,20,8,0.8517802605636525,0.8588549116635095,0.007074651099856943,,
amsterdam,link+k50,0,0,20,-1,0.8286104560508241,,,7.0,12.0
amsterdam,link+k50,0,1,20,3,0.6898364711794951,0.6932900349222304,0.0034535637427353105,,
amsterdam,link+k50,0,1,20,5,0.7600804113349054,0.7976572466849654,0.037576835350059956,,
amsterdam,link+k50,0,1,20,8,0.8517802605636525,0.8588549116635095,0.007074651099856943,,
amsterdam,link+k50,0,1,20,-1,0.8286104560508241,,,7.0,12.0
amsterdam,link+k50,0,2,20,3,0.6898364711794951,0.6932900349222304,0.0034535637427353105,,
amsterdam,link+k50,0,2,20,5,0.7600804113349054,0.7976572466849654,0.037576835350059956,,
amsterdam,link+k50,0,2,20,8,0.8517802605636525,0.8588549116635095,0.007074651099856943,,
amsterdam,link+k50,0,2,20,-1,0.8286104560508241,,,7.0,12.0
amsterdam,link+k50,0,3,20,3,0.6898364711794951,0.6932900349222304,0.0034535637427353105,,
amsterdam,link+k50,0,3,20,5,0.7600804113349054,0.7976572466849654,0.037576835350059956,,
amsterdam,link+k50,0,3,20,8,0.8517802605636525,0.8588549116635095,0.007074651099856943,,
amsterdam,link+k50,0,3,20,-1,0.8286104560508241,,,7.0,12.0
amsterdam,link+k50,0,4,20,3,0.6898364711794951,0.6932900349222304,0.0034535637427353105,,
amsterdam,link+k50,0,4,20,5,0.7600804113349054,0.7976572466849654,0.037576835350059956,,
amsterdam,link+k50,0,4,20,8,0.8517802605636525,0.8588549116635095,0.007074651099856943,,
amsterdam,link+k50,0,4,20,-1,0.8286104560508241,,,7.0,12.0
amsterdam,link+k50,0,5,20,3,0.6898364711794951,0.6932900349222304,0.0034535637427353105,,
amsterdam,link+k50,0,5,20,5,0.7600804113349054,0.7976572466849654,0.037576835350059956,,
amsterdam,link+k50,0,5,20,8,0.8517802605636525,0.8588549116635095,0.007074651099856943,,
amsterdam,link+k50,0,5,20,-1,0.8286104560508241,,,7.0,12.0
amsterdam,link+k50,0,6,20,3,0.6898364711794951,0.6932900349222304,0.0034535637427353105,,
amsterdam,link+k50,0,6,20,5,0.7600804113349054,0.7976572466849654,0.037576835350059956,,
amsterdam,link+k50,0,6,20,8,0.8517802605636525,0.8588549116635095,0.007074651099856943,,
amsterdam,link+k50,0,6,20,-1,0.8286104560508241,,,7.0,12.0
amsterdam,link+k50,0,7,20,3,0.6898364711794951,0.6932900349222304,0.0034535637427353105,,
amsterdam,link+k50,0,7,20,5,0.7600804113349054,0.7976572466849654,0.037576835350059956,,
amsterdam,link+k50,0,7,20,8,0.8517802605636525,0.8588549116635095,0.007074651099856943,,
amsterdam,link+k50,0,7,20,-1,0.8286104560508241,,,7.0,12.0
amsterdam,link+k50,0,8,20,3,0.6898364711794951,0.6932900349222304,0.0034535637427353105,,
amsterdam,link+k50,0,8,20,5,0.7600804113349054,0.7976572466849654,0.037576835350059956,,
amsterdam,link+k50,0,8,20,8,0.8517802605636525,0.8588549116635095,0.007074651099856943,,
amsterdam,link+k50,0,8,20,-1,0.8286104560508241,,,7.0,12.0
amsterdam,link+k50,0,9,20,3,0.6898364711794951,0.6932900349222304,0.0034535637427353105,,
amsterdam,link+k50,0,9,20,5,0.7600804113349054,0.7976572466849654,0.037576835350059956,,
amsterdam,link+k50,0,9,20,8,0.8517802605636525,0.8588549116635095,0.007074651099856943,,
amsterdam,link+k50,0,9,20,-1,0.8286104560508241,,,7.0,12.0
amsterdam,link+k50d,0,0,20,3,0.6898364711794951,0.6932900349222304,0.0034535637427353105,,
amsterdam,link+k50d,0,0,20,5,0.7600804113349054,0.7976572466849654,0.037576835350059956,,
amsterdam,link+k50d,0,0,20,8,0.8517802605636525,0.8588549116635095,0.007074651099856943,,
amsterdam,link+k50d,0,0,20,-1,0.8286104560508241,,,7.0,12.0
amsterdam,link,1,0,20,3,0.6898364711794951,0.6932900349222304,0.0034535637427353105,,
amsterdam,link,1,0,20,5,0.7600804113349054,0.7976572466849654,0.037576835350059956,,
amsterdam,link,1,0,20,8,0.8517802605636525,0.8588549116635095,0.007074651099856943,,
amsterdam,link,1,0,20,-1,0.8286104560508241,,,7.0,12.0
amsterdam,link,1,0,10,3,0.6898364711794951,0.6932900349222304,0.0034535637427353105,,
amsterdam,link,1,0,10,5,0.7845388590353217,0.7976572466849654,0.013118387649643681,,
amsterdam,link,1,0,10,8,0.8519606706099149,0.854795685622608,0.0028350150126931206,,
amsterdam,link,1,0,10,-1,0.8401953583072383,,,7.0,
amsterdam,link_reg,1,0,20,3,0.6661383229597557,0.6932900349222304,0.02715171196247468,,
amsterdam,link_reg,1,0,20,5,0.7726704552776382,0.7976572466849654,0.02498679140732718,,
amsterdam,link_reg,1,0,20,8,0.8324763856135875,0.8588549116635095,0.02637852604992197,,
amsterdam,link_reg,1,0,20,-1,0.48142420845092204,,,1.0,12.0
amsterdam,link_reg,1,0,10,3,0.6661383229597557,0.6932900349222304,0.02715171196247468,,
amsterdam,link_reg,1,0,10,5,0.7726704552776382,0.7976572466849654,0.02498679140732718,,
amsterdam,link_reg,1,0,10,8,0.8294996198502597,0.854795685622608,0.02529606577234833,,
amsterdam,link_reg,1,0,10,-1,0.48142420845092204,,,1.0,
amsterdam,link+k10,1,0,20,3,0.6898364711794951,0.6932900349222304,0.0034535637427353105,,
amsterdam,link+k10,1,0,20,5,0.7600804113349054,0.7976572466849654,0.037576835350059956,,
amsterdam,link+k10,1,0,20,8,0.8517802605636525,0.8588549116635095,0.007074651099856943,,
amsterdam,link+k10,1,0,20,-1,0.8286104560508241,,,7.0,12.0
amsterdam,link+k10,1,1,20,3,0.6898364711794951,0.6932900349222304,0.0034535637427353105,,
amsterdam,link+k10,1,1,20,5,0.7600804113349054,0.7976572466849654,0.037576835350059956,,
amsterdam,link+k10,1,1,20,8,0.8517802605636525,0.8588549116635095,0.007074651099856943,,
amsterdam,link+k10,1,1,20,-1,0.8286104560508241,,,7.0,12.0
amsterdam,link+k10,1,2,20,3,0.6898364711794951,0.6932900349222304,0.0034535637427353105,,
amsterdam,link+k10,1,2,20,5,0.7600804113349054,0.7976572466849654,0.037576835350059956,,
amsterdam,link+k10,1,2,20,8,0.8517802605636525,0.8588549116635095,0.007074651099856943,,
amsterdam,link+k10,1,2,20,-1,0.8286104560508241,,,7.0,12.0
amsterdam,link+k10,1,3,20,3,0.6898364711794951,0.6932900349222304,0.0034535637427353105,,
amsterdam,link+k10,1,3,20,5,0.7600804113349054,0.7976572466849654,0.037576835350059956,,
amsterdam,link+k10,1,3,20,8,0.8517802605636525,0.8588549116635095,0.007074651099856943,,
amsterdam,link+k10,1,3,20,-1,0.8286104560508241,,,7.0,12.0
amsterdam,link+k10,1,4,20,3,0.6898364711794951,0.6932900349222304,0.0034535637427353105,,
amsterdam,link+k10,1,4,20,5,0.7600804113349054,0.7976572466849654,0.037576835350059956,,
amsterdam,link+k10,1,4,20,8,0.8517802605636525,0.8588549116635095,0.007074651099856943,,
amsterdam,link+k10,1,4,20,-1,0.8286104560508241,,,7.0,12.0
amsterdam,link+k10,1,5,20,3,0.6898364711794951,0.6932900349222304,0.0034535637427353105,,
amsterdam,link+k10,1,5,20,5,0.7600804113349054,0.7976572466849654,0.037576835350059956,,
amsterdam,link+k10,1,5,20,8,0.8517802605636525,0.8588549116635095,0.007074651099856943,,
amsterdam,link+k10,1,5,20,-1,0.8286104560508241,,,7.0,12.0
amsterdam,link+k10,1,6,20,3,0.6898364711794951,0.6932900349222304,0.0034535637427353105,,
amsterdam,link+k10,1,6,20,5,0.7600804113349054,0.7976572466849654,0.037576835350059956,,
amsterdam,link+k10,1,6,20,8,0.8517802605636525,0.8588549116635095,0.007074651099856943,,
amsterdam,link+k10,1,6,20,-1,0.8286104560508241,,,7.0,12.0
amsterdam,link+k10,1,7,20,3,0.6898364711794951,0.6932900349222304,0.0034535637427353105,,
amsterdam,link+k10,1,7,20,5,0.7600804113349054,0.7976572466849654,0.037576835350059956,,
amsterdam,link+k10,1,7,20,8,0.8517802605636525,0.8588549116635095,0.007074651099856943,,
amsterdam,link+k10,1,7,20,-1,0.8286104560508241,,,7.0,12.0
amsterdam,link+k10,1,8,20,3,0.6898364711794951,0.6932900349222304,0.0034535637427353105,,
amsterdam,link+k10,1,8,20,5,0.7600804113349054,0.7976572466849654,0.037576835350059956,,
amsterdam,link+k10,1,8,20,8,0.8517802605636525,0.8588549116635095,0.007074651099856943,,
amsterdam,link+k10,1,8,20,-1,0.8286104560508241,,,7.0,12.0
amsterdam,link+k10,1,9,20,3,0.6898364711794951,0.6932900349222304,0.0034535637427353105,,
amsterdam,link+k10,1,9,20,5,0.7600804113349054,0.7976572466849654,0.037576835350059956,,
amsterdam,link+k10,1,9,20,8,0.8517802605636525,0.8588549116635095,0.007074651099856943,,
amsterdam,link+k10,1,9,20,-1,0.8286104560508241,,,7.0,12.0
amsterdam,link+k10d,1,0,20,3,0.6898364711794951,0.6932900349222304,0.0034535637427353105,,
amsterdam,link+k10d,1,0,20,5,0.7600804113349054,0.7976572466849654,0.037576835350059956,,
amsterdam,link+k10d,1,0,20,8,0.8517802605636525,0.8588549116635095,0.007074651099856943,,
amsterdam,link+k10d,1,0,20,-1,0.8286104560508241,,,7.0,12.0
amsterdam,link+k25,1,0,20,3,0.6898364711794951,0.6932900349222304,0.0034535637427353105,,
amsterdam,link+k25,1,0,20,5,0.7600804113349054,0.7976572466849654,0.037576835350059956,,
amsterdam,link+k25,1,0,20,8,0.8517802605636525,0.8588549116635095,0.007074651099856943,,
amsterdam,link+k25,1,0,20,-1,0.8286104560508241,,,7.0,12.0
amsterdam,link+k25,1,1,20,3,0.6898364711794951,0.6932900349222304,0.0034535637427353105,,
amsterdam,link+k25,1,1,20,5,0.7600804113349054,0.7976572466849654,0.037576835350059956,,
amsterdam,link+k25,1,1,20,8,0.8517802605636525,0.8588549116635095,0.007074651099856943,,
amsterdam,link+k25,1,1,20,-1,0.8286104560508241,,,7.0,12.0
amsterdam,link+k25,1,2,20,3,0.6898364711794951,0.6932900349222304,0.0034535637427353105,,
amsterdam,link+k25,1,2,20,5,0.7600804113349054,0.7976572466849654,0.037576835350059956,,
amsterdam,link+k25,1,2,20,8,0.8517802605636525,0.8588549116635095,0.007074651099856943,,
amsterdam,link+k25,1,2,20,-1,0.8286104560508241,,,7.0,12.0
amsterdam,link+k25,1,3,20,3,0.6898364711794951,0.6932900349222304,0.0034535637427353105,,
amsterdam,link+k25,1,3,20,5,0.7600804113349054,0.7976572466849654,0.037576835350059956,,
amsterdam,link+k25,1,3,20,8,0.8517802605636525,0.8588549116635095,0.007074651099856943,,
amsterdam,link+k25,1,3,20,-1,0.8286104560508241,,,7.0,12.0
amsterdam,link+k25,1,4,20,3,0.6898364711794951,0.6932900349222304,0.0034535637427353105,,
amsterdam,link+k25,1,4,20,5,0.7600804113349054,0.7976572466849654,0.037576835350059956,,
amsterdam,link+k25,1,4,20,8,0.8517802605636525,0.8588549116635095,0.007074651099856943,,
amsterdam,link+k25,1,4,20,-1,0.8286104560508241,,,7.0,12.0
amsterdam,link+k25,1,5,20,3,0.6898364711794951,0.6932900349222304,0.0034535637427353105,,
amsterdam,link+k25,1,5,20,5,0.7600804113349054,0.7976572466849654,0.037576835350059956,,
amsterdam,link+k25,1,5,20,8,0.8517802605636525,0.8588549116635095,0.007074651099856943,,
amsterdam,link+k25,1,5,20,-1,0.8286104560508241,,,7.0,12.0
amsterdam,link+k25,1,6,20,3,0.6898364711794951,0.6932900349222304,0.0034535637427353105,,
amsterdam,link+k25,1,6,20,5,0.7600804113349054,0.7976572466849654,0.037576835350059956,,
amsterdam,link+k25,1,6,20,8,0.8517802605636525,0.8588549116635095,0.007074651099856943,,
amsterdam,link+k25,1,6,20,-1,0.8286104560508241,,,7.0,12.0
amsterdam,link+k25,1,7,20,3,0.6898364711794951,0.6932900349222304,0.0034535637427353105,,
amsterdam,link+k25,1,7,20,5,0.7600804113349054,0.7976572466849654,0.037576835350059956,,
amsterdam,link+k25,1,7,20,8,0.8517802605636525,0.8588549116635095,0.007074651099856943,,
amsterdam,link+k25,1,7,20,-1,0.8286104560508241,,,7.0,12.0
amsterdam,link+k25,1,8,20,3,0.6898364711794951,0.6932900349222304,0.0034535637427353105,,
amsterdam,link+k25,1,8,20,5,0.7600804113349054,0.7976572466849654,0.037576835350059956,,
amsterdam,link+k25,1,8,20,8,0.8517802605636525,0.8588549116635095,0.007074651099856943,,
amsterdam,link+k25,1,8,20,-1,0.8286104560508241,,,7.0,12.0
amsterdam,link+k25,1,9,20,3,0.6898364711794951,0.6932900349222304,0.0034535637427353105,,
amsterdam,link+k25,1,9,20,5,0.7600804113349054,0.7976572466849654,0.037576835350059956,,
amsterdam,link+k25,1,9,20,8,0.8517802605636525,0.8588549116635095,0.007074651099856943,,
amsterdam,link+k25,1,9,20,-1,0.8286104560508241,,,7.0,12.0
amsterdam,link+k25d,1,0,20,3,0.6898364711794951,0.6932900349222304,0.0034535637427353105,,
amsterdam,link+k25d,1,0,20,5,0.7600804113349054,0.7976572466849654,0.037576835350059956,,
amsterdam,link+k25d,1,0,20,8,0.8517802605636525,0.8588549116635095,0.007074651099856943,,
amsterdam,link+k25d,1,0,20,-1,0.8286104560508241,,,7.0,12.0
amsterdam,link+k50,1,0,20,3,0.6898364711794951,0.6932900349222304,0.0034535637427353105,,
amsterdam,link+k50,1,0,20,5,0.7717039728869474,0.7976572466849654,0.02595327379801804,,
amsterdam,link+k50,1,0,20,8,0.8517802605636525,0.8588549116635095,0.007074651099856943,,
amsterdam,link+k50,1,0,20,-1,0.8286104560508241,,,7.0,12.0
amsterdam,link+k50,1,1,20,3,0.6898364711794951,0.6932900349222304,0.0034535637427353105,,
amsterdam,link+k50,1,1,20,5,0.7717039728869474,0.7976572466849654,0.02595327379801804,,
amsterdam,link+k50,1,1,20,8,0.8517802605636525,0.8588549116635095,0.007074651099856943,,
amsterdam,link+k50,1,1,20,-1,0.8286104560508241,,,7.0,12.0
amsterdam,link+k50,1,2,20,3,0.6898364711794951,0.6932900349222304,0.0034535637427353105,,
amsterdam,link+k50,1,2,20,5,0.7600804113349054,0.7976572466849654,0.037576835350059956,,
amsterdam,link+k50,1,2,20,8,0.8517802605636525,0.8588549116635095,0.007074651099856943,,
amsterdam,link+k50,1,2,20,-1,0.8286104560508241,,,7.0,12.0
amsterdam,link+k50,1,3,20,3,0.6898364711794951,0.6932900349222304,0.0034535637427353105,,
amsterdam,link+k50,1,3,20,5,0.7717039728869474,0.7976572466849654,0.02595327379801804,,
amsterdam,link+k50,1,3,20,8,0.8517802605636525,0.8588549116635095,0.007074651099856943,,
amsterdam,link+k50,1,3,20,-1,0.8286104560508241,,,7.0,12.0
amsterdam,link+k50,1,4,20,3,0.6898364711794951,0.6932900349222304,0.0034535637427353105,,
amsterdam,link+k50,1,4,20,5,0.7600804113349054,0.7976572466849654,0.037576835350059956,,
amsterdam,link+k50,1,4,20,8,0.8517802605636525,0.8588549116635095,0.007074651099856943,,
amsterdam,link+k50,1,4,20,-1,0.8286104560508241,,,7.0,12.0
amsterdam,link+k50,1,5,20,3,0.6898364711794951,0.6932900349222304,0.0034535637427353105,,
amsterdam,link+k50,1,5,20,5,0.7600804113349054,0.7976572466849654,0.037576835350059956,,
amsterdam,link+k50,1,5,20,8,0.8517802605636525,0.8588549116635095,0.007074651099856943,,
amsterdam,link+k50,1,5,20,-1,0.8286104560508241,,,7.0,12.0
amsterdam,link+k50,1,6,20,3,0.6898364711794951,0.6932900349222304,0.0034535637427353105,,
amsterdam,link+k50,1,6,20,5,0.7600804113349054,0.7976572466849654,0.037576835350059956,,
amsterdam,link+k50,1,6,20,8,0.8517802605636525,0.8588549116635095,0.007074651099856943,,
amsterdam,link+k50,1,6,20,-1,0.8286104560508241,,,7.0,12.0
amsterdam,link+k50,1,7,20,3,0.6898364711794951,0.6932900349222304,0.0034535637427353105,,
amsterdam,link+k50,1,7,20,5,0.7600804113349054,0.7976572466849654,0.037576835350059956,,
amsterdam,link+k50,1,7,20,8,0.8517802605636525,0.8588549116635095,0.007074651099856943,,
amsterdam,link+k50,1,7,20,-1,0.8286104560508241,,,7.0,12.0
amsterdam,link+k50,1,8,20,3,0.6898364711794951,0.6932900349222304,0.0034535637427353105,,
amsterdam,link+k50,1,8,20,5,0.7600804113349054,0.7976572466849654,0.037576835350059956,,
amsterdam,link+k50,1,8,20,8,0.8517802605636525,0.8588549116635095,0.007074651099856943,,
amsterdam,link+k50,1,8,20,-1,0.8286104560508241,,,7.0,12.0
amsterdam,link+k50,1,9,20,3,0.6898364711794951,0.6932900349222304,0.0034535637427353105,,
amsterdam,link+k50,1,9,20,5,0.7600804113349054,0.7976572466849654,0.037576835350059956,,
amsterdam,link+k50,1,9,20,8,0.8517802605636525,0.8588549116635095,0.007074651099856943,,
amsterdam,link+k50,1,9,20,-1,0.8286104560508241,,,7.0,12.0
amsterdam,link+k50d,1,0,20,3,0.6898364711794951,0.6932900349222304,0.0034535637427353105,,
amsterdam,link+k50d,1,0,20,5,0.7600804113349054,0.7976572466849654,0.037576835350059956,,
amsterdam,link+k50d,1,0,20,8,0.8517802605636525,0.8588549116635095,0.007074651099856943,,
amsterdam,link+k50d,1,0,20,-1,0.8286104560508241,,,7.0,12.0
amsterdam,link,2,0,20,3,0.6898364711794951,0.6932900349222304,0.0034535637427353105,,
amsterdam,link,2,0,20,5,0.7600804113349054,0.7976572466849654,0.037576835350059956,,
amsterdam,link,2,0,20,8,0.8517802605636525,0.8588549116635095,0.007074651099856943,,
amsterdam,link,2,0,20,-1,0.8286104560508241,,,7.0,12.0
amsterdam,link,2,0,10,3,0.6898364711794951,0.6932900349222304,0.0034535637427353105,,
amsterdam,link,2,0,10,5,0.7845388590353217,0.7976572466849654,0.013118387649643681,,
amsterdam,link,2,0,10,8,0.854795685622608,0.854795685622608,0.0,,
amsterdam,link,2,0,10,-1,0.8401953583072383,,,7.0,
amsterdam,link_reg,2,0,20,3,0.6418731717374776,0.6932900349222304,0.051416863184752803,,
amsterdam,link_reg,2,0,20,5,0.755389750132086,0.7976572466849654,0.042267496552879424,,
amsterdam,link_reg,2,0,20,8,0.8294996198502597,0.8588549116635095,0.029355291813249806,,
amsterdam,link_reg,2,0,20,-1,0.4119019084805608,,,1.0,12.0
amsterdam,link_reg,2,0,10,3,0.6418731717374776,0.6932900349222304,0.051416863184752803,,
amsterdam,link_reg,2,0,10,5,0.755389750132086,0.7976572466849654,0.042267496552879424,,
amsterdam,link_reg,2,0,10,8,0.8294996198502597,0.854795685622608,0.02529606577234833,,
amsterdam,link_reg,2,0,10,-1,0.4119019084805608,,,1.0,
amsterdam,link+k10,2,0,20,3,0.6898364711794951,0.6932900349222304,0.0034535637427353105,,
amsterdam,link+k10,2,0,20,5,0.7600804113349054,0.7976572466849654,0.037576835350059956,,
amsterdam,link+k10,2,0,20,8,0.8517802605636525,0.8588549116635095,0.007074651099856943,,
amsterdam,link+k10,2,0,20,-1,0.8286104560508241,,,7.0,12.0
amsterdam,link+k10,2,1,20,3,0.6898364711794951,0.6932900349222304,0.0034535637427353105,,
amsterdam,link+k10,2,1,20,5,0.7600804113349054,0.7976572466849654,0.037576835350059956,,
amsterdam,link+k10,2,1,20,8,0.8517802605636525,0.8588549116635095,0.007074651099856943,,
amsterdam,link+k10,2,1,20,-1,0.8286104560508241,,,7.0,12.0
amsterdam,link+k10,2,2,20,3,0.6898364711794951,0.6932900349222304,0.0034535637427353105,,
amsterdam,link+k10,2,2,20,5,0.7600804113349054,0.7976572466849654,0.037576835350059956,,
amsterdam,link+k10,2,2,20,8,0.8517802605636525,0.8588549116635095,0.007074651099856943,,
amsterdam,link+k10,2,2,20,-1,0.8286104560508241,,,7.0,12.0
amsterdam,link+k10,2,3,20,3,0.6898364711794951,0.6932900349222304,0.0034535637427353105,,
amsterdam,link+k10,2,3,20,5,0.7845388590353217,0.7976572466849654,0.013118387649643681,,
amsterdam,link+k10,2,3,20,8,0.8571667890877694,0.8588549116635095,0.0016881225757400253,,
amsterdam,link+k10,2,3,20,-1,0.845607659695107,,,7.0,12.0
amsterdam,link+k10,2,4,20,3,0.6898364711794951,0.6932900349222304,0.0034535637427353105,,
amsterdam,link+k10,2,4,20,5,0.7600804113349054,0.7976572466849654,0.037576835350059956,,
amsterdam,link+k10,2,4,20,8,0.8517802605636525,0.8588549116635095,0.007074651099856943,,
amsterdam,link+k10,2,4,20,-1,0.8286104560508241,,,7.0,12.0
amsterdam,link+k10,2,5,20,3,0.6898364711794951,0.6932900349222304,0.0034535637427353105,,
amsterdam,link+k10,2,5,20,5,0.7717039728869474,0.7976572466849654,0.02595327379801804,,
amsterdam,link+k10,2,5,20,8,0.8517802605636525,0.8588549116635095,0.007074651099856943,,
amsterdam,link+k10,2,5,20,-1,0.8286104560508241,,,7.0,12.0
amsterdam,link+k10,2,6,20,3,0.6898364711794951,0.6932900349222304,0.0034535637427353105,,
amsterdam,link+k10,2,6,20,5,0.7600804113349054,0.7976572466849654,0.037576835350059956,,
amsterdam,link+k10,2,6,20,8,0.8517802605636525,0.8588549116635095,0.007074651099856943,,
amsterdam,link+k10,2,6,20,-1,0.8286104560508241,,,7.0,12.0
amsterdam,link+k10,2,7,20,3,0.6898364711794951,0.6932900349222304,0.0034535637427353105,,
amsterdam,link+k10,2,7,20,5,0.7600804113349054,0.7976572466849654,0.037576835350059956,,
amsterdam,link+k10,2,7,20,8,0.8517802605636525,0.8588549116635095,0.007074651099856943,,
amsterdam,link+k10,2,7,20,-1,0.8286104560508241,,,7.0,12.0
amsterdam,link+k10,2,8,20,3,0.6898364711794951,0.6932900349222304,0.0034535637427353105,,
amsterdam,link+k10,2,8,20,5,0.7600804113349054,0.7976572466849654,0.037576835350059956,,
amsterdam,link+k10,2,8,20,8,0.8517802605636525,0.8588549116635095,0.007074651099856943,,
amsterdam,link+k10,2,8,20,-1,0.8286104560508241,,,7.0,12.0
amsterdam,link+k10,2,9,20,3,0.6898364711794951,0.6932900349222304,0.0034535637427353105,,
amsterdam,link+k10,2,9,20,5,0.7600804113349054,0.7976572466849654,0.037576835350059956,,
amsterdam,link+k10,2,9,20,8,0.8517802605636525,0.8588549116635095,0.007074651099856943,,
amsterdam,link+k10,2,9,20,-1,0.8286104560508241,,,7.0,12.0
amsterdam,link+k10d,2,0,20,3,0.6898364711794951,0.6932900349222304,0.0034535637427353105,,
amsterdam,link+k10d,2,0,20,5,0.7600804113349054,0.7976572466849654,0.037576835350059956,,
amsterdam,link+k10d,2,0,20,8,0.8517802605636525,0.8588549116635095,0.007074651099856943,,
amsterdam,link+k10d,2,0,20,-1,0.8286104560508241,,,7.0,12.0
amsterdam,link+k25,2,0,20,3,0.6898364711794951,0.6932900349222304,0.0034535637427353105,,
amsterdam,link+k25,2,0,20,5,0.7600804113349054,0.7976572466849654,0.037576835350059956,,
amsterdam,link+k25,2,0,20,8,0.8517802605636525,0.8588549116635095,0.007074651099856943,,
amsterdam,link+k25,2,0,20,-1,0.8286104560508241,,,7.0,12.0
amsterdam,link+k25,2,1,20,3,0.6898364711794951,0.6932900349222304,0.0034535637427353105,,
amsterdam,link+k25,2,1,20,5,0.7717039728869474,0.7976572466849654,0.02595327379801804,,
amsterdam,link+k25,2,1,20,8,0.8517802605636525,0.8588549116635095,0.007074651099856943,,
amsterdam,link+k25,2,1,20,-1,0.8286104560508241,,,7.0,12.0
amsterdam,link+k25,2,2,20,3,0.6898364711794951,0.6932900349222304,0.0034535637427353105,,
amsterdam,link+k25,2,2,20,5,0.7600804113349054,0.7976572466849654,0.037576835350059956,,
amsterdam,link+k25,2,2,20,8,0.8517802605636525,0.8588549116635095,0.007074651099856943,,
amsterdam,link+k25,2,2,20,-1,0.8286104560508241,,,7.0,12.0
amsterdam,link+k25,2,3,20,3,0.6898364711794951,0.6932900349222304,0.0034535637427353105,,
amsterdam,link+k25,2,3,20,5,0.7717039728869474,0.7976572466849654,0.02595327379801804,,
amsterdam,link+k25,2,3,20,8,0.8459942526513834,0.8588549116635095,0.012860659012126074,,
amsterdam,link+k25,2,3,20,-1,0.8286104560508241,,,7.0,12.0
amsterdam,link+k25,2,4,20,3,0.6898364711794951,0.6932900349222304,0.0034535637427353105,,
amsterdam,link+k25,2,4,20,5,0.7600804113349054,0.7976572466849654,0.037576835350059956,,
amsterdam,link+k25,2,4,20,8,0.8517802605636525,0.8588549116635095,0.007074651099856943,,
amsterdam,link+k25,2,4,20,-1,0.8286104560508241,,,7.0,12.0
amsterdam,link+k25,2,5,20,3,0.6898364711794951,0.6932900349222304,0.0034535637427353105,,
amsterdam,link+k25,2,5,20,5,0.7600804113349054,0.7976572466849654,0.037576835350059956,,
amsterdam,link+k25,2,5,20,8,0.8517802605636525,0.8588549116635095,0.007074651099856943,,
amsterdam,link+k25,2,5,20,-1,0.8286104560508241,,,7.0,12.0
amsterdam,link+k25,2,6,20,3,0.6898364711794951,0.6932900349222304,0.0034535637427353105,,
amsterdam,link+k25,2,6,20,5,0.7600804113349054,0.7976572466849654,0.037576835350059956,,
amsterdam,link+k25,2,6,20,8,0.8517802605636525,0.8588549116635095,0.007074651099856943,,
amsterdam,link+k25,2,6,20,-1,0.8286104560508241,,,7.0,12.0
amsterdam,link+k25,2,7,20,3,0.6898364711794951,0.6932900349222304,0.0034535637427353105,,
amsterdam,link+k25,2,7,20,5,0.7600804113349054,0.7976572466849654,0.037576835350059956,,
amsterdam,link+k25,2,7,20,8,0.8517802605636525,0.8588549116635095,0.007074651099856943,,
amsterdam,link+k25,2,7,20,-1,0.8286104560508241,,,7.0,12.0
amsterdam,link+k25,2,8,20,3,0.6898364711794951,0.6932900349222304,0.0034535637427353105,,
amsterdam,link+k25,2,8,20,5,0.7600804113349054,0.7976572466849654,0.037576835350059956,,
amsterdam,link+k25,2,8,20,8,0.8517802605636525,0.8588549116635095,0.007074651099856943,,
amsterdam,link+k25,2,8,20,-1,0.8286104560508241,,,7.0,12.0
amsterdam,link+k25,2,9,20,3,0.6898364711794951,0.6932900349222304,0.0034535637427353105,,
amsterdam,link+k25,2,9,20,5,0.7600804113349054,0.7976572466849654,0.037576835350059956,,
amsterdam,link+k25,2,9,20,8,0.8517802605636525,0.8588549116635095,0.007074651099856943,,
amsterdam,link+k25,2,9,20,-1,0.8286104560508241,,,7.0,12.0
amsterdam,link+k25d,2,0,20,3,0.6898364711794951,0.6932900349222304,0.0034535637427353105,,
amsterdam,link+k25d,2,0,20,5,0.7600804113349054,0.7976572466849654,0.037576835350059956,,
amsterdam,link+k25d,2,0,20,8,0.8517802605636525,0.8588549116635095,0.007074651099856943,,
amsterdam,link+k25d,2,0,20,-1,0.8286104560508241,,,7.0,12.0
amsterdam,link+k50,2,0,20,3,0.6898364711794951,0.6932900349222304,0.0034535637427353105,,
amsterdam,link+k50,2,0,20,5,0.7717039728869474,0.7976572466849654,0.02595327379801804,,
amsterdam,link+k50,2,0,20,8,0.8517802605636525,0.8588549116635095,0.007074651099856943,,
amsterdam,link+k50,2,0,20,-1,0.8286104560508241,,,7.0,12.0
amsterdam,link+k50,2,1,20,3,0.6898364711794951,0.6932900349222304,0.0034535637427353105,,
amsterdam,link+k50,2,1,20,5,0.7717039728869474,0.7976572466849654,0.02595327379801804,,
amsterdam,link+k50,2,1,20,8,0.8517802605636525,0.8588549116635095,0.007074651099856943,,
amsterdam,link+k50,2,1,20,-1,0.8286104560508241,,,7.0,12.0
amsterdam,link+k50,2,2,20,3,0.6898364711794951,0.6932900349222304,0.0034535637427353105,,
amsterdam,link+k50,2,2,20,5,0.7600804113349054,0.7976572466849654,0.037576835350059956,,
amsterdam,link+k50,2,2,20,8,0.8517802605636525,0.8588549116635095,0.007074651099856943,,
amsterdam,link+k50,2,2,20,-1,0.8286104560508241,,,7.0,12.0
amsterdam,link+k50,2,3,20,3,0.6898364711794951,0.6932900349222304,0.0034535637427353105,,
amsterdam,link+k50,2,3,20,5,0.7717039728869474,0.7976572466849654,0.02595327379801804,,
amsterdam,link+k50,2,3,20,8,0.8517802605636525,0.8588549116635095,0.007074651099856943,,
amsterdam,link+k50,2,3,20,-1,0.8286104560508241,,,7.0,12.0
amsterdam,link+k50,2,4,20,3,0.6898364711794951,0.6932900349222304,0.0034535637427353105,,
amsterdam,link+k50,2,4,20,5,0.7600804113349054,0.7976572466849654,0.037576835350059956,,
amsterdam,link+k50,2,4,20,8,0.8517802605636525,0.8588549116635095,0.007074651099856943,,
amsterdam,link+k50,2,4,20,-1,0.8286104560508241,,,7.0,12.0
amsterdam,link+k50,2,5,20,3,0.6898364711794951,0.6932900349222304,0.0034535637427353105,,
amsterdam,link+k50,2,5,20,5,0.7600804113349054,0.7976572466849654,0.037576835350059956,,
amsterdam,link+k50,2,5,20,8,0.8517802605636525,0.8588549116635095,0.007074651099856943,,
amsterdam,link+k50,2,5,20,-1,0.8286104560508241,,,7.0,12.0
amsterdam,link+k50,2,6,20,3,0.6898364711794951,0.6932900349222304,0.0034535637427353105,,
amsterdam,link+k50,2,6,20,5,0.7600804113349054,0.7976572466849654,0.037576835350059956,,
amsterdam,link+k50,2,6,20,8,0.8517802605636525,0.8588549116635095,0.007074651099856943,,
amsterdam,link+k50,2,6,20,-1,0.8286104560508241,,,7.0,12.0
amsterdam,link+k50,2,7,20,3,0.6898364711794951,0.6932900349222304,0.0034535637427353105,,
amsterdam,link+k50,2,7,20,5,0.7600804113349054,0.7976572466849654,0.037576835350059956,,
amsterdam,link+k50,2,7,20,8,0.8517802605636525,0.8588549116635095,0.007074651099856943,,
amsterdam,link+k50,2,7,20,-1,0.8286104560508241,,,7.0,12.0
amsterdam,link+k50,2,8,20,3,0.6898364711794951,0.6932900349222304,0.0034535637427353105,,
amsterdam,link+k50,2,8,20,5,0.7717039728869474,0.7976572466849654,0.02595327379801804,,
amsterdam,link+k50,2,8,20,8,0.8517802605636525,0.8588549116635095,0.007074651099856943,,
amsterdam,link+k50,2,8,20,-1,0.8286104560508241,,,7.0,12.0
amsterdam,link+k50,2,9,20,3,0.6898364711794951,0.6932900349222304,0.0034535637427353105,,
amsterdam,link+k50,2,9,20,5,0.7717039728869474,0.7976572466849654,0.02595327379801804,,
amsterdam,link+k50,2,9,20,8,0.8517802605636525,0.8588549116635095,0.007074651099856943,,
amsterdam,link+k50,2,9,20,-1,0.8286104560508241,,,7.0,12.0
amsterdam,link+k50d,2,0,20,3,0.6898364711794951,0.6932900349222304,0.0034535637427353105,,
amsterdam,link+k50d,2,0,20,5,0.7600804113349054,0.7976572466849654,0.037576835350059956,,
amsterdam,link+k50d,2,0,20,8,0.8517802605636525,0.8588549116635095,0.007074651099856943,,
amsterdam,link+k50d,2,0,20,-1,0.8286104560508241,,,7.0,12.0
amsterdam,link,3,0,20,3,0.6898364711794951,0.6932900349222304,0.0034535637427353105,,
amsterdam,link,3,0,20,5,0.7600804113349054,0.7976572466849654,0.037576835350059956,,
amsterdam,link,3,0,20,8,0.8517802605636525,0.8588549116635095,0.007074651099856943,,
amsterdam,link,3,0,20,-1,0.7984948647568975,,,6.0,12.0
amsterdam,link,3,0,10,3,0.6898364711794951,0.6932900349222304,0.0034535637427353105,,
amsterdam,link,3,0,10,5,0.7845388590353217,0.7976572466849654,0.013118387649643681,,
amsterdam,link,3,0,10,8,0.8519606706099149,0.854795685622608,0.0028350150126931206,,
amsterdam,link,3,0,10,-1,0.8401953583072383,,,7.0,
amsterdam,link_reg,3,0,20,3,0.6418731717374776,0.6932900349222304,0.051416863184752803,,
amsterdam,link_reg,3,0,20,5,0.755389750132086,0.7976572466849654,0.042267496552879424,,
amsterdam,link_reg,3,0,20,8,0.8414582286310743,0.8588549116635095,0.017396683032435134,,
amsterdam,link_reg,3,0,20,-1,0.48142420845092204,,,1.0,12.0
amsterdam,link_reg,3,0,10,3,0.6418731717374776,0.6932900349222304,0.051416863184752803,,
amsterdam,link_reg,3,0,10,5,0.755389750132086,0.7976572466849654,0.042267496552879424,,
amsterdam,link_reg,3,0,10,8,0.8414582286310743,0.854795685622608,0.013337456991533658,,
amsterdam,link_reg,3,0,10,-1,0.48142420845092204,,,1.0,
amsterdam,link+k10,3,0,20,3,0.6898364711794951,0.6932900349222304,0.0034535637427353105,,
amsterdam,link+k10,3,0,20,5,0.7600804113349054,0.7976572466849654,0.037576835350059956,,
amsterdam,link+k10,3,0,20,8,0.8517802605636525,0.8588549116635095,0.007074651099856943,,
amsterdam,link+k10,3,0,20,-1,0.7984948647568975,,,6.0,12.0
amsterdam,link+k10,3,1,20,3,0.6898364711794951,0.6932900349222304,0.0034535637427353105,,
amsterdam,link+k10,3,1,20,5,0.7600804113349054,0.7976572466849654,0.037576835350059956,,
amsterdam,link+k10,3,1,20,8,0.8517802605636525,0.8588549116635095,0.007074651099856943,,
amsterdam,link+k10,3,1,20,-1,0.7984948647568975,,,6.0,12.0
amsterdam,link+k10,3,2,20,3,0.6898364711794951,0.6932900349222304,0.0034535637427353105,,
amsterdam,link+k10,3,2,20,5,0.7600804113349054,0.7976572466849654,0.037576835350059956,,
amsterdam,link+k10,3,2,20,8,0.8517802605636525,0.8588549116635095,0.007074651099856943,,
amsterdam,link+k10,3,2,20,-1,0.7984948647568975,,,6.0,12.0
amsterdam,link+k10,3,3,20,3,0.6898364711794951,0.6932900349222304,0.0034535637427353105,,
amsterdam,link+k10,3,3,20,5,0.7600804113349054,0.7976572466849654,0.037576835350059956,,
amsterdam,link+k10,3,3,20,8,0.8517802605636525,0.8588549116635095,0.007074651099856943,,
amsterdam,link+k10,3,3,20,-1,0.8286104560508241,,,7.0,12.0
amsterdam,link+k10,3,4,20,3,0.6898364711794951,0.6932900349222304,0.0034535637427353105,,
amsterdam,link+k10,3,4,20,5,0.7600804113349054,0.7976572466849654,0.037576835350059956,,
amsterdam,link+k10,3,4,20,8,0.8517802605636525,0.8588549116635095,0.007074651099856943,,
amsterdam,link+k10,3,4,20,-1,0.7984948647568975,,,6.0,12.0
amsterdam,link+k10,3,5,20,3,0.6898364711794951,0.6932900349222304,0.0034535637427353105,,
amsterdam,link+k10,3,5,20,5,0.7600804113349054,0.7976572466849654,0.037576835350059956,,
amsterdam,link+k10,3,5,20,8,0.8517802605636525,0.8588549116635095,0.007074651099856943,,
amsterdam,link+k10,3,5,20,-1,0.7984948647568975,,,6.0,12.0
amsterdam,link+k10,3,6,20,3,0.6898364711794951,0.6932900349222304,0.0034535637427353105,,
amsterdam,link+k10,3,6,20,5,0.7600804113349054,0.7976572466849654,0.037576835350059956,,
amsterdam,link+k10,3,6,20,8,0.8517802605636525,0.8588549116635095,0.007074651099856943,,
amsterdam,link+k10,3,6,20,-1,0.8286104560508241,,,7.0,12.0
amsterdam,link+k10,3,7,20,3,0.6898364711794951,0.6932900349222304,0.0034535637427353105,,
amsterdam,link+k10,3,7,20,5,0.7600804113349054,0.7976572466849654,0.037576835350059956,,
amsterdam,link+k10,3,7,20,8,0.8517802605636525,0.8588549116635095,0.007074651099856943,,
amsterdam,link+k10,3,7,20,-1,0.7984948647568975,,,6.0,12.0
amsterdam,link+k10,3,8,20,3,0.6898364711794951,0.6932900349222304,0.0034535637427353105,,
amsterdam,link+k10,3,8,20,5,0.7600804113349054,0.7976572466849654,0.037576835350059956,,
amsterdam,link+k10,3,8,20,8,0.8517802605636525,0.8588549116635095,0.007074651099856943,,
amsterdam,link+k10,3,8,20,-1,0.7984948647568975,,,6.0,12.0
amsterdam,link+k10,3,9,20,3,0.6898364711794951,0.6932900349222304,0.0034535637427353105,,
amsterdam,link+k10,3,9,20,5,0.7600804113349054,0.7976572466849654,0.037576835350059956,,
amsterdam,link+k10,3,9,20,8,0.8517802605636525,0.8588549116635095,0.007074651099856943,,
amsterdam,link+k10,3,9,20,-1,0.7984948647568975,,,6.0,12.0
amsterdam,link+k10d,3,0,20,3,0.6898364711794951,0.6932900349222304,0.0034535637427353105,,
amsterdam,link+k10d,3,0,20,5,0.7600804113349054,0.7976572466849654,0.037576835350059956,,
amsterdam,link+k10d,3,0,20,8,0.8517802605636525,0.8588549116635095,0.007074651099856943,,
amsterdam,link+k10d,3,0,20,-1,0.7984948647568975,,,6.0,12.0
amsterdam,link+k25,3,0,20,3,0.6898364711794951,0.6932900349222304,0.0034535637427353105,,
amsterdam,link+k25,3,0,20,5,0.7600804113349054,0.7976572466849654,0.037576835350059956,,
amsterdam,link+k25,3,0,20,8,0.8517802605636525,0.8588549116635095,0.007074651099856943,,
amsterdam,link+k25,3,0,20,-1,0.7984948647568975,,,6.0,12.0
amsterdam,link+k25,3,1,20,3,0.6898364711794951,0.6932900349222304,0.0034535637427353105,,
amsterdam,link+k25,3,1,20,5,0.7600804113349054,0.7976572466849654,0.037576835350059956,,
amsterdam,link+k25,3,1,20,8,0.8517802605636525,0.8588549116635095,0.007074651099856943,,
amsterdam,link+k25,3,1,20,-1,0.7984948647568975,,,6.0,12.0
amsterdam,link+k25,3,2,20,3,0.6898364711794951,0.6932900349222304,0.0034535637427353105,,
amsterdam,link+k25,3,2,20,5,0.7600804113349054,0.7976572466849654,0.037576835350059956,,
amsterdam,link+k25,3,2,20,8,0.8517802605636525,0.8588549116635095,0.007074651099856943,,
amsterdam,link+k25,3,2,20,-1,0.7984948647568975,,,6.0,12.0
amsterdam,link+k25,3,3,20,3,0.6898364711794951,0.6932900349222304,0.0034535637427353105,,
amsterdam,link+k25,3,3,20,5,0.7600804113349054,0.7976572466849654,0.037576835350059956,,
amsterdam,link+k25,3,3,20,8,0.8517802605636525,0.8588549116635095,0.007074651099856943,,
amsterdam,link+k25,3,3,20,-1,0.8286104560508241,,,7.0,12.0
amsterdam,link+k25,3,4,20,3,0.6898364711794951,0.6932900349222304,0.0034535637427353105,,
amsterdam,link+k25,3,4,20,5,0.7600804113349054,0.7976572466849654,0.037576835350059956,,
amsterdam,link+k25,3,4,20,8,0.8517802605636525,0.8588549116635095,0.007074651099856943,,
amsterdam,link+k25,3,4,20,-1,0.7984948647568975,,,6.0,12.0
amsterdam,link+k25,3,5,20,3,0.6898364711794951,0.6932900349222304,0.0034535637427353105,,
amsterdam,link+k25,3,5,20,5,0.7600804113349054,0.7976572466849654,0.037576835350059956,,
amsterdam,link+k25,3,5,20,8,0.8517802605636525,0.8588549116635095,0.007074651099856943,,
amsterdam,link+k25,3,5,20,-1,0.7984948647568975,,,6.0,12.0
amsterdam,link+k25,3,6,20,3,0.6898364711794951,0.6932900349222304,0.0034535637427353105,,
amsterdam,link+k25,3,6,20,5,0.7600804113349054,0.7976572466849654,0.037576835350059956,,
amsterdam,link+k25,3,6,20,8,0.8517802605636525,0.8588549116635095,0.007074651099856943,,
amsterdam,link+k25,3,6,20,-1,0.7984948647568975,,,6.0,12.0
amsterdam,link+k25,3,7,20,3,0.6898364711794951,0.6932900349222304,0.0034535637427353105,,
amsterdam,link+k25,3,7,20,5,0.7600804113349054,0.7976572466849654,0.037576835350059956,,
amsterdam,link+k25,3,7,20,8,0.8517802605636525,0.8588549116635095,0.007074651099856943,,
amsterdam,link+k25,3,7,20,-1,0.7984948647568975,,,6.0,12.0
amsterdam,link+k25,3,8,20,3,0.6898364711794951,0.6932900349222304,0.0034535637427353105,,
amsterdam,link+k25,3,8,20,5,0.7600804113349054,0.7976572466849654,0.037576835350059956,,
amsterdam,link+k25,3,8,20,8,0.8517802605636525,0.8588549116635095,0.007074651099856943,,
amsterdam,link+k25,3,8,20,-1,0.7984948647568975,,,6.0,12.0
amsterdam,link+k25,3,9,20,3,0.6898364711794951,0.6932900349222304,0.0034535637427353105,,
amsterdam,link+k25,3,9,20,5,0.7600804113349054,0.7976572466849654,0.037576835350059956,,
amsterdam,link+k25,3,9,20,8,0.8517802605636525,0.8588549116635095,0.007074651099856943,,
amsterdam,link+k25,3,9,20,-1,0.7984948647568975,,,6.0,12.0
amsterdam,link+k25d,3,0,20,3,0.6898364711794951,0.6932900349222304,0.0034535637427353105,,
amsterdam,link+k25d,3,0,20,5,0.7600804113349054,0.7976572466849654,0.037576835350059956,,
amsterdam,link+k25d,3,0,20,8,0.8517802605636525,0.8588549116635095,0.007074651099856943,,
amsterdam,link+k25d,3,0,20,-1,0.7984948647568975,,,6.0,12.0
amsterdam,link+k50,3,0,20,3,0.6898364711794951,0.6932900349222304,0.0034535637427353105,,
amsterdam,link+k50,3,0,20,5,0.7717039728869474,0.7976572466849654,0.02595327379801804,,
amsterdam,link+k50,3,0,20,8,0.8517802605636525,0.8588549116635095,0.007074651099856943,,
amsterdam,link+k50,3,0,20,-1,0.8286104560508241,,,7.0,12.0
amsterdam,link+k50,3,1,20,3,0.6898364711794951,0.6932900349222304,0.0034535637427353105,,
amsterdam,link+k50,3,1,20,5,0.7600804113349054,0.7976572466849654,0.037576835350059956,,
amsterdam,link+k50,3,1,20,8,0.8517802605636525,0.8588549116635095,0.007074651099856943,,
amsterdam,link+k50,3,1,20,-1,0.8286104560508241,,,7.0,12.0
amsterdam,link+k50,3,2,20,3,0.6898364711794951,0.6932900349222304,0.0034535637427353105,,
amsterdam,link+k50,3,2,20,5,0.7600804113349054,0.7976572466849654,0.037576835350059956,,
amsterdam,link+k50,3,2,20,8,0.8517802605636525,0.8588549116635095,0.007074651099856943,,
amsterdam,link+k50,3,2,20,-1,0.8286104560508241,,,7.0,12.0
amsterdam,link+k50,3,3,20,3,0.6898364711794951,0.6932900349222304,0.0034535637427353105,,
amsterdam,link+k50,3,3,20,5,0.7717039728869474,0.7976572466849654,0.02595327379801804,,
amsterdam,link+k50,3,3,20,8,0.8517802605636525,0.8588549116635095,0.007074651099856943,,
amsterdam,link+k50,3,3,20,-1,0.8286104560508241,,,7.0,12.0
amsterdam,link+k50,3,4,20,3,0.6898364711794951,0.6932900349222304,0.0034535637427353105,,
amsterdam,link+k50,3,4,20,5,0.7600804113349054,0.7976572466849654,0.037576835350059956,,
amsterdam,link+k50,3,4,20,8,0.8517802605636525,0.8588549116635095,0.007074651099856943,,
amsterdam,link+k50,3,4,20,-1,0.7984948647568975,,,6.0,12.0
amsterdam,link+k50,3,5,20,3,0.6898364711794951,0.6932900349222304,0.0034535637427353105,,
amsterdam,link+k50,3,5,20,5,0.7600804113349054,0.7976572466849654,0.037576835350059956,,
amsterdam,link+k50,3,5,20,8,0.8517802605636525,0.8588549116635095,0.007074651099856943,,
amsterdam,link+k50,3,5,20,-1,0.8286104560508241,,,7.0,12.0
amsterdam,link+k50,3,6,20,3,0.6898364711794951,0.6932900349222304,0.0034535637427353105,,
amsterdam,link+k50,3,6,20,5,0.7600804113349054,0.7976572466849654,0.037576835350059956,,
amsterdam,link+k50,3,6,20,8,0.8517802605636525,0.8588549116635095,0.007074651099856943,,
amsterdam,link+k50,3,6,20,-1,0.8286104560508241,,,7.0,12.0
amsterdam,link+k50,3,7,20,3,0.6898364711794951,0.6932900349222304,0.0034535637427353105,,
amsterdam,link+k50,3,7,20,5,0.7600804113349054,0.7976572466849654,0.037576835350059956,,
amsterdam,link+k50,3,7,20,8,0.8517802605636525,0.8588549116635095,0.007074651099856943,,
amsterdam,link+k50,3,7,20,-1,0.8286104560508241,,,7.0,12.0
amsterdam,link+k50,3,8,20,3,0.6898364711794951,0.6932900349222304,0.0034535637427353105,,
amsterdam,link+k50,3,8,20,5,0.7600804113349054,0.7976572466849654,0.037576835350059956,,
amsterdam,link+k50,3,8,20,8,0.8517802605636525,0.8588549116635095,0.007074651099856943,,
amsterdam,link+k50,3,8,20,-1,0.8286104560508241,,,7.0,12.0
amsterdam,link+k50,3,9,20,3,0.6898364711794951,0.6932900349222304,0.0034535637427353105,,
amsterdam,link+k50,3,9,20,5,0.7600804113349054,0.7976572466849654,0.037576835350059956,,
amsterdam,link+k50,3,9,20,8,0.8517802605636525,0.8588549116635095,0.007074651099856943,,
amsterdam,link+k50,3,9,20,-1,0.8286104560508241,,,7.0,12.0
amsterdam,link+k50d,3,0,20,3,0.6898364711794951,0.6932900349222304,0.0034535637427353105,,
amsterdam,link+k50d,3,0,20,5,0.7600804113349054,0.7976572466849654,0.037576835350059956,,
amsterdam,link+k50d,3,0,20,8,0.8517802605636525,0.8588549116635095,0.007074651099856943,,
amsterdam,link+k50d,3,0,20,-1,0.7984948647568975,,,6.0,12.0
amsterdam,link,4,0,20,3,0.6898364711794951,0.6932900349222304,0.0034535637427353105,,
amsterdam,link,4,0,20,5,0.7600804113349054,0.7976572466849654,0.037576835350059956,,
amsterdam,link,4,0,20,8,0.8517802605636525,0.8588549116635095,0.007074651099856943,,
amsterdam,link,4,0,20,-1,0.8286104560508241,,,7.0,12.0
amsterdam,link,4,0,10,3,0.6898364711794951,0.6932900349222304,0.0034535637427353105,,
amsterdam,link,4,0,10,5,0.7845388590353217,0.7976572466849654,0.013118387649643681,,
amsterdam,link,4,0,10,8,0.8519606706099149,0.854795685622608,0.0028350150126931206,,
amsterdam,link,4,0,10,-1,0.8401953583072383,,,7.0,
amsterdam,link_reg,4,0,20,3,0.6115256246697852,0.6932900349222304,0.08176441025244519,,
amsterdam,link_reg,4,0,20,5,0.7429027976443603,0.7976572466849654,0.05475444904060511,,
amsterdam,link_reg,4,0,20,8,0.8334815272999059,0.8588549116635095,0.02537338436360359,,
amsterdam,link_reg,4,0,20,-1,0.4119019084805608,,,1.0,12.0
amsterdam,link_reg,4,0,10,3,0.6656872978441,0.6932900349222304,0.027602737078130435,,
amsterdam,link_reg,4,0,10,5,0.7547067692426644,0.7976572466849654,0.04295047744230096,,
amsterdam,link_reg,4,0,10,8,0.8385716678908777,0.854795685622608,0.016224017731730322,,
amsterdam,link_reg,4,0,10,-1,0.4119019084805608,,,1.0,
amsterdam,link+k10,4,0,20,3,0.6898364711794951,0.6932900349222304,0.0034535637427353105,,
amsterdam,link+k10,4,0,20,5,0.7600804113349054,0.7976572466849654,0.037576835350059956,,
amsterdam,link+k10,4,0,20,8,0.8517802605636525,0.8588549116635095,0.007074651099856943,,
amsterdam,link+k10,4,0,20,-1,0.8286104560508241,,,7.0,12.0
amsterdam,link+k10,4,1,20,3,0.6898364711794951,0.6932900349222304,0.0034535637427353105,,
amsterdam,link+k10,4,1,20,5,0.7600804113349054,0.7976572466849654,0.037576835350059956,,
amsterdam,link+k10,4,1,20,8,0.8517802605636525,0.8588549116635095,0.007074651099856943,,
amsterdam,link+k10,4,1,20,-1,0.8286104560508241,,,7.0,12.0
amsterdam,link+k10,4,2,20,3,0.6898364711794951,0.6932900349222304,0.0034535637427353105,,
amsterdam,link+k10,4,2,20,5,0.7600804113349054,0.7976572466849654,0.037576835350059956,,
amsterdam,link+k10,4,2,20,8,0.8517802605636525,0.8588549116635095,0.007074651099856943,,
amsterdam,link+k10,4,2,20,-1,0.8286104560508241,,,7.0,12.0
amsterdam,link+k10,4,3,20,3,0.6898364711794951,0.6932900349222304,0.0034535637427353105,,
amsterdam,link+k10,4,3,20,5,0.7600804113349054,0.7976572466849654,0.037576835350059956,,
amsterdam,link+k10,4,3,20,8,0.8517802605636525,0.8588549116635095,0.007074651099856943,,
amsterdam,link+k10,4,3,20,-1,0.8286104560508241,,,7.0,12.0
amsterdam,link+k10,4,4,20,3,0.6898364711794951,0.6932900349222304,0.0034535637427353105,,
amsterdam,link+k10,4,4,20,5,0.7600804113349054,0.7976572466849654,0.037576835350059956,,
amsterdam,link+k10,4,4,20,8,0.8517802605636525,0.8588549116635095,0.007074651099856943,,
amsterdam,link+k10,4,4,20,-1,0.8286104560508241,,,7.0,12.0
amsterdam,link+k10,4,5,20,3,0.6898364711794951,0.6932900349222304,0.0034535637427353105,,
amsterdam,link+k10,4,5,20,5,0.7600804113349054,0.7976572466849654,0.037576835350059956,,
amsterdam,link+k10,4,5,20,8,0.8517802605636525,0.8588549116635095,0.007074651099856943,,
amsterdam,link+k10,4,5,20,-1,0.8286104560508241,,,7.0,12.0
amsterdam,link+k10,4,6,20,3,0.6898364711794951,0.6932900349222304,0.0034535637427353105,,
amsterdam,link+k10,4,6,20,5,0.7600804113349054,0.7976572466849654,0.037576835350059956,,
amsterdam,link+k10,4,6,20,8,0.8517802605636525,0.8588549116635095,0.007074651099856943,,
amsterdam,link+k10,4,6,20,-1,0.8286104560508241,,,7.0,12.0
amsterdam,link+k10,4,7,20,3,0.6898364711794951,0.6932900349222304,0.0034535637427353105,,
amsterdam,link+k10,4,7,20,5,0.7600804113349054,0.7976572466849654,0.037576835350059956,,
amsterdam,link+k10,4,7,20,8,0.8517802605636525,0.8588549116635095,0.007074651099856943,,
amsterdam,link+k10,4,7,20,-1,0.8286104560508241,,,7.0,12.0
amsterdam,link+k10,4,8,20,3,0.6898364711794951,0.6932900349222304,0.0034535637427353105,,
amsterdam,link+k10,4,8,20,5,0.7600804113349054,0.7976572466849654,0.037576835350059956,,
amsterdam,link+k10,4,8,20,8,0.8517802605636525,0.8588549116635095,0.007074651099856943,,
amsterdam,link+k10,4,8,20,-1,0.8286104560508241,,,7.0,12.0
amsterdam,link+k10,4,9,20,3,0.6898364711794951,0.6932900349222304,0.0034535637427353105,,
amsterdam,link+k10,4,9,20,5,0.7600804113349054,0.7976572466849654,0.037576835350059956,,
amsterdam,link+k10,4,9,20,8,0.8517802605636525,0.8588549116635095,0.007074651099856943,,
amsterdam,link+k10,4,9,20,-1,0.8286104560508241,,,7.0,12.0
amsterdam,link+k10d,4,0,20,3,0.6898364711794951,0.6932900349222304,0.0034535637427353105,,
amsterdam,link+k10d,4,0,20,5,0.7600804113349054,0.7976572466849654,0.037576835350059956,,
amsterdam,link+k10d,4,0,20,8,0.8517802605636525,0.8588549116635095,0.007074651099856943,,
amsterdam,link+k10d,4,0,20,-1,0.8286104560508241,,,7.0,12.0
amsterdam,link+k25,4,0,20,3,0.6898364711794951,0.6932900349222304,0.0034535637427353105,,
amsterdam,link+k25,4,0,20,5,0.7600804113349054,0.7976572466849654,0.037576835350059956,,
amsterdam,link+k25,4,0,20,8,0.8517802605636525,0.8588549116635095,0.007074651099856943,,
amsterdam,link+k25,4,0,20,-1,0.8286104560508241,,,7.0,12.0
amsterdam,link+k25,4,1,20,3,0.6898364711794951,0.6932900349222304,0.0034535637427353105,,
amsterdam,link+k25,4,1,20,5,0.7600804113349054,0.7976572466849654,0.037576835350059956,,
amsterdam,link+k25,4,1,20,8,0.8517802605636525,0.8588549116635095,0.007074651099856943,,
amsterdam,link+k25,4,1,20,-1,0.8286104560508241,,,7.0,12.0
amsterdam,link+k25,4,2,20,3,0.6898364711794951,0.6932900349222304,0.0034535637427353105,,
amsterdam,link+k25,4,2,20,5,0.7600804113349054,0.7976572466849654,0.037576835350059956,,
amsterdam,link+k25,4,2,20,8,0.8517802605636525,0.8588549116635095,0.007074651099856943,,
amsterdam,link+k25,4,2,20,-1,0.8286104560508241,,,7.0,12.0
amsterdam,link+k25,4,3,20,3,0.6898364711794951,0.6932900349222304,0.0034535637427353105,,
amsterdam,link+k25,4,3,20,5,0.7717039728869474,0.7976572466849654,0.02595327379801804,,
amsterdam,link+k25,4,3,20,8,0.8517802605636525,0.8588549116635095,0.007074651099856943,,
amsterdam,link+k25,4,3,20,-1,0.8286104560508241,,,7.0,12.0
amsterdam,link+k25,4,4,20,3,0.6898364711794951,0.6932900349222304,0.0034535637427353105,,
amsterdam,link+k25,4,4,20,5,0.7600804113349054,0.7976572466849654,0.037576835350059956,,
amsterdam,link+k25,4,4,20,8,0.8517802605636525,0.8588549116635095,0.007074651099856943,,
amsterdam,link+k25,4,4,20,-1,0.8286104560508241,,,7.0,12.0
amsterdam,link+k25,4,5,20,3,0.6898364711794951,0.6932900349222304,0.0034535637427353105,,
amsterdam,link+k25,4,5,20,5,0.7600804113349054,0.7976572466849654,0.037576835350059956,,
amsterdam,link+k25,4,5,20,8,0.8517802605636525,0.8588549116635095,0.007074651099856943,,
amsterdam,link+k25,4,5,20,-1,0.8286104560508241,,,7.0,12.0
amsterdam,link+k25,4,6,20,3,0.6898364711794951,0.6932900349222304,0.0034535637427353105,,
amsterdam,link+k25,4,6,20,5,0.7600804113349054,0.7976572466849654,0.037576835350059956,,
amsterdam,link+k25,4,6,20,8,0.8517802605636525,0.8588549116635095,0.007074651099856943,,
amsterdam,link+k25,4,6,20,-1,0.8286104560508241,,,7.0,12.0
amsterdam,link+k25,4,7,20,3,0.6898364711794951,0.6932900349222304,0.0034535637427353105,,
amsterdam,link+k25,4,7,20,5,0.7600804113349054,0.7976572466849654,0.037576835350059956,,
amsterdam,link+k25,4,7,20,8,0.8517802605636525,0.8588549116635095,0.007074651099856943,,
amsterdam,link+k25,4,7,20,-1,0.8286104560508241,,,7.0,12.0
amsterdam,link+k25,4,8,20,3,0.6898364711794951,0.6932900349222304,0.0034535637427353105,,
amsterdam,link+k25,4,8,20,5,0.7600804113349054,0.7976572466849654,0.037576835350059956,,
amsterdam,link+k25,4,8,20,8,0.8517802605636525,0.8588549116635095,0.007074651099856943,,
amsterdam,link+k25,4,8,20,-1,0.8286104560508241,,,7.0,12.0
amsterdam,link+k25,4,9,20,3,0.6898364711794951,0.6932900349222304,0.0034535637427353105,,
amsterdam,link+k25,4,9,20,5,0.7600804113349054,0.7976572466849654,0.037576835350059956,,
amsterdam,link+k25,4,9,20,8,0.8517802605636525,0.8588549116635095,0.007074651099856943,,
amsterdam,link+k25,4,9,20,-1,0.8286104560508241,,,7.0,12.0
amsterdam,link+k25d,4,0,20,3,0.6898364711794951,0.6932900349222304,0.0034535637427353105,,
amsterdam,link+k25d,4,0,20,5,0.7600804113349054,0.7976572466849654,0.037576835350059956,,
amsterdam,link+k25d,4,0,20,8,0.8517802605636525,0.8588549116635095,0.007074651099856943,,
amsterdam,link+k25d,4,0,20,-1,0.8286104560508241,,,7.0,12.0
amsterdam,link+k50,4,0,20,3,0.6898364711794951,0.6932900349222304,0.0034535637427353105,,
amsterdam,link+k50,4,0,20,5,0.7717039728869474,0.7976572466849654,0.02595327379801804,,
amsterdam,link+k50,4,0,20,8,0.8517802605636525,0.8588549116635095,0.007074651099856943,,
amsterdam,link+k50,4,0,20,-1,0.8286104560508241,,,7.0,12.0
amsterdam,link+k50,4,1,20,3,0.6898364711794951,0.6932900349222304,0.0034535637427353105,,
amsterdam,link+k50,4,1,20,5,0.7717039728869474,0.7976572466849654,0.02595327379801804,,
amsterdam,link+k50,4,1,20,8,0.8517802605636525,0.8588549116635095,0.007074651099856943,,
amsterdam,link+k50,4,1,20,-1,0.8286104560508241,,,7.0,12.0
amsterdam,link+k50,4,2,20,3,0.6898364711794951,0.6932900349222304,0.0034535637427353105,,
amsterdam,link+k50,4,2,20,5,0.7600804113349054,0.7976572466849654,0.037576835350059956,,
amsterdam,link+k50,4,2,20,8,0.8517802605636525,0.8588549116635095,0.007074651099856943,,
amsterdam,link+k50,4,2,20,-1,0.8286104560508241,,,7.0,12.0
amsterdam,link+k50,4,3,20,3,0.6898364711794951,0.6932900349222304,0.0034535637427353105,,
amsterdam,link+k50,4,3,20,5,0.7717039728869474,0.7976572466849654,0.02595327379801804,,
amsterdam,link+k50,4,3,20,8,0.8517802605636525,0.8588549116635095,0.007074651099856943,,
amsterdam,link+k50,4,3,20,-1,0.8286104560508241,,,7.0,12.0
amsterdam,link+k50,4,4,20,3,0.6898364711794951,0.6932900349222304,0.0034535637427353105,,
amsterdam,link+k50,4,4,20,5,0.7600804113349054,0.7976572466849654,0.037576835350059956,,
amsterdam,link+k50,4,4,20,8,0.8517802605636525,0.8588549116635095,0.007074651099856943,,
amsterdam,link+k50,4,4,20,-1,0.8286104560508241,,,7.0,12.0
amsterdam,link+k50,4,5,20,3,0.6898364711794951,0.6932900349222304,0.0034535637427353105,,
amsterdam,link+k50,4,5,20,5,0.7600804113349054,0.7976572466849654,0.037576835350059956,,
amsterdam,link+k50,4,5,20,8,0.8517802605636525,0.8588549116635095,0.007074651099856943,,
amsterdam,link+k50,4,5,20,-1,0.8286104560508241,,,7.0,12.0
amsterdam,link+k50,4,6,20,3,0.6898364711794951,0.6932900349222304,0.0034535637427353105,,
amsterdam,link+k50,4,6,20,5,0.7600804113349054,0.7976572466849654,0.037576835350059956,,
amsterdam,link+k50,4,6,20,8,0.8517802605636525,0.8588549116635095,0.007074651099856943,,
amsterdam,link+k50,4,6,20,-1,0.8286104560508241,,,7.0,12.0
amsterdam,link+k50,4,7,20,3,0.6898364711794951,0.6932900349222304,0.0034535637427353105,,
amsterdam,link+k50,4,7,20,5,0.7600804113349054,0.7976572466849654,0.037576835350059956,,
amsterdam,link+k50,4,7,20,8,0.8517802605636525,0.8588549116635095,0.007074651099856943,,
amsterdam,link+k50,4,7,20,-1,0.8286104560508241,,,7.0,12.0
amsterdam,link+k50,4,8,20,3,0.6898364711794951,0.6932900349222304,0.0034535637427353105,,
amsterdam,link+k50,4,8,20,5,0.7600804113349054,0.7976572466849654,0.037576835350059956,,
amsterdam,link+k50,4,8,20,8,0.8517802605636525,0.8588549116635095,0.007074651099856943,,
amsterdam,link+k50,4,8,20,-1,0.8286104560508241,,,7.0,12.0
amsterdam,link+k50,4,9,20,3,0.6898364711794951,0.6932900349222304,0.0034535637427353105,,
amsterdam,link+k50,4,9,20,5,0.7600804113349054,0.7976572466849654,0.037576835350059956,,
amsterdam,link+k50,4,9,20,8,0.8517802605636525,0.8588549116635095,0.007074651099856943,,
amsterdam,link+k50,4,9,20,-1,0.8286104560508241,,,7.0,12.0
amsterdam,link+k50d,4,0,20,3,0.6898364711794951,0.6932900349222304,0.0034535637427353105,,
amsterdam,link+k50d,4,0,20,5,0.7600804113349054,0.7976572466849654,0.037576835350059956,,
amsterdam,link+k50d,4,0,20,8,0.8517802605636525,0.8588549116635095,0.007074651099856943,,
amsterdam,link+k50d,4,0,20,-1,0.8286104560508241,,,7.0,12.0
barcelona,link,0,0,20,3,0.6631948167322744,0.6631948167322744,0.0,,
barcelona,link,0,0,20,5,0.747560770138006,0.7511755785991086,0.0036148084611025144,,
barcelona,link,0,0,20,8,0.8089512460367301,0.8145725795334446,0.0056213334967145645,,
barcelona,link,0,0,20,-1,0.8534011365202874,,,12.0,18.0
barcelona,link,0,0,10,3,0.6631948167322744,0.6631948167322744,0.0,,
barcelona,link,0,0,10,5,0.746672385007735,0.746672385007735,0.0,,
barcelona,link,0,0,10,8,0.8000061267940018,0.8000061267940018,0.0,,
barcelona,link,0,0,10,-1,0.8130868319879915,,,,
barcelona,link_reg,0,0,20,3,0.5686583852834408,0.6631948167322744,0.09453643144883361,,
barcelona,link_reg,0,0,20,5,0.6897085177753611,0.7511755785991086,0.06146706082374742,,
barcelona,link_reg,0,0,20,8,0.7713633648352658,0.8145725795334446,0.043209214698178844,,
barcelona,link_reg,0,0,20,-1,0.44387090845038063,,,1.0,18.0
barcelona,link_reg,0,0,10,3,0.6606828311915083,0.6631948167322744,0.0025119855407661484,,
barcelona,link_reg,0,0,10,5,0.7284145388821665,0.746672385007735,0.018257846125568578,,
barcelona,link_reg,0,0,10,8,0.7872470782851103,0.8000061267940018,0.012759048508891535,,
barcelona,link_reg,0,0,10,-1,0.44387090845038063,,,1.0,
barcelona,link+k10,0,0,20,3,0.6631948167322744,0.6631948167322744,0.0,,
barcelona,link+k10,0,0,20,5,0.747560770138006,0.7511755785991086,0.0036148084611025144,,
barcelona,link+k10,0,0,20,8,0.8036515692251137,0.8145725795334446,0.010921010308330925,,
barcelona,link+k10,0,0,20,-1,0.8594666625821373,,,12.0,18.0
barcelona,link+k10,0,1,20,3,0.6631948167322744,0.6631948167322744,0.0,,
barcelona,link+k10,0,1,20,5,0.747560770138006,0.7511755785991086,0.0036148084611025144,,
barcelona,link+k10,0,1,20,8,0.8089512460367301,0.8145725795334446,0.0056213334967145645,,
barcelona,link+k10,0,1,20,-1,0.8534011365202874,,,12.0,18.0
barcelona,link+k10,0,2,20,3,0.6631948167322744,0.6631948167322744,0.0,,
barcelona,link+k10,0,2,20,5,0.747560770138006,0.7511755785991086,0.0036148084611025144,,
barcelona,link+k10,0,2,20,8,0.8089512460367301,0.8145725795334446,0.0056213334967145645,,
barcelona,link+k10,0,2,20,-1,0.8534011365202874,,,12.0,18.0
barcelona,link+k10,0,3,20,3,0.6631948167322744,0.6631948167322744,0.0,,
barcelona,link+k10,0,3,20,5,0.747560770138006,0.7511755785991086,0.0036148084611025144,,
barcelona,link+k10,0,3,20,8,0.8089512460367301,0.8145725795334446,0.0056213334967145645,,
barcelona,link+k10,0,3,20,-1,0.8534011365202874,,,12.0,18.0
barcelona,link+k10,0,4,20,3,0.6520134176788641,0.6631948167322744,0.011181399053410312,,
barcelona,link+k10,0,4,20,5,0.747560770138006,0.7511755785991086,0.0036148084611025144,,
barcelona,link+k10,0,4,20,8,0.8089512460367301,0.8145725795334446,0.0056213334967145645,,
barcelona,link+k10,0,4,20,-1,0.8534011365202874,,,12.0,18.0
barcelona,link+k10,0,5,20,3,0.6631948167322744,0.6631948167322744,0.0,,
barcelona,link+k10,0,5,20,5,0.747560770138006,0.7511755785991086,0.0036148084611025144,,
barcelona,link+k10,0,5,20,8,0.8089512460367301,0.8145725795334446,0.0056213334967145645,,
barcelona,link+k10,0,5,20,-1,0.8534011365202874,,,12.0,18.0
barcelona,link+k10,0,6,20,3,0.6520134176788641,0.6631948167322744,0.011181399053410312,,
barcelona,link+k10,0,6,20,5,0.747560770138006,0.7511755785991086,0.0036148084611025144,,
barcelona,link+k10,0,6,20,8,0.8089512460367301,0.8145725795334446,0.0056213334967145645,,
barcelona,link+k10,0,6,20,-1,0.8534011365202874,,,12.0,18.0
barcelona,link+k10,0,7,20,3,0.6631948167322744,0.6631948167322744,0.0,,
barcelona,link+k10,0,7,20,5,0.747560770138006,0.7511755785991086,0.0036148084611025144,,
barcelona,link+k10,0,7,20,8,0.8089512460367301,0.8145725795334446,0.0056213334967145645,,
barcelona,link+k10,0,7,20,-1,0.8534011365202874,,,12.0,18.0
barcelona,link+k10,0,8,20,3,0.6520134176788641,0.6631948167322744,0.011181399053410312,,
barcelona,link+k10,0,8,20,5,0.747560770138006,0.7511755785991086,0.0036148084611025144,,
barcelona,link+k10,0,8,20,8,0.8072816946712209,0.8145725795334446,0.007290884862223734,,
barcelona,link+k10,0,8,20,-1,0.8571537978464319,,,12.0,18.0
barcelona,link+k10,0,9,20,3,0.6631948167322744,0.6631948167322744,0.0,,
barcelona,link+k10,0,9,20,5,0.747560770138006,0.7511755785991086,0.0036148084611025144,,
barcelona,link+k10,0,9,20,8,0.813668877418169,0.8145725795334446,0.0009037021152756841,,
barcelona,link+k10,0,9,20,-1,0.8679675892597302,,,13.0,18.0
barcelona,link+k10d,0,0,20,3,0.6631948167322744,0.6631948167322744,0.0,,
barcelona,link+k10d,0,0,20,5,0.747560770138006,0.7511755785991086,0.0036148084611025144,,
barcelona,link+k10d,0,0,20,8,0.8089512460367301,0.8145725795334446,0.0056213334967145645,,
barcelona,link+k10d,0,0,20,-1,0.8534011365202874,,,12.0,18.0
barcelona,link+k25,0,0,20,3,0.6631948167322744,0.6631948167322744,0.0,,
barcelona,link+k25,0,0,20,5,0.747560770138006,0.7511755785991086,0.0036148084611025144,,
barcelona,link+k25,0,0,20,8,0.8089512460367301,0.8145725795334446,0.0056213334967145645,,
barcelona,link+k25,0,0,20,-1,0.8534011365202874,,,12.0,18.0
barcelona,link+k25,0,1,20,3,0.6520134176788641,0.6631948167322744,0.011181399053410312,,
barcelona,link+k25,0,1,20,5,0.747560770138006,0.7511755785991086,0.0036148084611025144,,
barcelona,link+k25,0,1,20,8,0.8089512460367301,0.8145725795334446,0.0056213334967145645,,
barcelona,link+k25,0,1,20,-1,0.855239174720848,,,12.0,18.0
barcelona,link+k25,0,2,20,3,0.6631948167322744,0.6631948167322744,0.0,,
barcelona,link+k25,0,2,20,5,0.747560770138006,0.7511755785991086,0.0036148084611025144,,
barcelona,link+k25,0,2,20,8,0.8089512460367301,0.8145725795334446,0.0056213334967145645,,
barcelona,link+k25,0,2,20,-1,0.8534011365202874,,,12.0,18.0
barcelona,link+k25,0,3,20,3,0.6631948167322744,0.6631948167322744,0.0,,
barcelona,link+k25,0,3,20,5,0.747560770138006,0.7511755785991086,0.0036148084611025144,,
barcelona,link+k25,0,3,20,8,0.8089512460367301,0.8145725795334446,0.0056213334967145645,,
barcelona,link+k25,0,3,20,-1,0.8534011365202874,,,12.0,18.0
barcelona,link+k25,0,4,20,3,0.6631948167322744,0.6631948167322744,0.0,,
barcelona,link+k25,0,4,20,5,0.747560770138006,0.7511755785991086,0.0036148084611025144,,
barcelona,link+k25,0,4,20,8,0.8089512460367301,0.8145725795334446,0.0056213334967145645,,
barcelona,link+k25,0,4,20,-1,0.8534011365202874,,,12.0,18.0
barcelona,link+k25,0,5,20,3,0.6631948167322744,0.6631948167322744,0.0,,
barcelona,link+k25,0,5,20,5,0.7511755785991086,0.7511755785991086,0.0,,
barcelona,link+k25,0,5,20,8,0.8094873405118936,0.8145725795334446,0.005085239021551002,,
barcelona,link+k25,0,5,20,-1,0.8594666625821373,,,12.0,18.0
barcelona,link+k25,0,6,20,3,0.6631948167322744,0.6631948167322744,0.0,,
barcelona,link+k25,0,6,20,5,0.747560770138006,0.7511755785991086,0.0036148084611025144,,
barcelona,link+k25,0,6,20,8,0.8089512460367301,0.8145725795334446,0.0056213334967145645,,
barcelona,link+k25,0,6,20,-1,0.8534011365202874,,,12.0,18.0
barcelona,link+k25,0,7,20,3,0.6631948167322744,0.6631948167322744,0.0,,
barcelona,link+k25,0,7,20,5,0.747560770138006,0.7511755785991086,0.0036148084611025144,,
barcelona,link+k25,0,7,20,8,0.8036515692251137,0.8145725795334446,0.010921010308330925,,
barcelona,link+k25,0,7,20,-1,0.8612281158576746,,,12.0,18.0
barcelona,link+k25,0,8,20,3,0.6631948167322744,0.6631948167322744,0.0,,
barcelona,link+k25,0,8,20,5,0.7511755785991086,0.7511755785991086,0.0,,
barcelona,link+k25,0,8,20,8,0.813668877418169,0.8145725795334446,0.0009037021152756841,,
barcelona,link+k25,0,8,20,-1,0.8594666625821373,,,12.0,18.0
barcelona,link+k25,0,9,20,3,0.6631948167322744,0.6631948167322744,0.0,,
barcelona,link+k25,0,9,20,5,0.7511755785991086,0.7511755785991086,0.0,,
barcelona,link+k25,0,9,20,8,0.8094873405118936,0.8145725795334446,0.005085239021551002,,
barcelona,link+k25,0,9,20,-1,0.8594666625821373,,,12.0,18.0
barcelona,link+k25d,0,0,20,3,0.6631948167322744,0.6631948167322744,0.0,,
barcelona,link+k25d,0,0,20,5,0.747560770138006,0.7511755785991086,0.0036148084611025144,,
barcelona,link+k25d,0,0,20,8,0.8089512460367301,0.8145725795334446,0.0056213334967145645,,
barcelona,link+k25d,0,0,20,-1,0.8534011365202874,,,12.0,18.0
barcelona,link+k50,0,0,20,3,0.6631948167322744,0.6631948167322744,0.0,,
barcelona,link+k50,0,0,20,5,0.747560770138006,0.7511755785991086,0.0036148084611025144,,
barcelona,link+k50,0,0,20,8,0.8089512460367301,0.8145725795334446,0.0056213334967145645,,
barcelona,link+k50,0,0,20,-1,0.8534011365202874,,,12.0,18.0
barcelona,link+k50,0,1,20,3,0.6631948167322744,0.6631948167322744,0.0,,
barcelona,link+k50,0,1,20,5,0.747560770138006,0.7511755785991086,0.0036148084611025144,,
barcelona,link+k50,0,1,20,8,0.8089512460367301,0.8145725795334446,0.0056213334967145645,,
barcelona,link+k50,0,1,20,-1,0.8507359811294745,,,12.0,18.0
barcelona,link+k50,0,2,20,3,0.6631948167322744,0.6631948167322744,0.0,,
barcelona,link+k50,0,2,20,5,0.747560770138006,0.7511755785991086,0.0036148084611025144,,
barcelona,link+k50,0,2,20,8,0.8089512460367301,0.8145725795334446,0.0056213334967145645,,
barcelona,link+k50,0,2,20,-1,0.8534011365202874,,,12.0,18.0
barcelona,link+k50,0,3,20,3,0.6520134176788641,0.6631948167322744,0.011181399053410312,,
barcelona,link+k50,0,3,20,5,0.747560770138006,0.7511755785991086,0.0036148084611025144,,
barcelona,link+k50,0,3,20,8,0.8089512460367301,0.8145725795334446,0.0056213334967145645,,
barcelona,link+k50,0,3,20,-1,0.8534011365202874,,,12.0,18.0
barcelona,link+k50,0,4,20,3,0.6631948167322744,0.6631948167322744,0.0,,
barcelona,link+k50,0,4,20,5,0.747560770138006,0.7511755785991086,0.0036148084611025144,,
barcelona,link+k50,0,4,20,8,0.8089512460367301,0.8145725795334446,0.0056213334967145645,,
barcelona,link+k50,0,4,20,-1,0.8534011365202874,,,12.0,18.0
barcelona,link+k50,0,5,20,3,0.6631948167322744,0.6631948167322744,0.0,,
barcelona,link+k50,0,5,20,5,0.747560770138006,0.7511755785991086,0.0036148084611025144,,
barcelona,link+k50,0,5,20,8,0.8089512460367301,0.8145725795334446,0.0056213334967145645,,
barcelona,link+k50,0,5,20,-1,0.8534011365202874,,,12.0,18.0
barcelona,link+k50,0,6,20,3,0.6631948167322744,0.6631948167322744,0.0,,
barcelona,link+k50,0,6,20,5,0.747560770138006,0.7511755785991086,0.0036148084611025144,,
barcelona,link+k50,0,6,20,8,0.8089512460367301,0.8145725795334446,0.0056213334967145645,,
barcelona,link+k50,0,6,20,-1,0.8534011365202874,,,12.0,18.0
barcelona,link+k50,0,7,20,3,0.6631948167322744,0.6631948167322744,0.0,,
barcelona,link+k50,0,7,20,5,0.747560770138006,0.7511755785991086,0.0036148084611025144,,
barcelona,link+k50,0,7,20,8,0.8036515692251137,0.8145725795334446,0.010921010308330925,,
barcelona,link+k50,0,7,20,-1,0.8594666625821373,,,12.0,18.0
barcelona,link+k50,0,8,20,3,0.6520134176788641,0.6631948167322744,0.011181399053410312,,
barcelona,link+k50,0,8,20,5,0.747560770138006,0.7511755785991086,0.0036148084611025144,,
barcelona,link+k50,0,8,20,8,0.8089512460367301,0.8145725795334446,0.0056213334967145645,,
barcelona,link+k50,0,8,20,-1,0.8534011365202874,,,12.0,18.0
barcelona,link+k50,0,9,20,3,0.6520134176788641,0.6631948167322744,0.011181399053410312,,
barcelona,link+k50,0,9,20,5,0.747560770138006,0.7511755785991086,0.0036148084611025144,,
barcelona,link+k50,0,9,20,8,0.8089512460367301,0.8145725795334446,0.0056213334967145645,,
barcelona,link+k50,0,9,20,-1,0.8534011365202874,,,12.0,18.0
barcelona,link+k50d,0,0,20,3,0.6631948167322744,0.6631948167322744,0.0,,
barcelona,link+k50d,0,0,20,5,0.747560770138006,0.7511755785991086,0.0036148084611025144,,
barcelona,link+k50d,0,0,20,8,0.8089512460367301,0.8145725795334446,0.0056213334967145645,,
barcelona,link+k50d,0,0,20,-1,0.8534011365202874,,,12.0,18.0
barcelona,link,1,0,20,3,0.6631948167322744,0.6631948167322744,0.0,,
barcelona,link,1,0,20,5,0.747560770138006,0.7511755785991086,0.0036148084611025144,,
barcelona,link,1,0,20,8,0.8036515692251137,0.8145725795334446,0.010921010308330925,,
barcelona,link,1,0,20,-1,0.8594666625821373,,,12.0,18.0
barcelona,link,1,0,10,3,0.6631948167322744,0.6631948167322744,0.0,,
barcelona,link,1,0,10,5,0.746672385007735,0.746672385007735,0.0,,
barcelona,link,1,0,10,8,0.8000061267940018,0.8000061267940018,0.0,,
barcelona,link,1,0,10,-1,0.8130868319879915,,,,
barcelona,link_reg,1,0,20,3,0.5960145205017844,0.6631948167322744,0.06718029623049004,,
barcelona,link_reg,1,0,20,5,0.6780829261568153,0.7511755785991086,0.07309265244229324,,
barcelona,link_reg,1,0,20,8,0.7623110266975048,0.8145725795334446,0.052261552835939806,,
barcelona,link_reg,1,0,20,-1,0.3694763122826903,,,1.0,18.0
barcelona,link_reg,1,0,10,3,0.6606828311915083,0.6631948167322744,0.0025119855407661484,,
barcelona,link_reg,1,0,10,5,0.7315085698531101,0.746672385007735,0.015163815154624949,,
barcelona,link_reg,1,0,10,8,0.7872470782851103,0.8000061267940018,0.012759048508891535,,
barcelona,link_reg,1,0,10,-1,0.44387090845038063,,,1.0,
barcelona,link+k10,1,0,20,3,0.6631948167322744,0.6631948167322744,0.0,,
barcelona,link+k10,1,0,20,5,0.747560770138006,0.7511755785991086,0.0036148084611025144,,
barcelona,link+k10,1,0,20,8,0.8036515692251137,0.8145725795334446,0.010921010308330925,,
barcelona,link+k10,1,0,20,-1,0.8565870694012591,,,12.0,18.0
barcelona,link+k10,1,1,20,3,0.6631948167322744,0.6631948167322744,0.0,,
barcelona,link+k10,1,1,20,5,0.747560770138006,0.7511755785991086,0.0036148084611025144,,
barcelona,link+k10,1,1,20,8,0.8036515692251137,0.8145725795334446,0.010921010308330925,,
barcelona,link+k10,1,1,20,-1,0.8594666625821373,,,12.0,18.0
barcelona,link+k10,1,2,20,3,0.6631948167322744,0.6631948167322744,0.0,,
barcelona,link+k10,1,2,20,5,0.747560770138006,0.7511755785991086,0.0036148084611025144,,
barcelona,link+k10,1,2,20,8,0.8036515692251137,0.8145725795334446,0.010921010308330925,,
barcelona,link+k10,1,2,20,-1,0.8594666625821373,,,12.0,18.0
barcelona,link+k10,1,3,20,3,0.6631948167322744,0.6631948167322744,0.0,,
barcelona,link+k10,1,3,20,5,0.747560770138006,0.7511755785991086,0.0036148084611025144,,
barcelona,link+k10,1,3,20,8,0.8036515692251137,0.8145725795334446,0.010921010308330925,,
barcelona,link+k10,1,3,20,-1,0.8594666625821373,,,12.0,18.0
barcelona,link+k10,1,4,20,3,0.6631948167322744,0.6631948167322744,0.0,,
barcelona,link+k10,1,4,20,5,0.747560770138006,0.7511755785991086,0.0036148084611025144,,
barcelona,link+k10,1,4,20,8,0.8036515692251137,0.8145725795334446,0.010921010308330925,,
barcelona,link+k10,1,4,20,-1,0.8594666625821373,,,12.0,18.0
barcelona,link+k10,1,5,20,3,0.6631948167322744,0.6631948167322744,0.0,,
barcelona,link+k10,1,5,20,5,0.747560770138006,0.7511755785991086,0.0036148084611025144,,
barcelona,link+k10,1,5,20,8,0.8089512460367301,0.8145725795334446,0.0056213334967145645,,
barcelona,link+k10,1,5,20,-1,0.8534011365202874,,,12.0,18.0
barcelona,link+k10,1,6,20,3,0.6631948167322744,0.6631948167322744,0.0,,
barcelona,link+k10,1,6,20,5,0.747560770138006,0.7511755785991086,0.0036148084611025144,,
barcelona,link+k10,1,6,20,8,0.8036515692251137,0.8145725795334446,0.010921010308330925,,
barcelona,link+k10,1,6,20,-1,0.8594666625821373,,,12.0,18.0
barcelona,link+k10,1,7,20,3,0.6631948167322744,0.6631948167322744,0.0,,
barcelona,link+k10,1,7,20,5,0.747560770138006,0.7511755785991086,0.0036148084611025144,,
barcelona,link+k10,1,7,20,8,0.8036515692251137,0.8145725795334446,0.010921010308330925,,
barcelona,link+k10,1,7,20,-1,0.8594666625821373,,,12.0,18.0
barcelona,link+k10,1,8,20,3,0.6631948167322744,0.6631948167322744,0.0,,
barcelona,link+k10,1,8,20,5,0.747560770138006,0.7511755785991086,0.0036148084611025144,,
barcelona,link+k10,1,8,20,8,0.8016909951445158,0.8145725795334446,0.012881584388928835,,
barcelona,link+k10,1,8,20,-1,0.8632959088333052,,,12.0,18.0
barcelona,link+k10,1,9,20,3,0.6631948167322744,0.6631948167322744,0.0,,
barcelona,link+k10,1,9,20,5,0.747560770138006,0.7511755785991086,0.0036148084611025144,,
barcelona,link+k10,1,9,20,8,0.813668877418169,0.8145725795334446,0.0009037021152756841,,
barcelona,link+k10,1,9,20,-1,0.862468791643053,,,12.0,18.0
barcelona,link+k10d,1,0,20,3,0.6631948167322744,0.6631948167322744,0.0,,
barcelona,link+k10d,1,0,20,5,0.747560770138006,0.7511755785991086,0.0036148084611025144,,
barcelona,link+k10d,1,0,20,8,0.8036515692251137,0.8145725795334446,0.010921010308330925,,
barcelona,link+k10d,1,0,20,-1,0.8594666625821373,,,12.0,18.0
barcelona,link+k25,1,0,20,3,0.6631948167322744,0.6631948167322744,0.0,,
barcelona,link+k25,1,0,20,5,0.747560770138006,0.7511755785991086,0.0036148084611025144,,
barcelona,link+k25,1,0,20,8,0.8036515692251137,0.8145725795334446,0.010921010308330925,,
barcelona,link+k25,1,0,20,-1,0.8565870694012591,,,12.0,18.0
barcelona,link+k25,1,1,20,3,0.6631948167322744,0.6631948167322744,0.0,,
barcelona,link+k25,1,1,20,5,0.747560770138006,0.7511755785991086,0.0036148084611025144,,
barcelona,link+k25,1,1,20,8,0.8036515692251137,0.8145725795334446,0.010921010308330925,,
barcelona,link+k25,1,1,20,-1,0.862468791643053,,,12.0,18.0
barcelona,link+k25,1,2,20,3,0.6631948167322744,0.6631948167322744,0.0,,
barcelona,link+k25,1,2,20,5,0.747560770138006,0.7511755785991086,0.0036148084611025144,,
barcelona,link+k25,1,2,20,8,0.8036515692251137,0.8145725795334446,0.010921010308330925,,
barcelona,link+k25,1,2,20,-1,0.8594666625821373,,,12.0,18.0
barcelona,link+k25,1,3,20,3,0.6631948167322744,0.6631948167322744,0.0,,
barcelona,link+k25,1,3,20,5,0.747560770138006,0.7511755785991086,0.0036148084611025144,,
barcelona,link+k25,1,3,20,8,0.8036515692251137,0.8145725795334446,0.010921010308330925,,
barcelona,link+k25,1,3,20,-1,0.8594666625821373,,,12.0,18.0
barcelona,link+k25,1,4,20,3,0.6631948167322744,0.6631948167322744,0.0,,
barcelona,link+k25,1,4,20,5,0.747560770138006,0.7511755785991086,0.0036148084611025144,,
barcelona,link+k25,1,4,20,8,0.8036515692251137,0.8145725795334446,0.010921010308330925,,
barcelona,link+k25,1,4,20,-1,0.8594666625821373,,,12.0,18.0
barcelona,link+k25,1,5,20,3,0.6631948167322744,0.6631948167322744,0.0,,
barcelona,link+k25,1,5,20,5,0.747560770138006,0.7511755785991086,0.0036148084611025144,,
barcelona,link+k25,1,5,20,8,0.8036515692251137,0.8145725795334446,0.010921010308330925,,
barcelona,link+k25,1,5,20,-1,0.8594666625821373,,,12.0,18.0
barcelona,link+k25,1,6,20,3,0.6631948167322744,0.6631948167322744,0.0,,
barcelona,link+k25,1,6,20,5,0.747560770138006,0.7511755785991086,0.0036148084611025144,,
barcelona,link+k25,1,6,20,8,0.8036515692251137,0.8145725795334446,0.010921010308330925,,
barcelona,link+k25,1,6,20,-1,0.8594666625821373,,,12.0,18.0
barcelona,link+k25,1,7,20,3,0.6631948167322744,0.6631948167322744,0.0,,
barcelona,link+k25,1,7,20,5,0.747560770138006,0.7511755785991086,0.0036148084611025144,,
barcelona,link+k25,1,7,20,8,0.8036515692251137,0.8145725795334446,0.010921010308330925,,
barcelona,link+k25,1,7,20,-1,0.8594666625821373,,,12.0,18.0
barcelona,link+k25,1,8,20,3,0.6631948167322744,0.6631948167322744,0.0,,
barcelona,link+k25,1,8,20,5,0.747560770138006,0.7511755785991086,0.0036148084611025144,,
barcelona,link+k25,1,8,20,8,0.8036515692251137,0.8145725795334446,0.010921010308330925,,
barcelona,link+k25,1,8,20,-1,0.8594666625821373,,,12.0,18.0
barcelona,link+k25,1,9,20,3,0.6631948167322744,0.6631948167322744,0.0,,
barcelona,link+k25,1,9,20,5,0.747560770138006,0.7511755785991086,0.0036148084611025144,,
barcelona,link+k25,1,9,20,8,0.8036515692251137,0.8145725795334446,0.010921010308330925,,
barcelona,link+k25,1,9,20,-1,0.8594666625821373,,,12.0,18.0
barcelona,link+k25d,1,0,20,3,0.6631948167322744,0.6631948167322744,0.0,,
barcelona,link+k25d,1,0,20,5,0.747560770138006,0.7511755785991086,0.0036148084611025144,,
barcelona,link+k25d,1,0,20,8,0.8036515692251137,0.8145725795334446,0.010921010308330925,,
barcelona,link+k25d,1,0,20,-1,0.8594666625821373,,,12.0,18.0
barcelona,link+k50,1,0,20,3,0.6631948167322744,0.6631948167322744,0.0,,
barcelona,link+k50,1,0,20,5,0.747560770138006,0.7511755785991086,0.0036148084611025144,,
barcelona,link+k50,1,0,20,8,0.8036515692251137,0.8145725795334446,0.010921010308330925,,
barcelona,link+k50,1,0,20,-1,0.8594666625821373,,,12.0,18.0
barcelona,link+k50,1,1,20,3,0.6631948167322744,0.6631948167322744,0.0,,
barcelona,link+k50,1,1,20,5,0.747560770138006,0.7511755785991086,0.0036148084611025144,,
barcelona,link+k50,1,1,20,8,0.8089512460367301,0.8145725795334446,0.0056213334967145645,,
barcelona,link+k50,1,1,20,-1,0.8507359811294745,,,12.0,18.0
barcelona,link+k50,1,2,20,3,0.6631948167322744,0.6631948167322744,0.0,,
barcelona,link+k50,1,2,20,5,0.747560770138006,0.7511755785991086,0.0036148084611025144,,
barcelona,link+k50,1,2,20,8,0.8036515692251137,0.8145725795334446,0.010921010308330925,,
barcelona,link+k50,1,2,20,-1,0.8565870694012591,,,12.0,18.0
barcelona,link+k50,1,3,20,3,0.6631948167322744,0.6631948167322744,0.0,,
barcelona,link+k50,1,3,20,5,0.747560770138006,0.7511755785991086,0.0036148084611025144,,
barcelona,link+k50,1,3,20,8,0.8036515692251137,0.8145725795334446,0.010921010308330925,,
barcelona,link+k50,1,3,20,-1,0.8565870694012591,,,12.0,18.0
barcelona,link+k50,1,4,20,3,0.6631948167322744,0.6631948167322744,0.0,,
barcelona,link+k50,1,4,20,5,0.747560770138006,0.7511755785991086,0.0036148084611025144,,
barcelona,link+k50,1,4,20,8,0.8036515692251137,0.8145725795334446,0.010921010308330925,,
barcelona,link+k50,1,4,20,-1,0.8565870694012591,,,12.0,18.0
barcelona,link+k50,1,5,20,3,0.6631948167322744,0.6631948167322744,0.0,,
barcelona,link+k50,1,5,20,5,0.747560770138006,0.7511755785991086,0.0036148084611025144,,
barcelona,link+k50,1,5,20,8,0.8036515692251137,0.8145725795334446,0.010921010308330925,,
barcelona,link+k50,1,5,20,-1,0.8565870694012591,,,12.0,18.0
barcelona,link+k50,1,6,20,3,0.6631948167322744,0.6631948167322744,0.0,,
barcelona,link+k50,1,6,20,5,0.747560770138006,0.7511755785991086,0.0036148084611025144,,
barcelona,link+k50,1,6,20,8,0.8036515692251137,0.8145725795334446,0.010921010308330925,,
barcelona,link+k50,1,6,20,-1,0.8565870694012591,,,12.0,18.0
barcelona,link+k50,1,7,20,3,0.6631948167322744,0.6631948167322744,0.0,,
barcelona,link+k50,1,7,20,5,0.747560770138006,0.7511755785991086,0.0036148084611025144,,
barcelona,link+k50,1,7,20,8,0.8036515692251137,0.8145725795334446,0.010921010308330925,,
barcelona,link+k50,1,7,20,-1,0.8565870694012591,,,12.0,18.0
barcelona,link+k50,1,8,20,3,0.6631948167322744,0.6631948167322744,0.0,,
barcelona,link+k50,1,8,20,5,0.747560770138006,0.7511755785991086,0.0036148084611025144,,
barcelona,link+k50,1,8,20,8,0.8089512460367301,0.8145725795334446,0.0056213334967145645,,
barcelona,link+k50,1,8,20,-1,0.8534011365202874,,,12.0,18.0
barcelona,link+k50,1,9,20,3,0.6631948167322744,0.6631948167322744,0.0,,
barcelona,link+k50,1,9,20,5,0.747560770138006,0.7511755785991086,0.0036148084611025144,,
barcelona,link+k50,1,9,20,8,0.8089512460367301,0.8145725795334446,0.0056213334967145645,,
barcelona,link+k50,1,9,20,-1,0.8534011365202874,,,12.0,18.0
barcelona,link+k50d,1,0,20,3,0.6631948167322744,0.6631948167322744,0.0,,
barcelona,link+k50d,1,0,20,5,0.747560770138006,0.7511755785991086,0.0036148084611025144,,
barcelona,link+k50d,1,0,20,8,0.8036515692251137,0.8145725795334446,0.010921010308330925,,
barcelona,link+k50d,1,0,20,-1,0.8594666625821373,,,12.0,18.0
barcelona,link,2,0,20,3,0.6631948167322744,0.6631948167322744,0.0,,
barcelona,link,2,0,20,5,0.747560770138006,0.7511755785991086,0.0036148084611025144,,
barcelona,link,2,0,20,8,0.8036515692251137,0.8145725795334446,0.010921010308330925,,
barcelona,link,2,0,20,-1,0.8594666625821373,,,12.0,18.0
barcelona,link,2,0,10,3,0.6631948167322744,0.6631948167322744,0.0,,
barcelona,link,2,0,10,5,0.746672385007735,0.746672385007735,0.0,,
barcelona,link,2,0,10,8,0.8000061267940018,0.8000061267940018,0.0,,
barcelona,link,2,0,10,-1,0.8130868319879915,,,,
barcelona,link_reg,2,0,20,3,0.6382434481596643,0.6631948167322744,0.024951368572610155,,
barcelona,link_reg,2,0,20,5,0.7166204604285692,0.7511755785991086,0.034555118170539356,,
barcelona,link_reg,2,0,20,8,0.7791443932176391,0.8145725795334446,0.03542818631580558,,
barcelona,link_reg,2,0,20,-1,0.44387090845038063,,,1.0,18.0
barcelona,link_reg,2,0,10,3,0.6520134176788641,0.6631948167322744,0.011181399053410312,,
barcelona,link_reg,2,0,10,5,0.7284145388821665,0.746672385007735,0.018257846125568578,,
barcelona,link_reg,2,0,10,8,0.7872470782851103,0.8000061267940018,0.012759048508891535,,
barcelona,link_reg,2,0,10,-1,0.44387090845038063,,,1.0,
barcelona,link+k10,2,0,20,3,0.6631948167322744,0.6631948167322744,0.0,,
barcelona,link+k10,2,0,20,5,0.747560770138006,0.7511755785991086,0.0036148084611025144,,
barcelona,link+k10,2,0,20,8,0.8036515692251137,0.8145725795334446,0.010921010308330925,,
barcelona,link+k10,2,0,20,-1,0.8565870694012591,,,12.0,18.0
barcelona,link+k10,2,1,20,3,0.6631948167322744,0.6631948167322744,0.0,,
barcelona,link+k10,2,1,20,5,0.747560770138006,0.7511755785991086,0.0036148084611025144,,
barcelona,link+k10,2,1,20,8,0.8036515692251137,0.8145725795334446,0.010921010308330925,,
barcelona,link+k10,2,1,20,-1,0.8594666625821373,,,12.0,18.0
barcelona,link+k10,2,2,20,3,0.6631948167322744,0.6631948167322744,0.0,,
barcelona,link+k10,2,2,20,5,0.747560770138006,0.7511755785991086,0.0036148084611025144,,
barcelona,link+k10,2,2,20,8,0.8036515692251137,0.8145725795334446,0.010921010308330925,,
barcelona,link+k10,2,2,20,-1,0.8594666625821373,,,12.0,18.0
barcelona,link+k10,2,3,20,3,0.6631948167322744,0.6631948167322744,0.0,,
barcelona,link+k10,2,3,20,5,0.747560770138006,0.7511755785991086,0.0036148084611025144,,
barcelona,link+k10,2,3,20,8,0.8036515692251137,0.8145725795334446,0.010921010308330925,,
barcelona,link+k10,2,3,20,-1,0.8594666625821373,,,12.0,18.0
barcelona,link+k10,2,4,20,3,0.6520134176788641,0.6631948167322744,0.011181399053410312,,
barcelona,link+k10,2,4,20,5,0.747560770138006,0.7511755785991086,0.0036148084611025144,,
barcelona,link+k10,2,4,20,8,0.8036515692251137,0.8145725795334446,0.010921010308330925,,
barcelona,link+k10,2,4,20,-1,0.8594666625821373,,,12.0,18.0
barcelona,link+k10,2,5,20,3,0.6631948167322744,0.6631948167322744,0.0,,
barcelona,link+k10,2,5,20,5,0.747560770138006,0.7511755785991086,0.0036148084611025144,,
barcelona,link+k10,2,5,20,8,0.8089512460367301,0.8145725795334446,0.0056213334967145645,,
barcelona,link+k10,2,5,20,-1,0.8534011365202874,,,12.0,18.0
barcelona,link+k10,2,6,20,3,0.6631948167322744,0.6631948167322744,0.0,,
barcelona,link+k10,2,6,20,5,0.747560770138006,0.7511755785991086,0.0036148084611025144,,
barcelona,link+k10,2,6,20,8,0.8036515692251137,0.8145725795334446,0.010921010308330925,,
barcelona,link+k10,2,6,20,-1,0.8594666625821373,,,12.0,18.0
barcelona,link+k10,2,7,20,3,0.6631948167322744,0.6631948167322744,0.0,,
barcelona,link+k10,2,7,20,5,0.747560770138006,0.7511755785991086,0.0036148084611025144,,
barcelona,link+k10,2,7,20,8,0.8036515692251137,0.8145725795334446,0.010921010308330925,,
barcelona,link+k10,2,7,20,-1,0.8594666625821373,,,12.0,18.0
barcelona,link+k10,2,8,20,3,0.6631948167322744,0.6631948167322744,0.0,,
barcelona,link+k10,2,8,20,5,0.747560770138006,0.7511755785991086,0.0036148084611025144,,
barcelona,link+k10,2,8,20,8,0.8016909951445158,0.8145725795334446,0.012881584388928835,,
barcelona,link+k10,2,8,20,-1,0.8632959088333052,,,12.0,18.0
barcelona,link+k10,2,9,20,3,0.6631948167322744,0.6631948167322744,0.0,,
barcelona,link+k10,2,9,20,5,0.747560770138006,0.7511755785991086,0.0036148084611025144,,
barcelona,link+k10,2,9,20,8,0.813668877418169,0.8145725795334446,0.0009037021152756841,,
barcelona,link+k10,2,9,20,-1,0.8594666625821373,,,12.0,18.0
barcelona,link+k10d,2,0,20,3,0.6631948167322744,0.6631948167322744,0.0,,
barcelona,link+k10d,2,0,20,5,0.747560770138006,0.7511755785991086,0.0036148084611025144,,
barcelona,link+k10d,2,0,20,8,0.8089512460367301,0.8145725795334446,0.0056213334967145645,,
barcelona,link+k10d,2,0,20,-1,0.8534011365202874,,,12.0,18.0
barcelona,link+k25,2,0,20,3,0.6631948167322744,0.6631948167322744,0.0,,
barcelona,link+k25,2,0,20,5,0.747560770138006,0.7511755785991086,0.0036148084611025144,,
barcelona,link+k25,2,0,20,8,0.8036515692251137,0.8145725795334446,0.010921010308330925,,
barcelona,link+k25,2,0,20,-1,0.8565870694012591,,,12.0,18.0
barcelona,link+k25,2,1,20,3,0.6631948167322744,0.6631948167322744,0.0,,
barcelona,link+k25,2,1,20,5,0.747560770138006,0.7511755785991086,0.0036148084611025144,,
barcelona,link+k25,2,1,20,8,0.8036515692251137,0.8145725795334446,0.010921010308330925,,
barcelona,link+k25,2,1,20,-1,0.8594666625821373,,,12.0,18.0
barcelona,link+k25,2,2,20,3,0.6631948167322744,0.6631948167322744,0.0,,
barcelona,link+k25,2,2,20,5,0.747560770138006,0.7511755785991086,0.0036148084611025144,,
barcelona,link+k25,2,2,20,8,0.8036515692251137,0.8145725795334446,0.010921010308330925,,
barcelona,link+k25,2,2,20,-1,0.8594666625821373,,,12.0,18.0
barcelona,link+k25,2,3,20,3,0.6631948167322744,0.6631948167322744,0.0,,
barcelona,link+k25,2,3,20,5,0.747560770138006,0.7511755785991086,0.0036148084611025144,,
barcelona,link+k25,2,3,20,8,0.8036515692251137,0.8145725795334446,0.010921010308330925,,
barcelona,link+k25,2,3,20,-1,0.8594666625821373,,,12.0,18.0
barcelona,link+k25,2,4,20,3,0.6631948167322744,0.6631948167322744,0.0,,
barcelona,link+k25,2,4,20,5,0.747560770138006,0.7511755785991086,0.0036148084611025144,,
barcelona,link+k25,2,4,20,8,0.8036515692251137,0.8145725795334446,0.010921010308330925,,
barcelona,link+k25,2,4,20,-1,0.8594666625821373,,,12.0,18.0
barcelona,link+k25,2,5,20,3,0.6631948167322744,0.6631948167322744,0.0,,
barcelona,link+k25,2,5,20,5,0.747560770138006,0.7511755785991086,0.0036148084611025144,,
barcelona,link+k25,2,5,20,8,0.8036515692251137,0.8145725795334446,0.010921010308330925,,
barcelona,link+k25,2,5,20,-1,0.8594666625821373,,,12.0,18.0
barcelona,link+k25,2,6,20,3,0.6631948167322744,0.6631948167322744,0.0,,
barcelona,link+k25,2,6,20,5,0.747560770138006,0.7511755785991086,0.0036148084611025144,,
barcelona,link+k25,2,6,20,8,0.8036515692251137,0.8145725795334446,0.010921010308330925,,
barcelona,link+k25,2,6,20,-1,0.8594666625821373,,,12.0,18.0
barcelona,link+k25,2,7,20,3,0.6631948167322744,0.6631948167322744,0.0,,
barcelona,link+k25,2,7,20,5,0.747560770138006,0.7511755785991086,0.0036148084611025144,,
barcelona,link+k25,2,7,20,8,0.8036515692251137,0.8145725795334446,0.010921010308330925,,
barcelona,link+k25,2,7,20,-1,0.8594666625821373,,,12.0,18.0
barcelona,link+k25,2,8,20,3,0.6631948167322744,0.6631948167322744,0.0,,
barcelona,link+k25,2,8,20,5,0.747560770138006,0.7511755785991086,0.0036148084611025144,,
barcelona,link+k25,2,8,20,8,0.8036515692251137,0.8145725795334446,0.010921010308330925,,
barcelona,link+k25,2,8,20,-1,0.8594666625821373,,,12.0,18.0
barcelona,link+k25,2,9,20,3,0.6631948167322744,0.6631948167322744,0.0,,
barcelona,link+k25,2,9,20,5,0.747560770138006,0.7511755785991086,0.0036148084611025144,,
barcelona,link+k25,2,9,20,8,0.8036515692251137,0.8145725795334446,0.010921010308330925,,
barcelona,link+k25,2,9,20,-1,0.8565870694012591,,,12.0,18.0
barcelona,link+k25d,2,0,20,3,0.6631948167322744,0.6631948167322744,0.0,,
barcelona,link+k25d,2,0,20,5,0.747560770138006,0.7511755785991086,0.0036148084611025144,,
barcelona,link+k25d,2,0,20,8,0.8036515692251137,0.8145725795334446,0.010921010308330925,,
barcelona,link+k25d,2,0,20,-1,0.8565870694012591,,,12.0,18.0
barcelona,link+k50,2,0,20,3,0.6631948167322744,0.6631948167322744,0.0,,
barcelona,link+k50,2,0,20,5,0.747560770138006,0.7511755785991086,0.0036148084611025144,,
barcelona,link+k50,2,0,20,8,0.8036515692251137,0.8145725795334446,0.010921010308330925,,
barcelona,link+k50,2,0,20,-1,0.8594666625821373,,,12.0,18.0
barcelona,link+k50,2,1,20,3,0.6631948167322744,0.6631948167322744,0.0,,
barcelona,link+k50,2,1,20,5,0.747560770138006,0.7511755785991086,0.0036148084611025144,,
barcelona,link+k50,2,1,20,8,0.8036515692251137,0.8145725795334446,0.010921010308330925,,
barcelona,link+k50,2,1,20,-1,0.8507359811294745,,,12.0,18.0
barcelona,link+k50,2,2,20,3,0.6631948167322744,0.6631948167322744,0.0,,
barcelona,link+k50,2,2,20,5,0.747560770138006,0.7511755785991086,0.0036148084611025144,,
barcelona,link+k50,2,2,20,8,0.8036515692251137,0.8145725795334446,0.010921010308330925,,
barcelona,link+k50,2,2,20,-1,0.8594666625821373,,,12.0,18.0
barcelona,link+k50,2,3,20,3,0.6631948167322744,0.6631948167322744,0.0,,
barcelona,link+k50,2,3,20,5,0.747560770138006,0.7511755785991086,0.0036148084611025144,,
barcelona,link+k50,2,3,20,8,0.8036515692251137,0.8145725795334446,0.010921010308330925,,
barcelona,link+k50,2,3,20,-1,0.8565870694012591,,,12.0,18.0
barcelona,link+k50,2,4,20,3,0.6631948167322744,0.6631948167322744,0.0,,
barcelona,link+k50,2,4,20,5,0.747560770138006,0.7511755785991086,0.0036148084611025144,,
barcelona,link+k50,2,4,20,8,0.8036515692251137,0.8145725795334446,0.010921010308330925,,
barcelona,link+k50,2,4,20,-1,0.8565870694012591,,,12.0,18.0
barcelona,link+k50,2,5,20,3,0.6631948167322744,0.6631948167322744,0.0,,
barcelona,link+k50,2,5,20,5,0.747560770138006,0.7511755785991086,0.0036148084611025144,,
barcelona,link+k50,2,5,20,8,0.8036515692251137,0.8145725795334446,0.010921010308330925,,
barcelona,link+k50,2,5,20,-1,0.8594666625821373,,,12.0,18.0
barcelona,link+k50,2,6,20,3,0.6631948167322744,0.6631948167322744,0.0,,
barcelona,link+k50,2,6,20,5,0.747560770138006,0.7511755785991086,0.0036148084611025144,,
barcelona,link+k50,2,6,20,8,0.8036515692251137,0.8145725795334446,0.010921010308330925,,
barcelona,link+k50,2,6,20,-1,0.8565870694012591,,,12.0,18.0
barcelona,link+k50,2,7,20,3,0.6631948167322744,0.6631948167322744,0.0,,
barcelona,link+k50,2,7,20,5,0.747560770138006,0.7511755785991086,0.0036148084611025144,,
barcelona,link+k50,2,7,20,8,0.8036515692251137,0.8145725795334446,0.010921010308330925,,
barcelona,link+k50,2,7,20,-1,0.8594666625821373,,,12.0,18.0
barcelona,link+k50,2,8,20,3,0.6631948167322744,0.6631948167322744,0.0,,
barcelona,link+k50,2,8,20,5,0.747560770138006,0.7511755785991086,0.0036148084611025144,,
barcelona,link+k50,2,8,20,8,0.8089512460367301,0.8145725795334446,0.0056213334967145645,,
barcelona,link+k50,2,8,20,-1,0.8534011365202874,,,12.0,18.0
barcelona,link+k50,2,9,20,3,0.6631948167322744,0.6631948167322744,0.0,,
barcelona,link+k50,2,9,20,5,0.747560770138006,0.7511755785991086,0.0036148084611025144,,
barcelona,link+k50,2,9,20,8,0.8089512460367301,0.8145725795334446,0.0056213334967145645,,
barcelona,link+k50,2,9,20,-1,0.8534011365202874,,,12.0,18.0
barcelona,link+k50d,2,0,20,3,0.6631948167322744,0.6631948167322744,0.0,,
barcelona,link+k50d,2,0,20,5,0.747560770138006,0.7511755785991086,0.0036148084611025144,,
barcelona,link+k50d,2,0,20,8,0.8036515692251137,0.8145725795334446,0.010921010308330925,,
barcelona,link+k50d,2,0,20,-1,0.8594666625821373,,,12.0,18.0
barcelona,link,3,0,20,3,0.6631948167322744,0.6631948167322744,0.0,,
barcelona,link,3,0,20,5,0.747560770138006,0.7511755785991086,0.0036148084611025144,,
barcelona,link,3,0,20,8,0.8036515692251137,0.8145725795334446,0.010921010308330925,,
barcelona,link,3,0,20,-1,0.8594666625821373,,,12.0,18.0
barcelona,link,3,0,10,3,0.6631948167322744,0.6631948167322744,0.0,,
barcelona,link,3,0,10,5,0.746672385007735,0.746672385007735,0.0,,
barcelona,link,3,0,10,8,0.8000061267940018,0.8000061267940018,0.0,,
barcelona,link,3,0,10,-1,0.8130868319879915,,,,
barcelona,link_reg,3,0,20,3,0.5442737451560035,0.6631948167322744,0.11892107157627096,,
barcelona,link_reg,3,0,20,5,0.6903824651155667,0.7511755785991086,0.06079311348354188,,
barcelona,link_reg,3,0,20,8,0.7688207453244903,0.8145725795334446,0.045751834208954345,,
barcelona,link_reg,3,0,20,-1,0.3694763122826903,,,1.0,18.0
barcelona,link_reg,3,0,10,3,0.6606828311915083,0.6631948167322744,0.0025119855407661484,,
barcelona,link_reg,3,0,10,5,0.7315085698531101,0.746672385007735,0.015163815154624949,,
barcelona,link_reg,3,0,10,8,0.7872470782851103,0.8000061267940018,0.012759048508891535,,
barcelona,link_reg,3,0,10,-1,0.44387090845038063,,,1.0,
barcelona,link+k10,3,0,20,3,0.6631948167322744,0.6631948167322744,0.0,,
barcelona,link+k10,3,0,20,5,0.747560770138006,0.7511755785991086,0.0036148084611025144,,
barcelona,link+k10,3,0,20,8,0.8036515692251137,0.8145725795334446,0.010921010308330925,,
barcelona,link+k10,3,0,20,-1,0.8594666625821373,,,12.0,18.0
barcelona,link+k10,3,1,20,3,0.6631948167322744,0.6631948167322744,0.0,,
barcelona,link+k10,3,1,20,5,0.747560770138006,0.7511755785991086,0.0036148084611025144,,
barcelona,link+k10,3,1,20,8,0.8036515692251137,0.8145725795334446,0.010921010308330925,,
barcelona,link+k10,3,1,20,-1,0.8594666625821373,,,12.0,18.0
barcelona,link+k10,3,2,20,3,0.6631948167322744,0.6631948167322744,0.0,,
barcelona,link+k10,3,2,20,5,0.747560770138006,0.7511755785991086,0.0036148084611025144,,
barcelona,link+k10,3,2,20,8,0.8036515692251137,0.8145725795334446,0.010921010308330925,,
barcelona,link+k10,3,2,20,-1,0.8594666625821373,,,12.0,18.0
barcelona,link+k10,3,3,20,3,0.6631948167322744,0.6631948167322744,0.0,,
barcelona,link+k10,3,3,20,5,0.747560770138006,0.7511755785991086,0.0036148084611025144,,
barcelona,link+k10,3,3,20,8,0.8036515692251137,0.8145725795334446,0.010921010308330925,,
barcelona,link+k10,3,3,20,-1,0.8594666625821373,,,12.0,18.0
barcelona,link+k10,3,4,20,3,0.6631948167322744,0.6631948167322744,0.0,,
barcelona,link+k10,3,4,20,5,0.747560770138006,0.7511755785991086,0.0036148084611025144,,
barcelona,link+k10,3,4,20,8,0.8036515692251137,0.8145725795334446,0.010921010308330925,,
barcelona,link+k10,3,4,20,-1,0.8594666625821373,,,12.0,18.0
barcelona,link+k10,3,5,20,3,0.6631948167322744,0.6631948167322744,0.0,,
barcelona,link+k10,3,5,20,5,0.747560770138006,0.7511755785991086,0.0036148084611025144,,
barcelona,link+k10,3,5,20,8,0.8089512460367301,0.8145725795334446,0.0056213334967145645,,
barcelona,link+k10,3,5,20,-1,0.8534011365202874,,,12.0,18.0
barcelona,link+k10,3,6,20,3,0.6631948167322744,0.6631948167322744,0.0,,
barcelona,link+k10,3,6,20,5,0.747560770138006,0.7511755785991086,0.0036148084611025144,,
barcelona,link+k10,3,6,20,8,0.8036515692251137,0.8145725795334446,0.010921010308330925,,
barcelona,link+k10,3,6,20,-1,0.8594666625821373,,,12.0,18.0
barcelona,link+k10,3,7,20,3,0.6631948167322744,0.6631948167322744,0.0,,
barcelona,link+k10,3,7,20,5,0.747560770138006,0.7511755785991086,0.0036148084611025144,,
barcelona,link+k10,3,7,20,8,0.8036515692251137,0.8145725795334446,0.010921010308330925,,
barcelona,link+k10,3,7,20,-1,0.8594666625821373,,,12.0,18.0
barcelona,link+k10,3,8,20,3,0.6631948167322744,0.6631948167322744,0.0,,
barcelona,link+k10,3,8,20,5,0.747560770138006,0.7511755785991086,0.0036148084611025144,,
barcelona,link+k10,3,8,20,8,0.8036515692251137,0.8145725795334446,0.010921010308330925,,
barcelona,link+k10,3,8,20,-1,0.8695911896702253,,,13.0,18.0
barcelona,link+k10,3,9,20,3,0.6631948167322744,0.6631948167322744,0.0,,
barcelona,link+k10,3,9,20,5,0.747560770138006,0.7511755785991086,0.0036148084611025144,,
barcelona,link+k10,3,9,20,8,0.813668877418169,0.8145725795334446,0.0009037021152756841,,
barcelona,link+k10,3,9,20,-1,0.8695911896702253,,,13.0,18.0
barcelona,link+k10d,3,0,20,3,0.6631948167322744,0.6631948167322744,0.0,,
barcelona,link+k10d,3,0,20,5,0.747560770138006,0.7511755785991086,0.0036148084611025144,,
barcelona,link+k10d,3,0,20,8,0.8089512460367301,0.8145725795334446,0.0056213334967145645,,
barcelona,link+k10d,3,0,20,-1,0.8616110404827914,,,13.0,18.0
barcelona,link+k25,3,0,20,3,0.6631948167322744,0.6631948167322744,0.0,,
barcelona,link+k25,3,0,20,5,0.747560770138006,0.7511755785991086,0.0036148084611025144,,
barcelona,link+k25,3,0,20,8,0.8036515692251137,0.8145725795334446,0.010921010308330925,,
barcelona,link+k25,3,0,20,-1,0.8594666625821373,,,12.0,18.0
barcelona,link+k25,3,1,20,3,0.6631948167322744,0.6631948167322744,0.0,,
barcelona,link+k25,3,1,20,5,0.747560770138006,0.7511755785991086,0.0036148084611025144,,
barcelona,link+k25,3,1,20,8,0.8036515692251137,0.8145725795334446,0.010921010308330925,,
barcelona,link+k25,3,1,20,-1,0.8594666625821373,,,12.0,18.0
barcelona,link+k25,3,2,20,3,0.6631948167322744,0.6631948167322744,0.0,,
barcelona,link+k25,3,2,20,5,0.747560770138006,0.7511755785991086,0.0036148084611025144,,
barcelona,link+k25,3,2,20,8,0.8036515692251137,0.8145725795334446,0.010921010308330925,,
barcelona,link+k25,3,2,20,-1,0.8695911896702253,,,13.0,18.0
barcelona,link+k25,3,3,20,3,0.6631948167322744,0.6631948167322744,0.0,,
barcelona,link+k25,3,3,20,5,0.747560770138006,0.7511755785991086,0.0036148084611025144,,
barcelona,link+k25,3,3,20,8,0.8036515692251137,0.8145725795334446,0.010921010308330925,,
barcelona,link+k25,3,3,20,-1,0.861580406512782,,,12.0,18.0
barcelona,link+k25,3,4,20,3,0.6631948167322744,0.6631948167322744,0.0,,
barcelona,link+k25,3,4,20,5,0.747560770138006,0.7511755785991086,0.0036148084611025144,,
barcelona,link+k25,3,4,20,8,0.8036515692251137,0.8145725795334446,0.010921010308330925,,
barcelona,link+k25,3,4,20,-1,0.8594666625821373,,,12.0,18.0
barcelona,link+k25,3,5,20,3,0.6631948167322744,0.6631948167322744,0.0,,
barcelona,link+k25,3,5,20,5,0.747560770138006,0.7511755785991086,0.0036148084611025144,,
barcelona,link+k25,3,5,20,8,0.8036515692251137,0.8145725795334446,0.010921010308330925,,
barcelona,link+k25,3,5,20,-1,0.8594666625821373,,,12.0,18.0
barcelona,link+k25,3,6,20,3,0.6631948167322744,0.6631948167322744,0.0,,
barcelona,link+k25,3,6,20,5,0.747560770138006,0.7511755785991086,0.0036148084611025144,,
barcelona,link+k25,3,6,20,8,0.8089512460367301,0.8145725795334446,0.0056213334967145645,,
barcelona,link+k25,3,6,20,-1,0.8616110404827914,,,13.0,18.0
barcelona,link+k25,3,7,20,3,0.6631948167322744,0.6631948167322744,0.0,,
barcelona,link+k25,3,7,20,5,0.747560770138006,0.7511755785991086,0.0036148084611025144,,
barcelona,link+k25,3,7,20,8,0.8036515692251137,0.8145725795334446,0.010921010308330925,,
barcelona,link+k25,3,7,20,-1,0.8594666625821373,,,12.0,18.0
barcelona,link+k25,3,8,20,3,0.6631948167322744,0.6631948167322744,0.0,,
barcelona,link+k25,3,8,20,5,0.747560770138006,0.7511755785991086,0.0036148084611025144,,
barcelona,link+k25,3,8,20,8,0.8036515692251137,0.8145725795334446,0.010921010308330925,,
barcelona,link+k25,3,8,20,-1,0.8594666625821373,,,12.0,18.0
barcelona,link+k25,3,9,20,3,0.6631948167322744,0.6631948167322744,0.0,,
barcelona,link+k25,3,9,20,5,0.7511755785991086,0.7511755785991086,0.0,,
barcelona,link+k25,3,9,20,8,0.8094873405118936,0.8145725795334446,0.005085239021551002,,
barcelona,link+k25,3,9,20,-1,0.8594666625821373,,,12.0,18.0
barcelona,link+k25d,3,0,20,3,0.6631948167322744,0.6631948167322744,0.0,,
barcelona,link+k25d,3,0,20,5,0.747560770138006,0.7511755785991086,0.0036148084611025144,,
barcelona,link+k25d,3,0,20,8,0.8089512460367301,0.8145725795334446,0.0056213334967145645,,
barcelona,link+k25d,3,0,20,-1,0.8534011365202874,,,12.0,18.0
barcelona,link+k50,3,0,20,3,0.6631948167322744,0.6631948167322744,0.0,,
barcelona,link+k50,3,0,20,5,0.747560770138006,0.7511755785991086,0.0036148084611025144,,
barcelona,link+k50,3,0,20,8,0.8089512460367301,0.8145725795334446,0.0056213334967145645,,
barcelona,link+k50,3,0,20,-1,0.8534011365202874,,,12.0,18.0
barcelona,link+k50,3,1,20,3,0.6631948167322744,0.6631948167322744,0.0,,
barcelona,link+k50,3,1,20,5,0.747560770138006,0.7511755785991086,0.0036148084611025144,,
barcelona,link+k50,3,1,20,8,0.8089512460367301,0.8145725795334446,0.0056213334967145645,,
barcelona,link+k50,3,1,20,-1,0.8507359811294745,,,12.0,18.0
barcelona,link+k50,3,2,20,3,0.6631948167322744,0.6631948167322744,0.0,,
barcelona,link+k50,3,2,20,5,0.747560770138006,0.7511755785991086,0.0036148084611025144,,
barcelona,link+k50,3,2,20,8,0.8089512460367301,0.8145725795334446,0.0056213334967145645,,
barcelona,link+k50,3,2,20,-1,0.8534011365202874,,,12.0,18.0
barcelona,link+k50,3,3,20,3,0.6631948167322744,0.6631948167322744,0.0,,
barcelona,link+k50,3,3,20,5,0.747560770138006,0.7511755785991086,0.0036148084611025144,,
barcelona,link+k50,3,3,20,8,0.8036515692251137,0.8145725795334446,0.010921010308330925,,
barcelona,link+k50,3,3,20,-1,0.8594666625821373,,,12.0,18.0
barcelona,link+k50,3,4,20,3,0.6631948167322744,0.6631948167322744,0.0,,
barcelona,link+k50,3,4,20,5,0.747560770138006,0.7511755785991086,0.0036148084611025144,,
barcelona,link+k50,3,4,20,8,0.8089512460367301,0.8145725795334446,0.0056213334967145645,,
barcelona,link+k50,3,4,20,-1,0.8534011365202874,,,12.0,18.0
barcelona,link+k50,3,5,20,3,0.6631948167322744,0.6631948167322744,0.0,,
barcelona,link+k50,3,5,20,5,0.747560770138006,0.7511755785991086,0.0036148084611025144,,
barcelona,link+k50,3,5,20,8,0.813668877418169,0.8145725795334446,0.0009037021152756841,,
barcelona,link+k50,3,5,20,-1,0.8594666625821373,,,12.0,18.0
barcelona,link+k50,3,6,20,3,0.6631948167322744,0.6631948167322744,0.0,,
barcelona,link+k50,3,6,20,5,0.747560770138006,0.7511755785991086,0.0036148084611025144,,
barcelona,link+k50,3,6,20,8,0.8089512460367301,0.8145725795334446,0.0056213334967145645,,
barcelona,link+k50,3,6,20,-1,0.8534011365202874,,,12.0,18.0
barcelona,link+k50,3,7,20,3,0.6631948167322744,0.6631948167322744,0.0,,
barcelona,link+k50,3,7,20,5,0.747560770138006,0.7511755785991086,0.0036148084611025144,,
barcelona,link+k50,3,7,20,8,0.8036515692251137,0.8145725795334446,0.010921010308330925,,
barcelona,link+k50,3,7,20,-1,0.8594666625821373,,,12.0,18.0
barcelona,link+k50,3,8,20,3,0.6631948167322744,0.6631948167322744,0.0,,
barcelona,link+k50,3,8,20,5,0.747560770138006,0.7511755785991086,0.0036148084611025144,,
barcelona,link+k50,3,8,20,8,0.8089512460367301,0.8145725795334446,0.0056213334967145645,,
barcelona,link+k50,3,8,20,-1,0.8616110404827914,,,13.0,18.0
barcelona,link+k50,3,9,20,3,0.6631948167322744,0.6631948167322744,0.0,,
barcelona,link+k50,3,9,20,5,0.747560770138006,0.7511755785991086,0.0036148084611025144,,
barcelona,link+k50,3,9,20,8,0.8089512460367301,0.8145725795334446,0.0056213334967145645,,
barcelona,link+k50,3,9,20,-1,0.8616110404827914,,,13.0,18.0
barcelona,link+k50d,3,0,20,3,0.6631948167322744,0.6631948167322744,0.0,,
barcelona,link+k50d,3,0,20,5,0.747560770138006,0.7511755785991086,0.0036148084611025144,,
barcelona,link+k50d,3,0,20,8,0.8036515692251137,0.8145725795334446,0.010921010308330925,,
barcelona,link+k50d,3,0,20,-1,0.8594666625821373,,,12.0,18.0
barcelona,link,4,0,20,3,0.6631948167322744,0.6631948167322744,0.0,,
barcelona,link,4,0,20,5,0.747560770138006,0.7511755785991086,0.0036148084611025144,,
barcelona,link,4,0,20,8,0.813668877418169,0.8145725795334446,0.0009037021152756841,,
barcelona,link,4,0,20,-1,0.8594666625821373,,,12.0,18.0
barcelona,link,4,0,10,3,0.6631948167322744,0.6631948167322744,0.0,,
barcelona,link,4,0,10,5,0.746672385007735,0.746672385007735,0.0,,
barcelona,link,4,0,10,8,0.8000061267940018,0.8000061267940018,0.0,,
barcelona,link,4,0,10,-1,0.8130868319879915,,,,
barcelona,link_reg,4,0,20,3,0.5945594069263406,0.6631948167322744,0.06863540980593386,,
barcelona,link_reg,4,0,20,5,0.6698730221943112,0.7511755785991086,0.08130255640479733,,
barcelona,link_reg,4,0,20,8,0.7685603565794109,0.8145725795334446,0.04601222295403373,,
barcelona,link_reg,4,0,20,-1,0.44387090845038063,,,1.0,18.0
barcelona,link_reg,4,0,10,3,0.623186851900072,0.6631948167322744,0.04000796483220248,,
barcelona,link_reg,4,0,10,5,0.690321197175548,0.746672385007735,0.056351187832187066,,
barcelona,link_reg,4,0,10,8,0.7872470782851103,0.8000061267940018,0.012759048508891535,,
barcelona,link_reg,4,0,10,-1,0.44387090845038063,,,1.0,
barcelona,link+k10,4,0,20,3,0.6631948167322744,0.6631948167322744,0.0,,
barcelona,link+k10,4,0,20,5,0.747560770138006,0.7511755785991086,0.0036148084611025144,,
barcelona,link+k10,4,0,20,8,0.8036515692251137,0.8145725795334446,0.010921010308330925,,
barcelona,link+k10,4,0,20,-1,0.8594666625821373,,,12.0,18.0
barcelona,link+k10,4,1,20,3,0.6631948167322744,0.6631948167322744,0.0,,
barcelona,link+k10,4,1,20,5,0.747560770138006,0.7511755785991086,0.0036148084611025144,,
barcelona,link+k10,4,1,20,8,0.8036515692251137,0.8145725795334446,0.010921010308330925,,
barcelona,link+k10,4,1,20,-1,0.8594666625821373,,,12.0,18.0
barcelona,link+k10,4,2,20,3,0.6631948167322744,0.6631948167322744,0.0,,
barcelona,link+k10,4,2,20,5,0.747560770138006,0.7511755785991086,0.0036148084611025144,,
barcelona,link+k10,4,2,20,8,0.8036515692251137,0.8145725795334446,0.010921010308330925,,
barcelona,link+k10,4,2,20,-1,0.8594666625821373,,,12.0,18.0
barcelona,link+k10,4,3,20,3,0.6631948167322744,0.6631948167322744,0.0,,
barcelona,link+k10,4,3,20,5,0.747560770138006,0.7511755785991086,0.0036148084611025144,,
barcelona,link+k10,4,3,20,8,0.8036515692251137,0.8145725795334446,0.010921010308330925,,
barcelona,link+k10,4,3,20,-1,0.8594666625821373,,,12.0,18.0
barcelona,link+k10,4,4,20,3,0.6631948167322744,0.6631948167322744,0.0,,
barcelona,link+k10,4,4,20,5,0.747560770138006,0.7511755785991086,0.0036148084611025144,,
barcelona,link+k10,4,4,20,8,0.8036515692251137,0.8145725795334446,0.010921010308330925,,
barcelona,link+k10,4,4,20,-1,0.8594666625821373,,,12.0,18.0
barcelona,link+k10,4,5,20,3,0.6631948167322744,0.6631948167322744,0.0,,
barcelona,link+k10,4,5,20,5,0.747560770138006,0.7511755785991086,0.0036148084611025144,,
barcelona,link+k10,4,5,20,8,0.8089512460367301,0.8145725795334446,0.0056213334967145645,,
barcelona,link+k10,4,5,20,-1,0.8534011365202874,,,12.0,18.0
barcelona,link+k10,4,6,20,3,0.6631948167322744,0.6631948167322744,0.0,,
barcelona,link+k10,4,6,20,5,0.747560770138006,0.7511755785991086,0.0036148084611025144,,
barcelona,link+k10,4,6,20,8,0.813668877418169,0.8145725795334446,0.0009037021152756841,,
barcelona,link+k10,4,6,20,-1,0.8594666625821373,,,12.0,18.0
barcelona,link+k10,4,7,20,3,0.6631948167322744,0.6631948167322744,0.0,,
barcelona,link+k10,4,7,20,5,0.747560770138006,0.7511755785991086,0.0036148084611025144,,
barcelona,link+k10,4,7,20,8,0.813668877418169,0.8145725795334446,0.0009037021152756841,,
barcelona,link+k10,4,7,20,-1,0.8594666625821373,,,12.0,18.0
barcelona,link+k10,4,8,20,3,0.6631948167322744,0.6631948167322744,0.0,,
barcelona,link+k10,4,8,20,5,0.747560770138006,0.7511755785991086,0.0036148084611025144,,
barcelona,link+k10,4,8,20,8,0.8115244995175149,0.8145725795334446,0.0030480800159297106,,
barcelona,link+k10,4,8,20,-1,0.8632959088333052,,,12.0,18.0
barcelona,link+k10,4,9,20,3,0.6631948167322744,0.6631948167322744,0.0,,
barcelona,link+k10,4,9,20,5,0.747560770138006,0.7511755785991086,0.0036148084611025144,,
barcelona,link+k10,4,9,20,8,0.813668877418169,0.8145725795334446,0.0009037021152756841,,
barcelona,link+k10,4,9,20,-1,0.8594666625821373,,,12.0,18.0
barcelona,link+k10d,4,0,20,3,0.6631948167322744,0.6631948167322744,0.0,,
barcelona,link+k10d,4,0,20,5,0.747560770138006,0.7511755785991086,0.0036148084611025144,,
barcelona,link+k10d,4,0,20,8,0.813668877418169,0.8145725795334446,0.0009037021152756841,,
barcelona,link+k10d,4,0,20,-1,0.8594666625821373,,,12.0,18.0
barcelona,link+k25,4,0,20,3,0.6631948167322744,0.6631948167322744,0.0,,
barcelona,link+k25,4,0,20,5,0.747560770138006,0.7511755785991086,0.0036148084611025144,,
barcelona,link+k25,4,0,20,8,0.8036515692251137,0.8145725795334446,0.010921010308330925,,
barcelona,link+k25,4,0,20,-1,0.8594666625821373,,,12.0,18.0
barcelona,link+k25,4,1,20,3,0.6631948167322744,0.6631948167322744,0.0,,
barcelona,link+k25,4,1,20,5,0.747560770138006,0.7511755785991086,0.0036148084611025144,,
barcelona,link+k25,4,1,20,8,0.813668877418169,0.8145725795334446,0.0009037021152756841,,
barcelona,link+k25,4,1,20,-1,0.8594666625821373,,,12.0,18.0
barcelona,link+k25,4,2,20,3,0.6631948167322744,0.6631948167322744,0.0,,
barcelona,link+k25,4,2,20,5,0.747560770138006,0.7511755785991086,0.0036148084611025144,,
barcelona,link+k25,4,2,20,8,0.8036515692251137,0.8145725795334446,0.010921010308330925,,
barcelona,link+k25,4,2,20,-1,0.8594666625821373,,,12.0,18.0
barcelona,link+k25,4,3,20,3,0.6631948167322744,0.6631948167322744,0.0,,
barcelona,link+k25,4,3,20,5,0.747560770138006,0.7511755785991086,0.0036148084611025144,,
barcelona,link+k25,4,3,20,8,0.8036515692251137,0.8145725795334446,0.010921010308330925,,
barcelona,link+k25,4,3,20,-1,0.8594666625821373,,,12.0,18.0
barcelona,link+k25,4,4,20,3,0.6631948167322744,0.6631948167322744,0.0,,
barcelona,link+k25,4,4,20,5,0.747560770138006,0.7511755785991086,0.0036148084611025144,,
barcelona,link+k25,4,4,20,8,0.8036515692251137,0.8145725795334446,0.010921010308330925,,
barcelona,link+k25,4,4,20,-1,0.8594666625821373,,,12.0,18.0
barcelona,link+k25,4,5,20,3,0.6631948167322744,0.6631948167322744,0.0,,
barcelona,link+k25,4,5,20,5,0.7511755785991086,0.7511755785991086,0.0,,
barcelona,link+k25,4,5,20,8,0.813668877418169,0.8145725795334446,0.0009037021152756841,,
barcelona,link+k25,4,5,20,-1,0.8594666625821373,,,12.0,18.0
barcelona,link+k25,4,6,20,3,0.6631948167322744,0.6631948167322744,0.0,,
barcelona,link+k25,4,6,20,5,0.747560770138006,0.7511755785991086,0.0036148084611025144,,
barcelona,link+k25,4,6,20,8,0.813668877418169,0.8145725795334446,0.0009037021152756841,,
barcelona,link+k25,4,6,20,-1,0.8594666625821373,,,12.0,18.0
barcelona,link+k25,4,7,20,3,0.6631948167322744,0.6631948167322744,0.0,,
barcelona,link+k25,4,7,20,5,0.747560770138006,0.7511755785991086,0.0036148084611025144,,
barcelona,link+k25,4,7,20,8,0.8036515692251137,0.8145725795334446,0.010921010308330925,,
barcelona,link+k25,4,7,20,-1,0.8594666625821373,,,12.0,18.0
barcelona,link+k25,4,8,20,3,0.6631948167322744,0.6631948167322744,0.0,,
barcelona,link+k25,4,8,20,5,0.7511755785991086,0.7511755785991086,0.0,,
barcelona,link+k25,4,8,20,8,0.813668877418169,0.8145725795334446,0.0009037021152756841,,
barcelona,link+k25,4,8,20,-1,0.8594666625821373,,,12.0,18.0
barcelona,link+k25,4,9,20,3,0.6631948167322744,0.6631948167322744,0.0,,
barcelona,link+k25,4,9,20,5,0.7511755785991086,0.7511755785991086,0.0,,
barcelona,link+k25,4,9,20,8,0.813668877418169,0.8145725795334446,0.0009037021152756841,,
barcelona,link+k25,4,9,20,-1,0.8594666625821373,,,12.0,18.0
barcelona,link+k25d,4,0,20,3,0.6631948167322744,0.6631948167322744,0.0,,
barcelona,link+k25d,4,0,20,5,0.747560770138006,0.7511755785991086,0.0036148084611025144,,
barcelona,link+k25d,4,0,20,8,0.813668877418169,0.8145725795334446,0.0009037021152756841,,
barcelona,link+k25d,4,0,20,-1,0.8594666625821373,,,12.0,18.0
barcelona,link+k50,4,0,20,3,0.6631948167322744,0.6631948167322744,0.0,,
barcelona,link+k50,4,0,20,5,0.747560770138006,0.7511755785991086,0.0036148084611025144,,
barcelona,link+k50,4,0,20,8,0.8036515692251137,0.8145725795334446,0.010921010308330925,,
barcelona,link+k50,4,0,20,-1,0.8594666625821373,,,12.0,18.0
barcelona,link+k50,4,1,20,3,0.6631948167322744,0.6631948167322744,0.0,,
barcelona,link+k50,4,1,20,5,0.747560770138006,0.7511755785991086,0.0036148084611025144,,
barcelona,link+k50,4,1,20,8,0.813668877418169,0.8145725795334446,0.0009037021152756841,,
barcelona,link+k50,4,1,20,-1,0.8594666625821373,,,12.0,18.0
barcelona,link+k50,4,2,20,3,0.6631948167322744,0.6631948167322744,0.0,,
barcelona,link+k50,4,2,20,5,0.747560770138006,0.7511755785991086,0.0036148084611025144,,
barcelona,link+k50,4,2,20,8,0.813668877418169,0.8145725795334446,0.0009037021152756841,,
barcelona,link+k50,4,2,20,-1,0.8594666625821373,,,12.0,18.0
barcelona,link+k50,4,3,20,3,0.6631948167322744,0.6631948167322744,0.0,,
barcelona,link+k50,4,3,20,5,0.747560770138006,0.7511755785991086,0.0036148084611025144,,
barcelona,link+k50,4,3,20,8,0.8036515692251137,0.8145725795334446,0.010921010308330925,,
barcelona,link+k50,4,3,20,-1,0.8594666625821373,,,12.0,18.0
barcelona,link+k50,4,4,20,3,0.6631948167322744,0.6631948167322744,0.0,,
barcelona,link+k50,4,4,20,5,0.747560770138006,0.7511755785991086,0.0036148084611025144,,
barcelona,link+k50,4,4,20,8,0.813668877418169,0.8145725795334446,0.0009037021152756841,,
barcelona,link+k50,4,4,20,-1,0.8594666625821373,,,12.0,18.0
barcelona,link+k50,4,5,20,3,0.6631948167322744,0.6631948167322744,0.0,,
barcelona,link+k50,4,5,20,5,0.747560770138006,0.7511755785991086,0.0036148084611025144,,
barcelona,link+k50,4,5,20,8,0.813668877418169,0.8145725795334446,0.0009037021152756841,,
barcelona,link+k50,4,5,20,-1,0.8594666625821373,,,12.0,18.0
barcelona,link+k50,4,6,20,3,0.6631948167322744,0.6631948167322744,0.0,,
barcelona,link+k50,4,6,20,5,0.747560770138006,0.7511755785991086,0.0036148084611025144,,
barcelona,link+k50,4,6,20,8,0.813668877418169,0.8145725795334446,0.0009037021152756841,,
barcelona,link+k50,4,6,20,-1,0.8594666625821373,,,12.0,18.0
barcelona,link+k50,4,7,20,3,0.6631948167322744,0.6631948167322744,0.0,,
barcelona,link+k50,4,7,20,5,0.747560770138006,0.7511755785991086,0.0036148084611025144,,
barcelona,link+k50,4,7,20,8,0.8036515692251137,0.8145725795334446,0.010921010308330925,,
barcelona,link+k50,4,7,20,-1,0.8594666625821373,,,12.0,18.0
barcelona,link+k50,4,8,20,3,0.6631948167322744,0.6631948167322744,0.0,,
barcelona,link+k50,4,8,20,5,0.747560770138006,0.7511755785991086,0.0036148084611025144,,
barcelona,link+k50,4,8,20,8,0.813668877418169,0.8145725795334446,0.0009037021152756841,,
barcelona,link+k50,4,8,20,-1,0.8594666625821373,,,12.0,18.0
barcelona,link+k50,4,9,20,3,0.6631948167322744,0.6631948167322744,0.0,,
barcelona,link+k50,4,9,20,5,0.747560770138006,0.7511755785991086,0.0036148084611025144,,
barcelona,link+k50,4,9,20,8,0.813668877418169,0.8145725795334446,0.0009037021152756841,,
barcelona,link+k50,4,9,20,-1,0.8594666625821373,,,12.0,18.0
barcelona,link+k50d,4,0,20,3,0.6631948167322744,0.6631948167322744,0.0,,
barcelona,link+k50d,4,0,20,5,0.747560770138006,0.7511755785991086,0.0036148084611025144,,
barcelona,link+k50d,4,0,20,8,0.813668877418169,0.8145725795334446,0.0009037021152756841,,
barcelona,link+k50d,4,0,20,-1,0.8594666625821373,,,12.0,18.0
berlin,link,0,0,20,3,0.8011925590031064,0.8128563097320908,0.011663750728984401,,
berlin,link,0,0,20,5,0.8562621249449542,0.863188964663596,0.00692683971864172,,
berlin,link,0,0,20,8,0.8883255376632032,0.8977755561109723,0.009450018447769049,,
berlin,link,0,0,20,-1,0.7379940729103438,,,2.0,9.0
berlin,link,0,0,10,3,0.8011925590031064,0.8128563097320908,0.011663750728984401,,
berlin,link,0,0,10,5,0.859142357267826,0.863188964663596,0.004046607395770008,,
berlin,link,0,0,10,8,0.8965020649599504,0.8966329846109901,0.00013091965103961822,,
berlin,link,0,0,10,-1,0.7379940729103438,,,2.0,9.0
berlin,link_reg,0,0,20,3,0.7760202806441246,0.8128563097320908,0.03683602908796613,,
berlin,link_reg,0,0,20,5,0.8411111507837327,0.863188964663596,0.022077813879863295,,
berlin,link_reg,0,0,20,8,0.8799942871425,0.8977755561109723,0.017781268968472208,,
berlin,link_reg,0,0,20,-1,0.5401268730436438,,,1.0,9.0
berlin,link_reg,0,0,10,3,0.8121303007581439,0.8128563097320908,0.0007260089739469233,,
berlin,link_reg,0,0,10,5,0.8617012413563275,0.863188964663596,0.0014877233072684293,,
berlin,link_reg,0,0,10,8,0.8963354399495365,0.8966329846109901,0.00029754466145359704,,
berlin,link_reg,0,0,10,-1,0.5401268730436438,,,1.0,9.0
berlin,link+k10,0,0,20,3,0.8011925590031064,0.8128563097320908,0.011663750728984401,,
berlin,link+k10,0,0,20,5,0.8575237143095179,0.863188964663596,0.005665250354078055,,
berlin,link+k10,0,0,20,8,0.8936694397829115,0.8977755561109723,0.004106116328060794,,
berlin,link+k10,0,0,20,-1,0.7399816712488545,,,2.0,9.0
berlin,link+k10,0,1,20,3,0.8011925590031064,0.8128563097320908,0.011663750728984401,,
berlin,link+k10,0,1,20,5,0.8562978303043287,0.863188964663596,0.006891134359267248,,
berlin,link+k10,0,1,20,8,0.8946810916318539,0.8977755561109723,0.0030944644791183196,,
berlin,link+k10,0,1,20,-1,0.7399816712488545,,,2.0,9.0
berlin,link+k10,0,2,20,3,0.8009426214874853,0.8128563097320908,0.01191368824460548,,
berlin,link+k10,0,2,20,5,0.8559883838564168,0.863188964663596,0.007200580807179113,,
berlin,link+k10,0,2,20,8,0.8870282429392652,0.8977755561109723,0.010747313171707074,,
berlin,link+k10,0,2,20,-1,0.7379940729103438,,,2.0,9.0
berlin,link+k10,0,3,20,3,0.8011925590031064,0.8128563097320908,0.011663750728984401,,
berlin,link+k10,0,3,20,5,0.8585353661584604,0.863188964663596,0.004653598505135581,,
berlin,link+k10,0,3,20,8,0.8938717701526999,0.8977755561109723,0.0039037859582723433,,
berlin,link+k10,0,3,20,-1,0.7399816712488545,,,2.0,9.0
berlin,link+k10,0,4,20,3,0.8011925590031064,0.8128563097320908,0.011663750728984401,,
berlin,link+k10,0,4,20,5,0.8562978303043287,0.863188964663596,0.006891134359267248,,
berlin,link+k10,0,4,20,8,0.8946810916318539,0.8977755561109723,0.0030944644791183196,,
berlin,link+k10,0,4,20,-1,0.7399816712488545,,,2.0,9.0
berlin,link+k10,0,5,20,3,0.8011925590031064,0.8128563097320908,0.011663750728984401,,
berlin,link+k10,0,5,20,5,0.8562621249449542,0.863188964663596,0.00692683971864172,,
berlin,link+k10,0,5,20,8,0.8938717701526999,0.8977755561109723,0.0039037859582723433,,
berlin,link+k10,0,5,20,-1,0.7379940729103438,,,2.0,9.0
berlin,link+k10,0,6,20,3,0.8009426214874853,0.8128563097320908,0.01191368824460548,,
berlin,link+k10,0,6,20,5,0.8550600445126814,0.863188964663596,0.008128920150914598,,
berlin,link+k10,0,6,20,8,0.8915271182204448,0.8977755561109723,0.006248437890527425,,
berlin,link+k10,0,6,20,-1,0.7379940729103438,,,2.0,9.0
berlin,link+k10,0,7,20,3,0.812630175789386,0.8128563097320908,0.00022613394270476483,,
berlin,link+k10,0,7,20,5,0.8609038216636317,0.863188964663596,0.002285142999964296,,
berlin,link+k10,0,7,20,8,0.8872305733090536,0.8977755561109723,0.010544982801918623,,
berlin,link+k10,0,7,20,-1,0.7379940729103438,,,2.0,9.0
berlin,link+k10,0,8,20,3,0.8009426214874853,0.8128563097320908,0.01191368824460548,,
berlin,link+k10,0,8,20,5,0.8550600445126814,0.863188964663596,0.008128920150914598,,
berlin,link+k10,0,8,20,8,0.8828626176789136,0.8977755561109723,0.014912938432058653,,
berlin,link+k10,0,8,20,-1,0.8009426214874853,,,3.0,9.0
berlin,link+k10,0,9,20,3,0.8011925590031064,0.8128563097320908,0.011663750728984401,,
berlin,link+k10,0,9,20,5,0.8575237143095179,0.863188964663596,0.005665250354078055,,
berlin,link+k10,0,9,20,8,0.8828031087466228,0.8977755561109723,0.01497244736434944,,
berlin,link+k10,0,9,20,-1,0.7379940729103438,,,2.0,9.0
berlin,link+k10d,0,0,20,3,0.8011925590031064,0.8128563097320908,0.011663750728984401,,
berlin,link+k10d,0,0,20,5,0.8587257947417908,0.863188964663596,0.004463169921805177,,
berlin,link+k10d,0,0,20,8,0.8914438057152378,0.8977755561109723,0.0063317503957344146,,
berlin,link+k10d,0,0,20,-1,0.8379452755858654,,,4.0,9.0
berlin,link+k25,0,0,20,3,0.8009426214874853,0.8128563097320908,0.01191368824460548,,
berlin,link+k25,0,0,20,5,0.8571428571428571,0.863188964663596,0.006046107520738864,,
berlin,link+k25,0,0,20,8,0.8954666095380917,0.8977755561109723,0.0023089465728806102,,
berlin,link+k25,0,0,20,-1,0.8009426214874853,,,3.0,9.0
berlin,link+k25,0,1,20,3,0.812630175789386,0.8128563097320908,0.00022613394270476483,,
berlin,link+k25,0,1,20,5,0.8609038216636317,0.863188964663596,0.002285142999964296,,
berlin,link+k25,0,1,20,8,0.8904678592256697,0.8977755561109723,0.007307696885302528,,
berlin,link+k25,0,1,20,-1,0.812630175789386,,,3.0,9.0
berlin,link+k25,0,2,20,3,0.8009426214874853,0.8128563097320908,0.01191368824460548,,
berlin,link+k25,0,2,20,5,0.8571428571428571,0.863188964663596,0.006046107520738864,,
berlin,link+k25,0,2,20,8,0.8954666095380917,0.8977755561109723,0.0023089465728806102,,
berlin,link+k25,0,2,20,-1,0.7379940729103438,,,2.0,9.0
berlin,link+k25,0,3,20,3,0.812630175789386,0.8128563097320908,0.00022613394270476483,,
berlin,link+k25,0,3,20,5,0.8609038216636317,0.863188964663596,0.002285142999964296,,
berlin,link+k25,0,3,20,8,0.8872305733090536,0.8977755561109723,0.010544982801918623,,
berlin,link+k25,0,3,20,-1,0.7379940729103438,,,2.0,9.0
berlin,link+k25,0,4,20,3,0.812630175789386,0.8128563097320908,0.00022613394270476483,,
berlin,link+k25,0,4,20,5,0.8609038216636317,0.863188964663596,0.002285142999964296,,
berlin,link+k25,0,4,20,8,0.8908130110329561,0.8977755561109723,0.006962545078016191,,
berlin,link+k25,0,4,20,-1,0.812630175789386,,,3.0,9.0
berlin,link+k25,0,5,20,3,0.8011925590031064,0.8128563097320908,0.011663750728984401,,
berlin,link+k25,0,5,20,5,0.8575237143095179,0.863188964663596,0.005665250354078055,,
berlin,link+k25,0,5,20,8,0.8936694397829115,0.8977755561109723,0.004106116328060794,,
berlin,link+k25,0,5,20,-1,0.7379940729103438,,,2.0,9.0
berlin,link+k25,0,6,20,3,0.8009426214874853,0.8128563097320908,0.01191368824460548,,
berlin,link+k25,0,6,20,5,0.8571428571428571,0.863188964663596,0.006046107520738864,,
berlin,link+k25,0,6,20,8,0.8902893324287976,0.8977755561109723,0.007486223682174664,,
berlin,link+k25,0,6,20,-1,0.8009426214874853,,,3.0,9.0
berlin,link+k25,0,7,20,3,0.8011925590031064,0.8128563097320908,0.011663750728984401,,
berlin,link+k25,0,7,20,5,0.8588686161792886,0.863188964663596,0.004320348484307401,,
berlin,link+k25,0,7,20,8,0.8902893324287976,0.8977755561109723,0.007486223682174664,,
berlin,link+k25,0,7,20,-1,0.7379940729103438,,,2.0,9.0
berlin,link+k25,0,8,20,3,0.8009426214874853,0.8128563097320908,0.01191368824460548,,
berlin,link+k25,0,8,20,5,0.8539888837314481,0.863188964663596,0.009200080932147858,,
berlin,link+k25,0,8,20,8,0.8895514216683924,0.8977755561109723,0.008224134442579856,,
berlin,link+k25,0,8,20,-1,0.7379940729103438,,,2.0,9.0
berlin,link+k25,0,9,20,3,0.812630175789386,0.8128563097320908,0.00022613394270476483,,
berlin,link+k25,0,9,20,5,0.8556075266897561,0.863188964663596,0.007581437973839811,,
berlin,link+k25,0,9,20,8,0.8938479665797836,0.8977755561109723,0.003927589531188658,,
berlin,link+k25,0,9,20,-1,0.812630175789386,,,3.0,9.0
berlin,link+k25d,0,0,20,3,0.8011925590031064,0.8128563097320908,0.011663750728984401,,
berlin,link+k25d,0,0,20,5,0.8563097320907869,0.863188964663596,0.006879232572809091,,
berlin,link+k25d,0,0,20,8,0.8833267873507814,0.8977755561109723,0.014448768760190855,,
berlin,link+k25d,0,0,20,-1,0.8011925590031064,,,3.0,9.0
berlin,link+k50,0,0,20,3,0.8011925590031064,0.8128563097320908,0.011663750728984401,,
berlin,link+k50,0,0,20,5,0.859142357267826,0.863188964663596,0.004046607395770008,,
berlin,link+k50,0,0,20,8,0.8902893324287976,0.8977755561109723,0.007486223682174664,,
berlin,link+k50,0,0,20,-1,0.8011925590031064,,,3.0,9.0
berlin,link+k50,0,1,20,3,0.812630175789386,0.8128563097320908,0.00022613394270476483,,
berlin,link+k50,0,1,20,5,0.8548815177158091,0.863188964663596,0.008307446947786845,,
berlin,link+k50,0,1,20,8,0.890325037788172,0.8977755561109723,0.007450518322800304,,
berlin,link+k50,0,1,20,-1,0.812630175789386,,,3.0,9.0
berlin,link+k50,0,2,20,3,0.812630175789386,0.8128563097320908,0.00022613394270476483,,
berlin,link+k50,0,2,20,5,0.8609038216636317,0.863188964663596,0.002285142999964296,,
berlin,link+k50,0,2,20,8,0.8904678592256697,0.8977755561109723,0.007307696885302528,,
berlin,link+k50,0,2,20,-1,0.812630175789386,,,3.0,9.0
berlin,link+k50,0,3,20,3,0.812630175789386,0.8128563097320908,0.00022613394270476483,,
berlin,link+k50,0,3,20,5,0.8609038216636317,0.863188964663596,0.002285142999964296,,
berlin,link+k50,0,3,20,8,0.8954666095380917,0.8977755561109723,0.0023089465728806102,,
berlin,link+k50,0,3,20,-1,0.812630175789386,,,3.0,9.0
berlin,link+k50,0,4,20,3,0.8009426214874853,0.8128563097320908,0.01191368824460548,,
berlin,link+k50,0,4,20,5,0.8550600445126814,0.863188964663596,0.008128920150914598,,
berlin,link+k50,0,4,20,8,0.8938717701526999,0.8977755561109723,0.0039037859582723433,,
berlin,link+k50,0,4,20,-1,0.8009426214874853,,,3.0,9.0
berlin,link+k50,0,5,20,3,0.8011925590031064,0.8128563097320908,0.011663750728984401,,
berlin,link+k50,0,5,20,5,0.8585353661584604,0.863188964663596,0.004653598505135581,,
berlin,link+k50,0,5,20,8,0.8902893324287976,0.8977755561109723,0.007486223682174664,,
berlin,link+k50,0,5,20,-1,0.8011925590031064,,,3.0,9.0
berlin,link+k50,0,6,20,3,0.8009426214874853,0.8128563097320908,0.01191368824460548,,
berlin,link+k50,0,6,20,5,0.85995167874698,0.863188964663596,0.003237285916615984,,
berlin,link+k50,0,6,20,8,0.895252377381845,0.8977755561109723,0.002523178729127218,,
berlin,link+k50,0,6,20,-1,0.8009426214874853,,,3.0,9.0
berlin,link+k50,0,7,20,3,0.812630175789386,0.8128563097320908,0.00022613394270476483,,
berlin,link+k50,0,7,20,5,0.8609038216636317,0.863188964663596,0.002285142999964296,,
berlin,link+k50,0,7,20,8,0.8904678592256697,0.8977755561109723,0.007307696885302528,,
berlin,link+k50,0,7,20,-1,0.812630175789386,,,3.0,9.0
berlin,link+k50,0,8,20,3,0.8011925590031064,0.8128563097320908,0.011663750728984401,,
berlin,link+k50,0,8,20,5,0.8585353661584604,0.863188964663596,0.004653598505135581,,
berlin,link+k50,0,8,20,8,0.8883255376632032,0.8977755561109723,0.009450018447769049,,
berlin,link+k50,0,8,20,-1,0.8011925590031064,,,3.0,9.0
berlin,link+k50,0,9,20,3,0.8011925590031064,0.8128563097320908,0.011663750728984401,,
berlin,link+k50,0,9,20,5,0.8562621249449542,0.863188964663596,0.00692683971864172,,
berlin,link+k50,0,9,20,8,0.8938717701526999,0.8977755561109723,0.0039037859582723433,,
berlin,link+k50,0,9,20,-1,0.8011925590031064,,,3.0,9.0
berlin,link+k50d,0,0,20,3,0.8011925590031064,0.8128563097320908,0.011663750728984401,,
berlin,link+k50d,0,0,20,5,0.8562978303043287,0.863188964663596,0.006891134359267248,,
berlin,link+k50d,0,0,20,8,0.8946810916318539,0.8977755561109723,0.0030944644791183196,,
berlin,link+k50d,0,0,20,-1,0.8011925590031064,,,3.0,9.0
berlin,link,1,0,20,3,0.8011925590031064,0.8128563097320908,0.011663750728984401,,
berlin,link,1,0,20,5,0.8562978303043287,0.863188964663596,0.006891134359267248,,
berlin,link,1,0,20,8,0.8946810916318539,0.8977755561109723,0.0030944644791183196,,
berlin,link,1,0,20,-1,0.7399816712488545,,,2.0,9.0
berlin,link,1,0,10,3,0.8011925590031064,0.8128563097320908,0.011663750728984401,,
berlin,link,1,0,10,5,0.8619392770854906,0.863188964663596,0.0012496875781053962,,
berlin,link,1,0,10,8,0.8939431808714488,0.8966329846109901,0.0026898037395413077,,
berlin,link,1,0,10,-1,0.7399816712488545,,,2.0,9.0
berlin,link_reg,1,0,20,3,0.7326977779364683,0.8128563097320908,0.08015853179562249,,
berlin,link_reg,1,0,20,5,0.8077742469144619,0.863188964663596,0.05541471774913409,,
berlin,link_reg,1,0,20,8,0.8647957058354458,0.8977755561109723,0.03297985027552641,,
berlin,link_reg,1,0,20,-1,0.5401268730436438,,,1.0,9.0
berlin,link_reg,1,0,10,3,0.7898144511491175,0.8128563097320908,0.02304185858297325,,
berlin,link_reg,1,0,10,5,0.8619392770854906,0.863188964663596,0.0012496875781053962,,
berlin,link_reg,1,0,10,8,0.8966329846109901,0.8966329846109901,0.0,,
berlin,link_reg,1,0,10,-1,0.5401268730436438,,,1.0,9.0
berlin,link+k10,1,0,20,3,0.8011925590031064,0.8128563097320908,0.011663750728984401,,
berlin,link+k10,1,0,20,5,0.8562978303043287,0.863188964663596,0.006891134359267248,,
berlin,link+k10,1,0,20,8,0.8946810916318539,0.8977755561109723,0.0030944644791183196,,
berlin,link+k10,1,0,20,-1,0.7399816712488545,,,2.0,9.0
berlin,link+k10,1,1,20,3,0.8011925590031064,0.8128563097320908,0.011663750728984401,,
berlin,link+k10,1,1,20,5,0.8562978303043287,0.863188964663596,0.006891134359267248,,
berlin,link+k10,1,1,20,8,0.8946810916318539,0.8977755561109723,0.0030944644791183196,,
berlin,link+k10,1,1,20,-1,0.7399816712488545,,,2.0,9.0
berlin,link+k10,1,2,20,3,0.8011925590031064,0.8128563097320908,0.011663750728984401,,
berlin,link+k10,1,2,20,5,0.8562978303043287,0.863188964663596,0.006891134359267248,,
berlin,link+k10,1,2,20,8,0.8946810916318539,0.8977755561109723,0.0030944644791183196,,
berlin,link+k10,1,2,20,-1,0.7399816712488545,,,2.0,9.0
berlin,link+k10,1,3,20,3,0.8011925590031064,0.8128563097320908,0.011663750728984401,,
berlin,link+k10,1,3,20,5,0.8562978303043287,0.863188964663596,0.006891134359267248,,
berlin,link+k10,1,3,20,8,0.8946810916318539,0.8977755561109723,0.0030944644791183196,,
berlin,link+k10,1,3,20,-1,0.7399816712488545,,,2.0,9.0
berlin,link+k10,1,4,20,3,0.8011925590031064,0.8128563097320908,0.011663750728984401,,
berlin,link+k10,1,4,20,5,0.8562621249449542,0.863188964663596,0.00692683971864172,,
berlin,link+k10,1,4,20,8,0.894526368407898,0.8977755561109723,0.003249187703074252,,
berlin,link+k10,1,4,20,-1,0.7399816712488545,,,2.0,9.0
berlin,link+k10,1,5,20,3,0.8011925590031064,0.8128563097320908,0.011663750728984401,,
berlin,link+k10,1,5,20,5,0.8562621249449542,0.863188964663596,0.00692683971864172,,
berlin,link+k10,1,5,20,8,0.894526368407898,0.8977755561109723,0.003249187703074252,,
berlin,link+k10,1,5,20,-1,0.7399816712488545,,,2.0,9.0
berlin,link+k10,1,6,20,3,0.8011925590031064,0.8128563097320908,0.011663750728984401,,
berlin,link+k10,1,6,20,5,0.8614155984813321,0.863188964663596,0.001773366182263869,,
berlin,link+k10,1,6,20,8,0.895252377381845,0.8977755561109723,0.002523178729127218,,
berlin,link+k10,1,6,20,-1,0.7399816712488545,,,2.0,9.0
berlin,link+k10,1,7,20,3,0.812630175789386,0.8128563097320908,0.00022613394270476483,,
berlin,link+k10,1,7,20,5,0.8609038216636317,0.863188964663596,0.002285142999964296,,
berlin,link+k10,1,7,20,8,0.8889206269861106,0.8977755561109723,0.008854929124861632,,
berlin,link+k10,1,7,20,-1,0.7379940729103438,,,2.0,9.0
berlin,link+k10,1,8,20,3,0.812630175789386,0.8128563097320908,0.00022613394270476483,,
berlin,link+k10,1,8,20,5,0.8548815177158091,0.863188964663596,0.008307446947786845,,
berlin,link+k10,1,8,20,8,0.8886706894704895,0.8977755561109723,0.009104866640482712,,
berlin,link+k10,1,8,20,-1,0.812630175789386,,,3.0,9.0
berlin,link+k10,1,9,20,3,0.8011925590031064,0.8128563097320908,0.011663750728984401,,
berlin,link+k10,1,9,20,5,0.8562978303043287,0.863188964663596,0.006891134359267248,,
berlin,link+k10,1,9,20,8,0.8954428059651753,0.8977755561109723,0.0023327501457969246,,
berlin,link+k10,1,9,20,-1,0.7399816712488545,,,2.0,9.0
berlin,link+k10d,1,0,20,3,0.8011925590031064,0.8128563097320908,0.011663750728984401,,
berlin,link+k10d,1,0,20,5,0.8587257947417908,0.863188964663596,0.004463169921805177,,
berlin,link+k10d,1,0,20,8,0.8914438057152378,0.8977755561109723,0.0063317503957344146,,
berlin,link+k10d,1,0,20,-1,0.8379452755858654,,,4.0,9.0
berlin,link+k25,1,0,20,3,0.8011925590031064,0.8128563097320908,0.011663750728984401,,
berlin,link+k25,1,0,20,5,0.8588686161792886,0.863188964663596,0.004320348484307401,,
berlin,link+k25,1,0,20,8,0.8968115114078623,0.8977755561109723,0.0009640447031099564,,
berlin,link+k25,1,0,20,-1,0.7399816712488545,,,2.0,9.0
berlin,link+k25,1,1,20,3,0.8011925590031064,0.8128563097320908,0.011663750728984401,,
berlin,link+k25,1,1,20,5,0.8562978303043287,0.863188964663596,0.006891134359267248,,
berlin,link+k25,1,1,20,8,0.8946810916318539,0.8977755561109723,0.0030944644791183196,,
berlin,link+k25,1,1,20,-1,0.7399816712488545,,,2.0,9.0
berlin,link+k25,1,2,20,3,0.8011925590031064,0.8128563097320908,0.011663750728984401,,
berlin,link+k25,1,2,20,5,0.8588686161792886,0.863188964663596,0.004320348484307401,,
berlin,link+k25,1,2,20,8,0.8968115114078623,0.8977755561109723,0.0009640447031099564,,
berlin,link+k25,1,2,20,-1,0.7399816712488545,,,2.0,9.0
berlin,link+k25,1,3,20,3,0.8011925590031064,0.8128563097320908,0.011663750728984401,,
berlin,link+k25,1,3,20,5,0.8588686161792886,0.863188964663596,0.004320348484307401,,
berlin,link+k25,1,3,20,8,0.8968115114078623,0.8977755561109723,0.0009640447031099564,,
berlin,link+k25,1,3,20,-1,0.7399816712488545,,,2.0,9.0
berlin,link+k25,1,4,20,3,0.8011925590031064,0.8128563097320908,0.011663750728984401,,
berlin,link+k25,1,4,20,5,0.8588686161792886,0.863188964663596,0.004320348484307401,,
berlin,link+k25,1,4,20,8,0.8968115114078623,0.8977755561109723,0.0009640447031099564,,
berlin,link+k25,1,4,20,-1,0.7399816712488545,,,2.0,9.0
berlin,link+k25,1,5,20,3,0.8011925590031064,0.8128563097320908,0.011663750728984401,,
berlin,link+k25,1,5,20,5,0.8562978303043287,0.863188964663596,0.006891134359267248,,
berlin,link+k25,1,5,20,8,0.8946810916318539,0.8977755561109723,0.0030944644791183196,,
berlin,link+k25,1,5,20,-1,0.7399816712488545,,,2.0,9.0
berlin,link+k25,1,6,20,3,0.8009426214874853,0.8128563097320908,0.01191368824460548,,
berlin,link+k25,1,6,20,5,0.8571428571428571,0.863188964663596,0.006046107520738864,,
berlin,link+k25,1,6,20,8,0.8954666095380917,0.8977755561109723,0.0023089465728806102,,
berlin,link+k25,1,6,20,-1,0.8009426214874853,,,3.0,9.0
berlin,link+k25,1,7,20,3,0.8011925590031064,0.8128563097320908,0.011663750728984401,,
berlin,link+k25,1,7,20,5,0.8562978303043287,0.863188964663596,0.006891134359267248,,
berlin,link+k25,1,7,20,8,0.8946810916318539,0.8977755561109723,0.0030944644791183196,,
berlin,link+k25,1,7,20,-1,0.7399816712488545,,,2.0,9.0
berlin,link+k25,1,8,20,3,0.8009426214874853,0.8128563097320908,0.01191368824460548,,
berlin,link+k25,1,8,20,5,0.8571428571428571,0.863188964663596,0.006046107520738864,,
berlin,link+k25,1,8,20,8,0.8954666095380917,0.8977755561109723,0.0023089465728806102,,
berlin,link+k25,1,8,20,-1,0.8009426214874853,,,3.0,9.0
berlin,link+k25,1,9,20,3,0.812630175789386,0.8128563097320908,0.00022613394270476483,,
berlin,link+k25,1,9,20,5,0.8548815177158091,0.863188964663596,0.008307446947786845,,
berlin,link+k25,1,9,20,8,0.890325037788172,0.8977755561109723,0.007450518322800304,,
berlin,link+k25,1,9,20,-1,0.812630175789386,,,3.0,9.0
berlin,link+k25d,1,0,20,3,0.8011925590031064,0.8128563097320908,0.011663750728984401,,
berlin,link+k25d,1,0,20,5,0.8545839730543554,0.863188964663596,0.008604991609240553,,
berlin,link+k25d,1,0,20,8,0.8928958236631318,0.8977755561109723,0.004879732447840457,,
berlin,link+k25d,1,0,20,-1,0.8011925590031064,,,3.0,9.0
berlin,link+k50,1,0,20,3,0.8011925590031064,0.8128563097320908,0.011663750728984401,,
berlin,link+k50,1,0,20,5,0.8588686161792886,0.863188964663596,0.004320348484307401,,
berlin,link+k50,1,0,20,8,0.8968115114078623,0.8977755561109723,0.0009640447031099564,,
berlin,link+k50,1,0,20,-1,0.7399816712488545,,,2.0,9.0
berlin,link+k50,1,1,20,3,0.8011925590031064,0.8128563097320908,0.011663750728984401,,
berlin,link+k50,1,1,20,5,0.8588686161792886,0.863188964663596,0.004320348484307401,,
berlin,link+k50,1,1,20,8,0.8968115114078623,0.8977755561109723,0.0009640447031099564,,
berlin,link+k50,1,1,20,-1,0.8011925590031064,,,3.0,9.0
berlin,link+k50,1,2,20,3,0.8011925590031064,0.8128563097320908,0.011663750728984401,,
berlin,link+k50,1,2,20,5,0.8614155984813321,0.863188964663596,0.001773366182263869,,
berlin,link+k50,1,2,20,8,0.896621082824532,0.8977755561109723,0.0011544732864402496,,
berlin,link+k50,1,2,20,-1,0.8011925590031064,,,3.0,9.0
berlin,link+k50,1,3,20,3,0.8011925590031064,0.8128563097320908,0.011663750728984401,,
berlin,link+k50,1,3,20,5,0.8562978303043287,0.863188964663596,0.006891134359267248,,
berlin,link+k50,1,3,20,8,0.8946810916318539,0.8977755561109723,0.0030944644791183196,,
berlin,link+k50,1,3,20,-1,0.8011925590031064,,,3.0,9.0
berlin,link+k50,1,4,20,3,0.8011925590031064,0.8128563097320908,0.011663750728984401,,
berlin,link+k50,1,4,20,5,0.8562621249449542,0.863188964663596,0.00692683971864172,,
berlin,link+k50,1,4,20,8,0.8952761809547614,0.8977755561109723,0.0024993751562109034,,
berlin,link+k50,1,4,20,-1,0.8011925590031064,,,3.0,9.0
berlin,link+k50,1,5,20,3,0.8011925590031064,0.8128563097320908,0.011663750728984401,,
berlin,link+k50,1,5,20,5,0.8588686161792886,0.863188964663596,0.004320348484307401,,
berlin,link+k50,1,5,20,8,0.8968115114078623,0.8977755561109723,0.0009640447031099564,,
berlin,link+k50,1,5,20,-1,0.7399816712488545,,,2.0,9.0
berlin,link+k50,1,6,20,3,0.8011925590031064,0.8128563097320908,0.011663750728984401,,
berlin,link+k50,1,6,20,5,0.8562978303043287,0.863188964663596,0.006891134359267248,,
berlin,link+k50,1,6,20,8,0.8960378952880828,0.8977755561109723,0.0017376608228895085,,
berlin,link+k50,1,6,20,-1,0.8011925590031064,,,3.0,9.0
berlin,link+k50,1,7,20,3,0.8011925590031064,0.8128563097320908,0.011663750728984401,,
berlin,link+k50,1,7,20,5,0.8588686161792886,0.863188964663596,0.004320348484307401,,
berlin,link+k50,1,7,20,8,0.8968115114078623,0.8977755561109723,0.0009640447031099564,,
berlin,link+k50,1,7,20,-1,0.8011925590031064,,,3.0,9.0
berlin,link+k50,1,8,20,3,0.8011925590031064,0.8128563097320908,0.011663750728984401,,
berlin,link+k50,1,8,20,5,0.8562621249449542,0.863188964663596,0.00692683971864172,,
berlin,link+k50,1,8,20,8,0.894526368407898,0.8977755561109723,0.003249187703074252,,
berlin,link+k50,1,8,20,-1,0.8011925590031064,,,3.0,9.0
berlin,link+k50,1,9,20,3,0.8011925590031064,0.8128563097320908,0.011663750728984401,,
berlin,link+k50,1,9,20,5,0.8562621249449542,0.863188964663596,0.00692683971864172,,
berlin,link+k50,1,9,20,8,0.894526368407898,0.8977755561109723,0.003249187703074252,,
berlin,link+k50,1,9,20,-1,0.8011925590031064,,,3.0,9.0
berlin,link+k50d,1,0,20,3,0.8011925590031064,0.8128563097320908,0.011663750728984401,,
berlin,link+k50d,1,0,20,5,0.8562978303043287,0.863188964663596,0.006891134359267248,,
berlin,link+k50d,1,0,20,8,0.8960378952880828,0.8977755561109723,0.0017376608228895085,,
berlin,link+k50d,1,0,20,-1,0.7399816712488545,,,2.0,9.0
berlin,link,2,0,20,3,0.8011925590031064,0.8128563097320908,0.011663750728984401,,
berlin,link,2,0,20,5,0.8532271693981267,0.863188964663596,0.009961795265469253,,
berlin,link,2,0,20,8,0.8936694397829115,0.8977755561109723,0.004106116328060794,,
berlin,link,2,0,20,-1,0.7399816712488545,,,2.0,9.0
berlin,link,2,0,10,3,0.8011925590031064,0.8128563097320908,0.011663750728984401,,
berlin,link,2,0,10,5,0.8619392770854906,0.863188964663596,0.0012496875781053962,,
berlin,link,2,0,10,8,0.8939431808714488,0.8966329846109901,0.0026898037395413077,,
berlin,link,2,0,10,-1,0.7399816712488545,,,2.0,9.0
berlin,link_reg,2,0,20,3,0.7826614774877709,0.8128563097320908,0.030194832244319847,,
berlin,link_reg,2,0,20,5,0.7985860677687721,0.863188964663596,0.0646028968948239,,
berlin,link_reg,2,0,20,8,0.8325656681067828,0.8977755561109723,0.06520988800418948,,
berlin,link_reg,2,0,20,-1,0.5401268730436438,,,1.0,9.0
berlin,link_reg,2,0,10,3,0.8121303007581439,0.8128563097320908,0.0007260089739469233,,
berlin,link_reg,2,0,10,5,0.8497637495388057,0.863188964663596,0.013425215124790224,,
berlin,link_reg,2,0,10,8,0.867390295283322,0.8966329846109901,0.029242689327668048,,
berlin,link_reg,2,0,10,-1,0.5401268730436438,,,1.0,9.0
berlin,link+k10,2,0,20,3,0.8011925590031064,0.8128563097320908,0.011663750728984401,,
berlin,link+k10,2,0,20,5,0.8575237143095179,0.863188964663596,0.005665250354078055,,
berlin,link+k10,2,0,20,8,0.8936694397829115,0.8977755561109723,0.004106116328060794,,
berlin,link+k10,2,0,20,-1,0.7399816712488545,,,2.0,9.0
berlin,link+k10,2,1,20,3,0.8011925590031064,0.8128563097320908,0.011663750728984401,,
berlin,link+k10,2,1,20,5,0.8532271693981267,0.863188964663596,0.009961795265469253,,
berlin,link+k10,2,1,20,8,0.8936694397829115,0.8977755561109723,0.004106116328060794,,
berlin,link+k10,2,1,20,-1,0.7399816712488545,,,2.0,9.0
berlin,link+k10,2,2,20,3,0.8011925590031064,0.8128563097320908,0.011663750728984401,,
berlin,link+k10,2,2,20,5,0.8478713654919603,0.863188964663596,0.015317599171635665,,
berlin,link+k10,2,2,20,8,0.8906820913819165,0.8977755561109723,0.0070934647290558095,,
berlin,link+k10,2,2,20,-1,0.7399816712488545,,,2.0,9.0
berlin,link+k10,2,3,20,3,0.8011925590031064,0.8128563097320908,0.011663750728984401,,
berlin,link+k10,2,3,20,5,0.8575237143095179,0.863188964663596,0.005665250354078055,,
berlin,link+k10,2,3,20,8,0.8946810916318539,0.8977755561109723,0.0030944644791183196,,
berlin,link+k10,2,3,20,-1,0.7399816712488545,,,2.0,9.0
berlin,link+k10,2,4,20,3,0.8011925590031064,0.8128563097320908,0.011663750728984401,,
berlin,link+k10,2,4,20,5,0.8532271693981267,0.863188964663596,0.009961795265469253,,
berlin,link+k10,2,4,20,8,0.8936694397829115,0.8977755561109723,0.004106116328060794,,
berlin,link+k10,2,4,20,-1,0.7399816712488545,,,2.0,9.0
berlin,link+k10,2,5,20,3,0.8011925590031064,0.8128563097320908,0.011663750728984401,,
berlin,link+k10,2,5,20,5,0.8532271693981267,0.863188964663596,0.009961795265469253,,
berlin,link+k10,2,5,20,8,0.8936694397829115,0.8977755561109723,0.004106116328060794,,
berlin,link+k10,2,5,20,-1,0.7399816712488545,,,2.0,9.0
berlin,link+k10,2,6,20,3,0.8011925590031064,0.8128563097320908,0.011663750728984401,,
berlin,link+k10,2,6,20,5,0.8532271693981267,0.863188964663596,0.009961795265469253,,
berlin,link+k10,2,6,20,8,0.8936694397829115,0.8977755561109723,0.004106116328060794,,
berlin,link+k10,2,6,20,-1,0.7399816712488545,,,2.0,9.0
berlin,link+k10,2,7,20,3,0.812630175789386,0.8128563097320908,0.00022613394270476483,,
berlin,link+k10,2,7,20,5,0.8469430261482248,0.863188964663596,0.01624593851537115,,
berlin,link+k10,2,7,20,8,0.8872305733090536,0.8977755561109723,0.010544982801918623,,
berlin,link+k10,2,7,20,-1,0.7379940729103438,,,2.0,9.0
berlin,link+k10,2,8,20,3,0.812630175789386,0.8128563097320908,0.00022613394270476483,,
berlin,link+k10,2,8,20,5,0.8548815177158091,0.863188964663596,0.008307446947786845,,
berlin,link+k10,2,8,20,8,0.8870758500850978,0.8977755561109723,0.010699706025874445,,
berlin,link+k10,2,8,20,-1,0.812630175789386,,,3.0,9.0
berlin,link+k10,2,9,20,3,0.8011925590031064,0.8128563097320908,0.011663750728984401,,
berlin,link+k10,2,9,20,5,0.8575237143095179,0.863188964663596,0.005665250354078055,,
berlin,link+k10,2,9,20,8,0.893562323704788,0.8977755561109723,0.004213232406184209,,
berlin,link+k10,2,9,20,-1,0.7399816712488545,,,2.0,9.0
berlin,link+k10d,2,0,20,3,0.812630175789386,0.8128563097320908,0.00022613394270476483,,
berlin,link+k10d,2,0,20,5,0.8596898394449006,0.863188964663596,0.0034991252186953314,,
berlin,link+k10d,2,0,20,8,0.8928958236631318,0.8977755561109723,0.004879732447840457,,
berlin,link+k10d,2,0,20,-1,0.8596898394449006,,,5.0,9.0
berlin,link+k25,2,0,20,3,0.8011925590031064,0.8128563097320908,0.011663750728984401,,
berlin,link+k25,2,0,20,5,0.8562978303043287,0.863188964663596,0.006891134359267248,,
berlin,link+k25,2,0,20,8,0.8946810916318539,0.8977755561109723,0.0030944644791183196,,
berlin,link+k25,2,0,20,-1,0.7399816712488545,,,2.0,9.0
berlin,link+k25,2,1,20,3,0.8011925590031064,0.8128563097320908,0.011663750728984401,,
berlin,link+k25,2,1,20,5,0.8562978303043287,0.863188964663596,0.006891134359267248,,
berlin,link+k25,2,1,20,8,0.8856833410694945,0.8977755561109723,0.012092215041477727,,
berlin,link+k25,2,1,20,-1,0.7399816712488545,,,2.0,9.0
berlin,link+k25,2,2,20,3,0.812630175789386,0.8128563097320908,0.00022613394270476483,,
berlin,link+k25,2,2,20,5,0.8609038216636317,0.863188964663596,0.002285142999964296,,
berlin,link+k25,2,2,20,8,0.8872305733090536,0.8977755561109723,0.010544982801918623,,
berlin,link+k25,2,2,20,-1,0.812630175789386,,,3.0,9.0
berlin,link+k25,2,3,20,3,0.8011925590031064,0.8128563097320908,0.011663750728984401,,
berlin,link+k25,2,3,20,5,0.8562621249449542,0.863188964663596,0.00692683971864172,,
berlin,link+k25,2,3,20,8,0.8872662786684281,0.8977755561109723,0.010509277442544152,,
berlin,link+k25,2,3,20,-1,0.7399816712488545,,,2.0,9.0
berlin,link+k25,2,4,20,3,0.812630175789386,0.8128563097320908,0.00022613394270476483,,
berlin,link+k25,2,4,20,5,0.8617131431427857,0.863188964663596,0.001475821520810272,,
berlin,link+k25,2,4,20,8,0.8888492162673617,0.8977755561109723,0.008926339843610576,,
berlin,link+k25,2,4,20,-1,0.812630175789386,,,3.0,9.0
berlin,link+k25,2,5,20,3,0.8011925590031064,0.8128563097320908,0.011663750728984401,,
berlin,link+k25,2,5,20,5,0.8532271693981267,0.863188964663596,0.009961795265469253,,
berlin,link+k25,2,5,20,8,0.8936694397829115,0.8977755561109723,0.004106116328060794,,
berlin,link+k25,2,5,20,-1,0.7399816712488545,,,2.0,9.0
berlin,link+k25,2,6,20,3,0.8009426214874853,0.8128563097320908,0.01191368824460548,,
berlin,link+k25,2,6,20,5,0.8571428571428571,0.863188964663596,0.006046107520738864,,
berlin,link+k25,2,6,20,8,0.8938955737256162,0.8977755561109723,0.003879982385356029,,
berlin,link+k25,2,6,20,-1,0.8009426214874853,,,3.0,9.0
berlin,link+k25,2,7,20,3,0.8011925590031064,0.8128563097320908,0.011663750728984401,,
berlin,link+k25,2,7,20,5,0.8532271693981267,0.863188964663596,0.009961795265469253,,
berlin,link+k25,2,7,20,8,0.8936694397829115,0.8977755561109723,0.004106116328060794,,
berlin,link+k25,2,7,20,-1,0.7399816712488545,,,2.0,9.0
berlin,link+k25,2,8,20,3,0.8009426214874853,0.8128563097320908,0.01191368824460548,,
berlin,link+k25,2,8,20,5,0.8539888837314481,0.863188964663596,0.009200080932147858,,
berlin,link+k25,2,8,20,8,0.8856833410694945,0.8977755561109723,0.012092215041477727,,
berlin,link+k25,2,8,20,-1,0.8009426214874853,,,3.0,9.0
berlin,link+k25,2,9,20,3,0.812630175789386,0.8128563097320908,0.00022613394270476483,,
berlin,link+k25,2,9,20,5,0.8609038216636317,0.863188964663596,0.002285142999964296,,
berlin,link+k25,2,9,20,8,0.8872305733090536,0.8977755561109723,0.010544982801918623,,
berlin,link+k25,2,9,20,-1,0.812630175789386,,,3.0,9.0
berlin,link+k25d,2,0,20,3,0.8011925590031064,0.8128563097320908,0.011663750728984401,,
berlin,link+k25d,2,0,20,5,0.8563097320907869,0.863188964663596,0.006879232572809091,,
berlin,link+k25d,2,0,20,8,0.8914438057152378,0.8977755561109723,0.0063317503957344146,,
berlin,link+k25d,2,0,20,-1,0.8011925590031064,,,3.0,9.0
berlin,link+k50,2,0,20,3,0.8011925590031064,0.8128563097320908,0.011663750728984401,,
berlin,link+k50,2,0,20,5,0.8562978303043287,0.863188964663596,0.006891134359267248,,
berlin,link+k50,2,0,20,8,0.8946810916318539,0.8977755561109723,0.0030944644791183196,,
berlin,link+k50,2,0,20,-1,0.8011925590031064,,,3.0,9.0
berlin,link+k50,2,1,20,3,0.812630175789386,0.8128563097320908,0.00022613394270476483,,
berlin,link+k50,2,1,20,5,0.8617131431427857,0.863188964663596,0.001475821520810272,,
berlin,link+k50,2,1,20,8,0.8888492162673617,0.8977755561109723,0.008926339843610576,,
berlin,link+k50,2,1,20,-1,0.812630175789386,,,3.0,9.0
berlin,link+k50,2,2,20,3,0.812630175789386,0.8128563097320908,0.00022613394270476483,,
berlin,link+k50,2,2,20,5,0.8609038216636317,0.863188964663596,0.002285142999964296,,
berlin,link+k50,2,2,20,8,0.8954666095380917,0.8977755561109723,0.0023089465728806102,,
berlin,link+k50,2,2,20,-1,0.812630175789386,,,3.0,9.0
berlin,link+k50,2,3,20,3,0.812630175789386,0.8128563097320908,0.00022613394270476483,,
berlin,link+k50,2,3,20,5,0.8617131431427857,0.863188964663596,0.001475821520810272,,
berlin,link+k50,2,3,20,8,0.8888492162673617,0.8977755561109723,0.008926339843610576,,
berlin,link+k50,2,3,20,-1,0.812630175789386,,,3.0,9.0
berlin,link+k50,2,4,20,3,0.8011925590031064,0.8128563097320908,0.011663750728984401,,
berlin,link+k50,2,4,20,5,0.8532271693981267,0.863188964663596,0.009961795265469253,,
berlin,link+k50,2,4,20,8,0.8936694397829115,0.8977755561109723,0.004106116328060794,,
berlin,link+k50,2,4,20,-1,0.8011925590031064,,,3.0,9.0
berlin,link+k50,2,5,20,3,0.8011925590031064,0.8128563097320908,0.011663750728984401,,
berlin,link+k50,2,5,20,5,0.8575237143095179,0.863188964663596,0.005665250354078055,,
berlin,link+k50,2,5,20,8,0.8954428059651753,0.8977755561109723,0.0023327501457969246,,
berlin,link+k50,2,5,20,-1,0.8011925590031064,,,3.0,9.0
berlin,link+k50,2,6,20,3,0.8011925590031064,0.8128563097320908,0.011663750728984401,,
berlin,link+k50,2,6,20,5,0.8532271693981267,0.863188964663596,0.009961795265469253,,
berlin,link+k50,2,6,20,8,0.8936694397829115,0.8977755561109723,0.004106116328060794,,
berlin,link+k50,2,6,20,-1,0.8011925590031064,,,3.0,9.0
berlin,link+k50,2,7,20,3,0.812630175789386,0.8128563097320908,0.00022613394270476483,,
berlin,link+k50,2,7,20,5,0.8617131431427857,0.863188964663596,0.001475821520810272,,
berlin,link+k50,2,7,20,8,0.894526368407898,0.8977755561109723,0.003249187703074252,,
berlin,link+k50,2,7,20,-1,0.812630175789386,,,3.0,9.0
berlin,link+k50,2,8,20,3,0.8011925590031064,0.8128563097320908,0.011663750728984401,,
berlin,link+k50,2,8,20,5,0.8532271693981267,0.863188964663596,0.009961795265469253,,
berlin,link+k50,2,8,20,8,0.8936694397829115,0.8977755561109723,0.004106116328060794,,
berlin,link+k50,2,8,20,-1,0.8011925590031064,,,3.0,9.0
berlin,link+k50,2,9,20,3,0.8011925590031064,0.8128563097320908,0.011663750728984401,,
berlin,link+k50,2,9,20,5,0.8532271693981267,0.863188964663596,0.009961795265469253,,
berlin,link+k50,2,9,20,8,0.8936694397829115,0.8977755561109723,0.004106116328060794,,
berlin,link+k50,2,9,20,-1,0.8011925590031064,,,3.0,9.0
berlin,link+k50d,2,0,20,3,0.8011925590031064,0.8128563097320908,0.011663750728984401,,
berlin,link+k50d,2,0,20,5,0.8532271693981267,0.863188964663596,0.009961795265469253,,
berlin,link+k50d,2,0,20,8,0.895252377381845,0.8977755561109723,0.002523178729127218,,
berlin,link+k50d,2,0,20,-1,0.8011925590031064,,,3.0,9.0
berlin,link,3,0,20,3,0.8011925590031064,0.8128563097320908,0.011663750728984401,,
berlin,link,3,0,20,5,0.8562978303043287,0.863188964663596,0.006891134359267248,,
berlin,link,3,0,20,8,0.8946810916318539,0.8977755561109723,0.0030944644791183196,,
berlin,link,3,0,20,-1,0.7399816712488545,,,2.0,9.0
berlin,link,3,0,10,3,0.8011925590031064,0.8128563097320908,0.011663750728984401,,
berlin,link,3,0,10,5,0.8619392770854906,0.863188964663596,0.0012496875781053962,,
berlin,link,3,0,10,8,0.8939431808714488,0.8966329846109901,0.0026898037395413077,,
berlin,link,3,0,10,-1,0.7399816712488545,,,2.0,9.0
berlin,link_reg,3,0,20,3,0.6812225515049809,0.8128563097320908,0.13163375822710988,,
berlin,link_reg,3,0,20,5,0.6812225515049809,0.863188964663596,0.18196641315861506,,
berlin,link_reg,3,0,20,8,0.6812225515049809,0.8977755561109723,0.21655300460599136,,
berlin,link_reg,3,0,20,-1,0.5401268730436438,,,1.0,9.0
berlin,link_reg,3,0,10,3,0.6812225515049809,0.8128563097320908,0.13163375822710988,,
berlin,link_reg,3,0,10,5,0.6812225515049809,0.863188964663596,0.18196641315861506,,
berlin,link_reg,3,0,10,8,0.6812225515049809,0.8966329846109901,0.21541043310600916,,
berlin,link_reg,3,0,10,-1,0.5401268730436438,,,1.0,9.0
berlin,link+k10,3,0,20,3,0.8011925590031064,0.8128563097320908,0.011663750728984401,,
berlin,link+k10,3,0,20,5,0.8575237143095179,0.863188964663596,0.005665250354078055,,
berlin,link+k10,3,0,20,8,0.8946810916318539,0.8977755561109723,0.0030944644791183196,,
berlin,link+k10,3,0,20,-1,0.7399816712488545,,,2.0,9.0
berlin,link+k10,3,1,20,3,0.8011925590031064,0.8128563097320908,0.011663750728984401,,
berlin,link+k10,3,1,20,5,0.8562978303043287,0.863188964663596,0.006891134359267248,,
berlin,link+k10,3,1,20,8,0.8946810916318539,0.8977755561109723,0.0030944644791183196,,
berlin,link+k10,3,1,20,-1,0.7399816712488545,,,2.0,9.0
berlin,link+k10,3,2,20,3,0.8011925590031064,0.8128563097320908,0.011663750728984401,,
berlin,link+k10,3,2,20,5,0.8562978303043287,0.863188964663596,0.006891134359267248,,
berlin,link+k10,3,2,20,8,0.8946810916318539,0.8977755561109723,0.0030944644791183196,,
berlin,link+k10,3,2,20,-1,0.7399816712488545,,,2.0,9.0
berlin,link+k10,3,3,20,3,0.8011925590031064,0.8128563097320908,0.011663750728984401,,
berlin,link+k10,3,3,20,5,0.8575237143095179,0.863188964663596,0.005665250354078055,,
berlin,link+k10,3,3,20,8,0.8946810916318539,0.8977755561109723,0.0030944644791183196,,
berlin,link+k10,3,3,20,-1,0.7399816712488545,,,2.0,9.0
berlin,link+k10,3,4,20,3,0.8011925590031064,0.8128563097320908,0.011663750728984401,,
berlin,link+k10,3,4,20,5,0.8562978303043287,0.863188964663596,0.006891134359267248,,
berlin,link+k10,3,4,20,8,0.8946810916318539,0.8977755561109723,0.0030944644791183196,,
berlin,link+k10,3,4,20,-1,0.7399816712488545,,,2.0,9.0
berlin,link+k10,3,5,20,3,0.8011925590031064,0.8128563097320908,0.011663750728984401,,
berlin,link+k10,3,5,20,5,0.8562978303043287,0.863188964663596,0.006891134359267248,,
berlin,link+k10,3,5,20,8,0.8946810916318539,0.8977755561109723,0.0030944644791183196,,
berlin,link+k10,3,5,20,-1,0.7399816712488545,,,2.0,9.0
berlin,link+k10,3,6,20,3,0.8011925590031064,0.8128563097320908,0.011663750728984401,,
berlin,link+k10,3,6,20,5,0.8575237143095179,0.863188964663596,0.005665250354078055,,
berlin,link+k10,3,6,20,8,0.8936694397829115,0.8977755561109723,0.004106116328060794,,
berlin,link+k10,3,6,20,-1,0.7399816712488545,,,2.0,9.0
berlin,link+k10,3,7,20,3,0.812630175789386,0.8128563097320908,0.00022613394270476483,,
berlin,link+k10,3,7,20,5,0.8609038216636317,0.863188964663596,0.002285142999964296,,
berlin,link+k10,3,7,20,8,0.8872305733090536,0.8977755561109723,0.010544982801918623,,
berlin,link+k10,3,7,20,-1,0.7379940729103438,,,2.0,9.0
berlin,link+k10,3,8,20,3,0.8009426214874853,0.8128563097320908,0.01191368824460548,,
berlin,link+k10,3,8,20,5,0.8550600445126814,0.863188964663596,0.008128920150914598,,
berlin,link+k10,3,8,20,8,0.8920746003975196,0.8977755561109723,0.005700955713452638,,
berlin,link+k10,3,8,20,-1,0.7379940729103438,,,2.0,9.0
berlin,link+k10,3,9,20,3,0.8011925590031064,0.8128563097320908,0.011663750728984401,,
berlin,link+k10,3,9,20,5,0.8575237143095179,0.863188964663596,0.005665250354078055,,
berlin,link+k10,3,9,20,8,0.8858499660799086,0.8977755561109723,0.011925590031063638,,
berlin,link+k10,3,9,20,-1,0.7399816712488545,,,2.0,9.0
berlin,link+k10d,3,0,20,3,0.812630175789386,0.8128563097320908,0.00022613394270476483,,
berlin,link+k10d,3,0,20,5,0.8596898394449006,0.863188964663596,0.0034991252186953314,,
berlin,link+k10d,3,0,20,8,0.8946691898453958,0.8977755561109723,0.0031063662655764768,,
berlin,link+k10d,3,0,20,-1,0.840254222158746,,,4.0,9.0
berlin,link+k25,3,0,20,3,0.8011925590031064,0.8128563097320908,0.011663750728984401,,
berlin,link+k25,3,0,20,5,0.8562978303043287,0.863188964663596,0.006891134359267248,,
berlin,link+k25,3,0,20,8,0.8946810916318539,0.8977755561109723,0.0030944644791183196,,
berlin,link+k25,3,0,20,-1,0.7399816712488545,,,2.0,9.0
berlin,link+k25,3,1,20,3,0.8011925590031064,0.8128563097320908,0.011663750728984401,,
berlin,link+k25,3,1,20,5,0.8562978303043287,0.863188964663596,0.006891134359267248,,
berlin,link+k25,3,1,20,8,0.8946810916318539,0.8977755561109723,0.0030944644791183196,,
berlin,link+k25,3,1,20,-1,0.7399816712488545,,,2.0,9.0
berlin,link+k25,3,2,20,3,0.8011925590031064,0.8128563097320908,0.011663750728984401,,
berlin,link+k25,3,2,20,5,0.8562978303043287,0.863188964663596,0.006891134359267248,,
berlin,link+k25,3,2,20,8,0.8946810916318539,0.8977755561109723,0.0030944644791183196,,
berlin,link+k25,3,2,20,-1,0.7399816712488545,,,2.0,9.0
berlin,link+k25,3,3,20,3,0.8011925590031064,0.8128563097320908,0.011663750728984401,,
berlin,link+k25,3,3,20,5,0.8562978303043287,0.863188964663596,0.006891134359267248,,
berlin,link+k25,3,3,20,8,0.8946810916318539,0.8977755561109723,0.0030944644791183196,,
berlin,link+k25,3,3,20,-1,0.7399816712488545,,,2.0,9.0
berlin,link+k25,3,4,20,3,0.8011925590031064,0.8128563097320908,0.011663750728984401,,
berlin,link+k25,3,4,20,5,0.8562978303043287,0.863188964663596,0.006891134359267248,,
berlin,link+k25,3,4,20,8,0.8946810916318539,0.8977755561109723,0.0030944644791183196,,
berlin,link+k25,3,4,20,-1,0.7399816712488545,,,2.0,9.0
berlin,link+k25,3,5,20,3,0.8011925590031064,0.8128563097320908,0.011663750728984401,,
berlin,link+k25,3,5,20,5,0.8562978303043287,0.863188964663596,0.006891134359267248,,
berlin,link+k25,3,5,20,8,0.8946810916318539,0.8977755561109723,0.0030944644791183196,,
berlin,link+k25,3,5,20,-1,0.7399816712488545,,,2.0,9.0
berlin,link+k25,3,6,20,3,0.8009426214874853,0.8128563097320908,0.01191368824460548,,
berlin,link+k25,3,6,20,5,0.8571428571428571,0.863188964663596,0.006046107520738864,,
berlin,link+k25,3,6,20,8,0.8938955737256162,0.8977755561109723,0.003879982385356029,,
berlin,link+k25,3,6,20,-1,0.7379940729103438,,,2.0,9.0
berlin,link+k25,3,7,20,3,0.8011925590031064,0.8128563097320908,0.011663750728984401,,
berlin,link+k25,3,7,20,5,0.8562978303043287,0.863188964663596,0.006891134359267248,,
berlin,link+k25,3,7,20,8,0.8946810916318539,0.8977755561109723,0.0030944644791183196,,
berlin,link+k25,3,7,20,-1,0.7399816712488545,,,2.0,9.0
berlin,link+k25,3,8,20,3,0.8009426214874853,0.8128563097320908,0.01191368824460548,,
berlin,link+k25,3,8,20,5,0.8539888837314481,0.863188964663596,0.009200080932147858,,
berlin,link+k25,3,8,20,8,0.8946810916318539,0.8977755561109723,0.0030944644791183196,,
berlin,link+k25,3,8,20,-1,0.7379940729103438,,,2.0,9.0
berlin,link+k25,3,9,20,3,0.8011925590031064,0.8128563097320908,0.011663750728984401,,
berlin,link+k25,3,9,20,5,0.8562978303043287,0.863188964663596,0.006891134359267248,,
berlin,link+k25,3,9,20,8,0.8946810916318539,0.8977755561109723,0.0030944644791183196,,
berlin,link+k25,3,9,20,-1,0.7399816712488545,,,2.0,9.0
berlin,link+k25d,3,0,20,3,0.8011925590031064,0.8128563097320908,0.011663750728984401,,
berlin,link+k25d,3,0,20,5,0.8545839730543554,0.863188964663596,0.008604991609240553,,
berlin,link+k25d,3,0,20,8,0.8928839218766736,0.8977755561109723,0.004891634234298614,,
berlin,link+k25d,3,0,20,-1,0.8011925590031064,,,3.0,9.0
berlin,link+k50,3,0,20,3,0.8011925590031064,0.8128563097320908,0.011663750728984401,,
berlin,link+k50,3,0,20,5,0.8562978303043287,0.863188964663596,0.006891134359267248,,
berlin,link+k50,3,0,20,8,0.8946810916318539,0.8977755561109723,0.0030944644791183196,,
berlin,link+k50,3,0,20,-1,0.7399816712488545,,,2.0,9.0
berlin,link+k50,3,1,20,3,0.8011925590031064,0.8128563097320908,0.011663750728984401,,
berlin,link+k50,3,1,20,5,0.8562978303043287,0.863188964663596,0.006891134359267248,,
berlin,link+k50,3,1,20,8,0.8946810916318539,0.8977755561109723,0.0030944644791183196,,
berlin,link+k50,3,1,20,-1,0.7399816712488545,,,2.0,9.0
berlin,link+k50,3,2,20,3,0.8011925590031064,0.8128563097320908,0.011663750728984401,,
berlin,link+k50,3,2,20,5,0.8575237143095179,0.863188964663596,0.005665250354078055,,
berlin,link+k50,3,2,20,8,0.8946810916318539,0.8977755561109723,0.0030944644791183196,,
berlin,link+k50,3,2,20,-1,0.7399816712488545,,,2.0,9.0
berlin,link+k50,3,3,20,3,0.8011925590031064,0.8128563097320908,0.011663750728984401,,
berlin,link+k50,3,3,20,5,0.8562978303043287,0.863188964663596,0.006891134359267248,,
berlin,link+k50,3,3,20,8,0.8946810916318539,0.8977755561109723,0.0030944644791183196,,
berlin,link+k50,3,3,20,-1,0.7399816712488545,,,2.0,9.0
berlin,link+k50,3,4,20,3,0.8011925590031064,0.8128563097320908,0.011663750728984401,,
berlin,link+k50,3,4,20,5,0.8562978303043287,0.863188964663596,0.006891134359267248,,
berlin,link+k50,3,4,20,8,0.8946810916318539,0.8977755561109723,0.0030944644791183196,,
berlin,link+k50,3,4,20,-1,0.7399816712488545,,,2.0,9.0
berlin,link+k50,3,5,20,3,0.8011925590031064,0.8128563097320908,0.011663750728984401,,
berlin,link+k50,3,5,20,5,0.8575237143095179,0.863188964663596,0.005665250354078055,,
berlin,link+k50,3,5,20,8,0.8946810916318539,0.8977755561109723,0.0030944644791183196,,
berlin,link+k50,3,5,20,-1,0.7399816712488545,,,2.0,9.0
berlin,link+k50,3,6,20,3,0.8011925590031064,0.8128563097320908,0.011663750728984401,,
berlin,link+k50,3,6,20,5,0.8562978303043287,0.863188964663596,0.006891134359267248,,
berlin,link+k50,3,6,20,8,0.8946810916318539,0.8977755561109723,0.0030944644791183196,,
berlin,link+k50,3,6,20,-1,0.7399816712488545,,,2.0,9.0
berlin,link+k50,3,7,20,3,0.8011925590031064,0.8128563097320908,0.011663750728984401,,
berlin,link+k50,3,7,20,5,0.8562978303043287,0.863188964663596,0.006891134359267248,,
berlin,link+k50,3,7,20,8,0.8946810916318539,0.8977755561109723,0.0030944644791183196,,
berlin,link+k50,3,7,20,-1,0.8011925590031064,,,3.0,9.0
berlin,link+k50,3,8,20,3,0.8011925590031064,0.8128563097320908,0.011663750728984401,,
berlin,link+k50,3,8,20,5,0.8575237143095179,0.863188964663596,0.005665250354078055,,
berlin,link+k50,3,8,20,8,0.8946810916318539,0.8977755561109723,0.0030944644791183196,,
berlin,link+k50,3,8,20,-1,0.7399816712488545,,,2.0,9.0
berlin,link+k50,3,9,20,3,0.8011925590031064,0.8128563097320908,0.011663750728984401,,
berlin,link+k50,3,9,20,5,0.8562978303043287,0.863188964663596,0.006891134359267248,,
berlin,link+k50,3,9,20,8,0.8946810916318539,0.8977755561109723,0.0030944644791183196,,
berlin,link+k50,3,9,20,-1,0.7399816712488545,,,2.0,9.0
berlin,link+k50d,3,0,20,3,0.8011925590031064,0.8128563097320908,0.011663750728984401,,
berlin,link+k50d,3,0,20,5,0.8562978303043287,0.863188964663596,0.006891134359267248,,
berlin,link+k50d,3,0,20,8,0.8946810916318539,0.8977755561109723,0.0030944644791183196,,
berlin,link+k50d,3,0,20,-1,0.7399816712488545,,,2.0,9.0
berlin,link,4,0,20,3,0.8011925590031064,0.8128563097320908,0.011663750728984401,,
berlin,link,4,0,20,5,0.8562978303043287,0.863188964663596,0.006891134359267248,,
berlin,link,4,0,20,8,0.8856833410694945,0.8977755561109723,0.012092215041477727,,
berlin,link,4,0,20,-1,0.7399816712488545,,,2.0,9.0
berlin,link,4,0,10,3,0.8011925590031064,0.8128563097320908,0.011663750728984401,,
berlin,link,4,0,10,5,0.8617131431427857,0.863188964663596,0.001475821520810272,,
berlin,link,4,0,10,8,0.8939431808714488,0.8966329846109901,0.0026898037395413077,,
berlin,link,4,0,10,-1,0.7399816712488545,,,2.0,9.0
berlin,link_reg,4,0,20,3,0.6997536330203163,0.8128563097320908,0.11310267671177443,,
berlin,link_reg,4,0,20,5,0.8141059973101963,0.863188964663596,0.049082967353399676,,
berlin,link_reg,4,0,20,8,0.866497661298961,0.8977755561109723,0.031277894812011264,,
berlin,link_reg,4,0,20,-1,0.5401268730436438,,,1.0,9.0
berlin,link_reg,4,0,10,3,0.7640708870401447,0.8128563097320908,0.04878542269194608,,
berlin,link_reg,4,0,10,5,0.8483831423096607,0.863188964663596,0.014805822353935238,,
berlin,link_reg,4,0,10,8,0.8841956177622261,0.8966329846109901,0.012437366848763953,,
berlin,link_reg,4,0,10,-1,0.5401268730436438,,,1.0,9.0
berlin,link+k10,4,0,20,3,0.8011925590031064,0.8128563097320908,0.011663750728984401,,
berlin,link+k10,4,0,20,5,0.8562978303043287,0.863188964663596,0.006891134359267248,,
berlin,link+k10,4,0,20,8,0.8946810916318539,0.8977755561109723,0.0030944644791183196,,
berlin,link+k10,4,0,20,-1,0.7399816712488545,,,2.0,9.0
berlin,link+k10,4,1,20,3,0.8011925590031064,0.8128563097320908,0.011663750728984401,,
berlin,link+k10,4,1,20,5,0.8562978303043287,0.863188964663596,0.006891134359267248,,
berlin,link+k10,4,1,20,8,0.8946810916318539,0.8977755561109723,0.0030944644791183196,,
berlin,link+k10,4,1,20,-1,0.7399816712488545,,,2.0,9.0
berlin,link+k10,4,2,20,3,0.8011925590031064,0.8128563097320908,0.011663750728984401,,
berlin,link+k10,4,2,20,5,0.8563097320907869,0.863188964663596,0.006879232572809091,,
berlin,link+k10,4,2,20,8,0.8869092250746837,0.8977755561109723,0.010866331036288535,,
berlin,link+k10,4,2,20,-1,0.7379940729103438,,,2.0,9.0
berlin,link+k10,4,3,20,3,0.8011925590031064,0.8128563097320908,0.011663750728984401,,
berlin,link+k10,4,3,20,5,0.8562978303043287,0.863188964663596,0.006891134359267248,,
berlin,link+k10,4,3,20,8,0.8946810916318539,0.8977755561109723,0.0030944644791183196,,
berlin,link+k10,4,3,20,-1,0.7399816712488545,,,2.0,9.0
berlin,link+k10,4,4,20,3,0.8011925590031064,0.8128563097320908,0.011663750728984401,,
berlin,link+k10,4,4,20,5,0.8562978303043287,0.863188964663596,0.006891134359267248,,
berlin,link+k10,4,4,20,8,0.8954428059651753,0.8977755561109723,0.0023327501457969246,,
berlin,link+k10,4,4,20,-1,0.7399816712488545,,,2.0,9.0
berlin,link+k10,4,5,20,3,0.8011925590031064,0.8128563097320908,0.011663750728984401,,
berlin,link+k10,4,5,20,5,0.8562978303043287,0.863188964663596,0.006891134359267248,,
berlin,link+k10,4,5,20,8,0.8946810916318539,0.8977755561109723,0.0030944644791183196,,
berlin,link+k10,4,5,20,-1,0.7399816712488545,,,2.0,9.0
berlin,link+k10,4,6,20,3,0.8011925590031064,0.8128563097320908,0.011663750728984401,,
berlin,link+k10,4,6,20,5,0.8532271693981267,0.863188964663596,0.009961795265469253,,
berlin,link+k10,4,6,20,8,0.895252377381845,0.8977755561109723,0.002523178729127218,,
berlin,link+k10,4,6,20,-1,0.7399816712488545,,,2.0,9.0
berlin,link+k10,4,7,20,3,0.812630175789386,0.8128563097320908,0.00022613394270476483,,
berlin,link+k10,4,7,20,5,0.8556075266897561,0.863188964663596,0.007581437973839811,,
berlin,link+k10,4,7,20,8,0.886528367908023,0.8977755561109723,0.011247188202949232,,
berlin,link+k10,4,7,20,-1,0.7379940729103438,,,2.0,9.0
berlin,link+k10,4,8,20,3,0.8009426214874853,0.8128563097320908,0.01191368824460548,,
berlin,link+k10,4,8,20,5,0.8550600445126814,0.863188964663596,0.008128920150914598,,
berlin,link+k10,4,8,20,8,0.8864807607621904,0.8977755561109723,0.01129479534878186,,
berlin,link+k10,4,8,20,-1,0.7379940729103438,,,2.0,9.0
berlin,link+k10,4,9,20,3,0.8011925590031064,0.8128563097320908,0.011663750728984401,,
berlin,link+k10,4,9,20,5,0.8562978303043287,0.863188964663596,0.006891134359267248,,
berlin,link+k10,4,9,20,8,0.8858499660799086,0.8977755561109723,0.011925590031063638,,
berlin,link+k10,4,9,20,-1,0.7379940729103438,,,2.0,9.0
berlin,link+k10d,4,0,20,3,0.8011925590031064,0.8128563097320908,0.011663750728984401,,
berlin,link+k10d,4,0,20,5,0.8545839730543554,0.863188964663596,0.008604991609240553,,
berlin,link+k10d,4,0,20,8,0.8928839218766736,0.8977755561109723,0.004891634234298614,,
berlin,link+k10d,4,0,20,-1,0.8011925590031064,,,3.0,9.0
berlin,link+k25,4,0,20,3,0.8011925590031064,0.8128563097320908,0.011663750728984401,,
berlin,link+k25,4,0,20,5,0.8562978303043287,0.863188964663596,0.006891134359267248,,
berlin,link+k25,4,0,20,8,0.8946810916318539,0.8977755561109723,0.0030944644791183196,,
berlin,link+k25,4,0,20,-1,0.7399816712488545,,,2.0,9.0
berlin,link+k25,4,1,20,3,0.8011925590031064,0.8128563097320908,0.011663750728984401,,
berlin,link+k25,4,1,20,5,0.8562978303043287,0.863188964663596,0.006891134359267248,,
berlin,link+k25,4,1,20,8,0.8946810916318539,0.8977755561109723,0.0030944644791183196,,
berlin,link+k25,4,1,20,-1,0.7399816712488545,,,2.0,9.0
berlin,link+k25,4,2,20,3,0.812630175789386,0.8128563097320908,0.00022613394270476483,,
berlin,link+k25,4,2,20,5,0.8609038216636317,0.863188964663596,0.002285142999964296,,
berlin,link+k25,4,2,20,8,0.8954666095380917,0.8977755561109723,0.0023089465728806102,,
berlin,link+k25,4,2,20,-1,0.7379940729103438,,,2.0,9.0
berlin,link+k25,4,3,20,3,0.8011925590031064,0.8128563097320908,0.011663750728984401,,
berlin,link+k25,4,3,20,5,0.8562978303043287,0.863188964663596,0.006891134359267248,,
berlin,link+k25,4,3,20,8,0.8856833410694945,0.8977755561109723,0.012092215041477727,,
berlin,link+k25,4,3,20,-1,0.7379940729103438,,,2.0,9.0
berlin,link+k25,4,4,20,3,0.812630175789386,0.8128563097320908,0.00022613394270476483,,
berlin,link+k25,4,4,20,5,0.8617131431427857,0.863188964663596,0.001475821520810272,,
berlin,link+k25,4,4,20,8,0.8968115114078623,0.8977755561109723,0.0009640447031099564,,
berlin,link+k25,4,4,20,-1,0.7379940729103438,,,2.0,9.0
berlin,link+k25,4,5,20,3,0.8011925590031064,0.8128563097320908,0.011663750728984401,,
berlin,link+k25,4,5,20,5,0.8562978303043287,0.863188964663596,0.006891134359267248,,
berlin,link+k25,4,5,20,8,0.8946810916318539,0.8977755561109723,0.0030944644791183196,,
berlin,link+k25,4,5,20,-1,0.7399816712488545,,,2.0,9.0
berlin,link+k25,4,6,20,3,0.8009426214874853,0.8128563097320908,0.01191368824460548,,
berlin,link+k25,4,6,20,5,0.8571428571428571,0.863188964663596,0.006046107520738864,,
berlin,link+k25,4,6,20,8,0.8938955737256162,0.8977755561109723,0.003879982385356029,,
berlin,link+k25,4,6,20,-1,0.7379940729103438,,,2.0,9.0
berlin,link+k25,4,7,20,3,0.8011925590031064,0.8128563097320908,0.011663750728984401,,
berlin,link+k25,4,7,20,5,0.8562978303043287,0.863188964663596,0.006891134359267248,,
berlin,link+k25,4,7,20,8,0.8946810916318539,0.8977755561109723,0.0030944644791183196,,
berlin,link+k25,4,7,20,-1,0.7399816712488545,,,2.0,9.0
berlin,link+k25,4,8,20,3,0.8009426214874853,0.8128563097320908,0.01191368824460548,,
berlin,link+k25,4,8,20,5,0.8539888837314481,0.863188964663596,0.009200080932147858,,
berlin,link+k25,4,8,20,8,0.8856833410694945,0.8977755561109723,0.012092215041477727,,
berlin,link+k25,4,8,20,-1,0.7379940729103438,,,2.0,9.0
berlin,link+k25,4,9,20,3,0.812630175789386,0.8128563097320908,0.00022613394270476483,,
berlin,link+k25,4,9,20,5,0.8556075266897561,0.863188964663596,0.007581437973839811,,
berlin,link+k25,4,9,20,8,0.8938479665797836,0.8977755561109723,0.003927589531188658,,
berlin,link+k25,4,9,20,-1,0.7379940729103438,,,2.0,9.0
berlin,link+k25d,4,0,20,3,0.8011925590031064,0.8128563097320908,0.011663750728984401,,
berlin,link+k25d,4,0,20,5,0.8562978303043287,0.863188964663596,0.006891134359267248,,
berlin,link+k25d,4,0,20,8,0.8878613679913355,0.8977755561109723,0.009914188119636735,,
berlin,link+k25d,4,0,20,-1,0.7399816712488545,,,2.0,9.0
berlin,link+k50,4,0,20,3,0.8011925590031064,0.8128563097320908,0.011663750728984401,,
berlin,link+k50,4,0,20,5,0.8562978303043287,0.863188964663596,0.006891134359267248,,
berlin,link+k50,4,0,20,8,0.8946810916318539,0.8977755561109723,0.0030944644791183196,,
berlin,link+k50,4,0,20,-1,0.7399816712488545,,,2.0,9.0
berlin,link+k50,4,1,20,3,0.812630175789386,0.8128563097320908,0.00022613394270476483,,
berlin,link+k50,4,1,20,5,0.8571666607157734,0.863188964663596,0.006022303947822549,,
berlin,link+k50,4,1,20,8,0.8954428059651753,0.8977755561109723,0.0023327501457969246,,
berlin,link+k50,4,1,20,-1,0.7379940729103438,,,2.0,9.0
berlin,link+k50,4,2,20,3,0.812630175789386,0.8128563097320908,0.00022613394270476483,,
berlin,link+k50,4,2,20,5,0.8617131431427857,0.863188964663596,0.001475821520810272,,
berlin,link+k50,4,2,20,8,0.8968115114078623,0.8977755561109723,0.0009640447031099564,,
berlin,link+k50,4,2,20,-1,0.7379940729103438,,,2.0,9.0
berlin,link+k50,4,3,20,3,0.812630175789386,0.8128563097320908,0.00022613394270476483,,
berlin,link+k50,4,3,20,5,0.8571666607157734,0.863188964663596,0.006022303947822549,,
berlin,link+k50,4,3,20,8,0.8954428059651753,0.8977755561109723,0.0023327501457969246,,
berlin,link+k50,4,3,20,-1,0.7379940729103438,,,2.0,9.0
berlin,link+k50,4,4,20,3,0.8011925590031064,0.8128563097320908,0.011663750728984401,,
berlin,link+k50,4,4,20,5,0.8562978303043287,0.863188964663596,0.006891134359267248,,
berlin,link+k50,4,4,20,8,0.8946810916318539,0.8977755561109723,0.0030944644791183196,,
berlin,link+k50,4,4,20,-1,0.7399816712488545,,,2.0,9.0
berlin,link+k50,4,5,20,3,0.8011925590031064,0.8128563097320908,0.011663750728984401,,
berlin,link+k50,4,5,20,5,0.8588686161792886,0.863188964663596,0.004320348484307401,,
berlin,link+k50,4,5,20,8,0.8968115114078623,0.8977755561109723,0.0009640447031099564,,
berlin,link+k50,4,5,20,-1,0.7399816712488545,,,2.0,9.0
berlin,link+k50,4,6,20,3,0.8011925590031064,0.8128563097320908,0.011663750728984401,,
berlin,link+k50,4,6,20,5,0.8532271693981267,0.863188964663596,0.009961795265469253,,
berlin,link+k50,4,6,20,8,0.8936694397829115,0.8977755561109723,0.004106116328060794,,
berlin,link+k50,4,6,20,-1,0.7379940729103438,,,2.0,9.0
berlin,link+k50,4,7,20,3,0.8011925590031064,0.8128563097320908,0.011663750728984401,,
berlin,link+k50,4,7,20,5,0.8562978303043287,0.863188964663596,0.006891134359267248,,
berlin,link+k50,4,7,20,8,0.8954428059651753,0.8977755561109723,0.0023327501457969246,,
berlin,link+k50,4,7,20,-1,0.7399816712488545,,,2.0,9.0
berlin,link+k50,4,8,20,3,0.8011925590031064,0.8128563097320908,0.011663750728984401,,
berlin,link+k50,4,8,20,5,0.8532271693981267,0.863188964663596,0.009961795265469253,,
berlin,link+k50,4,8,20,8,0.8936694397829115,0.8977755561109723,0.004106116328060794,,
berlin,link+k50,4,8,20,-1,0.7399816712488545,,,2.0,9.0
berlin,link+k50,4,9,20,3,0.8011925590031064,0.8128563097320908,0.011663750728984401,,
berlin,link+k50,4,9,20,5,0.8562978303043287,0.863188964663596,0.006891134359267248,,
berlin,link+k50,4,9,20,8,0.8954428059651753,0.8977755561109723,0.0023327501457969246,,
berlin,link+k50,4,9,20,-1,0.7399816712488545,,,2.0,9.0
berlin,link+k50d,4,0,20,3,0.8011925590031064,0.8128563097320908,0.011663750728984401,,
berlin,link+k50d,4,0,20,5,0.8562978303043287,0.863188964663596,0.006891134359267248,,
berlin,link+k50d,4,0,20,8,0.8946810916318539,0.8977755561109723,0.0030944644791183196,,
berlin,link+k50d,4,0,20,-1,0.7399816712488545,,,2.0,9.0
chicago,link,0,0,20,3,0.7455917923789714,0.775470617791748,0.029878825412776533,,
chicago,link,0,0,20,5,0.8355320814685846,0.8348309748886993,-0.0007011065798853133,,
chicago,link,0,0,20,8,0.8784164339382325,0.8816298390960399,0.0032134051578073253,,
chicago,link,0,0,20,-1,0.8549761039507355,,,6.0,11.0
chicago,link,0,0,10,3,0.7455917923789714,0.7604669369822036,0.014875144603232138,,
chicago,link,0,0,10,5,0.8210542305939541,0.8210542305939541,0.0,,
chicago,link,0,0,10,8,0.8646280045338226,0.8646280045338226,0.0,,
chicago,link,0,0,10,-1,0.8555019338856495,,,7.0,
chicago,link_reg,0,0,20,3,0.6980333960434218,0.775470617791748,0.07743722174832612,,
chicago,link_reg,0,0,20,5,0.8266163427943771,0.8348309748886993,0.00821463209432216,,
chicago,link_reg,0,0,20,8,0.8686593673681627,0.8816298390960399,0.012970471727877131,,
chicago,link_reg,0,0,20,-1,0.4097851108332652,,,1.0,11.0
chicago,link_reg,0,0,10,3,0.7142756984774302,0.7604669369822036,0.04619123850477336,,
chicago,link_reg,0,0,10,5,0.8187172086610033,0.8210542305939541,0.0023370219329508224,,
chicago,link_reg,0,0,10,8,0.8646280045338226,0.8646280045338226,0.0,,
chicago,link_reg,0,0,10,-1,0.5099498708795382,,,1.0,
chicago,link+k10,0,0,20,3,0.7597424601829889,0.775470617791748,0.01572815760875912,,
chicago,link+k10,0,0,20,5,0.8205050304397107,0.8348309748886993,0.014325944448988603,,
chicago,link+k10,0,0,20,8,0.8810338985031374,0.8816298390960399,0.0005959405929024664,,
chicago,link+k10,0,0,20,-1,0.8683906098458734,,,7.0,11.0
chicago,link+k10,0,1,20,3,0.7455917923789714,0.775470617791748,0.029878825412776533,,
chicago,link+k10,0,1,20,5,0.8355320814685846,0.8348309748886993,-0.0007011065798853133,,
chicago,link+k10,0,1,20,8,0.8808118814195072,0.8816298390960399,0.000817957676532699,,
chicago,link+k10,0,1,20,-1,0.8808118814195072,,,8.0,11.0
chicago,link+k10,0,2,20,3,0.7455917923789714,0.775470617791748,0.029878825412776533,,
chicago,link+k10,0,2,20,5,0.8355320814685846,0.8348309748886993,-0.0007011065798853133,,
chicago,link+k10,0,2,20,8,0.8813377113544211,0.8816298390960399,0.0002921277416187973,,
chicago,link+k10,0,2,20,-1,0.8693020483997242,,,7.0,11.0
chicago,link+k10,0,3,20,3,0.775470617791748,0.775470617791748,0.0,,
chicago,link+k10,0,3,20,5,0.8355320814685846,0.8348309748886993,-0.0007011065798853133,,
chicago,link+k10,0,3,20,8,0.8807651409808481,0.8816298390960399,0.0008646981151917421,,
chicago,link+k10,0,3,20,-1,0.8687645333551456,,,7.0,11.0
chicago,link+k10,0,4,20,3,0.7597424601829889,0.775470617791748,0.01572815760875912,,
chicago,link+k10,0,4,20,5,0.8205050304397107,0.8348309748886993,0.014325944448988603,,
chicago,link+k10,0,4,20,8,0.8804496430198997,0.8816298390960399,0.001180196076140172,,
chicago,link+k10,0,4,20,-1,0.8681569076525784,,,7.0,11.0
chicago,link+k10,0,5,20,3,0.7597424601829889,0.775470617791748,0.01572815760875912,,
chicago,link+k10,0,5,20,5,0.8311735355636313,0.8348309748886993,0.0036574393250680126,,
chicago,link+k10,0,5,20,8,0.8804496430198997,0.8816298390960399,0.001180196076140172,,
chicago,link+k10,0,5,20,-1,0.8698512485539677,,,7.0,11.0
chicago,link+k10,0,6,20,3,0.7597424601829889,0.775470617791748,0.01572815760875912,,
chicago,link+k10,0,6,20,5,0.8188691150866451,0.8348309748886993,0.015961859802054224,,
chicago,link+k10,0,6,20,8,0.8807651409808481,0.8816298390960399,0.0008646981151917421,,
chicago,link+k10,0,6,20,-1,0.8549527337314061,,,7.0,11.0
chicago,link+k10,0,7,20,3,0.7455917923789714,0.775470617791748,0.029878825412776533,,
chicago,link+k10,0,7,20,5,0.8354853410299256,0.8348309748886993,-0.0006543661412262702,,
chicago,link+k10,0,7,20,8,0.8813377113544211,0.8816298390960399,0.0002921277416187973,,
chicago,link+k10,0,7,20,-1,0.8693020483997242,,,7.0,11.0
chicago,link+k10,0,8,20,3,0.775470617791748,0.775470617791748,0.0,,
chicago,link+k10,0,8,20,5,0.8312670164409492,0.8348309748886993,0.0035639584477500375,,
chicago,link+k10,0,8,20,8,0.8795615746853784,0.8816298390960399,0.0020682644106614356,,
chicago,link+k10,0,8,20,-1,0.8657380899519742,,,7.0,11.0
chicago,link+k10,0,9,20,3,0.7455917923789714,0.775470617791748,0.029878825412776533,,
chicago,link+k10,0,9,20,5,0.8355320814685846,0.8348309748886993,-0.0007011065798853133,,
chicago,link+k10,0,9,20,8,0.8813377113544211,0.8816298390960399,0.0002921277416187973,,
chicago,link+k10,0,9,20,-1,0.8549761039507355,,,6.0,11.0
chicago,link+k10d,0,0,20,3,0.7455917923789714,0.775470617791748,0.029878825412776533,,
chicago,link+k10d,0,0,20,5,0.8210542305939541,0.8348309748886993,0.01377674429474518,,
chicago,link+k10d,0,0,20,8,0.8804496430198997,0.8816298390960399,0.001180196076140172,,
chicago,link+k10d,0,0,20,-1,0.8681569076525784,,,7.0,11.0
chicago,link+k25,0,0,20,3,0.7455917923789714,0.775470617791748,0.029878825412776533,,
chicago,link+k25,0,0,20,5,0.8354853410299256,0.8348309748886993,-0.0006543661412262702,,
chicago,link+k25,0,0,20,8,0.8801692003879457,0.8816298390960399,0.0014606387080942085,,
chicago,link+k25,0,0,20,-1,0.8553850827890019,,,6.0,11.0
chicago,link+k25,0,1,20,3,0.7455917923789714,0.775470617791748,0.029878825412776533,,
chicago,link+k25,0,1,20,5,0.8355320814685846,0.8348309748886993,-0.0007011065798853133,,
chicago,link+k25,0,1,20,8,0.8802393110459341,0.8816298390960399,0.0013905280501057549,,
chicago,link+k25,0,1,20,-1,0.8681569076525784,,,7.0,11.0
chicago,link+k25,0,2,20,3,0.7455917923789714,0.775470617791748,0.029878825412776533,,
chicago,link+k25,0,2,20,5,0.8355320814685846,0.8348309748886993,-0.0007011065798853133,,
chicago,link+k25,0,2,20,8,0.8804496430198997,0.8816298390960399,0.001180196076140172,,
chicago,link+k25,0,2,20,-1,0.8686243120391685,,,7.0,11.0
chicago,link+k25,0,3,20,3,0.775470617791748,0.775470617791748,0.0,,
chicago,link+k25,0,3,20,5,0.8312670164409492,0.8348309748886993,0.0035639584477500375,,
chicago,link+k25,0,3,20,8,0.87924607672443,0.8816298390960399,0.0023837623716098655,,
chicago,link+k25,0,3,20,-1,0.8683906098458734,,,7.0,11.0
chicago,link+k25,0,4,20,3,0.7455917923789714,0.775470617791748,0.029878825412776533,,
chicago,link+k25,0,4,20,5,0.8355320814685846,0.8348309748886993,-0.0007011065798853133,,
chicago,link+k25,0,4,20,8,0.8813377113544211,0.8816298390960399,0.0002921277416187973,,
chicago,link+k25,0,4,20,-1,0.8549761039507355,,,6.0,11.0
chicago,link+k25,0,5,20,3,0.7455917923789714,0.775470617791748,0.029878825412776533,,
chicago,link+k25,0,5,20,5,0.8355320814685846,0.8348309748886993,-0.0007011065798853133,,
chicago,link+k25,0,5,20,8,0.8777503826873415,0.8816298390960399,0.0038794564086983563,,
chicago,link+k25,0,5,20,-1,0.8686243120391685,,,7.0,11.0
chicago,link+k25,0,6,20,3,0.7455917923789714,0.775470617791748,0.029878825412776533,,
chicago,link+k25,0,6,20,5,0.8355320814685846,0.8348309748886993,-0.0007011065798853133,,
chicago,link+k25,0,6,20,8,0.8804496430198997,0.8816298390960399,0.001180196076140172,,
chicago,link+k25,0,6,20,-1,0.8686243120391685,,,7.0,11.0
chicago,link+k25,0,7,20,3,0.7455917923789714,0.775470617791748,0.029878825412776533,,
chicago,link+k25,0,7,20,5,0.8355320814685846,0.8348309748886993,-0.0007011065798853133,,
chicago,link+k25,0,7,20,8,0.8807651409808481,0.8816298390960399,0.0008646981151917421,,
chicago,link+k25,0,7,20,-1,0.8687645333551456,,,7.0,11.0
chicago,link+k25,0,8,20,3,0.7597424601829889,0.775470617791748,0.01572815760875912,,
chicago,link+k25,0,8,20,5,0.8210542305939541,0.8348309748886993,0.01377674429474518,,
chicago,link+k25,0,8,20,8,0.8813377113544211,0.8816298390960399,0.0002921277416187973,,
chicago,link+k25,0,8,20,-1,0.8682036480912373,,,7.0,11.0
chicago,link+k25,0,9,20,3,0.7455917923789714,0.775470617791748,0.029878825412776533,,
chicago,link+k25,0,9,20,5,0.8354853410299256,0.8348309748886993,-0.0006543661412262702,,
chicago,link+k25,0,9,20,8,0.8813377113544211,0.8816298390960399,0.0002921277416187973,,
chicago,link+k25,0,9,20,-1,0.8693020483997242,,,7.0,11.0
chicago,link+k25d,0,0,20,3,0.7597424601829889,0.775470617791748,0.01572815760875912,,
chicago,link+k25d,0,0,20,5,0.8210542305939541,0.8348309748886993,0.01377674429474518,,
chicago,link+k25d,0,0,20,8,0.8813377113544211,0.8816298390960399,0.0002921277416187973,,
chicago,link+k25d,0,0,20,-1,0.8682036480912373,,,7.0,11.0
chicago,link+k50,0,0,20,3,0.7455917923789714,0.775470617791748,0.029878825412776533,,
chicago,link+k50,0,0,20,5,0.8355320814685846,0.8348309748886993,-0.0007011065798853133,,
chicago,link+k50,0,0,20,8,0.8813377113544211,0.8816298390960399,0.0002921277416187973,,
chicago,link+k50,0,0,20,-1,0.8693020483997242,,,7.0,11.0
chicago,link+k50,0,1,20,3,0.7455917923789714,0.775470617791748,0.029878825412776533,,
chicago,link+k50,0,1,20,5,0.8355320814685846,0.8348309748886993,-0.0007011065798853133,,
chicago,link+k50,0,1,20,8,0.8804496430198997,0.8816298390960399,0.001180196076140172,,
chicago,link+k50,0,1,20,-1,0.8681569076525784,,,7.0,11.0
chicago,link+k50,0,2,20,3,0.7455917923789714,0.775470617791748,0.029878825412776533,,
chicago,link+k50,0,2,20,5,0.8355320814685846,0.8348309748886993,-0.0007011065798853133,,
chicago,link+k50,0,2,20,8,0.8804496430198997,0.8816298390960399,0.001180196076140172,,
chicago,link+k50,0,2,20,-1,0.8681569076525784,,,7.0,11.0
chicago,link+k50,0,3,20,3,0.7455917923789714,0.775470617791748,0.029878825412776533,,
chicago,link+k50,0,3,20,5,0.8355320814685846,0.8348309748886993,-0.0007011065798853133,,
chicago,link+k50,0,3,20,8,0.8804496430198997,0.8816298390960399,0.001180196076140172,,
chicago,link+k50,0,3,20,-1,0.8686243120391685,,,7.0,11.0
chicago,link+k50,0,4,20,3,0.7455917923789714,0.775470617791748,0.029878825412776533,,
chicago,link+k50,0,4,20,5,0.8355320814685846,0.8348309748886993,-0.0007011065798853133,,
chicago,link+k50,0,4,20,8,0.8813377113544211,0.8816298390960399,0.0002921277416187973,,
chicago,link+k50,0,4,20,-1,0.8693020483997242,,,7.0,11.0
chicago,link+k50,0,5,20,3,0.7597424601829889,0.775470617791748,0.01572815760875912,,
chicago,link+k50,0,5,20,5,0.8210542305939541,0.8348309748886993,0.01377674429474518,,
chicago,link+k50,0,5,20,8,0.8813377113544211,0.8816298390960399,0.0002921277416187973,,
chicago,link+k50,0,5,20,-1,0.8682036480912373,,,7.0,11.0
chicago,link+k50,0,6,20,3,0.7455917923789714,0.775470617791748,0.029878825412776533,,
chicago,link+k50,0,6,20,5,0.8355320814685846,0.8348309748886993,-0.0007011065798853133,,
chicago,link+k50,0,6,20,8,0.8813377113544211,0.8816298390960399,0.0002921277416187973,,
chicago,link+k50,0,6,20,-1,0.8693020483997242,,,7.0,11.0
chicago,link+k50,0,7,20,3,0.7455917923789714,0.775470617791748,0.029878825412776533,,
chicago,link+k50,0,7,20,5,0.8355320814685846,0.8348309748886993,-0.0007011065798853133,,
chicago,link+k50,0,7,20,8,0.8804496430198997,0.8816298390960399,0.001180196076140172,,
chicago,link+k50,0,7,20,-1,0.8686243120391685,,,7.0,11.0
chicago,link+k50,0,8,20,3,0.7455917923789714,0.775470617791748,0.029878825412776533,,
chicago,link+k50,0,8,20,5,0.8355320814685846,0.8348309748886993,-0.0007011065798853133,,
chicago,link+k50,0,8,20,8,0.8813377113544211,0.8816298390960399,0.0002921277416187973,,
chicago,link+k50,0,8,20,-1,0.8693020483997242,,,7.0,11.0
chicago,link+k50,0,9,20,3,0.775470617791748,0.775470617791748,0.0,,
chicago,link+k50,0,9,20,5,0.8355320814685846,0.8348309748886993,-0.0007011065798853133,,
chicago,link+k50,0,9,20,8,0.8802393110459341,0.8816298390960399,0.0013905280501057549,,
chicago,link+k50,0,9,20,-1,0.8684490353941972,,,7.0,11.0
chicago,link+k50d,0,0,20,3,0.7597424601829889,0.775470617791748,0.01572815760875912,,
chicago,link+k50d,0,0,20,5,0.8210542305939541,0.8348309748886993,0.01377674429474518,,
chicago,link+k50d,0,0,20,8,0.8813377113544211,0.8816298390960399,0.0002921277416187973,,
chicago,link+k50d,0,0,20,-1,0.8682036480912373,,,7.0,11.0
chicago,link,1,0,20,3,0.7455917923789714,0.775470617791748,0.029878825412776533,,
chicago,link,1,0,20,5,0.8354853410299256,0.8348309748886993,-0.0006543661412262702,,
chicago,link,1,0,20,8,0.8813377113544211,0.8816298390960399,0.0002921277416187973,,
chicago,link,1,0,20,-1,0.8549761039507355,,,6.0,11.0
chicago,link,1,0,10,3,0.7455917923789714,0.7604669369822036,0.014875144603232138,,
chicago,link,1,0,10,5,0.822059150025123,0.8210542305939541,-0.0010049194311688714,,
chicago,link,1,0,10,8,0.8646280045338226,0.8646280045338226,0.0,,
chicago,link,1,0,10,-1,0.8555019338856495,,,7.0,
chicago,link_reg,1,0,20,3,0.7599294219376249,0.775470617791748,0.015541195854123058,,
chicago,link_reg,1,0,20,5,0.8143352925367204,0.8348309748886993,0.02049568235197885,,
chicago,link_reg,1,0,20,8,0.8778204933453301,0.8816298390960399,0.0038093457507097916,,
chicago,link_reg,1,0,20,-1,0.5099498708795382,,,1.0,11.0
chicago,link_reg,1,0,10,3,0.7138900898584933,0.7604669369822036,0.04657684712371024,,
chicago,link_reg,1,0,10,5,0.8187172086610033,0.8210542305939541,0.0023370219329508224,,
chicago,link_reg,1,0,10,8,0.8605615863704881,0.8646280045338226,0.004066418163334529,,
chicago,link_reg,1,0,10,-1,0.5099498708795382,,,1.0,
chicago,link+k10,1,0,20,3,0.7597424601829889,0.775470617791748,0.01572815760875912,,
chicago,link+k10,1,0,20,5,0.8188691150866451,0.8348309748886993,0.015961859802054224,,
chicago,link+k10,1,0,20,8,0.8813377113544211,0.8816298390960399,0.0002921277416187973,,
chicago,link+k10,1,0,20,-1,0.8682036480912373,,,7.0,11.0
chicago,link+k10,1,1,20,3,0.7455917923789714,0.775470617791748,0.029878825412776533,,
chicago,link+k10,1,1,20,5,0.822059150025123,0.8348309748886993,0.012771824863576309,,
chicago,link+k10,1,1,20,8,0.8813377113544211,0.8816298390960399,0.0002921277416187973,,
chicago,link+k10,1,1,20,-1,0.8813377113544211,,,8.0,11.0
chicago,link+k10,1,2,20,3,0.7455917923789714,0.775470617791748,0.029878825412776533,,
chicago,link+k10,1,2,20,5,0.8210542305939541,0.8348309748886993,0.01377674429474518,,
chicago,link+k10,1,2,20,8,0.8813377113544211,0.8816298390960399,0.0002921277416187973,,
chicago,link+k10,1,2,20,-1,0.8555019338856495,,,7.0,11.0
chicago,link+k10,1,3,20,3,0.7455917923789714,0.775470617791748,0.029878825412776533,,
chicago,link+k10,1,3,20,5,0.8354853410299256,0.8348309748886993,-0.0006543661412262702,,
chicago,link+k10,1,3,20,8,0.8813377113544211,0.8816298390960399,0.0002921277416187973,,
chicago,link+k10,1,3,20,-1,0.8682036480912373,,,7.0,11.0
chicago,link+k10,1,4,20,3,0.7597424601829889,0.775470617791748,0.01572815760875912,,
chicago,link+k10,1,4,20,5,0.8205050304397107,0.8348309748886993,0.014325944448988603,,
chicago,link+k10,1,4,20,8,0.8804496430198997,0.8816298390960399,0.001180196076140172,,
chicago,link+k10,1,4,20,-1,0.8681569076525784,,,7.0,11.0
chicago,link+k10,1,5,20,3,0.7597424601829889,0.775470617791748,0.01572815760875912,,
chicago,link+k10,1,5,20,5,0.8311735355636313,0.8348309748886993,0.0036574393250680126,,
chicago,link+k10,1,5,20,8,0.8812208602577735,0.8816298390960399,0.000408978838266405,,
chicago,link+k10,1,5,20,-1,0.8698512485539677,,,7.0,11.0
chicago,link+k10,1,6,20,3,0.7455917923789714,0.775470617791748,0.029878825412776533,,
chicago,link+k10,1,6,20,5,0.822059150025123,0.8348309748886993,0.012771824863576309,,
chicago,link+k10,1,6,20,8,0.8813377113544211,0.8816298390960399,0.0002921277416187973,,
chicago,link+k10,1,6,20,-1,0.8555019338856495,,,7.0,11.0
chicago,link+k10,1,7,20,3,0.7455917923789714,0.775470617791748,0.029878825412776533,,
chicago,link+k10,1,7,20,5,0.8354853410299256,0.8348309748886993,-0.0006543661412262702,,
chicago,link+k10,1,7,20,8,0.8813377113544211,0.8816298390960399,0.0002921277416187973,,
chicago,link+k10,1,7,20,-1,0.8693020483997242,,,7.0,11.0
chicago,link+k10,1,8,20,3,0.7455917923789714,0.775470617791748,0.029878825412776533,,
chicago,link+k10,1,8,20,5,0.8355320814685846,0.8348309748886993,-0.0007011065798853133,,
chicago,link+k10,1,8,20,8,0.8784398041575621,0.8816298390960399,0.0031900349384778037,,
chicago,link+k10,1,8,20,-1,0.8687645333551456,,,7.0,11.0
chicago,link+k10,1,9,20,3,0.7455917923789714,0.775470617791748,0.029878825412776533,,
chicago,link+k10,1,9,20,5,0.8355320814685846,0.8348309748886993,-0.0007011065798853133,,
chicago,link+k10,1,9,20,8,0.8813377113544211,0.8816298390960399,0.0002921277416187973,,
chicago,link+k10,1,9,20,-1,0.8549761039507355,,,6.0,11.0
chicago,link+k10d,1,0,20,3,0.7455917923789714,0.775470617791748,0.029878825412776533,,
chicago,link+k10d,1,0,20,5,0.8210542305939541,0.8348309748886993,0.01377674429474518,,
chicago,link+k10d,1,0,20,8,0.8813377113544211,0.8816298390960399,0.0002921277416187973,,
chicago,link+k10d,1,0,20,-1,0.8555019338856495,,,7.0,11.0
chicago,link+k25,1,0,20,3,0.7455917923789714,0.775470617791748,0.029878825412776533,,
chicago,link+k25,1,0,20,5,0.8354853410299256,0.8348309748886993,-0.0006543661412262702,,
chicago,link+k25,1,0,20,8,0.8784164339382325,0.8816298390960399,0.0032134051578073253,,
chicago,link+k25,1,0,20,-1,0.8549761039507355,,,6.0,11.0
chicago,link+k25,1,1,20,3,0.7455917923789714,0.775470617791748,0.029878825412776533,,
chicago,link+k25,1,1,20,5,0.8355320814685846,0.8348309748886993,-0.0007011065798853133,,
chicago,link+k25,1,1,20,8,0.8802393110459341,0.8816298390960399,0.0013905280501057549,,
chicago,link+k25,1,1,20,-1,0.8681569076525784,,,7.0,11.0
chicago,link+k25,1,2,20,3,0.7455917923789714,0.775470617791748,0.029878825412776533,,
chicago,link+k25,1,2,20,5,0.8355320814685846,0.8348309748886993,-0.0007011065798853133,,
chicago,link+k25,1,2,20,8,0.8813377113544211,0.8816298390960399,0.0002921277416187973,,
chicago,link+k25,1,2,20,-1,0.8693020483997242,,,7.0,11.0
chicago,link+k25,1,3,20,3,0.7597424601829889,0.775470617791748,0.01572815760875912,,
chicago,link+k25,1,3,20,5,0.8163568165087229,0.8348309748886993,0.018474158379976346,,
chicago,link+k25,1,3,20,8,0.87924607672443,0.8816298390960399,0.0023837623716098655,,
chicago,link+k25,1,3,20,-1,0.8683906098458734,,,7.0,11.0
chicago,link+k25,1,4,20,3,0.7455917923789714,0.775470617791748,0.029878825412776533,,
chicago,link+k25,1,4,20,5,0.8355320814685846,0.8348309748886993,-0.0007011065798853133,,
chicago,link+k25,1,4,20,8,0.8813377113544211,0.8816298390960399,0.0002921277416187973,,
chicago,link+k25,1,4,20,-1,0.8549761039507355,,,6.0,11.0
chicago,link+k25,1,5,20,3,0.7455917923789714,0.775470617791748,0.029878825412776533,,
chicago,link+k25,1,5,20,5,0.8355320814685846,0.8348309748886993,-0.0007011065798853133,,
chicago,link+k25,1,5,20,8,0.8784164339382325,0.8816298390960399,0.0032134051578073253,,
chicago,link+k25,1,5,20,-1,0.8693020483997242,,,7.0,11.0
chicago,link+k25,1,6,20,3,0.7455917923789714,0.775470617791748,0.029878825412776533,,
chicago,link+k25,1,6,20,5,0.8355320814685846,0.8348309748886993,-0.0007011065798853133,,
chicago,link+k25,1,6,20,8,0.8804496430198997,0.8816298390960399,0.001180196076140172,,
chicago,link+k25,1,6,20,-1,0.8686243120391685,,,7.0,11.0
chicago,link+k25,1,7,20,3,0.7455917923789714,0.775470617791748,0.029878825412776533,,
chicago,link+k25,1,7,20,5,0.8355320814685846,0.8348309748886993,-0.0007011065798853133,,
chicago,link+k25,1,7,20,8,0.8813377113544211,0.8816298390960399,0.0002921277416187973,,
chicago,link+k25,1,7,20,-1,0.8693020483997242,,,7.0,11.0
chicago,link+k25,1,8,20,3,0.7455917923789714,0.775470617791748,0.029878825412776533,,
chicago,link+k25,1,8,20,5,0.8354853410299256,0.8348309748886993,-0.0006543661412262702,,
chicago,link+k25,1,8,20,8,0.8813377113544211,0.8816298390960399,0.0002921277416187973,,
chicago,link+k25,1,8,20,-1,0.8693020483997242,,,7.0,11.0
chicago,link+k25,1,9,20,3,0.7455917923789714,0.775470617791748,0.029878825412776533,,
chicago,link+k25,1,9,20,5,0.8354853410299256,0.8348309748886993,-0.0006543661412262702,,
chicago,link+k25,1,9,20,8,0.8813377113544211,0.8816298390960399,0.0002921277416187973,,
chicago,link+k25,1,9,20,-1,0.8693020483997242,,,7.0,11.0
chicago,link+k25d,1,0,20,3,0.7455917923789714,0.775470617791748,0.029878825412776533,,
chicago,link+k25d,1,0,20,5,0.801808854976104,0.8348309748886993,0.033022119912595294,,
chicago,link+k25d,1,0,20,8,0.8813377113544211,0.8816298390960399,0.0002921277416187973,,
chicago,link+k25d,1,0,20,-1,0.8555019338856495,,,7.0,11.0
chicago,link+k50,1,0,20,3,0.7455917923789714,0.775470617791748,0.029878825412776533,,
chicago,link+k50,1,0,20,5,0.8355320814685846,0.8348309748886993,-0.0007011065798853133,,
chicago,link+k50,1,0,20,8,0.8813377113544211,0.8816298390960399,0.0002921277416187973,,
chicago,link+k50,1,0,20,-1,0.8693020483997242,,,7.0,11.0
chicago,link+k50,1,1,20,3,0.7455917923789714,0.775470617791748,0.029878825412776533,,
chicago,link+k50,1,1,20,5,0.8355320814685846,0.8348309748886993,-0.0007011065798853133,,
chicago,link+k50,1,1,20,8,0.8804496430198997,0.8816298390960399,0.001180196076140172,,
chicago,link+k50,1,1,20,-1,0.8681569076525784,,,7.0,11.0
chicago,link+k50,1,2,20,3,0.7455917923789714,0.775470617791748,0.029878825412776533,,
chicago,link+k50,1,2,20,5,0.8355320814685846,0.8348309748886993,-0.0007011065798853133,,
chicago,link+k50,1,2,20,8,0.8813377113544211,0.8816298390960399,0.0002921277416187973,,
chicago,link+k50,1,2,20,-1,0.8682036480912373,,,7.0,11.0
chicago,link+k50,1,3,20,3,0.7455917923789714,0.775470617791748,0.029878825412776533,,
chicago,link+k50,1,3,20,5,0.8355320814685846,0.8348309748886993,-0.0007011065798853133,,
chicago,link+k50,1,3,20,8,0.8813377113544211,0.8816298390960399,0.0002921277416187973,,
chicago,link+k50,1,3,20,-1,0.8693020483997242,,,7.0,11.0
chicago,link+k50,1,4,20,3,0.7455917923789714,0.775470617791748,0.029878825412776533,,
chicago,link+k50,1,4,20,5,0.8355320814685846,0.8348309748886993,-0.0007011065798853133,,
chicago,link+k50,1,4,20,8,0.8813377113544211,0.8816298390960399,0.0002921277416187973,,
chicago,link+k50,1,4,20,-1,0.8693020483997242,,,7.0,11.0
chicago,link+k50,1,5,20,3,0.7455917923789714,0.775470617791748,0.029878825412776533,,
chicago,link+k50,1,5,20,5,0.8355320814685846,0.8348309748886993,-0.0007011065798853133,,
chicago,link+k50,1,5,20,8,0.8813377113544211,0.8816298390960399,0.0002921277416187973,,
chicago,link+k50,1,5,20,-1,0.8682036480912373,,,7.0,11.0
chicago,link+k50,1,6,20,3,0.7455917923789714,0.775470617791748,0.029878825412776533,,
chicago,link+k50,1,6,20,5,0.8355320814685846,0.8348309748886993,-0.0007011065798853133,,
chicago,link+k50,1,6,20,8,0.8813377113544211,0.8816298390960399,0.0002921277416187973,,
chicago,link+k50,1,6,20,-1,0.8693020483997242,,,7.0,11.0
chicago,link+k50,1,7,20,3,0.7455917923789714,0.775470617791748,0.029878825412776533,,
chicago,link+k50,1,7,20,5,0.8355320814685846,0.8348309748886993,-0.0007011065798853133,,
chicago,link+k50,1,7,20,8,0.8813377113544211,0.8816298390960399,0.0002921277416187973,,
chicago,link+k50,1,7,20,-1,0.8693020483997242,,,7.0,11.0
chicago,link+k50,1,8,20,3,0.7455917923789714,0.775470617791748,0.029878825412776533,,
chicago,link+k50,1,8,20,5,0.8354853410299256,0.8348309748886993,-0.0006543661412262702,,
chicago,link+k50,1,8,20,8,0.8813377113544211,0.8816298390960399,0.0002921277416187973,,
chicago,link+k50,1,8,20,-1,0.8682036480912373,,,7.0,11.0
chicago,link+k50,1,9,20,3,0.7455917923789714,0.775470617791748,0.029878825412776533,,
chicago,link+k50,1,9,20,5,0.8355320814685846,0.8348309748886993,-0.0007011065798853133,,
chicago,link+k50,1,9,20,8,0.8804496430198997,0.8816298390960399,0.001180196076140172,,
chicago,link+k50,1,9,20,-1,0.8681569076525784,,,7.0,11.0
chicago,link+k50d,1,0,20,3,0.7455917923789714,0.775470617791748,0.029878825412776533,,
chicago,link+k50d,1,0,20,5,0.8210542305939541,0.8348309748886993,0.01377674429474518,,
chicago,link+k50d,1,0,20,8,0.8813377113544211,0.8816298390960399,0.0002921277416187973,,
chicago,link+k50d,1,0,20,-1,0.8555019338856495,,,7.0,11.0
chicago,link,2,0,20,3,0.7292443239579803,0.775470617791748,0.04622629383376764,,
chicago,link,2,0,20,5,0.836560371119083,0.8348309748886993,-0.0017293962303837063,,
chicago,link,2,0,20,8,0.8795615746853784,0.8816298390960399,0.0020682644106614356,,
chicago,link,2,0,20,-1,0.8545086995641454,,,6.0,11.0
chicago,link,2,0,10,3,0.7292443239579803,0.7604669369822036,0.031222613024223245,,
chicago,link,2,0,10,5,0.8236716951588591,0.8210542305939541,-0.00261746456490497,,
chicago,link,2,0,10,8,0.8646280045338226,0.8646280045338226,0.0,,
chicago,link,2,0,10,-1,0.8409306021337011,,,6.0,
chicago,link_reg,2,0,20,3,0.7506280746444806,0.775470617791748,0.024842543147267415,,
chicago,link_reg,2,0,20,5,0.8284625901214083,0.8348309748886993,0.006368384767290958,,
chicago,link_reg,2,0,20,8,0.867888150130289,0.8816298390960399,0.013741688965750898,,
chicago,link_reg,2,0,20,-1,0.4097851108332652,,,1.0,11.0
chicago,link_reg,2,0,10,3,0.7490973252783978,0.7604669369822036,0.011369611703805793,,
chicago,link_reg,2,0,10,5,0.8162867058507344,0.8210542305939541,0.004767524743219731,,
chicago,link_reg,2,0,10,8,0.8646280045338226,0.8646280045338226,0.0,,
chicago,link_reg,2,0,10,-1,0.5099498708795382,,,1.0,
chicago,link+k10,2,0,20,3,0.7476717418992977,0.775470617791748,0.027798875892450225,,
chicago,link+k10,2,0,20,5,0.8133537433248811,0.8348309748886993,0.0214772315638182,,
chicago,link+k10,2,0,20,8,0.8793979831500719,0.8816298390960399,0.0022318559459679754,,
chicago,link+k10,2,0,20,-1,0.868694422697157,,,7.0,11.0
chicago,link+k10,2,1,20,3,0.7455917923789714,0.775470617791748,0.029878825412776533,,
chicago,link+k10,2,1,20,5,0.8355320814685846,0.8348309748886993,-0.0007011065798853133,,
chicago,link+k10,2,1,20,8,0.8804496430198997,0.8816298390960399,0.001180196076140172,,
chicago,link+k10,2,1,20,-1,0.8804496430198997,,,8.0,11.0
chicago,link+k10,2,2,20,3,0.7292443239579803,0.775470617791748,0.04622629383376764,,
chicago,link+k10,2,2,20,5,0.8236716951588591,0.8348309748886993,0.01115927972984021,,
chicago,link+k10,2,2,20,8,0.8795615746853784,0.8816298390960399,0.0020682644106614356,,
chicago,link+k10,2,2,20,-1,0.8696175463606726,,,7.0,11.0
chicago,link+k10,2,3,20,3,0.7292443239579803,0.775470617791748,0.04622629383376764,,
chicago,link+k10,2,3,20,5,0.837319903247292,0.8348309748886993,-0.0024889283585927124,,
chicago,link+k10,2,3,20,8,0.8789072085441522,0.8816298390960399,0.002722630551887706,,
chicago,link+k10,2,3,20,-1,0.8669533413571087,,,7.0,11.0
chicago,link+k10,2,4,20,3,0.7476717418992977,0.775470617791748,0.027798875892450225,,
chicago,link+k10,2,4,20,5,0.8152350459809066,0.8348309748886993,0.019595928907792715,,
chicago,link+k10,2,4,20,8,0.8802159408266047,0.8816298390960399,0.0014138982694351654,,
chicago,link+k10,2,4,20,-1,0.8694305846060365,,,7.0,11.0
chicago,link+k10,2,5,20,3,0.7601514390212553,0.775470617791748,0.015319178770492714,,
chicago,link+k10,2,5,20,5,0.8243728017387443,0.8348309748886993,0.010458173149955008,,
chicago,link+k10,2,5,20,8,0.8788955234344874,0.8816298390960399,0.0027343156615524666,,
chicago,link+k10,2,5,20,-1,0.8692319377417357,,,7.0,11.0
chicago,link+k10,2,6,20,3,0.7476717418992977,0.775470617791748,0.027798875892450225,,
chicago,link+k10,2,6,20,5,0.8133537433248811,0.8348309748886993,0.0214772315638182,,
chicago,link+k10,2,6,20,8,0.8783229530609145,0.8816298390960399,0.0033068860351254115,,
chicago,link+k10,2,6,20,-1,0.8685775716005095,,,7.0,11.0
chicago,link+k10,2,7,20,3,0.7292443239579803,0.775470617791748,0.04622629383376764,,
chicago,link+k10,2,7,20,5,0.836560371119083,0.8348309748886993,-0.0017293962303837063,,
chicago,link+k10,2,7,20,8,0.8795615746853784,0.8816298390960399,0.0020682644106614356,,
chicago,link+k10,2,7,20,-1,0.867455801072693,,,7.0,11.0
chicago,link+k10,2,8,20,3,0.7601514390212553,0.775470617791748,0.015319178770492714,,
chicago,link+k10,2,8,20,5,0.8319213825821755,0.8348309748886993,0.002909592306523767,,
chicago,link+k10,2,8,20,8,0.8790006894214702,0.8816298390960399,0.0026291496745696197,,
chicago,link+k10,2,8,20,-1,0.8668715455894553,,,7.0,11.0
chicago,link+k10,2,9,20,3,0.7292443239579803,0.775470617791748,0.04622629383376764,,
chicago,link+k10,2,9,20,5,0.836560371119083,0.8348309748886993,-0.0017293962303837063,,
chicago,link+k10,2,9,20,8,0.8795615746853784,0.8816298390960399,0.0020682644106614356,,
chicago,link+k10,2,9,20,-1,0.8545086995641454,,,6.0,11.0
chicago,link+k10d,2,0,20,3,0.7476717418992977,0.775470617791748,0.027798875892450225,,
chicago,link+k10d,2,0,20,5,0.8133537433248811,0.8348309748886993,0.0214772315638182,,
chicago,link+k10d,2,0,20,8,0.8783229530609145,0.8816298390960399,0.0033068860351254115,,
chicago,link+k10d,2,0,20,-1,0.8685775716005095,,,7.0,11.0
chicago,link+k25,2,0,20,3,0.7455917923789714,0.775470617791748,0.029878825412776533,,
chicago,link+k25,2,0,20,5,0.8354853410299256,0.8348309748886993,-0.0006543661412262702,,
chicago,link+k25,2,0,20,8,0.8801692003879457,0.8816298390960399,0.0014606387080942085,,
chicago,link+k25,2,0,20,-1,0.867888150130289,,,7.0,11.0
chicago,link+k25,2,1,20,3,0.7292443239579803,0.775470617791748,0.04622629383376764,,
chicago,link+k25,2,1,20,5,0.8253426658409189,0.8348309748886993,0.009488309047780419,,
chicago,link+k25,2,1,20,8,0.8788955234344874,0.8816298390960399,0.0027343156615524666,,
chicago,link+k25,2,1,20,-1,0.8692319377417357,,,7.0,11.0
chicago,link+k25,2,2,20,3,0.7455917923789714,0.775470617791748,0.029878825412776533,,
chicago,link+k25,2,2,20,5,0.8355320814685846,0.8348309748886993,-0.0007011065798853133,,
chicago,link+k25,2,2,20,8,0.8804496430198997,0.8816298390960399,0.001180196076140172,,
chicago,link+k25,2,2,20,-1,0.8686243120391685,,,7.0,11.0
chicago,link+k25,2,3,20,3,0.7601514390212553,0.775470617791748,0.015319178770492714,,
chicago,link+k25,2,3,20,5,0.8319213825821755,0.8348309748886993,0.002909592306523767,,
chicago,link+k25,2,3,20,8,0.8792110213954358,0.8816298390960399,0.0024188177006040368,,
chicago,link+k25,2,3,20,-1,0.8662872901062176,,,7.0,11.0
chicago,link+k25,2,4,20,3,0.7292443239579803,0.775470617791748,0.04622629383376764,,
chicago,link+k25,2,4,20,5,0.837319903247292,0.8348309748886993,-0.0024889283585927124,,
chicago,link+k25,2,4,20,8,0.8804496430198997,0.8816298390960399,0.001180196076140172,,
chicago,link+k25,2,4,20,-1,0.8538777036422487,,,6.0,11.0
chicago,link+k25,2,5,20,3,0.7292443239579803,0.775470617791748,0.04622629383376764,,
chicago,link+k25,2,5,20,5,0.837319903247292,0.8348309748886993,-0.0024889283585927124,,
chicago,link+k25,2,5,20,8,0.8789072085441522,0.8816298390960399,0.002722630551887706,,
chicago,link+k25,2,5,20,-1,0.8669533413571087,,,7.0,11.0
chicago,link+k25,2,6,20,3,0.7292443239579803,0.775470617791748,0.04622629383376764,,
chicago,link+k25,2,6,20,5,0.837319903247292,0.8348309748886993,-0.0024889283585927124,,
chicago,link+k25,2,6,20,8,0.8789072085441522,0.8816298390960399,0.002722630551887706,,
chicago,link+k25,2,6,20,-1,0.8669533413571087,,,7.0,11.0
chicago,link+k25,2,7,20,3,0.7292443239579803,0.775470617791748,0.04622629383376764,,
chicago,link+k25,2,7,20,5,0.836560371119083,0.8348309748886993,-0.0017293962303837063,,
chicago,link+k25,2,7,20,8,0.8821673541406186,0.8816298390960399,-0.0005375150445787735,,
chicago,link+k25,2,7,20,-1,0.8545086995641454,,,6.0,11.0
chicago,link+k25,2,8,20,3,0.7292443239579803,0.775470617791748,0.04622629383376764,,
chicago,link+k25,2,8,20,5,0.836560371119083,0.8348309748886993,-0.0017293962303837063,,
chicago,link+k25,2,8,20,8,0.8813377113544211,0.8816298390960399,0.0002921277416187973,,
chicago,link+k25,2,8,20,-1,0.8696175463606726,,,7.0,11.0
chicago,link+k25,2,9,20,3,0.7455917923789714,0.775470617791748,0.029878825412776533,,
chicago,link+k25,2,9,20,5,0.8355320814685846,0.8348309748886993,-0.0007011065798853133,,
chicago,link+k25,2,9,20,8,0.8813377113544211,0.8816298390960399,0.0002921277416187973,,
chicago,link+k25,2,9,20,-1,0.8693020483997242,,,7.0,11.0
chicago,link+k25d,2,0,20,3,0.7292443239579803,0.775470617791748,0.04622629383376764,,
chicago,link+k25d,2,0,20,5,0.8236716951588591,0.8348309748886993,0.01115927972984021,,
chicago,link+k25d,2,0,20,8,0.8795615746853784,0.8816298390960399,0.0020682644106614356,,
chicago,link+k25d,2,0,20,-1,0.8409306021337011,,,6.0,11.0
chicago,link+k50,2,0,20,3,0.7292443239579803,0.775470617791748,0.04622629383376764,,
chicago,link+k50,2,0,20,5,0.837319903247292,0.8348309748886993,-0.0024889283585927124,,
chicago,link+k50,2,0,20,8,0.8818869115086645,0.8816298390960399,-0.000257072412624626,,
chicago,link+k50,2,0,20,-1,0.8687177929164865,,,7.0,11.0
chicago,link+k50,2,1,20,3,0.7292443239579803,0.775470617791748,0.04622629383376764,,
chicago,link+k50,2,1,20,5,0.837319903247292,0.8348309748886993,-0.0024889283585927124,,
chicago,link+k50,2,1,20,8,0.8789072085441522,0.8816298390960399,0.002722630551887706,,
chicago,link+k50,2,1,20,-1,0.8538777036422487,,,6.0,11.0
chicago,link+k50,2,2,20,3,0.7292443239579803,0.775470617791748,0.04622629383376764,,
chicago,link+k50,2,2,20,5,0.837319903247292,0.8348309748886993,-0.0024889283585927124,,
chicago,link+k50,2,2,20,8,0.8818869115086645,0.8816298390960399,-0.000257072412624626,,
chicago,link+k50,2,2,20,-1,0.8687177929164865,,,7.0,11.0
chicago,link+k50,2,3,20,3,0.7292443239579803,0.775470617791748,0.04622629383376764,,
chicago,link+k50,2,3,20,5,0.837319903247292,0.8348309748886993,-0.0024889283585927124,,
chicago,link+k50,2,3,20,8,0.8818869115086645,0.8816298390960399,-0.000257072412624626,,
chicago,link+k50,2,3,20,-1,0.8687177929164865,,,7.0,11.0
chicago,link+k50,2,4,20,3,0.7292443239579803,0.775470617791748,0.04622629383376764,,
chicago,link+k50,2,4,20,5,0.836560371119083,0.8348309748886993,-0.0017293962303837063,,
chicago,link+k50,2,4,20,8,0.8795615746853784,0.8816298390960399,0.0020682644106614356,,
chicago,link+k50,2,4,20,-1,0.8545086995641454,,,6.0,11.0
chicago,link+k50,2,5,20,3,0.7292443239579803,0.775470617791748,0.04622629383376764,,
chicago,link+k50,2,5,20,5,0.837319903247292,0.8348309748886993,-0.0024889283585927124,,
chicago,link+k50,2,5,20,8,0.8789072085441522,0.8816298390960399,0.002722630551887706,,
chicago,link+k50,2,5,20,-1,0.8687177929164865,,,7.0,11.0
chicago,link+k50,2,6,20,3,0.7292443239579803,0.775470617791748,0.04622629383376764,,
chicago,link+k50,2,6,20,5,0.837319903247292,0.8348309748886993,-0.0024889283585927124,,
chicago,link+k50,2,6,20,8,0.8818869115086645,0.8816298390960399,-0.000257072412624626,,
chicago,link+k50,2,6,20,-1,0.8687177929164865,,,7.0,11.0
chicago,link+k50,2,7,20,3,0.7292443239579803,0.775470617791748,0.04622629383376764,,
chicago,link+k50,2,7,20,5,0.837319903247292,0.8348309748886993,-0.0024889283585927124,,
chicago,link+k50,2,7,20,8,0.8804496430198997,0.8816298390960399,0.001180196076140172,,
chicago,link+k50,2,7,20,-1,0.8687177929164865,,,7.0,11.0
chicago,link+k50,2,8,20,3,0.7292443239579803,0.775470617791748,0.04622629383376764,,
chicago,link+k50,2,8,20,5,0.837319903247292,0.8348309748886993,-0.0024889283585927124,,
chicago,link+k50,2,8,20,8,0.8789072085441522,0.8816298390960399,0.002722630551887706,,
chicago,link+k50,2,8,20,-1,0.8687177929164865,,,7.0,11.0
chicago,link+k50,2,9,20,3,0.7601514390212553,0.775470617791748,0.015319178770492714,,
chicago,link+k50,2,9,20,5,0.8314306079762559,0.8348309748886993,0.0034003669124433866,,
chicago,link+k50,2,9,20,8,0.8788955234344874,0.8816298390960399,0.0027343156615524666,,
chicago,link+k50,2,9,20,-1,0.8692319377417357,,,7.0,11.0
chicago,link+k50d,2,0,20,3,0.7292443239579803,0.775470617791748,0.04622629383376764,,
chicago,link+k50d,2,0,20,5,0.837319903247292,0.8348309748886993,-0.0024889283585927124,,
chicago,link+k50d,2,0,20,8,0.8781243061966136,0.8816298390960399,0.0035055328994262336,,
chicago,link+k50d,2,0,20,-1,0.8687177929164865,,,7.0,11.0
chicago,link,3,0,20,3,0.7601514390212553,0.775470617791748,0.015319178770492714,,
chicago,link,3,0,20,5,0.8233094567592517,0.8348309748886993,0.011521518129447572,,
chicago,link,3,0,20,8,0.8781243061966136,0.8816298390960399,0.0035055328994262336,,
chicago,link,3,0,20,-1,0.8540062398485609,,,6.0,11.0
chicago,link,3,0,10,3,0.7476717418992977,0.7604669369822036,0.01279519508290583,,
chicago,link,3,0,10,5,0.8133537433248811,0.8210542305939541,0.00770048726907302,,
chicago,link,3,0,10,8,0.8613678589373561,0.8646280045338226,0.0032601455964664794,,
chicago,link,3,0,10,-1,0.8407553254887297,,,6.0,
chicago,link_reg,3,0,20,3,0.7506280746444806,0.775470617791748,0.024842543147267415,,
chicago,link_reg,3,0,20,5,0.8293623435655944,0.8348309748886993,0.005468631323104933,,
chicago,link_reg,3,0,20,8,0.8648850769464471,0.8816298390960399,0.01674476214959275,,
chicago,link_reg,3,0,20,-1,0.4097851108332652,,,1.0,11.0
chicago,link_reg,3,0,10,3,0.7142756984774302,0.7604669369822036,0.04619123850477336,,
chicago,link_reg,3,0,10,5,0.8187172086610033,0.8210542305939541,0.0023370219329508224,,
chicago,link_reg,3,0,10,8,0.8625831103424906,0.8646280045338226,0.002044894191332025,,
chicago,link_reg,3,0,10,-1,0.5099498708795382,,,1.0,
chicago,link+k10,3,0,20,3,0.7601514390212553,0.775470617791748,0.015319178770492714,,
chicago,link+k10,3,0,20,5,0.8233094567592517,0.8348309748886993,0.011521518129447572,,
chicago,link+k10,3,0,20,8,0.8790006894214702,0.8816298390960399,0.0026291496745696197,,
chicago,link+k10,3,0,20,-1,0.8540062398485609,,,6.0,11.0
chicago,link+k10,3,1,20,3,0.7455917923789714,0.775470617791748,0.029878825412776533,,
chicago,link+k10,3,1,20,5,0.8210542305939541,0.8348309748886993,0.01377674429474518,,
chicago,link+k10,3,1,20,8,0.8813377113544211,0.8816298390960399,0.0002921277416187973,,
chicago,link+k10,3,1,20,-1,0.8813377113544211,,,8.0,11.0
chicago,link+k10,3,2,20,3,0.7476717418992977,0.775470617791748,0.027798875892450225,,
chicago,link+k10,3,2,20,5,0.8133537433248811,0.8348309748886993,0.0214772315638182,,
chicago,link+k10,3,2,20,8,0.8781243061966136,0.8816298390960399,0.0035055328994262336,,
chicago,link+k10,3,2,20,-1,0.8407553254887297,,,6.0,11.0
chicago,link+k10,3,3,20,3,0.7601514390212553,0.775470617791748,0.015319178770492714,,
chicago,link+k10,3,3,20,5,0.8338377405671952,0.8348309748886993,0.0009932343215041106,,
chicago,link+k10,3,3,20,8,0.8790006894214702,0.8816298390960399,0.0026291496745696197,,
chicago,link+k10,3,3,20,-1,0.8668715455894553,,,7.0,11.0
chicago,link+k10,3,4,20,3,0.7597424601829889,0.775470617791748,0.01572815760875912,,
chicago,link+k10,3,4,20,5,0.8205050304397107,0.8348309748886993,0.014325944448988603,,
chicago,link+k10,3,4,20,8,0.8812208602577735,0.8816298390960399,0.000408978838266405,,
chicago,link+k10,3,4,20,-1,0.8698512485539677,,,7.0,11.0
chicago,link+k10,3,5,20,3,0.7601514390212553,0.775470617791748,0.015319178770492714,,
chicago,link+k10,3,5,20,5,0.8243728017387443,0.8348309748886993,0.010458173149955008,,
chicago,link+k10,3,5,20,8,0.8780308253192957,0.8816298390960399,0.0035990137767442087,,
chicago,link+k10,3,5,20,-1,0.8495425279566249,,,6.0,11.0
chicago,link+k10,3,6,20,3,0.7476717418992977,0.775470617791748,0.027798875892450225,,
chicago,link+k10,3,6,20,5,0.8133537433248811,0.8348309748886993,0.0214772315638182,,
chicago,link+k10,3,6,20,8,0.8790006894214702,0.8816298390960399,0.0026291496745696197,,
chicago,link+k10,3,6,20,-1,0.8685775716005095,,,7.0,11.0
chicago,link+k10,3,7,20,3,0.7455917923789714,0.775470617791748,0.029878825412776533,,
chicago,link+k10,3,7,20,5,0.8354853410299256,0.8348309748886993,-0.0006543661412262702,,
chicago,link+k10,3,7,20,8,0.8813377113544211,0.8816298390960399,0.0002921277416187973,,
chicago,link+k10,3,7,20,-1,0.8693020483997242,,,7.0,11.0
chicago,link+k10,3,8,20,3,0.7601514390212553,0.775470617791748,0.015319178770492714,,
chicago,link+k10,3,8,20,5,0.8338377405671952,0.8348309748886993,0.0009932343215041106,,
chicago,link+k10,3,8,20,8,0.8761845779922645,0.8816298390960399,0.005445261103775412,,
chicago,link+k10,3,8,20,-1,0.8668715455894553,,,7.0,11.0
chicago,link+k10,3,9,20,3,0.7455917923789714,0.775470617791748,0.029878825412776533,,
chicago,link+k10,3,9,20,5,0.8354853410299256,0.8348309748886993,-0.0006543661412262702,,
chicago,link+k10,3,9,20,8,0.8813377113544211,0.8816298390960399,0.0002921277416187973,,
chicago,link+k10,3,9,20,-1,0.8549761039507355,,,6.0,11.0
chicago,link+k10d,3,0,20,3,0.7476717418992977,0.775470617791748,0.027798875892450225,,
chicago,link+k10d,3,0,20,5,0.8133537433248811,0.8348309748886993,0.0214772315638182,,
chicago,link+k10d,3,0,20,8,0.8783229530609145,0.8816298390960399,0.0033068860351254115,,
chicago,link+k10d,3,0,20,-1,0.8407553254887297,,,6.0,11.0
chicago,link+k25,3,0,20,3,0.7455917923789714,0.775470617791748,0.029878825412776533,,
chicago,link+k25,3,0,20,5,0.8354853410299256,0.8348309748886993,-0.0006543661412262702,,
chicago,link+k25,3,0,20,8,0.8801692003879457,0.8816298390960399,0.0014606387080942085,,
chicago,link+k25,3,0,20,-1,0.8553850827890019,,,6.0,11.0
chicago,link+k25,3,1,20,3,0.7476717418992977,0.775470617791748,0.027798875892450225,,
chicago,link+k25,3,1,20,5,0.8152350459809066,0.8348309748886993,0.019595928907792715,,
chicago,link+k25,3,1,20,8,0.8788955234344874,0.8816298390960399,0.0027343156615524666,,
chicago,link+k25,3,1,20,-1,0.8692319377417357,,,7.0,11.0
chicago,link+k25,3,2,20,3,0.7455917923789714,0.775470617791748,0.029878825412776533,,
chicago,link+k25,3,2,20,5,0.8354853410299256,0.8348309748886993,-0.0006543661412262702,,
chicago,link+k25,3,2,20,8,0.8813377113544211,0.8816298390960399,0.0002921277416187973,,
chicago,link+k25,3,2,20,-1,0.8693020483997242,,,7.0,11.0
chicago,link+k25,3,3,20,3,0.7597424601829889,0.775470617791748,0.01572815760875912,,
chicago,link+k25,3,3,20,5,0.8228069970436672,0.8348309748886993,0.012023977845032063,,
chicago,link+k25,3,3,20,8,0.8799471833043153,0.8816298390960399,0.0016826557917245522,,
chicago,link+k25,3,3,20,-1,0.8693838441673775,,,7.0,11.0
chicago,link+k25,3,4,20,3,0.7601514390212553,0.775470617791748,0.015319178770492714,,
chicago,link+k25,3,4,20,5,0.8233094567592517,0.8348309748886993,0.011521518129447572,,
chicago,link+k25,3,4,20,8,0.8790006894214702,0.8816298390960399,0.0026291496745696197,,
chicago,link+k25,3,4,20,-1,0.8540062398485609,,,6.0,11.0
chicago,link+k25,3,5,20,3,0.7455917923789714,0.775470617791748,0.029878825412776533,,
chicago,link+k25,3,5,20,5,0.8355320814685846,0.8348309748886993,-0.0007011065798853133,,
chicago,link+k25,3,5,20,8,0.8784164339382325,0.8816298390960399,0.0032134051578073253,,
chicago,link+k25,3,5,20,-1,0.8549761039507355,,,6.0,11.0
chicago,link+k25,3,6,20,3,0.7455917923789714,0.775470617791748,0.029878825412776533,,
chicago,link+k25,3,6,20,5,0.8362331880484698,0.8348309748886993,-0.0014022131597705156,,
chicago,link+k25,3,6,20,8,0.8804496430198997,0.8816298390960399,0.001180196076140172,,
chicago,link+k25,3,6,20,-1,0.8551280103763774,,,6.0,11.0
chicago,link+k25,3,7,20,3,0.7455917923789714,0.775470617791748,0.029878825412776533,,
chicago,link+k25,3,7,20,5,0.8354853410299256,0.8348309748886993,-0.0006543661412262702,,
chicago,link+k25,3,7,20,8,0.8813377113544211,0.8816298390960399,0.0002921277416187973,,
chicago,link+k25,3,7,20,-1,0.8549761039507355,,,6.0,11.0
chicago,link+k25,3,8,20,3,0.7597424601829889,0.775470617791748,0.01572815760875912,,
chicago,link+k25,3,8,20,5,0.822059150025123,0.8348309748886993,0.012771824863576309,,
chicago,link+k25,3,8,20,8,0.8813377113544211,0.8816298390960399,0.0002921277416187973,,
chicago,link+k25,3,8,20,-1,0.8682036480912373,,,7.0,11.0
chicago,link+k25,3,9,20,3,0.7455917923789714,0.775470617791748,0.029878825412776533,,
chicago,link+k25,3,9,20,5,0.8354853410299256,0.8348309748886993,-0.0006543661412262702,,
chicago,link+k25,3,9,20,8,0.8813377113544211,0.8816298390960399,0.0002921277416187973,,
chicago,link+k25,3,9,20,-1,0.8693020483997242,,,7.0,11.0
chicago,link+k25d,3,0,20,3,0.7476717418992977,0.775470617791748,0.027798875892450225,,
chicago,link+k25d,3,0,20,5,0.8133537433248811,0.8348309748886993,0.0214772315638182,,
chicago,link+k25d,3,0,20,8,0.8783229530609145,0.8816298390960399,0.0033068860351254115,,
chicago,link+k25d,3,0,20,-1,0.8407553254887297,,,6.0,11.0
chicago,link+k50,3,0,20,3,0.7455917923789714,0.775470617791748,0.029878825412776533,,
chicago,link+k50,3,0,20,5,0.8355320814685846,0.8348309748886993,-0.0007011065798853133,,
chicago,link+k50,3,0,20,8,0.8813377113544211,0.8816298390960399,0.0002921277416187973,,
chicago,link+k50,3,0,20,-1,0.8693020483997242,,,7.0,11.0
chicago,link+k50,3,1,20,3,0.7601514390212553,0.775470617791748,0.015319178770492714,,
chicago,link+k50,3,1,20,5,0.8243728017387443,0.8348309748886993,0.010458173149955008,,
chicago,link+k50,3,1,20,8,0.8788955234344874,0.8816298390960399,0.0027343156615524666,,
chicago,link+k50,3,1,20,-1,0.8549410486217414,,,6.0,11.0
chicago,link+k50,3,2,20,3,0.7455917923789714,0.775470617791748,0.029878825412776533,,
chicago,link+k50,3,2,20,5,0.8355320814685846,0.8348309748886993,-0.0007011065798853133,,
chicago,link+k50,3,2,20,8,0.8804496430198997,0.8816298390960399,0.001180196076140172,,
chicago,link+k50,3,2,20,-1,0.8681569076525784,,,7.0,11.0
chicago,link+k50,3,3,20,3,0.7455917923789714,0.775470617791748,0.029878825412776533,,
chicago,link+k50,3,3,20,5,0.8354853410299256,0.8348309748886993,-0.0006543661412262702,,
chicago,link+k50,3,3,20,8,0.8813377113544211,0.8816298390960399,0.0002921277416187973,,
chicago,link+k50,3,3,20,-1,0.8549761039507355,,,6.0,11.0
chicago,link+k50,3,4,20,3,0.7455917923789714,0.775470617791748,0.029878825412776533,,
chicago,link+k50,3,4,20,5,0.8354853410299256,0.8348309748886993,-0.0006543661412262702,,
chicago,link+k50,3,4,20,8,0.8813377113544211,0.8816298390960399,0.0002921277416187973,,
chicago,link+k50,3,4,20,-1,0.8549761039507355,,,6.0,11.0
chicago,link+k50,3,5,20,3,0.7597424601829889,0.775470617791748,0.01572815760875912,,
chicago,link+k50,3,5,20,5,0.8205050304397107,0.8348309748886993,0.014325944448988603,,
chicago,link+k50,3,5,20,8,0.8810338985031374,0.8816298390960399,0.0005959405929024664,,
chicago,link+k50,3,5,20,-1,0.8683906098458734,,,7.0,11.0
chicago,link+k50,3,6,20,3,0.7455917923789714,0.775470617791748,0.029878825412776533,,
chicago,link+k50,3,6,20,5,0.8354853410299256,0.8348309748886993,-0.0006543661412262702,,
chicago,link+k50,3,6,20,8,0.8813377113544211,0.8816298390960399,0.0002921277416187973,,
chicago,link+k50,3,6,20,-1,0.8693020483997242,,,7.0,11.0
chicago,link+k50,3,7,20,3,0.7455917923789714,0.775470617791748,0.029878825412776533,,
chicago,link+k50,3,7,20,5,0.8354853410299256,0.8348309748886993,-0.0006543661412262702,,
chicago,link+k50,3,7,20,8,0.8813377113544211,0.8816298390960399,0.0002921277416187973,,
chicago,link+k50,3,7,20,-1,0.8693020483997242,,,7.0,11.0
chicago,link+k50,3,8,20,3,0.7455917923789714,0.775470617791748,0.029878825412776533,,
chicago,link+k50,3,8,20,5,0.8354853410299256,0.8348309748886993,-0.0006543661412262702,,
chicago,link+k50,3,8,20,8,0.8813377113544211,0.8816298390960399,0.0002921277416187973,,
chicago,link+k50,3,8,20,-1,0.8693020483997242,,,7.0,11.0
chicago,link+k50,3,9,20,3,0.7601514390212553,0.775470617791748,0.015319178770492714,,
chicago,link+k50,3,9,20,5,0.8243728017387443,0.8348309748886993,0.010458173149955008,,
chicago,link+k50,3,9,20,8,0.8788838383248226,0.8816298390960399,0.0027460007712172274,,
chicago,link+k50,3,9,20,-1,0.8549410486217414,,,6.0,11.0
chicago,link+k50d,3,0,20,3,0.7476717418992977,0.775470617791748,0.027798875892450225,,
chicago,link+k50d,3,0,20,5,0.8133537433248811,0.8348309748886993,0.0214772315638182,,
chicago,link+k50d,3,0,20,8,0.8783229530609145,0.8816298390960399,0.0033068860351254115,,
chicago,link+k50d,3,0,20,-1,0.8407553254887297,,,6.0,11.0
chicago,link,4,0,20,3,0.7455917923789714,0.775470617791748,0.029878825412776533,,
chicago,link,4,0,20,5,0.8354853410299256,0.8348309748886993,-0.0006543661412262702,,
chicago,link,4,0,20,8,0.8784164339382325,0.8816298390960399,0.0032134051578073253,,
chicago,link,4,0,20,-1,0.8549761039507355,,,6.0,11.0
chicago,link,4,0,10,3,0.7455917923789714,0.7604669369822036,0.014875144603232138,,
chicago,link,4,0,10,5,0.822059150025123,0.8210542305939541,-0.0010049194311688714,,
chicago,link,4,0,10,8,0.8646280045338226,0.8646280045338226,0.0,,
chicago,link,4,0,10,-1,0.8417485598102338,,,6.0,
chicago,link_reg,4,0,20,3,0.7506280746444806,0.775470617791748,0.024842543147267415,,
chicago,link_reg,4,0,20,5,0.8284625901214083,0.8348309748886993,0.006368384767290958,,
chicago,link_reg,4,0,20,8,0.8661470687902406,0.8816298390960399,0.015482770305799254,,
chicago,link_reg,4,0,20,-1,0.4097851108332652,,,1.0,11.0
chicago,link_reg,4,0,10,3,0.7306815924467451,0.7604669369822036,0.029785344535458447,,
chicago,link_reg,4,0,10,5,0.8218488180511574,0.8210542305939541,-0.0007945874572032885,,
chicago,link_reg,4,0,10,8,0.8625831103424906,0.8646280045338226,0.002044894191332025,,
chicago,link_reg,4,0,10,-1,0.5099498708795382,,,1.0,
chicago,link+k10,4,0,20,3,0.7597424601829889,0.775470617791748,0.01572815760875912,,
chicago,link+k10,4,0,20,5,0.8188691150866451,0.8348309748886993,0.015961859802054224,,
chicago,link+k10,4,0,20,8,0.8813377113544211,0.8816298390960399,0.0002921277416187973,,
chicago,link+k10,4,0,20,-1,0.8682036480912373,,,7.0,11.0
chicago,link+k10,4,1,20,3,0.7455917923789714,0.775470617791748,0.029878825412776533,,
chicago,link+k10,4,1,20,5,0.822059150025123,0.8348309748886993,0.012771824863576309,,
chicago,link+k10,4,1,20,8,0.8792577618340948,0.8816298390960399,0.0023720772619451047,,
chicago,link+k10,4,1,20,-1,0.8792577618340948,,,8.0,11.0
chicago,link+k10,4,2,20,3,0.7455917923789714,0.775470617791748,0.029878825412776533,,
chicago,link+k10,4,2,20,5,0.8355320814685846,0.8348309748886993,-0.0007011065798853133,,
chicago,link+k10,4,2,20,8,0.8813377113544211,0.8816298390960399,0.0002921277416187973,,
chicago,link+k10,4,2,20,-1,0.8682036480912373,,,7.0,11.0
chicago,link+k10,4,3,20,3,0.7597424601829889,0.775470617791748,0.01572815760875912,,
chicago,link+k10,4,3,20,5,0.822059150025123,0.8348309748886993,0.012771824863576309,,
chicago,link+k10,4,3,20,8,0.8813377113544211,0.8816298390960399,0.0002921277416187973,,
chicago,link+k10,4,3,20,-1,0.8682036480912373,,,7.0,11.0
chicago,link+k10,4,4,20,3,0.7597424601829889,0.775470617791748,0.01572815760875912,,
chicago,link+k10,4,4,20,5,0.8205050304397107,0.8348309748886993,0.014325944448988603,,
chicago,link+k10,4,4,20,8,0.8804496430198997,0.8816298390960399,0.001180196076140172,,
chicago,link+k10,4,4,20,-1,0.8681569076525784,,,7.0,11.0
chicago,link+k10,4,5,20,3,0.7597424601829889,0.775470617791748,0.01572815760875912,,
chicago,link+k10,4,5,20,5,0.8311735355636313,0.8348309748886993,0.0036574393250680126,,
chicago,link+k10,4,5,20,8,0.8804496430198997,0.8816298390960399,0.001180196076140172,,
chicago,link+k10,4,5,20,-1,0.8681569076525784,,,7.0,11.0
chicago,link+k10,4,6,20,3,0.7455917923789714,0.775470617791748,0.029878825412776533,,
chicago,link+k10,4,6,20,5,0.822059150025123,0.8348309748886993,0.012771824863576309,,
chicago,link+k10,4,6,20,8,0.8813377113544211,0.8816298390960399,0.0002921277416187973,,
chicago,link+k10,4,6,20,-1,0.8555019338856495,,,7.0,11.0
chicago,link+k10,4,7,20,3,0.7455917923789714,0.775470617791748,0.029878825412776533,,
chicago,link+k10,4,7,20,5,0.8354853410299256,0.8348309748886993,-0.0006543661412262702,,
chicago,link+k10,4,7,20,8,0.8784164339382325,0.8816298390960399,0.0032134051578073253,,
chicago,link+k10,4,7,20,-1,0.8549761039507355,,,6.0,11.0
chicago,link+k10,4,8,20,3,0.7455917923789714,0.775470617791748,0.029878825412776533,,
chicago,link+k10,4,8,20,5,0.8354853410299256,0.8348309748886993,-0.0006543661412262702,,
chicago,link+k10,4,8,20,8,0.8784514892672268,0.8816298390960399,0.003178349828813043,,
chicago,link+k10,4,8,20,-1,0.8553850827890019,,,6.0,11.0
chicago,link+k10,4,9,20,3,0.7597424601829889,0.775470617791748,0.01572815760875912,,
chicago,link+k10,4,9,20,5,0.8188691150866451,0.8348309748886993,0.015961859802054224,,
chicago,link+k10,4,9,20,8,0.8813377113544211,0.8816298390960399,0.0002921277416187973,,
chicago,link+k10,4,9,20,-1,0.8417485598102338,,,6.0,11.0
chicago,link+k10d,4,0,20,3,0.7597424601829889,0.775470617791748,0.01572815760875912,,
chicago,link+k10d,4,0,20,5,0.8188691150866451,0.8348309748886993,0.015961859802054224,,
chicago,link+k10d,4,0,20,8,0.8813377113544211,0.8816298390960399,0.0002921277416187973,,
chicago,link+k10d,4,0,20,-1,0.8555019338856495,,,7.0,11.0
chicago,link+k25,4,0,20,3,0.7455917923789714,0.775470617791748,0.029878825412776533,,
chicago,link+k25,4,0,20,5,0.8354853410299256,0.8348309748886993,-0.0006543661412262702,,
chicago,link+k25,4,0,20,8,0.8801692003879457,0.8816298390960399,0.0014606387080942085,,
chicago,link+k25,4,0,20,-1,0.8553850827890019,,,6.0,11.0
chicago,link+k25,4,1,20,3,0.7455917923789714,0.775470617791748,0.029878825412776533,,
chicago,link+k25,4,1,20,5,0.8355320814685846,0.8348309748886993,-0.0007011065798853133,,
chicago,link+k25,4,1,20,8,0.8813377113544211,0.8816298390960399,0.0002921277416187973,,
chicago,link+k25,4,1,20,-1,0.8682036480912373,,,7.0,11.0
chicago,link+k25,4,2,20,3,0.7455917923789714,0.775470617791748,0.029878825412776533,,
chicago,link+k25,4,2,20,5,0.8355320814685846,0.8348309748886993,-0.0007011065798853133,,
chicago,link+k25,4,2,20,8,0.8813377113544211,0.8816298390960399,0.0002921277416187973,,
chicago,link+k25,4,2,20,-1,0.8549761039507355,,,6.0,11.0
chicago,link+k25,4,3,20,3,0.7597424601829889,0.775470617791748,0.01572815760875912,,
chicago,link+k25,4,3,20,5,0.8311735355636313,0.8348309748886993,0.0036574393250680126,,
chicago,link+k25,4,3,20,8,0.8792577618340948,0.8816298390960399,0.0023720772619451047,,
chicago,link+k25,4,3,20,-1,0.8681685927622431,,,7.0,11.0
chicago,link+k25,4,4,20,3,0.7455917923789714,0.775470617791748,0.029878825412776533,,
chicago,link+k25,4,4,20,5,0.8355320814685846,0.8348309748886993,-0.0007011065798853133,,
chicago,link+k25,4,4,20,8,0.8813377113544211,0.8816298390960399,0.0002921277416187973,,
chicago,link+k25,4,4,20,-1,0.8549761039507355,,,6.0,11.0
chicago,link+k25,4,5,20,3,0.7455917923789714,0.775470617791748,0.029878825412776533,,
chicago,link+k25,4,5,20,5,0.8355320814685846,0.8348309748886993,-0.0007011065798853133,,
chicago,link+k25,4,5,20,8,0.8784164339382325,0.8816298390960399,0.0032134051578073253,,
chicago,link+k25,4,5,20,-1,0.8549761039507355,,,6.0,11.0
chicago,link+k25,4,6,20,3,0.7455917923789714,0.775470617791748,0.029878825412776533,,
chicago,link+k25,4,6,20,5,0.8355320814685846,0.8348309748886993,-0.0007011065798853133,,
chicago,link+k25,4,6,20,8,0.8784164339382325,0.8816298390960399,0.0032134051578073253,,
chicago,link+k25,4,6,20,-1,0.8549761039507355,,,6.0,11.0
chicago,link+k25,4,7,20,3,0.7455917923789714,0.775470617791748,0.029878825412776533,,
chicago,link+k25,4,7,20,5,0.8354853410299256,0.8348309748886993,-0.0006543661412262702,,
chicago,link+k25,4,7,20,8,0.8813377113544211,0.8816298390960399,0.0002921277416187973,,
chicago,link+k25,4,7,20,-1,0.8549761039507355,,,6.0,11.0
chicago,link+k25,4,8,20,3,0.7597424601829889,0.775470617791748,0.01572815760875912,,
chicago,link+k25,4,8,20,5,0.822059150025123,0.8348309748886993,0.012771824863576309,,
chicago,link+k25,4,8,20,8,0.8813377113544211,0.8816298390960399,0.0002921277416187973,,
chicago,link+k25,4,8,20,-1,0.8682036480912373,,,7.0,11.0
chicago,link+k25,4,9,20,3,0.7455917923789714,0.775470617791748,0.029878825412776533,,
chicago,link+k25,4,9,20,5,0.8354853410299256,0.8348309748886993,-0.0006543661412262702,,
chicago,link+k25,4,9,20,8,0.878486544596221,0.8816298390960399,0.0031432944998188717,,
chicago,link+k25,4,9,20,-1,0.8669416562474439,,,7.0,11.0
chicago,link+k25d,4,0,20,3,0.7597424601829889,0.775470617791748,0.01572815760875912,,
chicago,link+k25d,4,0,20,5,0.8188691150866451,0.8348309748886993,0.015961859802054224,,
chicago,link+k25d,4,0,20,8,0.8813377113544211,0.8816298390960399,0.0002921277416187973,,
chicago,link+k25d,4,0,20,-1,0.8555019338856495,,,7.0,11.0
chicago,link+k50,4,0,20,3,0.7455917923789714,0.775470617791748,0.029878825412776533,,
chicago,link+k50,4,0,20,5,0.8355320814685846,0.8348309748886993,-0.0007011065798853133,,
chicago,link+k50,4,0,20,8,0.8813377113544211,0.8816298390960399,0.0002921277416187973,,
chicago,link+k50,4,0,20,-1,0.8693020483997242,,,7.0,11.0
chicago,link+k50,4,1,20,3,0.7455917923789714,0.775470617791748,0.029878825412776533,,
chicago,link+k50,4,1,20,5,0.8355320814685846,0.8348309748886993,-0.0007011065798853133,,
chicago,link+k50,4,1,20,8,0.8813377113544211,0.8816298390960399,0.0002921277416187973,,
chicago,link+k50,4,1,20,-1,0.8549761039507355,,,6.0,11.0
chicago,link+k50,4,2,20,3,0.7455917923789714,0.775470617791748,0.029878825412776533,,
chicago,link+k50,4,2,20,5,0.8355320814685846,0.8348309748886993,-0.0007011065798853133,,
chicago,link+k50,4,2,20,8,0.8813377113544211,0.8816298390960399,0.0002921277416187973,,
chicago,link+k50,4,2,20,-1,0.8682036480912373,,,7.0,11.0
chicago,link+k50,4,3,20,3,0.7455917923789714,0.775470617791748,0.029878825412776533,,
chicago,link+k50,4,3,20,5,0.8354853410299256,0.8348309748886993,-0.0006543661412262702,,
chicago,link+k50,4,3,20,8,0.8813377113544211,0.8816298390960399,0.0002921277416187973,,
chicago,link+k50,4,3,20,-1,0.8549761039507355,,,6.0,11.0
chicago,link+k50,4,4,20,3,0.7455917923789714,0.775470617791748,0.029878825412776533,,
chicago,link+k50,4,4,20,5,0.8355320814685846,0.8348309748886993,-0.0007011065798853133,,
chicago,link+k50,4,4,20,8,0.8813377113544211,0.8816298390960399,0.0002921277416187973,,
chicago,link+k50,4,4,20,-1,0.8549761039507355,,,6.0,11.0
chicago,link+k50,4,5,20,3,0.7597424601829889,0.775470617791748,0.01572815760875912,,
chicago,link+k50,4,5,20,5,0.8188691150866451,0.8348309748886993,0.015961859802054224,,
chicago,link+k50,4,5,20,8,0.8813377113544211,0.8816298390960399,0.0002921277416187973,,
chicago,link+k50,4,5,20,-1,0.8682036480912373,,,7.0,11.0
chicago,link+k50,4,6,20,3,0.7455917923789714,0.775470617791748,0.029878825412776533,,
chicago,link+k50,4,6,20,5,0.8354853410299256,0.8348309748886993,-0.0006543661412262702,,
chicago,link+k50,4,6,20,8,0.8813377113544211,0.8816298390960399,0.0002921277416187973,,
chicago,link+k50,4,6,20,-1,0.8549761039507355,,,6.0,11.0
chicago,link+k50,4,7,20,3,0.7455917923789714,0.775470617791748,0.029878825412776533,,
chicago,link+k50,4,7,20,5,0.8355320814685846,0.8348309748886993,-0.0007011065798853133,,
chicago,link+k50,4,7,20,8,0.8813377113544211,0.8816298390960399,0.0002921277416187973,,
chicago,link+k50,4,7,20,-1,0.8693020483997242,,,7.0,11.0
chicago,link+k50,4,8,20,3,0.7597424601829889,0.775470617791748,0.01572815760875912,,
chicago,link+k50,4,8,20,5,0.822059150025123,0.8348309748886993,0.012771824863576309,,
chicago,link+k50,4,8,20,8,0.8813377113544211,0.8816298390960399,0.0002921277416187973,,
chicago,link+k50,4,8,20,-1,0.8682036480912373,,,7.0,11.0
chicago,link+k50,4,9,20,3,0.7455917923789714,0.775470617791748,0.029878825412776533,,
chicago,link+k50,4,9,20,5,0.8355320814685846,0.8348309748886993,-0.0007011065798853133,,
chicago,link+k50,4,9,20,8,0.8813377113544211,0.8816298390960399,0.0002921277416187973,,
chicago,link+k50,4,9,20,-1,0.8693020483997242,,,7.0,11.0
chicago,link+k50d,4,0,20,3,0.7597424601829889,0.775470617791748,0.01572815760875912,,
chicago,link+k50d,4,0,20,5,0.8188691150866451,0.8348309748886993,0.015961859802054224,,
chicago,link+k50d,4,0,20,8,0.8813377113544211,0.8816298390960399,0.0002921277416187973,,
chicago,link+k50d,4,0,20,-1,0.8682036480912373,,,7.0,11.0
hamburg,link,0,0,20,3,0.8242204035558064,0.8333450919524011,0.009124688396594749,,
hamburg,link,0,0,20,5,0.8673745355345468,0.8791684304595269,0.011793894924980064,,
hamburg,link,0,0,20,8,0.9151615634259912,0.9151615634259912,0.0,,
hamburg,link,0,0,20,-1,0.8462442970697521,,,4.0,7.0
hamburg,link,0,0,10,3,0.8242204035558064,0.8333450919524011,0.009124688396594749,,
hamburg,link,0,0,10,5,0.8790273270307135,0.8790273270307135,0.0,,
hamburg,link,0,0,10,8,0.9038968063590612,0.9038968063590612,0.0,,
hamburg,link,0,0,10,-1,0.8462442970697521,,,4.0,8.0
hamburg,link_reg,0,0,20,3,0.8333450919524011,0.8333450919524011,0.0,,
hamburg,link_reg,0,0,20,5,0.8586613988053243,0.8791684304595269,0.020507031654202534,,
hamburg,link_reg,0,0,20,8,0.8807558440336767,0.9151615634259912,0.034405719392314515,,
hamburg,link_reg,0,0,20,-1,0.6090729504726965,,,1.0,7.0
hamburg,link_reg,0,0,10,3,0.8333450919524011,0.8333450919524011,0.0,,
hamburg,link_reg,0,0,10,5,0.8740299139269084,0.8790273270307135,0.004997413103805082,,
hamburg,link_reg,0,0,10,8,0.8934904284840788,0.9038968063590612,0.010406377874982442,,
hamburg,link_reg,0,0,10,-1,0.6090729504726965,,,1.0,8.0
hamburg,link+k10,0,0,20,3,0.8242204035558064,0.8333450919524011,0.009124688396594749,,
hamburg,link+k10,0,0,20,5,0.8673745355345468,0.8791684304595269,0.011793894924980064,,
hamburg,link+k10,0,0,20,8,0.9151615634259912,0.9151615634259912,0.0,,
hamburg,link+k10,0,0,20,-1,0.8462442970697521,,,4.0,7.0
hamburg,link+k10,0,1,20,3,0.8242204035558064,0.8333450919524011,0.009124688396594749,,
hamburg,link+k10,0,1,20,5,0.8673745355345468,0.8791684304595269,0.011793894924980064,,
hamburg,link+k10,0,1,20,8,0.9151615634259912,0.9151615634259912,0.0,,
hamburg,link+k10,0,1,20,-1,0.8673745355345468,,,5.0,7.0
hamburg,link+k10,0,2,20,3,0.8242204035558064,0.8333450919524011,0.009124688396594749,,
hamburg,link+k10,0,2,20,5,0.8673745355345468,0.8791684304595269,0.011793894924980064,,
hamburg,link+k10,0,2,20,8,0.9151615634259912,0.9151615634259912,0.0,,
hamburg,link+k10,0,2,20,-1,0.8462442970697521,,,4.0,7.0
hamburg,link+k10,0,3,20,3,0.8242204035558064,0.8333450919524011,0.009124688396594749,,
hamburg,link+k10,0,3,20,5,0.8673745355345468,0.8791684304595269,0.011793894924980064,,
hamburg,link+k10,0,3,20,8,0.9151615634259912,0.9151615634259912,0.0,,
hamburg,link+k10,0,3,20,-1,0.8462442970697521,,,4.0,7.0
hamburg,link+k10,0,4,20,3,0.8242204035558064,0.8333450919524011,0.009124688396594749,,
hamburg,link+k10,0,4,20,5,0.8673745355345468,0.8791684304595269,0.011793894924980064,,
hamburg,link+k10,0,4,20,8,0.9151615634259912,0.9151615634259912,0.0,,
hamburg,link+k10,0,4,20,-1,0.8462442970697521,,,4.0,7.0
hamburg,link+k10,0,5,20,3,0.8242204035558064,0.8333450919524011,0.009124688396594749,,
hamburg,link+k10,0,5,20,5,0.8673745355345468,0.8791684304595269,0.011793894924980064,,
hamburg,link+k10,0,5,20,8,0.9151615634259912,0.9151615634259912,0.0,,
hamburg,link+k10,0,5,20,-1,0.8462442970697521,,,4.0,7.0
hamburg,link+k10,0,6,20,3,0.8242204035558064,0.8333450919524011,0.009124688396594749,,
hamburg,link+k10,0,6,20,5,0.8673745355345468,0.8791684304595269,0.011793894924980064,,
hamburg,link+k10,0,6,20,8,0.9151615634259912,0.9151615634259912,0.0,,
hamburg,link+k10,0,6,20,-1,0.8462442970697521,,,4.0,7.0
hamburg,link+k10,0,7,20,3,0.8242204035558064,0.8333450919524011,0.009124688396594749,,
hamburg,link+k10,0,7,20,5,0.8673745355345468,0.8791684304595269,0.011793894924980064,,
hamburg,link+k10,0,7,20,8,0.9151615634259912,0.9151615634259912,0.0,,
hamburg,link+k10,0,7,20,-1,0.8462442970697521,,,4.0,7.0
hamburg,link+k10,0,8,20,3,0.8242204035558064,0.8333450919524011,0.009124688396594749,,
hamburg,link+k10,0,8,20,5,0.8673745355345468,0.8791684304595269,0.011793894924980064,,
hamburg,link+k10,0,8,20,8,0.9151615634259912,0.9151615634259912,0.0,,
hamburg,link+k10,0,8,20,-1,0.8462442970697521,,,4.0,7.0
hamburg,link+k10,0,9,20,3,0.8242204035558064,0.8333450919524011,0.009124688396594749,,
hamburg,link+k10,0,9,20,5,0.8673745355345468,0.8791684304595269,0.011793894924980064,,
hamburg,link+k10,0,9,20,8,0.9151615634259912,0.9151615634259912,0.0,,
hamburg,link+k10,0,9,20,-1,0.8462442970697521,,,4.0,7.0
hamburg,link+k10d,0,0,20,3,0.8242204035558064,0.8333450919524011,0.009124688396594749,,
hamburg,link+k10d,0,0,20,5,0.8673745355345468,0.8791684304595269,0.011793894924980064,,
hamburg,link+k10d,0,0,20,8,0.9150910117115846,0.9151615634259912,7.055171440661923e-05,,
hamburg,link+k10d,0,0,20,-1,0.8462442970697521,,,4.0,7.0
hamburg,link+k25,0,0,20,3,0.8242204035558064,0.8333450919524011,0.009124688396594749,,
hamburg,link+k25,0,0,20,5,0.8673745355345468,0.8791684304595269,0.011793894924980064,,
hamburg,link+k25,0,0,20,8,0.9151615634259912,0.9151615634259912,0.0,,
hamburg,link+k25,0,0,20,-1,0.8462442970697521,,,4.0,7.0
hamburg,link+k25,0,1,20,3,0.8242204035558064,0.8333450919524011,0.009124688396594749,,
hamburg,link+k25,0,1,20,5,0.8673745355345468,0.8791684304595269,0.011793894924980064,,
hamburg,link+k25,0,1,20,8,0.9151615634259912,0.9151615634259912,0.0,,
hamburg,link+k25,0,1,20,-1,0.8462442970697521,,,4.0,7.0
hamburg,link+k25,0,2,20,3,0.8242204035558064,0.8333450919524011,0.009124688396594749,,
hamburg,link+k25,0,2,20,5,0.8673745355345468,0.8791684304595269,0.011793894924980064,,
hamburg,link+k25,0,2,20,8,0.9151615634259912,0.9151615634259912,0.0,,
hamburg,link+k25,0,2,20,-1,0.8462442970697521,,,4.0,7.0
hamburg,link+k25,0,3,20,3,0.8242204035558064,0.8333450919524011,0.009124688396594749,,
hamburg,link+k25,0,3,20,5,0.8673745355345468,0.8791684304595269,0.011793894924980064,,
hamburg,link+k25,0,3,20,8,0.9151615634259912,0.9151615634259912,0.0,,
hamburg,link+k25,0,3,20,-1,0.8462442970697521,,,4.0,7.0
hamburg,link+k25,0,4,20,3,0.8242204035558064,0.8333450919524011,0.009124688396594749,,
hamburg,link+k25,0,4,20,5,0.8673745355345468,0.8791684304595269,0.011793894924980064,,
hamburg,link+k25,0,4,20,8,0.9151615634259912,0.9151615634259912,0.0,,
hamburg,link+k25,0,4,20,-1,0.8462442970697521,,,4.0,7.0
hamburg,link+k25,0,5,20,3,0.8242204035558064,0.8333450919524011,0.009124688396594749,,
hamburg,link+k25,0,5,20,5,0.8673745355345468,0.8791684304595269,0.011793894924980064,,
hamburg,link+k25,0,5,20,8,0.9151615634259912,0.9151615634259912,0.0,,
hamburg,link+k25,0,5,20,-1,0.8462442970697521,,,4.0,7.0
hamburg,link+k25,0,6,20,3,0.8242204035558064,0.8333450919524011,0.009124688396594749,,
hamburg,link+k25,0,6,20,5,0.8673745355345468,0.8791684304595269,0.011793894924980064,,
hamburg,link+k25,0,6,20,8,0.9151615634259912,0.9151615634259912,0.0,,
hamburg,link+k25,0,6,20,-1,0.8462442970697521,,,4.0,7.0
hamburg,link+k25,0,7,20,3,0.8242204035558064,0.8333450919524011,0.009124688396594749,,
hamburg,link+k25,0,7,20,5,0.8673745355345468,0.8791684304595269,0.011793894924980064,,
hamburg,link+k25,0,7,20,8,0.9151615634259912,0.9151615634259912,0.0,,
hamburg,link+k25,0,7,20,-1,0.8462442970697521,,,4.0,7.0
hamburg,link+k25,0,8,20,3,0.8242204035558064,0.8333450919524011,0.009124688396594749,,
hamburg,link+k25,0,8,20,5,0.8673745355345468,0.8791684304595269,0.011793894924980064,,
hamburg,link+k25,0,8,20,8,0.9151615634259912,0.9151615634259912,0.0,,
hamburg,link+k25,0,8,20,-1,0.8462442970697521,,,4.0,7.0
hamburg,link+k25,0,9,20,3,0.8242204035558064,0.8333450919524011,0.009124688396594749,,
hamburg,link+k25,0,9,20,5,0.8673745355345468,0.8791684304595269,0.011793894924980064,,
hamburg,link+k25,0,9,20,8,0.9151615634259912,0.9151615634259912,0.0,,
hamburg,link+k25,0,9,20,-1,0.8462442970697521,,,4.0,7.0
hamburg,link+k25d,0,0,20,3,0.8242204035558064,0.8333450919524011,0.009124688396594749,,
hamburg,link+k25d,0,0,20,5,0.8673745355345468,0.8791684304595269,0.011793894924980064,,
hamburg,link+k25d,0,0,20,8,0.9151615634259912,0.9151615634259912,0.0,,
hamburg,link+k25d,0,0,20,-1,0.8462442970697521,,,4.0,7.0
hamburg,link+k50,0,0,20,3,0.8242204035558064,0.8333450919524011,0.009124688396594749,,
hamburg,link+k50,0,0,20,5,0.8673745355345468,0.8791684304595269,0.011793894924980064,,
hamburg,link+k50,0,0,20,8,0.9151615634259912,0.9151615634259912,0.0,,
hamburg,link+k50,0,0,20,-1,0.8462442970697521,,,4.0,7.0
hamburg,link+k50,0,1,20,3,0.8242204035558064,0.8333450919524011,0.009124688396594749,,
hamburg,link+k50,0,1,20,5,0.8673745355345468,0.8791684304595269,0.011793894924980064,,
hamburg,link+k50,0,1,20,8,0.9151615634259912,0.9151615634259912,0.0,,
hamburg,link+k50,0,1,20,-1,0.8462442970697521,,,4.0,7.0
hamburg,link+k50,0,2,20,3,0.8242204035558064,0.8333450919524011,0.009124688396594749,,
hamburg,link+k50,0,2,20,5,0.8673745355345468,0.8791684304595269,0.011793894924980064,,
hamburg,link+k50,0,2,20,8,0.9151615634259912,0.9151615634259912,0.0,,
hamburg,link+k50,0,2,20,-1,0.8462442970697521,,,4.0,7.0
hamburg,link+k50,0,3,20,3,0.8242204035558064,0.8333450919524011,0.009124688396594749,,
hamburg,link+k50,0,3,20,5,0.8673745355345468,0.8791684304595269,0.011793894924980064,,
hamburg,link+k50,0,3,20,8,0.9151615634259912,0.9151615634259912,0.0,,
hamburg,link+k50,0,3,20,-1,0.8462442970697521,,,4.0,7.0
hamburg,link+k50,0,4,20,3,0.8242204035558064,0.8333450919524011,0.009124688396594749,,
hamburg,link+k50,0,4,20,5,0.8673745355345468,0.8791684304595269,0.011793894924980064,,
hamburg,link+k50,0,4,20,8,0.9151615634259912,0.9151615634259912,0.0,,
hamburg,link+k50,0,4,20,-1,0.8462442970697521,,,4.0,7.0
hamburg,link+k50,0,5,20,3,0.8242204035558064,0.8333450919524011,0.009124688396594749,,
hamburg,link+k50,0,5,20,5,0.8673745355345468,0.8791684304595269,0.011793894924980064,,
hamburg,link+k50,0,5,20,8,0.9151615634259912,0.9151615634259912,0.0,,
hamburg,link+k50,0,5,20,-1,0.8462442970697521,,,4.0,7.0
hamburg,link+k50,0,6,20,3,0.8242204035558064,0.8333450919524011,0.009124688396594749,,
hamburg,link+k50,0,6,20,5,0.8673745355345468,0.8791684304595269,0.011793894924980064,,
hamburg,link+k50,0,6,20,8,0.9151615634259912,0.9151615634259912,0.0,,
hamburg,link+k50,0,6,20,-1,0.8462442970697521,,,4.0,7.0
hamburg,link+k50,0,7,20,3,0.8242204035558064,0.8333450919524011,0.009124688396594749,,
hamburg,link+k50,0,7,20,5,0.8673745355345468,0.8791684304595269,0.011793894924980064,,
hamburg,link+k50,0,7,20,8,0.9151615634259912,0.9151615634259912,0.0,,
hamburg,link+k50,0,7,20,-1,0.8462442970697521,,,4.0,7.0
hamburg,link+k50,0,8,20,3,0.8242204035558064,0.8333450919524011,0.009124688396594749,,
hamburg,link+k50,0,8,20,5,0.8673745355345468,0.8791684304595269,0.011793894924980064,,
hamburg,link+k50,0,8,20,8,0.9151615634259912,0.9151615634259912,0.0,,
hamburg,link+k50,0,8,20,-1,0.8462442970697521,,,4.0,7.0
hamburg,link+k50,0,9,20,3,0.8242204035558064,0.8333450919524011,0.009124688396594749,,
hamburg,link+k50,0,9,20,5,0.8673745355345468,0.8791684304595269,0.011793894924980064,,
hamburg,link+k50,0,9,20,8,0.9151615634259912,0.9151615634259912,0.0,,
hamburg,link+k50,0,9,20,-1,0.8462442970697521,,,4.0,7.0
hamburg,link+k50d,0,0,20,3,0.8242204035558064,0.8333450919524011,0.009124688396594749,,
hamburg,link+k50d,0,0,20,5,0.8673745355345468,0.8791684304595269,0.011793894924980064,,
hamburg,link+k50d,0,0,20,8,0.9151615634259912,0.9151615634259912,0.0,,
hamburg,link+k50d,0,0,20,-1,0.8462442970697521,,,4.0,7.0
hamburg,link,1,0,20,3,0.8242204035558064,0.8333450919524011,0.009124688396594749,,
hamburg,link,1,0,20,5,0.8673745355345468,0.8791684304595269,0.011793894924980064,,
hamburg,link,1,0,20,8,0.9151615634259912,0.9151615634259912,0.0,,
hamburg,link,1,0,20,-1,0.8462442970697521,,,4.0,7.0
hamburg,link,1,0,10,3,0.8242204035558064,0.8333450919524011,0.009124688396594749,,
hamburg,link,1,0,10,5,0.8790273270307135,0.8790273270307135,0.0,,
hamburg,link,1,0,10,8,0.9038968063590612,0.9038968063590612,0.0,,
hamburg,link,1,0,10,-1,0.8462442970697521,,,4.0,8.0
hamburg,link_reg,1,0,20,3,0.7750223413762288,0.8333450919524011,0.05832275057617231,,
hamburg,link_reg,1,0,20,5,0.8390715394384084,0.8791684304595269,0.040096891021118464,,
hamburg,link_reg,1,0,20,8,0.8898805324302714,0.9151615634259912,0.025281030995719767,,
hamburg,link_reg,1,0,20,-1,0.5394266497342552,,,1.0,7.0
hamburg,link_reg,1,0,10,3,0.8063708198109214,0.8333450919524011,0.026974272141479738,,
hamburg,link_reg,1,0,10,5,0.8650698461972626,0.8790273270307135,0.013957480833450941,,
hamburg,link_reg,1,0,10,8,0.9038968063590612,0.9038968063590612,0.0,,
hamburg,link_reg,1,0,10,-1,0.5394266497342552,,,1.0,8.0
hamburg,link+k10,1,0,20,3,0.8242204035558064,0.8333450919524011,0.009124688396594749,,
hamburg,link+k10,1,0,20,5,0.8673745355345468,0.8791684304595269,0.011793894924980064,,
hamburg,link+k10,1,0,20,8,0.9151615634259912,0.9151615634259912,0.0,,
hamburg,link+k10,1,0,20,-1,0.8462442970697521,,,4.0,7.0
hamburg,link+k10,1,1,20,3,0.8242204035558064,0.8333450919524011,0.009124688396594749,,
hamburg,link+k10,1,1,20,5,0.8673745355345468,0.8791684304595269,0.011793894924980064,,
hamburg,link+k10,1,1,20,8,0.9151615634259912,0.9151615634259912,0.0,,
hamburg,link+k10,1,1,20,-1,0.8673745355345468,,,5.0,7.0
hamburg,link+k10,1,2,20,3,0.8242204035558064,0.8333450919524011,0.009124688396594749,,
hamburg,link+k10,1,2,20,5,0.8673745355345468,0.8791684304595269,0.011793894924980064,,
hamburg,link+k10,1,2,20,8,0.9151615634259912,0.9151615634259912,0.0,,
hamburg,link+k10,1,2,20,-1,0.8462442970697521,,,4.0,7.0
hamburg,link+k10,1,3,20,3,0.8242204035558064,0.8333450919524011,0.009124688396594749,,
hamburg,link+k10,1,3,20,5,0.8673745355345468,0.8791684304595269,0.011793894924980064,,
hamburg,link+k10,1,3,20,8,0.9151615634259912,0.9151615634259912,0.0,,
hamburg,link+k10,1,3,20,-1,0.8462442970697521,,,4.0,7.0
hamburg,link+k10,1,4,20,3,0.8242204035558064,0.8333450919524011,0.009124688396594749,,
hamburg,link+k10,1,4,20,5,0.8673745355345468,0.8791684304595269,0.011793894924980064,,
hamburg,link+k10,1,4,20,8,0.9151615634259912,0.9151615634259912,0.0,,
hamburg,link+k10,1,4,20,-1,0.8462442970697521,,,4.0,7.0
hamburg,link+k10,1,5,20,3,0.8242204035558064,0.8333450919524011,0.009124688396594749,,
hamburg,link+k10,1,5,20,5,0.8673745355345468,0.8791684304595269,0.011793894924980064,,
hamburg,link+k10,1,5,20,8,0.9151615634259912,0.9151615634259912,0.0,,
hamburg,link+k10,1,5,20,-1,0.8462442970697521,,,4.0,7.0
hamburg,link+k10,1,6,20,3,0.8242204035558064,0.8333450919524011,0.009124688396594749,,
hamburg,link+k10,1,6,20,5,0.8673745355345468,0.8791684304595269,0.011793894924980064,,
hamburg,link+k10,1,6,20,8,0.9151615634259912,0.9151615634259912,0.0,,
hamburg,link+k10,1,6,20,-1,0.8462442970697521,,,4.0,7.0
hamburg,link+k10,1,7,20,3,0.8242204035558064,0.8333450919524011,0.009124688396594749,,
hamburg,link+k10,1,7,20,5,0.8673745355345468,0.8791684304595269,0.011793894924980064,,
hamburg,link+k10,1,7,20,8,0.9151615634259912,0.9151615634259912,0.0,,
hamburg,link+k10,1,7,20,-1,0.8462442970697521,,,4.0,7.0
hamburg,link+k10,1,8,20,3,0.8242204035558064,0.8333450919524011,0.009124688396594749,,
hamburg,link+k10,1,8,20,5,0.8673745355345468,0.8791684304595269,0.011793894924980064,,
hamburg,link+k10,1,8,20,8,0.9151615634259912,0.9151615634259912,0.0,,
hamburg,link+k10,1,8,20,-1,0.8462442970697521,,,4.0,7.0
hamburg,link+k10,1,9,20,3,0.8242204035558064,0.8333450919524011,0.009124688396594749,,
hamburg,link+k10,1,9,20,5,0.8673745355345468,0.8791684304595269,0.011793894924980064,,
hamburg,link+k10,1,9,20,8,0.9151615634259912,0.9151615634259912,0.0,,
hamburg,link+k10,1,9,20,-1,0.8462442970697521,,,4.0,7.0
hamburg,link+k10d,1,0,20,3,0.8242204035558064,0.8333450919524011,0.009124688396594749,,
hamburg,link+k10d,1,0,20,5,0.8673745355345468,0.8791684304595269,0.011793894924980064,,
hamburg,link+k10d,1,0,20,8,0.9150910117115846,0.9151615634259912,7.055171440661923e-05,,
hamburg,link+k10d,1,0,20,-1,0.8673745355345468,,,5.0,7.0
hamburg,link+k25,1,0,20,3,0.8242204035558064,0.8333450919524011,0.009124688396594749,,
hamburg,link+k25,1,0,20,5,0.8673745355345468,0.8791684304595269,0.011793894924980064,,
hamburg,link+k25,1,0,20,8,0.9151615634259912,0.9151615634259912,0.0,,
hamburg,link+k25,1,0,20,-1,0.8462442970697521,,,4.0,7.0
hamburg,link+k25,1,1,20,3,0.8242204035558064,0.8333450919524011,0.009124688396594749,,
hamburg,link+k25,1,1,20,5,0.8673745355345468,0.8791684304595269,0.011793894924980064,,
hamburg,link+k25,1,1,20,8,0.9151615634259912,0.9151615634259912,0.0,,
hamburg,link+k25,1,1,20,-1,0.8462442970697521,,,4.0,7.0
hamburg,link+k25,1,2,20,3,0.8242204035558064,0.8333450919524011,0.009124688396594749,,
hamburg,link+k25,1,2,20,5,0.8673745355345468,0.8791684304595269,0.011793894924980064,,
hamburg,link+k25,1,2,20,8,0.9151615634259912,0.9151615634259912,0.0,,
hamburg,link+k25,1,2,20,-1,0.8462442970697521,,,4.0,7.0
hamburg,link+k25,1,3,20,3,0.8242204035558064,0.8333450919524011,0.009124688396594749,,
hamburg,link+k25,1,3,20,5,0.8673745355345468,0.8791684304595269,0.011793894924980064,,
hamburg,link+k25,1,3,20,8,0.9151615634259912,0.9151615634259912,0.0,,
hamburg,link+k25,1,3,20,-1,0.8462442970697521,,,4.0,7.0
hamburg,link+k25,1,4,20,3,0.8242204035558064,0.8333450919524011,0.009124688396594749,,
hamburg,link+k25,1,4,20,5,0.8673745355345468,0.8791684304595269,0.011793894924980064,,
hamburg,link+k25,1,4,20,8,0.9151615634259912,0.9151615634259912,0.0,,
hamburg,link+k25,1,4,20,-1,0.8462442970697521,,,4.0,7.0
hamburg,link+k25,1,5,20,3,0.8242204035558064,0.8333450919524011,0.009124688396594749,,
hamburg,link+k25,1,5,20,5,0.8673745355345468,0.8791684304595269,0.011793894924980064,,
hamburg,link+k25,1,5,20,8,0.9151615634259912,0.9151615634259912,0.0,,
hamburg,link+k25,1,5,20,-1,0.8462442970697521,,,4.0,7.0
hamburg,link+k25,1,6,20,3,0.8242204035558064,0.8333450919524011,0.009124688396594749,,
hamburg,link+k25,1,6,20,5,0.8673745355345468,0.8791684304595269,0.011793894924980064,,
hamburg,link+k25,1,6,20,8,0.9151615634259912,0.9151615634259912,0.0,,
hamburg,link+k25,1,6,20,-1,0.8462442970697521,,,4.0,7.0
hamburg,link+k25,1,7,20,3,0.8242204035558064,0.8333450919524011,0.009124688396594749,,
hamburg,link+k25,1,7,20,5,0.8673745355345468,0.8791684304595269,0.011793894924980064,,
hamburg,link+k25,1,7,20,8,0.9151615634259912,0.9151615634259912,0.0,,
hamburg,link+k25,1,7,20,-1,0.8462442970697521,,,4.0,7.0
hamburg,link+k25,1,8,20,3,0.8242204035558064,0.8333450919524011,0.009124688396594749,,
hamburg,link+k25,1,8,20,5,0.8673745355345468,0.8791684304595269,0.011793894924980064,,
hamburg,link+k25,1,8,20,8,0.9151615634259912,0.9151615634259912,0.0,,
hamburg,link+k25,1,8,20,-1,0.8462442970697521,,,4.0,7.0
hamburg,link+k25,1,9,20,3,0.8242204035558064,0.8333450919524011,0.009124688396594749,,
hamburg,link+k25,1,9,20,5,0.8673745355345468,0.8791684304595269,0.011793894924980064,,
hamburg,link+k25,1,9,20,8,0.9151615634259912,0.9151615634259912,0.0,,
hamburg,link+k25,1,9,20,-1,0.8462442970697521,,,4.0,7.0
hamburg,link+k25d,1,0,20,3,0.8242204035558064,0.8333450919524011,0.009124688396594749,,
hamburg,link+k25d,1,0,20,5,0.8673745355345468,0.8791684304595269,0.011793894924980064,,
hamburg,link+k25d,1,0,20,8,0.9150910117115846,0.9151615634259912,7.055171440661923e-05,,
hamburg,link+k25d,1,0,20,-1,0.8462442970697521,,,4.0,7.0
hamburg,link+k50,1,0,20,3,0.8242204035558064,0.8333450919524011,0.009124688396594749,,
hamburg,link+k50,1,0,20,5,0.8673745355345468,0.8791684304595269,0.011793894924980064,,
hamburg,link+k50,1,0,20,8,0.9151615634259912,0.9151615634259912,0.0,,
hamburg,link+k50,1,0,20,-1,0.8462442970697521,,,4.0,7.0
hamburg,link+k50,1,1,20,3,0.8242204035558064,0.8333450919524011,0.009124688396594749,,
hamburg,link+k50,1,1,20,5,0.8673745355345468,0.8791684304595269,0.011793894924980064,,
hamburg,link+k50,1,1,20,8,0.9151615634259912,0.9151615634259912,0.0,,
hamburg,link+k50,1,1,20,-1,0.8462442970697521,,,4.0,7.0
hamburg,link+k50,1,2,20,3,0.8242204035558064,0.8333450919524011,0.009124688396594749,,
hamburg,link+k50,1,2,20,5,0.8673745355345468,0.8791684304595269,0.011793894924980064,,
hamburg,link+k50,1,2,20,8,0.9151615634259912,0.9151615634259912,0.0,,
hamburg,link+k50,1,2,20,-1,0.8462442970697521,,,4.0,7.0
hamburg,link+k50,1,3,20,3,0.8242204035558064,0.8333450919524011,0.009124688396594749,,
hamburg,link+k50,1,3,20,5,0.8673745355345468,0.8791684304595269,0.011793894924980064,,
hamburg,link+k50,1,3,20,8,0.9151615634259912,0.9151615634259912,0.0,,
hamburg,link+k50,1,3,20,-1,0.8462442970697521,,,4.0,7.0
hamburg,link+k50,1,4,20,3,0.8242204035558064,0.8333450919524011,0.009124688396594749,,
hamburg,link+k50,1,4,20,5,0.8673745355345468,0.8791684304595269,0.011793894924980064,,
hamburg,link+k50,1,4,20,8,0.9151615634259912,0.9151615634259912,0.0,,
hamburg,link+k50,1,4,20,-1,0.8462442970697521,,,4.0,7.0
hamburg,link+k50,1,5,20,3,0.8242204035558064,0.8333450919524011,0.009124688396594749,,
hamburg,link+k50,1,5,20,5,0.8673745355345468,0.8791684304595269,0.011793894924980064,,
hamburg,link+k50,1,5,20,8,0.9151615634259912,0.9151615634259912,0.0,,
hamburg,link+k50,1,5,20,-1,0.8462442970697521,,,4.0,7.0
hamburg,link+k50,1,6,20,3,0.8242204035558064,0.8333450919524011,0.009124688396594749,,
hamburg,link+k50,1,6,20,5,0.8673745355345468,0.8791684304595269,0.011793894924980064,,
hamburg,link+k50,1,6,20,8,0.9151615634259912,0.9151615634259912,0.0,,
hamburg,link+k50,1,6,20,-1,0.8462442970697521,,,4.0,7.0
hamburg,link+k50,1,7,20,3,0.8242204035558064,0.8333450919524011,0.009124688396594749,,
hamburg,link+k50,1,7,20,5,0.8673745355345468,0.8791684304595269,0.011793894924980064,,
hamburg,link+k50,1,7,20,8,0.9151615634259912,0.9151615634259912,0.0,,
hamburg,link+k50,1,7,20,-1,0.8462442970697521,,,4.0,7.0
hamburg,link+k50,1,8,20,3,0.8242204035558064,0.8333450919524011,0.009124688396594749,,
hamburg,link+k50,1,8,20,5,0.8673745355345468,0.8791684304595269,0.011793894924980064,,
hamburg,link+k50,1,8,20,8,0.9151615634259912,0.9151615634259912,0.0,,
hamburg,link+k50,1,8,20,-1,0.8462442970697521,,,4.0,7.0
hamburg,link+k50,1,9,20,3,0.8242204035558064,0.8333450919524011,0.009124688396594749,,
hamburg,link+k50,1,9,20,5,0.8673745355345468,0.8791684304595269,0.011793894924980064,,
hamburg,link+k50,1,9,20,8,0.9151615634259912,0.9151615634259912,0.0,,
hamburg,link+k50,1,9,20,-1,0.8462442970697521,,,4.0,7.0
hamburg,link+k50d,1,0,20,3,0.8242204035558064,0.8333450919524011,0.009124688396594749,,
hamburg,link+k50d,1,0,20,5,0.8673745355345468,0.8791684304595269,0.011793894924980064,,
hamburg,link+k50d,1,0,20,8,0.9151615634259912,0.9151615634259912,0.0,,
hamburg,link+k50d,1,0,20,-1,0.8462442970697521,,,4.0,7.0
hamburg,link,2,0,20,3,0.8242204035558064,0.8333450919524011,0.009124688396594749,,
hamburg,link,2,0,20,5,0.8673745355345468,0.8791684304595269,0.011793894924980064,,
hamburg,link,2,0,20,8,0.9151615634259912,0.9151615634259912,0.0,,
hamburg,link,2,0,20,-1,0.8462442970697521,,,4.0,7.0
hamburg,link,2,0,10,3,0.8242204035558064,0.8333450919524011,0.009124688396594749,,
hamburg,link,2,0,10,5,0.8790273270307135,0.8790273270307135,0.0,,
hamburg,link,2,0,10,8,0.9038968063590612,0.9038968063590612,0.0,,
hamburg,link,2,0,10,-1,0.8462442970697521,,,4.0,8.0
hamburg,link_reg,2,0,20,3,0.7994685104181365,0.8333450919524011,0.03387658153426465,,
hamburg,link_reg,2,0,20,5,0.8593786745684587,0.8791684304595269,0.019789755891068128,,
hamburg,link_reg,2,0,20,8,0.889586566953577,0.9151615634259912,0.025574996472414235,,
hamburg,link_reg,2,0,20,-1,0.5667066459714971,,,1.0,7.0
hamburg,link_reg,2,0,10,3,0.8200813696439491,0.8333450919524011,0.013263722308452075,,
hamburg,link_reg,2,0,10,5,0.873630120878604,0.8790273270307135,0.005397206152109479,,
hamburg,link_reg,2,0,10,8,0.9038968063590612,0.9038968063590612,0.0,,
hamburg,link_reg,2,0,10,-1,0.5667066459714971,,,1.0,8.0
hamburg,link+k10,2,0,20,3,0.8242204035558064,0.8333450919524011,0.009124688396594749,,
hamburg,link+k10,2,0,20,5,0.8673745355345468,0.8791684304595269,0.011793894924980064,,
hamburg,link+k10,2,0,20,8,0.9151615634259912,0.9151615634259912,0.0,,
hamburg,link+k10,2,0,20,-1,0.8462442970697521,,,4.0,7.0
hamburg,link+k10,2,1,20,3,0.8242204035558064,0.8333450919524011,0.009124688396594749,,
hamburg,link+k10,2,1,20,5,0.8673745355345468,0.8791684304595269,0.011793894924980064,,
hamburg,link+k10,2,1,20,8,0.9151615634259912,0.9151615634259912,0.0,,
hamburg,link+k10,2,1,20,-1,0.8673745355345468,,,5.0,7.0
hamburg,link+k10,2,2,20,3,0.8242204035558064,0.8333450919524011,0.009124688396594749,,
hamburg,link+k10,2,2,20,5,0.8673745355345468,0.8791684304595269,0.011793894924980064,,
hamburg,link+k10,2,2,20,8,0.9151615634259912,0.9151615634259912,0.0,,
hamburg,link+k10,2,2,20,-1,0.8462442970697521,,,4.0,7.0
hamburg,link+k10,2,3,20,3,0.8242204035558064,0.8333450919524011,0.009124688396594749,,
hamburg,link+k10,2,3,20,5,0.8673745355345468,0.8791684304595269,0.011793894924980064,,
hamburg,link+k10,2,3,20,8,0.9151615634259912,0.9151615634259912,0.0,,
hamburg,link+k10,2,3,20,-1,0.8462442970697521,,,4.0,7.0
hamburg,link+k10,2,4,20,3,0.8242204035558064,0.8333450919524011,0.009124688396594749,,
hamburg,link+k10,2,4,20,5,0.8673745355345468,0.8791684304595269,0.011793894924980064,,
hamburg,link+k10,2,4,20,8,0.9151615634259912,0.9151615634259912,0.0,,
hamburg,link+k10,2,4,20,-1,0.8462442970697521,,,4.0,7.0
hamburg,link+k10,2,5,20,3,0.8242204035558064,0.8333450919524011,0.009124688396594749,,
hamburg,link+k10,2,5,20,5,0.8673745355345468,0.8791684304595269,0.011793894924980064,,
hamburg,link+k10,2,5,20,8,0.9151615634259912,0.9151615634259912,0.0,,
hamburg,link+k10,2,5,20,-1,0.8462442970697521,,,4.0,7.0
hamburg,link+k10,2,6,20,3,0.8242204035558064,0.8333450919524011,0.009124688396594749,,
hamburg,link+k10,2,6,20,5,0.8673745355345468,0.8791684304595269,0.011793894924980064,,
hamburg,link+k10,2,6,20,8,0.9151615634259912,0.9151615634259912,0.0,,
hamburg,link+k10,2,6,20,-1,0.8462442970697521,,,4.0,7.0
hamburg,link+k10,2,7,20,3,0.8242204035558064,0.8333450919524011,0.009124688396594749,,
hamburg,link+k10,2,7,20,5,0.8673745355345468,0.8791684304595269,0.011793894924980064,,
hamburg,link+k10,2,7,20,8,0.9151615634259912,0.9151615634259912,0.0,,
hamburg,link+k10,2,7,20,-1,0.8462442970697521,,,4.0,7.0
hamburg,link+k10,2,8,20,3,0.8242204035558064,0.8333450919524011,0.009124688396594749,,
hamburg,link+k10,2,8,20,5,0.8673745355345468,0.8791684304595269,0.011793894924980064,,
hamburg,link+k10,2,8,20,8,0.9151615634259912,0.9151615634259912,0.0,,
hamburg,link+k10,2,8,20,-1,0.8462442970697521,,,4.0,7.0
hamburg,link+k10,2,9,20,3,0.8242204035558064,0.8333450919524011,0.009124688396594749,,
hamburg,link+k10,2,9,20,5,0.8673745355345468,0.8791684304595269,0.011793894924980064,,
hamburg,link+k10,2,9,20,8,0.9151615634259912,0.9151615634259912,0.0,,
hamburg,link+k10,2,9,20,-1,0.8462442970697521,,,4.0,7.0
hamburg,link+k10d,2,0,20,3,0.8242204035558064,0.8333450919524011,0.009124688396594749,,
hamburg,link+k10d,2,0,20,5,0.8673745355345468,0.8791684304595269,0.011793894924980064,,
hamburg,link+k10d,2,0,20,8,0.9150910117115846,0.9151615634259912,7.055171440661923e-05,,
hamburg,link+k10d,2,0,20,-1,0.8462442970697521,,,4.0,7.0
hamburg,link+k25,2,0,20,3,0.8242204035558064,0.8333450919524011,0.009124688396594749,,
hamburg,link+k25,2,0,20,5,0.8673745355345468,0.8791684304595269,0.011793894924980064,,
hamburg,link+k25,2,0,20,8,0.9151615634259912,0.9151615634259912,0.0,,
hamburg,link+k25,2,0,20,-1,0.8462442970697521,,,4.0,7.0
hamburg,link+k25,2,1,20,3,0.8242204035558064,0.8333450919524011,0.009124688396594749,,
hamburg,link+k25,2,1,20,5,0.8673745355345468,0.8791684304595269,0.011793894924980064,,
hamburg,link+k25,2,1,20,8,0.9151615634259912,0.9151615634259912,0.0,,
hamburg,link+k25,2,1,20,-1,0.8462442970697521,,,4.0,7.0
hamburg,link+k25,2,2,20,3,0.8242204035558064,0.8333450919524011,0.009124688396594749,,
hamburg,link+k25,2,2,20,5,0.8673745355345468,0.8791684304595269,0.011793894924980064,,
hamburg,link+k25,2,2,20,8,0.9151615634259912,0.9151615634259912,0.0,,
hamburg,link+k25,2,2,20,-1,0.8462442970697521,,,4.0,7.0
hamburg,link+k25,2,3,20,3,0.8242204035558064,0.8333450919524011,0.009124688396594749,,
hamburg,link+k25,2,3,20,5,0.8673745355345468,0.8791684304595269,0.011793894924980064,,
hamburg,link+k25,2,3,20,8,0.9151615634259912,0.9151615634259912,0.0,,
hamburg,link+k25,2,3,20,-1,0.8462442970697521,,,4.0,7.0
hamburg,link+k25,2,4,20,3,0.8242204035558064,0.8333450919524011,0.009124688396594749,,
hamburg,link+k25,2,4,20,5,0.8673745355345468,0.8791684304595269,0.011793894924980064,,
hamburg,link+k25,2,4,20,8,0.9151615634259912,0.9151615634259912,0.0,,
hamburg,link+k25,2,4,20,-1,0.8462442970697521,,,4.0,7.0
hamburg,link+k25,2,5,20,3,0.8242204035558064,0.8333450919524011,0.009124688396594749,,
hamburg,link+k25,2,5,20,5,0.8673745355345468,0.8791684304595269,0.011793894924980064,,
hamburg,link+k25,2,5,20,8,0.9151615634259912,0.9151615634259912,0.0,,
hamburg,link+k25,2,5,20,-1,0.8462442970697521,,,4.0,7.0
hamburg,link+k25,2,6,20,3,0.8242204035558064,0.8333450919524011,0.009124688396594749,,
hamburg,link+k25,2,6,20,5,0.8673745355345468,0.8791684304595269,0.011793894924980064,,
hamburg,link+k25,2,6,20,8,0.9151615634259912,0.9151615634259912,0.0,,
hamburg,link+k25,2,6,20,-1,0.8462442970697521,,,4.0,7.0
hamburg,link+k25,2,7,20,3,0.8242204035558064,0.8333450919524011,0.009124688396594749,,
hamburg,link+k25,2,7,20,5,0.8673745355345468,0.8791684304595269,0.011793894924980064,,
hamburg,link+k25,2,7,20,8,0.9151615634259912,0.9151615634259912,0.0,,
hamburg,link+k25,2,7,20,-1,0.8462442970697521,,,4.0,7.0
hamburg,link+k25,2,8,20,3,0.8242204035558064,0.8333450919524011,0.009124688396594749,,
hamburg,link+k25,2,8,20,5,0.8673745355345468,0.8791684304595269,0.011793894924980064,,
hamburg,link+k25,2,8,20,8,0.9151615634259912,0.9151615634259912,0.0,,
hamburg,link+k25,2,8,20,-1,0.8462442970697521,,,4.0,7.0
hamburg,link+k25,2,9,20,3,0.8333450919524011,0.8333450919524011,0.0,,
hamburg,link+k25,2,9,20,5,0.8801208786040168,0.8791684304595269,-0.0009524481444899147,,
hamburg,link+k25,2,9,20,8,0.9151615634259912,0.9151615634259912,0.0,,
hamburg,link+k25,2,9,20,-1,0.8589671229010865,,,4.0,7.0
hamburg,link+k25d,2,0,20,3,0.8242204035558064,0.8333450919524011,0.009124688396594749,,
hamburg,link+k25d,2,0,20,5,0.8673745355345468,0.8791684304595269,0.011793894924980064,,
hamburg,link+k25d,2,0,20,8,0.9150910117115846,0.9151615634259912,7.055171440661923e-05,,
hamburg,link+k25d,2,0,20,-1,0.8462442970697521,,,4.0,7.0
hamburg,link+k50,2,0,20,3,0.8242204035558064,0.8333450919524011,0.009124688396594749,,
hamburg,link+k50,2,0,20,5,0.8673745355345468,0.8791684304595269,0.011793894924980064,,
hamburg,link+k50,2,0,20,8,0.9151615634259912,0.9151615634259912,0.0,,
hamburg,link+k50,2,0,20,-1,0.8469968486900898,,,4.0,7.0
hamburg,link+k50,2,1,20,3,0.8242204035558064,0.8333450919524011,0.009124688396594749,,
hamburg,link+k50,2,1,20,5,0.8673745355345468,0.8791684304595269,0.011793894924980064,,
hamburg,link+k50,2,1,20,8,0.9151615634259912,0.9151615634259912,0.0,,
hamburg,link+k50,2,1,20,-1,0.8462442970697521,,,4.0,7.0
hamburg,link+k50,2,2,20,3,0.8242204035558064,0.8333450919524011,0.009124688396594749,,
hamburg,link+k50,2,2,20,5,0.8673745355345468,0.8791684304595269,0.011793894924980064,,
hamburg,link+k50,2,2,20,8,0.9151615634259912,0.9151615634259912,0.0,,
hamburg,link+k50,2,2,20,-1,0.8462442970697521,,,4.0,7.0
hamburg,link+k50,2,3,20,3,0.8242204035558064,0.8333450919524011,0.009124688396594749,,
hamburg,link+k50,2,3,20,5,0.8673745355345468,0.8791684304595269,0.011793894924980064,,
hamburg,link+k50,2,3,20,8,0.9151615634259912,0.9151615634259912,0.0,,
hamburg,link+k50,2,3,20,-1,0.8462442970697521,,,4.0,7.0
hamburg,link+k50,2,4,20,3,0.8242204035558064,0.8333450919524011,0.009124688396594749,,
hamburg,link+k50,2,4,20,5,0.8673745355345468,0.8791684304595269,0.011793894924980064,,
hamburg,link+k50,2,4,20,8,0.9151615634259912,0.9151615634259912,0.0,,
hamburg,link+k50,2,4,20,-1,0.8462442970697521,,,4.0,7.0
hamburg,link+k50,2,5,20,3,0.8242204035558064,0.8333450919524011,0.009124688396594749,,
hamburg,link+k50,2,5,20,5,0.8673745355345468,0.8791684304595269,0.011793894924980064,,
hamburg,link+k50,2,5,20,8,0.9151615634259912,0.9151615634259912,0.0,,
hamburg,link+k50,2,5,20,-1,0.8462442970697521,,,4.0,7.0
hamburg,link+k50,2,6,20,3,0.8333450919524011,0.8333450919524011,0.0,,
hamburg,link+k50,2,6,20,5,0.8801208786040168,0.8791684304595269,-0.0009524481444899147,,
hamburg,link+k50,2,6,20,8,0.9151615634259912,0.9151615634259912,0.0,,
hamburg,link+k50,2,6,20,-1,0.8589671229010865,,,4.0,7.0
hamburg,link+k50,2,7,20,3,0.8333450919524011,0.8333450919524011,0.0,,
hamburg,link+k50,2,7,20,5,0.8801208786040168,0.8791684304595269,-0.0009524481444899147,,
hamburg,link+k50,2,7,20,8,0.9125276327548093,0.9151615634259912,0.0026339306711818944,,
hamburg,link+k50,2,7,20,-1,0.8589671229010865,,,4.0,7.0
hamburg,link+k50,2,8,20,3,0.8242204035558064,0.8333450919524011,0.009124688396594749,,
hamburg,link+k50,2,8,20,5,0.8673745355345468,0.8791684304595269,0.011793894924980064,,
hamburg,link+k50,2,8,20,8,0.9151615634259912,0.9151615634259912,0.0,,
hamburg,link+k50,2,8,20,-1,0.8462442970697521,,,4.0,7.0
hamburg,link+k50,2,9,20,3,0.8242204035558064,0.8333450919524011,0.009124688396594749,,
hamburg,link+k50,2,9,20,5,0.8673745355345468,0.8791684304595269,0.011793894924980064,,
hamburg,link+k50,2,9,20,8,0.9151615634259912,0.9151615634259912,0.0,,
hamburg,link+k50,2,9,20,-1,0.8462442970697521,,,4.0,7.0
hamburg,link+k50d,2,0,20,3,0.8242204035558064,0.8333450919524011,0.009124688396594749,,
hamburg,link+k50d,2,0,20,5,0.8673745355345468,0.8791684304595269,0.011793894924980064,,
hamburg,link+k50d,2,0,20,8,0.9150910117115846,0.9151615634259912,7.055171440661923e-05,,
hamburg,link+k50d,2,0,20,-1,0.8462442970697521,,,4.0,7.0
hamburg,link,3,0,20,3,0.8242204035558064,0.8333450919524011,0.009124688396594749,,
hamburg,link,3,0,20,5,0.8673745355345468,0.8791684304595269,0.011793894924980064,,
hamburg,link,3,0,20,8,0.9151615634259912,0.9151615634259912,0.0,,
hamburg,link,3,0,20,-1,0.8462442970697521,,,4.0,7.0
hamburg,link,3,0,10,3,0.8242204035558064,0.8333450919524011,0.009124688396594749,,
hamburg,link,3,0,10,5,0.8790273270307135,0.8790273270307135,0.0,,
hamburg,link,3,0,10,8,0.9038968063590612,0.9038968063590612,0.0,,
hamburg,link,3,0,10,-1,0.8462442970697521,,,4.0,8.0
hamburg,link_reg,3,0,20,3,0.7907788909270496,0.8333450919524011,0.04256620102535158,,
hamburg,link_reg,3,0,20,5,0.855733502657448,0.8791684304595269,0.023434927802078898,,
hamburg,link_reg,3,0,20,8,0.8956069799162786,0.9151615634259912,0.01955458350971262,,
hamburg,link_reg,3,0,20,-1,0.5394266497342552,,,1.0,7.0
hamburg,link_reg,3,0,10,3,0.7907788909270496,0.8333450919524011,0.04256620102535158,,
hamburg,link_reg,3,0,10,5,0.8706669488735242,0.8790273270307135,0.008360378157189263,,
hamburg,link_reg,3,0,10,8,0.9038968063590612,0.9038968063590612,0.0,,
hamburg,link_reg,3,0,10,-1,0.5394266497342552,,,1.0,8.0
hamburg,link+k10,3,0,20,3,0.8242204035558064,0.8333450919524011,0.009124688396594749,,
hamburg,link+k10,3,0,20,5,0.8673745355345468,0.8791684304595269,0.011793894924980064,,
hamburg,link+k10,3,0,20,8,0.9151615634259912,0.9151615634259912,0.0,,
hamburg,link+k10,3,0,20,-1,0.8462442970697521,,,4.0,7.0
hamburg,link+k10,3,1,20,3,0.8333450919524011,0.8333450919524011,0.0,,
hamburg,link+k10,3,1,20,5,0.8801208786040168,0.8791684304595269,-0.0009524481444899147,,
hamburg,link+k10,3,1,20,8,0.9151615634259912,0.9151615634259912,0.0,,
hamburg,link+k10,3,1,20,-1,0.8589671229010865,,,4.0,7.0
hamburg,link+k10,3,2,20,3,0.8242204035558064,0.8333450919524011,0.009124688396594749,,
hamburg,link+k10,3,2,20,5,0.8673745355345468,0.8791684304595269,0.011793894924980064,,
hamburg,link+k10,3,2,20,8,0.9151615634259912,0.9151615634259912,0.0,,
hamburg,link+k10,3,2,20,-1,0.8462442970697521,,,4.0,7.0
hamburg,link+k10,3,3,20,3,0.8242204035558064,0.8333450919524011,0.009124688396594749,,
hamburg,link+k10,3,3,20,5,0.8673745355345468,0.8791684304595269,0.011793894924980064,,
hamburg,link+k10,3,3,20,8,0.9151615634259912,0.9151615634259912,0.0,,
hamburg,link+k10,3,3,20,-1,0.8462442970697521,,,4.0,7.0
hamburg,link+k10,3,4,20,3,0.8333450919524011,0.8333450919524011,0.0,,
hamburg,link+k10,3,4,20,5,0.8801208786040168,0.8791684304595269,-0.0009524481444899147,,
hamburg,link+k10,3,4,20,8,0.9151615634259912,0.9151615634259912,0.0,,
hamburg,link+k10,3,4,20,-1,0.8589671229010865,,,4.0,7.0
hamburg,link+k10,3,5,20,3,0.8242204035558064,0.8333450919524011,0.009124688396594749,,
hamburg,link+k10,3,5,20,5,0.8673745355345468,0.8791684304595269,0.011793894924980064,,
hamburg,link+k10,3,5,20,8,0.9151615634259912,0.9151615634259912,0.0,,
hamburg,link+k10,3,5,20,-1,0.8462442970697521,,,4.0,7.0
hamburg,link+k10,3,6,20,3,0.8242204035558064,0.8333450919524011,0.009124688396594749,,
hamburg,link+k10,3,6,20,5,0.8673745355345468,0.8791684304595269,0.011793894924980064,,
hamburg,link+k10,3,6,20,8,0.9151615634259912,0.9151615634259912,0.0,,
hamburg,link+k10,3,6,20,-1,0.8462442970697521,,,4.0,7.0
hamburg,link+k10,3,7,20,3,0.8242204035558064,0.8333450919524011,0.009124688396594749,,
hamburg,link+k10,3,7,20,5,0.8673745355345468,0.8791684304595269,0.011793894924980064,,
hamburg,link+k10,3,7,20,8,0.9151615634259912,0.9151615634259912,0.0,,
hamburg,link+k10,3,7,20,-1,0.8462442970697521,,,4.0,7.0
hamburg,link+k10,3,8,20,3,0.8242204035558064,0.8333450919524011,0.009124688396594749,,
hamburg,link+k10,3,8,20,5,0.8673745355345468,0.8791684304595269,0.011793894924980064,,
hamburg,link+k10,3,8,20,8,0.9151615634259912,0.9151615634259912,0.0,,
hamburg,link+k10,3,8,20,-1,0.8462442970697521,,,4.0,7.0
hamburg,link+k10,3,9,20,3,0.8242204035558064,0.8333450919524011,0.009124688396594749,,
hamburg,link+k10,3,9,20,5,0.8673745355345468,0.8791684304595269,0.011793894924980064,,
hamburg,link+k10,3,9,20,8,0.9151615634259912,0.9151615634259912,0.0,,
hamburg,link+k10,3,9,20,-1,0.8462442970697521,,,4.0,7.0
hamburg,link+k10d,3,0,20,3,0.8242204035558064,0.8333450919524011,0.009124688396594749,,
hamburg,link+k10d,3,0,20,5,0.8673745355345468,0.8791684304595269,0.011793894924980064,,
hamburg,link+k10d,3,0,20,8,0.9150910117115846,0.9151615634259912,7.055171440661923e-05,,
hamburg,link+k10d,3,0,20,-1,0.8462442970697521,,,4.0,7.0
hamburg,link+k25,3,0,20,3,0.8242204035558064,0.8333450919524011,0.009124688396594749,,
hamburg,link+k25,3,0,20,5,0.8673745355345468,0.8791684304595269,0.011793894924980064,,
hamburg,link+k25,3,0,20,8,0.9151615634259912,0.9151615634259912,0.0,,
hamburg,link+k25,3,0,20,-1,0.8462442970697521,,,4.0,7.0
hamburg,link+k25,3,1,20,3,0.8333450919524011,0.8333450919524011,0.0,,
hamburg,link+k25,3,1,20,5,0.8801208786040168,0.8791684304595269,-0.0009524481444899147,,
hamburg,link+k25,3,1,20,8,0.9151615634259912,0.9151615634259912,0.0,,
hamburg,link+k25,3,1,20,-1,0.8589671229010865,,,4.0,7.0
hamburg,link+k25,3,2,20,3,0.8333450919524011,0.8333450919524011,0.0,,
hamburg,link+k25,3,2,20,5,0.8801208786040168,0.8791684304595269,-0.0009524481444899147,,
hamburg,link+k25,3,2,20,8,0.9151615634259912,0.9151615634259912,0.0,,
hamburg,link+k25,3,2,20,-1,0.8569328818023612,,,4.0,7.0
hamburg,link+k25,3,3,20,3,0.8242204035558064,0.8333450919524011,0.009124688396594749,,
hamburg,link+k25,3,3,20,5,0.8673745355345468,0.8791684304595269,0.011793894924980064,,
hamburg,link+k25,3,3,20,8,0.9151615634259912,0.9151615634259912,0.0,,
hamburg,link+k25,3,3,20,-1,0.8462442970697521,,,4.0,7.0
hamburg,link+k25,3,4,20,3,0.8333450919524011,0.8333450919524011,0.0,,
hamburg,link+k25,3,4,20,5,0.8801208786040168,0.8791684304595269,-0.0009524481444899147,,
hamburg,link+k25,3,4,20,8,0.9151615634259912,0.9151615634259912,0.0,,
hamburg,link+k25,3,4,20,-1,0.8569328818023612,,,4.0,7.0
hamburg,link+k25,3,5,20,3,0.8333450919524011,0.8333450919524011,0.0,,
hamburg,link+k25,3,5,20,5,0.8801208786040168,0.8791684304595269,-0.0009524481444899147,,
hamburg,link+k25,3,5,20,8,0.9151615634259912,0.9151615634259912,0.0,,
hamburg,link+k25,3,5,20,-1,0.8589671229010865,,,4.0,7.0
hamburg,link+k25,3,6,20,3,0.8242204035558064,0.8333450919524011,0.009124688396594749,,
hamburg,link+k25,3,6,20,5,0.8673745355345468,0.8791684304595269,0.011793894924980064,,
hamburg,link+k25,3,6,20,8,0.9151615634259912,0.9151615634259912,0.0,,
hamburg,link+k25,3,6,20,-1,0.8462442970697521,,,4.0,7.0
hamburg,link+k25,3,7,20,3,0.8333450919524011,0.8333450919524011,0.0,,
hamburg,link+k25,3,7,20,5,0.8801208786040168,0.8791684304595269,-0.0009524481444899147,,
hamburg,link+k25,3,7,20,8,0.9151615634259912,0.9151615634259912,0.0,,
hamburg,link+k25,3,7,20,-1,0.8589671229010865,,,4.0,7.0
hamburg,link+k25,3,8,20,3,0.8333450919524011,0.8333450919524011,0.0,,
hamburg,link+k25,3,8,20,5,0.8801208786040168,0.8791684304595269,-0.0009524481444899147,,
hamburg,link+k25,3,8,20,8,0.9151615634259912,0.9151615634259912,0.0,,
hamburg,link+k25,3,8,20,-1,0.8569328818023612,,,4.0,7.0
hamburg,link+k25,3,9,20,3,0.8333450919524011,0.8333450919524011,0.0,,
hamburg,link+k25,3,9,20,5,0.8801208786040168,0.8791684304595269,-0.0009524481444899147,,
hamburg,link+k25,3,9,20,8,0.9125276327548093,0.9151615634259912,0.0026339306711818944,,
hamburg,link+k25,3,9,20,-1,0.8569328818023612,,,4.0,7.0
hamburg,link+k25d,3,0,20,3,0.8242204035558064,0.8333450919524011,0.009124688396594749,,
hamburg,link+k25d,3,0,20,5,0.8673745355345468,0.8791684304595269,0.011793894924980064,,
hamburg,link+k25d,3,0,20,8,0.9150910117115846,0.9151615634259912,7.055171440661923e-05,,
hamburg,link+k25d,3,0,20,-1,0.8462442970697521,,,4.0,7.0
hamburg,link+k50,3,0,20,3,0.8333450919524011,0.8333450919524011,0.0,,
hamburg,link+k50,3,0,20,5,0.8801208786040168,0.8791684304595269,-0.0009524481444899147,,
hamburg,link+k50,3,0,20,8,0.9151615634259912,0.9151615634259912,0.0,,
hamburg,link+k50,3,0,20,-1,0.8589671229010865,,,4.0,7.0
hamburg,link+k50,3,1,20,3,0.8333450919524011,0.8333450919524011,0.0,,
hamburg,link+k50,3,1,20,5,0.8801208786040168,0.8791684304595269,-0.0009524481444899147,,
hamburg,link+k50,3,1,20,8,0.9151615634259912,0.9151615634259912,0.0,,
hamburg,link+k50,3,1,20,-1,0.8589671229010865,,,4.0,7.0
hamburg,link+k50,3,2,20,3,0.8333450919524011,0.8333450919524011,0.0,,
hamburg,link+k50,3,2,20,5,0.8801208786040168,0.8791684304595269,-0.0009524481444899147,,
hamburg,link+k50,3,2,20,8,0.9151615634259912,0.9151615634259912,0.0,,
hamburg,link+k50,3,2,20,-1,0.8569328818023612,,,4.0,7.0
hamburg,link+k50,3,3,20,3,0.8333450919524011,0.8333450919524011,0.0,,
hamburg,link+k50,3,3,20,5,0.8801208786040168,0.8791684304595269,-0.0009524481444899147,,
hamburg,link+k50,3,3,20,8,0.9151615634259912,0.9151615634259912,0.0,,
hamburg,link+k50,3,3,20,-1,0.8569328818023612,,,4.0,7.0
hamburg,link+k50,3,4,20,3,0.8242204035558064,0.8333450919524011,0.009124688396594749,,
hamburg,link+k50,3,4,20,5,0.8790273270307135,0.8791684304595269,0.00014110342881334947,,
hamburg,link+k50,3,4,20,8,0.9151615634259912,0.9151615634259912,0.0,,
hamburg,link+k50,3,4,20,-1,0.8462442970697521,,,4.0,7.0
hamburg,link+k50,3,5,20,3,0.8333450919524011,0.8333450919524011,0.0,,
hamburg,link+k50,3,5,20,5,0.8801208786040168,0.8791684304595269,-0.0009524481444899147,,
hamburg,link+k50,3,5,20,8,0.9151615634259912,0.9151615634259912,0.0,,
hamburg,link+k50,3,5,20,-1,0.8589671229010865,,,4.0,7.0
hamburg,link+k50,3,6,20,3,0.8333450919524011,0.8333450919524011,0.0,,
hamburg,link+k50,3,6,20,5,0.8801208786040168,0.8791684304595269,-0.0009524481444899147,,
hamburg,link+k50,3,6,20,8,0.9125276327548093,0.9151615634259912,0.0026339306711818944,,
hamburg,link+k50,3,6,20,-1,0.8589671229010865,,,4.0,7.0
hamburg,link+k50,3,7,20,3,0.8333450919524011,0.8333450919524011,0.0,,
hamburg,link+k50,3,7,20,5,0.8801208786040168,0.8791684304595269,-0.0009524481444899147,,
hamburg,link+k50,3,7,20,8,0.9125276327548093,0.9151615634259912,0.0026339306711818944,,
hamburg,link+k50,3,7,20,-1,0.8589671229010865,,,4.0,7.0
hamburg,link+k50,3,8,20,3,0.8242204035558064,0.8333450919524011,0.009124688396594749,,
hamburg,link+k50,3,8,20,5,0.8673745355345468,0.8791684304595269,0.011793894924980064,,
hamburg,link+k50,3,8,20,8,0.9151615634259912,0.9151615634259912,0.0,,
hamburg,link+k50,3,8,20,-1,0.8462442970697521,,,4.0,7.0
hamburg,link+k50,3,9,20,3,0.8333450919524011,0.8333450919524011,0.0,,
hamburg,link+k50,3,9,20,5,0.8801208786040168,0.8791684304595269,-0.0009524481444899147,,
hamburg,link+k50,3,9,20,8,0.9151615634259912,0.9151615634259912,0.0,,
hamburg,link+k50,3,9,20,-1,0.8589671229010865,,,4.0,7.0
hamburg,link+k50d,3,0,20,3,0.8242204035558064,0.8333450919524011,0.009124688396594749,,
hamburg,link+k50d,3,0,20,5,0.8673745355345468,0.8791684304595269,0.011793894924980064,,
hamburg,link+k50d,3,0,20,8,0.9151615634259912,0.9151615634259912,0.0,,
hamburg,link+k50d,3,0,20,-1,0.8462442970697521,,,4.0,7.0
hamburg,link,4,0,20,3,0.8242204035558064,0.8333450919524011,0.009124688396594749,,
hamburg,link,4,0,20,5,0.8673745355345468,0.8791684304595269,0.011793894924980064,,
hamburg,link,4,0,20,8,0.9151615634259912,0.9151615634259912,0.0,,
hamburg,link,4,0,20,-1,0.8462442970697521,,,4.0,7.0
hamburg,link,4,0,10,3,0.8242204035558064,0.8333450919524011,0.009124688396594749,,
hamburg,link,4,0,10,5,0.8790273270307135,0.8790273270307135,0.0,,
hamburg,link,4,0,10,8,0.9038968063590612,0.9038968063590612,0.0,,
hamburg,link,4,0,10,-1,0.8462442970697521,,,4.0,8.0
hamburg,link_reg,4,0,20,3,0.8063708198109214,0.8333450919524011,0.026974272141479738,,
hamburg,link_reg,4,0,20,5,0.8517002963172005,0.8791684304595269,0.027468134142326406,,
hamburg,link_reg,4,0,20,8,0.8903508771929824,0.9151615634259912,0.02481068623300875,,
hamburg,link_reg,4,0,20,-1,0.5394266497342552,,,1.0,7.0
hamburg,link_reg,4,0,10,3,0.8063708198109214,0.8333450919524011,0.026974272141479738,,
hamburg,link_reg,4,0,10,5,0.8659517426273459,0.8790273270307135,0.013075584403367646,,
hamburg,link_reg,4,0,10,8,0.9003104275433893,0.9038968063590612,0.00358637881567192,,
hamburg,link_reg,4,0,10,-1,0.5394266497342552,,,1.0,8.0
hamburg,link+k10,4,0,20,3,0.8242204035558064,0.8333450919524011,0.009124688396594749,,
hamburg,link+k10,4,0,20,5,0.8673745355345468,0.8791684304595269,0.011793894924980064,,
hamburg,link+k10,4,0,20,8,0.9151615634259912,0.9151615634259912,0.0,,
hamburg,link+k10,4,0,20,-1,0.8462442970697521,,,4.0,7.0
hamburg,link+k10,4,1,20,3,0.8242204035558064,0.8333450919524011,0.009124688396594749,,
hamburg,link+k10,4,1,20,5,0.8673745355345468,0.8791684304595269,0.011793894924980064,,
hamburg,link+k10,4,1,20,8,0.9151615634259912,0.9151615634259912,0.0,,
hamburg,link+k10,4,1,20,-1,0.8673745355345468,,,5.0,7.0
hamburg,link+k10,4,2,20,3,0.8242204035558064,0.8333450919524011,0.009124688396594749,,
hamburg,link+k10,4,2,20,5,0.8673745355345468,0.8791684304595269,0.011793894924980064,,
hamburg,link+k10,4,2,20,8,0.9151615634259912,0.9151615634259912,0.0,,
hamburg,link+k10,4,2,20,-1,0.8462442970697521,,,4.0,7.0
hamburg,link+k10,4,3,20,3,0.8242204035558064,0.8333450919524011,0.009124688396594749,,
hamburg,link+k10,4,3,20,5,0.8673745355345468,0.8791684304595269,0.011793894924980064,,
hamburg,link+k10,4,3,20,8,0.9151615634259912,0.9151615634259912,0.0,,
hamburg,link+k10,4,3,20,-1,0.8462442970697521,,,4.0,7.0
hamburg,link+k10,4,4,20,3,0.8242204035558064,0.8333450919524011,0.009124688396594749,,
hamburg,link+k10,4,4,20,5,0.8673745355345468,0.8791684304595269,0.011793894924980064,,
hamburg,link+k10,4,4,20,8,0.9151615634259912,0.9151615634259912,0.0,,
hamburg,link+k10,4,4,20,-1,0.8462442970697521,,,4.0,7.0
hamburg,link+k10,4,5,20,3,0.8242204035558064,0.8333450919524011,0.009124688396594749,,
hamburg,link+k10,4,5,20,5,0.8673745355345468,0.8791684304595269,0.011793894924980064,,
hamburg,link+k10,4,5,20,8,0.9151615634259912,0.9151615634259912,0.0,,
hamburg,link+k10,4,5,20,-1,0.8462442970697521,,,4.0,7.0
hamburg,link+k10,4,6,20,3,0.8242204035558064,0.8333450919524011,0.009124688396594749,,
hamburg,link+k10,4,6,20,5,0.8673745355345468,0.8791684304595269,0.011793894924980064,,
hamburg,link+k10,4,6,20,8,0.9151615634259912,0.9151615634259912,0.0,,
hamburg,link+k10,4,6,20,-1,0.8462442970697521,,,4.0,7.0
hamburg,link+k10,4,7,20,3,0.8242204035558064,0.8333450919524011,0.009124688396594749,,
hamburg,link+k10,4,7,20,5,0.8673745355345468,0.8791684304595269,0.011793894924980064,,
hamburg,link+k10,4,7,20,8,0.9151615634259912,0.9151615634259912,0.0,,
hamburg,link+k10,4,7,20,-1,0.8462442970697521,,,4.0,7.0
hamburg,link+k10,4,8,20,3,0.8242204035558064,0.8333450919524011,0.009124688396594749,,
hamburg,link+k10,4,8,20,5,0.8673745355345468,0.8791684304595269,0.011793894924980064,,
hamburg,link+k10,4,8,20,8,0.9151615634259912,0.9151615634259912,0.0,,
hamburg,link+k10,4,8,20,-1,0.8462442970697521,,,4.0,7.0
hamburg,link+k10,4,9,20,3,0.8242204035558064,0.8333450919524011,0.009124688396594749,,
hamburg,link+k10,4,9,20,5,0.8673745355345468,0.8791684304595269,0.011793894924980064,,
hamburg,link+k10,4,9,20,8,0.9151615634259912,0.9151615634259912,0.0,,
hamburg,link+k10,4,9,20,-1,0.8462442970697521,,,4.0,7.0
hamburg,link+k10d,4,0,20,3,0.8242204035558064,0.8333450919524011,0.009124688396594749,,
hamburg,link+k10d,4,0,20,5,0.8673745355345468,0.8791684304595269,0.011793894924980064,,
hamburg,link+k10d,4,0,20,8,0.9150910117115846,0.9151615634259912,7.055171440661923e-05,,
hamburg,link+k10d,4,0,20,-1,0.8462442970697521,,,4.0,7.0
hamburg,link+k25,4,0,20,3,0.8242204035558064,0.8333450919524011,0.009124688396594749,,
hamburg,link+k25,4,0,20,5,0.8673745355345468,0.8791684304595269,0.011793894924980064,,
hamburg,link+k25,4,0,20,8,0.9151615634259912,0.9151615634259912,0.0,,
hamburg,link+k25,4,0,20,-1,0.8462442970697521,,,4.0,7.0
hamburg,link+k25,4,1,20,3,0.8242204035558064,0.8333450919524011,0.009124688396594749,,
hamburg,link+k25,4,1,20,5,0.8673745355345468,0.8791684304595269,0.011793894924980064,,
hamburg,link+k25,4,1,20,8,0.9151615634259912,0.9151615634259912,0.0,,
hamburg,link+k25,4,1,20,-1,0.8462442970697521,,,4.0,7.0
hamburg,link+k25,4,2,20,3,0.8242204035558064,0.8333450919524011,0.009124688396594749,,
hamburg,link+k25,4,2,20,5,0.8673745355345468,0.8791684304595269,0.011793894924980064,,
hamburg,link+k25,4,2,20,8,0.9151615634259912,0.9151615634259912,0.0,,
hamburg,link+k25,4,2,20,-1,0.8462442970697521,,,4.0,7.0
hamburg,link+k25,4,3,20,3,0.8242204035558064,0.8333450919524011,0.009124688396594749,,
hamburg,link+k25,4,3,20,5,0.8673745355345468,0.8791684304595269,0.011793894924980064,,
hamburg,link+k25,4,3,20,8,0.9151615634259912,0.9151615634259912,0.0,,
hamburg,link+k25,4,3,20,-1,0.8462442970697521,,,4.0,7.0
hamburg,link+k25,4,4,20,3,0.8242204035558064,0.8333450919524011,0.009124688396594749,,
hamburg,link+k25,4,4,20,5,0.8673745355345468,0.8791684304595269,0.011793894924980064,,
hamburg,link+k25,4,4,20,8,0.9151615634259912,0.9151615634259912,0.0,,
hamburg,link+k25,4,4,20,-1,0.8462442970697521,,,4.0,7.0
hamburg,link+k25,4,5,20,3,0.8242204035558064,0.8333450919524011,0.009124688396594749,,
hamburg,link+k25,4,5,20,5,0.8673745355345468,0.8791684304595269,0.011793894924980064,,
hamburg,link+k25,4,5,20,8,0.9151615634259912,0.9151615634259912,0.0,,
hamburg,link+k25,4,5,20,-1,0.8462442970697521,,,4.0,7.0
hamburg,link+k25,4,6,20,3,0.8242204035558064,0.8333450919524011,0.009124688396594749,,
hamburg,link+k25,4,6,20,5,0.8673745355345468,0.8791684304595269,0.011793894924980064,,
hamburg,link+k25,4,6,20,8,0.9151615634259912,0.9151615634259912,0.0,,
hamburg,link+k25,4,6,20,-1,0.8462442970697521,,,4.0,7.0
hamburg,link+k25,4,7,20,3,0.8333450919524011,0.8333450919524011,0.0,,
hamburg,link+k25,4,7,20,5,0.8801208786040168,0.8791684304595269,-0.0009524481444899147,,
hamburg,link+k25,4,7,20,8,0.9125276327548093,0.9151615634259912,0.0026339306711818944,,
hamburg,link+k25,4,7,20,-1,0.8589671229010865,,,4.0,7.0
hamburg,link+k25,4,8,20,3,0.8333450919524011,0.8333450919524011,0.0,,
hamburg,link+k25,4,8,20,5,0.8801208786040168,0.8791684304595269,-0.0009524481444899147,,
hamburg,link+k25,4,8,20,8,0.9125276327548093,0.9151615634259912,0.0026339306711818944,,
hamburg,link+k25,4,8,20,-1,0.8589671229010865,,,4.0,7.0
hamburg,link+k25,4,9,20,3,0.8333450919524011,0.8333450919524011,0.0,,
hamburg,link+k25,4,9,20,5,0.8801208786040168,0.8791684304595269,-0.0009524481444899147,,
hamburg,link+k25,4,9,20,8,0.9125276327548093,0.9151615634259912,0.0026339306711818944,,
hamburg,link+k25,4,9,20,-1,0.8589671229010865,,,4.0,7.0
hamburg,link+k25d,4,0,20,3,0.8242204035558064,0.8333450919524011,0.009124688396594749,,
hamburg,link+k25d,4,0,20,5,0.8673745355345468,0.8791684304595269,0.011793894924980064,,
hamburg,link+k25d,4,0,20,8,0.9150910117115846,0.9151615634259912,7.055171440661923e-05,,
hamburg,link+k25d,4,0,20,-1,0.8462442970697521,,,4.0,7.0
hamburg,link+k50,4,0,20,3,0.8242204035558064,0.8333450919524011,0.009124688396594749,,
hamburg,link+k50,4,0,20,5,0.8673745355345468,0.8791684304595269,0.011793894924980064,,
hamburg,link+k50,4,0,20,8,0.9151615634259912,0.9151615634259912,0.0,,
hamburg,link+k50,4,0,20,-1,0.8469968486900898,,,4.0,7.0
hamburg,link+k50,4,1,20,3,0.8242204035558064,0.8333450919524011,0.009124688396594749,,
hamburg,link+k50,4,1,20,5,0.8673745355345468,0.8791684304595269,0.011793894924980064,,
hamburg,link+k50,4,1,20,8,0.9151615634259912,0.9151615634259912,0.0,,
hamburg,link+k50,4,1,20,-1,0.8462442970697521,,,4.0,7.0
hamburg,link+k50,4,2,20,3,0.8242204035558064,0.8333450919524011,0.009124688396594749,,
hamburg,link+k50,4,2,20,5,0.8673745355345468,0.8791684304595269,0.011793894924980064,,
hamburg,link+k50,4,2,20,8,0.9151615634259912,0.9151615634259912,0.0,,
hamburg,link+k50,4,2,20,-1,0.8462442970697521,,,4.0,7.0
hamburg,link+k50,4,3,20,3,0.8242204035558064,0.8333450919524011,0.009124688396594749,,
hamburg,link+k50,4,3,20,5,0.8673745355345468,0.8791684304595269,0.011793894924980064,,
hamburg,link+k50,4,3,20,8,0.9151615634259912,0.9151615634259912,0.0,,
hamburg,link+k50,4,3,20,-1,0.8462442970697521,,,4.0,7.0
hamburg,link+k50,4,4,20,3,0.8242204035558064,0.8333450919524011,0.009124688396594749,,
hamburg,link+k50,4,4,20,5,0.8673745355345468,0.8791684304595269,0.011793894924980064,,
hamburg,link+k50,4,4,20,8,0.9151615634259912,0.9151615634259912,0.0,,
hamburg,link+k50,4,4,20,-1,0.8462442970697521,,,4.0,7.0
hamburg,link+k50,4,5,20,3,0.8242204035558064,0.8333450919524011,0.009124688396594749,,
hamburg,link+k50,4,5,20,5,0.8673745355345468,0.8791684304595269,0.011793894924980064,,
hamburg,link+k50,4,5,20,8,0.9151615634259912,0.9151615634259912,0.0,,
hamburg,link+k50,4,5,20,-1,0.8462442970697521,,,4.0,7.0
hamburg,link+k50,4,6,20,3,0.8333450919524011,0.8333450919524011,0.0,,
hamburg,link+k50,4,6,20,5,0.8801208786040168,0.8791684304595269,-0.0009524481444899147,,
hamburg,link+k50,4,6,20,8,0.9125276327548093,0.9151615634259912,0.0026339306711818944,,
hamburg,link+k50,4,6,20,-1,0.8589671229010865,,,4.0,7.0
hamburg,link+k50,4,7,20,3,0.8333450919524011,0.8333450919524011,0.0,,
hamburg,link+k50,4,7,20,5,0.8801208786040168,0.8791684304595269,-0.0009524481444899147,,
hamburg,link+k50,4,7,20,8,0.9125276327548093,0.9151615634259912,0.0026339306711818944,,
hamburg,link+k50,4,7,20,-1,0.8589671229010865,,,4.0,7.0
hamburg,link+k50,4,8,20,3,0.8242204035558064,0.8333450919524011,0.009124688396594749,,
hamburg,link+k50,4,8,20,5,0.8673745355345468,0.8791684304595269,0.011793894924980064,,
hamburg,link+k50,4,8,20,8,0.9151615634259912,0.9151615634259912,0.0,,
hamburg,link+k50,4,8,20,-1,0.8462442970697521,,,4.0,7.0
hamburg,link+k50,4,9,20,3,0.8242204035558064,0.8333450919524011,0.009124688396594749,,
hamburg,link+k50,4,9,20,5,0.8673745355345468,0.8791684304595269,0.011793894924980064,,
hamburg,link+k50,4,9,20,8,0.9151615634259912,0.9151615634259912,0.0,,
hamburg,link+k50,4,9,20,-1,0.8462442970697521,,,4.0,7.0
hamburg,link+k50d,4,0,20,3,0.8242204035558064,0.8333450919524011,0.009124688396594749,,
hamburg,link+k50d,4,0,20,5,0.8673745355345468,0.8791684304595269,0.011793894924980064,,
hamburg,link+k50d,4,0,20,8,0.9151615634259912,0.9151615634259912,0.0,,
hamburg,link+k50d,4,0,20,-1,0.8462442970697521,,,4.0,7.0
london,link,0,0,20,3,0.7459207169083328,0.7459207169083328,0.0,,
london,link,0,0,20,5,0.8015308980023648,0.8116746530586845,0.010143755056319703,,
london,link,0,0,20,8,0.8598170390192296,0.8610492252162549,0.0012321861970253645,,
london,link,0,0,20,-1,0.8447320928495862,,,7.0,13.0
london,link,0,0,10,3,0.7459207169083328,0.7459207169083328,0.0,,
london,link,0,0,10,5,0.8116746530586845,0.8116746530586845,0.0,,
london,link,0,0,10,8,0.8378866139772232,0.8428402514157695,0.004953637438546266,,
london,link,0,0,10,-1,0.8557719833219242,,,10.0,
london,link_reg,0,0,20,3,0.5815918849959549,0.7459207169083328,0.1643288319123779,,
london,link_reg,0,0,20,5,0.7113323791150663,0.8116746530586845,0.10034227394361817,,
london,link_reg,0,0,20,8,0.8029622254029498,0.8610492252162549,0.05808699981330512,,
london,link_reg,0,0,20,-1,0.43853382288879206,,,1.0,13.0
london,link_reg,0,0,10,3,0.7459207169083328,0.7459207169083328,0.0,,
london,link_reg,0,0,10,5,0.7962287634575892,0.8116746530586845,0.015445889601095275,,
london,link_reg,0,0,10,8,0.8378866139772232,0.8428402514157695,0.004953637438546266,,
london,link_reg,0,0,10,-1,0.5249237662580123,,,1.0,
london,link+k10,0,0,20,3,0.7459207169083328,0.7459207169083328,0.0,,
london,link+k10,0,0,20,5,0.8015308980023648,0.8116746530586845,0.010143755056319703,,
london,link+k10,0,0,20,8,0.8598170390192296,0.8610492252162549,0.0012321861970253645,,
london,link+k10,0,0,20,-1,0.8476320866264235,,,7.0,13.0
london,link+k10,0,1,20,3,0.7459207169083328,0.7459207169083328,0.0,,
london,link+k10,0,1,20,5,0.8015308980023648,0.8116746530586845,0.010143755056319703,,
london,link+k10,0,1,20,8,0.8598170390192296,0.8610492252162549,0.0012321861970253645,,
london,link+k10,0,1,20,-1,0.831165598357085,,,6.0,13.0
london,link+k10,0,2,20,3,0.7459207169083328,0.7459207169083328,0.0,,
london,link+k10,0,2,20,5,0.8015308980023648,0.8116746530586845,0.010143755056319703,,
london,link+k10,0,2,20,8,0.8598170390192296,0.8610492252162549,0.0012321861970253645,,
london,link+k10,0,2,20,-1,0.8447320928495862,,,7.0,13.0
london,link+k10,0,3,20,3,0.7459207169083328,0.7459207169083328,0.0,,
london,link+k10,0,3,20,5,0.8015308980023648,0.8116746530586845,0.010143755056319703,,
london,link+k10,0,3,20,8,0.8598170390192296,0.8610492252162549,0.0012321861970253645,,
london,link+k10,0,3,20,-1,0.8476320866264235,,,7.0,13.0
london,link+k10,0,4,20,3,0.7459207169083328,0.7459207169083328,0.0,,
london,link+k10,0,4,20,5,0.8015308980023648,0.8116746530586845,0.010143755056319703,,
london,link+k10,0,4,20,8,0.8598170390192296,0.8610492252162549,0.0012321861970253645,,
london,link+k10,0,4,20,-1,0.8447320928495862,,,7.0,13.0
london,link+k10,0,5,20,3,0.7459207169083328,0.7459207169083328,0.0,,
london,link+k10,0,5,20,5,0.8015308980023648,0.8116746530586845,0.010143755056319703,,
london,link+k10,0,5,20,8,0.8598170390192296,0.8610492252162549,0.0012321861970253645,,
london,link+k10,0,5,20,-1,0.8447320928495862,,,7.0,13.0
london,link+k10,0,6,20,3,0.7459207169083328,0.7459207169083328,0.0,,
london,link+k10,0,6,20,5,0.8015308980023648,0.8116746530586845,0.010143755056319703,,
london,link+k10,0,6,20,8,0.8598170390192296,0.8610492252162549,0.0012321861970253645,,
london,link+k10,0,6,20,-1,0.8447320928495862,,,7.0,13.0
london,link+k10,0,7,20,3,0.7459207169083328,0.7459207169083328,0.0,,
london,link+k10,0,7,20,5,0.8015308980023648,0.8116746530586845,0.010143755056319703,,
london,link+k10,0,7,20,8,0.8598170390192296,0.8610492252162549,0.0012321861970253645,,
london,link+k10,0,7,20,-1,0.8447320928495862,,,7.0,13.0
london,link+k10,0,8,20,3,0.7459207169083328,0.7459207169083328,0.0,,
london,link+k10,0,8,20,5,0.8015308980023648,0.8116746530586845,0.010143755056319703,,
london,link+k10,0,8,20,8,0.8598170390192296,0.8610492252162549,0.0012321861970253645,,
london,link+k10,0,8,20,-1,0.8476320866264235,,,7.0,13.0
london,link+k10,0,9,20,3,0.7459207169083328,0.7459207169083328,0.0,,
london,link+k10,0,9,20,5,0.8015308980023648,0.8116746530586845,0.010143755056319703,,
london,link+k10,0,9,20,8,0.8598170390192296,0.8610492252162549,0.0012321861970253645,,
london,link+k10,0,9,20,-1,0.8447320928495862,,,7.0,13.0
london,link+k10d,0,0,20,3,0.7459207169083328,0.7459207169083328,0.0,,
london,link+k10d,0,0,20,5,0.8015308980023648,0.8116746530586845,0.010143755056319703,,
london,link+k10d,0,0,20,8,0.8598170390192296,0.8610492252162549,0.0012321861970253645,,
london,link+k10d,0,0,20,-1,0.831165598357085,,,6.0,13.0
london,link+k25,0,0,20,3,0.7459207169083328,0.7459207169083328,0.0,,
london,link+k25,0,0,20,5,0.8015308980023648,0.8116746530586845,0.010143755056319703,,
london,link+k25,0,0,20,8,0.8598170390192296,0.8610492252162549,0.0012321861970253645,,
london,link+k25,0,0,20,-1,0.8447320928495862,,,7.0,13.0
london,link+k25,0,1,20,3,0.7459207169083328,0.7459207169083328,0.0,,
london,link+k25,0,1,20,5,0.8015308980023648,0.8116746530586845,0.010143755056319703,,
london,link+k25,0,1,20,8,0.8598170390192296,0.8610492252162549,0.0012321861970253645,,
london,link+k25,0,1,20,-1,0.8447320928495862,,,7.0,13.0
london,link+k25,0,2,20,3,0.7459207169083328,0.7459207169083328,0.0,,
london,link+k25,0,2,20,5,0.8015308980023648,0.8116746530586845,0.010143755056319703,,
london,link+k25,0,2,20,8,0.8598170390192296,0.8610492252162549,0.0012321861970253645,,
london,link+k25,0,2,20,-1,0.8447320928495862,,,7.0,13.0
london,link+k25,0,3,20,3,0.7459207169083328,0.7459207169083328,0.0,,
london,link+k25,0,3,20,5,0.8015308980023648,0.8116746530586845,0.010143755056319703,,
london,link+k25,0,3,20,8,0.8598170390192296,0.8610492252162549,0.0012321861970253645,,
london,link+k25,0,3,20,-1,0.8447320928495862,,,7.0,13.0
london,link+k25,0,4,20,3,0.7459207169083328,0.7459207169083328,0.0,,
london,link+k25,0,4,20,5,0.8015308980023648,0.8116746530586845,0.010143755056319703,,
london,link+k25,0,4,20,8,0.8598170390192296,0.8610492252162549,0.0012321861970253645,,
london,link+k25,0,4,20,-1,0.8447320928495862,,,7.0,13.0
london,link+k25,0,5,20,3,0.7459207169083328,0.7459207169083328,0.0,,
london,link+k25,0,5,20,5,0.8015308980023648,0.8116746530586845,0.010143755056319703,,
london,link+k25,0,5,20,8,0.8598170390192296,0.8610492252162549,0.0012321861970253645,,
london,link+k25,0,5,20,-1,0.8447320928495862,,,7.0,13.0
london,link+k25,0,6,20,3,0.7459207169083328,0.7459207169083328,0.0,,
london,link+k25,0,6,20,5,0.8015308980023648,0.8116746530586845,0.010143755056319703,,
london,link+k25,0,6,20,8,0.8598170390192296,0.8610492252162549,0.0012321861970253645,,
london,link+k25,0,6,20,-1,0.8447320928495862,,,7.0,13.0
london,link+k25,0,7,20,3,0.7459207169083328,0.7459207169083328,0.0,,
london,link+k25,0,7,20,5,0.8015308980023648,0.8116746530586845,0.010143755056319703,,
london,link+k25,0,7,20,8,0.8598170390192296,0.8610492252162549,0.0012321861970253645,,
london,link+k25,0,7,20,-1,0.8447320928495862,,,7.0,13.0
london,link+k25,0,8,20,3,0.7459207169083328,0.7459207169083328,0.0,,
london,link+k25,0,8,20,5,0.8015308980023648,0.8116746530586845,0.010143755056319703,,
london,link+k25,0,8,20,8,0.8598170390192296,0.8610492252162549,0.0012321861970253645,,
london,link+k25,0,8,20,-1,0.8333685979214637,,,7.0,13.0
london,link+k25,0,9,20,3,0.7459207169083328,0.7459207169083328,0.0,,
london,link+k25,0,9,20,5,0.8015308980023648,0.8116746530586845,0.010143755056319703,,
london,link+k25,0,9,20,8,0.8598170390192296,0.8610492252162549,0.0012321861970253645,,
london,link+k25,0,9,20,-1,0.8447320928495862,,,7.0,13.0
london,link+k25d,0,0,20,3,0.7459207169083328,0.7459207169083328,0.0,,
london,link+k25d,0,0,20,5,0.8015308980023648,0.8116746530586845,0.010143755056319703,,
london,link+k25d,0,0,20,8,0.8598170390192296,0.8610492252162549,0.0012321861970253645,,
london,link+k25d,0,0,20,-1,0.831165598357085,,,6.0,13.0
london,link+k50,0,0,20,3,0.7459207169083328,0.7459207169083328,0.0,,
london,link+k50,0,0,20,5,0.8015308980023648,0.8116746530586845,0.010143755056319703,,
london,link+k50,0,0,20,8,0.8598170390192296,0.8610492252162549,0.0012321861970253645,,
london,link+k50,0,0,20,-1,0.8447320928495862,,,7.0,13.0
london,link+k50,0,1,20,3,0.7459207169083328,0.7459207169083328,0.0,,
london,link+k50,0,1,20,5,0.8015308980023648,0.8116746530586845,0.010143755056319703,,
london,link+k50,0,1,20,8,0.8598170390192296,0.8610492252162549,0.0012321861970253645,,
london,link+k50,0,1,20,-1,0.8447320928495862,,,7.0,13.0
london,link+k50,0,2,20,3,0.7459207169083328,0.7459207169083328,0.0,,
london,link+k50,0,2,20,5,0.8015308980023648,0.8116746530586845,0.010143755056319703,,
london,link+k50,0,2,20,8,0.8598170390192296,0.8610492252162549,0.0012321861970253645,,
london,link+k50,0,2,20,-1,0.8447320928495862,,,7.0,13.0
london,link+k50,0,3,20,3,0.7459207169083328,0.7459207169083328,0.0,,
london,link+k50,0,3,20,5,0.8015308980023648,0.8116746530586845,0.010143755056319703,,
london,link+k50,0,3,20,8,0.8598170390192296,0.8610492252162549,0.0012321861970253645,,
london,link+k50,0,3,20,-1,0.8447320928495862,,,7.0,13.0
london,link+k50,0,4,20,3,0.7459207169083328,0.7459207169083328,0.0,,
london,link+k50,0,4,20,5,0.8015308980023648,0.8116746530586845,0.010143755056319703,,
london,link+k50,0,4,20,8,0.8598170390192296,0.8610492252162549,0.0012321861970253645,,
london,link+k50,0,4,20,-1,0.8476320866264235,,,7.0,13.0
london,link+k50,0,5,20,3,0.7459207169083328,0.7459207169083328,0.0,,
london,link+k50,0,5,20,5,0.8015308980023648,0.8116746530586845,0.010143755056319703,,
london,link+k50,0,5,20,8,0.8598170390192296,0.8610492252162549,0.0012321861970253645,,
london,link+k50,0,5,20,-1,0.8447320928495862,,,7.0,13.0
london,link+k50,0,6,20,3,0.7459207169083328,0.7459207169083328,0.0,,
london,link+k50,0,6,20,5,0.8015308980023648,0.8116746530586845,0.010143755056319703,,
london,link+k50,0,6,20,8,0.8598170390192296,0.8610492252162549,0.0012321861970253645,,
london,link+k50,0,6,20,-1,0.8447320928495862,,,7.0,13.0
london,link+k50,0,7,20,3,0.7459207169083328,0.7459207169083328,0.0,,
london,link+k50,0,7,20,5,0.8015308980023648,0.8116746530586845,0.010143755056319703,,
london,link+k50,0,7,20,8,0.8598170390192296,0.8610492252162549,0.0012321861970253645,,
london,link+k50,0,7,20,-1,0.8447320928495862,,,7.0,13.0
london,link+k50,0,8,20,3,0.7459207169083328,0.7459207169083328,0.0,,
london,link+k50,0,8,20,5,0.8015308980023648,0.8116746530586845,0.010143755056319703,,
london,link+k50,0,8,20,8,0.8598170390192296,0.8610492252162549,0.0012321861970253645,,
london,link+k50,0,8,20,-1,0.8447320928495862,,,7.0,13.0
london,link+k50,0,9,20,3,0.7459207169083328,0.7459207169083328,0.0,,
london,link+k50,0,9,20,5,0.8015308980023648,0.8116746530586845,0.010143755056319703,,
london,link+k50,0,9,20,8,0.8598170390192296,0.8610492252162549,0.0012321861970253645,,
london,link+k50,0,9,20,-1,0.8447320928495862,,,7.0,13.0
london,link+k50d,0,0,20,3,0.7459207169083328,0.7459207169083328,0.0,,
london,link+k50d,0,0,20,5,0.8015308980023648,0.8116746530586845,0.010143755056319703,,
london,link+k50d,0,0,20,8,0.8598170390192296,0.8610492252162549,0.0012321861970253645,,
london,link+k50d,0,0,20,-1,0.8447320928495862,,,7.0,13.0
london,link,1,0,20,3,0.7459207169083328,0.7459207169083328,0.0,,
london,link,1,0,20,5,0.8015308980023648,0.8116746530586845,0.010143755056319703,,
london,link,1,0,20,8,0.8598170390192296,0.8610492252162549,0.0012321861970253645,,
london,link,1,0,20,-1,0.8447320928495862,,,7.0,13.0
london,link,1,0,10,3,0.7459207169083328,0.7459207169083328,0.0,,
london,link,1,0,10,5,0.8116746530586845,0.8116746530586845,0.0,,
london,link,1,0,10,8,0.8378866139772232,0.8428402514157695,0.004953637438546266,,
london,link,1,0,10,-1,0.8557719833219242,,,,
london,link_reg,1,0,20,3,0.6508432385338229,0.7459207169083328,0.09507747837450997,,
london,link_reg,1,0,20,5,0.7455224345012135,0.8116746530586845,0.066152218557471,,
london,link_reg,1,0,20,8,0.8437737258074554,0.8610492252162549,0.017275499408799577,,
london,link_reg,1,0,20,-1,0.43853382288879206,,,1.0,13.0
london,link_reg,1,0,10,3,0.7459207169083328,0.7459207169083328,0.0,,
london,link_reg,1,0,10,5,0.7849399464808016,0.8116746530586845,0.026734706577882905,,
london,link_reg,1,0,10,8,0.8377994897006659,0.8428402514157695,0.005040761715103592,,
london,link_reg,1,0,10,-1,0.5376563569606074,,,1.0,
london,link+k10,1,0,20,3,0.7459207169083328,0.7459207169083328,0.0,,
london,link+k10,1,0,20,5,0.8015308980023648,0.8116746530586845,0.010143755056319703,,
london,link+k10,1,0,20,8,0.8598170390192296,0.8610492252162549,0.0012321861970253645,,
london,link+k10,1,0,20,-1,0.8447320928495862,,,7.0,13.0
london,link+k10,1,1,20,3,0.7459207169083328,0.7459207169083328,0.0,,
london,link+k10,1,1,20,5,0.8015308980023648,0.8116746530586845,0.010143755056319703,,
london,link+k10,1,1,20,8,0.8598170390192296,0.8610492252162549,0.0012321861970253645,,
london,link+k10,1,1,20,-1,0.8447320928495862,,,7.0,13.0
london,link+k10,1,2,20,3,0.7459207169083328,0.7459207169083328,0.0,,
london,link+k10,1,2,20,5,0.8015308980023648,0.8116746530586845,0.010143755056319703,,
london,link+k10,1,2,20,8,0.8598170390192296,0.8610492252162549,0.0012321861970253645,,
london,link+k10,1,2,20,-1,0.8447320928495862,,,7.0,13.0
london,link+k10,1,3,20,3,0.7459207169083328,0.7459207169083328,0.0,,
london,link+k10,1,3,20,5,0.8015308980023648,0.8116746530586845,0.010143755056319703,,
london,link+k10,1,3,20,8,0.8598170390192296,0.8610492252162549,0.0012321861970253645,,
london,link+k10,1,3,20,-1,0.8447320928495862,,,7.0,13.0
london,link+k10,1,4,20,3,0.7459207169083328,0.7459207169083328,0.0,,
london,link+k10,1,4,20,5,0.8015308980023648,0.8116746530586845,0.010143755056319703,,
london,link+k10,1,4,20,8,0.8598170390192296,0.8610492252162549,0.0012321861970253645,,
london,link+k10,1,4,20,-1,0.8447320928495862,,,7.0,13.0
london,link+k10,1,5,20,3,0.7459207169083328,0.7459207169083328,0.0,,
london,link+k10,1,5,20,5,0.7869313585163981,0.8116746530586845,0.02474329454228641,,
london,link+k10,1,5,20,8,0.8479930300578754,0.8610492252162549,0.013056195158379524,,
london,link+k10,1,5,20,-1,0.8370029248864272,,,7.0,13.0
london,link+k10,1,6,20,3,0.7459207169083328,0.7459207169083328,0.0,,
london,link+k10,1,6,20,5,0.8015308980023648,0.8116746530586845,0.010143755056319703,,
london,link+k10,1,6,20,8,0.8598170390192296,0.8610492252162549,0.0012321861970253645,,
london,link+k10,1,6,20,-1,0.8447320928495862,,,7.0,13.0
london,link+k10,1,7,20,3,0.7459207169083328,0.7459207169083328,0.0,,
london,link+k10,1,7,20,5,0.7869313585163981,0.8116746530586845,0.02474329454228641,,
london,link+k10,1,7,20,8,0.8479930300578754,0.8610492252162549,0.013056195158379524,,
london,link+k10,1,7,20,-1,0.8370029248864272,,,7.0,13.0
london,link+k10,1,8,20,3,0.7459207169083328,0.7459207169083328,0.0,,
london,link+k10,1,8,20,5,0.7869313585163981,0.8116746530586845,0.02474329454228641,,
london,link+k10,1,8,20,8,0.8479930300578754,0.8610492252162549,0.013056195158379524,,
london,link+k10,1,8,20,-1,0.8370029248864272,,,7.0,13.0
london,link+k10,1,9,20,3,0.7459207169083328,0.7459207169083328,0.0,,
london,link+k10,1,9,20,5,0.8015308980023648,0.8116746530586845,0.010143755056319703,,
london,link+k10,1,9,20,8,0.8598170390192296,0.8610492252162549,0.0012321861970253645,,
london,link+k10,1,9,20,-1,0.8447320928495862,,,7.0,13.0
london,link+k10d,1,0,20,3,0.7459207169083328,0.7459207169083328,0.0,,
london,link+k10d,1,0,20,5,0.8015308980023648,0.8116746530586845,0.010143755056319703,,
london,link+k10d,1,0,20,8,0.8598170390192296,0.8610492252162549,0.0012321861970253645,,
london,link+k10d,1,0,20,-1,0.8447320928495862,,,7.0,13.0
london,link+k25,1,0,20,3,0.7459207169083328,0.7459207169083328,0.0,,
london,link+k25,1,0,20,5,0.8015308980023648,0.8116746530586845,0.010143755056319703,,
london,link+k25,1,0,20,8,0.8598170390192296,0.8610492252162549,0.0012321861970253645,,
london,link+k25,1,0,20,-1,0.8447320928495862,,,7.0,13.0
london,link+k25,1,1,20,3,0.7459207169083328,0.7459207169083328,0.0,,
london,link+k25,1,1,20,5,0.8015308980023648,0.8116746530586845,0.010143755056319703,,
london,link+k25,1,1,20,8,0.8598170390192296,0.8610492252162549,0.0012321861970253645,,
london,link+k25,1,1,20,-1,0.8447320928495862,,,7.0,13.0
london,link+k25,1,2,20,3,0.7459207169083328,0.7459207169083328,0.0,,
london,link+k25,1,2,20,5,0.7869313585163981,0.8116746530586845,0.02474329454228641,,
london,link+k25,1,2,20,8,0.8479930300578754,0.8610492252162549,0.013056195158379524,,
london,link+k25,1,2,20,-1,0.8370029248864272,,,7.0,13.0
london,link+k25,1,3,20,3,0.7459207169083328,0.7459207169083328,0.0,,
london,link+k25,1,3,20,5,0.8015308980023648,0.8116746530586845,0.010143755056319703,,
london,link+k25,1,3,20,8,0.8598170390192296,0.8610492252162549,0.0012321861970253645,,
london,link+k25,1,3,20,-1,0.8447320928495862,,,7.0,13.0
london,link+k25,1,4,20,3,0.7459207169083328,0.7459207169083328,0.0,,
london,link+k25,1,4,20,5,0.7869313585163981,0.8116746530586845,0.02474329454228641,,
london,link+k25,1,4,20,8,0.8479930300578754,0.8610492252162549,0.013056195158379524,,
london,link+k25,1,4,20,-1,0.8370029248864272,,,7.0,13.0
london,link+k25,1,5,20,3,0.7459207169083328,0.7459207169083328,0.0,,
london,link+k25,1,5,20,5,0.8015308980023648,0.8116746530586845,0.010143755056319703,,
london,link+k25,1,5,20,8,0.8598170390192296,0.8610492252162549,0.0012321861970253645,,
london,link+k25,1,5,20,-1,0.8447320928495862,,,7.0,13.0
london,link+k25,1,6,20,3,0.7459207169083328,0.7459207169083328,0.0,,
london,link+k25,1,6,20,5,0.8015308980023648,0.8116746530586845,0.010143755056319703,,
london,link+k25,1,6,20,8,0.8598170390192296,0.8610492252162549,0.0012321861970253645,,
london,link+k25,1,6,20,-1,0.8447320928495862,,,7.0,13.0
london,link+k25,1,7,20,3,0.7459207169083328,0.7459207169083328,0.0,,
london,link+k25,1,7,20,5,0.8015308980023648,0.8116746530586845,0.010143755056319703,,
london,link+k25,1,7,20,8,0.8598170390192296,0.8610492252162549,0.0012321861970253645,,
london,link+k25,1,7,20,-1,0.8447320928495862,,,7.0,13.0
london,link+k25,1,8,20,3,0.7459207169083328,0.7459207169083328,0.0,,
london,link+k25,1,8,20,5,0.8015308980023648,0.8116746530586845,0.010143755056319703,,
london,link+k25,1,8,20,8,0.8598170390192296,0.8610492252162549,0.0012321861970253645,,
london,link+k25,1,8,20,-1,0.8333685979214637,,,7.0,13.0
london,link+k25,1,9,20,3,0.7459207169083328,0.7459207169083328,0.0,,
london,link+k25,1,9,20,5,0.8015308980023648,0.8116746530586845,0.010143755056319703,,
london,link+k25,1,9,20,8,0.8598170390192296,0.8610492252162549,0.0012321861970253645,,
london,link+k25,1,9,20,-1,0.8447320928495862,,,7.0,13.0
london,link+k25d,1,0,20,3,0.7459207169083328,0.7459207169083328,0.0,,
london,link+k25d,1,0,20,5,0.7869313585163981,0.8116746530586845,0.02474329454228641,,
london,link+k25d,1,0,20,8,0.8479930300578754,0.8610492252162549,0.013056195158379524,,
london,link+k25d,1,0,20,-1,0.8370029248864272,,,7.0,13.0
london,link+k50,1,0,20,3,0.7459207169083328,0.7459207169083328,0.0,,
london,link+k50,1,0,20,5,0.8015308980023648,0.8116746530586845,0.010143755056319703,,
london,link+k50,1,0,20,8,0.8598170390192296,0.8610492252162549,0.0012321861970253645,,
london,link+k50,1,0,20,-1,0.8447320928495862,,,7.0,13.0
london,link+k50,1,1,20,3,0.7459207169083328,0.7459207169083328,0.0,,
london,link+k50,1,1,20,5,0.8015308980023648,0.8116746530586845,0.010143755056319703,,
london,link+k50,1,1,20,8,0.8598170390192296,0.8610492252162549,0.0012321861970253645,,
london,link+k50,1,1,20,-1,0.8447320928495862,,,7.0,13.0
london,link+k50,1,2,20,3,0.7459207169083328,0.7459207169083328,0.0,,
london,link+k50,1,2,20,5,0.8015308980023648,0.8116746530586845,0.010143755056319703,,
london,link+k50,1,2,20,8,0.8598170390192296,0.8610492252162549,0.0012321861970253645,,
london,link+k50,1,2,20,-1,0.8447320928495862,,,7.0,13.0
london,link+k50,1,3,20,3,0.7459207169083328,0.7459207169083328,0.0,,
london,link+k50,1,3,20,5,0.8015308980023648,0.8116746530586845,0.010143755056319703,,
london,link+k50,1,3,20,8,0.8598170390192296,0.8610492252162549,0.0012321861970253645,,
london,link+k50,1,3,20,-1,0.8447320928495862,,,7.0,13.0
london,link+k50,1,4,20,3,0.7459207169083328,0.7459207169083328,0.0,,
london,link+k50,1,4,20,5,0.7869313585163981,0.8116746530586845,0.02474329454228641,,
london,link+k50,1,4,20,8,0.8479930300578754,0.8610492252162549,0.013056195158379524,,
london,link+k50,1,4,20,-1,0.8370029248864272,,,7.0,13.0
london,link+k50,1,5,20,3,0.7459207169083328,0.7459207169083328,0.0,,
london,link+k50,1,5,20,5,0.8015308980023648,0.8116746530586845,0.010143755056319703,,
london,link+k50,1,5,20,8,0.8598170390192296,0.8610492252162549,0.0012321861970253645,,
london,link+k50,1,5,20,-1,0.8447320928495862,,,7.0,13.0
london,link+k50,1,6,20,3,0.7459207169083328,0.7459207169083328,0.0,,
london,link+k50,1,6,20,5,0.8015308980023648,0.8116746530586845,0.010143755056319703,,
london,link+k50,1,6,20,8,0.8598170390192296,0.8610492252162549,0.0012321861970253645,,
london,link+k50,1,6,20,-1,0.8447320928495862,,,7.0,13.0
london,link+k50,1,7,20,3,0.7459207169083328,0.7459207169083328,0.0,,
london,link+k50,1,7,20,5,0.7869313585163981,0.8116746530586845,0.02474329454228641,,
london,link+k50,1,7,20,8,0.8479930300578754,0.8610492252162549,0.013056195158379524,,
london,link+k50,1,7,20,-1,0.8370029248864272,,,7.0,13.0
london,link+k50,1,8,20,3,0.7459207169083328,0.7459207169083328,0.0,,
london,link+k50,1,8,20,5,0.8015308980023648,0.8116746530586845,0.010143755056319703,,
london,link+k50,1,8,20,8,0.8598170390192296,0.8610492252162549,0.0012321861970253645,,
london,link+k50,1,8,20,-1,0.8447320928495862,,,7.0,13.0
london,link+k50,1,9,20,3,0.7459207169083328,0.7459207169083328,0.0,,
london,link+k50,1,9,20,5,0.8015308980023648,0.8116746530586845,0.010143755056319703,,
london,link+k50,1,9,20,8,0.8598170390192296,0.8610492252162549,0.0012321861970253645,,
london,link+k50,1,9,20,-1,0.8447320928495862,,,7.0,13.0
london,link+k50d,1,0,20,3,0.7459207169083328,0.7459207169083328,0.0,,
london,link+k50d,1,0,20,5,0.7869313585163981,0.8116746530586845,0.02474329454228641,,
london,link+k50d,1,0,20,8,0.8479930300578754,0.8610492252162549,0.013056195158379524,,
london,link+k50d,1,0,20,-1,0.8370029248864272,,,7.0,13.0
london,link,2,0,20,3,0.7459207169083328,0.7459207169083328,0.0,,
london,link,2,0,20,5,0.8015308980023648,0.8116746530586845,0.010143755056319703,,
london,link,2,0,20,8,0.8598170390192296,0.8610492252162549,0.0012321861970253645,,
london,link,2,0,20,-1,0.8447320928495862,,,7.0,13.0
london,link,2,0,10,3,0.7459207169083328,0.7459207169083328,0.0,,
london,link,2,0,10,5,0.8116746530586845,0.8116746530586845,0.0,,
london,link,2,0,10,8,0.8402887547451615,0.8428402514157695,0.0025514966706079445,,
london,link,2,0,10,-1,0.8557719833219242,,,,
london,link_reg,2,0,20,3,0.6508432385338229,0.7459207169083328,0.09507747837450997,,
london,link_reg,2,0,20,5,0.7455224345012135,0.8116746530586845,0.066152218557471,,
london,link_reg,2,0,20,8,0.8197647644532952,0.8610492252162549,0.041284460762959774,,
london,link_reg,2,0,20,-1,0.43853382288879206,,,1.0,13.0
london,link_reg,2,0,10,3,0.7459207169083328,0.7459207169083328,0.0,,
london,link_reg,2,0,10,5,0.7891592507312216,0.8116746530586845,0.022515402327462852,,
london,link_reg,2,0,10,8,0.8379239529528907,0.8428402514157695,0.0049162984628787765,,
london,link_reg,2,0,10,-1,0.5376563569606074,,,1.0,
london,link+k10,2,0,20,3,0.7459207169083328,0.7459207169083328,0.0,,
london,link+k10,2,0,20,5,0.8015308980023648,0.8116746530586845,0.010143755056319703,,
london,link+k10,2,0,20,8,0.8598170390192296,0.8610492252162549,0.0012321861970253645,,
london,link+k10,2,0,20,-1,0.8447320928495862,,,7.0,13.0
london,link+k10,2,1,20,3,0.7459207169083328,0.7459207169083328,0.0,,
london,link+k10,2,1,20,5,0.8015308980023648,0.8116746530586845,0.010143755056319703,,
london,link+k10,2,1,20,8,0.8598170390192296,0.8610492252162549,0.0012321861970253645,,
london,link+k10,2,1,20,-1,0.831165598357085,,,6.0,13.0
london,link+k10,2,2,20,3,0.7459207169083328,0.7459207169083328,0.0,,
london,link+k10,2,2,20,5,0.8015308980023648,0.8116746530586845,0.010143755056319703,,
london,link+k10,2,2,20,8,0.8598170390192296,0.8610492252162549,0.0012321861970253645,,
london,link+k10,2,2,20,-1,0.8447320928495862,,,7.0,13.0
london,link+k10,2,3,20,3,0.7459207169083328,0.7459207169083328,0.0,,
london,link+k10,2,3,20,5,0.8015308980023648,0.8116746530586845,0.010143755056319703,,
london,link+k10,2,3,20,8,0.8598170390192296,0.8610492252162549,0.0012321861970253645,,
london,link+k10,2,3,20,-1,0.8447320928495862,,,7.0,13.0
london,link+k10,2,4,20,3,0.7459207169083328,0.7459207169083328,0.0,,
london,link+k10,2,4,20,5,0.8015308980023648,0.8116746530586845,0.010143755056319703,,
london,link+k10,2,4,20,8,0.8598170390192296,0.8610492252162549,0.0012321861970253645,,
london,link+k10,2,4,20,-1,0.831165598357085,,,6.0,13.0
london,link+k10,2,5,20,3,0.7459207169083328,0.7459207169083328,0.0,,
london,link+k10,2,5,20,5,0.8015308980023648,0.8116746530586845,0.010143755056319703,,
london,link+k10,2,5,20,8,0.8598170390192296,0.8610492252162549,0.0012321861970253645,,
london,link+k10,2,5,20,-1,0.8447320928495862,,,7.0,13.0
london,link+k10,2,6,20,3,0.7459207169083328,0.7459207169083328,0.0,,
london,link+k10,2,6,20,5,0.8015308980023648,0.8116746530586845,0.010143755056319703,,
london,link+k10,2,6,20,8,0.8598170390192296,0.8610492252162549,0.0012321861970253645,,
london,link+k10,2,6,20,-1,0.8447320928495862,,,7.0,13.0
london,link+k10,2,7,20,3,0.7459207169083328,0.7459207169083328,0.0,,
london,link+k10,2,7,20,5,0.8015308980023648,0.8116746530586845,0.010143755056319703,,
london,link+k10,2,7,20,8,0.8598170390192296,0.8610492252162549,0.0012321861970253645,,
london,link+k10,2,7,20,-1,0.8447320928495862,,,7.0,13.0
london,link+k10,2,8,20,3,0.7459207169083328,0.7459207169083328,0.0,,
london,link+k10,2,8,20,5,0.8015308980023648,0.8116746530586845,0.010143755056319703,,
london,link+k10,2,8,20,8,0.8598170390192296,0.8610492252162549,0.0012321861970253645,,
london,link+k10,2,8,20,-1,0.8447320928495862,,,7.0,13.0
london,link+k10,2,9,20,3,0.7459207169083328,0.7459207169083328,0.0,,
london,link+k10,2,9,20,5,0.8015308980023648,0.8116746530586845,0.010143755056319703,,
london,link+k10,2,9,20,8,0.8598170390192296,0.8610492252162549,0.0012321861970253645,,
london,link+k10,2,9,20,-1,0.8447320928495862,,,7.0,13.0
london,link+k10d,2,0,20,3,0.7459207169083328,0.7459207169083328,0.0,,
london,link+k10d,2,0,20,5,0.8015308980023648,0.8116746530586845,0.010143755056319703,,
london,link+k10d,2,0,20,8,0.8598170390192296,0.8610492252162549,0.0012321861970253645,,
london,link+k10d,2,0,20,-1,0.831165598357085,,,6.0,13.0
london,link+k25,2,0,20,3,0.7459207169083328,0.7459207169083328,0.0,,
london,link+k25,2,0,20,5,0.8015308980023648,0.8116746530586845,0.010143755056319703,,
london,link+k25,2,0,20,8,0.8598170390192296,0.8610492252162549,0.0012321861970253645,,
london,link+k25,2,0,20,-1,0.8447320928495862,,,7.0,13.0
london,link+k25,2,1,20,3,0.7459207169083328,0.7459207169083328,0.0,,
london,link+k25,2,1,20,5,0.8015308980023648,0.8116746530586845,0.010143755056319703,,
london,link+k25,2,1,20,8,0.8598170390192296,0.8610492252162549,0.0012321861970253645,,
london,link+k25,2,1,20,-1,0.8447320928495862,,,7.0,13.0
london,link+k25,2,2,20,3,0.7459207169083328,0.7459207169083328,0.0,,
london,link+k25,2,2,20,5,0.8015308980023648,0.8116746530586845,0.010143755056319703,,
london,link+k25,2,2,20,8,0.8598170390192296,0.8610492252162549,0.0012321861970253645,,
london,link+k25,2,2,20,-1,0.8447320928495862,,,7.0,13.0
london,link+k25,2,3,20,3,0.7459207169083328,0.7459207169083328,0.0,,
london,link+k25,2,3,20,5,0.8015308980023648,0.8116746530586845,0.010143755056319703,,
london,link+k25,2,3,20,8,0.8598170390192296,0.8610492252162549,0.0012321861970253645,,
london,link+k25,2,3,20,-1,0.8447320928495862,,,7.0,13.0
london,link+k25,2,4,20,3,0.7459207169083328,0.7459207169083328,0.0,,
london,link+k25,2,4,20,5,0.8015308980023648,0.8116746530586845,0.010143755056319703,,
london,link+k25,2,4,20,8,0.8598170390192296,0.8610492252162549,0.0012321861970253645,,
london,link+k25,2,4,20,-1,0.8447320928495862,,,7.0,13.0
london,link+k25,2,5,20,3,0.7459207169083328,0.7459207169083328,0.0,,
london,link+k25,2,5,20,5,0.8015308980023648,0.8116746530586845,0.010143755056319703,,
london,link+k25,2,5,20,8,0.8598170390192296,0.8610492252162549,0.0012321861970253645,,
london,link+k25,2,5,20,-1,0.8447320928495862,,,7.0,13.0
london,link+k25,2,6,20,3,0.7459207169083328,0.7459207169083328,0.0,,
london,link+k25,2,6,20,5,0.8015308980023648,0.8116746530586845,0.010143755056319703,,
london,link+k25,2,6,20,8,0.8598170390192296,0.8610492252162549,0.0012321861970253645,,
london,link+k25,2,6,20,-1,0.8447320928495862,,,7.0,13.0
london,link+k25,2,7,20,3,0.7459207169083328,0.7459207169083328,0.0,,
london,link+k25,2,7,20,5,0.8015308980023648,0.8116746530586845,0.010143755056319703,,
london,link+k25,2,7,20,8,0.8598170390192296,0.8610492252162549,0.0012321861970253645,,
london,link+k25,2,7,20,-1,0.8447320928495862,,,7.0,13.0
london,link+k25,2,8,20,3,0.7459207169083328,0.7459207169083328,0.0,,
london,link+k25,2,8,20,5,0.8015308980023648,0.8116746530586845,0.010143755056319703,,
london,link+k25,2,8,20,8,0.8598170390192296,0.8610492252162549,0.0012321861970253645,,
london,link+k25,2,8,20,-1,0.8447320928495862,,,7.0,13.0
london,link+k25,2,9,20,3,0.7459207169083328,0.7459207169083328,0.0,,
london,link+k25,2,9,20,5,0.8015308980023648,0.8116746530586845,0.010143755056319703,,
london,link+k25,2,9,20,8,0.8598170390192296,0.8610492252162549,0.0012321861970253645,,
london,link+k25,2,9,20,-1,0.8447320928495862,,,7.0,13.0
london,link+k25d,2,0,20,3,0.7459207169083328,0.7459207169083328,0.0,,
london,link+k25d,2,0,20,5,0.8015308980023648,0.8116746530586845,0.010143755056319703,,
london,link+k25d,2,0,20,8,0.8598170390192296,0.8610492252162549,0.0012321861970253645,,
london,link+k25d,2,0,20,-1,0.8447320928495862,,,7.0,13.0
london,link+k50,2,0,20,3,0.7459207169083328,0.7459207169083328,0.0,,
london,link+k50,2,0,20,5,0.8015308980023648,0.8116746530586845,0.010143755056319703,,
london,link+k50,2,0,20,8,0.8598170390192296,0.8610492252162549,0.0012321861970253645,,
london,link+k50,2,0,20,-1,0.8447320928495862,,,7.0,13.0
london,link+k50,2,1,20,3,0.7459207169083328,0.7459207169083328,0.0,,
london,link+k50,2,1,20,5,0.8015308980023648,0.8116746530586845,0.010143755056319703,,
london,link+k50,2,1,20,8,0.8598170390192296,0.8610492252162549,0.0012321861970253645,,
london,link+k50,2,1,20,-1,0.8447320928495862,,,7.0,13.0
london,link+k50,2,2,20,3,0.7459207169083328,0.7459207169083328,0.0,,
london,link+k50,2,2,20,5,0.8015308980023648,0.8116746530586845,0.010143755056319703,,
london,link+k50,2,2,20,8,0.8598170390192296,0.8610492252162549,0.0012321861970253645,,
london,link+k50,2,2,20,-1,0.8447320928495862,,,7.0,13.0
london,link+k50,2,3,20,3,0.7459207169083328,0.7459207169083328,0.0,,
london,link+k50,2,3,20,5,0.8015308980023648,0.8116746530586845,0.010143755056319703,,
london,link+k50,2,3,20,8,0.8598170390192296,0.8610492252162549,0.0012321861970253645,,
london,link+k50,2,3,20,-1,0.8447320928495862,,,7.0,13.0
london,link+k50,2,4,20,3,0.7459207169083328,0.7459207169083328,0.0,,
london,link+k50,2,4,20,5,0.8015308980023648,0.8116746530586845,0.010143755056319703,,
london,link+k50,2,4,20,8,0.8598170390192296,0.8610492252162549,0.0012321861970253645,,
london,link+k50,2,4,20,-1,0.8447320928495862,,,7.0,13.0
london,link+k50,2,5,20,3,0.7459207169083328,0.7459207169083328,0.0,,
london,link+k50,2,5,20,5,0.8015308980023648,0.8116746530586845,0.010143755056319703,,
london,link+k50,2,5,20,8,0.8598170390192296,0.8610492252162549,0.0012321861970253645,,
london,link+k50,2,5,20,-1,0.8447320928495862,,,7.0,13.0
london,link+k50,2,6,20,3,0.7459207169083328,0.7459207169083328,0.0,,
london,link+k50,2,6,20,5,0.8015308980023648,0.8116746530586845,0.010143755056319703,,
london,link+k50,2,6,20,8,0.8598170390192296,0.8610492252162549,0.0012321861970253645,,
london,link+k50,2,6,20,-1,0.8447320928495862,,,7.0,13.0
london,link+k50,2,7,20,3,0.7459207169083328,0.7459207169083328,0.0,,
london,link+k50,2,7,20,5,0.8015308980023648,0.8116746530586845,0.010143755056319703,,
london,link+k50,2,7,20,8,0.8598170390192296,0.8610492252162549,0.0012321861970253645,,
london,link+k50,2,7,20,-1,0.8447320928495862,,,7.0,13.0
london,link+k50,2,8,20,3,0.7459207169083328,0.7459207169083328,0.0,,
london,link+k50,2,8,20,5,0.8015308980023648,0.8116746530586845,0.010143755056319703,,
london,link+k50,2,8,20,8,0.8598170390192296,0.8610492252162549,0.0012321861970253645,,
london,link+k50,2,8,20,-1,0.8447320928495862,,,7.0,13.0
london,link+k50,2,9,20,3,0.7459207169083328,0.7459207169083328,0.0,,
london,link+k50,2,9,20,5,0.8015308980023648,0.8116746530586845,0.010143755056319703,,
london,link+k50,2,9,20,8,0.8598170390192296,0.8610492252162549,0.0012321861970253645,,
london,link+k50,2,9,20,-1,0.8447320928495862,,,7.0,13.0
london,link+k50d,2,0,20,3,0.7459207169083328,0.7459207169083328,0.0,,
london,link+k50d,2,0,20,5,0.8015308980023648,0.8116746530586845,0.010143755056319703,,
london,link+k50d,2,0,20,8,0.8598170390192296,0.8610492252162549,0.0012321861970253645,,
london,link+k50d,2,0,20,-1,0.8447320928495862,,,7.0,13.0
london,link,3,0,20,3,0.7459207169083328,0.7459207169083328,0.0,,
london,link,3,0,20,5,0.8015308980023648,0.8116746530586845,0.010143755056319703,,
london,link,3,0,20,8,0.8598170390192296,0.8610492252162549,0.0012321861970253645,,
london,link,3,0,20,-1,0.8447320928495862,,,7.0,13.0
london,link,3,0,10,3,0.7459207169083328,0.7459207169083328,0.0,,
london,link,3,0,10,5,0.8116746530586845,0.8116746530586845,0.0,,
london,link,3,0,10,8,0.8378866139772232,0.8428402514157695,0.004953637438546266,,
london,link,3,0,10,-1,0.8557719833219242,,,,
london,link_reg,3,0,20,3,0.6570290621693945,0.7459207169083328,0.08889165473893834,,
london,link_reg,3,0,20,5,0.7166594063102869,0.8116746530586845,0.09501524674839756,,
london,link_reg,3,0,20,8,0.8108780882444458,0.8610492252162549,0.05017113697180908,,
london,link_reg,3,0,20,-1,0.43853382288879206,,,1.0,13.0
london,link_reg,3,0,10,3,0.7188001742485531,0.7459207169083328,0.0271205426597797,,
london,link_reg,3,0,10,5,0.7962287634575892,0.8116746530586845,0.015445889601095275,,
london,link_reg,3,0,10,8,0.8142012570788475,0.8428402514157695,0.028638994336921964,,
london,link_reg,3,0,10,-1,0.5376563569606074,,,1.0,
london,link+k10,3,0,20,3,0.7459207169083328,0.7459207169083328,0.0,,
london,link+k10,3,0,20,5,0.8015308980023648,0.8116746530586845,0.010143755056319703,,
london,link+k10,3,0,20,8,0.8598170390192296,0.8610492252162549,0.0012321861970253645,,
london,link+k10,3,0,20,-1,0.8476320866264235,,,7.0,13.0
london,link+k10,3,1,20,3,0.7459207169083328,0.7459207169083328,0.0,,
london,link+k10,3,1,20,5,0.8015308980023648,0.8116746530586845,0.010143755056319703,,
london,link+k10,3,1,20,8,0.8598170390192296,0.8610492252162549,0.0012321861970253645,,
london,link+k10,3,1,20,-1,0.8447320928495862,,,7.0,13.0
london,link+k10,3,2,20,3,0.7459207169083328,0.7459207169083328,0.0,,
london,link+k10,3,2,20,5,0.8015308980023648,0.8116746530586845,0.010143755056319703,,
london,link+k10,3,2,20,8,0.8598170390192296,0.8610492252162549,0.0012321861970253645,,
london,link+k10,3,2,20,-1,0.8447320928495862,,,7.0,13.0
london,link+k10,3,3,20,3,0.7459207169083328,0.7459207169083328,0.0,,
london,link+k10,3,3,20,5,0.8015308980023648,0.8116746530586845,0.010143755056319703,,
london,link+k10,3,3,20,8,0.8598170390192296,0.8610492252162549,0.0012321861970253645,,
london,link+k10,3,3,20,-1,0.8447320928495862,,,7.0,13.0
london,link+k10,3,4,20,3,0.7459207169083328,0.7459207169083328,0.0,,
london,link+k10,3,4,20,5,0.8015308980023648,0.8116746530586845,0.010143755056319703,,
london,link+k10,3,4,20,8,0.8598170390192296,0.8610492252162549,0.0012321861970253645,,
london,link+k10,3,4,20,-1,0.8447320928495862,,,7.0,13.0
london,link+k10,3,5,20,3,0.7459207169083328,0.7459207169083328,0.0,,
london,link+k10,3,5,20,5,0.8015308980023648,0.8116746530586845,0.010143755056319703,,
london,link+k10,3,5,20,8,0.8598170390192296,0.8610492252162549,0.0012321861970253645,,
london,link+k10,3,5,20,-1,0.8447320928495862,,,7.0,13.0
london,link+k10,3,6,20,3,0.7459207169083328,0.7459207169083328,0.0,,
london,link+k10,3,6,20,5,0.8015308980023648,0.8116746530586845,0.010143755056319703,,
london,link+k10,3,6,20,8,0.8598170390192296,0.8610492252162549,0.0012321861970253645,,
london,link+k10,3,6,20,-1,0.8447320928495862,,,7.0,13.0
london,link+k10,3,7,20,3,0.7459207169083328,0.7459207169083328,0.0,,
london,link+k10,3,7,20,5,0.8015308980023648,0.8116746530586845,0.010143755056319703,,
london,link+k10,3,7,20,8,0.8598170390192296,0.8610492252162549,0.0012321861970253645,,
london,link+k10,3,7,20,-1,0.8447320928495862,,,7.0,13.0
london,link+k10,3,8,20,3,0.7459207169083328,0.7459207169083328,0.0,,
london,link+k10,3,8,20,5,0.8015308980023648,0.8116746530586845,0.010143755056319703,,
london,link+k10,3,8,20,8,0.8598170390192296,0.8610492252162549,0.0012321861970253645,,
london,link+k10,3,8,20,-1,0.8476320866264235,,,7.0,13.0
london,link+k10,3,9,20,3,0.7459207169083328,0.7459207169083328,0.0,,
london,link+k10,3,9,20,5,0.8015308980023648,0.8116746530586845,0.010143755056319703,,
london,link+k10,3,9,20,8,0.8598170390192296,0.8610492252162549,0.0012321861970253645,,
london,link+k10,3,9,20,-1,0.8447320928495862,,,7.0,13.0
london,link+k10d,3,0,20,3,0.7459207169083328,0.7459207169083328,0.0,,
london,link+k10d,3,0,20,5,0.8015308980023648,0.8116746530586845,0.010143755056319703,,
london,link+k10d,3,0,20,8,0.8598170390192296,0.8610492252162549,0.0012321861970253645,,
london,link+k10d,3,0,20,-1,0.8447320928495862,,,7.0,13.0
london,link+k25,3,0,20,3,0.7459207169083328,0.7459207169083328,0.0,,
london,link+k25,3,0,20,5,0.8015308980023648,0.8116746530586845,0.010143755056319703,,
london,link+k25,3,0,20,8,0.8598170390192296,0.8610492252162549,0.0012321861970253645,,
london,link+k25,3,0,20,-1,0.8447320928495862,,,7.0,13.0
london,link+k25,3,1,20,3,0.7459207169083328,0.7459207169083328,0.0,,
london,link+k25,3,1,20,5,0.8015308980023648,0.8116746530586845,0.010143755056319703,,
london,link+k25,3,1,20,8,0.8598170390192296,0.8610492252162549,0.0012321861970253645,,
london,link+k25,3,1,20,-1,0.8447320928495862,,,7.0,13.0
london,link+k25,3,2,20,3,0.7459207169083328,0.7459207169083328,0.0,,
london,link+k25,3,2,20,5,0.8015308980023648,0.8116746530586845,0.010143755056319703,,
london,link+k25,3,2,20,8,0.8598170390192296,0.8610492252162549,0.0012321861970253645,,
london,link+k25,3,2,20,-1,0.8447320928495862,,,7.0,13.0
london,link+k25,3,3,20,3,0.7459207169083328,0.7459207169083328,0.0,,
london,link+k25,3,3,20,5,0.8015308980023648,0.8116746530586845,0.010143755056319703,,
london,link+k25,3,3,20,8,0.8598170390192296,0.8610492252162549,0.0012321861970253645,,
london,link+k25,3,3,20,-1,0.8447320928495862,,,7.0,13.0
london,link+k25,3,4,20,3,0.7459207169083328,0.7459207169083328,0.0,,
london,link+k25,3,4,20,5,0.8015308980023648,0.8116746530586845,0.010143755056319703,,
london,link+k25,3,4,20,8,0.8598170390192296,0.8610492252162549,0.0012321861970253645,,
london,link+k25,3,4,20,-1,0.8447320928495862,,,7.0,13.0
london,link+k25,3,5,20,3,0.7459207169083328,0.7459207169083328,0.0,,
london,link+k25,3,5,20,5,0.8015308980023648,0.8116746530586845,0.010143755056319703,,
london,link+k25,3,5,20,8,0.8598170390192296,0.8610492252162549,0.0012321861970253645,,
london,link+k25,3,5,20,-1,0.8447320928495862,,,7.0,13.0
london,link+k25,3,6,20,3,0.7459207169083328,0.7459207169083328,0.0,,
london,link+k25,3,6,20,5,0.8015308980023648,0.8116746530586845,0.010143755056319703,,
london,link+k25,3,6,20,8,0.8598170390192296,0.8610492252162549,0.0012321861970253645,,
london,link+k25,3,6,20,-1,0.8447320928495862,,,7.0,13.0
london,link+k25,3,7,20,3,0.7459207169083328,0.7459207169083328,0.0,,
london,link+k25,3,7,20,5,0.8015308980023648,0.8116746530586845,0.010143755056319703,,
london,link+k25,3,7,20,8,0.8598170390192296,0.8610492252162549,0.0012321861970253645,,
london,link+k25,3,7,20,-1,0.8447320928495862,,,7.0,13.0
london,link+k25,3,8,20,3,0.7459207169083328,0.7459207169083328,0.0,,
london,link+k25,3,8,20,5,0.8015308980023648,0.8116746530586845,0.010143755056319703,,
london,link+k25,3,8,20,8,0.8598170390192296,0.8610492252162549,0.0012321861970253645,,
london,link+k25,3,8,20,-1,0.8333685979214637,,,7.0,13.0
london,link+k25,3,9,20,3,0.7459207169083328,0.7459207169083328,0.0,,
london,link+k25,3,9,20,5,0.8015308980023648,0.8116746530586845,0.010143755056319703,,
london,link+k25,3,9,20,8,0.8598170390192296,0.8610492252162549,0.0012321861970253645,,
london,link+k25,3,9,20,-1,0.8447320928495862,,,7.0,13.0
london,link+k25d,3,0,20,3,0.7459207169083328,0.7459207169083328,0.0,,
london,link+k25d,3,0,20,5,0.8015308980023648,0.8116746530586845,0.010143755056319703,,
london,link+k25d,3,0,20,8,0.8598170390192296,0.8610492252162549,0.0012321861970253645,,
london,link+k25d,3,0,20,-1,0.8447320928495862,,,7.0,13.0
london,link+k50,3,0,20,3,0.7459207169083328,0.7459207169083328,0.0,,
london,link+k50,3,0,20,5,0.8015308980023648,0.8116746530586845,0.010143755056319703,,
london,link+k50,3,0,20,8,0.8598170390192296,0.8610492252162549,0.0012321861970253645,,
london,link+k50,3,0,20,-1,0.8447320928495862,,,7.0,13.0
london,link+k50,3,1,20,3,0.7459207169083328,0.7459207169083328,0.0,,
london,link+k50,3,1,20,5,0.8015308980023648,0.8116746530586845,0.010143755056319703,,
london,link+k50,3,1,20,8,0.8598170390192296,0.8610492252162549,0.0012321861970253645,,
london,link+k50,3,1,20,-1,0.8447320928495862,,,7.0,13.0
london,link+k50,3,2,20,3,0.7459207169083328,0.7459207169083328,0.0,,
london,link+k50,3,2,20,5,0.8015308980023648,0.8116746530586845,0.010143755056319703,,
london,link+k50,3,2,20,8,0.8598170390192296,0.8610492252162549,0.0012321861970253645,,
london,link+k50,3,2,20,-1,0.8447320928495862,,,7.0,13.0
london,link+k50,3,3,20,3,0.7459207169083328,0.7459207169083328,0.0,,
london,link+k50,3,3,20,5,0.8015308980023648,0.8116746530586845,0.010143755056319703,,
london,link+k50,3,3,20,8,0.8598170390192296,0.8610492252162549,0.0012321861970253645,,
london,link+k50,3,3,20,-1,0.8447320928495862,,,7.0,13.0
london,link+k50,3,4,20,3,0.7459207169083328,0.7459207169083328,0.0,,
london,link+k50,3,4,20,5,0.8015308980023648,0.8116746530586845,0.010143755056319703,,
london,link+k50,3,4,20,8,0.8598170390192296,0.8610492252162549,0.0012321861970253645,,
london,link+k50,3,4,20,-1,0.8476320866264235,,,7.0,13.0
london,link+k50,3,5,20,3,0.7459207169083328,0.7459207169083328,0.0,,
london,link+k50,3,5,20,5,0.8015308980023648,0.8116746530586845,0.010143755056319703,,
london,link+k50,3,5,20,8,0.8598170390192296,0.8610492252162549,0.0012321861970253645,,
london,link+k50,3,5,20,-1,0.8447320928495862,,,7.0,13.0
london,link+k50,3,6,20,3,0.7459207169083328,0.7459207169083328,0.0,,
london,link+k50,3,6,20,5,0.8015308980023648,0.8116746530586845,0.010143755056319703,,
london,link+k50,3,6,20,8,0.8598170390192296,0.8610492252162549,0.0012321861970253645,,
london,link+k50,3,6,20,-1,0.8447320928495862,,,7.0,13.0
london,link+k50,3,7,20,3,0.7459207169083328,0.7459207169083328,0.0,,
london,link+k50,3,7,20,5,0.8015308980023648,0.8116746530586845,0.010143755056319703,,
london,link+k50,3,7,20,8,0.8598170390192296,0.8610492252162549,0.0012321861970253645,,
london,link+k50,3,7,20,-1,0.8447320928495862,,,7.0,13.0
london,link+k50,3,8,20,3,0.7459207169083328,0.7459207169083328,0.0,,
london,link+k50,3,8,20,5,0.8015308980023648,0.8116746530586845,0.010143755056319703,,
london,link+k50,3,8,20,8,0.8598170390192296,0.8610492252162549,0.0012321861970253645,,
london,link+k50,3,8,20,-1,0.8447320928495862,,,7.0,13.0
london,link+k50,3,9,20,3,0.7459207169083328,0.7459207169083328,0.0,,
london,link+k50,3,9,20,5,0.8015308980023648,0.8116746530586845,0.010143755056319703,,
london,link+k50,3,9,20,8,0.8598170390192296,0.8610492252162549,0.0012321861970253645,,
london,link+k50,3,9,20,-1,0.8447320928495862,,,7.0,13.0
london,link+k50d,3,0,20,3,0.7459207169083328,0.7459207169083328,0.0,,
london,link+k50d,3,0,20,5,0.8015308980023648,0.8116746530586845,0.010143755056319703,,
london,link+k50d,3,0,20,8,0.8598170390192296,0.8610492252162549,0.0012321861970253645,,
london,link+k50d,3,0,20,-1,0.8447320928495862,,,7.0,13.0
london,link,4,0,20,3,0.7459207169083328,0.7459207169083328,0.0,,
london,link,4,0,20,5,0.8015308980023648,0.8116746530586845,0.010143755056319703,,
london,link,4,0,20,8,0.8598170390192296,0.8610492252162549,0.0012321861970253645,,
london,link,4,0,20,-1,0.8447320928495862,,,7.0,13.0
london,link,4,0,10,3,0.7459207169083328,0.7459207169083328,0.0,,
london,link,4,0,10,5,0.8116746530586845,0.8116746530586845,0.0,,
london,link,4,0,10,8,0.8378866139772232,0.8428402514157695,0.004953637438546266,,
london,link,4,0,10,-1,0.8557719833219242,,,10.0,
london,link_reg,4,0,20,3,0.6508432385338229,0.7459207169083328,0.09507747837450997,,
london,link_reg,4,0,20,5,0.7455224345012135,0.8116746530586845,0.066152218557471,,
london,link_reg,4,0,20,8,0.8160930985126641,0.8610492252162549,0.04495612670359084,,
london,link_reg,4,0,20,-1,0.43853382288879206,,,1.0,13.0
london,link_reg,4,0,10,3,0.7459207169083328,0.7459207169083328,0.0,,
london,link_reg,4,0,10,5,0.7962287634575892,0.8116746530586845,0.015445889601095275,,
london,link_reg,4,0,10,8,0.8377994897006659,0.8428402514157695,0.005040761715103592,,
london,link_reg,4,0,10,-1,0.5376563569606074,,,1.0,
london,link+k10,4,0,20,3,0.7459207169083328,0.7459207169083328,0.0,,
london,link+k10,4,0,20,5,0.8015308980023648,0.8116746530586845,0.010143755056319703,,
london,link+k10,4,0,20,8,0.8598170390192296,0.8610492252162549,0.0012321861970253645,,
london,link+k10,4,0,20,-1,0.8447320928495862,,,7.0,13.0
london,link+k10,4,1,20,3,0.7459207169083328,0.7459207169083328,0.0,,
london,link+k10,4,1,20,5,0.8015308980023648,0.8116746530586845,0.010143755056319703,,
london,link+k10,4,1,20,8,0.8598170390192296,0.8610492252162549,0.0012321861970253645,,
london,link+k10,4,1,20,-1,0.8447320928495862,,,7.0,13.0
london,link+k10,4,2,20,3,0.7459207169083328,0.7459207169083328,0.0,,
london,link+k10,4,2,20,5,0.8015308980023648,0.8116746530586845,0.010143755056319703,,
london,link+k10,4,2,20,8,0.8598170390192296,0.8610492252162549,0.0012321861970253645,,
london,link+k10,4,2,20,-1,0.8447320928495862,,,7.0,13.0
london,link+k10,4,3,20,3,0.7459207169083328,0.7459207169083328,0.0,,
london,link+k10,4,3,20,5,0.8015308980023648,0.8116746530586845,0.010143755056319703,,
london,link+k10,4,3,20,8,0.8598170390192296,0.8610492252162549,0.0012321861970253645,,
london,link+k10,4,3,20,-1,0.8447320928495862,,,7.0,13.0
london,link+k10,4,4,20,3,0.7459207169083328,0.7459207169083328,0.0,,
london,link+k10,4,4,20,5,0.8015308980023648,0.8116746530586845,0.010143755056319703,,
london,link+k10,4,4,20,8,0.8598170390192296,0.8610492252162549,0.0012321861970253645,,
london,link+k10,4,4,20,-1,0.8447320928495862,,,7.0,13.0
london,link+k10,4,5,20,3,0.7459207169083328,0.7459207169083328,0.0,,
london,link+k10,4,5,20,5,0.8015308980023648,0.8116746530586845,0.010143755056319703,,
london,link+k10,4,5,20,8,0.8598170390192296,0.8610492252162549,0.0012321861970253645,,
london,link+k10,4,5,20,-1,0.8447320928495862,,,7.0,13.0
london,link+k10,4,6,20,3,0.7459207169083328,0.7459207169083328,0.0,,
london,link+k10,4,6,20,5,0.8015308980023648,0.8116746530586845,0.010143755056319703,,
london,link+k10,4,6,20,8,0.8598170390192296,0.8610492252162549,0.0012321861970253645,,
london,link+k10,4,6,20,-1,0.8447320928495862,,,7.0,13.0
london,link+k10,4,7,20,3,0.7459207169083328,0.7459207169083328,0.0,,
london,link+k10,4,7,20,5,0.8015308980023648,0.8116746530586845,0.010143755056319703,,
london,link+k10,4,7,20,8,0.8598170390192296,0.8610492252162549,0.0012321861970253645,,
london,link+k10,4,7,20,-1,0.8447320928495862,,,7.0,13.0
london,link+k10,4,8,20,3,0.7459207169083328,0.7459207169083328,0.0,,
london,link+k10,4,8,20,5,0.8015308980023648,0.8116746530586845,0.010143755056319703,,
london,link+k10,4,8,20,8,0.8598170390192296,0.8610492252162549,0.0012321861970253645,,
london,link+k10,4,8,20,-1,0.8447320928495862,,,7.0,13.0
london,link+k10,4,9,20,3,0.7459207169083328,0.7459207169083328,0.0,,
london,link+k10,4,9,20,5,0.8015308980023648,0.8116746530586845,0.010143755056319703,,
london,link+k10,4,9,20,8,0.8598170390192296,0.8610492252162549,0.0012321861970253645,,
london,link+k10,4,9,20,-1,0.8447320928495862,,,7.0,13.0
london,link+k10d,4,0,20,3,0.7459207169083328,0.7459207169083328,0.0,,
london,link+k10d,4,0,20,5,0.8015308980023648,0.8116746530586845,0.010143755056319703,,
london,link+k10d,4,0,20,8,0.8598170390192296,0.8610492252162549,0.0012321861970253645,,
london,link+k10d,4,0,20,-1,0.8447320928495862,,,7.0,13.0
london,link+k25,4,0,20,3,0.7459207169083328,0.7459207169083328,0.0,,
london,link+k25,4,0,20,5,0.8015308980023648,0.8116746530586845,0.010143755056319703,,
london,link+k25,4,0,20,8,0.8598170390192296,0.8610492252162549,0.0012321861970253645,,
london,link+k25,4,0,20,-1,0.8447320928495862,,,7.0,13.0
london,link+k25,4,1,20,3,0.7459207169083328,0.7459207169083328,0.0,,
london,link+k25,4,1,20,5,0.8015308980023648,0.8116746530586845,0.010143755056319703,,
london,link+k25,4,1,20,8,0.8598170390192296,0.8610492252162549,0.0012321861970253645,,
london,link+k25,4,1,20,-1,0.8447320928495862,,,7.0,13.0
london,link+k25,4,2,20,3,0.7459207169083328,0.7459207169083328,0.0,,
london,link+k25,4,2,20,5,0.8015308980023648,0.8116746530586845,0.010143755056319703,,
london,link+k25,4,2,20,8,0.8598170390192296,0.8610492252162549,0.0012321861970253645,,
london,link+k25,4,2,20,-1,0.8447320928495862,,,7.0,13.0
london,link+k25,4,3,20,3,0.7459207169083328,0.7459207169083328,0.0,,
london,link+k25,4,3,20,5,0.8015308980023648,0.8116746530586845,0.010143755056319703,,
london,link+k25,4,3,20,8,0.8598170390192296,0.8610492252162549,0.0012321861970253645,,
london,link+k25,4,3,20,-1,0.8447320928495862,,,7.0,13.0
london,link+k25,4,4,20,3,0.7459207169083328,0.7459207169083328,0.0,,
london,link+k25,4,4,20,5,0.8015308980023648,0.8116746530586845,0.010143755056319703,,
london,link+k25,4,4,20,8,0.8598170390192296,0.8610492252162549,0.0012321861970253645,,
london,link+k25,4,4,20,-1,0.8447320928495862,,,7.0,13.0
london,link+k25,4,5,20,3,0.7459207169083328,0.7459207169083328,0.0,,
london,link+k25,4,5,20,5,0.8015308980023648,0.8116746530586845,0.010143755056319703,,
london,link+k25,4,5,20,8,0.8494616964341278,0.8610492252162549,0.011587528782127099,,
london,link+k25,4,5,20,-1,0.8333188126205737,,,7.0,13.0
london,link+k25,4,6,20,3,0.7459207169083328,0.7459207169083328,0.0,,
london,link+k25,4,6,20,5,0.8015308980023648,0.8116746530586845,0.010143755056319703,,
london,link+k25,4,6,20,8,0.8598170390192296,0.8610492252162549,0.0012321861970253645,,
london,link+k25,4,6,20,-1,0.8447320928495862,,,7.0,13.0
london,link+k25,4,7,20,3,0.7459207169083328,0.7459207169083328,0.0,,
london,link+k25,4,7,20,5,0.8015308980023648,0.8116746530586845,0.010143755056319703,,
london,link+k25,4,7,20,8,0.8598170390192296,0.8610492252162549,0.0012321861970253645,,
london,link+k25,4,7,20,-1,0.8447320928495862,,,7.0,13.0
london,link+k25,4,8,20,3,0.7459207169083328,0.7459207169083328,0.0,,
london,link+k25,4,8,20,5,0.8015308980023648,0.8116746530586845,0.010143755056319703,,
london,link+k25,4,8,20,8,0.8494616964341278,0.8610492252162549,0.011587528782127099,,
london,link+k25,4,8,20,-1,0.8333188126205737,,,7.0,13.0
london,link+k25,4,9,20,3,0.7459207169083328,0.7459207169083328,0.0,,
london,link+k25,4,9,20,5,0.8015308980023648,0.8116746530586845,0.010143755056319703,,
london,link+k25,4,9,20,8,0.8598170390192296,0.8610492252162549,0.0012321861970253645,,
london,link+k25,4,9,20,-1,0.8447320928495862,,,7.0,13.0
london,link+k25d,4,0,20,3,0.7459207169083328,0.7459207169083328,0.0,,
london,link+k25d,4,0,20,5,0.8015308980023648,0.8116746530586845,0.010143755056319703,,
london,link+k25d,4,0,20,8,0.8598170390192296,0.8610492252162549,0.0012321861970253645,,
london,link+k25d,4,0,20,-1,0.8447320928495862,,,7.0,13.0
london,link+k50,4,0,20,3,0.7459207169083328,0.7459207169083328,0.0,,
london,link+k50,4,0,20,5,0.8015308980023648,0.8116746530586845,0.010143755056319703,,
london,link+k50,4,0,20,8,0.8598170390192296,0.8610492252162549,0.0012321861970253645,,
london,link+k50,4,0,20,-1,0.8447320928495862,,,7.0,13.0
london,link+k50,4,1,20,3,0.7459207169083328,0.7459207169083328,0.0,,
london,link+k50,4,1,20,5,0.8015308980023648,0.8116746530586845,0.010143755056319703,,
london,link+k50,4,1,20,8,0.8598170390192296,0.8610492252162549,0.0012321861970253645,,
london,link+k50,4,1,20,-1,0.8447320928495862,,,7.0,13.0
london,link+k50,4,2,20,3,0.7459207169083328,0.7459207169083328,0.0,,
london,link+k50,4,2,20,5,0.8015308980023648,0.8116746530586845,0.010143755056319703,,
london,link+k50,4,2,20,8,0.8598170390192296,0.8610492252162549,0.0012321861970253645,,
london,link+k50,4,2,20,-1,0.8447320928495862,,,7.0,13.0
london,link+k50,4,3,20,3,0.7459207169083328,0.7459207169083328,0.0,,
london,link+k50,4,3,20,5,0.8015308980023648,0.8116746530586845,0.010143755056319703,,
london,link+k50,4,3,20,8,0.8598170390192296,0.8610492252162549,0.0012321861970253645,,
london,link+k50,4,3,20,-1,0.8447320928495862,,,7.0,13.0
london,link+k50,4,4,20,3,0.7459207169083328,0.7459207169083328,0.0,,
london,link+k50,4,4,20,5,0.8015308980023648,0.8116746530586845,0.010143755056319703,,
london,link+k50,4,4,20,8,0.8494616964341278,0.8610492252162549,0.011587528782127099,,
london,link+k50,4,4,20,-1,0.8333188126205737,,,7.0,13.0
london,link+k50,4,5,20,3,0.7459207169083328,0.7459207169083328,0.0,,
london,link+k50,4,5,20,5,0.8015308980023648,0.8116746530586845,0.010143755056319703,,
london,link+k50,4,5,20,8,0.8598170390192296,0.8610492252162549,0.0012321861970253645,,
london,link+k50,4,5,20,-1,0.8447320928495862,,,7.0,13.0
london,link+k50,4,6,20,3,0.7459207169083328,0.7459207169083328,0.0,,
london,link+k50,4,6,20,5,0.8015308980023648,0.8116746530586845,0.010143755056319703,,
london,link+k50,4,6,20,8,0.8598170390192296,0.8610492252162549,0.0012321861970253645,,
london,link+k50,4,6,20,-1,0.8447320928495862,,,7.0,13.0
london,link+k50,4,7,20,3,0.7459207169083328,0.7459207169083328,0.0,,
london,link+k50,4,7,20,5,0.8015308980023648,0.8116746530586845,0.010143755056319703,,
london,link+k50,4,7,20,8,0.8598170390192296,0.8610492252162549,0.0012321861970253645,,
london,link+k50,4,7,20,-1,0.8447320928495862,,,7.0,13.0
london,link+k50,4,8,20,3,0.7459207169083328,0.7459207169083328,0.0,,
london,link+k50,4,8,20,5,0.8015308980023648,0.8116746530586845,0.010143755056319703,,
london,link+k50,4,8,20,8,0.8598170390192296,0.8610492252162549,0.0012321861970253645,,
london,link+k50,4,8,20,-1,0.8447320928495862,,,7.0,13.0
london,link+k50,4,9,20,3,0.7459207169083328,0.7459207169083328,0.0,,
london,link+k50,4,9,20,5,0.8015308980023648,0.8116746530586845,0.010143755056319703,,
london,link+k50,4,9,20,8,0.8598170390192296,0.8610492252162549,0.0012321861970253645,,
london,link+k50,4,9,20,-1,0.8447320928495862,,,7.0,13.0
london,link+k50d,4,0,20,3,0.7459207169083328,0.7459207169083328,0.0,,
london,link+k50d,4,0,20,5,0.8015308980023648,0.8116746530586845,0.010143755056319703,,
london,link+k50d,4,0,20,8,0.8598170390192296,0.8610492252162549,0.0012321861970253645,,
london,link+k50d,4,0,20,-1,0.8447320928495862,,,7.0,13.0
munich,link,0,0,20,3,0.7545285128587402,0.7545285128587402,0.0,,
munich,link,0,0,20,5,0.8002236302646292,0.8045844204248975,0.004360790160268357,,
munich,link,0,0,20,8,0.8439060752888558,0.8500186358553857,0.006112560566529979,,
munich,link,0,0,20,-1,0.8002236302646292,,,5.0,15.0
munich,link,0,0,10,3,0.7545285128587402,0.7545285128587402,0.0,,
munich,link,0,0,10,5,0.8045844204248975,0.8045844204248975,0.0,,
munich,link,0,0,10,8,0.8388868182382905,0.8396074046465399,0.0007205864082494573,,
munich,link,0,0,10,-1,0.8045844204248975,,,5.0,
munich,link_reg,0,0,20,3,0.6797863088582433,0.7545285128587402,0.07474220400049691,,
munich,link_reg,0,0,20,5,0.7377438191079637,0.8045844204248975,0.06684060131693381,,
munich,link_reg,0,0,20,8,0.7888930301900857,0.8500186358553857,0.06112560566530001,,
munich,link_reg,0,0,20,-1,0.5584544663933408,,,1.0,15.0
munich,link_reg,0,0,10,3,0.6797863088582433,0.7545285128587402,0.07474220400049691,,
munich,link_reg,0,0,10,5,0.7702074791899615,0.8045844204248975,0.034376941234936065,,
munich,link_reg,0,0,10,8,0.8376692756864207,0.8396074046465399,0.0019381289601192453,,
munich,link_reg,0,0,10,-1,0.5584544663933408,,,1.0,
munich,link+k10,0,0,20,3,0.7545285128587402,0.7545285128587402,0.0,,
munich,link+k10,0,0,20,5,0.8002236302646292,0.8045844204248975,0.004360790160268357,,
munich,link+k10,0,0,20,8,0.8439060752888558,0.8500186358553857,0.006112560566529979,,
munich,link+k10,0,0,20,-1,0.8002236302646292,,,5.0,15.0
munich,link+k10,0,1,20,3,0.7545285128587402,0.7545285128587402,0.0,,
munich,link+k10,0,1,20,5,0.8002236302646292,0.8045844204248975,0.004360790160268357,,
munich,link+k10,0,1,20,8,0.8439060752888558,0.8500186358553857,0.006112560566529979,,
munich,link+k10,0,1,20,-1,0.8002236302646292,,,5.0,15.0
munich,link+k10,0,2,20,3,0.7545285128587402,0.7545285128587402,0.0,,
munich,link+k10,0,2,20,5,0.8002236302646292,0.8045844204248975,0.004360790160268357,,
munich,link+k10,0,2,20,8,0.8439060752888558,0.8500186358553857,0.006112560566529979,,
munich,link+k10,0,2,20,-1,0.8002236302646292,,,5.0,15.0
munich,link+k10,0,3,20,3,0.7545285128587402,0.7545285128587402,0.0,,
munich,link+k10,0,3,20,5,0.8002236302646292,0.8045844204248975,0.004360790160268357,,
munich,link+k10,0,3,20,8,0.8439060752888558,0.8500186358553857,0.006112560566529979,,
munich,link+k10,0,3,20,-1,0.8002236302646292,,,5.0,15.0
munich,link+k10,0,4,20,3,0.7545285128587402,0.7545285128587402,0.0,,
munich,link+k10,0,4,20,5,0.8002236302646292,0.8045844204248975,0.004360790160268357,,
munich,link+k10,0,4,20,8,0.8439060752888558,0.8500186358553857,0.006112560566529979,,
munich,link+k10,0,4,20,-1,0.8002236302646292,,,5.0,15.0
munich,link+k10,0,5,20,3,0.7545285128587402,0.7545285128587402,0.0,,
munich,link+k10,0,5,20,5,0.8002236302646292,0.8045844204248975,0.004360790160268357,,
munich,link+k10,0,5,20,8,0.8439060752888558,0.8500186358553857,0.006112560566529979,,
munich,link+k10,0,5,20,-1,0.8002236302646292,,,5.0,15.0
munich,link+k10,0,6,20,3,0.7545285128587402,0.7545285128587402,0.0,,
munich,link+k10,0,6,20,5,0.8002236302646292,0.8045844204248975,0.004360790160268357,,
munich,link+k10,0,6,20,8,0.8439060752888558,0.8500186358553857,0.006112560566529979,,
munich,link+k10,0,6,20,-1,0.8002236302646292,,,5.0,15.0
munich,link+k10,0,7,20,3,0.7545285128587402,0.7545285128587402,0.0,,
munich,link+k10,0,7,20,5,0.8002236302646292,0.8045844204248975,0.004360790160268357,,
munich,link+k10,0,7,20,8,0.8439060752888558,0.8500186358553857,0.006112560566529979,,
munich,link+k10,0,7,20,-1,0.8002236302646292,,,5.0,15.0
munich,link+k10,0,8,20,3,0.7545285128587402,0.7545285128587402,0.0,,
munich,link+k10,0,8,20,5,0.8002236302646292,0.8045844204248975,0.004360790160268357,,
munich,link+k10,0,8,20,8,0.8439060752888558,0.8500186358553857,0.006112560566529979,,
munich,link+k10,0,8,20,-1,0.8002236302646292,,,5.0,15.0
munich,link+k10,0,9,20,3,0.7545285128587402,0.7545285128587402,0.0,,
munich,link+k10,0,9,20,5,0.8002236302646292,0.8045844204248975,0.004360790160268357,,
munich,link+k10,0,9,20,8,0.8439060752888558,0.8500186358553857,0.006112560566529979,,
munich,link+k10,0,9,20,-1,0.8002236302646292,,,5.0,15.0
munich,link+k10d,0,0,20,3,0.7545285128587402,0.7545285128587402,0.0,,
munich,link+k10d,0,0,20,5,0.8002236302646292,0.8045844204248975,0.004360790160268357,,
munich,link+k10d,0,0,20,8,0.8439060752888558,0.8500186358553857,0.006112560566529979,,
munich,link+k10d,0,0,20,-1,0.8002236302646292,,,5.0,15.0
munich,link+k25,0,0,20,3,0.7545285128587402,0.7545285128587402,0.0,,
munich,link+k25,0,0,20,5,0.8002236302646292,0.8045844204248975,0.004360790160268357,,
munich,link+k25,0,0,20,8,0.8439060752888558,0.8500186358553857,0.006112560566529979,,
munich,link+k25,0,0,20,-1,0.8002236302646292,,,5.0,15.0
munich,link+k25,0,1,20,3,0.7545285128587402,0.7545285128587402,0.0,,
munich,link+k25,0,1,20,5,0.8002236302646292,0.8045844204248975,0.004360790160268357,,
munich,link+k25,0,1,20,8,0.8439060752888558,0.8500186358553857,0.006112560566529979,,
munich,link+k25,0,1,20,-1,0.8002236302646292,,,5.0,15.0
munich,link+k25,0,2,20,3,0.7545285128587402,0.7545285128587402,0.0,,
munich,link+k25,0,2,20,5,0.8002236302646292,0.8045844204248975,0.004360790160268357,,
munich,link+k25,0,2,20,8,0.8439060752888558,0.8500186358553857,0.006112560566529979,,
munich,link+k25,0,2,20,-1,0.8002236302646292,,,5.0,15.0
munich,link+k25,0,3,20,3,0.7545285128587402,0.7545285128587402,0.0,,
munich,link+k25,0,3,20,5,0.8002236302646292,0.8045844204248975,0.004360790160268357,,
munich,link+k25,0,3,20,8,0.8439060752888558,0.8500186358553857,0.006112560566529979,,
munich,link+k25,0,3,20,-1,0.8002236302646292,,,5.0,15.0
munich,link+k25,0,4,20,3,0.7545285128587402,0.7545285128587402,0.0,,
munich,link+k25,0,4,20,5,0.8002236302646292,0.8045844204248975,0.004360790160268357,,
munich,link+k25,0,4,20,8,0.8439060752888558,0.8500186358553857,0.006112560566529979,,
munich,link+k25,0,4,20,-1,0.8002236302646292,,,5.0,15.0
munich,link+k25,0,5,20,3,0.7545285128587402,0.7545285128587402,0.0,,
munich,link+k25,0,5,20,5,0.8002236302646292,0.8045844204248975,0.004360790160268357,,
munich,link+k25,0,5,20,8,0.8439060752888558,0.8500186358553857,0.006112560566529979,,
munich,link+k25,0,5,20,-1,0.8002236302646292,,,5.0,15.0
munich,link+k25,0,6,20,3,0.7545285128587402,0.7545285128587402,0.0,,
munich,link+k25,0,6,20,5,0.8002236302646292,0.8045844204248975,0.004360790160268357,,
munich,link+k25,0,6,20,8,0.8439060752888558,0.8500186358553857,0.006112560566529979,,
munich,link+k25,0,6,20,-1,0.8002236302646292,,,5.0,15.0
munich,link+k25,0,7,20,3,0.7545285128587402,0.7545285128587402,0.0,,
munich,link+k25,0,7,20,5,0.8002236302646292,0.8045844204248975,0.004360790160268357,,
munich,link+k25,0,7,20,8,0.8439060752888558,0.8500186358553857,0.006112560566529979,,
munich,link+k25,0,7,20,-1,0.8002236302646292,,,5.0,15.0
munich,link+k25,0,8,20,3,0.7545285128587402,0.7545285128587402,0.0,,
munich,link+k25,0,8,20,5,0.8002236302646292,0.8045844204248975,0.004360790160268357,,
munich,link+k25,0,8,20,8,0.8439060752888558,0.8500186358553857,0.006112560566529979,,
munich,link+k25,0,8,20,-1,0.8002236302646292,,,5.0,15.0
munich,link+k25,0,9,20,3,0.7545285128587402,0.7545285128587402,0.0,,
munich,link+k25,0,9,20,5,0.8002236302646292,0.8045844204248975,0.004360790160268357,,
munich,link+k25,0,9,20,8,0.8439060752888558,0.8500186358553857,0.006112560566529979,,
munich,link+k25,0,9,20,-1,0.8002236302646292,,,5.0,15.0
munich,link+k25d,0,0,20,3,0.7545285128587402,0.7545285128587402,0.0,,
munich,link+k25d,0,0,20,5,0.8002236302646292,0.8045844204248975,0.004360790160268357,,
munich,link+k25d,0,0,20,8,0.8439060752888558,0.8500186358553857,0.006112560566529979,,
munich,link+k25d,0,0,20,-1,0.8002236302646292,,,5.0,15.0
munich,link+k50,0,0,20,3,0.7545285128587402,0.7545285128587402,0.0,,
munich,link+k50,0,0,20,5,0.8002236302646292,0.8045844204248975,0.004360790160268357,,
munich,link+k50,0,0,20,8,0.8439060752888558,0.8500186358553857,0.006112560566529979,,
munich,link+k50,0,0,20,-1,0.8002236302646292,,,5.0,15.0
munich,link+k50,0,1,20,3,0.7545285128587402,0.7545285128587402,0.0,,
munich,link+k50,0,1,20,5,0.8002236302646292,0.8045844204248975,0.004360790160268357,,
munich,link+k50,0,1,20,8,0.8439060752888558,0.8500186358553857,0.006112560566529979,,
munich,link+k50,0,1,20,-1,0.8002236302646292,,,5.0,15.0
munich,link+k50,0,2,20,3,0.7545285128587402,0.7545285128587402,0.0,,
munich,link+k50,0,2,20,5,0.8002236302646292,0.8045844204248975,0.004360790160268357,,
munich,link+k50,0,2,20,8,0.8439060752888558,0.8500186358553857,0.006112560566529979,,
munich,link+k50,0,2,20,-1,0.8002236302646292,,,5.0,15.0
munich,link+k50,0,3,20,3,0.7545285128587402,0.7545285128587402,0.0,,
munich,link+k50,0,3,20,5,0.8002236302646292,0.8045844204248975,0.004360790160268357,,
munich,link+k50,0,3,20,8,0.8439060752888558,0.8500186358553857,0.006112560566529979,,
munich,link+k50,0,3,20,-1,0.8002236302646292,,,5.0,15.0
munich,link+k50,0,4,20,3,0.7545285128587402,0.7545285128587402,0.0,,
munich,link+k50,0,4,20,5,0.8002236302646292,0.8045844204248975,0.004360790160268357,,
munich,link+k50,0,4,20,8,0.8439060752888558,0.8500186358553857,0.006112560566529979,,
munich,link+k50,0,4,20,-1,0.8002236302646292,,,5.0,15.0
munich,link+k50,0,5,20,3,0.7545285128587402,0.7545285128587402,0.0,,
munich,link+k50,0,5,20,5,0.8002236302646292,0.8045844204248975,0.004360790160268357,,
munich,link+k50,0,5,20,8,0.8439060752888558,0.8500186358553857,0.006112560566529979,,
munich,link+k50,0,5,20,-1,0.8002236302646292,,,5.0,15.0
munich,link+k50,0,6,20,3,0.7545285128587402,0.7545285128587402,0.0,,
munich,link+k50,0,6,20,5,0.8002236302646292,0.8045844204248975,0.004360790160268357,,
munich,link+k50,0,6,20,8,0.8439060752888558,0.8500186358553857,0.006112560566529979,,
munich,link+k50,0,6,20,-1,0.8002236302646292,,,5.0,15.0
munich,link+k50,0,7,20,3,0.7545285128587402,0.7545285128587402,0.0,,
munich,link+k50,0,7,20,5,0.8002236302646292,0.8045844204248975,0.004360790160268357,,
munich,link+k50,0,7,20,8,0.8439060752888558,0.8500186358553857,0.006112560566529979,,
munich,link+k50,0,7,20,-1,0.8002236302646292,,,5.0,15.0
munich,link+k50,0,8,20,3,0.7545285128587402,0.7545285128587402,0.0,,
munich,link+k50,0,8,20,5,0.8002236302646292,0.8045844204248975,0.004360790160268357,,
munich,link+k50,0,8,20,8,0.8439060752888558,0.8500186358553857,0.006112560566529979,,
munich,link+k50,0,8,20,-1,0.8002236302646292,,,5.0,15.0
munich,link+k50,0,9,20,3,0.7545285128587402,0.7545285128587402,0.0,,
munich,link+k50,0,9,20,5,0.8002236302646292,0.8045844204248975,0.004360790160268357,,
munich,link+k50,0,9,20,8,0.8439060752888558,0.8500186358553857,0.006112560566529979,,
munich,link+k50,0,9,20,-1,0.8002236302646292,,,5.0,15.0
munich,link+k50d,0,0,20,3,0.7545285128587402,0.7545285128587402,0.0,,
munich,link+k50d,0,0,20,5,0.8002236302646292,0.8045844204248975,0.004360790160268357,,
munich,link+k50d,0,0,20,8,0.8439060752888558,0.8500186358553857,0.006112560566529979,,
munich,link+k50d,0,0,20,-1,0.8002236302646292,,,5.0,15.0
munich,link,1,0,20,3,0.7545285128587402,0.7545285128587402,0.0,,
munich,link,1,0,20,5,0.8002236302646292,0.8045844204248975,0.004360790160268357,,
munich,link,1,0,20,8,0.8439060752888558,0.8500186358553857,0.006112560566529979,,
munich,link,1,0,20,-1,0.8002236302646292,,,5.0,15.0
munich,link,1,0,10,3,0.7545285128587402,0.7545285128587402,0.0,,
munich,link,1,0,10,5,0.8045844204248975,0.8045844204248975,0.0,,
munich,link,1,0,10,8,0.8376692756864207,0.8396074046465399,0.0019381289601192453,,
munich,link,1,0,10,-1,0.8045844204248975,,,5.0,
munich,link_reg,1,0,20,3,0.7325133556963598,0.7545285128587402,0.02201515716238045,,
munich,link_reg,1,0,20,5,0.7909057025717481,0.8045844204248975,0.013678717853149447,,
munich,link_reg,1,0,20,8,0.8335321157907815,0.8500186358553857,0.01648652006460427,,
munich,link_reg,1,0,20,-1,0.5584544663933408,,,1.0,15.0
munich,link_reg,1,0,10,3,0.7325133556963598,0.7545285128587402,0.02201515716238045,,
munich,link_reg,1,0,10,5,0.7909057025717481,0.8045844204248975,0.013678717853149447,,
munich,link_reg,1,0,10,8,0.822810286992173,0.8396074046465399,0.016797117654366978,,
munich,link_reg,1,0,10,-1,0.5584544663933408,,,1.0,
munich,link+k10,1,0,20,3,0.7545285128587402,0.7545285128587402,0.0,,
munich,link+k10,1,0,20,5,0.8002236302646292,0.8045844204248975,0.004360790160268357,,
munich,link+k10,1,0,20,8,0.8439060752888558,0.8500186358553857,0.006112560566529979,,
munich,link+k10,1,0,20,-1,0.8002236302646292,,,5.0,15.0
munich,link+k10,1,1,20,3,0.7545285128587402,0.7545285128587402,0.0,,
munich,link+k10,1,1,20,5,0.8002236302646292,0.8045844204248975,0.004360790160268357,,
munich,link+k10,1,1,20,8,0.8439060752888558,0.8500186358553857,0.006112560566529979,,
munich,link+k10,1,1,20,-1,0.8002236302646292,,,5.0,15.0
munich,link+k10,1,2,20,3,0.7545285128587402,0.7545285128587402,0.0,,
munich,link+k10,1,2,20,5,0.8002236302646292,0.8045844204248975,0.004360790160268357,,
munich,link+k10,1,2,20,8,0.8439060752888558,0.8500186358553857,0.006112560566529979,,
munich,link+k10,1,2,20,-1,0.8002236302646292,,,5.0,15.0
munich,link+k10,1,3,20,3,0.7545285128587402,0.7545285128587402,0.0,,
munich,link+k10,1,3,20,5,0.8002236302646292,0.8045844204248975,0.004360790160268357,,
munich,link+k10,1,3,20,8,0.8439060752888558,0.8500186358553857,0.006112560566529979,,
munich,link+k10,1,3,20,-1,0.8002236302646292,,,5.0,15.0
munich,link+k10,1,4,20,3,0.7545285128587402,0.7545285128587402,0.0,,
munich,link+k10,1,4,20,5,0.8002236302646292,0.8045844204248975,0.004360790160268357,,
munich,link+k10,1,4,20,8,0.8439060752888558,0.8500186358553857,0.006112560566529979,,
munich,link+k10,1,4,20,-1,0.8002236302646292,,,5.0,15.0
munich,link+k10,1,5,20,3,0.7545285128587402,0.7545285128587402,0.0,,
munich,link+k10,1,5,20,5,0.8002236302646292,0.8045844204248975,0.004360790160268357,,
munich,link+k10,1,5,20,8,0.8439060752888558,0.8500186358553857,0.006112560566529979,,
munich,link+k10,1,5,20,-1,0.8002236302646292,,,5.0,15.0
munich,link+k10,1,6,20,3,0.7545285128587402,0.7545285128587402,0.0,,
munich,link+k10,1,6,20,5,0.8002236302646292,0.8045844204248975,0.004360790160268357,,
munich,link+k10,1,6,20,8,0.8439060752888558,0.8500186358553857,0.006112560566529979,,
munich,link+k10,1,6,20,-1,0.8002236302646292,,,5.0,15.0
munich,link+k10,1,7,20,3,0.7545285128587402,0.7545285128587402,0.0,,
munich,link+k10,1,7,20,5,0.8002236302646292,0.8045844204248975,0.004360790160268357,,
munich,link+k10,1,7,20,8,0.8439060752888558,0.8500186358553857,0.006112560566529979,,
munich,link+k10,1,7,20,-1,0.8002236302646292,,,5.0,15.0
munich,link+k10,1,8,20,3,0.7545285128587402,0.7545285128587402,0.0,,
munich,link+k10,1,8,20,5,0.8002236302646292,0.8045844204248975,0.004360790160268357,,
munich,link+k10,1,8,20,8,0.8439060752888558,0.8500186358553857,0.006112560566529979,,
munich,link+k10,1,8,20,-1,0.8002236302646292,,,5.0,15.0
munich,link+k10,1,9,20,3,0.7545285128587402,0.7545285128587402,0.0,,
munich,link+k10,1,9,20,5,0.8002236302646292,0.8045844204248975,0.004360790160268357,,
munich,link+k10,1,9,20,8,0.8439060752888558,0.8500186358553857,0.006112560566529979,,
munich,link+k10,1,9,20,-1,0.8002236302646292,,,5.0,15.0
munich,link+k10d,1,0,20,3,0.7545285128587402,0.7545285128587402,0.0,,
munich,link+k10d,1,0,20,5,0.8002236302646292,0.8045844204248975,0.004360790160268357,,
munich,link+k10d,1,0,20,8,0.8439060752888558,0.8500186358553857,0.006112560566529979,,
munich,link+k10d,1,0,20,-1,0.8002236302646292,,,5.0,15.0
munich,link+k25,1,0,20,3,0.7545285128587402,0.7545285128587402,0.0,,
munich,link+k25,1,0,20,5,0.8002236302646292,0.8045844204248975,0.004360790160268357,,
munich,link+k25,1,0,20,8,0.8439060752888558,0.8500186358553857,0.006112560566529979,,
munich,link+k25,1,0,20,-1,0.8002236302646292,,,5.0,15.0
munich,link+k25,1,1,20,3,0.7545285128587402,0.7545285128587402,0.0,,
munich,link+k25,1,1,20,5,0.8002236302646292,0.8045844204248975,0.004360790160268357,,
munich,link+k25,1,1,20,8,0.8439060752888558,0.8500186358553857,0.006112560566529979,,
munich,link+k25,1,1,20,-1,0.8002236302646292,,,5.0,15.0
munich,link+k25,1,2,20,3,0.7545285128587402,0.7545285128587402,0.0,,
munich,link+k25,1,2,20,5,0.8002236302646292,0.8045844204248975,0.004360790160268357,,
munich,link+k25,1,2,20,8,0.8439060752888558,0.8500186358553857,0.006112560566529979,,
munich,link+k25,1,2,20,-1,0.8002236302646292,,,5.0,15.0
munich,link+k25,1,3,20,3,0.7545285128587402,0.7545285128587402,0.0,,
munich,link+k25,1,3,20,5,0.8002236302646292,0.8045844204248975,0.004360790160268357,,
munich,link+k25,1,3,20,8,0.8439060752888558,0.8500186358553857,0.006112560566529979,,
munich,link+k25,1,3,20,-1,0.8002236302646292,,,5.0,15.0
munich,link+k25,1,4,20,3,0.7545285128587402,0.7545285128587402,0.0,,
munich,link+k25,1,4,20,5,0.8002236302646292,0.8045844204248975,0.004360790160268357,,
munich,link+k25,1,4,20,8,0.8439060752888558,0.8500186358553857,0.006112560566529979,,
munich,link+k25,1,4,20,-1,0.8002236302646292,,,5.0,15.0
munich,link+k25,1,5,20,3,0.7545285128587402,0.7545285128587402,0.0,,
munich,link+k25,1,5,20,5,0.8002236302646292,0.8045844204248975,0.004360790160268357,,
munich,link+k25,1,5,20,8,0.8439060752888558,0.8500186358553857,0.006112560566529979,,
munich,link+k25,1,5,20,-1,0.8002236302646292,,,5.0,15.0
munich,link+k25,1,6,20,3,0.7545285128587402,0.7545285128587402,0.0,,
munich,link+k25,1,6,20,5,0.8002236302646292,0.8045844204248975,0.004360790160268357,,
munich,link+k25,1,6,20,8,0.8439060752888558,0.8500186358553857,0.006112560566529979,,
munich,link+k25,1,6,20,-1,0.8002236302646292,,,5.0,15.0
munich,link+k25,1,7,20,3,0.7545285128587402,0.7545285128587402,0.0,,
munich,link+k25,1,7,20,5,0.8002236302646292,0.8045844204248975,0.004360790160268357,,
munich,link+k25,1,7,20,8,0.8439060752888558,0.8500186358553857,0.006112560566529979,,
munich,link+k25,1,7,20,-1,0.8002236302646292,,,5.0,15.0
munich,link+k25,1,8,20,3,0.7545285128587402,0.7545285128587402,0.0,,
munich,link+k25,1,8,20,5,0.8002236302646292,0.8045844204248975,0.004360790160268357,,
munich,link+k25,1,8,20,8,0.8439060752888558,0.8500186358553857,0.006112560566529979,,
munich,link+k25,1,8,20,-1,0.8002236302646292,,,5.0,15.0
munich,link+k25,1,9,20,3,0.7545285128587402,0.7545285128587402,0.0,,
munich,link+k25,1,9,20,5,0.8002236302646292,0.8045844204248975,0.004360790160268357,,
munich,link+k25,1,9,20,8,0.8439060752888558,0.8500186358553857,0.006112560566529979,,
munich,link+k25,1,9,20,-1,0.8002236302646292,,,5.0,15.0
munich,link+k25d,1,0,20,3,0.7545285128587402,0.7545285128587402,0.0,,
munich,link+k25d,1,0,20,5,0.8002236302646292,0.8045844204248975,0.004360790160268357,,
munich,link+k25d,1,0,20,8,0.8439060752888558,0.8500186358553857,0.006112560566529979,,
munich,link+k25d,1,0,20,-1,0.8002236302646292,,,5.0,15.0
munich,link+k50,1,0,20,3,0.7545285128587402,0.7545285128587402,0.0,,
munich,link+k50,1,0,20,5,0.8002236302646292,0.8045844204248975,0.004360790160268357,,
munich,link+k50,1,0,20,8,0.8439060752888558,0.8500186358553857,0.006112560566529979,,
munich,link+k50,1,0,20,-1,0.8002236302646292,,,5.0,15.0
munich,link+k50,1,1,20,3,0.7545285128587402,0.7545285128587402,0.0,,
munich,link+k50,1,1,20,5,0.8002236302646292,0.8045844204248975,0.004360790160268357,,
munich,link+k50,1,1,20,8,0.8439060752888558,0.8500186358553857,0.006112560566529979,,
munich,link+k50,1,1,20,-1,0.8002236302646292,,,5.0,15.0
munich,link+k50,1,2,20,3,0.7545285128587402,0.7545285128587402,0.0,,
munich,link+k50,1,2,20,5,0.8002236302646292,0.8045844204248975,0.004360790160268357,,
munich,link+k50,1,2,20,8,0.8439060752888558,0.8500186358553857,0.006112560566529979,,
munich,link+k50,1,2,20,-1,0.8002236302646292,,,5.0,15.0
munich,link+k50,1,3,20,3,0.7545285128587402,0.7545285128587402,0.0,,
munich,link+k50,1,3,20,5,0.8002236302646292,0.8045844204248975,0.004360790160268357,,
munich,link+k50,1,3,20,8,0.8439060752888558,0.8500186358553857,0.006112560566529979,,
munich,link+k50,1,3,20,-1,0.8002236302646292,,,5.0,15.0
munich,link+k50,1,4,20,3,0.7545285128587402,0.7545285128587402,0.0,,
munich,link+k50,1,4,20,5,0.8002236302646292,0.8045844204248975,0.004360790160268357,,
munich,link+k50,1,4,20,8,0.8439060752888558,0.8500186358553857,0.006112560566529979,,
munich,link+k50,1,4,20,-1,0.8002236302646292,,,5.0,15.0
munich,link+k50,1,5,20,3,0.7545285128587402,0.7545285128587402,0.0,,
munich,link+k50,1,5,20,5,0.8002236302646292,0.8045844204248975,0.004360790160268357,,
munich,link+k50,1,5,20,8,0.8439060752888558,0.8500186358553857,0.006112560566529979,,
munich,link+k50,1,5,20,-1,0.8002236302646292,,,5.0,15.0
munich,link+k50,1,6,20,3,0.7545285128587402,0.7545285128587402,0.0,,
munich,link+k50,1,6,20,5,0.8002236302646292,0.8045844204248975,0.004360790160268357,,
munich,link+k50,1,6,20,8,0.8439060752888558,0.8500186358553857,0.006112560566529979,,
munich,link+k50,1,6,20,-1,0.8002236302646292,,,5.0,15.0
munich,link+k50,1,7,20,3,0.7545285128587402,0.7545285128587402,0.0,,
munich,link+k50,1,7,20,5,0.8002236302646292,0.8045844204248975,0.004360790160268357,,
munich,link+k50,1,7,20,8,0.8439060752888558,0.8500186358553857,0.006112560566529979,,
munich,link+k50,1,7,20,-1,0.8002236302646292,,,5.0,15.0
munich,link+k50,1,8,20,3,0.7545285128587402,0.7545285128587402,0.0,,
munich,link+k50,1,8,20,5,0.8002236302646292,0.8045844204248975,0.004360790160268357,,
munich,link+k50,1,8,20,8,0.8439060752888558,0.8500186358553857,0.006112560566529979,,
munich,link+k50,1,8,20,-1,0.8002236302646292,,,5.0,15.0
munich,link+k50,1,9,20,3,0.7545285128587402,0.7545285128587402,0.0,,
munich,link+k50,1,9,20,5,0.8002236302646292,0.8045844204248975,0.004360790160268357,,
munich,link+k50,1,9,20,8,0.8439060752888558,0.8500186358553857,0.006112560566529979,,
munich,link+k50,1,9,20,-1,0.8002236302646292,,,5.0,15.0
munich,link+k50d,1,0,20,3,0.7545285128587402,0.7545285128587402,0.0,,
munich,link+k50d,1,0,20,5,0.8002236302646292,0.8045844204248975,0.004360790160268357,,
munich,link+k50d,1,0,20,8,0.8439060752888558,0.8500186358553857,0.006112560566529979,,
munich,link+k50d,1,0,20,-1,0.8002236302646292,,,5.0,15.0
munich,link,2,0,20,3,0.7545285128587402,0.7545285128587402,0.0,,
munich,link,2,0,20,5,0.8002236302646292,0.8045844204248975,0.004360790160268357,,
munich,link,2,0,20,8,0.8439060752888558,0.8500186358553857,0.006112560566529979,,
munich,link,2,0,20,-1,0.7753758230836129,,,4.0,15.0
munich,link,2,0,10,3,0.7545285128587402,0.7545285128587402,0.0,,
munich,link,2,0,10,5,0.8045844204248975,0.8045844204248975,0.0,,
munich,link,2,0,10,8,0.8384892533233942,0.8396074046465399,0.001118151323145744,,
munich,link,2,0,10,-1,0.8045844204248975,,,5.0,
munich,link_reg,2,0,20,3,0.7325133556963598,0.7545285128587402,0.02201515716238045,,
munich,link_reg,2,0,20,5,0.7621816374704933,0.8045844204248975,0.04240278295440425,,
munich,link_reg,2,0,20,8,0.7621816374704933,0.8500186358553857,0.08783699838489245,,
munich,link_reg,2,0,20,-1,0.5584544663933408,,,1.0,15.0
munich,link_reg,2,0,10,3,0.7325133556963598,0.7545285128587402,0.02201515716238045,,
munich,link_reg,2,0,10,5,0.7470990185116163,0.8045844204248975,0.05748540191328122,,
munich,link_reg,2,0,10,8,0.7470990185116163,0.8396074046465399,0.09250838613492363,,
munich,link_reg,2,0,10,-1,0.5584544663933408,,,1.0,
munich,link+k10,2,0,20,3,0.7545285128587402,0.7545285128587402,0.0,,
munich,link+k10,2,0,20,5,0.8002236302646292,0.8045844204248975,0.004360790160268357,,
munich,link+k10,2,0,20,8,0.8439060752888558,0.8500186358553857,0.006112560566529979,,
munich,link+k10,2,0,20,-1,0.7753758230836129,,,4.0,15.0
munich,link+k10,2,1,20,3,0.7545285128587402,0.7545285128587402,0.0,,
munich,link+k10,2,1,20,5,0.8002236302646292,0.8045844204248975,0.004360790160268357,,
munich,link+k10,2,1,20,8,0.8439060752888558,0.8500186358553857,0.006112560566529979,,
munich,link+k10,2,1,20,-1,0.7753758230836129,,,4.0,15.0
munich,link+k10,2,2,20,3,0.7545285128587402,0.7545285128587402,0.0,,
munich,link+k10,2,2,20,5,0.8002236302646292,0.8045844204248975,0.004360790160268357,,
munich,link+k10,2,2,20,8,0.8439060752888558,0.8500186358553857,0.006112560566529979,,
munich,link+k10,2,2,20,-1,0.7753758230836129,,,4.0,15.0
munich,link+k10,2,3,20,3,0.7545285128587402,0.7545285128587402,0.0,,
munich,link+k10,2,3,20,5,0.8002236302646292,0.8045844204248975,0.004360790160268357,,
munich,link+k10,2,3,20,8,0.8439060752888558,0.8500186358553857,0.006112560566529979,,
munich,link+k10,2,3,20,-1,0.7753758230836129,,,4.0,15.0
munich,link+k10,2,4,20,3,0.7545285128587402,0.7545285128587402,0.0,,
munich,link+k10,2,4,20,5,0.8002236302646292,0.8045844204248975,0.004360790160268357,,
munich,link+k10,2,4,20,8,0.8439060752888558,0.8500186358553857,0.006112560566529979,,
munich,link+k10,2,4,20,-1,0.7753758230836129,,,4.0,15.0
munich,link+k10,2,5,20,3,0.7545285128587402,0.7545285128587402,0.0,,
munich,link+k10,2,5,20,5,0.8002236302646292,0.8045844204248975,0.004360790160268357,,
munich,link+k10,2,5,20,8,0.8439060752888558,0.8500186358553857,0.006112560566529979,,
munich,link+k10,2,5,20,-1,0.7753758230836129,,,4.0,15.0
munich,link+k10,2,6,20,3,0.7545285128587402,0.7545285128587402,0.0,,
munich,link+k10,2,6,20,5,0.8002236302646292,0.8045844204248975,0.004360790160268357,,
munich,link+k10,2,6,20,8,0.8439060752888558,0.8500186358553857,0.006112560566529979,,
munich,link+k10,2,6,20,-1,0.7753758230836129,,,4.0,15.0
munich,link+k10,2,7,20,3,0.7545285128587402,0.7545285128587402,0.0,,
munich,link+k10,2,7,20,5,0.8002236302646292,0.8045844204248975,0.004360790160268357,,
munich,link+k10,2,7,20,8,0.8439060752888558,0.8500186358553857,0.006112560566529979,,
munich,link+k10,2,7,20,-1,0.8002236302646292,,,5.0,15.0
munich,link+k10,2,8,20,3,0.7545285128587402,0.7545285128587402,0.0,,
munich,link+k10,2,8,20,5,0.8002236302646292,0.8045844204248975,0.004360790160268357,,
munich,link+k10,2,8,20,8,0.8439060752888558,0.8500186358553857,0.006112560566529979,,
munich,link+k10,2,8,20,-1,0.8002236302646292,,,5.0,15.0
munich,link+k10,2,9,20,3,0.7545285128587402,0.7545285128587402,0.0,,
munich,link+k10,2,9,20,5,0.8002236302646292,0.8045844204248975,0.004360790160268357,,
munich,link+k10,2,9,20,8,0.8439060752888558,0.8500186358553857,0.006112560566529979,,
munich,link+k10,2,9,20,-1,0.7753758230836129,,,4.0,15.0
munich,link+k10d,2,0,20,3,0.7545285128587402,0.7545285128587402,0.0,,
munich,link+k10d,2,0,20,5,0.8002236302646292,0.8045844204248975,0.004360790160268357,,
munich,link+k10d,2,0,20,8,0.8439060752888558,0.8500186358553857,0.006112560566529979,,
munich,link+k10d,2,0,20,-1,0.7753758230836129,,,4.0,15.0
munich,link+k25,2,0,20,3,0.7545285128587402,0.7545285128587402,0.0,,
munich,link+k25,2,0,20,5,0.8002236302646292,0.8045844204248975,0.004360790160268357,,
munich,link+k25,2,0,20,8,0.8439060752888558,0.8500186358553857,0.006112560566529979,,
munich,link+k25,2,0,20,-1,0.8002236302646292,,,5.0,15.0
munich,link+k25,2,1,20,3,0.7545285128587402,0.7545285128587402,0.0,,
munich,link+k25,2,1,20,5,0.8002236302646292,0.8045844204248975,0.004360790160268357,,
munich,link+k25,2,1,20,8,0.8439060752888558,0.8500186358553857,0.006112560566529979,,
munich,link+k25,2,1,20,-1,0.7753758230836129,,,4.0,15.0
munich,link+k25,2,2,20,3,0.7545285128587402,0.7545285128587402,0.0,,
munich,link+k25,2,2,20,5,0.8002236302646292,0.8045844204248975,0.004360790160268357,,
munich,link+k25,2,2,20,8,0.8439060752888558,0.8500186358553857,0.006112560566529979,,
munich,link+k25,2,2,20,-1,0.8002236302646292,,,5.0,15.0
munich,link+k25,2,3,20,3,0.7545285128587402,0.7545285128587402,0.0,,
munich,link+k25,2,3,20,5,0.8002236302646292,0.8045844204248975,0.004360790160268357,,
munich,link+k25,2,3,20,8,0.8439060752888558,0.8500186358553857,0.006112560566529979,,
munich,link+k25,2,3,20,-1,0.8002236302646292,,,5.0,15.0
munich,link+k25,2,4,20,3,0.7545285128587402,0.7545285128587402,0.0,,
munich,link+k25,2,4,20,5,0.8002236302646292,0.8045844204248975,0.004360790160268357,,
munich,link+k25,2,4,20,8,0.8439060752888558,0.8500186358553857,0.006112560566529979,,
munich,link+k25,2,4,20,-1,0.8002236302646292,,,5.0,15.0
munich,link+k25,2,5,20,3,0.7545285128587402,0.7545285128587402,0.0,,
munich,link+k25,2,5,20,5,0.8002236302646292,0.8045844204248975,0.004360790160268357,,
munich,link+k25,2,5,20,8,0.8439060752888558,0.8500186358553857,0.006112560566529979,,
munich,link+k25,2,5,20,-1,0.8002236302646292,,,5.0,15.0
munich,link+k25,2,6,20,3,0.7545285128587402,0.7545285128587402,0.0,,
munich,link+k25,2,6,20,5,0.8002236302646292,0.8045844204248975,0.004360790160268357,,
munich,link+k25,2,6,20,8,0.8439060752888558,0.8500186358553857,0.006112560566529979,,
munich,link+k25,2,6,20,-1,0.8002236302646292,,,5.0,15.0
munich,link+k25,2,7,20,3,0.7545285128587402,0.7545285128587402,0.0,,
munich,link+k25,2,7,20,5,0.8002236302646292,0.8045844204248975,0.004360790160268357,,
munich,link+k25,2,7,20,8,0.8439060752888558,0.8500186358553857,0.006112560566529979,,
munich,link+k25,2,7,20,-1,0.8002236302646292,,,5.0,15.0
munich,link+k25,2,8,20,3,0.7545285128587402,0.7545285128587402,0.0,,
munich,link+k25,2,8,20,5,0.8002236302646292,0.8045844204248975,0.004360790160268357,,
munich,link+k25,2,8,20,8,0.8439060752888558,0.8500186358553857,0.006112560566529979,,
munich,link+k25,2,8,20,-1,0.8002236302646292,,,5.0,15.0
munich,link+k25,2,9,20,3,0.7545285128587402,0.7545285128587402,0.0,,
munich,link+k25,2,9,20,5,0.8002236302646292,0.8045844204248975,0.004360790160268357,,
munich,link+k25,2,9,20,8,0.8439060752888558,0.8500186358553857,0.006112560566529979,,
munich,link+k25,2,9,20,-1,0.8002236302646292,,,5.0,15.0
munich,link+k25d,2,0,20,3,0.7545285128587402,0.7545285128587402,0.0,,
munich,link+k25d,2,0,20,5,0.8002236302646292,0.8045844204248975,0.004360790160268357,,
munich,link+k25d,2,0,20,8,0.8439060752888558,0.8500186358553857,0.006112560566529979,,
munich,link+k25d,2,0,20,-1,0.7753758230836129,,,4.0,15.0
munich,link+k50,2,0,20,3,0.7545285128587402,0.7545285128587402,0.0,,
munich,link+k50,2,0,20,5,0.8002236302646292,0.8045844204248975,0.004360790160268357,,
munich,link+k50,2,0,20,8,0.8439060752888558,0.8500186358553857,0.006112560566529979,,
munich,link+k50,2,0,20,-1,0.8002236302646292,,,5.0,15.0
munich,link+k50,2,1,20,3,0.7545285128587402,0.7545285128587402,0.0,,
munich,link+k50,2,1,20,5,0.8002236302646292,0.8045844204248975,0.004360790160268357,,
munich,link+k50,2,1,20,8,0.8439060752888558,0.8500186358553857,0.006112560566529979,,
munich,link+k50,2,1,20,-1,0.8002236302646292,,,5.0,15.0
munich,link+k50,2,2,20,3,0.7545285128587402,0.7545285128587402,0.0,,
munich,link+k50,2,2,20,5,0.8002236302646292,0.8045844204248975,0.004360790160268357,,
munich,link+k50,2,2,20,8,0.8439060752888558,0.8500186358553857,0.006112560566529979,,
munich,link+k50,2,2,20,-1,0.8002236302646292,,,5.0,15.0
munich,link+k50,2,3,20,3,0.7545285128587402,0.7545285128587402,0.0,,
munich,link+k50,2,3,20,5,0.8002236302646292,0.8045844204248975,0.004360790160268357,,
munich,link+k50,2,3,20,8,0.8439060752888558,0.8500186358553857,0.006112560566529979,,
munich,link+k50,2,3,20,-1,0.8002236302646292,,,5.0,15.0
munich,link+k50,2,4,20,3,0.7545285128587402,0.7545285128587402,0.0,,
munich,link+k50,2,4,20,5,0.8002236302646292,0.8045844204248975,0.004360790160268357,,
munich,link+k50,2,4,20,8,0.8439060752888558,0.8500186358553857,0.006112560566529979,,
munich,link+k50,2,4,20,-1,0.8002236302646292,,,5.0,15.0
munich,link+k50,2,5,20,3,0.7545285128587402,0.7545285128587402,0.0,,
munich,link+k50,2,5,20,5,0.8002236302646292,0.8045844204248975,0.004360790160268357,,
munich,link+k50,2,5,20,8,0.8439060752888558,0.8500186358553857,0.006112560566529979,,
munich,link+k50,2,5,20,-1,0.8002236302646292,,,5.0,15.0
munich,link+k50,2,6,20,3,0.7545285128587402,0.7545285128587402,0.0,,
munich,link+k50,2,6,20,5,0.8002236302646292,0.8045844204248975,0.004360790160268357,,
munich,link+k50,2,6,20,8,0.8439060752888558,0.8500186358553857,0.006112560566529979,,
munich,link+k50,2,6,20,-1,0.8002236302646292,,,5.0,15.0
munich,link+k50,2,7,20,3,0.7545285128587402,0.7545285128587402,0.0,,
munich,link+k50,2,7,20,5,0.8002236302646292,0.8045844204248975,0.004360790160268357,,
munich,link+k50,2,7,20,8,0.8439060752888558,0.8500186358553857,0.006112560566529979,,
munich,link+k50,2,7,20,-1,0.8002236302646292,,,5.0,15.0
munich,link+k50,2,8,20,3,0.7545285128587402,0.7545285128587402,0.0,,
munich,link+k50,2,8,20,5,0.8002236302646292,0.8045844204248975,0.004360790160268357,,
munich,link+k50,2,8,20,8,0.8439060752888558,0.8500186358553857,0.006112560566529979,,
munich,link+k50,2,8,20,-1,0.8002236302646292,,,5.0,15.0
munich,link+k50,2,9,20,3,0.7545285128587402,0.7545285128587402,0.0,,
munich,link+k50,2,9,20,5,0.8002236302646292,0.8045844204248975,0.004360790160268357,,
munich,link+k50,2,9,20,8,0.8439060752888558,0.8500186358553857,0.006112560566529979,,
munich,link+k50,2,9,20,-1,0.8002236302646292,,,5.0,15.0
munich,link+k50d,2,0,20,3,0.7545285128587402,0.7545285128587402,0.0,,
munich,link+k50d,2,0,20,5,0.8002236302646292,0.8045844204248975,0.004360790160268357,,
munich,link+k50d,2,0,20,8,0.8439060752888558,0.8500186358553857,0.006112560566529979,,
munich,link+k50d,2,0,20,-1,0.7753758230836129,,,4.0,15.0
munich,link,3,0,20,3,0.7545285128587402,0.7545285128587402,0.0,,
munich,link,3,0,20,5,0.8002236302646292,0.8045844204248975,0.004360790160268357,,
munich,link,3,0,20,8,0.8439060752888558,0.8500186358553857,0.006112560566529979,,
munich,link,3,0,20,-1,0.8002236302646292,,,5.0,15.0
munich,link,3,0,10,3,0.7545285128587402,0.7545285128587402,0.0,,
munich,link,3,0,10,5,0.8045844204248975,0.8045844204248975,0.0,,
munich,link,3,0,10,8,0.8385141011305752,0.8396074046465399,0.0010933035159647053,,
munich,link,3,0,10,-1,0.8045844204248975,,,5.0,
munich,link_reg,3,0,20,3,0.7325133556963598,0.7545285128587402,0.02201515716238045,,
munich,link_reg,3,0,20,5,0.7621816374704933,0.8045844204248975,0.04240278295440425,,
munich,link_reg,3,0,20,8,0.7997763697353708,0.8500186358553857,0.05024226612001492,,
munich,link_reg,3,0,20,-1,0.5584544663933408,,,1.0,15.0
munich,link_reg,3,0,10,3,0.7325133556963598,0.7545285128587402,0.02201515716238045,,
munich,link_reg,3,0,10,5,0.7699465772145608,0.8045844204248975,0.034637843210336694,,
munich,link_reg,3,0,10,8,0.7699465772145608,0.8396074046465399,0.0696608274319791,,
munich,link_reg,3,0,10,-1,0.5584544663933408,,,1.0,
munich,link+k10,3,0,20,3,0.7545285128587402,0.7545285128587402,0.0,,
munich,link+k10,3,0,20,5,0.8002236302646292,0.8045844204248975,0.004360790160268357,,
munich,link+k10,3,0,20,8,0.8439060752888558,0.8500186358553857,0.006112560566529979,,
munich,link+k10,3,0,20,-1,0.8002236302646292,,,5.0,15.0
munich,link+k10,3,1,20,3,0.7545285128587402,0.7545285128587402,0.0,,
munich,link+k10,3,1,20,5,0.8002236302646292,0.8045844204248975,0.004360790160268357,,
munich,link+k10,3,1,20,8,0.8439060752888558,0.8500186358553857,0.006112560566529979,,
munich,link+k10,3,1,20,-1,0.8002236302646292,,,5.0,15.0
munich,link+k10,3,2,20,3,0.7545285128587402,0.7545285128587402,0.0,,
munich,link+k10,3,2,20,5,0.8002236302646292,0.8045844204248975,0.004360790160268357,,
munich,link+k10,3,2,20,8,0.8439060752888558,0.8500186358553857,0.006112560566529979,,
munich,link+k10,3,2,20,-1,0.8002236302646292,,,5.0,15.0
munich,link+k10,3,3,20,3,0.7545285128587402,0.7545285128587402,0.0,,
munich,link+k10,3,3,20,5,0.8002236302646292,0.8045844204248975,0.004360790160268357,,
munich,link+k10,3,3,20,8,0.8439060752888558,0.8500186358553857,0.006112560566529979,,
munich,link+k10,3,3,20,-1,0.8002236302646292,,,5.0,15.0
munich,link+k10,3,4,20,3,0.7545285128587402,0.7545285128587402,0.0,,
munich,link+k10,3,4,20,5,0.8002236302646292,0.8045844204248975,0.004360790160268357,,
munich,link+k10,3,4,20,8,0.8439060752888558,0.8500186358553857,0.006112560566529979,,
munich,link+k10,3,4,20,-1,0.8002236302646292,,,5.0,15.0
munich,link+k10,3,5,20,3,0.7545285128587402,0.7545285128587402,0.0,,
munich,link+k10,3,5,20,5,0.8002236302646292,0.8045844204248975,0.004360790160268357,,
munich,link+k10,3,5,20,8,0.8439060752888558,0.8500186358553857,0.006112560566529979,,
munich,link+k10,3,5,20,-1,0.8002236302646292,,,5.0,15.0
munich,link+k10,3,6,20,3,0.7545285128587402,0.7545285128587402,0.0,,
munich,link+k10,3,6,20,5,0.8002236302646292,0.8045844204248975,0.004360790160268357,,
munich,link+k10,3,6,20,8,0.8439060752888558,0.8500186358553857,0.006112560566529979,,
munich,link+k10,3,6,20,-1,0.8002236302646292,,,5.0,15.0
munich,link+k10,3,7,20,3,0.7545285128587402,0.7545285128587402,0.0,,
munich,link+k10,3,7,20,5,0.8002236302646292,0.8045844204248975,0.004360790160268357,,
munich,link+k10,3,7,20,8,0.8439060752888558,0.8500186358553857,0.006112560566529979,,
munich,link+k10,3,7,20,-1,0.8002236302646292,,,5.0,15.0
munich,link+k10,3,8,20,3,0.7545285128587402,0.7545285128587402,0.0,,
munich,link+k10,3,8,20,5,0.8002236302646292,0.8045844204248975,0.004360790160268357,,
munich,link+k10,3,8,20,8,0.8439060752888558,0.8500186358553857,0.006112560566529979,,
munich,link+k10,3,8,20,-1,0.8002236302646292,,,5.0,15.0
munich,link+k10,3,9,20,3,0.7545285128587402,0.7545285128587402,0.0,,
munich,link+k10,3,9,20,5,0.8002236302646292,0.8045844204248975,0.004360790160268357,,
munich,link+k10,3,9,20,8,0.8439060752888558,0.8500186358553857,0.006112560566529979,,
munich,link+k10,3,9,20,-1,0.8002236302646292,,,5.0,15.0
munich,link+k10d,3,0,20,3,0.7545285128587402,0.7545285128587402,0.0,,
munich,link+k10d,3,0,20,5,0.8002236302646292,0.8045844204248975,0.004360790160268357,,
munich,link+k10d,3,0,20,8,0.8439060752888558,0.8500186358553857,0.006112560566529979,,
munich,link+k10d,3,0,20,-1,0.8002236302646292,,,5.0,15.0
munich,link+k25,3,0,20,3,0.7545285128587402,0.7545285128587402,0.0,,
munich,link+k25,3,0,20,5,0.8002236302646292,0.8045844204248975,0.004360790160268357,,
munich,link+k25,3,0,20,8,0.8439060752888558,0.8500186358553857,0.006112560566529979,,
munich,link+k25,3,0,20,-1,0.8002236302646292,,,5.0,15.0
munich,link+k25,3,1,20,3,0.7545285128587402,0.7545285128587402,0.0,,
munich,link+k25,3,1,20,5,0.8002236302646292,0.8045844204248975,0.004360790160268357,,
munich,link+k25,3,1,20,8,0.8439060752888558,0.8500186358553857,0.006112560566529979,,
munich,link+k25,3,1,20,-1,0.8002236302646292,,,5.0,15.0
munich,link+k25,3,2,20,3,0.7545285128587402,0.7545285128587402,0.0,,
munich,link+k25,3,2,20,5,0.8002236302646292,0.8045844204248975,0.004360790160268357,,
munich,link+k25,3,2,20,8,0.8439060752888558,0.8500186358553857,0.006112560566529979,,
munich,link+k25,3,2,20,-1,0.8002236302646292,,,5.0,15.0
munich,link+k25,3,3,20,3,0.7545285128587402,0.7545285128587402,0.0,,
munich,link+k25,3,3,20,5,0.8002236302646292,0.8045844204248975,0.004360790160268357,,
munich,link+k25,3,3,20,8,0.8439060752888558,0.8500186358553857,0.006112560566529979,,
munich,link+k25,3,3,20,-1,0.8002236302646292,,,5.0,15.0
munich,link+k25,3,4,20,3,0.7545285128587402,0.7545285128587402,0.0,,
munich,link+k25,3,4,20,5,0.8002236302646292,0.8045844204248975,0.004360790160268357,,
munich,link+k25,3,4,20,8,0.8439060752888558,0.8500186358553857,0.006112560566529979,,
munich,link+k25,3,4,20,-1,0.8002236302646292,,,5.0,15.0
munich,link+k25,3,5,20,3,0.7545285128587402,0.7545285128587402,0.0,,
munich,link+k25,3,5,20,5,0.8002236302646292,0.8045844204248975,0.004360790160268357,,
munich,link+k25,3,5,20,8,0.8439060752888558,0.8500186358553857,0.006112560566529979,,
munich,link+k25,3,5,20,-1,0.8002236302646292,,,5.0,15.0
munich,link+k25,3,6,20,3,0.7545285128587402,0.7545285128587402,0.0,,
munich,link+k25,3,6,20,5,0.8002236302646292,0.8045844204248975,0.004360790160268357,,
munich,link+k25,3,6,20,8,0.8439060752888558,0.8500186358553857,0.006112560566529979,,
munich,link+k25,3,6,20,-1,0.8002236302646292,,,5.0,15.0
munich,link+k25,3,7,20,3,0.7545285128587402,0.7545285128587402,0.0,,
munich,link+k25,3,7,20,5,0.8002236302646292,0.8045844204248975,0.004360790160268357,,
munich,link+k25,3,7,20,8,0.8439060752888558,0.8500186358553857,0.006112560566529979,,
munich,link+k25,3,7,20,-1,0.8002236302646292,,,5.0,15.0
munich,link+k25,3,8,20,3,0.7545285128587402,0.7545285128587402,0.0,,
munich,link+k25,3,8,20,5,0.8002236302646292,0.8045844204248975,0.004360790160268357,,
munich,link+k25,3,8,20,8,0.8439060752888558,0.8500186358553857,0.006112560566529979,,
munich,link+k25,3,8,20,-1,0.8002236302646292,,,5.0,15.0
munich,link+k25,3,9,20,3,0.7545285128587402,0.7545285128587402,0.0,,
munich,link+k25,3,9,20,5,0.8002236302646292,0.8045844204248975,0.004360790160268357,,
munich,link+k25,3,9,20,8,0.8439060752888558,0.8500186358553857,0.006112560566529979,,
munich,link+k25,3,9,20,-1,0.8002236302646292,,,5.0,15.0
munich,link+k25d,3,0,20,3,0.7545285128587402,0.7545285128587402,0.0,,
munich,link+k25d,3,0,20,5,0.8002236302646292,0.8045844204248975,0.004360790160268357,,
munich,link+k25d,3,0,20,8,0.8439060752888558,0.8500186358553857,0.006112560566529979,,
munich,link+k25d,3,0,20,-1,0.8002236302646292,,,5.0,15.0
munich,link+k50,3,0,20,3,0.7545285128587402,0.7545285128587402,0.0,,
munich,link+k50,3,0,20,5,0.8002236302646292,0.8045844204248975,0.004360790160268357,,
munich,link+k50,3,0,20,8,0.8439060752888558,0.8500186358553857,0.006112560566529979,,
munich,link+k50,3,0,20,-1,0.8002236302646292,,,5.0,15.0
munich,link+k50,3,1,20,3,0.7545285128587402,0.7545285128587402,0.0,,
munich,link+k50,3,1,20,5,0.8002236302646292,0.8045844204248975,0.004360790160268357,,
munich,link+k50,3,1,20,8,0.8439060752888558,0.8500186358553857,0.006112560566529979,,
munich,link+k50,3,1,20,-1,0.8002236302646292,,,5.0,15.0
munich,link+k50,3,2,20,3,0.7545285128587402,0.7545285128587402,0.0,,
munich,link+k50,3,2,20,5,0.8002236302646292,0.8045844204248975,0.004360790160268357,,
munich,link+k50,3,2,20,8,0.8439060752888558,0.8500186358553857,0.006112560566529979,,
munich,link+k50,3,2,20,-1,0.8002236302646292,,,5.0,15.0
munich,link+k50,3,3,20,3,0.7545285128587402,0.7545285128587402,0.0,,
munich,link+k50,3,3,20,5,0.8002236302646292,0.8045844204248975,0.004360790160268357,,
munich,link+k50,3,3,20,8,0.8439060752888558,0.8500186358553857,0.006112560566529979,,
munich,link+k50,3,3,20,-1,0.8002236302646292,,,5.0,15.0
munich,link+k50,3,4,20,3,0.7545285128587402,0.7545285128587402,0.0,,
munich,link+k50,3,4,20,5,0.8002236302646292,0.8045844204248975,0.004360790160268357,,
munich,link+k50,3,4,20,8,0.8439060752888558,0.8500186358553857,0.006112560566529979,,
munich,link+k50,3,4,20,-1,0.8002236302646292,,,5.0,15.0
munich,link+k50,3,5,20,3,0.7545285128587402,0.7545285128587402,0.0,,
munich,link+k50,3,5,20,5,0.8002236302646292,0.8045844204248975,0.004360790160268357,,
munich,link+k50,3,5,20,8,0.8439060752888558,0.8500186358553857,0.006112560566529979,,
munich,link+k50,3,5,20,-1,0.8002236302646292,,,5.0,15.0
munich,link+k50,3,6,20,3,0.7545285128587402,0.7545285128587402,0.0,,
munich,link+k50,3,6,20,5,0.8002236302646292,0.8045844204248975,0.004360790160268357,,
munich,link+k50,3,6,20,8,0.8439060752888558,0.8500186358553857,0.006112560566529979,,
munich,link+k50,3,6,20,-1,0.8002236302646292,,,5.0,15.0
munich,link+k50,3,7,20,3,0.7545285128587402,0.7545285128587402,0.0,,
munich,link+k50,3,7,20,5,0.8002236302646292,0.8045844204248975,0.004360790160268357,,
munich,link+k50,3,7,20,8,0.8439060752888558,0.8500186358553857,0.006112560566529979,,
munich,link+k50,3,7,20,-1,0.8002236302646292,,,5.0,15.0
munich,link+k50,3,8,20,3,0.7545285128587402,0.7545285128587402,0.0,,
munich,link+k50,3,8,20,5,0.8002236302646292,0.8045844204248975,0.004360790160268357,,
munich,link+k50,3,8,20,8,0.8439060752888558,0.8500186358553857,0.006112560566529979,,
munich,link+k50,3,8,20,-1,0.8002236302646292,,,5.0,15.0
munich,link+k50,3,9,20,3,0.7545285128587402,0.7545285128587402,0.0,,
munich,link+k50,3,9,20,5,0.8002236302646292,0.8045844204248975,0.004360790160268357,,
munich,link+k50,3,9,20,8,0.8439060752888558,0.8500186358553857,0.006112560566529979,,
munich,link+k50,3,9,20,-1,0.8002236302646292,,,5.0,15.0
munich,link+k50d,3,0,20,3,0.7545285128587402,0.7545285128587402,0.0,,
munich,link+k50d,3,0,20,5,0.8002236302646292,0.8045844204248975,0.004360790160268357,,
munich,link+k50d,3,0,20,8,0.8439060752888558,0.8500186358553857,0.006112560566529979,,
munich,link+k50d,3,0,20,-1,0.8002236302646292,,,5.0,15.0
munich,link,4,0,20,3,0.7545285128587402,0.7545285128587402,0.0,,
munich,link,4,0,20,5,0.8002236302646292,0.8045844204248975,0.004360790160268357,,
munich,link,4,0,20,8,0.8439060752888558,0.8500186358553857,0.006112560566529979,,
munich,link,4,0,20,-1,0.7753758230836129,,,4.0,15.0
munich,link,4,0,10,3,0.7545285128587402,0.7545285128587402,0.0,,
munich,link,4,0,10,5,0.8045844204248975,0.8045844204248975,0.0,,
munich,link,4,0,10,8,0.8384892533233942,0.8396074046465399,0.001118151323145744,,
munich,link,4,0,10,-1,0.8045844204248975,,,5.0,
munich,link_reg,4,0,20,3,0.7042365511243632,0.7545285128587402,0.050291961734377,,
munich,link_reg,4,0,20,5,0.7702074791899615,0.8045844204248975,0.034376941234936065,,
munich,link_reg,4,0,20,8,0.7871661075910051,0.8500186358553857,0.06285252826438059,,
munich,link_reg,4,0,20,-1,0.5584544663933408,,,1.0,15.0
munich,link_reg,4,0,10,3,0.7042365511243632,0.7545285128587402,0.050291961734377,,
munich,link_reg,4,0,10,5,0.7702074791899615,0.8045844204248975,0.034376941234936065,,
munich,link_reg,4,0,10,8,0.7702074791899615,0.8396074046465399,0.06939992545657847,,
munich,link_reg,4,0,10,-1,0.5584544663933408,,,1.0,
munich,link+k10,4,0,20,3,0.7545285128587402,0.7545285128587402,0.0,,
munich,link+k10,4,0,20,5,0.8002236302646292,0.8045844204248975,0.004360790160268357,,
munich,link+k10,4,0,20,8,0.8439060752888558,0.8500186358553857,0.006112560566529979,,
munich,link+k10,4,0,20,-1,0.7753758230836129,,,4.0,15.0
munich,link+k10,4,1,20,3,0.7545285128587402,0.7545285128587402,0.0,,
munich,link+k10,4,1,20,5,0.8002236302646292,0.8045844204248975,0.004360790160268357,,
munich,link+k10,4,1,20,8,0.8439060752888558,0.8500186358553857,0.006112560566529979,,
munich,link+k10,4,1,20,-1,0.7753758230836129,,,4.0,15.0
munich,link+k10,4,2,20,3,0.7545285128587402,0.7545285128587402,0.0,,
munich,link+k10,4,2,20,5,0.8002236302646292,0.8045844204248975,0.004360790160268357,,
munich,link+k10,4,2,20,8,0.8439060752888558,0.8500186358553857,0.006112560566529979,,
munich,link+k10,4,2,20,-1,0.7753758230836129,,,4.0,15.0
munich,link+k10,4,3,20,3,0.7545285128587402,0.7545285128587402,0.0,,
munich,link+k10,4,3,20,5,0.8002236302646292,0.8045844204248975,0.004360790160268357,,
munich,link+k10,4,3,20,8,0.8439060752888558,0.8500186358553857,0.006112560566529979,,
munich,link+k10,4,3,20,-1,0.8002236302646292,,,5.0,15.0
munich,link+k10,4,4,20,3,0.7545285128587402,0.7545285128587402,0.0,,
munich,link+k10,4,4,20,5,0.8002236302646292,0.8045844204248975,0.004360790160268357,,
munich,link+k10,4,4,20,8,0.8439060752888558,0.8500186358553857,0.006112560566529979,,
munich,link+k10,4,4,20,-1,0.8002236302646292,,,5.0,15.0
munich,link+k10,4,5,20,3,0.7545285128587402,0.7545285128587402,0.0,,
munich,link+k10,4,5,20,5,0.8002236302646292,0.8045844204248975,0.004360790160268357,,
munich,link+k10,4,5,20,8,0.8439060752888558,0.8500186358553857,0.006112560566529979,,
munich,link+k10,4,5,20,-1,0.8002236302646292,,,5.0,15.0
munich,link+k10,4,6,20,3,0.7545285128587402,0.7545285128587402,0.0,,
munich,link+k10,4,6,20,5,0.8002236302646292,0.8045844204248975,0.004360790160268357,,
munich,link+k10,4,6,20,8,0.8439060752888558,0.8500186358553857,0.006112560566529979,,
munich,link+k10,4,6,20,-1,0.7753758230836129,,,4.0,15.0
munich,link+k10,4,7,20,3,0.7545285128587402,0.7545285128587402,0.0,,
munich,link+k10,4,7,20,5,0.8002236302646292,0.8045844204248975,0.004360790160268357,,
munich,link+k10,4,7,20,8,0.8439060752888558,0.8500186358553857,0.006112560566529979,,
munich,link+k10,4,7,20,-1,0.8002236302646292,,,5.0,15.0
munich,link+k10,4,8,20,3,0.7545285128587402,0.7545285128587402,0.0,,
munich,link+k10,4,8,20,5,0.8002236302646292,0.8045844204248975,0.004360790160268357,,
munich,link+k10,4,8,20,8,0.8439060752888558,0.8500186358553857,0.006112560566529979,,
munich,link+k10,4,8,20,-1,0.8002236302646292,,,5.0,15.0
munich,link+k10,4,9,20,3,0.7545285128587402,0.7545285128587402,0.0,,
munich,link+k10,4,9,20,5,0.8002236302646292,0.8045844204248975,0.004360790160268357,,
munich,link+k10,4,9,20,8,0.8439060752888558,0.8500186358553857,0.006112560566529979,,
munich,link+k10,4,9,20,-1,0.7753758230836129,,,4.0,15.0
munich,link+k10d,4,0,20,3,0.7545285128587402,0.7545285128587402,0.0,,
munich,link+k10d,4,0,20,5,0.8002236302646292,0.8045844204248975,0.004360790160268357,,
munich,link+k10d,4,0,20,8,0.8439060752888558,0.8500186358553857,0.006112560566529979,,
munich,link+k10d,4,0,20,-1,0.7753758230836129,,,4.0,15.0
munich,link+k25,4,0,20,3,0.7545285128587402,0.7545285128587402,0.0,,
munich,link+k25,4,0,20,5,0.8002236302646292,0.8045844204248975,0.004360790160268357,,
munich,link+k25,4,0,20,8,0.8439060752888558,0.8500186358553857,0.006112560566529979,,
munich,link+k25,4,0,20,-1,0.8002236302646292,,,5.0,15.0
munich,link+k25,4,1,20,3,0.7545285128587402,0.7545285128587402,0.0,,
munich,link+k25,4,1,20,5,0.8002236302646292,0.8045844204248975,0.004360790160268357,,
munich,link+k25,4,1,20,8,0.8439060752888558,0.8500186358553857,0.006112560566529979,,
munich,link+k25,4,1,20,-1,0.8002236302646292,,,5.0,15.0
munich,link+k25,4,2,20,3,0.7545285128587402,0.7545285128587402,0.0,,
munich,link+k25,4,2,20,5,0.8002236302646292,0.8045844204248975,0.004360790160268357,,
munich,link+k25,4,2,20,8,0.8439060752888558,0.8500186358553857,0.006112560566529979,,
munich,link+k25,4,2,20,-1,0.8002236302646292,,,5.0,15.0
munich,link+k25,4,3,20,3,0.7545285128587402,0.7545285128587402,0.0,,
munich,link+k25,4,3,20,5,0.8002236302646292,0.8045844204248975,0.004360790160268357,,
munich,link+k25,4,3,20,8,0.8439060752888558,0.8500186358553857,0.006112560566529979,,
munich,link+k25,4,3,20,-1,0.8002236302646292,,,5.0,15.0
munich,link+k25,4,4,20,3,0.7545285128587402,0.7545285128587402,0.0,,
munich,link+k25,4,4,20,5,0.8002236302646292,0.8045844204248975,0.004360790160268357,,
munich,link+k25,4,4,20,8,0.8439060752888558,0.8500186358553857,0.006112560566529979,,
munich,link+k25,4,4,20,-1,0.8002236302646292,,,5.0,15.0
munich,link+k25,4,5,20,3,0.7545285128587402,0.7545285128587402,0.0,,
munich,link+k25,4,5,20,5,0.8002236302646292,0.8045844204248975,0.004360790160268357,,
munich,link+k25,4,5,20,8,0.8439060752888558,0.8500186358553857,0.006112560566529979,,
munich,link+k25,4,5,20,-1,0.8002236302646292,,,5.0,15.0
munich,link+k25,4,6,20,3,0.7545285128587402,0.7545285128587402,0.0,,
munich,link+k25,4,6,20,5,0.8002236302646292,0.8045844204248975,0.004360790160268357,,
munich,link+k25,4,6,20,8,0.8439060752888558,0.8500186358553857,0.006112560566529979,,
munich,link+k25,4,6,20,-1,0.8002236302646292,,,5.0,15.0
munich,link+k25,4,7,20,3,0.7545285128587402,0.7545285128587402,0.0,,
munich,link+k25,4,7,20,5,0.8002236302646292,0.8045844204248975,0.004360790160268357,,
munich,link+k25,4,7,20,8,0.8439060752888558,0.8500186358553857,0.006112560566529979,,
munich,link+k25,4,7,20,-1,0.8002236302646292,,,5.0,15.0
munich,link+k25,4,8,20,3,0.7545285128587402,0.7545285128587402,0.0,,
munich,link+k25,4,8,20,5,0.8002236302646292,0.8045844204248975,0.004360790160268357,,
munich,link+k25,4,8,20,8,0.8439060752888558,0.8500186358553857,0.006112560566529979,,
munich,link+k25,4,8,20,-1,0.8002236302646292,,,5.0,15.0
munich,link+k25,4,9,20,3,0.7545285128587402,0.7545285128587402,0.0,,
munich,link+k25,4,9,20,5,0.8002236302646292,0.8045844204248975,0.004360790160268357,,
munich,link+k25,4,9,20,8,0.8439060752888558,0.8500186358553857,0.006112560566529979,,
munich,link+k25,4,9,20,-1,0.8002236302646292,,,5.0,15.0
munich,link+k25d,4,0,20,3,0.7545285128587402,0.7545285128587402,0.0,,
munich,link+k25d,4,0,20,5,0.8002236302646292,0.8045844204248975,0.004360790160268357,,
munich,link+k25d,4,0,20,8,0.8439060752888558,0.8500186358553857,0.006112560566529979,,
munich,link+k25d,4,0,20,-1,0.7753758230836129,,,4.0,15.0
munich,link+k50,4,0,20,3,0.7545285128587402,0.7545285128587402,0.0,,
munich,link+k50,4,0,20,5,0.8002236302646292,0.8045844204248975,0.004360790160268357,,
munich,link+k50,4,0,20,8,0.8439060752888558,0.8500186358553857,0.006112560566529979,,
munich,link+k50,4,0,20,-1,0.8002236302646292,,,5.0,15.0
munich,link+k50,4,1,20,3,0.7545285128587402,0.7545285128587402,0.0,,
munich,link+k50,4,1,20,5,0.8002236302646292,0.8045844204248975,0.004360790160268357,,
munich,link+k50,4,1,20,8,0.8439060752888558,0.8500186358553857,0.006112560566529979,,
munich,link+k50,4,1,20,-1,0.8002236302646292,,,5.0,15.0
munich,link+k50,4,2,20,3,0.7545285128587402,0.7545285128587402,0.0,,
munich,link+k50,4,2,20,5,0.8002236302646292,0.8045844204248975,0.004360790160268357,,
munich,link+k50,4,2,20,8,0.8439060752888558,0.8500186358553857,0.006112560566529979,,
munich,link+k50,4,2,20,-1,0.8002236302646292,,,5.0,15.0
munich,link+k50,4,3,20,3,0.7545285128587402,0.7545285128587402,0.0,,
munich,link+k50,4,3,20,5,0.8002236302646292,0.8045844204248975,0.004360790160268357,,
munich,link+k50,4,3,20,8,0.8439060752888558,0.8500186358553857,0.006112560566529979,,
munich,link+k50,4,3,20,-1,0.8002236302646292,,,5.0,15.0
munich,link+k50,4,4,20,3,0.7545285128587402,0.7545285128587402,0.0,,
munich,link+k50,4,4,20,5,0.8002236302646292,0.8045844204248975,0.004360790160268357,,
munich,link+k50,4,4,20,8,0.8439060752888558,0.8500186358553857,0.006112560566529979,,
munich,link+k50,4,4,20,-1,0.8002236302646292,,,5.0,15.0
munich,link+k50,4,5,20,3,0.7545285128587402,0.7545285128587402,0.0,,
munich,link+k50,4,5,20,5,0.8002236302646292,0.8045844204248975,0.004360790160268357,,
munich,link+k50,4,5,20,8,0.8439060752888558,0.8500186358553857,0.006112560566529979,,
munich,link+k50,4,5,20,-1,0.8002236302646292,,,5.0,15.0
munich,link+k50,4,6,20,3,0.7545285128587402,0.7545285128587402,0.0,,
munich,link+k50,4,6,20,5,0.8002236302646292,0.8045844204248975,0.004360790160268357,,
munich,link+k50,4,6,20,8,0.8439060752888558,0.8500186358553857,0.006112560566529979,,
munich,link+k50,4,6,20,-1,0.8002236302646292,,,5.0,15.0
munich,link+k50,4,7,20,3,0.7545285128587402,0.7545285128587402,0.0,,
munich,link+k50,4,7,20,5,0.8002236302646292,0.8045844204248975,0.004360790160268357,,
munich,link+k50,4,7,20,8,0.8439060752888558,0.8500186358553857,0.006112560566529979,,
munich,link+k50,4,7,20,-1,0.8002236302646292,,,5.0,15.0
munich,link+k50,4,8,20,3,0.7545285128587402,0.7545285128587402,0.0,,
munich,link+k50,4,8,20,5,0.8002236302646292,0.8045844204248975,0.004360790160268357,,
munich,link+k50,4,8,20,8,0.8439060752888558,0.8500186358553857,0.006112560566529979,,
munich,link+k50,4,8,20,-1,0.8002236302646292,,,5.0,15.0
munich,link+k50,4,9,20,3,0.7545285128587402,0.7545285128587402,0.0,,
munich,link+k50,4,9,20,5,0.8002236302646292,0.8045844204248975,0.004360790160268357,,
munich,link+k50,4,9,20,8,0.8439060752888558,0.8500186358553857,0.006112560566529979,,
munich,link+k50,4,9,20,-1,0.8002236302646292,,,5.0,15.0
munich,link+k50d,4,0,20,3,0.7545285128587402,0.7545285128587402,0.0,,
munich,link+k50d,4,0,20,5,0.8002236302646292,0.8045844204248975,0.004360790160268357,,
munich,link+k50d,4,0,20,8,0.8439060752888558,0.8500186358553857,0.006112560566529979,,
munich,link+k50d,4,0,20,-1,0.7753758230836129,,,4.0,15.0
newyork,link,0,0,20,3,0.6070663679017542,0.6327667529123389,0.025700385010584692,,
newyork,link,0,0,20,5,0.7123809995419488,0.7371900417197965,0.02480904217784774,,
newyork,link,0,0,20,8,0.7828713618975699,0.7990888495487577,0.0162174876511878,,
newyork,link,0,0,20,-1,0.864317813238917,,,16.0,
newyork,link,0,0,10,3,0.6070663679017542,0.6370749099372346,0.030008542035480423,,
newyork,link,0,0,10,5,0.7333523156344008,0.7407430332891789,0.007390717654778056,,
newyork,link,0,0,10,8,0.7874271141537814,0.7874271141537814,0.0,,
newyork,link,0,0,10,-1,0.8000792304740211,,,,
newyork,link_reg,0,0,20,3,0.6370749099372346,0.6327667529123389,-0.004308157024895731,,
newyork,link_reg,0,0,20,5,0.702898102182552,0.7371900417197965,0.03429193953724452,,
newyork,link_reg,0,0,20,8,0.7863624546591232,0.7990888495487577,0.012726394889634451,,
newyork,link_reg,0,0,20,-1,0.3823613157210592,,,1.0,
newyork,link_reg,0,0,10,3,0.6370749099372346,0.6370749099372346,0.0,,
newyork,link_reg,0,0,10,5,0.7110316055312774,0.7407430332891789,0.029711427757901476,,
newyork,link_reg,0,0,10,8,0.7874271141537814,0.7874271141537814,0.0,,
newyork,link_reg,0,0,10,-1,0.3823613157210592,,,1.0,
newyork,link+k10,0,0,20,3,0.6070663679017542,0.6327667529123389,0.025700385010584692,,
newyork,link+k10,0,0,20,5,0.7123809995419488,0.7371900417197965,0.02480904217784774,,
newyork,link+k10,0,0,20,8,0.7836265273530831,0.7990888495487577,0.01546232219567456,,
newyork,link+k10,0,0,20,-1,0.864317813238917,,,16.0,
newyork,link+k10,0,1,20,3,0.6070663679017542,0.6327667529123389,0.025700385010584692,,
newyork,link+k10,0,1,20,5,0.7123809995419488,0.7371900417197965,0.02480904217784774,,
newyork,link+k10,0,1,20,8,0.7927132723423747,0.7990888495487577,0.006375577206383043,,
newyork,link+k10,0,1,20,-1,0.8650358394097329,,,16.0,
newyork,link+k10,0,2,20,3,0.6070663679017542,0.6327667529123389,0.025700385010584692,,
newyork,link+k10,0,2,20,5,0.7333523156344008,0.7371900417197965,0.0038377260853956763,,
newyork,link+k10,0,2,20,8,0.7937160330292039,0.7990888495487577,0.005372816519553791,,
newyork,link+k10,0,2,20,-1,0.8779850700075517,,,19.0,
newyork,link+k10,0,3,20,3,0.6070663679017542,0.6327667529123389,0.025700385010584692,,
newyork,link+k10,0,3,20,5,0.7333523156344008,0.7371900417197965,0.0038377260853956763,,
newyork,link+k10,0,3,20,8,0.7990888495487577,0.7990888495487577,0.0,,
newyork,link+k10,0,3,20,-1,0.8710895428154054,,,17.0,
newyork,link+k10,0,4,20,3,0.6070663679017542,0.6327667529123389,0.025700385010584692,,
newyork,link+k10,0,4,20,5,0.7123809995419488,0.7371900417197965,0.02480904217784774,,
newyork,link+k10,0,4,20,8,0.7908067890612427,0.7990888495487577,0.008282060487515008,,
newyork,link+k10,0,4,20,-1,0.8702600987904973,,,17.0,
newyork,link+k10,0,5,20,3,0.6070663679017542,0.6327667529123389,0.025700385010584692,,
newyork,link+k10,0,5,20,5,0.7123809995419488,0.7371900417197965,0.02480904217784774,,
newyork,link+k10,0,5,20,8,0.7872166582071629,0.7990888495487577,0.011872191341594784,,
newyork,link+k10,0,5,20,-1,0.8741721034452876,,,18.0,
newyork,link+k10,0,6,20,3,0.6070663679017542,0.6327667529123389,0.025700385010584692,,
newyork,link+k10,0,6,20,5,0.7123809995419488,0.7371900417197965,0.02480904217784774,,
newyork,link+k10,0,6,20,8,0.7851739975488072,0.7990888495487577,0.013914851999950462,,
newyork,link+k10,0,6,20,-1,0.864317813238917,,,16.0,
newyork,link+k10,0,7,20,3,0.6070663679017542,0.6327667529123389,0.025700385010584692,,
newyork,link+k10,0,7,20,5,0.7333523156344008,0.7371900417197965,0.0038377260853956763,,
newyork,link+k10,0,7,20,8,0.7937160330292039,0.7990888495487577,0.005372816519553791,,
newyork,link+k10,0,7,20,-1,0.8749148891392352,,,18.0,
newyork,link+k10,0,8,20,3,0.6130705522611635,0.6327667529123389,0.01969620065117539,,
newyork,link+k10,0,8,20,5,0.7333523156344008,0.7371900417197965,0.0038377260853956763,,
newyork,link+k10,0,8,20,8,0.7927132723423747,0.7990888495487577,0.006375577206383043,,
newyork,link+k10,0,8,20,-1,0.8710895428154054,,,17.0,
newyork,link+k10,0,9,20,3,0.6070663679017542,0.6327667529123389,0.025700385010584692,,
newyork,link+k10,0,9,20,5,0.7123809995419488,0.7371900417197965,0.02480904217784774,,
newyork,link+k10,0,9,20,8,0.7819428797801354,0.7990888495487577,0.01714596976862226,,
newyork,link+k10,0,9,20,-1,0.8697277690431682,,,17.0,
newyork,link+k10d,0,0,20,3,0.6130705522611635,0.6327667529123389,0.01969620065117539,,
newyork,link+k10d,0,0,20,5,0.7123809995419488,0.7371900417197965,0.02480904217784774,,
newyork,link+k10d,0,0,20,8,0.7927132723423747,0.7990888495487577,0.006375577206383043,,
newyork,link+k10d,0,0,20,-1,0.8650358394097329,,,16.0,
newyork,link+k25,0,0,20,3,0.6070663679017542,0.6327667529123389,0.025700385010584692,,
newyork,link+k25,0,0,20,5,0.7123809995419488,0.7371900417197965,0.02480904217784774,,
newyork,link+k25,0,0,20,8,0.7937160330292039,0.7990888495487577,0.005372816519553791,,
newyork,link+k25,0,0,20,-1,0.8697277690431682,,,17.0,
newyork,link+k25,0,1,20,3,0.6081681666811097,0.6327667529123389,0.024598586231229125,,
newyork,link+k25,0,1,20,5,0.7333523156344008,0.7371900417197965,0.0038377260853956763,,
newyork,link+k25,0,1,20,8,0.7927132723423747,0.7990888495487577,0.006375577206383043,,
newyork,link+k25,0,1,20,-1,0.8650358394097329,,,16.0,
newyork,link+k25,0,2,20,3,0.6070663679017542,0.6327667529123389,0.025700385010584692,,
newyork,link+k25,0,2,20,5,0.7333523156344008,0.7371900417197965,0.0038377260853956763,,
newyork,link+k25,0,2,20,8,0.7937160330292039,0.7990888495487577,0.005372816519553791,,
newyork,link+k25,0,2,20,-1,0.864317813238917,,,16.0,
newyork,link+k25,0,3,20,3,0.6070663679017542,0.6327667529123389,0.025700385010584692,,
newyork,link+k25,0,3,20,5,0.7333523156344008,0.7371900417197965,0.0038377260853956763,,
newyork,link+k25,0,3,20,8,0.7937160330292039,0.7990888495487577,0.005372816519553791,,
newyork,link+k25,0,3,20,-1,0.8779850700075517,,,19.0,
newyork,link+k25,0,4,20,3,0.6070663679017542,0.6327667529123389,0.025700385010584692,,
newyork,link+k25,0,4,20,5,0.7123809995419488,0.7371900417197965,0.02480904217784774,,
newyork,link+k25,0,4,20,8,0.7908067890612427,0.7990888495487577,0.008282060487515008,,
newyork,link+k25,0,4,20,-1,0.8697277690431682,,,17.0,
newyork,link+k25,0,5,20,3,0.6070663679017542,0.6327667529123389,0.025700385010584692,,
newyork,link+k25,0,5,20,5,0.7333523156344008,0.7371900417197965,0.0038377260853956763,,
newyork,link+k25,0,5,20,8,0.7927132723423747,0.7990888495487577,0.006375577206383043,,
newyork,link+k25,0,5,20,-1,0.864317813238917,,,16.0,
newyork,link+k25,0,6,20,3,0.6070663679017542,0.6327667529123389,0.025700385010584692,,
newyork,link+k25,0,6,20,5,0.7333523156344008,0.7371900417197965,0.0038377260853956763,,
newyork,link+k25,0,6,20,8,0.7927132723423747,0.7990888495487577,0.006375577206383043,,
newyork,link+k25,0,6,20,-1,0.864317813238917,,,16.0,
newyork,link+k25,0,7,20,3,0.6070663679017542,0.6327667529123389,0.025700385010584692,,
newyork,link+k25,0,7,20,5,0.7333523156344008,0.7371900417197965,0.0038377260853956763,,
newyork,link+k25,0,7,20,8,0.7927132723423747,0.7990888495487577,0.006375577206383043,,
newyork,link+k25,0,7,20,-1,0.8650358394097329,,,16.0,
newyork,link+k25,0,8,20,3,0.6070663679017542,0.6327667529123389,0.025700385010584692,,
newyork,link+k25,0,8,20,5,0.7123809995419488,0.7371900417197965,0.02480904217784774,,
newyork,link+k25,0,8,20,8,0.7851739975488072,0.7990888495487577,0.013914851999950462,,
newyork,link+k25,0,8,20,-1,0.864317813238917,,,16.0,
newyork,link+k25,0,9,20,3,0.6070663679017542,0.6327667529123389,0.025700385010584692,,
newyork,link+k25,0,9,20,5,0.7123809995419488,0.7371900417197965,0.02480904217784774,,
newyork,link+k25,0,9,20,8,0.7872166582071629,0.7990888495487577,0.011872191341594784,,
newyork,link+k25,0,9,20,-1,0.864317813238917,,,16.0,
newyork,link+k25d,0,0,20,3,0.6130705522611635,0.6327667529123389,0.01969620065117539,,
newyork,link+k25d,0,0,20,5,0.7123809995419488,0.7371900417197965,0.02480904217784774,,
newyork,link+k25d,0,0,20,8,0.7927132723423747,0.7990888495487577,0.006375577206383043,,
newyork,link+k25d,0,0,20,-1,0.8594278074204291,,,15.0,
newyork,link+k50,0,0,20,3,0.6070663679017542,0.6327667529123389,0.025700385010584692,,
newyork,link+k50,0,0,20,5,0.7123809995419488,0.7371900417197965,0.02480904217784774,,
newyork,link+k50,0,0,20,8,0.7927132723423747,0.7990888495487577,0.006375577206383043,,
newyork,link+k50,0,0,20,-1,0.8710895428154054,,,17.0,
newyork,link+k50,0,1,20,3,0.6070663679017542,0.6327667529123389,0.025700385010584692,,
newyork,link+k50,0,1,20,5,0.7333523156344008,0.7371900417197965,0.0038377260853956763,,
newyork,link+k50,0,1,20,8,0.7937160330292039,0.7990888495487577,0.005372816519553791,,
newyork,link+k50,0,1,20,-1,0.8697277690431682,,,17.0,
newyork,link+k50,0,2,20,3,0.6070663679017542,0.6327667529123389,0.025700385010584692,,
newyork,link+k50,0,2,20,5,0.7333523156344008,0.7371900417197965,0.0038377260853956763,,
newyork,link+k50,0,2,20,8,0.7937160330292039,0.7990888495487577,0.005372816519553791,,
newyork,link+k50,0,2,20,-1,0.8702972380751947,,,17.0,
newyork,link+k50,0,3,20,3,0.6070663679017542,0.6327667529123389,0.025700385010584692,,
newyork,link+k50,0,3,20,5,0.7123809995419488,0.7371900417197965,0.02480904217784774,,
newyork,link+k50,0,3,20,8,0.7927132723423747,0.7990888495487577,0.006375577206383043,,
newyork,link+k50,0,3,20,-1,0.864317813238917,,,16.0,
newyork,link+k50,0,4,20,3,0.6070663679017542,0.6327667529123389,0.025700385010584692,,
newyork,link+k50,0,4,20,5,0.7333523156344008,0.7371900417197965,0.0038377260853956763,,
newyork,link+k50,0,4,20,8,0.7927132723423747,0.7990888495487577,0.006375577206383043,,
newyork,link+k50,0,4,20,-1,0.8697277690431682,,,17.0,
newyork,link+k50,0,5,20,3,0.6070663679017542,0.6327667529123389,0.025700385010584692,,
newyork,link+k50,0,5,20,5,0.7333523156344008,0.7371900417197965,0.0038377260853956763,,
newyork,link+k50,0,5,20,8,0.7937160330292039,0.7990888495487577,0.005372816519553791,,
newyork,link+k50,0,5,20,-1,0.8697277690431682,,,17.0,
newyork,link+k50,0,6,20,3,0.6070663679017542,0.6327667529123389,0.025700385010584692,,
newyork,link+k50,0,6,20,5,0.7333523156344008,0.7371900417197965,0.0038377260853956763,,
newyork,link+k50,0,6,20,8,0.7937160330292039,0.7990888495487577,0.005372816519553791,,
newyork,link+k50,0,6,20,-1,0.8697277690431682,,,17.0,
newyork,link+k50,0,7,20,3,0.6070663679017542,0.6327667529123389,0.025700385010584692,,
newyork,link+k50,0,7,20,5,0.7333523156344008,0.7371900417197965,0.0038377260853956763,,
newyork,link+k50,0,7,20,8,0.7937160330292039,0.7990888495487577,0.005372816519553791,,
newyork,link+k50,0,7,20,-1,0.8697277690431682,,,17.0,
newyork,link+k50,0,8,20,3,0.6070663679017542,0.6327667529123389,0.025700385010584692,,
newyork,link+k50,0,8,20,5,0.7333523156344008,0.7371900417197965,0.0038377260853956763,,
newyork,link+k50,0,8,20,8,0.7937160330292039,0.7990888495487577,0.005372816519553791,,
newyork,link+k50,0,8,20,-1,0.8749148891392352,,,18.0,
newyork,link+k50,0,9,20,3,0.6070663679017542,0.6327667529123389,0.025700385010584692,,
newyork,link+k50,0,9,20,5,0.7333523156344008,0.7371900417197965,0.0038377260853956763,,
newyork,link+k50,0,9,20,8,0.7927132723423747,0.7990888495487577,0.006375577206383043,,
newyork,link+k50,0,9,20,-1,0.864317813238917,,,16.0,
newyork,link+k50d,0,0,20,3,0.6130705522611635,0.6327667529123389,0.01969620065117539,,
newyork,link+k50d,0,0,20,5,0.7123809995419488,0.7371900417197965,0.02480904217784774,,
newyork,link+k50d,0,0,20,8,0.7927132723423747,0.7990888495487577,0.006375577206383043,,
newyork,link+k50d,0,0,20,-1,0.8650358394097329,,,16.0,
newyork,link,1,0,20,3,0.6070663679017542,0.6327667529123389,0.025700385010584692,,
newyork,link,1,0,20,5,0.7333523156344008,0.7371900417197965,0.0038377260853956763,,
newyork,link,1,0,20,8,0.7927132723423747,0.7990888495487577,0.006375577206383043,,
newyork,link,1,0,20,-1,0.859551605036087,,,15.0,
newyork,link,1,0,10,3,0.6070663679017542,0.6370749099372346,0.030008542035480423,,
newyork,link,1,0,10,5,0.7333523156344008,0.7407430332891789,0.007390717654778056,,
newyork,link,1,0,10,8,0.7874271141537814,0.7874271141537814,0.0,,
newyork,link,1,0,10,-1,0.8000792304740211,,,,
newyork,link_reg,1,0,20,3,0.6001584609480421,0.6327667529123389,0.03260829196429671,,
newyork,link_reg,1,0,20,5,0.683115243200416,0.7371900417197965,0.054074798519380574,,
newyork,link_reg,1,0,20,8,0.7773995072854897,0.7990888495487577,0.02168934226326802,,
newyork,link_reg,1,0,20,-1,0.3823613157210592,,,1.0,
newyork,link_reg,1,0,10,3,0.6001584609480421,0.6370749099372346,0.03691644898919244,,
newyork,link_reg,1,0,10,5,0.7407430332891789,0.7407430332891789,0.0,,
newyork,link_reg,1,0,10,8,0.7828837416591357,0.7874271141537814,0.004543372494645759,,
newyork,link_reg,1,0,10,-1,0.3823613157210592,,,1.0,
newyork,link+k10,1,0,20,3,0.6070663679017542,0.6327667529123389,0.025700385010584692,,
newyork,link+k10,1,0,20,5,0.7333523156344008,0.7371900417197965,0.0038377260853956763,,
newyork,link+k10,1,0,20,8,0.7927132723423747,0.7990888495487577,0.006375577206383043,,
newyork,link+k10,1,0,20,-1,0.859551605036087,,,15.0,
newyork,link+k10,1,1,20,3,0.6070663679017542,0.6327667529123389,0.025700385010584692,,
newyork,link+k10,1,1,20,5,0.7333523156344008,0.7371900417197965,0.0038377260853956763,,
newyork,link+k10,1,1,20,8,0.7927132723423747,0.7990888495487577,0.006375577206383043,,
newyork,link+k10,1,1,20,-1,0.8598363395521003,,,15.0,
newyork,link+k10,1,2,20,3,0.6070663679017542,0.6327667529123389,0.025700385010584692,,
newyork,link+k10,1,2,20,5,0.7333523156344008,0.7371900417197965,0.0038377260853956763,,
newyork,link+k10,1,2,20,8,0.7937160330292039,0.7990888495487577,0.005372816519553791,,
newyork,link+k10,1,2,20,-1,0.8710895428154054,,,17.0,
newyork,link+k10,1,3,20,3,0.6070663679017542,0.6327667529123389,0.025700385010584692,,
newyork,link+k10,1,3,20,5,0.7333523156344008,0.7371900417197965,0.0038377260853956763,,
newyork,link+k10,1,3,20,8,0.7990888495487577,0.7990888495487577,0.0,,
newyork,link+k10,1,3,20,-1,0.8645282691855355,,,16.0,
newyork,link+k10,1,4,20,3,0.6070663679017542,0.6327667529123389,0.025700385010584692,,
newyork,link+k10,1,4,20,5,0.7333523156344008,0.7371900417197965,0.0038377260853956763,,
newyork,link+k10,1,4,20,8,0.7937160330292039,0.7990888495487577,0.005372816519553791,,
newyork,link+k10,1,4,20,-1,0.8650358394097329,,,16.0,
newyork,link+k10,1,5,20,3,0.6070663679017542,0.6327667529123389,0.025700385010584692,,
newyork,link+k10,1,5,20,5,0.7333523156344008,0.7371900417197965,0.0038377260853956763,,
newyork,link+k10,1,5,20,8,0.7937160330292039,0.7990888495487577,0.005372816519553791,,
newyork,link+k10,1,5,20,-1,0.8710895428154054,,,17.0,
newyork,link+k10,1,6,20,3,0.6070663679017542,0.6327667529123389,0.025700385010584692,,
newyork,link+k10,1,6,20,5,0.7333523156344008,0.7371900417197965,0.0038377260853956763,,
newyork,link+k10,1,6,20,8,0.7927132723423747,0.7990888495487577,0.006375577206383043,,
newyork,link+k10,1,6,20,-1,0.859551605036087,,,15.0,
newyork,link+k10,1,7,20,3,0.6070663679017542,0.6327667529123389,0.025700385010584692,,
newyork,link+k10,1,7,20,5,0.7333523156344008,0.7371900417197965,0.0038377260853956763,,
newyork,link+k10,1,7,20,8,0.7937160330292039,0.7990888495487577,0.005372816519553791,,
newyork,link+k10,1,7,20,-1,0.8710895428154054,,,17.0,
newyork,link+k10,1,8,20,3,0.6070663679017542,0.6327667529123389,0.025700385010584692,,
newyork,link+k10,1,8,20,5,0.7333523156344008,0.7371900417197965,0.0038377260853956763,,
newyork,link+k10,1,8,20,8,0.7937160330292039,0.7990888495487577,0.005372816519553791,,
newyork,link+k10,1,8,20,-1,0.8664223727051017,,,16.0,
newyork,link+k10,1,9,20,3,0.6070663679017542,0.6327667529123389,0.025700385010584692,,
newyork,link+k10,1,9,20,5,0.7333523156344008,0.7371900417197965,0.0038377260853956763,,
newyork,link+k10,1,9,20,8,0.7937160330292039,0.7990888495487577,0.005372816519553791,,
newyork,link+k10,1,9,20,-1,0.8645901679933644,,,16.0,
newyork,link+k10d,1,0,20,3,0.6070663679017542,0.6327667529123389,0.025700385010584692,,
newyork,link+k10d,1,0,20,5,0.7333523156344008,0.7371900417197965,0.0038377260853956763,,
newyork,link+k10d,1,0,20,8,0.7927132723423747,0.7990888495487577,0.006375577206383043,,
newyork,link+k10d,1,0,20,-1,0.8598363395521003,,,15.0,
newyork,link+k25,1,0,20,3,0.6070663679017542,0.6327667529123389,0.025700385010584692,,
newyork,link+k25,1,0,20,5,0.7333523156344008,0.7371900417197965,0.0038377260853956763,,
newyork,link+k25,1,0,20,8,0.7937160330292039,0.7990888495487577,0.005372816519553791,,
newyork,link+k25,1,0,20,-1,0.8650358394097329,,,16.0,
newyork,link+k25,1,1,20,3,0.6070663679017542,0.6327667529123389,0.025700385010584692,,
newyork,link+k25,1,1,20,5,0.7333523156344008,0.7371900417197965,0.0038377260853956763,,
newyork,link+k25,1,1,20,8,0.7937160330292039,0.7990888495487577,0.005372816519553791,,
newyork,link+k25,1,1,20,-1,0.8645901679933644,,,16.0,
newyork,link+k25,1,2,20,3,0.6070663679017542,0.6327667529123389,0.025700385010584692,,
newyork,link+k25,1,2,20,5,0.7333523156344008,0.7371900417197965,0.0038377260853956763,,
newyork,link+k25,1,2,20,8,0.7937160330292039,0.7990888495487577,0.005372816519553791,,
newyork,link+k25,1,2,20,-1,0.8645901679933644,,,16.0,
newyork,link+k25,1,3,20,3,0.6070663679017542,0.6327667529123389,0.025700385010584692,,
newyork,link+k25,1,3,20,5,0.7333523156344008,0.7371900417197965,0.0038377260853956763,,
newyork,link+k25,1,3,20,8,0.7990888495487577,0.7990888495487577,0.0,,
newyork,link+k25,1,3,20,-1,0.8749148891392352,,,18.0,
newyork,link+k25,1,4,20,3,0.6070663679017542,0.6327667529123389,0.025700385010584692,,
newyork,link+k25,1,4,20,5,0.7333523156344008,0.7371900417197965,0.0038377260853956763,,
newyork,link+k25,1,4,20,8,0.7937160330292039,0.7990888495487577,0.005372816519553791,,
newyork,link+k25,1,4,20,-1,0.8649368013172066,,,16.0,
newyork,link+k25,1,5,20,3,0.6070663679017542,0.6327667529123389,0.025700385010584692,,
newyork,link+k25,1,5,20,5,0.7333523156344008,0.7371900417197965,0.0038377260853956763,,
newyork,link+k25,1,5,20,8,0.7927132723423747,0.7990888495487577,0.006375577206383043,,
newyork,link+k25,1,5,20,-1,0.859551605036087,,,15.0,
newyork,link+k25,1,6,20,3,0.6070663679017542,0.6327667529123389,0.025700385010584692,,
newyork,link+k25,1,6,20,5,0.7333523156344008,0.7371900417197965,0.0038377260853956763,,
newyork,link+k25,1,6,20,8,0.7937160330292039,0.7990888495487577,0.005372816519553791,,
newyork,link+k25,1,6,20,-1,0.8664223727051017,,,16.0,
newyork,link+k25,1,7,20,3,0.6070663679017542,0.6327667529123389,0.025700385010584692,,
newyork,link+k25,1,7,20,5,0.7333523156344008,0.7371900417197965,0.0038377260853956763,,
newyork,link+k25,1,7,20,8,0.7927132723423747,0.7990888495487577,0.006375577206383043,,
newyork,link+k25,1,7,20,-1,0.8645901679933644,,,16.0,
newyork,link+k25,1,8,20,3,0.6070663679017542,0.6327667529123389,0.025700385010584692,,
newyork,link+k25,1,8,20,5,0.7333523156344008,0.7371900417197965,0.0038377260853956763,,
newyork,link+k25,1,8,20,8,0.7927132723423747,0.7990888495487577,0.006375577206383043,,
newyork,link+k25,1,8,20,-1,0.8602696312069029,,,15.0,
newyork,link+k25,1,9,20,3,0.6070663679017542,0.6327667529123389,0.025700385010584692,,
newyork,link+k25,1,9,20,5,0.7333523156344008,0.7371900417197965,0.0038377260853956763,,
newyork,link+k25,1,9,20,8,0.7937160330292039,0.7990888495487577,0.005372816519553791,,
newyork,link+k25,1,9,20,-1,0.8645901679933644,,,16.0,
newyork,link+k25d,1,0,20,3,0.6081681666811097,0.6327667529123389,0.024598586231229125,,
newyork,link+k25d,1,0,20,5,0.7333523156344008,0.7371900417197965,0.0038377260853956763,,
newyork,link+k25d,1,0,20,8,0.7937160330292039,0.7990888495487577,0.005372816519553791,,
newyork,link+k25d,1,0,20,-1,0.8598363395521003,,,15.0,
newyork,link+k50,1,0,20,3,0.6070663679017542,0.6327667529123389,0.025700385010584692,,
newyork,link+k50,1,0,20,5,0.7333523156344008,0.7371900417197965,0.0038377260853956763,,
newyork,link+k50,1,0,20,8,0.7937160330292039,0.7990888495487577,0.005372816519553791,,
newyork,link+k50,1,0,20,-1,0.8710895428154054,,,17.0,
newyork,link+k50,1,1,20,3,0.6070663679017542,0.6327667529123389,0.025700385010584692,,
newyork,link+k50,1,1,20,5,0.7333523156344008,0.7371900417197965,0.0038377260853956763,,
newyork,link+k50,1,1,20,8,0.7937160330292039,0.7990888495487577,0.005372816519553791,,
newyork,link+k50,1,1,20,-1,0.8697277690431682,,,17.0,
newyork,link+k50,1,2,20,3,0.6070663679017542,0.6327667529123389,0.025700385010584692,,
newyork,link+k50,1,2,20,5,0.7333523156344008,0.7371900417197965,0.0038377260853956763,,
newyork,link+k50,1,2,20,8,0.7937160330292039,0.7990888495487577,0.005372816519553791,,
newyork,link+k50,1,2,20,-1,0.866050979858128,,,16.0,
newyork,link+k50,1,3,20,3,0.6070663679017542,0.6327667529123389,0.025700385010584692,,
newyork,link+k50,1,3,20,5,0.7333523156344008,0.7371900417197965,0.0038377260853956763,,
newyork,link+k50,1,3,20,8,0.7927132723423747,0.7990888495487577,0.006375577206383043,,
newyork,link+k50,1,3,20,-1,0.859551605036087,,,15.0,
newyork,link+k50,1,4,20,3,0.6081681666811097,0.6327667529123389,0.024598586231229125,,
newyork,link+k50,1,4,20,5,0.7333523156344008,0.7371900417197965,0.0038377260853956763,,
newyork,link+k50,1,4,20,8,0.7937160330292039,0.7990888495487577,0.005372816519553791,,
newyork,link+k50,1,4,20,-1,0.8710895428154054,,,17.0,
newyork,link+k50,1,5,20,3,0.6070663679017542,0.6327667529123389,0.025700385010584692,,
newyork,link+k50,1,5,20,5,0.7333523156344008,0.7371900417197965,0.0038377260853956763,,
newyork,link+k50,1,5,20,8,0.7937160330292039,0.7990888495487577,0.005372816519553791,,
newyork,link+k50,1,5,20,-1,0.8697277690431682,,,17.0,
newyork,link+k50,1,6,20,3,0.6070663679017542,0.6327667529123389,0.025700385010584692,,
newyork,link+k50,1,6,20,5,0.7333523156344008,0.7371900417197965,0.0038377260853956763,,
newyork,link+k50,1,6,20,8,0.7937160330292039,0.7990888495487577,0.005372816519553791,,
newyork,link+k50,1,6,20,-1,0.8650358394097329,,,16.0,
newyork,link+k50,1,7,20,3,0.6070663679017542,0.6327667529123389,0.025700385010584692,,
newyork,link+k50,1,7,20,5,0.7333523156344008,0.7371900417197965,0.0038377260853956763,,
newyork,link+k50,1,7,20,8,0.7937160330292039,0.7990888495487577,0.005372816519553791,,
newyork,link+k50,1,7,20,-1,0.8650358394097329,,,16.0,
newyork,link+k50,1,8,20,3,0.6070663679017542,0.6327667529123389,0.025700385010584692,,
newyork,link+k50,1,8,20,5,0.7333523156344008,0.7371900417197965,0.0038377260853956763,,
newyork,link+k50,1,8,20,8,0.7937160330292039,0.7990888495487577,0.005372816519553791,,
newyork,link+k50,1,8,20,-1,0.8710895428154054,,,17.0,
newyork,link+k50,1,9,20,3,0.6070663679017542,0.6327667529123389,0.025700385010584692,,
newyork,link+k50,1,9,20,5,0.7333523156344008,0.7371900417197965,0.0038377260853956763,,
newyork,link+k50,1,9,20,8,0.7937160330292039,0.7990888495487577,0.005372816519553791,,
newyork,link+k50,1,9,20,-1,0.8649368013172066,,,16.0,
newyork,link+k50d,1,0,20,3,0.6070663679017542,0.6327667529123389,0.025700385010584692,,
newyork,link+k50d,1,0,20,5,0.7333523156344008,0.7371900417197965,0.0038377260853956763,,
newyork,link+k50d,1,0,20,8,0.7927132723423747,0.7990888495487577,0.006375577206383043,,
newyork,link+k50d,1,0,20,-1,0.8598363395521003,,,15.0,
newyork,link,2,0,20,3,0.6070663679017542,0.6327667529123389,0.025700385010584692,,
newyork,link,2,0,20,5,0.7123809995419488,0.7371900417197965,0.02480904217784774,,
newyork,link,2,0,20,8,0.7927132723423747,0.7990888495487577,0.006375577206383043,,
newyork,link,2,0,20,-1,0.8550206123030071,,,14.0,
newyork,link,2,0,10,3,0.6070663679017542,0.6370749099372346,0.030008542035480423,,
newyork,link,2,0,10,5,0.7333523156344008,0.7407430332891789,0.007390717654778056,,
newyork,link,2,0,10,8,0.7874271141537814,0.7874271141537814,0.0,,
newyork,link,2,0,10,-1,0.8000792304740211,,,,
newyork,link_reg,2,0,20,3,0.5485719945033859,0.6327667529123389,0.08419475840895296,,
newyork,link_reg,2,0,20,5,0.673161914901519,0.7371900417197965,0.06402812681827752,,
newyork,link_reg,2,0,20,8,0.7884793938868737,0.7990888495487577,0.010609455661883982,,
newyork,link_reg,2,0,20,-1,0.3480198571375515,,,1.0,
newyork,link_reg,2,0,10,3,0.5485719945033859,0.6370749099372346,0.0885029154338487,,
newyork,link_reg,2,0,10,5,0.713383760228778,0.7407430332891789,0.027359273060400868,,
newyork,link_reg,2,0,10,8,0.7874271141537814,0.7874271141537814,0.0,,
newyork,link_reg,2,0,10,-1,0.3480198571375515,,,1.0,
newyork,link+k10,2,0,20,3,0.6070663679017542,0.6327667529123389,0.025700385010584692,,
newyork,link+k10,2,0,20,5,0.7123809995419488,0.7371900417197965,0.02480904217784774,,
newyork,link+k10,2,0,20,8,0.7927132723423747,0.7990888495487577,0.006375577206383043,,
newyork,link+k10,2,0,20,-1,0.8550206123030071,,,14.0,
newyork,link+k10,2,1,20,3,0.6070663679017542,0.6327667529123389,0.025700385010584692,,
newyork,link+k10,2,1,20,5,0.7123809995419488,0.7371900417197965,0.02480904217784774,,
newyork,link+k10,2,1,20,8,0.7927132723423747,0.7990888495487577,0.006375577206383043,,
newyork,link+k10,2,1,20,-1,0.8550206123030071,,,14.0,
newyork,link+k10,2,2,20,3,0.6070663679017542,0.6327667529123389,0.025700385010584692,,
newyork,link+k10,2,2,20,5,0.7123809995419488,0.7371900417197965,0.02480904217784774,,
newyork,link+k10,2,2,20,8,0.7908067890612427,0.7990888495487577,0.008282060487515008,,
newyork,link+k10,2,2,20,-1,0.8615571264097454,,,15.0,
newyork,link+k10,2,3,20,3,0.6070663679017542,0.6327667529123389,0.025700385010584692,,
newyork,link+k10,2,3,20,5,0.7333523156344008,0.7371900417197965,0.0038377260853956763,,
newyork,link+k10,2,3,20,8,0.7927256521039405,0.7990888495487577,0.00636319744481717,,
newyork,link+k10,2,3,20,-1,0.8597001621748765,,,15.0,
newyork,link+k10,2,4,20,3,0.6070663679017542,0.6327667529123389,0.025700385010584692,,
newyork,link+k10,2,4,20,5,0.7123809995419488,0.7371900417197965,0.02480904217784774,,
newyork,link+k10,2,4,20,8,0.7927132723423747,0.7990888495487577,0.006375577206383043,,
newyork,link+k10,2,4,20,-1,0.8550206123030071,,,14.0,
newyork,link+k10,2,5,20,3,0.6070663679017542,0.6327667529123389,0.025700385010584692,,
newyork,link+k10,2,5,20,5,0.7123809995419488,0.7371900417197965,0.02480904217784774,,
newyork,link+k10,2,5,20,8,0.7908067890612427,0.7990888495487577,0.008282060487515008,,
newyork,link+k10,2,5,20,-1,0.866050979858128,,,16.0,
newyork,link+k10,2,6,20,3,0.6070663679017542,0.6327667529123389,0.025700385010584692,,
newyork,link+k10,2,6,20,5,0.7123809995419488,0.7371900417197965,0.02480904217784774,,
newyork,link+k10,2,6,20,8,0.7927132723423747,0.7990888495487577,0.006375577206383043,,
newyork,link+k10,2,6,20,-1,0.8550206123030071,,,14.0,
newyork,link+k10,2,7,20,3,0.6070663679017542,0.6327667529123389,0.025700385010584692,,
newyork,link+k10,2,7,20,5,0.7123809995419488,0.7371900417197965,0.02480904217784774,,
newyork,link+k10,2,7,20,8,0.7908067890612427,0.7990888495487577,0.008282060487515008,,
newyork,link+k10,2,7,20,-1,0.8664223727051017,,,16.0,
newyork,link+k10,2,8,20,3,0.6130705522611635,0.6327667529123389,0.01969620065117539,,
newyork,link+k10,2,8,20,5,0.7123809995419488,0.7371900417197965,0.02480904217784774,,
newyork,link+k10,2,8,20,8,0.7927132723423747,0.7990888495487577,0.006375577206383043,,
newyork,link+k10,2,8,20,-1,0.8615571264097454,,,15.0,
newyork,link+k10,2,9,20,3,0.6070663679017542,0.6327667529123389,0.025700385010584692,,
newyork,link+k10,2,9,20,5,0.7123809995419488,0.7371900417197965,0.02480904217784774,,
newyork,link+k10,2,9,20,8,0.7927132723423747,0.7990888495487577,0.006375577206383043,,
newyork,link+k10,2,9,20,-1,0.8550206123030071,,,14.0,
newyork,link+k10d,2,0,20,3,0.6070663679017542,0.6327667529123389,0.025700385010584692,,
newyork,link+k10d,2,0,20,5,0.7123809995419488,0.7371900417197965,0.02480904217784774,,
newyork,link+k10d,2,0,20,8,0.7927132723423747,0.7990888495487577,0.006375577206383043,,
newyork,link+k10d,2,0,20,-1,0.8550206123030071,,,14.0,
newyork,link+k25,2,0,20,3,0.6070663679017542,0.6327667529123389,0.025700385010584692,,
newyork,link+k25,2,0,20,5,0.7123809995419488,0.7371900417197965,0.02480904217784774,,
newyork,link+k25,2,0,20,8,0.7927132723423747,0.7990888495487577,0.006375577206383043,,
newyork,link+k25,2,0,20,-1,0.8594278074204291,,,15.0,
newyork,link+k25,2,1,20,3,0.6070663679017542,0.6327667529123389,0.025700385010584692,,
newyork,link+k25,2,1,20,5,0.7123809995419488,0.7371900417197965,0.02480904217784774,,
newyork,link+k25,2,1,20,8,0.7927132723423747,0.7990888495487577,0.006375577206383043,,
newyork,link+k25,2,1,20,-1,0.8550206123030071,,,14.0,
newyork,link+k25,2,2,20,3,0.6070663679017542,0.6327667529123389,0.025700385010584692,,
newyork,link+k25,2,2,20,5,0.7123809995419488,0.7371900417197965,0.02480904217784774,,
newyork,link+k25,2,2,20,8,0.7927132723423747,0.7990888495487577,0.006375577206383043,,
newyork,link+k25,2,2,20,-1,0.8550206123030071,,,14.0,
newyork,link+k25,2,3,20,3,0.6070663679017542,0.6327667529123389,0.025700385010584692,,
newyork,link+k25,2,3,20,5,0.7333523156344008,0.7371900417197965,0.0038377260853956763,,
newyork,link+k25,2,3,20,8,0.7927132723423747,0.7990888495487577,0.006375577206383043,,
newyork,link+k25,2,3,20,-1,0.8650358394097329,,,16.0,
newyork,link+k25,2,4,20,3,0.6070663679017542,0.6327667529123389,0.025700385010584692,,
newyork,link+k25,2,4,20,5,0.7123809995419488,0.7371900417197965,0.02480904217784774,,
newyork,link+k25,2,4,20,8,0.7927132723423747,0.7990888495487577,0.006375577206383043,,
newyork,link+k25,2,4,20,-1,0.8594773264666923,,,15.0,
newyork,link+k25,2,5,20,3,0.6070663679017542,0.6327667529123389,0.025700385010584692,,
newyork,link+k25,2,5,20,5,0.7123809995419488,0.7371900417197965,0.02480904217784774,,
newyork,link+k25,2,5,20,8,0.7927132723423747,0.7990888495487577,0.006375577206383043,,
newyork,link+k25,2,5,20,-1,0.8550206123030071,,,14.0,
newyork,link+k25,2,6,20,3,0.6070663679017542,0.6327667529123389,0.025700385010584692,,
newyork,link+k25,2,6,20,5,0.7123809995419488,0.7371900417197965,0.02480904217784774,,
newyork,link+k25,2,6,20,8,0.7927132723423747,0.7990888495487577,0.006375577206383043,,
newyork,link+k25,2,6,20,-1,0.8550206123030071,,,14.0,
newyork,link+k25,2,7,20,3,0.6070663679017542,0.6327667529123389,0.025700385010584692,,
newyork,link+k25,2,7,20,5,0.7123809995419488,0.7371900417197965,0.02480904217784774,,
newyork,link+k25,2,7,20,8,0.7927132723423747,0.7990888495487577,0.006375577206383043,,
newyork,link+k25,2,7,20,-1,0.8594278074204291,,,15.0,
newyork,link+k25,2,8,20,3,0.6070663679017542,0.6327667529123389,0.025700385010584692,,
newyork,link+k25,2,8,20,5,0.7123809995419488,0.7371900417197965,0.02480904217784774,,
newyork,link+k25,2,8,20,8,0.7927132723423747,0.7990888495487577,0.006375577206383043,,
newyork,link+k25,2,8,20,-1,0.8550206123030071,,,14.0,
newyork,link+k25,2,9,20,3,0.6070663679017542,0.6327667529123389,0.025700385010584692,,
newyork,link+k25,2,9,20,5,0.7123809995419488,0.7371900417197965,0.02480904217784774,,
newyork,link+k25,2,9,20,8,0.7927132723423747,0.7990888495487577,0.006375577206383043,,
newyork,link+k25,2,9,20,-1,0.8550206123030071,,,14.0,
newyork,link+k25d,2,0,20,3,0.6130705522611635,0.6327667529123389,0.01969620065117539,,
newyork,link+k25d,2,0,20,5,0.7123809995419488,0.7371900417197965,0.02480904217784774,,
newyork,link+k25d,2,0,20,8,0.7927132723423747,0.7990888495487577,0.006375577206383043,,
newyork,link+k25d,2,0,20,-1,0.8550206123030071,,,14.0,
newyork,link+k50,2,0,20,3,0.6070663679017542,0.6327667529123389,0.025700385010584692,,
newyork,link+k50,2,0,20,5,0.7123809995419488,0.7371900417197965,0.02480904217784774,,
newyork,link+k50,2,0,20,8,0.7927132723423747,0.7990888495487577,0.006375577206383043,,
newyork,link+k50,2,0,20,-1,0.8615695061713111,,,15.0,
newyork,link+k50,2,1,20,3,0.6070663679017542,0.6327667529123389,0.025700385010584692,,
newyork,link+k50,2,1,20,5,0.7123809995419488,0.7371900417197965,0.02480904217784774,,
newyork,link+k50,2,1,20,8,0.7927132723423747,0.7990888495487577,0.006375577206383043,,
newyork,link+k50,2,1,20,-1,0.8594278074204291,,,15.0,
newyork,link+k50,2,2,20,3,0.6070663679017542,0.6327667529123389,0.025700385010584692,,
newyork,link+k50,2,2,20,5,0.7123809995419488,0.7371900417197965,0.02480904217784774,,
newyork,link+k50,2,2,20,8,0.7927132723423747,0.7990888495487577,0.006375577206383043,,
newyork,link+k50,2,2,20,-1,0.8615571264097454,,,15.0,
newyork,link+k50,2,3,20,3,0.6070663679017542,0.6327667529123389,0.025700385010584692,,
newyork,link+k50,2,3,20,5,0.7123809995419488,0.7371900417197965,0.02480904217784774,,
newyork,link+k50,2,3,20,8,0.7927132723423747,0.7990888495487577,0.006375577206383043,,
newyork,link+k50,2,3,20,-1,0.8550206123030071,,,14.0,
newyork,link+k50,2,4,20,3,0.6070663679017542,0.6327667529123389,0.025700385010584692,,
newyork,link+k50,2,4,20,5,0.7123809995419488,0.7371900417197965,0.02480904217784774,,
newyork,link+k50,2,4,20,8,0.7927132723423747,0.7990888495487577,0.006375577206383043,,
newyork,link+k50,2,4,20,-1,0.8594278074204291,,,15.0,
newyork,link+k50,2,5,20,3,0.6070663679017542,0.6327667529123389,0.025700385010584692,,
newyork,link+k50,2,5,20,5,0.7123809995419488,0.7371900417197965,0.02480904217784774,,
newyork,link+k50,2,5,20,8,0.7927132723423747,0.7990888495487577,0.006375577206383043,,
newyork,link+k50,2,5,20,-1,0.8615571264097454,,,15.0,
newyork,link+k50,2,6,20,3,0.6070663679017542,0.6327667529123389,0.025700385010584692,,
newyork,link+k50,2,6,20,5,0.7123809995419488,0.7371900417197965,0.02480904217784774,,
newyork,link+k50,2,6,20,8,0.7927132723423747,0.7990888495487577,0.006375577206383043,,
newyork,link+k50,2,6,20,-1,0.8594278074204291,,,15.0,
newyork,link+k50,2,7,20,3,0.6070663679017542,0.6327667529123389,0.025700385010584692,,
newyork,link+k50,2,7,20,5,0.7123809995419488,0.7371900417197965,0.02480904217784774,,
newyork,link+k50,2,7,20,8,0.7927132723423747,0.7990888495487577,0.006375577206383043,,
newyork,link+k50,2,7,20,-1,0.8594278074204291,,,15.0,
newyork,link+k50,2,8,20,3,0.6070663679017542,0.6327667529123389,0.025700385010584692,,
newyork,link+k50,2,8,20,5,0.7123809995419488,0.7371900417197965,0.02480904217784774,,
newyork,link+k50,2,8,20,8,0.7927132723423747,0.7990888495487577,0.006375577206383043,,
newyork,link+k50,2,8,20,-1,0.8594278074204291,,,15.0,
newyork,link+k50,2,9,20,3,0.6070663679017542,0.6327667529123389,0.025700385010584692,,
newyork,link+k50,2,9,20,5,0.7123809995419488,0.7371900417197965,0.02480904217784774,,
newyork,link+k50,2,9,20,8,0.7927132723423747,0.7990888495487577,0.006375577206383043,,
newyork,link+k50,2,9,20,-1,0.8594278074204291,,,15.0,
newyork,link+k50d,2,0,20,3,0.6130705522611635,0.6327667529123389,0.01969620065117539,,
newyork,link+k50d,2,0,20,5,0.7123809995419488,0.7371900417197965,0.02480904217784774,,
newyork,link+k50d,2,0,20,8,0.7927132723423747,0.7990888495487577,0.006375577206383043,,
newyork,link+k50d,2,0,20,-1,0.8550206123030071,,,14.0,
newyork,link,3,0,20,3,0.6070663679017542,0.6327667529123389,0.025700385010584692,,
newyork,link,3,0,20,5,0.7333523156344008,0.7371900417197965,0.0038377260853956763,,
newyork,link,3,0,20,8,0.7927132723423747,0.7990888495487577,0.006375577206383043,,
newyork,link,3,0,20,-1,0.8649368013172066,,,16.0,
newyork,link,3,0,10,3,0.6070663679017542,0.6370749099372346,0.030008542035480423,,
newyork,link,3,0,10,5,0.7333523156344008,0.7407430332891789,0.007390717654778056,,
newyork,link,3,0,10,8,0.7874271141537814,0.7874271141537814,0.0,,
newyork,link,3,0,10,-1,0.8000792304740211,,,,
newyork,link_reg,3,0,20,3,0.5324906842294217,0.6327667529123389,0.10027606868291716,,
newyork,link_reg,3,0,20,5,0.6972405511469849,0.7371900417197965,0.03994949057281161,,
newyork,link_reg,3,0,20,8,0.7779813560790819,0.7990888495487577,0.021107493469675775,,
newyork,link_reg,3,0,20,-1,0.3823613157210592,,,1.0,
newyork,link_reg,3,0,10,3,0.6001584609480421,0.6370749099372346,0.03691644898919244,,
newyork,link_reg,3,0,10,5,0.7407430332891789,0.7407430332891789,0.0,,
newyork,link_reg,3,0,10,8,0.7812496131324511,0.7874271141537814,0.0061775010213303005,,
newyork,link_reg,3,0,10,-1,0.3823613157210592,,,1.0,
newyork,link+k10,3,0,20,3,0.6070663679017542,0.6327667529123389,0.025700385010584692,,
newyork,link+k10,3,0,20,5,0.7333523156344008,0.7371900417197965,0.0038377260853956763,,
newyork,link+k10,3,0,20,8,0.7927132723423747,0.7990888495487577,0.006375577206383043,,
newyork,link+k10,3,0,20,-1,0.859551605036087,,,15.0,
newyork,link+k10,3,1,20,3,0.6070663679017542,0.6327667529123389,0.025700385010584692,,
newyork,link+k10,3,1,20,5,0.7333523156344008,0.7371900417197965,0.0038377260853956763,,
newyork,link+k10,3,1,20,8,0.7927132723423747,0.7990888495487577,0.006375577206383043,,
newyork,link+k10,3,1,20,-1,0.859551605036087,,,15.0,
newyork,link+k10,3,2,20,3,0.6070663679017542,0.6327667529123389,0.025700385010584692,,
newyork,link+k10,3,2,20,5,0.7333523156344008,0.7371900417197965,0.0038377260853956763,,
newyork,link+k10,3,2,20,8,0.7908067890612427,0.7990888495487577,0.008282060487515008,,
newyork,link+k10,3,2,20,-1,0.8749148891392352,,,18.0,
newyork,link+k10,3,3,20,3,0.6070663679017542,0.6327667529123389,0.025700385010584692,,
newyork,link+k10,3,3,20,5,0.7333523156344008,0.7371900417197965,0.0038377260853956763,,
newyork,link+k10,3,3,20,8,0.7927256521039405,0.7990888495487577,0.00636319744481717,,
newyork,link+k10,3,3,20,-1,0.8645282691855355,,,16.0,
newyork,link+k10,3,4,20,3,0.6070663679017542,0.6327667529123389,0.025700385010584692,,
newyork,link+k10,3,4,20,5,0.7333523156344008,0.7371900417197965,0.0038377260853956763,,
newyork,link+k10,3,4,20,8,0.7927132723423747,0.7990888495487577,0.006375577206383043,,
newyork,link+k10,3,4,20,-1,0.8650358394097329,,,16.0,
newyork,link+k10,3,5,20,3,0.6070663679017542,0.6327667529123389,0.025700385010584692,,
newyork,link+k10,3,5,20,5,0.7123809995419488,0.7371900417197965,0.02480904217784774,,
newyork,link+k10,3,5,20,8,0.7908067890612427,0.7990888495487577,0.008282060487515008,,
newyork,link+k10,3,5,20,-1,0.8710895428154054,,,17.0,
newyork,link+k10,3,6,20,3,0.6070663679017542,0.6327667529123389,0.025700385010584692,,
newyork,link+k10,3,6,20,5,0.7333523156344008,0.7371900417197965,0.0038377260853956763,,
newyork,link+k10,3,6,20,8,0.7927132723423747,0.7990888495487577,0.006375577206383043,,
newyork,link+k10,3,6,20,-1,0.859551605036087,,,15.0,
newyork,link+k10,3,7,20,3,0.6070663679017542,0.6327667529123389,0.025700385010584692,,
newyork,link+k10,3,7,20,5,0.7333523156344008,0.7371900417197965,0.0038377260853956763,,
newyork,link+k10,3,7,20,8,0.7927627913886378,0.7990888495487577,0.006326058160119885,,
newyork,link+k10,3,7,20,-1,0.8710895428154054,,,17.0,
newyork,link+k10,3,8,20,3,0.6130705522611635,0.6327667529123389,0.01969620065117539,,
newyork,link+k10,3,8,20,5,0.7333523156344008,0.7371900417197965,0.0038377260853956763,,
newyork,link+k10,3,8,20,8,0.7881822796092948,0.7990888495487577,0.010906569939462929,,
newyork,link+k10,3,8,20,-1,0.866050979858128,,,16.0,
newyork,link+k10,3,9,20,3,0.6070663679017542,0.6327667529123389,0.025700385010584692,,
newyork,link+k10,3,9,20,5,0.7333523156344008,0.7371900417197965,0.0038377260853956763,,
newyork,link+k10,3,9,20,8,0.7908067890612427,0.7990888495487577,0.008282060487515008,,
newyork,link+k10,3,9,20,-1,0.8645901679933644,,,16.0,
newyork,link+k10d,3,0,20,3,0.6070663679017542,0.6327667529123389,0.025700385010584692,,
newyork,link+k10d,3,0,20,5,0.7333523156344008,0.7371900417197965,0.0038377260853956763,,
newyork,link+k10d,3,0,20,8,0.7927132723423747,0.7990888495487577,0.006375577206383043,,
newyork,link+k10d,3,0,20,-1,0.8650358394097329,,,16.0,
newyork,link+k25,3,0,20,3,0.6070663679017542,0.6327667529123389,0.025700385010584692,,
newyork,link+k25,3,0,20,5,0.7333523156344008,0.7371900417197965,0.0038377260853956763,,
newyork,link+k25,3,0,20,8,0.7908067890612427,0.7990888495487577,0.008282060487515008,,
newyork,link+k25,3,0,20,-1,0.8699010857050893,,,17.0,
newyork,link+k25,3,1,20,3,0.6070663679017542,0.6327667529123389,0.025700385010584692,,
newyork,link+k25,3,1,20,5,0.7333523156344008,0.7371900417197965,0.0038377260853956763,,
newyork,link+k25,3,1,20,8,0.7927132723423747,0.7990888495487577,0.006375577206383043,,
newyork,link+k25,3,1,20,-1,0.8645901679933644,,,16.0,
newyork,link+k25,3,2,20,3,0.6070663679017542,0.6327667529123389,0.025700385010584692,,
newyork,link+k25,3,2,20,5,0.7333523156344008,0.7371900417197965,0.0038377260853956763,,
newyork,link+k25,3,2,20,8,0.7927132723423747,0.7990888495487577,0.006375577206383043,,
newyork,link+k25,3,2,20,-1,0.8649368013172066,,,16.0,
newyork,link+k25,3,3,20,3,0.6070663679017542,0.6327667529123389,0.025700385010584692,,
newyork,link+k25,3,3,20,5,0.7333523156344008,0.7371900417197965,0.0038377260853956763,,
newyork,link+k25,3,3,20,8,0.7933570199437959,0.7990888495487577,0.005731829604961769,,
newyork,link+k25,3,3,20,-1,0.8775517783527489,,,19.0,
newyork,link+k25,3,4,20,3,0.6070663679017542,0.6327667529123389,0.025700385010584692,,
newyork,link+k25,3,4,20,5,0.7333523156344008,0.7371900417197965,0.0038377260853956763,,
newyork,link+k25,3,4,20,8,0.7908067890612427,0.7990888495487577,0.008282060487515008,,
newyork,link+k25,3,4,20,-1,0.8701486809364052,,,17.0,
newyork,link+k25,3,5,20,3,0.6070663679017542,0.6327667529123389,0.025700385010584692,,
newyork,link+k25,3,5,20,5,0.7333523156344008,0.7371900417197965,0.0038377260853956763,,
newyork,link+k25,3,5,20,8,0.7927132723423747,0.7990888495487577,0.006375577206383043,,
newyork,link+k25,3,5,20,-1,0.859551605036087,,,15.0,
newyork,link+k25,3,6,20,3,0.6070663679017542,0.6327667529123389,0.025700385010584692,,
newyork,link+k25,3,6,20,5,0.7333523156344008,0.7371900417197965,0.0038377260853956763,,
newyork,link+k25,3,6,20,8,0.7927132723423747,0.7990888495487577,0.006375577206383043,,
newyork,link+k25,3,6,20,-1,0.8648872822709435,,,16.0,
newyork,link+k25,3,7,20,3,0.6070663679017542,0.6327667529123389,0.025700385010584692,,
newyork,link+k25,3,7,20,5,0.7333523156344008,0.7371900417197965,0.0038377260853956763,,
newyork,link+k25,3,7,20,8,0.7927132723423747,0.7990888495487577,0.006375577206383043,,
newyork,link+k25,3,7,20,-1,0.8649368013172066,,,16.0,
newyork,link+k25,3,8,20,3,0.6070663679017542,0.6327667529123389,0.025700385010584692,,
newyork,link+k25,3,8,20,5,0.7333523156344008,0.7371900417197965,0.0038377260853956763,,
newyork,link+k25,3,8,20,8,0.7927132723423747,0.7990888495487577,0.006375577206383043,,
newyork,link+k25,3,8,20,-1,0.859551605036087,,,15.0,
newyork,link+k25,3,9,20,3,0.6070663679017542,0.6327667529123389,0.025700385010584692,,
newyork,link+k25,3,9,20,5,0.7333523156344008,0.7371900417197965,0.0038377260853956763,,
newyork,link+k25,3,9,20,8,0.7927132723423747,0.7990888495487577,0.006375577206383043,,
newyork,link+k25,3,9,20,-1,0.8649368013172066,,,16.0,
newyork,link+k25d,3,0,20,3,0.6130705522611635,0.6327667529123389,0.01969620065117539,,
newyork,link+k25d,3,0,20,5,0.7333523156344008,0.7371900417197965,0.0038377260853956763,,
newyork,link+k25d,3,0,20,8,0.7927132723423747,0.7990888495487577,0.006375577206383043,,
newyork,link+k25d,3,0,20,-1,0.8650358394097329,,,16.0,
newyork,link+k50,3,0,20,3,0.6070663679017542,0.6327667529123389,0.025700385010584692,,
newyork,link+k50,3,0,20,5,0.7333523156344008,0.7371900417197965,0.0038377260853956763,,
newyork,link+k50,3,0,20,8,0.7927132723423747,0.7990888495487577,0.006375577206383043,,
newyork,link+k50,3,0,20,-1,0.8710895428154054,,,17.0,
newyork,link+k50,3,1,20,3,0.6070663679017542,0.6327667529123389,0.025700385010584692,,
newyork,link+k50,3,1,20,5,0.7333523156344008,0.7371900417197965,0.0038377260853956763,,
newyork,link+k50,3,1,20,8,0.7927627913886378,0.7990888495487577,0.006326058160119885,,
newyork,link+k50,3,1,20,-1,0.8701486809364052,,,17.0,
newyork,link+k50,3,2,20,3,0.6070663679017542,0.6327667529123389,0.025700385010584692,,
newyork,link+k50,3,2,20,5,0.7333523156344008,0.7371900417197965,0.0038377260853956763,,
newyork,link+k50,3,2,20,8,0.7927132723423747,0.7990888495487577,0.006375577206383043,,
newyork,link+k50,3,2,20,-1,0.8702972380751947,,,17.0,
newyork,link+k50,3,3,20,3,0.6070663679017542,0.6327667529123389,0.025700385010584692,,
newyork,link+k50,3,3,20,5,0.7333523156344008,0.7371900417197965,0.0038377260853956763,,
newyork,link+k50,3,3,20,8,0.7927132723423747,0.7990888495487577,0.006375577206383043,,
newyork,link+k50,3,3,20,-1,0.8649368013172066,,,16.0,
newyork,link+k50,3,4,20,3,0.6070663679017542,0.6327667529123389,0.025700385010584692,,
newyork,link+k50,3,4,20,5,0.7333523156344008,0.7371900417197965,0.0038377260853956763,,
newyork,link+k50,3,4,20,8,0.7927132723423747,0.7990888495487577,0.006375577206383043,,
newyork,link+k50,3,4,20,-1,0.8697277690431682,,,17.0,
newyork,link+k50,3,5,20,3,0.6070663679017542,0.6327667529123389,0.025700385010584692,,
newyork,link+k50,3,5,20,5,0.7333523156344008,0.7371900417197965,0.0038377260853956763,,
newyork,link+k50,3,5,20,8,0.7908067890612427,0.7990888495487577,0.008282060487515008,,
newyork,link+k50,3,5,20,-1,0.8699010857050893,,,17.0,
newyork,link+k50,3,6,20,3,0.6070663679017542,0.6327667529123389,0.025700385010584692,,
newyork,link+k50,3,6,20,5,0.7333523156344008,0.7371900417197965,0.0038377260853956763,,
newyork,link+k50,3,6,20,8,0.7908067890612427,0.7990888495487577,0.008282060487515008,,
newyork,link+k50,3,6,20,-1,0.8697277690431682,,,17.0,
newyork,link+k50,3,7,20,3,0.6070663679017542,0.6327667529123389,0.025700385010584692,,
newyork,link+k50,3,7,20,5,0.7333523156344008,0.7371900417197965,0.0038377260853956763,,
newyork,link+k50,3,7,20,8,0.7927132723423747,0.7990888495487577,0.006375577206383043,,
newyork,link+k50,3,7,20,-1,0.8697277690431682,,,17.0,
newyork,link+k50,3,8,20,3,0.6070663679017542,0.6327667529123389,0.025700385010584692,,
newyork,link+k50,3,8,20,5,0.7333523156344008,0.7371900417197965,0.0038377260853956763,,
newyork,link+k50,3,8,20,8,0.7908067890612427,0.7990888495487577,0.008282060487515008,,
newyork,link+k50,3,8,20,-1,0.8699010857050893,,,17.0,
newyork,link+k50,3,9,20,3,0.6070663679017542,0.6327667529123389,0.025700385010584692,,
newyork,link+k50,3,9,20,5,0.7333523156344008,0.7371900417197965,0.0038377260853956763,,
newyork,link+k50,3,9,20,8,0.7927132723423747,0.7990888495487577,0.006375577206383043,,
newyork,link+k50,3,9,20,-1,0.8654815108261015,,,16.0,
newyork,link+k50d,3,0,20,3,0.6130705522611635,0.6327667529123389,0.01969620065117539,,
newyork,link+k50d,3,0,20,5,0.7333523156344008,0.7371900417197965,0.0038377260853956763,,
newyork,link+k50d,3,0,20,8,0.7927132723423747,0.7990888495487577,0.006375577206383043,,
newyork,link+k50d,3,0,20,-1,0.8598363395521003,,,15.0,
newyork,link,4,0,20,3,0.6070663679017542,0.6327667529123389,0.025700385010584692,,
newyork,link,4,0,20,5,0.7333523156344008,0.7371900417197965,0.0038377260853956763,,
newyork,link,4,0,20,8,0.7908067890612427,0.7990888495487577,0.008282060487515008,,
newyork,link,4,0,20,-1,0.8654815108261015,,,16.0,
newyork,link,4,0,10,3,0.6070663679017542,0.6370749099372346,0.030008542035480423,,
newyork,link,4,0,10,5,0.7333523156344008,0.7407430332891789,0.007390717654778056,,
newyork,link,4,0,10,8,0.7874271141537814,0.7874271141537814,0.0,,
newyork,link,4,0,10,-1,0.8000792304740211,,,,
newyork,link_reg,4,0,20,3,0.5839533530584201,0.6327667529123389,0.04881339985391875,,
newyork,link_reg,4,0,20,5,0.728462309815913,0.7371900417197965,0.00872773190388354,,
newyork,link_reg,4,0,20,8,0.7863624546591232,0.7990888495487577,0.012726394889634451,,
newyork,link_reg,4,0,20,-1,0.3823613157210592,,,1.0,
newyork,link_reg,4,0,10,3,0.5839533530584201,0.6370749099372346,0.05312155687881448,,
newyork,link_reg,4,0,10,5,0.728462309815913,0.7407430332891789,0.01228072347326592,,
newyork,link_reg,4,0,10,8,0.7874271141537814,0.7874271141537814,0.0,,
newyork,link_reg,4,0,10,-1,0.3823613157210592,,,1.0,
newyork,link+k10,4,0,20,3,0.6070663679017542,0.6327667529123389,0.025700385010584692,,
newyork,link+k10,4,0,20,5,0.7333523156344008,0.7371900417197965,0.0038377260853956763,,
newyork,link+k10,4,0,20,8,0.7927132723423747,0.7990888495487577,0.006375577206383043,,
newyork,link+k10,4,0,20,-1,0.8654815108261015,,,16.0,
newyork,link+k10,4,1,20,3,0.6070663679017542,0.6327667529123389,0.025700385010584692,,
newyork,link+k10,4,1,20,5,0.7333523156344008,0.7371900417197965,0.0038377260853956763,,
newyork,link+k10,4,1,20,8,0.7927132723423747,0.7990888495487577,0.006375577206383043,,
newyork,link+k10,4,1,20,-1,0.8615571264097454,,,15.0,
newyork,link+k10,4,2,20,3,0.6070663679017542,0.6327667529123389,0.025700385010584692,,
newyork,link+k10,4,2,20,5,0.7333523156344008,0.7371900417197965,0.0038377260853956763,,
newyork,link+k10,4,2,20,8,0.7937160330292039,0.7990888495487577,0.005372816519553791,,
newyork,link+k10,4,2,20,-1,0.8710895428154054,,,17.0,
newyork,link+k10,4,3,20,3,0.6070663679017542,0.6327667529123389,0.025700385010584692,,
newyork,link+k10,4,3,20,5,0.7333523156344008,0.7371900417197965,0.0038377260853956763,,
newyork,link+k10,4,3,20,8,0.7927256521039405,0.7990888495487577,0.00636319744481717,,
newyork,link+k10,4,3,20,-1,0.8645282691855355,,,16.0,
newyork,link+k10,4,4,20,3,0.6070663679017542,0.6327667529123389,0.025700385010584692,,
newyork,link+k10,4,4,20,5,0.7333523156344008,0.7371900417197965,0.0038377260853956763,,
newyork,link+k10,4,4,20,8,0.7908067890612427,0.7990888495487577,0.008282060487515008,,
newyork,link+k10,4,4,20,-1,0.8654815108261015,,,16.0,
newyork,link+k10,4,5,20,3,0.6542951582752516,0.6327667529123389,-0.021528405362912784,,
newyork,link+k10,4,5,20,5,0.7123809995419488,0.7371900417197965,0.02480904217784774,,
newyork,link+k10,4,5,20,8,0.7908067890612427,0.7990888495487577,0.008282060487515008,,
newyork,link+k10,4,5,20,-1,0.8710895428154054,,,17.0,
newyork,link+k10,4,6,20,3,0.6070663679017542,0.6327667529123389,0.025700385010584692,,
newyork,link+k10,4,6,20,5,0.7333523156344008,0.7371900417197965,0.0038377260853956763,,
newyork,link+k10,4,6,20,8,0.7927132723423747,0.7990888495487577,0.006375577206383043,,
newyork,link+k10,4,6,20,-1,0.8594773264666923,,,15.0,
newyork,link+k10,4,7,20,3,0.6070663679017542,0.6327667529123389,0.025700385010584692,,
newyork,link+k10,4,7,20,5,0.7333523156344008,0.7371900417197965,0.0038377260853956763,,
newyork,link+k10,4,7,20,8,0.7937160330292039,0.7990888495487577,0.005372816519553791,,
newyork,link+k10,4,7,20,-1,0.8710895428154054,,,17.0,
newyork,link+k10,4,8,20,3,0.6130705522611635,0.6327667529123389,0.01969620065117539,,
newyork,link+k10,4,8,20,5,0.7333523156344008,0.7371900417197965,0.0038377260853956763,,
newyork,link+k10,4,8,20,8,0.7937160330292039,0.7990888495487577,0.005372816519553791,,
newyork,link+k10,4,8,20,-1,0.8710895428154054,,,17.0,
newyork,link+k10,4,9,20,3,0.6070663679017542,0.6327667529123389,0.025700385010584692,,
newyork,link+k10,4,9,20,5,0.7333523156344008,0.7371900417197965,0.0038377260853956763,,
newyork,link+k10,4,9,20,8,0.7927132723423747,0.7990888495487577,0.006375577206383043,,
newyork,link+k10,4,9,20,-1,0.8654815108261015,,,16.0,
newyork,link+k10d,4,0,20,3,0.6070663679017542,0.6327667529123389,0.025700385010584692,,
newyork,link+k10d,4,0,20,5,0.7333523156344008,0.7371900417197965,0.0038377260853956763,,
newyork,link+k10d,4,0,20,8,0.7937160330292039,0.7990888495487577,0.005372816519553791,,
newyork,link+k10d,4,0,20,-1,0.8654815108261015,,,16.0,
newyork,link+k25,4,0,20,3,0.6070663679017542,0.6327667529123389,0.025700385010584692,,
newyork,link+k25,4,0,20,5,0.7333523156344008,0.7371900417197965,0.0038377260853956763,,
newyork,link+k25,4,0,20,8,0.7937160330292039,0.7990888495487577,0.005372816519553791,,
newyork,link+k25,4,0,20,-1,0.8654815108261015,,,16.0,
newyork,link+k25,4,1,20,3,0.6070663679017542,0.6327667529123389,0.025700385010584692,,
newyork,link+k25,4,1,20,5,0.7333523156344008,0.7371900417197965,0.0038377260853956763,,
newyork,link+k25,4,1,20,8,0.7908067890612427,0.7990888495487577,0.008282060487515008,,
newyork,link+k25,4,1,20,-1,0.8654815108261015,,,16.0,
newyork,link+k25,4,2,20,3,0.6070663679017542,0.6327667529123389,0.025700385010584692,,
newyork,link+k25,4,2,20,5,0.7333523156344008,0.7371900417197965,0.0038377260853956763,,
newyork,link+k25,4,2,20,8,0.7937160330292039,0.7990888495487577,0.005372816519553791,,
newyork,link+k25,4,2,20,-1,0.8654815108261015,,,16.0,
newyork,link+k25,4,3,20,3,0.6542951582752516,0.6327667529123389,-0.021528405362912784,,
newyork,link+k25,4,3,20,5,0.7333523156344008,0.7371900417197965,0.0038377260853956763,,
newyork,link+k25,4,3,20,8,0.7927132723423747,0.7990888495487577,0.006375577206383043,,
newyork,link+k25,4,3,20,-1,0.8749148891392352,,,18.0,
newyork,link+k25,4,4,20,3,0.6070663679017542,0.6327667529123389,0.025700385010584692,,
newyork,link+k25,4,4,20,5,0.7333523156344008,0.7371900417197965,0.0038377260853956763,,
newyork,link+k25,4,4,20,8,0.7908067890612427,0.7990888495487577,0.008282060487515008,,
newyork,link+k25,4,4,20,-1,0.8654815108261015,,,16.0,
newyork,link+k25,4,5,20,3,0.6070663679017542,0.6327667529123389,0.025700385010584692,,
newyork,link+k25,4,5,20,5,0.7333523156344008,0.7371900417197965,0.0038377260853956763,,
newyork,link+k25,4,5,20,8,0.7927132723423747,0.7990888495487577,0.006375577206383043,,
newyork,link+k25,4,5,20,-1,0.8594773264666923,,,15.0,
newyork,link+k25,4,6,20,3,0.6070663679017542,0.6327667529123389,0.025700385010584692,,
newyork,link+k25,4,6,20,5,0.7333523156344008,0.7371900417197965,0.0038377260853956763,,
newyork,link+k25,4,6,20,8,0.7927132723423747,0.7990888495487577,0.006375577206383043,,
newyork,link+k25,4,6,20,-1,0.8654815108261015,,,16.0,
newyork,link+k25,4,7,20,3,0.6070663679017542,0.6327667529123389,0.025700385010584692,,
newyork,link+k25,4,7,20,5,0.7333523156344008,0.7371900417197965,0.0038377260853956763,,
newyork,link+k25,4,7,20,8,0.7927132723423747,0.7990888495487577,0.006375577206383043,,
newyork,link+k25,4,7,20,-1,0.8654815108261015,,,16.0,
newyork,link+k25,4,8,20,3,0.6070663679017542,0.6327667529123389,0.025700385010584692,,
newyork,link+k25,4,8,20,5,0.7333523156344008,0.7371900417197965,0.0038377260853956763,,
newyork,link+k25,4,8,20,8,0.7927132723423747,0.7990888495487577,0.006375577206383043,,
newyork,link+k25,4,8,20,-1,0.8615695061713111,,,15.0,
newyork,link+k25,4,9,20,3,0.6070663679017542,0.6327667529123389,0.025700385010584692,,
newyork,link+k25,4,9,20,5,0.7333523156344008,0.7371900417197965,0.0038377260853956763,,
newyork,link+k25,4,9,20,8,0.7908067890612427,0.7990888495487577,0.008282060487515008,,
newyork,link+k25,4,9,20,-1,0.8654815108261015,,,16.0,
newyork,link+k25d,4,0,20,3,0.6130705522611635,0.6327667529123389,0.01969620065117539,,
newyork,link+k25d,4,0,20,5,0.7333523156344008,0.7371900417197965,0.0038377260853956763,,
newyork,link+k25d,4,0,20,8,0.7927132723423747,0.7990888495487577,0.006375577206383043,,
newyork,link+k25d,4,0,20,-1,0.8654815108261015,,,16.0,
newyork,link+k50,4,0,20,3,0.6070663679017542,0.6327667529123389,0.025700385010584692,,
newyork,link+k50,4,0,20,5,0.7333523156344008,0.7371900417197965,0.0038377260853956763,,
newyork,link+k50,4,0,20,8,0.7937160330292039,0.7990888495487577,0.005372816519553791,,
newyork,link+k50,4,0,20,-1,0.8663852334204043,,,16.0,
newyork,link+k50,4,1,20,3,0.6070663679017542,0.6327667529123389,0.025700385010584692,,
newyork,link+k50,4,1,20,5,0.7333523156344008,0.7371900417197965,0.0038377260853956763,,
newyork,link+k50,4,1,20,8,0.7937160330292039,0.7990888495487577,0.005372816519553791,,
newyork,link+k50,4,1,20,-1,0.8654815108261015,,,16.0,
newyork,link+k50,4,2,20,3,0.6070663679017542,0.6327667529123389,0.025700385010584692,,
newyork,link+k50,4,2,20,5,0.7333523156344008,0.7371900417197965,0.0038377260853956763,,
newyork,link+k50,4,2,20,8,0.7927132723423747,0.7990888495487577,0.006375577206383043,,
newyork,link+k50,4,2,20,-1,0.8663852334204043,,,16.0,
newyork,link+k50,4,3,20,3,0.6070663679017542,0.6327667529123389,0.025700385010584692,,
newyork,link+k50,4,3,20,5,0.7333523156344008,0.7371900417197965,0.0038377260853956763,,
newyork,link+k50,4,3,20,8,0.7927132723423747,0.7990888495487577,0.006375577206383043,,
newyork,link+k50,4,3,20,-1,0.8615695061713111,,,15.0,
newyork,link+k50,4,4,20,3,0.6070663679017542,0.6327667529123389,0.025700385010584692,,
newyork,link+k50,4,4,20,5,0.7333523156344008,0.7371900417197965,0.0038377260853956763,,
newyork,link+k50,4,4,20,8,0.7937160330292039,0.7990888495487577,0.005372816519553791,,
newyork,link+k50,4,4,20,-1,0.8654815108261015,,,16.0,
newyork,link+k50,4,5,20,3,0.6070663679017542,0.6327667529123389,0.025700385010584692,,
newyork,link+k50,4,5,20,5,0.7333523156344008,0.7371900417197965,0.0038377260853956763,,
newyork,link+k50,4,5,20,8,0.7908067890612427,0.7990888495487577,0.008282060487515008,,
newyork,link+k50,4,5,20,-1,0.8654815108261015,,,16.0,
newyork,link+k50,4,6,20,3,0.6070663679017542,0.6327667529123389,0.025700385010584692,,
newyork,link+k50,4,6,20,5,0.7333523156344008,0.7371900417197965,0.0038377260853956763,,
newyork,link+k50,4,6,20,8,0.7927132723423747,0.7990888495487577,0.006375577206383043,,
newyork,link+k50,4,6,20,-1,0.8654815108261015,,,16.0,
newyork,link+k50,4,7,20,3,0.6070663679017542,0.6327667529123389,0.025700385010584692,,
newyork,link+k50,4,7,20,5,0.7333523156344008,0.7371900417197965,0.0038377260853956763,,
newyork,link+k50,4,7,20,8,0.7927132723423747,0.7990888495487577,0.006375577206383043,,
newyork,link+k50,4,7,20,-1,0.8654815108261015,,,16.0,
newyork,link+k50,4,8,20,3,0.6070663679017542,0.6327667529123389,0.025700385010584692,,
newyork,link+k50,4,8,20,5,0.7333523156344008,0.7371900417197965,0.0038377260853956763,,
newyork,link+k50,4,8,20,8,0.7937160330292039,0.7990888495487577,0.005372816519553791,,
newyork,link+k50,4,8,20,-1,0.8702972380751947,,,17.0,
newyork,link+k50,4,9,20,3,0.6070663679017542,0.6327667529123389,0.025700385010584692,,
newyork,link+k50,4,9,20,5,0.7333523156344008,0.7371900417197965,0.0038377260853956763,,
newyork,link+k50,4,9,20,8,0.7927132723423747,0.7990888495487577,0.006375577206383043,,
newyork,link+k50,4,9,20,-1,0.8654815108261015,,,16.0,
newyork,link+k50d,4,0,20,3,0.6542951582752516,0.6327667529123389,-0.021528405362912784,,
newyork,link+k50d,4,0,20,5,0.7333523156344008,0.7371900417197965,0.0038377260853956763,,
newyork,link+k50d,4,0,20,8,0.7927132723423747,0.7990888495487577,0.006375577206383043,,
newyork,link+k50d,4,0,20,-1,0.8594278074204291,,,15.0,
paris,link,0,0,20,3,0.7155293922560318,0.7155293922560318,0.0,,
paris,link,0,0,20,5,0.7799684934914186,0.783633197910621,0.0036647044192024136,,
paris,link,0,0,20,8,0.8322361329906309,0.8367299560567117,0.004493823066080815,,
paris,link,0,0,20,-1,0.8902744382721167,,,14.0,17.0
paris,link,0,0,10,3,0.7155293922560318,0.7155293922560318,0.0,,
paris,link,0,0,10,5,0.7714285714285715,0.783633197910621,0.012204626482049563,,
paris,link,0,0,10,8,0.8286377580631789,0.8286377580631789,0.0,,
paris,link,0,0,10,-1,0.8382555343669679,,,,
paris,link_reg,0,0,20,3,0.5860376419865683,0.7155293922560318,0.12949175026946358,,
paris,link_reg,0,0,20,5,0.7250974214410082,0.783633197910621,0.05853577646961283,,
paris,link_reg,0,0,20,8,0.7771494900920322,0.8367299560567117,0.059580465964679585,,
paris,link_reg,0,0,20,-1,0.49936157864190367,,,1.0,17.0
paris,link_reg,0,0,10,3,0.6043445817096427,0.7155293922560318,0.11118481054638918,,
paris,link_reg,0,0,10,5,0.6961114335461405,0.783633197910621,0.08752176436448056,,
paris,link_reg,0,0,10,8,0.8201475831191444,0.8286377580631789,0.008490174944034479,,
paris,link_reg,0,0,10,-1,0.49936157864190367,,,1.0,
paris,link+k10,0,0,20,3,0.7155293922560318,0.7155293922560318,0.0,,
paris,link+k10,0,0,20,5,0.7799684934914186,0.783633197910621,0.0036647044192024136,,
paris,link+k10,0,0,20,8,0.8322361329906309,0.8367299560567117,0.004493823066080815,,
paris,link+k10,0,0,20,-1,0.8902744382721167,,,14.0,17.0
paris,link+k10,0,1,20,3,0.7155293922560318,0.7155293922560318,0.0,,
paris,link+k10,0,1,20,5,0.7799684934914186,0.783633197910621,0.0036647044192024136,,
paris,link+k10,0,1,20,8,0.8322361329906309,0.8367299560567117,0.004493823066080815,,
paris,link+k10,0,1,20,-1,0.8902744382721167,,,14.0,17.0
paris,link+k10,0,2,20,3,0.7155293922560318,0.7155293922560318,0.0,,
paris,link+k10,0,2,20,5,0.7799684934914186,0.783633197910621,0.0036647044192024136,,
paris,link+k10,0,2,20,8,0.8322361329906309,0.8367299560567117,0.004493823066080815,,
paris,link+k10,0,2,20,-1,0.8902744382721167,,,14.0,17.0
paris,link+k10,0,3,20,3,0.7155293922560318,0.7155293922560318,0.0,,
paris,link+k10,0,3,20,5,0.7799684934914186,0.783633197910621,0.0036647044192024136,,
paris,link+k10,0,3,20,8,0.8322361329906309,0.8367299560567117,0.004493823066080815,,
paris,link+k10,0,3,20,-1,0.8902744382721167,,,14.0,17.0
paris,link+k10,0,4,20,3,0.7155293922560318,0.7155293922560318,0.0,,
paris,link+k10,0,4,20,5,0.7799684934914186,0.783633197910621,0.0036647044192024136,,
paris,link+k10,0,4,20,8,0.8322361329906309,0.8367299560567117,0.004493823066080815,,
paris,link+k10,0,4,20,-1,0.8902744382721167,,,14.0,17.0
paris,link+k10,0,5,20,3,0.7155293922560318,0.7155293922560318,0.0,,
paris,link+k10,0,5,20,5,0.7799684934914186,0.783633197910621,0.0036647044192024136,,
paris,link+k10,0,5,20,8,0.8322361329906309,0.8367299560567117,0.004493823066080815,,
paris,link+k10,0,5,20,-1,0.8902744382721167,,,14.0,17.0
paris,link+k10,0,6,20,3,0.7155293922560318,0.7155293922560318,0.0,,
paris,link+k10,0,6,20,5,0.7799684934914186,0.783633197910621,0.0036647044192024136,,
paris,link+k10,0,6,20,8,0.8322361329906309,0.8367299560567117,0.004493823066080815,,
paris,link+k10,0,6,20,-1,0.8902744382721167,,,14.0,17.0
paris,link+k10,0,7,20,3,0.7155293922560318,0.7155293922560318,0.0,,
paris,link+k10,0,7,20,5,0.7799684934914186,0.783633197910621,0.0036647044192024136,,
paris,link+k10,0,7,20,8,0.8322361329906309,0.8367299560567117,0.004493823066080815,,
paris,link+k10,0,7,20,-1,0.8902744382721167,,,14.0,17.0
paris,link+k10,0,8,20,3,0.7155293922560318,0.7155293922560318,0.0,,
paris,link+k10,0,8,20,5,0.7799684934914186,0.783633197910621,0.0036647044192024136,,
paris,link+k10,0,8,20,8,0.8322361329906309,0.8367299560567117,0.004493823066080815,,
paris,link+k10,0,8,20,-1,0.8902744382721167,,,14.0,17.0
paris,link+k10,0,9,20,3,0.7155293922560318,0.7155293922560318,0.0,,
paris,link+k10,0,9,20,5,0.7799684934914186,0.783633197910621,0.0036647044192024136,,
paris,link+k10,0,9,20,8,0.8322361329906309,0.8367299560567117,0.004493823066080815,,
paris,link+k10,0,9,20,-1,0.8902744382721167,,,14.0,17.0
paris,link+k10d,0,0,20,3,0.7155293922560318,0.7155293922560318,0.0,,
paris,link+k10d,0,0,20,5,0.7799684934914186,0.783633197910621,0.0036647044192024136,,
paris,link+k10d,0,0,20,8,0.8322361329906309,0.8367299560567117,0.004493823066080815,,
paris,link+k10d,0,0,20,-1,0.8902744382721167,,,14.0,17.0
paris,link+k25,0,0,20,3,0.7155293922560318,0.7155293922560318,0.0,,
paris,link+k25,0,0,20,5,0.7799684934914186,0.783633197910621,0.0036647044192024136,,
paris,link+k25,0,0,20,8,0.8322361329906309,0.8367299560567117,0.004493823066080815,,
paris,link+k25,0,0,20,-1,0.8902744382721167,,,14.0,17.0
paris,link+k25,0,1,20,3,0.7155293922560318,0.7155293922560318,0.0,,
paris,link+k25,0,1,20,5,0.7799684934914186,0.783633197910621,0.0036647044192024136,,
paris,link+k25,0,1,20,8,0.8322361329906309,0.8367299560567117,0.004493823066080815,,
paris,link+k25,0,1,20,-1,0.878766271453445,,,13.0,17.0
paris,link+k25,0,2,20,3,0.7155293922560318,0.7155293922560318,0.0,,
paris,link+k25,0,2,20,5,0.7799684934914186,0.783633197910621,0.0036647044192024136,,
paris,link+k25,0,2,20,8,0.8322361329906309,0.8367299560567117,0.004493823066080815,,
paris,link+k25,0,2,20,-1,0.8902744382721167,,,14.0,17.0
paris,link+k25,0,3,20,3,0.7155293922560318,0.7155293922560318,0.0,,
paris,link+k25,0,3,20,5,0.7799684934914186,0.783633197910621,0.0036647044192024136,,
paris,link+k25,0,3,20,8,0.8322361329906309,0.8367299560567117,0.004493823066080815,,
paris,link+k25,0,3,20,-1,0.8902744382721167,,,14.0,17.0
paris,link+k25,0,4,20,3,0.7155293922560318,0.7155293922560318,0.0,,
paris,link+k25,0,4,20,5,0.7799684934914186,0.783633197910621,0.0036647044192024136,,
paris,link+k25,0,4,20,8,0.8322361329906309,0.8367299560567117,0.004493823066080815,,
paris,link+k25,0,4,20,-1,0.8902744382721167,,,14.0,17.0
paris,link+k25,0,5,20,3,0.7155293922560318,0.7155293922560318,0.0,,
paris,link+k25,0,5,20,5,0.7799684934914186,0.783633197910621,0.0036647044192024136,,
paris,link+k25,0,5,20,8,0.8322361329906309,0.8367299560567117,0.004493823066080815,,
paris,link+k25,0,5,20,-1,0.8902744382721167,,,14.0,17.0
paris,link+k25,0,6,20,3,0.7155293922560318,0.7155293922560318,0.0,,
paris,link+k25,0,6,20,5,0.7799684934914186,0.783633197910621,0.0036647044192024136,,
paris,link+k25,0,6,20,8,0.8322361329906309,0.8367299560567117,0.004493823066080815,,
paris,link+k25,0,6,20,-1,0.8902744382721167,,,14.0,17.0
paris,link+k25,0,7,20,3,0.7155293922560318,0.7155293922560318,0.0,,
paris,link+k25,0,7,20,5,0.7799684934914186,0.783633197910621,0.0036647044192024136,,
paris,link+k25,0,7,20,8,0.8322361329906309,0.8367299560567117,0.004493823066080815,,
paris,link+k25,0,7,20,-1,0.8902744382721167,,,14.0,17.0
paris,link+k25,0,8,20,3,0.7155293922560318,0.7155293922560318,0.0,,
paris,link+k25,0,8,20,5,0.7799684934914186,0.783633197910621,0.0036647044192024136,,
paris,link+k25,0,8,20,8,0.8322361329906309,0.8367299560567117,0.004493823066080815,,
paris,link+k25,0,8,20,-1,0.8902744382721167,,,14.0,17.0
paris,link+k25,0,9,20,3,0.7155293922560318,0.7155293922560318,0.0,,
paris,link+k25,0,9,20,5,0.7799684934914186,0.783633197910621,0.0036647044192024136,,
paris,link+k25,0,9,20,8,0.8322361329906309,0.8367299560567117,0.004493823066080815,,
paris,link+k25,0,9,20,-1,0.8902744382721167,,,14.0,17.0
paris,link+k25d,0,0,20,3,0.7155293922560318,0.7155293922560318,0.0,,
paris,link+k25d,0,0,20,5,0.7799684934914186,0.783633197910621,0.0036647044192024136,,
paris,link+k25d,0,0,20,8,0.8322361329906309,0.8367299560567117,0.004493823066080815,,
paris,link+k25d,0,0,20,-1,0.8902744382721167,,,14.0,17.0
paris,link+k50,0,0,20,3,0.7155293922560318,0.7155293922560318,0.0,,
paris,link+k50,0,0,20,5,0.7799684934914186,0.783633197910621,0.0036647044192024136,,
paris,link+k50,0,0,20,8,0.8322361329906309,0.8367299560567117,0.004493823066080815,,
paris,link+k50,0,0,20,-1,0.8902744382721167,,,14.0,17.0
paris,link+k50,0,1,20,3,0.7155293922560318,0.7155293922560318,0.0,,
paris,link+k50,0,1,20,5,0.7799684934914186,0.783633197910621,0.0036647044192024136,,
paris,link+k50,0,1,20,8,0.8322361329906309,0.8367299560567117,0.004493823066080815,,
paris,link+k50,0,1,20,-1,0.8902744382721167,,,14.0,17.0
paris,link+k50,0,2,20,3,0.7155293922560318,0.7155293922560318,0.0,,
paris,link+k50,0,2,20,5,0.7799684934914186,0.783633197910621,0.0036647044192024136,,
paris,link+k50,0,2,20,8,0.8322361329906309,0.8367299560567117,0.004493823066080815,,
paris,link+k50,0,2,20,-1,0.8902744382721167,,,14.0,17.0
paris,link+k50,0,3,20,3,0.7155293922560318,0.7155293922560318,0.0,,
paris,link+k50,0,3,20,5,0.7799684934914186,0.783633197910621,0.0036647044192024136,,
paris,link+k50,0,3,20,8,0.8322361329906309,0.8367299560567117,0.004493823066080815,,
paris,link+k50,0,3,20,-1,0.8902744382721167,,,14.0,17.0
paris,link+k50,0,4,20,3,0.7155293922560318,0.7155293922560318,0.0,,
paris,link+k50,0,4,20,5,0.7799684934914186,0.783633197910621,0.0036647044192024136,,
paris,link+k50,0,4,20,8,0.8322361329906309,0.8367299560567117,0.004493823066080815,,
paris,link+k50,0,4,20,-1,0.8902744382721167,,,14.0,17.0
paris,link+k50,0,5,20,3,0.7155293922560318,0.7155293922560318,0.0,,
paris,link+k50,0,5,20,5,0.7799684934914186,0.783633197910621,0.0036647044192024136,,
paris,link+k50,0,5,20,8,0.8322361329906309,0.8367299560567117,0.004493823066080815,,
paris,link+k50,0,5,20,-1,0.8902744382721167,,,14.0,17.0
paris,link+k50,0,6,20,3,0.7155293922560318,0.7155293922560318,0.0,,
paris,link+k50,0,6,20,5,0.7799684934914186,0.783633197910621,0.0036647044192024136,,
paris,link+k50,0,6,20,8,0.8322361329906309,0.8367299560567117,0.004493823066080815,,
paris,link+k50,0,6,20,-1,0.878766271453445,,,13.0,17.0
paris,link+k50,0,7,20,3,0.7155293922560318,0.7155293922560318,0.0,,
paris,link+k50,0,7,20,5,0.7799684934914186,0.783633197910621,0.0036647044192024136,,
paris,link+k50,0,7,20,8,0.8322361329906309,0.8367299560567117,0.004493823066080815,,
paris,link+k50,0,7,20,-1,0.8902744382721167,,,14.0,17.0
paris,link+k50,0,8,20,3,0.7155293922560318,0.7155293922560318,0.0,,
paris,link+k50,0,8,20,5,0.7799684934914186,0.783633197910621,0.0036647044192024136,,
paris,link+k50,0,8,20,8,0.8322361329906309,0.8367299560567117,0.004493823066080815,,
paris,link+k50,0,8,20,-1,0.8902744382721167,,,14.0,17.0
paris,link+k50,0,9,20,3,0.7155293922560318,0.7155293922560318,0.0,,
paris,link+k50,0,9,20,5,0.7799684934914186,0.783633197910621,0.0036647044192024136,,
paris,link+k50,0,9,20,8,0.8322361329906309,0.8367299560567117,0.004493823066080815,,
paris,link+k50,0,9,20,-1,0.8902744382721167,,,14.0,17.0
paris,link+k50d,0,0,20,3,0.7155293922560318,0.7155293922560318,0.0,,
paris,link+k50d,0,0,20,5,0.7799684934914186,0.783633197910621,0.0036647044192024136,,
paris,link+k50d,0,0,20,8,0.8322361329906309,0.8367299560567117,0.004493823066080815,,
paris,link+k50d,0,0,20,-1,0.8902744382721167,,,14.0,17.0
paris,link,1,0,20,3,0.7155293922560318,0.7155293922560318,0.0,,
paris,link,1,0,20,5,0.783633197910621,0.783633197910621,0.0,,
paris,link,1,0,20,8,0.833960699776138,0.8367299560567117,0.002769256280573784,,
paris,link,1,0,20,-1,0.8890970897935495,,,14.0,17.0
paris,link,1,0,10,3,0.7155293922560318,0.7155293922560318,0.0,,
paris,link,1,0,10,5,0.783633197910621,0.783633197910621,0.0,,
paris,link,1,0,10,8,0.8286377580631789,0.8286377580631789,0.0,,
paris,link,1,0,10,-1,0.8382555343669679,,,,
paris,link_reg,1,0,20,3,0.6034325511980765,0.7155293922560318,0.11209684105795537,,
paris,link_reg,1,0,20,5,0.6822319873973965,0.783633197910621,0.10140121051322448,,
paris,link_reg,1,0,20,8,0.8077108034159688,0.8367299560567117,0.02901915264074295,,
paris,link_reg,1,0,20,-1,0.49936157864190367,,,1.0,17.0
paris,link_reg,1,0,10,3,0.6301965011193101,0.7155293922560318,0.08533289113672171,,
paris,link_reg,1,0,10,5,0.6961114335461405,0.783633197910621,0.08752176436448056,,
paris,link_reg,1,0,10,8,0.7835668684188707,0.8286377580631789,0.045070889644308165,,
paris,link_reg,1,0,10,-1,0.49936157864190367,,,1.0,
paris,link+k10,1,0,20,3,0.7155293922560318,0.7155293922560318,0.0,,
paris,link+k10,1,0,20,5,0.783633197910621,0.783633197910621,0.0,,
paris,link+k10,1,0,20,8,0.833960699776138,0.8367299560567117,0.002769256280573784,,
paris,link+k10,1,0,20,-1,0.8902744382721167,,,14.0,17.0
paris,link+k10,1,1,20,3,0.7155293922560318,0.7155293922560318,0.0,,
paris,link+k10,1,1,20,5,0.7799684934914186,0.783633197910621,0.0036647044192024136,,
paris,link+k10,1,1,20,8,0.8322361329906309,0.8367299560567117,0.004493823066080815,,
paris,link+k10,1,1,20,-1,0.878766271453445,,,13.0,17.0
paris,link+k10,1,2,20,3,0.7155293922560318,0.7155293922560318,0.0,,
paris,link+k10,1,2,20,5,0.7799684934914186,0.783633197910621,0.0036647044192024136,,
paris,link+k10,1,2,20,8,0.8255036895779786,0.8367299560567117,0.011226266478733149,,
paris,link+k10,1,2,20,-1,0.8861454274106625,,,14.0,17.0
paris,link+k10,1,3,20,3,0.7155293922560318,0.7155293922560318,0.0,,
paris,link+k10,1,3,20,5,0.783633197910621,0.783633197910621,0.0,,
paris,link+k10,1,3,20,8,0.833960699776138,0.8367299560567117,0.002769256280573784,,
paris,link+k10,1,3,20,-1,0.8855816267307852,,,13.0,17.0
paris,link+k10,1,4,20,3,0.7155293922560318,0.7155293922560318,0.0,,
paris,link+k10,1,4,20,5,0.783633197910621,0.783633197910621,0.0,,
paris,link+k10,1,4,20,8,0.833960699776138,0.8367299560567117,0.002769256280573784,,
paris,link+k10,1,4,20,-1,0.8902744382721167,,,14.0,17.0
paris,link+k10,1,5,20,3,0.7155293922560318,0.7155293922560318,0.0,,
paris,link+k10,1,5,20,5,0.7799684934914186,0.783633197910621,0.0036647044192024136,,
paris,link+k10,1,5,20,8,0.8322361329906309,0.8367299560567117,0.004493823066080815,,
paris,link+k10,1,5,20,-1,0.8861454274106625,,,14.0,17.0
paris,link+k10,1,6,20,3,0.7155293922560318,0.7155293922560318,0.0,,
paris,link+k10,1,6,20,5,0.783633197910621,0.783633197910621,0.0,,
paris,link+k10,1,6,20,8,0.833960699776138,0.8367299560567117,0.002769256280573784,,
paris,link+k10,1,6,20,-1,0.8890970897935495,,,14.0,17.0
paris,link+k10,1,7,20,3,0.7155293922560318,0.7155293922560318,0.0,,
paris,link+k10,1,7,20,5,0.783633197910621,0.783633197910621,0.0,,
paris,link+k10,1,7,20,8,0.833960699776138,0.8367299560567117,0.002769256280573784,,
paris,link+k10,1,7,20,-1,0.8855816267307852,,,13.0,17.0
paris,link+k10,1,8,20,3,0.7155293922560318,0.7155293922560318,0.0,,
paris,link+k10,1,8,20,5,0.7799684934914186,0.783633197910621,0.0036647044192024136,,
paris,link+k10,1,8,20,8,0.8322361329906309,0.8367299560567117,0.004493823066080815,,
paris,link+k10,1,8,20,-1,0.8823480640079595,,,14.0,17.0
paris,link+k10,1,9,20,3,0.7155293922560318,0.7155293922560318,0.0,,
paris,link+k10,1,9,20,5,0.7799684934914186,0.783633197910621,0.0036647044192024136,,
paris,link+k10,1,9,20,8,0.8255036895779786,0.8367299560567117,0.011226266478733149,,
paris,link+k10,1,9,20,-1,0.8739408009286129,,,13.0,17.0
paris,link+k10d,1,0,20,3,0.7155293922560318,0.7155293922560318,0.0,,
paris,link+k10d,1,0,20,5,0.783633197910621,0.783633197910621,0.0,,
paris,link+k10d,1,0,20,8,0.833960699776138,0.8367299560567117,0.002769256280573784,,
paris,link+k10d,1,0,20,-1,0.8902744382721167,,,14.0,17.0
paris,link+k25,1,0,20,3,0.7155293922560318,0.7155293922560318,0.0,,
paris,link+k25,1,0,20,5,0.783633197910621,0.783633197910621,0.0,,
paris,link+k25,1,0,20,8,0.833960699776138,0.8367299560567117,0.002769256280573784,,
paris,link+k25,1,0,20,-1,0.8890970897935495,,,14.0,17.0
paris,link+k25,1,1,20,3,0.7155293922560318,0.7155293922560318,0.0,,
paris,link+k25,1,1,20,5,0.783633197910621,0.783633197910621,0.0,,
paris,link+k25,1,1,20,8,0.833960699776138,0.8367299560567117,0.002769256280573784,,
paris,link+k25,1,1,20,-1,0.8855816267307852,,,13.0,17.0
paris,link+k25,1,2,20,3,0.7155293922560318,0.7155293922560318,0.0,,
paris,link+k25,1,2,20,5,0.783633197910621,0.783633197910621,0.0,,
paris,link+k25,1,2,20,8,0.833960699776138,0.8367299560567117,0.002769256280573784,,
paris,link+k25,1,2,20,-1,0.8902744382721167,,,14.0,17.0
paris,link+k25,1,3,20,3,0.7155293922560318,0.7155293922560318,0.0,,
paris,link+k25,1,3,20,5,0.783633197910621,0.783633197910621,0.0,,
paris,link+k25,1,3,20,8,0.833960699776138,0.8367299560567117,0.002769256280573784,,
paris,link+k25,1,3,20,-1,0.8890970897935495,,,14.0,17.0
paris,link+k25,1,4,20,3,0.7155293922560318,0.7155293922560318,0.0,,
paris,link+k25,1,4,20,5,0.783633197910621,0.783633197910621,0.0,,
paris,link+k25,1,4,20,8,0.833960699776138,0.8367299560567117,0.002769256280573784,,
paris,link+k25,1,4,20,-1,0.8890970897935495,,,14.0,17.0
paris,link+k25,1,5,20,3,0.7155293922560318,0.7155293922560318,0.0,,
paris,link+k25,1,5,20,5,0.7799684934914186,0.783633197910621,0.0036647044192024136,,
paris,link+k25,1,5,20,8,0.8255036895779786,0.8367299560567117,0.011226266478733149,,
paris,link+k25,1,5,20,-1,0.8739408009286129,,,13.0,17.0
paris,link+k25,1,6,20,3,0.7155293922560318,0.7155293922560318,0.0,,
paris,link+k25,1,6,20,5,0.7799684934914186,0.783633197910621,0.0036647044192024136,,
paris,link+k25,1,6,20,8,0.8255036895779786,0.8367299560567117,0.011226266478733149,,
paris,link+k25,1,6,20,-1,0.878766271453445,,,13.0,17.0
paris,link+k25,1,7,20,3,0.7155293922560318,0.7155293922560318,0.0,,
paris,link+k25,1,7,20,5,0.783633197910621,0.783633197910621,0.0,,
paris,link+k25,1,7,20,8,0.833960699776138,0.8367299560567117,0.002769256280573784,,
paris,link+k25,1,7,20,-1,0.8890970897935495,,,14.0,17.0
paris,link+k25,1,8,20,3,0.7155293922560318,0.7155293922560318,0.0,,
paris,link+k25,1,8,20,5,0.783633197910621,0.783633197910621,0.0,,
paris,link+k25,1,8,20,8,0.833960699776138,0.8367299560567117,0.002769256280573784,,
paris,link+k25,1,8,20,-1,0.8902744382721167,,,14.0,17.0
paris,link+k25,1,9,20,3,0.7155293922560318,0.7155293922560318,0.0,,
paris,link+k25,1,9,20,5,0.783633197910621,0.783633197910621,0.0,,
paris,link+k25,1,9,20,8,0.833960699776138,0.8367299560567117,0.002769256280573784,,
paris,link+k25,1,9,20,-1,0.8902744382721167,,,14.0,17.0
paris,link+k25d,1,0,20,3,0.7155293922560318,0.7155293922560318,0.0,,
paris,link+k25d,1,0,20,5,0.783633197910621,0.783633197910621,0.0,,
paris,link+k25d,1,0,20,8,0.833960699776138,0.8367299560567117,0.002769256280573784,,
paris,link+k25d,1,0,20,-1,0.8902744382721167,,,14.0,17.0
paris,link+k50,1,0,20,3,0.7155293922560318,0.7155293922560318,0.0,,
paris,link+k50,1,0,20,5,0.783633197910621,0.783633197910621,0.0,,
paris,link+k50,1,0,20,8,0.833960699776138,0.8367299560567117,0.002769256280573784,,
paris,link+k50,1,0,20,-1,0.8890970897935495,,,14.0,17.0
paris,link+k50,1,1,20,3,0.7155293922560318,0.7155293922560318,0.0,,
paris,link+k50,1,1,20,5,0.783633197910621,0.783633197910621,0.0,,
paris,link+k50,1,1,20,8,0.833960699776138,0.8367299560567117,0.002769256280573784,,
paris,link+k50,1,1,20,-1,0.8902744382721167,,,14.0,17.0
paris,link+k50,1,2,20,3,0.7155293922560318,0.7155293922560318,0.0,,
paris,link+k50,1,2,20,5,0.783633197910621,0.783633197910621,0.0,,
paris,link+k50,1,2,20,8,0.833960699776138,0.8367299560567117,0.002769256280573784,,
paris,link+k50,1,2,20,-1,0.8902744382721167,,,14.0,17.0
paris,link+k50,1,3,20,3,0.7155293922560318,0.7155293922560318,0.0,,
paris,link+k50,1,3,20,5,0.7799684934914186,0.783633197910621,0.0036647044192024136,,
paris,link+k50,1,3,20,8,0.8322361329906309,0.8367299560567117,0.004493823066080815,,
paris,link+k50,1,3,20,-1,0.8861454274106625,,,14.0,17.0
paris,link+k50,1,4,20,3,0.7155293922560318,0.7155293922560318,0.0,,
paris,link+k50,1,4,20,5,0.783633197910621,0.783633197910621,0.0,,
paris,link+k50,1,4,20,8,0.833960699776138,0.8367299560567117,0.002769256280573784,,
paris,link+k50,1,4,20,-1,0.8855816267307852,,,13.0,17.0
paris,link+k50,1,5,20,3,0.7155293922560318,0.7155293922560318,0.0,,
paris,link+k50,1,5,20,5,0.7799684934914186,0.783633197910621,0.0036647044192024136,,
paris,link+k50,1,5,20,8,0.8255036895779786,0.8367299560567117,0.011226266478733149,,
paris,link+k50,1,5,20,-1,0.8902744382721167,,,14.0,17.0
paris,link+k50,1,6,20,3,0.7155293922560318,0.7155293922560318,0.0,,
paris,link+k50,1,6,20,5,0.7799684934914186,0.783633197910621,0.0036647044192024136,,
paris,link+k50,1,6,20,8,0.8322361329906309,0.8367299560567117,0.004493823066080815,,
paris,link+k50,1,6,20,-1,0.878766271453445,,,13.0,17.0
paris,link+k50,1,7,20,3,0.7155293922560318,0.7155293922560318,0.0,,
paris,link+k50,1,7,20,5,0.783633197910621,0.783633197910621,0.0,,
paris,link+k50,1,7,20,8,0.833960699776138,0.8367299560567117,0.002769256280573784,,
paris,link+k50,1,7,20,-1,0.8890970897935495,,,14.0,17.0
paris,link+k50,1,8,20,3,0.7155293922560318,0.7155293922560318,0.0,,
paris,link+k50,1,8,20,5,0.7799684934914186,0.783633197910621,0.0036647044192024136,,
paris,link+k50,1,8,20,8,0.8255036895779786,0.8367299560567117,0.011226266478733149,,
paris,link+k50,1,8,20,-1,0.8861454274106625,,,14.0,17.0
paris,link+k50,1,9,20,3,0.7155293922560318,0.7155293922560318,0.0,,
paris,link+k50,1,9,20,5,0.7799684934914186,0.783633197910621,0.0036647044192024136,,
paris,link+k50,1,9,20,8,0.8322361329906309,0.8367299560567117,0.004493823066080815,,
paris,link+k50,1,9,20,-1,0.8861454274106625,,,14.0,17.0
paris,link+k50d,1,0,20,3,0.7155293922560318,0.7155293922560318,0.0,,
paris,link+k50d,1,0,20,5,0.783633197910621,0.783633197910621,0.0,,
paris,link+k50d,1,0,20,8,0.833960699776138,0.8367299560567117,0.002769256280573784,,
paris,link+k50d,1,0,20,-1,0.8902744382721167,,,14.0,17.0
paris,link,2,0,20,3,0.7155293922560318,0.7155293922560318,0.0,,
paris,link,2,0,20,5,0.783633197910621,0.783633197910621,0.0,,
paris,link,2,0,20,8,0.833960699776138,0.8367299560567117,0.002769256280573784,,
paris,link,2,0,20,-1,0.8902744382721167,,,14.0,17.0
paris,link,2,0,10,3,0.7155293922560318,0.7155293922560318,0.0,,
paris,link,2,0,10,5,0.783633197910621,0.783633197910621,0.0,,
paris,link,2,0,10,8,0.8286377580631789,0.8286377580631789,0.0,,
paris,link,2,0,10,-1,0.8382555343669679,,,,
paris,link_reg,2,0,20,3,0.5860376419865683,0.7155293922560318,0.12949175026946358,,
paris,link_reg,2,0,20,5,0.717668518364978,0.783633197910621,0.065964679545643,,
paris,link_reg,2,0,20,8,0.8133985573335545,0.8367299560567117,0.02333139872315726,,
paris,link_reg,2,0,20,-1,0.49936157864190367,,,1.0,17.0
paris,link_reg,2,0,10,3,0.6273940800928612,0.7155293922560318,0.08813531216317061,,
paris,link_reg,2,0,10,5,0.6941878782853826,0.783633197910621,0.08944531962523838,,
paris,link_reg,2,0,10,8,0.7835668684188707,0.8286377580631789,0.045070889644308165,,
paris,link_reg,2,0,10,-1,0.49936157864190367,,,1.0,
paris,link+k10,2,0,20,3,0.7155293922560318,0.7155293922560318,0.0,,
paris,link+k10,2,0,20,5,0.783633197910621,0.783633197910621,0.0,,
paris,link+k10,2,0,20,8,0.833960699776138,0.8367299560567117,0.002769256280573784,,
paris,link+k10,2,0,20,-1,0.8937235718431308,,,15.0,17.0
paris,link+k10,2,1,20,3,0.7155293922560318,0.7155293922560318,0.0,,
paris,link+k10,2,1,20,5,0.7799684934914186,0.783633197910621,0.0036647044192024136,,
paris,link+k10,2,1,20,8,0.8322361329906309,0.8367299560567117,0.004493823066080815,,
paris,link+k10,2,1,20,-1,0.8902744382721167,,,14.0,17.0
paris,link+k10,2,2,20,3,0.7155293922560318,0.7155293922560318,0.0,,
paris,link+k10,2,2,20,5,0.7799684934914186,0.783633197910621,0.0036647044192024136,,
paris,link+k10,2,2,20,8,0.8322361329906309,0.8367299560567117,0.004493823066080815,,
paris,link+k10,2,2,20,-1,0.8937235718431308,,,15.0,17.0
paris,link+k10,2,3,20,3,0.7155293922560318,0.7155293922560318,0.0,,
paris,link+k10,2,3,20,5,0.783633197910621,0.783633197910621,0.0,,
paris,link+k10,2,3,20,8,0.833960699776138,0.8367299560567117,0.002769256280573784,,
paris,link+k10,2,3,20,-1,0.8890970897935495,,,14.0,17.0
paris,link+k10,2,4,20,3,0.7155293922560318,0.7155293922560318,0.0,,
paris,link+k10,2,4,20,5,0.783633197910621,0.783633197910621,0.0,,
paris,link+k10,2,4,20,8,0.833960699776138,0.8367299560567117,0.002769256280573784,,
paris,link+k10,2,4,20,-1,0.8937235718431308,,,15.0,17.0
paris,link+k10,2,5,20,3,0.7155293922560318,0.7155293922560318,0.0,,
paris,link+k10,2,5,20,5,0.783633197910621,0.783633197910621,0.0,,
paris,link+k10,2,5,20,8,0.833960699776138,0.8367299560567117,0.002769256280573784,,
paris,link+k10,2,5,20,-1,0.8937235718431308,,,15.0,17.0
paris,link+k10,2,6,20,3,0.7155293922560318,0.7155293922560318,0.0,,
paris,link+k10,2,6,20,5,0.7799684934914186,0.783633197910621,0.0036647044192024136,,
paris,link+k10,2,6,20,8,0.8322361329906309,0.8367299560567117,0.004493823066080815,,
paris,link+k10,2,6,20,-1,0.8937235718431308,,,15.0,17.0
paris,link+k10,2,7,20,3,0.7155293922560318,0.7155293922560318,0.0,,
paris,link+k10,2,7,20,5,0.783633197910621,0.783633197910621,0.0,,
paris,link+k10,2,7,20,8,0.833960699776138,0.8367299560567117,0.002769256280573784,,
paris,link+k10,2,7,20,-1,0.8902744382721167,,,14.0,17.0
paris,link+k10,2,8,20,3,0.7155293922560318,0.7155293922560318,0.0,,
paris,link+k10,2,8,20,5,0.783633197910621,0.783633197910621,0.0,,
paris,link+k10,2,8,20,8,0.833960699776138,0.8367299560567117,0.002769256280573784,,
paris,link+k10,2,8,20,-1,0.8937235718431308,,,15.0,17.0
paris,link+k10,2,9,20,3,0.7155293922560318,0.7155293922560318,0.0,,
paris,link+k10,2,9,20,5,0.783633197910621,0.783633197910621,0.0,,
paris,link+k10,2,9,20,8,0.833960699776138,0.8367299560567117,0.002769256280573784,,
paris,link+k10,2,9,20,-1,0.8902744382721167,,,14.0,17.0
paris,link+k10d,2,0,20,3,0.7155293922560318,0.7155293922560318,0.0,,
paris,link+k10d,2,0,20,5,0.783633197910621,0.783633197910621,0.0,,
paris,link+k10d,2,0,20,8,0.833960699776138,0.8367299560567117,0.002769256280573784,,
paris,link+k10d,2,0,20,-1,0.8902744382721167,,,14.0,17.0
paris,link+k25,2,0,20,3,0.7155293922560318,0.7155293922560318,0.0,,
paris,link+k25,2,0,20,5,0.783633197910621,0.783633197910621,0.0,,
paris,link+k25,2,0,20,8,0.833960699776138,0.8367299560567117,0.002769256280573784,,
paris,link+k25,2,0,20,-1,0.8979852416880856,,,16.0,17.0
paris,link+k25,2,1,20,3,0.7155293922560318,0.7155293922560318,0.0,,
paris,link+k25,2,1,20,5,0.783633197910621,0.783633197910621,0.0,,
paris,link+k25,2,1,20,8,0.833960699776138,0.8367299560567117,0.002769256280573784,,
paris,link+k25,2,1,20,-1,0.8902744382721167,,,14.0,17.0
paris,link+k25,2,2,20,3,0.7155293922560318,0.7155293922560318,0.0,,
paris,link+k25,2,2,20,5,0.783633197910621,0.783633197910621,0.0,,
paris,link+k25,2,2,20,8,0.833960699776138,0.8367299560567117,0.002769256280573784,,
paris,link+k25,2,2,20,-1,0.8937235718431308,,,15.0,17.0
paris,link+k25,2,3,20,3,0.7155293922560318,0.7155293922560318,0.0,,
paris,link+k25,2,3,20,5,0.783633197910621,0.783633197910621,0.0,,
paris,link+k25,2,3,20,8,0.833960699776138,0.8367299560567117,0.002769256280573784,,
paris,link+k25,2,3,20,-1,0.8937235718431308,,,15.0,17.0
paris,link+k25,2,4,20,3,0.7155293922560318,0.7155293922560318,0.0,,
paris,link+k25,2,4,20,5,0.783633197910621,0.783633197910621,0.0,,
paris,link+k25,2,4,20,8,0.833960699776138,0.8367299560567117,0.002769256280573784,,
paris,link+k25,2,4,20,-1,0.8937235718431308,,,15.0,17.0
paris,link+k25,2,5,20,3,0.7155293922560318,0.7155293922560318,0.0,,
paris,link+k25,2,5,20,5,0.7799684934914186,0.783633197910621,0.0036647044192024136,,
paris,link+k25,2,5,20,8,0.8322361329906309,0.8367299560567117,0.004493823066080815,,
paris,link+k25,2,5,20,-1,0.8937235718431308,,,15.0,17.0
paris,link+k25,2,6,20,3,0.7155293922560318,0.7155293922560318,0.0,,
paris,link+k25,2,6,20,5,0.7799684934914186,0.783633197910621,0.0036647044192024136,,
paris,link+k25,2,6,20,8,0.8322361329906309,0.8367299560567117,0.004493823066080815,,
paris,link+k25,2,6,20,-1,0.8902744382721167,,,14.0,17.0
paris,link+k25,2,7,20,3,0.7155293922560318,0.7155293922560318,0.0,,
paris,link+k25,2,7,20,5,0.783633197910621,0.783633197910621,0.0,,
paris,link+k25,2,7,20,8,0.833960699776138,0.8367299560567117,0.002769256280573784,,
paris,link+k25,2,7,20,-1,0.8937235718431308,,,15.0,17.0
paris,link+k25,2,8,20,3,0.7155293922560318,0.7155293922560318,0.0,,
paris,link+k25,2,8,20,5,0.783633197910621,0.783633197910621,0.0,,
paris,link+k25,2,8,20,8,0.833960699776138,0.8367299560567117,0.002769256280573784,,
paris,link+k25,2,8,20,-1,0.8937235718431308,,,15.0,17.0
paris,link+k25,2,9,20,3,0.7155293922560318,0.7155293922560318,0.0,,
paris,link+k25,2,9,20,5,0.783633197910621,0.783633197910621,0.0,,
paris,link+k25,2,9,20,8,0.833960699776138,0.8367299560567117,0.002769256280573784,,
paris,link+k25,2,9,20,-1,0.8937235718431308,,,15.0,17.0
paris,link+k25d,2,0,20,3,0.7155293922560318,0.7155293922560318,0.0,,
paris,link+k25d,2,0,20,5,0.783633197910621,0.783633197910621,0.0,,
paris,link+k25d,2,0,20,8,0.833960699776138,0.8367299560567117,0.002769256280573784,,
paris,link+k25d,2,0,20,-1,0.8902744382721167,,,14.0,17.0
paris,link+k50,2,0,20,3,0.7155293922560318,0.7155293922560318,0.0,,
paris,link+k50,2,0,20,5,0.783633197910621,0.783633197910621,0.0,,
paris,link+k50,2,0,20,8,0.833960699776138,0.8367299560567117,0.002769256280573784,,
paris,link+k50,2,0,20,-1,0.8937235718431308,,,15.0,17.0
paris,link+k50,2,1,20,3,0.7155293922560318,0.7155293922560318,0.0,,
paris,link+k50,2,1,20,5,0.7799684934914186,0.783633197910621,0.0036647044192024136,,
paris,link+k50,2,1,20,8,0.8322361329906309,0.8367299560567117,0.004493823066080815,,
paris,link+k50,2,1,20,-1,0.8937235718431308,,,15.0,17.0
paris,link+k50,2,2,20,3,0.7155293922560318,0.7155293922560318,0.0,,
paris,link+k50,2,2,20,5,0.783633197910621,0.783633197910621,0.0,,
paris,link+k50,2,2,20,8,0.833960699776138,0.8367299560567117,0.002769256280573784,,
paris,link+k50,2,2,20,-1,0.8937235718431308,,,15.0,17.0
paris,link+k50,2,3,20,3,0.7155293922560318,0.7155293922560318,0.0,,
paris,link+k50,2,3,20,5,0.7799684934914186,0.783633197910621,0.0036647044192024136,,
paris,link+k50,2,3,20,8,0.8322361329906309,0.8367299560567117,0.004493823066080815,,
paris,link+k50,2,3,20,-1,0.8937235718431308,,,15.0,17.0
paris,link+k50,2,4,20,3,0.7155293922560318,0.7155293922560318,0.0,,
paris,link+k50,2,4,20,5,0.783633197910621,0.783633197910621,0.0,,
paris,link+k50,2,4,20,8,0.833960699776138,0.8367299560567117,0.002769256280573784,,
paris,link+k50,2,4,20,-1,0.8890970897935495,,,14.0,17.0
paris,link+k50,2,5,20,3,0.7155293922560318,0.7155293922560318,0.0,,
paris,link+k50,2,5,20,5,0.7799684934914186,0.783633197910621,0.0036647044192024136,,
paris,link+k50,2,5,20,8,0.833960699776138,0.8367299560567117,0.002769256280573784,,
paris,link+k50,2,5,20,-1,0.8937235718431308,,,15.0,17.0
paris,link+k50,2,6,20,3,0.7155293922560318,0.7155293922560318,0.0,,
paris,link+k50,2,6,20,5,0.7799684934914186,0.783633197910621,0.0036647044192024136,,
paris,link+k50,2,6,20,8,0.8322361329906309,0.8367299560567117,0.004493823066080815,,
paris,link+k50,2,6,20,-1,0.8902744382721167,,,14.0,17.0
paris,link+k50,2,7,20,3,0.7155293922560318,0.7155293922560318,0.0,,
paris,link+k50,2,7,20,5,0.783633197910621,0.783633197910621,0.0,,
paris,link+k50,2,7,20,8,0.833960699776138,0.8367299560567117,0.002769256280573784,,
paris,link+k50,2,7,20,-1,0.8937235718431308,,,15.0,17.0
paris,link+k50,2,8,20,3,0.7155293922560318,0.7155293922560318,0.0,,
paris,link+k50,2,8,20,5,0.7799684934914186,0.783633197910621,0.0036647044192024136,,
paris,link+k50,2,8,20,8,0.8322361329906309,0.8367299560567117,0.004493823066080815,,
paris,link+k50,2,8,20,-1,0.8902744382721167,,,14.0,17.0
paris,link+k50,2,9,20,3,0.7155293922560318,0.7155293922560318,0.0,,
paris,link+k50,2,9,20,5,0.7799684934914186,0.783633197910621,0.0036647044192024136,,
paris,link+k50,2,9,20,8,0.8322361329906309,0.8367299560567117,0.004493823066080815,,
paris,link+k50,2,9,20,-1,0.8937235718431308,,,15.0,17.0
paris,link+k50d,2,0,20,3,0.7155293922560318,0.7155293922560318,0.0,,
paris,link+k50d,2,0,20,5,0.783633197910621,0.783633197910621,0.0,,
paris,link+k50d,2,0,20,8,0.833960699776138,0.8367299560567117,0.002769256280573784,,
paris,link+k50d,2,0,20,-1,0.8937235718431308,,,15.0,17.0
paris,link,3,0,20,3,0.7155293922560318,0.7155293922560318,0.0,,
paris,link,3,0,20,5,0.7799684934914186,0.783633197910621,0.0036647044192024136,,
paris,link,3,0,20,8,0.8322361329906309,0.8367299560567117,0.004493823066080815,,
paris,link,3,0,20,-1,0.8902744382721167,,,14.0,17.0
paris,link,3,0,10,3,0.7155293922560318,0.7155293922560318,0.0,,
paris,link,3,0,10,5,0.783633197910621,0.783633197910621,0.0,,
paris,link,3,0,10,8,0.8286377580631789,0.8286377580631789,0.0,,
paris,link,3,0,10,-1,0.8382555343669679,,,,
paris,link_reg,3,0,20,3,0.6415056794627311,0.7155293922560318,0.07402371279330078,,
paris,link_reg,3,0,20,5,0.73292430146754,0.783633197910621,0.050708896443081075,,
paris,link_reg,3,0,20,8,0.7844125694386866,0.8367299560567117,0.0523173866180251,,
paris,link_reg,3,0,20,-1,0.49936157864190367,,,1.0,17.0
paris,link_reg,3,0,10,3,0.6550700605256612,0.7155293922560318,0.06045933173037066,,
paris,link_reg,3,0,10,5,0.7371693889395573,0.783633197910621,0.046463808971063725,,
paris,link_reg,3,0,10,8,0.8231987397396567,0.8286377580631789,0.005439018323522116,,
paris,link_reg,3,0,10,-1,0.49936157864190367,,,1.0,
paris,link+k10,3,0,20,3,0.7155293922560318,0.7155293922560318,0.0,,
paris,link+k10,3,0,20,5,0.783633197910621,0.783633197910621,0.0,,
paris,link+k10,3,0,20,8,0.833960699776138,0.8367299560567117,0.002769256280573784,,
paris,link+k10,3,0,20,-1,0.8937235718431308,,,15.0,17.0
paris,link+k10,3,1,20,3,0.7155293922560318,0.7155293922560318,0.0,,
paris,link+k10,3,1,20,5,0.7799684934914186,0.783633197910621,0.0036647044192024136,,
paris,link+k10,3,1,20,8,0.8322361329906309,0.8367299560567117,0.004493823066080815,,
paris,link+k10,3,1,20,-1,0.8902744382721167,,,14.0,17.0
paris,link+k10,3,2,20,3,0.7155293922560318,0.7155293922560318,0.0,,
paris,link+k10,3,2,20,5,0.7799684934914186,0.783633197910621,0.0036647044192024136,,
paris,link+k10,3,2,20,8,0.8322361329906309,0.8367299560567117,0.004493823066080815,,
paris,link+k10,3,2,20,-1,0.8937235718431308,,,15.0,17.0
paris,link+k10,3,3,20,3,0.7155293922560318,0.7155293922560318,0.0,,
paris,link+k10,3,3,20,5,0.783633197910621,0.783633197910621,0.0,,
paris,link+k10,3,3,20,8,0.833960699776138,0.8367299560567117,0.002769256280573784,,
paris,link+k10,3,3,20,-1,0.8890970897935495,,,14.0,17.0
paris,link+k10,3,4,20,3,0.7155293922560318,0.7155293922560318,0.0,,
paris,link+k10,3,4,20,5,0.783633197910621,0.783633197910621,0.0,,
paris,link+k10,3,4,20,8,0.833960699776138,0.8367299560567117,0.002769256280573784,,
paris,link+k10,3,4,20,-1,0.8937235718431308,,,15.0,17.0
paris,link+k10,3,5,20,3,0.7155293922560318,0.7155293922560318,0.0,,
paris,link+k10,3,5,20,5,0.7799684934914186,0.783633197910621,0.0036647044192024136,,
paris,link+k10,3,5,20,8,0.8322361329906309,0.8367299560567117,0.004493823066080815,,
paris,link+k10,3,5,20,-1,0.8902744382721167,,,14.0,17.0
paris,link+k10,3,6,20,3,0.7155293922560318,0.7155293922560318,0.0,,
paris,link+k10,3,6,20,5,0.7799684934914186,0.783633197910621,0.0036647044192024136,,
paris,link+k10,3,6,20,8,0.8322361329906309,0.8367299560567117,0.004493823066080815,,
paris,link+k10,3,6,20,-1,0.8902744382721167,,,14.0,17.0
paris,link+k10,3,7,20,3,0.7155293922560318,0.7155293922560318,0.0,,
paris,link+k10,3,7,20,5,0.7799684934914186,0.783633197910621,0.0036647044192024136,,
paris,link+k10,3,7,20,8,0.8322361329906309,0.8367299560567117,0.004493823066080815,,
paris,link+k10,3,7,20,-1,0.8902744382721167,,,14.0,17.0
paris,link+k10,3,8,20,3,0.7155293922560318,0.7155293922560318,0.0,,
paris,link+k10,3,8,20,5,0.7799684934914186,0.783633197910621,0.0036647044192024136,,
paris,link+k10,3,8,20,8,0.8322361329906309,0.8367299560567117,0.004493823066080815,,
paris,link+k10,3,8,20,-1,0.8902744382721167,,,14.0,17.0
paris,link+k10,3,9,20,3,0.7155293922560318,0.7155293922560318,0.0,,
paris,link+k10,3,9,20,5,0.7799684934914186,0.783633197910621,0.0036647044192024136,,
paris,link+k10,3,9,20,8,0.8322361329906309,0.8367299560567117,0.004493823066080815,,
paris,link+k10,3,9,20,-1,0.8902744382721167,,,14.0,17.0
paris,link+k10d,3,0,20,3,0.7155293922560318,0.7155293922560318,0.0,,
paris,link+k10d,3,0,20,5,0.7799684934914186,0.783633197910621,0.0036647044192024136,,
paris,link+k10d,3,0,20,8,0.8322361329906309,0.8367299560567117,0.004493823066080815,,
paris,link+k10d,3,0,20,-1,0.8902744382721167,,,14.0,17.0
paris,link+k25,3,0,20,3,0.7155293922560318,0.7155293922560318,0.0,,
paris,link+k25,3,0,20,5,0.7799684934914186,0.783633197910621,0.0036647044192024136,,
paris,link+k25,3,0,20,8,0.8322361329906309,0.8367299560567117,0.004493823066080815,,
paris,link+k25,3,0,20,-1,0.8937235718431308,,,15.0,17.0
paris,link+k25,3,1,20,3,0.7155293922560318,0.7155293922560318,0.0,,
paris,link+k25,3,1,20,5,0.7799684934914186,0.783633197910621,0.0036647044192024136,,
paris,link+k25,3,1,20,8,0.8322361329906309,0.8367299560567117,0.004493823066080815,,
paris,link+k25,3,1,20,-1,0.8902744382721167,,,14.0,17.0
paris,link+k25,3,2,20,3,0.7155293922560318,0.7155293922560318,0.0,,
paris,link+k25,3,2,20,5,0.783633197910621,0.783633197910621,0.0,,
paris,link+k25,3,2,20,8,0.833960699776138,0.8367299560567117,0.002769256280573784,,
paris,link+k25,3,2,20,-1,0.8937235718431308,,,15.0,17.0
paris,link+k25,3,3,20,3,0.7155293922560318,0.7155293922560318,0.0,,
paris,link+k25,3,3,20,5,0.783633197910621,0.783633197910621,0.0,,
paris,link+k25,3,3,20,8,0.833960699776138,0.8367299560567117,0.002769256280573784,,
paris,link+k25,3,3,20,-1,0.8937235718431308,,,15.0,17.0
paris,link+k25,3,4,20,3,0.7155293922560318,0.7155293922560318,0.0,,
paris,link+k25,3,4,20,5,0.783633197910621,0.783633197910621,0.0,,
paris,link+k25,3,4,20,8,0.833960699776138,0.8367299560567117,0.002769256280573784,,
paris,link+k25,3,4,20,-1,0.8937235718431308,,,15.0,17.0
paris,link+k25,3,5,20,3,0.7155293922560318,0.7155293922560318,0.0,,
paris,link+k25,3,5,20,5,0.7799684934914186,0.783633197910621,0.0036647044192024136,,
paris,link+k25,3,5,20,8,0.8322361329906309,0.8367299560567117,0.004493823066080815,,
paris,link+k25,3,5,20,-1,0.8902744382721167,,,14.0,17.0
paris,link+k25,3,6,20,3,0.7155293922560318,0.7155293922560318,0.0,,
paris,link+k25,3,6,20,5,0.7799684934914186,0.783633197910621,0.0036647044192024136,,
paris,link+k25,3,6,20,8,0.8322361329906309,0.8367299560567117,0.004493823066080815,,
paris,link+k25,3,6,20,-1,0.8902744382721167,,,14.0,17.0
paris,link+k25,3,7,20,3,0.7155293922560318,0.7155293922560318,0.0,,
paris,link+k25,3,7,20,5,0.783633197910621,0.783633197910621,0.0,,
paris,link+k25,3,7,20,8,0.833960699776138,0.8367299560567117,0.002769256280573784,,
paris,link+k25,3,7,20,-1,0.8890970897935495,,,14.0,17.0
paris,link+k25,3,8,20,3,0.7155293922560318,0.7155293922560318,0.0,,
paris,link+k25,3,8,20,5,0.783633197910621,0.783633197910621,0.0,,
paris,link+k25,3,8,20,8,0.833960699776138,0.8367299560567117,0.002769256280573784,,
paris,link+k25,3,8,20,-1,0.8902744382721167,,,14.0,17.0
paris,link+k25,3,9,20,3,0.7155293922560318,0.7155293922560318,0.0,,
paris,link+k25,3,9,20,5,0.783633197910621,0.783633197910621,0.0,,
paris,link+k25,3,9,20,8,0.833960699776138,0.8367299560567117,0.002769256280573784,,
paris,link+k25,3,9,20,-1,0.8902744382721167,,,14.0,17.0
paris,link+k25d,3,0,20,3,0.7155293922560318,0.7155293922560318,0.0,,
paris,link+k25d,3,0,20,5,0.7799684934914186,0.783633197910621,0.0036647044192024136,,
paris,link+k25d,3,0,20,8,0.8322361329906309,0.8367299560567117,0.004493823066080815,,
paris,link+k25d,3,0,20,-1,0.8902744382721167,,,14.0,17.0
paris,link+k50,3,0,20,3,0.7155293922560318,0.7155293922560318,0.0,,
paris,link+k50,3,0,20,5,0.783633197910621,0.783633197910621,0.0,,
paris,link+k50,3,0,20,8,0.833960699776138,0.8367299560567117,0.002769256280573784,,
paris,link+k50,3,0,20,-1,0.8890970897935495,,,14.0,17.0
paris,link+k50,3,1,20,3,0.7155293922560318,0.7155293922560318,0.0,,
paris,link+k50,3,1,20,5,0.7799684934914186,0.783633197910621,0.0036647044192024136,,
paris,link+k50,3,1,20,8,0.8322361329906309,0.8367299560567117,0.004493823066080815,,
paris,link+k50,3,1,20,-1,0.8937235718431308,,,15.0,17.0
paris,link+k50,3,2,20,3,0.7155293922560318,0.7155293922560318,0.0,,
paris,link+k50,3,2,20,5,0.783633197910621,0.783633197910621,0.0,,
paris,link+k50,3,2,20,8,0.833960699776138,0.8367299560567117,0.002769256280573784,,
paris,link+k50,3,2,20,-1,0.8902744382721167,,,14.0,17.0
paris,link+k50,3,3,20,3,0.7155293922560318,0.7155293922560318,0.0,,
paris,link+k50,3,3,20,5,0.7799684934914186,0.783633197910621,0.0036647044192024136,,
paris,link+k50,3,3,20,8,0.8322361329906309,0.8367299560567117,0.004493823066080815,,
paris,link+k50,3,3,20,-1,0.8902744382721167,,,14.0,17.0
paris,link+k50,3,4,20,3,0.7155293922560318,0.7155293922560318,0.0,,
paris,link+k50,3,4,20,5,0.7799684934914186,0.783633197910621,0.0036647044192024136,,
paris,link+k50,3,4,20,8,0.8322361329906309,0.8367299560567117,0.004493823066080815,,
paris,link+k50,3,4,20,-1,0.8902744382721167,,,14.0,17.0
paris,link+k50,3,5,20,3,0.7155293922560318,0.7155293922560318,0.0,,
paris,link+k50,3,5,20,5,0.7799684934914186,0.783633197910621,0.0036647044192024136,,
paris,link+k50,3,5,20,8,0.8322361329906309,0.8367299560567117,0.004493823066080815,,
paris,link+k50,3,5,20,-1,0.8902744382721167,,,14.0,17.0
paris,link+k50,3,6,20,3,0.7155293922560318,0.7155293922560318,0.0,,
paris,link+k50,3,6,20,5,0.7799684934914186,0.783633197910621,0.0036647044192024136,,
paris,link+k50,3,6,20,8,0.8322361329906309,0.8367299560567117,0.004493823066080815,,
paris,link+k50,3,6,20,-1,0.8902744382721167,,,14.0,17.0
paris,link+k50,3,7,20,3,0.7155293922560318,0.7155293922560318,0.0,,
paris,link+k50,3,7,20,5,0.783633197910621,0.783633197910621,0.0,,
paris,link+k50,3,7,20,8,0.833960699776138,0.8367299560567117,0.002769256280573784,,
paris,link+k50,3,7,20,-1,0.8937235718431308,,,15.0,17.0
paris,link+k50,3,8,20,3,0.7155293922560318,0.7155293922560318,0.0,,
paris,link+k50,3,8,20,5,0.7799684934914186,0.783633197910621,0.0036647044192024136,,
paris,link+k50,3,8,20,8,0.8322361329906309,0.8367299560567117,0.004493823066080815,,
paris,link+k50,3,8,20,-1,0.8902744382721167,,,14.0,17.0
paris,link+k50,3,9,20,3,0.7155293922560318,0.7155293922560318,0.0,,
paris,link+k50,3,9,20,5,0.7799684934914186,0.783633197910621,0.0036647044192024136,,
paris,link+k50,3,9,20,8,0.8322361329906309,0.8367299560567117,0.004493823066080815,,
paris,link+k50,3,9,20,-1,0.8902744382721167,,,14.0,17.0
paris,link+k50d,3,0,20,3,0.7155293922560318,0.7155293922560318,0.0,,
paris,link+k50d,3,0,20,5,0.7799684934914186,0.783633197910621,0.0036647044192024136,,
paris,link+k50d,3,0,20,8,0.8322361329906309,0.8367299560567117,0.004493823066080815,,
paris,link+k50d,3,0,20,-1,0.8902744382721167,,,14.0,17.0
paris,link,4,0,20,3,0.7155293922560318,0.7155293922560318,0.0,,
paris,link,4,0,20,5,0.7799684934914186,0.783633197910621,0.0036647044192024136,,
paris,link,4,0,20,8,0.8322361329906309,0.8367299560567117,0.004493823066080815,,
paris,link,4,0,20,-1,0.8937235718431308,,,15.0,17.0
paris,link,4,0,10,3,0.7155293922560318,0.7155293922560318,0.0,,
paris,link,4,0,10,5,0.783633197910621,0.783633197910621,0.0,,
paris,link,4,0,10,8,0.8286377580631789,0.8286377580631789,0.0,,
paris,link,4,0,10,-1,0.8382555343669679,,,,
paris,link_reg,4,0,20,3,0.6607080673244341,0.7155293922560318,0.05482132493159775,,
paris,link_reg,4,0,20,5,0.7204211922726143,0.783633197910621,0.06321200563800677,,
paris,link_reg,4,0,20,8,0.8066329491750269,0.8367299560567117,0.030097006881684818,,
paris,link_reg,4,0,20,-1,0.48218224027858386,,,1.0,17.0
paris,link_reg,4,0,10,3,0.6744382721167399,0.7155293922560318,0.04109112013929195,,
paris,link_reg,4,0,10,5,0.7636846032667275,0.783633197910621,0.019948594643893536,,
paris,link_reg,4,0,10,8,0.828057375010364,0.8286377580631789,0.0005803830528148257,,
paris,link_reg,4,0,10,-1,0.48218224027858386,,,1.0,
paris,link+k10,4,0,20,3,0.7155293922560318,0.7155293922560318,0.0,,
paris,link+k10,4,0,20,5,0.783633197910621,0.783633197910621,0.0,,
paris,link+k10,4,0,20,8,0.833960699776138,0.8367299560567117,0.002769256280573784,,
paris,link+k10,4,0,20,-1,0.8937235718431308,,,15.0,17.0
paris,link+k10,4,1,20,3,0.7155293922560318,0.7155293922560318,0.0,,
paris,link+k10,4,1,20,5,0.7799684934914186,0.783633197910621,0.0036647044192024136,,
paris,link+k10,4,1,20,8,0.8322361329906309,0.8367299560567117,0.004493823066080815,,
paris,link+k10,4,1,20,-1,0.8937235718431308,,,15.0,17.0
paris,link+k10,4,2,20,3,0.7155293922560318,0.7155293922560318,0.0,,
paris,link+k10,4,2,20,5,0.7799684934914186,0.783633197910621,0.0036647044192024136,,
paris,link+k10,4,2,20,8,0.8255036895779786,0.8367299560567117,0.011226266478733149,,
paris,link+k10,4,2,20,-1,0.8937235718431308,,,15.0,17.0
paris,link+k10,4,3,20,3,0.7155293922560318,0.7155293922560318,0.0,,
paris,link+k10,4,3,20,5,0.7799684934914186,0.783633197910621,0.0036647044192024136,,
paris,link+k10,4,3,20,8,0.833960699776138,0.8367299560567117,0.002769256280573784,,
paris,link+k10,4,3,20,-1,0.8890970897935495,,,14.0,17.0
paris,link+k10,4,4,20,3,0.7155293922560318,0.7155293922560318,0.0,,
paris,link+k10,4,4,20,5,0.7799684934914186,0.783633197910621,0.0036647044192024136,,
paris,link+k10,4,4,20,8,0.833960699776138,0.8367299560567117,0.002769256280573784,,
paris,link+k10,4,4,20,-1,0.8937235718431308,,,15.0,17.0
paris,link+k10,4,5,20,3,0.7155293922560318,0.7155293922560318,0.0,,
paris,link+k10,4,5,20,5,0.7799684934914186,0.783633197910621,0.0036647044192024136,,
paris,link+k10,4,5,20,8,0.833960699776138,0.8367299560567117,0.002769256280573784,,
paris,link+k10,4,5,20,-1,0.8937235718431308,,,15.0,17.0
paris,link+k10,4,6,20,3,0.7155293922560318,0.7155293922560318,0.0,,
paris,link+k10,4,6,20,5,0.7799684934914186,0.783633197910621,0.0036647044192024136,,
paris,link+k10,4,6,20,8,0.833960699776138,0.8367299560567117,0.002769256280573784,,
paris,link+k10,4,6,20,-1,0.8937235718431308,,,15.0,17.0
paris,link+k10,4,7,20,3,0.7155293922560318,0.7155293922560318,0.0,,
paris,link+k10,4,7,20,5,0.7799684934914186,0.783633197910621,0.0036647044192024136,,
paris,link+k10,4,7,20,8,0.833960699776138,0.8367299560567117,0.002769256280573784,,
paris,link+k10,4,7,20,-1,0.8937235718431308,,,15.0,17.0
paris,link+k10,4,8,20,3,0.7155293922560318,0.7155293922560318,0.0,,
paris,link+k10,4,8,20,5,0.7799684934914186,0.783633197910621,0.0036647044192024136,,
paris,link+k10,4,8,20,8,0.833960699776138,0.8367299560567117,0.002769256280573784,,
paris,link+k10,4,8,20,-1,0.8937235718431308,,,15.0,17.0
paris,link+k10,4,9,20,3,0.7155293922560318,0.7155293922560318,0.0,,
paris,link+k10,4,9,20,5,0.7799684934914186,0.783633197910621,0.0036647044192024136,,
paris,link+k10,4,9,20,8,0.8322361329906309,0.8367299560567117,0.004493823066080815,,
paris,link+k10,4,9,20,-1,0.8937235718431308,,,15.0,17.0
paris,link+k10d,4,0,20,3,0.7155293922560318,0.7155293922560318,0.0,,
paris,link+k10d,4,0,20,5,0.7799684934914186,0.783633197910621,0.0036647044192024136,,
paris,link+k10d,4,0,20,8,0.833960699776138,0.8367299560567117,0.002769256280573784,,
paris,link+k10d,4,0,20,-1,0.8937235718431308,,,15.0,17.0
paris,link+k25,4,0,20,3,0.7155293922560318,0.7155293922560318,0.0,,
paris,link+k25,4,0,20,5,0.7799684934914186,0.783633197910621,0.0036647044192024136,,
paris,link+k25,4,0,20,8,0.833960699776138,0.8367299560567117,0.002769256280573784,,
paris,link+k25,4,0,20,-1,0.8979852416880856,,,16.0,17.0
paris,link+k25,4,1,20,3,0.7155293922560318,0.7155293922560318,0.0,,
paris,link+k25,4,1,20,5,0.7799684934914186,0.783633197910621,0.0036647044192024136,,
paris,link+k25,4,1,20,8,0.833960699776138,0.8367299560567117,0.002769256280573784,,
paris,link+k25,4,1,20,-1,0.8902744382721167,,,14.0,17.0
paris,link+k25,4,2,20,3,0.7155293922560318,0.7155293922560318,0.0,,
paris,link+k25,4,2,20,5,0.783633197910621,0.783633197910621,0.0,,
paris,link+k25,4,2,20,8,0.833960699776138,0.8367299560567117,0.002769256280573784,,
paris,link+k25,4,2,20,-1,0.8979852416880856,,,16.0,17.0
paris,link+k25,4,3,20,3,0.7155293922560318,0.7155293922560318,0.0,,
paris,link+k25,4,3,20,5,0.783633197910621,0.783633197910621,0.0,,
paris,link+k25,4,3,20,8,0.833960699776138,0.8367299560567117,0.002769256280573784,,
paris,link+k25,4,3,20,-1,0.8979852416880856,,,16.0,17.0
paris,link+k25,4,4,20,3,0.7155293922560318,0.7155293922560318,0.0,,
paris,link+k25,4,4,20,5,0.7799684934914186,0.783633197910621,0.0036647044192024136,,
paris,link+k25,4,4,20,8,0.8322361329906309,0.8367299560567117,0.004493823066080815,,
paris,link+k25,4,4,20,-1,0.8937235718431308,,,15.0,17.0
paris,link+k25,4,5,20,3,0.7155293922560318,0.7155293922560318,0.0,,
paris,link+k25,4,5,20,5,0.7799684934914186,0.783633197910621,0.0036647044192024136,,
paris,link+k25,4,5,20,8,0.8322361329906309,0.8367299560567117,0.004493823066080815,,
paris,link+k25,4,5,20,-1,0.8937235718431308,,,15.0,17.0
paris,link+k25,4,6,20,3,0.7155293922560318,0.7155293922560318,0.0,,
paris,link+k25,4,6,20,5,0.7799684934914186,0.783633197910621,0.0036647044192024136,,
paris,link+k25,4,6,20,8,0.833960699776138,0.8367299560567117,0.002769256280573784,,
paris,link+k25,4,6,20,-1,0.8937235718431308,,,15.0,17.0
paris,link+k25,4,7,20,3,0.7155293922560318,0.7155293922560318,0.0,,
paris,link+k25,4,7,20,5,0.7799684934914186,0.783633197910621,0.0036647044192024136,,
paris,link+k25,4,7,20,8,0.8322361329906309,0.8367299560567117,0.004493823066080815,,
paris,link+k25,4,7,20,-1,0.8937235718431308,,,15.0,17.0
paris,link+k25,4,8,20,3,0.7155293922560318,0.7155293922560318,0.0,,
paris,link+k25,4,8,20,5,0.7799684934914186,0.783633197910621,0.0036647044192024136,,
paris,link+k25,4,8,20,8,0.8322361329906309,0.8367299560567117,0.004493823066080815,,
paris,link+k25,4,8,20,-1,0.8937235718431308,,,15.0,17.0
paris,link+k25,4,9,20,3,0.7155293922560318,0.7155293922560318,0.0,,
paris,link+k25,4,9,20,5,0.7799684934914186,0.783633197910621,0.0036647044192024136,,
paris,link+k25,4,9,20,8,0.8322361329906309,0.8367299560567117,0.004493823066080815,,
paris,link+k25,4,9,20,-1,0.8937235718431308,,,15.0,17.0
paris,link+k25d,4,0,20,3,0.7155293922560318,0.7155293922560318,0.0,,
paris,link+k25d,4,0,20,5,0.7799684934914186,0.783633197910621,0.0036647044192024136,,
paris,link+k25d,4,0,20,8,0.833960699776138,0.8367299560567117,0.002769256280573784,,
paris,link+k25d,4,0,20,-1,0.8937235718431308,,,15.0,17.0
paris,link+k50,4,0,20,3,0.7155293922560318,0.7155293922560318,0.0,,
paris,link+k50,4,0,20,5,0.783633197910621,0.783633197910621,0.0,,
paris,link+k50,4,0,20,8,0.833960699776138,0.8367299560567117,0.002769256280573784,,
paris,link+k50,4,0,20,-1,0.8937235718431308,,,15.0,17.0
paris,link+k50,4,1,20,3,0.7155293922560318,0.7155293922560318,0.0,,
paris,link+k50,4,1,20,5,0.7799684934914186,0.783633197910621,0.0036647044192024136,,
paris,link+k50,4,1,20,8,0.8322361329906309,0.8367299560567117,0.004493823066080815,,
paris,link+k50,4,1,20,-1,0.8937235718431308,,,15.0,17.0
paris,link+k50,4,2,20,3,0.7155293922560318,0.7155293922560318,0.0,,
paris,link+k50,4,2,20,5,0.783633197910621,0.783633197910621,0.0,,
paris,link+k50,4,2,20,8,0.833960699776138,0.8367299560567117,0.002769256280573784,,
paris,link+k50,4,2,20,-1,0.8937235718431308,,,15.0,17.0
paris,link+k50,4,3,20,3,0.7155293922560318,0.7155293922560318,0.0,,
paris,link+k50,4,3,20,5,0.7799684934914186,0.783633197910621,0.0036647044192024136,,
paris,link+k50,4,3,20,8,0.833960699776138,0.8367299560567117,0.002769256280573784,,
paris,link+k50,4,3,20,-1,0.8937235718431308,,,15.0,17.0
paris,link+k50,4,4,20,3,0.7155293922560318,0.7155293922560318,0.0,,
paris,link+k50,4,4,20,5,0.7799684934914186,0.783633197910621,0.0036647044192024136,,
paris,link+k50,4,4,20,8,0.8322361329906309,0.8367299560567117,0.004493823066080815,,
paris,link+k50,4,4,20,-1,0.8937235718431308,,,15.0,17.0
paris,link+k50,4,5,20,3,0.7155293922560318,0.7155293922560318,0.0,,
paris,link+k50,4,5,20,5,0.7799684934914186,0.783633197910621,0.0036647044192024136,,
paris,link+k50,4,5,20,8,0.833960699776138,0.8367299560567117,0.002769256280573784,,
paris,link+k50,4,5,20,-1,0.8937235718431308,,,15.0,17.0
paris,link+k50,4,6,20,3,0.7155293922560318,0.7155293922560318,0.0,,
paris,link+k50,4,6,20,5,0.7799684934914186,0.783633197910621,0.0036647044192024136,,
paris,link+k50,4,6,20,8,0.8322361329906309,0.8367299560567117,0.004493823066080815,,
paris,link+k50,4,6,20,-1,0.8902744382721167,,,14.0,17.0
paris,link+k50,4,7,20,3,0.7155293922560318,0.7155293922560318,0.0,,
paris,link+k50,4,7,20,5,0.7799684934914186,0.783633197910621,0.0036647044192024136,,
paris,link+k50,4,7,20,8,0.833960699776138,0.8367299560567117,0.002769256280573784,,
paris,link+k50,4,7,20,-1,0.8937235718431308,,,15.0,17.0
paris,link+k50,4,8,20,3,0.7155293922560318,0.7155293922560318,0.0,,
paris,link+k50,4,8,20,5,0.7799684934914186,0.783633197910621,0.0036647044192024136,,
paris,link+k50,4,8,20,8,0.833960699776138,0.8367299560567117,0.002769256280573784,,
paris,link+k50,4,8,20,-1,0.8890970897935495,,,14.0,17.0
paris,link+k50,4,9,20,3,0.7155293922560318,0.7155293922560318,0.0,,
paris,link+k50,4,9,20,5,0.7799684934914186,0.783633197910621,0.0036647044192024136,,
paris,link+k50,4,9,20,8,0.8322361329906309,0.8367299560567117,0.004493823066080815,,
paris,link+k50,4,9,20,-1,0.8937235718431308,,,15.0,17.0
paris,link+k50d,4,0,20,3,0.7155293922560318,0.7155293922560318,0.0,,
paris,link+k50d,4,0,20,5,0.7799684934914186,0.783633197910621,0.0036647044192024136,,
paris,link+k50d,4,0,20,8,0.833960699776138,0.8367299560567117,0.002769256280573784,,
paris,link+k50d,4,0,20,-1,0.8937235718431308,,,15.0,17.0
prague,link,0,0,20,3,0.8159713887955451,0.8159713887955451,0.0,,
prague,link,0,0,20,5,0.8544236954538909,0.8568479669723009,0.0024242715184100705,,
prague,link,0,0,20,8,0.8873073784263837,0.8902717104315684,0.0029643320051846445,,
prague,link,0,0,20,-1,0.8415342518362057,,,4.0,10.0
prague,link,0,0,10,3,0.8159713887955451,0.8159713887955451,0.0,,
prague,link,0,0,10,5,0.8544236954538909,0.8568479669723009,0.0024242715184100705,,
prague,link,0,0,10,8,0.887643416062599,0.8890955787048149,0.0014521626422159262,,
prague,link,0,0,10,-1,0.8415342518362057,,,4.0,
prague,link_reg,0,0,20,3,0.7885603187557007,0.8159713887955451,0.027411070039844443,,
prague,link_reg,0,0,20,5,0.8193677691901493,0.8568479669723009,0.037480197782151614,,
prague,link_reg,0,0,20,8,0.8248283807786472,0.8902717104315684,0.06544332965292121,,
prague,link_reg,0,0,20,-1,0.6880250588065864,,,1.0,10.0
prague,link_reg,0,0,10,3,0.7948610244347367,0.8159713887955451,0.021110364360808376,,
prague,link_reg,0,0,10,5,0.8344294560990831,0.8568479669723009,0.02241851087321778,,
prague,link_reg,0,0,10,8,0.884007008784984,0.8890955787048149,0.005088569919830976,,
prague,link_reg,0,0,10,-1,0.6880250588065864,,,1.0,
prague,link+k10,0,0,20,3,0.8159713887955451,0.8159713887955451,0.0,,
prague,link+k10,0,0,20,5,0.8544236954538909,0.8568479669723009,0.0024242715184100705,,
prague,link+k10,0,0,20,8,0.8873073784263837,0.8902717104315684,0.0029643320051846445,,
prague,link+k10,0,0,20,-1,0.8415342518362057,,,4.0,10.0
prague,link+k10,0,1,20,3,0.8159713887955451,0.8159713887955451,0.0,,
prague,link+k10,0,1,20,5,0.8544236954538909,0.8568479669723009,0.0024242715184100705,,
prague,link+k10,0,1,20,8,0.8873073784263837,0.8902717104315684,0.0029643320051846445,,
prague,link+k10,0,1,20,-1,0.8415342518362057,,,4.0,10.0
prague,link+k10,0,2,20,3,0.8159713887955451,0.8159713887955451,0.0,,
prague,link+k10,0,2,20,5,0.8520594306562335,0.8568479669723009,0.00478853631606746,,
prague,link+k10,0,2,20,8,0.8846910854015649,0.8902717104315684,0.00558062503000345,,
prague,link+k10,0,2,20,-1,0.8395900340838174,,,4.0,10.0
prague,link+k10,0,3,20,3,0.8159713887955451,0.8159713887955451,0.0,,
prague,link+k10,0,3,20,5,0.8544236954538909,0.8568479669723009,0.0024242715184100705,,
prague,link+k10,0,3,20,8,0.8873073784263837,0.8902717104315684,0.0029643320051846445,,
prague,link+k10,0,3,20,-1,0.8415342518362057,,,4.0,10.0
prague,link+k10,0,4,20,3,0.8159713887955451,0.8159713887955451,0.0,,
prague,link+k10,0,4,20,5,0.8544236954538909,0.8568479669723009,0.0024242715184100705,,
prague,link+k10,0,4,20,8,0.8873073784263837,0.8902717104315684,0.0029643320051846445,,
prague,link+k10,0,4,20,-1,0.8415342518362057,,,4.0,10.0
prague,link+k10,0,5,20,3,0.8159713887955451,0.8159713887955451,0.0,,
prague,link+k10,0,5,20,5,0.8544236954538909,0.8568479669723009,0.0024242715184100705,,
prague,link+k10,0,5,20,8,0.8873073784263837,0.8902717104315684,0.0029643320051846445,,
prague,link+k10,0,5,20,-1,0.8415342518362057,,,4.0,10.0
prague,link+k10,0,6,20,3,0.8159713887955451,0.8159713887955451,0.0,,
prague,link+k10,0,6,20,5,0.8544236954538909,0.8568479669723009,0.0024242715184100705,,
prague,link+k10,0,6,20,8,0.8873073784263837,0.8902717104315684,0.0029643320051846445,,
prague,link+k10,0,6,20,-1,0.8415342518362057,,,4.0,10.0
prague,link+k10,0,7,20,3,0.8159713887955451,0.8159713887955451,0.0,,
prague,link+k10,0,7,20,5,0.8544236954538909,0.8568479669723009,0.0024242715184100705,,
prague,link+k10,0,7,20,8,0.8873073784263837,0.8902717104315684,0.0029643320051846445,,
prague,link+k10,0,7,20,-1,0.8415342518362057,,,4.0,10.0
prague,link+k10,0,8,20,3,0.8159713887955451,0.8159713887955451,0.0,,
prague,link+k10,0,8,20,5,0.8544236954538909,0.8568479669723009,0.0024242715184100705,,
prague,link+k10,0,8,20,8,0.8873073784263837,0.8902717104315684,0.0029643320051846445,,
prague,link+k10,0,8,20,-1,0.8415342518362057,,,4.0,10.0
prague,link+k10,0,9,20,3,0.8159713887955451,0.8159713887955451,0.0,,
prague,link+k10,0,9,20,5,0.8544236954538909,0.8568479669723009,0.0024242715184100705,,
prague,link+k10,0,9,20,8,0.8873073784263837,0.8902717104315684,0.0029643320051846445,,
prague,link+k10,0,9,20,-1,0.8415342518362057,,,4.0,10.0
prague,link+k10d,0,0,20,3,0.8159713887955451,0.8159713887955451,0.0,,
prague,link+k10d,0,0,20,5,0.8544236954538909,0.8568479669723009,0.0024242715184100705,,
prague,link+k10d,0,0,20,8,0.8873073784263837,0.8902717104315684,0.0029643320051846445,,
prague,link+k10d,0,0,20,-1,0.8415342518362057,,,4.0,10.0
prague,link+k25,0,0,20,3,0.8159713887955451,0.8159713887955451,0.0,,
prague,link+k25,0,0,20,5,0.8544236954538909,0.8568479669723009,0.0024242715184100705,,
prague,link+k25,0,0,20,8,0.8873073784263837,0.8902717104315684,0.0029643320051846445,,
prague,link+k25,0,0,20,-1,0.8415342518362057,,,4.0,10.0
prague,link+k25,0,1,20,3,0.8159713887955451,0.8159713887955451,0.0,,
prague,link+k25,0,1,20,5,0.8544236954538909,0.8568479669723009,0.0024242715184100705,,
prague,link+k25,0,1,20,8,0.8873073784263837,0.8902717104315684,0.0029643320051846445,,
prague,link+k25,0,1,20,-1,0.8415342518362057,,,4.0,10.0
prague,link+k25,0,2,20,3,0.8159713887955451,0.8159713887955451,0.0,,
prague,link+k25,0,2,20,5,0.8544236954538909,0.8568479669723009,0.0024242715184100705,,
prague,link+k25,0,2,20,8,0.8873073784263837,0.8902717104315684,0.0029643320051846445,,
prague,link+k25,0,2,20,-1,0.8415342518362057,,,4.0,10.0
prague,link+k25,0,3,20,3,0.8159713887955451,0.8159713887955451,0.0,,
prague,link+k25,0,3,20,5,0.8544236954538909,0.8568479669723009,0.0024242715184100705,,
prague,link+k25,0,3,20,8,0.8873073784263837,0.8902717104315684,0.0029643320051846445,,
prague,link+k25,0,3,20,-1,0.8415342518362057,,,4.0,10.0
prague,link+k25,0,4,20,3,0.8159713887955451,0.8159713887955451,0.0,,
prague,link+k25,0,4,20,5,0.8544236954538909,0.8568479669723009,0.0024242715184100705,,
prague,link+k25,0,4,20,8,0.8873073784263837,0.8902717104315684,0.0029643320051846445,,
prague,link+k25,0,4,20,-1,0.8415342518362057,,,4.0,10.0
prague,link+k25,0,5,20,3,0.8159713887955451,0.8159713887955451,0.0,,
prague,link+k25,0,5,20,5,0.8544236954538909,0.8568479669723009,0.0024242715184100705,,
prague,link+k25,0,5,20,8,0.8873073784263837,0.8902717104315684,0.0029643320051846445,,
prague,link+k25,0,5,20,-1,0.8415342518362057,,,4.0,10.0
prague,link+k25,0,6,20,3,0.8159713887955451,0.8159713887955451,0.0,,
prague,link+k25,0,6,20,5,0.8544236954538909,0.8568479669723009,0.0024242715184100705,,
prague,link+k25,0,6,20,8,0.8873073784263837,0.8902717104315684,0.0029643320051846445,,
prague,link+k25,0,6,20,-1,0.8415342518362057,,,4.0,10.0
prague,link+k25,0,7,20,3,0.8159713887955451,0.8159713887955451,0.0,,
prague,link+k25,0,7,20,5,0.8544236954538909,0.8568479669723009,0.0024242715184100705,,
prague,link+k25,0,7,20,8,0.8873073784263837,0.8902717104315684,0.0029643320051846445,,
prague,link+k25,0,7,20,-1,0.8415342518362057,,,4.0,10.0
prague,link+k25,0,8,20,3,0.8159713887955451,0.8159713887955451,0.0,,
prague,link+k25,0,8,20,5,0.8544236954538909,0.8568479669723009,0.0024242715184100705,,
prague,link+k25,0,8,20,8,0.8873073784263837,0.8902717104315684,0.0029643320051846445,,
prague,link+k25,0,8,20,-1,0.8415342518362057,,,4.0,10.0
prague,link+k25,0,9,20,3,0.8159713887955451,0.8159713887955451,0.0,,
prague,link+k25,0,9,20,5,0.8544236954538909,0.8568479669723009,0.0024242715184100705,,
prague,link+k25,0,9,20,8,0.8873073784263837,0.8902717104315684,0.0029643320051846445,,
prague,link+k25,0,9,20,-1,0.8415342518362057,,,4.0,10.0
prague,link+k25d,0,0,20,3,0.8159713887955451,0.8159713887955451,0.0,,
prague,link+k25d,0,0,20,5,0.8544236954538909,0.8568479669723009,0.0024242715184100705,,
prague,link+k25d,0,0,20,8,0.8873073784263837,0.8902717104315684,0.0029643320051846445,,
prague,link+k25d,0,0,20,-1,0.8415342518362057,,,4.0,10.0
prague,link+k50,0,0,20,3,0.8159713887955451,0.8159713887955451,0.0,,
prague,link+k50,0,0,20,5,0.8544236954538909,0.8568479669723009,0.0024242715184100705,,
prague,link+k50,0,0,20,8,0.8873073784263837,0.8902717104315684,0.0029643320051846445,,
prague,link+k50,0,0,20,-1,0.8544236954538909,,,5.0,10.0
prague,link+k50,0,1,20,3,0.8159713887955451,0.8159713887955451,0.0,,
prague,link+k50,0,1,20,5,0.8544236954538909,0.8568479669723009,0.0024242715184100705,,
prague,link+k50,0,1,20,8,0.8873073784263837,0.8902717104315684,0.0029643320051846445,,
prague,link+k50,0,1,20,-1,0.8415342518362057,,,4.0,10.0
prague,link+k50,0,2,20,3,0.8159713887955451,0.8159713887955451,0.0,,
prague,link+k50,0,2,20,5,0.8544236954538909,0.8568479669723009,0.0024242715184100705,,
prague,link+k50,0,2,20,8,0.8873073784263837,0.8902717104315684,0.0029643320051846445,,
prague,link+k50,0,2,20,-1,0.8544236954538909,,,5.0,10.0
prague,link+k50,0,3,20,3,0.8159713887955451,0.8159713887955451,0.0,,
prague,link+k50,0,3,20,5,0.8544236954538909,0.8568479669723009,0.0024242715184100705,,
prague,link+k50,0,3,20,8,0.8873073784263837,0.8902717104315684,0.0029643320051846445,,
prague,link+k50,0,3,20,-1,0.8415342518362057,,,4.0,10.0
prague,link+k50,0,4,20,3,0.8159713887955451,0.8159713887955451,0.0,,
prague,link+k50,0,4,20,5,0.8544236954538909,0.8568479669723009,0.0024242715184100705,,
prague,link+k50,0,4,20,8,0.8873073784263837,0.8902717104315684,0.0029643320051846445,,
prague,link+k50,0,4,20,-1,0.8544236954538909,,,5.0,10.0
prague,link+k50,0,5,20,3,0.8159713887955451,0.8159713887955451,0.0,,
prague,link+k50,0,5,20,5,0.8544236954538909,0.8568479669723009,0.0024242715184100705,,
prague,link+k50,0,5,20,8,0.8873073784263837,0.8902717104315684,0.0029643320051846445,,
prague,link+k50,0,5,20,-1,0.8415342518362057,,,4.0,10.0
prague,link+k50,0,6,20,3,0.8159713887955451,0.8159713887955451,0.0,,
prague,link+k50,0,6,20,5,0.8544236954538909,0.8568479669723009,0.0024242715184100705,,
prague,link+k50,0,6,20,8,0.8873073784263837,0.8902717104315684,0.0029643320051846445,,
prague,link+k50,0,6,20,-1,0.8544236954538909,,,5.0,10.0
prague,link+k50,0,7,20,3,0.8159713887955451,0.8159713887955451,0.0,,
prague,link+k50,0,7,20,5,0.8544236954538909,0.8568479669723009,0.0024242715184100705,,
prague,link+k50,0,7,20,8,0.8873073784263837,0.8902717104315684,0.0029643320051846445,,
prague,link+k50,0,7,20,-1,0.8415342518362057,,,4.0,10.0
prague,link+k50,0,8,20,3,0.8159713887955451,0.8159713887955451,0.0,,
prague,link+k50,0,8,20,5,0.8544236954538909,0.8568479669723009,0.0024242715184100705,,
prague,link+k50,0,8,20,8,0.8873073784263837,0.8902717104315684,0.0029643320051846445,,
prague,link+k50,0,8,20,-1,0.8415342518362057,,,4.0,10.0
prague,link+k50,0,9,20,3,0.8159713887955451,0.8159713887955451,0.0,,
prague,link+k50,0,9,20,5,0.8544236954538909,0.8568479669723009,0.0024242715184100705,,
prague,link+k50,0,9,20,8,0.8873073784263837,0.8902717104315684,0.0029643320051846445,,
prague,link+k50,0,9,20,-1,0.8415342518362057,,,4.0,10.0
prague,link+k50d,0,0,20,3,0.8159713887955451,0.8159713887955451,0.0,,
prague,link+k50d,0,0,20,5,0.8544236954538909,0.8568479669723009,0.0024242715184100705,,
prague,link+k50d,0,0,20,8,0.8873073784263837,0.8902717104315684,0.0029643320051846445,,
prague,link+k50d,0,0,20,-1,0.8415342518362057,,,4.0,10.0
prague,link,1,0,20,3,0.8159713887955451,0.8159713887955451,0.0,,
prague,link,1,0,20,5,0.8544236954538909,0.8568479669723009,0.0024242715184100705,,
prague,link,1,0,20,8,0.8873073784263837,0.8902717104315684,0.0029643320051846445,,
prague,link,1,0,20,-1,0.8415342518362057,,,4.0,10.0
prague,link,1,0,10,3,0.8159713887955451,0.8159713887955451,0.0,,
prague,link,1,0,10,5,0.8544236954538909,0.8568479669723009,0.0024242715184100705,,
prague,link,1,0,10,8,0.887643416062599,0.8890955787048149,0.0014521626422159262,,
prague,link,1,0,10,-1,0.8415342518362057,,,4.0,
prague,link_reg,1,0,20,3,0.7885603187557007,0.8159713887955451,0.027411070039844443,,
prague,link_reg,1,0,20,5,0.8193677691901493,0.8568479669723009,0.037480197782151614,,
prague,link_reg,1,0,20,8,0.8615884979117662,0.8902717104315684,0.028683212519802215,,
prague,link_reg,1,0,20,-1,0.6880250588065864,,,1.0,10.0
prague,link_reg,1,0,10,3,0.7881762757428832,0.8159713887955451,0.027795113052661913,,
prague,link_reg,1,0,10,5,0.8344294560990831,0.8568479669723009,0.02241851087321778,,
prague,link_reg,1,0,10,8,0.884007008784984,0.8890955787048149,0.005088569919830976,,
prague,link_reg,1,0,10,-1,0.6880250588065864,,,1.0,
prague,link+k10,1,0,20,3,0.8159713887955451,0.8159713887955451,0.0,,
prague,link+k10,1,0,20,5,0.8544236954538909,0.8568479669723009,0.0024242715184100705,,
prague,link+k10,1,0,20,8,0.8873073784263837,0.8902717104315684,0.0029643320051846445,,
prague,link+k10,1,0,20,-1,0.8415342518362057,,,4.0,10.0
prague,link+k10,1,1,20,3,0.8159713887955451,0.8159713887955451,0.0,,
prague,link+k10,1,1,20,5,0.8544236954538909,0.8568479669723009,0.0024242715184100705,,
prague,link+k10,1,1,20,8,0.8873073784263837,0.8902717104315684,0.0029643320051846445,,
prague,link+k10,1,1,20,-1,0.8415342518362057,,,4.0,10.0
prague,link+k10,1,2,20,3,0.8159713887955451,0.8159713887955451,0.0,,
prague,link+k10,1,2,20,5,0.8520594306562335,0.8568479669723009,0.00478853631606746,,
prague,link+k10,1,2,20,8,0.8881114684844703,0.8902717104315684,0.002160241947098074,,
prague,link+k10,1,2,20,-1,0.8395900340838174,,,4.0,10.0
prague,link+k10,1,3,20,3,0.8159713887955451,0.8159713887955451,0.0,,
prague,link+k10,1,3,20,5,0.8544236954538909,0.8568479669723009,0.0024242715184100705,,
prague,link+k10,1,3,20,8,0.8873073784263837,0.8902717104315684,0.0029643320051846445,,
prague,link+k10,1,3,20,-1,0.8415342518362057,,,4.0,10.0
prague,link+k10,1,4,20,3,0.8159713887955451,0.8159713887955451,0.0,,
prague,link+k10,1,4,20,5,0.8544236954538909,0.8568479669723009,0.0024242715184100705,,
prague,link+k10,1,4,20,8,0.8873073784263837,0.8902717104315684,0.0029643320051846445,,
prague,link+k10,1,4,20,-1,0.8415342518362057,,,4.0,10.0
prague,link+k10,1,5,20,3,0.8159713887955451,0.8159713887955451,0.0,,
prague,link+k10,1,5,20,5,0.8544236954538909,0.8568479669723009,0.0024242715184100705,,
prague,link+k10,1,5,20,8,0.8873073784263837,0.8902717104315684,0.0029643320051846445,,
prague,link+k10,1,5,20,-1,0.8415342518362057,,,4.0,10.0
prague,link+k10,1,6,20,3,0.8159713887955451,0.8159713887955451,0.0,,
prague,link+k10,1,6,20,5,0.8544236954538909,0.8568479669723009,0.0024242715184100705,,
prague,link+k10,1,6,20,8,0.8873073784263837,0.8902717104315684,0.0029643320051846445,,
prague,link+k10,1,6,20,-1,0.8415342518362057,,,4.0,10.0
prague,link+k10,1,7,20,3,0.8159713887955451,0.8159713887955451,0.0,,
prague,link+k10,1,7,20,5,0.8544236954538909,0.8568479669723009,0.0024242715184100705,,
prague,link+k10,1,7,20,8,0.8873073784263837,0.8902717104315684,0.0029643320051846445,,
prague,link+k10,1,7,20,-1,0.8415342518362057,,,4.0,10.0
prague,link+k10,1,8,20,3,0.8159713887955451,0.8159713887955451,0.0,,
prague,link+k10,1,8,20,5,0.8544236954538909,0.8568479669723009,0.0024242715184100705,,
prague,link+k10,1,8,20,8,0.8904877346262782,0.8902717104315684,-0.00021602419470978518,,
prague,link+k10,1,8,20,-1,0.8415342518362057,,,4.0,10.0
prague,link+k10,1,9,20,3,0.8159713887955451,0.8159713887955451,0.0,,
prague,link+k10,1,9,20,5,0.8544236954538909,0.8568479669723009,0.0024242715184100705,,
prague,link+k10,1,9,20,8,0.8873073784263837,0.8902717104315684,0.0029643320051846445,,
prague,link+k10,1,9,20,-1,0.8415342518362057,,,4.0,10.0
prague,link+k10d,1,0,20,3,0.8159713887955451,0.8159713887955451,0.0,,
prague,link+k10d,1,0,20,5,0.8544236954538909,0.8568479669723009,0.0024242715184100705,,
prague,link+k10d,1,0,20,8,0.8873073784263837,0.8902717104315684,0.0029643320051846445,,
prague,link+k10d,1,0,20,-1,0.8415342518362057,,,4.0,10.0
prague,link+k25,1,0,20,3,0.8159713887955451,0.8159713887955451,0.0,,
prague,link+k25,1,0,20,5,0.8544236954538909,0.8568479669723009,0.0024242715184100705,,
prague,link+k25,1,0,20,8,0.8873073784263837,0.8902717104315684,0.0029643320051846445,,
prague,link+k25,1,0,20,-1,0.8415342518362057,,,4.0,10.0
prague,link+k25,1,1,20,3,0.8159713887955451,0.8159713887955451,0.0,,
prague,link+k25,1,1,20,5,0.8544236954538909,0.8568479669723009,0.0024242715184100705,,
prague,link+k25,1,1,20,8,0.8873073784263837,0.8902717104315684,0.0029643320051846445,,
prague,link+k25,1,1,20,-1,0.8415342518362057,,,4.0,10.0
prague,link+k25,1,2,20,3,0.8159713887955451,0.8159713887955451,0.0,,
prague,link+k25,1,2,20,5,0.8544236954538909,0.8568479669723009,0.0024242715184100705,,
prague,link+k25,1,2,20,8,0.8873073784263837,0.8902717104315684,0.0029643320051846445,,
prague,link+k25,1,2,20,-1,0.8415342518362057,,,4.0,10.0
prague,link+k25,1,3,20,3,0.8159713887955451,0.8159713887955451,0.0,,
prague,link+k25,1,3,20,5,0.8544236954538909,0.8568479669723009,0.0024242715184100705,,
prague,link+k25,1,3,20,8,0.8873073784263837,0.8902717104315684,0.0029643320051846445,,
prague,link+k25,1,3,20,-1,0.8415342518362057,,,4.0,10.0
prague,link+k25,1,4,20,3,0.8159713887955451,0.8159713887955451,0.0,,
prague,link+k25,1,4,20,5,0.8544236954538909,0.8568479669723009,0.0024242715184100705,,
prague,link+k25,1,4,20,8,0.8873073784263837,0.8902717104315684,0.0029643320051846445,,
prague,link+k25,1,4,20,-1,0.8415342518362057,,,4.0,10.0
prague,link+k25,1,5,20,3,0.8159713887955451,0.8159713887955451,0.0,,
prague,link+k25,1,5,20,5,0.8544236954538909,0.8568479669723009,0.0024242715184100705,,
prague,link+k25,1,5,20,8,0.8873073784263837,0.8902717104315684,0.0029643320051846445,,
prague,link+k25,1,5,20,-1,0.8415342518362057,,,4.0,10.0
prague,link+k25,1,6,20,3,0.8159713887955451,0.8159713887955451,0.0,,
prague,link+k25,1,6,20,5,0.8568479669723009,0.8568479669723009,0.0,,
prague,link+k25,1,6,20,8,0.8873073784263837,0.8902717104315684,0.0029643320051846445,,
prague,link+k25,1,6,20,-1,0.8415342518362057,,,4.0,10.0
prague,link+k25,1,7,20,3,0.8159713887955451,0.8159713887955451,0.0,,
prague,link+k25,1,7,20,5,0.8544236954538909,0.8568479669723009,0.0024242715184100705,,
prague,link+k25,1,7,20,8,0.8904877346262782,0.8902717104315684,-0.00021602419470978518,,
prague,link+k25,1,7,20,-1,0.8415342518362057,,,4.0,10.0
prague,link+k25,1,8,20,3,0.8159713887955451,0.8159713887955451,0.0,,
prague,link+k25,1,8,20,5,0.8544236954538909,0.8568479669723009,0.0024242715184100705,,
prague,link+k25,1,8,20,8,0.8873073784263837,0.8902717104315684,0.0029643320051846445,,
prague,link+k25,1,8,20,-1,0.8415342518362057,,,4.0,10.0
prague,link+k25,1,9,20,3,0.8159713887955451,0.8159713887955451,0.0,,
prague,link+k25,1,9,20,5,0.8544236954538909,0.8568479669723009,0.0024242715184100705,,
prague,link+k25,1,9,20,8,0.8904877346262782,0.8902717104315684,-0.00021602419470978518,,
prague,link+k25,1,9,20,-1,0.8415342518362057,,,4.0,10.0
prague,link+k25d,1,0,20,3,0.8159713887955451,0.8159713887955451,0.0,,
prague,link+k25d,1,0,20,5,0.8544236954538909,0.8568479669723009,0.0024242715184100705,,
prague,link+k25d,1,0,20,8,0.8873073784263837,0.8902717104315684,0.0029643320051846445,,
prague,link+k25d,1,0,20,-1,0.8415342518362057,,,4.0,10.0
prague,link+k50,1,0,20,3,0.8159713887955451,0.8159713887955451,0.0,,
prague,link+k50,1,0,20,5,0.8544236954538909,0.8568479669723009,0.0024242715184100705,,
prague,link+k50,1,0,20,8,0.8873073784263837,0.8902717104315684,0.0029643320051846445,,
prague,link+k50,1,0,20,-1,0.8415342518362057,,,4.0,10.0
prague,link+k50,1,1,20,3,0.8159713887955451,0.8159713887955451,0.0,,
prague,link+k50,1,1,20,5,0.8544236954538909,0.8568479669723009,0.0024242715184100705,,
prague,link+k50,1,1,20,8,0.8873073784263837,0.8902717104315684,0.0029643320051846445,,
prague,link+k50,1,1,20,-1,0.8415342518362057,,,4.0,10.0
prague,link+k50,1,2,20,3,0.8159713887955451,0.8159713887955451,0.0,,
prague,link+k50,1,2,20,5,0.8544236954538909,0.8568479669723009,0.0024242715184100705,,
prague,link+k50,1,2,20,8,0.8904877346262782,0.8902717104315684,-0.00021602419470978518,,
prague,link+k50,1,2,20,-1,0.8415342518362057,,,4.0,10.0
prague,link+k50,1,3,20,3,0.8159713887955451,0.8159713887955451,0.0,,
prague,link+k50,1,3,20,5,0.8544236954538909,0.8568479669723009,0.0024242715184100705,,
prague,link+k50,1,3,20,8,0.8904877346262782,0.8902717104315684,-0.00021602419470978518,,
prague,link+k50,1,3,20,-1,0.8415342518362057,,,4.0,10.0
prague,link+k50,1,4,20,3,0.8159713887955451,0.8159713887955451,0.0,,
prague,link+k50,1,4,20,5,0.8544236954538909,0.8568479669723009,0.0024242715184100705,,
prague,link+k50,1,4,20,8,0.8904877346262782,0.8902717104315684,-0.00021602419470978518,,
prague,link+k50,1,4,20,-1,0.8415342518362057,,,4.0,10.0
prague,link+k50,1,5,20,3,0.8159713887955451,0.8159713887955451,0.0,,
prague,link+k50,1,5,20,5,0.8544236954538909,0.8568479669723009,0.0024242715184100705,,
prague,link+k50,1,5,20,8,0.8873073784263837,0.8902717104315684,0.0029643320051846445,,
prague,link+k50,1,5,20,-1,0.8415342518362057,,,4.0,10.0
prague,link+k50,1,6,20,3,0.8159713887955451,0.8159713887955451,0.0,,
prague,link+k50,1,6,20,5,0.8544236954538909,0.8568479669723009,0.0024242715184100705,,
prague,link+k50,1,6,20,8,0.8873073784263837,0.8902717104315684,0.0029643320051846445,,
prague,link+k50,1,6,20,-1,0.8415342518362057,,,4.0,10.0
prague,link+k50,1,7,20,3,0.8159713887955451,0.8159713887955451,0.0,,
prague,link+k50,1,7,20,5,0.8544236954538909,0.8568479669723009,0.0024242715184100705,,
prague,link+k50,1,7,20,8,0.8904877346262782,0.8902717104315684,-0.00021602419470978518,,
prague,link+k50,1,7,20,-1,0.8415342518362057,,,4.0,10.0
prague,link+k50,1,8,20,3,0.8159713887955451,0.8159713887955451,0.0,,
prague,link+k50,1,8,20,5,0.8544236954538909,0.8568479669723009,0.0024242715184100705,,
prague,link+k50,1,8,20,8,0.8873073784263837,0.8902717104315684,0.0029643320051846445,,
prague,link+k50,1,8,20,-1,0.8415342518362057,,,4.0,10.0
prague,link+k50,1,9,20,3,0.8159713887955451,0.8159713887955451,0.0,,
prague,link+k50,1,9,20,5,0.8544236954538909,0.8568479669723009,0.0024242715184100705,,
prague,link+k50,1,9,20,8,0.8873073784263837,0.8902717104315684,0.0029643320051846445,,
prague,link+k50,1,9,20,-1,0.8415342518362057,,,4.0,10.0
prague,link+k50d,1,0,20,3,0.8159713887955451,0.8159713887955451,0.0,,
prague,link+k50d,1,0,20,5,0.8544236954538909,0.8568479669723009,0.0024242715184100705,,
prague,link+k50d,1,0,20,8,0.8873073784263837,0.8902717104315684,0.0029643320051846445,,
prague,link+k50d,1,0,20,-1,0.8415342518362057,,,4.0,10.0
prague,link,2,0,20,3,0.8159713887955451,0.8159713887955451,0.0,,
prague,link,2,0,20,5,0.8544236954538909,0.8568479669723009,0.0024242715184100705,,
prague,link,2,0,20,8,0.8873073784263837,0.8902717104315684,0.0029643320051846445,,
prague,link,2,0,20,-1,0.8415342518362057,,,4.0,10.0
prague,link,2,0,10,3,0.8159713887955451,0.8159713887955451,0.0,,
prague,link,2,0,10,5,0.8544236954538909,0.8568479669723009,0.0024242715184100705,,
prague,link,2,0,10,8,0.887643416062599,0.8890955787048149,0.0014521626422159262,,
prague,link,2,0,10,-1,0.8415342518362057,,,4.0,
prague,link_reg,2,0,20,3,0.786652105035764,0.8159713887955451,0.0293192837597811,,
prague,link_reg,2,0,20,5,0.8222840958187317,0.8568479669723009,0.03456387115356918,,
prague,link_reg,2,0,20,8,0.8572560126734194,0.8902717104315684,0.03301569775814894,,
prague,link_reg,2,0,20,-1,0.6880250588065864,,,1.0,10.0
prague,link_reg,2,0,10,3,0.7948610244347367,0.8159713887955451,0.021110364360808376,,
prague,link_reg,2,0,10,5,0.8344294560990831,0.8568479669723009,0.02241851087321778,,
prague,link_reg,2,0,10,8,0.8696774038692333,0.8890955787048149,0.019418174835581614,,
prague,link_reg,2,0,10,-1,0.6880250588065864,,,1.0,
prague,link+k10,2,0,20,3,0.8159713887955451,0.8159713887955451,0.0,,
prague,link+k10,2,0,20,5,0.8544236954538909,0.8568479669723009,0.0024242715184100705,,
prague,link+k10,2,0,20,8,0.8873073784263837,0.8902717104315684,0.0029643320051846445,,
prague,link+k10,2,0,20,-1,0.8415342518362057,,,4.0,10.0
prague,link+k10,2,1,20,3,0.8159713887955451,0.8159713887955451,0.0,,
prague,link+k10,2,1,20,5,0.8544236954538909,0.8568479669723009,0.0024242715184100705,,
prague,link+k10,2,1,20,8,0.8873073784263837,0.8902717104315684,0.0029643320051846445,,
prague,link+k10,2,1,20,-1,0.8415342518362057,,,4.0,10.0
prague,link+k10,2,2,20,3,0.8159713887955451,0.8159713887955451,0.0,,
prague,link+k10,2,2,20,5,0.8520594306562335,0.8568479669723009,0.00478853631606746,,
prague,link+k10,2,2,20,8,0.8846910854015649,0.8902717104315684,0.00558062503000345,,
prague,link+k10,2,2,20,-1,0.8395900340838174,,,4.0,10.0
prague,link+k10,2,3,20,3,0.8159713887955451,0.8159713887955451,0.0,,
prague,link+k10,2,3,20,5,0.8544236954538909,0.8568479669723009,0.0024242715184100705,,
prague,link+k10,2,3,20,8,0.8873073784263837,0.8902717104315684,0.0029643320051846445,,
prague,link+k10,2,3,20,-1,0.8415342518362057,,,4.0,10.0
prague,link+k10,2,4,20,3,0.8159713887955451,0.8159713887955451,0.0,,
prague,link+k10,2,4,20,5,0.8544236954538909,0.8568479669723009,0.0024242715184100705,,
prague,link+k10,2,4,20,8,0.8873073784263837,0.8902717104315684,0.0029643320051846445,,
prague,link+k10,2,4,20,-1,0.8415342518362057,,,4.0,10.0
prague,link+k10,2,5,20,3,0.8159713887955451,0.8159713887955451,0.0,,
prague,link+k10,2,5,20,5,0.8544236954538909,0.8568479669723009,0.0024242715184100705,,
prague,link+k10,2,5,20,8,0.8873073784263837,0.8902717104315684,0.0029643320051846445,,
prague,link+k10,2,5,20,-1,0.8415342518362057,,,4.0,10.0
prague,link+k10,2,6,20,3,0.8159713887955451,0.8159713887955451,0.0,,
prague,link+k10,2,6,20,5,0.8544236954538909,0.8568479669723009,0.0024242715184100705,,
prague,link+k10,2,6,20,8,0.8904877346262782,0.8902717104315684,-0.00021602419470978518,,
prague,link+k10,2,6,20,-1,0.8415342518362057,,,4.0,10.0
prague,link+k10,2,7,20,3,0.8159713887955451,0.8159713887955451,0.0,,
prague,link+k10,2,7,20,5,0.8544236954538909,0.8568479669723009,0.0024242715184100705,,
prague,link+k10,2,7,20,8,0.8873073784263837,0.8902717104315684,0.0029643320051846445,,
prague,link+k10,2,7,20,-1,0.8415342518362057,,,4.0,10.0
prague,link+k10,2,8,20,3,0.8159713887955451,0.8159713887955451,0.0,,
prague,link+k10,2,8,20,5,0.8544236954538909,0.8568479669723009,0.0024242715184100705,,
prague,link+k10,2,8,20,8,0.8904877346262782,0.8902717104315684,-0.00021602419470978518,,
prague,link+k10,2,8,20,-1,0.8415342518362057,,,4.0,10.0
prague,link+k10,2,9,20,3,0.8159713887955451,0.8159713887955451,0.0,,
prague,link+k10,2,9,20,5,0.8544236954538909,0.8568479669723009,0.0024242715184100705,,
prague,link+k10,2,9,20,8,0.8873073784263837,0.8902717104315684,0.0029643320051846445,,
prague,link+k10,2,9,20,-1,0.8415342518362057,,,4.0,10.0
prague,link+k10d,2,0,20,3,0.8159713887955451,0.8159713887955451,0.0,,
prague,link+k10d,2,0,20,5,0.8544236954538909,0.8568479669723009,0.0024242715184100705,,
prague,link+k10d,2,0,20,8,0.8873073784263837,0.8902717104315684,0.0029643320051846445,,
prague,link+k10d,2,0,20,-1,0.8415342518362057,,,4.0,10.0
prague,link+k25,2,0,20,3,0.8159713887955451,0.8159713887955451,0.0,,
prague,link+k25,2,0,20,5,0.8544236954538909,0.8568479669723009,0.0024242715184100705,,
prague,link+k25,2,0,20,8,0.8904877346262782,0.8902717104315684,-0.00021602419470978518,,
prague,link+k25,2,0,20,-1,0.8415342518362057,,,4.0,10.0
prague,link+k25,2,1,20,3,0.8159713887955451,0.8159713887955451,0.0,,
prague,link+k25,2,1,20,5,0.8544236954538909,0.8568479669723009,0.0024242715184100705,,
prague,link+k25,2,1,20,8,0.8873073784263837,0.8902717104315684,0.0029643320051846445,,
prague,link+k25,2,1,20,-1,0.8415342518362057,,,4.0,10.0
prague,link+k25,2,2,20,3,0.8159713887955451,0.8159713887955451,0.0,,
prague,link+k25,2,2,20,5,0.8544236954538909,0.8568479669723009,0.0024242715184100705,,
prague,link+k25,2,2,20,8,0.8873073784263837,0.8902717104315684,0.0029643320051846445,,
prague,link+k25,2,2,20,-1,0.8415342518362057,,,4.0,10.0
prague,link+k25,2,3,20,3,0.8159713887955451,0.8159713887955451,0.0,,
prague,link+k25,2,3,20,5,0.8544236954538909,0.8568479669723009,0.0024242715184100705,,
prague,link+k25,2,3,20,8,0.8873073784263837,0.8902717104315684,0.0029643320051846445,,
prague,link+k25,2,3,20,-1,0.8415342518362057,,,4.0,10.0
prague,link+k25,2,4,20,3,0.8159713887955451,0.8159713887955451,0.0,,
prague,link+k25,2,4,20,5,0.8544236954538909,0.8568479669723009,0.0024242715184100705,,
prague,link+k25,2,4,20,8,0.8904877346262782,0.8902717104315684,-0.00021602419470978518,,
prague,link+k25,2,4,20,-1,0.8415342518362057,,,4.0,10.0
prague,link+k25,2,5,20,3,0.8159713887955451,0.8159713887955451,0.0,,
prague,link+k25,2,5,20,5,0.8544236954538909,0.8568479669723009,0.0024242715184100705,,
prague,link+k25,2,5,20,8,0.8873073784263837,0.8902717104315684,0.0029643320051846445,,
prague,link+k25,2,5,20,-1,0.8415342518362057,,,4.0,10.0
prague,link+k25,2,6,20,3,0.8159713887955451,0.8159713887955451,0.0,,
prague,link+k25,2,6,20,5,0.8544236954538909,0.8568479669723009,0.0024242715184100705,,
prague,link+k25,2,6,20,8,0.8873073784263837,0.8902717104315684,0.0029643320051846445,,
prague,link+k25,2,6,20,-1,0.8415342518362057,,,4.0,10.0
prague,link+k25,2,7,20,3,0.8159713887955451,0.8159713887955451,0.0,,
prague,link+k25,2,7,20,5,0.8544236954538909,0.8568479669723009,0.0024242715184100705,,
prague,link+k25,2,7,20,8,0.8904877346262782,0.8902717104315684,-0.00021602419470978518,,
prague,link+k25,2,7,20,-1,0.8415342518362057,,,4.0,10.0
prague,link+k25,2,8,20,3,0.8159713887955451,0.8159713887955451,0.0,,
prague,link+k25,2,8,20,5,0.8544236954538909,0.8568479669723009,0.0024242715184100705,,
prague,link+k25,2,8,20,8,0.8873073784263837,0.8902717104315684,0.0029643320051846445,,
prague,link+k25,2,8,20,-1,0.8415342518362057,,,4.0,10.0
prague,link+k25,2,9,20,3,0.8159713887955451,0.8159713887955451,0.0,,
prague,link+k25,2,9,20,5,0.8544236954538909,0.8568479669723009,0.0024242715184100705,,
prague,link+k25,2,9,20,8,0.8873073784263837,0.8902717104315684,0.0029643320051846445,,
prague,link+k25,2,9,20,-1,0.8415342518362057,,,4.0,10.0
prague,link+k25d,2,0,20,3,0.8159713887955451,0.8159713887955451,0.0,,
prague,link+k25d,2,0,20,5,0.8544236954538909,0.8568479669723009,0.0024242715184100705,,
prague,link+k25d,2,0,20,8,0.8873073784263837,0.8902717104315684,0.0029643320051846445,,
prague,link+k25d,2,0,20,-1,0.8415342518362057,,,4.0,10.0
prague,link+k50,2,0,20,3,0.8159713887955451,0.8159713887955451,0.0,,
prague,link+k50,2,0,20,5,0.8544236954538909,0.8568479669723009,0.0024242715184100705,,
prague,link+k50,2,0,20,8,0.8904877346262782,0.8902717104315684,-0.00021602419470978518,,
prague,link+k50,2,0,20,-1,0.8544236954538909,,,5.0,10.0
prague,link+k50,2,1,20,3,0.8159713887955451,0.8159713887955451,0.0,,
prague,link+k50,2,1,20,5,0.8544236954538909,0.8568479669723009,0.0024242715184100705,,
prague,link+k50,2,1,20,8,0.8873073784263837,0.8902717104315684,0.0029643320051846445,,
prague,link+k50,2,1,20,-1,0.8544236954538909,,,5.0,10.0
prague,link+k50,2,2,20,3,0.8159713887955451,0.8159713887955451,0.0,,
prague,link+k50,2,2,20,5,0.8544236954538909,0.8568479669723009,0.0024242715184100705,,
prague,link+k50,2,2,20,8,0.8904877346262782,0.8902717104315684,-0.00021602419470978518,,
prague,link+k50,2,2,20,-1,0.8544236954538909,,,5.0,10.0
prague,link+k50,2,3,20,3,0.8159713887955451,0.8159713887955451,0.0,,
prague,link+k50,2,3,20,5,0.8544236954538909,0.8568479669723009,0.0024242715184100705,,
prague,link+k50,2,3,20,8,0.8904877346262782,0.8902717104315684,-0.00021602419470978518,,
prague,link+k50,2,3,20,-1,0.8415342518362057,,,4.0,10.0
prague,link+k50,2,4,20,3,0.8159713887955451,0.8159713887955451,0.0,,
prague,link+k50,2,4,20,5,0.8544236954538909,0.8568479669723009,0.0024242715184100705,,
prague,link+k50,2,4,20,8,0.8904877346262782,0.8902717104315684,-0.00021602419470978518,,
prague,link+k50,2,4,20,-1,0.8544236954538909,,,5.0,10.0
prague,link+k50,2,5,20,3,0.8159713887955451,0.8159713887955451,0.0,,
prague,link+k50,2,5,20,5,0.8544236954538909,0.8568479669723009,0.0024242715184100705,,
prague,link+k50,2,5,20,8,0.8873073784263837,0.8902717104315684,0.0029643320051846445,,
prague,link+k50,2,5,20,-1,0.8415342518362057,,,4.0,10.0
prague,link+k50,2,6,20,3,0.8159713887955451,0.8159713887955451,0.0,,
prague,link+k50,2,6,20,5,0.8544236954538909,0.8568479669723009,0.0024242715184100705,,
prague,link+k50,2,6,20,8,0.8873073784263837,0.8902717104315684,0.0029643320051846445,,
prague,link+k50,2,6,20,-1,0.8415342518362057,,,4.0,10.0
prague,link+k50,2,7,20,3,0.8159713887955451,0.8159713887955451,0.0,,
prague,link+k50,2,7,20,5,0.8568479669723009,0.8568479669723009,0.0,,
prague,link+k50,2,7,20,8,0.8904877346262782,0.8902717104315684,-0.00021602419470978518,,
prague,link+k50,2,7,20,-1,0.8415342518362057,,,4.0,10.0
prague,link+k50,2,8,20,3,0.8159713887955451,0.8159713887955451,0.0,,
prague,link+k50,2,8,20,5,0.8544236954538909,0.8568479669723009,0.0024242715184100705,,
prague,link+k50,2,8,20,8,0.8873073784263837,0.8902717104315684,0.0029643320051846445,,
prague,link+k50,2,8,20,-1,0.8415342518362057,,,4.0,10.0
prague,link+k50,2,9,20,3,0.8159713887955451,0.8159713887955451,0.0,,
prague,link+k50,2,9,20,5,0.8544236954538909,0.8568479669723009,0.0024242715184100705,,
prague,link+k50,2,9,20,8,0.8873073784263837,0.8902717104315684,0.0029643320051846445,,
prague,link+k50,2,9,20,-1,0.8415342518362057,,,4.0,10.0
prague,link+k50d,2,0,20,3,0.8159713887955451,0.8159713887955451,0.0,,
prague,link+k50d,2,0,20,5,0.8544236954538909,0.8568479669723009,0.0024242715184100705,,
prague,link+k50d,2,0,20,8,0.8873073784263837,0.8902717104315684,0.0029643320051846445,,
prague,link+k50d,2,0,20,-1,0.8415342518362057,,,4.0,10.0
prague,link,3,0,20,3,0.8159713887955451,0.8159713887955451,0.0,,
prague,link,3,0,20,5,0.8544236954538909,0.8568479669723009,0.0024242715184100705,,
prague,link,3,0,20,8,0.8873073784263837,0.8902717104315684,0.0029643320051846445,,
prague,link,3,0,20,-1,0.8415342518362057,,,4.0,10.0
prague,link,3,0,10,3,0.8159713887955451,0.8159713887955451,0.0,,
prague,link,3,0,10,5,0.8544236954538909,0.8568479669723009,0.0024242715184100705,,
prague,link,3,0,10,8,0.887643416062599,0.8890955787048149,0.0014521626422159262,,
prague,link,3,0,10,-1,0.8415342518362057,,,4.0,
prague,link_reg,3,0,20,3,0.7948610244347367,0.8159713887955451,0.021110364360808376,,
prague,link_reg,3,0,20,5,0.8251884211031636,0.8568479669723009,0.03165954586913733,,
prague,link_reg,3,0,20,8,0.8597642936008832,0.8902717104315684,0.03050741683068514,,
prague,link_reg,3,0,20,-1,0.6880250588065864,,,1.0,10.0
prague,link_reg,3,0,10,3,0.7948610244347367,0.8159713887955451,0.021110364360808376,,
prague,link_reg,3,0,10,5,0.8344294560990831,0.8568479669723009,0.02241851087321778,,
prague,link_reg,3,0,10,8,0.8782583649368729,0.8890955787048149,0.010837213767942,,
prague,link_reg,3,0,10,-1,0.6880250588065864,,,1.0,
prague,link+k10,3,0,20,3,0.8159713887955451,0.8159713887955451,0.0,,
prague,link+k10,3,0,20,5,0.8568479669723009,0.8568479669723009,0.0,,
prague,link+k10,3,0,20,8,0.8873073784263837,0.8902717104315684,0.0029643320051846445,,
prague,link+k10,3,0,20,-1,0.8415342518362057,,,4.0,10.0
prague,link+k10,3,1,20,3,0.8159713887955451,0.8159713887955451,0.0,,
prague,link+k10,3,1,20,5,0.8544236954538909,0.8568479669723009,0.0024242715184100705,,
prague,link+k10,3,1,20,8,0.8873073784263837,0.8902717104315684,0.0029643320051846445,,
prague,link+k10,3,1,20,-1,0.8415342518362057,,,4.0,10.0
prague,link+k10,3,2,20,3,0.8159713887955451,0.8159713887955451,0.0,,
prague,link+k10,3,2,20,5,0.8520594306562335,0.8568479669723009,0.00478853631606746,,
prague,link+k10,3,2,20,8,0.8881354711727714,0.8902717104315684,0.0021362392587970236,,
prague,link+k10,3,2,20,-1,0.8520594306562335,,,5.0,10.0
prague,link+k10,3,3,20,3,0.8159713887955451,0.8159713887955451,0.0,,
prague,link+k10,3,3,20,5,0.8544236954538909,0.8568479669723009,0.0024242715184100705,,
prague,link+k10,3,3,20,8,0.8873073784263837,0.8902717104315684,0.0029643320051846445,,
prague,link+k10,3,3,20,-1,0.8415342518362057,,,4.0,10.0
prague,link+k10,3,4,20,3,0.8159713887955451,0.8159713887955451,0.0,,
prague,link+k10,3,4,20,5,0.8544236954538909,0.8568479669723009,0.0024242715184100705,,
prague,link+k10,3,4,20,8,0.8873073784263837,0.8902717104315684,0.0029643320051846445,,
prague,link+k10,3,4,20,-1,0.8415342518362057,,,4.0,10.0
prague,link+k10,3,5,20,3,0.8159713887955451,0.8159713887955451,0.0,,
prague,link+k10,3,5,20,5,0.8568479669723009,0.8568479669723009,0.0,,
prague,link+k10,3,5,20,8,0.8873073784263837,0.8902717104315684,0.0029643320051846445,,
prague,link+k10,3,5,20,-1,0.8415342518362057,,,4.0,10.0
prague,link+k10,3,6,20,3,0.8159713887955451,0.8159713887955451,0.0,,
prague,link+k10,3,6,20,5,0.8544236954538909,0.8568479669723009,0.0024242715184100705,,
prague,link+k10,3,6,20,8,0.8873073784263837,0.8902717104315684,0.0029643320051846445,,
prague,link+k10,3,6,20,-1,0.8415342518362057,,,4.0,10.0
prague,link+k10,3,7,20,3,0.8159713887955451,0.8159713887955451,0.0,,
prague,link+k10,3,7,20,5,0.8568479669723009,0.8568479669723009,0.0,,
prague,link+k10,3,7,20,8,0.8873073784263837,0.8902717104315684,0.0029643320051846445,,
prague,link+k10,3,7,20,-1,0.8415342518362057,,,4.0,10.0
prague,link+k10,3,8,20,3,0.8159713887955451,0.8159713887955451,0.0,,
prague,link+k10,3,8,20,5,0.8544236954538909,0.8568479669723009,0.0024242715184100705,,
prague,link+k10,3,8,20,8,0.8904877346262782,0.8902717104315684,-0.00021602419470978518,,
prague,link+k10,3,8,20,-1,0.8415342518362057,,,4.0,10.0
prague,link+k10,3,9,20,3,0.8159713887955451,0.8159713887955451,0.0,,
prague,link+k10,3,9,20,5,0.8544236954538909,0.8568479669723009,0.0024242715184100705,,
prague,link+k10,3,9,20,8,0.8873073784263837,0.8902717104315684,0.0029643320051846445,,
prague,link+k10,3,9,20,-1,0.8415342518362057,,,4.0,10.0
prague,link+k10d,3,0,20,3,0.8159713887955451,0.8159713887955451,0.0,,
prague,link+k10d,3,0,20,5,0.8544236954538909,0.8568479669723009,0.0024242715184100705,,
prague,link+k10d,3,0,20,8,0.8873073784263837,0.8902717104315684,0.0029643320051846445,,
prague,link+k10d,3,0,20,-1,0.8415342518362057,,,4.0,10.0
prague,link+k25,3,0,20,3,0.8159713887955451,0.8159713887955451,0.0,,
prague,link+k25,3,0,20,5,0.8568479669723009,0.8568479669723009,0.0,,
prague,link+k25,3,0,20,8,0.8904877346262782,0.8902717104315684,-0.00021602419470978518,,
prague,link+k25,3,0,20,-1,0.8415342518362057,,,4.0,10.0
prague,link+k25,3,1,20,3,0.8159713887955451,0.8159713887955451,0.0,,
prague,link+k25,3,1,20,5,0.8568479669723009,0.8568479669723009,0.0,,
prague,link+k25,3,1,20,8,0.8873073784263837,0.8902717104315684,0.0029643320051846445,,
prague,link+k25,3,1,20,-1,0.8415342518362057,,,4.0,10.0
prague,link+k25,3,2,20,3,0.8159713887955451,0.8159713887955451,0.0,,
prague,link+k25,3,2,20,5,0.8568479669723009,0.8568479669723009,0.0,,
prague,link+k25,3,2,20,8,0.8873073784263837,0.8902717104315684,0.0029643320051846445,,
prague,link+k25,3,2,20,-1,0.8415342518362057,,,4.0,10.0
prague,link+k25,3,3,20,3,0.8159713887955451,0.8159713887955451,0.0,,
prague,link+k25,3,3,20,5,0.8568479669723009,0.8568479669723009,0.0,,
prague,link+k25,3,3,20,8,0.8873073784263837,0.8902717104315684,0.0029643320051846445,,
prague,link+k25,3,3,20,-1,0.8415342518362057,,,4.0,10.0
prague,link+k25,3,4,20,3,0.8159713887955451,0.8159713887955451,0.0,,
prague,link+k25,3,4,20,5,0.8568479669723009,0.8568479669723009,0.0,,
prague,link+k25,3,4,20,8,0.8873073784263837,0.8902717104315684,0.0029643320051846445,,
prague,link+k25,3,4,20,-1,0.8415342518362057,,,4.0,10.0
prague,link+k25,3,5,20,3,0.8159713887955451,0.8159713887955451,0.0,,
prague,link+k25,3,5,20,5,0.8544236954538909,0.8568479669723009,0.0024242715184100705,,
prague,link+k25,3,5,20,8,0.8873073784263837,0.8902717104315684,0.0029643320051846445,,
prague,link+k25,3,5,20,-1,0.8415342518362057,,,4.0,10.0
prague,link+k25,3,6,20,3,0.8159713887955451,0.8159713887955451,0.0,,
prague,link+k25,3,6,20,5,0.8568479669723009,0.8568479669723009,0.0,,
prague,link+k25,3,6,20,8,0.8873073784263837,0.8902717104315684,0.0029643320051846445,,
prague,link+k25,3,6,20,-1,0.8415342518362057,,,4.0,10.0
prague,link+k25,3,7,20,3,0.8159713887955451,0.8159713887955451,0.0,,
prague,link+k25,3,7,20,5,0.8568479669723009,0.8568479669723009,0.0,,
prague,link+k25,3,7,20,8,0.8904877346262782,0.8902717104315684,-0.00021602419470978518,,
prague,link+k25,3,7,20,-1,0.8415342518362057,,,4.0,10.0
prague,link+k25,3,8,20,3,0.8159713887955451,0.8159713887955451,0.0,,
prague,link+k25,3,8,20,5,0.8568479669723009,0.8568479669723009,0.0,,
prague,link+k25,3,8,20,8,0.8873073784263837,0.8902717104315684,0.0029643320051846445,,
prague,link+k25,3,8,20,-1,0.8415342518362057,,,4.0,10.0
prague,link+k25,3,9,20,3,0.8159713887955451,0.8159713887955451,0.0,,
prague,link+k25,3,9,20,5,0.8568479669723009,0.8568479669723009,0.0,,
prague,link+k25,3,9,20,8,0.8904877346262782,0.8902717104315684,-0.00021602419470978518,,
prague,link+k25,3,9,20,-1,0.8415342518362057,,,4.0,10.0
prague,link+k25d,3,0,20,3,0.8159713887955451,0.8159713887955451,0.0,,
prague,link+k25d,3,0,20,5,0.8544236954538909,0.8568479669723009,0.0024242715184100705,,
prague,link+k25d,3,0,20,8,0.8873073784263837,0.8902717104315684,0.0029643320051846445,,
prague,link+k25d,3,0,20,-1,0.8415342518362057,,,4.0,10.0
prague,link+k50,3,0,20,3,0.8159713887955451,0.8159713887955451,0.0,,
prague,link+k50,3,0,20,5,0.8568479669723009,0.8568479669723009,0.0,,
prague,link+k50,3,0,20,8,0.8873073784263837,0.8902717104315684,0.0029643320051846445,,
prague,link+k50,3,0,20,-1,0.8568479669723009,,,5.0,10.0
prague,link+k50,3,1,20,3,0.8159713887955451,0.8159713887955451,0.0,,
prague,link+k50,3,1,20,5,0.8568479669723009,0.8568479669723009,0.0,,
prague,link+k50,3,1,20,8,0.8873073784263837,0.8902717104315684,0.0029643320051846445,,
prague,link+k50,3,1,20,-1,0.8568479669723009,,,5.0,10.0
prague,link+k50,3,2,20,3,0.8159713887955451,0.8159713887955451,0.0,,
prague,link+k50,3,2,20,5,0.8544236954538909,0.8568479669723009,0.0024242715184100705,,
prague,link+k50,3,2,20,8,0.8904877346262782,0.8902717104315684,-0.00021602419470978518,,
prague,link+k50,3,2,20,-1,0.8544236954538909,,,5.0,10.0
prague,link+k50,3,3,20,3,0.8159713887955451,0.8159713887955451,0.0,,
prague,link+k50,3,3,20,5,0.8544236954538909,0.8568479669723009,0.0024242715184100705,,
prague,link+k50,3,3,20,8,0.8904877346262782,0.8902717104315684,-0.00021602419470978518,,
prague,link+k50,3,3,20,-1,0.8415342518362057,,,4.0,10.0
prague,link+k50,3,4,20,3,0.8159713887955451,0.8159713887955451,0.0,,
prague,link+k50,3,4,20,5,0.8544236954538909,0.8568479669723009,0.0024242715184100705,,
prague,link+k50,3,4,20,8,0.8904877346262782,0.8902717104315684,-0.00021602419470978518,,
prague,link+k50,3,4,20,-1,0.8544236954538909,,,5.0,10.0
prague,link+k50,3,5,20,3,0.8159713887955451,0.8159713887955451,0.0,,
prague,link+k50,3,5,20,5,0.8544236954538909,0.8568479669723009,0.0024242715184100705,,
prague,link+k50,3,5,20,8,0.8873073784263837,0.8902717104315684,0.0029643320051846445,,
prague,link+k50,3,5,20,-1,0.8415342518362057,,,4.0,10.0
prague,link+k50,3,6,20,3,0.8159713887955451,0.8159713887955451,0.0,,
prague,link+k50,3,6,20,5,0.8568479669723009,0.8568479669723009,0.0,,
prague,link+k50,3,6,20,8,0.8873073784263837,0.8902717104315684,0.0029643320051846445,,
prague,link+k50,3,6,20,-1,0.8568479669723009,,,5.0,10.0
prague,link+k50,3,7,20,3,0.8159713887955451,0.8159713887955451,0.0,,
prague,link+k50,3,7,20,5,0.8568479669723009,0.8568479669723009,0.0,,
prague,link+k50,3,7,20,8,0.8904877346262782,0.8902717104315684,-0.00021602419470978518,,
prague,link+k50,3,7,20,-1,0.8415342518362057,,,4.0,10.0
prague,link+k50,3,8,20,3,0.8159713887955451,0.8159713887955451,0.0,,
prague,link+k50,3,8,20,5,0.8568479669723009,0.8568479669723009,0.0,,
prague,link+k50,3,8,20,8,0.8873073784263837,0.8902717104315684,0.0029643320051846445,,
prague,link+k50,3,8,20,-1,0.8415342518362057,,,4.0,10.0
prague,link+k50,3,9,20,3,0.8159713887955451,0.8159713887955451,0.0,,
prague,link+k50,3,9,20,5,0.8544236954538909,0.8568479669723009,0.0024242715184100705,,
prague,link+k50,3,9,20,8,0.8873073784263837,0.8902717104315684,0.0029643320051846445,,
prague,link+k50,3,9,20,-1,0.8415342518362057,,,4.0,10.0
prague,link+k50d,3,0,20,3,0.8159713887955451,0.8159713887955451,0.0,,
prague,link+k50d,3,0,20,5,0.8544236954538909,0.8568479669723009,0.0024242715184100705,,
prague,link+k50d,3,0,20,8,0.8873073784263837,0.8902717104315684,0.0029643320051846445,,
prague,link+k50d,3,0,20,-1,0.8415342518362057,,,4.0,10.0
prague,link,4,0,20,3,0.7948610244347367,0.8159713887955451,0.021110364360808376,,
prague,link,4,0,20,5,0.8568479669723009,0.8568479669723009,0.0,,
prague,link,4,0,20,8,0.8902717104315684,0.8902717104315684,0.0,,
prague,link,4,0,20,-1,0.8415342518362057,,,4.0,10.0
prague,link,4,0,10,3,0.7948610244347367,0.8159713887955451,0.021110364360808376,,
prague,link,4,0,10,5,0.8568479669723009,0.8568479669723009,0.0,,
prague,link,4,0,10,8,0.887775430848255,0.8890955787048149,0.0013201478565598723,,
prague,link,4,0,10,-1,0.8415342518362057,,,4.0,
prague,link_reg,4,0,20,3,0.7918006816763478,0.8159713887955451,0.024170707119197332,,
prague,link_reg,4,0,20,5,0.8203158753780423,0.8568479669723009,0.03653209159425863,,
prague,link_reg,4,0,20,8,0.8556958379338486,0.8902717104315684,0.03457587249771976,,
prague,link_reg,4,0,20,-1,0.6880250588065864,,,1.0,10.0
prague,link_reg,4,0,10,3,0.7948610244347367,0.8159713887955451,0.021110364360808376,,
prague,link_reg,4,0,10,5,0.8284527867121118,0.8568479669723009,0.028395180260189168,,
prague,link_reg,4,0,10,8,0.8782583649368729,0.8890955787048149,0.010837213767942,,
prague,link_reg,4,0,10,-1,0.6880250588065864,,,1.0,
prague,link+k10,4,0,20,3,0.7948610244347367,0.8159713887955451,0.021110364360808376,,
prague,link+k10,4,0,20,5,0.8568479669723009,0.8568479669723009,0.0,,
prague,link+k10,4,0,20,8,0.8902717104315684,0.8902717104315684,0.0,,
prague,link+k10,4,0,20,-1,0.8415342518362057,,,4.0,10.0
prague,link+k10,4,1,20,3,0.7948610244347367,0.8159713887955451,0.021110364360808376,,
prague,link+k10,4,1,20,5,0.8568479669723009,0.8568479669723009,0.0,,
prague,link+k10,4,1,20,8,0.8902717104315684,0.8902717104315684,0.0,,
prague,link+k10,4,1,20,-1,0.8415342518362057,,,4.0,10.0
prague,link+k10,4,2,20,3,0.8159713887955451,0.8159713887955451,0.0,,
prague,link+k10,4,2,20,5,0.8520594306562335,0.8568479669723009,0.00478853631606746,,
prague,link+k10,4,2,20,8,0.8881114684844703,0.8902717104315684,0.002160241947098074,,
prague,link+k10,4,2,20,-1,0.8395900340838174,,,4.0,10.0
prague,link+k10,4,3,20,3,0.7948610244347367,0.8159713887955451,0.021110364360808376,,
prague,link+k10,4,3,20,5,0.8568479669723009,0.8568479669723009,0.0,,
prague,link+k10,4,3,20,8,0.8902717104315684,0.8902717104315684,0.0,,
prague,link+k10,4,3,20,-1,0.8415342518362057,,,4.0,10.0
prague,link+k10,4,4,20,3,0.7948610244347367,0.8159713887955451,0.021110364360808376,,
prague,link+k10,4,4,20,5,0.8568479669723009,0.8568479669723009,0.0,,
prague,link+k10,4,4,20,8,0.8902717104315684,0.8902717104315684,0.0,,
prague,link+k10,4,4,20,-1,0.8415342518362057,,,4.0,10.0
prague,link+k10,4,5,20,3,0.8159713887955451,0.8159713887955451,0.0,,
prague,link+k10,4,5,20,5,0.8568479669723009,0.8568479669723009,0.0,,
prague,link+k10,4,5,20,8,0.8902717104315684,0.8902717104315684,0.0,,
prague,link+k10,4,5,20,-1,0.8415342518362057,,,4.0,10.0
prague,link+k10,4,6,20,3,0.7948610244347367,0.8159713887955451,0.021110364360808376,,
prague,link+k10,4,6,20,5,0.8568479669723009,0.8568479669723009,0.0,,
prague,link+k10,4,6,20,8,0.8902717104315684,0.8902717104315684,0.0,,
prague,link+k10,4,6,20,-1,0.8415342518362057,,,4.0,10.0
prague,link+k10,4,7,20,3,0.8159713887955451,0.8159713887955451,0.0,,
prague,link+k10,4,7,20,5,0.8568479669723009,0.8568479669723009,0.0,,
prague,link+k10,4,7,20,8,0.8902717104315684,0.8902717104315684,0.0,,
prague,link+k10,4,7,20,-1,0.8415342518362057,,,4.0,10.0
prague,link+k10,4,8,20,3,0.7948610244347367,0.8159713887955451,0.021110364360808376,,
prague,link+k10,4,8,20,5,0.8568479669723009,0.8568479669723009,0.0,,
prague,link+k10,4,8,20,8,0.8902717104315684,0.8902717104315684,0.0,,
prague,link+k10,4,8,20,-1,0.8415342518362057,,,4.0,10.0
prague,link+k10,4,9,20,3,0.7948610244347367,0.8159713887955451,0.021110364360808376,,
prague,link+k10,4,9,20,5,0.8568479669723009,0.8568479669723009,0.0,,
prague,link+k10,4,9,20,8,0.8902717104315684,0.8902717104315684,0.0,,
prague,link+k10,4,9,20,-1,0.8415342518362057,,,4.0,10.0
prague,link+k10d,4,0,20,3,0.7948610244347367,0.8159713887955451,0.021110364360808376,,
prague,link+k10d,4,0,20,5,0.8544236954538909,0.8568479669723009,0.0024242715184100705,,
prague,link+k10d,4,0,20,8,0.8902717104315684,0.8902717104315684,0.0,,
prague,link+k10d,4,0,20,-1,0.8415342518362057,,,4.0,10.0
prague,link+k25,4,0,20,3,0.8159713887955451,0.8159713887955451,0.0,,
prague,link+k25,4,0,20,5,0.8568479669723009,0.8568479669723009,0.0,,
prague,link+k25,4,0,20,8,0.8902717104315684,0.8902717104315684,0.0,,
prague,link+k25,4,0,20,-1,0.8415342518362057,,,4.0,10.0
prague,link+k25,4,1,20,3,0.8159713887955451,0.8159713887955451,0.0,,
prague,link+k25,4,1,20,5,0.8568479669723009,0.8568479669723009,0.0,,
prague,link+k25,4,1,20,8,0.8873073784263837,0.8902717104315684,0.0029643320051846445,,
prague,link+k25,4,1,20,-1,0.8415342518362057,,,4.0,10.0
prague,link+k25,4,2,20,3,0.7948610244347367,0.8159713887955451,0.021110364360808376,,
prague,link+k25,4,2,20,5,0.8568479669723009,0.8568479669723009,0.0,,
prague,link+k25,4,2,20,8,0.8904877346262782,0.8902717104315684,-0.00021602419470978518,,
prague,link+k25,4,2,20,-1,0.8415342518362057,,,4.0,10.0
prague,link+k25,4,3,20,3,0.7948610244347367,0.8159713887955451,0.021110364360808376,,
prague,link+k25,4,3,20,5,0.8568479669723009,0.8568479669723009,0.0,,
prague,link+k25,4,3,20,8,0.8902717104315684,0.8902717104315684,0.0,,
prague,link+k25,4,3,20,-1,0.8415342518362057,,,4.0,10.0
prague,link+k25,4,4,20,3,0.7948610244347367,0.8159713887955451,0.021110364360808376,,
prague,link+k25,4,4,20,5,0.8568479669723009,0.8568479669723009,0.0,,
prague,link+k25,4,4,20,8,0.8902717104315684,0.8902717104315684,0.0,,
prague,link+k25,4,4,20,-1,0.8415342518362057,,,4.0,10.0
prague,link+k25,4,5,20,3,0.8159713887955451,0.8159713887955451,0.0,,
prague,link+k25,4,5,20,5,0.8568479669723009,0.8568479669723009,0.0,,
prague,link+k25,4,5,20,8,0.8902717104315684,0.8902717104315684,0.0,,
prague,link+k25,4,5,20,-1,0.8415342518362057,,,4.0,10.0
prague,link+k25,4,6,20,3,0.7948610244347367,0.8159713887955451,0.021110364360808376,,
prague,link+k25,4,6,20,5,0.8568479669723009,0.8568479669723009,0.0,,
prague,link+k25,4,6,20,8,0.8902717104315684,0.8902717104315684,0.0,,
prague,link+k25,4,6,20,-1,0.8415342518362057,,,4.0,10.0
prague,link+k25,4,7,20,3,0.7948610244347367,0.8159713887955451,0.021110364360808376,,
prague,link+k25,4,7,20,5,0.8568479669723009,0.8568479669723009,0.0,,
prague,link+k25,4,7,20,8,0.8902717104315684,0.8902717104315684,0.0,,
prague,link+k25,4,7,20,-1,0.8415342518362057,,,4.0,10.0
prague,link+k25,4,8,20,3,0.7948610244347367,0.8159713887955451,0.021110364360808376,,
prague,link+k25,4,8,20,5,0.8568479669723009,0.8568479669723009,0.0,,
prague,link+k25,4,8,20,8,0.8902717104315684,0.8902717104315684,0.0,,
prague,link+k25,4,8,20,-1,0.8415342518362057,,,4.0,10.0
prague,link+k25,4,9,20,3,0.7948610244347367,0.8159713887955451,0.021110364360808376,,
prague,link+k25,4,9,20,5,0.8568479669723009,0.8568479669723009,0.0,,
prague,link+k25,4,9,20,8,0.8902717104315684,0.8902717104315684,0.0,,
prague,link+k25,4,9,20,-1,0.8415342518362057,,,4.0,10.0
prague,link+k25d,4,0,20,3,0.7948610244347367,0.8159713887955451,0.021110364360808376,,
prague,link+k25d,4,0,20,5,0.8568479669723009,0.8568479669723009,0.0,,
prague,link+k25d,4,0,20,8,0.8902717104315684,0.8902717104315684,0.0,,
prague,link+k25d,4,0,20,-1,0.8415342518362057,,,4.0,10.0
prague,link+k50,4,0,20,3,0.8159713887955451,0.8159713887955451,0.0,,
prague,link+k50,4,0,20,5,0.8568479669723009,0.8568479669723009,0.0,,
prague,link+k50,4,0,20,8,0.8902717104315684,0.8902717104315684,0.0,,
prague,link+k50,4,0,20,-1,0.8415342518362057,,,4.0,10.0
prague,link+k50,4,1,20,3,0.8159713887955451,0.8159713887955451,0.0,,
prague,link+k50,4,1,20,5,0.8568479669723009,0.8568479669723009,0.0,,
prague,link+k50,4,1,20,8,0.8902717104315684,0.8902717104315684,0.0,,
prague,link+k50,4,1,20,-1,0.8415342518362057,,,4.0,10.0
prague,link+k50,4,2,20,3,0.7948610244347367,0.8159713887955451,0.021110364360808376,,
prague,link+k50,4,2,20,5,0.8544236954538909,0.8568479669723009,0.0024242715184100705,,
prague,link+k50,4,2,20,8,0.8902717104315684,0.8902717104315684,0.0,,
prague,link+k50,4,2,20,-1,0.8415342518362057,,,4.0,10.0
prague,link+k50,4,3,20,3,0.8159713887955451,0.8159713887955451,0.0,,
prague,link+k50,4,3,20,5,0.8568479669723009,0.8568479669723009,0.0,,
prague,link+k50,4,3,20,8,0.8902717104315684,0.8902717104315684,0.0,,
prague,link+k50,4,3,20,-1,0.8415342518362057,,,4.0,10.0
prague,link+k50,4,4,20,3,0.8159713887955451,0.8159713887955451,0.0,,
prague,link+k50,4,4,20,5,0.8568479669723009,0.8568479669723009,0.0,,
prague,link+k50,4,4,20,8,0.8902717104315684,0.8902717104315684,0.0,,
prague,link+k50,4,4,20,-1,0.8415342518362057,,,4.0,10.0
prague,link+k50,4,5,20,3,0.8159713887955451,0.8159713887955451,0.0,,
prague,link+k50,4,5,20,5,0.8568479669723009,0.8568479669723009,0.0,,
prague,link+k50,4,5,20,8,0.8902717104315684,0.8902717104315684,0.0,,
prague,link+k50,4,5,20,-1,0.8415342518362057,,,4.0,10.0
prague,link+k50,4,6,20,3,0.8159713887955451,0.8159713887955451,0.0,,
prague,link+k50,4,6,20,5,0.8568479669723009,0.8568479669723009,0.0,,
prague,link+k50,4,6,20,8,0.8902717104315684,0.8902717104315684,0.0,,
prague,link+k50,4,6,20,-1,0.8415342518362057,,,4.0,10.0
prague,link+k50,4,7,20,3,0.7948610244347367,0.8159713887955451,0.021110364360808376,,
prague,link+k50,4,7,20,5,0.8568479669723009,0.8568479669723009,0.0,,
prague,link+k50,4,7,20,8,0.8902717104315684,0.8902717104315684,0.0,,
prague,link+k50,4,7,20,-1,0.8415342518362057,,,4.0,10.0
prague,link+k50,4,8,20,3,0.8159713887955451,0.8159713887955451,0.0,,
prague,link+k50,4,8,20,5,0.8568479669723009,0.8568479669723009,0.0,,
prague,link+k50,4,8,20,8,0.8902717104315684,0.8902717104315684,0.0,,
prague,link+k50,4,8,20,-1,0.8415342518362057,,,4.0,10.0
prague,link+k50,4,9,20,3,0.8159713887955451,0.8159713887955451,0.0,,
prague,link+k50,4,9,20,5,0.8568479669723009,0.8568479669723009,0.0,,
prague,link+k50,4,9,20,8,0.8902717104315684,0.8902717104315684,0.0,,
prague,link+k50,4,9,20,-1,0.8415342518362057,,,4.0,10.0
prague,link+k50d,4,0,20,3,0.7948610244347367,0.8159713887955451,0.021110364360808376,,
prague,link+k50d,4,0,20,5,0.8568479669723009,0.8568479669723009,0.0,,
prague,link+k50d,4,0,20,8,0.8902717104315684,0.8902717104315684,0.0,,
prague,link+k50d,4,0,20,-1,0.8415342518362057,,,4.0,10.0
vienna,link,0,0,20,3,0.6117604090577063,0.6117604090577063,0.0,,
vienna,link,0,0,20,5,0.7270513757000243,0.7270513757000243,0.0,,
vienna,link,0,0,20,8,0.8057280253226199,0.8057280253226199,0.0,,
vienna,link,0,0,20,-1,0.8540905770635501,,,12.0,
vienna,link,0,0,10,3,0.6117604090577063,0.6117604090577063,0.0,,
vienna,link,0,0,10,5,0.7270513757000243,0.7270513757000243,0.0,,
vienna,link,0,0,10,8,0.7948319941563184,0.802182249817385,0.007350255661066507,,
vienna,link,0,0,10,-1,0.8155131482834186,,,,
vienna,link_reg,0,0,20,3,0.6227477477477478,0.6117604090577063,-0.010987338690041426,,
vienna,link_reg,0,0,20,5,0.6227477477477478,0.7270513757000243,0.10430362795227655,,
vienna,link_reg,0,0,20,8,0.6227477477477478,0.8057280253226199,0.18298027757487212,,
vienna,link_reg,0,0,20,-1,0.37046505965424886,,,1.0,
vienna,link_reg,0,0,10,3,0.6227477477477478,0.6117604090577063,-0.010987338690041426,,
vienna,link_reg,0,0,10,5,0.6227477477477478,0.7270513757000243,0.10430362795227655,,
vienna,link_reg,0,0,10,8,0.6227477477477478,0.802182249817385,0.17943450206963718,,
vienna,link_reg,0,0,10,-1,0.37046505965424886,,,1.0,
vienna,link+k10,0,0,20,3,0.6117604090577063,0.6117604090577063,0.0,,
vienna,link+k10,0,0,20,5,0.7270513757000243,0.7270513757000243,0.0,,
vienna,link+k10,0,0,20,8,0.8057280253226199,0.8057280253226199,0.0,,
vienna,link+k10,0,0,20,-1,0.8577580959337716,,,13.0,
vienna,link+k10,0,1,20,3,0.6117604090577063,0.6117604090577063,0.0,,
vienna,link+k10,0,1,20,5,0.7270513757000243,0.7270513757000243,0.0,,
vienna,link+k10,0,1,20,8,0.8057280253226199,0.8057280253226199,0.0,,
vienna,link+k10,0,1,20,-1,0.8610299488677867,,,13.0,
vienna,link+k10,0,2,20,3,0.6117604090577063,0.6117604090577063,0.0,,
vienna,link+k10,0,2,20,5,0.7270513757000243,0.7270513757000243,0.0,,
vienna,link+k10,0,2,20,8,0.802882274166058,0.8057280253226199,0.0028457511565619376,,
vienna,link+k10,0,2,20,-1,0.8577580959337716,,,13.0,
vienna,link+k10,0,3,20,3,0.6117604090577063,0.6117604090577063,0.0,,
vienna,link+k10,0,3,20,5,0.7270513757000243,0.7270513757000243,0.0,,
vienna,link+k10,0,3,20,8,0.8057280253226199,0.8057280253226199,0.0,,
vienna,link+k10,0,3,20,-1,0.8540905770635501,,,12.0,
vienna,link+k10,0,4,20,3,0.6117604090577063,0.6117604090577063,0.0,,
vienna,link+k10,0,4,20,5,0.7270513757000243,0.7270513757000243,0.0,,
vienna,link+k10,0,4,20,8,0.8057280253226199,0.8057280253226199,0.0,,
vienna,link+k10,0,4,20,-1,0.8665388361334307,,,14.0,
vienna,link+k10,0,5,20,3,0.6117604090577063,0.6117604090577063,0.0,,
vienna,link+k10,0,5,20,5,0.7270513757000243,0.7270513757000243,0.0,,
vienna,link+k10,0,5,20,8,0.8057280253226199,0.8057280253226199,0.0,,
vienna,link+k10,0,5,20,-1,0.8610299488677867,,,13.0,
vienna,link+k10,0,6,20,3,0.6117604090577063,0.6117604090577063,0.0,,
vienna,link+k10,0,6,20,5,0.7270513757000243,0.7270513757000243,0.0,,
vienna,link+k10,0,6,20,8,0.8057280253226199,0.8057280253226199,0.0,,
vienna,link+k10,0,6,20,-1,0.8540905770635501,,,12.0,
vienna,link+k10,0,7,20,3,0.6117604090577063,0.6117604090577063,0.0,,
vienna,link+k10,0,7,20,5,0.7270513757000243,0.7270513757000243,0.0,,
vienna,link+k10,0,7,20,8,0.8057280253226199,0.8057280253226199,0.0,,
vienna,link+k10,0,7,20,-1,0.8598733869004139,,,13.0,
vienna,link+k10,0,8,20,3,0.6117604090577063,0.6117604090577063,0.0,,
vienna,link+k10,0,8,20,5,0.7270513757000243,0.7270513757000243,0.0,,
vienna,link+k10,0,8,20,8,0.8057280253226199,0.8057280253226199,0.0,,
vienna,link+k10,0,8,20,-1,0.8577580959337716,,,13.0,
vienna,link+k10,0,9,20,3,0.6117604090577063,0.6117604090577063,0.0,,
vienna,link+k10,0,9,20,5,0.7270513757000243,0.7270513757000243,0.0,,
vienna,link+k10,0,9,20,8,0.8057280253226199,0.8057280253226199,0.0,,
vienna,link+k10,0,9,20,-1,0.8610299488677867,,,13.0,
vienna,link+k10d,0,0,20,3,0.6117604090577063,0.6117604090577063,0.0,,
vienna,link+k10d,0,0,20,5,0.7270513757000243,0.7270513757000243,0.0,,
vienna,link+k10d,0,0,20,8,0.8057280253226199,0.8057280253226199,0.0,,
vienna,link+k10d,0,0,20,-1,0.8782566350133918,,,17.0,
vienna,link+k25,0,0,20,3,0.6117604090577063,0.6117604090577063,0.0,,
vienna,link+k25,0,0,20,5,0.7270513757000243,0.7270513757000243,0.0,,
vienna,link+k25,0,0,20,8,0.8057280253226199,0.8057280253226199,0.0,,
vienna,link+k25,0,0,20,-1,0.8540905770635501,,,12.0,
vienna,link+k25,0,1,20,3,0.6117604090577063,0.6117604090577063,0.0,,
vienna,link+k25,0,1,20,5,0.7270513757000243,0.7270513757000243,0.0,,
vienna,link+k25,0,1,20,8,0.8057280253226199,0.8057280253226199,0.0,,
vienna,link+k25,0,1,20,-1,0.8540905770635501,,,12.0,
vienna,link+k25,0,2,20,3,0.6117604090577063,0.6117604090577063,0.0,,
vienna,link+k25,0,2,20,5,0.7270513757000243,0.7270513757000243,0.0,,
vienna,link+k25,0,2,20,8,0.8057280253226199,0.8057280253226199,0.0,,
vienna,link+k25,0,2,20,-1,0.8598733869004139,,,13.0,
vienna,link+k25,0,3,20,3,0.6117604090577063,0.6117604090577063,0.0,,
vienna,link+k25,0,3,20,5,0.7198685171658145,0.7270513757000243,0.007182858534209857,,
vienna,link+k25,0,3,20,8,0.8057280253226199,0.8057280253226199,0.0,,
vienna,link+k25,0,3,20,-1,0.8598733869004139,,,13.0,
vienna,link+k25,0,4,20,3,0.6117604090577063,0.6117604090577063,0.0,,
vienna,link+k25,0,4,20,5,0.7270513757000243,0.7270513757000243,0.0,,
vienna,link+k25,0,4,20,8,0.8057280253226199,0.8057280253226199,0.0,,
vienna,link+k25,0,4,20,-1,0.8610299488677867,,,13.0,
vienna,link+k25,0,5,20,3,0.6117604090577063,0.6117604090577063,0.0,,
vienna,link+k25,0,5,20,5,0.7270513757000243,0.7270513757000243,0.0,,
vienna,link+k25,0,5,20,8,0.8057280253226199,0.8057280253226199,0.0,,
vienna,link+k25,0,5,20,-1,0.8665388361334307,,,14.0,
vienna,link+k25,0,6,20,3,0.6117604090577063,0.6117604090577063,0.0,,
vienna,link+k25,0,6,20,5,0.7270513757000243,0.7270513757000243,0.0,,
vienna,link+k25,0,6,20,8,0.8057280253226199,0.8057280253226199,0.0,,
vienna,link+k25,0,6,20,-1,0.8598733869004139,,,13.0,
vienna,link+k25,0,7,20,3,0.6117604090577063,0.6117604090577063,0.0,,
vienna,link+k25,0,7,20,5,0.7270513757000243,0.7270513757000243,0.0,,
vienna,link+k25,0,7,20,8,0.8057280253226199,0.8057280253226199,0.0,,
vienna,link+k25,0,7,20,-1,0.8598733869004139,,,13.0,
vienna,link+k25,0,8,20,3,0.6117604090577063,0.6117604090577063,0.0,,
vienna,link+k25,0,8,20,5,0.7270513757000243,0.7270513757000243,0.0,,
vienna,link+k25,0,8,20,8,0.8057280253226199,0.8057280253226199,0.0,,
vienna,link+k25,0,8,20,-1,0.8610299488677867,,,13.0,
vienna,link+k25,0,9,20,3,0.6117604090577063,0.6117604090577063,0.0,,
vienna,link+k25,0,9,20,5,0.7270513757000243,0.7270513757000243,0.0,,
vienna,link+k25,0,9,20,8,0.8057280253226199,0.8057280253226199,0.0,,
vienna,link+k25,0,9,20,-1,0.8598733869004139,,,13.0,
vienna,link+k25d,0,0,20,3,0.6117604090577063,0.6117604090577063,0.0,,
vienna,link+k25d,0,0,20,5,0.7270513757000243,0.7270513757000243,0.0,,
vienna,link+k25d,0,0,20,8,0.8057280253226199,0.8057280253226199,0.0,,
vienna,link+k25d,0,0,20,-1,0.8665388361334307,,,14.0,
vienna,link+k50,0,0,20,3,0.6117604090577063,0.6117604090577063,0.0,,
vienna,link+k50,0,0,20,5,0.7270513757000243,0.7270513757000243,0.0,,
vienna,link+k50,0,0,20,8,0.8057280253226199,0.8057280253226199,0.0,,
vienna,link+k50,0,0,20,-1,0.8610299488677867,,,13.0,
vienna,link+k50,0,1,20,3,0.6117604090577063,0.6117604090577063,0.0,,
vienna,link+k50,0,1,20,5,0.7270513757000243,0.7270513757000243,0.0,,
vienna,link+k50,0,1,20,8,0.8057280253226199,0.8057280253226199,0.0,,
vienna,link+k50,0,1,20,-1,0.8610299488677867,,,13.0,
vienna,link+k50,0,2,20,3,0.6117604090577063,0.6117604090577063,0.0,,
vienna,link+k50,0,2,20,5,0.7270513757000243,0.7270513757000243,0.0,,
vienna,link+k50,0,2,20,8,0.8057280253226199,0.8057280253226199,0.0,,
vienna,link+k50,0,2,20,-1,0.8598733869004139,,,13.0,
vienna,link+k50,0,3,20,3,0.6117604090577063,0.6117604090577063,0.0,,
vienna,link+k50,0,3,20,5,0.7270513757000243,0.7270513757000243,0.0,,
vienna,link+k50,0,3,20,8,0.8057280253226199,0.8057280253226199,0.0,,
vienna,link+k50,0,3,20,-1,0.8598733869004139,,,13.0,
vienna,link+k50,0,4,20,3,0.6117604090577063,0.6117604090577063,0.0,,
vienna,link+k50,0,4,20,5,0.7270513757000243,0.7270513757000243,0.0,,
vienna,link+k50,0,4,20,8,0.8057280253226199,0.8057280253226199,0.0,,
vienna,link+k50,0,4,20,-1,0.8598733869004139,,,13.0,
vienna,link+k50,0,5,20,3,0.6117604090577063,0.6117604090577063,0.0,,
vienna,link+k50,0,5,20,5,0.7270513757000243,0.7270513757000243,0.0,,
vienna,link+k50,0,5,20,8,0.8057280253226199,0.8057280253226199,0.0,,
vienna,link+k50,0,5,20,-1,0.8540905770635501,,,12.0,
vienna,link+k50,0,6,20,3,0.6117604090577063,0.6117604090577063,0.0,,
vienna,link+k50,0,6,20,5,0.7270513757000243,0.7270513757000243,0.0,,
vienna,link+k50,0,6,20,8,0.8057280253226199,0.8057280253226199,0.0,,
vienna,link+k50,0,6,20,-1,0.8577580959337716,,,13.0,
vienna,link+k50,0,7,20,3,0.6117604090577063,0.6117604090577063,0.0,,
vienna,link+k50,0,7,20,5,0.7270513757000243,0.7270513757000243,0.0,,
vienna,link+k50,0,7,20,8,0.8057280253226199,0.8057280253226199,0.0,,
vienna,link+k50,0,7,20,-1,0.8598733869004139,,,13.0,
vienna,link+k50,0,8,20,3,0.6117604090577063,0.6117604090577063,0.0,,
vienna,link+k50,0,8,20,5,0.7270513757000243,0.7270513757000243,0.0,,
vienna,link+k50,0,8,20,8,0.8057280253226199,0.8057280253226199,0.0,,
vienna,link+k50,0,8,20,-1,0.8610299488677867,,,13.0,
vienna,link+k50,0,9,20,3,0.6117604090577063,0.6117604090577063,0.0,,
vienna,link+k50,0,9,20,5,0.7270513757000243,0.7270513757000243,0.0,,
vienna,link+k50,0,9,20,8,0.802882274166058,0.8057280253226199,0.0028457511565619376,,
vienna,link+k50,0,9,20,-1,0.8598733869004139,,,13.0,
vienna,link+k50d,0,0,20,3,0.6117604090577063,0.6117604090577063,0.0,,
vienna,link+k50d,0,0,20,5,0.7270513757000243,0.7270513757000243,0.0,,
vienna,link+k50d,0,0,20,8,0.8057280253226199,0.8057280253226199,0.0,,
vienna,link+k50d,0,0,20,-1,0.8598733869004139,,,13.0,
vienna,link,1,0,20,3,0.6243608473338204,0.6117604090577063,-0.012600438276114012,,
vienna,link,1,0,20,5,0.7238708302897492,0.7270513757000243,0.0031805454102751263,,
vienna,link,1,0,20,8,0.7939037009982955,0.8057280253226199,0.011824324324324342,,
vienna,link,1,0,20,-1,0.8391009252495739,,,11.0,
vienna,link,1,0,10,3,0.6243608473338204,0.6117604090577063,-0.012600438276114012,,
vienna,link,1,0,10,5,0.7238708302897492,0.7270513757000243,0.0031805454102751263,,
vienna,link,1,0,10,8,0.7948319941563184,0.802182249817385,0.007350255661066507,,
vienna,link,1,0,10,-1,0.8155131482834186,,,,
vienna,link_reg,1,0,20,3,0.5457298514730947,0.6117604090577063,0.06603055758461163,,
vienna,link_reg,1,0,20,5,0.6721146822498174,0.7270513757000243,0.05493669345020691,,
vienna,link_reg,1,0,20,8,0.7556458485512539,0.8057280253226199,0.05008217677136595,,
vienna,link_reg,1,0,20,-1,0.2386474312149988,,,1.0,
vienna,link_reg,1,0,10,3,0.5457298514730947,0.6117604090577063,0.06603055758461163,,
vienna,link_reg,1,0,10,5,0.6985786462137813,0.7270513757000243,0.02847272948624302,,
vienna,link_reg,1,0,10,8,0.7923210372534697,0.802182249817385,0.009861212563915256,,
vienna,link_reg,1,0,10,-1,0.2386474312149988,,,1.0,
vienna,link+k10,1,0,20,3,0.6243608473338204,0.6117604090577063,-0.012600438276114012,,
vienna,link+k10,1,0,20,5,0.7238708302897492,0.7270513757000243,0.0031805454102751263,,
vienna,link+k10,1,0,20,8,0.7939037009982955,0.8057280253226199,0.011824324324324342,,
vienna,link+k10,1,0,20,-1,0.8510469929388849,,,12.0,
vienna,link+k10,1,1,20,3,0.6243608473338204,0.6117604090577063,-0.012600438276114012,,
vienna,link+k10,1,1,20,5,0.7238708302897492,0.7270513757000243,0.0031805454102751263,,
vienna,link+k10,1,1,20,8,0.7939037009982955,0.8057280253226199,0.011824324324324342,,
vienna,link+k10,1,1,20,-1,0.8510774287801315,,,12.0,
vienna,link+k10,1,2,20,3,0.6243608473338204,0.6117604090577063,-0.012600438276114012,,
vienna,link+k10,1,2,20,5,0.7238708302897492,0.7270513757000243,0.0031805454102751263,,
vienna,link+k10,1,2,20,8,0.7939037009982955,0.8057280253226199,0.011824324324324342,,
vienna,link+k10,1,2,20,-1,0.8510469929388849,,,12.0,
vienna,link+k10,1,3,20,3,0.6243608473338204,0.6117604090577063,-0.012600438276114012,,
vienna,link+k10,1,3,20,5,0.7238708302897492,0.7270513757000243,0.0031805454102751263,,
vienna,link+k10,1,3,20,8,0.7939037009982955,0.8057280253226199,0.011824324324324342,,
vienna,link+k10,1,3,20,-1,0.8341703189676163,,,11.0,
vienna,link+k10,1,4,20,3,0.6243608473338204,0.6117604090577063,-0.012600438276114012,,
vienna,link+k10,1,4,20,5,0.7238708302897492,0.7270513757000243,0.0031805454102751263,,
vienna,link+k10,1,4,20,8,0.7939037009982955,0.8057280253226199,0.011824324324324342,,
vienna,link+k10,1,4,20,-1,0.8610299488677867,,,13.0,
vienna,link+k10,1,5,20,3,0.6243608473338204,0.6117604090577063,-0.012600438276114012,,
vienna,link+k10,1,5,20,5,0.7236577794010226,0.7270513757000243,0.003393596299001711,,
vienna,link+k10,1,5,20,8,0.792244947650353,0.8057280253226199,0.013483077672266863,,
vienna,link+k10,1,5,20,-1,0.8510469929388849,,,12.0,
vienna,link+k10,1,6,20,3,0.6243608473338204,0.6117604090577063,-0.012600438276114012,,
vienna,link+k10,1,6,20,5,0.7238708302897492,0.7270513757000243,0.0031805454102751263,,
vienna,link+k10,1,6,20,8,0.7939037009982955,0.8057280253226199,0.011824324324324342,,
vienna,link+k10,1,6,20,-1,0.8540905770635501,,,12.0,
vienna,link+k10,1,7,20,3,0.6243608473338204,0.6117604090577063,-0.012600438276114012,,
vienna,link+k10,1,7,20,5,0.7236577794010226,0.7270513757000243,0.003393596299001711,,
vienna,link+k10,1,7,20,8,0.792244947650353,0.8057280253226199,0.013483077672266863,,
vienna,link+k10,1,7,20,-1,0.8510774287801315,,,12.0,
vienna,link+k10,1,8,20,3,0.6243608473338204,0.6117604090577063,-0.012600438276114012,,
vienna,link+k10,1,8,20,5,0.7238708302897492,0.7270513757000243,0.0031805454102751263,,
vienna,link+k10,1,8,20,8,0.7939037009982955,0.8057280253226199,0.011824324324324342,,
vienna,link+k10,1,8,20,-1,0.8510469929388849,,,12.0,
vienna,link+k10,1,9,20,3,0.6243608473338204,0.6117604090577063,-0.012600438276114012,,
vienna,link+k10,1,9,20,5,0.7238708302897492,0.7270513757000243,0.0031805454102751263,,
vienna,link+k10,1,9,20,8,0.7939037009982955,0.8057280253226199,0.011824324324324342,,
vienna,link+k10,1,9,20,-1,0.8510469929388849,,,12.0,
vienna,link+k10d,1,0,20,3,0.6115017044071098,0.6117604090577063,0.0002587046505965196,,
vienna,link+k10d,1,0,20,5,0.7238708302897492,0.7270513757000243,0.0031805454102751263,,
vienna,link+k10d,1,0,20,8,0.790936206476747,0.8057280253226199,0.014791818845872884,,
vienna,link+k10d,1,0,20,-1,0.8782566350133918,,,17.0,
vienna,link+k25,1,0,20,3,0.6243608473338204,0.6117604090577063,-0.012600438276114012,,
vienna,link+k25,1,0,20,5,0.7238708302897492,0.7270513757000243,0.0031805454102751263,,
vienna,link+k25,1,0,20,8,0.7939037009982955,0.8057280253226199,0.011824324324324342,,
vienna,link+k25,1,0,20,-1,0.8540905770635501,,,12.0,
vienna,link+k25,1,1,20,3,0.6243608473338204,0.6117604090577063,-0.012600438276114012,,
vienna,link+k25,1,1,20,5,0.7238708302897492,0.7270513757000243,0.0031805454102751263,,
vienna,link+k25,1,1,20,8,0.7939037009982955,0.8057280253226199,0.011824324324324342,,
vienna,link+k25,1,1,20,-1,0.8510774287801315,,,12.0,
vienna,link+k25,1,2,20,3,0.6243608473338204,0.6117604090577063,-0.012600438276114012,,
vienna,link+k25,1,2,20,5,0.7238708302897492,0.7270513757000243,0.0031805454102751263,,
vienna,link+k25,1,2,20,8,0.7939037009982955,0.8057280253226199,0.011824324324324342,,
vienna,link+k25,1,2,20,-1,0.8510774287801315,,,12.0,
vienna,link+k25,1,3,20,3,0.6117604090577063,0.6117604090577063,0.0,,
vienna,link+k25,1,3,20,5,0.7270513757000243,0.7270513757000243,0.0,,
vienna,link+k25,1,3,20,8,0.8057280253226199,0.8057280253226199,0.0,,
vienna,link+k25,1,3,20,-1,0.8510774287801315,,,12.0,
vienna,link+k25,1,4,20,3,0.6243608473338204,0.6117604090577063,-0.012600438276114012,,
vienna,link+k25,1,4,20,5,0.7238708302897492,0.7270513757000243,0.0031805454102751263,,
vienna,link+k25,1,4,20,8,0.7920775505234965,0.8057280253226199,0.013650474799123402,,
vienna,link+k25,1,4,20,-1,0.8439554419284149,,,12.0,
vienna,link+k25,1,5,20,3,0.6117604090577063,0.6117604090577063,0.0,,
vienna,link+k25,1,5,20,5,0.7270513757000243,0.7270513757000243,0.0,,
vienna,link+k25,1,5,20,8,0.8057280253226199,0.8057280253226199,0.0,,
vienna,link+k25,1,5,20,-1,0.8577580959337716,,,13.0,
vienna,link+k25,1,6,20,3,0.6243608473338204,0.6117604090577063,-0.012600438276114012,,
vienna,link+k25,1,6,20,5,0.7095203311419528,0.7270513757000243,0.01753104455807153,,
vienna,link+k25,1,6,20,8,0.7804358412466521,0.8057280253226199,0.025292184075967783,,
vienna,link+k25,1,6,20,-1,0.8395118091064037,,,12.0,
vienna,link+k25,1,7,20,3,0.6243608473338204,0.6117604090577063,-0.012600438276114012,,
vienna,link+k25,1,7,20,5,0.7238708302897492,0.7270513757000243,0.0031805454102751263,,
vienna,link+k25,1,7,20,8,0.7939037009982955,0.8057280253226199,0.011824324324324342,,
vienna,link+k25,1,7,20,-1,0.8540905770635501,,,12.0,
vienna,link+k25,1,8,20,3,0.6243608473338204,0.6117604090577063,-0.012600438276114012,,
vienna,link+k25,1,8,20,5,0.7238708302897492,0.7270513757000243,0.0031805454102751263,,
vienna,link+k25,1,8,20,8,0.7939037009982955,0.8057280253226199,0.011824324324324342,,
vienna,link+k25,1,8,20,-1,0.8510469929388849,,,12.0,
vienna,link+k25,1,9,20,3,0.6243608473338204,0.6117604090577063,-0.012600438276114012,,
vienna,link+k25,1,9,20,5,0.7236577794010226,0.7270513757000243,0.003393596299001711,,
vienna,link+k25,1,9,20,8,0.792244947650353,0.8057280253226199,0.013483077672266863,,
vienna,link+k25,1,9,20,-1,0.8412770878987095,,,12.0,
vienna,link+k25d,1,0,20,3,0.6117604090577063,0.6117604090577063,0.0,,
vienna,link+k25d,1,0,20,5,0.7270513757000243,0.7270513757000243,0.0,,
vienna,link+k25d,1,0,20,8,0.8057280253226199,0.8057280253226199,0.0,,
vienna,link+k25d,1,0,20,-1,0.8698715607499391,,,15.0,
vienna,link+k50,1,0,20,3,0.6243608473338204,0.6117604090577063,-0.012600438276114012,,
vienna,link+k50,1,0,20,5,0.7238708302897492,0.7270513757000243,0.0031805454102751263,,
vienna,link+k50,1,0,20,8,0.7939037009982955,0.8057280253226199,0.011824324324324342,,
vienna,link+k50,1,0,20,-1,0.8540905770635501,,,12.0,
vienna,link+k50,1,1,20,3,0.6243608473338204,0.6117604090577063,-0.012600438276114012,,
vienna,link+k50,1,1,20,5,0.7238708302897492,0.7270513757000243,0.0031805454102751263,,
vienna,link+k50,1,1,20,8,0.7939037009982955,0.8057280253226199,0.011824324324324342,,
vienna,link+k50,1,1,20,-1,0.8510469929388849,,,12.0,
vienna,link+k50,1,2,20,3,0.6243608473338204,0.6117604090577063,-0.012600438276114012,,
vienna,link+k50,1,2,20,5,0.7238708302897492,0.7270513757000243,0.0031805454102751263,,
vienna,link+k50,1,2,20,8,0.7939037009982955,0.8057280253226199,0.011824324324324342,,
vienna,link+k50,1,2,20,-1,0.8510774287801315,,,12.0,
vienna,link+k50,1,3,20,3,0.6243608473338204,0.6117604090577063,-0.012600438276114012,,
vienna,link+k50,1,3,20,5,0.7238708302897492,0.7270513757000243,0.0031805454102751263,,
vienna,link+k50,1,3,20,8,0.7939037009982955,0.8057280253226199,0.011824324324324342,,
vienna,link+k50,1,3,20,-1,0.8510774287801315,,,12.0,
vienna,link+k50,1,4,20,3,0.6243608473338204,0.6117604090577063,-0.012600438276114012,,
vienna,link+k50,1,4,20,5,0.7236577794010226,0.7270513757000243,0.003393596299001711,,
vienna,link+k50,1,4,20,8,0.792244947650353,0.8057280253226199,0.013483077672266863,,
vienna,link+k50,1,4,20,-1,0.8510774287801315,,,12.0,
vienna,link+k50,1,5,20,3,0.6117604090577063,0.6117604090577063,0.0,,
vienna,link+k50,1,5,20,5,0.7270513757000243,0.7270513757000243,0.0,,
vienna,link+k50,1,5,20,8,0.8057280253226199,0.8057280253226199,0.0,,
vienna,link+k50,1,5,20,-1,0.8540905770635501,,,12.0,
vienna,link+k50,1,6,20,3,0.6117604090577063,0.6117604090577063,0.0,,
vienna,link+k50,1,6,20,5,0.7270513757000243,0.7270513757000243,0.0,,
vienna,link+k50,1,6,20,8,0.8057280253226199,0.8057280253226199,0.0,,
vienna,link+k50,1,6,20,-1,0.8510774287801315,,,12.0,
vienna,link+k50,1,7,20,3,0.6117604090577063,0.6117604090577063,0.0,,
vienna,link+k50,1,7,20,5,0.7270513757000243,0.7270513757000243,0.0,,
vienna,link+k50,1,7,20,8,0.8057280253226199,0.8057280253226199,0.0,,
vienna,link+k50,1,7,20,-1,0.8510774287801315,,,12.0,
vienna,link+k50,1,8,20,3,0.6243608473338204,0.6117604090577063,-0.012600438276114012,,
vienna,link+k50,1,8,20,5,0.7238708302897492,0.7270513757000243,0.0031805454102751263,,
vienna,link+k50,1,8,20,8,0.7939037009982955,0.8057280253226199,0.011824324324324342,,
vienna,link+k50,1,8,20,-1,0.8540905770635501,,,12.0,
vienna,link+k50,1,9,20,3,0.6117604090577063,0.6117604090577063,0.0,,
vienna,link+k50,1,9,20,5,0.7270513757000243,0.7270513757000243,0.0,,
vienna,link+k50,1,9,20,8,0.802882274166058,0.8057280253226199,0.0028457511565619376,,
vienna,link+k50,1,9,20,-1,0.8510774287801315,,,12.0,
vienna,link+k50d,1,0,20,3,0.6117604090577063,0.6117604090577063,0.0,,
vienna,link+k50d,1,0,20,5,0.7270513757000243,0.7270513757000243,0.0,,
vienna,link+k50d,1,0,20,8,0.8057280253226199,0.8057280253226199,0.0,,
vienna,link+k50d,1,0,20,-1,0.8510774287801315,,,12.0,
vienna,link,2,0,20,3,0.6243608473338204,0.6117604090577063,-0.012600438276114012,,
vienna,link,2,0,20,5,0.7238708302897492,0.7270513757000243,0.0031805454102751263,,
vienna,link,2,0,20,8,0.7939037009982955,0.8057280253226199,0.011824324324324342,,
vienna,link,2,0,20,-1,0.8440619673727782,,,12.0,
vienna,link,2,0,10,3,0.6243608473338204,0.6117604090577063,-0.012600438276114012,,
vienna,link,2,0,10,5,0.7238708302897492,0.7270513757000243,0.0031805454102751263,,
vienna,link,2,0,10,8,0.7948319941563184,0.802182249817385,0.007350255661066507,,
vienna,link,2,0,10,-1,0.8155131482834186,,,,
vienna,link_reg,2,0,20,3,0.44349586072559044,0.6117604090577063,0.1682645483321159,,
vienna,link_reg,2,0,20,5,0.6450572193815437,0.7270513757000243,0.08199415631848062,,
vienna,link_reg,2,0,20,8,0.6450572193815437,0.8057280253226199,0.1606708059410762,,
vienna,link_reg,2,0,20,-1,0.17794314584855125,,,1.0,
vienna,link_reg,2,0,10,3,0.5580259313367422,0.6117604090577063,0.05373447772096418,,
vienna,link_reg,2,0,10,5,0.690908814219625,0.7270513757000243,0.03614256148039929,,
vienna,link_reg,2,0,10,8,0.690908814219625,0.802182249817385,0.11127343559775993,,
vienna,link_reg,2,0,10,-1,0.37046505965424886,,,1.0,
vienna,link+k10,2,0,20,3,0.6243608473338204,0.6117604090577063,-0.012600438276114012,,
vienna,link+k10,2,0,20,5,0.7238708302897492,0.7270513757000243,0.0031805454102751263,,
vienna,link+k10,2,0,20,8,0.7939037009982955,0.8057280253226199,0.011824324324324342,,
vienna,link+k10,2,0,20,-1,0.8577580959337716,,,13.0,
vienna,link+k10,2,1,20,3,0.6243608473338204,0.6117604090577063,-0.012600438276114012,,
vienna,link+k10,2,1,20,5,0.7238708302897492,0.7270513757000243,0.0031805454102751263,,
vienna,link+k10,2,1,20,8,0.7939037009982955,0.8057280253226199,0.011824324324324342,,
vienna,link+k10,2,1,20,-1,0.8510774287801315,,,12.0,
vienna,link+k10,2,2,20,3,0.6243608473338204,0.6117604090577063,-0.012600438276114012,,
vienna,link+k10,2,2,20,5,0.7238708302897492,0.7270513757000243,0.0031805454102751263,,
vienna,link+k10,2,2,20,8,0.7939037009982955,0.8057280253226199,0.011824324324324342,,
vienna,link+k10,2,2,20,-1,0.8510469929388849,,,12.0,
vienna,link+k10,2,3,20,3,0.6243608473338204,0.6117604090577063,-0.012600438276114012,,
vienna,link+k10,2,3,20,5,0.7238708302897492,0.7270513757000243,0.0031805454102751263,,
vienna,link+k10,2,3,20,8,0.7939037009982955,0.8057280253226199,0.011824324324324342,,
vienna,link+k10,2,3,20,-1,0.8510774287801315,,,12.0,
vienna,link+k10,2,4,20,3,0.6243608473338204,0.6117604090577063,-0.012600438276114012,,
vienna,link+k10,2,4,20,5,0.7238708302897492,0.7270513757000243,0.0031805454102751263,,
vienna,link+k10,2,4,20,8,0.7939037009982955,0.8057280253226199,0.011824324324324342,,
vienna,link+k10,2,4,20,-1,0.8610299488677867,,,13.0,
vienna,link+k10,2,5,20,3,0.6243608473338204,0.6117604090577063,-0.012600438276114012,,
vienna,link+k10,2,5,20,5,0.7238708302897492,0.7270513757000243,0.0031805454102751263,,
vienna,link+k10,2,5,20,8,0.7939037009982955,0.8057280253226199,0.011824324324324342,,
vienna,link+k10,2,5,20,-1,0.8510774287801315,,,12.0,
vienna,link+k10,2,6,20,3,0.6243608473338204,0.6117604090577063,-0.012600438276114012,,
vienna,link+k10,2,6,20,5,0.7238708302897492,0.7270513757000243,0.0031805454102751263,,
vienna,link+k10,2,6,20,8,0.7939037009982955,0.8057280253226199,0.011824324324324342,,
vienna,link+k10,2,6,20,-1,0.8540905770635501,,,12.0,
vienna,link+k10,2,7,20,3,0.6243608473338204,0.6117604090577063,-0.012600438276114012,,
vienna,link+k10,2,7,20,5,0.7238708302897492,0.7270513757000243,0.0031805454102751263,,
vienna,link+k10,2,7,20,8,0.7939037009982955,0.8057280253226199,0.011824324324324342,,
vienna,link+k10,2,7,20,-1,0.8510774287801315,,,12.0,
vienna,link+k10,2,8,20,3,0.6243608473338204,0.6117604090577063,-0.012600438276114012,,
vienna,link+k10,2,8,20,5,0.7238708302897492,0.7270513757000243,0.0031805454102751263,,
vienna,link+k10,2,8,20,8,0.7939037009982955,0.8057280253226199,0.011824324324324342,,
vienna,link+k10,2,8,20,-1,0.8577580959337716,,,13.0,
vienna,link+k10,2,9,20,3,0.6243608473338204,0.6117604090577063,-0.012600438276114012,,
vienna,link+k10,2,9,20,5,0.7238708302897492,0.7270513757000243,0.0031805454102751263,,
vienna,link+k10,2,9,20,8,0.7939037009982955,0.8057280253226199,0.011824324324324342,,
vienna,link+k10,2,9,20,-1,0.8540905770635501,,,12.0,
vienna,link+k10d,2,0,20,3,0.6115017044071098,0.6117604090577063,0.0002587046505965196,,
vienna,link+k10d,2,0,20,5,0.7238708302897492,0.7270513757000243,0.0031805454102751263,,
vienna,link+k10d,2,0,20,8,0.790936206476747,0.8057280253226199,0.014791818845872884,,
vienna,link+k10d,2,0,20,-1,0.8782566350133918,,,17.0,
vienna,link+k25,2,0,20,3,0.6243608473338204,0.6117604090577063,-0.012600438276114012,,
vienna,link+k25,2,0,20,5,0.7238708302897492,0.7270513757000243,0.0031805454102751263,,
vienna,link+k25,2,0,20,8,0.7939037009982955,0.8057280253226199,0.011824324324324342,,
vienna,link+k25,2,0,20,-1,0.8440619673727782,,,12.0,
vienna,link+k25,2,1,20,3,0.6243608473338204,0.6117604090577063,-0.012600438276114012,,
vienna,link+k25,2,1,20,5,0.7238708302897492,0.7270513757000243,0.0031805454102751263,,
vienna,link+k25,2,1,20,8,0.7939037009982955,0.8057280253226199,0.011824324324324342,,
vienna,link+k25,2,1,20,-1,0.8510774287801315,,,12.0,
vienna,link+k25,2,2,20,3,0.6243608473338204,0.6117604090577063,-0.012600438276114012,,
vienna,link+k25,2,2,20,5,0.7238708302897492,0.7270513757000243,0.0031805454102751263,,
vienna,link+k25,2,2,20,8,0.7939037009982955,0.8057280253226199,0.011824324324324342,,
vienna,link+k25,2,2,20,-1,0.8510774287801315,,,12.0,
vienna,link+k25,2,3,20,3,0.6243608473338204,0.6117604090577063,-0.012600438276114012,,
vienna,link+k25,2,3,20,5,0.7238708302897492,0.7270513757000243,0.0031805454102751263,,
vienna,link+k25,2,3,20,8,0.7939037009982955,0.8057280253226199,0.011824324324324342,,
vienna,link+k25,2,3,20,-1,0.8510774287801315,,,12.0,
vienna,link+k25,2,4,20,3,0.6243608473338204,0.6117604090577063,-0.012600438276114012,,
vienna,link+k25,2,4,20,5,0.7238708302897492,0.7270513757000243,0.0031805454102751263,,
vienna,link+k25,2,4,20,8,0.7939037009982955,0.8057280253226199,0.011824324324324342,,
vienna,link+k25,2,4,20,-1,0.8540905770635501,,,12.0,
vienna,link+k25,2,5,20,3,0.6117604090577063,0.6117604090577063,0.0,,
vienna,link+k25,2,5,20,5,0.7270513757000243,0.7270513757000243,0.0,,
vienna,link+k25,2,5,20,8,0.8057280253226199,0.8057280253226199,0.0,,
vienna,link+k25,2,5,20,-1,0.8610299488677867,,,13.0,
vienna,link+k25,2,6,20,3,0.6243608473338204,0.6117604090577063,-0.012600438276114012,,
vienna,link+k25,2,6,20,5,0.7236577794010226,0.7270513757000243,0.003393596299001711,,
vienna,link+k25,2,6,20,8,0.792244947650353,0.8057280253226199,0.013483077672266863,,
vienna,link+k25,2,6,20,-1,0.8510774287801315,,,12.0,
vienna,link+k25,2,7,20,3,0.6243608473338204,0.6117604090577063,-0.012600438276114012,,
vienna,link+k25,2,7,20,5,0.7238708302897492,0.7270513757000243,0.0031805454102751263,,
vienna,link+k25,2,7,20,8,0.7939037009982955,0.8057280253226199,0.011824324324324342,,
vienna,link+k25,2,7,20,-1,0.8448989530070611,,,12.0,
vienna,link+k25,2,8,20,3,0.6243608473338204,0.6117604090577063,-0.012600438276114012,,
vienna,link+k25,2,8,20,5,0.7238708302897492,0.7270513757000243,0.0031805454102751263,,
vienna,link+k25,2,8,20,8,0.7939037009982955,0.8057280253226199,0.011824324324324342,,
vienna,link+k25,2,8,20,-1,0.8540905770635501,,,12.0,
vienna,link+k25,2,9,20,3,0.6243608473338204,0.6117604090577063,-0.012600438276114012,,
vienna,link+k25,2,9,20,5,0.7236577794010226,0.7270513757000243,0.003393596299001711,,
vienna,link+k25,2,9,20,8,0.792244947650353,0.8057280253226199,0.013483077672266863,,
vienna,link+k25,2,9,20,-1,0.8510774287801315,,,12.0,
vienna,link+k25d,2,0,20,3,0.6243608473338204,0.6117604090577063,-0.012600438276114012,,
vienna,link+k25d,2,0,20,5,0.7238708302897492,0.7270513757000243,0.0031805454102751263,,
vienna,link+k25d,2,0,20,8,0.7920775505234965,0.8057280253226199,0.013650474799123402,,
vienna,link+k25d,2,0,20,-1,0.8511535183832482,,,13.0,
vienna,link+k50,2,0,20,3,0.6243608473338204,0.6117604090577063,-0.012600438276114012,,
vienna,link+k50,2,0,20,5,0.7238708302897492,0.7270513757000243,0.0031805454102751263,,
vienna,link+k50,2,0,20,8,0.7939037009982955,0.8057280253226199,0.011824324324324342,,
vienna,link+k50,2,0,20,-1,0.8540905770635501,,,12.0,
vienna,link+k50,2,1,20,3,0.6243608473338204,0.6117604090577063,-0.012600438276114012,,
vienna,link+k50,2,1,20,5,0.7238708302897492,0.7270513757000243,0.0031805454102751263,,
vienna,link+k50,2,1,20,8,0.7939037009982955,0.8057280253226199,0.011824324324324342,,
vienna,link+k50,2,1,20,-1,0.8610299488677867,,,13.0,
vienna,link+k50,2,2,20,3,0.6243608473338204,0.6117604090577063,-0.012600438276114012,,
vienna,link+k50,2,2,20,5,0.7238708302897492,0.7270513757000243,0.0031805454102751263,,
vienna,link+k50,2,2,20,8,0.7939037009982955,0.8057280253226199,0.011824324324324342,,
vienna,link+k50,2,2,20,-1,0.8510774287801315,,,12.0,
vienna,link+k50,2,3,20,3,0.6243608473338204,0.6117604090577063,-0.012600438276114012,,
vienna,link+k50,2,3,20,5,0.7238708302897492,0.7270513757000243,0.0031805454102751263,,
vienna,link+k50,2,3,20,8,0.7939037009982955,0.8057280253226199,0.011824324324324342,,
vienna,link+k50,2,3,20,-1,0.8510774287801315,,,12.0,
vienna,link+k50,2,4,20,3,0.6243608473338204,0.6117604090577063,-0.012600438276114012,,
vienna,link+k50,2,4,20,5,0.7238708302897492,0.7270513757000243,0.0031805454102751263,,
vienna,link+k50,2,4,20,8,0.7939037009982955,0.8057280253226199,0.011824324324324342,,
vienna,link+k50,2,4,20,-1,0.8510774287801315,,,12.0,
vienna,link+k50,2,5,20,3,0.6243608473338204,0.6117604090577063,-0.012600438276114012,,
vienna,link+k50,2,5,20,5,0.7238708302897492,0.7270513757000243,0.0031805454102751263,,
vienna,link+k50,2,5,20,8,0.7939037009982955,0.8057280253226199,0.011824324324324342,,
vienna,link+k50,2,5,20,-1,0.8540905770635501,,,12.0,
vienna,link+k50,2,6,20,3,0.6243608473338204,0.6117604090577063,-0.012600438276114012,,
vienna,link+k50,2,6,20,5,0.7238708302897492,0.7270513757000243,0.0031805454102751263,,
vienna,link+k50,2,6,20,8,0.7939037009982955,0.8057280253226199,0.011824324324324342,,
vienna,link+k50,2,6,20,-1,0.8510774287801315,,,12.0,
vienna,link+k50,2,7,20,3,0.6243608473338204,0.6117604090577063,-0.012600438276114012,,
vienna,link+k50,2,7,20,5,0.7238708302897492,0.7270513757000243,0.0031805454102751263,,
vienna,link+k50,2,7,20,8,0.7939037009982955,0.8057280253226199,0.011824324324324342,,
vienna,link+k50,2,7,20,-1,0.8510774287801315,,,12.0,
vienna,link+k50,2,8,20,3,0.6243608473338204,0.6117604090577063,-0.012600438276114012,,
vienna,link+k50,2,8,20,5,0.7238708302897492,0.7270513757000243,0.0031805454102751263,,
vienna,link+k50,2,8,20,8,0.7939037009982955,0.8057280253226199,0.011824324324324342,,
vienna,link+k50,2,8,20,-1,0.8540905770635501,,,12.0,
vienna,link+k50,2,9,20,3,0.6243608473338204,0.6117604090577063,-0.012600438276114012,,
vienna,link+k50,2,9,20,5,0.7236577794010226,0.7270513757000243,0.003393596299001711,,
vienna,link+k50,2,9,20,8,0.792244947650353,0.8057280253226199,0.013483077672266863,,
vienna,link+k50,2,9,20,-1,0.8510774287801315,,,12.0,
vienna,link+k50d,2,0,20,3,0.6117604090577063,0.6117604090577063,0.0,,
vienna,link+k50d,2,0,20,5,0.7270513757000243,0.7270513757000243,0.0,,
vienna,link+k50d,2,0,20,8,0.8057280253226199,0.8057280253226199,0.0,,
vienna,link+k50d,2,0,20,-1,0.8510774287801315,,,12.0,
vienna,link,3,0,20,3,0.6117604090577063,0.6117604090577063,0.0,,
vienna,link,3,0,20,5,0.7270513757000243,0.7270513757000243,0.0,,
vienna,link,3,0,20,8,0.802882274166058,0.8057280253226199,0.0028457511565619376,,
vienna,link,3,0,20,-1,0.8367573654735817,,,11.0,
vienna,link,3,0,10,3,0.6117604090577063,0.6117604090577063,0.0,,
vienna,link,3,0,10,5,0.7270513757000243,0.7270513757000243,0.0,,
vienna,link,3,0,10,8,0.7919710250791332,0.802182249817385,0.010211224738251756,,
vienna,link,3,0,10,-1,0.8155131482834186,,,,
vienna,link_reg,3,0,20,3,0.4776296566837107,0.6117604090577063,0.13413075237399563,,
vienna,link_reg,3,0,20,5,0.5878834915997078,0.7270513757000243,0.13916788410031655,,
vienna,link_reg,3,0,20,8,0.5878834915997078,0.8057280253226199,0.21784453372291213,,
vienna,link_reg,3,0,20,-1,0.34966216216216217,,,1.0,
vienna,link_reg,3,0,10,3,0.532581568054541,0.6117604090577063,0.0791788410031653,,
vienna,link_reg,3,0,10,5,0.6213781348916484,0.7270513757000243,0.10567324080837592,,
vienna,link_reg,3,0,10,8,0.6213781348916484,0.802182249817385,0.18080411492573656,,
vienna,link_reg,3,0,10,-1,0.34966216216216217,,,1.0,
vienna,link+k10,3,0,20,3,0.6117604090577063,0.6117604090577063,0.0,,
vienna,link+k10,3,0,20,5,0.7270513757000243,0.7270513757000243,0.0,,
vienna,link+k10,3,0,20,8,0.802882274166058,0.8057280253226199,0.0028457511565619376,,
vienna,link+k10,3,0,20,-1,0.8510469929388849,,,12.0,
vienna,link+k10,3,1,20,3,0.6117604090577063,0.6117604090577063,0.0,,
vienna,link+k10,3,1,20,5,0.7270513757000243,0.7270513757000243,0.0,,
vienna,link+k10,3,1,20,8,0.802882274166058,0.8057280253226199,0.0028457511565619376,,
vienna,link+k10,3,1,20,-1,0.8540905770635501,,,12.0,
vienna,link+k10,3,2,20,3,0.6117604090577063,0.6117604090577063,0.0,,
vienna,link+k10,3,2,20,5,0.7270513757000243,0.7270513757000243,0.0,,
vienna,link+k10,3,2,20,8,0.802882274166058,0.8057280253226199,0.0028457511565619376,,
vienna,link+k10,3,2,20,-1,0.8510469929388849,,,12.0,
vienna,link+k10,3,3,20,3,0.6117604090577063,0.6117604090577063,0.0,,
vienna,link+k10,3,3,20,5,0.7270513757000243,0.7270513757000243,0.0,,
vienna,link+k10,3,3,20,8,0.802882274166058,0.8057280253226199,0.0028457511565619376,,
vienna,link+k10,3,3,20,-1,0.8510774287801315,,,12.0,
vienna,link+k10,3,4,20,3,0.6117604090577063,0.6117604090577063,0.0,,
vienna,link+k10,3,4,20,5,0.7270513757000243,0.7270513757000243,0.0,,
vienna,link+k10,3,4,20,8,0.8057280253226199,0.8057280253226199,0.0,,
vienna,link+k10,3,4,20,-1,0.8610299488677867,,,13.0,
vienna,link+k10,3,5,20,3,0.6117604090577063,0.6117604090577063,0.0,,
vienna,link+k10,3,5,20,5,0.7270513757000243,0.7270513757000243,0.0,,
vienna,link+k10,3,5,20,8,0.802882274166058,0.8057280253226199,0.0028457511565619376,,
vienna,link+k10,3,5,20,-1,0.8540905770635501,,,12.0,
vienna,link+k10,3,6,20,3,0.6117604090577063,0.6117604090577063,0.0,,
vienna,link+k10,3,6,20,5,0.7270513757000243,0.7270513757000243,0.0,,
vienna,link+k10,3,6,20,8,0.802882274166058,0.8057280253226199,0.0028457511565619376,,
vienna,link+k10,3,6,20,-1,0.8540905770635501,,,12.0,
vienna,link+k10,3,7,20,3,0.6117604090577063,0.6117604090577063,0.0,,
vienna,link+k10,3,7,20,5,0.7270513757000243,0.7270513757000243,0.0,,
vienna,link+k10,3,7,20,8,0.802882274166058,0.8057280253226199,0.0028457511565619376,,
vienna,link+k10,3,7,20,-1,0.8510774287801315,,,12.0,
vienna,link+k10,3,8,20,3,0.6117604090577063,0.6117604090577063,0.0,,
vienna,link+k10,3,8,20,5,0.7270513757000243,0.7270513757000243,0.0,,
vienna,link+k10,3,8,20,8,0.802882274166058,0.8057280253226199,0.0028457511565619376,,
vienna,link+k10,3,8,20,-1,0.8510774287801315,,,12.0,
vienna,link+k10,3,9,20,3,0.6117604090577063,0.6117604090577063,0.0,,
vienna,link+k10,3,9,20,5,0.7270513757000243,0.7270513757000243,0.0,,
vienna,link+k10,3,9,20,8,0.802882274166058,0.8057280253226199,0.0028457511565619376,,
vienna,link+k10,3,9,20,-1,0.8540905770635501,,,12.0,
vienna,link+k10d,3,0,20,3,0.6117604090577063,0.6117604090577063,0.0,,
vienna,link+k10d,3,0,20,5,0.7270513757000243,0.7270513757000243,0.0,,
vienna,link+k10d,3,0,20,8,0.802882274166058,0.8057280253226199,0.0028457511565619376,,
vienna,link+k10d,3,0,20,-1,0.8698715607499391,,,15.0,
vienna,link+k25,3,0,20,3,0.6117604090577063,0.6117604090577063,0.0,,
vienna,link+k25,3,0,20,5,0.7270513757000243,0.7270513757000243,0.0,,
vienna,link+k25,3,0,20,8,0.802882274166058,0.8057280253226199,0.0028457511565619376,,
vienna,link+k25,3,0,20,-1,0.8540905770635501,,,12.0,
vienna,link+k25,3,1,20,3,0.6117604090577063,0.6117604090577063,0.0,,
vienna,link+k25,3,1,20,5,0.7270513757000243,0.7270513757000243,0.0,,
vienna,link+k25,3,1,20,8,0.802882274166058,0.8057280253226199,0.0028457511565619376,,
vienna,link+k25,3,1,20,-1,0.8540905770635501,,,12.0,
vienna,link+k25,3,2,20,3,0.6117604090577063,0.6117604090577063,0.0,,
vienna,link+k25,3,2,20,5,0.7270513757000243,0.7270513757000243,0.0,,
vienna,link+k25,3,2,20,8,0.802882274166058,0.8057280253226199,0.0028457511565619376,,
vienna,link+k25,3,2,20,-1,0.8540905770635501,,,12.0,
vienna,link+k25,3,3,20,3,0.6117604090577063,0.6117604090577063,0.0,,
vienna,link+k25,3,3,20,5,0.7270513757000243,0.7270513757000243,0.0,,
vienna,link+k25,3,3,20,8,0.802882274166058,0.8057280253226199,0.0028457511565619376,,
vienna,link+k25,3,3,20,-1,0.8540905770635501,,,12.0,
vienna,link+k25,3,4,20,3,0.6117604090577063,0.6117604090577063,0.0,,
vienna,link+k25,3,4,20,5,0.7270513757000243,0.7270513757000243,0.0,,
vienna,link+k25,3,4,20,8,0.802882274166058,0.8057280253226199,0.0028457511565619376,,
vienna,link+k25,3,4,20,-1,0.8540905770635501,,,12.0,
vienna,link+k25,3,5,20,3,0.6117604090577063,0.6117604090577063,0.0,,
vienna,link+k25,3,5,20,5,0.7270513757000243,0.7270513757000243,0.0,,
vienna,link+k25,3,5,20,8,0.802882274166058,0.8057280253226199,0.0028457511565619376,,
vienna,link+k25,3,5,20,-1,0.8610299488677867,,,13.0,
vienna,link+k25,3,6,20,3,0.6117604090577063,0.6117604090577063,0.0,,
vienna,link+k25,3,6,20,5,0.7270513757000243,0.7270513757000243,0.0,,
vienna,link+k25,3,6,20,8,0.802882274166058,0.8057280253226199,0.0028457511565619376,,
vienna,link+k25,3,6,20,-1,0.8540905770635501,,,12.0,
vienna,link+k25,3,7,20,3,0.6117604090577063,0.6117604090577063,0.0,,
vienna,link+k25,3,7,20,5,0.7270513757000243,0.7270513757000243,0.0,,
vienna,link+k25,3,7,20,8,0.8057280253226199,0.8057280253226199,0.0,,
vienna,link+k25,3,7,20,-1,0.8540905770635501,,,12.0,
vienna,link+k25,3,8,20,3,0.6117604090577063,0.6117604090577063,0.0,,
vienna,link+k25,3,8,20,5,0.7270513757000243,0.7270513757000243,0.0,,
vienna,link+k25,3,8,20,8,0.802882274166058,0.8057280253226199,0.0028457511565619376,,
vienna,link+k25,3,8,20,-1,0.8540905770635501,,,12.0,
vienna,link+k25,3,9,20,3,0.6117604090577063,0.6117604090577063,0.0,,
vienna,link+k25,3,9,20,5,0.7270513757000243,0.7270513757000243,0.0,,
vienna,link+k25,3,9,20,8,0.802882274166058,0.8057280253226199,0.0028457511565619376,,
vienna,link+k25,3,9,20,-1,0.8510774287801315,,,12.0,
vienna,link+k25d,3,0,20,3,0.6117604090577063,0.6117604090577063,0.0,,
vienna,link+k25d,3,0,20,5,0.7270513757000243,0.7270513757000243,0.0,,
vienna,link+k25d,3,0,20,8,0.802882274166058,0.8057280253226199,0.0028457511565619376,,
vienna,link+k25d,3,0,20,-1,0.8577580959337716,,,13.0,
vienna,link+k50,3,0,20,3,0.6117604090577063,0.6117604090577063,0.0,,
vienna,link+k50,3,0,20,5,0.7270513757000243,0.7270513757000243,0.0,,
vienna,link+k50,3,0,20,8,0.802882274166058,0.8057280253226199,0.0028457511565619376,,
vienna,link+k50,3,0,20,-1,0.8540905770635501,,,12.0,
vienna,link+k50,3,1,20,3,0.6117604090577063,0.6117604090577063,0.0,,
vienna,link+k50,3,1,20,5,0.7270513757000243,0.7270513757000243,0.0,,
vienna,link+k50,3,1,20,8,0.8057280253226199,0.8057280253226199,0.0,,
vienna,link+k50,3,1,20,-1,0.8540905770635501,,,12.0,
vienna,link+k50,3,2,20,3,0.6117604090577063,0.6117604090577063,0.0,,
vienna,link+k50,3,2,20,5,0.7270513757000243,0.7270513757000243,0.0,,
vienna,link+k50,3,2,20,8,0.802882274166058,0.8057280253226199,0.0028457511565619376,,
vienna,link+k50,3,2,20,-1,0.8510774287801315,,,12.0,
vienna,link+k50,3,3,20,3,0.6117604090577063,0.6117604090577063,0.0,,
vienna,link+k50,3,3,20,5,0.7270513757000243,0.7270513757000243,0.0,,
vienna,link+k50,3,3,20,8,0.802882274166058,0.8057280253226199,0.0028457511565619376,,
vienna,link+k50,3,3,20,-1,0.8540905770635501,,,12.0,
vienna,link+k50,3,4,20,3,0.6117604090577063,0.6117604090577063,0.0,,
vienna,link+k50,3,4,20,5,0.7270513757000243,0.7270513757000243,0.0,,
vienna,link+k50,3,4,20,8,0.802882274166058,0.8057280253226199,0.0028457511565619376,,
vienna,link+k50,3,4,20,-1,0.8510774287801315,,,12.0,
vienna,link+k50,3,5,20,3,0.6117604090577063,0.6117604090577063,0.0,,
vienna,link+k50,3,5,20,5,0.7270513757000243,0.7270513757000243,0.0,,
vienna,link+k50,3,5,20,8,0.802882274166058,0.8057280253226199,0.0028457511565619376,,
vienna,link+k50,3,5,20,-1,0.8540905770635501,,,12.0,
vienna,link+k50,3,6,20,3,0.6117604090577063,0.6117604090577063,0.0,,
vienna,link+k50,3,6,20,5,0.7270513757000243,0.7270513757000243,0.0,,
vienna,link+k50,3,6,20,8,0.8057280253226199,0.8057280253226199,0.0,,
vienna,link+k50,3,6,20,-1,0.8510774287801315,,,12.0,
vienna,link+k50,3,7,20,3,0.6117604090577063,0.6117604090577063,0.0,,
vienna,link+k50,3,7,20,5,0.7270513757000243,0.7270513757000243,0.0,,
vienna,link+k50,3,7,20,8,0.802882274166058,0.8057280253226199,0.0028457511565619376,,
vienna,link+k50,3,7,20,-1,0.8540905770635501,,,12.0,
vienna,link+k50,3,8,20,3,0.6117604090577063,0.6117604090577063,0.0,,
vienna,link+k50,3,8,20,5,0.7270513757000243,0.7270513757000243,0.0,,
vienna,link+k50,3,8,20,8,0.8057280253226199,0.8057280253226199,0.0,,
vienna,link+k50,3,8,20,-1,0.8540905770635501,,,12.0,
vienna,link+k50,3,9,20,3,0.6117604090577063,0.6117604090577063,0.0,,
vienna,link+k50,3,9,20,5,0.7270513757000243,0.7270513757000243,0.0,,
vienna,link+k50,3,9,20,8,0.802882274166058,0.8057280253226199,0.0028457511565619376,,
vienna,link+k50,3,9,20,-1,0.8510774287801315,,,12.0,
vienna,link+k50d,3,0,20,3,0.6117604090577063,0.6117604090577063,0.0,,
vienna,link+k50d,3,0,20,5,0.7270513757000243,0.7270513757000243,0.0,,
vienna,link+k50d,3,0,20,8,0.802882274166058,0.8057280253226199,0.0028457511565619376,,
vienna,link+k50d,3,0,20,-1,0.8510774287801315,,,12.0,
vienna,link,4,0,20,3,0.6117604090577063,0.6117604090577063,0.0,,
vienna,link,4,0,20,5,0.7270513757000243,0.7270513757000243,0.0,,
vienna,link,4,0,20,8,0.8057280253226199,0.8057280253226199,0.0,,
vienna,link,4,0,20,-1,0.8540905770635501,,,12.0,
vienna,link,4,0,10,3,0.6117604090577063,0.6117604090577063,0.0,,
vienna,link,4,0,10,5,0.7270513757000243,0.7270513757000243,0.0,,
vienna,link,4,0,10,8,0.7948319941563184,0.802182249817385,0.007350255661066507,,
vienna,link,4,0,10,-1,0.8155131482834186,,,,
vienna,link_reg,4,0,20,3,0.5580259313367422,0.6117604090577063,0.05373447772096418,,
vienna,link_reg,4,0,20,5,0.6385135135135135,0.7270513757000243,0.08853786218651083,,
vienna,link_reg,4,0,20,8,0.6385135135135135,0.8057280253226199,0.1672145118091064,,
vienna,link_reg,4,0,20,-1,0.37046505965424886,,,1.0,
vienna,link_reg,4,0,10,3,0.5580259313367422,0.6117604090577063,0.05373447772096418,,
vienna,link_reg,4,0,10,5,0.6385135135135135,0.7270513757000243,0.08853786218651083,,
vienna,link_reg,4,0,10,8,0.6385135135135135,0.802182249817385,0.16366873630387146,,
vienna,link_reg,4,0,10,-1,0.37046505965424886,,,1.0,
vienna,link+k10,4,0,20,3,0.6117604090577063,0.6117604090577063,0.0,,
vienna,link+k10,4,0,20,5,0.7270513757000243,0.7270513757000243,0.0,,
vienna,link+k10,4,0,20,8,0.8057280253226199,0.8057280253226199,0.0,,
vienna,link+k10,4,0,20,-1,0.8610299488677867,,,13.0,
vienna,link+k10,4,1,20,3,0.6117604090577063,0.6117604090577063,0.0,,
vienna,link+k10,4,1,20,5,0.7270513757000243,0.7270513757000243,0.0,,
vienna,link+k10,4,1,20,8,0.802882274166058,0.8057280253226199,0.0028457511565619376,,
vienna,link+k10,4,1,20,-1,0.8510774287801315,,,12.0,
vienna,link+k10,4,2,20,3,0.6117604090577063,0.6117604090577063,0.0,,
vienna,link+k10,4,2,20,5,0.7270513757000243,0.7270513757000243,0.0,,
vienna,link+k10,4,2,20,8,0.802882274166058,0.8057280253226199,0.0028457511565619376,,
vienna,link+k10,4,2,20,-1,0.8510469929388849,,,12.0,
vienna,link+k10,4,3,20,3,0.6117604090577063,0.6117604090577063,0.0,,
vienna,link+k10,4,3,20,5,0.7270513757000243,0.7270513757000243,0.0,,
vienna,link+k10,4,3,20,8,0.8057280253226199,0.8057280253226199,0.0,,
vienna,link+k10,4,3,20,-1,0.8510774287801315,,,12.0,
vienna,link+k10,4,4,20,3,0.6117604090577063,0.6117604090577063,0.0,,
vienna,link+k10,4,4,20,5,0.7270513757000243,0.7270513757000243,0.0,,
vienna,link+k10,4,4,20,8,0.8057280253226199,0.8057280253226199,0.0,,
vienna,link+k10,4,4,20,-1,0.8665388361334307,,,14.0,
vienna,link+k10,4,5,20,3,0.6117604090577063,0.6117604090577063,0.0,,
vienna,link+k10,4,5,20,5,0.7270513757000243,0.7270513757000243,0.0,,
vienna,link+k10,4,5,20,8,0.8057280253226199,0.8057280253226199,0.0,,
vienna,link+k10,4,5,20,-1,0.8540905770635501,,,12.0,
vienna,link+k10,4,6,20,3,0.6117604090577063,0.6117604090577063,0.0,,
vienna,link+k10,4,6,20,5,0.7270513757000243,0.7270513757000243,0.0,,
vienna,link+k10,4,6,20,8,0.802882274166058,0.8057280253226199,0.0028457511565619376,,
vienna,link+k10,4,6,20,-1,0.8540905770635501,,,12.0,
vienna,link+k10,4,7,20,3,0.6117604090577063,0.6117604090577063,0.0,,
vienna,link+k10,4,7,20,5,0.7270513757000243,0.7270513757000243,0.0,,
vienna,link+k10,4,7,20,8,0.8057280253226199,0.8057280253226199,0.0,,
vienna,link+k10,4,7,20,-1,0.8510774287801315,,,12.0,
vienna,link+k10,4,8,20,3,0.6117604090577063,0.6117604090577063,0.0,,
vienna,link+k10,4,8,20,5,0.7270513757000243,0.7270513757000243,0.0,,
vienna,link+k10,4,8,20,8,0.8057280253226199,0.8057280253226199,0.0,,
vienna,link+k10,4,8,20,-1,0.8577580959337716,,,13.0,
vienna,link+k10,4,9,20,3,0.6117604090577063,0.6117604090577063,0.0,,
vienna,link+k10,4,9,20,5,0.7270513757000243,0.7270513757000243,0.0,,
vienna,link+k10,4,9,20,8,0.8057280253226199,0.8057280253226199,0.0,,
vienna,link+k10,4,9,20,-1,0.8540905770635501,,,12.0,
vienna,link+k10d,4,0,20,3,0.6117604090577063,0.6117604090577063,0.0,,
vienna,link+k10d,4,0,20,5,0.7270513757000243,0.7270513757000243,0.0,,
vienna,link+k10d,4,0,20,8,0.8057280253226199,0.8057280253226199,0.0,,
vienna,link+k10d,4,0,20,-1,0.8753652300949598,,,16.0,
vienna,link+k25,4,0,20,3,0.6117604090577063,0.6117604090577063,0.0,,
vienna,link+k25,4,0,20,5,0.7270513757000243,0.7270513757000243,0.0,,
vienna,link+k25,4,0,20,8,0.8057280253226199,0.8057280253226199,0.0,,
vienna,link+k25,4,0,20,-1,0.8540905770635501,,,12.0,
vienna,link+k25,4,1,20,3,0.6117604090577063,0.6117604090577063,0.0,,
vienna,link+k25,4,1,20,5,0.7270513757000243,0.7270513757000243,0.0,,
vienna,link+k25,4,1,20,8,0.8057280253226199,0.8057280253226199,0.0,,
vienna,link+k25,4,1,20,-1,0.8510774287801315,,,12.0,
vienna,link+k25,4,2,20,3,0.6117604090577063,0.6117604090577063,0.0,,
vienna,link+k25,4,2,20,5,0.7270513757000243,0.7270513757000243,0.0,,
vienna,link+k25,4,2,20,8,0.8057280253226199,0.8057280253226199,0.0,,
vienna,link+k25,4,2,20,-1,0.8510774287801315,,,12.0,
vienna,link+k25,4,3,20,3,0.6117604090577063,0.6117604090577063,0.0,,
vienna,link+k25,4,3,20,5,0.7198685171658145,0.7270513757000243,0.007182858534209857,,
vienna,link+k25,4,3,20,8,0.8057280253226199,0.8057280253226199,0.0,,
vienna,link+k25,4,3,20,-1,0.8540905770635501,,,12.0,
vienna,link+k25,4,4,20,3,0.6117604090577063,0.6117604090577063,0.0,,
vienna,link+k25,4,4,20,5,0.7270513757000243,0.7270513757000243,0.0,,
vienna,link+k25,4,4,20,8,0.8057280253226199,0.8057280253226199,0.0,,
vienna,link+k25,4,4,20,-1,0.8540905770635501,,,12.0,
vienna,link+k25,4,5,20,3,0.6117604090577063,0.6117604090577063,0.0,,
vienna,link+k25,4,5,20,5,0.7270513757000243,0.7270513757000243,0.0,,
vienna,link+k25,4,5,20,8,0.8057280253226199,0.8057280253226199,0.0,,
vienna,link+k25,4,5,20,-1,0.8610299488677867,,,13.0,
vienna,link+k25,4,6,20,3,0.6117604090577063,0.6117604090577063,0.0,,
vienna,link+k25,4,6,20,5,0.7270513757000243,0.7270513757000243,0.0,,
vienna,link+k25,4,6,20,8,0.8057280253226199,0.8057280253226199,0.0,,
vienna,link+k25,4,6,20,-1,0.8510774287801315,,,12.0,
vienna,link+k25,4,7,20,3,0.6117604090577063,0.6117604090577063,0.0,,
vienna,link+k25,4,7,20,5,0.7270513757000243,0.7270513757000243,0.0,,
vienna,link+k25,4,7,20,8,0.8057280253226199,0.8057280253226199,0.0,,
vienna,link+k25,4,7,20,-1,0.8540905770635501,,,12.0,
vienna,link+k25,4,8,20,3,0.6117604090577063,0.6117604090577063,0.0,,
vienna,link+k25,4,8,20,5,0.7270513757000243,0.7270513757000243,0.0,,
vienna,link+k25,4,8,20,8,0.8057280253226199,0.8057280253226199,0.0,,
vienna,link+k25,4,8,20,-1,0.8540905770635501,,,12.0,
vienna,link+k25,4,9,20,3,0.6117604090577063,0.6117604090577063,0.0,,
vienna,link+k25,4,9,20,5,0.7270513757000243,0.7270513757000243,0.0,,
vienna,link+k25,4,9,20,8,0.802882274166058,0.8057280253226199,0.0028457511565619376,,
vienna,link+k25,4,9,20,-1,0.8510774287801315,,,12.0,
vienna,link+k25d,4,0,20,3,0.6117604090577063,0.6117604090577063,0.0,,
vienna,link+k25d,4,0,20,5,0.7270513757000243,0.7270513757000243,0.0,,
vienna,link+k25d,4,0,20,8,0.8057280253226199,0.8057280253226199,0.0,,
vienna,link+k25d,4,0,20,-1,0.8665388361334307,,,14.0,
vienna,link+k50,4,0,20,3,0.6117604090577063,0.6117604090577063,0.0,,
vienna,link+k50,4,0,20,5,0.7270513757000243,0.7270513757000243,0.0,,
vienna,link+k50,4,0,20,8,0.802882274166058,0.8057280253226199,0.0028457511565619376,,
vienna,link+k50,4,0,20,-1,0.8540905770635501,,,12.0,
vienna,link+k50,4,1,20,3,0.6117604090577063,0.6117604090577063,0.0,,
vienna,link+k50,4,1,20,5,0.7270513757000243,0.7270513757000243,0.0,,
vienna,link+k50,4,1,20,8,0.8057280253226199,0.8057280253226199,0.0,,
vienna,link+k50,4,1,20,-1,0.8610299488677867,,,13.0,
vienna,link+k50,4,2,20,3,0.6117604090577063,0.6117604090577063,0.0,,
vienna,link+k50,4,2,20,5,0.7270513757000243,0.7270513757000243,0.0,,
vienna,link+k50,4,2,20,8,0.8057280253226199,0.8057280253226199,0.0,,
vienna,link+k50,4,2,20,-1,0.8510774287801315,,,12.0,
vienna,link+k50,4,3,20,3,0.6117604090577063,0.6117604090577063,0.0,,
vienna,link+k50,4,3,20,5,0.7270513757000243,0.7270513757000243,0.0,,
vienna,link+k50,4,3,20,8,0.8057280253226199,0.8057280253226199,0.0,,
vienna,link+k50,4,3,20,-1,0.8510774287801315,,,12.0,
vienna,link+k50,4,4,20,3,0.6117604090577063,0.6117604090577063,0.0,,
vienna,link+k50,4,4,20,5,0.7270513757000243,0.7270513757000243,0.0,,
vienna,link+k50,4,4,20,8,0.8057280253226199,0.8057280253226199,0.0,,
vienna,link+k50,4,4,20,-1,0.8510774287801315,,,12.0,
vienna,link+k50,4,5,20,3,0.6117604090577063,0.6117604090577063,0.0,,
vienna,link+k50,4,5,20,5,0.7270513757000243,0.7270513757000243,0.0,,
vienna,link+k50,4,5,20,8,0.8057280253226199,0.8057280253226199,0.0,,
vienna,link+k50,4,5,20,-1,0.8540905770635501,,,12.0,
vienna,link+k50,4,6,20,3,0.6117604090577063,0.6117604090577063,0.0,,
vienna,link+k50,4,6,20,5,0.7270513757000243,0.7270513757000243,0.0,,
vienna,link+k50,4,6,20,8,0.8057280253226199,0.8057280253226199,0.0,,
vienna,link+k50,4,6,20,-1,0.8510774287801315,,,12.0,
vienna,link+k50,4,7,20,3,0.6117604090577063,0.6117604090577063,0.0,,
vienna,link+k50,4,7,20,5,0.7270513757000243,0.7270513757000243,0.0,,
vienna,link+k50,4,7,20,8,0.8057280253226199,0.8057280253226199,0.0,,
vienna,link+k50,4,7,20,-1,0.8510774287801315,,,12.0,
vienna,link+k50,4,8,20,3,0.6117604090577063,0.6117604090577063,0.0,,
vienna,link+k50,4,8,20,5,0.7270513757000243,0.7270513757000243,0.0,,
vienna,link+k50,4,8,20,8,0.8057280253226199,0.8057280253226199,0.0,,
vienna,link+k50,4,8,20,-1,0.8540905770635501,,,12.0,
vienna,link+k50,4,9,20,3,0.6117604090577063,0.6117604090577063,0.0,,
vienna,link+k50,4,9,20,5,0.7270513757000243,0.7270513757000243,0.0,,
vienna,link+k50,4,9,20,8,0.802882274166058,0.8057280253226199,0.0028457511565619376,,
vienna,link+k50,4,9,20,-1,0.8510774287801315,,,12.0,
vienna,link+k50d,4,0,20,3,0.6117604090577063,0.6117604090577063,0.0,,
vienna,link+k50d,4,0,20,5,0.7270513757000243,0.7270513757000243,0.0,,
vienna,link+k50d,4,0,20,8,0.8057280253226199,0.8057280253226199,0.0,,
vienna,link+k50d,4,0,20,-1,0.8510774287801315,,,12.0,
