{
"type": "FeatureCollection",
"name": "building",
"crs": { "type": "name", "properties": { "name": "urn:ogc:def:crs:OGC:1.3:CRS84" } },
"features": [
{ "type": "Feature", "properties": { "height": 17.817222595214844 }, "geometry": { "type": "Polygon", "coordinates": [ [ [ 11.253524657668947, 43.77732650852866 ], [ 11.253523981550664, 43.777308514756868 ], [ 11.253499147866032, 43.777309004649773 ], [ 11.253497795646219, 43.777273017105401 ], [ 11.253472961975827, 43.777273506992294 ], [ 11.253472285874299, 43.7772555132197 ], [ 11.253447452210716, 43.777256003100895 ], [ 11.253446100024407, 43.77722001555491 ], [ 11.253421266375071, 43.777220505430108 ], [ 11.25342059029029, 43.777202511656704 ], [ 11.253470257573467, 43.77720153190154 ], [ 11.253469581474445, 43.777183538128682 ], [ 11.253494415107657, 43.777183048243323 ], [ 11.253493739001824, 43.777165054470714 ], [ 11.253518572626975, 43.777164564580261 ], [ 11.253517896514335, 43.777146570807901 ], [ 11.253567563747882, 43.77714559101144 ], [ 11.253566887621, 43.777127597239613 ], [ 11.253591721229396, 43.777127107333605 ], [ 11.253591045095705, 43.777109113562013 ], [ 11.25361587869604, 43.777108623650918 ], [ 11.253615202555542, 43.777090629879588 ], [ 11.25366486973946, 43.777089650041823 ], [ 11.253664193584717, 43.777071656271033 ], [ 11.253689027168299, 43.777071166344371 ], [ 11.253688351006749, 43.777053172573815 ], [ 11.253713184582269, 43.777052682642072 ], [ 11.25371250841391, 43.777034688871765 ], [ 11.2537621755482, 43.777033708992718 ], [ 11.253761499365599, 43.777015715222952 ], [ 11.253811166482507, 43.777014735322936 ], [ 11.25381184267998, 43.777032729092092 ], [ 11.25383667624493, 43.777032239133696 ], [ 11.253837352450468, 43.777050232902482 ], [ 11.253862186022225, 43.777049742938395 ], [ 11.25386286223582, 43.777067736706805 ], [ 11.253912529392327, 43.777066756761826 ], [ 11.253913205621423, 43.777084750529561 ], [ 11.253938039206169, 43.777084260548683 ], [ 11.253938715443327, 43.777102254316041 ], [ 11.253963549034882, 43.77710176432948 ], [ 11.253964225280104, 43.777119758096454 ], [ 11.253989058878467, 43.777119268104187 ], [ 11.25398973513175, 43.777137261870806 ], [ 11.25401456873692, 43.77713677187284 ], [ 11.254015244998268, 43.777154765639089 ], [ 11.253965577772426, 43.777155745630253 ], [ 11.253966254019531, 43.777173739397043 ], [ 11.253941420398233, 43.777174229384848 ], [ 11.253942096638529, 43.777192223151879 ], [ 11.253892429379183, 43.777193203111921 ], [ 11.253893105605234, 43.77721119687952 ], [ 11.253868271967185, 43.777211686851743 ], [ 11.25386894818643, 43.777229680619577 ], [ 11.253844114540318, 43.777230170586733 ], [ 11.253844790752751, 43.777248164354802 ], [ 11.25381995709858, 43.777248654316871 ], [ 11.253818604689208, 43.777212666780059 ], [ 11.253793771049278, 43.777213156736124 ], [ 11.253793094852968, 43.777195162967303 ], [ 11.253768261219847, 43.777195652917683 ], [ 11.253768937408719, 43.777213646686796 ], [ 11.253719270125725, 43.777214626571968 ], [ 11.253719946300356, 43.777232620341621 ], [ 11.253695112650481, 43.777233110276427 ], [ 11.253695788818302, 43.777251104046336 ], [ 11.253646121501802, 43.777252083900379 ], [ 11.253646797655382, 43.777270077670828 ], [ 11.253621963988756, 43.777270567590072 ], [ 11.253622640135527, 43.777288561360756 ], [ 11.253572972785522, 43.777289541183677 ], [ 11.253573648918048, 43.777307534954907 ], [ 11.253548815234671, 43.777308024858591 ], [ 11.253549491360388, 43.777326018630063 ], [ 11.253524657668947, 43.77732650852866 ] ] ] } },
{ "type": "Feature", "properties": { "height": 7.2569656372070312 }, "geometry": { "type": "Polygon", "coordinates": [ [ [ 11.254109169131285, 43.777008855470022 ], [ 11.254108492845218, 43.776990861704476 ], [ 11.254133326387768, 43.77699037168199 ], [ 11.254134002681273, 43.77700836544723 ], [ 11.254109169131285, 43.777008855470022 ] ] ] } },
{ "type": "Feature", "properties": { "height": 12.587089538574219 }, "geometry": { "type": "Polygon", "coordinates": [ [ [ 11.256578519976113, 43.77724821681511 ], [ 11.25657784294391, 43.777230223080913 ], [ 11.256627510142051, 43.77722924195325 ], [ 11.256626156049785, 43.777193254485894 ], [ 11.256650989633044, 43.777192763914584 ], [ 11.256649635528419, 43.777156776447583 ], [ 11.256624801960031, 43.777157267018275 ], [ 11.256623447872787, 43.777121279550386 ], [ 11.256598614318643, 43.777121770115073 ], [ 11.25659726024878, 43.777085782646317 ], [ 11.256572426708878, 43.777086273205015 ], [ 11.256571749682324, 43.777068279470228 ], [ 11.256522082615506, 43.777069260570805 ], [ 11.256522759627188, 43.77708725430621 ], [ 11.256547593168348, 43.777086763758298 ], [ 11.256548270188093, 43.777104757493312 ], [ 11.256498603090277, 43.777105738584339 ], [ 11.256499280095779, 43.777123732319914 ], [ 11.256449612980582, 43.777124713389981 ], [ 11.256450289971843, 43.77714270712611 ], [ 11.256375789272029, 43.777144178691692 ], [ 11.256376466241614, 43.77716217242866 ], [ 11.256351632666318, 43.777162662940057 ], [ 11.256352309629094, 43.77718065667726 ], [ 11.256327476045735, 43.777181147183569 ], [ 11.256328153001704, 43.777199140921027 ], [ 11.256278485818232, 43.777200121918057 ], [ 11.256279162759958, 43.777218115656062 ], [ 11.256229495559106, 43.777219096632152 ], [ 11.256228818632252, 43.777201102893535 ], [ 11.256203985038317, 43.777201593373185 ], [ 11.256202631201363, 43.777165605895149 ], [ 11.256177797621673, 43.777166096368802 ], [ 11.256176443802099, 43.777130108889885 ], [ 11.256151610236653, 43.777130599357527 ], [ 11.256150933335242, 43.777112605617667 ], [ 11.256126099776603, 43.77711309607961 ], [ 11.256125422883256, 43.777095102339388 ], [ 11.256175089985037, 43.777094121410713 ], [ 11.256174413077447, 43.777076127671037 ], [ 11.256224080161848, 43.777075146721408 ], [ 11.256223403240018, 43.77705715298228 ], [ 11.256273070307033, 43.777056172011697 ], [ 11.25627239337096, 43.777038178273116 ], [ 11.256297226896089, 43.777037687780044 ], [ 11.256296549953209, 43.777019694041705 ], [ 11.256346216986719, 43.777018713040007 ], [ 11.256345540029594, 43.777000719302208 ], [ 11.256395207045722, 43.776999738279564 ], [ 11.256394530074354, 43.776981744542304 ], [ 11.256444197073101, 43.776980763498713 ], [ 11.25644352008749, 43.776962769761994 ], [ 11.256493187068855, 43.776961788697434 ], [ 11.256492510069002, 43.776943794961291 ], [ 11.256542177032983, 43.776942813875777 ], [ 11.256541500018891, 43.776924820140174 ], [ 11.256616000437848, 43.77692334847238 ], [ 11.256615323402075, 43.776905354737629 ], [ 11.256689823793076, 43.776903883022243 ], [ 11.256690500851155, 43.776921876756077 ], [ 11.256715334320999, 43.7769213861732 ], [ 11.25671668845391, 43.776957373640059 ], [ 11.256741521938, 43.77695688305117 ], [ 11.256742876088291, 43.776992870517169 ], [ 11.256767709586622, 43.77699237992227 ], [ 11.256769063754296, 43.777028367387388 ], [ 11.256793897266869, 43.777027876786491 ], [ 11.256795251451926, 43.777063864250742 ], [ 11.256820084978742, 43.777063373643834 ], [ 11.256821439181181, 43.777099361107204 ], [ 11.256846272722241, 43.777098870494292 ], [ 11.256847626942061, 43.777134857956788 ], [ 11.256872460497364, 43.777134367337894 ], [ 11.256873137615653, 43.777152361068737 ], [ 11.25682347048955, 43.777153342301773 ], [ 11.256824147593598, 43.77717133603317 ], [ 11.256774480450115, 43.77717231724526 ], [ 11.256775157539916, 43.77719031097719 ], [ 11.256725490379051, 43.777191292168325 ], [ 11.256726167454612, 43.77720928590081 ], [ 11.256701333865802, 43.777209776488597 ], [ 11.256702010934555, 43.777227770221323 ], [ 11.25665234374018, 43.777228751381337 ], [ 11.256653020794692, 43.77724674511461 ], [ 11.256578519976113, 43.77724821681511 ] ] ] } },
{ "type": "Feature", "properties": { "height": 16.113273620605469 }, "geometry": { "type": "Polygon", "coordinates": [ [ [ 11.251952867035449, 43.777825689376577 ], [ 11.251952191376741, 43.777807695586922 ], [ 11.251902523539961, 43.777808674693105 ], [ 11.25190184789675, 43.777790680902754 ], [ 11.251852180072337, 43.777791659986754 ], [ 11.251850828817537, 43.777755672404659 ], [ 11.251776327120828, 43.777757140988399 ], [ 11.251775651516676, 43.777739147196343 ], [ 11.251725983730609, 43.777740126224579 ], [ 11.251725308141953, 43.777722132431848 ], [ 11.25167564036825, 43.777723111437922 ], [ 11.251673613650658, 43.777669130057497 ], [ 11.251723281379746, 43.777668151053255 ], [ 11.251723956966522, 43.777686144846186 ], [ 11.251773624707976, 43.777685165819769 ], [ 11.251774300310249, 43.777703159612031 ], [ 11.251823968064066, 43.777702180563423 ], [ 11.251824643681838, 43.777720174355004 ], [ 11.251899145330173, 43.777718705740753 ], [ 11.251899820970877, 43.777736699531353 ], [ 11.251924654859836, 43.77773620998218 ], [ 11.251923303564181, 43.777700222401542 ], [ 11.251948137437646, 43.777699732847587 ], [ 11.251946786129627, 43.777663745267297 ], [ 11.251897118411819, 43.77766472436857 ], [ 11.251896442773621, 43.777646730577722 ], [ 11.251846775068175, 43.777647709656833 ], [ 11.251846099445476, 43.777629715865302 ], [ 11.251796431752394, 43.77763069492223 ], [ 11.251795756145192, 43.777612701130018 ], [ 11.251746088464477, 43.777613680164784 ], [ 11.251745412872772, 43.777595686371896 ], [ 11.251670911369306, 43.777597154882677 ], [ 11.251670235800535, 43.777579161088802 ], [ 11.251645401972228, 43.777579650581302 ], [ 11.25164472641152, 43.777561656787064 ], [ 11.25166956023239, 43.77756116729487 ], [ 11.251667533531714, 43.777507185912675 ], [ 11.251692367329651, 43.77750669641599 ], [ 11.251691016184131, 43.777470708828147 ], [ 11.251715849966571, 43.777470219326695 ], [ 11.251713823230681, 43.777416237945353 ], [ 11.251738656990188, 43.777415748439424 ], [ 11.251736630237632, 43.777361767058416 ], [ 11.251761463974207, 43.777361277548017 ], [ 11.251759437204983, 43.777307296167344 ], [ 11.251784270918623, 43.777306806652454 ], [ 11.251782919727404, 43.777270819065635 ], [ 11.251807753425547, 43.777270329545971 ], [ 11.251805726621109, 43.777216348166135 ], [ 11.251830560296321, 43.777215858642002 ], [ 11.251828533475217, 43.777161877262522 ], [ 11.251853367127495, 43.777161387733919 ], [ 11.25185201590169, 43.777125400147874 ], [ 11.251876849538469, 43.777124910614482 ], [ 11.251875498300299, 43.777088923028792 ], [ 11.251900331921583, 43.777088433490626 ], [ 11.251898980671047, 43.777052445905284 ], [ 11.251923814276834, 43.777051956362342 ], [ 11.251922463013933, 43.777015968777341 ], [ 11.251947296604223, 43.777015479229611 ], [ 11.251945945328959, 43.77697949164498 ], [ 11.251970778903752, 43.776979002092475 ], [ 11.251970103259625, 43.776961008300361 ], [ 11.251994936826353, 43.776960518742762 ], [ 11.25199358552511, 43.776924531158947 ], [ 11.252018419076341, 43.776924041596573 ], [ 11.252017067762734, 43.776888054013121 ], [ 11.252041901298469, 43.776887564445971 ], [ 11.25203987431045, 43.776833583071209 ], [ 11.252064707823251, 43.776833093499583 ], [ 11.25206335648617, 43.776797105916692 ], [ 11.252088189983475, 43.776796616340285 ], [ 11.252087514308439, 43.776778622549045 ], [ 11.252112347797681, 43.776778132967564 ], [ 11.252111672115836, 43.776760139176567 ], [ 11.252161339077572, 43.776759159998022 ], [ 11.252162014774289, 43.776777153788409 ], [ 11.252211681748388, 43.776776174587681 ], [ 11.2522123574606, 43.776794168377386 ], [ 11.252237190954146, 43.776793678768627 ], [ 11.252237866674422, 43.776811672557969 ], [ 11.252262700174773, 43.776811182943511 ], [ 11.252263375903111, 43.776829176732477 ], [ 11.252288209410272, 43.776828687112335 ], [ 11.252288885146672, 43.776846680900924 ], [ 11.252313718660643, 43.776846191275077 ], [ 11.252314394405104, 43.776864185063296 ], [ 11.252339227925882, 43.776863695431757 ], [ 11.252339903678406, 43.776881689219607 ], [ 11.252364737205992, 43.77688119958237 ], [ 11.252365412966578, 43.776899193369843 ], [ 11.252390246500974, 43.776898703726907 ], [ 11.252390922269621, 43.776916697514018 ], [ 11.252415755810825, 43.776916207865376 ], [ 11.252416431587534, 43.776934201652118 ], [ 11.252441265135547, 43.776933711997785 ], [ 11.252441940920319, 43.776951705784171 ], [ 11.25246677447514, 43.776951216124139 ], [ 11.252467450267972, 43.776969209910128 ], [ 11.252492283829604, 43.776968720244405 ], [ 11.252492959630498, 43.776986714030038 ], [ 11.252517793198937, 43.776986224358602 ], [ 11.252518469007892, 43.777004218143858 ], [ 11.252543302583142, 43.777003728466738 ], [ 11.25254397840016, 43.777021722251625 ], [ 11.252568811982215, 43.777021232568806 ], [ 11.252569487807296, 43.777039226353317 ], [ 11.252619154984398, 43.777038246970889 ], [ 11.252619830824976, 43.777056240754732 ], [ 11.252644664420023, 43.77705575105513 ], [ 11.252645340268664, 43.777073744838589 ], [ 11.252670173870518, 43.777073255133296 ], [ 11.252670849727222, 43.777091248916385 ], [ 11.252695683335883, 43.777090759205379 ], [ 11.252696359200648, 43.777108752988106 ], [ 11.25272119281612, 43.777108263271408 ], [ 11.252721868688949, 43.777126257053766 ], [ 11.252746702311228, 43.777125767331363 ], [ 11.252747378192117, 43.777143761113351 ], [ 11.252772211821204, 43.777143271385263 ], [ 11.252772887710156, 43.777161265166868 ], [ 11.252797721346054, 43.777160775433074 ], [ 11.252798397243069, 43.777178769214316 ], [ 11.252823230885774, 43.777178279474839 ], [ 11.252824582696555, 43.777214267036506 ], [ 11.252849416353502, 43.777213777291017 ], [ 11.252850092267268, 43.777231771071449 ], [ 11.252874925931025, 43.777231281320269 ], [ 11.252875601852853, 43.777249275100324 ], [ 11.25290043552342, 43.777248785343438 ], [ 11.252901111453308, 43.777266779123138 ], [ 11.252925945130682, 43.777266289360554 ], [ 11.252926621068635, 43.777284283139871 ], [ 11.25295145475282, 43.777283793371588 ], [ 11.252952130698835, 43.777301787150535 ], [ 11.252976964389825, 43.777301297376567 ], [ 11.252977640343904, 43.777319291155138 ], [ 11.253002474041702, 43.777318801375465 ], [ 11.253003150003842, 43.777336795153673 ], [ 11.253027983708451, 43.777336305368301 ], [ 11.253028659678652, 43.77735429914614 ], [ 11.25305349339007, 43.77735380935507 ], [ 11.253054845347226, 43.777389796909937 ], [ 11.253079679072885, 43.777389307112863 ], [ 11.25308035505984, 43.777407300889891 ], [ 11.253105188792308, 43.777406811087118 ], [ 11.253105864787324, 43.777424804863777 ], [ 11.253130698526601, 43.777424315055306 ], [ 11.253131374529682, 43.777442308831596 ], [ 11.253156208275765, 43.777441819017433 ], [ 11.253157560298677, 43.777477806569202 ], [ 11.253132726537718, 43.777478296383968 ], [ 11.253133402542678, 43.777496290160066 ], [ 11.25310856877366, 43.777496779969759 ], [ 11.25310924477181, 43.777514773746091 ], [ 11.253084410994727, 43.77751526355069 ], [ 11.25308508698607, 43.777533257327256 ], [ 11.253060253200927, 43.777533747126782 ], [ 11.253060929185461, 43.77755174090359 ], [ 11.253036095392252, 43.777552230698021 ], [ 11.253036771369979, 43.77757022447507 ], [ 11.25301193756871, 43.777570714264428 ], [ 11.253012613539626, 43.777588708041719 ], [ 11.252962945920334, 43.777589687604852 ], [ 11.252963621877008, 43.77760768138269 ], [ 11.252938788058986, 43.777608171156466 ], [ 11.25293946400885, 43.777626164934546 ], [ 11.252914630182765, 43.777626654703255 ], [ 11.252915306125823, 43.777644648481576 ], [ 11.252865638456903, 43.777645628003405 ], [ 11.252864962528719, 43.77762763422448 ], [ 11.252840128700754, 43.777628123977003 ], [ 11.252838776861136, 43.77759213641832 ], [ 11.252813943047416, 43.777592626164846 ], [ 11.252813267135984, 43.777574632385104 ], [ 11.252788433329071, 43.777575122125938 ], [ 11.252787757425702, 43.777557128345819 ], [ 11.252762923625598, 43.777557618080941 ], [ 11.25276224773029, 43.777539624300459 ], [ 11.252712580143076, 43.777540603753934 ], [ 11.252711904263263, 43.777522609972763 ], [ 11.252687070476153, 43.777523099691102 ], [ 11.252686394604403, 43.777505105909576 ], [ 11.2526615608241, 43.777505595622216 ], [ 11.252660884960415, 43.777487601840306 ], [ 11.252636051186919, 43.777488091547255 ], [ 11.2526346994763, 43.777452103982654 ], [ 11.252609865717048, 43.777452593683584 ], [ 11.252608514023805, 43.777416606118102 ], [ 11.2525836802788, 43.777417095813057 ], [ 11.252583004440556, 43.777399102029904 ], [ 11.252558170702356, 43.777399591719139 ], [ 11.252557494872175, 43.777381597935623 ], [ 11.252532661140785, 43.777382087619166 ], [ 11.252533336963532, 43.777400081402988 ], [ 11.252508503224078, 43.777400571081451 ], [ 11.252509179040016, 43.777418564865506 ], [ 11.252484345292503, 43.777419054538882 ], [ 11.252485021101633, 43.777437048323186 ], [ 11.252534688610906, 43.777436068970445 ], [ 11.252535364435532, 43.77745406275406 ], [ 11.252585031957169, 43.777453083379136 ], [ 11.252586383638047, 43.777489070944966 ], [ 11.252561549862671, 43.777489560635736 ], [ 11.252563577366381, 43.777543541984926 ], [ 11.252538743568071, 43.777544031671219 ], [ 11.252538067740311, 43.777526037887917 ], [ 11.252463566363927, 43.777527506913536 ], [ 11.2524628905591, 43.77750951312926 ], [ 11.252413222986581, 43.777510492452102 ], [ 11.252412547197251, 43.777492498667129 ], [ 11.252338045856078, 43.777493967610042 ], [ 11.252337370089682, 43.777475973824103 ], [ 11.252287702540638, 43.777476953091814 ], [ 11.252288378292164, 43.77749494687837 ], [ 11.252263544509265, 43.777495436504431 ], [ 11.252264895999328, 43.777531424077971 ], [ 11.252240062200931, 43.777531913699249 ], [ 11.252242089418418, 43.777585895059964 ], [ 11.25221725559709, 43.777586384676773 ], [ 11.252218607063677, 43.777622372250875 ], [ 11.25219377322685, 43.777622861862909 ], [ 11.252196476137803, 43.777694837011531 ], [ 11.252171642270609, 43.777695326619394 ], [ 11.252173669438095, 43.777749307981097 ], [ 11.252148835547965, 43.777749797584491 ], [ 11.252148159832279, 43.777731803797025 ], [ 11.252098492065011, 43.777732782987016 ], [ 11.252097816364824, 43.777714789198868 ], [ 11.252023314731529, 43.777716257942515 ], [ 11.252024666087921, 43.777752245520581 ], [ 11.251999832194031, 43.777752735091632 ], [ 11.252001859211013, 43.777806716459168 ], [ 11.25197702529419, 43.777807206025734 ], [ 11.251977700960335, 43.777825199815091 ], [ 11.251952867035449, 43.777825689376577 ] ] ] } },
{ "type": "Feature", "properties": { "height": 17.278602600097656 }, "geometry": { "type": "Polygon", "coordinates": [ [ [ 11.255267074400718, 43.777400165107423 ], [ 11.255266397758191, 43.777382171357466 ], [ 11.255241564072861, 43.777382661629602 ], [ 11.255240210804564, 43.777346674128857 ], [ 11.255215377133474, 43.777347164394996 ], [ 11.255214700507704, 43.777329170644208 ], [ 11.255189866843423, 43.777329660904641 ], [ 11.255188513608632, 43.777293673402284 ], [ 11.255163679958596, 43.77729416365672 ], [ 11.255162326741187, 43.777258176153488 ], [ 11.255137493105392, 43.777258666401913 ], [ 11.255136816505065, 43.777240672649903 ], [ 11.255111982876079, 43.777241162892622 ], [ 11.255111306283812, 43.777223169140235 ], [ 11.255086472661635, 43.777223659377263 ], [ 11.255087149246464, 43.777241653129963 ], [ 11.255037481985353, 43.777242633588465 ], [ 11.255038158555939, 43.777260627341711 ], [ 11.254988491277448, 43.777261607779273 ], [ 11.254989167833791, 43.777279601533053 ], [ 11.254939500537921, 43.777280581949654 ], [ 11.254940177080019, 43.777298575704002 ], [ 11.254915343423708, 43.777299065904515 ], [ 11.254916019958999, 43.77731705965909 ], [ 11.254841518963991, 43.777318530229216 ], [ 11.254840165938647, 43.777282542718147 ], [ 11.25481533228726, 43.777283032896804 ], [ 11.254814655782964, 43.777265039140865 ], [ 11.254789822138385, 43.777265529313816 ], [ 11.254788469146545, 43.777229541801141 ], [ 11.254763635516209, 43.777230031968074 ], [ 11.254762959028668, 43.777212038211339 ], [ 11.25473812540514, 43.777212528372587 ], [ 11.254738801885248, 43.777230522129635 ], [ 11.254689134621437, 43.777231502436557 ], [ 11.254689811087301, 43.777249496194159 ], [ 11.254664977447021, 43.777249986339839 ], [ 11.254665653906077, 43.777267980097669 ], [ 11.254615986608762, 43.77726896037349 ], [ 11.254616663053575, 43.777286954131867 ], [ 11.25459182939654, 43.777287444261994 ], [ 11.254592505834546, 43.777305438020612 ], [ 11.254542838503726, 43.777306418265304 ], [ 11.254543514927486, 43.77732441202447 ], [ 11.254493847579285, 43.777325392248201 ], [ 11.254494523988804, 43.777343386007921 ], [ 11.254469690306328, 43.777343876111992 ], [ 11.254469013904243, 43.777325882351974 ], [ 11.254444180228576, 43.777326372450361 ], [ 11.254443503834556, 43.777308378689966 ], [ 11.254393836496206, 43.777309358869942 ], [ 11.254393160117685, 43.77729136510888 ], [ 11.254368326455005, 43.777291855190477 ], [ 11.254367650084545, 43.777273861429023 ], [ 11.254342816428673, 43.777274351504929 ], [ 11.254342140066276, 43.77725635774312 ], [ 11.254317306417212, 43.777256847813312 ], [ 11.254316630062878, 43.777238854051134 ], [ 11.25426696277774, 43.777239834174758 ], [ 11.254266286438904, 43.77722184041189 ], [ 11.254241452802829, 43.777222330465307 ], [ 11.254240776472056, 43.77720433670207 ], [ 11.254215942842789, 43.777204826749788 ], [ 11.254215266520077, 43.777186832986182 ], [ 11.25424010014191, 43.777186342938762 ], [ 11.25423942381239, 43.777168349175398 ], [ 11.25426425742616, 43.777167859122898 ], [ 11.254263581089832, 43.777149865359767 ], [ 11.254313248300621, 43.777148885239221 ], [ 11.254312571950049, 43.777130891476638 ], [ 11.254337405547066, 43.777130401408577 ], [ 11.254336729189687, 43.777112407646243 ], [ 11.254361562778643, 43.777111917573087 ], [ 11.254360886414455, 43.777093923810995 ], [ 11.254410553575612, 43.777092943649137 ], [ 11.254409877197181, 43.777074949887592 ], [ 11.254434710769385, 43.777074459798882 ], [ 11.254434034384147, 43.777056466037571 ], [ 11.254458867948287, 43.777055975943775 ], [ 11.254458191556241, 43.777037982182712 ], [ 11.254507858667766, 43.777037001979558 ], [ 11.254507182261477, 43.777019008219035 ], [ 11.254532015808863, 43.777018518109685 ], [ 11.254531339395768, 43.777000524349404 ], [ 11.254556172935091, 43.777000034234966 ], [ 11.254555496515188, 43.77698204047492 ], [ 11.254605163577081, 43.776981060230469 ], [ 11.254604487142934, 43.776963066470969 ], [ 11.254629320665504, 43.776962576340978 ], [ 11.25462864422455, 43.776944582581727 ], [ 11.254653477739058, 43.776944092446634 ], [ 11.254652801291295, 43.776926098687625 ], [ 11.254702468303559, 43.776925118401884 ], [ 11.254701791841553, 43.776907124643415 ], [ 11.254726625339309, 43.776906634492761 ], [ 11.254725948870494, 43.776888640734533 ], [ 11.254750782360189, 43.776888150578799 ], [ 11.254750105884566, 43.77687015682082 ], [ 11.2547997728472, 43.776869176493769 ], [ 11.254799096357335, 43.776851182736337 ], [ 11.254823929830275, 43.776850692565041 ], [ 11.254823253333603, 43.776832698807844 ], [ 11.25484808679848, 43.776832208631454 ], [ 11.254847410295001, 43.776814214874513 ], [ 11.254897077208003, 43.776813234506179 ], [ 11.25489640069028, 43.77679524074977 ], [ 11.254921234138406, 43.776794750557826 ], [ 11.254920557613875, 43.776776756801659 ], [ 11.254945391053937, 43.776776266604628 ], [ 11.254944714522599, 43.776758272848696 ], [ 11.25499438138597, 43.776757292439079 ], [ 11.254993704840389, 43.776739298683694 ], [ 11.255018538263698, 43.776738808471094 ], [ 11.255017861711309, 43.776720814715965 ], [ 11.255042695126557, 43.776720324498285 ], [ 11.255042018567361, 43.77670233074339 ], [ 11.255091685381101, 43.776701350292463 ], [ 11.255091008807662, 43.776683356538129 ], [ 11.255115842206155, 43.776682866304874 ], [ 11.255115165625909, 43.776664872550768 ], [ 11.25513999901634, 43.776664382312447 ], [ 11.255139322429287, 43.776646388558575 ], [ 11.255188989193396, 43.776645408066358 ], [ 11.2551883125921, 43.77662741431304 ], [ 11.255213145965778, 43.776626924059151 ], [ 11.255212469357673, 43.776608930306075 ], [ 11.255237302723287, 43.776608440047106 ], [ 11.255238655954996, 43.776644427552583 ], [ 11.255263489334855, 43.776643937287602 ], [ 11.255264165959085, 43.776661931039946 ], [ 11.255288999345751, 43.776661440769274 ], [ 11.255289675978045, 43.776679434521235 ], [ 11.255314509371516, 43.776678944244864 ], [ 11.255315186011874, 43.776696937996455 ], [ 11.255340019412154, 43.776696447714379 ], [ 11.255340696060573, 43.776714441465614 ], [ 11.255365529467662, 43.776713951177847 ], [ 11.255366206124142, 43.776731944928684 ], [ 11.255391039538038, 43.776731454635225 ], [ 11.255391716202583, 43.776749448385701 ], [ 11.255416549623286, 43.776748958086543 ], [ 11.255417902969127, 43.776784945586691 ], [ 11.255442736404074, 43.776784455281522 ], [ 11.255443413085372, 43.776802449031202 ], [ 11.255468246527125, 43.776801958720334 ], [ 11.255468923216485, 43.77681995246963 ], [ 11.255493756665045, 43.776819462153064 ], [ 11.255494433362468, 43.776837455902005 ], [ 11.255519266817839, 43.77683696557974 ], [ 11.255519943523323, 43.776854959328304 ], [ 11.255544776985499, 43.776854469000341 ], [ 11.255545453699046, 43.776872462748528 ], [ 11.255570287168032, 43.776871972414874 ], [ 11.255571640611882, 43.776907959910446 ], [ 11.255596474095109, 43.776907469570794 ], [ 11.255597150825411, 43.776925463318172 ], [ 11.255621984315445, 43.776924972972822 ], [ 11.25562266105381, 43.776942966719815 ], [ 11.255647494550653, 43.776942476368767 ], [ 11.255648171297079, 43.776960470115405 ], [ 11.255673004800729, 43.776959979758658 ], [ 11.255674358310335, 43.776995967251111 ], [ 11.25569919182823, 43.776995476888352 ], [ 11.25569986859141, 43.777013470634181 ], [ 11.25572470211611, 43.777012980265738 ], [ 11.255726055659224, 43.777048967756578 ], [ 11.255750889198167, 43.777048477382124 ], [ 11.255751565978102, 43.777066471127149 ], [ 11.255776399523851, 43.77706598074699 ], [ 11.255777753100475, 43.777101968236217 ], [ 11.255802586660467, 43.77710147785006 ], [ 11.255803263457155, 43.777119471594268 ], [ 11.255828097023956, 43.777118981202413 ], [ 11.255828773828707, 43.777136974946252 ], [ 11.255853607402315, 43.777136484548699 ], [ 11.255854284215129, 43.777154478292161 ], [ 11.255829450634087, 43.777154968690027 ], [ 11.255830127440092, 43.777172962433738 ], [ 11.255780460261251, 43.777173943213903 ], [ 11.255781137053013, 43.777191936958154 ], [ 11.255731469856793, 43.77719291771735 ], [ 11.255732146634314, 43.777210911462156 ], [ 11.25568247942071, 43.777211892200413 ], [ 11.255683156183986, 43.777229885945758 ], [ 11.255658322568808, 43.777230376307102 ], [ 11.255658999325277, 43.777248370052696 ], [ 11.255609332078166, 43.777249350759817 ], [ 11.255610008820392, 43.777267344505958 ], [ 11.255560341555899, 43.777268325192125 ], [ 11.255561018283885, 43.777286318938813 ], [ 11.255511351002008, 43.777287299604033 ], [ 11.255512027715749, 43.777305293351262 ], [ 11.255462360416495, 43.777306273995542 ], [ 11.255463037115991, 43.77732426774331 ], [ 11.255413369799355, 43.777325248366623 ], [ 11.25541404648461, 43.777343242114959 ], [ 11.255389212817915, 43.777343732418835 ], [ 11.255389889496362, 43.777361726167399 ], [ 11.255340222146216, 43.77736270675959 ], [ 11.255340898810422, 43.777380700508701 ], [ 11.255291231442897, 43.77738168107993 ], [ 11.255291908092856, 43.777399674829603 ], [ 11.255267074400718, 43.777400165107423 ] ] ] } },
{ "type": "Feature", "properties": { "height": 16.553619384765625 }, "geometry": { "type": "Polygon", "coordinates": [ [ [ 11.253151476215335, 43.77731586258421 ], [ 11.253150800209211, 43.777297868807764 ], [ 11.253125966522608, 43.777298358619483 ], [ 11.253125290524546, 43.777280364842674 ], [ 11.25310045684475, 43.777280854648701 ], [ 11.25309978085475, 43.777262860871517 ], [ 11.253074947181766, 43.777263350671838 ], [ 11.253074271199827, 43.777245356894284 ], [ 11.253049437533649, 43.777245846688913 ], [ 11.253048761559775, 43.777227852910997 ], [ 11.253023927900404, 43.777228342699928 ], [ 11.253023251934591, 43.777210348921621 ], [ 11.252998418282031, 43.777210838704853 ], [ 11.252997742324281, 43.777192844926191 ], [ 11.25297290867853, 43.777193334703725 ], [ 11.252972232728839, 43.7771753409247 ], [ 11.252947399089896, 43.777175830696528 ], [ 11.25294672314827, 43.777157836917127 ], [ 11.252921889516134, 43.777158326683264 ], [ 11.252921213582569, 43.777140332903485 ], [ 11.252896379957244, 43.777140822663924 ], [ 11.252895704031742, 43.777122828883783 ], [ 11.252870870413224, 43.77712331863853 ], [ 11.252870194495783, 43.777105324858006 ], [ 11.252845360884074, 43.777105814607047 ], [ 11.252844684974697, 43.777087820826161 ], [ 11.252819851369795, 43.777088310569503 ], [ 11.252819175468481, 43.777070316788254 ], [ 11.252794341870386, 43.777070806525906 ], [ 11.252793665977133, 43.777052812744273 ], [ 11.252768832385849, 43.777053302476233 ], [ 11.252768156500657, 43.777035308694231 ], [ 11.252743322916183, 43.777035798420478 ], [ 11.252742647039055, 43.777017804638106 ], [ 11.252717813461388, 43.777018294358669 ], [ 11.25271713759232, 43.777000300575928 ], [ 11.25269230402146, 43.777000790290785 ], [ 11.25269095230008, 43.776964802724493 ], [ 11.252715785856068, 43.776964313010232 ], [ 11.252714434122323, 43.776928325444288 ], [ 11.252739267662815, 43.776927835725253 ], [ 11.252738591789448, 43.776909841942498 ], [ 11.252763425321877, 43.776909352218382 ], [ 11.252762073562153, 43.77687336465327 ], [ 11.252786907079084, 43.776872874924365 ], [ 11.252785555306996, 43.776836887359607 ], [ 11.252810388808431, 43.776836397625928 ], [ 11.252809712915893, 43.776818403843762 ], [ 11.252834546409265, 43.776817914104996 ], [ 11.252833194611197, 43.776781926541069 ], [ 11.252858028089074, 43.776781436797528 ], [ 11.252857352183545, 43.776763443015774 ], [ 11.252882185653357, 43.776762953267145 ], [ 11.252880833829311, 43.77672696570405 ], [ 11.252905667283628, 43.776726475950639 ], [ 11.252904991365108, 43.776708482169305 ], [ 11.252929824811362, 43.776707992410806 ], [ 11.252928472961337, 43.77667200484855 ], [ 11.252953306392094, 43.776671515085276 ], [ 11.252952630460586, 43.776653521304347 ], [ 11.25297746388328, 43.776653031535993 ], [ 11.252976787944965, 43.776635037755305 ], [ 11.2530264547736, 43.776634058203022 ], [ 11.253027130726787, 43.776652051983099 ], [ 11.2530519641476, 43.776651562198573 ], [ 11.25305264010885, 43.776669555978266 ], [ 11.253102306963466, 43.776668576392424 ], [ 11.253102982940211, 43.776686570171449 ], [ 11.253127816374015, 43.776686080370126 ], [ 11.253128492358822, 43.776704074148775 ], [ 11.253178159239416, 43.776703094529367 ], [ 11.253178835239721, 43.776721088307326 ], [ 11.253203668686513, 43.776720598489227 ], [ 11.253204344694883, 43.776738592266831 ], [ 11.253254011601456, 43.77673761261385 ], [ 11.253254687625319, 43.776755606390779 ], [ 11.253279521085103, 43.776755116555883 ], [ 11.253280197117029, 43.776773110332435 ], [ 11.253329864049581, 43.776772130645874 ], [ 11.253330540097005, 43.776790124421751 ], [ 11.253355373569777, 43.776789634570072 ], [ 11.253356049625262, 43.776807628345594 ], [ 11.253405716583794, 43.776806648625453 ], [ 11.25340639265478, 43.776824642400285 ], [ 11.253431226140538, 43.776824152531816 ], [ 11.253431902219585, 43.776842146306279 ], [ 11.253481569204096, 43.776841166552572 ], [ 11.25348224529864, 43.77685916032636 ], [ 11.253507078797389, 43.776858670441101 ], [ 11.253507754899996, 43.776876664214527 ], [ 11.253557421910482, 43.776875684427239 ], [ 11.253558098028588, 43.776893678199976 ], [ 11.253582931540326, 43.77689318829794 ], [ 11.25358360766649, 43.776911182070307 ], [ 11.253633274702958, 43.776910202249447 ], [ 11.253633950844621, 43.776928196021153 ], [ 11.25365878436935, 43.776927706102327 ], [ 11.253659460519076, 43.77694569987365 ], [ 11.253709127581521, 43.776944720019216 ], [ 11.253709803746746, 43.776962713789871 ], [ 11.253734637284463, 43.776962223854255 ], [ 11.253735989631661, 43.776998211394719 ], [ 11.253711156079074, 43.776998701330939 ], [ 11.253711832246179, 43.777016695101388 ], [ 11.253686998685527, 43.777017185032513 ], [ 11.253687674845827, 43.777035178803203 ], [ 11.253638007707773, 43.777036158649899 ], [ 11.253638683853827, 43.777054152421144 ], [ 11.253613850276425, 43.777054642336708 ], [ 11.253614526415669, 43.777072636108173 ], [ 11.253589692830204, 43.777073126018664 ], [ 11.253590368962643, 43.777091119790377 ], [ 11.253565535369114, 43.777091609695773 ], [ 11.253566211494743, 43.777109603467729 ], [ 11.253516544290937, 43.777110583262967 ], [ 11.253517220402323, 43.777128577035455 ], [ 11.253492386792043, 43.777129066925298 ], [ 11.253493062896622, 43.777147060698049 ], [ 11.25346822927828, 43.777147550582789 ], [ 11.253468905376048, 43.777165544355768 ], [ 11.253419238122616, 43.77716652410971 ], [ 11.253419914206139, 43.777184517883242 ], [ 11.253395080571046, 43.777185007752422 ], [ 11.253395756647762, 43.777203001526196 ], [ 11.253346089360825, 43.777203981249009 ], [ 11.253346765423297, 43.77722197502333 ], [ 11.253321931771453, 43.777222464876949 ], [ 11.253322607827117, 43.777240458651505 ], [ 11.253272940506674, 43.777241438343196 ], [ 11.253273616548096, 43.777259432118299 ], [ 11.253248782879499, 43.777259921956365 ], [ 11.253249458914112, 43.777277915731709 ], [ 11.253224625237452, 43.77727840556468 ], [ 11.253225301265257, 43.777296399340266 ], [ 11.253175633895186, 43.77729737899066 ], [ 11.253176309908747, 43.777315372766793 ], [ 11.253151476215335, 43.77731586258421 ] ] ] } },
{ "type": "Feature", "properties": { "height": 16.521499633789062 }, "geometry": { "type": "Polygon", "coordinates": [ [ [ 11.257996744392821, 43.777292221074447 ], [ 11.257996066934293, 43.777274227357978 ], [ 11.257971233340342, 43.777274718222252 ], [ 11.257970555889875, 43.777256724505413 ], [ 11.257945722302733, 43.77725721536401 ], [ 11.257944367418556, 43.777221227929523 ], [ 11.257919533845655, 43.777221718782094 ], [ 11.257918178978862, 43.777185731346734 ], [ 11.257868511860915, 43.777186713034496 ], [ 11.257869189279127, 43.777204706752819 ], [ 11.257819522143796, 43.777205688419635 ], [ 11.257818167337742, 43.777169700981688 ], [ 11.257793333784004, 43.777170191806391 ], [ 11.257791978995336, 43.777134204367577 ], [ 11.257767145455841, 43.77713469518627 ], [ 11.257766468069882, 43.777116701466454 ], [ 11.257741634537194, 43.777117192279462 ], [ 11.257740279782036, 43.777081204839035 ], [ 11.257715446263589, 43.777081695646018 ], [ 11.257714091525813, 43.777045708204717 ], [ 11.257664424516777, 43.77704668980131 ], [ 11.257665101870481, 43.777064683522603 ], [ 11.257615434844061, 43.777065665098256 ], [ 11.257616112183523, 43.777083658820096 ], [ 11.257566445139721, 43.777084640374774 ], [ 11.257567122464939, 43.777102634097176 ], [ 11.257517455403756, 43.777103615630921 ], [ 11.257518132714733, 43.777121609353848 ], [ 11.257468465636164, 43.777122590866639 ], [ 11.257467788340058, 43.777104597143087 ], [ 11.257418121273847, 43.777105578633687 ], [ 11.257418798555081, 43.777123572357851 ], [ 11.2573939650136, 43.777124063095364 ], [ 11.257392610466626, 43.777088075646361 ], [ 11.257367776939386, 43.77708856637787 ], [ 11.257366422409795, 43.777052578927979 ], [ 11.257341588896798, 43.777053069653498 ], [ 11.257340911640382, 43.777035075928147 ], [ 11.257316078134188, 43.777035566647967 ], [ 11.257314723638109, 43.776999579196456 ], [ 11.25728989014616, 43.777000069910265 ], [ 11.257291244627369, 43.777036057362395 ], [ 11.257216744103143, 43.777037529473304 ], [ 11.257217421322384, 43.77705552320019 ], [ 11.257192587805617, 43.777056013893358 ], [ 11.257193265018051, 43.77707400762047 ], [ 11.257267765588773, 43.777072535523899 ], [ 11.257268442824142, 43.777090529250025 ], [ 11.257293276353895, 43.777090038540067 ], [ 11.257294630841386, 43.777126025991542 ], [ 11.257244963751511, 43.77712700740728 ], [ 11.25724564098133, 43.777145001133526 ], [ 11.257195973874069, 43.77714598252831 ], [ 11.257196651089643, 43.777163976255096 ], [ 11.257146983965004, 43.777164957628941 ], [ 11.257147661166336, 43.777182951356281 ], [ 11.25709799402431, 43.777183932709157 ], [ 11.257098671211402, 43.777201926437037 ], [ 11.257024170471349, 43.777203398426849 ], [ 11.257022816142408, 43.777167410969163 ], [ 11.256997982576005, 43.777167901621034 ], [ 11.256997305419912, 43.77714990789179 ], [ 11.256972471860315, 43.777150398537962 ], [ 11.256971117564886, 43.777114411078649 ], [ 11.256946284019532, 43.777114901718811 ], [ 11.256944929741485, 43.777078914258638 ], [ 11.256920096210372, 43.777079404892802 ], [ 11.256918741949706, 43.777043417431763 ], [ 11.256893908432838, 43.777043908059916 ], [ 11.256892554189557, 43.777007920598002 ], [ 11.256867720686929, 43.777008411220159 ], [ 11.256866366461031, 43.77697242375735 ], [ 11.256841532972645, 43.776972914373509 ], [ 11.256840178764127, 43.776936926909841 ], [ 11.256815345289986, 43.776937417519989 ], [ 11.256813991098852, 43.776901430055439 ], [ 11.256863658016766, 43.776900448830979 ], [ 11.25686298090727, 43.776882455099219 ], [ 11.2569126478078, 43.776881473853805 ], [ 11.256911293560952, 43.776845486391316 ], [ 11.25688646012587, 43.776845977016109 ], [ 11.256885105896403, 43.776809989552739 ], [ 11.256934772736198, 43.77680900829899 ], [ 11.256934095607537, 43.776791014567834 ], [ 11.256983762429948, 43.776790033293132 ], [ 11.256983085287045, 43.776772039562516 ], [ 11.257032752092075, 43.776771058266867 ], [ 11.25703207493493, 43.776753064536791 ], [ 11.257081741722578, 43.776752083220195 ], [ 11.257081064551189, 43.776734089490674 ], [ 11.257130731321453, 43.776733108153117 ], [ 11.257130054135823, 43.776715114424142 ], [ 11.257179720888706, 43.776714133065632 ], [ 11.257179043688833, 43.776696139337211 ], [ 11.257228710424332, 43.776695157957747 ], [ 11.257228033210218, 43.776677164229874 ], [ 11.257277699928336, 43.776676182829448 ], [ 11.257277022699979, 43.776658189102115 ], [ 11.257326689400713, 43.776657207680749 ], [ 11.257326012158114, 43.776639213953963 ], [ 11.257375678841468, 43.776638232511644 ], [ 11.257375001584627, 43.776620238785412 ], [ 11.257424668250595, 43.776619257322139 ], [ 11.257423990979515, 43.776601263596454 ], [ 11.257498490951448, 43.776599791362031 ], [ 11.257497813658691, 43.776581797637185 ], [ 11.257547480288638, 43.776580816121232 ], [ 11.257546802981636, 43.77656282239694 ], [ 11.257596469594201, 43.776561840860033 ], [ 11.257595792272957, 43.776543847136288 ], [ 11.257645458868138, 43.776542865578421 ], [ 11.257644781532655, 43.776524871855237 ], [ 11.25771928139841, 43.776523399478918 ], [ 11.257718604041248, 43.776505405756581 ], [ 11.257793103879044, 43.77650393333267 ], [ 11.257794458638607, 43.776539920775434 ], [ 11.257819291931485, 43.776539429956074 ], [ 11.25782064670843, 43.776575417397972 ], [ 11.257845480015552, 43.776574926572593 ], [ 11.2578461574124, 43.776592920293147 ], [ 11.257870990726328, 43.776592429462077 ], [ 11.257872345536784, 43.776628416902355 ], [ 11.257897178864951, 43.776627926065274 ], [ 11.25789853369279, 43.776663913504677 ], [ 11.257923367035202, 43.776663422661606 ], [ 11.257924044457498, 43.776681416380903 ], [ 11.257948877806717, 43.776680925532126 ], [ 11.257950232668065, 43.776716912969917 ], [ 11.257975066031523, 43.776716422115129 ], [ 11.257976420910255, 43.776752409552046 ], [ 11.258001254287956, 43.776751918691261 ], [ 11.2580019317357, 43.776769912409314 ], [ 11.25802676512021, 43.776769421542831 ], [ 11.258028120032451, 43.776805408978127 ], [ 11.2580529534312, 43.77680491810564 ], [ 11.258054308360828, 43.776840905540077 ], [ 11.258079141773818, 43.776840414661585 ], [ 11.258080496720828, 43.776876402095127 ], [ 11.258105330148062, 43.776875911210631 ], [ 11.258106007629944, 43.776893904927007 ], [ 11.258130841063984, 43.776893414036799 ], [ 11.258132196044505, 43.776929401468742 ], [ 11.258157029492788, 43.776928910572543 ], [ 11.258158384490692, 43.776964898003605 ], [ 11.258183217953217, 43.776964407101396 ], [ 11.258184572968505, 43.777000394531569 ], [ 11.258209406445269, 43.77699990362337 ], [ 11.25821076147794, 43.77703589105267 ], [ 11.25823559496895, 43.777035400138459 ], [ 11.258236950019006, 43.777071387566899 ], [ 11.258261783524256, 43.777070896646684 ], [ 11.258262461057662, 43.777088890360496 ], [ 11.258287294569719, 43.777088399434575 ], [ 11.258288649653284, 43.777124386861388 ], [ 11.258313483179586, 43.777123895929471 ], [ 11.258314838280535, 43.777159883355417 ], [ 11.258265171197568, 43.777160865215095 ], [ 11.258265848734116, 43.777178858928579 ], [ 11.258216181633761, 43.777179840767296 ], [ 11.258216859156066, 43.777197834481335 ], [ 11.258192025597513, 43.777198325392909 ], [ 11.258192703113012, 43.77721631910719 ], [ 11.258143035979147, 43.777217300914785 ], [ 11.258143713480404, 43.777235294629612 ], [ 11.258094046329155, 43.777236276416247 ], [ 11.258094723816169, 43.777254270131621 ], [ 11.258045056647537, 43.777255251897323 ], [ 11.258045734120309, 43.77727324561323 ], [ 11.258020900527615, 43.777273736488297 ], [ 11.258021577993579, 43.777291730204468 ], [ 11.257996744392821, 43.777292221074447 ] ] ] } },
{ "type": "Feature", "properties": { "height": 7.1497039794921875 }, "geometry": { "type": "Polygon", "coordinates": [ [ [ 11.254140089351042, 43.777170309331481 ], [ 11.25413941305189, 43.777152315566823 ], [ 11.254114579442421, 43.77715280559206 ], [ 11.254113903151334, 43.77713481182704 ], [ 11.254089069548671, 43.77713530184657 ], [ 11.254088393265645, 43.777117308081181 ], [ 11.254063559669792, 43.777117798095013 ], [ 11.25406288339483, 43.777099804329247 ], [ 11.25401321621611, 43.777100784340142 ], [ 11.254012539956646, 43.777082790573694 ], [ 11.253987706373781, 43.777083280570743 ], [ 11.25398703012238, 43.777065286803925 ], [ 11.253962196546322, 43.77706577679529 ], [ 11.253961520302983, 43.777047783028102 ], [ 11.253936686733734, 43.777048273013754 ], [ 11.253936010498457, 43.777030279246191 ], [ 11.253886343372947, 43.777031259200733 ], [ 11.25388566715317, 43.777013265432494 ], [ 11.253860833596908, 43.77701375540137 ], [ 11.253860157385192, 43.776995761632762 ], [ 11.253835323835741, 43.776996251595939 ], [ 11.253834647632086, 43.776978257826954 ], [ 11.253859481174104, 43.776977767864096 ], [ 11.253858804963642, 43.776959774095346 ], [ 11.253883638497594, 43.7769592841274 ], [ 11.253882962280324, 43.776941290358899 ], [ 11.253932629331482, 43.776940310407426 ], [ 11.253931953099967, 43.776922316639471 ], [ 11.25395678661717, 43.776921826655965 ], [ 11.253956110378848, 43.776903832888237 ], [ 11.253980943887987, 43.776903342899622 ], [ 11.253980267642858, 43.776885349132165 ], [ 11.254029934644384, 43.776884369139403 ], [ 11.25402925838501, 43.776866375372478 ], [ 11.254054091877398, 43.776865885368302 ], [ 11.254053415611217, 43.776847891601626 ], [ 11.254078249095542, 43.776847401592384 ], [ 11.254077572822554, 43.776829407825936 ], [ 11.254127239774453, 43.776828427791877 ], [ 11.254126563487221, 43.776810434025982 ], [ 11.254151396954793, 43.776809944001158 ], [ 11.254150720660753, 43.776791950235513 ], [ 11.254175554120264, 43.776791460205615 ], [ 11.254174877819416, 43.776773466440197 ], [ 11.254224544721685, 43.776772486364834 ], [ 11.254223868406594, 43.77675449259997 ], [ 11.254248701849354, 43.776754002554512 ], [ 11.254248025527453, 43.776736008789889 ], [ 11.25427285896215, 43.776735518739343 ], [ 11.254272182633443, 43.776717524974963 ], [ 11.254321849486082, 43.776716544858303 ], [ 11.254321173143133, 43.776698551094469 ], [ 11.254346006561077, 43.776698061028362 ], [ 11.254345330211319, 43.77668006726477 ], [ 11.254394997030454, 43.776679087116989 ], [ 11.254394320666455, 43.776661093353937 ], [ 11.254419154067644, 43.776660603272269 ], [ 11.254418477696838, 43.776642609509459 ], [ 11.254443311089966, 43.776642119422704 ], [ 11.254442634712348, 43.776624125660135 ], [ 11.254492301481855, 43.776623145471056 ], [ 11.254491625089996, 43.776605151709035 ], [ 11.254516458466371, 43.776604661606711 ], [ 11.254515782067704, 43.776586667844931 ], [ 11.254540615436019, 43.776586177737528 ], [ 11.254539939030545, 43.776568183975996 ], [ 11.254589605750422, 43.776567203745628 ], [ 11.254588929330703, 43.77654920998463 ], [ 11.254613762682265, 43.776548719861665 ], [ 11.254613086255741, 43.776530726100923 ], [ 11.254637919599242, 43.776530235972871 ], [ 11.254637243165908, 43.776512242212362 ], [ 11.254686909836154, 43.776511261940698 ], [ 11.254686233388579, 43.776493268180722 ], [ 11.254711066715327, 43.776492778037124 ], [ 11.254710390260943, 43.776474784277397 ], [ 11.254735223579628, 43.776474294128697 ], [ 11.254734547118437, 43.776456300369212 ], [ 11.254784213739056, 43.776455320056264 ], [ 11.25478353726362, 43.776437326297327 ], [ 11.254808370565552, 43.776436836133058 ], [ 11.254807694083309, 43.776418842374355 ], [ 11.254832527377181, 43.776418352205013 ], [ 11.254831850888133, 43.776400358446558 ], [ 11.254881517459118, 43.776399378092307 ], [ 11.254880840955829, 43.776381384334407 ], [ 11.254905674232946, 43.776380894149504 ], [ 11.254904997722846, 43.776362900391838 ], [ 11.254929830991902, 43.776362410201841 ], [ 11.254929154474997, 43.776344416444424 ], [ 11.255003654256091, 43.776342945843012 ], [ 11.255004330795304, 43.77636093959952 ], [ 11.255029164061849, 43.776360449387958 ], [ 11.255029840609124, 43.776378443144097 ], [ 11.2550795071552, 43.776377462704197 ], [ 11.255080183717972, 43.77639545645966 ], [ 11.255129850276411, 43.776394475997577 ], [ 11.255130526854682, 43.776412469752358 ], [ 11.255155360140394, 43.776411979512929 ], [ 11.255156036726726, 43.776429973267348 ], [ 11.255205703311139, 43.776428992771692 ], [ 11.25520637991297, 43.776446986525421 ], [ 11.255256046509741, 43.776446006007596 ], [ 11.255256723127069, 43.776463999760651 ], [ 11.255281556431948, 43.77646350949334 ], [ 11.255282233057338, 43.776481503246032 ], [ 11.255331899680087, 43.776480522694619 ], [ 11.25533325296249, 43.776516510198583 ], [ 11.25530841963656, 43.776517000477575 ], [ 11.255309096271267, 43.776534994229756 ], [ 11.255259429602653, 43.776535974772209 ], [ 11.255260106223115, 43.776553968524937 ], [ 11.255235272880434, 43.776554458788375 ], [ 11.255235949494091, 43.776572452541352 ], [ 11.255211116143347, 43.77657294279971 ], [ 11.255211792750195, 43.776590936552921 ], [ 11.25516212603195, 43.776591917054084 ], [ 11.255162802624559, 43.776609910807849 ], [ 11.255137969257058, 43.776610401050647 ], [ 11.255138645842859, 43.776628394804639 ], [ 11.255113812467297, 43.776628885042356 ], [ 11.25511448904629, 43.776646878796591 ], [ 11.255064822278415, 43.776647859256471 ], [ 11.255065498843162, 43.776665853011238 ], [ 11.255040665450849, 43.776666343233394 ], [ 11.255041342008791, 43.776684336988431 ], [ 11.255016508608414, 43.7766848272055 ], [ 11.255017185159549, 43.776702820960764 ], [ 11.254967518342042, 43.776703801379334 ], [ 11.254968194878932, 43.776721795135145 ], [ 11.254943361461804, 43.77672228533666 ], [ 11.254944037991887, 43.776740279092706 ], [ 11.254919204566695, 43.776740769289127 ], [ 11.254919881089972, 43.776758763045422 ], [ 11.254870214222834, 43.776759743422701 ], [ 11.254870890731867, 43.776777737179543 ], [ 11.254846057289923, 43.77677822736041 ], [ 11.254846733792148, 43.776796221117486 ], [ 11.254797066891507, 43.776797201463644 ], [ 11.254797743379488, 43.776815195221268 ], [ 11.25477290992079, 43.776815685386566 ], [ 11.254773586401965, 43.776833679144431 ], [ 11.254748752935205, 43.776834169304649 ], [ 11.254749429409571, 43.776852163062763 ], [ 11.2546997624593, 43.776853143367624 ], [ 11.254700438919423, 43.776871137126278 ], [ 11.25467560543591, 43.776871627270936 ], [ 11.254676281889227, 43.776889621029838 ], [ 11.254651448397652, 43.776890111169386 ], [ 11.25465212484416, 43.776908104928545 ], [ 11.254602457844257, 43.776909085192116 ], [ 11.254603134276522, 43.7769270789518 ], [ 11.254578300768193, 43.776927569075795 ], [ 11.254578977193651, 43.776945562835728 ], [ 11.254529310160244, 43.776946543068171 ], [ 11.254529986571457, 43.776964536828643 ], [ 11.254505153046377, 43.776965026937084 ], [ 11.254505829450782, 43.776983020697799 ], [ 11.254480995917639, 43.776983510801159 ], [ 11.254481672315238, 43.777001504562115 ], [ 11.2544320052322, 43.777002484753261 ], [ 11.254432681615555, 43.777020478514764 ], [ 11.254407848065659, 43.77702096860255 ], [ 11.254408524442207, 43.777038962364301 ], [ 11.254383690884248, 43.777039452447006 ], [ 11.254384367253987, 43.777057446208993 ], [ 11.254334700121317, 43.777058426358835 ], [ 11.254335376476815, 43.777076420121368 ], [ 11.254310542902104, 43.777076910188505 ], [ 11.254311219250791, 43.77709490395128 ], [ 11.254261552084616, 43.777095884070008 ], [ 11.254262228419062, 43.77711387783333 ], [ 11.2542373948276, 43.777114367884906 ], [ 11.254238071155234, 43.777132361648462 ], [ 11.25421323755571, 43.777132851694965 ], [ 11.254213913876539, 43.77715084545877 ], [ 11.254164246660734, 43.777151825536201 ], [ 11.25416492296732, 43.777169819300553 ], [ 11.254140089351042, 43.777170309331481 ] ] ] } },
{ "type": "Feature", "properties": { "height": 14.504196166992188 }, "geometry": { "type": "Polygon", "coordinates": [ [ [ 11.252564757044892, 43.776913269860337 ], [ 11.252564081224197, 43.776895276075379 ], [ 11.252539247694189, 43.776895765756052 ], [ 11.252538571881558, 43.77687777197071 ], [ 11.252513738358358, 43.776878261645699 ], [ 11.252513062553787, 43.776860267859981 ], [ 11.252488229037397, 43.776860757529271 ], [ 11.252487553240888, 43.776842763743183 ], [ 11.252462719731305, 43.776843253406774 ], [ 11.252462043942861, 43.776825259620317 ], [ 11.252412376936684, 43.776826238930703 ], [ 11.252411701163735, 43.77680824514357 ], [ 11.252386867667141, 43.776808734790379 ], [ 11.252386191902257, 43.776790741002877 ], [ 11.252361358412472, 43.77679123064398 ], [ 11.252360682655647, 43.776773236856101 ], [ 11.25233584917267, 43.776773726491513 ], [ 11.252335173423909, 43.776755732703265 ], [ 11.252310339947741, 43.776756222332978 ], [ 11.25230966420704, 43.776738228544367 ], [ 11.252284830737683, 43.776738718168374 ], [ 11.252284155005043, 43.776720724379388 ], [ 11.252259321542493, 43.776721213997703 ], [ 11.252258645817916, 43.776703220208354 ], [ 11.252233812362174, 43.776703709820978 ], [ 11.252233136645659, 43.776685716031245 ], [ 11.252208303196726, 43.776686205638164 ], [ 11.252207627488273, 43.776668211848062 ], [ 11.252157960603396, 43.776669191045123 ], [ 11.252157284910441, 43.776651197254346 ], [ 11.252182118345758, 43.776650707658817 ], [ 11.252180766946855, 43.776614720077681 ], [ 11.252205600366675, 43.776614230477378 ], [ 11.252204248955412, 43.776578242896591 ], [ 11.252229082359733, 43.776577753291498 ], [ 11.252227730936106, 43.776541765711073 ], [ 11.252252564324932, 43.776541276101206 ], [ 11.25225121288894, 43.776505288521129 ], [ 11.252276046262271, 43.776504798906473 ], [ 11.252274694813915, 43.776468811326744 ], [ 11.252299528171745, 43.776468321707306 ], [ 11.252298176711029, 43.776432334127932 ], [ 11.252323010053365, 43.776431844503726 ], [ 11.252320982844683, 43.776377863135082 ], [ 11.252345816164086, 43.776377373506399 ], [ 11.252344464679895, 43.77634138592758 ], [ 11.252369297983801, 43.776340896294123 ], [ 11.252367946487247, 43.776304908715673 ], [ 11.252442446350594, 43.776303439784776 ], [ 11.252443122120864, 43.776321433573123 ], [ 11.252492788708164, 43.77632045425829 ], [ 11.252493464493929, 43.776338448045955 ], [ 11.252543131093594, 43.776337468708952 ], [ 11.252543806894858, 43.776355462495943 ], [ 11.252568640201185, 43.776354972819043 ], [ 11.25256931601051, 43.77637296660567 ], [ 11.252594149323645, 43.776372476923079 ], [ 11.252594825141031, 43.77639047070933 ], [ 11.252619658460974, 43.77638998102104 ], [ 11.252620334286423, 43.776407974806915 ], [ 11.2526700009393, 43.776406995413545 ], [ 11.252670676780244, 43.776424989198752 ], [ 11.252695510113178, 43.776424499493672 ], [ 11.252696185962185, 43.776442493278509 ], [ 11.252721019301926, 43.776442003567723 ], [ 11.252721695158995, 43.776459997352184 ], [ 11.252771361851467, 43.776459017913858 ], [ 11.252772037724034, 43.776477011697644 ], [ 11.252796871076765, 43.776476521970089 ], [ 11.252797546957394, 43.776494515753498 ], [ 11.252822380316932, 43.776494026020238 ], [ 11.252823056205623, 43.776512019803285 ], [ 11.252872722937692, 43.776511040319988 ], [ 11.252873398841878, 43.776529034102339 ], [ 11.252898232214406, 43.776528544352303 ], [ 11.252898908126657, 43.776546538134298 ], [ 11.252874074746693, 43.776547027884646 ], [ 11.2528754265582, 43.776583015449042 ], [ 11.252850593162739, 43.776583505194615 ], [ 11.252851269061999, 43.77660149897703 ], [ 11.252826435658475, 43.776601988717502 ], [ 11.252827787444005, 43.776637976282743 ], [ 11.252802954024986, 43.77663846601844 ], [ 11.252803629911254, 43.776656459801274 ], [ 11.252778796484172, 43.77665694953189 ], [ 11.252780148243721, 43.776692937097955 ], [ 11.252755314801142, 43.77669342682379 ], [ 11.252755990674423, 43.776711420607036 ], [ 11.252731157223781, 43.776711910327784 ], [ 11.252732508957351, 43.776747897894673 ], [ 11.252707675491212, 43.776748387610652 ], [ 11.25270902721242, 43.776784375177911 ], [ 11.252684193730783, 43.776784864889102 ], [ 11.252684869584892, 43.776802858672937 ], [ 11.252660036095193, 43.776803348379033 ], [ 11.252661387790422, 43.776839335947116 ], [ 11.252636554285226, 43.776839825648437 ], [ 11.252637230126345, 43.776857819432692 ], [ 11.252612396613086, 43.776858309128933 ], [ 11.252613748282334, 43.77689429669784 ], [ 11.252588914753579, 43.776894786389306 ], [ 11.252589590581708, 43.776912780173973 ], [ 11.252564757044892, 43.776913269860337 ] ] ] } },
{ "type": "Feature", "properties": { "height": 12.988151550292969 }, "geometry": { "type": "Polygon", "coordinates": [ [ [ 11.251731225591717, 43.777217816706184 ], [ 11.2517305500138, 43.777199822911861 ], [ 11.251680882672609, 43.777200801910993 ], [ 11.251680207110187, 43.777182808115995 ], [ 11.251630539781361, 43.777183787092945 ], [ 11.251629188688138, 43.777147799501527 ], [ 11.251579521386548, 43.777148778455697 ], [ 11.251580196917976, 43.777166772252045 ], [ 11.251555363258804, 43.777167261721345 ], [ 11.251556038783423, 43.777185255517935 ], [ 11.251506371448333, 43.777186234440975 ], [ 11.251505695938585, 43.777168240643768 ], [ 11.251480862277536, 43.777168730096889 ], [ 11.251479511274791, 43.777132742501685 ], [ 11.251504344920969, 43.77713225304916 ], [ 11.251502318399242, 43.777078271656777 ], [ 11.25152715202249, 43.77707778219979 ], [ 11.251525800996269, 43.777041794605154 ], [ 11.25147613377889, 43.777042773512512 ], [ 11.251474782784918, 43.777006785916392 ], [ 11.251549283565431, 43.77700531754909 ], [ 11.251549959084413, 43.777023311346262 ], [ 11.251574792684099, 43.777022821879413 ], [ 11.251573441631896, 43.776986834285601 ], [ 11.251598275216086, 43.77698634481397 ], [ 11.251596924151519, 43.7769503572205 ], [ 11.251621757720212, 43.776949867744079 ], [ 11.25162040664328, 43.776913880150971 ], [ 11.251645240196474, 43.776913390669776 ], [ 11.251644564651514, 43.776895396873428 ], [ 11.251619731105752, 43.776895886354318 ], [ 11.251618380032578, 43.776859898760812 ], [ 11.251593546501061, 43.776860388235704 ], [ 11.25159287097285, 43.776842394438546 ], [ 11.251568037448143, 43.77684288390774 ], [ 11.251569388490321, 43.776878871502596 ], [ 11.251544554950115, 43.776879360966994 ], [ 11.251545905979931, 43.776915348562198 ], [ 11.251471405310944, 43.776916816924924 ], [ 11.251470729818029, 43.776898823126423 ], [ 11.251371395613685, 43.776900780866683 ], [ 11.251370720151138, 43.77688278706691 ], [ 11.251296219513607, 43.776884255314563 ], [ 11.251295544073992, 43.77686626151381 ], [ 11.251245876994043, 43.776867240318005 ], [ 11.251245201569926, 43.776849246516576 ], [ 11.251195534502342, 43.776850225298602 ], [ 11.251194859093721, 43.776832231496492 ], [ 11.251145192038502, 43.776833210256342 ], [ 11.25114384125288, 43.776797222650707 ], [ 11.251168674765934, 43.776796733274089 ], [ 11.251165973172467, 43.77672475806326 ], [ 11.251190806655151, 43.776724268682472 ], [ 11.251188105041969, 43.776652293471813 ], [ 11.251163271589023, 43.776652782851379 ], [ 11.251162596194728, 43.776634789048252 ], [ 11.251112929301831, 43.776635767790587 ], [ 11.251112253923033, 43.776617773986786 ], [ 11.251137087362359, 43.776617284618609 ], [ 11.251133710440589, 43.776527315600127 ], [ 11.251158543842115, 43.776526826228078 ], [ 11.251156517674264, 43.776472844817121 ], [ 11.251181351052857, 43.77647235544061 ], [ 11.25118202644895, 43.776490349244028 ], [ 11.251206859834349, 43.776489859861819 ], [ 11.251206184430824, 43.776471866058721 ], [ 11.251231017808163, 43.776471376671417 ], [ 11.251229666988117, 43.776435389065625 ], [ 11.251254500349962, 43.776434899673554 ], [ 11.251253149517551, 43.776398912068096 ], [ 11.251277982863895, 43.776398422671257 ], [ 11.251276632019122, 43.776362435066154 ], [ 11.251301465349972, 43.776361945664512 ], [ 11.251299439065203, 43.776307964257292 ], [ 11.251324272373122, 43.776307474851187 ], [ 11.251322921504872, 43.77627148724666 ], [ 11.251372588089088, 43.776270508419493 ], [ 11.25137326353777, 43.776288502221185 ], [ 11.251398096836374, 43.776288012799206 ], [ 11.251398772293118, 43.776306006600535 ], [ 11.25142360559853, 43.776305517172858 ], [ 11.251424281063334, 43.776323510973796 ], [ 11.251449114375555, 43.776323021540428 ], [ 11.251449789848422, 43.776341015341004 ], [ 11.25147462316745, 43.776340525901936 ], [ 11.25147529864838, 43.776358519702143 ], [ 11.25152496529943, 43.776357540807219 ], [ 11.251525640795855, 43.77637553460675 ], [ 11.251550474127875, 43.7763750451509 ], [ 11.251551149632361, 43.776393038950054 ], [ 11.251575982971188, 43.776392549488499 ], [ 11.251576658483739, 43.776410543287298 ], [ 11.251601491829375, 43.776410053820044 ], [ 11.251602167349985, 43.776428047618452 ], [ 11.251627000702431, 43.776427558145514 ], [ 11.2516276762311, 43.77644555194356 ], [ 11.251652509590356, 43.776445062464916 ], [ 11.25165318512709, 43.776463056262592 ], [ 11.25167801849315, 43.77646256677825 ], [ 11.251678694037945, 43.776480560575557 ], [ 11.251703527410818, 43.776480071085523 ], [ 11.251704202963674, 43.77649806488246 ], [ 11.251729036343354, 43.776497575386728 ], [ 11.251729711904272, 43.776515569183282 ], [ 11.25175454529076, 43.776515079681857 ], [ 11.251755220859739, 43.776533073478042 ], [ 11.251780054253038, 43.776532583970919 ], [ 11.251780729830079, 43.776550577766734 ], [ 11.251830396629664, 43.776549598735706 ], [ 11.251831072222201, 43.776567592530846 ], [ 11.25185590562849, 43.77656710300694 ], [ 11.25185658122909, 43.776585096801703 ], [ 11.251881414642185, 43.776584607272099 ], [ 11.251882090250847, 43.776602601066493 ], [ 11.251906923670752, 43.776602111531197 ], [ 11.251907599287476, 43.776620105325222 ], [ 11.25193243271419, 43.77661961578422 ], [ 11.251933108338974, 43.776637609577875 ], [ 11.251982775205391, 43.776636630479089 ], [ 11.251983450845673, 43.776654624272069 ], [ 11.252008284285377, 43.776654134714285 ], [ 11.252008959933722, 43.776672128506895 ], [ 11.252033793380235, 43.776671638943405 ], [ 11.252034469036641, 43.776689632735646 ], [ 11.252059302489961, 43.776689143166465 ], [ 11.252059978154429, 43.776707136958329 ], [ 11.252084811614559, 43.776706647383463 ], [ 11.252085487287088, 43.776724641174958 ], [ 11.252060653819523, 43.776725130750137 ], [ 11.252062005151593, 43.776761118333546 ], [ 11.252037171668531, 43.776761607903957 ], [ 11.252038522988236, 43.7767975954877 ], [ 11.252013689489678, 43.776798085053336 ], [ 11.252015040797021, 43.776834072637442 ], [ 11.251990207282965, 43.776834562198289 ], [ 11.251991558577942, 43.776870549782743 ], [ 11.251966725048389, 43.776871039338808 ], [ 11.251968076331003, 43.776907026923617 ], [ 11.251943242785952, 43.776907516474907 ], [ 11.251943918420764, 43.776925510267525 ], [ 11.251919084867652, 43.776925999813713 ], [ 11.251920436124285, 43.776961987399368 ], [ 11.251895602555678, 43.776962476940795 ], [ 11.251896953799944, 43.776998464526777 ], [ 11.251872120215838, 43.776998954063416 ], [ 11.251872795831478, 43.77701694785663 ], [ 11.251847962239308, 43.777017437388189 ], [ 11.251849313457596, 43.777053424975001 ], [ 11.25182447984993, 43.777053914501771 ], [ 11.251825831055854, 43.777089902088953 ], [ 11.251800997432689, 43.77709039161094 ], [ 11.251802348626248, 43.777126379198464 ], [ 11.251777514987587, 43.777126868715676 ], [ 11.251779541760319, 43.777180850097395 ], [ 11.251754708098725, 43.777181339610138 ], [ 11.251756059268809, 43.777217327198237 ], [ 11.251731225591717, 43.777217816706184 ] ] ] } },
{ "type": "Feature", "properties": { "height": 15.6309814453125 }, "geometry": { "type": "Polygon", "coordinates": [ [ [ 11.259188078704877, 43.777250659532058 ], [ 11.259186723075915, 43.777214672128359 ], [ 11.259161889527004, 43.777215163250823 ], [ 11.259160533915429, 43.777179175846243 ], [ 11.259135700380757, 43.777179666962709 ], [ 11.259134344786569, 43.77714367955727 ], [ 11.259109511266137, 43.777144170667711 ], [ 11.259108155689335, 43.77710818326139 ], [ 11.259083322183146, 43.777108674365842 ], [ 11.259081966623725, 43.777072686958633 ], [ 11.25905713313178, 43.777073178057087 ], [ 11.259057810903741, 43.777091171761015 ], [ 11.258983310401829, 43.777092645024908 ], [ 11.258981954903149, 43.777056657615134 ], [ 11.258957121416124, 43.777057148691696 ], [ 11.258956443675162, 43.777039154986404 ], [ 11.258931610194942, 43.777039646057275 ], [ 11.258930254729774, 43.777003658645882 ], [ 11.258905421263798, 43.777004149710748 ], [ 11.258904743539592, 43.776986156004646 ], [ 11.258879910080422, 43.776986647063808 ], [ 11.258879232364279, 43.776968653357329 ], [ 11.258854398911916, 43.776969144410806 ], [ 11.258855076620623, 43.776987138117583 ], [ 11.258805409699141, 43.776988120208969 ], [ 11.258806087393607, 43.777006113916286 ], [ 11.258756420454741, 43.777007095986711 ], [ 11.258757775815818, 43.777043083402397 ], [ 11.258782609300436, 43.777042592369277 ], [ 11.258781931612148, 43.777024598661761 ], [ 11.258856432039925, 43.777023125530953 ], [ 11.258857787461739, 43.777059112944052 ], [ 11.258882620951278, 43.777058621889054 ], [ 11.258883298670563, 43.777076615595199 ], [ 11.25885846517359, 43.777077106650509 ], [ 11.258859142886068, 43.777095100356895 ], [ 11.258809475875365, 43.777096082451955 ], [ 11.258810153573602, 43.777114076158895 ], [ 11.258834987086704, 43.77711358511376 ], [ 11.258835664793006, 43.777131578820324 ], [ 11.258860498312913, 43.777131087769483 ], [ 11.258861853742271, 43.777167075181808 ], [ 11.258837020207492, 43.777167566233267 ], [ 11.258837697915679, 43.777185559939625 ], [ 11.258788030829365, 43.777186542026968 ], [ 11.258787353136048, 43.777168548319978 ], [ 11.258762519599385, 43.777169039355257 ], [ 11.258760486545514, 43.777115058233001 ], [ 11.258735653030527, 43.777115549261964 ], [ 11.258734975354594, 43.7770975555541 ], [ 11.258710141846414, 43.777098046577365 ], [ 11.258708786511308, 43.777062059160848 ], [ 11.258683953017369, 43.777062550178101 ], [ 11.258683275358193, 43.777044556469448 ], [ 11.258658441871061, 43.777045047481003 ], [ 11.258659119522802, 43.777063041189976 ], [ 11.258634286027606, 43.777063532196458 ], [ 11.25863496367254, 43.777081525905665 ], [ 11.258585296665393, 43.777082507903067 ], [ 11.258585974296084, 43.777100501612836 ], [ 11.258536307271553, 43.777101483589277 ], [ 11.258536984888003, 43.777119477299593 ], [ 11.258487317846088, 43.777120459255087 ], [ 11.258487995448295, 43.777138452965943 ], [ 11.258463161918961, 43.777138943935917 ], [ 11.258461806730041, 43.777102956513502 ], [ 11.258436973214948, 43.777103447477465 ], [ 11.258435618043416, 43.777067460054205 ], [ 11.258410784542564, 43.77706795101215 ], [ 11.258409429388417, 43.777031963588016 ], [ 11.258384595901807, 43.77703245453997 ], [ 11.258383240765042, 43.776996467114962 ], [ 11.258358407292675, 43.776996958060906 ], [ 11.258357729732671, 43.77697896434799 ], [ 11.25833289626711, 43.776979455288235 ], [ 11.258331541163857, 43.776943467861599 ], [ 11.258306707712537, 43.776943958795854 ], [ 11.258305352626667, 43.776907971368338 ], [ 11.25828051918959, 43.776908462296589 ], [ 11.258279164121108, 43.776872474868206 ], [ 11.258254330698271, 43.776872965790439 ], [ 11.258253653172407, 43.776854972075846 ], [ 11.258228819756377, 43.776855462992373 ], [ 11.258227464721402, 43.77681947556237 ], [ 11.258202631319618, 43.7768199664729 ], [ 11.258201276302026, 43.77678397904203 ], [ 11.258176442914483, 43.776784469946548 ], [ 11.258175087914275, 43.776748482514812 ], [ 11.258150254540972, 43.776748973413333 ], [ 11.258149577049247, 43.776730979697057 ], [ 11.258124743682751, 43.77673147058988 ], [ 11.258123388716054, 43.776695483156516 ], [ 11.258098555363798, 43.776695974043342 ], [ 11.258097200414488, 43.776659986609097 ], [ 11.258072367076474, 43.776660477489926 ], [ 11.258071012144546, 43.776624490054807 ], [ 11.258046178820775, 43.776624980929618 ], [ 11.258045501363187, 43.77660698721165 ], [ 11.258020668046223, 43.77660747808077 ], [ 11.258019313147804, 43.776571490644031 ], [ 11.257994479845081, 43.776571981507153 ], [ 11.257993124964047, 43.77653599406954 ], [ 11.257968291675565, 43.776536484926645 ], [ 11.257966936811913, 43.776500497488165 ], [ 11.257942103537674, 43.776500988339265 ], [ 11.257941426114225, 43.776482994619627 ], [ 11.257916592846792, 43.776483485465022 ], [ 11.257915238016651, 43.776447498024929 ], [ 11.257940071269214, 43.776447007180153 ], [ 11.257938716426715, 43.776411019740401 ], [ 11.257963549663778, 43.776410528890828 ], [ 11.257962872236037, 43.776392535171169 ], [ 11.258012538693411, 43.77639155345647 ], [ 11.258011861251427, 43.776373559737351 ], [ 11.258061527691417, 43.776372578001698 ], [ 11.258060850235191, 43.776354584283119 ], [ 11.258110516657798, 43.776353602526527 ], [ 11.258109839187332, 43.776335608808495 ], [ 11.258134672390257, 43.776335117922414 ], [ 11.258133994912987, 43.776317124204638 ], [ 11.258183661302084, 43.776316142416917 ], [ 11.258182983810567, 43.776298148699674 ], [ 11.258232650182283, 43.776297166890998 ], [ 11.258231972676526, 43.776279173174323 ], [ 11.258281639030859, 43.776278191344694 ], [ 11.258280961510859, 43.776260197628559 ], [ 11.258305794679648, 43.776259706705957 ], [ 11.258305117152842, 43.776241712990057 ], [ 11.258354783473665, 43.776240731129306 ], [ 11.258354105932618, 43.77622273741396 ], [ 11.258403772236058, 43.776221755532262 ], [ 11.258403094680769, 43.776203761817456 ], [ 11.258452760966824, 43.776202779914804 ], [ 11.258452083397295, 43.776184786200552 ], [ 11.258476916531945, 43.776184295241443 ], [ 11.258476238955609, 43.776166301527432 ], [ 11.258525905208154, 43.776165319593659 ], [ 11.258525227617579, 43.776147325880196 ], [ 11.258574893852741, 43.776146343925475 ], [ 11.258574216247922, 43.776128350212559 ], [ 11.258623882465699, 43.776127368236885 ], [ 11.258623204846641, 43.776109374524516 ], [ 11.258672871047034, 43.776108392527881 ], [ 11.258672193413734, 43.776090398816059 ], [ 11.258697026505553, 43.776089907809968 ], [ 11.258697704146289, 43.776107901521485 ], [ 11.258722537244914, 43.776107410509688 ], [ 11.258723214893712, 43.776125404220828 ], [ 11.258748047999145, 43.776124913203333 ], [ 11.258749403313494, 43.776160900624802 ], [ 11.258774236433169, 43.776160409601303 ], [ 11.258775591764902, 43.776196397021906 ], [ 11.258800424898817, 43.776195905992402 ], [ 11.258801780247936, 43.776231893412117 ], [ 11.25882661339609, 43.776231402376609 ], [ 11.258827968762594, 43.776267389795464 ], [ 11.25885280192499, 43.776266898753946 ], [ 11.25885347961662, 43.776284892462961 ], [ 11.258878312785823, 43.776284401415758 ], [ 11.258879668185836, 43.776320388832993 ], [ 11.25890450136928, 43.776319897779771 ], [ 11.258905856786678, 43.776355885196132 ], [ 11.258930689984364, 43.776355394136921 ], [ 11.258932045419145, 43.776391381552401 ], [ 11.258956878631071, 43.776390890487185 ], [ 11.25895755635684, 43.776408884194517 ], [ 11.258982389575575, 43.776408393123596 ], [ 11.258983745043867, 43.776444380537455 ], [ 11.259008578276841, 43.776443889460538 ], [ 11.259009933762519, 43.776479876873516 ], [ 11.259034767009735, 43.776479385790594 ], [ 11.259036122512795, 43.776515373202706 ], [ 11.259060955774254, 43.776514882113766 ], [ 11.259062311294699, 43.776550869525018 ], [ 11.259087144570397, 43.776550378430073 ], [ 11.259087822339, 43.776568372135294 ], [ 11.259112655621504, 43.776567881034659 ], [ 11.259114011175463, 43.776603868444276 ], [ 11.259138844472208, 43.776603377337629 ], [ 11.259140200043548, 43.77663936474638 ], [ 11.259165033354538, 43.776638873633736 ], [ 11.259166388943264, 43.776674861041606 ], [ 11.259191222268493, 43.776674369922951 ], [ 11.259192577874606, 43.776710357329954 ], [ 11.259217411214076, 43.776709866205294 ], [ 11.259218089025509, 43.776727859908391 ], [ 11.259242922371786, 43.776727368778033 ], [ 11.25924427801141, 43.776763356183416 ], [ 11.259269111371928, 43.776762865047054 ], [ 11.259270467028937, 43.776798852451556 ], [ 11.259295300403696, 43.776798361309197 ], [ 11.25929665607809, 43.776834348712839 ], [ 11.259321489467091, 43.776833857564476 ], [ 11.259322167312666, 43.776851851265882 ], [ 11.259347000708475, 43.77685136011182 ], [ 11.25934835641638, 43.776887347513835 ], [ 11.25937318982643, 43.776886856353755 ], [ 11.25937454555172, 43.776922843754903 ], [ 11.259399378976012, 43.776922352588819 ], [ 11.259400734718687, 43.776958339989079 ], [ 11.259425568157221, 43.776957848817005 ], [ 11.259426923917282, 43.776993836216391 ], [ 11.259451757370055, 43.776993345038306 ], [ 11.259452435258465, 43.777011338737594 ], [ 11.259477268718044, 43.777010847553818 ], [ 11.25947930240935, 43.777064828650374 ], [ 11.259454468927464, 43.777065319835074 ], [ 11.259455146818388, 43.777083313534099 ], [ 11.259405479837859, 43.777084295887946 ], [ 11.25940615771454, 43.777102289587525 ], [ 11.259356490716627, 43.777103271920424 ], [ 11.259357168579067, 43.777121265620544 ], [ 11.259332335071731, 43.777121756779202 ], [ 11.259331657216725, 43.777103763078784 ], [ 11.259306823716198, 43.777104254231745 ], [ 11.259305468022943, 43.777068266830071 ], [ 11.259280634536657, 43.777068757977027 ], [ 11.259279956698407, 43.777050764275792 ], [ 11.259255123218926, 43.777051255417042 ], [ 11.25925580104974, 43.777069249118604 ], [ 11.259230967562194, 43.777069740254774 ], [ 11.259228934093946, 43.777015759149023 ], [ 11.259179267161583, 43.777016741403365 ], [ 11.259176555938867, 43.776944766592322 ], [ 11.259151722501482, 43.776945257710189 ], [ 11.259152400298783, 43.776963251413349 ], [ 11.259102733407257, 43.776964233633507 ], [ 11.259103411190317, 43.776982227337221 ], [ 11.259078577736176, 43.77698271843952 ], [ 11.259079255512429, 43.777000712143469 ], [ 11.259054422050225, 43.777001203240687 ], [ 11.259055099819671, 43.777019196944885 ], [ 11.259030266349404, 43.777019688037015 ], [ 11.259031621875311, 43.777055675445816 ], [ 11.259056455360449, 43.777055184353088 ], [ 11.259055777589746, 43.777037190649018 ], [ 11.259130278019084, 43.777035717339366 ], [ 11.259130955812093, 43.777053711042505 ], [ 11.259155789294716, 43.777053219928192 ], [ 11.25915646709579, 43.777071213630975 ], [ 11.25913163360573, 43.777071704745588 ], [ 11.259132989194892, 43.77710769215156 ], [ 11.259182656204121, 43.777106709915714 ], [ 11.259183334014516, 43.777124703617986 ], [ 11.259208167525623, 43.777124212491664 ], [ 11.259209523163168, 43.777160199895398 ], [ 11.259234356688516, 43.777159708763087 ], [ 11.259235034515669, 43.777177702464542 ], [ 11.259259868047824, 43.77717721132651 ], [ 11.259261901555352, 43.777231192429596 ], [ 11.259212234445801, 43.777232174702085 ], [ 11.25921291226803, 43.777250168403583 ], [ 11.259188078704877, 43.777250659532058 ] ] ] } },
{ "type": "Feature", "properties": { "height": 13.36181640625 }, "geometry": { "type": "Polygon", "coordinates": [ [ [ 11.255927431284883, 43.777117019581077 ], [ 11.255926754451018, 43.777099025838396 ], [ 11.255901920894164, 43.777099516251518 ], [ 11.25590056724319, 43.777063528765346 ], [ 11.255875733700577, 43.77706401917245 ], [ 11.255874380066984, 43.777028031685411 ], [ 11.255849546538613, 43.777028522086525 ], [ 11.255848192922404, 43.776992534598612 ], [ 11.255823359408277, 43.776993024993715 ], [ 11.255822682608548, 43.77697503124935 ], [ 11.25579784910123, 43.776975521638754 ], [ 11.255796495518524, 43.776939534149221 ], [ 11.255771662025449, 43.776940024532635 ], [ 11.255770985242473, 43.776922030787468 ], [ 11.255746151756204, 43.776922521165176 ], [ 11.255745474981291, 43.776904527419624 ], [ 11.25572064150183, 43.776905017791627 ], [ 11.255719964734979, 43.776887024045728 ], [ 11.255695131262328, 43.776887514412032 ], [ 11.255694454503541, 43.776869520665734 ], [ 11.255669621037693, 43.776870011026347 ], [ 11.25566894428697, 43.776852017279687 ], [ 11.25564411082793, 43.776852507634601 ], [ 11.25564343408527, 43.776834513887579 ], [ 11.255618600633039, 43.776835004236794 ], [ 11.255617923898441, 43.776817010489395 ], [ 11.255568257006965, 43.776817991171043 ], [ 11.255568933726694, 43.776835984919046 ], [ 11.255519266817839, 43.77683696557974 ], [ 11.255518590112979, 43.776818971831119 ], [ 11.255493756665045, 43.776819462153064 ], [ 11.255493079968252, 43.776801468404081 ], [ 11.255468246527125, 43.776801958720334 ], [ 11.255467569838393, 43.776783964970967 ], [ 11.255442736404074, 43.776784455281522 ], [ 11.255441383043364, 43.776748467781992 ], [ 11.255416549623286, 43.776748958086543 ], [ 11.255415872951307, 43.776730964336373 ], [ 11.255391039538038, 43.776731454635225 ], [ 11.255390362874124, 43.776713460884679 ], [ 11.255365529467662, 43.776713951177847 ], [ 11.255364852811809, 43.776695957426931 ], [ 11.255340019412154, 43.776696447714379 ], [ 11.255339342764364, 43.776678453963093 ], [ 11.255314509371516, 43.776678944244864 ], [ 11.25531383273179, 43.776660950493202 ], [ 11.255288999345751, 43.776661440769274 ], [ 11.255287646083048, 43.77662545326514 ], [ 11.255262812711253, 43.776625943535201 ], [ 11.255261459465929, 43.7765899560302 ], [ 11.255286292822856, 43.77658946576075 ], [ 11.255285616193701, 43.776571472008456 ], [ 11.255310449542565, 43.776570981733926 ], [ 11.255309772906601, 43.776552987981873 ], [ 11.255334606247402, 43.776552497702262 ], [ 11.255333929604632, 43.776534503950451 ], [ 11.255358762937369, 43.776534013665731 ], [ 11.255358086287792, 43.776516019914162 ], [ 11.255407752936515, 43.776515039329198 ], [ 11.255407076272693, 43.776497045578175 ], [ 11.255456742904038, 43.776496064972243 ], [ 11.255456066225975, 43.776478071221774 ], [ 11.255505732839936, 43.776477090594895 ], [ 11.255505056147632, 43.77645909684496 ], [ 11.255529889446235, 43.776458606523754 ], [ 11.255529212747122, 43.77644061277406 ], [ 11.255554046037666, 43.776440122447752 ], [ 11.255553369331745, 43.776422128698314 ], [ 11.255603035896076, 43.776421148030138 ], [ 11.255602359175914, 43.776403154281233 ], [ 11.255627192449703, 43.776402663939365 ], [ 11.255626515722733, 43.776384670190708 ], [ 11.255676182253557, 43.776383689491411 ], [ 11.255675505512345, 43.776365695743301 ], [ 11.255700338769381, 43.776365205385879 ], [ 11.255699662021362, 43.776347211637997 ], [ 11.255724495270336, 43.776346721275502 ], [ 11.255723818515509, 43.776328727527869 ], [ 11.25574865175642, 43.776328237160264 ], [ 11.255747974994787, 43.77631024341288 ], [ 11.255797641459854, 43.776309262662124 ], [ 11.255796964683977, 43.776291268915273 ], [ 11.255821797908135, 43.776290778532115 ], [ 11.255821121125452, 43.776272784785512 ], [ 11.255845954341545, 43.776272294397273 ], [ 11.255845277552057, 43.776254300650912 ], [ 11.255894943967492, 43.776253319858853 ], [ 11.255894267163761, 43.776235326113053 ], [ 11.255919100363103, 43.776234835709239 ], [ 11.255918423552561, 43.776216841963667 ], [ 11.255943256743841, 43.776216351554787 ], [ 11.255942579926494, 43.776198357809449 ], [ 11.25596741310971, 43.776197867395481 ], [ 11.255966736285556, 43.776179873650392 ], [ 11.256016402635236, 43.776178892806868 ], [ 11.256015725796839, 43.776160899062333 ], [ 11.256040558963303, 43.776160408632791 ], [ 11.256039882118099, 43.77614241488849 ], [ 11.256089548434273, 43.776141434013851 ], [ 11.256088871574827, 43.776123440270098 ], [ 11.256163371022074, 43.776121968918631 ], [ 11.256164724786203, 43.776157956404241 ], [ 11.2561895579489, 43.77615746594234 ], [ 11.256191588622107, 43.776211447169345 ], [ 11.25621642180648, 43.776210956701142 ], [ 11.256217775606626, 43.776246944184869 ], [ 11.256242608805241, 43.776246453710669 ], [ 11.25624396262277, 43.776282441193523 ], [ 11.256268795835627, 43.776281950713319 ], [ 11.256270149670534, 43.776317938195291 ], [ 11.256294982897636, 43.776317447709076 ], [ 11.256296336749926, 43.776353435190195 ], [ 11.256321169991269, 43.776352944697976 ], [ 11.256322523860939, 43.776388932178207 ], [ 11.256347357116523, 43.776388441679991 ], [ 11.256348711003575, 43.776424429159356 ], [ 11.256373544273401, 43.776423938655142 ], [ 11.256374898177835, 43.776459926133626 ], [ 11.256399731461904, 43.776459435623401 ], [ 11.25640108538372, 43.776495423101004 ], [ 11.25642591868203, 43.776494932584782 ], [ 11.256427272621229, 43.776530920061511 ], [ 11.25645210593378, 43.776530429539285 ], [ 11.256453459890359, 43.77656641701514 ], [ 11.256478293217153, 43.77656592648691 ], [ 11.256479647191114, 43.776601913961905 ], [ 11.256504480532152, 43.776601423427671 ], [ 11.256505834523495, 43.776637410901785 ], [ 11.256530667878772, 43.776636920361526 ], [ 11.256532021887498, 43.776672907834772 ], [ 11.256556855257021, 43.77667241728853 ], [ 11.256558209283124, 43.776708404760889 ], [ 11.25658304266689, 43.77670791420865 ], [ 11.256584396710375, 43.776743901680142 ], [ 11.256609230108383, 43.776743411121878 ], [ 11.256610584169252, 43.776779398592502 ], [ 11.256635417581501, 43.776778908028241 ], [ 11.25663744869982, 43.776832889232765 ], [ 11.256662282133746, 43.776832398662187 ], [ 11.256662959181877, 43.776850392396611 ], [ 11.256613292298526, 43.776851373532956 ], [ 11.256613969332415, 43.776869367267921 ], [ 11.256539468980375, 43.77687083893295 ], [ 11.256540145992584, 43.776888832668753 ], [ 11.256490479073214, 43.776889813752419 ], [ 11.256491156071183, 43.776907807488776 ], [ 11.256416655665113, 43.776909279074765 ], [ 11.256417332641403, 43.776927272811967 ], [ 11.256367665686012, 43.776928253842954 ], [ 11.256368342648061, 43.776946247580717 ], [ 11.256318675675288, 43.776947228590743 ], [ 11.256319352623093, 43.776965222329039 ], [ 11.25629451912833, 43.776965712826275 ], [ 11.256295196069329, 43.77698370656482 ], [ 11.256245529063049, 43.776984687543724 ], [ 11.256246205989806, 43.777002681282809 ], [ 11.256196538966144, 43.777003662240766 ], [ 11.256197215878656, 43.777021655980406 ], [ 11.256147548837612, 43.777022636917401 ], [ 11.256148225735883, 43.777040630657581 ], [ 11.256123392206984, 43.777041121118309 ], [ 11.256124069098446, 43.77705911485873 ], [ 11.256074402023895, 43.777060095764611 ], [ 11.256075078901116, 43.777078089505579 ], [ 11.256025411809182, 43.777079070390506 ], [ 11.25602608867216, 43.777097064132022 ], [ 11.255976421562844, 43.777098044995995 ], [ 11.255977098411579, 43.777116038738058 ], [ 11.255927431284883, 43.777117019581077 ] ] ] } },
{ "type": "Feature", "properties": { "height": 17.737068176269531 }, "geometry": { "type": "Polygon", "coordinates": [ [ [ 11.253780923426639, 43.776871275117593 ], [ 11.253780247242245, 43.776853281347549 ], [ 11.253755413750396, 43.776853771292103 ], [ 11.253754737574063, 43.776835777521683 ], [ 11.253705070603349, 43.776836757394008 ], [ 11.253704394442515, 43.776818763622906 ], [ 11.253679560963652, 43.776819253550677 ], [ 11.253678884810881, 43.776801259779212 ], [ 11.253629217866147, 43.776802239617957 ], [ 11.253628541728874, 43.776784245845818 ], [ 11.253603708263, 43.776784735756792 ], [ 11.253603032133789, 43.776766741984282 ], [ 11.253553365215032, 43.776767721789462 ], [ 11.253552689101317, 43.776749728016263 ], [ 11.253527855648432, 43.776750217910461 ], [ 11.253527179542781, 43.7767322241369 ], [ 11.253477512650001, 43.776733203908499 ], [ 11.253476836559848, 43.776715210134263 ], [ 11.253452003119952, 43.776715700011671 ], [ 11.253451327037862, 43.776697706237059 ], [ 11.253401660171059, 43.776698685975092 ], [ 11.253400984104465, 43.776680692199804 ], [ 11.253376150677559, 43.776681182060429 ], [ 11.253375474619027, 43.776663188284765 ], [ 11.253325807778204, 43.776664167989232 ], [ 11.253325131735169, 43.776646174212885 ], [ 11.253300298321252, 43.776646664056727 ], [ 11.25329962228628, 43.776628670280012 ], [ 11.253249955471434, 43.776629649950891 ], [ 11.253249279451961, 43.776611656173515 ], [ 11.253224446051032, 43.776612146000566 ], [ 11.253223770039618, 43.776594152222813 ], [ 11.253174103250753, 43.776595131860127 ], [ 11.253173427254836, 43.776577138081691 ], [ 11.253148593866898, 43.776577627891967 ], [ 11.253147917879044, 43.776559634113156 ], [ 11.253098251116157, 43.776560613716903 ], [ 11.2530975751438, 43.776542619937416 ], [ 11.253072741768852, 43.776543109730902 ], [ 11.253072065804558, 43.776525115951053 ], [ 11.253096899172071, 43.776524626157872 ], [ 11.25309554723049, 43.776488638598593 ], [ 11.253120380582507, 43.776488148800631 ], [ 11.253119704605222, 43.776470155021201 ], [ 11.253144537949177, 43.776469665218151 ], [ 11.253143185981619, 43.776433677659703 ], [ 11.253168019310078, 43.776433187851886 ], [ 11.253167343319804, 43.776415194072854 ], [ 11.2531921766402, 43.776414704259956 ], [ 11.253190824646664, 43.776378716702332 ], [ 11.253215657951559, 43.776378226884646 ], [ 11.253214981948299, 43.776360233106054 ], [ 11.253239815245134, 43.77635974328328 ], [ 11.253238463225619, 43.77632375572648 ], [ 11.253263296506958, 43.776323265898931 ], [ 11.253262620490707, 43.776305272120744 ], [ 11.253287453763983, 43.776304782288115 ], [ 11.253286101718492, 43.776268794732154 ], [ 11.253310934976271, 43.776268304894742 ], [ 11.25331025894703, 43.776250311116975 ], [ 11.253335092196748, 43.776249821274469 ], [ 11.25333374012528, 43.776213833719346 ], [ 11.253358573359499, 43.776213343872065 ], [ 11.253357897317271, 43.77619535009471 ], [ 11.253382730543429, 43.776194860242356 ], [ 11.25338137844598, 43.776158872688057 ], [ 11.253406211656642, 43.776158382830907 ], [ 11.253404859546832, 43.776122395276964 ], [ 11.253429692741998, 43.776121905415039 ], [ 11.253429016680597, 43.77610391163828 ], [ 11.253453849867702, 43.776103421771275 ], [ 11.253452497731912, 43.776067434218156 ], [ 11.25347733090352, 43.776066944346368 ], [ 11.253476654829131, 43.776048950570022 ], [ 11.253501487992674, 43.776048460693154 ], [ 11.253500811911479, 43.776030466917042 ], [ 11.253525645066961, 43.77602997703508 ], [ 11.253524292891582, 43.775993989483283 ], [ 11.253549126031565, 43.775993499596545 ], [ 11.25354844993738, 43.775975505820853 ], [ 11.253573283069302, 43.775975015929035 ], [ 11.253571930867945, 43.775939028378062 ], [ 11.253596763984373, 43.775938538481455 ], [ 11.253596087877197, 43.775920544706182 ], [ 11.253620920985565, 43.775920054804502 ], [ 11.253620244871584, 43.77590206102947 ], [ 11.253645077971884, 43.775901571122695 ], [ 11.253645754093302, 43.775919564897414 ], [ 11.253670587200411, 43.775919074984948 ], [ 11.253671263329888, 43.775937068759305 ], [ 11.253720929557099, 43.775936088917582 ], [ 11.253721605702074, 43.775954082691257 ], [ 11.253746438822173, 43.775953592761994 ], [ 11.25374711497521, 43.775971586535313 ], [ 11.253771948102116, 43.775971096600365 ], [ 11.253772624263215, 43.775989090373301 ], [ 11.253822290530017, 43.775988110486608 ], [ 11.253822966706615, 43.776006104258869 ], [ 11.253847799846508, 43.776005614307124 ], [ 11.253848476031166, 43.776023608079015 ], [ 11.253898142323944, 43.776022628158749 ], [ 11.2538988185241, 43.776040621929965 ], [ 11.253923651676983, 43.776040131961437 ], [ 11.253924327885199, 43.776058125732284 ], [ 11.253973994203955, 43.776057145778445 ], [ 11.253974670427668, 43.77607513954861 ], [ 11.253999503593541, 43.776074649563306 ], [ 11.254000179825317, 43.776092643333094 ], [ 11.254049846170048, 43.776091663345689 ], [ 11.254050522417321, 43.776109657114802 ], [ 11.25407535559618, 43.776109167112715 ], [ 11.254076031851517, 43.776127160881444 ], [ 11.254125698222223, 43.776126180860473 ], [ 11.254126374493056, 43.776144174628541 ], [ 11.254151207684904, 43.77614368460965 ], [ 11.254151883963798, 43.776161678377349 ], [ 11.254201550360484, 43.776160698322812 ], [ 11.254202226654876, 43.776178692089822 ], [ 11.254227059859712, 43.776178202054147 ], [ 11.254227736162164, 43.776196195820795 ], [ 11.254277402584826, 43.776195215732677 ], [ 11.254278078902777, 43.776213209498643 ], [ 11.2543029121206, 43.776212719446193 ], [ 11.254303588446614, 43.776230713211788 ], [ 11.254353254895252, 43.776229733090084 ], [ 11.254353931236762, 43.776247726855019 ], [ 11.254329098005321, 43.776248216918859 ], [ 11.254330450675354, 43.776284204449119 ], [ 11.254305617428416, 43.776284694508185 ], [ 11.254306970086089, 43.776320682038801 ], [ 11.254282136823655, 43.776321172093084 ], [ 11.254282813145997, 43.776339165858609 ], [ 11.254257979875499, 43.776339655907819 ], [ 11.254259332507194, 43.776375643439259 ], [ 11.2542344992212, 43.776376133483687 ], [ 11.254235175530553, 43.77639412724961 ], [ 11.254210342236497, 43.77639461728895 ], [ 11.254211694842217, 43.776430604821229 ], [ 11.254186861532663, 43.776431094855788 ], [ 11.254187537829029, 43.776449088622137 ], [ 11.254162704511414, 43.776449578651615 ], [ 11.254164057091156, 43.776485566184718 ], [ 11.254139223758042, 43.776486056209421 ], [ 11.254139900041418, 43.776504049976182 ], [ 11.254115066700242, 43.776504539995791 ], [ 11.254116419254007, 43.77654052752974 ], [ 11.254091585897333, 43.77654101754456 ], [ 11.254092262167724, 43.776559011311747 ], [ 11.254067428802989, 43.776559501321501 ], [ 11.254068781330776, 43.776595488856266 ], [ 11.254043947950544, 43.776595978861238 ], [ 11.254044624207944, 43.77661397262883 ], [ 11.254019790819648, 43.776614462628707 ], [ 11.254021143321459, 43.776650450164311 ], [ 11.253996309917667, 43.776650940159421 ], [ 11.253997662407116, 43.776686927695373 ], [ 11.253972828987825, 43.7766874176857 ], [ 11.253973505226057, 43.776705411453889 ], [ 11.253948671798703, 43.776705901439122 ], [ 11.253950024262176, 43.776741888975913 ], [ 11.253925190819325, 43.776742378956364 ], [ 11.253925867044568, 43.776760372724972 ], [ 11.253901033593655, 43.776760862700343 ], [ 11.253901709812089, 43.776778856469186 ], [ 11.253876876353115, 43.776779346439476 ], [ 11.253878228776992, 43.776815333977574 ], [ 11.253853395302521, 43.776815823943082 ], [ 11.253854071507966, 43.776833817712351 ], [ 11.25382923802543, 43.776834307672772 ], [ 11.253830590423332, 43.776870295211701 ], [ 11.253780923426639, 43.776871275117593 ] ] ] } },
{ "type": "Feature", "properties": { "height": 15.046478271484375 }, "geometry": { "type": "Polygon", "coordinates": [ [ [ 11.259708905428148, 43.777222351006742 ], [ 11.259707549488166, 43.77718636361579 ], [ 11.259682715959892, 43.77718685485118 ], [ 11.25968203799828, 43.777168861155289 ], [ 11.259657204476811, 43.777169352384966 ], [ 11.259655848570342, 43.777133364992409 ], [ 11.259631015063116, 43.777133856216075 ], [ 11.259629659174031, 43.777097868822644 ], [ 11.259604825681048, 43.777098360040306 ], [ 11.259603469809349, 43.777062372645979 ], [ 11.259578636330607, 43.777062863857644 ], [ 11.259577280476293, 43.777026876462457 ], [ 11.259552447011794, 43.777027367668126 ], [ 11.259551769093015, 43.777009373970124 ], [ 11.259526935635321, 43.777009865170072 ], [ 11.25952557981452, 43.77697387777328 ], [ 11.259500746371067, 43.776974368967224 ], [ 11.259499390567653, 43.776938381569543 ], [ 11.259474557138441, 43.776938872757491 ], [ 11.259473201352412, 43.776902885358943 ], [ 11.259448367937443, 43.776903376540879 ], [ 11.259447012168799, 43.776867389141451 ], [ 11.25942217876807, 43.776867880317397 ], [ 11.259421500892127, 43.776849886617278 ], [ 11.259396667498205, 43.776850377787511 ], [ 11.259395311763074, 43.77681439038647 ], [ 11.259370478383392, 43.776814881550706 ], [ 11.259369122665646, 43.776778894148769 ], [ 11.259344289300207, 43.776779385307002 ], [ 11.259342933599847, 43.776743397904212 ], [ 11.259318100248649, 43.776743889056441 ], [ 11.259316744565671, 43.776707901652763 ], [ 11.259291911228715, 43.77670839279898 ], [ 11.259291233395606, 43.776690399096751 ], [ 11.259266400065457, 43.776690890237262 ], [ 11.259265044415992, 43.776654902831979 ], [ 11.259240211100083, 43.776655393966493 ], [ 11.259238855468004, 43.776619406560336 ], [ 11.259214022166336, 43.776619897688846 ], [ 11.259212666551642, 43.776583910281815 ], [ 11.259187833264216, 43.776584401404321 ], [ 11.259186477666907, 43.776548413996409 ], [ 11.259161644393721, 43.776548905112911 ], [ 11.259160966603446, 43.776530911408557 ], [ 11.259136133337067, 43.77653140251936 ], [ 11.259134777773269, 43.776495415109821 ], [ 11.259109944521132, 43.776495906214627 ], [ 11.259108588974717, 43.776459918804221 ], [ 11.259083755736823, 43.776460409903024 ], [ 11.259082400207793, 43.776424422491743 ], [ 11.259057566984138, 43.776424913584535 ], [ 11.259056211472494, 43.77638892617238 ], [ 11.259031378263083, 43.776389417259175 ], [ 11.259030700515638, 43.776371423552696 ], [ 11.259005867313032, 43.776371914633778 ], [ 11.259004511834897, 43.776335927220003 ], [ 11.258979678646531, 43.776336418295081 ], [ 11.258978323185781, 43.776300430880433 ], [ 11.258953490011658, 43.776300921949513 ], [ 11.258952134568291, 43.776264934534005 ], [ 11.258927301408409, 43.776265425597082 ], [ 11.258925945982428, 43.776229438180678 ], [ 11.258901112836787, 43.776229929237751 ], [ 11.258900435132173, 43.77621193552914 ], [ 11.258875601993338, 43.776212426580521 ], [ 11.258874924296787, 43.776194432871542 ], [ 11.258899757428189, 43.77619394182048 ], [ 11.258899079724833, 43.776175948111756 ], [ 11.25892391284817, 43.776175457055608 ], [ 11.258923235138006, 43.776157463347104 ], [ 11.258972901367926, 43.776156481219253 ], [ 11.258972223643523, 43.776138487511311 ], [ 11.258997056750104, 43.776137996439594 ], [ 11.258995701288313, 43.776102009024129 ], [ 11.258970868196601, 43.776102500095227 ], [ 11.258970190474084, 43.776084506387086 ], [ 11.258945357389178, 43.776084997452486 ], [ 11.258944001960899, 43.776049010035408 ], [ 11.258919168890234, 43.776049501094796 ], [ 11.258917813479338, 43.776013513676844 ], [ 11.258892980422916, 43.776014004730229 ], [ 11.258891625029403, 43.775978017311402 ], [ 11.25894129111188, 43.775977035200455 ], [ 11.258940613401199, 43.775959041491554 ], [ 11.258965446434061, 43.7759585504283 ], [ 11.258964768716572, 43.77594055671964 ], [ 11.25901443476554, 43.775939574577563 ], [ 11.259013757033808, 43.775921580869458 ], [ 11.259063423065394, 43.775920598706435 ], [ 11.259062745319421, 43.775902604998869 ], [ 11.259112411333623, 43.775901622814906 ], [ 11.259111733573411, 43.775883629107888 ], [ 11.259136566572133, 43.775883138008119 ], [ 11.259135888805115, 43.775865144301335 ], [ 11.259185554785805, 43.775864162086251 ], [ 11.259184877004547, 43.775846168380028 ], [ 11.259234542967853, 43.775845186143989 ], [ 11.259233865172355, 43.775827192438307 ], [ 11.259258698145629, 43.775826701312511 ], [ 11.259258020343323, 43.775808707607069 ], [ 11.259307686273118, 43.775807725339909 ], [ 11.259307008456572, 43.775789731635022 ], [ 11.259356674368982, 43.775788749346908 ], [ 11.259355996538195, 43.775770755642569 ], [ 11.259405662433222, 43.775769773333501 ], [ 11.259404984588196, 43.775751779629715 ], [ 11.25942981752733, 43.775751288467397 ], [ 11.259429139675499, 43.775733294763853 ], [ 11.259478805537015, 43.775732312423656 ], [ 11.259478127670938, 43.775714318720667 ], [ 11.259527793515073, 43.775713336359537 ], [ 11.259527115634757, 43.77569534265708 ], [ 11.259551948548445, 43.775694851468735 ], [ 11.259551270661325, 43.775676857766513 ], [ 11.259600936471944, 43.775675875374262 ], [ 11.259600258570583, 43.775657881672586 ], [ 11.259649924363819, 43.775656899259388 ], [ 11.259649246448218, 43.775638905558267 ], [ 11.25967407933646, 43.775638414343874 ], [ 11.259673401414052, 43.775620420643016 ], [ 11.259723067173777, 43.775619438198689 ], [ 11.259722389237128, 43.775601444498356 ], [ 11.25977205497947, 43.775600462033076 ], [ 11.25977137702858, 43.775582468333305 ], [ 11.259796209891373, 43.775581977092884 ], [ 11.259795531933678, 43.77556398339334 ], [ 11.259845197642511, 43.775563000896945 ], [ 11.259844519670574, 43.775545007197955 ], [ 11.25989418536202, 43.775544024680613 ], [ 11.259893507375844, 43.775526030982171 ], [ 11.259943173049907, 43.775525048443875 ], [ 11.259942495049492, 43.775507054745979 ], [ 11.259967327878144, 43.775506563469044 ], [ 11.259966649870922, 43.775488569771397 ], [ 11.260016315511471, 43.77548758720198 ], [ 11.26001563749001, 43.77546959350488 ], [ 11.260065303113176, 43.775468610914508 ], [ 11.260064625077474, 43.775450617217949 ], [ 11.26008945788068, 43.775450125914993 ], [ 11.260088779838171, 43.775432132218683 ], [ 11.260138445427826, 43.775431149597182 ], [ 11.260137767371077, 43.775413155901418 ], [ 11.260187432943347, 43.775412173258985 ], [ 11.260188111014966, 43.775430166954131 ], [ 11.260212943807591, 43.775429675624515 ], [ 11.260214299967581, 43.77546566301401 ], [ 11.260189467160087, 43.775466154344237 ], [ 11.26019014523359, 43.77548414803919 ], [ 11.260140479601844, 43.775485130684082 ], [ 11.260141157661108, 43.77550312437959 ], [ 11.260116324836856, 43.775503615694255 ], [ 11.260117002889315, 43.775521609390005 ], [ 11.260092170057, 43.77552210069959 ], [ 11.260092848102653, 43.775540094395573 ], [ 11.260068015262274, 43.775540585700078 ], [ 11.260069371340597, 43.775576573092465 ], [ 11.260044538484722, 43.775577064392188 ], [ 11.260043860452679, 43.775559070695714 ], [ 11.26001902760361, 43.775559561989731 ], [ 11.26002241773293, 43.775649530472954 ], [ 11.260047250619174, 43.775649039177409 ], [ 11.260046572584617, 43.775631045481198 ], [ 11.260096238340349, 43.775630062874527 ], [ 11.260095560291552, 43.775612069178869 ], [ 11.260120393161039, 43.77561157786775 ], [ 11.26012107121727, 43.775629571563094 ], [ 11.260145904093564, 43.775629080246283 ], [ 11.260146582157859, 43.775647073941272 ], [ 11.260096916389774, 43.775648056570112 ], [ 11.260097594439829, 43.775666050265649 ], [ 11.260047928654361, 43.77566703287355 ], [ 11.260048606690175, 43.775685026569633 ], [ 11.260023773789062, 43.775685517865803 ], [ 11.260024451818069, 43.775703511562121 ], [ 11.259974785999088, 43.775704494138907 ], [ 11.259975464013857, 43.775722487835779 ], [ 11.259950631095988, 43.775722979116381 ], [ 11.259951309103949, 43.775740972813495 ], [ 11.260000974953927, 43.775739990246265 ], [ 11.260001652977389, 43.77575798394269 ], [ 11.260026485908869, 43.77575749265069 ], [ 11.260027163940391, 43.775775486346745 ], [ 11.260051996878678, 43.775774995049048 ], [ 11.260054030999326, 43.775828976135898 ], [ 11.260078863959288, 43.775828484831884 ], [ 11.260079542008196, 43.775846478527072 ], [ 11.260104374974963, 43.775845987217359 ], [ 11.260105053031936, 43.775863980912177 ], [ 11.260129886005508, 43.775863489596759 ], [ 11.2601292079411, 43.775845495902246 ], [ 11.260154040906611, 43.775845004581754 ], [ 11.260153362835398, 43.775827010887497 ], [ 11.260203028749661, 43.775826028230945 ], [ 11.260202350664207, 43.775808034537221 ], [ 11.26022718361296, 43.775807543201168 ], [ 11.260227861705848, 43.775825536894565 ], [ 11.260252694661407, 43.775825045552821 ], [ 11.260253372762358, 43.775843039245856 ], [ 11.260278205724724, 43.775842547898407 ], [ 11.260277527616337, 43.775824554205677 ], [ 11.260302360570638, 43.77582406285314 ], [ 11.260303038686459, 43.775842056545564 ], [ 11.260327871647567, 43.775841565187335 ], [ 11.260329227895964, 43.775877552571366 ], [ 11.260354060871311, 43.775877061207126 ], [ 11.260354739003889, 43.77589505489874 ], [ 11.260329906021108, 43.775895546263293 ], [ 11.260330584146878, 43.775913539955141 ], [ 11.260305751156032, 43.775914031314606 ], [ 11.260306429274998, 43.775932025006703 ], [ 11.260281596276089, 43.775932516361081 ], [ 11.260282274388249, 43.77595051005342 ], [ 11.260257441381276, 43.775951001402717 ], [ 11.260258119486631, 43.77596899509529 ], [ 11.260233286471591, 43.775969486439507 ], [ 11.260233964570141, 43.775987480132322 ], [ 11.260209131547041, 43.775987971471444 ], [ 11.260209809638782, 43.776005965164501 ], [ 11.260184976607619, 43.776006456498543 ], [ 11.260185654692554, 43.776024450191841 ], [ 11.260160821653328, 43.776024941520802 ], [ 11.260161499731458, 43.776042935214349 ], [ 11.260136666684165, 43.776043426538216 ], [ 11.26013598861347, 43.776025432844371 ], [ 11.260111155572984, 43.776025924162546 ], [ 11.260110477510352, 43.776007930468317 ], [ 11.260085644476673, 43.776008421780794 ], [ 11.260084288368166, 43.775972434391541 ], [ 11.260059455348726, 43.775972925698007 ], [ 11.26005877730285, 43.775954932002968 ], [ 11.260033944290218, 43.775955423303749 ], [ 11.260032588215221, 43.775919435912868 ], [ 11.260007755216828, 43.775919927207624 ], [ 11.26000707718771, 43.77590193351179 ], [ 11.259982244196122, 43.775902424800869 ], [ 11.259981566175066, 43.775884431104643 ], [ 11.259956733190284, 43.775884922388016 ], [ 11.259957411203906, 43.77590291608454 ], [ 11.259932578211062, 43.775903407362826 ], [ 11.259933256217877, 43.775921401059598 ], [ 11.259883590215432, 43.775922383600616 ], [ 11.259884268208008, 43.775940377297928 ], [ 11.259834602188178, 43.775941359817992 ], [ 11.259835280166513, 43.775959353515844 ], [ 11.259785614129299, 43.775960336014954 ], [ 11.259786292093391, 43.775978329713361 ], [ 11.259811125119748, 43.775977838466197 ], [ 11.25981248106469, 43.776013825862201 ], [ 11.25983731410529, 43.776013334609033 ], [ 11.259838670067618, 43.776049322004162 ], [ 11.259863503122455, 43.776048830744983 ], [ 11.259864859102169, 43.776084818139246 ], [ 11.259889692171246, 43.77608432687407 ], [ 11.259890370169479, 43.776102320570793 ], [ 11.259915203245365, 43.776101829299904 ], [ 11.25991655925859, 43.776137816692547 ], [ 11.259941392348715, 43.776137325415661 ], [ 11.259942748379325, 43.776173312807423 ], [ 11.259967581483693, 43.776172821524533 ], [ 11.259968259507376, 43.776190815220012 ], [ 11.259993092618547, 43.776190323931417 ], [ 11.259994448682669, 43.776226311321572 ], [ 11.260019281808082, 43.77622582002698 ], [ 11.260020637889591, 43.776261807416262 ], [ 11.260045471029244, 43.776261316115658 ], [ 11.260046827128138, 43.776297303504059 ], [ 11.260071660282032, 43.776296812197451 ], [ 11.260072338339857, 43.776314805891246 ], [ 11.260097171500558, 43.77631431457894 ], [ 11.260098527632964, 43.776350301965721 ], [ 11.260123360807905, 43.776349810647424 ], [ 11.260124716957696, 43.776385798033331 ], [ 11.260149550146879, 43.776385306709017 ], [ 11.260150906314054, 43.77642129409405 ], [ 11.260175739517479, 43.776420802763738 ], [ 11.260176417609445, 43.776438796455842 ], [ 11.260201250819673, 43.776438305119832 ], [ 11.260202607020364, 43.776474292503238 ], [ 11.260252273468675, 43.776473309813817 ], [ 11.260251595353145, 43.77645531612275 ], [ 11.260301261784074, 43.776454333412381 ], [ 11.260300583654301, 43.776436339721869 ], [ 11.260325416861386, 43.776435848358901 ], [ 11.260324738724812, 43.776417854668637 ], [ 11.260374405122223, 43.776416871927125 ], [ 11.260373726971407, 43.776398878237416 ], [ 11.260398560161734, 43.77639838685888 ], [ 11.26039788200411, 43.776380393169397 ], [ 11.260472381549016, 43.776378919002383 ], [ 11.260473059728945, 43.776396912690949 ], [ 11.260497892916757, 43.776396421290855 ], [ 11.260498571104748, 43.776414414979044 ], [ 11.260523404299366, 43.776413923573251 ], [ 11.260524082495422, 43.776431917261064 ], [ 11.260548915696845, 43.77643142584958 ], [ 11.260549593900965, 43.776449419537016 ], [ 11.260574427109194, 43.776448928119827 ], [ 11.260575105321378, 43.776466921806886 ], [ 11.260550272105712, 43.776467413224388 ], [ 11.260550950311091, 43.776485406911696 ], [ 11.260501283863004, 43.776486389731126 ], [ 11.260501962054141, 43.776504383418995 ], [ 11.260452295588669, 43.776505366217471 ], [ 11.260452973765565, 43.776523359905887 ], [ 11.260403307282706, 43.776524342683409 ], [ 11.260403985445363, 43.776542336372366 ], [ 11.260379152195554, 43.776542827753339 ], [ 11.260379830351402, 43.776560821442544 ], [ 11.260330163835031, 43.776561804188951 ], [ 11.260330841976637, 43.776579797878703 ], [ 11.260281175442881, 43.776580780604156 ], [ 11.260281853570246, 43.776598774294449 ], [ 11.260232187019104, 43.776599756998962 ], [ 11.260234221360369, 43.776653738071289 ], [ 11.26025905465856, 43.776653246720798 ], [ 11.260259732781007, 43.776671240411147 ], [ 11.260284566086003, 43.776670749054979 ], [ 11.260285922347656, 43.776706736434846 ], [ 11.260310755666897, 43.776706245072667 ], [ 11.260312111945934, 43.776742232451667 ], [ 11.260336945279413, 43.77674174108347 ], [ 11.26033762342731, 43.776759734772568 ], [ 11.260362456767597, 43.776759243398686 ], [ 11.260363134923557, 43.776777237087408 ], [ 11.260387968270649, 43.776776745707828 ], [ 11.260387290107252, 43.776758752019411 ], [ 11.260436956784678, 43.776757769244689 ], [ 11.260434244077901, 43.776685794492828 ], [ 11.260508744000104, 43.776684320294002 ], [ 11.26050942219816, 43.77670231398114 ], [ 11.260559088824683, 43.776701331154342 ], [ 11.260558410611758, 43.776683337467816 ], [ 11.260533577306244, 43.776683828883598 ], [ 11.260532899101383, 43.776665835196702 ], [ 11.260557732399461, 43.776665343781218 ], [ 11.260557054187794, 43.776647350094571 ], [ 11.260581887477809, 43.776646858674006 ], [ 11.260581209259335, 43.776628864987586 ], [ 11.260630875822606, 43.776627882130903 ], [ 11.260632232289923, 43.776663869502435 ], [ 11.260657065585486, 43.776663378065386 ], [ 11.260657743827521, 43.776681371750755 ], [ 11.26068257712989, 43.776680880308014 ], [ 11.260683255379989, 43.776698873992999 ], [ 11.260708088689164, 43.776698382544566 ], [ 11.260709445206123, 43.77673436991374 ], [ 11.260734278529538, 43.776733878459297 ], [ 11.260734956796396, 43.776751872143485 ], [ 11.260710123465547, 43.776752363598234 ], [ 11.260710801725599, 43.776770357282658 ], [ 11.260661135047142, 43.776771340176609 ], [ 11.260661813292954, 43.776789333861593 ], [ 11.26061214659711, 43.776790316734591 ], [ 11.26061282482868, 43.776808310420101 ], [ 11.260587991472379, 43.776808801848823 ], [ 11.260588669697142, 43.776826795534589 ], [ 11.260539002967784, 43.776827778376457 ], [ 11.260539681178308, 43.776845772062771 ], [ 11.260514847805249, 43.776846263475932 ], [ 11.260515526008966, 43.776864257162487 ], [ 11.260465859246095, 43.77686523997324 ], [ 11.260466537435569, 43.776883233660342 ], [ 11.260416870655311, 43.776884216450142 ], [ 11.260417548830546, 43.776902210137798 ], [ 11.260392715432037, 43.776902701524911 ], [ 11.260393393600465, 43.776920695212802 ], [ 11.260343726786692, 43.776921677971494 ], [ 11.260344404940879, 43.776939671659925 ], [ 11.260319571525615, 43.776940163031483 ], [ 11.260320249672993, 43.77695815672017 ], [ 11.260270582825706, 43.776959139447726 ], [ 11.260271260958847, 43.77697713313696 ], [ 11.260246427526825, 43.776977624492957 ], [ 11.260247105653157, 43.776995618182433 ], [ 11.260197438772355, 43.776996600878867 ], [ 11.260198116884448, 43.777014594568897 ], [ 11.260148449986259, 43.777015577244377 ], [ 11.260149128084111, 43.777033570934954 ], [ 11.260124294626637, 43.777034062264917 ], [ 11.260124972717684, 43.777052055955721 ], [ 11.260075305785978, 43.777053038600087 ], [ 11.260075983862782, 43.777071032291445 ], [ 11.260051150388554, 43.777071523605855 ], [ 11.26005182845855, 43.777089517297455 ], [ 11.260002161493334, 43.777090499910706 ], [ 11.26000283954909, 43.777108493602853 ], [ 11.259978006058102, 43.777108984901695 ], [ 11.259978684107052, 43.77712697859409 ], [ 11.259929017108322, 43.777127961176213 ], [ 11.259929695143031, 43.777145954869148 ], [ 11.259880028126913, 43.777146937430324 ], [ 11.25988070614738, 43.777164931123806 ], [ 11.259855872630942, 43.777165422396607 ], [ 11.259856550644601, 43.777183416090338 ], [ 11.259806883594971, 43.777184398620392 ], [ 11.259807561594389, 43.777202392314678 ], [ 11.259782728061197, 43.77720288357191 ], [ 11.259783406053806, 43.77722087726643 ], [ 11.259708905428148, 43.777222351006742 ] ] ] } },
{ "type": "Feature", "properties": { "height": 7.6781539916992188 }, "geometry": { "type": "Polygon", "coordinates": [ [ [ 11.252922389667251, 43.776510060815113 ], [ 11.252921713748821, 43.776492067033303 ], [ 11.252896880391789, 43.776492556788121 ], [ 11.252896204481422, 43.776474563005934 ], [ 11.252846537780348, 43.776475542498787 ], [ 11.252845861885476, 43.776457548715925 ], [ 11.252821028541435, 43.77645803845396 ], [ 11.252820352654624, 43.776440044670728 ], [ 11.25279551931739, 43.776440534403058 ], [ 11.252794843438641, 43.776422540619457 ], [ 11.252745176777164, 43.776423520067347 ], [ 11.252744500913913, 43.776405526283064 ], [ 11.25271966758967, 43.776406015998617 ], [ 11.252718991734479, 43.776388022213965 ], [ 11.252694158417045, 43.77638851192382 ], [ 11.252693482569917, 43.776370518138798 ], [ 11.25266864925929, 43.776371007842947 ], [ 11.252667973420225, 43.776353014057548 ], [ 11.252618306811959, 43.776353993449078 ], [ 11.252617630988389, 43.776335999663004 ], [ 11.252592797690752, 43.776336489350385 ], [ 11.252592121875246, 43.776318495563935 ], [ 11.252567288584416, 43.776318985245609 ], [ 11.252566612776972, 43.77630099145879 ], [ 11.252541779492951, 43.776301481134766 ], [ 11.252541103693568, 43.776283487347584 ], [ 11.252466603860045, 43.776284956342259 ], [ 11.252465928083597, 43.776266962554089 ], [ 11.252416261539651, 43.776267941856304 ], [ 11.252415585778698, 43.776249948067459 ], [ 11.25239075251322, 43.776250437710168 ], [ 11.252390076760328, 43.776232443920954 ], [ 11.252414910018372, 43.776231954278543 ], [ 11.252412882741151, 43.77617797291142 ], [ 11.252437715976264, 43.77617748326454 ], [ 11.252435688682377, 43.77612350189775 ], [ 11.252460521894557, 43.77612301224638 ], [ 11.252459170353566, 43.776087024668811 ], [ 11.252484003550247, 43.776086535012674 ], [ 11.252481976221155, 43.776032553646729 ], [ 11.252506809394907, 43.776032063986122 ], [ 11.252505457830441, 43.775996076409108 ], [ 11.252530290988696, 43.775995586743718 ], [ 11.252528263624397, 43.775941605378634 ], [ 11.252553096759717, 43.775941115708775 ], [ 11.252551745171782, 43.775905128132329 ], [ 11.252576578291608, 43.775904638457696 ], [ 11.252575226691309, 43.775868650881613 ], [ 11.252600059795641, 43.77586816120219 ], [ 11.252598032377588, 43.775814179838491 ], [ 11.252622865458987, 43.775813690154592 ], [ 11.252620838024271, 43.77575970879122 ], [ 11.252645671082739, 43.775759219102845 ], [ 11.252643643631361, 43.775705237739807 ], [ 11.252668476666896, 43.775704748046962 ], [ 11.252666449198854, 43.775650766684265 ], [ 11.25269128221146, 43.775650276986937 ], [ 11.252689930554363, 43.775614289412076 ], [ 11.252714763551472, 43.775613799709994 ], [ 11.252713411882011, 43.775577812135481 ], [ 11.252738244863624, 43.77557732242861 ], [ 11.252736893181803, 43.775541334854459 ], [ 11.252761726147918, 43.775540845142793 ], [ 11.252761050300514, 43.775522851355923 ], [ 11.252785883258568, 43.775522361639183 ], [ 11.252786559113407, 43.775540355425747 ], [ 11.252836225042504, 43.775539375975484 ], [ 11.25283690091284, 43.775557369761358 ], [ 11.252886566854299, 43.775556390288919 ], [ 11.252887242740131, 43.775574384074126 ], [ 11.252936908693952, 43.775573404579504 ], [ 11.25293758459528, 43.775591398364035 ], [ 11.252987250561462, 43.77559041884723 ], [ 11.252987926478287, 43.775608412631094 ], [ 11.253012759467873, 43.775607922864289 ], [ 11.253013435392761, 43.775625916647776 ], [ 11.253063101384921, 43.775624937097419 ], [ 11.253063777325304, 43.77564293088021 ], [ 11.253113443329827, 43.775641951307676 ], [ 11.253114119285705, 43.775659945089792 ], [ 11.25316378530259, 43.775658965495076 ], [ 11.253164461273965, 43.775676959276517 ], [ 11.253189294288902, 43.775676469470774 ], [ 11.253189970268339, 43.77569446325186 ], [ 11.253239636311202, 43.775693483623563 ], [ 11.253240312306136, 43.775711477403966 ], [ 11.253289978361359, 43.775710497753487 ], [ 11.25329065437179, 43.775728491533222 ], [ 11.253340320439376, 43.775727511860566 ], [ 11.253340996465303, 43.77574550563962 ], [ 11.25339066254525, 43.775744525944802 ], [ 11.253391338586672, 43.775762519723166 ], [ 11.253416171633141, 43.775762029867373 ], [ 11.253416847682628, 43.775780023645368 ], [ 11.253466513788551, 43.77577904391697 ], [ 11.253467189853534, 43.775797037694311 ], [ 11.253516855971819, 43.77579605794373 ], [ 11.253518884215138, 43.775850039273479 ], [ 11.253494051134004, 43.775850529152386 ], [ 11.253494727208929, 43.775868522929137 ], [ 11.253469894119736, 43.775869012802957 ], [ 11.253471246256598, 43.775905000356886 ], [ 11.253446413151904, 43.775905490225924 ], [ 11.253447089213843, 43.775923484003094 ], [ 11.253422256101087, 43.775923973867044 ], [ 11.253423608211973, 43.775959961421819 ], [ 11.253398775083722, 43.775960451280987 ], [ 11.253400127182246, 43.775996438836103 ], [ 11.253375294038499, 43.775996928690496 ], [ 11.253375970081267, 43.776014922468264 ], [ 11.253351136929457, 43.77601541231757 ], [ 11.253352489002003, 43.776051399873516 ], [ 11.253327655834697, 43.77605188971804 ], [ 11.253328331864475, 43.776069883496234 ], [ 11.253303498689109, 43.776070373335671 ], [ 11.253304850735676, 43.776106360892456 ], [ 11.253280017544812, 43.77610685072711 ], [ 11.253280693561601, 43.776124844505709 ], [ 11.253255860362673, 43.776125334335283 ], [ 11.253257212383264, 43.7761613218929 ], [ 11.253232379168841, 43.776161811717699 ], [ 11.253233055172641, 43.77617980549671 ], [ 11.253208221950155, 43.776180295316422 ], [ 11.253208897947149, 43.776198289095682 ], [ 11.253184064716599, 43.776198778910292 ], [ 11.253185416697596, 43.776234766469223 ], [ 11.253160583451551, 43.776235256279072 ], [ 11.253161259435556, 43.776253250058744 ], [ 11.253136426181449, 43.776253739863506 ], [ 11.253137778136468, 43.776289727423254 ], [ 11.253112944866862, 43.776290217223242 ], [ 11.253113620837878, 43.776308211003332 ], [ 11.253088787560213, 43.776308700798225 ], [ 11.253090139489252, 43.776344688358819 ], [ 11.253065306196088, 43.776345178148929 ], [ 11.253065982154114, 43.776363171929439 ], [ 11.253041148852891, 43.77636366171447 ], [ 11.253042500755953, 43.776399649275895 ], [ 11.253017667439231, 43.776400139056143 ], [ 11.253018343384266, 43.776418132837065 ], [ 11.252993510059483, 43.776418622612233 ], [ 11.252994861936566, 43.776454610174483 ], [ 11.252970028596286, 43.776455099944869 ], [ 11.25297070452833, 43.776473093726196 ], [ 11.252945871179989, 43.776473583491516 ], [ 11.252947223031093, 43.776509571054596 ], [ 11.252922389667251, 43.776510060815113 ] ] ] } },
{ "type": "Feature", "properties": { "height": 15.886100769042969 }, "geometry": { "type": "Polygon", "coordinates": [ [ [ 11.254425049114513, 43.776156287810451 ], [ 11.254424372753835, 43.776138294046127 ], [ 11.254374706383313, 43.776139274197106 ], [ 11.254374030038131, 43.7761212804321 ], [ 11.254349196859362, 43.776121770499195 ], [ 11.254348520522242, 43.776103776733819 ], [ 11.254298854177694, 43.776104756851232 ], [ 11.254298177856073, 43.776086763085182 ], [ 11.254273344690294, 43.776087253135486 ], [ 11.254272668376732, 43.776069259369059 ], [ 11.254223002058163, 43.776070239452899 ], [ 11.254222325760098, 43.776052245685797 ], [ 11.254197492607307, 43.776052735719333 ], [ 11.254196816317306, 43.77603474195184 ], [ 11.254147150024709, 43.776035722002113 ], [ 11.254146473750206, 43.776017728233953 ], [ 11.254121640610402, 43.776018218250698 ], [ 11.25412096434396, 43.776000224482182 ], [ 11.254071298077342, 43.776001204498868 ], [ 11.254070621826397, 43.77598321072967 ], [ 11.25404578869958, 43.775983700729626 ], [ 11.254045112456698, 43.775965706960051 ], [ 11.253995446216056, 43.775966686943171 ], [ 11.253994769988671, 43.775948693172928 ], [ 11.253969936874842, 43.775949183156087 ], [ 11.253969260655518, 43.775931189385467 ], [ 11.2539444275485, 43.775931679362941 ], [ 11.253943751337237, 43.775913685591945 ], [ 11.253894085136185, 43.775914665530109 ], [ 11.253893408940421, 43.775896671758439 ], [ 11.25386857584639, 43.775897161719122 ], [ 11.253867899658689, 43.775879167947082 ], [ 11.253818233483612, 43.775880147851673 ], [ 11.253817557311407, 43.775862154078958 ], [ 11.253792724230363, 43.775862644022858 ], [ 11.253792048066218, 43.775844650249773 ], [ 11.253742381917121, 43.775845630120784 ], [ 11.253741705768475, 43.775827636347017 ], [ 11.253716872700419, 43.775828126274135 ], [ 11.253716196559834, 43.775810132499998 ], [ 11.253691363498586, 43.775810622421417 ], [ 11.253690687366063, 43.775792628646904 ], [ 11.253715520419878, 43.775792138725798 ], [ 11.253714844280545, 43.775774144951519 ], [ 11.253739677326296, 43.775773655025326 ], [ 11.253738325034645, 43.775737667477209 ], [ 11.253763158064901, 43.77573717754624 ], [ 11.253762481912581, 43.775719183772388 ], [ 11.253787314934772, 43.775718693836325 ], [ 11.253785962617146, 43.775682706289039 ], [ 11.253810795623842, 43.775682216348194 ], [ 11.253810119458535, 43.775664222574768 ], [ 11.253834952457167, 43.775663732628843 ], [ 11.253833600113564, 43.775627745082389 ], [ 11.253858433096701, 43.775627255131681 ], [ 11.253857756918405, 43.77560926135866 ], [ 11.253882589893481, 43.775608771402879 ], [ 11.253881237523903, 43.775572783857257 ], [ 11.253906070483479, 43.775572293896687 ], [ 11.253904718101541, 43.77553630635142 ], [ 11.253929551045623, 43.775535816386061 ], [ 11.253928874848159, 43.775517822613637 ], [ 11.253953707784177, 43.775517332643211 ], [ 11.253952355376262, 43.775481345098768 ], [ 11.253977188296785, 43.775480855123547 ], [ 11.253976512086332, 43.775462861351535 ], [ 11.254001344998795, 43.775462371371233 ], [ 11.253999992564902, 43.775426383827636 ], [ 11.254024825461867, 43.775425893842552 ], [ 11.254024149238429, 43.775407900070974 ], [ 11.25404898212733, 43.775407410080803 ], [ 11.254047629667463, 43.775371422538036 ], [ 11.25407246254087, 43.775370932543098 ], [ 11.254071786304443, 43.775352938771917 ], [ 11.254096619169788, 43.775352448771891 ], [ 11.254095942926552, 43.775334455000952 ], [ 11.254120775783836, 43.775333964995838 ], [ 11.254120099533793, 43.77531597122514 ], [ 11.254194598079573, 43.775314501178379 ], [ 11.254193921807857, 43.775296507408534 ], [ 11.254243587487039, 43.77529552735102 ], [ 11.254242911201077, 43.775277533581722 ], [ 11.254292576862881, 43.77527655350324 ], [ 11.254291900562677, 43.775258559734489 ], [ 11.254341566207104, 43.775257579635074 ], [ 11.25434088989266, 43.775239585866871 ], [ 11.254415388332289, 43.775238115678206 ], [ 11.254414711996169, 43.775220121910863 ], [ 11.254464377604583, 43.775219141758747 ], [ 11.25446370125422, 43.775201147991943 ], [ 11.254488534050051, 43.775200657908108 ], [ 11.254490563125326, 43.775254639207397 ], [ 11.254515395942835, 43.775254149117252 ], [ 11.254517425046059, 43.775308130415041 ], [ 11.254542257885245, 43.775307640318587 ], [ 11.254544963394732, 43.775379615380167 ], [ 11.254569796263029, 43.775379125277084 ], [ 11.254572501812291, 43.775451100336404 ], [ 11.254597334709699, 43.775450610226713 ], [ 11.254600040298737, 43.775522585283774 ], [ 11.254624873225257, 43.775522095167481 ], [ 11.254626226038409, 43.775558082694999 ], [ 11.254576560155005, 43.775559062923442 ], [ 11.254577236547654, 43.775577056687709 ], [ 11.254552403597577, 43.775577546794139 ], [ 11.254553079983417, 43.775595540558662 ], [ 11.254602745897815, 43.775594560339776 ], [ 11.254602069497105, 43.775576566575879 ], [ 11.254651735394123, 43.775575586336046 ], [ 11.254653764642743, 43.775629567625728 ], [ 11.254678597612616, 43.775629077496802 ], [ 11.254681303315964, 43.775701052547561 ], [ 11.254706136314949, 43.775700562412027 ], [ 11.254708165621352, 43.775754543698497 ], [ 11.254732998642014, 43.775754053556653 ], [ 11.254735704422409, 43.775826028603134 ], [ 11.254710871372009, 43.775826518746214 ], [ 11.254712224251101, 43.775862506269682 ], [ 11.254687391185204, 43.775862996407973 ], [ 11.254688067618256, 43.77588099016991 ], [ 11.254663234544296, 43.77588148030312 ], [ 11.254664587397414, 43.775917467827412 ], [ 11.254639754307957, 43.775917957955848 ], [ 11.254640430728022, 43.775935951718203 ], [ 11.254615597630503, 43.775936441841544 ], [ 11.254616950457645, 43.775972429366675 ], [ 11.254592117344631, 43.775972919485241 ], [ 11.254593470159412, 43.776008907010727 ], [ 11.254568637030898, 43.776009397124504 ], [ 11.254569313431796, 43.776027390887464 ], [ 11.25454448029522, 43.776027880996153 ], [ 11.254545833084027, 43.776063868522478 ], [ 11.254520999931955, 43.7760643586264 ], [ 11.254521676319863, 43.776082352389757 ], [ 11.254496843159728, 43.776082842488591 ], [ 11.25449819592256, 43.77611883001574 ], [ 11.25447336274693, 43.776119320109792 ], [ 11.254474039121849, 43.776137313873583 ], [ 11.254449205938156, 43.776137803962541 ], [ 11.25444988230627, 43.776155797726574 ], [ 11.254425049114513, 43.776156287810451 ] ] ] } },
{ "type": "Feature", "properties": { "height": 16.88800048828125 }, "geometry": { "type": "Polygon", "coordinates": [ [ [ 11.252106942360466, 43.776634182637764 ], [ 11.252106266683636, 43.776616188846248 ], [ 11.252081433261308, 43.776616678424986 ], [ 11.252080757592539, 43.776598684633107 ], [ 11.25205592417702, 43.776599174206147 ], [ 11.252055248516312, 43.776581180413892 ], [ 11.252030415107603, 43.776581669981233 ], [ 11.252029739454958, 43.776563676188609 ], [ 11.252004906053056, 43.776564165750258 ], [ 11.252004230408472, 43.77654617195725 ], [ 11.251979397013379, 43.776546661513208 ], [ 11.251978721376856, 43.776528667719838 ], [ 11.251953887988572, 43.77652915727009 ], [ 11.251953212360112, 43.776511163476357 ], [ 11.251903545596534, 43.77651214256008 ], [ 11.251902869983571, 43.776494148765657 ], [ 11.251878036608275, 43.776494638299127 ], [ 11.251877361003373, 43.776476644504328 ], [ 11.251852527634888, 43.776477134032106 ], [ 11.251851852038046, 43.776459140236938 ], [ 11.251827018676371, 43.776459629759024 ], [ 11.251826343087592, 43.776441635963486 ], [ 11.251801509732724, 43.776442125479861 ], [ 11.251800834152007, 43.77642413168396 ], [ 11.251751167455261, 43.77642511069994 ], [ 11.251750491890041, 43.776407116903357 ], [ 11.251725658548162, 43.776407606402955 ], [ 11.251724982991002, 43.776389612605996 ], [ 11.251700149655935, 43.776390102099903 ], [ 11.251699474106836, 43.776372108302567 ], [ 11.251674640778575, 43.776372597790775 ], [ 11.251673965237542, 43.776354603993077 ], [ 11.251649131916087, 43.776355093475573 ], [ 11.251648456383114, 43.776337099677519 ], [ 11.251598789753201, 43.776338078625734 ], [ 11.251598114235724, 43.776320084827006 ], [ 11.251573280927262, 43.776320574292711 ], [ 11.251572605417847, 43.776302580493599 ], [ 11.251547772116194, 43.77630306995362 ], [ 11.251547096614839, 43.776285076154146 ], [ 11.251522263319995, 43.776285565608461 ], [ 11.251520912334037, 43.776249578008702 ], [ 11.251570578893359, 43.776248599095887 ], [ 11.25156990338645, 43.776230605296519 ], [ 11.251594736657736, 43.776230115832327 ], [ 11.251594061144019, 43.776212122033193 ], [ 11.251618894407244, 43.776211632563914 ], [ 11.251618218886717, 43.776193638765037 ], [ 11.251643052141882, 43.77619314929067 ], [ 11.251642376614546, 43.77617515549202 ], [ 11.251667209861649, 43.776174666012579 ], [ 11.251666534327505, 43.776156672214164 ], [ 11.251691367566547, 43.776156182729629 ], [ 11.251690692025592, 43.776138188931469 ], [ 11.251665858793988, 43.776138678415684 ], [ 11.251665183261098, 43.776120684617148 ], [ 11.2516403500363, 43.776121174095678 ], [ 11.251639674511473, 43.776103180296772 ], [ 11.251614841293483, 43.776103669769604 ], [ 11.251614165776717, 43.776085675970315 ], [ 11.251589332565537, 43.776086165437455 ], [ 11.251588657056832, 43.776068171637803 ], [ 11.251563823852459, 43.776068661099238 ], [ 11.251563148351815, 43.776050667299209 ], [ 11.251587981548752, 43.776050177838087 ], [ 11.2515873060413, 43.7760321840383 ], [ 11.251612139230174, 43.776031694572083 ], [ 11.251611463715914, 43.776013700772531 ], [ 11.251636296896725, 43.776013211301233 ], [ 11.251635621375657, 43.775995217501929 ], [ 11.251660454548411, 43.775994728025545 ], [ 11.251659779020532, 43.775976734226475 ], [ 11.251634945855214, 43.775977223702562 ], [ 11.251634270335396, 43.775959229903123 ], [ 11.251609437176889, 43.775959719373525 ], [ 11.251608761665134, 43.775941725573716 ], [ 11.251633594816209, 43.775941236103634 ], [ 11.251632919297647, 43.775923242304074 ], [ 11.251657752440657, 43.775922752828905 ], [ 11.251656401390541, 43.775886765230197 ], [ 11.251681234518058, 43.775886275750253 ], [ 11.251680558986504, 43.775868281951112 ], [ 11.251705392105958, 43.77586779246608 ], [ 11.251704716567597, 43.775849798667174 ], [ 11.25172954967899, 43.775849309177048 ], [ 11.251728874133818, 43.775831315378376 ], [ 11.251704041029861, 43.775831804868204 ], [ 11.251703365492752, 43.775813811069156 ], [ 11.251678532395601, 43.775814300553272 ], [ 11.251677856866554, 43.775796306753861 ], [ 11.251628190685246, 43.775797285705302 ], [ 11.251627515171691, 43.775779291905224 ], [ 11.251602682087533, 43.775779781372556 ], [ 11.251602006582043, 43.775761787572108 ], [ 11.251552340426713, 43.775762766489969 ], [ 11.251553015917333, 43.775780760291035 ], [ 11.251528182831294, 43.775781249742195 ], [ 11.251528858315105, 43.775799243543503 ], [ 11.251504025221005, 43.775799732989576 ], [ 11.251504700698007, 43.775817726791118 ], [ 11.251479867595846, 43.775818216232103 ], [ 11.251480543066041, 43.775836210033901 ], [ 11.251455709955817, 43.775836699469799 ], [ 11.251457060883217, 43.775872687073793 ], [ 11.251407394631149, 43.775873665930632 ], [ 11.251406719182009, 43.77585567212806 ], [ 11.25138188606247, 43.775856161548091 ], [ 11.251381210621387, 43.775838167745142 ], [ 11.251331544395303, 43.775839146568423 ], [ 11.251330868969717, 43.775821152764799 ], [ 11.251306035863168, 43.77582164216804 ], [ 11.251304009612475, 43.775767660755868 ], [ 11.251254343442108, 43.775768639544346 ], [ 11.251253668041334, 43.775750645739549 ], [ 11.251278501119396, 43.775750156348323 ], [ 11.251277150304855, 43.775714168739135 ], [ 11.251301983367419, 43.775713679343113 ], [ 11.251301307953652, 43.775695685538736 ], [ 11.251326141008157, 43.775695196137633 ], [ 11.251325465587582, 43.77567720233349 ], [ 11.251350298634026, 43.775676712927293 ], [ 11.251349623206641, 43.775658719123385 ], [ 11.251374456245024, 43.775658229712114 ], [ 11.251373780810832, 43.775640235908448 ], [ 11.251398613841152, 43.775639746492082 ], [ 11.251397938400153, 43.775621752688657 ], [ 11.251497270485428, 43.77561979497051 ], [ 11.251495919545832, 43.775583807365933 ], [ 11.251471086540322, 43.77558429680294 ], [ 11.251470411078898, 43.77556630300024 ], [ 11.251495244076972, 43.775565813563539 ], [ 11.251493893141134, 43.775529825958536 ], [ 11.251518726123711, 43.775529336517046 ], [ 11.251518050649297, 43.775511342714772 ], [ 11.251542883623815, 43.775510853268194 ], [ 11.251541532661996, 43.775474865664044 ], [ 11.251566365621018, 43.775474376212699 ], [ 11.251565690133614, 43.775456382410823 ], [ 11.251540857182027, 43.77545687186187 ], [ 11.251540181702683, 43.775438878059632 ], [ 11.251515348757904, 43.77543936750498 ], [ 11.251514673286623, 43.775421373702372 ], [ 11.251465007410058, 43.775422352576278 ], [ 11.251464331954271, 43.77540435877301 ], [ 11.251439499022482, 43.775404848201553 ], [ 11.251438823574755, 43.775386854397894 ], [ 11.251413990649777, 43.775387343820768 ], [ 11.251412639771075, 43.775351356212653 ], [ 11.251437472681188, 43.77535086679039 ], [ 11.251436797235343, 43.775332872986539 ], [ 11.251461630137392, 43.775332383559196 ], [ 11.25145960378131, 43.77527840214816 ], [ 11.251409938021192, 43.775279380995627 ], [ 11.251408587150008, 43.77524339338671 ], [ 11.251433420015509, 43.775242903966294 ], [ 11.251432744573425, 43.775224910162045 ], [ 11.251407911715358, 43.775225399582169 ], [ 11.251407236281331, 43.77520740577755 ], [ 11.251382403430071, 43.775207895191969 ], [ 11.251380377154057, 43.775153913776805 ], [ 11.251405209983011, 43.775153424363303 ], [ 11.251404534551494, 43.775135430558436 ], [ 11.251429367372387, 43.775134941139846 ], [ 11.251428016496359, 43.775098953530502 ], [ 11.251452849301758, 43.775098464107138 ], [ 11.251452173857247, 43.775080470302669 ], [ 11.251526672247385, 43.775079002001142 ], [ 11.251527347714196, 43.775096995804681 ], [ 11.251577013319357, 43.77509601690943 ], [ 11.251577688801667, 43.775114010712301 ], [ 11.25162735441919, 43.775113031794866 ], [ 11.251628029916995, 43.775131025597055 ], [ 11.251677695546883, 43.775130046657452 ], [ 11.251678371060184, 43.775148040458966 ], [ 11.251728036702433, 43.775147061497186 ], [ 11.251728712231229, 43.775165055298018 ], [ 11.251778377885842, 43.775164076314049 ], [ 11.251779053430134, 43.775182070114219 ], [ 11.25182871909711, 43.775181091108088 ], [ 11.251829394656898, 43.775199084907563 ], [ 11.251879060336238, 43.775198105879262 ], [ 11.251879735911521, 43.775216099678055 ], [ 11.251929401603224, 43.775215120627585 ], [ 11.251930077194004, 43.775233114425703 ], [ 11.251979742898067, 43.775232135353043 ], [ 11.251980418504344, 43.7752501291505 ], [ 11.252030084220772, 43.775249150055664 ], [ 11.252030759842544, 43.775267143852439 ], [ 11.252080425571334, 43.775266164735427 ], [ 11.252081101208601, 43.775284158531527 ], [ 11.252130766949755, 43.775283179392332 ], [ 11.252131442602517, 43.775301173187763 ], [ 11.252181108356034, 43.775300194026393 ], [ 11.252181784024293, 43.775318187821142 ], [ 11.252231449790171, 43.775317208637595 ], [ 11.252232125473926, 43.775335202431663 ], [ 11.252281791252168, 43.775334223225947 ], [ 11.252282466951419, 43.775352217019353 ], [ 11.252332132742024, 43.77535123779144 ], [ 11.252332808456769, 43.775369231584158 ], [ 11.252382474259736, 43.77536825233409 ], [ 11.252383149989981, 43.775386246126132 ], [ 11.25243281580531, 43.775385266853881 ], [ 11.252433491551049, 43.775403260645248 ], [ 11.252483157378739, 43.775402281350829 ], [ 11.252483833139975, 43.775420275141506 ], [ 11.25253349898003, 43.775419295824911 ], [ 11.252534174756761, 43.775437289614928 ], [ 11.252583840609178, 43.775436310276135 ], [ 11.252584516401406, 43.775454304065477 ], [ 11.252634182266183, 43.775453324704522 ], [ 11.252634858073908, 43.775471318493182 ], [ 11.252684523951048, 43.775470339110051 ], [ 11.252685199774268, 43.775488332898028 ], [ 11.25273486566377, 43.775487353492728 ], [ 11.252735541502489, 43.775505347280031 ], [ 11.252710708550616, 43.77550583698568 ], [ 11.25271206021506, 43.775541824560719 ], [ 11.252687227247691, 43.775542314261592 ], [ 11.252688578899773, 43.775578301836973 ], [ 11.252663745916907, 43.775578791533064 ], [ 11.252665097556628, 43.775614779108793 ], [ 11.252640264558266, 43.775615268800109 ], [ 11.252642292000242, 43.775669250164121 ], [ 11.252617458978948, 43.775669739850969 ], [ 11.252618810595198, 43.775705727427258 ], [ 11.252593977558409, 43.775706217109324 ], [ 11.252595329162295, 43.775742204685976 ], [ 11.252570496110009, 43.775742694363245 ], [ 11.252571847701532, 43.77577868194026 ], [ 11.252547014633748, 43.775779171612754 ], [ 11.252549042003432, 43.775833152978684 ], [ 11.252524208912719, 43.775833642646717 ], [ 11.25252556048077, 43.775869630224285 ], [ 11.25250072737456, 43.775870119887529 ], [ 11.252502078930249, 43.775906107465453 ], [ 11.252477245808542, 43.775906597123914 ], [ 11.252478597351871, 43.775942584702193 ], [ 11.252453764214668, 43.775943074355887 ], [ 11.252455115745631, 43.7759790619345 ], [ 11.252430282592933, 43.775979551583411 ], [ 11.252430958351919, 43.775997545372931 ], [ 11.252406125191158, 43.775998035016755 ], [ 11.252407476696142, 43.776034022596214 ], [ 11.252382643519883, 43.776034512235256 ], [ 11.252384670759756, 43.776088493604867 ], [ 11.252409503958319, 43.776088003964915 ], [ 11.252410179713632, 43.77610599775435 ], [ 11.252385346507635, 43.776106487394607 ], [ 11.252386698005271, 43.776142474973895 ], [ 11.252361864783776, 43.77614296460937 ], [ 11.252363892012626, 43.776196945978732 ], [ 11.252339058768198, 43.776197435609738 ], [ 11.252341761719032, 43.776269410769181 ], [ 11.252316928444239, 43.776269900396038 ], [ 11.252318955641639, 43.77632388176584 ], [ 11.252294122343915, 43.77632437138822 ], [ 11.252295473797114, 43.776360358968383 ], [ 11.252270640483893, 43.776360848585981 ], [ 11.252271991924726, 43.776396836166491 ], [ 11.252247158596006, 43.776397325779307 ], [ 11.252249185739654, 43.776451307150502 ], [ 11.252224352388003, 43.776451796758842 ], [ 11.252225703805365, 43.776487784339935 ], [ 11.252200870438216, 43.776488273943492 ], [ 11.252202221843215, 43.776524261524933 ], [ 11.252177388460572, 43.776524751123709 ], [ 11.252178739853205, 43.776560738705491 ], [ 11.252153906455062, 43.776561228299478 ], [ 11.252155257835334, 43.77659721588163 ], [ 11.252130424421695, 43.776597705470849 ], [ 11.252131775789604, 43.776633693053327 ], [ 11.252106942360466, 43.776634182637764 ] ] ] } },
{ "type": "Feature", "properties": { "height": 15.966438293457031 }, "geometry": { "type": "Polygon", "coordinates": [ [ [ 11.255381566300324, 43.776479542121663 ], [ 11.255380889645194, 43.776461548370193 ], [ 11.255356056342825, 43.776462038659076 ], [ 11.255355379695757, 43.776444044907244 ], [ 11.255305713104004, 43.776445025468199 ], [ 11.255305036472436, 43.776427031715691 ], [ 11.255280203183053, 43.776427521987777 ], [ 11.255279526559546, 43.7764095282349 ], [ 11.255229859993767, 43.776410508762275 ], [ 11.255229183385758, 43.776392515008723 ], [ 11.255179516832341, 43.776393495513922 ], [ 11.255178840239829, 43.776375501759702 ], [ 11.255129173698769, 43.776376482242725 ], [ 11.255128497121756, 43.776358488487823 ], [ 11.255078830593057, 43.776359468948677 ], [ 11.255078154031541, 43.776341475193085 ], [ 11.255053320773683, 43.776341965415121 ], [ 11.25505264422023, 43.776323971659167 ], [ 11.255027810969183, 43.77632446187549 ], [ 11.255026457879026, 43.776288474362765 ], [ 11.255001624642221, 43.776288964573098 ], [ 11.254999595033999, 43.776234983302594 ], [ 11.25497476181887, 43.776235473506624 ], [ 11.254972732238599, 43.776181492234613 ], [ 11.254947899045147, 43.776181982432334 ], [ 11.254945192976644, 43.77611000740086 ], [ 11.254920359812306, 43.776110497591951 ], [ 11.254918330289822, 43.776056516316743 ], [ 11.25489349714716, 43.776057006501524 ], [ 11.254890791155704, 43.775985031465773 ], [ 11.254865958042155, 43.775985521643946 ], [ 11.254863928577453, 43.775931540365519 ], [ 11.254839095485583, 43.775932030537383 ], [ 11.254836389571174, 43.775860055497354 ], [ 11.254811556508415, 43.775860545662603 ], [ 11.2548095271015, 43.775806564380986 ], [ 11.254784694060417, 43.775807054539918 ], [ 11.254781988223053, 43.775735079495611 ], [ 11.254757155211083, 43.775735569647942 ], [ 11.254755125861951, 43.775681588363106 ], [ 11.254730292871658, 43.775682078509114 ], [ 11.254728263550478, 43.775628097222786 ], [ 11.254703430581861, 43.77562858736249 ], [ 11.25470140128863, 43.775574606074649 ], [ 11.25467656834169, 43.775575096208044 ], [ 11.254674539076412, 43.775521114918703 ], [ 11.254649706151147, 43.775521605045775 ], [ 11.254647000502631, 43.775449629991172 ], [ 11.254622167606479, 43.775450120111643 ], [ 11.254620138398982, 43.77539613881909 ], [ 11.254595305524507, 43.775396628933258 ], [ 11.254593276344959, 43.775342647639206 ], [ 11.254568443492161, 43.775343137747043 ], [ 11.254566414340564, 43.775289156451485 ], [ 11.254541581509443, 43.775289646553027 ], [ 11.2545388760125, 43.775217671490147 ], [ 11.25451404321049, 43.775218161585066 ], [ 11.254512690480651, 43.775182174052617 ], [ 11.25456235605431, 43.7751811938586 ], [ 11.254561679675462, 43.775163200092891 ], [ 11.254636178008941, 43.775161729762353 ], [ 11.254635501608417, 43.775143735997489 ], [ 11.254685167146064, 43.775142755750792 ], [ 11.254684490731298, 43.775124761986476 ], [ 11.254734156251567, 43.775123781718818 ], [ 11.25473347982256, 43.775105787955056 ], [ 11.254783145325449, 43.775104807666445 ], [ 11.254782468882201, 43.775086813903236 ], [ 11.254856967109527, 43.775085343430803 ], [ 11.254856290644602, 43.77506734966844 ], [ 11.254905956111479, 43.775066369327149 ], [ 11.254905279632313, 43.775048375565326 ], [ 11.254954945081812, 43.775047395203089 ], [ 11.254954268588403, 43.775029401441806 ], [ 11.255003934020523, 43.775028421058607 ], [ 11.255005287037704, 43.775064408579858 ], [ 11.255030119767692, 43.775063918379551 ], [ 11.255032149320474, 43.775117899660025 ], [ 11.255056982072137, 43.775117409453408 ], [ 11.25505901165287, 43.775171390732375 ], [ 11.25508384442621, 43.775170900519448 ], [ 11.255085874034892, 43.775224881796916 ], [ 11.255110706829909, 43.77522439157768 ], [ 11.255108000656515, 43.775152416542163 ], [ 11.255083167891238, 43.775152906760177 ], [ 11.255080461757622, 43.7750809317224 ], [ 11.255055629021454, 43.775081421933784 ], [ 11.255052922927614, 43.775009446893733 ], [ 11.255077755634046, 43.775008956683571 ], [ 11.255077079104719, 43.774990962923702 ], [ 11.25512674450083, 43.774989982487817 ], [ 11.255126067957262, 43.774971988728495 ], [ 11.255175733335991, 43.774971008271656 ], [ 11.255175056778182, 43.774953014512882 ], [ 11.255224722139532, 43.774952034035081 ], [ 11.255224045567482, 43.774934040276868 ], [ 11.255273710911453, 43.774933059778121 ], [ 11.25527303432516, 43.774915066020441 ], [ 11.255322699651753, 43.774914085500747 ], [ 11.255322023051221, 43.774896091743621 ], [ 11.255396521014099, 43.774894620924556 ], [ 11.255395844391892, 43.774876627168268 ], [ 11.25544550968247, 43.774875646595888 ], [ 11.25544483304602, 43.774857652840154 ], [ 11.255494498319219, 43.774856672246827 ], [ 11.255493821668528, 43.774838678491648 ], [ 11.255543486924351, 43.774837697877359 ], [ 11.255542810259417, 43.77481970412272 ], [ 11.255567642878953, 43.774819213807795 ], [ 11.255568319551317, 43.774837207562129 ], [ 11.25559315217766, 43.77483671724152 ], [ 11.25559585890314, 43.774908692256965 ], [ 11.255620691558592, 43.774908201929733 ], [ 11.25562339832385, 43.774980176942911 ], [ 11.255648231008413, 43.774979686609065 ], [ 11.255650937813451, 43.77505166161999 ], [ 11.255675770527123, 43.775051171279515 ], [ 11.255678477371942, 43.775123146288166 ], [ 11.255703310114724, 43.775122655941082 ], [ 11.255706016999323, 43.775194630947468 ], [ 11.255730849771215, 43.775194140593754 ], [ 11.25573287996356, 43.775248121846943 ], [ 11.255757712757127, 43.775247631486934 ], [ 11.255760419718777, 43.775319606489035 ], [ 11.255785252541457, 43.775319116122411 ], [ 11.255787959542886, 43.775391091122238 ], [ 11.255812792394677, 43.775390600748999 ], [ 11.25581549943589, 43.775462575746566 ], [ 11.25584033231679, 43.775462085366719 ], [ 11.255843039397783, 43.77553406036202 ], [ 11.255867872307796, 43.775533569975536 ], [ 11.255869902647435, 43.775587551220411 ], [ 11.255894735579124, 43.775587060827625 ], [ 11.255896765946716, 43.775641042070987 ], [ 11.25592159890008, 43.775640551671906 ], [ 11.255923629295628, 43.775694532913761 ], [ 11.25594846227067, 43.775694042508356 ], [ 11.255950492694168, 43.775748023748712 ], [ 11.255975325690889, 43.775747533337004 ], [ 11.255977356142342, 43.775801514575839 ], [ 11.256002189160736, 43.775801024157815 ], [ 11.25600489646787, 43.775872999140809 ], [ 11.256029729515376, 43.775872508716169 ], [ 11.256031083187576, 43.775908496206654 ], [ 11.256055916249325, 43.77590800577601 ], [ 11.25605794678464, 43.775961987010348 ], [ 11.256082779868066, 43.775961496573395 ], [ 11.256084810431338, 43.776015477806226 ], [ 11.256109643536437, 43.776014987362963 ], [ 11.256110997263294, 43.77605097485057 ], [ 11.256135830382636, 43.776050484401303 ], [ 11.256137184126873, 43.776086471888043 ], [ 11.256112350992661, 43.776086962337921 ], [ 11.256113027858284, 43.776104956081497 ], [ 11.256063361573107, 43.776105936965685 ], [ 11.256064038424491, 43.776123930709822 ], [ 11.256039205273522, 43.776124421144125 ], [ 11.256039882118099, 43.77614241488849 ], [ 11.255990215799414, 43.77614339574157 ], [ 11.255990892629749, 43.776161389486482 ], [ 11.255966059462029, 43.776161879905231 ], [ 11.255966736285556, 43.776179873650392 ], [ 11.255917069933364, 43.776180854472344 ], [ 11.25591774674265, 43.776198848218044 ], [ 11.255892913558178, 43.776199338621225 ], [ 11.255893590360655, 43.776217332367175 ], [ 11.255843923974959, 43.776218313157997 ], [ 11.255844600763194, 43.776236306904487 ], [ 11.255819767561967, 43.776236797292121 ], [ 11.255820444343398, 43.776254791038859 ], [ 11.255770777924194, 43.77625577179856 ], [ 11.255771454691379, 43.776273765545831 ], [ 11.255746621473401, 43.776274255917905 ], [ 11.255747298233779, 43.776292249665424 ], [ 11.25569763178107, 43.776293230394003 ], [ 11.255698308527208, 43.776311224142077 ], [ 11.255673475292475, 43.77631171449859 ], [ 11.255674152031805, 43.776329708246891 ], [ 11.25562448554559, 43.776330688944348 ], [ 11.2556231320973, 43.776294701446439 ], [ 11.25559829886812, 43.776295191786467 ], [ 11.255595592008811, 43.776223216788665 ], [ 11.255570758808744, 43.776223707122078 ], [ 11.255568728693159, 43.776169725872109 ], [ 11.255543895514769, 43.776170216199219 ], [ 11.255541188732513, 43.776098241197133 ], [ 11.255516355583234, 43.776098731517621 ], [ 11.255515678896677, 43.776080737766634 ], [ 11.255565345179734, 43.776079757120883 ], [ 11.255564668478931, 43.776061763370436 ], [ 11.255589501612084, 43.776061273039772 ], [ 11.255590855029183, 43.776097260539977 ], [ 11.255615688176579, 43.776096770203324 ], [ 11.255617718329244, 43.776150751452228 ], [ 11.25566738466676, 43.776149770760888 ], [ 11.255668738134748, 43.776185758258613 ], [ 11.255693571317435, 43.776185267904253 ], [ 11.255692894575692, 43.776167274155725 ], [ 11.255742560924311, 43.77616629343143 ], [ 11.255741884168327, 43.776148299683449 ], [ 11.255791550499564, 43.776147318938214 ], [ 11.255789520190769, 43.776093337695734 ], [ 11.255839186474887, 43.776092356930754 ], [ 11.255838509691674, 43.776074363183753 ], [ 11.255863342825357, 43.776073872793475 ], [ 11.255861989245942, 43.776037885299871 ], [ 11.25583715612713, 43.776038375689524 ], [ 11.255837832909089, 43.776056369436674 ], [ 11.255788166654709, 43.776057350200418 ], [ 11.255788843422424, 43.776075343948108 ], [ 11.255764010286857, 43.776075834322207 ], [ 11.255763333526577, 43.776057840574211 ], [ 11.255738500397817, 43.776058330942611 ], [ 11.255736470143045, 43.776004349697317 ], [ 11.25563713771095, 43.776006311113314 ], [ 11.255637814432175, 43.776024304863036 ], [ 11.255588148197491, 43.776025285539305 ], [ 11.255587471491138, 43.776007291788964 ], [ 11.25551297215671, 43.776008762762004 ], [ 11.255513648840761, 43.776026756513261 ], [ 11.255488815720595, 43.776027246827134 ], [ 11.255486109017902, 43.775955271820514 ], [ 11.255535775198128, 43.775954291189827 ], [ 11.255535098509153, 43.775936297438612 ], [ 11.255584764671998, 43.775935316786978 ], [ 11.255584087968781, 43.77591732303631 ], [ 11.255559254895108, 43.775917813364522 ], [ 11.255556548118259, 43.775845838360013 ], [ 11.255531715073698, 43.775846328681602 ], [ 11.255531038388488, 43.775828334930004 ], [ 11.255506205350732, 43.775828825245902 ], [ 11.255506882028508, 43.775846818997806 ], [ 11.255482048982689, 43.775847309308617 ], [ 11.255482725653655, 43.775865303060755 ], [ 11.255408226490134, 43.775866773961766 ], [ 11.255406196546032, 43.775812792702375 ], [ 11.255381363512573, 43.775813282991002 ], [ 11.255380686873229, 43.775795289237436 ], [ 11.255405519899252, 43.775794798949114 ], [ 11.2554048432531, 43.775776805195797 ], [ 11.255454509288395, 43.775775824603585 ], [ 11.255453832628001, 43.7757578308508 ], [ 11.255503498645917, 43.775756850237634 ], [ 11.25550282197128, 43.775738856485397 ], [ 11.255552487971814, 43.775737875851277 ], [ 11.255551811282936, 43.775719882099594 ], [ 11.255576644274829, 43.775719391774757 ], [ 11.255575967579142, 43.775701398023308 ], [ 11.255600800562972, 43.775700907693377 ], [ 11.255599447158616, 43.775664920190927 ], [ 11.255574614189658, 43.775665410520233 ], [ 11.255573260802681, 43.775629423016888 ], [ 11.255548427847963, 43.775629913340197 ], [ 11.255547074478368, 43.775593925835977 ], [ 11.255472575655059, 43.775595396771728 ], [ 11.255473252317238, 43.775613390524796 ], [ 11.255423586417026, 43.775614371122273 ], [ 11.255424263064963, 43.775632364875882 ], [ 11.255349764187631, 43.775633835732592 ], [ 11.255350440813894, 43.77565182948706 ], [ 11.255325607846093, 43.775652319762145 ], [ 11.255324931227266, 43.775634326007378 ], [ 11.255300098266272, 43.775634816276785 ], [ 11.255298068435863, 43.775580835011176 ], [ 11.255273235496546, 43.775581325274267 ], [ 11.255271205694086, 43.775527344007166 ], [ 11.255246372776446, 43.775527834263933 ], [ 11.255249079151241, 43.77559980928784 ], [ 11.255273912098621, 43.775599319029844 ], [ 11.255275941908609, 43.775653300296156 ], [ 11.255300774877664, 43.77565281003185 ], [ 11.255303481329509, 43.775724785051487 ], [ 11.255328314327675, 43.775724294780559 ], [ 11.255330344195452, 43.775778276043681 ], [ 11.255355177215296, 43.775777785766444 ], [ 11.255357883744191, 43.775849760781796 ], [ 11.255382716793145, 43.775849270497936 ], [ 11.255384746718708, 43.77590325175786 ], [ 11.25540957978934, 43.775902761467691 ], [ 11.255412286395286, 43.775974736478773 ], [ 11.255437119495028, 43.775974246181995 ], [ 11.255439149478381, 43.776028227438701 ], [ 11.255463982599801, 43.776027737135614 ], [ 11.255466012611107, 43.776081718390827 ], [ 11.255490845754206, 43.776081228081424 ], [ 11.255493552474471, 43.77615320308621 ], [ 11.255518385646681, 43.776152712770205 ], [ 11.255520415715775, 43.776206694022193 ], [ 11.255545248909662, 43.776206203699878 ], [ 11.255547279006711, 43.776260184950353 ], [ 11.255572112222275, 43.776259694621729 ], [ 11.255574142347275, 43.776313675870711 ], [ 11.255598975584519, 43.776313185535763 ], [ 11.255601005737473, 43.776367166783238 ], [ 11.255551339217751, 43.776368147449574 ], [ 11.255552015921788, 43.776386141199218 ], [ 11.255527182653552, 43.776386631524602 ], [ 11.255527859350781, 43.776404625274481 ], [ 11.255503026074482, 43.776405115594784 ], [ 11.255503702764905, 43.776423109344925 ], [ 11.255478869480543, 43.776423599660127 ], [ 11.255479546164159, 43.776441593410496 ], [ 11.25542987957868, 43.776442574025374 ], [ 11.255430556248053, 43.776460567776276 ], [ 11.255405722946938, 43.776461058075938 ], [ 11.255406399609502, 43.776479051827081 ], [ 11.255381566300324, 43.776479542121663 ] ] ] } },
{ "type": "Feature", "properties": { "height": 7.6765670776367188 }, "geometry": { "type": "Polygon", "coordinates": [ [ [ 11.253516179891966, 43.775778064167007 ], [ 11.253515503812741, 43.775760070390241 ], [ 11.253465837724196, 43.775761050139579 ], [ 11.253465161660465, 43.775743056362124 ], [ 11.253440328622688, 43.775743546228405 ], [ 11.253439652567021, 43.775725552450581 ], [ 11.253389986504454, 43.77572653216636 ], [ 11.253389310464282, 43.775708538387853 ], [ 11.253339644414075, 43.775709518081463 ], [ 11.2533389683894, 43.775691524302275 ], [ 11.253289302351556, 43.775692503973701 ], [ 11.253288626342378, 43.775674510193845 ], [ 11.253263793329952, 43.77567500002116 ], [ 11.253263117328835, 43.775657006240934 ], [ 11.253213451316967, 43.77565798587878 ], [ 11.253212775331349, 43.775639992097886 ], [ 11.253163109331842, 43.775640971713557 ], [ 11.253162433361718, 43.775622977931974 ], [ 11.253112767374574, 43.775623957525475 ], [ 11.253112091419949, 43.77560596374321 ], [ 11.253062425445163, 43.775606943314536 ], [ 11.253061749506035, 43.775588949531603 ], [ 11.253012083543613, 43.775589929080745 ], [ 11.253011407619981, 43.77557193529713 ], [ 11.252986574645265, 43.775572425063309 ], [ 11.252985898729692, 43.775554431279332 ], [ 11.25293623279325, 43.775555410794908 ], [ 11.252935556893174, 43.775537417010241 ], [ 11.252885890969093, 43.775538396503649 ], [ 11.252885215084515, 43.7755204027183 ], [ 11.252835549172794, 43.775521382189517 ], [ 11.252834873303712, 43.7755033884035 ], [ 11.252785207404353, 43.775504367852541 ], [ 11.252783855697809, 43.775468380279094 ], [ 11.252808688632932, 43.775467890557884 ], [ 11.252807336914024, 43.775431902984785 ], [ 11.252832169833651, 43.775431413258794 ], [ 11.252830818102382, 43.775395425686042 ], [ 11.252855651006511, 43.775394935955262 ], [ 11.25285429926288, 43.775358948382866 ], [ 11.252879132151516, 43.775358458647318 ], [ 11.252877780395522, 43.77532247107527 ], [ 11.252902613268661, 43.775321981334926 ], [ 11.252901261500305, 43.775285993763234 ], [ 11.252926094357948, 43.775285504018122 ], [ 11.25292474257723, 43.775249516446777 ], [ 11.252949575419375, 43.775249026696891 ], [ 11.252948223626298, 43.775213039125873 ], [ 11.252973056452946, 43.775212549371211 ], [ 11.252971704647507, 43.775176561800571 ], [ 11.25299653745866, 43.775176072041113 ], [ 11.252995185640858, 43.775140084470813 ], [ 11.253020018436516, 43.775139594706594 ], [ 11.253018666606351, 43.77510360713665 ], [ 11.253043499386514, 43.775103117367642 ], [ 11.253042147543988, 43.775067129798039 ], [ 11.253066980308654, 43.775066640024249 ], [ 11.253065628453768, 43.775030652455008 ], [ 11.253090461202937, 43.775030162676437 ], [ 11.253088433403006, 43.774976181323012 ], [ 11.253113266129244, 43.774975691539964 ], [ 11.253111914250889, 43.774939703971299 ], [ 11.25313674696163, 43.774939214183469 ], [ 11.253135395070915, 43.774903226615145 ], [ 11.253160227766161, 43.77490273682254 ], [ 11.253158875863082, 43.774866749254578 ], [ 11.253183708542835, 43.774866259457198 ], [ 11.253181680670616, 43.774812278105664 ], [ 11.253206513327438, 43.774811788303822 ], [ 11.25320516140089, 43.774775800736428 ], [ 11.253229994042215, 43.77477531092979 ], [ 11.253230670012609, 43.774793304713214 ], [ 11.253255502660743, 43.774792814900884 ], [ 11.2532561786392, 43.774810808683938 ], [ 11.25328101129414, 43.77481031886591 ], [ 11.253281687280657, 43.774828312648594 ], [ 11.253306519942404, 43.774827822824868 ], [ 11.253307195936982, 43.774845816607176 ], [ 11.253332028605538, 43.774845326777751 ], [ 11.253332704608177, 43.774863320559696 ], [ 11.25335753728354, 43.774862830724572 ], [ 11.253358213294241, 43.774880824506134 ], [ 11.253383045976411, 43.774880334665333 ], [ 11.253383721995174, 43.774898328446525 ], [ 11.253408554684153, 43.774897838600012 ], [ 11.253409230710977, 43.774915832380842 ], [ 11.253434063406761, 43.774915342528629 ], [ 11.253434739441646, 43.77493333630909 ], [ 11.253484404846205, 43.77493235658789 ], [ 11.253485080896587, 43.774950350367661 ], [ 11.25350991360536, 43.774949860498673 ], [ 11.253510589663803, 43.774967854278074 ], [ 11.253535422379384, 43.774967364403388 ], [ 11.253536098445888, 43.77498535818242 ], [ 11.253560931168277, 43.774984868302035 ], [ 11.253561607242844, 43.77500286208069 ], [ 11.253586439972038, 43.775002372194614 ], [ 11.253587116054666, 43.775020365972907 ], [ 11.25361194879067, 43.775019876081124 ], [ 11.253612624881358, 43.775037869859048 ], [ 11.253637457624169, 43.775037379961567 ], [ 11.253638133722921, 43.775055373739121 ], [ 11.253662966472538, 43.775054883835942 ], [ 11.253663642579351, 43.77507287761312 ], [ 11.253688475335776, 43.775072387704256 ], [ 11.253689151450651, 43.775090381481064 ], [ 11.253713984213883, 43.775089891566495 ], [ 11.253714660336819, 43.775107885342933 ], [ 11.25373949310686, 43.775107395422665 ], [ 11.253740169237856, 43.775125389198728 ], [ 11.253765002014704, 43.775124899272761 ], [ 11.253765678153764, 43.775142893048461 ], [ 11.253790510937419, 43.775142403116796 ], [ 11.253791187084541, 43.775160396892119 ], [ 11.253816019875003, 43.775159906954769 ], [ 11.253816696030185, 43.77517790072973 ], [ 11.253841528827456, 43.775177410786661 ], [ 11.253842204990701, 43.775195404561245 ], [ 11.253867037794777, 43.775194914612499 ], [ 11.253867713966082, 43.775212908386706 ], [ 11.253892546776967, 43.775212418432254 ], [ 11.253893222956336, 43.775230412206099 ], [ 11.253918055774028, 43.775229922245956 ], [ 11.253918731961457, 43.775247916019417 ], [ 11.25396839760983, 43.77524693608234 ], [ 11.253969073812756, 43.775264929855126 ], [ 11.253993906643437, 43.775264439878192 ], [ 11.253995259066038, 43.775300427422977 ], [ 11.253970426220489, 43.775300917400521 ], [ 11.253971778630731, 43.77533690494564 ], [ 11.253946945769684, 43.775337394918409 ], [ 11.253947621968313, 43.775355388691182 ], [ 11.253922789099205, 43.775355878658864 ], [ 11.25392414148347, 43.775391866204821 ], [ 11.253899308598866, 43.775392356167728 ], [ 11.253899984784505, 43.775410349940913 ], [ 11.253875151891839, 43.775410839898726 ], [ 11.25387650425013, 43.775446827445528 ], [ 11.253851671341968, 43.775447317398559 ], [ 11.253852347514618, 43.775465311172162 ], [ 11.253827514598395, 43.77546580112012 ], [ 11.253828866930711, 43.775501788667761 ], [ 11.253804033998987, 43.775502278610915 ], [ 11.253804710158652, 43.775520272384952 ], [ 11.25377987721887, 43.77552076232304 ], [ 11.25378122952521, 43.775556749871491 ], [ 11.253756396569928, 43.775557239804797 ], [ 11.253757072716605, 43.775575233579239 ], [ 11.253732239753264, 43.775575723507458 ], [ 11.253733592033626, 43.775611711056754 ], [ 11.253708759054787, 43.775612200980198 ], [ 11.253709435188474, 43.775630194755045 ], [ 11.253684602201574, 43.775630684673409 ], [ 11.25368595445596, 43.775666672223529 ], [ 11.253661121453565, 43.775667162137104 ], [ 11.253661797574264, 43.77568515591237 ], [ 11.253636964563805, 43.775685645820865 ], [ 11.253637640677695, 43.775703639596372 ], [ 11.253612807659175, 43.775704129499786 ], [ 11.253614159873971, 43.775740117051221 ], [ 11.253589326839954, 43.775740606949853 ], [ 11.253590002940857, 43.77575860072578 ], [ 11.253565169898778, 43.775759090619324 ], [ 11.253565845992874, 43.775777084395486 ], [ 11.253516179891966, 43.775778064167007 ] ] ] } },
{ "type": "Feature", "properties": { "height": 14.289474487304688 }, "geometry": { "type": "Polygon", "coordinates": [ [ [ 11.256711948999714, 43.776831417504873 ], [ 11.256710594875596, 43.776795430037097 ], [ 11.256685761457797, 43.77679592061785 ], [ 11.256684407351059, 43.776759933149194 ], [ 11.256659573947502, 43.776760423723928 ], [ 11.256658219858149, 43.776724436254398 ], [ 11.256633386468833, 43.776724926823135 ], [ 11.256631355361817, 43.776670945617433 ], [ 11.256606521994179, 43.776671436179861 ], [ 11.256605167940846, 43.776635448708461 ], [ 11.256580334587447, 43.776635939264871 ], [ 11.256578980551495, 43.776599951792598 ], [ 11.256554147212341, 43.776600442343003 ], [ 11.256552793193771, 43.776564454869856 ], [ 11.25652795986886, 43.776564945414265 ], [ 11.256527282867953, 43.77654695167729 ], [ 11.256502449549849, 43.776547442215993 ], [ 11.256501095564786, 43.776511454741232 ], [ 11.256476262260923, 43.776511945273938 ], [ 11.256474908293242, 43.776475957798297 ], [ 11.256450075003622, 43.776476448325006 ], [ 11.256448721053321, 43.776440460848484 ], [ 11.256423887777945, 43.776440951369182 ], [ 11.256423210811171, 43.776422957630523 ], [ 11.256398377542601, 43.776423448145529 ], [ 11.256397023625809, 43.776387460667394 ], [ 11.256372190371479, 43.776387951176389 ], [ 11.256370836472069, 43.776351963697387 ], [ 11.256346003231982, 43.776352454200371 ], [ 11.256344649349954, 43.776316466720502 ], [ 11.256319816124108, 43.776316957217489 ], [ 11.256318462259459, 43.776280969736739 ], [ 11.256293629047857, 43.776281460227722 ], [ 11.25629227520059, 43.776245472746098 ], [ 11.25626744200323, 43.776245963231077 ], [ 11.256266088173344, 43.776209975748586 ], [ 11.256241254990227, 43.776210466227553 ], [ 11.256239901177722, 43.776174478744181 ], [ 11.256215068008844, 43.776174969217159 ], [ 11.256213037317101, 43.776120987990694 ], [ 11.256188204169902, 43.776121478457362 ], [ 11.256186850393414, 43.776085490972115 ], [ 11.256162017260458, 43.776085981432765 ], [ 11.256159986622739, 43.776032000203486 ], [ 11.25613515351146, 43.776032490657848 ], [ 11.256133122901696, 43.775978509427041 ], [ 11.256108289812092, 43.775978999875086 ], [ 11.256106936090259, 43.775943012386954 ], [ 11.256082103014899, 43.775943502829001 ], [ 11.256080072459159, 43.775889521595381 ], [ 11.256055239405475, 43.775890012031105 ], [ 11.256053208877692, 43.775836030796007 ], [ 11.256028375845684, 43.775836521225422 ], [ 11.256026345345854, 43.775782539988803 ], [ 11.256001512335521, 43.775783030411901 ], [ 11.255998805040944, 43.775711055427607 ], [ 11.255973972059722, 43.775711545844096 ], [ 11.255971941617686, 43.77565756460428 ], [ 11.255947108658141, 43.775658055014461 ], [ 11.255944401440617, 43.775586080025896 ], [ 11.255919568510185, 43.775586570429454 ], [ 11.255916861332443, 43.775514595438608 ], [ 11.25589202843112, 43.775515085835565 ], [ 11.255889321293161, 43.775443110842438 ], [ 11.255864488420949, 43.77544360123278 ], [ 11.255861781322771, 43.775371626237408 ], [ 11.255836948479672, 43.775372116621121 ], [ 11.255834241421274, 43.775300141623482 ], [ 11.255809408607286, 43.775300632000572 ], [ 11.25580670158867, 43.77522865700066 ], [ 11.255781868803791, 43.775229147371157 ], [ 11.255779161824957, 43.775157172368964 ], [ 11.255754329069187, 43.775157662732838 ], [ 11.255750945396938, 43.775067693977107 ], [ 11.255726112677715, 43.775068184334053 ], [ 11.255723405780952, 43.774996209327071 ], [ 11.255698573090839, 43.774996699677409 ], [ 11.255695866233857, 43.774924724668153 ], [ 11.255671033572854, 43.774925215011869 ], [ 11.25566832675565, 43.774853240000347 ], [ 11.255643494123758, 43.774853730337441 ], [ 11.255641464039746, 43.774799749077204 ], [ 11.255691129258299, 43.774798768399457 ], [ 11.255690452550017, 43.77478077464653 ], [ 11.25574011775119, 43.774779793947822 ], [ 11.255739441028664, 43.774761800195435 ], [ 11.255789106212458, 43.77476081947578 ], [ 11.255788429475691, 43.774742825723941 ], [ 11.255838094642108, 43.774741844983346 ], [ 11.255837417891099, 43.774723851232054 ], [ 11.255887083040134, 43.774722870470484 ], [ 11.255886406274886, 43.774704876719746 ], [ 11.255936071406543, 43.774703895937236 ], [ 11.255935394627052, 43.774685902187038 ], [ 11.255985059741329, 43.774684921383582 ], [ 11.255984382947599, 43.77466692763393 ], [ 11.256034048044494, 43.774665946809527 ], [ 11.256033371236525, 43.774647953060416 ], [ 11.256083036316042, 43.774646972215059 ], [ 11.256082359493831, 43.774628978466502 ], [ 11.256132024555967, 43.774627997600184 ], [ 11.256131347719515, 43.774610003852175 ], [ 11.256181012764273, 43.774609022964917 ], [ 11.25618033591358, 43.774591029217454 ], [ 11.256254833453704, 43.77458955784703 ], [ 11.256256187200323, 43.774625545340058 ], [ 11.256281019727313, 43.774625054871848 ], [ 11.256282373491311, 43.774661042363995 ], [ 11.256307206032542, 43.774660551889795 ], [ 11.25630855981392, 43.774696539381054 ], [ 11.25633339236939, 43.77469604890085 ], [ 11.256334746168152, 43.774732036391249 ], [ 11.256359578737863, 43.774731545905041 ], [ 11.256361609463013, 43.774785527139223 ], [ 11.256386442054398, 43.774785036646705 ], [ 11.256387795889173, 43.774821024135221 ], [ 11.256412628494802, 43.774820533636699 ], [ 11.256413982346958, 43.774856521124349 ], [ 11.256438814966824, 43.774856030619816 ], [ 11.256440168836361, 43.774892018106584 ], [ 11.25646500147047, 43.774891527596061 ], [ 11.256466355357386, 43.774927515081956 ], [ 11.256491188005734, 43.774927024565422 ], [ 11.256492541910029, 43.774963012050456 ], [ 11.256517374572622, 43.774962521527897 ], [ 11.256518728494298, 43.774998509012057 ], [ 11.25654356117113, 43.774998018483515 ], [ 11.256545592080657, 43.775051999708332 ], [ 11.256570424779165, 43.775051509173487 ], [ 11.256571778736857, 43.775087496655757 ], [ 11.256596611449606, 43.775087006114909 ], [ 11.25659796542468, 43.775122993596298 ], [ 11.256622798151669, 43.775122503049438 ], [ 11.256624152144122, 43.775158490529968 ], [ 11.256648984885356, 43.775157999977104 ], [ 11.256650338895188, 43.77519398745676 ], [ 11.256675171650659, 43.775193496897892 ], [ 11.256676525677877, 43.775229484376673 ], [ 11.256701358447589, 43.775228993811801 ], [ 11.256702035469575, 43.775246987550787 ], [ 11.256726868246092, 43.775246496980223 ], [ 11.256728222306814, 43.775282484457378 ], [ 11.256753055097574, 43.775281993880803 ], [ 11.256754409175677, 43.775317981357084 ], [ 11.256779241980679, 43.775317490774519 ], [ 11.256780596076162, 43.775353478249926 ], [ 11.256805428895403, 43.77535298766135 ], [ 11.256806105951522, 43.775370981398652 ], [ 11.256830938777572, 43.775370490804384 ], [ 11.256832292906559, 43.775406478278171 ], [ 11.256857125746851, 43.7754059876779 ], [ 11.256858479893221, 43.775441975150819 ], [ 11.256883312747755, 43.775441484544544 ], [ 11.256883989829314, 43.775459478280602 ], [ 11.256908822690654, 43.775458987668621 ], [ 11.25691017687053, 43.775494975139928 ], [ 11.256935009746112, 43.775494484521936 ], [ 11.256936363943367, 43.775530471992369 ], [ 11.25696119683319, 43.775529981368386 ], [ 11.256962551047828, 43.775565968837938 ], [ 11.256987383951891, 43.775565478207945 ], [ 11.25698873818391, 43.77560146567663 ], [ 11.257013571102217, 43.775600975040639 ], [ 11.257014248226602, 43.775618968774573 ], [ 11.257039081151714, 43.775618478132884 ], [ 11.257039758284161, 43.775636471866449 ], [ 11.25706459121608, 43.775635981219054 ], [ 11.257065945497732, 43.77567196868538 ], [ 11.257090778443892, 43.775671478031981 ], [ 11.257092132742924, 43.775707465497433 ], [ 11.257116965703325, 43.77570697483803 ], [ 11.257118320019741, 43.775742962302616 ], [ 11.257143152994383, 43.775742471637209 ], [ 11.25714450732818, 43.775778459100913 ], [ 11.257169340317063, 43.775777968429509 ], [ 11.257170694668241, 43.775813955892332 ], [ 11.257195527671366, 43.775813465214917 ], [ 11.257196204855331, 43.77583145894593 ], [ 11.257221037865264, 43.775830968262817 ], [ 11.257222392249949, 43.775866955724041 ], [ 11.257247225274122, 43.775866465034923 ], [ 11.25724857967619, 43.775902452495252 ], [ 11.257273412714603, 43.775901961800145 ], [ 11.257274089924016, 43.775919955529908 ], [ 11.257298922969236, 43.775919464829094 ], [ 11.257300277404813, 43.77595545228781 ], [ 11.257325110464276, 43.775954961581 ], [ 11.257326464917233, 43.775990949038849 ], [ 11.257351297990937, 43.775990458326021 ], [ 11.257352652461275, 43.776026445782996 ], [ 11.257377485549222, 43.776025955064171 ], [ 11.257378840036942, 43.776061942520272 ], [ 11.25740367313913, 43.776061451795442 ], [ 11.257404350391367, 43.776079445523088 ], [ 11.257429183500362, 43.776078954792553 ], [ 11.257430538021593, 43.776114942247041 ], [ 11.257455371144827, 43.776114451510502 ], [ 11.25745672568344, 43.776150438964116 ], [ 11.257481558820917, 43.77614994822158 ], [ 11.2574822360986, 43.776167941947975 ], [ 11.257507069242882, 43.77616745119974 ], [ 11.257508423815004, 43.776203438651734 ], [ 11.257533256973529, 43.776202947897488 ], [ 11.257534611563035, 43.776238935348609 ], [ 11.257559444735799, 43.776238444588365 ], [ 11.257560799342686, 43.776274432038612 ], [ 11.257585632529693, 43.776273941272358 ], [ 11.257586309841514, 43.77629193499709 ], [ 11.257611143035328, 43.776291444225137 ], [ 11.257612497675725, 43.776327431673764 ], [ 11.257637330883782, 43.776326940895807 ], [ 11.257638685541558, 43.776362928343566 ], [ 11.257663518763858, 43.776362437559612 ], [ 11.257664873439019, 43.776398425006498 ], [ 11.257689706675558, 43.77639793421654 ], [ 11.257690384021515, 43.776415927939574 ], [ 11.257715217264863, 43.776415437143918 ], [ 11.257716571973532, 43.776451424589183 ], [ 11.257691738715314, 43.776451915385451 ], [ 11.257692416063158, 43.776469909108279 ], [ 11.257642749529969, 43.77647089068526 ], [ 11.257643426863568, 43.776488884408643 ], [ 11.257593760312998, 43.77648986596467 ], [ 11.257594437632354, 43.776507859688614 ], [ 11.257544771064401, 43.776508841223688 ], [ 11.25754544836952, 43.776526834948179 ], [ 11.257470948490571, 43.776528307211265 ], [ 11.257471625774011, 43.776546300936602 ], [ 11.257421959170035, 43.776547282418989 ], [ 11.257422636439232, 43.776565276144879 ], [ 11.257372969817874, 43.776566257606319 ], [ 11.257373647072829, 43.776584251332743 ], [ 11.257323980434087, 43.776585232773229 ], [ 11.257324657674802, 43.776603226500207 ], [ 11.257274991018679, 43.776604207919739 ], [ 11.257275668245152, 43.776622201647257 ], [ 11.257226001571645, 43.776623183045835 ], [ 11.257226678783875, 43.776641176773907 ], [ 11.257177012092985, 43.776642158151539 ], [ 11.257177689290973, 43.776660151880158 ], [ 11.257128022582702, 43.776661133236836 ], [ 11.257128699766447, 43.776679126965995 ], [ 11.257079033040792, 43.776680108301711 ], [ 11.257079710210297, 43.776698102031432 ], [ 11.257030043467259, 43.776699083346195 ], [ 11.257030720622522, 43.776717077076462 ], [ 11.256981053862102, 43.776718058370278 ], [ 11.256981731003121, 43.776736052101086 ], [ 11.256932064225321, 43.776737033373955 ], [ 11.256932741352097, 43.77675502710531 ], [ 11.256883074556916, 43.776756008357225 ], [ 11.25688375166945, 43.776774002089127 ], [ 11.256834084856884, 43.776774983320081 ], [ 11.256834761955176, 43.77679297705253 ], [ 11.256785095125228, 43.776793958262544 ], [ 11.256785772209279, 43.776811951995541 ], [ 11.256736105361949, 43.776812933184587 ], [ 11.256736782431757, 43.776830926918137 ], [ 11.256711948999714, 43.776831417504873 ] ] ] } },
{ "type": "Feature", "properties": { "height": 18.427864074707031 }, "geometry": { "type": "Polygon", "coordinates": [ [ [ 11.2537837495007, 43.774962465359955 ], [ 11.253783073360477, 43.774944471583908 ], [ 11.253733407956101, 43.774945451435116 ], [ 11.253732731831372, 43.774927457658393 ], [ 11.253683066439356, 43.774928437487425 ], [ 11.253682390330125, 43.774910443710027 ], [ 11.25365755764061, 43.774910933616141 ], [ 11.253656205438899, 43.774874946060535 ], [ 11.253631372763627, 43.774875435960652 ], [ 11.253629344488065, 43.774821454625844 ], [ 11.253604511834469, 43.774821944519658 ], [ 11.253602483586857, 43.774767963183344 ], [ 11.253627316218148, 43.774767473290453 ], [ 11.253626640129429, 43.774749479511861 ], [ 11.253651472752662, 43.774748989613883 ], [ 11.253650120562238, 43.774713002057112 ], [ 11.253674953169973, 43.774712512154352 ], [ 11.25367360096719, 43.774676524597929 ], [ 11.253723266151043, 43.774675544777473 ], [ 11.253722590035721, 43.77465755099977 ], [ 11.253797087784495, 43.774656081229558 ], [ 11.253796411647498, 43.774638087452722 ], [ 11.253870909368324, 43.774636617634918 ], [ 11.253871585527625, 43.774654611410831 ], [ 11.253921250686574, 43.774653631504734 ], [ 11.253921926861372, 43.774671625279979 ], [ 11.253971592032682, 43.774670645351705 ], [ 11.253972268222972, 43.774688639126275 ], [ 11.254021933406644, 43.774687659175818 ], [ 11.254024638233556, 43.774759634271014 ], [ 11.25404947085419, 43.774759144286463 ], [ 11.254052851939113, 43.774849113152463 ], [ 11.254028019281309, 43.774849603138534 ], [ 11.254029371704799, 43.774885590685081 ], [ 11.254004539031497, 43.77488608066637 ], [ 11.254005891442629, 43.774922068213286 ], [ 11.253981058753833, 43.7749225581898 ], [ 11.253981734952903, 43.774940551963454 ], [ 11.253882404161708, 43.774942511816811 ], [ 11.253883080331669, 43.774960505591636 ], [ 11.2537837495007, 43.774962465359955 ] ] ] } },
{ "type": "Feature", "properties": { "height": 15.743484497070312 }, "geometry": { "type": "Polygon", "coordinates": [ [ [ 11.25215492415982, 43.77526469601947 ], [ 11.252154248500874, 43.775246702224216 ], [ 11.252104582790714, 43.775247681372967 ], [ 11.252103907147264, 43.775229687577031 ], [ 11.252054241449466, 43.775230666703607 ], [ 11.252053565821514, 43.77521267290701 ], [ 11.252003900136076, 43.775213652011402 ], [ 11.252003224523621, 43.775195658214137 ], [ 11.251953558850547, 43.775196637296347 ], [ 11.251952883253587, 43.775178643498393 ], [ 11.251903217592876, 43.775179622558447 ], [ 11.251902542011409, 43.775161628759811 ], [ 11.251852876363063, 43.775162607797682 ], [ 11.251852200797092, 43.775144613998371 ], [ 11.25180253516111, 43.775145593014074 ], [ 11.251801859610636, 43.775127599214088 ], [ 11.251752193987015, 43.775128578207607 ], [ 11.251751518452036, 43.775110584406939 ], [ 11.251701852840776, 43.775111563378282 ], [ 11.251701177321294, 43.775093569576946 ], [ 11.251651511722399, 43.775094548526106 ], [ 11.251650836218413, 43.775076554724095 ], [ 11.251601170631881, 43.775077533651086 ], [ 11.251600495143391, 43.775059539848399 ], [ 11.25155082956922, 43.775060518753207 ], [ 11.251550154096227, 43.775042524949846 ], [ 11.25150048853442, 43.775043503832485 ], [ 11.25149981307692, 43.775025510028442 ], [ 11.251450147527477, 43.775026488888898 ], [ 11.251449472085474, 43.775008495084172 ], [ 11.251399806548394, 43.775009473922481 ], [ 11.251399131121886, 43.774991480117073 ], [ 11.251349465597169, 43.774992458933184 ], [ 11.251348790186158, 43.774974465127109 ], [ 11.251373622941394, 43.774973975722055 ], [ 11.251372947523572, 43.774955981916207 ], [ 11.251397780270748, 43.774955492506074 ], [ 11.25139710484612, 43.774937498700481 ], [ 11.251421937585235, 43.77493700928526 ], [ 11.251420586722986, 43.774901021674481 ], [ 11.251445419446608, 43.774900532254485 ], [ 11.251444744008989, 43.774882538449305 ], [ 11.251469576724546, 43.774882049024214 ], [ 11.251468901280118, 43.774864055219282 ], [ 11.251493733987617, 43.774863565789097 ], [ 11.251492383085772, 43.774827578179639 ], [ 11.251517215777774, 43.774827088744679 ], [ 11.251516540320358, 43.77480909494016 ], [ 11.251541373004299, 43.774808605500112 ], [ 11.251540697540076, 43.774790611695828 ], [ 11.251565530215956, 43.774790122250707 ], [ 11.251564854744922, 43.774772128446671 ], [ 11.251589687412741, 43.774771638996455 ], [ 11.251588336457687, 43.774735651388781 ], [ 11.25161316911001, 43.774735161933805 ], [ 11.25161249362599, 43.774717168130174 ], [ 11.251637326270252, 43.774716678670089 ], [ 11.251636650779421, 43.774698684866706 ], [ 11.251661483415624, 43.774698195401548 ], [ 11.251660132420975, 43.774662207795188 ], [ 11.251684965041681, 43.774661718325241 ], [ 11.251684289537863, 43.774643724522278 ], [ 11.25255343060763, 43.77462658968858 ], [ 11.252552754844235, 43.774608595896254 ], [ 11.252701750334506, 43.774605657834925 ], [ 11.252703101951139, 43.774641645415869 ], [ 11.252678269356124, 43.774642135106852 ], [ 11.252679620960397, 43.774678122688137 ], [ 11.252654788349888, 43.774678612374338 ], [ 11.252656139941797, 43.774714599955963 ], [ 11.25263130731579, 43.774715089637375 ], [ 11.252631983105251, 43.774733083428401 ], [ 11.252607150471185, 43.77473357310474 ], [ 11.252608502037118, 43.774769560687204 ], [ 11.252583669387555, 43.774770050358754 ], [ 11.252585020941128, 43.774806037941573 ], [ 11.252560188276069, 43.774806527608348 ], [ 11.252560864046359, 43.774824521399957 ], [ 11.252536031373241, 43.774825011061644 ], [ 11.252537382900835, 43.774860998645302 ], [ 11.25251255021222, 43.774861488302214 ], [ 11.252513901727452, 43.774897475886206 ], [ 11.252489069023341, 43.774897965538337 ], [ 11.252490420526209, 43.774933953122684 ], [ 11.252465587806604, 43.774934442770039 ], [ 11.252466263551545, 43.77495243656243 ], [ 11.252441430823877, 43.774952926204683 ], [ 11.25244278230077, 43.774988913789869 ], [ 11.252417949557605, 43.774989403427348 ], [ 11.252419301022135, 43.775025391012889 ], [ 11.252394468263477, 43.775025880645593 ], [ 11.252395143989245, 43.775043874438566 ], [ 11.252370311222528, 43.775044364066197 ], [ 11.252371662661078, 43.775080351652548 ], [ 11.252346829878862, 43.77508084127539 ], [ 11.252348181305051, 43.775116828862117 ], [ 11.252323348507341, 43.77511731848017 ], [ 11.252324024213941, 43.775135312273733 ], [ 11.252299191408166, 43.775135801886705 ], [ 11.252300542808378, 43.775171789474264 ], [ 11.252275709987108, 43.775172279082454 ], [ 11.252277061374958, 43.775208266670354 ], [ 11.252252228538193, 43.775208756273763 ], [ 11.252252904225621, 43.775226750067915 ], [ 11.252228071380795, 43.775227239666251 ], [ 11.252229422742666, 43.775263227254989 ], [ 11.25215492415982, 43.77526469601947 ] ] ] } },
{ "type": "Feature", "properties": { "height": 13.203361511230469 }, "geometry": { "type": "Polygon", "coordinates": [ [ [ 11.252709356888678, 43.775469849410399 ], [ 11.252708681058651, 43.775451855622656 ], [ 11.252659015197633, 43.775452835015969 ], [ 11.252658339383101, 43.775434841227543 ], [ 11.252633506459086, 43.775435330915798 ], [ 11.252632830652617, 43.77541733712701 ], [ 11.252583164817576, 43.775418316486743 ], [ 11.252582489026603, 43.775400322697273 ], [ 11.252532823203925, 43.77540130203483 ], [ 11.252532147428447, 43.775383308244685 ], [ 11.252482481618131, 43.775384287560072 ], [ 11.252481805858149, 43.775366293769252 ], [ 11.252456972959488, 43.775366783418555 ], [ 11.252456297207566, 43.775348789627358 ], [ 11.252406631423231, 43.775349768909166 ], [ 11.252405955686804, 43.775331775117301 ], [ 11.252356289914829, 43.775332754376933 ], [ 11.252355614193901, 43.775314760584394 ], [ 11.252305948434289, 43.775315739821849 ], [ 11.252305272728856, 43.77529774602862 ], [ 11.252255606981608, 43.775298725243907 ], [ 11.252254255602361, 43.77526273765605 ], [ 11.25227908846143, 43.77526224805171 ], [ 11.252277737069823, 43.775226260464208 ], [ 11.252302569913395, 43.775225770855087 ], [ 11.252301894211096, 43.775207777061546 ], [ 11.252326727046606, 43.775207287447344 ], [ 11.25232537562902, 43.775171299860666 ], [ 11.252350208449036, 43.775170810241704 ], [ 11.252348857019086, 43.775134822655374 ], [ 11.252373689823607, 43.775134333031616 ], [ 11.252373014102137, 43.775116339238664 ], [ 11.252397846898596, 43.775115849609811 ], [ 11.252396495442667, 43.77507986202432 ], [ 11.25242132822363, 43.775079372390699 ], [ 11.252419976755341, 43.775043384805564 ], [ 11.252444809520807, 43.775042895167154 ], [ 11.252443458040155, 43.775006907582359 ], [ 11.252468290790125, 43.775006417939181 ], [ 11.252467615043305, 43.774988424146997 ], [ 11.252492447785214, 43.774987934498732 ], [ 11.252491096278586, 43.774951946914776 ], [ 11.252515929004998, 43.774951457261722 ], [ 11.252515253245189, 43.774933463469957 ], [ 11.252540085963542, 43.774932973811815 ], [ 11.252538734430933, 43.77489698622869 ], [ 11.252563567133791, 43.774896496565773 ], [ 11.252562215588823, 43.774860508983004 ], [ 11.252587048276183, 43.774860019315305 ], [ 11.252585696718851, 43.774824031732884 ], [ 11.252610529390719, 43.774823542060417 ], [ 11.252609853605557, 43.774805548269406 ], [ 11.252634686269362, 43.774805058591859 ], [ 11.252633334686053, 43.774769071010262 ], [ 11.252658167334362, 43.774768581327919 ], [ 11.252656815738691, 43.774732593746691 ], [ 11.252681648371503, 43.774732104059574 ], [ 11.25268029676347, 43.774696116478673 ], [ 11.252705129380789, 43.774695626786787 ], [ 11.25270445357028, 43.774677632996543 ], [ 11.252729286179534, 43.774677143299563 ], [ 11.252727934545527, 43.774641155719507 ], [ 11.252752767139286, 43.774640666017746 ], [ 11.252751415492915, 43.774604678438024 ], [ 11.25277624807118, 43.774604188731487 ], [ 11.252775572241502, 43.77458619494184 ], [ 11.252899735086251, 43.77458374632981 ], [ 11.252900410953101, 43.77460174011793 ], [ 11.252950076101481, 43.774600760634783 ], [ 11.252950751983828, 43.774618754422221 ], [ 11.252975584564513, 43.774618264672249 ], [ 11.252976260454922, 43.774636258459317 ], [ 11.253001093042412, 43.774635768703654 ], [ 11.253001768940884, 43.774653762490352 ], [ 11.253026601535183, 43.77465327272899 ], [ 11.253027277441712, 43.77467126651532 ], [ 11.25305211004282, 43.774670776748259 ], [ 11.253052785957411, 43.774688770534219 ], [ 11.253077618565326, 43.77468828076146 ], [ 11.253078294487979, 43.774706274547043 ], [ 11.253103127102703, 43.774705784768592 ], [ 11.253103803033417, 43.774723778553799 ], [ 11.253128635654946, 43.77472328876965 ], [ 11.253129311593721, 43.774741282554494 ], [ 11.253178976849769, 43.774740302969398 ], [ 11.253180328758939, 43.774776290537666 ], [ 11.25315549611636, 43.774776780333525 ], [ 11.253157523962512, 43.774830761686353 ], [ 11.253132691297003, 43.774831251477728 ], [ 11.253134719126498, 43.77488523283089 ], [ 11.253109886438057, 43.774885722617803 ], [ 11.25311123831265, 43.77492171018686 ], [ 11.253086405608716, 43.774922199968991 ], [ 11.253087757470951, 43.774958187538395 ], [ 11.253062924751518, 43.774958677315745 ], [ 11.253064276601387, 43.774994664885504 ], [ 11.253039443866461, 43.774995154658072 ], [ 11.253040795703971, 43.775031142228187 ], [ 11.253015962953548, 43.775031631995979 ], [ 11.253016638865809, 43.775049625781243 ], [ 11.252991806107323, 43.775050115543941 ], [ 11.252993157918858, 43.775086103114894 ], [ 11.252968325144876, 43.775086592872817 ], [ 11.252969676944049, 43.775122580444119 ], [ 11.25294484415457, 43.775123070197253 ], [ 11.25294619594138, 43.775159057768903 ], [ 11.252921363136409, 43.775159547517262 ], [ 11.252922714910856, 43.775195535089267 ], [ 11.252897882090389, 43.775196024832844 ], [ 11.252899233852474, 43.775232012405205 ], [ 11.252874401016509, 43.775232502144 ], [ 11.252875752766233, 43.775268489716709 ], [ 11.252850919914772, 43.775268979450736 ], [ 11.252852271652136, 43.775304967023786 ], [ 11.252827438785177, 43.775305456753024 ], [ 11.252828790510179, 43.775341444326436 ], [ 11.252803957627727, 43.7753419340509 ], [ 11.252805309340365, 43.775377921624646 ], [ 11.252780476442416, 43.775378411344334 ], [ 11.252781828142693, 43.775414398918436 ], [ 11.252756995229248, 43.77541488863335 ], [ 11.252758346917162, 43.775450876207799 ], [ 11.25273351398822, 43.775451365917917 ], [ 11.252734189825683, 43.775469359705355 ], [ 11.252709356888678, 43.775469849410399 ] ] ] } },
{ "type": "Feature", "properties": { "height": 16.858268737792969 }, "geometry": { "type": "Polygon", "coordinates": [ [ [ 11.254210639346841, 43.775080092142929 ], [ 11.254209286805471, 43.775044104602095 ], [ 11.254184454069648, 43.775044594623871 ], [ 11.25418174902417, 43.774972619540208 ], [ 11.254156916317459, 43.774973109555361 ], [ 11.254154887562239, 43.774919128241002 ], [ 11.254179720246647, 43.774918638226765 ], [ 11.254179043988726, 43.774900644455485 ], [ 11.25427837469034, 43.774898684345793 ], [ 11.254277022116906, 43.774862696805492 ], [ 11.254252189457313, 43.774863186840392 ], [ 11.254250160624169, 43.774809205528527 ], [ 11.254225327986251, 43.774809695557117 ], [ 11.254224651717225, 43.774791701786064 ], [ 11.2541004885554, 43.774794151846599 ], [ 11.254097783634256, 43.774722176755596 ], [ 11.254072951029746, 43.7747226667503 ], [ 11.254071598587807, 43.774686679203796 ], [ 11.254146096354848, 43.774685209205337 ], [ 11.254145420112515, 43.774667215432906 ], [ 11.254170252692839, 43.774666725422939 ], [ 11.254167547700044, 43.774594750333783 ], [ 11.254142715149458, 43.774595240342514 ], [ 11.254142038910262, 43.774577246569756 ], [ 11.25401787618509, 43.774579696531063 ], [ 11.254015171383262, 43.77450772143326 ], [ 11.253990338866085, 43.774508211408126 ], [ 11.25398763410403, 43.774436236308055 ], [ 11.253962801615963, 43.774436726276313 ], [ 11.25396212543445, 43.77441873250082 ], [ 11.254086287831349, 43.774416282607191 ], [ 11.254085611613293, 43.774398288833176 ], [ 11.254110444083359, 43.774397798838578 ], [ 11.254111120308849, 43.774415792612295 ], [ 11.254135952785719, 43.774415302612006 ], [ 11.254137981488254, 43.774469283931843 ], [ 11.254162813986802, 43.774468793925244 ], [ 11.254164842717286, 43.774522775243575 ], [ 11.254189675237509, 43.774522285230674 ], [ 11.254191027742504, 43.774558272775295 ], [ 11.254265525344012, 43.774556802702385 ], [ 11.2542648490689, 43.774538808931027 ], [ 11.254314514118567, 43.774537828856076 ], [ 11.254315866699159, 43.774573816397506 ], [ 11.254340699237922, 43.774573326351337 ], [ 11.254342728135818, 43.774627307662087 ], [ 11.254442058373805, 43.774625347419814 ], [ 11.254441382044142, 43.77460735365085 ], [ 11.254540712242356, 43.774605393323547 ], [ 11.254540035883585, 43.774587399555763 ], [ 11.254639366042026, 43.774585439143422 ], [ 11.254638689654143, 43.774567445376789 ], [ 11.254738019772807, 43.774565484879417 ], [ 11.254737343355815, 43.774547491113942 ], [ 11.254836673434706, 43.774545530531555 ], [ 11.254835996988604, 43.774527536767231 ], [ 11.25493532702772, 43.774525576099805 ], [ 11.254934650552507, 43.774507582336646 ], [ 11.255033980551847, 43.774505621584183 ], [ 11.25503668657541, 43.774577596631538 ], [ 11.255061519103414, 43.774577106428723 ], [ 11.255062872133831, 43.774613093951409 ], [ 11.254988374503331, 43.774614564545509 ], [ 11.254989050997176, 43.774632558307665 ], [ 11.254914553338727, 43.774634028854187 ], [ 11.254915229810898, 43.77465202261719 ], [ 11.254815899561111, 43.774653983271627 ], [ 11.254816576004172, 43.774671977035794 ], [ 11.254717245714609, 43.774673937605193 ], [ 11.25471792212856, 43.774691931370519 ], [ 11.254643424382495, 43.774693401741878 ], [ 11.254644100774771, 43.774711395508064 ], [ 11.254544770408168, 43.774713355928967 ], [ 11.254545446771331, 43.774731349696303 ], [ 11.254446116364955, 43.774733310032175 ], [ 11.254446792699008, 43.774751303800677 ], [ 11.254397127477187, 43.774752283936877 ], [ 11.254399156438506, 43.774806265243804 ], [ 11.254423989072034, 43.774805775177491 ], [ 11.254426694392309, 43.774877750251271 ], [ 11.254352196400633, 43.774879220437732 ], [ 11.254355577953579, 43.774969189283098 ], [ 11.254380410655269, 43.774968699224793 ], [ 11.254383792261066, 43.775058668066997 ], [ 11.254284461301845, 43.775060628273941 ], [ 11.254285137595149, 43.775078622043409 ], [ 11.254210639346841, 43.775080092142929 ] ] ] } },
{ "type": "Feature", "properties": { "height": 16.354713439941406 }, "geometry": { "type": "Polygon", "coordinates": [ [ [ 11.25786353931375, 43.776394498535872 ], [ 11.257862861916374, 43.776376504814912 ], [ 11.257838028691667, 43.776376995642309 ], [ 11.257836673913674, 43.77634100819958 ], [ 11.257811840703209, 43.776341499020965 ], [ 11.257810485942597, 43.776305511577377 ], [ 11.257785652746373, 43.776306002392758 ], [ 11.257784298003145, 43.776270014948288 ], [ 11.257759464821163, 43.776270505757658 ], [ 11.257758787457927, 43.776252512035022 ], [ 11.257733954282751, 43.776253002838708 ], [ 11.257732599573034, 43.776217015392625 ], [ 11.257707766412098, 43.776217506190299 ], [ 11.257706411719763, 43.776181518743343 ], [ 11.25768157857307, 43.776182009535013 ], [ 11.257680223898117, 43.776146022087183 ], [ 11.257655390765667, 43.776146512872856 ], [ 11.257654036108095, 43.776110525424144 ], [ 11.257629202989884, 43.776111016203807 ], [ 11.257628525669478, 43.776093022479053 ], [ 11.257603692558073, 43.776093513253024 ], [ 11.257602337934012, 43.776057525802706 ], [ 11.257577504836851, 43.776058016570666 ], [ 11.257576150230172, 43.77602202911946 ], [ 11.257551317147252, 43.776022519881423 ], [ 11.257549962557954, 43.77598653242935 ], [ 11.257525129489276, 43.775987023185309 ], [ 11.25752377491736, 43.775951035732355 ], [ 11.257498941862922, 43.775951526482309 ], [ 11.257498264585344, 43.775933532755431 ], [ 11.257473431537713, 43.77593402349968 ], [ 11.257472076999305, 43.775898036045106 ], [ 11.257447243965917, 43.775898526783365 ], [ 11.257445889444892, 43.775862539327925 ], [ 11.257421056425743, 43.775863030060172 ], [ 11.257419701922103, 43.775827042603858 ], [ 11.257394868917196, 43.775827533330101 ], [ 11.257393514430936, 43.775791545872913 ], [ 11.257368681440271, 43.775792036593153 ], [ 11.257367326971391, 43.77575604913509 ], [ 11.257342493994969, 43.775756539849318 ], [ 11.257341139543472, 43.775720552390389 ], [ 11.25731630658129, 43.775721043098621 ], [ 11.257314952147176, 43.775685055638817 ], [ 11.257290119199235, 43.775685546341023 ], [ 11.257288764782501, 43.775649558880353 ], [ 11.257263931848801, 43.775650049576569 ], [ 11.257263254648812, 43.775632055845833 ], [ 11.257238421721917, 43.77563254653635 ], [ 11.257237067338695, 43.775596559074053 ], [ 11.257212234426042, 43.775597049758581 ], [ 11.257210880060198, 43.775561062295402 ], [ 11.257186047161786, 43.775561552973905 ], [ 11.257184692813324, 43.775525565509867 ], [ 11.257159859929155, 43.775526056182379 ], [ 11.257159182763301, 43.775508062449958 ], [ 11.257134349885938, 43.775508553116779 ], [ 11.257132995570982, 43.775472565651114 ], [ 11.25710816270786, 43.775473056311917 ], [ 11.257106808410287, 43.775437068845378 ], [ 11.257081975561407, 43.775437559500183 ], [ 11.257081298420996, 43.775419565766505 ], [ 11.257056465578922, 43.775420056415612 ], [ 11.257055111314855, 43.77538406894746 ], [ 11.257030278487022, 43.775384559590563 ], [ 11.257028924240336, 43.775348572121537 ], [ 11.257004091426744, 43.775349062758643 ], [ 11.257002737197439, 43.775313075288736 ], [ 11.256977904398088, 43.775313565919838 ], [ 11.256977227291813, 43.775295572184483 ], [ 11.256952394499269, 43.775296062809872 ], [ 11.25695104030347, 43.775260075338359 ], [ 11.256926207525167, 43.775260565957758 ], [ 11.256924853346749, 43.775224578485371 ], [ 11.256900020582687, 43.775225069098759 ], [ 11.256898666421652, 43.775189081625491 ], [ 11.256873833671831, 43.775189572232883 ], [ 11.25687315659969, 43.775171578495844 ], [ 11.256848323856675, 43.775172069097536 ], [ 11.256846969729144, 43.775136081622641 ], [ 11.256822137000372, 43.775136572218337 ], [ 11.256820782890221, 43.775100584742574 ], [ 11.25679595017569, 43.775101075332266 ], [ 11.256794596082919, 43.775065087855637 ], [ 11.256769763382628, 43.77506557843931 ], [ 11.25676840930724, 43.775029590961815 ], [ 11.25674357662119, 43.775030081539484 ], [ 11.256742222563183, 43.774994094061107 ], [ 11.256717389891373, 43.774994584632772 ], [ 11.256716035850745, 43.774958597153521 ], [ 11.256691203193178, 43.774959087719189 ], [ 11.256689849169931, 43.774923100239072 ], [ 11.256665016526604, 43.774923590798728 ], [ 11.256663662520738, 43.774887603317737 ], [ 11.256638829891651, 43.774888093871397 ], [ 11.256637475903165, 43.774852106389524 ], [ 11.256612643288321, 43.77485259693718 ], [ 11.256611966302454, 43.774834603195835 ], [ 11.256587133694415, 43.774835093737792 ], [ 11.256585779739433, 43.774799106254314 ], [ 11.256560947145637, 43.77479959679026 ], [ 11.256559593208035, 43.7747636093059 ], [ 11.256534760628478, 43.774764099835856 ], [ 11.256533406708257, 43.774728112350623 ], [ 11.256508574142941, 43.774728602874568 ], [ 11.256507220240101, 43.774692615388453 ], [ 11.256482387689026, 43.774693105906401 ], [ 11.256481033803565, 43.774657118419427 ], [ 11.256456201266731, 43.774657608931363 ], [ 11.256454847398651, 43.774621621443508 ], [ 11.256430014876058, 43.774622111949434 ], [ 11.256428661025357, 43.774586124460711 ], [ 11.256403828517003, 43.774586614960654 ], [ 11.256403151600029, 43.774568621215877 ], [ 11.256378319098483, 43.774569111710115 ], [ 11.256376965281286, 43.774533124219758 ], [ 11.256401797767964, 43.774532633726146 ], [ 11.256401120852873, 43.774514639981177 ], [ 11.256450785809475, 43.774513658978371 ], [ 11.256450108880145, 43.774495665233957 ], [ 11.256499773819368, 43.774494684210197 ], [ 11.256499096875796, 43.774476690466322 ], [ 11.256548761797639, 43.774475709421615 ], [ 11.256548084839826, 43.774457715678295 ], [ 11.256597749744291, 43.774456734612642 ], [ 11.256597072772237, 43.774438740869861 ], [ 11.25667157010192, 43.774437269231868 ], [ 11.256670893108193, 43.774419275489947 ], [ 11.256720557976641, 43.7744182943716 ], [ 11.256719880968671, 43.774400300630226 ], [ 11.25676954581974, 43.774399319490932 ], [ 11.256768868797529, 43.774381325750099 ], [ 11.256818533631217, 43.774380344589858 ], [ 11.256817856594767, 43.774362350849586 ], [ 11.256867521411076, 43.774361369668391 ], [ 11.256866844360383, 43.774343375928652 ], [ 11.256916509159312, 43.774342394726503 ], [ 11.25691583209438, 43.774324400987318 ], [ 11.256965496875928, 43.774323419764229 ], [ 11.256964819796757, 43.774305426025592 ], [ 11.257039316942066, 43.774303954151428 ], [ 11.25703863984122, 43.774285960413643 ], [ 11.25708830458675, 43.77428497913786 ], [ 11.257087627471664, 43.774266985400629 ], [ 11.257137292199815, 43.7742660041039 ], [ 11.257136615070488, 43.774248010367202 ], [ 11.257211112135701, 43.774246538382585 ], [ 11.257212466439588, 43.774282525854069 ], [ 11.257237298808271, 43.77428203518113 ], [ 11.257238653129537, 43.774318022651734 ], [ 11.257263485512462, 43.774317531972798 ], [ 11.257264839851111, 43.774353519442521 ], [ 11.257289672248273, 43.774353028757581 ], [ 11.257290349425974, 43.774371022492033 ], [ 11.257315181829943, 43.774370531801395 ], [ 11.257316536202095, 43.774406519269505 ], [ 11.257341368620306, 43.774406028572862 ], [ 11.257342723009838, 43.774442016040091 ], [ 11.25736755544229, 43.774441525337444 ], [ 11.257368909849204, 43.774477512803799 ], [ 11.257393742295895, 43.774477022095162 ], [ 11.257394419507728, 43.774495015827938 ], [ 11.257419251961224, 43.774494525113582 ], [ 11.257420606401645, 43.774530512578337 ], [ 11.257445438869382, 43.774530021857977 ], [ 11.257446793327183, 43.774566009321859 ], [ 11.25747162580916, 43.774565518595509 ], [ 11.257472980284343, 43.774601506058502 ], [ 11.25749781278056, 43.774601015326134 ], [ 11.257499167273124, 43.774637002788261 ], [ 11.257523999783581, 43.774636512049895 ], [ 11.257524677038239, 43.774654505780546 ], [ 11.257549509555504, 43.774654015036489 ], [ 11.257550864081573, 43.774690002496989 ], [ 11.257575696613078, 43.774689511746928 ], [ 11.257577051156527, 43.774725499206554 ], [ 11.257601883702273, 43.774725008450496 ], [ 11.257603238263103, 43.77476099590924 ], [ 11.25762807082309, 43.774760505147171 ], [ 11.257628748111882, 43.774778498876145 ], [ 11.257653580678676, 43.774778008108377 ], [ 11.257654935273012, 43.774813995565523 ], [ 11.257679767854047, 43.774813504791744 ], [ 11.257681122465764, 43.774849492248009 ], [ 11.25770595506104, 43.77484900146824 ], [ 11.257707309690138, 43.774884988923624 ], [ 11.257732142299652, 43.774884498137844 ], [ 11.257733496946134, 43.774920485592361 ], [ 11.257758329569889, 43.774919994800577 ], [ 11.257759006901507, 43.774937988527427 ], [ 11.257783839532067, 43.774937497729951 ], [ 11.257785194212056, 43.774973485182834 ], [ 11.257810026856859, 43.774972994379361 ], [ 11.257811381554228, 43.775008981831391 ], [ 11.257836214213272, 43.7750084910219 ], [ 11.257837568928021, 43.775044478473049 ], [ 11.257862401601304, 43.775043987657554 ], [ 11.257863078967059, 43.775061981382727 ], [ 11.257887911647147, 43.775061490561534 ], [ 11.257889266395408, 43.77509747801107 ], [ 11.257914099089737, 43.775096987183872 ], [ 11.257915453855379, 43.775132974632534 ], [ 11.257940286563947, 43.775132483799339 ], [ 11.257941641346971, 43.775168471247113 ], [ 11.257966474069782, 43.775167980407922 ], [ 11.257967828870187, 43.775203967854821 ], [ 11.25799266160724, 43.775203477009619 ], [ 11.257993339015819, 43.775221470732674 ], [ 11.258018171759678, 43.775220979881766 ], [ 11.258019526593589, 43.775256967327053 ], [ 11.258044359351688, 43.775256476470148 ], [ 11.258045714202984, 43.77529246391456 ], [ 11.258070546975324, 43.775291973051651 ], [ 11.258071901844, 43.775327960495204 ], [ 11.258096734630582, 43.775327469626284 ], [ 11.258098089516642, 43.775363457068956 ], [ 11.258122922317462, 43.775362966194031 ], [ 11.258123599768869, 43.775380959914962 ], [ 11.258148432576496, 43.775380469034339 ], [ 11.258149787496064, 43.775416456475398 ], [ 11.258174620317932, 43.775415965588778 ], [ 11.258175975254881, 43.775451953028963 ], [ 11.258200808090994, 43.775451462136324 ], [ 11.258202163045326, 43.775487449575643 ], [ 11.258226995895674, 43.775486958677007 ], [ 11.258227673381219, 43.775504952396247 ], [ 11.258252506238374, 43.775504461491927 ], [ 11.258253861226216, 43.775540448929618 ], [ 11.258278694097614, 43.775539958019287 ], [ 11.258280049102837, 43.77557594545609 ], [ 11.258304881988476, 43.775575454539748 ], [ 11.25830623701108, 43.775611441975698 ], [ 11.258331069910961, 43.775610951053345 ], [ 11.25833242495095, 43.775646938488414 ], [ 11.258357257865072, 43.775646447560078 ], [ 11.258357935393443, 43.775664441277193 ], [ 11.25838276831437, 43.775663950343151 ], [ 11.258384123387867, 43.775699937776608 ], [ 11.258408956323034, 43.775699446836555 ], [ 11.258410311413915, 43.77573543426913 ], [ 11.258435144363323, 43.775734943323073 ], [ 11.258436499471587, 43.775770930754774 ], [ 11.258461332435237, 43.775770439802713 ], [ 11.258462009997746, 43.775788433518166 ], [ 11.258486842968201, 43.775787942560406 ], [ 11.258488198109974, 43.775823929990487 ], [ 11.258513031094672, 43.775823439026723 ], [ 11.258514386253829, 43.775859426455931 ], [ 11.258539219252766, 43.77585893548617 ], [ 11.258540574429308, 43.77589492291451 ], [ 11.258565407442486, 43.775894431938745 ], [ 11.258566762636409, 43.775930419366205 ], [ 11.258591595663828, 43.775929928384421 ], [ 11.258592273269167, 43.77594792209775 ], [ 11.258617106303394, 43.775947431110282 ], [ 11.258618461530828, 43.775983418536136 ], [ 11.258643294579295, 43.77598292754265 ], [ 11.258644649824113, 43.776018914967615 ], [ 11.258669482886821, 43.776018423968139 ], [ 11.258670160517605, 43.776036417680217 ], [ 11.258620494376691, 43.776037399674394 ], [ 11.258621171993237, 43.776055393387026 ], [ 11.258571505834936, 43.776056375360255 ], [ 11.25857218343724, 43.776074369073434 ], [ 11.258547350349716, 43.776074860052262 ], [ 11.258548027945212, 43.776092853765682 ], [ 11.258498361753404, 43.776093835707783 ], [ 11.258499039334659, 43.776111829421744 ], [ 11.258474206230376, 43.776112320385025 ], [ 11.258474883804826, 43.77613031409922 ], [ 11.258425217579507, 43.776131296010206 ], [ 11.258425895139716, 43.776149289724962 ], [ 11.258376228897014, 43.776150271614995 ], [ 11.258376906442981, 43.776168265330298 ], [ 11.258352073313251, 43.776168756267531 ], [ 11.258352750852412, 43.776186749983076 ], [ 11.2583030845762, 43.776187731841979 ], [ 11.25830376210112, 43.776205725558071 ], [ 11.258278928954637, 43.77620621647975 ], [ 11.258279606472749, 43.776224210196091 ], [ 11.258229940163027, 43.776225192023873 ], [ 11.2582306176669, 43.776243185740753 ], [ 11.258180951339794, 43.776244167547581 ], [ 11.258181628829423, 43.776262161265024 ], [ 11.258131962484937, 43.776263143050905 ], [ 11.258132639960323, 43.77628113676888 ], [ 11.258107806779702, 43.776281627654051 ], [ 11.258108484248284, 43.77629962137226 ], [ 11.258058817870287, 43.776300603127027 ], [ 11.258059495324627, 43.77631859684579 ], [ 11.258009828929245, 43.776319578579596 ], [ 11.258010506369343, 43.776337572298921 ], [ 11.25796083995658, 43.77633855401178 ], [ 11.257961517382435, 43.776356547731638 ], [ 11.257936684167676, 43.776357038580294 ], [ 11.257937361586729, 43.776375032300393 ], [ 11.257887695140454, 43.77637601398213 ], [ 11.257888372545263, 43.776394007702784 ], [ 11.25786353931375, 43.776394498535872 ] ] ] } },
{ "type": "Feature", "properties": { "height": 16.113273620605469 }, "geometry": { "type": "Polygon", "coordinates": [ [ [ 11.259927579199427, 43.775111193375842 ], [ 11.259926901213474, 43.775093199676434 ], [ 11.259902068555185, 43.775093690940921 ], [ 11.259900712600034, 43.775057703541322 ], [ 11.259875879955985, 43.775058194799797 ], [ 11.259875201986787, 43.7750402010996 ], [ 11.259850369349543, 43.77504069235237 ], [ 11.259849691388409, 43.775022698651803 ], [ 11.259824858757973, 43.775023189898882 ], [ 11.2598241808049, 43.775005196197931 ], [ 11.259799348181268, 43.775005687439311 ], [ 11.259798670236259, 43.774987693737998 ], [ 11.259773837619434, 43.774988184973694 ], [ 11.259772481746172, 43.774952197570236 ], [ 11.259747649143586, 43.774952688799921 ], [ 11.259746971215332, 43.774934695097784 ], [ 11.259722138619551, 43.774935186321777 ], [ 11.25972146069936, 43.77491719261927 ], [ 11.259696628110387, 43.774917683837558 ], [ 11.259695950198259, 43.774899690134696 ], [ 11.25967111761609, 43.774900181347284 ], [ 11.259670439712027, 43.774882187644032 ], [ 11.259645607136662, 43.774882678850929 ], [ 11.259644929240661, 43.774864685147314 ], [ 11.259620096672103, 43.774865176348499 ], [ 11.259618740896856, 43.774829188940465 ], [ 11.259593908342536, 43.774829680135646 ], [ 11.25959323046329, 43.774811686431228 ], [ 11.25956839791578, 43.774812177620724 ], [ 11.259567720044595, 43.774794183915915 ], [ 11.259542887503889, 43.774794675099706 ], [ 11.259542209640768, 43.774776681394549 ], [ 11.259517377106867, 43.774777172572634 ], [ 11.25951669925181, 43.774759178867086 ], [ 11.259491866724716, 43.774759670039501 ], [ 11.259490511031354, 43.774723682627602 ], [ 11.259465678518499, 43.774724173793999 ], [ 11.259465000680196, 43.774706180087648 ], [ 11.259440168174146, 43.774706671248346 ], [ 11.259439490343906, 43.774688677541619 ], [ 11.259414657844664, 43.774689168696618 ], [ 11.259413980022485, 43.774671174989528 ], [ 11.259389147530047, 43.774671666138829 ], [ 11.259388469715931, 43.774653672431356 ], [ 11.259363637230301, 43.774654163574965 ], [ 11.259362959424248, 43.774636169867129 ], [ 11.259338126945421, 43.774636661005033 ], [ 11.259336771350073, 43.774600673588537 ], [ 11.259311938885487, 43.774601164720451 ], [ 11.25931126109619, 43.774583171011798 ], [ 11.259286428638408, 43.774583662137999 ], [ 11.259285750857176, 43.774565668428977 ], [ 11.259260918406197, 43.774566159549487 ], [ 11.259260240633028, 43.774548165840102 ], [ 11.259235408188857, 43.774548656954906 ], [ 11.259234052659268, 43.774512669535312 ], [ 11.259209220229337, 43.774513160644119 ], [ 11.259208542472919, 43.77449516693391 ], [ 11.259183710049795, 43.774495658037019 ], [ 11.259183032301442, 43.77447766432644 ], [ 11.259158199885123, 43.774478155423843 ], [ 11.259157522144831, 43.774460161712909 ], [ 11.259132689735317, 43.774460652804621 ], [ 11.259132012003088, 43.774442659093303 ], [ 11.259107179600379, 43.774443150179309 ], [ 11.259105824152677, 43.774407162755871 ], [ 11.259080991764209, 43.774407653835887 ], [ 11.259080314048736, 43.774389660123759 ], [ 11.259055481667072, 43.77439015119807 ], [ 11.259054803959661, 43.774372157485573 ], [ 11.259029971584804, 43.774372648554184 ], [ 11.259029293885455, 43.774354654841318 ], [ 11.259004461517403, 43.774355145904231 ], [ 11.259003783826117, 43.774337152190988 ], [ 11.25897895146487, 43.774337643248217 ], [ 11.258978273781647, 43.774319649534604 ], [ 11.258953441427204, 43.77432014058612 ], [ 11.258952763752045, 43.774302146872138 ], [ 11.25892793140441, 43.774302637917962 ], [ 11.258926576070843, 43.774266650489189 ], [ 11.258901743737448, 43.774267141529002 ], [ 11.258901066079041, 43.774249147814203 ], [ 11.258876233752451, 43.774249638848325 ], [ 11.258875556102106, 43.774231645133156 ], [ 11.258850723782322, 43.774232136161594 ], [ 11.25885004614004, 43.774214142446048 ], [ 11.25887487845239, 43.774213651417931 ], [ 11.258874200803303, 43.774195657702634 ], [ 11.259023194619598, 43.77419271142255 ], [ 11.259022516926535, 43.774174717709037 ], [ 11.259270839829069, 43.774169806814037 ], [ 11.259271517596474, 43.77418780052448 ], [ 11.259321182184307, 43.774186818280192 ], [ 11.259321859967208, 43.774204811989961 ], [ 11.259346692267615, 43.774204320859411 ], [ 11.259347370058579, 43.774222314568824 ], [ 11.259397034672375, 43.774221332290949 ], [ 11.259397712478838, 43.77423932599968 ], [ 11.259447377104985, 43.774238343699622 ], [ 11.259448054926944, 43.774256337407671 ], [ 11.259472887246512, 43.774255846249254 ], [ 11.259473565076531, 43.774273839956926 ], [ 11.259523229728646, 43.774272857623302 ], [ 11.259523907574165, 43.774290851330299 ], [ 11.259548739906712, 43.774290360155085 ], [ 11.259549417760292, 43.77430835386172 ], [ 11.259599082438372, 43.774307371494523 ], [ 11.259599760307449, 43.774325365200468 ], [ 11.25962459265298, 43.774324874008471 ], [ 11.259625270530119, 43.774342867714047 ], [ 11.259674935234163, 43.774341885313277 ], [ 11.259675613126801, 43.774359879018178 ], [ 11.259700445485313, 43.774359387809398 ], [ 11.259701123386012, 43.774377381513922 ], [ 11.259750788116019, 43.774376399079578 ], [ 11.259752143949042, 43.774412386487207 ], [ 11.259776976327972, 43.774411895261331 ], [ 11.25977765425286, 43.77442988896474 ], [ 11.259802486638595, 43.774429397733172 ], [ 11.259803842505125, 43.774465385139173 ], [ 11.2598286749051, 43.774464893901595 ], [ 11.259829352846744, 43.774482887604208 ], [ 11.259854185253523, 43.774482396360931 ], [ 11.259854863203229, 43.77450039006316 ], [ 11.259879695616814, 43.774499898814192 ], [ 11.259881051532979, 43.774535886217841 ], [ 11.259905883960805, 43.774535394962861 ], [ 11.259906561927265, 43.77455338866428 ], [ 11.259931394361896, 43.774552897403616 ], [ 11.259932750311572, 43.774588884805638 ], [ 11.259957582760443, 43.77458839353897 ], [ 11.259958260743655, 43.774606387239565 ], [ 11.259983093199331, 43.774605895967191 ], [ 11.259984449182518, 43.7746418833676 ], [ 11.260009281652433, 43.774641392089222 ], [ 11.260009959652404, 43.774659385789022 ], [ 11.260034792129122, 43.774658894504945 ], [ 11.260035470137156, 43.774676888204368 ], [ 11.260060302620683, 43.774676396914593 ], [ 11.260062336670858, 43.774730378011562 ], [ 11.26003750416503, 43.77473086930226 ], [ 11.260038182175579, 43.77474886300142 ], [ 11.259988517147168, 43.77474984556725 ], [ 11.259989195143476, 43.774767839266957 ], [ 11.259964362620892, 43.774768330542095 ], [ 11.259965040610394, 43.774786324242051 ], [ 11.260014705669802, 43.774785341685778 ], [ 11.260015383674803, 43.774803335385045 ], [ 11.259940886062447, 43.774804809212299 ], [ 11.25994224202973, 43.774840796612487 ], [ 11.259991907135001, 43.77483981406516 ], [ 11.259991229136174, 43.774821820365702 ], [ 11.260016061680432, 43.774821329084261 ], [ 11.260017417693579, 43.774857316482489 ], [ 11.260042250252075, 43.774856825195045 ], [ 11.260042928267026, 43.77487481889375 ], [ 11.260018095701096, 43.774875310181507 ], [ 11.260018773709239, 43.774893303880461 ], [ 11.259993941135246, 43.774893795163131 ], [ 11.259994619136585, 43.774911788862319 ], [ 11.260044284298814, 43.774910806290968 ], [ 11.260043606282606, 43.774892812592398 ], [ 11.260093271427452, 43.77489183000008 ], [ 11.260093949458529, 43.774909823698053 ], [ 11.260118782037443, 43.774909332393513 ], [ 11.260119460076583, 43.774927326091102 ], [ 11.260069794903258, 43.774928308695415 ], [ 11.260070472928158, 43.774946302393552 ], [ 11.260045640333118, 43.774946793687938 ], [ 11.260046318351211, 43.774964787386317 ], [ 11.260071150953687, 43.774964296091632 ], [ 11.260071828979845, 43.774982289789641 ], [ 11.260096661589124, 43.774981798489257 ], [ 11.260098017658196, 43.775017785884465 ], [ 11.260122850281716, 43.775017294578092 ], [ 11.26012352832463, 43.775035288275284 ], [ 11.260098695693674, 43.775035779581977 ], [ 11.260099373729783, 43.775053773279424 ], [ 11.260049708451119, 43.775054755877235 ], [ 11.260050386472987, 43.77507274957523 ], [ 11.260025553825278, 43.775073240866369 ], [ 11.260026231840339, 43.775091234564599 ], [ 11.260001399184565, 43.77509172585065 ], [ 11.260002077192823, 43.775109719549107 ], [ 11.259927579199427, 43.775111193375842 ] ] ] } },
{ "type": "Feature", "properties": { "height": 16.113136291503906 }, "geometry": { "type": "Polygon", "coordinates": [ [ [ 11.258718471365325, 43.775999448241478 ], [ 11.258717793720926, 43.775981454529884 ], [ 11.258692960674345, 43.775981945539534 ], [ 11.258691605402301, 43.775945958115528 ], [ 11.258666772369962, 43.775946449119175 ], [ 11.258666094742319, 43.775928455406763 ], [ 11.258641261716784, 43.775928946404719 ], [ 11.258639906478251, 43.775892958979092 ], [ 11.258615073466958, 43.775893449971036 ], [ 11.25861371824581, 43.775857462544543 ], [ 11.258588885248757, 43.775857953530476 ], [ 11.258587530044991, 43.775821966103102 ], [ 11.258562697062182, 43.775822457083045 ], [ 11.258562019468675, 43.775804463368949 ], [ 11.258537186492671, 43.775804954343187 ], [ 11.258535831322414, 43.7757689669142 ], [ 11.25851099836065, 43.775769457882426 ], [ 11.258509643207779, 43.775733470452579 ], [ 11.258484810260255, 43.775733961414794 ], [ 11.258483455124766, 43.775697973984066 ], [ 11.258458622191485, 43.775698464940291 ], [ 11.258457944632116, 43.775680471224518 ], [ 11.25843311170564, 43.775680962175031 ], [ 11.258431756603661, 43.775644974742683 ], [ 11.258406923691426, 43.775645465687212 ], [ 11.258405568606829, 43.775609478253983 ], [ 11.258380735708833, 43.775609969192494 ], [ 11.258379380641621, 43.775573981758399 ], [ 11.258354547757868, 43.775574472690906 ], [ 11.258353870232638, 43.775556478973456 ], [ 11.25832903735569, 43.775556969900272 ], [ 11.258327682321985, 43.775520982464542 ], [ 11.258302849459279, 43.775521473385361 ], [ 11.258301494442957, 43.775485485948764 ], [ 11.25827666159449, 43.775485976863571 ], [ 11.25827530659555, 43.775449989426107 ], [ 11.258250473761327, 43.775450480334911 ], [ 11.258249796270233, 43.775432486615763 ], [ 11.258224963442816, 43.775432977518882 ], [ 11.258223608477383, 43.775396990079784 ], [ 11.258198775664205, 43.775397480976878 ], [ 11.258197420716156, 43.775361493536927 ], [ 11.258172587917219, 43.775361984428017 ], [ 11.258171232986554, 43.775325996987192 ], [ 11.258146400201857, 43.775326487872277 ], [ 11.258145045288574, 43.775290500430565 ], [ 11.258120212518119, 43.775290991309653 ], [ 11.258119535069856, 43.775272997588402 ], [ 11.258094702306206, 43.775273488461785 ], [ 11.25809334742643, 43.775237501018459 ], [ 11.258068514677021, 43.775237991885852 ], [ 11.258067159814628, 43.775202004441653 ], [ 11.25804232707946, 43.775202495303034 ], [ 11.258040972234449, 43.775166507857968 ], [ 11.258016139513522, 43.775166998713331 ], [ 11.258014784685891, 43.775131011267391 ], [ 11.257989951979207, 43.775131502116771 ], [ 11.257988597168957, 43.775095514669943 ], [ 11.257963764476512, 43.775096005513312 ], [ 11.257962409683648, 43.775060018065609 ], [ 11.257937577005443, 43.775060508902982 ], [ 11.257936899617386, 43.775042515178725 ], [ 11.257912066945988, 43.775043006010392 ], [ 11.257910712186629, 43.775007018561084 ], [ 11.257885879529471, 43.775007509386747 ], [ 11.257884524787494, 43.774971521936564 ], [ 11.257859692144578, 43.774972012756223 ], [ 11.257858337419982, 43.774936025305152 ], [ 11.257833504791307, 43.774936516118821 ], [ 11.257832150084093, 43.774900528666883 ], [ 11.257807317469657, 43.774901019474534 ], [ 11.257805962779827, 43.774865032021722 ], [ 11.25778113017963, 43.774865522823369 ], [ 11.257779775507181, 43.77482953536969 ], [ 11.257754942921224, 43.774830026165326 ], [ 11.257753588266157, 43.774794038710773 ], [ 11.257728755694444, 43.774794529500411 ], [ 11.257727401056757, 43.774758542044985 ], [ 11.257702568499282, 43.774759032828619 ], [ 11.257701213878976, 43.774723045372319 ], [ 11.257676381335743, 43.774723536149942 ], [ 11.257675704033966, 43.774705542421394 ], [ 11.257650871497539, 43.774706033193326 ], [ 11.257649516910741, 43.774670045735405 ], [ 11.257624684388553, 43.77467053650134 ], [ 11.257624007103532, 43.774652542771975 ], [ 11.257599174588151, 43.774653033532203 ], [ 11.257597820034858, 43.77461704607267 ], [ 11.257572987533718, 43.774617536826895 ], [ 11.257571632997806, 43.774581549366474 ], [ 11.257546800510905, 43.774582040114716 ], [ 11.257545445992374, 43.774546052653406 ], [ 11.257520613519716, 43.774546543395644 ], [ 11.257519936268826, 43.774528549664595 ], [ 11.257495103802974, 43.774529040401113 ], [ 11.25749374931795, 43.774493052938197 ], [ 11.257468916866335, 43.774493543668719 ], [ 11.257467562398691, 43.774457556204943 ], [ 11.257442729961317, 43.77445804692946 ], [ 11.257441375511057, 43.774422059464811 ], [ 11.257416543087924, 43.774422550183324 ], [ 11.257415188655042, 43.774386562717801 ], [ 11.257390356246148, 43.774387053430303 ], [ 11.257389679038086, 43.77436905969715 ], [ 11.257364846635999, 43.774369550403954 ], [ 11.257363492236623, 43.77433356293681 ], [ 11.257338659848777, 43.774334053637617 ], [ 11.25733730546678, 43.774298066169607 ], [ 11.257312473093174, 43.774298556864409 ], [ 11.257311118728561, 43.774262569395511 ], [ 11.257286286369194, 43.774263060084309 ], [ 11.257284932021959, 43.774227072614551 ], [ 11.257260099676834, 43.774227563297345 ], [ 11.257259422511593, 43.774209569562061 ], [ 11.257309087186346, 43.774208588191684 ], [ 11.257308410006864, 43.774190594456954 ], [ 11.257358074664237, 43.774189613065644 ], [ 11.257357397470518, 43.774171619331447 ], [ 11.257407062110509, 43.774170637919184 ], [ 11.257406384902547, 43.774152644185527 ], [ 11.257456049525159, 43.77415166275231 ], [ 11.257455372302958, 43.774133669019221 ], [ 11.257505036908187, 43.774132687565057 ], [ 11.257504359671746, 43.774114693832502 ], [ 11.257578856552579, 43.774113221611735 ], [ 11.257578179294462, 43.774095227880039 ], [ 11.257627843863677, 43.774094246373195 ], [ 11.257627166591321, 43.774076252642047 ], [ 11.257676831143153, 43.774075271114249 ], [ 11.257676153856558, 43.774057277383648 ], [ 11.257725818391009, 43.774056295834889 ], [ 11.257725141090173, 43.774038302104834 ], [ 11.257799637864837, 43.774036829742187 ], [ 11.257798960542326, 43.774018836012999 ], [ 11.257848625040761, 43.774017854411554 ], [ 11.257847947704011, 43.773999860682913 ], [ 11.257897612185063, 43.773998879060521 ], [ 11.257896934834074, 43.773980885332413 ], [ 11.257946599297748, 43.773979903689074 ], [ 11.257945921932517, 43.773961909961528 ], [ 11.258020418601012, 43.773960437457006 ], [ 11.258019741214108, 43.773942443730313 ], [ 11.258069405641761, 43.773941462034294 ], [ 11.258068728240616, 43.773923468308141 ], [ 11.258118392650891, 43.773922486591168 ], [ 11.258117715235507, 43.773904492865569 ], [ 11.258167379628398, 43.773903511127649 ], [ 11.258166702198775, 43.77388551740259 ], [ 11.258241198761098, 43.773884044756201 ], [ 11.258240521309801, 43.773866051032002 ], [ 11.258315017844168, 43.773864578338006 ], [ 11.258315695317766, 43.773882572061282 ], [ 11.258340527502066, 43.773882081152195 ], [ 11.258341204983727, 43.773900074875115 ], [ 11.258366037174833, 43.773899583960329 ], [ 11.258367392154907, 43.773935571405332 ], [ 11.258392224360254, 43.773935080484556 ], [ 11.258392901858667, 43.773953074206645 ], [ 11.258417734070818, 43.773952583280163 ], [ 11.258418411577294, 43.773970577001897 ], [ 11.258443243796249, 43.77397008606971 ], [ 11.258443921310789, 43.773988079791074 ], [ 11.258468753536549, 43.773987588853196 ], [ 11.258469431059151, 43.77400558257419 ], [ 11.25849426329172, 43.774005091630606 ], [ 11.258495618353674, 43.774041079071772 ], [ 11.258520450600482, 43.774040588122197 ], [ 11.258521128139837, 43.774058581842375 ], [ 11.258545960393448, 43.774058090887095 ], [ 11.258546637940865, 43.774076084606897 ], [ 11.258571470201284, 43.774075593645911 ], [ 11.258572147756762, 43.774093587365357 ], [ 11.258596980023988, 43.774093096398673 ], [ 11.258597657587529, 43.774111090117735 ], [ 11.25862248986156, 43.774110599145374 ], [ 11.258623167433164, 43.774128592864059 ], [ 11.258647999713999, 43.774128101885985 ], [ 11.258649354873961, 43.774164089322568 ], [ 11.258674187169035, 43.774163598338482 ], [ 11.258674864757394, 43.774181592056365 ], [ 11.258699697059274, 43.774181101066603 ], [ 11.258700374655694, 43.774199094784102 ], [ 11.25872520696438, 43.774198603788633 ], [ 11.258725884568863, 43.774216597505784 ], [ 11.258750716884357, 43.77421610650461 ], [ 11.258751394496901, 43.774234100221378 ], [ 11.258776226819199, 43.774233609214512 ], [ 11.258777582061045, 43.774269596647244 ], [ 11.258802414397582, 43.774269105634374 ], [ 11.258803092026881, 43.774287099350332 ], [ 11.258827924370223, 43.774286608331771 ], [ 11.258828602007585, 43.774304602047351 ], [ 11.258853434357734, 43.774304111023092 ], [ 11.258854112003158, 43.774322104738303 ], [ 11.258878944360113, 43.774321613708352 ], [ 11.2588796220136, 43.77433960742318 ], [ 11.25890445437736, 43.774339116387523 ], [ 11.258905809701089, 43.774375103816396 ], [ 11.258930642079086, 43.774374612774736 ], [ 11.25893131974933, 43.774392606488767 ], [ 11.258956152134134, 43.774392115441408 ], [ 11.258956829812439, 43.774410109155063 ], [ 11.25898166220405, 43.774409618102013 ], [ 11.258982339890416, 43.774427611815298 ], [ 11.259007172288833, 43.774427120756542 ], [ 11.259007849983261, 43.774445114469458 ], [ 11.259032682388483, 43.774444623405017 ], [ 11.259033360090974, 43.774462617117543 ], [ 11.259058192503003, 43.774462126047403 ], [ 11.259059547924739, 43.774498113471687 ], [ 11.259084380351009, 43.774497622395536 ], [ 11.259085058070253, 43.774515616107266 ], [ 11.259109890503328, 43.774515125025424 ], [ 11.259110568230636, 43.774533118736784 ], [ 11.259135400670516, 43.774532627649243 ], [ 11.259136078405888, 43.774550621360241 ], [ 11.259160910852572, 43.774550130266988 ], [ 11.259161588596006, 43.774568123977595 ], [ 11.259186421049497, 43.774567632878664 ], [ 11.259187776553119, 43.774603620299089 ], [ 11.259212609020848, 43.774603129194141 ], [ 11.259213286781037, 43.774621122903952 ], [ 11.259238119255574, 43.774620631793304 ], [ 11.259238797023825, 43.774638625502746 ], [ 11.259263629505167, 43.774638134386407 ], [ 11.259264307281482, 43.774656128095465 ], [ 11.25928913976963, 43.774655636973428 ], [ 11.259289817554006, 43.774673630682123 ], [ 11.259314650048958, 43.774673139554373 ], [ 11.259316005634467, 43.774709126970954 ], [ 11.259340838143661, 43.774708635837221 ], [ 11.259341515944792, 43.774726629545107 ], [ 11.259366348460791, 43.774726138405654 ], [ 11.259367026269985, 43.774744132113177 ], [ 11.259391858792789, 43.774743640968026 ], [ 11.259393214427931, 43.774779628382248 ], [ 11.259418046964976, 43.774779137231107 ], [ 11.259418724790924, 43.774797130937813 ], [ 11.259443557334775, 43.77479663978098 ], [ 11.259444235168788, 43.77481463348731 ], [ 11.259469067719442, 43.774814142324772 ], [ 11.259469745561518, 43.774832136030724 ], [ 11.259494578118979, 43.774831644862502 ], [ 11.259495933819885, 43.774867632273612 ], [ 11.259520766391585, 43.774867141099364 ], [ 11.259521444250414, 43.774885134804528 ], [ 11.259546276828921, 43.774884643624581 ], [ 11.259546954695814, 43.774902637329362 ], [ 11.259571787281125, 43.774902146143724 ], [ 11.259572465156081, 43.774920139848128 ], [ 11.259597297748201, 43.774919648656798 ], [ 11.259598653514866, 43.77495563606481 ], [ 11.259623486121226, 43.774955144867462 ], [ 11.259624164012935, 43.77497313857107 ], [ 11.259648996626099, 43.774972647368038 ], [ 11.259649674525873, 43.774990641071248 ], [ 11.259674507145842, 43.774990149862525 ], [ 11.259675185053679, 43.775008143565373 ], [ 11.259700017680455, 43.775007652350951 ], [ 11.259700695596354, 43.775025646053429 ], [ 11.259725528229936, 43.775025154833301 ], [ 11.259726206153898, 43.77504314853541 ], [ 11.259751038794285, 43.775042657309584 ], [ 11.259752394658966, 43.775078644712991 ], [ 11.259777227313593, 43.775078153481168 ], [ 11.25977790525431, 43.775096147182467 ], [ 11.259802737915741, 43.775095655944931 ], [ 11.259803415864525, 43.775113649645867 ], [ 11.259828248532763, 43.77511315840264 ], [ 11.259828926489607, 43.775131152103199 ], [ 11.259853759164651, 43.775130660854273 ], [ 11.259854437129558, 43.775148654554457 ], [ 11.259879269811407, 43.775148163299839 ], [ 11.259879947784377, 43.775166156999639 ], [ 11.259904780473034, 43.77516566573933 ], [ 11.259906136435731, 43.77520165313814 ], [ 11.259930969138626, 43.77520116187182 ], [ 11.259931647128353, 43.775219155570824 ], [ 11.259956479838053, 43.775218664298798 ], [ 11.259957157835842, 43.775236657997425 ], [ 11.259981990552347, 43.775236166719708 ], [ 11.259982668558202, 43.775254160417965 ], [ 11.260007501281512, 43.775253669134557 ], [ 11.260008179295429, 43.775271662832431 ], [ 11.260033012025547, 43.775271171543316 ], [ 11.260034368070135, 43.775307158938283 ], [ 11.260059200814492, 43.775306667643164 ], [ 11.260059878845164, 43.775324661340235 ], [ 11.260084711596328, 43.775324170039411 ], [ 11.260085389635062, 43.77534216373612 ], [ 11.260110222393033, 43.775341672429612 ], [ 11.26011090043983, 43.775359666125937 ], [ 11.260086067674425, 43.775360157432758 ], [ 11.260086745714419, 43.775378151129338 ], [ 11.260037080166857, 43.775379133727427 ], [ 11.260037758192608, 43.775397127424554 ], [ 11.26001292541045, 43.775397618715829 ], [ 11.260013603429398, 43.775415612413184 ], [ 11.259988770639175, 43.775416103699364 ], [ 11.259989448651314, 43.775434097396968 ], [ 11.259939783054115, 43.775435079953766 ], [ 11.259940461052015, 43.775453073651903 ], [ 11.25989079543743, 43.775454056187755 ], [ 11.25989147342109, 43.775472049886453 ], [ 11.25986664060542, 43.775472541146605 ], [ 11.259867318582275, 43.775490534845545 ], [ 11.259817652934178, 43.775491517350268 ], [ 11.259818330896792, 43.775509511049755 ], [ 11.259793498064365, 43.77551000229434 ], [ 11.259794176020176, 43.775527995994075 ], [ 11.259744510338569, 43.775528978467676 ], [ 11.259745188280135, 43.775546972167966 ], [ 11.259695522581143, 43.775547954620613 ], [ 11.259696200508472, 43.775565948321443 ], [ 11.259671367650597, 43.775566439539986 ], [ 11.25967204557112, 43.775584433241065 ], [ 11.259622379838619, 43.775585415662597 ], [ 11.2596230577449, 43.775603409364216 ], [ 11.259573391995012, 43.775604391764801 ], [ 11.259574069887053, 43.775622385466974 ], [ 11.259549237003734, 43.775622876659476 ], [ 11.259549914888966, 43.775640870361876 ], [ 11.259500249105569, 43.77564185273134 ], [ 11.259500926976566, 43.775659846434309 ], [ 11.259451261175782, 43.775660828782819 ], [ 11.259451939032537, 43.775678822486334 ], [ 11.259427106123768, 43.775679313652809 ], [ 11.259427783973717, 43.775697307356552 ], [ 11.259378118139423, 43.775698289673947 ], [ 11.259378795975131, 43.775716283378244 ], [ 11.259329130123453, 43.775717265674679 ], [ 11.259329807944919, 43.775735259379523 ], [ 11.259304975010703, 43.775735750519964 ], [ 11.259305652825365, 43.77575374422505 ], [ 11.259255986940177, 43.775754726490376 ], [ 11.259256664740597, 43.775772720195995 ], [ 11.259206998838026, 43.775773702440368 ], [ 11.259207676624206, 43.775791696146555 ], [ 11.259182843664542, 43.775792187260961 ], [ 11.259183521443916, 43.77581018096739 ], [ 11.259133855507834, 43.775811163180634 ], [ 11.259134533272965, 43.775829156887596 ], [ 11.259084867319499, 43.775830139079901 ], [ 11.259085545070391, 43.775848132787416 ], [ 11.259035879099542, 43.77584911495876 ], [ 11.259036556836193, 43.77586710866683 ], [ 11.259011723842391, 43.775867599744728 ], [ 11.259012401572233, 43.775885593453033 ], [ 11.258962735567875, 43.775886575593262 ], [ 11.258963413283478, 43.775904569302121 ], [ 11.258913747261735, 43.775905551421396 ], [ 11.258914424963095, 43.775923545130794 ], [ 11.258889591943847, 43.775924036182651 ], [ 11.258890269638401, 43.775942029892299 ], [ 11.258840603583149, 43.775943011980459 ], [ 11.258841281263464, 43.775961005690654 ], [ 11.258791615190828, 43.77596198775786 ], [ 11.258792292856901, 43.775979981468602 ], [ 11.258767459812205, 43.77598047249441 ], [ 11.258768137471472, 43.775998466205394 ], [ 11.258718471365325, 43.775999448241478 ] ] ] } },
{ "type": "Feature", "properties": { "height": 15.71282958984375 }, "geometry": { "type": "Polygon", "coordinates": [ [ [ 11.251361465516464, 43.774650087207071 ], [ 11.251360790109917, 43.774632093400051 ], [ 11.251335957495936, 43.774632582799306 ], [ 11.25133528209745, 43.774614588991923 ], [ 11.251285616882477, 43.77461556777363 ], [ 11.251284941499488, 43.774597573965586 ], [ 11.251260108898496, 43.774598063348037 ], [ 11.251259433523568, 43.774580069539624 ], [ 11.251234600929383, 43.774580558916391 ], [ 11.251233925562516, 43.774562565107594 ], [ 11.25120909297514, 43.774563054478662 ], [ 11.251208417616333, 43.774545060669503 ], [ 11.251158752454572, 43.774546039394856 ], [ 11.25115807711126, 43.774528045585008 ], [ 11.251133244536875, 43.774528534939307 ], [ 11.251132569201623, 43.774510541129082 ], [ 11.251107736634044, 43.774511030477676 ], [ 11.251107061306856, 43.774493036667096 ], [ 11.251057396184688, 43.774494015347486 ], [ 11.251056720872993, 43.774476021536223 ], [ 11.251031888318405, 43.774476510868027 ], [ 11.25103121301477, 43.774458517056409 ], [ 11.25100638046699, 43.774459006382514 ], [ 11.251005705171417, 43.774441012570513 ], [ 11.250980872630443, 43.774441501890927 ], [ 11.250980197342932, 43.774423508078549 ], [ 11.250930532273976, 43.774424486702593 ], [ 11.250929857001958, 43.774406492889533 ], [ 11.250905024473976, 43.774406982193163 ], [ 11.250903673946686, 43.774370994566254 ], [ 11.250928506459802, 43.774370505263242 ], [ 11.250927831189662, 43.774352511449997 ], [ 11.250952663694715, 43.77435202214189 ], [ 11.250951988417766, 43.774334028328887 ], [ 11.25097682091476, 43.774333539015707 ], [ 11.250976145631006, 43.774315545202938 ], [ 11.251000978119936, 43.774315055884657 ], [ 11.251000302829373, 43.774297062072137 ], [ 11.251025135310245, 43.774296572748781 ], [ 11.251024460012873, 43.774278578936482 ], [ 11.251049292485686, 43.774278089608053 ], [ 11.251048617181505, 43.774260095796002 ], [ 11.251098282110378, 43.774259117123556 ], [ 11.251097606791957, 43.774241123312052 ], [ 11.251122439248022, 43.774240633968049 ], [ 11.251121763922791, 43.774222640156786 ], [ 11.251146596370793, 43.774222150807702 ], [ 11.251145921038756, 43.774204156996689 ], [ 11.251170753478698, 43.77420366764251 ], [ 11.251170078139854, 43.774185673831731 ], [ 11.251194910571735, 43.774185184472465 ], [ 11.25119423522608, 43.77416719066192 ], [ 11.251219067649902, 43.774166701297574 ], [ 11.25121839229744, 43.774148707487278 ], [ 11.251243224713201, 43.774148218117851 ], [ 11.251242549353933, 43.77413022430779 ], [ 11.251267381761632, 43.774129734933275 ], [ 11.251266706395555, 43.774111741123455 ], [ 11.251291538795194, 43.774111251743847 ], [ 11.251290863422309, 43.774093257934268 ], [ 11.251340528204841, 43.774092279159497 ], [ 11.251341203592593, 43.774110272968464 ], [ 11.251366035990353, 43.774109783572683 ], [ 11.251366711386167, 43.774127777381288 ], [ 11.251391543790735, 43.774127287979809 ], [ 11.251392894599109, 43.774163275596194 ], [ 11.25141772701792, 43.774162786188718 ], [ 11.251417051605983, 43.774144792380859 ], [ 11.251441884016733, 43.774144302968303 ], [ 11.25144120859799, 43.774126309160685 ], [ 11.251490873402741, 43.774125330320011 ], [ 11.251492899705454, 43.774179311740816 ], [ 11.251517732129193, 43.77417882231147 ], [ 11.251517056686893, 43.774160828504911 ], [ 11.251541889102571, 43.77416033907047 ], [ 11.251541213653466, 43.774142345264153 ], [ 11.251566046061082, 43.774141855824631 ], [ 11.251565370605169, 43.774123862018556 ], [ 11.251540538204985, 43.774124351457758 ], [ 11.251539862757131, 43.774106357651299 ], [ 11.251515030363759, 43.774106847084816 ], [ 11.251514354923966, 43.774088853278002 ], [ 11.251489522537398, 43.774089342705814 ], [ 11.251488847105666, 43.774071348898623 ], [ 11.251464014725906, 43.774071838320737 ], [ 11.251463339302235, 43.774053844513169 ], [ 11.251438506929285, 43.774054333929598 ], [ 11.251437831513673, 43.774036340121668 ], [ 11.251412999147529, 43.774036829532385 ], [ 11.251412323739979, 43.774018835724078 ], [ 11.251437156098689, 43.77401834631366 ], [ 11.251436480684331, 43.774000352505595 ], [ 11.25146131303498, 43.77399986309009 ], [ 11.251460637613816, 43.77398186928226 ], [ 11.251485469956403, 43.773981379861674 ], [ 11.25148479452843, 43.773963386054085 ], [ 11.251509626862958, 43.773962896628404 ], [ 11.251508951428178, 43.77394490282105 ], [ 11.251558616080485, 43.773943923954143 ], [ 11.251557940631463, 43.773925930147335 ], [ 11.251582772949241, 43.773925440706094 ], [ 11.251582097493412, 43.773907446899543 ], [ 11.251606929803131, 43.773906957453228 ], [ 11.251606254340492, 43.773888963646897 ], [ 11.251631086642153, 43.773888474195488 ], [ 11.251630411172705, 43.773870480389405 ], [ 11.251655243466304, 43.773869990932916 ], [ 11.25165456799005, 43.773851997127082 ], [ 11.25167940027559, 43.773851507665498 ], [ 11.251678724792528, 43.773833513859906 ], [ 11.251728389346855, 43.773832534921183 ], [ 11.251729064844785, 43.773850528726172 ], [ 11.251753897128443, 43.773850039248416 ], [ 11.251754572634432, 43.773868033053034 ], [ 11.251804237214738, 43.773867054080746 ], [ 11.251804912736223, 43.773885047884676 ], [ 11.25182974503287, 43.773884558390144 ], [ 11.251830420562413, 43.773902552193704 ], [ 11.25185525286587, 43.773902062693473 ], [ 11.251855928403476, 43.773920056496671 ], [ 11.251905593023375, 43.77391907747942 ], [ 11.251906268576475, 43.773937071281942 ], [ 11.251931100892918, 43.773936581764929 ], [ 11.251931776454079, 43.773954575567068 ], [ 11.251956608777331, 43.773954086044355 ], [ 11.251957284346553, 43.773972079846132 ], [ 11.25198211667661, 43.773971590317721 ], [ 11.251982792253894, 43.773989584119128 ], [ 11.252007624590759, 43.773989094585026 ], [ 11.252008300176103, 43.774007088386064 ], [ 11.252033132519777, 43.774006598846263 ], [ 11.252033808113181, 43.774024592646924 ], [ 11.252058640463662, 43.774024103101411 ], [ 11.252059316065127, 43.774042096901717 ], [ 11.252084148422416, 43.774041607350519 ], [ 11.252084824031941, 43.774059601150441 ], [ 11.252109656396039, 43.774059111593544 ], [ 11.252110332013626, 43.774077105393097 ], [ 11.252159996754806, 43.774076126262536 ], [ 11.252160672387889, 43.774094120061406 ], [ 11.252185504764974, 43.77409363048772 ], [ 11.252186180406115, 43.774111624286235 ], [ 11.252211012790008, 43.774111134706871 ], [ 11.252211688439212, 43.774129128504995 ], [ 11.252236520829912, 43.774128638919926 ], [ 11.252237196487174, 43.774146632717688 ], [ 11.252262028884685, 43.774146143126927 ], [ 11.252262704550009, 43.774164136924327 ], [ 11.252287536954324, 43.774163647327853 ], [ 11.252288212627711, 43.774181641124876 ], [ 11.252313045038832, 43.774181151522718 ], [ 11.252313720720279, 43.774199145319372 ], [ 11.252338553138209, 43.774198655711515 ], [ 11.252339228827717, 43.774216649507785 ], [ 11.252364061252454, 43.774216159894237 ], [ 11.252364736950025, 43.774234153690138 ], [ 11.252389569381569, 43.774233664070891 ], [ 11.252390245087199, 43.774251657866429 ], [ 11.252415077525551, 43.774251168241477 ], [ 11.252415753239243, 43.774269162036653 ], [ 11.252440585684404, 43.774268672406002 ], [ 11.252441261406155, 43.774286666200794 ], [ 11.252466093858123, 43.774286176564459 ], [ 11.252466769587935, 43.774304170358882 ], [ 11.25249160204671, 43.774303680716841 ], [ 11.252492277784585, 43.774321674510901 ], [ 11.252517110250167, 43.774321184863162 ], [ 11.252517785996101, 43.774339178656845 ], [ 11.252542618468492, 43.774338689003407 ], [ 11.252543294222489, 43.774356682796729 ], [ 11.252568126701686, 43.774356193137606 ], [ 11.252568802463742, 43.774374186930537 ], [ 11.252593634949749, 43.774373697265709 ], [ 11.252594310719866, 43.774391691058284 ], [ 11.252643975704867, 43.77439071171186 ], [ 11.252644651490479, 43.774408705503753 ], [ 11.252669483989473, 43.774408215822135 ], [ 11.252670159783147, 43.774426209613665 ], [ 11.252694992288948, 43.774425719926349 ], [ 11.252695668090682, 43.774443713717503 ], [ 11.252720500603292, 43.774443224024502 ], [ 11.252724555471472, 43.774551186768207 ], [ 11.252650057797947, 43.774552655836544 ], [ 11.252650733589201, 43.774570649627847 ], [ 11.2523775753229, 43.774576035800024 ], [ 11.252378251033003, 43.774594029594624 ], [ 11.251707771129878, 43.774607247441715 ], [ 11.25170844663988, 43.774625241244522 ], [ 11.251385622723271, 43.77463160399541 ], [ 11.25138629813725, 43.774649597802124 ], [ 11.251361465516464, 43.774650087207071 ] ] ] } },
{ "type": "Feature", "properties": { "height": 16.205810546875 }, "geometry": { "type": "Polygon", "coordinates": [ [ [ 11.252922540034225, 43.774529275227408 ], [ 11.252921864162445, 43.774511281439338 ], [ 11.252897031625114, 43.774511771176698 ], [ 11.252896355761397, 43.774493777388251 ], [ 11.252871523230873, 43.774494267119913 ], [ 11.252870847375217, 43.774476273331096 ], [ 11.252846014851499, 43.774476763057052 ], [ 11.252845339003905, 43.774458769267866 ], [ 11.252820506486996, 43.774459258988131 ], [ 11.252819830647461, 43.774441265198568 ], [ 11.252794998137359, 43.774441754913141 ], [ 11.252794322305888, 43.774423761123217 ], [ 11.25274465729867, 43.774424740535565 ], [ 11.252743981482695, 43.774406746744958 ], [ 11.25271914898558, 43.774407236442741 ], [ 11.252718473177666, 43.774389242651772 ], [ 11.25269364068736, 43.774389732343856 ], [ 11.252692964887505, 43.774371738552496 ], [ 11.252668132404006, 43.774372228238889 ], [ 11.252667456612212, 43.774354234447181 ], [ 11.25264262413552, 43.774354724127868 ], [ 11.252641948351789, 43.774336730335776 ], [ 11.252617115881904, 43.774337220010771 ], [ 11.252616440106232, 43.77431922621831 ], [ 11.252591607643156, 43.774319715887607 ], [ 11.252590931875545, 43.774301722094776 ], [ 11.252566099419276, 43.774302211758375 ], [ 11.252565423659727, 43.774284217965182 ], [ 11.252540591210266, 43.774284707623089 ], [ 11.252539915458778, 43.774266713829512 ], [ 11.252515083016124, 43.77426720348172 ], [ 11.252514407272697, 43.774249209687781 ], [ 11.252489574836851, 43.774249699334298 ], [ 11.252488899101484, 43.774231705539975 ], [ 11.252464066672445, 43.774232195180794 ], [ 11.25246339094514, 43.774214201386101 ], [ 11.252438558522909, 43.774214691021221 ], [ 11.252437882803664, 43.774196697226166 ], [ 11.252413050388238, 43.774197186855588 ], [ 11.252412374677055, 43.774179193060164 ], [ 11.252362709859197, 43.774180172302216 ], [ 11.252362034163509, 43.774162178506117 ], [ 11.252337201761074, 43.774162668118755 ], [ 11.252336526073446, 43.77414467432228 ], [ 11.252311693677818, 43.774145163929212 ], [ 11.252311017998252, 43.77412717013236 ], [ 11.252286185609433, 43.774127659733615 ], [ 11.252285509937925, 43.7741096659364 ], [ 11.252335174700072, 43.774108686729129 ], [ 11.252334499014323, 43.774090692932454 ], [ 11.252359331387019, 43.77409020332103 ], [ 11.252358655694465, 43.774072209524604 ], [ 11.252383488059104, 43.774071719908108 ], [ 11.252382812359739, 43.774053726111916 ], [ 11.252432477072267, 43.774052746863347 ], [ 11.252431801358663, 43.774034753067703 ], [ 11.252456633706551, 43.774034263435645 ], [ 11.25245595798614, 43.774016269640249 ], [ 11.252480790325967, 43.774015780003104 ], [ 11.252480114598747, 43.773997786207929 ], [ 11.252529779261657, 43.773996806918092 ], [ 11.252529103520194, 43.773978813123463 ], [ 11.252553935843274, 43.773978323470764 ], [ 11.252553260095006, 43.773960329676392 ], [ 11.252578092410026, 43.773959840018598 ], [ 11.252577416654949, 43.773941846224467 ], [ 11.252627081268239, 43.773940866893312 ], [ 11.252626405498921, 43.773922873099728 ], [ 11.252651237797192, 43.773922383426367 ], [ 11.252650562021065, 43.773904389633017 ], [ 11.25270022660086, 43.773903410270755 ], [ 11.252699550810494, 43.773885416477945 ], [ 11.252724383092014, 43.773884926789037 ], [ 11.252723707294841, 43.773866932996484 ], [ 11.252748539568302, 43.773866443302481 ], [ 11.25274786376432, 43.773848449510162 ], [ 11.252797528294494, 43.773847470106602 ], [ 11.252796852476273, 43.773829476314823 ], [ 11.252821684732986, 43.77382898660526 ], [ 11.252821008907954, 43.773810992813729 ], [ 11.252870673404631, 43.773810013379041 ], [ 11.252869997565361, 43.773792019588051 ], [ 11.252894829805324, 43.773791529862933 ], [ 11.252894153959247, 43.773773536072184 ], [ 11.252918986191149, 43.773773046341979 ], [ 11.252918310338263, 43.773755052551458 ], [ 11.252967974785321, 43.773754073075494 ], [ 11.252967298918195, 43.773736079285534 ], [ 11.252992131133349, 43.773735589539768 ], [ 11.252991455259414, 43.773717595750057 ], [ 11.253041119672975, 43.77371661624295 ], [ 11.2530404437848, 43.773698622453779 ], [ 11.253065275983205, 43.773698132692452 ], [ 11.253064600088223, 43.773680138903522 ], [ 11.253089432278568, 43.773679649137115 ], [ 11.253088756376778, 43.773661655348413 ], [ 11.25313842074072, 43.773660675800016 ], [ 11.25313774482469, 43.773642682011875 ], [ 11.253162576998285, 43.773642192229893 ], [ 11.253161901075448, 43.773624198442 ], [ 11.253186733240982, 43.773623708654938 ], [ 11.253186057311337, 43.77360571486728 ], [ 11.253235721625659, 43.773604735277594 ], [ 11.253235045681775, 43.773586741490483 ], [ 11.253284709978722, 43.773585761879851 ], [ 11.253284034020593, 43.77356776809328 ], [ 11.253308866160694, 43.773567278280183 ], [ 11.253308190195758, 43.773549284493839 ], [ 11.253407518720149, 43.77354732518878 ], [ 11.253406842726106, 43.773529331403608 ], [ 11.253481339090513, 43.77352786186912 ], [ 11.253482015106858, 43.773545855653374 ], [ 11.253506847234506, 43.77354536579746 ], [ 11.253510903390346, 43.773653328499776 ], [ 11.253535735561972, 43.773652838636629 ], [ 11.253539791784986, 43.773760801334774 ], [ 11.253564624000589, 43.773760311464407 ], [ 11.253568680290778, 43.773868274158367 ], [ 11.253593512550358, 43.773867784280768 ], [ 11.253596892846597, 43.773957753189073 ], [ 11.253621725142722, 43.77395726330456 ], [ 11.253623753350292, 43.774011244647838 ], [ 11.253598921031864, 43.774011734533268 ], [ 11.253602301353185, 43.774101703438966 ], [ 11.25357746899696, 43.774102193320537 ], [ 11.253578821115008, 43.774138180882971 ], [ 11.253553988743288, 43.774138670759768 ], [ 11.253555340848976, 43.774174658322551 ], [ 11.253530508461761, 43.774175148194566 ], [ 11.253531184508113, 43.774193141976163 ], [ 11.253506352112836, 43.774193631843104 ], [ 11.253507704192549, 43.774229619406718 ], [ 11.253482871781777, 43.774230109268871 ], [ 11.253484223849131, 43.774266096832832 ], [ 11.253459391422863, 43.774266586690196 ], [ 11.253460067450046, 43.77428458047239 ], [ 11.253435235015717, 43.77428507032468 ], [ 11.253436587057095, 43.77432105788948 ], [ 11.253411754607272, 43.774321547736982 ], [ 11.253413106636289, 43.774357535302137 ], [ 11.25338827417097, 43.774358025144863 ], [ 11.253388950178984, 43.774376018927661 ], [ 11.253364117705605, 43.7743765087653 ], [ 11.253365469708646, 43.774412496331287 ], [ 11.25334063721977, 43.774412986164144 ], [ 11.253341313214797, 43.77443097994734 ], [ 11.25331648071786, 43.774431469775116 ], [ 11.253317832694925, 43.774467457341927 ], [ 11.253293000182493, 43.774467947164929 ], [ 11.253294352147199, 43.774503934732103 ], [ 11.253269519619272, 43.774504424550315 ], [ 11.25327019559513, 43.774522418334108 ], [ 11.253220530522523, 43.774523397954979 ], [ 11.253219854561532, 43.774505404170576 ], [ 11.253195022031724, 43.774505893972631 ], [ 11.253194346078795, 43.774487900187857 ], [ 11.253169513555793, 43.774488389984207 ], [ 11.253168837610923, 43.774470396199057 ], [ 11.253144005094731, 43.774470885989714 ], [ 11.253143329157924, 43.774452892204195 ], [ 11.253118496648538, 43.774453381989161 ], [ 11.25311782071979, 43.774435388203266 ], [ 11.253092988217213, 43.774435877982533 ], [ 11.253092312296529, 43.774417884196275 ], [ 11.253067479800755, 43.774418373969837 ], [ 11.253068831627882, 43.774454361542894 ], [ 11.253043999116615, 43.774454851311681 ], [ 11.253044675023682, 43.774472845098423 ], [ 11.253019842504353, 43.774473334862122 ], [ 11.253020518404616, 43.774491328649098 ], [ 11.252995685877226, 43.774491818407704 ], [ 11.252996361770681, 43.774509812194928 ], [ 11.25297152923523, 43.77451030194846 ], [ 11.252972205121877, 43.774528295735919 ], [ 11.252922540034225, 43.774529275227408 ] ] ] } },
{ "type": "Feature", "properties": { "height": 16.469108581542969 }, "geometry": { "type": "Polygon", "coordinates": [ [ [ 11.256350102095197, 43.774479633471067 ], [ 11.256348748299146, 43.77444364597946 ], [ 11.256323915848384, 43.774444136460772 ], [ 11.256321208293555, 43.774372161475547 ], [ 11.256296375871903, 43.774372651950245 ], [ 11.256294345234673, 43.774318670709718 ], [ 11.256269512834697, 43.774319161178099 ], [ 11.256266805356919, 43.774247186188589 ], [ 11.256241972986048, 43.774247676650354 ], [ 11.256239265548052, 43.774175701658585 ], [ 11.256214433206294, 43.774176192113735 ], [ 11.256211725808075, 43.774104217119692 ], [ 11.256186893495425, 43.774104707568227 ], [ 11.256184186136988, 43.774032732571918 ], [ 11.256159353853445, 43.774033223013831 ], [ 11.256156646534789, 43.773961248015262 ], [ 11.256131814280355, 43.773961738450559 ], [ 11.256129107001478, 43.773889763449709 ], [ 11.256104274776153, 43.773890253878392 ], [ 11.256101567537057, 43.773818278875282 ], [ 11.256076735340839, 43.773818769297357 ], [ 11.256074028141523, 43.773746794291974 ], [ 11.256049195974414, 43.773747284707426 ], [ 11.256046488814876, 43.773675309699769 ], [ 11.256021656676873, 43.773675800108606 ], [ 11.256019626336114, 43.773621818851275 ], [ 11.255994794219788, 43.773622309253795 ], [ 11.255992087137296, 43.773550334241861 ], [ 11.255967255050077, 43.77355082463778 ], [ 11.255964548007364, 43.773478849623579 ], [ 11.255939715949252, 43.773479340012869 ], [ 11.255937008946317, 43.773407364996402 ], [ 11.255912176917317, 43.773407855379091 ], [ 11.255909469954158, 43.773335880360356 ], [ 11.255884637954264, 43.773336370736423 ], [ 11.255882607760787, 43.773282389470772 ], [ 11.255932271715348, 43.773281408715079 ], [ 11.255931594970574, 43.773263414960333 ], [ 11.256403402272426, 43.773254096711661 ], [ 11.256404756045081, 43.773290084209421 ], [ 11.256429588016927, 43.773289593720769 ], [ 11.256430941806959, 43.773325581217662 ], [ 11.256455773793045, 43.773325090722992 ], [ 11.256456450696437, 43.773343084471044 ], [ 11.256481282689329, 43.773342593970675 ], [ 11.256482636512862, 43.773378581465963 ], [ 11.256507468519994, 43.773378090959596 ], [ 11.256508822360908, 43.773414078453996 ], [ 11.256533654382279, 43.773413587941633 ], [ 11.25653500824057, 43.773449575435166 ], [ 11.256559840276184, 43.773449084916798 ], [ 11.256560517213705, 43.77346707866316 ], [ 11.256585349256122, 43.773466588139094 ], [ 11.256586703147917, 43.773502575631007 ], [ 11.256611535204575, 43.773502085100937 ], [ 11.256612889113748, 43.773538072591975 ], [ 11.256637721184646, 43.773537582055909 ], [ 11.256639075111199, 43.77357356954608 ], [ 11.256663907196335, 43.773573079003995 ], [ 11.256664584167988, 43.77359107274868 ], [ 11.256689416259931, 43.773590582200903 ], [ 11.256690770219988, 43.773626569689462 ], [ 11.256715602326169, 43.773626079135681 ], [ 11.256716956303606, 43.773662066623359 ], [ 11.256741788424028, 43.773661576063567 ], [ 11.256743142418843, 43.773697563550378 ], [ 11.256767974553506, 43.773697072984589 ], [ 11.256769328565701, 43.773733060470526 ], [ 11.256794160714604, 43.773732569898733 ], [ 11.256794837729077, 43.773750563641308 ], [ 11.256819669884786, 43.773750073063809 ], [ 11.256821023930483, 43.773786060548126 ], [ 11.256845856100432, 43.773785569964637 ], [ 11.256847210163508, 43.773821557448073 ], [ 11.256872042347698, 43.773821066858581 ], [ 11.256873396428157, 43.77385705434115 ], [ 11.256898228626584, 43.773856563745653 ], [ 11.256899582724422, 43.773892551227334 ], [ 11.256924414937091, 43.77389206062584 ], [ 11.256925769052309, 43.773928048106654 ], [ 11.256950601279218, 43.773927557499157 ], [ 11.2569512783452, 43.773945551239166 ], [ 11.256976110578917, 43.773945060625962 ], [ 11.256977464727637, 43.773981048105163 ], [ 11.257002296975593, 43.773980557485956 ], [ 11.257003651141694, 43.774016544964297 ], [ 11.257028483403888, 43.774016054339086 ], [ 11.257029837587369, 43.774052041816546 ], [ 11.256980173032613, 43.774053023062798 ], [ 11.256980850110427, 43.77407101680204 ], [ 11.256906353251283, 43.774072488631909 ], [ 11.256907030307422, 43.774090482372003 ], [ 11.256832533420322, 43.774091954154272 ], [ 11.256833210454788, 43.774109947895219 ], [ 11.256758713539735, 43.774111419629889 ], [ 11.256759390552526, 43.774129413371696 ], [ 11.25666006129393, 43.774131375610345 ], [ 11.256660738277612, 43.774149369353296 ], [ 11.256586241304769, 43.774150840976603 ], [ 11.256586918266777, 43.77416883472042 ], [ 11.256512421265979, 43.774170306296121 ], [ 11.256513098206314, 43.774188300040791 ], [ 11.256438601177564, 43.774189771568892 ], [ 11.256439278096224, 43.774207765314415 ], [ 11.256364781039521, 43.77420923679491 ], [ 11.256365457936505, 43.774227230541292 ], [ 11.256464787373922, 43.774225268555291 ], [ 11.256464110447201, 43.774207274810138 ], [ 11.256563439844836, 43.774205312739099 ], [ 11.256562762889008, 43.774187318995104 ], [ 11.256637259908338, 43.774185847386143 ], [ 11.256636582930833, 43.774167853643 ], [ 11.256735912251417, 43.774165891423465 ], [ 11.256735235244802, 43.774147897681495 ], [ 11.256834564525603, 43.774145935376922 ], [ 11.256833887489881, 43.77412794163611 ], [ 11.256933216730898, 43.774125979246513 ], [ 11.256932539666067, 43.774107985506859 ], [ 11.257007036567934, 43.774106513658985 ], [ 11.25700635948143, 43.774088519920177 ], [ 11.257056024064667, 43.774087538661909 ], [ 11.257056701166038, 43.774105532400107 ], [ 11.257081533464147, 43.774105041762574 ], [ 11.257082210573582, 43.774123035500409 ], [ 11.257107042878499, 43.774122544857192 ], [ 11.25710839711412, 43.774158532332017 ], [ 11.257133229433276, 43.774158041682796 ], [ 11.257135260813719, 43.774212022893643 ], [ 11.257060763787459, 43.77421349482789 ], [ 11.257061440893228, 43.774231488565633 ], [ 11.257011776191046, 43.774232469828789 ], [ 11.257012453282574, 43.774250463567078 ], [ 11.25696278856301, 43.774251444809288 ], [ 11.256963465640299, 43.774269438548117 ], [ 11.256913800903357, 43.77427041976938 ], [ 11.256914477966403, 43.774288413508756 ], [ 11.256839980833977, 43.774289885301144 ], [ 11.256840657875349, 43.774307879041373 ], [ 11.256790993102392, 43.774308860209949 ], [ 11.256791670129523, 43.774326853950726 ], [ 11.256742005339184, 43.774327835098362 ], [ 11.256742682352076, 43.774345828839685 ], [ 11.256693017544357, 43.774346809966353 ], [ 11.256693694543008, 43.774364803708231 ], [ 11.256644029717911, 43.774365784813952 ], [ 11.256644706702321, 43.774383778556384 ], [ 11.256595041859843, 43.774384759641158 ], [ 11.256595718830013, 43.77440275338413 ], [ 11.256521221539284, 43.774404224971768 ], [ 11.25652189848778, 43.774422218715586 ], [ 11.256472233609285, 43.774423199747687 ], [ 11.25647291054354, 43.774441193492052 ], [ 11.256423245647666, 43.774442174503186 ], [ 11.256423922567679, 43.774460168248105 ], [ 11.256374257654425, 43.774461149238292 ], [ 11.256374934560199, 43.774479142983758 ], [ 11.256350102095197, 43.774479633471067 ] ] ] } },
{ "type": "Feature", "properties": { "height": 16.137443542480469 }, "geometry": { "type": "Polygon", "coordinates": [ [ [ 11.253574270591958, 43.77467848417416 ], [ 11.253573594521244, 43.774660490394623 ], [ 11.253548761933304, 43.774660980274895 ], [ 11.25354808587065, 43.774642986494996 ], [ 11.253523253289517, 43.774643476369569 ], [ 11.253522577234927, 43.774625482589286 ], [ 11.253497744660601, 43.774625972458161 ], [ 11.253497068614069, 43.774607978677516 ], [ 11.253472236046552, 43.774608468540706 ], [ 11.253471560008082, 43.774590474759684 ], [ 11.25344672744737, 43.774590964617168 ], [ 11.253446051416963, 43.774572970835777 ], [ 11.253421218863059, 43.774573460687563 ], [ 11.253420542840715, 43.774555466905809 ], [ 11.253395710293617, 43.77455595675189 ], [ 11.253395034279333, 43.774537962969774 ], [ 11.253345369198128, 43.774538942645165 ], [ 11.253343341203641, 43.774484961296551 ], [ 11.253368173722254, 43.774484471462458 ], [ 11.253366821714195, 43.774448483897004 ], [ 11.253391654217314, 43.774447994058136 ], [ 11.25339097820679, 43.774430000275608 ], [ 11.253415810701847, 43.774429510431666 ], [ 11.253414458667814, 43.77439352286703 ], [ 11.253439291147375, 43.774393033018306 ], [ 11.253437263078725, 43.774339051671781 ], [ 11.253462095535356, 43.774338561818581 ], [ 11.253461419506293, 43.774320568036586 ], [ 11.253486251954861, 43.774320078178285 ], [ 11.253484899883748, 43.774284090614721 ], [ 11.253509732316822, 43.774283600751652 ], [ 11.253508380233347, 43.774247613188422 ], [ 11.253533212650924, 43.774247123320578 ], [ 11.253532536602693, 43.774229129539172 ], [ 11.253557369012212, 43.774228639666241 ], [ 11.253556016902762, 43.774192652103849 ], [ 11.253580849296783, 43.774192162226136 ], [ 11.253579497174972, 43.7741561746641 ], [ 11.253604329553498, 43.774155684781604 ], [ 11.253602977419328, 43.774119697219909 ], [ 11.253627809782358, 43.774119207332632 ], [ 11.253626457635828, 43.774083219771299 ], [ 11.253651289983363, 43.774082729879254 ], [ 11.253649261745968, 43.77402874853766 ], [ 11.253674094070574, 43.774028258641145 ], [ 11.253672065816518, 43.773974277299885 ], [ 11.253696898118196, 43.773973787398894 ], [ 11.253694869847482, 43.773919806057982 ], [ 11.253719702126229, 43.773919316152515 ], [ 11.253718349934021, 43.773883328592184 ], [ 11.253743182197272, 43.773882838681935 ], [ 11.253741829992705, 43.773846851121959 ], [ 11.253766662240462, 43.773846361206942 ], [ 11.253765986131684, 43.773828367427164 ], [ 11.25379081837138, 43.773827877507053 ], [ 11.253790142255793, 43.773809883727509 ], [ 11.25381497448743, 43.773809393802317 ], [ 11.253813622243271, 43.773773406243649 ], [ 11.253838454459412, 43.773772916313668 ], [ 11.253837778330841, 43.77375492253455 ], [ 11.253862610538917, 43.773754432599475 ], [ 11.253861258268788, 43.773718445041652 ], [ 11.253886090461371, 43.773717955101816 ], [ 11.253885414319813, 43.773699961323111 ], [ 11.253910246504335, 43.773699471378194 ], [ 11.253909570355969, 43.773681477599716 ], [ 11.253934402532431, 43.773680987649712 ], [ 11.253933050222713, 43.77364500009319 ], [ 11.253957882383679, 43.773644510138411 ], [ 11.253957206222328, 43.773626516360352 ], [ 11.253982038375232, 43.773626026400486 ], [ 11.25398068603954, 43.773590038844802 ], [ 11.254005518176951, 43.773589548880146 ], [ 11.254004842002614, 43.773571555102521 ], [ 11.25402967413196, 43.773571065132778 ], [ 11.254028997950815, 43.773553071355394 ], [ 11.254053830072104, 43.773552581380571 ], [ 11.254052477696824, 43.773516593826194 ], [ 11.254077309802618, 43.773516103846596 ], [ 11.254076633608486, 43.773498110069625 ], [ 11.254101465706219, 43.773497620084932 ], [ 11.254100113304968, 43.773461632531387 ], [ 11.254124945387202, 43.773461142541926 ], [ 11.254124269180084, 43.773443148765374 ], [ 11.254149101254262, 43.773442658770833 ], [ 11.254147748827037, 43.773406671218119 ], [ 11.254172580885719, 43.773406181218796 ], [ 11.254171228446134, 43.773370193666437 ], [ 11.254196060489322, 43.77336970366234 ], [ 11.254195384263037, 43.773351709886363 ], [ 11.254220216298162, 43.773351219877171 ], [ 11.254218863832607, 43.773315232325658 ], [ 11.254243695852237, 43.773314742311683 ], [ 11.254242343374322, 43.773278754760518 ], [ 11.254887975277981, 43.773266012521084 ], [ 11.254888651709903, 43.773284006288733 ], [ 11.254913483705163, 43.773283516129531 ], [ 11.25491686591136, 43.773373484965312 ], [ 11.25494169794316, 43.773372994799182 ], [ 11.254944403749148, 43.773444969865416 ], [ 11.254969235810057, 43.773444479692664 ], [ 11.254971941655816, 43.773516454756638 ], [ 11.254996773745834, 43.773515964577271 ], [ 11.254998126687346, 43.773551952108257 ], [ 11.255022958791603, 43.773551461922885 ], [ 11.255024988230877, 43.773605443217946 ], [ 11.255049820356811, 43.773604953026272 ], [ 11.255051849824035, 43.77365893431984 ], [ 11.255076681971641, 43.77365844412185 ], [ 11.255077358469405, 43.773676437885932 ], [ 11.255102190623818, 43.77367594768225 ], [ 11.255104220143174, 43.773729928973182 ], [ 11.255129052319262, 43.773729438763191 ], [ 11.255130405350172, 43.773765426289565 ], [ 11.255155237540501, 43.773764936073555 ], [ 11.255157267113873, 43.773818917361673 ], [ 11.255182099325877, 43.773818427139368 ], [ 11.255184128927198, 43.773872408426001 ], [ 11.255208961160875, 43.773871918197372 ], [ 11.255210990790145, 43.773925899482492 ], [ 11.255235823045497, 43.773925409247568 ], [ 11.255238529256378, 43.773997384292244 ], [ 11.255263361540841, 43.773996894050704 ], [ 11.255265391227892, 43.77405087533262 ], [ 11.255290223534029, 43.77405038508477 ], [ 11.255292929821952, 43.774122360125183 ], [ 11.255317762157199, 43.774121869870719 ], [ 11.255320468484898, 43.774193844908844 ], [ 11.255345300849253, 43.774193354647771 ], [ 11.25534800721673, 43.774265329683637 ], [ 11.255372839610194, 43.774264839415942 ], [ 11.255375546017447, 43.774336814449541 ], [ 11.255350713594247, 43.774337304718458 ], [ 11.255351390190194, 43.774355298477012 ], [ 11.255202395593205, 43.774358239979151 ], [ 11.255203072145177, 43.77437623373946 ], [ 11.255078909926592, 43.774378684844528 ], [ 11.255079586442017, 43.774396678606308 ], [ 11.254980256626119, 43.774398639394541 ], [ 11.254981609599382, 43.774434626920353 ], [ 11.254907112186263, 43.774436097456764 ], [ 11.254907788651533, 43.774454091220491 ], [ 11.254808458728856, 43.774456051861456 ], [ 11.254809135165015, 43.774474045626334 ], [ 11.254709805202562, 43.774476006182283 ], [ 11.254710481609614, 43.774493999948312 ], [ 11.254611151607387, 43.774495960419223 ], [ 11.254611827985325, 43.774513954186425 ], [ 11.254512497943324, 43.774515914572298 ], [ 11.254513174292153, 43.774533908340665 ], [ 11.254389011688367, 43.774536358703237 ], [ 11.254386306445499, 43.774464383623268 ], [ 11.254336641459069, 43.774465363728112 ], [ 11.254337317753976, 43.774483357498809 ], [ 11.25421315523975, 43.774485807668107 ], [ 11.25421045021257, 43.774413832578794 ], [ 11.25418561773758, 43.774414322595256 ], [ 11.254182912750172, 43.774342347503669 ], [ 11.254158080304292, 43.774342837513508 ], [ 11.254155375356655, 43.774270862419662 ], [ 11.254031213266533, 43.774273312381922 ], [ 11.254030537068363, 43.774255318606762 ], [ 11.254005704655892, 43.774255808582737 ], [ 11.254002999899219, 43.774183833480244 ], [ 11.254027832281956, 43.774183343505491 ], [ 11.25402715608692, 43.774165349730005 ], [ 11.254101653209059, 43.774163879774335 ], [ 11.254100300776267, 43.774127892225025 ], [ 11.254075468417717, 43.774128382215025 ], [ 11.254072087383882, 43.774038413339028 ], [ 11.254047255061876, 43.774038903322115 ], [ 11.254047931259953, 43.774056897097744 ], [ 11.254023098929885, 43.774057387075743 ], [ 11.254026479892513, 43.774147355954469 ], [ 11.254001647524648, 43.774147845928589 ], [ 11.254000971338302, 43.774129852152676 ], [ 11.253976138977242, 43.774130342121126 ], [ 11.253977491335693, 43.774166329673506 ], [ 11.253952658959138, 43.774166819637159 ], [ 11.253955363653827, 43.774238794742359 ], [ 11.253930531246908, 43.774239284701856 ], [ 11.253932559752208, 43.774293266031002 ], [ 11.253907727322359, 43.774293755986022 ], [ 11.253909079647494, 43.774329743539063 ], [ 11.253884247202148, 43.774330233489302 ], [ 11.253886275672249, 43.7743842148193 ], [ 11.253861443203975, 43.774384704765069 ], [ 11.253862795505643, 43.774420692318678 ], [ 11.253837963021873, 43.77442118225968 ], [ 11.253839315311179, 43.774457169813637 ], [ 11.253814482811915, 43.774457659749842 ], [ 11.253815835088862, 43.774493647304169 ], [ 11.253791002574102, 43.7744941372356 ], [ 11.253791678706081, 43.774512131012969 ], [ 11.253766846183257, 43.774512620939312 ], [ 11.253767522308431, 43.774530614716923 ], [ 11.253742689777546, 43.774531104638179 ], [ 11.253743365895913, 43.774549098416031 ], [ 11.253718533356967, 43.774549588332199 ], [ 11.253719885580709, 43.774585575888317 ], [ 11.25369505302627, 43.774586065799717 ], [ 11.253695729131648, 43.774604059577975 ], [ 11.253670896569146, 43.774604549484295 ], [ 11.253671572667715, 43.774622543262794 ], [ 11.253646740097151, 43.774623033164026 ], [ 11.253648092281304, 43.774659020721451 ], [ 11.253623259695244, 43.774659510617902 ], [ 11.253623935780828, 43.77467750439682 ], [ 11.253574270591958, 43.77467848417416 ] ] ] } },
{ "type": "Feature", "properties": { "height": 15.965324401855469 }, "geometry": { "type": "Polygon", "coordinates": [ [ [ 11.257208403535467, 43.774174563438869 ], [ 11.257207726386977, 43.774156569702775 ], [ 11.257182894069704, 43.774157060368175 ], [ 11.25718153978948, 43.774121072895184 ], [ 11.257156707486446, 43.774121563554566 ], [ 11.257155353223602, 43.774085576080701 ], [ 11.25713052093481, 43.774086066734085 ], [ 11.257129166689346, 43.774050079259339 ], [ 11.257104334414793, 43.774050569906727 ], [ 11.257103657300435, 43.774032576168949 ], [ 11.257078825032691, 43.774033066810638 ], [ 11.257077470820729, 43.773997079334272 ], [ 11.257052638567224, 43.773997569969964 ], [ 11.257051284372642, 43.773961582492717 ], [ 11.257026452133378, 43.773962073122398 ], [ 11.257025097956177, 43.773926085644291 ], [ 11.257000265731151, 43.773926576267975 ], [ 11.256998911571332, 43.773890588788994 ], [ 11.256974079360544, 43.77389107940666 ], [ 11.25697340228901, 43.773873085666764 ], [ 11.256948570085033, 43.773873576278753 ], [ 11.256947215958714, 43.773837588798159 ], [ 11.256922383768977, 43.773838079404129 ], [ 11.256921029660038, 43.773802091922647 ], [ 11.25689619748454, 43.773802582522627 ], [ 11.256894843392981, 43.773766595040271 ], [ 11.256870011231722, 43.77376708563424 ], [ 11.256868657157545, 43.773731098151018 ], [ 11.256843825010526, 43.77373158873899 ], [ 11.256843147981813, 43.773713594996963 ], [ 11.256818315841599, 43.773714085579236 ], [ 11.256816961800926, 43.773678098094393 ], [ 11.256792129674952, 43.773678588670656 ], [ 11.256790775651657, 43.773642601184939 ], [ 11.256765943539923, 43.773643091755204 ], [ 11.25676458953401, 43.773607104268621 ], [ 11.256739757436515, 43.773607594832875 ], [ 11.256738403447978, 43.77357160734541 ], [ 11.256713571364726, 43.773572097903667 ], [ 11.256712894378833, 43.773554104159537 ], [ 11.256688062302386, 43.773554594712081 ], [ 11.256686708347353, 43.773518607223011 ], [ 11.256661876285143, 43.773519097769558 ], [ 11.25666052234749, 43.773483110279614 ], [ 11.256635690299523, 43.773483600820171 ], [ 11.256634336379248, 43.773447613329338 ], [ 11.256609504345521, 43.773448103863892 ], [ 11.256608827393761, 43.773430110118071 ], [ 11.256583995366837, 43.773430600646911 ], [ 11.256582641480064, 43.77339461315448 ], [ 11.256557809467385, 43.773395103677316 ], [ 11.256556455597989, 43.773359116184004 ], [ 11.256531623599548, 43.773359606700851 ], [ 11.256530269747534, 43.773323619206657 ], [ 11.256505437763332, 43.7733241097175 ], [ 11.256504083928695, 43.773288122222446 ], [ 11.256479251958735, 43.773288612727278 ], [ 11.256478575049792, 43.773270618979339 ], [ 11.256453743086636, 43.773271109478479 ], [ 11.256453066185754, 43.773253115730171 ], [ 11.256577225958088, 43.773250663182111 ], [ 11.256576549020666, 43.773232669435266 ], [ 11.256924196195623, 43.77322580158804 ], [ 11.25692487323712, 43.773243795330586 ], [ 11.256949705180913, 43.773243304729334 ], [ 11.256950382230468, 43.773261298471517 ], [ 11.256975214181066, 43.77326080786456 ], [ 11.256975891238685, 43.773278801606374 ], [ 11.257025555152866, 43.773277820375675 ], [ 11.25702623222598, 43.773295814116814 ], [ 11.257051064189563, 43.773295323493066 ], [ 11.25705174127074, 43.773313317233828 ], [ 11.257076573241127, 43.773312826604403 ], [ 11.257077250330363, 43.773330820344782 ], [ 11.257102082307558, 43.773330329709658 ], [ 11.257102759404857, 43.773348323449675 ], [ 11.257127591388857, 43.773347832808838 ], [ 11.257128268494219, 43.773365826548485 ], [ 11.257153100485024, 43.773365335901957 ], [ 11.257153777598445, 43.77338332964122 ], [ 11.257203441593042, 43.773382348331396 ], [ 11.25720411872196, 43.773400342069991 ], [ 11.257502102725985, 43.773394453754484 ], [ 11.25750142550786, 43.773376460019577 ], [ 11.25755108948487, 43.773375478558798 ], [ 11.257550412252506, 43.77335748482443 ], [ 11.257575244232637, 43.773356994086257 ], [ 11.257574566993467, 43.773339000352138 ], [ 11.257599398965533, 43.773338509608884 ], [ 11.257598721719559, 43.773320515875 ], [ 11.257673217609689, 43.773319043613824 ], [ 11.257673894877968, 43.773337037346785 ], [ 11.25769872684752, 43.773336546581973 ], [ 11.257700081400825, 43.773372534047098 ], [ 11.257724913384621, 43.773372043276282 ], [ 11.257725590669649, 43.77339003700844 ], [ 11.257750422660248, 43.773389546231932 ], [ 11.257751099953339, 43.773407539963699 ], [ 11.257775931950745, 43.7734070491815 ], [ 11.257776609251897, 43.773425042912912 ], [ 11.257801441256108, 43.773424552125014 ], [ 11.257802795875163, 43.773460539587028 ], [ 11.257827627893615, 43.773460048793112 ], [ 11.25782830521152, 43.77347804252372 ], [ 11.257853137236777, 43.773477551724113 ], [ 11.257853814562743, 43.773495545454345 ], [ 11.257878646594804, 43.77349505464904 ], [ 11.257879323928833, 43.773513048378902 ], [ 11.257904155967701, 43.773512557567891 ], [ 11.257904833309793, 43.773530551297391 ], [ 11.257929665355464, 43.773530060480688 ], [ 11.257930342705617, 43.773548054209797 ], [ 11.257955174758095, 43.773547563387396 ], [ 11.257955852116311, 43.773565557116143 ], [ 11.257980684175594, 43.77356506628805 ], [ 11.257981361541873, 43.773583060016435 ], [ 11.258006193607963, 43.773582569182636 ], [ 11.258007548357268, 43.773618556638581 ], [ 11.2580323804376, 43.773618065798786 ], [ 11.258033057820628, 43.773636059526346 ], [ 11.258057889907764, 43.773635568680852 ], [ 11.258058567298855, 43.773653562408043 ], [ 11.258083399392797, 43.773653071556858 ], [ 11.258084076791949, 43.773671065283679 ], [ 11.258108908892696, 43.773670574426788 ], [ 11.258109586299913, 43.77368856815324 ], [ 11.258134418407465, 43.773688077290657 ], [ 11.258135095822743, 43.77370607101674 ], [ 11.258159927937102, 43.773705580148452 ], [ 11.258160605360441, 43.773723573874157 ], [ 11.258185437481606, 43.773723083000178 ], [ 11.258186792345038, 43.773759070450794 ], [ 11.25821162448044, 43.773758579570796 ], [ 11.258212301920533, 43.773776573295699 ], [ 11.258237134062743, 43.773776082410016 ], [ 11.258237811510899, 43.773794076134536 ], [ 11.258262643659913, 43.773793585243169 ], [ 11.25826332111613, 43.773811578967319 ], [ 11.25823848895968, 43.773812069859012 ], [ 11.258239166409094, 43.773830063583404 ], [ 11.258164669913675, 43.773831536227036 ], [ 11.258165347341414, 43.77384952995228 ], [ 11.258115682993127, 43.773850511688366 ], [ 11.258116360406625, 43.773868505414164 ], [ 11.258066696040956, 43.773869487129296 ], [ 11.258067373440214, 43.773887480855649 ], [ 11.258017709057166, 43.77388846254982 ], [ 11.258018386442185, 43.773906456276713 ], [ 11.257943889840595, 43.773907928778478 ], [ 11.257944567203943, 43.77392592250623 ], [ 11.257894902784873, 43.773926904147721 ], [ 11.257895580133978, 43.773944897876021 ], [ 11.25784591569753, 43.773945879496559 ], [ 11.257846593032395, 43.773963873225405 ], [ 11.257796928578564, 43.773964854825003 ], [ 11.25779760589919, 43.773982848554397 ], [ 11.257723109191431, 43.773984320914288 ], [ 11.257723786490384, 43.774002314644534 ], [ 11.257674122000537, 43.774003296191452 ], [ 11.257674799285249, 43.774021289922246 ], [ 11.257625134778021, 43.774022271448217 ], [ 11.257625812048492, 43.774040265179558 ], [ 11.257576147523881, 43.774041246684568 ], [ 11.257576824780115, 43.774059240416456 ], [ 11.257502327966188, 43.774060712634473 ], [ 11.257503005200746, 43.774078706367213 ], [ 11.257453340640119, 43.774079687819537 ], [ 11.257454017860438, 43.774097681552838 ], [ 11.25740435328243, 43.774098662984215 ], [ 11.257405030488506, 43.774116656718064 ], [ 11.257355365893119, 43.774117638128487 ], [ 11.257356043084958, 43.774135631862876 ], [ 11.25730637847219, 43.774136613252352 ], [ 11.257307055649786, 43.774154606987281 ], [ 11.25723255870362, 43.774156079031997 ], [ 11.257233235859545, 43.774174072767771 ], [ 11.257208403535467, 43.774174563438869 ] ] ] } },
{ "type": "Feature", "properties": { "height": 15.909233093261719 }, "geometry": { "type": "Polygon", "coordinates": [ [ [ 11.253640472782463, 43.773794829384038 ], [ 11.253639796712736, 43.773776835602519 ], [ 11.253614964491579, 43.773777325489363 ], [ 11.253613612368875, 43.77374133792555 ], [ 11.253588780161961, 43.77374182780639 ], [ 11.2535847238535, 43.773633865111535 ], [ 11.253559891690562, 43.773634354985155 ], [ 11.25355515941126, 43.77350839850272 ], [ 11.253530327299732, 43.773508888368795 ], [ 11.253526271129385, 43.773400925665186 ], [ 11.253501439061836, 43.773401415524049 ], [ 11.253496706943661, 43.773275459031396 ], [ 11.253844355103794, 43.773268600546764 ], [ 11.25384503122287, 43.773286594327338 ], [ 11.254167847358154, 43.773280224784415 ], [ 11.254169876009062, 43.773334206113823 ], [ 11.254145043980117, 43.773334696111931 ], [ 11.254146396402323, 43.773370683665156 ], [ 11.254121564357883, 43.773371173658482 ], [ 11.254122916767729, 43.773407161212056 ], [ 11.254098084707794, 43.7734076512006 ], [ 11.254098760906226, 43.7734256449776 ], [ 11.254073928838229, 43.773426134961056 ], [ 11.254074605029851, 43.773444128738291 ], [ 11.254049772953795, 43.773444618716667 ], [ 11.254051125324056, 43.773480606271562 ], [ 11.254026293232503, 43.773481096245163 ], [ 11.254026969411139, 43.773499090022817 ], [ 11.254002137311527, 43.773499579991331 ], [ 11.254003489655815, 43.77353556754705 ], [ 11.253978657540706, 43.773536057510782 ], [ 11.253979333706358, 43.773554051288855 ], [ 11.253954501583188, 43.773554541247506 ], [ 11.253955853901504, 43.773590528804064 ], [ 11.25393102176284, 43.773591018757926 ], [ 11.253931697915503, 43.773609012536419 ], [ 11.253906865768778, 43.773609502485201 ], [ 11.25390821806112, 43.77364549004259 ], [ 11.2538833858989, 43.77364597998659 ], [ 11.253884062038576, 43.773663973765501 ], [ 11.253859229868295, 43.773664463704421 ], [ 11.253860582134664, 43.773700451262641 ], [ 11.253835749948887, 43.773700941196786 ], [ 11.253836426075578, 43.77371893497611 ], [ 11.253811593881739, 43.77371942490516 ], [ 11.253812946122135, 43.773755412464219 ], [ 11.253788113912803, 43.773755902388494 ], [ 11.253788790026505, 43.773773896168223 ], [ 11.253763957809111, 43.773774386087425 ], [ 11.253764633916008, 43.773792379867402 ], [ 11.253640472782463, 43.773794829384038 ] ] ] } },
{ "type": "Feature", "properties": { "height": 15.250701904296875 }, "geometry": { "type": "Polygon", "coordinates": [ [ [ 11.252235169517263, 43.774092651324196 ], [ 11.252234493861879, 43.774074657526235 ], [ 11.252209661493481, 43.774075147110395 ], [ 11.252208985846156, 43.774057153312064 ], [ 11.252184153484569, 43.774057642890526 ], [ 11.252183477845303, 43.774039649091826 ], [ 11.252158645490521, 43.774040138664581 ], [ 11.25215796985932, 43.774022144865498 ], [ 11.252133137511345, 43.774022634432569 ], [ 11.252132461888205, 43.77400464063313 ], [ 11.252107629547037, 43.774005130194503 ], [ 11.252106953931957, 43.773987136394695 ], [ 11.252082121597597, 43.773987625950355 ], [ 11.252081445990578, 43.77396963215017 ], [ 11.252056613663026, 43.773970121700145 ], [ 11.252055938064068, 43.773952127899591 ], [ 11.252031105743322, 43.773952617443861 ], [ 11.252030430152425, 43.773934623642944 ], [ 11.252005597838487, 43.77393511318153 ], [ 11.252004922255651, 43.773917119380229 ], [ 11.251980089948521, 43.773917608913116 ], [ 11.251979414373745, 43.773899615111439 ], [ 11.251954582073422, 43.773900104638635 ], [ 11.251953906506706, 43.773882110836595 ], [ 11.251929074213193, 43.773882600358085 ], [ 11.251928398654536, 43.773864606555669 ], [ 11.251903566367831, 43.773865096071468 ], [ 11.251902215267267, 43.773829108465847 ], [ 11.251877382994802, 43.773829597975634 ], [ 11.251878058537336, 43.773847591778789 ], [ 11.251853226256811, 43.773848081283496 ], [ 11.251852550721711, 43.773830087480043 ], [ 11.251827718447993, 43.773830576979044 ], [ 11.251827042920953, 43.773812583175214 ], [ 11.251802210654043, 43.773813072668524 ], [ 11.251801535135064, 43.773795078864318 ], [ 11.251751870614232, 43.773796057834168 ], [ 11.251751195110748, 43.773778064029294 ], [ 11.251800859616713, 43.773777085060075 ], [ 11.251800184098986, 43.773759091255741 ], [ 11.251825016343595, 43.77375860176334 ], [ 11.251824340819063, 43.773740607959247 ], [ 11.251849173055609, 43.77374011846176 ], [ 11.25184849752427, 43.773722124657915 ], [ 11.251873329752756, 43.773721635155354 ], [ 11.251872654214608, 43.773703641351744 ], [ 11.251922318654834, 43.77370266233104 ], [ 11.251921643102445, 43.773684668527977 ], [ 11.251946475314183, 43.773684179009848 ], [ 11.251945799754987, 43.773666185207034 ], [ 11.251970631958665, 43.773665695683817 ], [ 11.25196995639266, 43.773647701881231 ], [ 11.252019620783271, 43.773646722819237 ], [ 11.252018945203025, 43.773628729017204 ], [ 11.252043777389956, 43.773628239478434 ], [ 11.252043101802901, 43.773610245676643 ], [ 11.252067933981772, 43.773609756132778 ], [ 11.25206725838791, 43.773591762331222 ], [ 11.252116922728904, 43.773590783227938 ], [ 11.252116247120801, 43.773572789426936 ], [ 11.252141079282925, 43.773572299867517 ], [ 11.252140403668013, 43.773554306066742 ], [ 11.252165235822076, 43.773553816502236 ], [ 11.252164560200358, 43.773535822701703 ], [ 11.252214224491734, 43.773534843557137 ], [ 11.252213548855776, 43.773516849757158 ], [ 11.25223838099309, 43.773516360177076 ], [ 11.252237705350323, 43.773498366377346 ], [ 11.252262537479577, 43.773497876792199 ], [ 11.252261861830004, 43.773479882992689 ], [ 11.252311526071765, 43.773478903806833 ], [ 11.25231085040795, 43.77346091000787 ], [ 11.252335682520455, 43.773460420407162 ], [ 11.252335006849833, 43.77344242660844 ], [ 11.252359838954279, 43.773441937002652 ], [ 11.252359163276848, 43.773423943204172 ], [ 11.252408827468992, 43.773422963977019 ], [ 11.25240815177732, 43.773404970179094 ], [ 11.25243298386502, 43.773404480557737 ], [ 11.25243230816654, 43.773386486760053 ], [ 11.252457140246179, 43.773385997133609 ], [ 11.252456464540892, 43.773368003336167 ], [ 11.252506128683418, 43.77336702406771 ], [ 11.252505452963893, 43.773349030270815 ], [ 11.252555117089043, 43.773348050981404 ], [ 11.252554441355274, 43.773330057185056 ], [ 11.252604105463053, 43.773329077874713 ], [ 11.252603429715045, 43.773311084078905 ], [ 11.252653093805446, 43.773310104747594 ], [ 11.252652418043196, 43.773292110952319 ], [ 11.252702082116222, 43.773291131600075 ], [ 11.252701406339733, 43.773273137805361 ], [ 11.253024222656656, 43.773266771494079 ], [ 11.253024898529786, 43.773284765284806 ], [ 11.25339737887534, 43.773277418404355 ], [ 11.253398054860604, 43.77329541219045 ], [ 11.253422886886058, 43.773294922354985 ], [ 11.253424914867917, 43.77334890371192 ], [ 11.253449746915049, 43.773348413870146 ], [ 11.253453802940298, 43.773456376580441 ], [ 11.253478635031405, 43.773455886731448 ], [ 11.253480663074795, 43.773509868084801 ], [ 11.25340616673269, 43.773511337618366 ], [ 11.253406842726106, 43.773529331403608 ], [ 11.253282682106221, 43.773531780519946 ], [ 11.253283358063094, 43.773549774306645 ], [ 11.253233693795885, 43.773550753916048 ], [ 11.25323166597175, 43.773496772553905 ], [ 11.253206833859505, 43.773497262349615 ], [ 11.253204806063316, 43.77344328098598 ], [ 11.253229638153257, 43.773442791191179 ], [ 11.253228962215013, 43.773424797403479 ], [ 11.253253794296896, 43.773424307603612 ], [ 11.253253118351845, 43.773406313816153 ], [ 11.253153790050295, 43.773408272982053 ], [ 11.253155817798119, 43.773462254347919 ], [ 11.25318064989675, 43.773461764563621 ], [ 11.25318267767252, 43.77351574592798 ], [ 11.253207509792823, 43.773515256137372 ], [ 11.253209537596536, 43.773569237500226 ], [ 11.253184705453931, 43.773569727291758 ], [ 11.25318538138232, 43.773587721079551 ], [ 11.25313571708036, 43.773588700647053 ], [ 11.253136392994509, 43.773606694435394 ], [ 11.253111560835153, 43.77360718421135 ], [ 11.253112236742496, 43.773625177999939 ], [ 11.253062572407037, 43.773626157536334 ], [ 11.253063248300139, 43.773644151325456 ], [ 11.253038416124035, 43.773644641085873 ], [ 11.253039092010329, 43.773662634875237 ], [ 11.253014259826166, 43.773663124630559 ], [ 11.253014935705654, 43.773681118420178 ], [ 11.252990103513426, 43.773681608170413 ], [ 11.252990779386108, 43.773699601960267 ], [ 11.252941114984909, 43.773700581445183 ], [ 11.252941790843348, 43.773718575235577 ], [ 11.252916958634373, 43.773719064970265 ], [ 11.252917634486005, 43.773737058760908 ], [ 11.252892802268969, 43.773737548490494 ], [ 11.252893478113794, 43.773755542281371 ], [ 11.252843813662976, 43.773756521724998 ], [ 11.25284448949356, 43.773774515516429 ], [ 11.252819657259776, 43.773775005230455 ], [ 11.252820333083553, 43.773792999022128 ], [ 11.252795500841708, 43.773793488731073 ], [ 11.252796176658675, 43.77381148252298 ], [ 11.25274651215824, 43.773812461925324 ], [ 11.252747187960967, 43.773830455717764 ], [ 11.252722355702375, 43.773830945411156 ], [ 11.252723031498295, 43.773848939203845 ], [ 11.252698199231641, 43.773849428892156 ], [ 11.252698875020753, 43.773867422685086 ], [ 11.252649210470697, 43.773868402046126 ], [ 11.252649886245569, 43.773886395839611 ], [ 11.252625053962166, 43.773886885512354 ], [ 11.25262572973023, 43.773904879306066 ], [ 11.252600897438766, 43.773905368973722 ], [ 11.252601573200025, 43.773923362767682 ], [ 11.252551908600349, 43.773924342087433 ], [ 11.252552584347365, 43.773942335881948 ], [ 11.252527752039153, 43.773942825534043 ], [ 11.25252842777936, 43.773960819328785 ], [ 11.252478763146188, 43.773961798617414 ], [ 11.252479438872154, 43.773979792412717 ], [ 11.252454606547197, 43.773980282049244 ], [ 11.252455282266354, 43.773998275844782 ], [ 11.252430449933334, 43.773998765476229 ], [ 11.252431125645685, 43.774016759272008 ], [ 11.252381460962894, 43.774017738519348 ], [ 11.252382136661003, 43.77403573231566 ], [ 11.252357304311236, 43.774036221931546 ], [ 11.252357980002538, 43.774054215728114 ], [ 11.252333147644707, 43.774054705338912 ], [ 11.252333823329201, 43.774072699135715 ], [ 11.252284158596792, 43.774073678341757 ], [ 11.252284834267046, 43.774091672139114 ], [ 11.252235169517263, 43.774092651324196 ] ] ] } },
{ "type": "Feature", "properties": { "height": 16.469100952148438 }, "geometry": { "type": "Polygon", "coordinates": [ [ [ 11.255614601373471, 43.774746258146251 ], [ 11.255612571323065, 43.774692276883918 ], [ 11.255587738756825, 43.774692767207476 ], [ 11.255585708734367, 43.774638785943644 ], [ 11.255560876189804, 43.774639276260899 ], [ 11.255558169531717, 43.774567301240303 ], [ 11.255533337016264, 43.774567791550936 ], [ 11.255531307051593, 43.774513810283871 ], [ 11.255506474557812, 43.774514300588201 ], [ 11.255503767976773, 43.774442325563335 ], [ 11.255478935512103, 43.77444281586105 ], [ 11.255476228970842, 43.774370840833917 ], [ 11.255451396535282, 43.774371331125018 ], [ 11.255448690033797, 43.774299356095604 ], [ 11.255423857627349, 43.774299846380082 ], [ 11.25542115116564, 43.774227871348408 ], [ 11.2553963187883, 43.774228361626278 ], [ 11.255393612366371, 43.774156386592331 ], [ 11.25536878001814, 43.774156876863593 ], [ 11.255366750230584, 43.77410289558653 ], [ 11.255341917904026, 43.774103385851468 ], [ 11.255338534974486, 43.774013417053531 ], [ 11.255313702684473, 43.774013907311542 ], [ 11.255310319807792, 43.773923938510457 ], [ 11.255285487554321, 43.773924428761553 ], [ 11.255282781294008, 43.773852453718277 ], [ 11.255257949069646, 43.773852943962751 ], [ 11.255256595958123, 43.773816956440115 ], [ 11.255231763748002, 43.773817446678592 ], [ 11.255229734107724, 43.773763465393223 ], [ 11.255204901919276, 43.773763955625398 ], [ 11.255203548843763, 43.773727968100872 ], [ 11.255178716669556, 43.773728458327042 ], [ 11.255176687083296, 43.77367447703886 ], [ 11.255151854930764, 43.773674967258707 ], [ 11.255149825372451, 43.773620985969011 ], [ 11.255124993241594, 43.773621476182562 ], [ 11.25512296371123, 43.773567494891374 ], [ 11.255098131602047, 43.773567985098602 ], [ 11.255096102099632, 43.773514003805907 ], [ 11.255071270012124, 43.773514494006832 ], [ 11.255069240537656, 43.773460512712624 ], [ 11.255044408471822, 43.773461002907247 ], [ 11.255042379025303, 43.773407021611526 ], [ 11.255017546981142, 43.773407511799839 ], [ 11.255014841090972, 43.773335536736766 ], [ 11.25499000907592, 43.773336026918457 ], [ 11.254987303225521, 43.773264051853104 ], [ 11.255210791070782, 43.773259640034809 ], [ 11.255210114542846, 43.77324164627106 ], [ 11.255408770303166, 43.773237724290674 ], [ 11.255408093716387, 43.773219730529306 ], [ 11.255581917421686, 43.773216298515599 ], [ 11.255581240783499, 43.773198304756313 ], [ 11.255680568571554, 43.773196343488252 ], [ 11.255683275247012, 43.773268318520095 ], [ 11.255708107222192, 43.773267828188388 ], [ 11.255710813937423, 43.773339803217965 ], [ 11.255735645941714, 43.773339312879628 ], [ 11.25573767600703, 43.77339329415021 ], [ 11.255762508032989, 43.77339280380555 ], [ 11.255765214825267, 43.773464778830871 ], [ 11.255790046880337, 43.773464288479609 ], [ 11.255792753712392, 43.773536263502642 ], [ 11.255817585796569, 43.773535773144765 ], [ 11.2558196159495, 43.773589754410445 ], [ 11.255844448055353, 43.773589264046265 ], [ 11.255847154964451, 43.773661239065021 ], [ 11.255871987099411, 43.773660748694226 ], [ 11.255874694048288, 43.773732723710722 ], [ 11.255899526212355, 43.773732233333298 ], [ 11.255902233201011, 43.773804208347528 ], [ 11.255927065394188, 43.773803717963496 ], [ 11.25592909566457, 43.773857699222553 ], [ 11.255953927879423, 43.773857208832219 ], [ 11.255956634945123, 43.773929183842156 ], [ 11.255981467189084, 43.7739286934452 ], [ 11.255984174294564, 43.774000668452871 ], [ 11.256009006567632, 43.774000178049306 ], [ 11.256011713712892, 43.774072153054725 ], [ 11.25603654601507, 43.774071662644531 ], [ 11.256039253200107, 43.774143637647676 ], [ 11.256064085531396, 43.774143147230873 ], [ 11.256066792756215, 43.774215122231752 ], [ 11.256091625116609, 43.77421463180832 ], [ 11.256093655564115, 43.774268613057373 ], [ 11.256118487946186, 43.774268122627653 ], [ 11.256121195248054, 43.77434009762424 ], [ 11.256146027659232, 43.774339607187898 ], [ 11.256147381328802, 43.774375594685189 ], [ 11.256122548902756, 43.774376085122142 ], [ 11.256123225731047, 43.774394078871012 ], [ 11.256073560862202, 43.774395059729358 ], [ 11.256074237676252, 43.774413053478753 ], [ 11.256099070118424, 43.774412563051968 ], [ 11.256101100586648, 43.774466544298868 ], [ 11.256125933050493, 43.774466053865766 ], [ 11.256127286713982, 43.774502041362759 ], [ 11.25615211919207, 43.774501550923659 ], [ 11.256153472872937, 43.774537538419779 ], [ 11.256178305365264, 43.774537047974668 ], [ 11.256178982214074, 43.774555041722337 ], [ 11.256129317213924, 43.774556022607761 ], [ 11.256129994048493, 43.77457401635597 ], [ 11.256055496521254, 43.774575487644597 ], [ 11.256056173334148, 43.774593481393659 ], [ 11.256006508297983, 43.774594462226396 ], [ 11.256007185096635, 43.774612455976005 ], [ 11.25595752004309, 43.774613436787789 ], [ 11.255958196827502, 43.774631430537937 ], [ 11.255908531756576, 43.774632411328788 ], [ 11.255909208526747, 43.774650405079491 ], [ 11.255859543438442, 43.774651385849374 ], [ 11.255860220194375, 43.774669379600624 ], [ 11.255785722534906, 43.77467085071595 ], [ 11.255786399269162, 43.774688844468038 ], [ 11.255736734144843, 43.774689825185249 ], [ 11.255737410864857, 43.774707818937898 ], [ 11.255687745723158, 43.774708799634148 ], [ 11.255688422428934, 43.77472679338733 ], [ 11.255638757269855, 43.774727774062633 ], [ 11.255639433961388, 43.774745767816377 ], [ 11.255614601373471, 43.774746258146251 ] ] ] } },
{ "type": "Feature", "properties": { "height": 16.113151550292969 }, "geometry": { "type": "Polygon", "coordinates": [ [ [ 11.251624331975885, 43.773708536131771 ], [ 11.251623656512704, 43.773690542325042 ], [ 11.25159882429282, 43.773691031773083 ], [ 11.251598148837699, 43.773673037965985 ], [ 11.251573316624622, 43.773673527408327 ], [ 11.251572641177562, 43.773655533600859 ], [ 11.251547808971294, 43.773656023037518 ], [ 11.251547133532293, 43.773638029229673 ], [ 11.251522301332832, 43.77363851866064 ], [ 11.251521625901892, 43.773620524852412 ], [ 11.25149679370924, 43.77362101427768 ], [ 11.251496118286362, 43.773603020469096 ], [ 11.251471286100516, 43.773603509888659 ], [ 11.251470610685697, 43.773585516079713 ], [ 11.251420946326993, 43.773586494902048 ], [ 11.251420270927671, 43.77356850109242 ], [ 11.251395438754813, 43.7735689904952 ], [ 11.251394763363548, 43.773550996685202 ], [ 11.2513699311975, 43.773551486082283 ], [ 11.251369255814296, 43.773533492271909 ], [ 11.251344423655054, 43.773533981663299 ], [ 11.251343748279911, 43.773515987852548 ], [ 11.251318916127477, 43.773516477238246 ], [ 11.251318240760396, 43.773498483427133 ], [ 11.251293408614769, 43.773498972807126 ], [ 11.251292733255747, 43.773480978995643 ], [ 11.251267901116929, 43.773481468369937 ], [ 11.251267225765964, 43.773463474558078 ], [ 11.251242393633955, 43.773463963926687 ], [ 11.251241718291054, 43.773445970114452 ], [ 11.251216886165849, 43.773446459477377 ], [ 11.251215535496794, 43.773410471852102 ], [ 11.251190703385831, 43.773410961209009 ], [ 11.25118935273415, 43.773374973582875 ], [ 11.251288681114769, 43.773373016125362 ], [ 11.251288005760131, 43.773355022313417 ], [ 11.251486662431834, 43.773351107142062 ], [ 11.25148598701835, 43.773333113332498 ], [ 11.251734307727261, 43.773328218886206 ], [ 11.251733632240066, 43.773310225079634 ], [ 11.25190745664699, 43.773306798648605 ], [ 11.251906781108383, 43.773288804844107 ], [ 11.252105437476377, 43.773284888601935 ], [ 11.252104761878927, 43.773266894799832 ], [ 11.252253754084002, 43.773263957393617 ], [ 11.252253078442573, 43.773245963593268 ], [ 11.252277910467127, 43.773245474006998 ], [ 11.252279261765475, 43.77328146160702 ], [ 11.252304093804268, 43.773280972014753 ], [ 11.252306120778792, 43.773334953413382 ], [ 11.252281288717699, 43.773335443006552 ], [ 11.252281964369693, 43.773353436806275 ], [ 11.252257132300537, 43.773353926394371 ], [ 11.252257807945723, 43.773371920194329 ], [ 11.252208143790664, 43.77337289935496 ], [ 11.252208819421611, 43.773390893155458 ], [ 11.252183987335707, 43.773391382728001 ], [ 11.252184662959845, 43.773409376528747 ], [ 11.252159830865882, 43.773409866096195 ], [ 11.252160506483213, 43.773427859897168 ], [ 11.252110842278539, 43.77342883901651 ], [ 11.252111517881627, 43.773446832818053 ], [ 11.252086685770916, 43.773447322369947 ], [ 11.252087361367199, 43.773465316171716 ], [ 11.252062529248427, 43.773465805718516 ], [ 11.252063204837901, 43.77348379952052 ], [ 11.252013540583611, 43.773484778598579 ], [ 11.252014216158845, 43.77350277240113 ], [ 11.251989384023323, 43.773503261932376 ], [ 11.251990059591749, 43.773521255735176 ], [ 11.251965227448171, 43.773521745261334 ], [ 11.25196590300979, 43.773539739064368 ], [ 11.25194107085815, 43.773540228585453 ], [ 11.25194174641296, 43.773558222388729 ], [ 11.251892082092931, 43.773559201415317 ], [ 11.251892757633501, 43.77357719521914 ], [ 11.251867925465113, 43.773577684724657 ], [ 11.251868600998876, 43.773595678528721 ], [ 11.251843768822427, 43.773596168029144 ], [ 11.251844444349382, 43.77361416183345 ], [ 11.251794779979736, 43.773615140818741 ], [ 11.25179545549245, 43.773633134623601 ], [ 11.251770623299253, 43.773633624108463 ], [ 11.25177129880516, 43.773651617913565 ], [ 11.251746466603903, 43.773652107393339 ], [ 11.251747142103, 43.773670101198668 ], [ 11.251722309893683, 43.773670590673362 ], [ 11.251722985385975, 43.773688584478933 ], [ 11.251673320950591, 43.773689563412766 ], [ 11.251673996428641, 43.773707557218891 ], [ 11.251624331975885, 43.773708536131771 ] ] ] } },
{ "type": "Feature", "properties": { "height": 42.764884948730469 }, "geometry": { "type": "Polygon", "coordinates": [ [ [ 11.257295998022704, 43.77320044826979 ], [ 11.257295320870959, 43.7731824545317 ], [ 11.257270488958257, 43.773182945207502 ], [ 11.257269811814576, 43.773164951469042 ], [ 11.25724497990868, 43.77316544213916 ], [ 11.257244302773058, 43.77314744840033 ], [ 11.25721947087397, 43.773147939064735 ], [ 11.257216762367499, 43.773075964107541 ], [ 11.257489912895849, 43.773070566516019 ], [ 11.257492621729403, 43.773142541459734 ], [ 11.257467789836596, 43.773143032178048 ], [ 11.25746846703912, 43.773161025914121 ], [ 11.257443635138252, 43.773161516627361 ], [ 11.25744431233397, 43.773179510363676 ], [ 11.257419480425039, 43.773180001071815 ], [ 11.257420157613952, 43.773197994808363 ], [ 11.257295998022704, 43.77320044826979 ] ] ] } },
{ "type": "Feature", "properties": { "height": 43.537715911865234 }, "geometry": { "type": "Polygon", "coordinates": [ [ [ 11.257732813260381, 43.772921709182583 ], [ 11.25773213598425, 43.772903715449033 ], [ 11.25770730419436, 43.77290420621727 ], [ 11.257706626926293, 43.772886212483357 ], [ 11.257681795143208, 43.772886703245902 ], [ 11.257680440623822, 43.772850715777246 ], [ 11.257655608854977, 43.772851206533794 ], [ 11.257653577102912, 43.772797225329406 ], [ 11.257678408849456, 43.772796734573788 ], [ 11.257676377080742, 43.772742753369741 ], [ 11.257701208804358, 43.772742262609647 ], [ 11.257700531541941, 43.772724268875152 ], [ 11.257799858400386, 43.772722305782111 ], [ 11.257801212985314, 43.7727582932486 ], [ 11.257826044713223, 43.77275780246125 ], [ 11.25783078583229, 43.772883758589778 ], [ 11.257805954052346, 43.772884249379281 ], [ 11.257806631350151, 43.772902243111972 ], [ 11.257781799562146, 43.77290273389638 ], [ 11.257782476853142, 43.77292072762932 ], [ 11.257732813260381, 43.772921709182583 ] ] ] } },
{ "type": "Feature", "properties": { "height": 21.193073272705078 }, "geometry": { "type": "Polygon", "coordinates": [ [ [ 11.255352340675978, 43.773058767195423 ], [ 11.255351664110343, 43.77304077343279 ], [ 11.255326832223014, 43.773041263685073 ], [ 11.25532615566544, 43.773023269922071 ], [ 11.25530132378492, 43.773023760168634 ], [ 11.255300647235407, 43.773005766405262 ], [ 11.25527581536169, 43.773006256646134 ], [ 11.255275138820238, 43.772988262882393 ], [ 11.255250306953331, 43.772988753117573 ], [ 11.255249630419939, 43.772970759353463 ], [ 11.255224798559837, 43.772971249582938 ], [ 11.255224122034507, 43.772953255818464 ], [ 11.255199290181212, 43.772953746042241 ], [ 11.255197937147301, 43.772917758512463 ], [ 11.255173105308245, 43.772918248730242 ], [ 11.255170399277686, 43.772846273668684 ], [ 11.25524489470377, 43.772844803002847 ], [ 11.255244218175397, 43.772826809238204 ], [ 11.255269049975402, 43.772826319005794 ], [ 11.255268373440224, 43.772808325241392 ], [ 11.255293205232167, 43.772807835003888 ], [ 11.255292528690184, 43.772789841239742 ], [ 11.255317360474068, 43.772789350997158 ], [ 11.255316683925276, 43.772771357233239 ], [ 11.255341515701099, 43.772770866985567 ], [ 11.255340839145502, 43.77275287322189 ], [ 11.255539493270021, 43.772748951048882 ], [ 11.255540169885085, 43.772766944810108 ], [ 11.25556500165526, 43.772766454513913 ], [ 11.255565678278385, 43.772784448274763 ], [ 11.255590510055368, 43.772783957972877 ], [ 11.255591186686555, 43.772801951733349 ], [ 11.255616018470342, 43.772801461425757 ], [ 11.255616695109589, 43.772819455185882 ], [ 11.255641526900183, 43.772818964872592 ], [ 11.255646940096234, 43.772962914948643 ], [ 11.255622108246174, 43.772963405264392 ], [ 11.25562278489107, 43.772981399023905 ], [ 11.255597953032947, 43.772981889334552 ], [ 11.255598629671036, 43.772999883094315 ], [ 11.255573797804852, 43.773000373399874 ], [ 11.255574474436136, 43.773018367159864 ], [ 11.255549642561892, 43.77301885746035 ], [ 11.255550319186371, 43.773036851220596 ], [ 11.255525487304062, 43.77303734151598 ], [ 11.255526163921735, 43.773055335276474 ], [ 11.255352340675978, 43.773058767195423 ] ] ] } },
{ "type": "Feature", "properties": { "height": 20.728263854980469 }, "geometry": { "type": "Polygon", "coordinates": [ [ [ 11.254636273586701, 43.773180944959073 ], [ 11.25463559723288, 43.773162951187956 ], [ 11.254436941614326, 43.7731668718192 ], [ 11.254416653075461, 43.772627058582046 ], [ 11.254491148268089, 43.772625588413305 ], [ 11.254491824565926, 43.772643582187904 ], [ 11.254764973639039, 43.772638191150733 ], [ 11.254765650019271, 43.7726561849219 ], [ 11.254790481756858, 43.772655694794963 ], [ 11.25479251092362, 43.772709676107155 ], [ 11.25481734268288, 43.772709185973902 ], [ 11.254825459495585, 43.772925111213148 ], [ 11.254850291343425, 43.772924621070835 ], [ 11.254857731916196, 43.773122552528498 ], [ 11.254882563845179, 43.773122062377432 ], [ 11.254884593127775, 43.773176043681786 ], [ 11.254636273586701, 43.773180944959073 ] ] ] } },
{ "type": "Feature", "properties": { "height": 17.338348388671875 }, "geometry": { "type": "Polygon", "coordinates": [ [ [ 11.252861038269261, 43.772891840245698 ], [ 11.252850225308666, 43.772603939533745 ], [ 11.253098542767496, 43.772599042187885 ], [ 11.253109356917477, 43.772886942850903 ], [ 11.252861038269261, 43.772891840245698 ] ] ] } },
{ "type": "Feature", "properties": { "height": 17.205284118652344 }, "geometry": { "type": "Polygon", "coordinates": [ [ [ 11.253691982687261, 43.773181571113646 ], [ 11.253691306616551, 43.773163577330834 ], [ 11.25339332297691, 43.773169455686478 ], [ 11.253392646996033, 43.773151461899928 ], [ 11.253218823216589, 43.773154890580095 ], [ 11.253212063962666, 43.772974952689687 ], [ 11.253534878562224, 43.772968584970336 ], [ 11.253533526525686, 43.772932597399425 ], [ 11.253608022142858, 43.772931127798188 ], [ 11.253603289878614, 43.77280517130437 ], [ 11.253429467127351, 43.772808600283469 ], [ 11.253430143111185, 43.772826594070629 ], [ 11.253380479447456, 43.772827573731043 ], [ 11.253384535274414, 43.772935536456352 ], [ 11.253235544000571, 43.772938475319208 ], [ 11.253231488441228, 43.772830512582892 ], [ 11.253256320277167, 43.77283002278773 ], [ 11.25324956098741, 43.772650084891687 ], [ 11.253274392748386, 43.772649595094187 ], [ 11.253273040883089, 43.77261360751482 ], [ 11.253397199604226, 43.772611158449521 ], [ 11.253396523635349, 43.772593164661266 ], [ 11.253843494767857, 43.772584346915885 ], [ 11.253842818665802, 43.772566353133065 ], [ 11.253917313812503, 43.772564883339946 ], [ 11.253917989936856, 43.772582877121849 ], [ 11.254265633984232, 43.772576017441537 ], [ 11.25426901513576, 43.772665986328626 ], [ 11.254293846885894, 43.772665496309507 ], [ 11.254300609310324, 43.772845434075741 ], [ 11.254325441134167, 43.77284494404816 ], [ 11.25432949866353, 43.772952906702933 ], [ 11.254354330531349, 43.77295241666814 ], [ 11.254359740665095, 43.773096366868401 ], [ 11.254384572591757, 43.773095876825757 ], [ 11.254387277703417, 43.773167851923098 ], [ 11.253691982687261, 43.773181571113646 ] ] ] } },
{ "type": "Feature", "properties": { "height": 16.19329833984375 }, "geometry": { "type": "Polygon", "coordinates": [ [ [ 11.252639578679538, 43.772950228829998 ], [ 11.252638902929823, 43.77293223503343 ], [ 11.252614071041046, 43.772932724695359 ], [ 11.252613395299393, 43.772914730898428 ], [ 11.252588563417422, 43.772915220554658 ], [ 11.252587211950862, 43.77287923295998 ], [ 11.252562380083132, 43.772879722610206 ], [ 11.252561028633947, 43.772843735014661 ], [ 11.252536196780458, 43.772844224658883 ], [ 11.252532142492541, 43.772736261868836 ], [ 11.252507310683027, 43.772736751505839 ], [ 11.252502580761007, 43.772610794912339 ], [ 11.252775730058795, 43.772605408632394 ], [ 11.252775054276388, 43.77258741483643 ], [ 11.25282471776206, 43.77258643544333 ], [ 11.252828772555118, 43.772694398214497 ], [ 11.252803940767992, 43.77269488791557 ], [ 11.252813401935468, 43.772946801043432 ], [ 11.252639578679538, 43.772950228829998 ] ] ] } },
{ "type": "Feature", "properties": { "height": 44.893142700195312 }, "geometry": { "type": "Polygon", "coordinates": [ [ [ 11.257018784456267, 43.773097882960798 ], [ 11.257017430324483, 43.773061895477042 ], [ 11.256992598456911, 43.773062386091389 ], [ 11.256991244342506, 43.773026398606774 ], [ 11.25701607619521, 43.773025907993024 ], [ 11.257014722068449, 43.772989920508735 ], [ 11.257064385742238, 43.772988939266298 ], [ 11.257063708664932, 43.772970945524669 ], [ 11.257038876835786, 43.772971436148282 ], [ 11.257037522697924, 43.772935448664221 ], [ 11.256938195434525, 43.772937411102312 ], [ 11.256938872473407, 43.772955404845597 ], [ 11.256193917454688, 43.772970120391214 ], [ 11.256194594271188, 43.772988114143637 ], [ 11.25599593944464, 43.772992037472186 ], [ 11.255988495151833, 43.772794106165122 ], [ 11.256410635220133, 43.772785768736803 ], [ 11.256409958343635, 43.772767774986434 ], [ 11.257005920305726, 43.77275600185456 ], [ 11.257004566197804, 43.772720014368325 ], [ 11.257029397923509, 43.772719523754382 ], [ 11.257028720863055, 43.772701530011474 ], [ 11.256979057425886, 43.772702511233334 ], [ 11.256977703336595, 43.772666523746089 ], [ 11.256952871631936, 43.772667014348322 ], [ 11.256951517560026, 43.772631026860203 ], [ 11.25697634924982, 43.772630536258582 ], [ 11.256974995165555, 43.772594548770819 ], [ 11.257099153530765, 43.772592095684935 ], [ 11.257100507689366, 43.772628083169636 ], [ 11.25712533937539, 43.77262759253567 ], [ 11.257124662288343, 43.772609598793657 ], [ 11.257174325643643, 43.772608617510173 ], [ 11.257173648542356, 43.772590623768714 ], [ 11.257198480211631, 43.772590133119195 ], [ 11.257195094677447, 43.772500164412428 ], [ 11.257219926308926, 43.772499673759036 ], [ 11.257219249196542, 43.772481680017805 ], [ 11.257393070547275, 43.772478245295353 ], [ 11.257393747711696, 43.772496239034453 ], [ 11.25741857933815, 43.772495748337946 ], [ 11.257419256510632, 43.772513742076669 ], [ 11.257444088143892, 43.772513251374463 ], [ 11.257446796869832, 43.772585226327493 ], [ 11.257421965206838, 43.772585717030928 ], [ 11.25742264238246, 43.772603710769317 ], [ 11.257472305722688, 43.772602729356471 ], [ 11.257472982913804, 43.772620723094185 ], [ 11.257497814590408, 43.772620232379353 ], [ 11.257497137391859, 43.772602238641952 ], [ 11.257521969060402, 43.772601747922046 ], [ 11.257521291855047, 43.772583754184872 ], [ 11.257546123515528, 43.772583263459879 ], [ 11.257545446303368, 43.772565269722939 ], [ 11.257619941258742, 43.772563797516547 ], [ 11.257620618493206, 43.77258179125257 ], [ 11.257645450151175, 43.772581300506019 ], [ 11.257646127393699, 43.772599294241658 ], [ 11.257670959058473, 43.772598803489409 ], [ 11.257672313560272, 43.772634790959884 ], [ 11.25764748188063, 43.772635281712738 ], [ 11.257648836370073, 43.772671269183576 ], [ 11.257574341282778, 43.772672741411661 ], [ 11.25757501850614, 43.772690735147897 ], [ 11.257599850209967, 43.772690244410278 ], [ 11.257601204673447, 43.77272623188194 ], [ 11.257626036391512, 43.772725741138331 ], [ 11.257632808820924, 43.772905678489643 ], [ 11.257607977028522, 43.772906169236329 ], [ 11.257609331507075, 43.772942156706428 ], [ 11.257584499699178, 43.772942647448332 ], [ 11.257585176931963, 43.77296064118358 ], [ 11.257634840561996, 43.772959659693775 ], [ 11.257635517810277, 43.772977653428363 ], [ 11.257685181452663, 43.772976671916375 ], [ 11.257687890511535, 43.773048646851585 ], [ 11.257663058660921, 43.773049137611487 ], [ 11.257663735919774, 43.773067131345435 ], [ 11.257564408481299, 43.773069094332392 ], [ 11.25756373125218, 43.773051100597229 ], [ 11.257538899398424, 43.773051591330187 ], [ 11.257536867737135, 43.772997610123376 ], [ 11.257512035905052, 43.772998100850018 ], [ 11.257512713117421, 43.773016094585991 ], [ 11.257487881277276, 43.773016585307552 ], [ 11.257488558482839, 43.773034579043767 ], [ 11.2574388947858, 43.773035560471335 ], [ 11.257439571977121, 43.773053554208111 ], [ 11.257191253379903, 43.773058461025563 ], [ 11.257190576262916, 43.773040467285732 ], [ 11.257165744407173, 43.773040957937518 ], [ 11.257167098626907, 43.773076945417735 ], [ 11.257142266755668, 43.773077436064746 ], [ 11.257142943859044, 43.773095429805061 ], [ 11.257018784456267, 43.773097882960798 ] ] ] } },
{ "type": "Feature", "properties": { "height": 17.081405639648438 }, "geometry": { "type": "Polygon", "coordinates": [ [ [ 11.252573191766869, 43.773167623365211 ], [ 11.252572516031936, 43.773149629568515 ], [ 11.252547684052074, 43.773150119217931 ], [ 11.2525470083252, 43.773132125420872 ], [ 11.252522176352143, 43.773132615064597 ], [ 11.25252150063333, 43.773114621267155 ], [ 11.252496668667083, 43.773115110905188 ], [ 11.25249599295633, 43.773097117107376 ], [ 11.252471160996889, 43.773097606739711 ], [ 11.252470485294197, 43.77307961294153 ], [ 11.252445653341562, 43.773080102568159 ], [ 11.252444977646931, 43.773062108769615 ], [ 11.252420145701103, 43.773062598390553 ], [ 11.252419470014534, 43.773044604591632 ], [ 11.252394638075513, 43.773045094206864 ], [ 11.252393962397003, 43.773027100407582 ], [ 11.252369130464789, 43.773027590017122 ], [ 11.25236845479434, 43.773009596217463 ], [ 11.252343622868933, 43.773010085821312 ], [ 11.252342947206545, 43.772992092021276 ], [ 11.252318115287945, 43.772992581619441 ], [ 11.252317439633616, 43.772974587819029 ], [ 11.252292607721825, 43.772975077411488 ], [ 11.252291932075556, 43.772957083610699 ], [ 11.252267100170572, 43.772957573197466 ], [ 11.252266424532362, 43.772939579396315 ], [ 11.252241592634185, 43.772940068977377 ], [ 11.252240917004036, 43.772922075175856 ], [ 11.252216085112668, 43.772922564751227 ], [ 11.25221540949058, 43.772904570949336 ], [ 11.252190577606017, 43.772905060519008 ], [ 11.252189901991988, 43.772887066716748 ], [ 11.252165070114234, 43.772887556280722 ], [ 11.252164394508267, 43.772869562478085 ], [ 11.252139562637316, 43.772870052036367 ], [ 11.252138887039411, 43.772852058233369 ], [ 11.252114055175269, 43.772852547785945 ], [ 11.252113379585422, 43.772834553982577 ], [ 11.252088547728089, 43.772835043529462 ], [ 11.252087872146301, 43.77281704972571 ], [ 11.252063040295774, 43.77281753926691 ], [ 11.252062364722049, 43.772799545462789 ], [ 11.25203753287833, 43.772800034998276 ], [ 11.252036857312662, 43.772782041193793 ], [ 11.25201202547575, 43.772782530723596 ], [ 11.252011349918144, 43.772764536918729 ], [ 11.251986518088039, 43.772765026442833 ], [ 11.251985842538494, 43.772747032637596 ], [ 11.251961010715194, 43.77274752215601 ], [ 11.25196033517371, 43.772729528350403 ], [ 11.251935503357217, 43.772730017863111 ], [ 11.251934827823794, 43.772712024057149 ], [ 11.251909996014108, 43.772712513564151 ], [ 11.251909320488744, 43.772694519757813 ], [ 11.251884488685867, 43.772695009259131 ], [ 11.251883813168563, 43.772677015452409 ], [ 11.251858981372493, 43.772677504948028 ], [ 11.251858305863248, 43.772659511140951 ], [ 11.251883137651886, 43.772659021645623 ], [ 11.251882462135834, 43.772641027838787 ], [ 11.251907293916409, 43.772640538338379 ], [ 11.251906618393551, 43.772622544531778 ], [ 11.251956281937957, 43.772621565515415 ], [ 11.251955606400857, 43.772603571709375 ], [ 11.25200526992789, 43.772602592672058 ], [ 11.252004594376551, 43.772584598866537 ], [ 11.252029426131694, 43.772584109340109 ], [ 11.252030101690467, 43.772602103145317 ], [ 11.252079765213741, 43.772601124075656 ], [ 11.2520790896401, 43.772583130271066 ], [ 11.252178416649395, 43.7725811720683 ], [ 11.252177741046646, 43.772563178264861 ], [ 11.252301899756995, 43.772560730391625 ], [ 11.252302575396913, 43.772578724193536 ], [ 11.252327407144536, 43.772578234602413 ], [ 11.252328082792513, 43.772596228403948 ], [ 11.252377746300748, 43.772595249204919 ], [ 11.25237977329304, 43.772649230607307 ], [ 11.252404605068518, 43.772648740998775 ], [ 11.252405280741302, 43.772666734799138 ], [ 11.252430112523587, 43.772666245184929 ], [ 11.252430788204432, 43.77268423898493 ], [ 11.252480451781992, 43.772683259739715 ], [ 11.252483154571108, 43.772755234936561 ], [ 11.252507986388679, 43.772754745304645 ], [ 11.252512716345793, 43.772880701894501 ], [ 11.252537548214775, 43.772880212255046 ], [ 11.252538223932875, 43.772898206053036 ], [ 11.252563055808666, 43.772897716407883 ], [ 11.252563731534826, 43.772915710205503 ], [ 11.252588563417422, 43.772915220554658 ], [ 11.252589239151643, 43.772933214351902 ], [ 11.252614071041046, 43.772932724695359 ], [ 11.252614746783328, 43.772950718492233 ], [ 11.252639578679538, 43.772950228829998 ], [ 11.252640254429881, 43.772968222626496 ], [ 11.253012732909342, 43.772960877041548 ], [ 11.253018139826688, 43.773104827374489 ], [ 11.253042971779776, 43.773104337623245 ], [ 11.253044999406423, 43.773158318996117 ], [ 11.252573191766869, 43.773167623365211 ] ] ] } },
{ "type": "Feature", "properties": { "height": 16.13726806640625 }, "geometry": { "type": "Polygon", "coordinates": [ [ [ 11.251188002084973, 43.773338985956478 ], [ 11.251184625472991, 43.773249016889345 ], [ 11.251209457517048, 43.773248527535188 ], [ 11.251206080883554, 43.773158558467969 ], [ 11.251230912889817, 43.773158069109954 ], [ 11.251230237557563, 43.77314007529661 ], [ 11.251255069555764, 43.773139585933514 ], [ 11.251254394216703, 43.773121592120411 ], [ 11.251279226206844, 43.773121102752228 ], [ 11.251278550860976, 43.773103108939374 ], [ 11.251353046805338, 43.773101640803382 ], [ 11.251354397542304, 43.7731376284272 ], [ 11.251453725518823, 43.773135670834627 ], [ 11.251453050120292, 43.773117677023976 ], [ 11.251477882105421, 43.773117187612669 ], [ 11.251477206700082, 43.773099193802253 ], [ 11.251526870653596, 43.773098214964065 ], [ 11.251526195234014, 43.773080221154196 ], [ 11.251551027202398, 43.773079731727336 ], [ 11.251550351776011, 43.7730617379177 ], [ 11.251600015696029, 43.773060759048391 ], [ 11.251599340255401, 43.773042765239317 ], [ 11.251574508303138, 43.773043254676359 ], [ 11.251573157438628, 43.773007267057409 ], [ 11.251548325500606, 43.773007756488447 ], [ 11.251549000925115, 43.773025750298267 ], [ 11.251524168979033, 43.773026239724217 ], [ 11.251523493561958, 43.773008245914092 ], [ 11.251498661622685, 43.773008735334358 ], [ 11.251497986213669, 43.772990741523856 ], [ 11.251473154281204, 43.77299123093843 ], [ 11.251471803479921, 43.77295524331663 ], [ 11.251446971561695, 43.772955732725187 ], [ 11.251446296169428, 43.772937738913882 ], [ 11.251421464258009, 43.77293822831674 ], [ 11.251420113490219, 43.772902240693341 ], [ 11.251444945386771, 43.77290175129108 ], [ 11.251444269996382, 43.772883757479583 ], [ 11.251419438107266, 43.772884246881539 ], [ 11.251418762724937, 43.772866253069679 ], [ 11.251393930842628, 43.772866742465922 ], [ 11.251392580094718, 43.77283075484138 ], [ 11.251367748226649, 43.772831244231632 ], [ 11.251366397496113, 43.772795256606216 ], [ 11.251341565642283, 43.772795745990457 ], [ 11.251340214929121, 43.772759758364167 ], [ 11.251240887567018, 43.772761715844815 ], [ 11.251241562893552, 43.772779709659211 ], [ 11.251167067343095, 43.772781177714009 ], [ 11.251167742647956, 43.772799171529272 ], [ 11.251068415208845, 43.772801128861417 ], [ 11.251069090484595, 43.772819122677831 ], [ 11.250994594876387, 43.772820590621251 ], [ 11.250995270130462, 43.772838584438517 ], [ 11.250895942614346, 43.772840541622166 ], [ 11.250896617839313, 43.772858535440584 ], [ 11.250871785951285, 43.772859024723331 ], [ 11.250868409869879, 43.772769055629063 ], [ 11.250893241720739, 43.772768566347843 ], [ 11.250883788672024, 43.772516652879517 ], [ 11.250908620418187, 43.772516163597203 ], [ 11.250907945197683, 43.772498169777847 ], [ 11.250932776935787, 43.772497680490432 ], [ 11.250933452163721, 43.772515674309467 ], [ 11.251007947396573, 43.772514206413973 ], [ 11.251010648403781, 43.772586181685838 ], [ 11.251035480176547, 43.772585692375323 ], [ 11.251040882280495, 43.772729642913468 ], [ 11.251115377773443, 43.77272817494228 ], [ 11.251114702485957, 43.772710181126165 ], [ 11.251214029771383, 43.772708223756993 ], [ 11.251213354454785, 43.772690229942022 ], [ 11.251238186267143, 43.772689740586557 ], [ 11.251234134336125, 43.772581777697233 ], [ 11.251209302568368, 43.772582267050858 ], [ 11.251205926013579, 43.772492297973102 ], [ 11.251677728787621, 43.77248299936138 ], [ 11.251678404238566, 43.772500993171256 ], [ 11.251703235964685, 43.772500503716429 ], [ 11.251705262343577, 43.772554485144745 ], [ 11.25173009409137, 43.772553995683616 ], [ 11.251732120498199, 43.772607977110425 ], [ 11.251756952267668, 43.772607487642986 ], [ 11.251759654181948, 43.772679462876603 ], [ 11.251734822382744, 43.772679952345271 ], [ 11.251735497855446, 43.772697946153819 ], [ 11.251809993273477, 43.772696477730733 ], [ 11.251810668769107, 43.772714471538301 ], [ 11.251835500581297, 43.772713982052849 ], [ 11.251836176084987, 43.772731975860047 ], [ 11.251861007903983, 43.77273148636889 ], [ 11.251861683415735, 43.772749480175719 ], [ 11.251886515241541, 43.77274899067887 ], [ 11.25188719076135, 43.772766984485322 ], [ 11.251936854425947, 43.772766005474857 ], [ 11.25193752996125, 43.772783999280641 ], [ 11.251962361800045, 43.772783509767017 ], [ 11.251963037343408, 43.772801503572424 ], [ 11.251987869189009, 43.772801014053094 ], [ 11.251988544740433, 43.772819007858125 ], [ 11.25201337659284, 43.772818518333118 ], [ 11.252014052152324, 43.772836512137779 ], [ 11.252038884011538, 43.772836022607066 ], [ 11.252039559579083, 43.772854016411358 ], [ 11.252064391445105, 43.772853526874947 ], [ 11.252065067020711, 43.772871520678862 ], [ 11.252089898893539, 43.772871031136759 ], [ 11.252090574477206, 43.772889024940312 ], [ 11.252115406356841, 43.772888535392504 ], [ 11.252116081948568, 43.77290652919568 ], [ 11.25214091383501, 43.77290603964218 ], [ 11.252141589434798, 43.772924033444994 ], [ 11.252166421328045, 43.772923543885788 ], [ 11.252167096935892, 43.772941537688226 ], [ 11.25219192883595, 43.772941048123336 ], [ 11.252192604451857, 43.772959041925404 ], [ 11.252217436358722, 43.772958552354815 ], [ 11.252218111982689, 43.772976546156514 ], [ 11.252242943896363, 43.772976056580227 ], [ 11.252243619528389, 43.772994050381548 ], [ 11.252268451448868, 43.77299356079957 ], [ 11.252269127088956, 43.773011554600522 ], [ 11.252293959016242, 43.773011065012845 ], [ 11.252294634664391, 43.773029058813421 ], [ 11.252319466598482, 43.773028569220052 ], [ 11.252320817911528, 43.773064556820408 ], [ 11.252345649859862, 43.773064067221036 ], [ 11.252346325524757, 43.773082061020808 ], [ 11.252371157479898, 43.77308157141573 ], [ 11.252371833152855, 43.773099565215134 ], [ 11.252396665114805, 43.773099075604371 ], [ 11.252397340795822, 43.773117069403405 ], [ 11.252422172764577, 43.773116579786929 ], [ 11.252423524143358, 43.773152567384187 ], [ 11.252448356126354, 43.773152077761736 ], [ 11.25244970752251, 43.773188065358113 ], [ 11.252275883524302, 43.773191492606472 ], [ 11.252276559171284, 43.773209486406714 ], [ 11.252102735090332, 43.773212913393067 ], [ 11.252103410685905, 43.773230907195376 ], [ 11.251929586522214, 43.773234333919739 ], [ 11.251930262066375, 43.77325232772413 ], [ 11.251781269857032, 43.773255264708034 ], [ 11.251781945357216, 43.77327325851418 ], [ 11.251682617175389, 43.773275216396847 ], [ 11.251681941704939, 43.773257222589464 ], [ 11.25165710966535, 43.773257712046352 ], [ 11.251658460592004, 43.773293699661664 ], [ 11.251484636193267, 43.773297125713185 ], [ 11.251485311605494, 43.77331511952287 ], [ 11.251311487124024, 43.773318545312407 ], [ 11.251312162484842, 43.773336539124166 ], [ 11.251188002084973, 43.773338985956478 ] ] ] } },
{ "type": "Feature", "properties": { "height": 13.817459106445312 }, "geometry": { "type": "Polygon", "coordinates": [ [ [ 11.259876305837402, 43.774409930303939 ], [ 11.259875627883403, 43.774391936601695 ], [ 11.259850795514426, 43.774392427848824 ], [ 11.25985011756849, 43.774374434146203 ], [ 11.259800452843514, 43.77437541662367 ], [ 11.259799774913077, 43.774357422920382 ], [ 11.259774942557078, 43.774357914150713 ], [ 11.259774264634705, 43.774339920447048 ], [ 11.259724599935691, 43.774340902890948 ], [ 11.259723922028815, 43.774322909186601 ], [ 11.2596990896858, 43.774323400400156 ], [ 11.259698411786987, 43.77430540669544 ], [ 11.259648747113937, 43.77430638910576 ], [ 11.25964806923062, 43.774288395400362 ], [ 11.259623236900586, 43.774288886597141 ], [ 11.259622559025333, 43.774270892891359 ], [ 11.259572894378248, 43.77427187526812 ], [ 11.259572216518491, 43.77425388156167 ], [ 11.259547384201436, 43.774254372741645 ], [ 11.259546706349743, 43.774236379034825 ], [ 11.259497041728624, 43.774237361377999 ], [ 11.259496363892426, 43.774219367670504 ], [ 11.259446699283657, 43.774220349991509 ], [ 11.259446021462958, 43.774202356283332 ], [ 11.259396356866542, 43.774203338582154 ], [ 11.25939567906134, 43.774185344873302 ], [ 11.259370846769624, 43.774185836014325 ], [ 11.259370168972485, 43.77416784230509 ], [ 11.259320504402034, 43.774168824570346 ], [ 11.25931982662039, 43.774150830860428 ], [ 11.259270162062295, 43.774151813103508 ], [ 11.259269484296146, 43.774133819392922 ], [ 11.259070826098093, 43.774137748147147 ], [ 11.259071503804767, 43.774155741860191 ], [ 11.258773516343052, 43.774161634348303 ], [ 11.258772838725587, 43.774143640631571 ], [ 11.258748006440459, 43.774144131636909 ], [ 11.258747328831056, 43.774126137919815 ], [ 11.258722496552735, 43.774126628919454 ], [ 11.258721818951393, 43.774108635201983 ], [ 11.258696986679878, 43.77410912619591 ], [ 11.2586963090866, 43.774091132478084 ], [ 11.25867147682189, 43.774091623466319 ], [ 11.258670799236675, 43.774073629748116 ], [ 11.258645966978769, 43.774074120730646 ], [ 11.258645289401617, 43.774056127012066 ], [ 11.258620457150517, 43.774056617988911 ], [ 11.258619102012965, 43.774020630550943 ], [ 11.258594269776104, 43.774021121521777 ], [ 11.258593592215705, 43.774003127802395 ], [ 11.25856875998565, 43.774003618767523 ], [ 11.258568082433314, 43.773985625047771 ], [ 11.258543250210066, 43.773986116007215 ], [ 11.258542572665789, 43.773968122287073 ], [ 11.258517740449347, 43.773968613240832 ], [ 11.258517062913134, 43.773950619520321 ], [ 11.258492230703498, 43.773951110468374 ], [ 11.258490875647826, 43.773915123026555 ], [ 11.25846604345243, 43.773915613968605 ], [ 11.25846536593297, 43.77389762024729 ], [ 11.258440533744379, 43.773898111183627 ], [ 11.258439856232981, 43.773880117461957 ], [ 11.258415024051194, 43.773880608392602 ], [ 11.258414346547861, 43.773862614670556 ], [ 11.258389514372881, 43.773863105595495 ], [ 11.258388836877607, 43.773845111873072 ], [ 11.258364004709433, 43.773845602792328 ], [ 11.258362649735641, 43.773809615346671 ], [ 11.258337817581705, 43.773810106259916 ], [ 11.258337140103187, 43.773792112536682 ], [ 11.258386804395561, 43.773791130705398 ], [ 11.258386126902801, 43.773773136982719 ], [ 11.258410959040614, 43.773772646059292 ], [ 11.258410281541048, 43.773754652336841 ], [ 11.258435113670798, 43.773754161408348 ], [ 11.258434436164427, 43.773736167686138 ], [ 11.258459268286114, 43.773735676752558 ], [ 11.258458590772937, 43.77371768303059 ], [ 11.258483422886561, 43.773717192091915 ], [ 11.25848274536658, 43.773699198370196 ], [ 11.258532409577073, 43.7736982164773 ], [ 11.258531732042854, 43.77368022275612 ], [ 11.258556564139726, 43.773679731801884 ], [ 11.2585558865987, 43.773661738080961 ], [ 11.258580718687508, 43.773661247121645 ], [ 11.258580041139675, 43.773643253400948 ], [ 11.25860487322042, 43.773642762436552 ], [ 11.258604195665784, 43.773624768716104 ], [ 11.258653859810524, 43.773623786771743 ], [ 11.258653182241648, 43.773605793051843 ], [ 11.258678014305639, 43.773605302071886 ], [ 11.258677336729958, 43.773587308352226 ], [ 11.25870216878589, 43.773586817367189 ], [ 11.258701491203402, 43.773568823647764 ], [ 11.258751155298512, 43.773567841662121 ], [ 11.258750477701785, 43.773549847943244 ], [ 11.258775309740962, 43.773549356942638 ], [ 11.258774632137429, 43.773531363224009 ], [ 11.258799464168547, 43.773530872218323 ], [ 11.258798786558208, 43.773512878499943 ], [ 11.258848450603686, 43.773511896473011 ], [ 11.258847772979109, 43.77349390275517 ], [ 11.258872604993472, 43.773493411733924 ], [ 11.25887192736209, 43.773475418016332 ], [ 11.258896759368392, 43.773474926990005 ], [ 11.258896081730203, 43.773456933272634 ], [ 11.258920913728442, 43.773456442241233 ], [ 11.258920236083448, 43.773438448524111 ], [ 11.258969900063173, 43.773437466445721 ], [ 11.258969222403939, 43.773419472729159 ], [ 11.258994054385424, 43.773418981682191 ], [ 11.258993376719387, 43.773400987965857 ], [ 11.25901820869281, 43.773400496913801 ], [ 11.259017531019968, 43.773382503197716 ], [ 11.259042362985328, 43.773382012140573 ], [ 11.259041685305679, 43.773364018424729 ], [ 11.259066517262976, 43.773363527362505 ], [ 11.259065839576525, 43.773345533646904 ], [ 11.259115503474369, 43.773344551506902 ], [ 11.259114825773676, 43.77332655779184 ], [ 11.25913965771422, 43.773326066714056 ], [ 11.259138980006723, 43.773308072999249 ], [ 11.259163811939205, 43.773307581916384 ], [ 11.259163134224904, 43.773289588201798 ], [ 11.259187966149325, 43.77328909711386 ], [ 11.259187288428217, 43.773271103399523 ], [ 11.259236952260304, 43.773270121208064 ], [ 11.259236274524957, 43.773252127494288 ], [ 11.259261106432625, 43.773251636390775 ], [ 11.259260428690473, 43.773233642677226 ], [ 11.259285260590078, 43.773233151568647 ], [ 11.25928458284112, 43.77321515785534 ], [ 11.259309414732664, 43.773214666741666 ], [ 11.259308736976902, 43.773196673028608 ], [ 11.259358400743233, 43.773195690785698 ], [ 11.259357722973233, 43.773177697073187 ], [ 11.259382554848022, 43.773177205943945 ], [ 11.259381877071217, 43.773159212231675 ], [ 11.259406708937943, 43.77315872109736 ], [ 11.259406031154333, 43.773140727385332 ], [ 11.259430863012998, 43.773140236245929 ], [ 11.25943018522258, 43.773122242534143 ], [ 11.259479848923158, 43.773121260239776 ], [ 11.259479171118503, 43.773103266528537 ], [ 11.259504002960414, 43.773102775373566 ], [ 11.259503325148954, 43.773084781662561 ], [ 11.259528156982803, 43.773084290502517 ], [ 11.259527479164539, 43.773066296791768 ], [ 11.259552310990324, 43.773065805626636 ], [ 11.259551633165255, 43.773047811916122 ], [ 11.259601296800076, 43.773046829570305 ], [ 11.259600618960768, 43.773028835860352 ], [ 11.259625450769802, 43.773028344679645 ], [ 11.259624772923688, 43.773010350969919 ], [ 11.259649604724659, 43.773009859784153 ], [ 11.259648926871742, 43.772991866074669 ], [ 11.259698590456932, 43.772990883687562 ], [ 11.259697912589774, 43.772972889978632 ], [ 11.259747576157581, 43.772971907570586 ], [ 11.259748254039605, 43.772989901278898 ], [ 11.25977308583, 43.772989410066479 ], [ 11.259773763720087, 43.773007403774429 ], [ 11.259798595517287, 43.773006912556312 ], [ 11.259799273415435, 43.773024906263885 ], [ 11.259824105219439, 43.773024415040084 ], [ 11.259824783125651, 43.77304240874728 ], [ 11.25984961493646, 43.773041917517773 ], [ 11.259850970765637, 43.77307790493137 ], [ 11.259900634415102, 43.773076922454941 ], [ 11.259899956485333, 43.773058928748789 ], [ 11.259949620117416, 43.773057946251427 ], [ 11.259948942173409, 43.773039952545815 ], [ 11.259973773981073, 43.773039461289358 ], [ 11.259973096030262, 43.773021467583995 ], [ 11.259997927829865, 43.773020976322442 ], [ 11.259997249872246, 43.773002982617321 ], [ 11.260022081663788, 43.773002491350681 ], [ 11.260021403699364, 43.772984497645808 ], [ 11.260046235482843, 43.772984006374088 ], [ 11.260045557511615, 43.772966012669443 ], [ 11.260095221061817, 43.772965030110448 ], [ 11.260094543076352, 43.772947036406372 ], [ 11.260119374843077, 43.772946545119098 ], [ 11.260118696850807, 43.772928551415241 ], [ 11.260143528609468, 43.772928060122879 ], [ 11.260142850610391, 43.772910066419271 ], [ 11.260167682360992, 43.77290957512183 ], [ 11.260167004355113, 43.77289158141847 ], [ 11.260191836097651, 43.772891090115941 ], [ 11.260191158084965, 43.772873096412816 ], [ 11.260240821553285, 43.772872113792204 ], [ 11.260240143526364, 43.772854120089619 ], [ 11.260264975252147, 43.772853628771543 ], [ 11.260264297218418, 43.772835635069207 ], [ 11.26028912893614, 43.772835143746036 ], [ 11.260288450895608, 43.772817150043949 ], [ 11.260313282605265, 43.772816658715698 ], [ 11.26031260455793, 43.772798665013831 ], [ 11.260337436259526, 43.772798173680499 ], [ 11.260336758205383, 43.772780179978895 ], [ 11.260361589898919, 43.772779688640469 ], [ 11.260360911837971, 43.772761694939099 ], [ 11.260410575208287, 43.772760712246715 ], [ 11.260409897133101, 43.772742718545885 ], [ 11.260434728809884, 43.772742227191905 ], [ 11.260434050727893, 43.772724233491331 ], [ 11.260458882396609, 43.772723742132271 ], [ 11.260457526219652, 43.772687754731528 ], [ 11.2604326945658, 43.772688246089977 ], [ 11.260431338406223, 43.77265225868836 ], [ 11.260406506766611, 43.772652750040805 ], [ 11.260405828695198, 43.772634756339592 ], [ 11.260380997062388, 43.772635247686338 ], [ 11.260380318999038, 43.772617253984748 ], [ 11.260355487373035, 43.772617745325803 ], [ 11.260354809317748, 43.772599751623829 ], [ 11.260329977698548, 43.772600242959186 ], [ 11.260328621604726, 43.772564255554464 ], [ 11.26035345320906, 43.772563764219733 ], [ 11.26035277515566, 43.772545770517567 ], [ 11.260402438347572, 43.772544787832544 ], [ 11.260401760279931, 43.772526794130947 ], [ 11.260426591867512, 43.772526302780641 ], [ 11.260425913793069, 43.772508309079278 ], [ 11.260450745372586, 43.772507817723898 ], [ 11.260450067291337, 43.77248982402277 ], [ 11.260474898862793, 43.77248933266231 ], [ 11.260474220774739, 43.772471338961431 ], [ 11.260523883900897, 43.772470356224957 ], [ 11.260523205798604, 43.772452362524625 ], [ 11.260548037353308, 43.772451871148597 ], [ 11.260547359244212, 43.772433877448506 ], [ 11.26057219079085, 43.772433386067405 ], [ 11.260571512674952, 43.772415392367556 ], [ 11.260596344213527, 43.772414900981367 ], [ 11.260595666090824, 43.77239690728176 ], [ 11.260645329151226, 43.772395924493821 ], [ 11.260644651014282, 43.772377930794768 ], [ 11.260669482536105, 43.772377439393026 ], [ 11.26066880439236, 43.7723594456942 ], [ 11.26069363590612, 43.772358954287384 ], [ 11.26069295775557, 43.772340960588807 ], [ 11.260717789261269, 43.772340469176896 ], [ 11.260717111103915, 43.77232247547856 ], [ 11.260766774098558, 43.772321492639179 ], [ 11.260766095926966, 43.77230349894139 ], [ 11.260790927415909, 43.772303007513919 ], [ 11.260790249237514, 43.772285013816379 ], [ 11.260815080718395, 43.772284522383828 ], [ 11.260816437090684, 43.772320509778226 ], [ 11.260841268585805, 43.772320018339663 ], [ 11.260841946780326, 43.772338012036471 ], [ 11.260866778282249, 43.77233752059221 ], [ 11.260867456484835, 43.772355514288641 ], [ 11.260892287993563, 43.772355022838681 ], [ 11.260893644415484, 43.772391010230727 ], [ 11.260918475938452, 43.772390518774763 ], [ 11.260919154157786, 43.772408512470385 ], [ 11.260943985687559, 43.772408021008729 ], [ 11.260944663914959, 43.772426014703974 ], [ 11.260969495451533, 43.77242552323662 ], [ 11.260970851923087, 43.7724615106263 ], [ 11.260995683473899, 43.772461019152949 ], [ 11.260996361718053, 43.772479012847377 ], [ 11.261021193275671, 43.772478521368328 ], [ 11.261021871527888, 43.772496515062386 ], [ 11.261046703092308, 43.772496023577631 ], [ 11.261048059613495, 43.772532010964959 ], [ 11.261072891192155, 43.7725315194742 ], [ 11.261073569461123, 43.772549513167448 ], [ 11.261098401046587, 43.772549021670997 ], [ 11.261099079323621, 43.772567015363876 ], [ 11.261123910915888, 43.772566523861727 ], [ 11.261125267486708, 43.772602511246689 ], [ 11.261150099093214, 43.772602019738528 ], [ 11.261150777387, 43.772620013430611 ], [ 11.261175609000311, 43.772619521916745 ], [ 11.261176965604639, 43.77265550930008 ], [ 11.261201797232188, 43.772655017780224 ], [ 11.261202475542728, 43.772673011471497 ], [ 11.261227307177082, 43.772672519945935 ], [ 11.261227985495683, 43.772690513636825 ], [ 11.261252817136841, 43.772690022105571 ], [ 11.261254173790801, 43.772726009486533 ], [ 11.261279005446196, 43.772725517949276 ], [ 11.261279683781554, 43.772743511639355 ], [ 11.261304515443753, 43.772743020096406 ], [ 11.261305193787173, 43.772761013786116 ], [ 11.261330025456177, 43.772760522237455 ], [ 11.261331382159772, 43.772796509616079 ], [ 11.261356213843014, 43.772796018061406 ], [ 11.261356892203187, 43.772814011750313 ], [ 11.261381723893233, 43.772813520189956 ], [ 11.26138240226147, 43.772831513878486 ], [ 11.261407233958321, 43.772831022312431 ], [ 11.26140859071155, 43.77286700968866 ], [ 11.261433422422638, 43.772866518116615 ], [ 11.26143410080763, 43.772884511804321 ], [ 11.261458932525521, 43.772884020226577 ], [ 11.261459610918575, 43.772902013913928 ], [ 11.261484442643274, 43.772901522330471 ], [ 11.261485799446136, 43.772937509704349 ], [ 11.261510631185072, 43.772937018114888 ], [ 11.261511309594882, 43.772955011801422 ], [ 11.261536141340619, 43.772954520206277 ], [ 11.261536819758494, 43.772972513892427 ], [ 11.261561651511036, 43.772972022291583 ], [ 11.261563686790728, 43.773026003348754 ], [ 11.261538855015884, 43.773026494950521 ], [ 11.261539533436272, 43.77304448863643 ], [ 11.261489869869829, 43.773045471824418 ], [ 11.261491226682759, 43.773081459197265 ], [ 11.261466394883726, 43.773081950783777 ], [ 11.261467073283702, 43.773099944470395 ], [ 11.261442241476606, 43.773100436051848 ], [ 11.261442919869777, 43.773118429738709 ], [ 11.261418088054619, 43.77311892131506 ], [ 11.261418766440986, 43.773136915002162 ], [ 11.261393934617765, 43.77313740657344 ], [ 11.261394612997327, 43.773155400260791 ], [ 11.261344949334129, 43.773156383387771 ], [ 11.261345627699454, 43.773174377075669 ], [ 11.261320795859479, 43.773174868631386 ], [ 11.261321474217997, 43.773192862319526 ], [ 11.26129664236996, 43.773193353870155 ], [ 11.261297320721674, 43.773211347558544 ], [ 11.261272488865572, 43.773211839104086 ], [ 11.261273167210481, 43.773229832792701 ], [ 11.261248335346318, 43.77323032433317 ], [ 11.261250370362523, 43.773284305399571 ], [ 11.261275202248987, 43.773283813858178 ], [ 11.261275880596415, 43.773301807546552 ], [ 11.261300712489685, 43.773301315999468 ], [ 11.261301390845176, 43.773319309687459 ], [ 11.26132622274525, 43.773318818134683 ], [ 11.261326901108802, 43.773336811822304 ], [ 11.261351733015681, 43.77333632026383 ], [ 11.261353089759542, 43.773372307638262 ], [ 11.261377921680658, 43.773371816073777 ], [ 11.261378600060967, 43.773389809760602 ], [ 11.261403431988887, 43.773389318190411 ], [ 11.261404110377258, 43.773407311876845 ], [ 11.261428942311984, 43.773406820300977 ], [ 11.261429620708418, 43.773424813987042 ], [ 11.261454452649948, 43.773424322405468 ], [ 11.261455809459569, 43.773460309776787 ], [ 11.261480641415341, 43.77345981818921 ], [ 11.261481319828528, 43.773477811874464 ], [ 11.261530983753046, 43.773476828682526 ], [ 11.261530305324991, 43.773458834997889 ], [ 11.261555137278872, 43.773458343394132 ], [ 11.261555815714361, 43.773476337078471 ], [ 11.261580647675048, 43.773475845469022 ], [ 11.261582004562785, 43.773511832836881 ], [ 11.261606836537707, 43.773511341221429 ], [ 11.261607514989953, 43.773529334904957 ], [ 11.261582683007592, 43.773529826520708 ], [ 11.261584039899104, 43.773565813888183 ], [ 11.26160887189633, 43.773565322271814 ], [ 11.261609550350464, 43.773583315955143 ], [ 11.261634382354494, 43.773582824333062 ], [ 11.261635060816689, 43.773600818016021 ], [ 11.261659892827526, 43.773600326388255 ], [ 11.261659214357895, 43.773582332705601 ], [ 11.261684046360667, 43.773581841072748 ], [ 11.261683367884233, 43.773563847390349 ], [ 11.261733031873021, 43.773562864109081 ], [ 11.261733710364323, 43.773580857790883 ], [ 11.261758542365207, 43.77358036614185 ], [ 11.261759220864572, 43.773598359823275 ], [ 11.261784052872262, 43.773597868168558 ], [ 11.26178473137969, 43.773615861849613 ], [ 11.261809563394182, 43.773615370189184 ], [ 11.261810241909673, 43.773633363869862 ], [ 11.261835073930973, 43.773632872203756 ], [ 11.261835752454527, 43.773650865884058 ], [ 11.261860584482628, 43.773650374212238 ], [ 11.26186194154649, 43.773686361572032 ], [ 11.261886773588833, 43.773685869894216 ], [ 11.261887452129141, 43.773703863573708 ], [ 11.261862620079366, 43.773704355251837 ], [ 11.261863298612871, 43.773722348931578 ], [ 11.261838466555034, 43.77372284060462 ], [ 11.261839145081735, 43.773740834284595 ], [ 11.261789480949302, 43.773741817615125 ], [ 11.261790159461766, 43.773759811295641 ], [ 11.261765327387172, 43.773760302953129 ], [ 11.261766005892829, 43.773778296633907 ], [ 11.261741173810174, 43.7737787882863 ], [ 11.261741852309028, 43.773796781967306 ], [ 11.261717020218306, 43.773797273614626 ], [ 11.261717698710354, 43.77381526729588 ], [ 11.261692866611572, 43.773815758938113 ], [ 11.261692188126958, 43.77379776525656 ], [ 11.261667356034978, 43.773798256893087 ], [ 11.261665999082505, 43.773762269529165 ], [ 11.261641167004765, 43.773762761159695 ], [ 11.261640488536907, 43.773744767477332 ], [ 11.26161565646597, 43.773745259102157 ], [ 11.261614978006177, 43.773727265419424 ], [ 11.261590145942046, 43.773727757038564 ], [ 11.261589467490312, 43.773709763355441 ], [ 11.261564635432988, 43.773710254968883 ], [ 11.261563956989319, 43.773692261285397 ], [ 11.261539124938798, 43.773692752893133 ], [ 11.26153844650319, 43.773674759209285 ], [ 11.261488782415128, 43.773675742407967 ], [ 11.261489460835866, 43.77369373609244 ], [ 11.261514292887647, 43.773693244495483 ], [ 11.261514971316448, 43.77371123817958 ], [ 11.261539803375031, 43.773710746576931 ], [ 11.261540481811897, 43.773728740260658 ], [ 11.261565313877286, 43.773728248652297 ], [ 11.261565992322215, 43.773746242335655 ], [ 11.261590824394407, 43.773745750721602 ], [ 11.261592181301019, 43.773781738087507 ], [ 11.26161701338745, 43.773781246467451 ], [ 11.261618370311448, 43.773817233832474 ], [ 11.261568706108218, 43.773818217068431 ], [ 11.261569384556291, 43.77383621075144 ], [ 11.261544552446299, 43.773836702361642 ], [ 11.261545230887569, 43.773854696044914 ], [ 11.261520398769514, 43.773855187650028 ], [ 11.261521077203978, 43.773873181333535 ], [ 11.26149624507786, 43.773873672933561 ], [ 11.261496923505518, 43.773891666617317 ], [ 11.261447259236528, 43.773892649801823 ], [ 11.261447937649947, 43.773910643486126 ], [ 11.261398273363572, 43.773911626649664 ], [ 11.261398951762754, 43.773929620334528 ], [ 11.261374119611189, 43.77393011190852 ], [ 11.261374798003565, 43.773948105593618 ], [ 11.261349965843936, 43.773948597162516 ], [ 11.261349287458993, 43.773930603477126 ], [ 11.26132445530617, 43.773931095040346 ], [ 11.261323098553035, 43.773895107668729 ], [ 11.261273434275234, 43.773896090777754 ], [ 11.261274112636617, 43.773914084464202 ], [ 11.261224448341432, 43.773915067552281 ], [ 11.261225126688577, 43.773933061239291 ], [ 11.261175462376007, 43.773934044306415 ], [ 11.261176140708914, 43.773952037993965 ], [ 11.26112647637896, 43.77395302104015 ], [ 11.261127154697627, 43.773971014728239 ], [ 11.261077490350289, 43.773971997753463 ], [ 11.261078168654718, 43.773989991442122 ], [ 11.261028504289994, 43.773990974446413 ], [ 11.261029182580184, 43.774008968135597 ], [ 11.261004350389445, 43.774009459629951 ], [ 11.26100502867283, 43.774027453319391 ], [ 11.260955364274597, 43.774028436292561 ], [ 11.26095468600608, 43.77401044260251 ], [ 11.260929853813453, 43.7740109340807 ], [ 11.260930532074536, 43.774028927771049 ], [ 11.260880867672528, 43.774029910711874 ], [ 11.260881545919371, 43.774047904402778 ], [ 11.260856713709991, 43.774048395865407 ], [ 11.260857391950031, 43.774066389556545 ], [ 11.260832559732586, 43.7740668810141 ], [ 11.26083188149998, 43.77404888732265 ], [ 11.260782217078074, 43.774049870220956 ], [ 11.26078289529581, 43.774067863913018 ], [ 11.260758063076478, 43.774068355354387 ], [ 11.260758741287409, 43.774086349046705 ], [ 11.260733909060015, 43.774086840483001 ], [ 11.260734587264142, 43.774104834175546 ], [ 11.260684922792597, 43.774105817032563 ], [ 11.260685600982486, 43.774123810725655 ], [ 11.260660768738335, 43.774124302146383 ], [ 11.260661446921418, 43.774142295839731 ], [ 11.260636614669206, 43.774142787255379 ], [ 11.260637292845484, 43.774160780948961 ], [ 11.260612460585209, 43.774161272359521 ], [ 11.260611782416364, 43.774143278665626 ], [ 11.260586950162894, 43.774143770070502 ], [ 11.260586272002111, 43.774125776376238 ], [ 11.260561439755447, 43.774126267775401 ], [ 11.260560761602729, 43.774108274080767 ], [ 11.260535929362868, 43.774108765474232 ], [ 11.260534573074189, 43.774072778084168 ], [ 11.260509740848565, 43.774073269471629 ], [ 11.260509062712604, 43.774055275776185 ], [ 11.260484230493788, 43.774055767157961 ], [ 11.260483552365887, 43.774037773462133 ], [ 11.260458720153876, 43.774038264838204 ], [ 11.26045804203404, 43.774020271142021 ], [ 11.260433209828832, 43.774020762512386 ], [ 11.260431853605914, 43.773984775119203 ], [ 11.260407021414947, 43.773985266483578 ], [ 11.260406343311866, 43.773967272786571 ], [ 11.260381511127703, 43.773967764145247 ], [ 11.260380833032682, 43.773949770447878 ], [ 11.260356000855326, 43.773950261800856 ], [ 11.260354644682041, 43.773914274405293 ], [ 11.260329812518924, 43.773914765752266 ], [ 11.260329134440658, 43.77389677205408 ], [ 11.260304302284347, 43.773897263395355 ], [ 11.260303624214144, 43.773879269696806 ], [ 11.260278792064637, 43.773879761032383 ], [ 11.260278114002496, 43.773861767333457 ], [ 11.260253281859793, 43.773862258663328 ], [ 11.260253959914499, 43.773880252362567 ], [ 11.260229127763735, 43.77388074368735 ], [ 11.260229805811633, 43.773898737386823 ], [ 11.260204973652806, 43.773899228706533 ], [ 11.2602056516939, 43.773917222406247 ], [ 11.260155987359489, 43.773918205030093 ], [ 11.260156665386345, 43.773936198730354 ], [ 11.260131833210762, 43.77393669003451 ], [ 11.260132511230815, 43.773954683735013 ], [ 11.260107679047168, 43.773955175034075 ], [ 11.260108357060414, 43.77397316873482 ], [ 11.260083524868705, 43.773973660028801 ], [ 11.260084202875145, 43.773991653729787 ], [ 11.260034538474976, 43.773992636302182 ], [ 11.260035216467175, 43.77401063000373 ], [ 11.260010384258713, 43.774011121282143 ], [ 11.260011062244109, 43.774029114983925 ], [ 11.259986230027584, 43.774029606257251 ], [ 11.259986908006175, 43.774047599959282 ], [ 11.259962075781587, 43.774048091227534 ], [ 11.259962753753371, 43.774066084929792 ], [ 11.259913089287441, 43.774067067450737 ], [ 11.259913767244987, 43.774085061153542 ], [ 11.259888935003644, 43.774085552406234 ], [ 11.259889612954385, 43.774103546109281 ], [ 11.259864780704978, 43.774104037356892 ], [ 11.259865458648914, 43.774122031060188 ], [ 11.259840626391448, 43.774122522302704 ], [ 11.259841304328576, 43.774140516006241 ], [ 11.259816472063045, 43.774141007243685 ], [ 11.259815116204281, 43.774105019835936 ], [ 11.259790283952992, 43.774105511067376 ], [ 11.259789606031983, 43.774087517363107 ], [ 11.259764773787497, 43.774088008588841 ], [ 11.259764095874555, 43.774070014884195 ], [ 11.259739263636874, 43.774070506104252 ], [ 11.259738585731995, 43.774052512399223 ], [ 11.259713753501119, 43.774053003613567 ], [ 11.259713075604303, 43.774035009908182 ], [ 11.25968824338023, 43.774035501116813 ], [ 11.259688921269614, 43.774053494822518 ], [ 11.25966408903748, 43.774053986026082 ], [ 11.259664766920057, 43.774071979732021 ], [ 11.259639934679862, 43.774072470930506 ], [ 11.259640612555634, 43.774090464636686 ], [ 11.259665444803264, 43.774089973437896 ], [ 11.259666122687099, 43.774107967143706 ], [ 11.259715787195342, 43.774106984729343 ], [ 11.259716465094673, 43.774124978434472 ], [ 11.25969163283343, 43.774125469644652 ], [ 11.259692310725958, 43.774143463350029 ], [ 11.259717142994633, 43.774142972139529 ], [ 11.259717820895222, 43.774160965844544 ], [ 11.259767485445554, 43.774159983406783 ], [ 11.259768163361638, 43.774177977111101 ], [ 11.259792995643297, 43.774177485883826 ], [ 11.259793673567446, 43.774195479587775 ], [ 11.259818505855907, 43.7741949883548 ], [ 11.259819183788119, 43.774212982058373 ], [ 11.259868848378025, 43.774211999575648 ], [ 11.259870204274073, 43.774247986981379 ], [ 11.259919868891199, 43.774247004475868 ], [ 11.259919190927993, 43.774229010773638 ], [ 11.259968855527738, 43.774228028247165 ], [ 11.259968177550292, 43.774210034545497 ], [ 11.259993009841788, 43.774209543274488 ], [ 11.259992331857539, 43.774191549573054 ], [ 11.260017164140971, 43.774191058296957 ], [ 11.260016486149915, 43.774173064595772 ], [ 11.260041318425284, 43.774172573314594 ], [ 11.260041996423773, 43.774190567015474 ], [ 11.260066828705948, 43.774190075728583 ], [ 11.260067506712499, 43.7742080694291 ], [ 11.260092339001481, 43.774207578136526 ], [ 11.260093017016096, 43.774225571836659 ], [ 11.260117849311879, 43.774225080538379 ], [ 11.260119205357865, 43.774261067937857 ], [ 11.260144037667889, 43.77426057663358 ], [ 11.26014471569926, 43.774278570332896 ], [ 11.260119883381801, 43.774279061637486 ], [ 11.260120561406366, 43.774297055337051 ], [ 11.260070896754694, 43.77429803793067 ], [ 11.26007157476502, 43.774316031630789 ], [ 11.260046742430806, 43.774316522919811 ], [ 11.260047420434326, 43.774334516620172 ], [ 11.260022588092051, 43.774335007904114 ], [ 11.260023266088766, 43.774353001604716 ], [ 11.259973601387458, 43.774353984157038 ], [ 11.259974279369933, 43.774371977858188 ], [ 11.259949447010904, 43.774372469126575 ], [ 11.259950124986572, 43.774390462827967 ], [ 11.259925292619478, 43.774390954091267 ], [ 11.259925970588343, 43.774408947792907 ], [ 11.259876305837402, 43.774409930303939 ] ] ] } },
{ "type": "Feature", "properties": { "height": 13.296646118164062 }, "geometry": { "type": "Polygon", "coordinates": [ [ [ 11.258359262312158, 43.773719646731372 ], [ 11.258358584829347, 43.773701653008111 ], [ 11.258308920610055, 43.77370263482554 ], [ 11.258308243142739, 43.773684641101603 ], [ 11.258283411039585, 43.77368513200193 ], [ 11.258282733580332, 43.773667138277617 ], [ 11.258257901483983, 43.773667629172252 ], [ 11.258257224032791, 43.773649635447569 ], [ 11.258207559853076, 43.773650617220028 ], [ 11.2582082372894, 43.773668610945329 ], [ 11.258158573092304, 43.773669592696827 ], [ 11.25815789567085, 43.773651598970929 ], [ 11.258133063578795, 43.773652089838301 ], [ 11.258132386165402, 43.773634096112026 ], [ 11.25810755408015, 43.773634586973685 ], [ 11.258106876674818, 43.773616593247041 ], [ 11.258082044596373, 43.773617084103016 ], [ 11.258081367199106, 43.773599090375996 ], [ 11.258056535127466, 43.773599581226264 ], [ 11.258055857738258, 43.773581587498875 ], [ 11.258031025673425, 43.773582078343452 ], [ 11.25803034829228, 43.773564084615685 ], [ 11.258005516234252, 43.773564575454564 ], [ 11.258004161488715, 43.773528587998229 ], [ 11.257979329444925, 43.773529078831103 ], [ 11.257978652080535, 43.773511085102534 ], [ 11.257953820043552, 43.773511575929717 ], [ 11.257953142687221, 43.773493582200778 ], [ 11.257928310657045, 43.773494073022249 ], [ 11.257927633308777, 43.773476079292934 ], [ 11.257902801285404, 43.77347657010872 ], [ 11.257902123945199, 43.773458576379028 ], [ 11.257877291928631, 43.773459067189123 ], [ 11.257876614596489, 43.773441073459054 ], [ 11.257851782586728, 43.773441564263443 ], [ 11.257851105262645, 43.773423570533026 ], [ 11.25782627325969, 43.77342406133171 ], [ 11.257825595943672, 43.773406067600895 ], [ 11.25780076394752, 43.773406558393887 ], [ 11.257799409332234, 43.77337057093149 ], [ 11.257774577350323, 43.773371061718478 ], [ 11.257773900051056, 43.773353067986861 ], [ 11.257749068075952, 43.773353558768157 ], [ 11.257748390784746, 43.773335565036184 ], [ 11.257723558816448, 43.773336055811775 ], [ 11.257722881533304, 43.773318062079419 ], [ 11.257698049571811, 43.773318552849325 ], [ 11.257697372296729, 43.773300559116592 ], [ 11.257672540342043, 43.773301049880786 ], [ 11.257671863075021, 43.773283056147704 ], [ 11.257696695022275, 43.773282565383802 ], [ 11.257696017748449, 43.773264571650948 ], [ 11.257720849687642, 43.773264080881972 ], [ 11.25772017240701, 43.773246087149353 ], [ 11.25774500433814, 43.77324559637529 ], [ 11.257744327050702, 43.773227602642926 ], [ 11.257793990896211, 43.773226621079232 ], [ 11.257793313594533, 43.773208627347408 ], [ 11.25781814550891, 43.773208136557784 ], [ 11.257817468200429, 43.773190142826202 ], [ 11.257842300106745, 43.773189652031498 ], [ 11.257840945476799, 43.773153664568746 ], [ 11.257865777367618, 43.773153173769259 ], [ 11.257865100046155, 43.773135180038096 ], [ 11.257889931928911, 43.77313468923353 ], [ 11.257889254600641, 43.773116695502594 ], [ 11.257914086475338, 43.773116204692933 ], [ 11.257913409140262, 43.773098210962253 ], [ 11.257938241006896, 43.773097720147511 ], [ 11.257937563665015, 43.773079726417066 ], [ 11.257962395523586, 43.773079235597251 ], [ 11.257961718174903, 43.773061241867055 ], [ 11.257986550025411, 43.773060751042145 ], [ 11.257985195315054, 43.773024763582157 ], [ 11.258010027150069, 43.773024272752473 ], [ 11.2580093497884, 43.773006279022695 ], [ 11.258034181615354, 43.773005788187923 ], [ 11.258033504246878, 43.772987794458388 ], [ 11.258058336065769, 43.772987303618528 ], [ 11.25805765869049, 43.772969309889227 ], [ 11.258082490501318, 43.772968819044294 ], [ 11.258081813119231, 43.772950825315228 ], [ 11.258106644922, 43.772950334465214 ], [ 11.258103935370206, 43.772878359549537 ], [ 11.25812876714261, 43.77287786869536 ], [ 11.258126057571131, 43.772805893779875 ], [ 11.258150889313173, 43.77280540292152 ], [ 11.258148179722015, 43.772733428006212 ], [ 11.258173011433694, 43.772732937143701 ], [ 11.258170301822851, 43.772660962228571 ], [ 11.258195133504168, 43.772660471361903 ], [ 11.258191746467583, 43.772570502718054 ], [ 11.258216578111105, 43.77257001184752 ], [ 11.258211158825771, 43.772426062016436 ], [ 11.258235990409196, 43.772425571142954 ], [ 11.258231248515479, 43.772299615039479 ], [ 11.258330574634762, 43.772297651500267 ], [ 11.258329897194153, 43.77227965777216 ], [ 11.258454054791956, 43.772277203228384 ], [ 11.258453377314808, 43.772259209501755 ], [ 11.258602366366834, 43.77225626387316 ], [ 11.258601688845715, 43.7722382701483 ], [ 11.258750677830522, 43.772235324327497 ], [ 11.258750000265429, 43.77221733060442 ], [ 11.258948652150513, 43.772213402543933 ], [ 11.258947974526585, 43.772195408823244 ], [ 11.259121794841006, 43.77219197148947 ], [ 11.259121117165671, 43.772173977770848 ], [ 11.259245274477093, 43.772171522372261 ], [ 11.259244596765221, 43.77215352865511 ], [ 11.259343922573313, 43.772151564240424 ], [ 11.259344600314916, 43.77216955795636 ], [ 11.259369431772802, 43.772169066838906 ], [ 11.259370787272765, 43.772205054269932 ], [ 11.259395618744888, 43.772204563146488 ], [ 11.259396974262231, 43.772240550576647 ], [ 11.259421805748593, 43.772240059447192 ], [ 11.259423161283317, 43.772276046876485 ], [ 11.259447992783915, 43.772275555741018 ], [ 11.259448670559655, 43.772293549455256 ], [ 11.259473502067058, 43.772293058314098 ], [ 11.259474857635288, 43.77232904574177 ], [ 11.259499689156931, 43.772328554594608 ], [ 11.259501044742541, 43.7723645420214 ], [ 11.25952587627842, 43.772364050868227 ], [ 11.259527231881412, 43.772400038294158 ], [ 11.25955206343153, 43.772399547134981 ], [ 11.259553419051905, 43.772435534560032 ], [ 11.25957825061626, 43.772435043394857 ], [ 11.259578928434824, 43.77245303710697 ], [ 11.259603760005984, 43.77245254593609 ], [ 11.259605115659863, 43.772488533359535 ], [ 11.259629947245262, 43.772488042182651 ], [ 11.259631980753095, 43.772542023316383 ], [ 11.259656812360168, 43.772541532133197 ], [ 11.259658168050066, 43.772577519554744 ], [ 11.259682999671375, 43.772577028365554 ], [ 11.259684355378655, 43.772613015786234 ], [ 11.259709187014202, 43.772612524591032 ], [ 11.259710542738866, 43.772648512010839 ], [ 11.259735374388653, 43.77264802080964 ], [ 11.259736052259358, 43.772666014519132 ], [ 11.25976088391595, 43.772665523312234 ], [ 11.259762239674119, 43.772701510730414 ], [ 11.259787071344947, 43.77270101951752 ], [ 11.259788427120498, 43.772737006934825 ], [ 11.259813258805565, 43.77273651571592 ], [ 11.259814614598497, 43.772772503132352 ], [ 11.259839446297804, 43.772772011907435 ], [ 11.259841480014217, 43.772825993030686 ], [ 11.259791816570377, 43.77282697547696 ], [ 11.259792494462237, 43.772844969185186 ], [ 11.259767662731941, 43.772845460400532 ], [ 11.259768340616999, 43.772863454109014 ], [ 11.259743508878639, 43.772863945319287 ], [ 11.259744186756892, 43.772881939027997 ], [ 11.259719355010469, 43.772882430233182 ], [ 11.259720032881916, 43.772900423942133 ], [ 11.259695201127434, 43.772900915142245 ], [ 11.259695878992076, 43.772918908851437 ], [ 11.259646215466354, 43.772919891236086 ], [ 11.259646893316757, 43.772937884945826 ], [ 11.259622061545521, 43.772938376130384 ], [ 11.259622739389119, 43.772956369840365 ], [ 11.25959790760982, 43.772956861019821 ], [ 11.259598585446614, 43.772974854730059 ], [ 11.259573753659254, 43.772975345904435 ], [ 11.259574431489241, 43.772993339614899 ], [ 11.259549599693818, 43.772993830784195 ], [ 11.259550277517002, 43.773011824494894 ], [ 11.259500613909401, 43.773012806817931 ], [ 11.259501291718346, 43.773030800529192 ], [ 11.259476459906169, 43.773031291682919 ], [ 11.259477137708309, 43.773049285394421 ], [ 11.25945230588807, 43.773049776543068 ], [ 11.259452983683406, 43.773067770254805 ], [ 11.259403320026173, 43.77306875253656 ], [ 11.25940399780727, 43.773086746248836 ], [ 11.259379165970278, 43.773087237381937 ], [ 11.25937984374457, 43.773105231094483 ], [ 11.259355011899515, 43.773105722222489 ], [ 11.259355689667002, 43.773123715935256 ], [ 11.259306025960139, 43.773124698175721 ], [ 11.259306703713387, 43.773142691889035 ], [ 11.259281871851579, 43.773143183001487 ], [ 11.259282549598023, 43.77316117671505 ], [ 11.259257717728152, 43.773161667822421 ], [ 11.259258395467789, 43.773179661536219 ], [ 11.259233563589857, 43.773180152638503 ], [ 11.259234241322689, 43.773198146352541 ], [ 11.259184577550071, 43.773199128541542 ], [ 11.259185255268665, 43.773217122256142 ], [ 11.259160423373979, 43.773217613342865 ], [ 11.259161101085766, 43.7732356070577 ], [ 11.259136269183019, 43.773236098139336 ], [ 11.259136946888002, 43.773254091854412 ], [ 11.259112114977192, 43.773254582930967 ], [ 11.259112792675372, 43.773272576646285 ], [ 11.259063128836999, 43.773273558783835 ], [ 11.259063806520937, 43.773291552499707 ], [ 11.259038974593373, 43.773292043560701 ], [ 11.259039652270507, 43.773310037276801 ], [ 11.259014820334881, 43.773310528332715 ], [ 11.25901549800521, 43.773328522049063 ], [ 11.258990666061523, 43.773329013099882 ], [ 11.258991343725045, 43.773347006816479 ], [ 11.258966511773297, 43.773347497862211 ], [ 11.258967189430015, 43.773365491579057 ], [ 11.258917525509762, 43.773366473654988 ], [ 11.258918203152241, 43.77338446737236 ], [ 11.258893371183738, 43.773384958402545 ], [ 11.258894048819412, 43.773402952120172 ], [ 11.258869216842847, 43.773403443145277 ], [ 11.258869894471715, 43.773421436863138 ], [ 11.258845062487088, 43.773421927883149 ], [ 11.25884574010915, 43.773439921601259 ], [ 11.258796076123144, 43.773440903625733 ], [ 11.258796753730966, 43.773458897344376 ], [ 11.258771921729586, 43.773459388348833 ], [ 11.258772599330605, 43.773477382067732 ], [ 11.258747767321161, 43.773477873067101 ], [ 11.258748444915375, 43.773495866786234 ], [ 11.258723612897869, 43.773496357780523 ], [ 11.258724290485278, 43.773514351499905 ], [ 11.258699458459711, 43.773514842489107 ], [ 11.258700136040313, 43.773532836208723 ], [ 11.258650471972425, 43.773533818171572 ], [ 11.258651149538787, 43.773551811891743 ], [ 11.258626317496468, 43.773552302865383 ], [ 11.258626995056025, 43.773570296585795 ], [ 11.258577330954632, 43.773571278517529 ], [ 11.258578008499951, 43.773589272238489 ], [ 11.258553176440877, 43.773589763196568 ], [ 11.258553853979389, 43.77360775691777 ], [ 11.258529021912254, 43.773608247870762 ], [ 11.25852969944396, 43.773626241592204 ], [ 11.258504867368766, 43.77362673254013 ], [ 11.258505544893666, 43.773644726261807 ], [ 11.258480712810405, 43.773645217204631 ], [ 11.258481390328502, 43.773663210926557 ], [ 11.25845655823718, 43.773663701864308 ], [ 11.25845791326039, 43.773699689308557 ], [ 11.258408249046125, 43.773700671169124 ], [ 11.258408926543805, 43.77371866489176 ], [ 11.258359262312158, 43.773719646731372 ] ] ] } },
{ "type": "Feature", "properties": { "height": 10.888351440429688 }, "geometry": { "type": "Polygon", "coordinates": [ [ [ 11.257758094772958, 43.772272953202553 ], [ 11.257754031172075, 43.772164990789868 ], [ 11.257903020062045, 43.772162046077938 ], [ 11.257899633522248, 43.772072077408104 ], [ 11.258023790727448, 43.772069623340911 ], [ 11.258023113384208, 43.772051629608285 ], [ 11.258172101965119, 43.772048684551613 ], [ 11.258174811520254, 43.772120659474375 ], [ 11.258149980061939, 43.772121150331849 ], [ 11.258154721755577, 43.772247106446343 ], [ 11.258005732680298, 43.772250051490907 ], [ 11.258006410023016, 43.772268045223122 ], [ 11.257758094772958, 43.772272953202553 ] ] ] } },
{ "type": "Feature", "properties": { "height": 12.833717346191406 }, "geometry": { "type": "Polygon", "coordinates": [ [ [ 11.256691015431429, 43.772312045119989 ], [ 11.256688307637692, 43.772240070126024 ], [ 11.256663476104528, 43.772240560661594 ], [ 11.256662799165095, 43.772222566912632 ], [ 11.256737293740402, 43.772221095290639 ], [ 11.256733908941159, 43.772131126549453 ], [ 11.256709077453854, 43.772131617093976 ], [ 11.256706369655493, 43.772059642098625 ], [ 11.256855358391521, 43.772056698757957 ], [ 11.256854681398901, 43.772038705010807 ], [ 11.257127827274473, 43.772033308385616 ], [ 11.257137983456206, 43.772303214535654 ], [ 11.256691015431429, 43.772312045119989 ] ] ] } },
{ "type": "Feature", "properties": { "height": 17.110275268554688 }, "geometry": { "type": "Polygon", "coordinates": [ [ [ 11.251254914150179, 43.772473325448374 ], [ 11.251250862219653, 43.772365362556172 ], [ 11.251275693896952, 43.772364873195436 ], [ 11.251271641944371, 43.77225691030273 ], [ 11.251321305207888, 43.772255931568736 ], [ 11.251320629869785, 43.77223793775368 ], [ 11.25144478798045, 43.772235490825885 ], [ 11.251444112605803, 43.772217497012278 ], [ 11.251394449378282, 43.772218475798951 ], [ 11.251390397232763, 43.772110512912285 ], [ 11.251638712899297, 43.772105618781623 ], [ 11.251652221625426, 43.772465495000269 ], [ 11.251254914150179, 43.772473325448374 ] ] ] } },
{ "type": "Feature", "properties": { "height": 13.844505310058594 }, "geometry": { "type": "Polygon", "coordinates": [ [ [ 11.259888431775446, 43.772753035734191 ], [ 11.259887075939169, 43.772717048319457 ], [ 11.259862244263424, 43.772717539554229 ], [ 11.259860888444528, 43.772681552138643 ], [ 11.259836056783019, 43.772682043367404 ], [ 11.259834700981509, 43.772646055950936 ], [ 11.259809869334235, 43.772646547173693 ], [ 11.259809191441857, 43.772628553465054 ], [ 11.25978435980139, 43.77262904468212 ], [ 11.259783004033386, 43.772593057264025 ], [ 11.259758172407157, 43.772593548475086 ], [ 11.259756816656534, 43.772557561056111 ], [ 11.259731985044544, 43.772558052261175 ], [ 11.259730629311301, 43.772522064841333 ], [ 11.259705797713549, 43.772522556040386 ], [ 11.259704441997687, 43.772486568619669 ], [ 11.259679610414173, 43.772487059812725 ], [ 11.259678254715695, 43.772451072391135 ], [ 11.259653423146419, 43.772451563578173 ], [ 11.259652745305555, 43.772433569866983 ], [ 11.259627913743087, 43.772434061048322 ], [ 11.259626558078113, 43.772398073625126 ], [ 11.25960172652988, 43.772398564800461 ], [ 11.259600370882289, 43.772362577376384 ], [ 11.259575539348292, 43.772363068545722 ], [ 11.259574183718081, 43.772327081120764 ], [ 11.259549352198327, 43.772327572284105 ], [ 11.259547996585496, 43.772291584858273 ], [ 11.25952316507998, 43.772292076015603 ], [ 11.25952180948453, 43.772256088588904 ], [ 11.259496977993251, 43.77225657974023 ], [ 11.259496300203903, 43.772238586026468 ], [ 11.259471468719427, 43.772239077172095 ], [ 11.259470113157484, 43.772203089743776 ], [ 11.259445281687247, 43.772203580883406 ], [ 11.259443926142685, 43.772167593454206 ], [ 11.259419094686686, 43.772168084587825 ], [ 11.259417739159503, 43.772132097157744 ], [ 11.259442570600635, 43.772131606024736 ], [ 11.259441892830553, 43.772113612309909 ], [ 11.25951638712788, 43.772112138879457 ], [ 11.259515709336128, 43.772094145165482 ], [ 11.259590203605494, 43.772092671687439 ], [ 11.25958952579207, 43.772074677974317 ], [ 11.259688851446027, 43.772072713262688 ], [ 11.259688173603498, 43.772054719550731 ], [ 11.259762667815066, 43.772053245961324 ], [ 11.259761989950867, 43.772035252250227 ], [ 11.259836484134476, 43.772033778613221 ], [ 11.259837162020974, 43.772051772323401 ], [ 11.259861993421687, 43.772051281099984 ], [ 11.259862671316249, 43.772069274809795 ], [ 11.259837839908103, 43.772069766033518 ], [ 11.259838517795858, 43.77208775974357 ], [ 11.259788854962816, 43.77208874217547 ], [ 11.259789532836335, 43.772106735886069 ], [ 11.259814364260603, 43.7721062446725 ], [ 11.259815720024394, 43.772142232092897 ], [ 11.259840551462899, 43.77214174087333 ], [ 11.259839873573258, 43.772123747163484 ], [ 11.259864705003702, 43.772123255938823 ], [ 11.259864027107255, 43.772105262229211 ], [ 11.259913689951393, 43.772104279764363 ], [ 11.259913012040709, 43.772086286055298 ], [ 11.259962674867467, 43.77208530356949 ], [ 11.259961996942543, 43.772067309860979 ], [ 11.260011659751918, 43.772066327354231 ], [ 11.260010981812757, 43.772048333646261 ], [ 11.260035813209068, 43.772047842385106 ], [ 11.260035135263102, 43.772029848677384 ], [ 11.260059966651353, 43.772029357411142 ], [ 11.260060644604751, 43.772047351118559 ], [ 11.260085475999803, 43.772046859846618 ], [ 11.260086831923354, 43.772082847260656 ], [ 11.260111663332644, 43.772082355982711 ], [ 11.260112341302795, 43.772100349689325 ], [ 11.260137172718892, 43.772099858405689 ], [ 11.260138528675947, 43.772135845818099 ], [ 11.260163360106281, 43.772135354528459 ], [ 11.26016471608072, 43.772171341940009 ], [ 11.26018954752529, 43.772170850644358 ], [ 11.260190903517108, 43.77220683805502 ], [ 11.260215734975917, 43.772206346753372 ], [ 11.260217090985119, 43.772242334163167 ], [ 11.260241922458166, 43.772241842855514 ], [ 11.260242600471143, 43.772259836560004 ], [ 11.260267431950993, 43.772259345246638 ], [ 11.2602687879937, 43.772295332654828 ], [ 11.260343282474082, 43.772293858680591 ], [ 11.260341248344066, 43.772239877570996 ], [ 11.260316416873533, 43.772240368900214 ], [ 11.260315738838884, 43.77222237519657 ], [ 11.260290907375158, 43.772222866520089 ], [ 11.260289551322614, 43.772186879112013 ], [ 11.260264719873126, 43.772187370429528 ], [ 11.260263363837964, 43.772151383020571 ], [ 11.260238532402713, 43.772151874332081 ], [ 11.260237854393509, 43.772133880627194 ], [ 11.260213022965059, 43.772134371933006 ], [ 11.260211666963407, 43.772098384522437 ], [ 11.260186835549197, 43.772098875822238 ], [ 11.260186157556747, 43.772080882116555 ], [ 11.260161326149341, 43.772081373410664 ], [ 11.260159970181192, 43.772045385998481 ], [ 11.260135138788025, 43.77204587728658 ], [ 11.260133782837258, 43.772009889873516 ], [ 11.260108951458328, 43.772010381155624 ], [ 11.260108273491321, 43.771992387448684 ], [ 11.260083442119196, 43.771992878725094 ], [ 11.260082086201933, 43.771956891310396 ], [ 11.260131748915823, 43.771955908753434 ], [ 11.260131070943268, 43.7719379150466 ], [ 11.260205564987086, 43.771936441171633 ], [ 11.260204886992859, 43.771918447465666 ], [ 11.260279381008719, 43.7719169735431 ], [ 11.260280059025241, 43.77193496724815 ], [ 11.260304890370039, 43.771934475929541 ], [ 11.260306246419841, 43.771970463338832 ], [ 11.260331077778874, 43.771969972014226 ], [ 11.260332433846056, 43.772005959422643 ], [ 11.260357265219328, 43.772005468092026 ], [ 11.260357943261296, 43.772023461795833 ], [ 11.26038277464137, 43.772022970459517 ], [ 11.260384130742059, 43.772058957866314 ], [ 11.260408962136372, 43.772058466523994 ], [ 11.260409640195094, 43.772076460226991 ], [ 11.260434471596211, 43.772075968878973 ], [ 11.260435827730408, 43.772111956284149 ], [ 11.260460659145762, 43.772111464930141 ], [ 11.260462015297339, 43.772147452334437 ], [ 11.260486846726932, 43.77214696097441 ], [ 11.260487524811097, 43.772164954676171 ], [ 11.26053718768326, 43.772163971939335 ], [ 11.260536509584229, 43.772145978238207 ], [ 11.260586172439011, 43.772144995480424 ], [ 11.26058549432574, 43.772127001779836 ], [ 11.260610325744755, 43.772126510393164 ], [ 11.260609647624682, 43.772108516692818 ], [ 11.260634479035634, 43.772108025301065 ], [ 11.260633800908755, 43.77209003160096 ], [ 11.260658632311646, 43.772089540204121 ], [ 11.260657954177962, 43.772071546504264 ], [ 11.26070761696699, 43.772070563695031 ], [ 11.260706938819069, 43.772052569995722 ], [ 11.260731770205204, 43.772052078583329 ], [ 11.260731092050479, 43.772034084884261 ], [ 11.260755923428555, 43.77203359346678 ], [ 11.260755245267026, 43.772015599767947 ], [ 11.260780076637039, 43.772015108345393 ], [ 11.260781432975591, 43.77205109574237 ], [ 11.260806264359843, 43.772050604313812 ], [ 11.260806942537494, 43.772068598011892 ], [ 11.260831773928549, 43.77206810657762 ], [ 11.260833130300609, 43.772104093972985 ], [ 11.2608579617059, 43.772103602532717 ], [ 11.260859318095344, 43.772139589927214 ], [ 11.260884149514872, 43.772139098480942 ], [ 11.260886184126052, 43.772193079571259 ], [ 11.260836521241766, 43.772194062460244 ], [ 11.260837199431887, 43.7722120561575 ], [ 11.260812367981364, 43.772212547594229 ], [ 11.26081304616468, 43.772230541291719 ], [ 11.260788214706096, 43.772231032723354 ], [ 11.260788892882607, 43.772249026421093 ], [ 11.260764061415962, 43.772249517847655 ], [ 11.260764739585667, 43.772267511545621 ], [ 11.260715076635623, 43.772268494383169 ], [ 11.260715754791091, 43.772286488081697 ], [ 11.260690923307694, 43.772286979492691 ], [ 11.260691601456356, 43.77230497319146 ], [ 11.260666769964896, 43.772305464597373 ], [ 11.260667448106755, 43.772323458296384 ], [ 11.260642616607232, 43.77232394969721 ], [ 11.260643294742286, 43.772341943396455 ], [ 11.260593631726488, 43.772342926182553 ], [ 11.260594309847303, 43.772360919882352 ], [ 11.260569478331028, 43.772361411267624 ], [ 11.260570156445041, 43.772379404967666 ], [ 11.260545324920702, 43.77237989634785 ], [ 11.260546003027908, 43.772397890048133 ], [ 11.260496339962478, 43.772398872792955 ], [ 11.260497018055448, 43.772416866493785 ], [ 11.260472186514356, 43.772417357858409 ], [ 11.260472864600521, 43.772435351559487 ], [ 11.260448033051368, 43.772435842919023 ], [ 11.26044871113073, 43.772453836620336 ], [ 11.260423879573512, 43.772454327974792 ], [ 11.26042455764607, 43.772472321676346 ], [ 11.260374894514882, 43.772473304369711 ], [ 11.260375572573201, 43.77249129807182 ], [ 11.260350740999231, 43.772491789410715 ], [ 11.260351419050744, 43.772509783113073 ], [ 11.260326587468713, 43.772510274446887 ], [ 11.260327265513423, 43.772528268149479 ], [ 11.260302433923327, 43.77252875947822 ], [ 11.260303111961232, 43.772546753181047 ], [ 11.26025344876429, 43.772547735822954 ], [ 11.260254126787958, 43.772565729526335 ], [ 11.260229295181109, 43.772566220839515 ], [ 11.260229973197971, 43.772584214543137 ], [ 11.260205141583061, 43.772584705851223 ], [ 11.260205819593118, 43.772602699555094 ], [ 11.260180987970147, 43.772603190858092 ], [ 11.260181665973398, 43.772621184562205 ], [ 11.2601320027107, 43.772622167152662 ], [ 11.260132680699716, 43.772640160857314 ], [ 11.26010784905999, 43.772640652144766 ], [ 11.260108527042199, 43.772658645849653 ], [ 11.260083695394412, 43.772659137132024 ], [ 11.260084373369816, 43.772677130837153 ], [ 11.260034710057488, 43.772678113386334 ], [ 11.260035388018656, 43.772696107092017 ], [ 11.260010556354114, 43.772696598358827 ], [ 11.260011234308475, 43.772714592064744 ], [ 11.259986402635873, 43.772715083326474 ], [ 11.259987080583429, 43.772733077032647 ], [ 11.259962248902763, 43.772733568289283 ], [ 11.259962926843517, 43.772751561995683 ], [ 11.259888431775446, 43.772753035734191 ] ] ] } },
{ "type": "Feature", "properties": { "height": 16.921066284179688 }, "geometry": { "type": "Polygon", "coordinates": [ [ [ 11.255433400393985, 43.772570974550447 ], [ 11.255432723815556, 43.772552980787296 ], [ 11.255010585100369, 43.772561314568755 ], [ 11.255009908648937, 43.772543320800317 ], [ 11.254985076961596, 43.772543810973936 ], [ 11.254984400518227, 43.772525817205128 ], [ 11.254959568837689, 43.772526307373056 ], [ 11.25495889240238, 43.772508313603879 ], [ 11.254934060728651, 43.772508803766094 ], [ 11.254933384301404, 43.772490809996555 ], [ 11.254908552634479, 43.772491300153092 ], [ 11.25489028953662, 43.772005468342392 ], [ 11.255635233250322, 43.771990761549624 ], [ 11.255637939757593, 43.772062736598969 ], [ 11.255662771234723, 43.772062246287767 ], [ 11.255669537621163, 43.772242183903458 ], [ 11.255520548302963, 43.772245125708196 ], [ 11.255521901498581, 43.772281113234222 ], [ 11.255497069928483, 43.772281603516753 ], [ 11.255497746519797, 43.772299597279975 ], [ 11.255199767540493, 43.7723054802536 ], [ 11.255203150060481, 43.772395449087107 ], [ 11.255277644925281, 43.772393978411877 ], [ 11.255275615344503, 43.772339997114734 ], [ 11.255449436517639, 43.772336565356973 ], [ 11.255448759939933, 43.772318571593253 ], [ 11.255572917864752, 43.772316120177521 ], [ 11.2555708880239, 43.772262138890611 ], [ 11.25567021426326, 43.772260177664684 ], [ 11.255672244193311, 43.772314158947914 ], [ 11.255697075773881, 43.772313668627028 ], [ 11.255706548959537, 43.772565581270108 ], [ 11.255433400393985, 43.772570974550447 ] ] ] } },
{ "type": "Feature", "properties": { "height": 16.67266845703125 }, "geometry": { "type": "Polygon", "coordinates": [ [ [ 11.25264819257654, 43.772517888034187 ], [ 11.252631299211876, 43.772068043069048 ], [ 11.252780288386749, 43.772065105039999 ], [ 11.25277961261571, 43.772047111242387 ], [ 11.253077590808564, 43.77204123460578 ], [ 11.253095163378537, 43.772509073227269 ], [ 11.25264819257654, 43.772517888034187 ] ] ] } },
{ "type": "Feature", "properties": { "height": 16.092887878417969 }, "geometry": { "type": "Polygon", "coordinates": [ [ [ 11.251903916308384, 43.77255056930472 ], [ 11.25189918768346, 43.772424612654845 ], [ 11.251874355992086, 43.772425102151573 ], [ 11.251872329470245, 43.772371120728302 ], [ 11.251897161139318, 43.772370631232491 ], [ 11.251895134600815, 43.772316649809547 ], [ 11.251845471306646, 43.772317628793957 ], [ 11.251838040877246, 43.772119696898088 ], [ 11.252136019623457, 43.772113822708583 ], [ 11.252134668466033, 43.77207783509764 ], [ 11.252407815407265, 43.772072449748741 ], [ 11.252407139747726, 43.772054455946531 ], [ 11.252506465859641, 43.772052497477354 ], [ 11.252507817238813, 43.772088485079252 ], [ 11.252532648780093, 43.772087995447869 ], [ 11.252549541417073, 43.772537840441956 ], [ 11.251903916308384, 43.77255056930472 ] ] ] } },
{ "type": "Feature", "properties": { "height": 14.841636657714844 }, "geometry": { "type": "Polygon", "coordinates": [ [ [ 11.254660235930745, 43.772496201421873 ], [ 11.254659559585894, 43.772478207648888 ], [ 11.254311916199352, 43.772485068515287 ], [ 11.254311239959197, 43.772467074737961 ], [ 11.25403809157959, 43.772472464674131 ], [ 11.254021187823735, 43.772022620135566 ], [ 11.254741300726124, 43.772008409118762 ], [ 11.254759562619768, 43.772494240979043 ], [ 11.254660235930745, 43.772496201421873 ] ] ] } },
{ "type": "Feature", "properties": { "height": 16.888450622558594 }, "geometry": { "type": "Polygon", "coordinates": [ [ [ 11.253243477680227, 43.772488140779686 ], [ 11.253238746254192, 43.772362184244471 ], [ 11.253213914611527, 43.77236267403169 ], [ 11.253212562796024, 43.772326686448999 ], [ 11.253237394423822, 43.772326196662398 ], [ 11.25322590396693, 43.772020302204226 ], [ 11.253598376413144, 43.772012954836335 ], [ 11.253599052428861, 43.772030948623922 ], [ 11.253897030373466, 43.772025069852688 ], [ 11.253913933200137, 43.772474914429488 ], [ 11.253243477680227, 43.772488140779686 ] ] ] } },
{ "type": "Feature", "properties": { "height": 12.279510498046875 }, "geometry": { "type": "Polygon", "coordinates": [ [ [ 11.255798432137091, 43.772365688567675 ], [ 11.255787605283951, 43.772077788411217 ], [ 11.255762773802525, 43.772078278749696 ], [ 11.255759390481035, 43.77198830994584 ], [ 11.255933210577673, 43.771984877474125 ], [ 11.255932533863227, 43.771966883715315 ], [ 11.25610635387708, 43.771963450981602 ], [ 11.256109060946773, 43.772035426007918 ], [ 11.256133892404547, 43.772034935594604 ], [ 11.256140660197051, 43.772214873152777 ], [ 11.256165491728531, 43.772214382731001 ], [ 11.256162784574263, 43.772142407709744 ], [ 11.256262110574969, 43.772140445973662 ], [ 11.256261433758239, 43.772122452219413 ], [ 11.256410422695867, 43.772119509455408 ], [ 11.256409745835162, 43.772101515702936 ], [ 11.256558734705589, 43.772098572746714 ], [ 11.256561442330572, 43.772170547748885 ], [ 11.256586273836511, 43.772170057236089 ], [ 11.256588981501272, 43.772242032236015 ], [ 11.256613813036319, 43.772241541716596 ], [ 11.256616520740854, 43.772313516714242 ], [ 11.256467531342757, 43.772316459757207 ], [ 11.256468208225861, 43.772334453508286 ], [ 11.25619506085555, 43.772339848586398 ], [ 11.256191000056953, 43.772231886058691 ], [ 11.256166168518666, 43.772232376486159 ], [ 11.256170229272664, 43.772340339015699 ], [ 11.2558970818195, 43.772345733382259 ], [ 11.25589775853226, 43.772363727140323 ], [ 11.255798432137091, 43.772365688567675 ] ] ] } },
{ "type": "Feature", "properties": { "height": 7.4702682495117188 }, "geometry": { "type": "Polygon", "coordinates": [ [ [ 11.256162107787267, 43.772124413954266 ], [ 11.256156016732533, 43.771962470152026 ], [ 11.256404330972133, 43.771957565680744 ], [ 11.256403654117079, 43.771939571927675 ], [ 11.256651968219572, 43.771934666920394 ], [ 11.256651291290813, 43.771916673170324 ], [ 11.256849942468138, 43.771912748778831 ], [ 11.256849265480541, 43.771894755031155 ], [ 11.2569734224088, 43.771892302112818 ], [ 11.256974099433563, 43.771910295858966 ], [ 11.257023762215338, 43.771909314653286 ], [ 11.257023085175707, 43.771891320907741 ], [ 11.257097579321359, 43.771889849059718 ], [ 11.257101641702357, 43.771997811526454 ], [ 11.257002315995166, 43.771999773987069 ], [ 11.257002993031131, 43.772017767732528 ], [ 11.256804341527143, 43.772021692397466 ], [ 11.25680501850427, 43.772039686145298 ], [ 11.256631198353285, 43.772043119946268 ], [ 11.256631875279005, 43.772061113696189 ], [ 11.256507717972301, 43.772063566250978 ], [ 11.256508394861482, 43.772081560002356 ], [ 11.256359406028121, 43.772084502892056 ], [ 11.25636008287333, 43.772102496645218 ], [ 11.256186262487146, 43.772105929773403 ], [ 11.256186939280949, 43.772123923528639 ], [ 11.256162107787267, 43.772124413954266 ] ] ] } },
{ "type": "Feature", "properties": { "height": 4.3203659057617188 }, "geometry": { "type": "Polygon", "coordinates": [ [ [ 11.257654027997981, 43.772148960086454 ], [ 11.257649287371391, 43.772023003926321 ], [ 11.257624455944486, 43.772023494668765 ], [ 11.257622424279097, 43.771969513455375 ], [ 11.257597592873861, 43.771970004191509 ], [ 11.257595561236425, 43.771916022976626 ], [ 11.257645224001665, 43.771915041500804 ], [ 11.257644546775577, 43.771897047762991 ], [ 11.257743872268788, 43.771895084747889 ], [ 11.257743195013594, 43.771877091011241 ], [ 11.257842520467024, 43.771875127911123 ], [ 11.257845229610501, 43.771947102852444 ], [ 11.25787006100202, 43.771946612062713 ], [ 11.257872770185283, 43.772018587001767 ], [ 11.257847938764028, 43.772019077792713 ], [ 11.257849970635769, 43.772073058997243 ], [ 11.257825139191588, 43.772073549783734 ], [ 11.257825816475991, 43.772091543518748 ], [ 11.257800985023749, 43.772092034300151 ], [ 11.257801662301347, 43.772110028035414 ], [ 11.257776830841042, 43.772110518811729 ], [ 11.257777508111836, 43.772128512547233 ], [ 11.257727845174475, 43.772129494084297 ], [ 11.25772852243103, 43.772147487820341 ], [ 11.257654027997981, 43.772148960086454 ] ] ] } },
{ "type": "Feature", "properties": { "height": 17.314216613769531 }, "geometry": { "type": "Polygon", "coordinates": [ [ [ 11.253993651800103, 43.771951134958591 ], [ 11.25398350988384, 43.771681228207399 ], [ 11.254728450038053, 43.771666527410815 ], [ 11.25473859529929, 43.771936434024319 ], [ 11.253993651800103, 43.771951134958591 ] ] ] } },
{ "type": "Feature", "properties": { "height": 15.596725463867188 }, "geometry": { "type": "Polygon", "coordinates": [ [ [ 11.254887583931387, 43.77193349325529 ], [ 11.254884201938959, 43.771843524394932 ], [ 11.254859370539011, 43.771844014535048 ], [ 11.254839755507765, 43.771322195103963 ], [ 11.255088067323396, 43.771317293548982 ], [ 11.255111066837189, 43.771929081737888 ], [ 11.254887583931387, 43.77193349325529 ] ] ] } },
{ "type": "Feature", "properties": { "height": 15.250701904296875 }, "geometry": { "type": "Polygon", "coordinates": [ [ [ 11.251340058751412, 43.772093497858449 ], [ 11.251338032733585, 43.772039516412214 ], [ 11.251387695814943, 43.772038537653202 ], [ 11.251387020462053, 43.772020543838281 ], [ 11.251411851994359, 43.772020054450991 ], [ 11.251409825917149, 43.771966073006723 ], [ 11.251434657426527, 43.771965583614971 ], [ 11.251433306696653, 43.771929595985732 ], [ 11.251333980714849, 43.771931553517973 ], [ 11.251331279381551, 43.771859578253832 ], [ 11.251356110848208, 43.771859088880092 ], [ 11.251352734158509, 43.77176911979997 ], [ 11.251452059870207, 43.771767162257177 ], [ 11.251447332322803, 43.77164120555085 ], [ 11.251422500947852, 43.771641694942495 ], [ 11.251417773483173, 43.771515738230832 ], [ 11.251392942159628, 43.771516227614939 ], [ 11.251389565455097, 43.771426258531704 ], [ 11.251414396741477, 43.771425769149126 ], [ 11.251413721395018, 43.771407775332584 ], [ 11.251537877780354, 43.771405328340322 ], [ 11.251537202397355, 43.771387334525237 ], [ 11.251611696198742, 43.771385866266122 ], [ 11.251638037469567, 43.772087624970013 ], [ 11.251340058751412, 43.772093497858449 ] ] ] } },
{ "type": "Feature", "properties": { "height": 17.464920043945312 }, "geometry": { "type": "Polygon", "coordinates": [ [ [ 11.252627920585946, 43.771978074071122 ], [ 11.25262386625551, 43.771870111271475 ], [ 11.252599034805939, 43.771870600920757 ], [ 11.25259160200717, 43.771672669111915 ], [ 11.252566770638738, 43.771673158752442 ], [ 11.252555283861607, 43.771367264118084 ], [ 11.25305190858389, 43.771357470387414 ], [ 11.253074211516763, 43.771951265635074 ], [ 11.253049380041306, 43.771951755382901 ], [ 11.253050055890981, 43.77196974917748 ], [ 11.252627920585946, 43.771978074071122 ] ] ] } },
{ "type": "Feature", "properties": { "height": 7.5243759155273438 }, "geometry": { "type": "Polygon", "coordinates": [ [ [ 11.25518556112783, 43.771927611135041 ], [ 11.255163237324087, 43.771333816747799 ], [ 11.255138406139796, 43.771334306944034 ], [ 11.255137729678992, 43.771316313173301 ], [ 11.255609521932003, 43.771306998528942 ], [ 11.255630496886756, 43.771864805210804 ], [ 11.255655328282121, 43.77186431490297 ], [ 11.255657358170753, 43.771918296190513 ], [ 11.25518556112783, 43.771927611135041 ] ] ] } },
{ "type": "Feature", "properties": { "height": 16.327926635742188 }, "geometry": { "type": "Polygon", "coordinates": [ [ [ 11.251762195242177, 43.772085177704064 ], [ 11.251744633322762, 43.771617338618896 ], [ 11.251769464682138, 43.771616849157475 ], [ 11.25176000833533, 43.771364935789933 ], [ 11.252380789514486, 43.771352697609672 ], [ 11.252381465149586, 43.771370691414418 ], [ 11.252455958887069, 43.771369222605472 ], [ 11.252470147837219, 43.771747092470868 ], [ 11.252494979237891, 43.771746602850676 ], [ 11.252501736052283, 43.771926540868648 ], [ 11.252526567526662, 43.771926051240023 ], [ 11.252529945994523, 43.772016020245033 ], [ 11.252505114482977, 43.772016509875193 ], [ 11.252505790170996, 43.772034503676302 ], [ 11.252257474946742, 43.772039399684495 ], [ 11.252258150561053, 43.772057393488595 ], [ 11.25196017212004, 43.772063267990532 ], [ 11.251960847645774, 43.772081261798235 ], [ 11.251762195242177, 43.772085177704064 ] ] ] } },
{ "type": "Feature", "properties": { "height": 15.7293701171875 }, "geometry": { "type": "Polygon", "coordinates": [ [ [ 11.2582540477932, 43.772245142975493 ], [ 11.258248628479402, 43.772101193139918 ], [ 11.25827345992777, 43.772100702261177 ], [ 11.258267363180909, 43.771938758693921 ], [ 11.258416351456527, 43.771935813324838 ], [ 11.258412286719295, 43.771827850954779 ], [ 11.258312961383126, 43.771829814548362 ], [ 11.258313638808028, 43.771847808278096 ], [ 11.258288807464982, 43.771848299163331 ], [ 11.258265098227392, 43.771218518573043 ], [ 11.25828992931028, 43.771218027698552 ], [ 11.258289251907367, 43.771200033966544 ], [ 11.259828777358344, 43.771169589239392 ], [ 11.259833522417834, 43.771295545229073 ], [ 11.259858353505726, 43.771295054013137 ], [ 11.259859709257533, 43.771331041437563 ], [ 11.259884540359664, 43.771330550215637 ], [ 11.259886574014388, 43.771384531350854 ], [ 11.259836911764902, 43.771385513791166 ], [ 11.259838945380684, 43.771439494927648 ], [ 11.259863776528041, 43.771439003709268 ], [ 11.259865132289908, 43.771474991132642 ], [ 11.259815469964835, 43.771475973565238 ], [ 11.259818181436646, 43.771547948413669 ], [ 11.259867843821183, 43.771546965978608 ], [ 11.25986716593742, 43.771528972267213 ], [ 11.259966490669221, 43.771527007333638 ], [ 11.259971236076883, 43.771652963303445 ], [ 11.259996067310295, 43.771652472054434 ], [ 11.260000812800797, 43.771778428018905 ], [ 11.26002564408561, 43.771777936762341 ], [ 11.260031067600515, 43.771921886429645 ], [ 11.259956573565795, 43.771923360190499 ], [ 11.259957251485687, 43.771941353899535 ], [ 11.259882757423007, 43.771942827612783 ], [ 11.259883435321228, 43.771960821322693 ], [ 11.259808941230592, 43.771962294988349 ], [ 11.259809619107143, 43.771980288699098 ], [ 11.259735124988547, 43.771981762317161 ], [ 11.259735802843426, 43.771999756028769 ], [ 11.25963647731343, 43.772001720778611 ], [ 11.259637155139208, 43.772019714491378 ], [ 11.259537829569421, 43.772021679156218 ], [ 11.259538507366091, 43.772039672870143 ], [ 11.259439181756514, 43.772041637449945 ], [ 11.259439859524081, 43.772059631165035 ], [ 11.259340533874713, 43.772061595659821 ], [ 11.259341211613176, 43.772079589376084 ], [ 11.259241885924018, 43.772081553785853 ], [ 11.259242563633375, 43.772099547503259 ], [ 11.259168069337607, 43.77210102075491 ], [ 11.259168747025296, 43.772119014473169 ], [ 11.259019758372188, 43.772121960832763 ], [ 11.259020436015904, 43.772139954552806 ], [ 11.258871447295576, 43.772142900720169 ], [ 11.258872124895317, 43.772160894441988 ], [ 11.258723136107765, 43.772163840417143 ], [ 11.258723813663536, 43.772181834140738 ], [ 11.258574824808761, 43.772184779923677 ], [ 11.258575502320561, 43.772202773649042 ], [ 11.258426513398566, 43.772205719239757 ], [ 11.258427190866394, 43.772223712966898 ], [ 11.258278201877179, 43.772226658365391 ], [ 11.258278879301036, 43.772244652094301 ], [ 11.2582540477932, 43.772245142975493 ] ] ] } },
{ "type": "Feature", "properties": { "height": 14.921073913574219 }, "geometry": { "type": "Polygon", "coordinates": [ [ [ 11.257187646557512, 43.772302233251807 ], [ 11.257183583978664, 43.772194270797215 ], [ 11.257307741497936, 43.77219181750246 ], [ 11.25730571010549, 43.772137836278887 ], [ 11.257181552697716, 43.772140289569059 ], [ 11.257169365130723, 43.771816402187717 ], [ 11.257194196479734, 43.771815911545971 ], [ 11.257188102705634, 43.771653967850121 ], [ 11.257212933987118, 43.77165347720576 ], [ 11.257208194368173, 43.771527520996379 ], [ 11.257233025596999, 43.771527030348757 ], [ 11.257226931779529, 43.771365086649034 ], [ 11.257202100617601, 43.771365577293892 ], [ 11.257206840196986, 43.771491533507401 ], [ 11.257182008982399, 43.771492024148998 ], [ 11.257186748540519, 43.771617980361448 ], [ 11.257161917273272, 43.771618470999812 ], [ 11.257167333889338, 43.771762420955433 ], [ 11.257142502561999, 43.771762911590855 ], [ 11.257145210855366, 43.771834886568328 ], [ 11.257120379497666, 43.771835377199594 ], [ 11.257121056565147, 43.7718533709441 ], [ 11.256947236991627, 43.771856805214149 ], [ 11.256947914007704, 43.771874798960745 ], [ 11.256774094351385, 43.77187823296881 ], [ 11.256774771316055, 43.771896226717473 ], [ 11.256600951576939, 43.771899660463539 ], [ 11.256601628490204, 43.771917654214292 ], [ 11.256427808668295, 43.771921087698374 ], [ 11.256414948412237, 43.77157920638227 ], [ 11.256390117147827, 43.771579696852626 ], [ 11.256402977262653, 43.771921578174535 ], [ 11.25575736049567, 43.771934328662759 ], [ 11.255737737595002, 43.77141250956263 ], [ 11.255712906387979, 43.771412999884362 ], [ 11.255707493326343, 43.771269049775682 ], [ 11.255980635914989, 43.77126365596699 ], [ 11.255979959203346, 43.771245662206475 ], [ 11.256402088382796, 43.771237325042634 ], [ 11.256408856791097, 43.771417262592742 ], [ 11.256259869596608, 43.771420205317419 ], [ 11.256257839201323, 43.771366224047554 ], [ 11.256208176842737, 43.771367204910824 ], [ 11.256210207193424, 43.771421186182515 ], [ 11.256235038395332, 43.771420695752667 ], [ 11.256237068773967, 43.771474677022866 ], [ 11.25618740632493, 43.77147565787903 ], [ 11.256188083104197, 43.771493651636241 ], [ 11.256212914336464, 43.77149316121055 ], [ 11.256213591123792, 43.771511154967385 ], [ 11.256362578548803, 43.771508212298208 ], [ 11.256363255381359, 43.771526206053153 ], [ 11.256611567780492, 43.771521301170232 ], [ 11.256613598504918, 43.771575282425459 ], [ 11.256638429763679, 43.771574791906609 ], [ 11.256641137434768, 43.771646766911445 ], [ 11.25671563129648, 43.771645295318848 ], [ 11.256706831112275, 43.77141137656124 ], [ 11.256855818238963, 43.771408433254393 ], [ 11.256854464284691, 43.771372445755929 ], [ 11.256630983719976, 43.771376860637886 ], [ 11.256635722102635, 43.771502816900707 ], [ 11.256437072252837, 43.77150674089085 ], [ 11.256426919505348, 43.771236834572719 ], [ 11.256799386268323, 43.771229476877124 ], [ 11.256798709312017, 43.771211483126656 ], [ 11.257071851433322, 43.771206086715786 ], [ 11.257072528471392, 43.771224080462879 ], [ 11.258214758679118, 43.771201506572943 ], [ 11.258217468205343, 43.771273481504295 ], [ 11.258192637098272, 43.771273972363552 ], [ 11.25820618473151, 43.771633847010818 ], [ 11.258181353475148, 43.771634337870807 ], [ 11.258190836863871, 43.771886250112665 ], [ 11.258166005502817, 43.771886740971546 ], [ 11.258171424577906, 43.772030690820749 ], [ 11.257923110338155, 43.772035599137659 ], [ 11.257920401092916, 43.771963624201327 ], [ 11.25789556969522, 43.771964115002149 ], [ 11.257894215091236, 43.771928127532966 ], [ 11.257869383707776, 43.771928618327792 ], [ 11.257865997245977, 43.771838649652189 ], [ 11.257841165899055, 43.771839140440079 ], [ 11.257839134051812, 43.771785159233026 ], [ 11.257814302726564, 43.771785650014593 ], [ 11.257817011827743, 43.771857624958436 ], [ 11.25766802368466, 43.771860569542085 ], [ 11.257668700916929, 43.771878563279728 ], [ 11.257643869550115, 43.771879054025113 ], [ 11.257644546775577, 43.771897047762991 ], [ 11.257545221272315, 43.771899010691833 ], [ 11.25754589846867, 43.771917004430883 ], [ 11.257297584592223, 43.771921911378719 ], [ 11.257298261714874, 43.771939905120767 ], [ 11.257422418698116, 43.771937451712695 ], [ 11.257426481670212, 43.772045414154363 ], [ 11.257575470296974, 43.772042469875764 ], [ 11.257574793088788, 43.772024476137474 ], [ 11.257624455944486, 43.772023494668765 ], [ 11.257631228203273, 43.772203432042467 ], [ 11.257656059704512, 43.772202941296968 ], [ 11.25765876865535, 43.772274916243397 ], [ 11.257534610994204, 43.772277369923145 ], [ 11.257535288196317, 43.772295363661136 ], [ 11.257187646557512, 43.772302233251807 ] ] ] } },
{ "type": "Feature", "properties": { "height": 16.921066284179688 }, "geometry": { "type": "Polygon", "coordinates": [ [ [ 11.251216421720525, 43.771447677877795 ], [ 11.251215746432905, 43.771429684058873 ], [ 11.251190915141516, 43.771430173398329 ], [ 11.251189564583019, 43.771394185759682 ], [ 11.251164733305869, 43.771394675093148 ], [ 11.251163382764743, 43.771358687453635 ], [ 11.251138551501832, 43.771359176781083 ], [ 11.251137876239644, 43.771341182960931 ], [ 11.251113044983541, 43.771341672282702 ], [ 11.251111694475906, 43.771305684641568 ], [ 11.251086863234043, 43.771306173957328 ], [ 11.2510861879886, 43.771288180136359 ], [ 11.251061356753542, 43.77128866944642 ], [ 11.251060681516158, 43.771270675625082 ], [ 11.251035850287908, 43.771271164929452 ], [ 11.251034499829881, 43.771235177285959 ], [ 11.251009668615874, 43.771235666584332 ], [ 11.251008993395233, 43.771217672762198 ], [ 11.251083487013084, 43.771216204851832 ], [ 11.251084162256021, 43.771234198673064 ], [ 11.251208318310411, 43.771231752046461 ], [ 11.251208993591144, 43.771249745866101 ], [ 11.25133314966704, 43.771247299103209 ], [ 11.251333824985565, 43.771265292921242 ], [ 11.251433149864742, 43.771263335412684 ], [ 11.251433825213624, 43.771281329229453 ], [ 11.251557981335669, 43.77127888222094 ], [ 11.251558656722342, 43.771296876036097 ], [ 11.251583487952306, 43.771296386617912 ], [ 11.251584838742399, 43.771332374247429 ], [ 11.251535176252114, 43.771333353079626 ], [ 11.251535851633236, 43.771351346894896 ], [ 11.251486189125579, 43.771352325706133 ], [ 11.25148686449246, 43.771370319521949 ], [ 11.251412370703976, 43.771371787699294 ], [ 11.251413046049183, 43.771389781515971 ], [ 11.251363383505531, 43.771390760274528 ], [ 11.251364058836499, 43.771408754091752 ], [ 11.251289564994023, 43.77141022219007 ], [ 11.251290240303318, 43.771428216008147 ], [ 11.251240577723669, 43.771429194714017 ], [ 11.251241253018723, 43.771447188532626 ], [ 11.251216421720525, 43.771447677877795 ] ] ] } },
{ "type": "Feature", "properties": { "height": 20.495376586914062 }, "geometry": { "type": "Polygon", "coordinates": [ [ [ 11.252725048117336, 43.77125587375383 ], [ 11.252711533528325, 43.770895997724253 ], [ 11.253034337056924, 43.770889631657411 ], [ 11.25304785357852, 43.771249507607486 ], [ 11.252725048117336, 43.77125587375383 ] ] ] } },
{ "type": "Feature", "properties": { "height": 14.841636657714844 }, "geometry": { "type": "Polygon", "coordinates": [ [ [ 11.257865768987976, 43.771172390620052 ], [ 11.25786170534939, 43.771064428194514 ], [ 11.25783687432272, 43.771064918974616 ], [ 11.25783348801167, 43.77097495028336 ], [ 11.257808657021537, 43.770975441056528 ], [ 11.257805948013733, 43.770903466101132 ], [ 11.257781117052703, 43.770903956867699 ], [ 11.257777730844246, 43.770813988170417 ], [ 11.257752899919751, 43.77081447893007 ], [ 11.257745450398177, 43.770616547786972 ], [ 11.258142743806548, 43.770608695039805 ], [ 11.258143421151566, 43.770626688775501 ], [ 11.258168251991682, 43.770626197932685 ], [ 11.258175025550734, 43.770806135283067 ], [ 11.25819985646455, 43.770805644431782 ], [ 11.258210017032409, 43.77107555044055 ], [ 11.258185186007102, 43.771076041296418 ], [ 11.258188572857302, 43.771166009964276 ], [ 11.257865768987976, 43.771172390620052 ] ] ] } },
{ "type": "Feature", "properties": { "height": 7.7186355590820312 }, "geometry": { "type": "Polygon", "coordinates": [ [ [ 11.257493302853005, 43.771179751783208 ], [ 11.257492625689832, 43.771161758041181 ], [ 11.257070497359068, 43.771170099221379 ], [ 11.257067789218096, 43.771098124231813 ], [ 11.257092620271667, 43.77109763361851 ], [ 11.257091266190084, 43.77106164612394 ], [ 11.257116097228161, 43.771061155505848 ], [ 11.257114066088196, 43.771007174264426 ], [ 11.257287883181068, 43.771003739793315 ], [ 11.257285851890661, 43.770949758557748 ], [ 11.257236189911863, 43.770950739860325 ], [ 11.257231450360289, 43.770824783637408 ], [ 11.257181788483038, 43.770825764914129 ], [ 11.257182465545085, 43.770843758661073 ], [ 11.25708314175332, 43.770845721151062 ], [ 11.257085849888862, 43.770917696143066 ], [ 11.257061018909617, 43.770918186753313 ], [ 11.25706508108717, 43.771026149241195 ], [ 11.257040250062703, 43.771026639847896 ], [ 11.257045666275138, 43.771170589830533 ], [ 11.256549044464657, 43.771180400881477 ], [ 11.2565476907051, 43.77114441337396 ], [ 11.256473197456467, 43.77114588484379 ], [ 11.256471843744016, 43.771109897334171 ], [ 11.256447012674752, 43.771110387812719 ], [ 11.256430768499612, 43.770678537669568 ], [ 11.256778400914781, 43.770671670582232 ], [ 11.256777723977939, 43.770653676829738 ], [ 11.257001201827245, 43.770649261718454 ], [ 11.257000524824136, 43.77063126796866 ], [ 11.257174340841962, 43.77062783369351 ], [ 11.257173663787452, 43.770609839945784 ], [ 11.257297818029897, 43.770607386731939 ], [ 11.257299172213878, 43.77064337422425 ], [ 11.257324003075349, 43.77064288356469 ], [ 11.25732738858345, 43.770732852292802 ], [ 11.257401881275587, 43.770731380277212 ], [ 11.257411361093974, 43.770983292694361 ], [ 11.257436192094156, 43.770982802007424 ], [ 11.257432806393437, 43.770892833290006 ], [ 11.257457637355829, 43.770892342599218 ], [ 11.257456283065071, 43.770856355112407 ], [ 11.257754254386384, 43.770850466409783 ], [ 11.257758995039383, 43.770976422586727 ], [ 11.257783826030774, 43.770975931824331 ], [ 11.257785180523577, 43.771011919302254 ], [ 11.257810011529205, 43.771011428533861 ], [ 11.25781542958501, 43.771155378440504 ], [ 11.257840260649473, 43.771154887664267 ], [ 11.257840937916709, 43.771172881401988 ], [ 11.257493302853005, 43.771179751783208 ] ] ] } },
{ "type": "Feature", "properties": { "height": 15.008285522460938 }, "geometry": { "type": "Polygon", "coordinates": [ [ [ 11.255581307802863, 43.771217519994856 ], [ 11.25558063121203, 43.771199526229246 ], [ 11.254835697291304, 43.771214232456202 ], [ 11.254827580926129, 43.77099830715364 ], [ 11.254802749874909, 43.770998797273982 ], [ 11.254791251971895, 43.770692903074057 ], [ 11.25491540658992, 43.77069045244447 ], [ 11.254914730211164, 43.77067245866894 ], [ 11.254989222952155, 43.770670988227423 ], [ 11.254996663398245, 43.77086891974448 ], [ 11.255021494392414, 43.770868429583153 ], [ 11.255014053864562, 43.770670498069457 ], [ 11.255262362954142, 43.770665596193453 ], [ 11.255261686471956, 43.770647602422144 ], [ 11.255559657207444, 43.770641719463086 ], [ 11.255573865338214, 43.771019588569601 ], [ 11.255598696384849, 43.771019098281542 ], [ 11.255606138931261, 43.771217029703429 ], [ 11.255581307802863, 43.771217519994856 ] ] ] } },
{ "type": "Feature", "properties": { "height": 17.160568237304688 }, "geometry": { "type": "Polygon", "coordinates": [ [ [ 11.259132830443983, 43.771165347315133 ], [ 11.259124698632947, 43.770949422650126 ], [ 11.259099867675483, 43.77094991370361 ], [ 11.259091058412279, 43.77071599530192 ], [ 11.259066227550814, 43.770716486346018 ], [ 11.25906080657802, 43.770572536552443 ], [ 11.260054038167894, 43.770552890682268 ], [ 11.26006149528626, 43.770750821512394 ], [ 11.260011833567134, 43.770751804017479 ], [ 11.260019290598054, 43.770949734846496 ], [ 11.259944797769366, 43.770951208573827 ], [ 11.25994411987662, 43.770933214861493 ], [ 11.259919288939901, 43.770933706092862 ], [ 11.259921322597728, 43.770987687230537 ], [ 11.259896491638081, 43.770988178457422 ], [ 11.259897169517847, 43.771006172170161 ], [ 11.259847507581803, 43.77100715460837 ], [ 11.259844796125968, 43.770935179754574 ], [ 11.259770303306377, 43.770936653367784 ], [ 11.259770981147094, 43.770954647082256 ], [ 11.259795812095019, 43.770954155882933 ], [ 11.259803268466159, 43.771152086734411 ], [ 11.259132830443983, 43.771165347315133 ] ] ] } },
{ "type": "Feature", "properties": { "height": 15.877944946289062 }, "geometry": { "type": "Polygon", "coordinates": [ [ [ 11.255706816696462, 43.771251056011792 ], [ 11.255694637465918, 43.7709271682508 ], [ 11.255669806458956, 43.770927658558882 ], [ 11.255658304165374, 43.770621764537786 ], [ 11.256403230310468, 43.770607053106637 ], [ 11.256410675403142, 43.770804984433163 ], [ 11.256385844458981, 43.770805474895724 ], [ 11.256387198105488, 43.7708414624094 ], [ 11.256412029064517, 43.770840971946221 ], [ 11.256425565816356, 43.771200847062516 ], [ 11.256202085824569, 43.771205261092199 ], [ 11.256202762601854, 43.771223254850078 ], [ 11.255755802331969, 43.771232081605099 ], [ 11.255756478976087, 43.771250075368435 ], [ 11.255706816696462, 43.771251056011792 ] ] ] } },
{ "type": "Feature", "properties": { "height": 4.3953857421875 }, "geometry": { "type": "Polygon", "coordinates": [ [ [ 11.256427384341968, 43.77058856888501 ], [ 11.256423323373511, 43.770480606341401 ], [ 11.256621969828876, 43.770476682447807 ], [ 11.256626031154106, 43.770584644976722 ], [ 11.256427384341968, 43.77058856888501 ] ] ] } },
{ "type": "Feature", "properties": { "height": 16.2921142578125 }, "geometry": { "type": "Polygon", "coordinates": [ [ [ 11.253919464884682, 43.770638078556622 ], [ 11.253909999836676, 43.770386165518346 ], [ 11.25400932308499, 43.770384205802117 ], [ 11.254009999185504, 43.770402199589761 ], [ 11.254258307336723, 43.770397299918812 ], [ 11.254258983512191, 43.770415293703337 ], [ 11.254283814331297, 43.770414803706288 ], [ 11.254291252384588, 43.770612735328363 ], [ 11.253968450624413, 43.770619104913301 ], [ 11.253969126718211, 43.770637098700711 ], [ 11.253919464884682, 43.770638078556622 ] ] ] } },
{ "type": "Feature", "properties": { "height": 16.47467041015625 }, "geometry": { "type": "Polygon", "coordinates": [ [ [ 11.253953761076719, 43.770889501652562 ], [ 11.253948352333122, 43.770745551356292 ], [ 11.253923521371446, 43.770746041283388 ], [ 11.253920817044428, 43.770674066132457 ], [ 11.254119464482422, 43.770670146574595 ], [ 11.254118112203749, 43.770634159003635 ], [ 11.254366421296147, 43.770629259077289 ], [ 11.254365745083424, 43.770611265294782 ], [ 11.254340914184439, 43.770611755311371 ], [ 11.254332123572723, 43.770377836128738 ], [ 11.254630093159639, 43.770371955621712 ], [ 11.254643619005433, 43.770731831209282 ], [ 11.254668449948921, 43.770731341125874 ], [ 11.254673860416952, 43.770875291351146 ], [ 11.254450381367807, 43.770879701929815 ], [ 11.254449705124003, 43.770861708149127 ], [ 11.254151733068648, 43.770867588237834 ], [ 11.254152409223256, 43.770885582022196 ], [ 11.253953761076719, 43.770889501652562 ] ] ] } },
{ "type": "Feature", "properties": { "height": 16.327926635742188 }, "geometry": { "type": "Polygon", "coordinates": [ [ [ 11.25476303938189, 43.770603424296361 ], [ 11.254761010390705, 43.770549442963109 ], [ 11.25478584125673, 43.770548952855812 ], [ 11.254779077919228, 43.770369015077129 ], [ 11.255052216586495, 43.770363623574738 ], [ 11.25505424582644, 43.770417604898931 ], [ 11.255103907438746, 43.770416624553867 ], [ 11.255101878154205, 43.770362643231508 ], [ 11.255399847507777, 43.770356760719324 ], [ 11.255399170991659, 43.77033876694874 ], [ 11.255523324825152, 43.770336315674449 ], [ 11.255531443505941, 43.770552240898667 ], [ 11.255407289226484, 43.77055469219134 ], [ 11.25540796575013, 43.770572685961127 ], [ 11.255109995326244, 43.770578568517386 ], [ 11.255105260298244, 43.770452612101778 ], [ 11.255080429477539, 43.770453102277607 ], [ 11.255079753054909, 43.770435108503385 ], [ 11.255005260611325, 43.770436578997661 ], [ 11.25501067183154, 43.770580529196991 ], [ 11.254985840956294, 43.770581019353422 ], [ 11.254986517354212, 43.77059901312834 ], [ 11.25476303938189, 43.770603424296361 ] ] ] } },
{ "type": "Feature", "properties": { "height": 16.449951171875 }, "geometry": { "type": "Polygon", "coordinates": [ [ [ 11.258288574505082, 43.771182040234457 ], [ 11.258280445726673, 43.770966115444352 ], [ 11.258255614747844, 43.770966606314566 ], [ 11.258244099259644, 43.77066071284063 ], [ 11.258219268406547, 43.770661203700243 ], [ 11.258217236302716, 43.770607222496082 ], [ 11.258266897963685, 43.770606240773326 ], [ 11.258266220582131, 43.770588247039086 ], [ 11.258216558936027, 43.770589228761231 ], [ 11.258207753226259, 43.770355310202241 ], [ 11.258182922498888, 43.770355801051252 ], [ 11.258182245148427, 43.77033780731518 ], [ 11.258356060174796, 43.770334371261107 ], [ 11.258355382772937, 43.770316377527109 ], [ 11.258628520527557, 43.770310977483312 ], [ 11.258627843044566, 43.770292983752633 ], [ 11.258876149953924, 43.770288074058996 ], [ 11.258875472397236, 43.770270080331315 ], [ 11.258974795113653, 43.770268116304159 ], [ 11.258981571006121, 43.770448053565779 ], [ 11.259006401757979, 43.770447562542451 ], [ 11.259009112162293, 43.770519537444045 ], [ 11.258984281380704, 43.770520028468596 ], [ 11.258984958975919, 43.770538022194145 ], [ 11.258538004666049, 43.770546859719936 ], [ 11.258538682128105, 43.770564853450935 ], [ 11.258762159375383, 43.770560434903587 ], [ 11.258762836904962, 43.770578428631758 ], [ 11.258862160139369, 43.770576464691558 ], [ 11.258862837699306, 43.770594458418437 ], [ 11.25888766851377, 43.770593967419607 ], [ 11.258886990946399, 43.770575973693035 ], [ 11.259011144972126, 43.770573518619564 ], [ 11.259015210608759, 43.770681480968818 ], [ 11.259040041456617, 43.77068098993611 ], [ 11.259052916263101, 43.771022870687439 ], [ 11.259077747251551, 43.771022379643519 ], [ 11.259083168350038, 43.771166329424055 ], [ 11.258288574505082, 43.771182040234457 ] ] ] } },
{ "type": "Feature", "properties": { "height": 4.7123489379882812 }, "geometry": { "type": "Polygon", "coordinates": [ [ [ 11.255657627565517, 43.770603770771253 ], [ 11.255648155233404, 43.770351858032917 ], [ 11.255697816770999, 43.77035087743095 ], [ 11.25569714016569, 43.770332883664047 ], [ 11.25599510924936, 43.770326999603157 ], [ 11.255994432555486, 43.77030900583987 ], [ 11.256193078501598, 43.77030508270385 ], [ 11.256192401748891, 43.770287088942943 ], [ 11.256366216866761, 43.770283655918085 ], [ 11.256365540062649, 43.770265662159261 ], [ 11.256390370783832, 43.77026517170588 ], [ 11.256402553487629, 43.770589059349291 ], [ 11.256377722632656, 43.770589549808186 ], [ 11.256377045817878, 43.770571556050456 ], [ 11.255756274425472, 43.770583815763239 ], [ 11.255756951054433, 43.770601809528607 ], [ 11.255657627565517, 43.770603770771253 ] ] ] } },
{ "type": "Feature", "properties": { "height": 17.674057006835938 }, "geometry": { "type": "Polygon", "coordinates": [ [ [ 11.259059451341104, 43.770536549103383 ], [ 11.259051319972404, 43.770320624403624 ], [ 11.259026489273831, 43.770321115435593 ], [ 11.259024456468094, 43.770267134258248 ], [ 11.259098948495039, 43.77026566114894 ], [ 11.259098270872084, 43.770247667423952 ], [ 11.259346577513391, 43.770242756712342 ], [ 11.259345899816742, 43.770224762990352 ], [ 11.259569375673287, 43.770220342891797 ], [ 11.259568697910373, 43.770202349172507 ], [ 11.259817004283606, 43.770197437442889 ], [ 11.259816326446995, 43.770179443726605 ], [ 11.260039802062263, 43.770175022711847 ], [ 11.260043869492723, 43.770282984992051 ], [ 11.259919716156439, 43.770285441174458 ], [ 11.259920394026555, 43.770303434889136 ], [ 11.259895563349978, 43.770303926109747 ], [ 11.259898274806991, 43.770375900969 ], [ 11.26007208973793, 43.770372462302902 ], [ 11.260077513098359, 43.770516412001101 ], [ 11.259059451341104, 43.770536549103383 ] ] ] } },
{ "type": "Feature", "properties": { "height": 16.116409301757812 }, "geometry": { "type": "Polygon", "coordinates": [ [ [ 11.251557305949621, 43.771260888405699 ], [ 11.251556630564199, 43.771242894590408 ], [ 11.251457305727282, 43.771244852205555 ], [ 11.251456630372219, 43.771226858388971 ], [ 11.251332474349145, 43.771229305285097 ], [ 11.251331799031874, 43.771211311466928 ], [ 11.251257305432812, 43.771212779538999 ], [ 11.251255954844748, 43.771176791900622 ], [ 11.25133044839921, 43.771175323830391 ], [ 11.251329773083819, 43.771157330012024 ], [ 11.251354604259953, 43.7711568406448 ], [ 11.251353928937755, 43.771138846826673 ], [ 11.251403591273281, 43.771137868076671 ], [ 11.251402240601029, 43.771101880441435 ], [ 11.251302915986939, 43.771103837917437 ], [ 11.251300214768882, 43.771031862641308 ], [ 11.251374708141194, 43.771030394546067 ], [ 11.251374032815946, 43.771012400727784 ], [ 11.251398863931364, 43.771011911352232 ], [ 11.251396837937081, 43.770957929897918 ], [ 11.251372006843962, 43.77095841927256 ], [ 11.251371331521218, 43.770940425454015 ], [ 11.251346500434906, 43.770940914822958 ], [ 11.251343123867754, 43.770850945727744 ], [ 11.251367954916903, 43.770850456360336 ], [ 11.251365928961828, 43.770796474903342 ], [ 11.25139075998805, 43.770795985531464 ], [ 11.251389409339598, 43.770759997893748 ], [ 11.25141424035033, 43.770759508517095 ], [ 11.251413565019611, 43.770741514698436 ], [ 11.251339072007841, 43.770742982811363 ], [ 11.251338396700046, 43.770724988991738 ], [ 11.251313565702304, 43.770725478351615 ], [ 11.25131289040257, 43.770707484531627 ], [ 11.251288059411634, 43.770707973885798 ], [ 11.251284682959522, 43.770618004783316 ], [ 11.251309513913291, 43.770617515430651 ], [ 11.251308838617316, 43.770599521610258 ], [ 11.251358500508115, 43.770598542889381 ], [ 11.251357149888308, 43.770562555249626 ], [ 11.251332318958088, 43.770563044612153 ], [ 11.251331643656558, 43.770545050791874 ], [ 11.251381305501507, 43.770544072062037 ], [ 11.251379279556076, 43.770490090602642 ], [ 11.251354448656214, 43.770490579969341 ], [ 11.251352422738718, 43.770436598508425 ], [ 11.251327591860527, 43.770437087868821 ], [ 11.25132624126686, 43.770401100227282 ], [ 11.251301410402908, 43.770401589581667 ], [ 11.251302085691995, 43.770419583402777 ], [ 11.251277254819986, 43.770420072752081 ], [ 11.251273878417974, 43.770330103644369 ], [ 11.251249047582501, 43.770330592986753 ], [ 11.251247021771109, 43.77027661152043 ], [ 11.251222190957307, 43.770277100856497 ], [ 11.251221515695528, 43.770259107033951 ], [ 11.251196684888535, 43.77025959636434 ], [ 11.25119736014288, 43.770277590187185 ], [ 11.251147698512147, 43.770278568832396 ], [ 11.251148373752255, 43.77029656265578 ], [ 11.251098712104151, 43.770297541280037 ], [ 11.25109803687891, 43.770279547456028 ], [ 11.251073206061351, 43.770280036759765 ], [ 11.251071855627613, 43.770244049110943 ], [ 11.251121517232372, 43.770243070499298 ], [ 11.251120842001576, 43.770225076675409 ], [ 11.25119533438172, 43.770223608718432 ], [ 11.251194659129252, 43.770205614895396 ], [ 11.251244320698019, 43.770204636231078 ], [ 11.251243645431313, 43.770186642408575 ], [ 11.251318137757467, 43.770185174372592 ], [ 11.251317462469089, 43.770167180550942 ], [ 11.251391954767307, 43.770165712467353 ], [ 11.251391279457257, 43.770147718646562 ], [ 11.251440940971406, 43.770146739897832 ], [ 11.251440265647117, 43.770128746077582 ], [ 11.251539588638169, 43.770126788516656 ], [ 11.251541614702107, 43.770180769973557 ], [ 11.251566445470605, 43.77018028056893 ], [ 11.251571173027083, 43.770306237297255 ], [ 11.251596003846981, 43.770305747885097 ], [ 11.251601406865712, 43.770449698425395 ], [ 11.251626237744446, 43.770449209005413 ], [ 11.25163366704242, 43.770647140988146 ], [ 11.251608836081925, 43.770647630411489 ], [ 11.251631124185309, 43.771241426322455 ], [ 11.2516062929789, 43.771241915750494 ], [ 11.251606968379187, 43.771259909565174 ], [ 11.251557305949621, 43.771260888405699 ] ] ] } },
{ "type": "Feature", "properties": { "height": 16.327934265136719 }, "geometry": { "type": "Polygon", "coordinates": [ [ [ 11.251757306544507, 43.771292960539732 ], [ 11.251713403848395, 43.770123362577529 ], [ 11.251862388289876, 43.770120425848063 ], [ 11.251866441003143, 43.770228388737422 ], [ 11.251891271785793, 43.770227899261805 ], [ 11.251886543570478, 43.770101942559471 ], [ 11.252110020117883, 43.770097537055676 ], [ 11.252109344594162, 43.77007954324354 ], [ 11.252307990312014, 43.770075626876071 ], [ 11.252313394995001, 43.770219577351725 ], [ 11.252338225766374, 43.77021908777909 ], [ 11.252344306149558, 43.770381032056434 ], [ 11.2523691369872, 43.770380542475664 ], [ 11.252374541874325, 43.770524492937554 ], [ 11.2523993727708, 43.770524003348939 ], [ 11.252412885312708, 43.770883879479264 ], [ 11.252437716357219, 43.770883389879145 ], [ 11.252452580606336, 43.771279253585668 ], [ 11.251757306544507, 43.771292960539732 ] ] ] } },
{ "type": "Feature", "properties": { "height": 15.318473815917969 }, "geometry": { "type": "Polygon", "coordinates": [ [ [ 11.253198368884647, 43.771948816815033 ], [ 11.253175388852325, 43.771337027822874 ], [ 11.253696844318968, 43.771326741525527 ], [ 11.253693464183092, 43.771236772581851 ], [ 11.253172009496923, 43.771247058847081 ], [ 11.253164574970203, 43.771049127094599 ], [ 11.253189406070241, 43.771048637329713 ], [ 11.253183323265166, 43.770886693165473 ], [ 11.253704774816304, 43.770876406915512 ], [ 11.253704098796115, 43.770858413125573 ], [ 11.253679267783573, 43.770858903000608 ], [ 11.253675887729202, 43.770768934048448 ], [ 11.25317926808999, 43.770778730386382 ], [ 11.253151558330215, 43.770040984666409 ], [ 11.253772325221473, 43.770028739220642 ], [ 11.25378787386491, 43.770442596413361 ], [ 11.253812704703364, 43.770442106518431 ], [ 11.253851916229834, 43.771485746224791 ], [ 11.253876747498772, 43.771485256306725 ], [ 11.25389364985516, 43.771935100932431 ], [ 11.253198368884647, 43.771948816815033 ] ] ] } },
{ "type": "Feature", "properties": { "height": 16.921058654785156 }, "geometry": { "type": "Polygon", "coordinates": [ [ [ 11.253907971628092, 43.770332184151336 ], [ 11.253896478552708, 43.77002628972722 ], [ 11.254542075622423, 43.770013550189226 ], [ 11.254542751873913, 43.770031543971449 ], [ 11.254617243838513, 43.770030073789364 ], [ 11.254628064304407, 43.770317974281319 ], [ 11.253907971628092, 43.770332184151336 ] ] ] } },
{ "type": "Feature", "properties": { "height": 16.354721069335938 }, "geometry": { "type": "Polygon", "coordinates": [ [ [ 11.254776372601789, 43.770297039963836 ], [ 11.254765551432397, 43.77000913950021 ], [ 11.255013857828338, 43.770004238222548 ], [ 11.255024680186951, 43.770292138637217 ], [ 11.254776372601789, 43.770297039963836 ] ] ] } },
{ "type": "Feature", "properties": { "height": 17.205284118652344 }, "geometry": { "type": "Polygon", "coordinates": [ [ [ 11.252957140759301, 43.770819125633814 ], [ 11.252956464964608, 43.770801131834446 ], [ 11.252583999874556, 43.770808476949831 ], [ 11.252576567400727, 43.770610545102052 ], [ 11.252601398329354, 43.770610055468779 ], [ 11.252598695600666, 43.770538080250674 ], [ 11.252524202902094, 43.770539549130625 ], [ 11.252524878561028, 43.770557542936167 ], [ 11.252425554924429, 43.770559501368531 ], [ 11.252421501158615, 43.77045153852697 ], [ 11.252396670292496, 43.770452028119742 ], [ 11.252389238528849, 43.770254096234076 ], [ 11.252364407743862, 43.770254585818087 ], [ 11.252357651735212, 43.770074647730311 ], [ 11.252432143865308, 43.770073178971231 ], [ 11.252431468245591, 43.77005518516301 ], [ 11.252605283141856, 43.770051757871975 ], [ 11.252604607470738, 43.770033764065836 ], [ 11.252852914337813, 43.770028867480683 ], [ 11.252867105123769, 43.770406737331818 ], [ 11.252941597639934, 43.770405268231897 ], [ 11.252942949202369, 43.77044125583344 ], [ 11.253042272607939, 43.770439296955637 ], [ 11.253056464789232, 43.770817166730318 ], [ 11.252957140759301, 43.770819125633814 ] ] ] } },
{ "type": "Feature", "properties": { "height": 7.3351287841796875 }, "geometry": { "type": "Polygon", "coordinates": [ [ [ 11.255621971298268, 43.770316360790112 ], [ 11.255608439782344, 43.769956485418724 ], [ 11.256105051787548, 43.769946678671381 ], [ 11.256112495725414, 43.770144610061507 ], [ 11.256137326400843, 43.770144119664181 ], [ 11.256142063543777, 43.770270075997097 ], [ 11.256042740630182, 43.770272037562648 ], [ 11.256043417337667, 43.770290031325466 ], [ 11.255795109935422, 43.770294934865113 ], [ 11.255795786569207, 43.770312928630922 ], [ 11.255621971298268, 43.770316360790112 ] ] ] } },
{ "type": "Feature", "properties": { "height": 18.739311218261719 }, "geometry": { "type": "Polygon", "coordinates": [ [ [ 11.25817953575287, 43.770265832370242 ], [ 11.258176149022555, 43.770175863687605 ], [ 11.258151318368883, 43.770176354528154 ], [ 11.258147931691438, 43.770086385842369 ], [ 11.2581231010743, 43.77008687667599 ], [ 11.25811903712669, 43.769978914249045 ], [ 11.258094206553521, 43.769979405075439 ], [ 11.258092174610494, 43.769925423860158 ], [ 11.258166666261227, 43.769923951367566 ], [ 11.258165988925844, 43.769905957629923 ], [ 11.258314972165758, 43.769903012501032 ], [ 11.258315649545734, 43.769921006236821 ], [ 11.258340480090952, 43.769920515362834 ], [ 11.258344544428612, 43.77002847777441 ], [ 11.258369375017796, 43.77002798689319 ], [ 11.258372762020286, 43.770117955566171 ], [ 11.258397592646006, 43.770117464678023 ], [ 11.258400302289033, 43.770189439614015 ], [ 11.258425132943856, 43.770188948719259 ], [ 11.258427842626666, 43.77026092365297 ], [ 11.25817953575287, 43.770265832370242 ] ] ] } },
{ "type": "Feature", "properties": { "height": 10.489692687988281 }, "geometry": { "type": "Polygon", "coordinates": [ [ [ 11.255074341696456, 43.770291158307209 ], [ 11.255064195507572, 43.770021251678145 ], [ 11.255039364864622, 43.770021741841248 ], [ 11.255037335666081, 43.769967760512763 ], [ 11.255509117351183, 43.769958446509477 ], [ 11.255520618618302, 43.770264340597627 ], [ 11.255222649748333, 43.770270223414848 ], [ 11.255223326209915, 43.770288217187826 ], [ 11.255074341696456, 43.770291158307209 ] ] ] } },
{ "type": "Feature", "properties": { "height": 15.008285522460938 }, "geometry": { "type": "Polygon", "coordinates": [ [ [ 11.259021746069241, 43.77019515935423 ], [ 11.259015647708589, 43.770033215816369 ], [ 11.258990817128305, 43.770033706838028 ], [ 11.258984718885445, 43.76987176329213 ], [ 11.259754464508291, 43.76985653919963 ], [ 11.259759209194513, 43.769982495224795 ], [ 11.259808870285752, 43.769981512843117 ], [ 11.259810225945774, 43.770017500277064 ], [ 11.259785395385606, 43.770017991471221 ], [ 11.259789462336165, 43.770125953773338 ], [ 11.259565986864997, 43.770130374294681 ], [ 11.259566664625398, 43.77014836801424 ], [ 11.259293527787515, 43.770153770284132 ], [ 11.259294205466787, 43.770171764006996 ], [ 11.259095560386555, 43.77017569252336 ], [ 11.259096238006995, 43.770193686248611 ], [ 11.259021746069241, 43.77019515935423 ] ] ] } },
{ "type": "Feature", "properties": { "height": 4.2536544799804688 }, "geometry": { "type": "Polygon", "coordinates": [ [ [ 11.252355624944833, 43.770020666302706 ], [ 11.252353598160095, 43.769966684874511 ], [ 11.252428090156405, 43.76996521612093 ], [ 11.252429441390198, 43.770001203737962 ], [ 11.252454272069247, 43.77000071414205 ], [ 11.252454947694519, 43.770018707950157 ], [ 11.252355624944833, 43.770020666302706 ] ] ] } },
{ "type": "Feature", "properties": { "height": 16.113136291503906 }, "geometry": { "type": "Polygon", "coordinates": [ [ [ 11.257430097844168, 43.770820858314906 ], [ 11.257421295128434, 43.770586939638598 ], [ 11.257172986733567, 43.770591846198009 ], [ 11.257170955575681, 43.770537864954257 ], [ 11.257146124755041, 43.770538355579625 ], [ 11.257144093625104, 43.770484374334373 ], [ 11.257044770425448, 43.770486336778291 ], [ 11.257049509529306, 43.77061229302489 ], [ 11.256999847821653, 43.770613274218796 ], [ 11.257000524824136, 43.77063126796866 ], [ 11.256727385305393, 43.770636664153116 ], [ 11.256728062226742, 43.770654657906285 ], [ 11.256653569595239, 43.770656129480678 ], [ 11.256648154420402, 43.770512179446136 ], [ 11.256672985238737, 43.770511688929176 ], [ 11.256670277636655, 43.770439713911571 ], [ 11.256521292895624, 43.770442656925113 ], [ 11.256521969750604, 43.770460650681457 ], [ 11.256422646547632, 43.770462612583898 ], [ 11.256415878323359, 43.770282675005326 ], [ 11.256490370503553, 43.770281203595765 ], [ 11.256489693662278, 43.770263209838468 ], [ 11.256837323657747, 43.770256342623362 ], [ 11.256838000603077, 43.770274336376374 ], [ 11.257111138452094, 43.770268939962861 ], [ 11.257117231724147, 43.770430883706673 ], [ 11.257142062500821, 43.770430393088532 ], [ 11.257128521816675, 43.770070518101228 ], [ 11.257103691188654, 43.770071008713259 ], [ 11.257110461425006, 43.770250946213217 ], [ 11.257035969314195, 43.770252418026118 ], [ 11.257035292310034, 43.7702344242755 ], [ 11.256786985307519, 43.770239329965094 ], [ 11.256781569891428, 43.770095379933252 ], [ 11.256682247310685, 43.770097342048373 ], [ 11.256687662488936, 43.770241292090006 ], [ 11.256414524686038, 43.770246687488829 ], [ 11.25640911016186, 43.770102737420245 ], [ 11.2563842795082, 43.770103227876255 ], [ 11.256389693972917, 43.77024717794729 ], [ 11.256340032544793, 43.770248158848041 ], [ 11.256340709340842, 43.770266152607242 ], [ 11.256166894270606, 43.770269585592231 ], [ 11.256160126858646, 43.770089647975865 ], [ 11.256135296206141, 43.770090138377661 ], [ 11.256131235833685, 43.769982175802873 ], [ 11.256180897048873, 43.769981194997555 ], [ 11.256179543566679, 43.769945207473334 ], [ 11.256378188283408, 43.76994128404133 ], [ 11.256378865083652, 43.769959277801036 ], [ 11.256949968591421, 43.769947996005435 ], [ 11.256949291620229, 43.769930002252799 ], [ 11.257222427881308, 43.769924605606832 ], [ 11.257221750828986, 43.7699066118575 ], [ 11.257345903612652, 43.769904158622531 ], [ 11.257345226523796, 43.769886164874656 ], [ 11.257419718164163, 43.769884692869915 ], [ 11.257419041053637, 43.769866699122886 ], [ 11.257493532666055, 43.769865227070554 ], [ 11.25749285553386, 43.769847233324391 ], [ 11.25756734711833, 43.769845761224474 ], [ 11.257566669964465, 43.76982776747915 ], [ 11.257616331002774, 43.76982678605286 ], [ 11.257615653834671, 43.769808792308098 ], [ 11.257690145365126, 43.769807320129161 ], [ 11.257689468175357, 43.769789326385258 ], [ 11.257739129177654, 43.769788344906296 ], [ 11.257739806382288, 43.769806338649595 ], [ 11.257764636889927, 43.769805847901722 ], [ 11.257765314102624, 43.769823841644651 ], [ 11.257790144617069, 43.769823350891087 ], [ 11.257791499059207, 43.769859338376129 ], [ 11.257816329587888, 43.769858847616568 ], [ 11.257817006817334, 43.769876841358695 ], [ 11.257841837352817, 43.769876350593435 ], [ 11.257842514590322, 43.769894344335178 ], [ 11.257867345132611, 43.769893853564213 ], [ 11.257868022378178, 43.769911847305593 ], [ 11.25789285292727, 43.76991135652893 ], [ 11.257893530180898, 43.76992935026994 ], [ 11.257918360736795, 43.769928859487578 ], [ 11.257919037998482, 43.76994685322822 ], [ 11.257943868561185, 43.769946362440166 ], [ 11.257945223101308, 43.769982349920632 ], [ 11.257970053678248, 43.769981859126567 ], [ 11.257970730956684, 43.769999852866398 ], [ 11.257995561540426, 43.769999362066635 ], [ 11.257996916114049, 43.770035349545495 ], [ 11.25802174671203, 43.770034858739741 ], [ 11.25802513319424, 43.770124827434167 ], [ 11.258049963828753, 43.770124336621485 ], [ 11.25805809153932, 43.77034026147782 ], [ 11.258082922262398, 43.770339770656072 ], [ 11.258086986196197, 43.770447733078868 ], [ 11.25813664772966, 43.77044675141552 ], [ 11.258141389118398, 43.770572707568199 ], [ 11.258166219936218, 43.770572216726293 ], [ 11.25816689728741, 43.770590210461819 ], [ 11.257695111500226, 43.770599535542061 ], [ 11.257697820346394, 43.770671510506808 ], [ 11.257722651212683, 43.770671019760393 ], [ 11.257728068994629, 43.770814969684317 ], [ 11.257430097844168, 43.770820858314906 ] ] ] } },
{ "type": "Feature", "properties": { "height": 15.592803955078125 }, "geometry": { "type": "Polygon", "coordinates": [ [ [ 11.251687222310602, 43.770087864378993 ], [ 11.251681143762518, 43.769925920020128 ], [ 11.251780466401479, 43.769923962257046 ], [ 11.251779790980649, 43.769905968440291 ], [ 11.251903944228093, 43.769903521116717 ], [ 11.251903268770725, 43.769885527301419 ], [ 11.252052252602391, 43.769882590337062 ], [ 11.252051577101057, 43.769864596523533 ], [ 11.252101238358401, 43.769863617492916 ], [ 11.252104615945671, 43.769953586556809 ], [ 11.252129446610567, 43.76995309703188 ], [ 11.252132824250664, 43.77004306609264 ], [ 11.252107993548604, 43.77004355561909 ], [ 11.25210866907107, 43.770061549431347 ], [ 11.251885192657454, 43.770065954929649 ], [ 11.251885868113654, 43.770083948744599 ], [ 11.251687222310602, 43.770087864378993 ] ] ] } },
{ "type": "Feature", "properties": { "height": 7.5722122192382812 }, "geometry": { "type": "Polygon", "coordinates": [ [ [ 11.253918604960644, 43.769953824652241 ], [ 11.253913196477884, 43.76980987432885 ], [ 11.254310485595408, 43.769802035016866 ], [ 11.254315895029535, 43.769945985301092 ], [ 11.253918604960644, 43.769953824652241 ] ] ] } },
{ "type": "Feature", "properties": { "height": 18.001922607421875 }, "geometry": { "type": "Polygon", "coordinates": [ [ [ 11.255607763213137, 43.769938491649476 ], [ 11.255600997555568, 43.769758553953338 ], [ 11.255625828080035, 43.769758063670558 ], [ 11.255625151510296, 43.769740069900891 ], [ 11.256245914232142, 43.769727811086938 ], [ 11.256245237477222, 43.769709817324859 ], [ 11.256319728955186, 43.769708346041718 ], [ 11.256326496755621, 43.769888283650346 ], [ 11.256351327321346, 43.769887793208795 ], [ 11.256352680903833, 43.769923780729137 ], [ 11.255607763213137, 43.769938491649476 ] ] ] } },
{ "type": "Feature", "properties": { "height": 13.73309326171875 }, "geometry": { "type": "Polygon", "coordinates": [ [ [ 11.256402342063128, 43.769922799828628 ], [ 11.256397604431362, 43.769796843510612 ], [ 11.25642243495804, 43.769796353054417 ], [ 11.256419050917019, 43.769706384255407 ], [ 11.256443881405909, 43.769705893795354 ], [ 11.256443204592156, 43.769687900035677 ], [ 11.2566915093722, 43.76968299514175 ], [ 11.256690832484749, 43.769665001385057 ], [ 11.256889476204128, 43.769661077084287 ], [ 11.256888799257846, 43.769643083329974 ], [ 11.257037781976416, 43.769640139879854 ], [ 11.257039812950927, 43.769694121137064 ], [ 11.257064643424123, 43.769693630542264 ], [ 11.257068705434694, 43.769801593053089 ], [ 11.257093535951855, 43.769801102451048 ], [ 11.257096921015091, 43.769891071206764 ], [ 11.257047259905816, 43.769892052408487 ], [ 11.257047936905481, 43.769910046160042 ], [ 11.256402342063128, 43.769922799828628 ] ] ] } },
{ "type": "Feature", "properties": { "height": 8.0987396240234375 }, "geometry": { "type": "Polygon", "coordinates": [ [ [ 11.258984041306046, 43.76985376956447 ], [ 11.258982008571623, 43.769799788381121 ], [ 11.258957178087334, 43.769800279393422 ], [ 11.258951757549312, 43.769656329565855 ], [ 11.259224892187873, 43.769650928161184 ], [ 11.259224214541694, 43.769632934435819 ], [ 11.259447688213429, 43.769628514622383 ], [ 11.259447010500985, 43.769610520899718 ], [ 11.259695314446656, 43.769605609486923 ], [ 11.259694636660518, 43.76958761576725 ], [ 11.259868449333064, 43.769584177459741 ], [ 11.259871838530172, 43.769674146046697 ], [ 11.259847008113102, 43.769674637251185 ], [ 11.25984768594698, 43.769692630968699 ], [ 11.259822855521849, 43.769693122168107 ], [ 11.259826244663493, 43.769783090756171 ], [ 11.259851075125784, 43.769782599555235 ], [ 11.259852430801708, 43.769818586989388 ], [ 11.259653786966862, 43.769822516450915 ], [ 11.259654464746307, 43.769840510170347 ], [ 11.259133024332366, 43.769850823372025 ], [ 11.259132346709002, 43.769832829646134 ], [ 11.259057855220966, 43.769834302765702 ], [ 11.259058532822035, 43.769852296492495 ], [ 11.258984041306046, 43.76985376956447 ] ] ] } },
{ "type": "Feature", "properties": { "height": 17.071823120117188 }, "geometry": { "type": "Polygon", "coordinates": [ [ [ 11.254738691860267, 43.769955648258616 ], [ 11.254734634019027, 43.769847685577432 ], [ 11.254709803442248, 43.769848175667406 ], [ 11.254702364207045, 43.769650244075798 ], [ 11.255074821566499, 43.769642892210726 ], [ 11.255075497968958, 43.769660885987513 ], [ 11.25547278578239, 43.769653042656465 ], [ 11.25548158061741, 43.769886961685145 ], [ 11.255506411197038, 43.769886471427156 ], [ 11.255508440811706, 43.769940452738986 ], [ 11.254738691860267, 43.769955648258616 ] ] ] } },
{ "type": "Feature", "properties": { "height": 18.830650329589844 }, "geometry": { "type": "Polygon", "coordinates": [ [ [ 11.25438971069582, 43.769926521484749 ], [ 11.254387682088309, 43.769872540131217 ], [ 11.254362851495317, 43.769873030146037 ], [ 11.2543547372109, 43.769657104722334 ], [ 11.254429228720422, 43.769655634672738 ], [ 11.254428552511833, 43.769637640887922 ], [ 11.254627196450169, 43.769633720520915 ], [ 11.25462990152613, 43.769705695649968 ], [ 11.25465473204533, 43.769705205578624 ], [ 11.254662847422605, 43.7699211309559 ], [ 11.25438971069582, 43.769926521484749 ] ] ] } },
{ "type": "Feature", "properties": { "height": 16.521499633789062 }, "geometry": { "type": "Polygon", "coordinates": [ [ [ 11.253912520420361, 43.769791880538122 ], [ 11.253905083828981, 43.769593948835926 ], [ 11.254252710566938, 43.769587089564816 ], [ 11.254258119821943, 43.76973103986019 ], [ 11.254282950357982, 43.769730549869386 ], [ 11.25428430269287, 43.769766537441974 ], [ 11.254160149932076, 43.769768987345174 ], [ 11.254160826063298, 43.769786981132903 ], [ 11.253912520420361, 43.769791880538122 ] ] ] } },
{ "type": "Feature", "properties": { "height": 15.685646057128906 }, "geometry": { "type": "Polygon", "coordinates": [ [ [ 11.258164634256961, 43.769869970154453 ], [ 11.25816327959059, 43.769833982678726 ], [ 11.258138449078137, 43.769834473513455 ], [ 11.25813641710559, 43.769780492298445 ], [ 11.258111586614806, 43.769780983126871 ], [ 11.258110231984446, 43.769744995649262 ], [ 11.258085401507898, 43.769745486471678 ], [ 11.258084046894917, 43.769709498993194 ], [ 11.258059216432605, 43.769709989809606 ], [ 11.258057861837003, 43.769674002330241 ], [ 11.258033031388928, 43.769674493140663 ], [ 11.2580323540995, 43.769656499400568 ], [ 11.25805718454014, 43.769656008590466 ], [ 11.258056507243909, 43.769638014850628 ], [ 11.258130998539771, 43.769636542388909 ], [ 11.258130321221872, 43.769618548649923 ], [ 11.258179982067775, 43.76961756698244 ], [ 11.258179304735638, 43.769599573244001 ], [ 11.258253795977483, 43.769598100703263 ], [ 11.258253118623676, 43.769580106965691 ], [ 11.258302779433569, 43.769579125245528 ], [ 11.258302102065526, 43.769561131508489 ], [ 11.258376593253354, 43.769559658888753 ], [ 11.258375915863644, 43.769541665152573 ], [ 11.258450407023521, 43.769540192485238 ], [ 11.25844972961214, 43.769522198749904 ], [ 11.25852422074407, 43.769520726034983 ], [ 11.25852354331102, 43.769502732300516 ], [ 11.25862286478173, 43.769500768606385 ], [ 11.258622187319579, 43.769482774873069 ], [ 11.258696678393719, 43.769481302046799 ], [ 11.258696000909902, 43.769463308314343 ], [ 11.258770491956088, 43.769461835440474 ], [ 11.258769814450602, 43.769443841708863 ], [ 11.258844305468838, 43.769442368787409 ], [ 11.258843627941681, 43.769424375056666 ], [ 11.258868458272405, 43.769423884072374 ], [ 11.258876588728926, 43.769639808833368 ], [ 11.258901419148209, 43.76963931784001 ], [ 11.258908872227931, 43.76983724885929 ], [ 11.258859211225227, 43.769838230847363 ], [ 11.258858533684247, 43.769820237118054 ], [ 11.258635059207862, 43.769824655794842 ], [ 11.258628284501546, 43.769644718470524 ], [ 11.258553793221079, 43.769646191256562 ], [ 11.258554470666587, 43.769664184990205 ], [ 11.258479979358167, 43.769665657728659 ], [ 11.258480656782005, 43.769683651463161 ], [ 11.258505487226207, 43.769683160555424 ], [ 11.258508196957573, 43.769755135491543 ], [ 11.258533027430872, 43.769754644577198 ], [ 11.258535059758291, 43.769808625777678 ], [ 11.258559890253261, 43.769808134857008 ], [ 11.258560567704421, 43.769826128590083 ], [ 11.258361923667611, 43.769830055806878 ], [ 11.25836260105994, 43.769848049542325 ], [ 11.258263278996726, 43.769850013022591 ], [ 11.258263956359956, 43.769868006759204 ], [ 11.258164634256961, 43.769869970154453 ] ] ] } },
{ "type": "Feature", "properties": { "height": 9.846771240234375 }, "geometry": { "type": "Polygon", "coordinates": [ [ [ 11.258951079984888, 43.769638335837108 ], [ 11.258949724857924, 43.769602348379443 ], [ 11.258924894454763, 43.769602839382962 ], [ 11.258920151582208, 43.769476883276909 ], [ 11.258895321230444, 43.769477374272903 ], [ 11.258892611061109, 43.769405399352486 ], [ 11.259016762664992, 43.76940294432476 ], [ 11.259016085087069, 43.76938495059602 ], [ 11.259214727561151, 43.769381022273841 ], [ 11.259214049924395, 43.769363028547495 ], [ 11.259437522592773, 43.769358608775455 ], [ 11.259436844889755, 43.76934061505181 ], [ 11.259734808279212, 43.769334721346993 ], [ 11.259739552837829, 43.769460677385403 ], [ 11.259764383168223, 43.76946018620616 ], [ 11.259767772194683, 43.769550154801536 ], [ 11.259742941827126, 43.769550645982321 ], [ 11.259743619626873, 43.769568639701504 ], [ 11.259544976604337, 43.769572568956193 ], [ 11.259545654345253, 43.76959056267777 ], [ 11.259347011223033, 43.769594491589949 ], [ 11.259347688905118, 43.769612485313914 ], [ 11.259149045683214, 43.769616413883583 ], [ 11.25914972330647, 43.769634407609942 ], [ 11.258951079984888, 43.769638335837108 ] ] ] } },
{ "type": "Feature", "properties": { "height": 16.867439270019531 }, "geometry": { "type": "Polygon", "coordinates": [ [ [ 11.254726518404288, 43.769631760208043 ], [ 11.2547217843374, 43.769505803738234 ], [ 11.254696953901838, 43.769506293822388 ], [ 11.254692219917709, 43.769380337347222 ], [ 11.254816371829113, 43.769377886883241 ], [ 11.254815695511013, 43.769359893102354 ], [ 11.254915016999115, 43.769357932635359 ], [ 11.254914340651915, 43.76933993885563 ], [ 11.254964001377337, 43.76933895859041 ], [ 11.254963325015899, 43.769320964811222 ], [ 11.255037816077031, 43.769319494373882 ], [ 11.255037139693922, 43.769301500595539 ], [ 11.255086800383344, 43.769300520277646 ], [ 11.255086123985997, 43.769282526499858 ], [ 11.255135784658044, 43.769281546161011 ], [ 11.255135108246463, 43.769263552383769 ], [ 11.255159938574112, 43.769263062206569 ], [ 11.255166026367839, 43.769425006196656 ], [ 11.255066704785909, 43.769426966884133 ], [ 11.25506738118084, 43.769444960661694 ], [ 11.255042550776359, 43.769445450820406 ], [ 11.25504390355324, 43.769481438375976 ], [ 11.255143225226869, 43.769479477706383 ], [ 11.255142548808381, 43.769461483929845 ], [ 11.255241870442243, 43.769459523175243 ], [ 11.255241193994657, 43.769441529399877 ], [ 11.255216363594565, 43.769442019596305 ], [ 11.255211628531056, 43.769316063164773 ], [ 11.255261289226558, 43.76931508277081 ], [ 11.255260612776558, 43.769297088995224 ], [ 11.255409594803419, 43.769294147685791 ], [ 11.255415006777733, 43.76943809787393 ], [ 11.255439837172807, 43.76943760763438 ], [ 11.255446602271489, 43.769617545360617 ], [ 11.254726518404288, 43.769631760208043 ] ] ] } },
{ "type": "Feature", "properties": { "height": 13.474739074707031 }, "geometry": { "type": "Polygon", "coordinates": [ [ [ 11.257146582121855, 43.769890089983448 ], [ 11.257144551037435, 43.769836108732072 ], [ 11.257119720506664, 43.769836599345503 ], [ 11.257116335415684, 43.769746630590369 ], [ 11.257091504921448, 43.769747121196858 ], [ 11.257088796889693, 43.769675146190338 ], [ 11.25706396642456, 43.769675636790225 ], [ 11.257061935429634, 43.76962165553374 ], [ 11.257037104986168, 43.769622146127318 ], [ 11.257035751007557, 43.769586158622062 ], [ 11.257010920578328, 43.769586649209636 ], [ 11.257008889637415, 43.769532667950322 ], [ 11.256984059229856, 43.769533158531601 ], [ 11.256982705287252, 43.769497171024454 ], [ 11.25695787489393, 43.769497661599722 ], [ 11.256955844007029, 43.769443680337595 ], [ 11.256931013635375, 43.769444170906546 ], [ 11.256929659728778, 43.769408183397516 ], [ 11.256904829371361, 43.769408673960477 ], [ 11.256902798538471, 43.769354692695543 ], [ 11.256877968202724, 43.769355183252188 ], [ 11.256876614332134, 43.769319195741289 ], [ 11.256851784010623, 43.769319686291929 ], [ 11.256851107083703, 43.769301692536082 ], [ 11.257024919269066, 43.769298258570544 ], [ 11.257024242290747, 43.769280264816771 ], [ 11.257198054393323, 43.769276830589277 ], [ 11.257197377363605, 43.769258836837579 ], [ 11.257371189383386, 43.769255402348115 ], [ 11.257370512302272, 43.769237408598507 ], [ 11.257519493964432, 43.769234464542023 ], [ 11.257518816839351, 43.769216470794177 ], [ 11.25766779843431, 43.769213526545499 ], [ 11.257667121265264, 43.769195532799436 ], [ 11.257716781777029, 43.769194551340703 ], [ 11.257718136145476, 43.769230538831543 ], [ 11.257693305875044, 43.769231029564224 ], [ 11.257698046132369, 43.76935698578226 ], [ 11.257673215809282, 43.769357476511694 ], [ 11.257677956045352, 43.769483432728705 ], [ 11.257653125669613, 43.769483923454892 ], [ 11.257659897414486, 43.769663860905254 ], [ 11.257635066963795, 43.769664351629118 ], [ 11.25763642130544, 43.769700339119026 ], [ 11.257661251770998, 43.769699848394559 ], [ 11.257663960491556, 43.769771823372359 ], [ 11.257639129996269, 43.769772314098056 ], [ 11.257639807170547, 43.769790307842648 ], [ 11.257565315658622, 43.769791779988324 ], [ 11.25756599281123, 43.769809773733776 ], [ 11.257491501271357, 43.769811245831853 ], [ 11.257492178402297, 43.769829239578158 ], [ 11.257417686834472, 43.769830711628636 ], [ 11.25741836394374, 43.7698487053758 ], [ 11.257319041814789, 43.769850668035552 ], [ 11.25731836473525, 43.769832674287166 ], [ 11.257293534208875, 43.769833164938333 ], [ 11.257294888353716, 43.769869152435632 ], [ 11.257195566182475, 43.769871114988803 ], [ 11.257196243226108, 43.769889108738596 ], [ 11.257146582121855, 43.769890089983448 ] ] ] } },
{ "type": "Feature", "properties": { "height": 15.84136962890625 }, "geometry": { "type": "Polygon", "coordinates": [ [ [ 11.252529439750202, 43.770017239129139 ], [ 11.25252673716369, 43.769945263899977 ], [ 11.252501906508819, 43.769945753511152 ], [ 11.252498528326941, 43.769855784471709 ], [ 11.252473697708606, 43.769856274075956 ], [ 11.252471670829296, 43.769802292650589 ], [ 11.252595823803215, 43.769799844580014 ], [ 11.25259514814087, 43.769781850772951 ], [ 11.252694470478996, 43.769779892220697 ], [ 11.252693794787547, 43.769761898414799 ], [ 11.252743455937985, 43.769760919106936 ], [ 11.252742780232296, 43.769742925301593 ], [ 11.252792441365361, 43.76974194597279 ], [ 11.252791765645435, 43.769723952167972 ], [ 11.25284142676113, 43.769722972818215 ], [ 11.252840751026964, 43.769704979013959 ], [ 11.252865581576438, 43.769704489331303 ], [ 11.25286490583547, 43.769686495527282 ], [ 11.252889736376884, 43.769686005839539 ], [ 11.252889060629109, 43.769668012035758 ], [ 11.252938721695195, 43.769667032644726 ], [ 11.252938045933179, 43.769649038841486 ], [ 11.25296287645785, 43.769648549138189 ], [ 11.252962200689028, 43.769630555335191 ], [ 11.253011861721626, 43.769629575913036 ], [ 11.253011185938567, 43.769611582110592 ], [ 11.253036016446494, 43.769611092391735 ], [ 11.253035340656629, 43.769593098589532 ], [ 11.253085001655734, 43.769592119136256 ], [ 11.253084325851631, 43.769574125334593 ], [ 11.253109156342811, 43.769573635600175 ], [ 11.253108480531903, 43.769555641798753 ], [ 11.253158141497519, 43.76955466231437 ], [ 11.253157465672372, 43.769536668513489 ], [ 11.253182296146807, 43.769536178763516 ], [ 11.253181620314855, 43.769518184962877 ], [ 11.253231281246979, 43.769517205447372 ], [ 11.253230605400789, 43.769499211647279 ], [ 11.253255435858479, 43.769498721881746 ], [ 11.253254760005483, 43.769480728081895 ], [ 11.253304420904119, 43.769479748535275 ], [ 11.253303745036884, 43.769461754735978 ], [ 11.253328575477829, 43.769461264954884 ], [ 11.253327899603791, 43.769443271155829 ], [ 11.253377560468934, 43.769442291578088 ], [ 11.253376884580657, 43.76942429777958 ], [ 11.253401715004856, 43.769423807982925 ], [ 11.253401039109773, 43.769405814184651 ], [ 11.253425869525914, 43.769405324382916 ], [ 11.253425193624025, 43.769387330584891 ], [ 11.25347485443956, 43.76938635096586 ], [ 11.253474178523433, 43.769368357168375 ], [ 11.253548669719738, 43.769366887700322 ], [ 11.253547993781941, 43.769348893903697 ], [ 11.253597654561478, 43.769347914231993 ], [ 11.253596978609444, 43.769329920435901 ], [ 11.25362180899084, 43.769329430592272 ], [ 11.253622484950307, 43.769347424388052 ], [ 11.253647315338508, 43.769346934538724 ], [ 11.253645963405337, 43.769310946947712 ], [ 11.253670793778046, 43.769310457093603 ], [ 11.253670117804969, 43.769292463298299 ], [ 11.253694948169619, 43.769291973439117 ], [ 11.253694272189737, 43.769273979644069 ], [ 11.253719102546327, 43.769273489779792 ], [ 11.25371842655964, 43.769255495984979 ], [ 11.253768087256075, 43.769254516240863 ], [ 11.253767411255151, 43.769236522446604 ], [ 11.253817071934215, 43.76923554268155 ], [ 11.253816395919051, 43.769217548887816 ], [ 11.253866056580744, 43.769216569101815 ], [ 11.253865380551341, 43.769198575308636 ], [ 11.253939871516881, 43.769197105590131 ], [ 11.25393919546581, 43.769179111797797 ], [ 11.254013686403409, 43.7691776420317 ], [ 11.254013010330668, 43.769159648240226 ], [ 11.254087501240328, 43.76915817842653 ], [ 11.25408885343103, 43.769194166007573 ], [ 11.25411368374786, 43.769193676058286 ], [ 11.254116388166517, 43.769265651218355 ], [ 11.254141218512451, 43.769265161262453 ], [ 11.254143246855325, 43.769319142630899 ], [ 11.254168077222928, 43.769318652668694 ], [ 11.254170105593744, 43.769372634035641 ], [ 11.254194935983014, 43.769372144067106 ], [ 11.254195612115305, 43.769390137855666 ], [ 11.254170781718601, 43.769390627824478 ], [ 11.254172133970201, 43.769426615401997 ], [ 11.254196964381769, 43.769426125432553 ], [ 11.254198992786169, 43.76948010679741 ], [ 11.254223823219409, 43.769479616821663 ], [ 11.254225851651746, 43.769533598185021 ], [ 11.254250682106656, 43.769533108202971 ], [ 11.254252034412882, 43.769569095777598 ], [ 11.254003729686923, 43.769573995361711 ], [ 11.254003053607819, 43.769556001571374 ], [ 11.25385407078674, 43.769558941061277 ], [ 11.253851366654978, 43.769486965891907 ], [ 11.253826536212333, 43.769487455786802 ], [ 11.25382450814239, 43.769433474408181 ], [ 11.253750016877587, 43.769434944057771 ], [ 11.253750692877977, 43.769452937851625 ], [ 11.253725862447689, 43.769453427724343 ], [ 11.253725186454732, 43.769435433930191 ], [ 11.253700356031249, 43.769435923797211 ], [ 11.253701708002927, 43.769471911386084 ], [ 11.253726538441274, 43.769471421518439 ], [ 11.253727890430323, 43.76950740910646 ], [ 11.253752720882908, 43.769506919232811 ], [ 11.253754748893481, 43.769560900613406 ], [ 11.253779579367736, 43.769560410733455 ], [ 11.253782283420341, 43.769632385905446 ], [ 11.253807113923699, 43.769631896018893 ], [ 11.253809141992033, 43.76968587739627 ], [ 11.253684989357486, 43.769688326779772 ], [ 11.253685665344356, 43.76970632057364 ], [ 11.253735326414919, 43.769705340835792 ], [ 11.25374479050503, 43.769957253934457 ], [ 11.252751564455119, 43.769976844766106 ], [ 11.252752240168954, 43.769994838570618 ], [ 11.252553594779176, 43.769998755704478 ], [ 11.252554270434176, 43.770016749511363 ], [ 11.252529439750202, 43.770017239129139 ] ] ] } },
{ "type": "Feature", "properties": { "height": 20.990554809570312 }, "geometry": { "type": "Polygon", "coordinates": [ [ [ 11.254276864882032, 43.769568605789544 ], [ 11.254274836401335, 43.769514624428425 ], [ 11.254250005954486, 43.769515114415562 ], [ 11.254247301352065, 43.769443139265249 ], [ 11.254222470934318, 43.769443629245771 ], [ 11.254221794792711, 43.769425635457722 ], [ 11.254246625203029, 43.769425145477506 ], [ 11.254245949054617, 43.769407151689698 ], [ 11.254221118651735, 43.769407641669616 ], [ 11.254219090232564, 43.769353660304901 ], [ 11.254243920613149, 43.769353170325907 ], [ 11.254243244467247, 43.769335176537837 ], [ 11.254292905211674, 43.769334196564294 ], [ 11.254290876733137, 43.769280215201547 ], [ 11.254266046383535, 43.769280705190099 ], [ 11.254264694082508, 43.769244717613994 ], [ 11.254239863747145, 43.769245207596548 ], [ 11.254238511463493, 43.769209220019555 ], [ 11.254213681142366, 43.769209709996105 ], [ 11.254212328876084, 43.769173722418259 ], [ 11.254187498569195, 43.769174212388805 ], [ 11.254186146320288, 43.769138224810078 ], [ 11.254210976612315, 43.76913773484015 ], [ 11.25421030048137, 43.769119741051 ], [ 11.254259961048675, 43.769118761095577 ], [ 11.254259284903492, 43.769100767306966 ], [ 11.254333775727449, 43.769099297334328 ], [ 11.254335128063035, 43.769135284909638 ], [ 11.2543599583513, 43.769134794907359 ], [ 11.254360634527465, 43.769152788694619 ], [ 11.254385464822532, 43.769152298686649 ], [ 11.254386817191609, 43.769188286260345 ], [ 11.254411647500914, 43.769187796246371 ], [ 11.254412999887364, 43.769223783819193 ], [ 11.254437830210907, 43.769223293799222 ], [ 11.254438506412505, 43.769241287585224 ], [ 11.254463336742853, 43.769240797559561 ], [ 11.254464689162795, 43.769276785130771 ], [ 11.254489519507379, 43.769276295099097 ], [ 11.254490195725724, 43.769294288884296 ], [ 11.254515026077115, 43.769293798846924 ], [ 11.254516378530548, 43.769329786416513 ], [ 11.254541208896176, 43.769329296373165 ], [ 11.254542561366984, 43.76936528394188 ], [ 11.25456739174685, 43.7693647938925 ], [ 11.254568067990625, 43.769382787676456 ], [ 11.254592898377297, 43.769382297621398 ], [ 11.254594250881595, 43.769418285188493 ], [ 11.25456942048006, 43.769418775244176 ], [ 11.254570096725718, 43.769436769027926 ], [ 11.254594927134686, 43.769436278971952 ], [ 11.254597632153319, 43.769508254105133 ], [ 11.25462246259139, 43.769507764042523 ], [ 11.254623815119336, 43.769543751608111 ], [ 11.254450001935618, 43.769547181937398 ], [ 11.254450678148503, 43.769565175722221 ], [ 11.254276864882032, 43.769568605789544 ] ] ] } },
{ "type": "Feature", "properties": { "height": 15.886100769042969 }, "geometry": { "type": "Polygon", "coordinates": [ [ [ 11.251401928692175, 43.769769359029503 ], [ 11.251400578085391, 43.769733371385577 ], [ 11.251375747498956, 43.769733860750222 ], [ 11.251374396909542, 43.769697873105443 ], [ 11.251349566337343, 43.769698362464084 ], [ 11.251348891051009, 43.769680368641275 ], [ 11.251324060485617, 43.769680857994224 ], [ 11.251322709929692, 43.769644870347818 ], [ 11.251297879378537, 43.769645359694763 ], [ 11.251296528839983, 43.769609372047498 ], [ 11.251271698303068, 43.769609861388432 ], [ 11.251270347781885, 43.769573873740285 ], [ 11.251245517259209, 43.769574363075236 ], [ 11.251244842006987, 43.769556369250743 ], [ 11.251220011491117, 43.769556858579989 ], [ 11.251218661003419, 43.769520870930222 ], [ 11.251193830501789, 43.769521360253464 ], [ 11.251192480031461, 43.769485372602823 ], [ 11.251167649544069, 43.769485861920074 ], [ 11.251166974317277, 43.769467868094367 ], [ 11.25114214383669, 43.769468357405906 ], [ 11.251140793399848, 43.769432369753659 ], [ 11.251115962933502, 43.769432859059208 ], [ 11.251115287723454, 43.76941486523269 ], [ 11.251090457263912, 43.769415354532526 ], [ 11.251089106860558, 43.769379366878667 ], [ 11.251064276415255, 43.769379856172527 ], [ 11.251063601221949, 43.769361862345185 ], [ 11.251038770783452, 43.76936235163334 ], [ 11.251036745229593, 43.769308370150036 ], [ 11.251086406061365, 43.769307391570173 ], [ 11.251085730863133, 43.769289397742895 ], [ 11.251110561270648, 43.769288908445183 ], [ 11.251109886065608, 43.769270914618126 ], [ 11.251134716465064, 43.769270425315334 ], [ 11.25113404125322, 43.769252431488525 ], [ 11.251158871644618, 43.769251942180638 ], [ 11.251158196425967, 43.769233948354078 ], [ 11.25120785719202, 43.769232969722765 ], [ 11.251207181959128, 43.769214975896745 ], [ 11.251232012333782, 43.769214486573297 ], [ 11.251231337094087, 43.769196492747525 ], [ 11.251256167460681, 43.769196003419005 ], [ 11.251255492214179, 43.76917800959346 ], [ 11.251280322572718, 43.769177520259859 ], [ 11.251279647319409, 43.769159526434564 ], [ 11.25132930801974, 43.769158547751786 ], [ 11.251328632752195, 43.769140553927031 ], [ 11.251378293435156, 43.769139575223313 ], [ 11.251377618153372, 43.769121581399105 ], [ 11.251402448486479, 43.769121092039462 ], [ 11.251401773197887, 43.769103098215496 ], [ 11.251451433847363, 43.76910211948065 ], [ 11.251450758544534, 43.769084125657237 ], [ 11.251500419176638, 43.769083146901451 ], [ 11.25149974385957, 43.769065153078557 ], [ 11.251549404474305, 43.769064174301832 ], [ 11.251550079806238, 43.769082168124086 ], [ 11.251574910120098, 43.769081678727339 ], [ 11.251576260800704, 43.769117666371059 ], [ 11.251601091128803, 43.769117176968301 ], [ 11.25160176647748, 43.76913517078976 ], [ 11.251626596812384, 43.769134681381303 ], [ 11.251627272169118, 43.769152675202385 ], [ 11.251676932851913, 43.769151696368688 ], [ 11.251677608224137, 43.769169690189095 ], [ 11.251702438572028, 43.769169200763869 ], [ 11.25170176319237, 43.769151206943754 ], [ 11.251751423871408, 43.769150228077727 ], [ 11.251752099265929, 43.769168221897218 ], [ 11.251776929611939, 43.769167732455813 ], [ 11.251775578808658, 43.769131744817372 ], [ 11.251800409139177, 43.769131255371192 ], [ 11.251799733731042, 43.769113261552171 ], [ 11.251824564053505, 43.769112772100911 ], [ 11.251823888638565, 43.769094778282138 ], [ 11.251848718952967, 43.769094288825784 ], [ 11.25184804353122, 43.769076295007245 ], [ 11.251872873837565, 43.76907580554581 ], [ 11.251873549266742, 43.769093799364029 ], [ 11.251923209892416, 43.769092820424376 ], [ 11.251922534448374, 43.769074826606754 ], [ 11.251972195056677, 43.769073847646155 ], [ 11.251971519598396, 43.769055853829073 ], [ 11.252021180189329, 43.769054874847527 ], [ 11.25202050471681, 43.769036881030999 ], [ 11.252094995576215, 43.769035412519166 ], [ 11.252095671071029, 43.769053406334763 ], [ 11.252120501363676, 43.769052916819732 ], [ 11.252121852370053, 43.769088904450143 ], [ 11.252146682676937, 43.769088414929101 ], [ 11.252148033700683, 43.769124402558639 ], [ 11.252172864021807, 43.769123913031599 ], [ 11.252173539542051, 43.76914190684596 ], [ 11.25219836986998, 43.769141417313229 ], [ 11.252199045398283, 43.769159411127212 ], [ 11.252223875733018, 43.76915892158879 ], [ 11.25222522680637, 43.769194909215962 ], [ 11.252250057155344, 43.769194419671528 ], [ 11.252252083792367, 43.769248401110886 ], [ 11.25227691416301, 43.769247911560157 ], [ 11.252277589717371, 43.769265905372841 ], [ 11.252203098581262, 43.7692673740098 ], [ 11.252203774113951, 43.769285367823336 ], [ 11.25215411333855, 43.7692863468883 ], [ 11.252154788857002, 43.769304340702384 ], [ 11.252105128064228, 43.769305319746394 ], [ 11.25210580356844, 43.769323313561017 ], [ 11.252031312352285, 43.769324782087537 ], [ 11.252031987834828, 43.769342775903006 ], [ 11.251982327006059, 43.769343754894336 ], [ 11.251983002474365, 43.769361748710374 ], [ 11.251908511204217, 43.769363217157874 ], [ 11.251909186650851, 43.76938121097475 ], [ 11.251884356218783, 43.769381700446772 ], [ 11.25188503165861, 43.769399694263889 ], [ 11.251835370777732, 43.769400673192379 ], [ 11.251836046203319, 43.769418667010036 ], [ 11.251811215754509, 43.769419156466512 ], [ 11.25181189117329, 43.769437150284418 ], [ 11.251787060716422, 43.769437639735798 ], [ 11.251787736128398, 43.769455633553953 ], [ 11.251762905663469, 43.769456123000239 ], [ 11.251763581068639, 43.769474116818621 ], [ 11.251738750595653, 43.769474606259834 ], [ 11.251740101393006, 43.769510593897017 ], [ 11.251715270904528, 43.769511083333455 ], [ 11.251716621689523, 43.769547070970994 ], [ 11.251691791185554, 43.76954756040265 ], [ 11.25169314195819, 43.769583548040536 ], [ 11.251668311438728, 43.769584037467418 ], [ 11.251669662199006, 43.769620025105652 ], [ 11.251644831664054, 43.769620514527759 ], [ 11.251645507037699, 43.769638508347072 ], [ 11.251620676494687, 43.769638997764091 ], [ 11.251621351861525, 43.769656991583659 ], [ 11.251596521310455, 43.769657480995583 ], [ 11.251597196670488, 43.769675474815394 ], [ 11.251572366111359, 43.76967596422223 ], [ 11.251573041464587, 43.769693958042282 ], [ 11.251548210897399, 43.769694447444046 ], [ 11.251548886243819, 43.769712441264332 ], [ 11.251499225092697, 43.769713420052284 ], [ 11.251499900424879, 43.769731413873117 ], [ 11.251475069840946, 43.76973190325932 ], [ 11.251475745166323, 43.769749897080395 ], [ 11.251426083981716, 43.769750875837246 ], [ 11.251426759292851, 43.769768869658861 ], [ 11.251401928692175, 43.769769359029503 ] ] ] } },
{ "type": "Feature", "properties": { "height": 15.874404907226562 }, "geometry": { "type": "Polygon", "coordinates": [ [ [ 11.252350729695152, 43.769228449063768 ], [ 11.252349378544972, 43.769192461439914 ], [ 11.252324548198503, 43.769192951005913 ], [ 11.252323197065694, 43.769156963381171 ], [ 11.252298366733466, 43.769157452941172 ], [ 11.252297015618026, 43.769121465315564 ], [ 11.252272185300034, 43.769121954869554 ], [ 11.252271509750688, 43.769103961056352 ], [ 11.252321170371179, 43.769102981943597 ], [ 11.252320494807595, 43.769084988130942 ], [ 11.252394985711334, 43.76908351942231 ], [ 11.252394310126078, 43.7690655256105 ], [ 11.252468801001884, 43.769064056854283 ], [ 11.252468125394955, 43.769046063043312 ], [ 11.25244329511108, 43.769046552633803 ], [ 11.252441943913972, 43.769010565011094 ], [ 11.252516434719126, 43.769009096225275 ], [ 11.252515759099216, 43.768991102414731 ], [ 11.252540589358915, 43.768990612808999 ], [ 11.252541940614229, 43.769026600429392 ], [ 11.252566770888166, 43.769026110817641 ], [ 11.25256812216085, 43.769062098437182 ], [ 11.252592952449024, 43.769061608819428 ], [ 11.25259430373908, 43.76909759643808 ], [ 11.252619134041494, 43.769097106814336 ], [ 11.252621161003573, 43.76915108824091 ], [ 11.252596330678861, 43.769151577865571 ], [ 11.252597006326708, 43.76916957167461 ], [ 11.25252251532652, 43.769171040517193 ], [ 11.252523190952697, 43.76918903432707 ], [ 11.25247353026791, 43.769190013529119 ], [ 11.252474205879848, 43.769208007339557 ], [ 11.252399714825668, 43.769209476103121 ], [ 11.252400390415936, 43.769227469914405 ], [ 11.252350729695152, 43.769228449063768 ] ] ] } },
{ "type": "Feature", "properties": { "height": 15.971359252929688 }, "geometry": { "type": "Polygon", "coordinates": [ [ [ 11.254666036987162, 43.769344839858327 ], [ 11.254664684443286, 43.769308852292532 ], [ 11.254639854088225, 43.769309342362547 ], [ 11.254639177824661, 43.769291348579252 ], [ 11.254614347476407, 43.769291838643561 ], [ 11.254612994966022, 43.76925585107616 ], [ 11.254588164632006, 43.769256341134472 ], [ 11.254587488385187, 43.769238347350367 ], [ 11.254562658057974, 43.769238837402987 ], [ 11.254561305581083, 43.76920284983396 ], [ 11.254536475268107, 43.769203339880569 ], [ 11.254535799038036, 43.769185346095668 ], [ 11.254510968731864, 43.769185836136586 ], [ 11.254509616288466, 43.769149848565952 ], [ 11.254484785996533, 43.769150338600873 ], [ 11.254484109783208, 43.769132344815155 ], [ 11.254459279498079, 43.769132834844378 ], [ 11.254457927088172, 43.769096847272124 ], [ 11.254433096817282, 43.769097337295342 ], [ 11.2544324206207, 43.769079343508807 ], [ 11.254407590356616, 43.769079833526334 ], [ 11.2544062379802, 43.769043845952474 ], [ 11.254431068229419, 43.769043355935558 ], [ 11.25443039203472, 43.769025362148831 ], [ 11.254504882756322, 43.76902389206667 ], [ 11.254504206539956, 43.769005898280795 ], [ 11.254529036771801, 43.769005408242933 ], [ 11.254529712995602, 43.769023402028509 ], [ 11.254554543234256, 43.769022911984955 ], [ 11.25455386700302, 43.769004918199677 ], [ 11.254628357692919, 43.769003448037594 ], [ 11.254629033946451, 43.769021441821941 ], [ 11.254653864182595, 43.769020951756822 ], [ 11.254654540444184, 43.7690389455408 ], [ 11.254679370687134, 43.769038455469982 ], [ 11.25468004695678, 43.769056449253576 ], [ 11.254704877206535, 43.769055959177081 ], [ 11.254706229762579, 43.769091946743465 ], [ 11.25473106002657, 43.769091456660959 ], [ 11.254731736312966, 43.769109450443757 ], [ 11.254756566583762, 43.769108960355545 ], [ 11.254755890289935, 43.76909096657306 ], [ 11.254880041597348, 43.769088516052705 ], [ 11.254879365266987, 43.769070522271683 ], [ 11.254953856021611, 43.769069051895713 ], [ 11.254953179669579, 43.769051058115544 ], [ 11.254978009912437, 43.769050567979747 ], [ 11.254976657195392, 43.769014580419835 ], [ 11.254951826967401, 43.769015070555014 ], [ 11.254951150617254, 43.768997076774646 ], [ 11.254926320396066, 43.76899756690414 ], [ 11.254925644053978, 43.768979573123396 ], [ 11.254950474267732, 43.768979082994207 ], [ 11.254949797918838, 43.768961089213718 ], [ 11.254974628124531, 43.768960599079456 ], [ 11.254973951768832, 43.768942605299209 ], [ 11.255023612163473, 43.768941625015103 ], [ 11.255024288534036, 43.768959618794746 ], [ 11.255049118737849, 43.768959128644305 ], [ 11.255049795116472, 43.768977122423578 ], [ 11.255099455537078, 43.76897614210592 ], [ 11.255098779143591, 43.768958148327272 ], [ 11.255123609345521, 43.768957658160659 ], [ 11.25512428574644, 43.768975651939009 ], [ 11.255149115955174, 43.768975161766697 ], [ 11.255149792364154, 43.768993155544685 ], [ 11.255174622579693, 43.768992665366689 ], [ 11.255175298996733, 43.769010659144307 ], [ 11.255200129219077, 43.769010168960612 ], [ 11.255200805644174, 43.769028162737847 ], [ 11.255175975414398, 43.76902865292184 ], [ 11.255176651832691, 43.76904664669933 ], [ 11.255226312306482, 43.769045666325319 ], [ 11.255224283008891, 43.768991684994525 ], [ 11.255249113222549, 43.768991194800357 ], [ 11.255248436783841, 43.768973201023599 ], [ 11.25534775760247, 43.768971240194247 ], [ 11.25534708113466, 43.768953246418647 ], [ 11.255396741525347, 43.768952265972246 ], [ 11.255396065043302, 43.7689342721972 ], [ 11.255420895230271, 43.768933781966219 ], [ 11.255421571719749, 43.768951775740959 ], [ 11.255446401913524, 43.768951285504286 ], [ 11.255447754909225, 43.768987273052971 ], [ 11.255472585117237, 43.768986782810288 ], [ 11.255473938130315, 43.769022770358092 ], [ 11.255498768352561, 43.769022280109418 ], [ 11.255500121383012, 43.769058267656341 ], [ 11.255524951619499, 43.769057777401663 ], [ 11.255526304667322, 43.769093764947719 ], [ 11.255476644163995, 43.769094745452918 ], [ 11.255477320673984, 43.769112739226458 ], [ 11.255427660153282, 43.769113719710717 ], [ 11.255428336649036, 43.769131713484803 ], [ 11.25537867611096, 43.769132693948109 ], [ 11.255379352592474, 43.769150687722743 ], [ 11.25530486175836, 43.769152158378205 ], [ 11.255305538218206, 43.769170152153691 ], [ 11.255231047356148, 43.769171622761554 ], [ 11.255231723794322, 43.769189616537901 ], [ 11.255182063201616, 43.7691905969168 ], [ 11.255182739625555, 43.769208590693694 ], [ 11.255108248709494, 43.769210061222545 ], [ 11.255108925111765, 43.769228055000291 ], [ 11.25503443416776, 43.769229525481549 ], [ 11.255035110548359, 43.769247519260141 ], [ 11.254960619576414, 43.769248989693807 ], [ 11.254961295935344, 43.769266983473251 ], [ 11.254861974600905, 43.769268943977238 ], [ 11.254862650930734, 43.769286937757848 ], [ 11.25478815990102, 43.769288408080158 ], [ 11.254788836209178, 43.769306401861627 ], [ 11.254739175504703, 43.769307382050165 ], [ 11.254739851798625, 43.769325375832167 ], [ 11.254690191076776, 43.769326355999759 ], [ 11.254690867356459, 43.769344349782301 ], [ 11.254666036987162, 43.769344839858327 ] ] ] } },
{ "type": "Feature", "properties": { "height": 15.250701904296875 }, "geometry": { "type": "Polygon", "coordinates": [ [ [ 11.258980413732566, 43.769097541938542 ], [ 11.258979058613576, 43.769061554478171 ], [ 11.258954228434639, 43.769062045483281 ], [ 11.258951518233925, 43.768990070560548 ], [ 11.25892668808409, 43.76899056155905 ], [ 11.258923977923159, 43.768918586634037 ], [ 11.258899147802421, 43.768919077625903 ], [ 11.258897792740591, 43.768883090162412 ], [ 11.258997113160312, 43.768881126165013 ], [ 11.25899643560061, 43.768863132434383 ], [ 11.259095755980548, 43.768861168351982 ], [ 11.259096433569979, 43.768879162081383 ], [ 11.259121263670824, 43.768878671046998 ], [ 11.259123296465178, 43.768932652233893 ], [ 11.259197786830834, 43.768931179095645 ], [ 11.259197109209792, 43.768913185367659 ], [ 11.259271599547494, 43.768911712181819 ], [ 11.259270921904784, 43.768893718454699 ], [ 11.259320582111915, 43.76889273630448 ], [ 11.259321937427691, 43.768928723757433 ], [ 11.259371597662035, 43.76892774158442 ], [ 11.259373630685008, 43.768981722761517 ], [ 11.259398460823533, 43.768981231666011 ], [ 11.259399816190189, 43.769017219116471 ], [ 11.259350155882782, 43.769018201303325 ], [ 11.259350833552187, 43.769036195029067 ], [ 11.259251512900104, 43.769038159339331 ], [ 11.259252190540408, 43.769056153066238 ], [ 11.25917770002245, 43.76905762624326 ], [ 11.259178377641087, 43.769075619971026 ], [ 11.259079056911949, 43.769077584132823 ], [ 11.259079734501487, 43.769095577861748 ], [ 11.258980413732566, 43.769097541938542 ] ] ] } },
{ "type": "Feature", "properties": { "height": 16.137443542480469 }, "geometry": { "type": "Polygon", "coordinates": [ [ [ 11.251680468371417, 43.769907926202151 ], [ 11.251671012961788, 43.769656012743638 ], [ 11.25169584351098, 43.769655523315528 ], [ 11.251693817345448, 43.769601541859387 ], [ 11.251718647871716, 43.769601052426815 ], [ 11.251717297082962, 43.769565064789674 ], [ 11.251742127593738, 43.769564575352327 ], [ 11.251740776792625, 43.769528587715513 ], [ 11.25176560728791, 43.769528098273383 ], [ 11.251764256474436, 43.769492110636946 ], [ 11.251789086954231, 43.769491621190028 ], [ 11.251788411541002, 43.769473627372022 ], [ 11.251838072483844, 43.769472648462646 ], [ 11.251837397056375, 43.76945465464518 ], [ 11.251862227519426, 43.769454165182715 ], [ 11.251861552085153, 43.769436171365477 ], [ 11.251886382540143, 43.769435681897932 ], [ 11.251885707099063, 43.769417688080949 ], [ 11.251935367992301, 43.769416709130276 ], [ 11.251934692536983, 43.769398715313841 ], [ 11.251984353412849, 43.769397736342235 ], [ 11.251983677943294, 43.769379742526333 ], [ 11.252008508372855, 43.769379253032753 ], [ 11.252007832896492, 43.769361259217092 ], [ 11.252057493738871, 43.769360280214364 ], [ 11.252056818248271, 43.769342286399258 ], [ 11.252106479073278, 43.769341307375591 ], [ 11.252107154578743, 43.769359301190072 ], [ 11.252131984997742, 43.769358811669846 ], [ 11.252130633972572, 43.769322824041389 ], [ 11.252180294778958, 43.769321844985996 ], [ 11.252179619252447, 43.769303851172282 ], [ 11.252229280041462, 43.769302872095928 ], [ 11.252228604500713, 43.769284878282768 ], [ 11.252278265272356, 43.769283899185453 ], [ 11.252277589717371, 43.769265905372841 ], [ 11.252352080847839, 43.769264436687372 ], [ 11.252351405271183, 43.769246442875605 ], [ 11.252425896373715, 43.769244974142545 ], [ 11.252425220775388, 43.769226980331631 ], [ 11.252474881492413, 43.769226001149924 ], [ 11.252474205879848, 43.769208007339557 ], [ 11.252548696928388, 43.769206538527484 ], [ 11.252548021294153, 43.769188544717963 ], [ 11.25257285163498, 43.76918805510347 ], [ 11.252573527276647, 43.769206048912679 ], [ 11.252598357624283, 43.769205559292473 ], [ 11.252599708924363, 43.769241546910095 ], [ 11.252624539286233, 43.769241057283899 ], [ 11.25262656626335, 43.769295038708911 ], [ 11.252651396646893, 43.769294549076406 ], [ 11.252652747982967, 43.769330536692152 ], [ 11.252677578380748, 43.769330047053636 ], [ 11.252678929734195, 43.769366034668501 ], [ 11.25275342096837, 43.769364565718817 ], [ 11.252752745269037, 43.769346571912337 ], [ 11.252802406073823, 43.769345592586205 ], [ 11.252800378934987, 43.7692916111682 ], [ 11.252775548555205, 43.769292100833042 ], [ 11.252774872850944, 43.769274107026604 ], [ 11.252750042477969, 43.769274596685754 ], [ 11.252748691086193, 43.769238609072055 ], [ 11.252723860727453, 43.769239098725215 ], [ 11.252722509353051, 43.769203111110656 ], [ 11.25269767900855, 43.769203600757805 ], [ 11.252698354688006, 43.769221594565416 ], [ 11.252673524335448, 43.769222084207478 ], [ 11.252670821651112, 43.76915010897541 ], [ 11.252745312617723, 43.769148640036725 ], [ 11.252744636925909, 43.769130646229456 ], [ 11.252794297552319, 43.769129666910665 ], [ 11.252793621846267, 43.769111673103936 ], [ 11.252868112758883, 43.769110204086253 ], [ 11.252867437031162, 43.769092210280377 ], [ 11.252917097621575, 43.769091230908906 ], [ 11.252916421879616, 43.769073237103598 ], [ 11.252990912738239, 43.769071768006881 ], [ 11.252990236974611, 43.769053774202412 ], [ 11.253039897529026, 43.769052794778268 ], [ 11.253039221751159, 43.769034800974339 ], [ 11.253064052019996, 43.769034311254487 ], [ 11.253065403591224, 43.769070298861656 ], [ 11.253090233874298, 43.7690698091358 ], [ 11.253088882288207, 43.769033821529256 ], [ 11.253113712555789, 43.76903333179861 ], [ 11.253113036756252, 43.769015337995533 ], [ 11.253162697274673, 43.769014358518724 ], [ 11.253162021460897, 43.768996364716187 ], [ 11.253236512211531, 43.768994895461447 ], [ 11.253235836376087, 43.768976901659791 ], [ 11.253285496858512, 43.768975922130288 ], [ 11.253284821008828, 43.768957928329151 ], [ 11.25333448147388, 43.768956948778701 ], [ 11.253335157338428, 43.76897494257922 ], [ 11.253359987577447, 43.768974452795611 ], [ 11.253361339323288, 43.769010440395817 ], [ 11.253386169576544, 43.769009950606204 ], [ 11.253388197222302, 43.769063932005132 ], [ 11.253413027497228, 43.769063442209209 ], [ 11.253414379279064, 43.769099429807547 ], [ 11.253439209568228, 43.76909894000562 ], [ 11.253440561367437, 43.769134927603083 ], [ 11.25346539167084, 43.769134437795167 ], [ 11.253466067578817, 43.76915243159349 ], [ 11.253490897889023, 43.769151941779867 ], [ 11.253490221973614, 43.769133947981842 ], [ 11.253515052275761, 43.769133458163132 ], [ 11.253514376353547, 43.769115464365356 ], [ 11.253564036941098, 43.769114484712382 ], [ 11.253563361004645, 43.769096490915139 ], [ 11.253613021574823, 43.769095511241225 ], [ 11.25361166967407, 43.769059523647776 ], [ 11.253661330212013, 43.76905854395352 ], [ 11.253660654247712, 43.769040550157307 ], [ 11.253710314768281, 43.769039570442104 ], [ 11.253709638789744, 43.769021576646438 ], [ 11.253734469041657, 43.769021086781052 ], [ 11.253735821014223, 43.769057074371695 ], [ 11.253760651280373, 43.769056584500326 ], [ 11.253761327275029, 43.769074578295239 ], [ 11.253786157547985, 43.769074088418165 ], [ 11.2537868335507, 43.769092082212708 ], [ 11.253811663830461, 43.769091592329936 ], [ 11.253810987820312, 43.769073598535691 ], [ 11.253835818092014, 43.769073108647838 ], [ 11.253835142075062, 43.769055114853835 ], [ 11.25388480260172, 43.769054135062554 ], [ 11.253884126570528, 43.769036141269098 ], [ 11.253933787079815, 43.769035161456877 ], [ 11.253935139172551, 43.769071149042496 ], [ 11.253959969441118, 43.769070659127692 ], [ 11.253961321551227, 43.769106646712437 ], [ 11.253986151834031, 43.769106156791629 ], [ 11.253986827897458, 43.7691241505836 ], [ 11.25401165818707, 43.769123660657094 ], [ 11.254012334258555, 43.769141654448696 ], [ 11.253962673663846, 43.769142634296934 ], [ 11.253963349721094, 43.769160628089082 ], [ 11.25388885880203, 43.769162097821926 ], [ 11.253889534837608, 43.769180091614928 ], [ 11.253839874206898, 43.769181071410479 ], [ 11.253840550228242, 43.769199065204027 ], [ 11.253790889580161, 43.769200044978646 ], [ 11.253791565587264, 43.769218038772735 ], [ 11.25374190492181, 43.769219018526393 ], [ 11.253742580914677, 43.769237012321049 ], [ 11.253692920231853, 43.76923799205376 ], [ 11.25369359621048, 43.769255985848936 ], [ 11.253668765860695, 43.769256475707522 ], [ 11.253669441832519, 43.76927446950296 ], [ 11.253619781116202, 43.769275449204549 ], [ 11.253620457073787, 43.769293443000514 ], [ 11.253570796340098, 43.769294422681178 ], [ 11.253571472283447, 43.769312416477696 ], [ 11.25354664190823, 43.76931290631024 ], [ 11.253547317844772, 43.769330900106993 ], [ 11.253497657077594, 43.769331879756535 ], [ 11.253498332999898, 43.769349873553843 ], [ 11.253448672215345, 43.769350853182424 ], [ 11.253449348123413, 43.769368846980278 ], [ 11.253424517722763, 43.769369336786795 ], [ 11.253425193624025, 43.769387330584891 ], [ 11.253400363215317, 43.769387820386314 ], [ 11.253399687321489, 43.769369826587919 ], [ 11.253374856919587, 43.769370316383643 ], [ 11.253374181033816, 43.769352322584879 ], [ 11.25334935063872, 43.769352812374919 ], [ 11.253347998883925, 43.76931682477656 ], [ 11.253323168503067, 43.769317314560602 ], [ 11.253322492634043, 43.769299320761021 ], [ 11.253297662259991, 43.769299810539366 ], [ 11.253296986399024, 43.769281816739408 ], [ 11.253272156031777, 43.769282306512054 ], [ 11.253273507739468, 43.769318294112502 ], [ 11.253298338121581, 43.769317804339245 ], [ 11.253299013983801, 43.769335798139068 ], [ 11.253323844372719, 43.76933530836012 ], [ 11.253325196113902, 43.769371295958948 ], [ 11.253350026517056, 43.769370806173988 ], [ 11.25335205415583, 43.769424787570827 ], [ 11.253302393304297, 43.769425767137179 ], [ 11.253303069170277, 43.76944376093661 ], [ 11.253278238736138, 43.769444250712013 ], [ 11.253278914595313, 43.769462244511679 ], [ 11.253254084153115, 43.769462734281994 ], [ 11.253254760005483, 43.769480728081895 ], [ 11.253205099104342, 43.769481707606964 ], [ 11.253205774942474, 43.769499701407419 ], [ 11.25318094448353, 43.76950019116218 ], [ 11.253181620314855, 43.769518184962877 ], [ 11.253131959380223, 43.769519164456831 ], [ 11.253132635197311, 43.769537158258082 ], [ 11.253107804721621, 43.769537647997275 ], [ 11.253108480531903, 43.769555641798753 ], [ 11.25305881956378, 43.769556621261593 ], [ 11.253059495359825, 43.769574615063618 ], [ 11.253034664867389, 43.769575104787258 ], [ 11.253035340656629, 43.769593098589532 ], [ 11.252985679655016, 43.769594078021235 ], [ 11.252986355430016, 43.769612071824064 ], [ 11.252961524920837, 43.769612561532135 ], [ 11.252962200689028, 43.769630555335191 ], [ 11.252912539653927, 43.769631534735794 ], [ 11.252913215407883, 43.769649528539404 ], [ 11.252863554355409, 43.769650507919039 ], [ 11.252864230095126, 43.769668501723196 ], [ 11.252839399560516, 43.769668991405247 ], [ 11.252840075293427, 43.769686985209631 ], [ 11.252790414207462, 43.769687964558166 ], [ 11.252791089926136, 43.769705958363097 ], [ 11.2527414288228, 43.769706937690678 ], [ 11.252742104527234, 43.769724931496164 ], [ 11.252667612845233, 43.769726400448036 ], [ 11.252668288527996, 43.769744394254367 ], [ 11.252593796818058, 43.769745863158647 ], [ 11.252594472479151, 43.769763856965831 ], [ 11.252495150160728, 43.769765815430624 ], [ 11.252495825792719, 43.769783809238966 ], [ 11.252371672843431, 43.769786257200209 ], [ 11.252372348438884, 43.769804251010022 ], [ 11.252248195436771, 43.769806698838039 ], [ 11.252248870995686, 43.769824692649316 ], [ 11.252099887327878, 43.769827629866889 ], [ 11.252100562842827, 43.769845623679934 ], [ 11.251976409731927, 43.769848071214547 ], [ 11.25197708521034, 43.769866065029056 ], [ 11.251852932046617, 43.769868512430449 ], [ 11.251853607488494, 43.769886506246408 ], [ 11.251754284916508, 43.76988846407172 ], [ 11.251754960329281, 43.769906457888851 ], [ 11.251680468371417, 43.769907926202151 ] ] ] } },
{ "type": "Feature", "properties": { "height": 13.793128967285156 }, "geometry": { "type": "Polygon", "coordinates": [ [ [ 11.257787886518354, 43.769103110388514 ], [ 11.257787209315916, 43.769085116643581 ], [ 11.257762379106824, 43.769085607389982 ], [ 11.257761024718699, 43.76904961989932 ], [ 11.257736194523842, 43.769050110639704 ], [ 11.257734162968656, 43.768996129402296 ], [ 11.257709332795471, 43.768996620136384 ], [ 11.257707978443353, 43.768960632643839 ], [ 11.257683148284402, 43.768961123371916 ], [ 11.25768179394966, 43.76892513587849 ], [ 11.257706624093744, 43.768924645151031 ], [ 11.257705946919884, 43.768906651404535 ], [ 11.257755607191307, 43.768905669934036 ], [ 11.257754930003211, 43.768887676188086 ], [ 11.257804590257257, 43.768886694696654 ], [ 11.257803913054923, 43.768868700951245 ], [ 11.257853573291595, 43.768867719438866 ], [ 11.257852896075025, 43.768849725694018 ], [ 11.257902556294319, 43.768848744160685 ], [ 11.257903910757815, 43.768884731649116 ], [ 11.258003231248324, 43.768882768515326 ], [ 11.258004585773788, 43.768918756001035 ], [ 11.258029415909709, 43.76891826520351 ], [ 11.258030770452551, 43.768954252688346 ], [ 11.258055600602708, 43.768953761884809 ], [ 11.258058309725657, 43.76902573685247 ], [ 11.258083139904915, 43.769025246042318 ], [ 11.258083817194654, 43.769043239783763 ], [ 11.258009326632701, 43.769044712198962 ], [ 11.258010003900772, 43.769062705941266 ], [ 11.25791068311298, 43.769064669087307 ], [ 11.257911360351949, 43.769082662830769 ], [ 11.257812039524378, 43.7690846258918 ], [ 11.25781271673425, 43.769102619636421 ], [ 11.257787886518354, 43.769103110388514 ] ] ] } },
{ "type": "Feature", "properties": { "height": 13.446487426757812 }, "geometry": { "type": "Polygon", "coordinates": [ [ [ 11.258522865878598, 43.769484738565971 ], [ 11.258521511015642, 43.769448751096704 ], [ 11.258496680668692, 43.769449242005841 ], [ 11.258493970980046, 43.769377267065281 ], [ 11.258469140662196, 43.769377757967803 ], [ 11.258467785836508, 43.769341770496517 ], [ 11.258442955532894, 43.769342261393035 ], [ 11.258442278128424, 43.769324267656991 ], [ 11.258417447831615, 43.76932475854781 ], [ 11.258414738249748, 43.769252783601758 ], [ 11.258389907982039, 43.769253274485962 ], [ 11.258389230595576, 43.76923528074898 ], [ 11.258339570073137, 43.769236262500606 ], [ 11.258340247444734, 43.769254256238199 ], [ 11.258290586904918, 43.769255237968878 ], [ 11.258291941620273, 43.769291225445116 ], [ 11.258316771905358, 43.769290734581858 ], [ 11.258320158741901, 43.769380703269732 ], [ 11.25824566777327, 43.769382175847944 ], [ 11.258246345120167, 43.769400169586248 ], [ 11.258147023790139, 43.769402132949622 ], [ 11.258147701107934, 43.769420126689091 ], [ 11.25807321008152, 43.769421599155955 ], [ 11.258071855491151, 43.769385611675112 ], [ 11.25804702516262, 43.769386102486003 ], [ 11.258044993304077, 43.769332121263353 ], [ 11.258020162997216, 43.769332612067942 ], [ 11.258018131166622, 43.769278630843779 ], [ 11.257993300881429, 43.76927912164205 ], [ 11.257990591812492, 43.769207146674368 ], [ 11.257965761556401, 43.769207637466025 ], [ 11.25796372978359, 43.769153656238657 ], [ 11.257938899549165, 43.769154147024011 ], [ 11.257936867804304, 43.769100165795116 ], [ 11.2580113584388, 43.769098693425676 ], [ 11.258010681169472, 43.769080699683499 ], [ 11.258085171776019, 43.769079227266452 ], [ 11.258084494485024, 43.769061233525143 ], [ 11.25815898506362, 43.769059761060504 ], [ 11.258158307750953, 43.76904176732004 ], [ 11.258257628483895, 43.769039803959629 ], [ 11.25825695114213, 43.769021810220337 ], [ 11.258331441662943, 43.769020337644342 ], [ 11.25833076429951, 43.769002343905903 ], [ 11.258430084955403, 43.769000380397024 ], [ 11.25842940756287, 43.768982386659729 ], [ 11.258528728178984, 43.768980423065841 ], [ 11.25852805075735, 43.768962429329719 ], [ 11.258627371333684, 43.768960465650821 ], [ 11.258626693882951, 43.76894247191585 ], [ 11.258701184286307, 43.768940999101005 ], [ 11.258700506813906, 43.768923005366887 ], [ 11.258799827313188, 43.768921041539514 ], [ 11.258799149811688, 43.768903047806567 ], [ 11.258848810042696, 43.768902065861155 ], [ 11.258850165076055, 43.768938053325769 ], [ 11.258874995205481, 43.768937562344362 ], [ 11.25887702778253, 43.768991543539862 ], [ 11.258901857933623, 43.768991052552146 ], [ 11.258904568074879, 43.76906302747733 ], [ 11.258929398255074, 43.769062536482998 ], [ 11.258931430889911, 43.769116517675286 ], [ 11.258956261091772, 43.769116026674638 ], [ 11.258958971310079, 43.769188001595552 ], [ 11.25898380154104, 43.76918751058831 ], [ 11.258986511799131, 43.769259485506943 ], [ 11.259011342059193, 43.769258994493072 ], [ 11.259013374781654, 43.769312975680435 ], [ 11.259063035344488, 43.76931199363468 ], [ 11.259060324989671, 43.76924001872051 ], [ 11.259035494738297, 43.769240509744854 ], [ 11.259032784423264, 43.769168534828424 ], [ 11.259007954200991, 43.769169025846153 ], [ 11.259005921493609, 43.769115044657198 ], [ 11.259080412091654, 43.769113571590601 ], [ 11.259079734501487, 43.769095577861748 ], [ 11.259179055260356, 43.769093613698729 ], [ 11.259178377641087, 43.769075619971026 ], [ 11.259277698360172, 43.769073655722984 ], [ 11.259277020711805, 43.769055661996447 ], [ 11.259351511222222, 43.769054188754751 ], [ 11.259350833552187, 43.769036195029067 ], [ 11.259425324034654, 43.769034721739771 ], [ 11.259424646342952, 43.76901672801494 ], [ 11.259474306646588, 43.769015745795762 ], [ 11.259473628940649, 43.768997752071485 ], [ 11.259548119369093, 43.76899627870317 ], [ 11.259547441641489, 43.76897828497976 ], [ 11.259572271775614, 43.768977793846524 ], [ 11.259572949510652, 43.768995787569629 ], [ 11.25959777965158, 43.768995296430688 ], [ 11.259596424167269, 43.768959308985011 ], [ 11.259571594041203, 43.768959800123334 ], [ 11.259570916307423, 43.768941806400093 ], [ 11.259645406661438, 43.768940332969869 ], [ 11.259644728905988, 43.768922339247482 ], [ 11.259768879446279, 43.768919883424182 ], [ 11.259768201654298, 43.768901889703258 ], [ 11.259793031753039, 43.768901398522729 ], [ 11.259795065153163, 43.768955379684392 ], [ 11.259819895273571, 43.768954888497561 ], [ 11.259819217465468, 43.768936894777376 ], [ 11.259844047577815, 43.768936403585457 ], [ 11.259843369762912, 43.768918409865528 ], [ 11.259818539657996, 43.768918901057134 ], [ 11.25981786185115, 43.768900907336814 ], [ 11.259842691948634, 43.76890041614552 ], [ 11.259839980697814, 43.768828441264851 ], [ 11.259815150630057, 43.768828932454923 ], [ 11.259811761617836, 43.768738963851092 ], [ 11.259911081736446, 43.768736999064608 ], [ 11.25991040390616, 43.768719005344856 ], [ 11.260084214037498, 43.768715566763113 ], [ 11.260088959226872, 43.768841522784854 ], [ 11.260113789295145, 43.768841031535189 ], [ 11.260115145084059, 43.768877018968773 ], [ 11.260139975166565, 43.76887652771309 ], [ 11.260141330972861, 43.768912515145814 ], [ 11.26009167077749, 43.768913497652989 ], [ 11.260092348666713, 43.768931491369869 ], [ 11.260067518560653, 43.768931982615683 ], [ 11.260070230094115, 43.769003957483733 ], [ 11.260095060229903, 43.769003466236683 ], [ 11.260095738122274, 43.76902145995323 ], [ 11.260120568264865, 43.769020968700488 ], [ 11.260121246165296, 43.769038962416658 ], [ 11.26014607631469, 43.769038471158233 ], [ 11.260147432132301, 43.76907445858977 ], [ 11.260097771803153, 43.769075441102473 ], [ 11.260098449698036, 43.76909343481875 ], [ 11.260073619525086, 43.769093926067328 ], [ 11.260074297413167, 43.769111919783853 ], [ 11.260024637050519, 43.769112902265448 ], [ 11.260025314924363, 43.769130895982521 ], [ 11.260000484734661, 43.769131387215545 ], [ 11.260001162601704, 43.769149380932852 ], [ 11.259951502205555, 43.769150363383332 ], [ 11.25995218005836, 43.769168357101194 ], [ 11.259927349851909, 43.769168848318664 ], [ 11.259928027697912, 43.769186842036767 ], [ 11.259878367268261, 43.769187824456139 ], [ 11.259879045100028, 43.769205818174775 ], [ 11.259854214876828, 43.769206309376685 ], [ 11.259854892701791, 43.769224303095584 ], [ 11.259805232238639, 43.769225285483842 ], [ 11.25980387661907, 43.769189298044758 ], [ 11.259779046401416, 43.76918978923019 ], [ 11.259778368600006, 43.769171795510239 ], [ 11.259753538389155, 43.76917228668998 ], [ 11.259754893977739, 43.769208274130406 ], [ 11.259779724203455, 43.769207782950069 ], [ 11.259781079809416, 43.769243770389629 ], [ 11.259756249568836, 43.769244261570591 ], [ 11.259756927365329, 43.769262255290585 ], [ 11.259657606366998, 43.769264219961748 ], [ 11.259658284134389, 43.769282213682899 ], [ 11.259558963096271, 43.769284178269046 ], [ 11.259559640834562, 43.76930217199137 ], [ 11.259410659213936, 43.76930511871074 ], [ 11.259411336908261, 43.769323112434826 ], [ 11.259287185503297, 43.769325567887613 ], [ 11.25928786316109, 43.769343561613169 ], [ 11.259014729933105, 43.769348963138363 ], [ 11.259015407509771, 43.769366956867231 ], [ 11.258916086287378, 43.769368920897733 ], [ 11.258916763834947, 43.769386914627759 ], [ 11.258842272889256, 43.769388387594958 ], [ 11.258842950415154, 43.769406381325837 ], [ 11.258768459441512, 43.769407854245465 ], [ 11.258769136945743, 43.769425847977196 ], [ 11.25869464594415, 43.769427320849225 ], [ 11.258695323426711, 43.769445314581816 ], [ 11.258620832397165, 43.76944678740626 ], [ 11.25862150985806, 43.769464781139696 ], [ 11.258547018800563, 43.769466253916534 ], [ 11.258547696239786, 43.76948424765083 ], [ 11.258522865878598, 43.769484738565971 ] ] ] } },
{ "type": "Feature", "properties": { "height": 16.888458251953125 }, "geometry": { "type": "Polygon", "coordinates": [ [ [ 11.256277979422475, 43.769258992417058 ], [ 11.256277302669007, 43.769240998653906 ], [ 11.256252472369592, 43.76924148907365 ], [ 11.256249088648827, 43.769151520255349 ], [ 11.256224258385947, 43.769152010668179 ], [ 11.256220874718034, 43.769062041846716 ], [ 11.256196044491686, 43.769062532252612 ], [ 11.256192660876623, 43.76897256342798 ], [ 11.25616783068681, 43.768973053826976 ], [ 11.256164447124599, 43.768883084999167 ], [ 11.256139616971316, 43.768883575391236 ], [ 11.25613894026819, 43.768865581625185 ], [ 11.256213430703854, 43.768864110433739 ], [ 11.256212753979057, 43.768846116668527 ], [ 11.256262414251498, 43.768845135847897 ], [ 11.256261737512466, 43.768827142083232 ], [ 11.256311397767531, 43.768826161241655 ], [ 11.256310721014261, 43.768808167477538 ], [ 11.256385211369858, 43.768806696175666 ], [ 11.256384534594918, 43.768788702412408 ], [ 11.256434194813981, 43.768787721518152 ], [ 11.256433518024807, 43.768769727755441 ], [ 11.256483178226492, 43.768768746840237 ], [ 11.256485208640491, 43.768822728126331 ], [ 11.25651003876269, 43.768822237659734 ], [ 11.256513422835734, 43.768912206467064 ], [ 11.256538252994464, 43.768911715993539 ], [ 11.256541637120364, 43.769001684797701 ], [ 11.256566467315627, 43.769001194317269 ], [ 11.256569174657372, 43.769073169358194 ], [ 11.256594004881736, 43.769072678871126 ], [ 11.256597389110205, 43.769162647669297 ], [ 11.256622219371101, 43.769162157175309 ], [ 11.256624249938012, 43.769216138452521 ], [ 11.25650009851576, 43.76921859087313 ], [ 11.256500775335491, 43.769236584633603 ], [ 11.256401454156665, 43.769238546474291 ], [ 11.256402130947293, 43.769256540235922 ], [ 11.256277979422475, 43.769258992417058 ] ] ] } },
{ "type": "Feature", "properties": { "height": 13.629966735839844 }, "geometry": { "type": "Polygon", "coordinates": [ [ [ 11.25677255472314, 43.769195201612746 ], [ 11.256769170228267, 43.769105232825936 ], [ 11.256744339993434, 43.769105723351345 ], [ 11.256740955551416, 43.769015754561394 ], [ 11.256716125353114, 43.769016245079875 ], [ 11.25671341784053, 43.768944270045509 ], [ 11.256688587671329, 43.768944760557375 ], [ 11.256685203331884, 43.768854791761413 ], [ 11.256660373199214, 43.768855282266358 ], [ 11.256659019482694, 43.768819294746905 ], [ 11.256708679717674, 43.768818313732851 ], [ 11.256708002845492, 43.768800319973636 ], [ 11.256683172735746, 43.76880081048305 ], [ 11.256680465283022, 43.768728835444335 ], [ 11.256655635202378, 43.768729325947128 ], [ 11.256654281494647, 43.768693338426779 ], [ 11.256703941625577, 43.768692357417009 ], [ 11.256703264757789, 43.76867436365734 ], [ 11.256777754927183, 43.768672892103176 ], [ 11.256777078037725, 43.768654898344366 ], [ 11.256826738132652, 43.768653917281917 ], [ 11.25682606122896, 43.768635923523654 ], [ 11.256875721306509, 43.768634942440251 ], [ 11.256875044388579, 43.768616948682535 ], [ 11.256924704448755, 43.768615967578206 ], [ 11.25692402751659, 43.768597973821031 ], [ 11.256948857538303, 43.768597483261075 ], [ 11.256948180599332, 43.768579489504148 ], [ 11.256973010612988, 43.76857899893912 ], [ 11.256972333667214, 43.768561005182427 ], [ 11.256997163672809, 43.768560514612311 ], [ 11.256996486720229, 43.768542520855867 ], [ 11.257046146714673, 43.768541539700081 ], [ 11.257045469747858, 43.768523545944184 ], [ 11.257070299736705, 43.768523055358507 ], [ 11.257069622763087, 43.768505061602845 ], [ 11.257094452743875, 43.768504571012087 ], [ 11.257093775763451, 43.768486577256667 ], [ 11.25711860573618, 43.768486086660829 ], [ 11.257117928748952, 43.76846809290565 ], [ 11.257192418641072, 43.768466621086709 ], [ 11.257193095650594, 43.768484614840979 ], [ 11.257217925620811, 43.768484124223583 ], [ 11.257218602638392, 43.768502117977469 ], [ 11.257243432615413, 43.768501627354375 ], [ 11.257244109641055, 43.768519621107892 ], [ 11.257268939624879, 43.768519130479113 ], [ 11.257270293692912, 43.768555117985329 ], [ 11.257295123690971, 43.768554627350532 ], [ 11.257295800733361, 43.768572621103239 ], [ 11.257320630738226, 43.768572130462751 ], [ 11.257321307788676, 43.768590124215088 ], [ 11.257346137800344, 43.768589633568894 ], [ 11.257347491917992, 43.768625621072772 ], [ 11.257372321943896, 43.768625130420574 ], [ 11.257372999011093, 43.768643124172108 ], [ 11.257397829043802, 43.768642633514219 ], [ 11.257399183194945, 43.76867862101647 ], [ 11.257424013241888, 43.768678130352583 ], [ 11.257425367410406, 43.768714117853946 ], [ 11.257450197471588, 43.768713627184063 ], [ 11.257451551657482, 43.768749614684559 ], [ 11.257476381732898, 43.768749124008664 ], [ 11.257477735936169, 43.768785111508294 ], [ 11.257502566025822, 43.768784620826395 ], [ 11.257503920246467, 43.768820608325143 ], [ 11.257528750350357, 43.768820117637254 ], [ 11.257530781708331, 43.76887409888397 ], [ 11.257555611833887, 43.76887360818975 ], [ 11.25755696609054, 43.768909595686623 ], [ 11.257581796230335, 43.76890910498642 ], [ 11.257583150504365, 43.768945092482419 ], [ 11.257607980658396, 43.768944601776212 ], [ 11.257609334949802, 43.768980589271337 ], [ 11.257634165118066, 43.768980098559126 ], [ 11.257635519426849, 43.769016086053377 ], [ 11.257660349609353, 43.769015595335155 ], [ 11.25766170393551, 43.769051582828524 ], [ 11.257686534132249, 43.769051092104313 ], [ 11.257688565648493, 43.769105073342963 ], [ 11.257713395866901, 43.769104582612435 ], [ 11.257714073047671, 43.769122576358221 ], [ 11.257540261453606, 43.769126011360896 ], [ 11.257540938582977, 43.769144005108743 ], [ 11.257367126906118, 43.769147439849448 ], [ 11.257367803984094, 43.769165433599397 ], [ 11.257193992224439, 43.769168868078125 ], [ 11.257194669251017, 43.76918686183015 ], [ 11.25677255472314, 43.769195201612746 ] ] ] } }
]
}
