{
"type": "FeatureCollection",
"name": "building",
"crs": { "type": "name", "properties": { "name": "urn:ogc:def:crs:OGC:1.3:CRS84" } },
"features": [
{ "type": "Feature", "properties": { "height": 20.136634826660156 }, "geometry": { "type": "Polygon", "coordinates": [ [ [ 2.294165863812067, 48.876061322465617 ], [ 2.294166116925465, 48.876043332210813 ], [ 2.294138842747051, 48.876043165252149 ], [ 2.294139095869976, 48.876025174997395 ], [ 2.294084547533459, 48.876024841060925 ], [ 2.294085053817671, 48.875988860551672 ], [ 2.294112327966248, 48.875989027522913 ], [ 2.2941128342299, 48.875953047013191 ], [ 2.29414010835917, 48.87595321397778 ], [ 2.29414036148084, 48.875935223722728 ], [ 2.294167635600584, 48.875935390680773 ], [ 2.294167888712225, 48.87591740042555 ], [ 2.29419516282244, 48.875917567377023 ], [ 2.294195415924053, 48.875899577121658 ], [ 2.294249964125678, 48.875899911005028 ], [ 2.294249711043623, 48.875917901260614 ], [ 2.294304259265809, 48.875918235118405 ], [ 2.29430375314006, 48.875954215629811 ], [ 2.294331027271087, 48.875954382549246 ], [ 2.294330774217615, 48.875972372804974 ], [ 2.29430350007681, 48.875972205885432 ], [ 2.294302993949556, 48.876008186396504 ], [ 2.294275719789444, 48.876008019470319 ], [ 2.294275466715663, 48.876026009725649 ], [ 2.294248192546024, 48.876025842792913 ], [ 2.294247939462212, 48.87604383304808 ], [ 2.294220665283046, 48.876043666108778 ], [ 2.294220412189205, 48.876061656363795 ], [ 2.294165863812067, 48.876061322465617 ] ] ] } },
{ "type": "Feature", "properties": { "height": 18.938552856445312 }, "geometry": { "type": "Polygon", "coordinates": [ [ [ 2.296831675026477, 48.876581380531732 ], [ 2.29683192718857, 48.876563390268245 ], [ 2.296804652711808, 48.876563223938817 ], [ 2.29680490488343, 48.876545233675387 ], [ 2.296777630416696, 48.876545067339613 ], [ 2.296778134778749, 48.876509086812774 ], [ 2.296805409225925, 48.876509253148349 ], [ 2.296805661396797, 48.876491262884741 ], [ 2.296832935834444, 48.876491429213758 ], [ 2.296833440155881, 48.876455448686158 ], [ 2.296806165737792, 48.876455282357355 ], [ 2.296806417907914, 48.876437292093577 ], [ 2.296779143499853, 48.876437125758422 ], [ 2.296779395679505, 48.876419135494693 ], [ 2.29672484688369, 48.876418802805254 ], [ 2.29672509908265, 48.876400812541668 ], [ 2.296643275920141, 48.876400313459456 ], [ 2.296643023691845, 48.876418303722708 ], [ 2.296615749295063, 48.876418137348963 ], [ 2.29661549705674, 48.876436127612067 ], [ 2.296560948244369, 48.876435794845008 ], [ 2.29656120050225, 48.876417804582111 ], [ 2.296533926106219, 48.876417638189011 ], [ 2.29653443064079, 48.876381657663259 ], [ 2.296561705017264, 48.876381824056153 ], [ 2.296561957274395, 48.876363833793079 ], [ 2.29658923164134, 48.876364000179414 ], [ 2.296589483888443, 48.876346009916197 ], [ 2.29661675824586, 48.876346176295968 ], [ 2.296617010482934, 48.87632818603258 ], [ 2.296644284830822, 48.876328352405807 ], [ 2.296644537057866, 48.876310362142249 ], [ 2.296671811396225, 48.876310528508917 ], [ 2.296671559178959, 48.876328518772574 ], [ 2.296698833527347, 48.876328685132897 ], [ 2.296699085734835, 48.87631069486914 ], [ 2.296726360073694, 48.876310861222912 ], [ 2.296726612271152, 48.87629287095897 ], [ 2.296753886600483, 48.876293037306191 ], [ 2.296754390975093, 48.876257056777959 ], [ 2.29672711666532, 48.876256890430952 ], [ 2.296727368862029, 48.876238900166861 ], [ 2.296754643162023, 48.876239066513762 ], [ 2.296755147535134, 48.876203085985189 ], [ 2.296727873254696, 48.876202919638501 ], [ 2.296728125450655, 48.876184929374233 ], [ 2.296700851180247, 48.876184763021193 ], [ 2.296701103385735, 48.876166772756967 ], [ 2.296728377646363, 48.876166939109908 ], [ 2.296728629841822, 48.876148948845518 ], [ 2.296755904092923, 48.876149115191893 ], [ 2.296756408463533, 48.876113134662745 ], [ 2.296783682695327, 48.876113301002462 ], [ 2.296783934870478, 48.876095310737696 ], [ 2.296811209092743, 48.876095477070855 ], [ 2.296811461257866, 48.876077486805926 ], [ 2.296838735470602, 48.876077653132526 ], [ 2.296838987625696, 48.876059662867441 ], [ 2.296866261828904, 48.876059829187483 ], [ 2.296866513973969, 48.876041838922241 ], [ 2.296893788167648, 48.876042005235725 ], [ 2.296894040302685, 48.876024014970312 ], [ 2.296839491935135, 48.876023682337085 ], [ 2.296839744089479, 48.876005692071821 ], [ 2.296812469915858, 48.87600552574564 ], [ 2.29681272207973, 48.875987535480427 ], [ 2.296758173752794, 48.875987202808915 ], [ 2.296758425935975, 48.875969212543851 ], [ 2.296785700089539, 48.875969378882736 ], [ 2.29678595226269, 48.875951388617509 ], [ 2.296731403975369, 48.875951055933513 ], [ 2.296731656167827, 48.875933065668441 ], [ 2.296677107901063, 48.875932732958852 ], [ 2.296677360112828, 48.875914742693936 ], [ 2.2966500859896, 48.875914576329571 ], [ 2.296650338210894, 48.875896586064691 ], [ 2.296568515872043, 48.875896086933217 ], [ 2.296569020372553, 48.87586010640392 ], [ 2.296514472187017, 48.875859773617762 ], [ 2.296514724456454, 48.875841783353245 ], [ 2.29648745037384, 48.875841616950588 ], [ 2.296486945815159, 48.875877597479366 ], [ 2.296459671713238, 48.875877431070059 ], [ 2.296459419423743, 48.875895421334249 ], [ 2.296432145312294, 48.87589525491839 ], [ 2.296431640712998, 48.875931235446402 ], [ 2.296404366582241, 48.875931069023878 ], [ 2.29640411427244, 48.875949059287692 ], [ 2.296376840132155, 48.875948892858617 ], [ 2.296376335492245, 48.875984873385868 ], [ 2.296349061332653, 48.875984706950128 ], [ 2.296348809002544, 48.876002697213558 ], [ 2.296212438159442, 48.876001864937564 ], [ 2.29621218578019, 48.876019855200418 ], [ 2.29607581489445, 48.876019022762655 ], [ 2.296075562466055, 48.876037013024913 ], [ 2.296048288279879, 48.876036846517913 ], [ 2.296047783402781, 48.876072827042066 ], [ 2.296075057608514, 48.876072993549279 ], [ 2.296074805179368, 48.876090983811395 ], [ 2.296156627827405, 48.876091483294665 ], [ 2.296156375427345, 48.876109473557023 ], [ 2.296210923880178, 48.876109806513824 ], [ 2.296210671499424, 48.876127796776338 ], [ 2.296237945735995, 48.87612796324516 ], [ 2.296238198106969, 48.876109972982547 ], [ 2.296265472334011, 48.876110139444826 ], [ 2.296265219972815, 48.876128129707553 ], [ 2.296292494209886, 48.876128296163472 ], [ 2.296292241858219, 48.876146286426241 ], [ 2.296346790352668, 48.876146619318959 ], [ 2.296346538020308, 48.876164609581878 ], [ 2.296373812277686, 48.876164776018669 ], [ 2.296373559954854, 48.876182766281623 ], [ 2.296400834222262, 48.876182932712069 ], [ 2.296400581908959, 48.87620092297508 ], [ 2.296427856186394, 48.876201089399174 ], [ 2.29642760388262, 48.876219079662242 ], [ 2.296400329595406, 48.876218913238041 ], [ 2.296400077281602, 48.876236903500931 ], [ 2.296372802984858, 48.876236737070172 ], [ 2.296372298336944, 48.876272717595583 ], [ 2.296345024020894, 48.876272551158166 ], [ 2.296344771686783, 48.87629054142068 ], [ 2.296290223035875, 48.876290208526285 ], [ 2.296290475389543, 48.876272218263985 ], [ 2.296263201074243, 48.876272051807213 ], [ 2.29626345343744, 48.876254061544955 ], [ 2.296236179132169, 48.876253895081838 ], [ 2.296236431504894, 48.876235904819623 ], [ 2.29618188291466, 48.876235571874261 ], [ 2.296182135306692, 48.87621758161221 ], [ 2.296154861021729, 48.876217415129943 ], [ 2.296155113423291, 48.876199424867934 ], [ 2.296127839148356, 48.87619925837933 ], [ 2.296128091559446, 48.876181268117371 ], [ 2.296100817294541, 48.876181101622414 ], [ 2.296101069715159, 48.876163111360505 ], [ 2.296046521205656, 48.876162778351464 ], [ 2.296046773645581, 48.876144788089704 ], [ 2.296019499400984, 48.876144621575612 ], [ 2.296019751850438, 48.876126631313895 ], [ 2.295992477615869, 48.876126464793465 ], [ 2.295992730074852, 48.876108474531783 ], [ 2.295938181626023, 48.876108141471768 ], [ 2.295938434104312, 48.876090151210249 ], [ 2.295911159890052, 48.876089984670678 ], [ 2.295911412377869, 48.876071994409202 ], [ 2.295884138173637, 48.876071827863278 ], [ 2.295884390670984, 48.876053837601859 ], [ 2.295857116476781, 48.87605367104959 ], [ 2.295857368983655, 48.876035680788206 ], [ 2.295802820615558, 48.876035347664534 ], [ 2.29580307314174, 48.876017357403306 ], [ 2.295748524794201, 48.876017024254033 ], [ 2.295748272248463, 48.876035014515047 ], [ 2.29572099806529, 48.876034847930626 ], [ 2.295720745509523, 48.87605283819147 ], [ 2.295693471316822, 48.876052671600497 ], [ 2.295693218751026, 48.876070661861185 ], [ 2.295638670346819, 48.876070328659679 ], [ 2.295638417761215, 48.876088318920104 ], [ 2.295611143549709, 48.87608815230957 ], [ 2.295610890954075, 48.876106142569832 ], [ 2.295583616733041, 48.87610597595274 ], [ 2.295583364127379, 48.876123966212838 ], [ 2.295528815666503, 48.876123632959093 ], [ 2.295529068291722, 48.876105642699208 ], [ 2.295501794071438, 48.876105476062762 ], [ 2.295502046706186, 48.876087485802927 ], [ 2.295474772495931, 48.876087319160135 ], [ 2.295475025140207, 48.876069328900343 ], [ 2.295447750939981, 48.876069162251206 ], [ 2.295448003593785, 48.876051171991463 ], [ 2.295420729403589, 48.876051005335974 ], [ 2.29542098206692, 48.876033015076274 ], [ 2.295393707886753, 48.876032848414461 ], [ 2.295393960559613, 48.876014858154804 ], [ 2.295257589711427, 48.876014024749438 ], [ 2.295257336989673, 48.876032015008576 ], [ 2.295175514454431, 48.876031514887636 ], [ 2.295175261703093, 48.876049505146383 ], [ 2.295120713327961, 48.876049171699961 ], [ 2.295120460556814, 48.876067161958446 ], [ 2.295065912163127, 48.876066828486017 ], [ 2.295065659372172, 48.876084818744239 ], [ 2.29501111095993, 48.876084485245791 ], [ 2.295010858149167, 48.876102475503743 ], [ 2.294956309718371, 48.876102141979274 ], [ 2.2949560568878, 48.876120132236956 ], [ 2.294928782662999, 48.876119965464937 ], [ 2.294929288343447, 48.876083984949737 ], [ 2.294902014138454, 48.876083818171487 ], [ 2.294902519837456, 48.876047837656252 ], [ 2.294875245652271, 48.876047670871749 ], [ 2.294875751369827, 48.876011690356506 ], [ 2.29484847720445, 48.876011523565772 ], [ 2.294848982940562, 48.875975543050508 ], [ 2.294821708794992, 48.875975376253535 ], [ 2.294822214549658, 48.87593939573825 ], [ 2.294794940423896, 48.875939228935032 ], [ 2.294795446197116, 48.875903248419725 ], [ 2.294768172091162, 48.875903081610268 ], [ 2.294768930778448, 48.87584911083718 ], [ 2.294796204855066, 48.875849277646331 ], [ 2.294796457740548, 48.875831287388408 ], [ 2.294905554010416, 48.875831954560041 ], [ 2.294905806856533, 48.875813964301656 ], [ 2.295069451210181, 48.875814964864951 ], [ 2.295069703997378, 48.875796974605876 ], [ 2.295260622352921, 48.875798141635485 ], [ 2.295260875071417, 48.875780151375608 ], [ 2.295424519327268, 48.875781151434509 ], [ 2.295424771986842, 48.87576316117395 ], [ 2.295588416193039, 48.875764161 ], [ 2.295588668793693, 48.875746170738751 ], [ 2.295615942819157, 48.875746337353746 ], [ 2.295615690228281, 48.875764327615101 ], [ 2.295642964263774, 48.875764494223738 ], [ 2.295643216844871, 48.875746503962297 ], [ 2.2957795869772, 48.87574733690824 ], [ 2.295779839509154, 48.87572934664621 ], [ 2.295943483617538, 48.87573034596786 ], [ 2.295943736090571, 48.875712355705133 ], [ 2.296134654159958, 48.875713521286166 ], [ 2.296134906564292, 48.875695531022643 ], [ 2.296298550574854, 48.8756965298399 ], [ 2.296298802920268, 48.875678539575695 ], [ 2.296462446881165, 48.875679538160092 ], [ 2.296462194594421, 48.875697528424936 ], [ 2.296489468598558, 48.875697694833185 ], [ 2.296489216321344, 48.875715685098065 ], [ 2.296543764349924, 48.875716017895442 ], [ 2.296543512092017, 48.875734008160478 ], [ 2.29657078611646, 48.875734174549599 ], [ 2.296570533868081, 48.875752164814664 ], [ 2.296625081937275, 48.875752497573764 ], [ 2.296624829708203, 48.875770487838984 ], [ 2.296679377797954, 48.875770820572498 ], [ 2.296679125588188, 48.875788810837875 ], [ 2.296706399643218, 48.87578897719505 ], [ 2.296706147442981, 48.875806967460484 ], [ 2.296760695573346, 48.875807300155714 ], [ 2.296760443392416, 48.87582529042129 ], [ 2.296787717467752, 48.875825456759323 ], [ 2.29678746529635, 48.875843447024948 ], [ 2.29684201346733, 48.875843779681887 ], [ 2.296841761315235, 48.875861769947676 ], [ 2.296896309506772, 48.875862102579013 ], [ 2.296896057373984, 48.875880092844938 ], [ 2.296923331479906, 48.875880259151039 ], [ 2.296923079356647, 48.875898249417013 ], [ 2.296977627588796, 48.875898582010088 ], [ 2.296977375484845, 48.875916572276211 ], [ 2.297004649611073, 48.875916738563163 ], [ 2.29700439751665, 48.875934728829343 ], [ 2.297058945789413, 48.875935061384112 ], [ 2.297058693714297, 48.875953051650441 ], [ 2.297085967860832, 48.875953217918251 ], [ 2.297085715795245, 48.87597120818463 ], [ 2.297140264108622, 48.875971540701116 ], [ 2.297140012062342, 48.875989530967644 ], [ 2.297194560396276, 48.875989863458543 ], [ 2.297194308369303, 48.87600785372522 ], [ 2.297221582546423, 48.876008019961098 ], [ 2.297221330528979, 48.876026010227825 ], [ 2.297275878903527, 48.87602634268044 ], [ 2.29727562690539, 48.876044332947309 ], [ 2.297302901102817, 48.87604449916406 ], [ 2.297302649114209, 48.876062489430979 ], [ 2.29735719752937, 48.876062821845309 ], [ 2.29735694556007, 48.876080812112384 ], [ 2.297384219777803, 48.876080978309972 ], [ 2.297383967818031, 48.876098968577104 ], [ 2.297438516273805, 48.87609930095315 ], [ 2.297437760451664, 48.876153271754809 ], [ 2.297410486194317, 48.876153105569692 ], [ 2.297410234243324, 48.876171095836696 ], [ 2.297382959976448, 48.876170929645035 ], [ 2.297382708015427, 48.876188919911876 ], [ 2.297355433739022, 48.876188753713656 ], [ 2.297355181767974, 48.876206743980326 ], [ 2.297273358910919, 48.876206245346651 ], [ 2.297273106910285, 48.876224235612952 ], [ 2.297300381205499, 48.876224401830733 ], [ 2.297300129214393, 48.87624239209709 ], [ 2.297272854909401, 48.876242225879203 ], [ 2.297272602908266, 48.876260216145383 ], [ 2.297245328593745, 48.876260049920958 ], [ 2.297244824571169, 48.876296030452949 ], [ 2.29721755023734, 48.876295864221852 ], [ 2.297217298215899, 48.876313854487663 ], [ 2.297190023872541, 48.876313688250015 ], [ 2.297189771841072, 48.876331678515655 ], [ 2.297162497488185, 48.876331512271442 ], [ 2.297162245446687, 48.876349502536925 ], [ 2.297134971084271, 48.876349336286154 ], [ 2.297134719032744, 48.876367326551481 ], [ 2.2971074446608, 48.876367160294159 ], [ 2.297107192599243, 48.876385150559329 ], [ 2.29707991821777, 48.876384984295449 ], [ 2.297079666146186, 48.876402974560449 ], [ 2.297052391755183, 48.87640280829001 ], [ 2.297051887591707, 48.876438788819627 ], [ 2.297024613181397, 48.876438622542537 ], [ 2.297024361089505, 48.876456612807161 ], [ 2.296997086669667, 48.876456446523513 ], [ 2.296996834567746, 48.876474436787959 ], [ 2.296969560138378, 48.876474270497752 ], [ 2.296969308026429, 48.876492260762056 ], [ 2.296942033587532, 48.876492094465299 ], [ 2.296941781465554, 48.876510084729418 ], [ 2.296914507017128, 48.876509918426109 ], [ 2.296914254885121, 48.876527908690079 ], [ 2.296886980427167, 48.876527742380212 ], [ 2.296886476142845, 48.876563722907761 ], [ 2.296859201665583, 48.876563556591236 ], [ 2.296858949513269, 48.876581546854823 ], [ 2.296831675026477, 48.876581380531732 ] ] ] } },
{ "type": "Feature", "properties": { "height": 21.893363952636719 }, "geometry": { "type": "Polygon", "coordinates": [ [ [ 2.293645881177956, 48.876184080914129 ], [ 2.293646134478905, 48.876166090661727 ], [ 2.293591585994966, 48.876165756491361 ], [ 2.293591839315221, 48.876147766239114 ], [ 2.293564565083406, 48.87614759914436 ], [ 2.293564818413189, 48.876129608892157 ], [ 2.293537544191405, 48.876129441791051 ], [ 2.293538050869774, 48.876093461286686 ], [ 2.293565325072001, 48.876093628387565 ], [ 2.29356557840103, 48.876075638135191 ], [ 2.293538304208582, 48.876075471034405 ], [ 2.293538557547139, 48.876057480782066 ], [ 2.293511283364719, 48.876057313674941 ], [ 2.293511536712804, 48.87603932342266 ], [ 2.293456988368276, 48.876038989189261 ], [ 2.293456735000635, 48.876056979441344 ], [ 2.293402186637556, 48.876056645181933 ], [ 2.293402440024754, 48.876038654930063 ], [ 2.293347891682236, 48.876038320645073 ], [ 2.293348145088741, 48.876020330393352 ], [ 2.293320870927638, 48.876020163241286 ], [ 2.293321124343669, 48.876002172989629 ], [ 2.293266576041773, 48.876001838666348 ], [ 2.293266829477111, 48.875983848414847 ], [ 2.293185007055486, 48.875983346881853 ], [ 2.293187541688401, 48.87580344436676 ], [ 2.293214815730906, 48.87580361154982 ], [ 2.293215069183037, 48.875785621297894 ], [ 2.293160521117835, 48.875785286925534 ], [ 2.293161788472506, 48.875695335666059 ], [ 2.293189062456089, 48.875695502854953 ], [ 2.293188808995436, 48.875713493107057 ], [ 2.293216082989049, 48.875713660289591 ], [ 2.293216589890547, 48.875677679785099 ], [ 2.293543877598817, 48.875679685469841 ], [ 2.293544130931849, 48.875661695216245 ], [ 2.293707774740875, 48.875662697709664 ], [ 2.293708028014986, 48.875644707455379 ], [ 2.293844397813854, 48.875645542688645 ], [ 2.293844651038822, 48.87562755243377 ], [ 2.29392647289182, 48.875628053496008 ], [ 2.293926726087201, 48.875610063240771 ], [ 2.294008547913123, 48.875610564244639 ], [ 2.294008801078919, 48.875592573989024 ], [ 2.294063348944565, 48.875592907959131 ], [ 2.294063095798326, 48.875610898214951 ], [ 2.294090369741304, 48.875611065190441 ], [ 2.29408986346763, 48.875647045702131 ], [ 2.294117137430416, 48.875647212671382 ], [ 2.294116631175296, 48.875683193183036 ], [ 2.294143905157889, 48.875683360146041 ], [ 2.294143398921322, 48.875719340657689 ], [ 2.294170672923723, 48.875719507614463 ], [ 2.294170166705709, 48.875755488126075 ], [ 2.294197440727918, 48.875755655076595 ], [ 2.294197187628312, 48.87577364533243 ], [ 2.294169913596326, 48.875773478381809 ], [ 2.294169660486691, 48.87579146863748 ], [ 2.294142386445176, 48.875791301680295 ], [ 2.294142133325513, 48.875809291935795 ], [ 2.294114859274471, 48.875809124972044 ], [ 2.294114353014833, 48.875845105482682 ], [ 2.294087078944485, 48.875844938512287 ], [ 2.294086825804512, 48.875862928767411 ], [ 2.294059551724636, 48.875862761790451 ], [ 2.294059298574633, 48.875880752045404 ], [ 2.294032024485229, 48.875880585061893 ], [ 2.294031771325197, 48.875898575316697 ], [ 2.294004497226266, 48.87589840832662 ], [ 2.294003990885892, 48.875934388835844 ], [ 2.293976716767655, 48.87593422183911 ], [ 2.293976463587313, 48.87595221209353 ], [ 2.293949189459548, 48.875952045090237 ], [ 2.293948936269176, 48.875970035344494 ], [ 2.293921662131884, 48.875969868334664 ], [ 2.293921155730831, 48.87600584884278 ], [ 2.293893881574233, 48.876005681826271 ], [ 2.293893628363551, 48.876023672080144 ], [ 2.293866354197425, 48.876023505057084 ], [ 2.293866100976714, 48.876041495310801 ], [ 2.29383882680106, 48.876041328281183 ], [ 2.293838573570319, 48.876059318534729 ], [ 2.293811299385138, 48.876059151498559 ], [ 2.293810792903345, 48.876095132005268 ], [ 2.293783518698859, 48.876094964962441 ], [ 2.293783265447807, 48.876112955215604 ], [ 2.293755991233793, 48.876112788166218 ], [ 2.293755737972711, 48.876130778419217 ], [ 2.293728463749169, 48.876130611363273 ], [ 2.293727957206697, 48.876166591868895 ], [ 2.293700682963848, 48.876166424806286 ], [ 2.293700429682457, 48.876184415058908 ], [ 2.293645881177956, 48.876184080914129 ] ] ] } },
{ "type": "Feature", "properties": { "height": 21.380500793457031 }, "geometry": { "type": "Polygon", "coordinates": [ [ [ 2.292147066889407, 48.876084930587986 ], [ 2.292147320726924, 48.876066940341076 ], [ 2.292120046547546, 48.876066772904871 ], [ 2.29212030039459, 48.876048782658003 ], [ 2.292065752056149, 48.876048447766436 ], [ 2.292066005922498, 48.876030457519732 ], [ 2.29201145760462, 48.876030122602579 ], [ 2.292011711490275, 48.876012132356031 ], [ 2.291957163192961, 48.876011797413291 ], [ 2.291957417097921, 48.875993807166886 ], [ 2.291902868821171, 48.875993472198545 ], [ 2.291903376669449, 48.875957491706018 ], [ 2.291930650788141, 48.875957659193197 ], [ 2.291931158615856, 48.875921678700216 ], [ 2.291958432715242, 48.875921846180738 ], [ 2.291958940522393, 48.875885865687316 ], [ 2.291986214602474, 48.87588603316118 ], [ 2.291986722389061, 48.875850052667317 ], [ 2.292013996449837, 48.875850220134517 ], [ 2.292014504215861, 48.875814239640206 ], [ 2.292041778257332, 48.875814407100741 ], [ 2.292042286002791, 48.87577842660599 ], [ 2.292069560024956, 48.875778594059881 ], [ 2.29206981388753, 48.87576060381231 ], [ 2.29209708790017, 48.875760771259635 ], [ 2.292097595605006, 48.875724790764124 ], [ 2.292124869598339, 48.875724958204785 ], [ 2.292125377282611, 48.87568897770884 ], [ 2.29215265125664, 48.875689145142836 ], [ 2.29215315892035, 48.875653164646444 ], [ 2.292180432875073, 48.875653332073782 ], [ 2.292181448160359, 48.875581371079889 ], [ 2.292208722076221, 48.875581538500356 ], [ 2.292208975887135, 48.875563548251634 ], [ 2.292236249793469, 48.87556371566555 ], [ 2.292236503594354, 48.875545725416671 ], [ 2.292318325285533, 48.87554622761936 ], [ 2.292318071513984, 48.875564217868565 ], [ 2.292399893236762, 48.875564720013536 ], [ 2.292399639494297, 48.875582710262989 ], [ 2.292454187330296, 48.875583044994272 ], [ 2.292453933607136, 48.875601035243882 ], [ 2.292535755392357, 48.875601537292724 ], [ 2.29253550169828, 48.875619527542597 ], [ 2.292644597454542, 48.87562019685118 ], [ 2.292644343799327, 48.875638187101409 ], [ 2.292726165648499, 48.875638689015425 ], [ 2.292724136632406, 48.875782611017769 ], [ 2.292696862604203, 48.875782443718705 ], [ 2.292694579853857, 48.875944355966006 ], [ 2.2926673057379, 48.875944188659545 ], [ 2.292665530182879, 48.87607012040349 ], [ 2.292638255998723, 48.876069953089832 ], [ 2.292638509659973, 48.876051962840975 ], [ 2.29247486461899, 48.876050958824244 ], [ 2.29247511833866, 48.876032968575963 ], [ 2.292529666665091, 48.8760333032738 ], [ 2.292529920364953, 48.876015313025249 ], [ 2.29242082375221, 48.876014643604201 ], [ 2.292421077490935, 48.875996653356005 ], [ 2.292393803348157, 48.875996485984729 ], [ 2.292393295850899, 48.876032466480829 ], [ 2.292366021688815, 48.876032299102889 ], [ 2.292366275447348, 48.876014308854963 ], [ 2.292284452991942, 48.876013806682735 ], [ 2.292284960566925, 48.875977826187366 ], [ 2.292312234698918, 48.875977993584343 ], [ 2.292312742253337, 48.875942013088526 ], [ 2.2922854681409, 48.875941845691756 ], [ 2.292285721927511, 48.875923855443865 ], [ 2.292312996030169, 48.875924022840529 ], [ 2.29231324980675, 48.875906032592482 ], [ 2.292367797993264, 48.875906367366248 ], [ 2.29236754423624, 48.875924357614508 ], [ 2.292449366547232, 48.8759248597271 ], [ 2.292449112819293, 48.875942849975623 ], [ 2.292476386933238, 48.87594301733369 ], [ 2.292476133214826, 48.875961007582262 ], [ 2.292530681463028, 48.875961342279254 ], [ 2.292531442558841, 48.87590737153274 ], [ 2.292504168463949, 48.87590720418779 ], [ 2.292504422171829, 48.875889213938933 ], [ 2.292558970342307, 48.87588954862219 ], [ 2.292559224030378, 48.875871558373071 ], [ 2.292450127729542, 48.87587088898119 ], [ 2.292450381456475, 48.87585289873244 ], [ 2.292314011134982, 48.875852061847979 ], [ 2.292313503583079, 48.875888042344364 ], [ 2.292286229499978, 48.875887874947914 ], [ 2.29228597571387, 48.875905865195918 ], [ 2.292231427528866, 48.875905530383449 ], [ 2.292230919916782, 48.87594151087886 ], [ 2.292203645805101, 48.875941343462742 ], [ 2.292203391988903, 48.875959333710256 ], [ 2.292230666110363, 48.875959501126488 ], [ 2.292230158496769, 48.875995481621551 ], [ 2.292257432638038, 48.875995649031537 ], [ 2.292256925042996, 48.876031629526587 ], [ 2.29222965088217, 48.876031462116394 ], [ 2.292228889458383, 48.876085432858233 ], [ 2.292147066889407, 48.876084930587986 ] ] ] } },
{ "type": "Feature", "properties": { "height": 21.681999206542969 }, "geometry": { "type": "Polygon", "coordinates": [ [ [ 2.298745164789793, 48.876287172957738 ], [ 2.298745416263125, 48.876269182685959 ], [ 2.29869086760738, 48.876268850927296 ], [ 2.29869111910002, 48.876250860655674 ], [ 2.2986638447823, 48.876250694766767 ], [ 2.298664096284469, 48.876232704495187 ], [ 2.298609547669336, 48.876232372698233 ], [ 2.298609799190813, 48.876214382426816 ], [ 2.298582524893399, 48.876214216518768 ], [ 2.298582776424406, 48.876196226247401 ], [ 2.298528227849882, 48.876195894412156 ], [ 2.298528479400197, 48.876177904140931 ], [ 2.298501205123089, 48.876177738213741 ], [ 2.298501456682933, 48.876159747942559 ], [ 2.298446908149021, 48.876159416069044 ], [ 2.298447159728173, 48.876141425798004 ], [ 2.298392611214816, 48.876141093898902 ], [ 2.298392862813276, 48.876123103628018 ], [ 2.29836558856675, 48.876122937668882 ], [ 2.29836584017474, 48.876104947398055 ], [ 2.298311291701994, 48.876104615460662 ], [ 2.298311543329291, 48.876086625189977 ], [ 2.298284269103071, 48.876086459211699 ], [ 2.298284520739897, 48.876068468941071 ], [ 2.298229972307763, 48.876068136965387 ], [ 2.298230223963897, 48.876050146694894 ], [ 2.298175675552317, 48.87604981469363 ], [ 2.29817592722776, 48.876031824423293 ], [ 2.298148653032123, 48.87603165841309 ], [ 2.298148904717094, 48.876013668142797 ], [ 2.298094356346126, 48.876013336103235 ], [ 2.298094608050405, 48.875995345833104 ], [ 2.298067333875074, 48.875995179803752 ], [ 2.298067585588882, 48.875977189533664 ], [ 2.298013037258525, 48.875976857455825 ], [ 2.298013288991641, 48.875958867185886 ], [ 2.297986014836616, 48.875958701137385 ], [ 2.29798626657926, 48.875940710867511 ], [ 2.297931718289515, 48.87594037875138 ], [ 2.297931970051467, 48.875922388481648 ], [ 2.297877421782278, 48.875922056339917 ], [ 2.297877673563538, 48.875904066070333 ], [ 2.297850399439096, 48.8759038999899 ], [ 2.297850651229885, 48.875885909720367 ], [ 2.297796103001307, 48.875885577540352 ], [ 2.297796354811402, 48.875867587270967 ], [ 2.297769080707266, 48.875867421171392 ], [ 2.297769332526892, 48.875849430902051 ], [ 2.297714784338926, 48.875849098683751 ], [ 2.297715036177858, 48.875831108414566 ], [ 2.297660488010448, 48.875830776170673 ], [ 2.297660739868688, 48.875812785901644 ], [ 2.297633465795136, 48.87581261977013 ], [ 2.297633717662904, 48.875794629501144 ], [ 2.297579169536106, 48.87579429721896 ], [ 2.297579421423182, 48.875776306950122 ], [ 2.297552147369935, 48.875776140799466 ], [ 2.29755239926654, 48.875758150530686 ], [ 2.297497851180354, 48.875757818210218 ], [ 2.297498103096266, 48.875739827941594 ], [ 2.297470829063326, 48.875739661771782 ], [ 2.297471080988767, 48.8757216715032 ], [ 2.297416532943193, 48.875721339144448 ], [ 2.29741678488794, 48.875703348876023 ], [ 2.297362236862922, 48.875703016491684 ], [ 2.297362488826977, 48.875685026223401 ], [ 2.297335214824621, 48.875684860021664 ], [ 2.297335466798204, 48.875666869753424 ], [ 2.297280918813799, 48.875666537330794 ], [ 2.297281170806689, 48.875648547062717 ], [ 2.297253896824639, 48.875648380841838 ], [ 2.297254652831148, 48.87559441003755 ], [ 2.297336474690042, 48.875594908679908 ], [ 2.297336726662376, 48.875576918411383 ], [ 2.297500370328237, 48.875577915521298 ], [ 2.297500622241651, 48.875559925252091 ], [ 2.297664265857832, 48.875560922129161 ], [ 2.297664517712327, 48.875542931859279 ], [ 2.297855435207448, 48.875544094588292 ], [ 2.297855686993246, 48.875526104317608 ], [ 2.298019330511556, 48.875527100690284 ], [ 2.298019582238434, 48.875509110418925 ], [ 2.298183225707058, 48.875510106558743 ], [ 2.298183477375016, 48.875492116286686 ], [ 2.298374394697981, 48.875493278155595 ], [ 2.298374646297241, 48.875475287882765 ], [ 2.298538289667982, 48.875476283518196 ], [ 2.298538541208323, 48.875458293244684 ], [ 2.298702184529371, 48.875459288647278 ], [ 2.298702436010792, 48.875441298373062 ], [ 2.298893353161577, 48.875442459381873 ], [ 2.298893604574301, 48.875424469106875 ], [ 2.299057247797452, 48.875425464005083 ], [ 2.299057499151257, 48.875407473729403 ], [ 2.299139320736861, 48.875407971091107 ], [ 2.299139069412391, 48.8754259613671 ], [ 2.299166343284536, 48.875426127141537 ], [ 2.299165589338965, 48.875480097969493 ], [ 2.299192863240694, 48.875480263737792 ], [ 2.299191355401496, 48.875588205392766 ], [ 2.299218629362144, 48.875588371155253 ], [ 2.299217121572648, 48.875696312808799 ], [ 2.299244395592216, 48.875696478565445 ], [ 2.299242636561586, 48.875822410492702 ], [ 2.299269910649852, 48.875822576243635 ], [ 2.299268402958268, 48.875930517893956 ], [ 2.299295677105455, 48.875930683639062 ], [ 2.299294169463575, 48.87603862528794 ], [ 2.299321443669682, 48.87603879102722 ], [ 2.299319936077507, 48.876146732674663 ], [ 2.299156290492569, 48.87614573813844 ], [ 2.299156541817226, 48.876127747864636 ], [ 2.299101993310464, 48.876127416301173 ], [ 2.299103501370519, 48.876019474658392 ], [ 2.299048952982098, 48.876019143070373 ], [ 2.299048701619821, 48.876037133344099 ], [ 2.299021427416205, 48.876036967540315 ], [ 2.2990211760439, 48.876054957813878 ], [ 2.298993901830755, 48.876054792003529 ], [ 2.29899339906584, 48.876090772550285 ], [ 2.298966124833387, 48.876090606733285 ], [ 2.298965873440777, 48.876108597006485 ], [ 2.298938599198794, 48.876108431182921 ], [ 2.29893809639327, 48.876144411728902 ], [ 2.298910822131979, 48.876144245898686 ], [ 2.298910319305901, 48.876180226444241 ], [ 2.298883045025302, 48.876180060607361 ], [ 2.29888279360211, 48.87619805087995 ], [ 2.298855519311981, 48.876197885036518 ], [ 2.298855016445292, 48.876233865581312 ], [ 2.298827742135855, 48.876233699731216 ], [ 2.298827490692358, 48.876251690003421 ], [ 2.298800216373392, 48.876251524146774 ], [ 2.298799713466093, 48.876287504690815 ], [ 2.298745164789793, 48.876287172957738 ] ] ] } },
{ "type": "Feature", "properties": { "height": 4.6561126708984375 }, "geometry": { "type": "Polygon", "coordinates": [ [ [ 2.29723216705348, 48.87525242870673 ], [ 2.297232419060181, 48.875234438437538 ], [ 2.297259692817081, 48.875234604662467 ], [ 2.297259440820157, 48.875252594931759 ], [ 2.29723216705348, 48.87525242870673 ] ] ] } },
{ "type": "Feature", "properties": { "height": 17.798099517822266 }, "geometry": { "type": "Polygon", "coordinates": [ [ [ 2.294661857942455, 48.875704521475413 ], [ 2.294662110874823, 48.875686531217553 ], [ 2.294634836887465, 48.875686364377117 ], [ 2.29463508982936, 48.875668374119314 ], [ 2.294607815852031, 48.875668207272511 ], [ 2.294608321754628, 48.875632226756956 ], [ 2.294581047797105, 48.875632059903928 ], [ 2.294581553718256, 48.875596079388345 ], [ 2.294554279780541, 48.875595912529079 ], [ 2.294554785720246, 48.875559932013481 ], [ 2.294527511802338, 48.875559765147962 ], [ 2.294528017760596, 48.875523784632342 ], [ 2.294500743862496, 48.875523617760592 ], [ 2.294501249839307, 48.875487637244952 ], [ 2.294473975961015, 48.875487470366956 ], [ 2.294474481956379, 48.875451489851301 ], [ 2.294529029674102, 48.875451823600422 ], [ 2.294529282651852, 48.875433833342292 ], [ 2.294556556501311, 48.875434000207065 ], [ 2.294556809469032, 48.875416009948772 ], [ 2.294611357149146, 48.875416343658777 ], [ 2.29461161009706, 48.875398353400222 ], [ 2.294638883927715, 48.875398520245433 ], [ 2.294639136865599, 48.875380529986714 ], [ 2.294666410686726, 48.875380696825381 ], [ 2.294666663614582, 48.875362706566499 ], [ 2.294721211238033, 48.875363040224251 ], [ 2.294721464146081, 48.875345049965105 ], [ 2.294748737948404, 48.875345216784211 ], [ 2.294748990846423, 48.875327226524902 ], [ 2.294776264639219, 48.875327393337443 ], [ 2.29477651752721, 48.875309403077971 ], [ 2.294803791310478, 48.87530956988396 ], [ 2.29480404418844, 48.875291579624324 ], [ 2.29483131796218, 48.875291746423763 ], [ 2.294831570830113, 48.875273756163963 ], [ 2.29488611835879, 48.875274089743264 ], [ 2.294885865510413, 48.87529208000327 ], [ 2.294913139284906, 48.875292246783346 ], [ 2.294912886446058, 48.875310237043408 ], [ 2.294940160230579, 48.875310403817146 ], [ 2.294939654571686, 48.875346384337284 ], [ 2.294966928376015, 48.875346551104784 ], [ 2.294966675555971, 48.875364541364874 ], [ 2.294993949370328, 48.875364708126028 ], [ 2.294994454990609, 48.87532872760557 ], [ 2.29502172878566, 48.875328894360067 ], [ 2.295021981585648, 48.875310904099642 ], [ 2.295049255371171, 48.87531107084758 ], [ 2.295049760950836, 48.875275090326369 ], [ 2.295077034717055, 48.875275257067642 ], [ 2.295077540276161, 48.875239276545983 ], [ 2.295022992783088, 48.875238943057404 ], [ 2.295023245581821, 48.87522095279671 ], [ 2.294995971845438, 48.875220786042846 ], [ 2.294996224653699, 48.875202795782187 ], [ 2.294968950927346, 48.87520262902197 ], [ 2.294969203745135, 48.875184638761368 ], [ 2.29499647746171, 48.875184805521464 ], [ 2.29499673026947, 48.875166815260684 ], [ 2.295024003976518, 48.875166982014235 ], [ 2.295024256774249, 48.875148991753306 ], [ 2.29505153047177, 48.875149158500285 ], [ 2.295051783259472, 48.875131168239193 ], [ 2.295079056947465, 48.875131334979628 ], [ 2.295079309725139, 48.875113344718372 ], [ 2.295133857082321, 48.87511367817968 ], [ 2.295133604324203, 48.875131668441149 ], [ 2.295160878012948, 48.875131835162236 ], [ 2.295160625264358, 48.875149825423748 ], [ 2.295215172662155, 48.875150158846772 ], [ 2.295214919932871, 48.87516814910844 ], [ 2.295269467351226, 48.875168482505877 ], [ 2.295269214641248, 48.875186472767695 ], [ 2.29529648836058, 48.875186639456842 ], [ 2.295296235660129, 48.875204629718709 ], [ 2.295350783119101, 48.875204963077863 ], [ 2.295350530437955, 48.875222953339886 ], [ 2.295377804177595, 48.875223120009899 ], [ 2.295377551505977, 48.875241110271958 ], [ 2.295432099005564, 48.875241443592834 ], [ 2.295431846353252, 48.875259433855049 ], [ 2.2954591201132, 48.875259600505913 ], [ 2.295458867470415, 48.875277590768185 ], [ 2.295513415010617, 48.875277924050778 ], [ 2.29551316238714, 48.875295914313185 ], [ 2.2955677099479, 48.875296247570184 ], [ 2.295567457343728, 48.875314237832761 ], [ 2.295594731134262, 48.875314404451679 ], [ 2.295594478539618, 48.875332394714306 ], [ 2.295649026140993, 48.875332727933014 ], [ 2.295648773565655, 48.875350718195783 ], [ 2.295676047376497, 48.875350884795566 ], [ 2.295675794810686, 48.875368875058385 ], [ 2.295730342452678, 48.875369208238808 ], [ 2.295730089906173, 48.875387198501798 ], [ 2.295757363737323, 48.875387365082432 ], [ 2.295757111200346, 48.875405355345457 ], [ 2.295811658882952, 48.875405688487604 ], [ 2.295811406365282, 48.875423678750778 ], [ 2.295865954068445, 48.875424011867331 ], [ 2.295865701570082, 48.875442002130661 ], [ 2.295892975431816, 48.875442168679363 ], [ 2.295892722942981, 48.87546015894273 ], [ 2.295947270686759, 48.875460492020999 ], [ 2.29594701821723, 48.875478482284528 ], [ 2.295974292099273, 48.875478648814088 ], [ 2.295974039639272, 48.87549663907766 ], [ 2.296028587423665, 48.875496972117645 ], [ 2.296028334982969, 48.875514962381381 ], [ 2.29608288278792, 48.875515295395772 ], [ 2.296082125523004, 48.875569266187227 ], [ 2.296000303727948, 48.875568766655022 ], [ 2.296000051276474, 48.875586756918409 ], [ 2.295836407634448, 48.875585757679204 ], [ 2.295836155124054, 48.875603747941909 ], [ 2.29567251143237, 48.875602748469845 ], [ 2.295672258863055, 48.875620738731868 ], [ 2.295481341165701, 48.87561957238691 ], [ 2.295481088527686, 48.87563756264813 ], [ 2.295317444738193, 48.87563656267168 ], [ 2.295317192041259, 48.875654552932218 ], [ 2.295153548202113, 48.875653552722902 ], [ 2.295153295446258, 48.875671542982758 ], [ 2.294962377576874, 48.87567037577768 ], [ 2.294962124752318, 48.875688366036734 ], [ 2.29479848081538, 48.875687365323031 ], [ 2.294798227931903, 48.87570535558141 ], [ 2.294661857942455, 48.875704521475413 ] ] ] } },
{ "type": "Feature", "properties": { "height": 21.682003021240234 }, "geometry": { "type": "Polygon", "coordinates": [ [ [ 2.291165196238421, 48.876078898816679 ], [ 2.291165450427967, 48.876060908573578 ], [ 2.291110902087596, 48.876060573230248 ], [ 2.291111156296447, 48.876042582987296 ], [ 2.291056607976641, 48.876042247618386 ], [ 2.291056862204797, 48.876024257375583 ], [ 2.291002313905556, 48.876023921981094 ], [ 2.291002568153016, 48.876005931738447 ], [ 2.290975294013553, 48.876005764031618 ], [ 2.29097554827054, 48.875987773789028 ], [ 2.290893725882996, 48.875987270630183 ], [ 2.290893980169067, 48.875969280387856 ], [ 2.290812157813129, 48.875968777171266 ], [ 2.290812666443185, 48.875932796687053 ], [ 2.290758118246266, 48.875932461177499 ], [ 2.290758372580474, 48.875914470935513 ], [ 2.290703824404121, 48.875914135400372 ], [ 2.290703315696341, 48.87595011588386 ], [ 2.290676041588986, 48.875949948106388 ], [ 2.29067629595278, 48.875931957864786 ], [ 2.290621747758384, 48.875931622290722 ], [ 2.290621493375032, 48.875949612532132 ], [ 2.290566945162086, 48.875949276932054 ], [ 2.290567453967652, 48.875913296449617 ], [ 2.290540179881115, 48.875913128640128 ], [ 2.290540688705228, 48.875877148157684 ], [ 2.2905134146385, 48.875876980341943 ], [ 2.290513669059957, 48.875858990100738 ], [ 2.290568217174108, 48.875859325725557 ], [ 2.290568471575757, 48.87584133548409 ], [ 2.29062301967136, 48.875841671082888 ], [ 2.290623274053198, 48.875823680841158 ], [ 2.2906505480916, 48.875823848630773 ], [ 2.290650802463408, 48.875805858388865 ], [ 2.290596254406414, 48.875805522803383 ], [ 2.290596763188387, 48.87576954231983 ], [ 2.290569489179825, 48.875769374517624 ], [ 2.290569743580212, 48.875751384275866 ], [ 2.290542469581681, 48.875751216467307 ], [ 2.290542215171516, 48.875769206708959 ], [ 2.290487667155653, 48.87576887107231 ], [ 2.290487412725679, 48.875786861313685 ], [ 2.290432864691268, 48.875786525651009 ], [ 2.290433373590078, 48.875750545168607 ], [ 2.290406099592808, 48.875750377327805 ], [ 2.290406354051613, 48.875732387086622 ], [ 2.290379080064373, 48.875732219239474 ], [ 2.290379589000783, 48.875696238757136 ], [ 2.290352315033353, 48.875696070903757 ], [ 2.290353078465411, 48.875642100180166 ], [ 2.290380352403506, 48.875642268033225 ], [ 2.290380097936184, 48.875660258274593 ], [ 2.29040737188431, 48.875660426121314 ], [ 2.290407117426514, 48.875678416362724 ], [ 2.290434391384671, 48.875678584203108 ], [ 2.290434645832688, 48.875660593961584 ], [ 2.290489193730201, 48.875660929622789 ], [ 2.290489957014071, 48.875606958897265 ], [ 2.290462683094523, 48.875606791070204 ], [ 2.290463191968731, 48.875570810586446 ], [ 2.290435918068992, 48.875570642753146 ], [ 2.290436681407749, 48.875516672027395 ], [ 2.290409407537597, 48.875516504187956 ], [ 2.290409153081819, 48.875534494429836 ], [ 2.290354605322715, 48.875534158731412 ], [ 2.290354350847128, 48.875552148973014 ], [ 2.290327076958177, 48.875551981114022 ], [ 2.290327331443542, 48.875533990872533 ], [ 2.290300057564621, 48.875533823007189 ], [ 2.290300566554151, 48.87549784252424 ], [ 2.290273292695039, 48.875497674652657 ], [ 2.290273801703116, 48.87546169416968 ], [ 2.290246527863813, 48.875461526291872 ], [ 2.290247291403372, 48.8754075555673 ], [ 2.290301839023561, 48.875407891315845 ], [ 2.290302093516686, 48.875389901073987 ], [ 2.290356641118329, 48.87539023679652 ], [ 2.290356895591645, 48.875372246554406 ], [ 2.29041144317474, 48.875372582250932 ], [ 2.290411697628248, 48.875354592008534 ], [ 2.290493518975448, 48.875355095504617 ], [ 2.290493773399369, 48.875337105261856 ], [ 2.290548320945874, 48.875337440893446 ], [ 2.290548575349986, 48.875319450650416 ], [ 2.290603122877943, 48.875319786255993 ], [ 2.290603377262247, 48.875301796012685 ], [ 2.290657924771657, 48.875302131592257 ], [ 2.290658179136152, 48.875284141348686 ], [ 2.290712726627014, 48.875284476902252 ], [ 2.2907129809717, 48.875266486658411 ], [ 2.290767528444015, 48.875266822185942 ], [ 2.290767782768893, 48.875248831941839 ], [ 2.290822330222659, 48.875249167443364 ], [ 2.29082258452773, 48.875231177198991 ], [ 2.290877131962948, 48.87523151267451 ], [ 2.290877386248209, 48.87521352242986 ], [ 2.29093193366488, 48.875213857879373 ], [ 2.290932187930333, 48.87519586763446 ], [ 2.290986735328456, 48.875196203057932 ], [ 2.290986989574101, 48.875178212812763 ], [ 2.291014263263762, 48.875178380514726 ], [ 2.291014771734741, 48.875142400023982 ], [ 2.291042045405097, 48.87514256771928 ], [ 2.291042299630431, 48.875124577473713 ], [ 2.291124120613679, 48.875125080520604 ], [ 2.291123866417681, 48.875143070766484 ], [ 2.291151140089045, 48.875143238435982 ], [ 2.291151648461235, 48.875107257943952 ], [ 2.291124374809427, 48.875107090274668 ], [ 2.291124629004921, 48.875089100028674 ], [ 2.291179176289235, 48.875089435360593 ], [ 2.291179430464922, 48.87507144511433 ], [ 2.291233977730687, 48.875071780420235 ], [ 2.291234231886565, 48.875053790173702 ], [ 2.291316052757769, 48.875054293083863 ], [ 2.291315544504427, 48.875090273577499 ], [ 2.291342818148222, 48.875090441201536 ], [ 2.29134307226524, 48.875072450954633 ], [ 2.291397619534028, 48.875072786183139 ], [ 2.291397365436565, 48.875090776430241 ], [ 2.291424639081116, 48.875090944034916 ], [ 2.29142438499318, 48.875108934282075 ], [ 2.291451658647759, 48.875109101880412 ], [ 2.291451404569349, 48.875127092127613 ], [ 2.291478678233959, 48.875127259719605 ], [ 2.291478424165075, 48.875145249966849 ], [ 2.291505697839714, 48.875145417552503 ], [ 2.291505189720747, 48.875181398047047 ], [ 2.291532463415195, 48.875181565626448 ], [ 2.291532209365112, 48.875199555873749 ], [ 2.291559483069589, 48.875199723446812 ], [ 2.291559229029032, 48.875217713694141 ], [ 2.29158650274354, 48.875217881260859 ], [ 2.291586248712509, 48.875235871508245 ], [ 2.291613522437047, 48.875236039068618 ], [ 2.291613268415543, 48.875254029316054 ], [ 2.29164054215011, 48.875254196870074 ], [ 2.291640288138132, 48.875272187117559 ], [ 2.291694835627579, 48.875272522206473 ], [ 2.291694581634905, 48.875290512454107 ], [ 2.291721855389785, 48.875290679989 ], [ 2.291721601406637, 48.875308670236677 ], [ 2.291748875171546, 48.875308837765218 ], [ 2.291748621197926, 48.875326828012952 ], [ 2.291775894972865, 48.875326995535154 ], [ 2.29177564100877, 48.875344985782924 ], [ 2.29180291479374, 48.875345153298781 ], [ 2.291802406884352, 48.875381133794392 ], [ 2.291775133079826, 48.875380966278321 ], [ 2.291774879114977, 48.875398956525935 ], [ 2.291747605300925, 48.875398789003306 ], [ 2.291747097350914, 48.875434769498142 ], [ 2.291719823517557, 48.87543460196887 ], [ 2.291719569532396, 48.875452592216085 ], [ 2.291774117218917, 48.875452927268412 ], [ 2.291773863253061, 48.875470917515791 ], [ 2.291746589399896, 48.875470749992743 ], [ 2.291746335424009, 48.87548874023998 ], [ 2.291719061561317, 48.875488572710374 ], [ 2.291718553589232, 48.875524553204421 ], [ 2.291636731943999, 48.875524050576296 ], [ 2.291636223912237, 48.875560031069483 ], [ 2.291608950011439, 48.875559863513665 ], [ 2.291608441959113, 48.875595844006412 ], [ 2.291581168039011, 48.875595676443936 ], [ 2.291580659966121, 48.875631656936243 ], [ 2.291553386026714, 48.875631489367095 ], [ 2.29155287793326, 48.875667469858961 ], [ 2.291525603974548, 48.875667302283155 ], [ 2.291525349917665, 48.875685292528885 ], [ 2.291498075949427, 48.875685124946536 ], [ 2.291497567815348, 48.875721105437634 ], [ 2.291470293827805, 48.875720937848612 ], [ 2.291469785673162, 48.875756918339277 ], [ 2.291442511666314, 48.875756750743577 ], [ 2.291442003491107, 48.875792731233808 ], [ 2.291414729464953, 48.875792563631464 ], [ 2.291414221269182, 48.875828544121248 ], [ 2.291386947223724, 48.875828376512239 ], [ 2.291386693115681, 48.875846366756932 ], [ 2.291359419060697, 48.875846199141371 ], [ 2.2913589108243, 48.875882179630381 ], [ 2.291331636750011, 48.875882012008155 ], [ 2.291331128493049, 48.875917992496724 ], [ 2.291303854399454, 48.875917824867841 ], [ 2.291303346121928, 48.875953805355977 ], [ 2.291276072009028, 48.875953637720421 ], [ 2.291275563710937, 48.875989618208109 ], [ 2.291248289578732, 48.875989450565896 ], [ 2.29124803541953, 48.876007440809552 ], [ 2.291220761277799, 48.876007273160781 ], [ 2.291220252939082, 48.876043253647708 ], [ 2.291192978778045, 48.876043085992286 ], [ 2.291192470418764, 48.876079066478766 ], [ 2.291165196238421, 48.876078898816679 ] ] ] } },
{ "type": "Feature", "properties": { "height": 16.6641845703125 }, "geometry": { "type": "Polygon", "coordinates": [ [ [ 2.291831712242413, 48.875237379319366 ], [ 2.29183196618544, 48.875219389071034 ], [ 2.291804692468666, 48.875219221562375 ], [ 2.29180494642122, 48.875201231314087 ], [ 2.291777672714477, 48.875201063799082 ], [ 2.291778180638385, 48.875165083302534 ], [ 2.291805454325573, 48.875165250817325 ], [ 2.291805962228918, 48.87512927032035 ], [ 2.291833235896802, 48.875129437828484 ], [ 2.291833489838319, 48.875111447579812 ], [ 2.291806216180214, 48.875111280071771 ], [ 2.291806470131258, 48.875093289823148 ], [ 2.291779196483182, 48.875093122308769 ], [ 2.291779450443753, 48.875075132060182 ], [ 2.291752176805706, 48.875074964539472 ], [ 2.291752430775803, 48.875056974290928 ], [ 2.291725157147787, 48.875056806763872 ], [ 2.291725411127409, 48.875038816515385 ], [ 2.291698137509424, 48.875038648981963 ], [ 2.291697883520023, 48.875056639230344 ], [ 2.29164333626525, 48.875056304143975 ], [ 2.291643082256043, 48.875074294392086 ], [ 2.291588534982721, 48.875073959279696 ], [ 2.291588789011485, 48.875055969031791 ], [ 2.29156151538498, 48.875055801466026 ], [ 2.291561769423271, 48.875037811218164 ], [ 2.291534495806795, 48.875037643646053 ], [ 2.291534749854612, 48.875019653398247 ], [ 2.291562023461309, 48.875019820970259 ], [ 2.291562277499096, 48.875001830722283 ], [ 2.29161682469369, 48.87500216584673 ], [ 2.291617078711669, 48.874984175598492 ], [ 2.291671625887714, 48.874984510696933 ], [ 2.291671879885885, 48.874966520448432 ], [ 2.291726427043381, 48.874966855520853 ], [ 2.291726681021745, 48.874948865272074 ], [ 2.291781228160692, 48.874949200318483 ], [ 2.291781482119248, 48.874931210069448 ], [ 2.291863302800223, 48.874931712590374 ], [ 2.291863048871001, 48.874949702839736 ], [ 2.291890322441608, 48.874949870333907 ], [ 2.291890068521912, 48.874967860583318 ], [ 2.291917342102548, 48.874968028071152 ], [ 2.291917088192378, 48.874986018320605 ], [ 2.291944361783044, 48.874986185802101 ], [ 2.291944107882401, 48.875004176051604 ], [ 2.291971381483096, 48.875004343526754 ], [ 2.29197112759198, 48.875022333776293 ], [ 2.291998401202705, 48.875022501245098 ], [ 2.291998147321114, 48.875040491494708 ], [ 2.292025420941869, 48.875040658957154 ], [ 2.292025167069805, 48.8750586492068 ], [ 2.291997893439272, 48.875058481744247 ], [ 2.291997385674833, 48.875094462243155 ], [ 2.291970112024996, 48.875094294773938 ], [ 2.291969604239994, 48.875130275272404 ], [ 2.291942330570852, 48.875130107796529 ], [ 2.291942076668195, 48.875148098045571 ], [ 2.291914802989528, 48.875147930563131 ], [ 2.291914295163902, 48.875183911060844 ], [ 2.29188702146593, 48.875183743571739 ], [ 2.291886513619743, 48.875219724069005 ], [ 2.291859239902465, 48.875219556573249 ], [ 2.291858985969216, 48.875237546821687 ], [ 2.291831712242413, 48.875237379319366 ] ] ] } },
{ "type": "Feature", "properties": { "height": 16.729446411132812 }, "geometry": { "type": "Polygon", "coordinates": [ [ [ 2.294393925512373, 48.87536103789067 ], [ 2.294394431562896, 48.875325057374837 ], [ 2.29436715777361, 48.875324890471987 ], [ 2.294367663842687, 48.87528890995614 ], [ 2.294340390073209, 48.875288743047051 ], [ 2.294340896160838, 48.875252762531169 ], [ 2.294313622411167, 48.875252595615855 ], [ 2.294314128517349, 48.875216615099959 ], [ 2.294286854787485, 48.875216448178392 ], [ 2.294287360912221, 48.875180467662467 ], [ 2.294260087202164, 48.875180300734662 ], [ 2.294260340273933, 48.875162310476718 ], [ 2.294287613974212, 48.87516247740443 ], [ 2.294287867035952, 48.875144487146336 ], [ 2.294315140726703, 48.875144654067483 ], [ 2.294315393778414, 48.875126663809226 ], [ 2.294342667459638, 48.875126830723822 ], [ 2.29434292050132, 48.875108840465401 ], [ 2.294370194173017, 48.875109007373439 ], [ 2.29437044720467, 48.875091017114855 ], [ 2.29439772086684, 48.875091184016327 ], [ 2.294397973888464, 48.875073193757586 ], [ 2.294452521193999, 48.875073527540998 ], [ 2.294452774195817, 48.875055537281973 ], [ 2.294480047839182, 48.875055704163906 ], [ 2.294480300830971, 48.875037713904725 ], [ 2.294507574464809, 48.875037880780084 ], [ 2.294507827446569, 48.875019890520754 ], [ 2.29453510107088, 48.875020057389563 ], [ 2.294535354042611, 48.875002067130062 ], [ 2.294562627657395, 48.875002233992319 ], [ 2.294562880619097, 48.874984243732655 ], [ 2.294590154224354, 48.874984410588361 ], [ 2.294590407176027, 48.874966420328526 ], [ 2.294617680771756, 48.874966587177667 ], [ 2.294617933713401, 48.874948596917683 ], [ 2.294645207299603, 48.874948763760266 ], [ 2.294645460231219, 48.874930773500111 ], [ 2.294700007384819, 48.874931107165736 ], [ 2.294699754472759, 48.874949097426104 ], [ 2.294754301646918, 48.874949431066128 ], [ 2.294754048754164, 48.874967421326645 ], [ 2.294781322351397, 48.874967588137089 ], [ 2.294781069468169, 48.874985578397649 ], [ 2.294835616682945, 48.874985911999403 ], [ 2.294835363819023, 48.875003902260104 ], [ 2.294862637436564, 48.875004069051414 ], [ 2.29486238458217, 48.87502205931218 ], [ 2.294916931837561, 48.875022392875636 ], [ 2.294916679002472, 48.875040383136557 ], [ 2.294943952640321, 48.875040549908711 ], [ 2.294943699814759, 48.875058540169675 ], [ 2.294916426167132, 48.875058373397415 ], [ 2.294916173331541, 48.875076363658209 ], [ 2.294888899674386, 48.875076196879391 ], [ 2.294888646828767, 48.875094187140029 ], [ 2.294861373162085, 48.875094020354659 ], [ 2.294860867450538, 48.875130000875544 ], [ 2.294806320078813, 48.875129667285023 ], [ 2.294806572954267, 48.875111677024819 ], [ 2.294779299278559, 48.875111510219988 ], [ 2.294779552163541, 48.875093519959819 ], [ 2.294697731167254, 48.875093019506942 ], [ 2.294697478252937, 48.875111009766776 ], [ 2.294670204578231, 48.875110842936138 ], [ 2.294669951653885, 48.875128833195831 ], [ 2.294642677969653, 48.875128666358641 ], [ 2.294642425035279, 48.875146656618156 ], [ 2.294615151341518, 48.875146489774416 ], [ 2.294614898397115, 48.875164480033767 ], [ 2.29456035099079, 48.875164146326718 ], [ 2.29456009802658, 48.875182136585813 ], [ 2.294532824314016, 48.875181969722505 ], [ 2.294532571339777, 48.87519995998143 ], [ 2.294505297617685, 48.87519979311157 ], [ 2.294504538664129, 48.875253763887699 ], [ 2.294531812415556, 48.875253930757879 ], [ 2.294531306464821, 48.875289911275217 ], [ 2.294558580236055, 48.875290078139152 ], [ 2.294558327270089, 48.87530806839785 ], [ 2.294503779708317, 48.875307734663309 ], [ 2.294503526722544, 48.875325724921737 ], [ 2.294476252932256, 48.875325558044679 ], [ 2.294475999936455, 48.875343548302943 ], [ 2.294421452337074, 48.875343214529288 ], [ 2.294421199321465, 48.875361204787275 ], [ 2.294393925512373, 48.87536103789067 ] ] ] } },
{ "type": "Feature", "properties": { "height": 22.115734100341797 }, "geometry": { "type": "Polygon", "coordinates": [ [ [ 2.298485754348934, 48.875332029477391 ], [ 2.298486005906836, 48.875314039203616 ], [ 2.298458732099593, 48.875313873268546 ], [ 2.298458983667024, 48.875295882994813 ], [ 2.298431709869808, 48.875295717053383 ], [ 2.298431961446768, 48.8752777267797 ], [ 2.29837741387264, 48.87527739487772 ], [ 2.298377665468907, 48.875259404604193 ], [ 2.298350391691995, 48.875259238643636 ], [ 2.298350643297791, 48.875241248370152 ], [ 2.298323369530907, 48.875241082403242 ], [ 2.298323621146233, 48.875223092129801 ], [ 2.298296347389375, 48.875222926156539 ], [ 2.298296599014229, 48.875204935883154 ], [ 2.2982693252674, 48.875204769903554 ], [ 2.298269576901782, 48.875186779630219 ], [ 2.298242303164981, 48.875186613644274 ], [ 2.298242554808892, 48.875168623370975 ], [ 2.298215281082118, 48.875168457378685 ], [ 2.298215532735558, 48.875150467105428 ], [ 2.298188259018812, 48.8751503011068 ], [ 2.298188510681781, 48.875132310833607 ], [ 2.298161236975063, 48.875132144828619 ], [ 2.298161488647559, 48.875114154555469 ], [ 2.298134214950868, 48.875113988544136 ], [ 2.298134466632894, 48.875095998271028 ], [ 2.298107192946231, 48.875095832253351 ], [ 2.298107444637785, 48.875077841980286 ], [ 2.298080170961149, 48.87507767595627 ], [ 2.298080422662232, 48.875059685683254 ], [ 2.298053148995624, 48.875059519652886 ], [ 2.298053400706236, 48.875041529379935 ], [ 2.298026127049656, 48.875041363343215 ], [ 2.298026378769795, 48.875023373070299 ], [ 2.297999105123243, 48.875023207027233 ], [ 2.297999356852911, 48.875005216754374 ], [ 2.297972083216386, 48.875005050704964 ], [ 2.297972334955583, 48.874987060432147 ], [ 2.297945061329086, 48.874986894376391 ], [ 2.297945313077811, 48.874968904103625 ], [ 2.297918039461341, 48.874968738041517 ], [ 2.297918291219595, 48.874950747768793 ], [ 2.297891017613153, 48.87495058170034 ], [ 2.297891269380935, 48.874932591427665 ], [ 2.297836722188356, 48.874932259271638 ], [ 2.297836973975445, 48.874914268999099 ], [ 2.297809700389307, 48.874914102911511 ], [ 2.297809952185924, 48.874896112639028 ], [ 2.297782678609814, 48.874895946545109 ], [ 2.29778293041596, 48.874877956272663 ], [ 2.297755656849878, 48.874877790172391 ], [ 2.297755908665552, 48.874859799900001 ], [ 2.297728635109497, 48.874859633793385 ], [ 2.297728886934699, 48.874841643521044 ], [ 2.297701613388672, 48.874841477408069 ], [ 2.297701865223403, 48.874823487135785 ], [ 2.297674591687404, 48.874823321016464 ], [ 2.297675095375672, 48.874787340471919 ], [ 2.297811462960386, 48.874788171002933 ], [ 2.297811211165266, 48.874806161275764 ], [ 2.297974852333827, 48.874807157700758 ], [ 2.297974600597125, 48.87482514797415 ], [ 2.298110968293345, 48.874825978151449 ], [ 2.298110716605284, 48.874843968425303 ], [ 2.298274357907649, 48.874844964425826 ], [ 2.298274106278006, 48.874862954700255 ], [ 2.298437747648019, 48.874863950469198 ], [ 2.298437496076795, 48.874881940744196 ], [ 2.298601137514452, 48.874882936281544 ], [ 2.298600886001647, 48.874900926557117 ], [ 2.298764527506949, 48.874901921862872 ], [ 2.298764276052562, 48.874919912139028 ], [ 2.298927917625505, 48.874920907213202 ], [ 2.298927666229537, 48.874938897489919 ], [ 2.299091307870121, 48.87493989233252 ], [ 2.299091056532572, 48.874957882609785 ], [ 2.299254698240793, 48.874958877220784 ], [ 2.299254446961662, 48.874976867498638 ], [ 2.299390815107587, 48.874977696164287 ], [ 2.299390061415374, 48.87503166699905 ], [ 2.299417335074641, 48.875031832713127 ], [ 2.299416581409521, 48.875085803547698 ], [ 2.299307486656613, 48.875085140651372 ], [ 2.29930648160985, 48.875157101761637 ], [ 2.299333755336816, 48.875157267495815 ], [ 2.299333504084281, 48.875175257773343 ], [ 2.299388051558517, 48.875175589222543 ], [ 2.299388302791495, 48.87515759894481 ], [ 2.29944285024717, 48.875157930367997 ], [ 2.299441594177567, 48.875247881757161 ], [ 2.299305225295792, 48.875247053148193 ], [ 2.299304974032233, 48.87526504342533 ], [ 2.299141331323654, 48.875264048881085 ], [ 2.299141080001177, 48.87528203915754 ], [ 2.298950163450723, 48.875280878561696 ], [ 2.298949912059549, 48.875298868837362 ], [ 2.298786269253067, 48.875297873788718 ], [ 2.298786017802974, 48.875315864063708 ], [ 2.298595101138305, 48.875314702879407 ], [ 2.298594849619515, 48.875332693153595 ], [ 2.298485754348934, 48.875332029477391 ] ] ] } },
{ "type": "Feature", "properties": { "height": 16.211540222167969 }, "geometry": { "type": "Polygon", "coordinates": [ [ [ 2.296847056456733, 48.875483974354275 ], [ 2.296847308603578, 48.875465984087285 ], [ 2.29682003472331, 48.875465817764237 ], [ 2.296820286879684, 48.875447827497311 ], [ 2.296765739139454, 48.875447494832081 ], [ 2.296765991315135, 48.875429504565282 ], [ 2.296738717455173, 48.875429338223114 ], [ 2.296738969640381, 48.875411347956366 ], [ 2.296684421940764, 48.875411015252865 ], [ 2.29668467414528, 48.87539302498628 ], [ 2.29663012646622, 48.875392692257172 ], [ 2.296630378690041, 48.875374701990729 ], [ 2.296603104860664, 48.875374535616608 ], [ 2.296603357094015, 48.875356545350222 ], [ 2.296548809455567, 48.875356212582837 ], [ 2.296549061708224, 48.8753382223166 ], [ 2.296521787899154, 48.875338055923343 ], [ 2.296522040161339, 48.875320065657149 ], [ 2.296467492563504, 48.875319732851487 ], [ 2.296467744844996, 48.875301742585442 ], [ 2.296440471056232, 48.875301576173044 ], [ 2.296440723347251, 48.875283585907056 ], [ 2.296386175790031, 48.875283253063095 ], [ 2.296386428100357, 48.875265262797264 ], [ 2.2963591543319, 48.875265096365716 ], [ 2.296359406651753, 48.875247106099927 ], [ 2.296304859135146, 48.87524677321769 ], [ 2.296305111474306, 48.875228782952057 ], [ 2.296250563978256, 48.875228450044226 ], [ 2.296250816336722, 48.875210459778742 ], [ 2.296223542598849, 48.875210293315249 ], [ 2.296223794966843, 48.875192303049815 ], [ 2.296169247511407, 48.8751919701037 ], [ 2.296169499898707, 48.875173979838415 ], [ 2.296142226181142, 48.875173813355801 ], [ 2.29614247857797, 48.875155823090552 ], [ 2.296087931163147, 48.87515549010616 ], [ 2.296088435995165, 48.875119509575939 ], [ 2.296061162307685, 48.875119343074275 ], [ 2.296061414733097, 48.875101352809182 ], [ 2.296006867378445, 48.875101019786705 ], [ 2.296007119823162, 48.875083029521775 ], [ 2.295979846155989, 48.875082863000962 ], [ 2.295980098610235, 48.875064872736068 ], [ 2.295871003983158, 48.875064206588753 ], [ 2.295871256476266, 48.875046216324229 ], [ 2.2958439828299, 48.875046049771377 ], [ 2.295844235332535, 48.875028059506896 ], [ 2.295789688060112, 48.875027726382065 ], [ 2.295789940582053, 48.875009736117725 ], [ 2.295735393330186, 48.875009402967294 ], [ 2.295735645871433, 48.874991412703118 ], [ 2.295708372255654, 48.874991246118327 ], [ 2.295708624806429, 48.874973255854194 ], [ 2.295654077595176, 48.874972922665485 ], [ 2.295654330165256, 48.874954932401508 ], [ 2.295627056569784, 48.874954765797582 ], [ 2.295627309149392, 48.874936775533641 ], [ 2.295572761978754, 48.874936442306648 ], [ 2.295573014577668, 48.87491845204287 ], [ 2.295545741002502, 48.87491828541981 ], [ 2.295545993610943, 48.874900295156067 ], [ 2.29549144648092, 48.874899961890776 ], [ 2.295491699108667, 48.874881971627204 ], [ 2.295437151999201, 48.87488163833634 ], [ 2.295437404646253, 48.87486364807291 ], [ 2.295410131101674, 48.874863481417911 ], [ 2.295410383758254, 48.874845491154531 ], [ 2.295355836689402, 48.874845157825384 ], [ 2.295356342040922, 48.874809177298864 ], [ 2.295383615555667, 48.874809343966454 ], [ 2.295384373551734, 48.874755373175951 ], [ 2.295411647037395, 48.874755539836769 ], [ 2.295412152347299, 48.874719559309263 ], [ 2.295439425813654, 48.874719725963438 ], [ 2.295440183747297, 48.874665755171428 ], [ 2.29546745718457, 48.874665921818846 ], [ 2.295468215086625, 48.874611951025997 ], [ 2.295495488494815, 48.874612117666636 ], [ 2.295496246365283, 48.874558146872964 ], [ 2.29552351974439, 48.874558313506839 ], [ 2.295524024970561, 48.874522332977236 ], [ 2.295551298330362, 48.874522499604446 ], [ 2.295551045727179, 48.874540489869375 ], [ 2.295714685949913, 48.874541489497823 ], [ 2.295714433405147, 48.874559479763327 ], [ 2.295878073695559, 48.874560479160195 ], [ 2.295877821209209, 48.874578469426268 ], [ 2.296041461567298, 48.874579468591541 ], [ 2.296041209139365, 48.874597458858204 ], [ 2.29620484956513, 48.87459845779189 ], [ 2.296204597195613, 48.874616448059115 ], [ 2.296368237689051, 48.874617446761235 ], [ 2.296367985377952, 48.874635437029028 ], [ 2.296422532230654, 48.874635769878338 ], [ 2.296422784522198, 48.874617779610347 ], [ 2.296450057939146, 48.874617946025218 ], [ 2.296449805657381, 48.87463593629333 ], [ 2.29653162593906, 48.874636435499568 ], [ 2.296531373686378, 48.874654425767936 ], [ 2.296695014315155, 48.874655424006889 ], [ 2.29669476212089, 48.874673414275833 ], [ 2.296831129367303, 48.874674245964762 ], [ 2.296830877221677, 48.874692236234161 ], [ 2.296994517984288, 48.874693234048657 ], [ 2.29699426589708, 48.874711224318624 ], [ 2.297157906727353, 48.87471222190154 ], [ 2.297157654698563, 48.874730212172082 ], [ 2.297321295596498, 48.874731209523411 ], [ 2.297321043626125, 48.874749199794529 ], [ 2.297348317119766, 48.874749365997275 ], [ 2.297348065158921, 48.874767356268443 ], [ 2.297402612166509, 48.874767688654792 ], [ 2.29740236022497, 48.874785678926109 ], [ 2.297429633738916, 48.874785845109713 ], [ 2.297429381806905, 48.87480383538108 ], [ 2.29745665533088, 48.874804001558331 ], [ 2.297456403408397, 48.874821991829748 ], [ 2.297483676942399, 48.874822158000669 ], [ 2.297483425029444, 48.874840148272121 ], [ 2.297510698573474, 48.874840314436689 ], [ 2.297510446670048, 48.874858304708191 ], [ 2.297537720224105, 48.874858470866421 ], [ 2.297537468330207, 48.874876461137966 ], [ 2.297564741894292, 48.874876627289851 ], [ 2.297564490009922, 48.874894617561445 ], [ 2.297591763584035, 48.874894783706978 ], [ 2.297591511709194, 48.874912773978629 ], [ 2.297618785293334, 48.874912940117817 ], [ 2.297618533428021, 48.874930930389503 ], [ 2.297645807022189, 48.874931096522346 ], [ 2.297645555166405, 48.874949086794096 ], [ 2.2976728287706, 48.874949252920587 ], [ 2.297672576924344, 48.874967243192387 ], [ 2.297699850538568, 48.874967409312532 ], [ 2.29769959870184, 48.874985399584368 ], [ 2.297726872326091, 48.874985565698168 ], [ 2.297726620498891, 48.875003555970046 ], [ 2.29775389413317, 48.875003722077516 ], [ 2.297753642315499, 48.875021712349437 ], [ 2.297780915959806, 48.875021878450546 ], [ 2.297780664151663, 48.875039868722524 ], [ 2.297807937805997, 48.875040034817296 ], [ 2.297807686007383, 48.875058025089317 ], [ 2.297834959671745, 48.875058191177736 ], [ 2.29783470788266, 48.875076181449799 ], [ 2.297861981557049, 48.875076347531881 ], [ 2.297861729777492, 48.875094337804001 ], [ 2.297889003461909, 48.87509450387973 ], [ 2.297888751691881, 48.875112494151892 ], [ 2.297916025386325, 48.875112660221276 ], [ 2.297915773625825, 48.875130650493489 ], [ 2.29797032103502, 48.875130982613115 ], [ 2.297970069293827, 48.875148972885476 ], [ 2.297997343008577, 48.875149138935718 ], [ 2.297997091276912, 48.875167129208123 ], [ 2.29802436500169, 48.87516729525202 ], [ 2.298024113279554, 48.875185285524481 ], [ 2.298051387014359, 48.875185451562025 ], [ 2.298051135301751, 48.875203441834543 ], [ 2.298078409046584, 48.875203607865743 ], [ 2.298078157343506, 48.875221598138289 ], [ 2.298105431098366, 48.875221764163143 ], [ 2.298105179404816, 48.875239754435754 ], [ 2.298132453169704, 48.87523992045427 ], [ 2.298132201485683, 48.875257910726916 ], [ 2.298159475260598, 48.875258076739087 ], [ 2.298159223586106, 48.875276067011775 ], [ 2.29818649737105, 48.875276233017594 ], [ 2.298186245706086, 48.875294223290339 ], [ 2.298213519501057, 48.875294389289813 ], [ 2.298213267845622, 48.875312379562601 ], [ 2.298240541650621, 48.875312545555722 ], [ 2.298240290004714, 48.875330535828567 ], [ 2.298267563819741, 48.875330701815336 ], [ 2.298267312183363, 48.875348692088224 ], [ 2.298240038358558, 48.875348526101334 ], [ 2.298239786712152, 48.875366516374058 ], [ 2.298103417542979, 48.875365686342342 ], [ 2.298103165847433, 48.875383676614483 ], [ 2.29791224895262, 48.875382514298423 ], [ 2.297911997188377, 48.875400504569789 ], [ 2.297748354086744, 48.875399508046684 ], [ 2.297748102263582, 48.875417498317347 ], [ 2.297584459112266, 48.875416501561418 ], [ 2.297584207230185, 48.875434491831392 ], [ 2.29739329016323, 48.875433328655234 ], [ 2.29739303821245, 48.875451318924426 ], [ 2.297229394963273, 48.875450321664083 ], [ 2.297229142953574, 48.875468311932586 ], [ 2.297038225772454, 48.875467148167978 ], [ 2.297037973694057, 48.875485138435693 ], [ 2.296847056456733, 48.875483974354275 ] ] ] } },
{ "type": "Feature", "properties": { "height": 17.519317626953125 }, "geometry": { "type": "Polygon", "coordinates": [ [ [ 2.295193206425568, 48.874772196632385 ], [ 2.295193459159119, 48.874754206369559 ], [ 2.295138912192055, 48.87475387293825 ], [ 2.295139164944911, 48.87473588267558 ], [ 2.295111891471533, 48.874735715950351 ], [ 2.295112144233916, 48.874717725687731 ], [ 2.295057597307467, 48.874717392218137 ], [ 2.295057850089156, 48.874699401955667 ], [ 2.295030576636085, 48.874699235211303 ], [ 2.295030829427301, 48.874681244948874 ], [ 2.294976282541467, 48.874680911441004 ], [ 2.294976535351988, 48.874662921178725 ], [ 2.294949261919224, 48.874662754415226 ], [ 2.29494976755907, 48.874626773890704 ], [ 2.294977040972277, 48.874626940653997 ], [ 2.294977799400833, 48.874572969866492 ], [ 2.295005072784958, 48.87457313662302 ], [ 2.295005578383186, 48.874537156097524 ], [ 2.295032851748005, 48.874537322847388 ], [ 2.295033610114136, 48.874483352058398 ], [ 2.295060883449872, 48.87448351880149 ], [ 2.295061136228303, 48.874465528538273 ], [ 2.295088409554513, 48.874465695274829 ], [ 2.29508815678586, 48.874483685538152 ], [ 2.295251796807047, 48.87448468582263 ], [ 2.295251544096809, 48.874502676086522 ], [ 2.295333364140118, 48.874503176141992 ], [ 2.295333111458963, 48.874521166406154 ], [ 2.295360384817012, 48.874521333078519 ], [ 2.295359879473507, 48.874557313606864 ], [ 2.295332606095903, 48.874557146934293 ], [ 2.295332100731841, 48.874593127462198 ], [ 2.295277553938274, 48.874592794097282 ], [ 2.295277806639985, 48.874574803833568 ], [ 2.295168713094968, 48.874574137026755 ], [ 2.295168207613071, 48.874610117553296 ], [ 2.295140934207887, 48.87460995083525 ], [ 2.295139923201976, 48.874681911887215 ], [ 2.295194470090816, 48.874682245317672 ], [ 2.295194217358268, 48.874700235580733 ], [ 2.295221490812842, 48.874700402286393 ], [ 2.295221238089821, 48.874718392549504 ], [ 2.295248511554423, 48.874718559248819 ], [ 2.295248006127185, 48.874754539775061 ], [ 2.295220732643027, 48.874754373075532 ], [ 2.295220479919254, 48.874772363338465 ], [ 2.295193206425568, 48.874772196632385 ] ] ] } },
{ "type": "Feature", "properties": { "height": 7.5253219604492188 }, "geometry": { "type": "Polygon", "coordinates": [ [ [ 2.291107777562377, 48.874351332222147 ], [ 2.291108285951504, 48.874315351725485 ], [ 2.291081012730425, 48.874315184047937 ], [ 2.291082283747722, 48.874225232805834 ], [ 2.291136830092357, 48.874225568153413 ], [ 2.291136321725304, 48.874261548650857 ], [ 2.291163594917555, 48.874261716315182 ], [ 2.291163340743429, 48.874279706563918 ], [ 2.2911360675414, 48.874279538899479 ], [ 2.291135813357244, 48.874297529148066 ], [ 2.29116308656905, 48.874297696812597 ], [ 2.291162324044403, 48.874351667558315 ], [ 2.291107777562377, 48.874351332222147 ] ] ] } },
{ "type": "Feature", "properties": { "height": 15.477622985839844 }, "geometry": { "type": "Polygon", "coordinates": [ [ [ 2.298823851891805, 48.874560438318348 ], [ 2.298824103321651, 48.874542448040856 ], [ 2.298660462986708, 48.874541452825028 ], [ 2.298660714474971, 48.874523462548098 ], [ 2.29849707420767, 48.874522467100682 ], [ 2.298497325754351, 48.874504476824328 ], [ 2.298333685554693, 48.874503481145332 ], [ 2.298333937159792, 48.874485490869546 ], [ 2.298224843737452, 48.874484826954948 ], [ 2.298225347025122, 48.874448846404043 ], [ 2.298252620360778, 48.874449012392155 ], [ 2.298252871994461, 48.874431022116511 ], [ 2.298280145320588, 48.874431188098065 ], [ 2.298280396944244, 48.874413197822264 ], [ 2.298307670260843, 48.87441336379726 ], [ 2.298307921874472, 48.874395373521295 ], [ 2.298335195181542, 48.87439553948974 ], [ 2.298335446785145, 48.874377549213598 ], [ 2.298389993380478, 48.87437788113094 ], [ 2.298390244964275, 48.874359890854542 ], [ 2.298417518252537, 48.874360056803432 ], [ 2.298417769826308, 48.874342066526864 ], [ 2.298445043105042, 48.874342232469203 ], [ 2.298445294668785, 48.874324242192479 ], [ 2.298499841207447, 48.874324574057596 ], [ 2.298500092751385, 48.874306583780601 ], [ 2.298527366011313, 48.874306749703379 ], [ 2.298527617545224, 48.874288759426214 ], [ 2.298554890795623, 48.874288925342441 ], [ 2.298555142319507, 48.874270935065134 ], [ 2.298609688801498, 48.874271266878011 ], [ 2.298609940305577, 48.874253276600435 ], [ 2.298637213537169, 48.874253442497093 ], [ 2.298637465031221, 48.874235452219345 ], [ 2.298664738253284, 48.874235618109466 ], [ 2.29866498973731, 48.87421762783157 ], [ 2.298719536162629, 48.874217959592201 ], [ 2.29871978762685, 48.874199969314041 ], [ 2.298774334033611, 48.874200301048688 ], [ 2.29877383114403, 48.874236281605384 ], [ 2.29880110436734, 48.87423644746324 ], [ 2.298800601496317, 48.874272428019907 ], [ 2.298827874739431, 48.874272593871517 ], [ 2.298827371886968, 48.874308574428184 ], [ 2.298854645149886, 48.874308740273548 ], [ 2.298854142315981, 48.874344720830187 ], [ 2.298881415598704, 48.874344886669313 ], [ 2.298880912783357, 48.874380867225931 ], [ 2.298908186085885, 48.874381033058818 ], [ 2.298907683289097, 48.874417013615428 ], [ 2.29893495661143, 48.874417179442055 ], [ 2.2989344538332, 48.87445315999863 ], [ 2.298961727175338, 48.87445332581904 ], [ 2.298961224415667, 48.874489306375594 ], [ 2.298988497777608, 48.874489472189765 ], [ 2.298987995036497, 48.874525452746298 ], [ 2.299015268418244, 48.874525618554216 ], [ 2.299015017057092, 48.874543608832504 ], [ 2.298987743665567, 48.874543443024464 ], [ 2.298987492294388, 48.874561433302588 ], [ 2.298823851891805, 48.874560438318348 ] ] ] } },
{ "type": "Feature", "properties": { "height": 18.374897003173828 }, "geometry": { "type": "Polygon", "coordinates": [ [ [ 2.290695372518768, 48.874582689580627 ], [ 2.290695626863399, 48.874564699334663 ], [ 2.290668353509213, 48.874564531558882 ], [ 2.290668862217276, 48.874528551066987 ], [ 2.290641588882897, 48.874528383284975 ], [ 2.290642351972434, 48.874474412547009 ], [ 2.290615078667641, 48.874474244758858 ], [ 2.290615587412293, 48.874438264266807 ], [ 2.290588314127307, 48.874438096472417 ], [ 2.290588822890506, 48.874402115980338 ], [ 2.290561549625328, 48.874401948179717 ], [ 2.290562058407074, 48.874365967687631 ], [ 2.290534785161703, 48.874365799880763 ], [ 2.290535293961996, 48.874329819388649 ], [ 2.290508020736433, 48.87432965157555 ], [ 2.290508783964313, 48.874275680837279 ], [ 2.290481510768335, 48.874275513018041 ], [ 2.290482019605216, 48.874239532525777 ], [ 2.290454746429045, 48.874239364700301 ], [ 2.290455000856885, 48.874221374454194 ], [ 2.290482274023278, 48.874221542279564 ], [ 2.290482528441088, 48.8742035520333 ], [ 2.290455255284472, 48.874203384208023 ], [ 2.290455509711808, 48.874185393961803 ], [ 2.290428236565222, 48.874185226130194 ], [ 2.290428745438691, 48.874149245637781 ], [ 2.290401472311912, 48.874149077799927 ], [ 2.290401726758046, 48.874131087553749 ], [ 2.290483546109806, 48.874131591047629 ], [ 2.290483800526355, 48.874113600801074 ], [ 2.290565619851053, 48.874114104236575 ], [ 2.290565874238017, 48.874096113989644 ], [ 2.290756785936027, 48.874097288446002 ], [ 2.290756531617506, 48.874115278693672 ], [ 2.290920170284297, 48.874116285119634 ], [ 2.290917373409239, 48.874314177847218 ], [ 2.290944646628807, 48.874314345563469 ], [ 2.290943121106405, 48.874422287048958 ], [ 2.290970394384891, 48.874422454759383 ], [ 2.29096912315818, 48.874512405996242 ], [ 2.290996396485806, 48.874512573700748 ], [ 2.290996142249486, 48.874530563948049 ], [ 2.290968868912082, 48.874530396243443 ], [ 2.290968614665732, 48.874548386490574 ], [ 2.290914067972125, 48.874548051061787 ], [ 2.290913813705967, 48.874566041308661 ], [ 2.290859266993812, 48.874565705853861 ], [ 2.290859012707847, 48.874583696100466 ], [ 2.290804465977146, 48.87458336061966 ], [ 2.290804974587935, 48.87454738012682 ], [ 2.290777701242518, 48.874547212376946 ], [ 2.290777446927472, 48.874565202623288 ], [ 2.290722900217838, 48.874564867103992 ], [ 2.290722645882984, 48.87458285735007 ], [ 2.290695372518768, 48.874582689580627 ] ] ] } },
{ "type": "Feature", "properties": { "height": 47.0 }, "geometry": { "type": "Polygon", "coordinates": [ [ [ 2.293234837675191, 48.87438238147049 ], [ 2.293235091107475, 48.874364391214023 ], [ 2.293207817847214, 48.87436422403939 ], [ 2.293208324730583, 48.874328243526492 ], [ 2.29318105149013, 48.874328076345613 ], [ 2.293181558392048, 48.874292095832708 ], [ 2.293154285171402, 48.874291928645583 ], [ 2.293154792091871, 48.874255948132657 ], [ 2.29312751889103, 48.874255780939293 ], [ 2.293128025830049, 48.874219800426346 ], [ 2.293100752649015, 48.874219633226758 ], [ 2.293101259606585, 48.874183652713789 ], [ 2.293073986445358, 48.874183485507942 ], [ 2.293074493421477, 48.874147504994959 ], [ 2.293047220280056, 48.87414733778288 ], [ 2.293047727274726, 48.874111357269882 ], [ 2.293020454153111, 48.874111190051558 ], [ 2.29302096116633, 48.874075209538539 ], [ 2.292993688064522, 48.874075042313976 ], [ 2.292994195096291, 48.874039061800936 ], [ 2.29296692201429, 48.874038894570141 ], [ 2.292967936113923, 48.87396693354377 ], [ 2.293022482199958, 48.873967267998076 ], [ 2.293022735704684, 48.873949277741133 ], [ 2.293077281772169, 48.873949612169426 ], [ 2.293077535257088, 48.87393162191222 ], [ 2.293132081306024, 48.873931956314493 ], [ 2.293132334771137, 48.87391396605701 ], [ 2.293186880801523, 48.873914300433292 ], [ 2.29318713424683, 48.873896310175539 ], [ 2.293241680258666, 48.873896644525807 ], [ 2.293241933684167, 48.873878654267784 ], [ 2.293296479677453, 48.873878988592033 ], [ 2.293296226271508, 48.873896978850247 ], [ 2.293323499278304, 48.873897146002804 ], [ 2.293322992485215, 48.87393312651929 ], [ 2.293350265511818, 48.873933293665608 ], [ 2.293349758737278, 48.87396927418208 ], [ 2.293377031783687, 48.873969441322153 ], [ 2.293376271649326, 48.874023412096747 ], [ 2.293403544725319, 48.874023579230681 ], [ 2.293403037987377, 48.874059559746996 ], [ 2.293430311083176, 48.874059726874698 ], [ 2.293429804363785, 48.874095707390993 ], [ 2.293457077479391, 48.874095874512456 ], [ 2.29345657077855, 48.874131855028729 ], [ 2.293483843913962, 48.874132022143947 ], [ 2.293483337231672, 48.874168002660213 ], [ 2.293510610386889, 48.874168169769185 ], [ 2.293509850390903, 48.874222140543452 ], [ 2.293537123575705, 48.874222307646313 ], [ 2.293536616930014, 48.874258288162416 ], [ 2.293563890134622, 48.87425845525901 ], [ 2.293563383507482, 48.874294435775099 ], [ 2.293508837059406, 48.874294101575025 ], [ 2.293508583725904, 48.874312091832763 ], [ 2.293454037259278, 48.874311757606669 ], [ 2.293453783905969, 48.874329747864152 ], [ 2.293399237420791, 48.874329413612038 ], [ 2.293398984047677, 48.874347403869258 ], [ 2.293344437543949, 48.874347069591138 ], [ 2.293344184151027, 48.874365059848081 ], [ 2.293289637628748, 48.874364725543963 ], [ 2.29328938421602, 48.874382715800621 ], [ 2.293234837675191, 48.87438238147049 ] ] ] } },
{ "type": "Feature", "properties": { "height": 12.649520874023438 }, "geometry": { "type": "Polygon", "coordinates": [ [ [ 2.299940304278524, 48.8746931647201 ], [ 2.29994055530922, 48.874675174438721 ], [ 2.299886008372596, 48.874674843253381 ], [ 2.299887263620127, 48.874584891846709 ], [ 2.299914537039425, 48.874585057442083 ], [ 2.299915290155623, 48.874531086597081 ], [ 2.299833469986476, 48.874530589792528 ], [ 2.299833721054044, 48.874512599511057 ], [ 2.299806447674604, 48.874512433896747 ], [ 2.299806196597258, 48.874530424178126 ], [ 2.299751649819568, 48.874530092929945 ], [ 2.299751398722418, 48.874548083211025 ], [ 2.299642305130915, 48.874547420636851 ], [ 2.299642556267177, 48.874529430356176 ], [ 2.299615282879702, 48.874529264696605 ], [ 2.299615534025492, 48.874511274415966 ], [ 2.299560987270844, 48.874510943077688 ], [ 2.299561238435941, 48.874492952797212 ], [ 2.299397598236639, 48.874491958628198 ], [ 2.299397849460154, 48.874473968348276 ], [ 2.299370576104253, 48.87447380263098 ], [ 2.299370827337297, 48.874455812351101 ], [ 2.299234460610416, 48.874454983668343 ], [ 2.299234209328483, 48.87447297394769 ], [ 2.299179662619919, 48.874472642429225 ], [ 2.299179411318181, 48.874490632708309 ], [ 2.299152137954495, 48.874490466939299 ], [ 2.29915238926601, 48.874472476660308 ], [ 2.299125115912351, 48.874472310884961 ], [ 2.29912561855419, 48.874436330327036 ], [ 2.299098345220336, 48.874436164545436 ], [ 2.299098847880734, 48.874400183987497 ], [ 2.299071574566684, 48.874400018199651 ], [ 2.299072077245641, 48.874364037641691 ], [ 2.299044803951395, 48.874363871847599 ], [ 2.299045306648912, 48.874327891289624 ], [ 2.299018033374471, 48.874327725489302 ], [ 2.299018536090546, 48.874291744931291 ], [ 2.298991262835909, 48.874291579124723 ], [ 2.298991765570543, 48.874255598566705 ], [ 2.298964492335711, 48.874255432753898 ], [ 2.298964995088903, 48.874219452195852 ], [ 2.298937721873875, 48.8742192863768 ], [ 2.298938224645626, 48.87418330581874 ], [ 2.298910951450403, 48.874183139993448 ], [ 2.298912208424307, 48.874093188597804 ], [ 2.298966754717225, 48.874093520240883 ], [ 2.298967006091703, 48.874075529961381 ], [ 2.298994279228759, 48.874075695773143 ], [ 2.29899453059321, 48.87405770549347 ], [ 2.299021803720737, 48.874057871298675 ], [ 2.299022055075162, 48.874039881018845 ], [ 2.299076601311409, 48.8740402126097 ], [ 2.299076852646028, 48.8740222223296 ], [ 2.299104125754748, 48.874022388115257 ], [ 2.299104377079342, 48.874004397834987 ], [ 2.299131650178533, 48.874004563614086 ], [ 2.2991319014931, 48.87398657333366 ], [ 2.299159174582762, 48.873986739106194 ], [ 2.299159425887303, 48.873968748825618 ], [ 2.29921397204782, 48.873969080351138 ], [ 2.299214223332557, 48.873951090070285 ], [ 2.299268769474516, 48.873951421569792 ], [ 2.299268518209335, 48.873969411850858 ], [ 2.299295791290465, 48.873969577591041 ], [ 2.299295540034812, 48.873987567872149 ], [ 2.29932281312597, 48.873987733605986 ], [ 2.299322561879846, 48.874005723887144 ], [ 2.29934983498103, 48.874005889614629 ], [ 2.299349583744434, 48.874023879895844 ], [ 2.299376856855644, 48.874024045616991 ], [ 2.299376605628578, 48.874042035898235 ], [ 2.299403878749814, 48.874042201613044 ], [ 2.299403627532276, 48.874060191894337 ], [ 2.299430900663539, 48.874060357602787 ], [ 2.299430649455529, 48.874078347884129 ], [ 2.299457922596819, 48.874078513586241 ], [ 2.299457420199607, 48.874114494148969 ], [ 2.299484693360701, 48.874114659844842 ], [ 2.299484442171499, 48.874132650126221 ], [ 2.29951171534262, 48.874132815815742 ], [ 2.299511464162947, 48.874150806097163 ], [ 2.299538737344095, 48.874150971780338 ], [ 2.29953848617395, 48.874168962061816 ], [ 2.299565759365124, 48.874169127738639 ], [ 2.299565257043643, 48.874205108301624 ], [ 2.299592530254622, 48.874205273972208 ], [ 2.299592279103285, 48.874223264253722 ], [ 2.29961955232429, 48.874223429917969 ], [ 2.299619301182482, 48.874241420199525 ], [ 2.2995920279517, 48.874241254535171 ], [ 2.299591525647782, 48.874277235097907 ], [ 2.29961879889812, 48.874277400762459 ], [ 2.299618296612762, 48.874313381325166 ], [ 2.299645569882904, 48.87431354698348 ], [ 2.29964531874963, 48.874331537264851 ], [ 2.299754411871799, 48.874332199834029 ], [ 2.299754160777387, 48.874350190115756 ], [ 2.299890527234587, 48.874351018182615 ], [ 2.299891029325387, 48.874315037618054 ], [ 2.299918302598019, 48.874315203211872 ], [ 2.299918553633267, 48.874297212929399 ], [ 2.300136739745054, 48.874298537446862 ], [ 2.300136488788027, 48.874316527730166 ], [ 2.300163762062898, 48.874316693265932 ], [ 2.300164263957148, 48.874280712699054 ], [ 2.300136990701833, 48.874280547163487 ], [ 2.300138245481993, 48.874190595745823 ], [ 2.30016551868842, 48.874190761280843 ], [ 2.300167024357738, 48.874082819577104 ], [ 2.300194297505747, 48.874082985105062 ], [ 2.300194799373975, 48.874047004536479 ], [ 2.300249345631631, 48.874047335572634 ], [ 2.300249847459753, 48.874011355003397 ], [ 2.300222574350356, 48.874011189488762 ], [ 2.300222825273821, 48.873993199204172 ], [ 2.300195552174451, 48.873993033683185 ], [ 2.30019605404019, 48.873957053114026 ], [ 2.300168780960623, 48.8739568875868 ], [ 2.300169784728228, 48.873884926448227 ], [ 2.300251603850346, 48.873885423009298 ], [ 2.300251854762292, 48.873867432724204 ], [ 2.300333673857316, 48.873867929226918 ], [ 2.300333172091839, 48.87390390979769 ], [ 2.300360445143566, 48.873904075285907 ], [ 2.300359943396648, 48.873940055856643 ], [ 2.300387216468179, 48.873940221338614 ], [ 2.300386714739822, 48.873976201909343 ], [ 2.300413987831156, 48.873976367385083 ], [ 2.30041348612136, 48.874012347955777 ], [ 2.300440759232497, 48.874012513425264 ], [ 2.300440257541261, 48.87404849399595 ], [ 2.300467530672203, 48.874048659459199 ], [ 2.300467028999527, 48.874084640029864 ], [ 2.300494302150273, 48.874084805486866 ], [ 2.300493800496157, 48.87412078605751 ], [ 2.300439254155804, 48.874120455136641 ], [ 2.300438250766369, 48.874192416276394 ], [ 2.300410977557455, 48.874192250805876 ], [ 2.300410726699698, 48.874210241090559 ], [ 2.300383453481254, 48.874210075613469 ], [ 2.30038320261347, 48.874228065898009 ], [ 2.300355929385498, 48.874227900414375 ], [ 2.300355678507687, 48.874245890698731 ], [ 2.300328405270186, 48.874245725208546 ], [ 2.300328154382349, 48.874263715492759 ], [ 2.300300881135319, 48.874263549996009 ], [ 2.300300630237455, 48.874281540280052 ], [ 2.300273356980896, 48.874281374776757 ], [ 2.300273106073006, 48.874299365060637 ], [ 2.300245832806918, 48.874299199550791 ], [ 2.30024457821485, 48.874389150968831 ], [ 2.300217304900122, 48.874388985452008 ], [ 2.300216803041998, 48.874424966018609 ], [ 2.300189529707962, 48.87442480049512 ], [ 2.30018927876875, 48.874442790778239 ], [ 2.300162005425186, 48.8744426252482 ], [ 2.300161503526458, 48.874478605814055 ], [ 2.300134230163588, 48.874478440277358 ], [ 2.300133979204073, 48.874496430560086 ], [ 2.300106705831673, 48.874496265016823 ], [ 2.300106454862132, 48.874514255299395 ], [ 2.300079181480204, 48.874514089749596 ], [ 2.300078930500635, 48.874532080032004 ], [ 2.300051657109178, 48.874531914475639 ], [ 2.300051406119583, 48.874549904757892 ], [ 2.300024132718597, 48.874549739194968 ], [ 2.300022877718002, 48.874639690604823 ], [ 2.299995604268375, 48.874639525034937 ], [ 2.299994851235698, 48.874693495879853 ], [ 2.299940304278524, 48.8746931647201 ] ] ] } },
{ "type": "Feature", "properties": { "height": 19.361881256103516 }, "geometry": { "type": "Polygon", "coordinates": [ [ [ 2.296427578014011, 48.874275964507348 ], [ 2.296427830300553, 48.874257974238184 ], [ 2.296264190977443, 48.874256975626054 ], [ 2.296264443322401, 48.874238985357465 ], [ 2.296100804066961, 48.874237986513755 ], [ 2.296101056470334, 48.874219996245742 ], [ 2.295937417282569, 48.874218997170445 ], [ 2.295937669744357, 48.874201006903021 ], [ 2.295774030624266, 48.874200007596137 ], [ 2.295774283144471, 48.874182017329268 ], [ 2.295610644092057, 48.874181017790818 ], [ 2.295612917290618, 48.874019105392108 ], [ 2.29558564420409, 48.874018938780736 ], [ 2.295587664886228, 48.873875016645478 ], [ 2.29556039187817, 48.873874850028486 ], [ 2.295561654845256, 48.873784898692612 ], [ 2.295534381886335, 48.873784732069701 ], [ 2.295534634488778, 48.873766741802463 ], [ 2.295589180387315, 48.87376707504162 ], [ 2.295589432969953, 48.873749084774111 ], [ 2.295643978849937, 48.873749417987256 ], [ 2.295644231412769, 48.873731427719491 ], [ 2.295698777274199, 48.873731760906622 ], [ 2.295699029817227, 48.873713770638581 ], [ 2.295753575660104, 48.873714103799706 ], [ 2.295753323136631, 48.873732094067961 ], [ 2.295780596068222, 48.873732260638953 ], [ 2.295780343554276, 48.87375025090725 ], [ 2.295807616495895, 48.873750417471911 ], [ 2.295807363991476, 48.873768407740258 ], [ 2.295834636943122, 48.873768574298559 ], [ 2.29583438444823, 48.873786564566949 ], [ 2.295861657409904, 48.873786731118912 ], [ 2.295861404924539, 48.873804721387359 ], [ 2.295888677896241, 48.87380488793297 ], [ 2.295888425420403, 48.873822878201466 ], [ 2.295915698402133, 48.873823044740732 ], [ 2.295915445935822, 48.873841035009271 ], [ 2.295942718927579, 48.873841201542199 ], [ 2.295942466470795, 48.87385919181078 ], [ 2.29596973947258, 48.873859358337356 ], [ 2.295969487025324, 48.873877348605987 ], [ 2.295996760037136, 48.873877515126217 ], [ 2.295996507599407, 48.873895505394906 ], [ 2.296023780621247, 48.873895671908791 ], [ 2.296023528193045, 48.873913662177522 ], [ 2.296050801224913, 48.873913828685055 ], [ 2.296050548806239, 48.873931818953835 ], [ 2.296077821848134, 48.87393198545503 ], [ 2.296077569438987, 48.873949975723853 ], [ 2.29610484249091, 48.87395014221871 ], [ 2.29610459009129, 48.873968132487576 ], [ 2.296131863153241, 48.873968298976074 ], [ 2.296131610763148, 48.873986289244996 ], [ 2.296158883835126, 48.873986455727156 ], [ 2.296158631454561, 48.874004445996128 ], [ 2.296185904536567, 48.87400461247195 ], [ 2.296185652165529, 48.874022602740965 ], [ 2.296212925257562, 48.874022769210434 ], [ 2.296212672896051, 48.874040759479492 ], [ 2.296239945998113, 48.874040925942616 ], [ 2.29623969364613, 48.874058916211723 ], [ 2.296294239870559, 48.874059249118829 ], [ 2.29629398753788, 48.874077239388093 ], [ 2.296321260660247, 48.874077405832068 ], [ 2.296321008337096, 48.874095396101389 ], [ 2.296348281469491, 48.874095562539026 ], [ 2.296348029155867, 48.874113552808375 ], [ 2.29637530229829, 48.874113719239674 ], [ 2.296375049994193, 48.874131709509072 ], [ 2.296402323146643, 48.874131875934026 ], [ 2.296402070852074, 48.874149866203467 ], [ 2.296429344014552, 48.874150032622076 ], [ 2.296429091729511, 48.874168022891574 ], [ 2.296456364902017, 48.87416818930383 ], [ 2.296456112626503, 48.874186179573371 ], [ 2.296483385809036, 48.87418634597929 ], [ 2.29648313354305, 48.874204336248873 ], [ 2.296455860350739, 48.874204169842855 ], [ 2.296454851245182, 48.874276130920229 ], [ 2.296427578014011, 48.874275964507348 ] ] ] } },
{ "type": "Feature", "properties": { "height": 17.535236358642578 }, "geometry": { "type": "Polygon", "coordinates": [ [ [ 2.297870793684309, 48.874446687971606 ], [ 2.297871045454881, 48.874428697697432 ], [ 2.297707405524319, 48.874427701130799 ], [ 2.297707657353308, 48.874409710857194 ], [ 2.2975440174904, 48.874408714058987 ], [ 2.297544269377806, 48.87439072378595 ], [ 2.297380629582553, 48.874389726756164 ], [ 2.297380881528376, 48.874371736483688 ], [ 2.29721724180078, 48.874370739222321 ], [ 2.297217493805019, 48.874352748950415 ], [ 2.297053854145083, 48.874351751457475 ], [ 2.297054106207738, 48.874333761186151 ], [ 2.296917739880218, 48.874332929765174 ], [ 2.296917991991511, 48.874314939494305 ], [ 2.296890718736535, 48.874314773190854 ], [ 2.296890970857357, 48.874296782920048 ], [ 2.296863697612407, 48.874296616610252 ], [ 2.296863949742757, 48.874278626339482 ], [ 2.296836676507835, 48.874278460023348 ], [ 2.296836928647712, 48.874260469752635 ], [ 2.296809655422818, 48.874260303430155 ], [ 2.296809907572223, 48.874242313159471 ], [ 2.296782634357357, 48.874242146830653 ], [ 2.296783390833404, 48.874188176018599 ], [ 2.296837937204721, 48.874188508669171 ], [ 2.296838189343349, 48.874170518398159 ], [ 2.29689273569611, 48.874170851022711 ], [ 2.296892987814932, 48.874152860751437 ], [ 2.296947534149139, 48.87415319334999 ], [ 2.296947786248155, 48.874135203078445 ], [ 2.297002332563805, 48.874135535650979 ], [ 2.297002584643018, 48.874117545379164 ], [ 2.297057130940112, 48.874117877925691 ], [ 2.297057382999519, 48.874099887653614 ], [ 2.297111929278058, 48.874100220174135 ], [ 2.29711218131766, 48.874082229901795 ], [ 2.297166727577644, 48.874082562396289 ], [ 2.297166979597441, 48.874064572123686 ], [ 2.297221525838868, 48.874064904592181 ], [ 2.29722177783886, 48.874046914319301 ], [ 2.297276324061732, 48.874047246761791 ], [ 2.29727657604192, 48.874029256488647 ], [ 2.297331122246235, 48.874029588905124 ], [ 2.297331374206617, 48.874011598631718 ], [ 2.297385920392377, 48.874011931022181 ], [ 2.297386172332955, 48.873993940748491 ], [ 2.297440718500158, 48.873994273112949 ], [ 2.297440970420931, 48.873976282839024 ], [ 2.297495516569578, 48.873976615177462 ], [ 2.297495768470547, 48.873958624903253 ], [ 2.297550314600637, 48.873958957215685 ], [ 2.297550566481801, 48.873940966941213 ], [ 2.297605112593336, 48.873941299227646 ], [ 2.297605364454695, 48.873923308952897 ], [ 2.297659910547674, 48.873923641213317 ], [ 2.297660162389228, 48.873905650938305 ], [ 2.29771470846365, 48.873905983172719 ], [ 2.2977149602854, 48.873887992897444 ], [ 2.297769506341266, 48.873888325105838 ], [ 2.297769758143211, 48.873870334830293 ], [ 2.297824304180521, 48.873870667012696 ], [ 2.297824555962662, 48.873852676736874 ], [ 2.297879101981414, 48.873853008893256 ], [ 2.297879353743751, 48.873835018617171 ], [ 2.297933899743946, 48.873835350747555 ], [ 2.297934151486479, 48.8738173604712 ], [ 2.297988697468118, 48.873817692575571 ], [ 2.297988949190846, 48.87379970229896 ], [ 2.298043495153928, 48.873800034377304 ], [ 2.298043746856851, 48.873782044100423 ], [ 2.298098292801377, 48.873782376152775 ], [ 2.298098544484497, 48.873764385875631 ], [ 2.298153090410465, 48.873764717901963 ], [ 2.29815334207378, 48.873746727624557 ], [ 2.298207887981193, 48.87374705962489 ], [ 2.298208139624703, 48.873729069347206 ], [ 2.298262685513558, 48.873729401321519 ], [ 2.298262937137264, 48.87371141104358 ], [ 2.298317483007562, 48.87371174299188 ], [ 2.298317734611464, 48.873693752713677 ], [ 2.29839955338945, 48.873694250587448 ], [ 2.298399050240061, 48.873730231144428 ], [ 2.29842632318611, 48.873730397089659 ], [ 2.298425820055278, 48.873766377646625 ], [ 2.298453093021131, 48.873766543585617 ], [ 2.298452589908856, 48.873802524142562 ], [ 2.298479862894513, 48.873802690075316 ], [ 2.298479359800796, 48.873838670632246 ], [ 2.298506632806257, 48.873838836558754 ], [ 2.298506129731098, 48.873874817115656 ], [ 2.298533402756363, 48.873874983035925 ], [ 2.298532899699761, 48.873910963592799 ], [ 2.298560172744831, 48.87391112950683 ], [ 2.298559669706786, 48.873947110063689 ], [ 2.29858694277166, 48.873947275971474 ], [ 2.298586439752174, 48.873983256528319 ], [ 2.298613712836852, 48.873983422429859 ], [ 2.298613209835923, 48.87401940298669 ], [ 2.298640482940406, 48.874019568881984 ], [ 2.298639979958034, 48.874055549438793 ], [ 2.298667253082322, 48.874055715327849 ], [ 2.298666498636228, 48.874109686162939 ], [ 2.298639225482608, 48.874109520273556 ], [ 2.298638973990301, 48.874127510551709 ], [ 2.298584427664254, 48.874127178753398 ], [ 2.298584176152142, 48.874145169031273 ], [ 2.298556902979715, 48.874145003122337 ], [ 2.298556651457576, 48.874162993400049 ], [ 2.29852937827562, 48.874162827484561 ], [ 2.298529126743455, 48.874180817762124 ], [ 2.298474580360736, 48.87418048591158 ], [ 2.298474328808766, 48.874198476188866 ], [ 2.298447055608004, 48.87419831025381 ], [ 2.298446804046006, 48.874216300530939 ], [ 2.298419530835715, 48.874216134589339 ], [ 2.298419279263691, 48.874234124866305 ], [ 2.298392006043872, 48.874233958918147 ], [ 2.29839175446182, 48.874251949194949 ], [ 2.298337208003375, 48.874251617279072 ], [ 2.298336956401519, 48.874269607555604 ], [ 2.298309683162892, 48.874269441587884 ], [ 2.298309431551009, 48.874287431864268 ], [ 2.298254885054949, 48.874287099909267 ], [ 2.298254633423261, 48.874305090185374 ], [ 2.298227360165828, 48.874304924198093 ], [ 2.298227108524113, 48.874322914474043 ], [ 2.298199835257151, 48.874322748480211 ], [ 2.298199583605409, 48.87434073875599 ], [ 2.298145037052679, 48.874340406748765 ], [ 2.298144785381132, 48.874358397024288 ], [ 2.298117512095363, 48.874358231010902 ], [ 2.298117260413789, 48.874376221286248 ], [ 2.298089987118492, 48.874376055266296 ], [ 2.29808973542689, 48.8743940455415 ], [ 2.29803518881749, 48.87439371348205 ], [ 2.298034937106083, 48.874411703756977 ], [ 2.298007663791979, 48.874411537717471 ], [ 2.298007412070545, 48.874429527992234 ], [ 2.297980138746913, 48.87442936194617 ], [ 2.297979887015452, 48.87444735222077 ], [ 2.297870793684309, 48.874446687971606 ] ] ] } },
{ "type": "Feature", "properties": { "height": 16.638038635253906 }, "geometry": { "type": "Polygon", "coordinates": [ [ [ 2.291253546996201, 48.873686531269307 ], [ 2.291253801132681, 48.873668541018347 ], [ 2.291199255392232, 48.873668205728912 ], [ 2.291199763703545, 48.873632225227254 ], [ 2.29122703655409, 48.873632392875002 ], [ 2.291227798989839, 48.873578422121767 ], [ 2.291255071811304, 48.87357858976273 ], [ 2.29125558008099, 48.873542609260085 ], [ 2.291310125685565, 48.873542944522249 ], [ 2.291309871570403, 48.873560934773806 ], [ 2.291364417195541, 48.873561270010377 ], [ 2.29136340081059, 48.87363323101691 ], [ 2.291336127958786, 48.873633063401428 ], [ 2.291335619745245, 48.873669043904137 ], [ 2.291308346874139, 48.87366887628199 ], [ 2.291308092757213, 48.873686866533149 ], [ 2.291253546996201, 48.873686531269307 ] ] ] } },
{ "type": "Feature", "properties": { "height": 22.267673492431641 }, "geometry": { "type": "Polygon", "coordinates": [ [ [ 2.298804121572537, 48.874020564118346 ], [ 2.298804373004684, 48.874002573839228 ], [ 2.298777099908483, 48.874002407982744 ], [ 2.298777602791583, 48.873966427424541 ], [ 2.298750329715187, 48.873966261561812 ], [ 2.298750832616845, 48.873930281003595 ], [ 2.298723559560252, 48.873930115134627 ], [ 2.298724062480468, 48.873894134576389 ], [ 2.298696789443681, 48.873893968701161 ], [ 2.298697292382454, 48.873857988142916 ], [ 2.298670019365471, 48.873857822261449 ], [ 2.298670522322802, 48.87382184170319 ], [ 2.298643249325623, 48.873821675815478 ], [ 2.298643752301512, 48.873785695257183 ], [ 2.298616479324136, 48.873785529363239 ], [ 2.298616982318583, 48.873749548804923 ], [ 2.298589709361012, 48.873749382904741 ], [ 2.298590212374017, 48.873713402346411 ], [ 2.298562939436249, 48.873713236439983 ], [ 2.298563442467811, 48.873677255881624 ], [ 2.298536169549847, 48.873677089968957 ], [ 2.298536924124653, 48.873623119131302 ], [ 2.298591469902165, 48.873623450949573 ], [ 2.298591721407047, 48.873605460670028 ], [ 2.298646267166002, 48.873605792462278 ], [ 2.298646518651079, 48.873587802182477 ], [ 2.298701064391476, 48.873588133948715 ], [ 2.29870131585675, 48.873570143668644 ], [ 2.29875586157859, 48.873570475408876 ], [ 2.29875611302406, 48.873552485128528 ], [ 2.298810658727342, 48.873552816842754 ], [ 2.298810910153009, 48.87353482656215 ], [ 2.298865455837734, 48.873535158250355 ], [ 2.298865707243596, 48.873517167969482 ], [ 2.298947525743221, 48.873517665453122 ], [ 2.298947777119502, 48.873499675171885 ], [ 2.29900232276761, 48.873500006795176 ], [ 2.299002574124088, 48.873482016513663 ], [ 2.299057119753637, 48.87348234811094 ], [ 2.299057371090311, 48.873464357829185 ], [ 2.299111916701303, 48.87346468940045 ], [ 2.299112168018173, 48.873446699118418 ], [ 2.299275804798464, 48.873447693676816 ], [ 2.299275553540256, 48.873465683959488 ], [ 2.299357371963096, 48.873466181151926 ], [ 2.299357120733971, 48.873484171434846 ], [ 2.299411666369997, 48.873484502864443 ], [ 2.299411415160179, 48.873502493147512 ], [ 2.299438687988342, 48.873502658852736 ], [ 2.299438436788051, 48.873520649135848 ], [ 2.299465709626241, 48.87352081483472 ], [ 2.299465458435479, 48.873538805117896 ], [ 2.299492731283695, 48.873538970810422 ], [ 2.299492480102461, 48.873556961093655 ], [ 2.299519752960704, 48.873557126779829 ], [ 2.299519501788998, 48.873575117063098 ], [ 2.299546774657266, 48.873575282742941 ], [ 2.299546523495089, 48.873593273026245 ], [ 2.299573796373384, 48.873593438699736 ], [ 2.299573545220734, 48.873611428983089 ], [ 2.299600818109056, 48.873611594650242 ], [ 2.299600064678947, 48.873665565500261 ], [ 2.299572791761294, 48.873665399832817 ], [ 2.299572540607648, 48.873683390115929 ], [ 2.299517994753534, 48.873683058761465 ], [ 2.299517743580085, 48.873701049044321 ], [ 2.299463197707412, 48.873700717663823 ], [ 2.299462946514159, 48.873718707946416 ], [ 2.299408400622927, 48.873718376539919 ], [ 2.29940814940987, 48.873736366822257 ], [ 2.299380876454851, 48.873736201109217 ], [ 2.299380625231768, 48.873754191391384 ], [ 2.29935335226722, 48.873754025671808 ], [ 2.29935310103411, 48.873772015953804 ], [ 2.299298555086206, 48.873771684495075 ], [ 2.299298303833293, 48.873789674776823 ], [ 2.299271030849937, 48.873789509037685 ], [ 2.299270779586998, 48.873807499319255 ], [ 2.299243506594113, 48.873807333573552 ], [ 2.299243255321147, 48.873825323854973 ], [ 2.299188709316571, 48.873824992344026 ], [ 2.299188458023801, 48.87384298262517 ], [ 2.299161185012109, 48.873842816859913 ], [ 2.299160933709313, 48.8738608071409 ], [ 2.299133660688092, 48.873860641369099 ], [ 2.299133409375269, 48.873878631649916 ], [ 2.299106136344521, 48.873878465871556 ], [ 2.299105885021671, 48.873896456152224 ], [ 2.299051338941366, 48.873896124575936 ], [ 2.299051087598713, 48.873914114856326 ], [ 2.299023814549157, 48.873913949058398 ], [ 2.299023563196476, 48.87393193933864 ], [ 2.298996290137392, 48.87393177353416 ], [ 2.298996038774684, 48.873949763814238 ], [ 2.298941492637708, 48.873949432185718 ], [ 2.298941241255197, 48.873967422465519 ], [ 2.298913968177305, 48.873967256641485 ], [ 2.298913716784767, 48.873985246921123 ], [ 2.298886443697347, 48.873985081090538 ], [ 2.298886192294782, 48.874003071370019 ], [ 2.298831646101134, 48.874002739689288 ], [ 2.298831394678765, 48.874020729968493 ], [ 2.298804121572537, 48.874020564118346 ] ] ] } },
{ "type": "Feature", "properties": { "height": 19.30567741394043 }, "geometry": { "type": "Polygon", "coordinates": [ [ [ 2.290549539960654, 48.873322365516415 ], [ 2.2905497943463, 48.873304375267054 ], [ 2.290604339683565, 48.873304710861873 ], [ 2.290604085317472, 48.873322701111434 ], [ 2.290549539960654, 48.873322365516415 ] ] ] } },
{ "type": "Feature", "properties": { "height": 18.521297454833984 }, "geometry": { "type": "Polygon", "coordinates": [ [ [ 2.290980309736996, 48.873720835062677 ], [ 2.290980563971753, 48.87370284481289 ], [ 2.290816926651219, 48.873701838478901 ], [ 2.290817180944388, 48.873683848229703 ], [ 2.290708089441516, 48.873683177211809 ], [ 2.290708343773542, 48.87366518696296 ], [ 2.290681070908232, 48.873665019192465 ], [ 2.290681325249783, 48.87364702894368 ], [ 2.290654052394502, 48.873646861166833 ], [ 2.290654306745579, 48.87362887091809 ], [ 2.290599761055327, 48.873628535345276 ], [ 2.290600015425706, 48.873610545096689 ], [ 2.290572742590736, 48.873610377300707 ], [ 2.29057299697064, 48.873592387052177 ], [ 2.290545724145698, 48.873592219249851 ], [ 2.290545978535128, 48.873574229001349 ], [ 2.290518705720217, 48.873574061192677 ], [ 2.290519214517872, 48.873538080695738 ], [ 2.290546487313229, 48.873538248504197 ], [ 2.290546741701902, 48.873520258255532 ], [ 2.290574014487733, 48.873520426057439 ], [ 2.290574523244767, 48.873484445559697 ], [ 2.290601796011297, 48.873484613354947 ], [ 2.290602050379658, 48.873466623105891 ], [ 2.290629323136662, 48.873466790894589 ], [ 2.290629577494995, 48.873448800645363 ], [ 2.290656850242474, 48.873448968427489 ], [ 2.290657104590777, 48.873430978178114 ], [ 2.290684377328732, 48.873431145953688 ], [ 2.290684631667006, 48.873413155704149 ], [ 2.290711904395435, 48.873413323473166 ], [ 2.290712413051672, 48.873377342973697 ], [ 2.290739685760799, 48.873377510736063 ], [ 2.290739940078761, 48.873359520486147 ], [ 2.290712667379411, 48.873359352723895 ], [ 2.290712921706899, 48.873341362474022 ], [ 2.290631103639693, 48.873340859148882 ], [ 2.29063135799626, 48.873322868899272 ], [ 2.2906586306753, 48.873323036680652 ], [ 2.290659139368123, 48.873287056181049 ], [ 2.290686412027861, 48.873287223955778 ], [ 2.290686666364118, 48.87326923370577 ], [ 2.290632121064449, 48.873268898150087 ], [ 2.290632375420008, 48.873250907900236 ], [ 2.290605102780328, 48.873250740112837 ], [ 2.290605611510244, 48.873214759613184 ], [ 2.290632884130368, 48.87321492740039 ], [ 2.290633138485171, 48.873196937150368 ], [ 2.290660411095771, 48.873197104931016 ], [ 2.290660919785065, 48.873161124430595 ], [ 2.290688192376364, 48.873161292204578 ], [ 2.290688446710856, 48.873143301954187 ], [ 2.290715719292629, 48.873143469721619 ], [ 2.290715464967914, 48.873161459972124 ], [ 2.290742737559717, 48.873161627733211 ], [ 2.290742483244526, 48.873179617983766 ], [ 2.290797028448442, 48.873179953486812 ], [ 2.290796774152554, 48.873197943737509 ], [ 2.290824046764667, 48.873198111479454 ], [ 2.290823792478303, 48.873216101730215 ], [ 2.290878337722839, 48.873216437194976 ], [ 2.290878083455778, 48.873234427445894 ], [ 2.290932628720876, 48.873234762885055 ], [ 2.290932374473118, 48.873252753136114 ], [ 2.290959647115821, 48.873252920846127 ], [ 2.290959392877588, 48.873270911097244 ], [ 2.291013938183306, 48.873271246498142 ], [ 2.291013683964374, 48.873289236749393 ], [ 2.291040956627389, 48.873289404440278 ], [ 2.291040702417982, 48.873307394691594 ], [ 2.29109524776432, 48.873307730054201 ], [ 2.291094993574216, 48.873325720305679 ], [ 2.291122266257541, 48.873325887977416 ], [ 2.291122012076961, 48.873343878228923 ], [ 2.29117655746392, 48.873344213553267 ], [ 2.291176303302643, 48.873362203804923 ], [ 2.291203576006278, 48.873362371457532 ], [ 2.291203067702522, 48.873398351960915 ], [ 2.291175794979333, 48.873398184308094 ], [ 2.291175286655015, 48.873434164811037 ], [ 2.291148013912524, 48.873433997151565 ], [ 2.291147251394826, 48.873487967905213 ], [ 2.291119978623256, 48.873487800238976 ], [ 2.29111947025731, 48.873523780740932 ], [ 2.291092197466436, 48.873523613068031 ], [ 2.291091689079928, 48.873559593569517 ], [ 2.291064416269752, 48.873559425889965 ], [ 2.291063653658768, 48.873613396641467 ], [ 2.291036380819513, 48.873613228955136 ], [ 2.291035618176929, 48.8736671997058 ], [ 2.291008345308594, 48.873667032012705 ], [ 2.291007582634411, 48.873721002762544 ], [ 2.290980309736996, 48.873720835062677 ] ] ] } },
{ "type": "Feature", "properties": { "height": 16.211544036865234 }, "geometry": { "type": "Polygon", "coordinates": [ [ [ 2.29656621430225, 48.874114884078118 ], [ 2.296566466537653, 48.874096893807923 ], [ 2.296539193403258, 48.874096727421886 ], [ 2.296539445648188, 48.874078737151748 ], [ 2.29651217252382, 48.874078570759352 ], [ 2.296512424778279, 48.874060580489264 ], [ 2.296485151663938, 48.874060414090529 ], [ 2.296485403927924, 48.874042423820477 ], [ 2.296458130823612, 48.874042257415411 ], [ 2.296458383097125, 48.874024267145408 ], [ 2.29643111000284, 48.874024100733983 ], [ 2.296431362285881, 48.87400611046403 ], [ 2.296404089201623, 48.874005944046267 ], [ 2.296404341494191, 48.873987953776357 ], [ 2.296377068419961, 48.873987787352235 ], [ 2.296377320722057, 48.873969797082381 ], [ 2.296350047657854, 48.873969630651921 ], [ 2.296350299969478, 48.873951640382117 ], [ 2.296323026915303, 48.873951473945311 ], [ 2.296323279236453, 48.873933483675543 ], [ 2.296296006192306, 48.873933317232407 ], [ 2.296296258522983, 48.873915326962688 ], [ 2.296268985488864, 48.873915160513185 ], [ 2.296269237829069, 48.873897170243517 ], [ 2.296214691781135, 48.873896837325397 ], [ 2.296214944140645, 48.87387884705587 ], [ 2.29618767112683, 48.873878680587246 ], [ 2.296187923495867, 48.873860690317777 ], [ 2.296160650492081, 48.873860523842801 ], [ 2.296160902870645, 48.873842533573374 ], [ 2.296133629876886, 48.873842367092053 ], [ 2.296133882264978, 48.873824376822682 ], [ 2.296106609281246, 48.873824210335002 ], [ 2.296106861678865, 48.873806220065681 ], [ 2.296079588705161, 48.873806053571663 ], [ 2.296079841112308, 48.873788063302378 ], [ 2.296052568148631, 48.873787896802014 ], [ 2.296052820565304, 48.873769906532786 ], [ 2.296025547611655, 48.873769740026084 ], [ 2.296025800037856, 48.873751749756892 ], [ 2.295998527094234, 48.873751583243845 ], [ 2.295998779529962, 48.873733592974709 ], [ 2.295971506596369, 48.873733426455317 ], [ 2.295971759041624, 48.873715436186217 ], [ 2.295944486118057, 48.87371526966048 ], [ 2.295944738572839, 48.873697279391436 ], [ 2.295917465659301, 48.873697112859354 ], [ 2.295918223051476, 48.873643142052195 ], [ 2.296000041704846, 48.873643641628149 ], [ 2.296000294139072, 48.873625651358672 ], [ 2.296054839889681, 48.873625984376844 ], [ 2.296055092304103, 48.87360799410709 ], [ 2.296109638036158, 48.873608327099262 ], [ 2.296109890430774, 48.873590336829238 ], [ 2.296164436144276, 48.873590669795412 ], [ 2.296164688519088, 48.873572679525118 ], [ 2.296219234214036, 48.873573012465272 ], [ 2.296219486569043, 48.873555022194722 ], [ 2.296274032245437, 48.873555355108849 ], [ 2.296274284580639, 48.873537364838036 ], [ 2.29632883023848, 48.873537697726157 ], [ 2.296329082553878, 48.873519707455067 ], [ 2.296383628193163, 48.873520040317196 ], [ 2.296383880488757, 48.873502050045836 ], [ 2.296438426109489, 48.873502382881952 ], [ 2.296438678385277, 48.87348439261033 ], [ 2.296493223987455, 48.873484725420425 ], [ 2.296493476243438, 48.87346673514854 ], [ 2.296548021827062, 48.873467067932637 ], [ 2.296548274063242, 48.873449077660482 ], [ 2.296602819628311, 48.873449410418566 ], [ 2.296603071844686, 48.87343142014614 ], [ 2.296630344617819, 48.873431586515402 ], [ 2.296630596824166, 48.87341359624282 ], [ 2.296603324060811, 48.873413429873658 ], [ 2.296603576276686, 48.873395439601126 ], [ 2.296630849030264, 48.873395605970181 ], [ 2.296631101236112, 48.873377615697486 ], [ 2.296712919469015, 48.873378114765629 ], [ 2.296712667292498, 48.873396105038637 ], [ 2.296794485556982, 48.873396604049042 ], [ 2.296794737704167, 48.873378613775721 ], [ 2.296849283195519, 48.873378946416864 ], [ 2.296849535322899, 48.873360956143266 ], [ 2.296904080795696, 48.87336128875841 ], [ 2.296904332903272, 48.873343298484535 ], [ 2.296958878357514, 48.873343631073666 ], [ 2.296959130445285, 48.873325640799543 ], [ 2.297013675880973, 48.873325973362661 ], [ 2.297013927948941, 48.87330798308826 ], [ 2.297068473366073, 48.873308315625366 ], [ 2.297068725414237, 48.873290325350709 ], [ 2.297123270812814, 48.873290657861808 ], [ 2.297123522841174, 48.873272667586889 ], [ 2.297178068221196, 48.873273000071976 ], [ 2.297178320229752, 48.873255009796779 ], [ 2.297232865591219, 48.873255342255867 ], [ 2.297233117579971, 48.873237351980393 ], [ 2.297287662922884, 48.873237684413454 ], [ 2.297287914891831, 48.873219694137738 ], [ 2.297342460216188, 48.873220026544793 ], [ 2.297342712165332, 48.8732020362688 ], [ 2.297397257471134, 48.873202368649849 ], [ 2.297397509400473, 48.873184378373594 ], [ 2.297452054687721, 48.873184710728637 ], [ 2.297452306597256, 48.873166720452112 ], [ 2.297506851865948, 48.873167052781135 ], [ 2.29750710375568, 48.873149062504346 ], [ 2.297588921631259, 48.873149560949216 ], [ 2.29758917349141, 48.873131570672051 ], [ 2.29764371872349, 48.873131902936166 ], [ 2.297643970563838, 48.873113912658738 ], [ 2.297698515777362, 48.87311424489684 ], [ 2.297698767597905, 48.873096254619135 ], [ 2.297753312792875, 48.873096586831238 ], [ 2.297753564593615, 48.87307859655327 ], [ 2.297808109770028, 48.873078928739361 ], [ 2.297808361550965, 48.873060938461123 ], [ 2.297862906708823, 48.873061270621207 ], [ 2.297863158469955, 48.873043280342706 ], [ 2.297917703609257, 48.873043612476771 ], [ 2.297917451867678, 48.873061602755485 ], [ 2.29794472444748, 48.873061768812953 ], [ 2.297944220983128, 48.873097749370402 ], [ 2.297971493582735, 48.873097915421624 ], [ 2.297970990136939, 48.873133895979059 ], [ 2.297998262756348, 48.873134062024043 ], [ 2.297997759329108, 48.873170042581449 ], [ 2.298025031968321, 48.873170208620202 ], [ 2.298024528559637, 48.873206189177587 ], [ 2.298051801218654, 48.87320635521008 ], [ 2.298051297828526, 48.873242335767443 ], [ 2.298078570507347, 48.873242501793712 ], [ 2.298078067135775, 48.873278482351061 ], [ 2.2981053398344, 48.873278648371084 ], [ 2.298104584804503, 48.873332619206984 ], [ 2.298131857532708, 48.873332785220875 ], [ 2.298131354197751, 48.873368765778061 ], [ 2.29815862694576, 48.873368931785706 ], [ 2.298158123629358, 48.87340491234287 ], [ 2.298185396397171, 48.87340507834427 ], [ 2.298184893099327, 48.87344105890142 ], [ 2.298212165886943, 48.873441224896588 ], [ 2.298211662607655, 48.873477205453717 ], [ 2.298238935415076, 48.873477371442632 ], [ 2.298238432154345, 48.873513351999748 ], [ 2.29826570498157, 48.873513517982424 ], [ 2.298265201739395, 48.873549498539525 ], [ 2.298292474586423, 48.873549664515963 ], [ 2.298291719750623, 48.873603635351472 ], [ 2.298264446874263, 48.873603469374729 ], [ 2.298264195252053, 48.873621459653009 ], [ 2.298182376595137, 48.873620961683741 ], [ 2.298182124943346, 48.873638951961659 ], [ 2.298127579153761, 48.873638619949688 ], [ 2.298127327482165, 48.873656610227329 ], [ 2.298072781674024, 48.873656278189365 ], [ 2.298072529982625, 48.873674268466736 ], [ 2.298017984155926, 48.873673936402753 ], [ 2.298017732444723, 48.873691926679868 ], [ 2.297963186599468, 48.873691594589864 ], [ 2.29796293486846, 48.873709584866724 ], [ 2.297908389004648, 48.873709252750714 ], [ 2.297908137253836, 48.873727243027297 ], [ 2.297853591371468, 48.873726910885274 ], [ 2.297853339600852, 48.873744901161601 ], [ 2.297798793699927, 48.873744568993573 ], [ 2.297798541909506, 48.873762559269622 ], [ 2.297743995990025, 48.873762227075581 ], [ 2.2977437441798, 48.87378021735136 ], [ 2.297689198241763, 48.87377988513132 ], [ 2.297688946411733, 48.873797875406837 ], [ 2.29763440045514, 48.873797543160777 ], [ 2.297634148605306, 48.873815533436037 ], [ 2.297579602630156, 48.873815201163964 ], [ 2.297579350760517, 48.873833191438955 ], [ 2.297524804766811, 48.87383285914089 ], [ 2.297524552877368, 48.873850849415604 ], [ 2.297470006865106, 48.873850517091512 ], [ 2.297469754955859, 48.873868507365962 ], [ 2.29741520892504, 48.873868175015872 ], [ 2.297414956995989, 48.873886165290052 ], [ 2.297360410946614, 48.873885832913956 ], [ 2.297360158997757, 48.873903823187874 ], [ 2.297305612929827, 48.87390349078575 ], [ 2.297305360961166, 48.873921481059405 ], [ 2.29725081487468, 48.873921148631283 ], [ 2.297250562886214, 48.873939138904667 ], [ 2.297196016781172, 48.873938806450532 ], [ 2.297195764772901, 48.873956796723654 ], [ 2.297141218649304, 48.873956464243513 ], [ 2.297140966621228, 48.873974454516357 ], [ 2.297086420479074, 48.87397412201021 ], [ 2.297086168431194, 48.873992112282799 ], [ 2.297031622270485, 48.873991779750625 ], [ 2.2970313702028, 48.874009770022958 ], [ 2.296976824023536, 48.874009437464785 ], [ 2.296976571936045, 48.874027427736834 ], [ 2.296922025738225, 48.874027095152655 ], [ 2.29692177363093, 48.874045085424434 ], [ 2.296867227414555, 48.874044752814243 ], [ 2.296866975287455, 48.874062743085759 ], [ 2.296812429052524, 48.874062410449561 ], [ 2.296812176905618, 48.874080400720814 ], [ 2.296757630652132, 48.874080068058589 ], [ 2.296757378485422, 48.874098058329579 ], [ 2.296675559077736, 48.87409755928757 ], [ 2.296675306881443, 48.874115549558184 ], [ 2.29656621430225, 48.874114884078118 ] ] ] } },
{ "type": "Feature", "properties": { "height": 17.808799743652344 }, "geometry": { "type": "Polygon", "coordinates": [ [ [ 2.294667970140914, 48.873329640116644 ], [ 2.294668223049966, 48.873311649851324 ], [ 2.294640950353522, 48.873311483018298 ], [ 2.2946412032721, 48.873293492753028 ], [ 2.294613930585685, 48.873293325913636 ], [ 2.294614183513789, 48.873275335648422 ], [ 2.294586910837401, 48.873275168802699 ], [ 2.294587163775032, 48.873257178537521 ], [ 2.294559891108671, 48.87325701168546 ], [ 2.294560144055829, 48.873239021420332 ], [ 2.294532871399496, 48.873238854561926 ], [ 2.29453312435618, 48.873220864296833 ], [ 2.294505851709876, 48.873220697432082 ], [ 2.294506357642044, 48.87318471690196 ], [ 2.294533630268795, 48.873184883766505 ], [ 2.294534136180407, 48.873148903235943 ], [ 2.294561408787854, 48.873149070093838 ], [ 2.294561661733507, 48.873131079828347 ], [ 2.294588934331427, 48.873131246679698 ], [ 2.294589440202427, 48.873095266148361 ], [ 2.294616712781045, 48.873095432993033 ], [ 2.294617218631487, 48.873059452461263 ], [ 2.294644491190802, 48.873059619299276 ], [ 2.294644997020688, 48.873023638767073 ], [ 2.294672269560698, 48.873023805598415 ], [ 2.294672016655658, 48.873041795864658 ], [ 2.294699289205696, 48.873041962689662 ], [ 2.294699036310182, 48.873059952955956 ], [ 2.294726308870249, 48.873060119774614 ], [ 2.294726055984261, 48.87307811004095 ], [ 2.294753328554355, 48.873078276853263 ], [ 2.294753075677893, 48.873096267119642 ], [ 2.294780348258015, 48.87309643392561 ], [ 2.29478009539108, 48.873114424192046 ], [ 2.294807367981229, 48.873114590991662 ], [ 2.29480711512382, 48.873132581258133 ], [ 2.294834387723997, 48.873132748051418 ], [ 2.294834134876115, 48.873150738317946 ], [ 2.294861407486319, 48.873150905104872 ], [ 2.294861154647963, 48.87316889537145 ], [ 2.294888427268196, 48.873169062152044 ], [ 2.294888174439366, 48.873187052418658 ], [ 2.294915447069626, 48.8731872191929 ], [ 2.294915194250323, 48.873205209459563 ], [ 2.294942466890611, 48.873205376227475 ], [ 2.294942214080834, 48.873223366494173 ], [ 2.29496948673115, 48.873223533255732 ], [ 2.294968981130398, 48.873259513789208 ], [ 2.294914435790909, 48.873259180259218 ], [ 2.294914182970604, 48.873277170525661 ], [ 2.294859637612563, 48.873276836969666 ], [ 2.294859384772452, 48.873294827235831 ], [ 2.294777566707941, 48.873294326853156 ], [ 2.294777313838248, 48.873312317118945 ], [ 2.294722768443606, 48.873311983498049 ], [ 2.294722515554108, 48.87332997376356 ], [ 2.294667970140914, 48.873329640116644 ] ] ] } },
{ "type": "Feature", "properties": { "height": 14.916641235351562 }, "geometry": { "type": "Polygon", "coordinates": [ [ [ 2.291831356112386, 48.873330245178671 ], [ 2.291831610038509, 48.873312254924357 ], [ 2.29177706467857, 48.873311919910044 ], [ 2.291777318623995, 48.87329392965588 ], [ 2.291750045954181, 48.873293762139156 ], [ 2.291750299909132, 48.873275771885034 ], [ 2.291723027249346, 48.873275604361972 ], [ 2.291723281213821, 48.873257614107892 ], [ 2.29166873591456, 48.873257279042619 ], [ 2.291668989898338, 48.873239288788703 ], [ 2.291614444619637, 48.873238953697822 ], [ 2.291614698622717, 48.873220963444076 ], [ 2.291587425993522, 48.873220795889061 ], [ 2.291587680006128, 48.873202805635358 ], [ 2.291614952625547, 48.873202973190253 ], [ 2.291615460630449, 48.873166992682442 ], [ 2.291642733230566, 48.873167160230693 ], [ 2.291642987222862, 48.873149169976585 ], [ 2.291670259813453, 48.873149337518285 ], [ 2.291670513795721, 48.873131347264021 ], [ 2.291697786376787, 48.873131514799148 ], [ 2.291698040349027, 48.873113524544728 ], [ 2.291725312920567, 48.873113692073296 ], [ 2.291725058958105, 48.873131682327823 ], [ 2.291752331539675, 48.873131849850061 ], [ 2.291752077586738, 48.873149840104631 ], [ 2.291779350178336, 48.873150007620517 ], [ 2.291779096234924, 48.873167997875136 ], [ 2.291833641438429, 48.873168332887779 ], [ 2.291833895362287, 48.87315034263294 ], [ 2.291861167954641, 48.87315051012947 ], [ 2.29186142186847, 48.873132519874474 ], [ 2.291888694451298, 48.873132687364453 ], [ 2.291888948355098, 48.873114697109301 ], [ 2.291916220928401, 48.873114864592722 ], [ 2.291916474822172, 48.873096874337392 ], [ 2.291943747385949, 48.873097041814276 ], [ 2.291944001269692, 48.873079051558797 ], [ 2.291998546378448, 48.873079386492968 ], [ 2.291998800242385, 48.873061396237219 ], [ 2.292026072787364, 48.873061563694513 ], [ 2.292026834348334, 48.873007592926591 ], [ 2.291999561832687, 48.873007425469609 ], [ 2.291999815695617, 48.872989435213618 ], [ 2.291972543189999, 48.872989267750292 ], [ 2.291973050934659, 48.872953287238367 ], [ 2.29202759590704, 48.872953622158164 ], [ 2.292027849759439, 48.87293563190191 ], [ 2.292055122236231, 48.872935799352028 ], [ 2.292055376078601, 48.872917809095604 ], [ 2.292109921013385, 48.872918143976285 ], [ 2.29211017483595, 48.872900153719591 ], [ 2.292137447293943, 48.872900321150162 ], [ 2.292136939668115, 48.872936301663692 ], [ 2.292164212145913, 48.872936469088017 ], [ 2.292163704538633, 48.872972449601527 ], [ 2.292190977036237, 48.872972617019606 ], [ 2.292190469447504, 48.873008597533094 ], [ 2.292217741964913, 48.873008764944942 ], [ 2.292216980609258, 48.873062735715088 ], [ 2.292244253156249, 48.873062903120797 ], [ 2.292243491827661, 48.873116873890716 ], [ 2.292188946675269, 48.873116539072221 ], [ 2.292188692879015, 48.873134529328532 ], [ 2.292161420293419, 48.873134361909507 ], [ 2.292161166487138, 48.873152352165654 ], [ 2.292133893892017, 48.873152184740064 ], [ 2.292133640075706, 48.873170174996062 ], [ 2.292106367471059, 48.873170007563928 ], [ 2.29210611364472, 48.873187997819748 ], [ 2.292051568416627, 48.873187662935905 ], [ 2.292051314570482, 48.873205653191469 ], [ 2.292024041947037, 48.873205485739774 ], [ 2.292023788090863, 48.873223475995175 ], [ 2.291996515457891, 48.873223308536915 ], [ 2.291996261591689, 48.873241298792145 ], [ 2.291968988949193, 48.87324113132734 ], [ 2.291968735072962, 48.873259121582414 ], [ 2.291941462420939, 48.873258954111037 ], [ 2.29194120853468, 48.873276944365948 ], [ 2.291913935873132, 48.873276776888019 ], [ 2.291913681976844, 48.873294767142774 ], [ 2.291886409305771, 48.873294599658301 ], [ 2.291886155399454, 48.873312589912871 ], [ 2.291858882718855, 48.87331242242184 ], [ 2.29185862880251, 48.87333041267626 ], [ 2.291831356112386, 48.873330245178671 ] ] ] } },
{ "type": "Feature", "properties": { "height": 17.722480773925781 }, "geometry": { "type": "Polygon", "coordinates": [ [ [ 2.293854599865409, 48.872982817325834 ], [ 2.293854853063005, 48.872964827062582 ], [ 2.293773035554293, 48.87296432596964 ], [ 2.29377328878097, 48.872946335706636 ], [ 2.293718743795971, 48.872946001612632 ], [ 2.293719756778382, 48.872874040560902 ], [ 2.293747029231648, 48.872874207610714 ], [ 2.293749055106205, 48.872730285503671 ], [ 2.293858144608921, 48.872730953635035 ], [ 2.293857891414588, 48.872748943899033 ], [ 2.293885163800671, 48.872749110915855 ], [ 2.293884657430804, 48.872785091443895 ], [ 2.293857385025167, 48.872784924426867 ], [ 2.293856625439154, 48.87283889521818 ], [ 2.29391117030934, 48.872839229246424 ], [ 2.293910917133054, 48.872857219510294 ], [ 2.293965462023797, 48.872857553512951 ], [ 2.293965715180529, 48.872839563248874 ], [ 2.293992987616502, 48.872839730240415 ], [ 2.293993747055862, 48.872785759447524 ], [ 2.294102836684935, 48.872786427347954 ], [ 2.294102583577839, 48.872804417612727 ], [ 2.294129855995512, 48.872804584571817 ], [ 2.294129602897943, 48.87282257483664 ], [ 2.294102330470493, 48.87282240787745 ], [ 2.294101824255049, 48.872858388406705 ], [ 2.294074551808296, 48.872858221440858 ], [ 2.294074045572294, 48.872894201969679 ], [ 2.294046773106239, 48.872894034997167 ], [ 2.29404626684968, 48.872930015525554 ], [ 2.294018994364322, 48.872929848546384 ], [ 2.294018741225889, 48.872947838810397 ], [ 2.293991468731005, 48.872947671824669 ], [ 2.293990962433832, 48.872983652352282 ], [ 2.293854599865409, 48.872982817325834 ] ] ] } },
{ "type": "Feature", "properties": { "height": 15.276969909667969 }, "geometry": { "type": "Polygon", "coordinates": [ [ [ 2.292709408146717, 48.872957806478844 ], [ 2.292709661754694, 48.872939816219954 ], [ 2.292682389271866, 48.872939648924628 ], [ 2.292682896506617, 48.872903668406877 ], [ 2.292655624043595, 48.872903501105306 ], [ 2.292656131296895, 48.87286752058754 ], [ 2.292628858853677, 48.872867353279752 ], [ 2.292629366125525, 48.872831372761958 ], [ 2.292602093702113, 48.872831205447923 ], [ 2.292602600992509, 48.872795224930108 ], [ 2.292575328588901, 48.872795057609835 ], [ 2.292575835897845, 48.872759077092006 ], [ 2.292630380666204, 48.872759411725703 ], [ 2.292630634300745, 48.872741421466493 ], [ 2.292712451425839, 48.872741923368338 ], [ 2.292712705030798, 48.872723933108752 ], [ 2.292739977396555, 48.872724100396361 ], [ 2.292739470205939, 48.872760080915683 ], [ 2.292766742591501, 48.872760248197046 ], [ 2.292765981833021, 48.872814218975911 ], [ 2.292875071495104, 48.872814888038157 ], [ 2.292875325042409, 48.872796897778173 ], [ 2.293038959484413, 48.872797901177414 ], [ 2.293039212972805, 48.872779910916734 ], [ 2.293093757769263, 48.872780245331349 ], [ 2.293095025109684, 48.872690294026057 ], [ 2.293258659211785, 48.872691297111921 ], [ 2.293256378522452, 48.872853209466072 ], [ 2.293229106083482, 48.872853042300271 ], [ 2.293228345819852, 48.872907013083655 ], [ 2.293037438548786, 48.872905842740245 ], [ 2.293037185058636, 48.872923833000513 ], [ 2.292873550206003, 48.872922829596853 ], [ 2.292873296656939, 48.872940819856446 ], [ 2.292764206721103, 48.872940150791244 ], [ 2.292763953132681, 48.872958141050354 ], [ 2.292709408146717, 48.872957806478844 ] ] ] } },
{ "type": "Feature", "properties": { "height": 22.700340270996094 }, "geometry": { "type": "Polygon", "coordinates": [ [ [ 2.298429090387855, 48.873532504022236 ], [ 2.298429593512204, 48.873496523463785 ], [ 2.29840232069326, 48.873496357519905 ], [ 2.298402823836165, 48.873460376961432 ], [ 2.298375551037026, 48.87346021101132 ], [ 2.298376054198488, 48.873424230452812 ], [ 2.298348781419152, 48.873424064496461 ], [ 2.298349284599171, 48.87338808393794 ], [ 2.298322011839639, 48.873387917975343 ], [ 2.298322515038214, 48.873351937416807 ], [ 2.298295242298486, 48.873351771447965 ], [ 2.298295745515619, 48.8733157908894 ], [ 2.298268472795694, 48.873315624914333 ], [ 2.298268976031384, 48.873279644355748 ], [ 2.298241703331263, 48.873279478374435 ], [ 2.29824195495851, 48.873261488095153 ], [ 2.298269227648854, 48.87326165407638 ], [ 2.298269479266076, 48.873243663796934 ], [ 2.298324024627957, 48.873243995739806 ], [ 2.298324276225375, 48.873226005460111 ], [ 2.2983788215687, 48.87322633737697 ], [ 2.298379073146314, 48.873208347096998 ], [ 2.298406345808573, 48.873208513045661 ], [ 2.298406848943499, 48.873172532485341 ], [ 2.298379576300793, 48.873172366536906 ], [ 2.298380079454275, 48.873136385976565 ], [ 2.298352806831374, 48.873136220021877 ], [ 2.298353310003412, 48.873100239461529 ], [ 2.298298764797465, 48.873099907533224 ], [ 2.298298513192016, 48.873117897813216 ], [ 2.298271240579639, 48.873117731839287 ], [ 2.298270988964164, 48.87313572211913 ], [ 2.2981891710992, 48.873135224158325 ], [ 2.298188919454144, 48.873153214437792 ], [ 2.298161646823212, 48.87315304843785 ], [ 2.298161898478044, 48.873135058158496 ], [ 2.298134625857138, 48.873134892152208 ], [ 2.298135129185609, 48.873098911593523 ], [ 2.298107856584506, 48.873098745581004 ], [ 2.298108359931534, 48.87306276502229 ], [ 2.298081087350235, 48.873062599003525 ], [ 2.298081590715819, 48.873026618444797 ], [ 2.298054318154322, 48.873026452419801 ], [ 2.298054821538462, 48.872990471861051 ], [ 2.298082094080404, 48.872990637885849 ], [ 2.298082345762323, 48.872972647606275 ], [ 2.298136890827401, 48.872972979636323 ], [ 2.298137142489517, 48.872954989356487 ], [ 2.298191687536039, 48.8729553213605 ], [ 2.298191939178351, 48.872937331080415 ], [ 2.298246484206317, 48.872937663058437 ], [ 2.298246735828825, 48.872919672778075 ], [ 2.298301280838235, 48.872920004730084 ], [ 2.298301532440941, 48.872902014449444 ], [ 2.298356077431794, 48.872902346375454 ], [ 2.298356329014696, 48.872884356094559 ], [ 2.298438146473516, 48.87288485393487 ], [ 2.298438398026838, 48.872866863653613 ], [ 2.298492942981078, 48.872867195514687 ], [ 2.298493697580886, 48.872813224669919 ], [ 2.298520970029049, 48.87281339059048 ], [ 2.298521221552043, 48.872795400308668 ], [ 2.298548493990678, 48.872795566222663 ], [ 2.298548242477461, 48.872813556504575 ], [ 2.298575514926122, 48.872813722412232 ], [ 2.298575263422433, 48.872831712694193 ], [ 2.298602535881121, 48.872831878595505 ], [ 2.298602787375033, 48.872813888313445 ], [ 2.298657332273603, 48.872814220096501 ], [ 2.298657583747713, 48.87279622981417 ], [ 2.298712128627727, 48.872796561571221 ], [ 2.298712380082033, 48.87277857128862 ], [ 2.298766924943489, 48.872778903019672 ], [ 2.298767176377993, 48.872760912736801 ], [ 2.298821721220893, 48.872761244441833 ], [ 2.298821972635593, 48.872743254158713 ], [ 2.298876517459936, 48.872743585837732 ], [ 2.298876768854833, 48.872725595554336 ], [ 2.29893131366062, 48.872725927207355 ], [ 2.298931565035714, 48.872707936923696 ], [ 2.298986109822943, 48.872708268550703 ], [ 2.298986361178236, 48.872690278266766 ], [ 2.299040905946907, 48.872690609867782 ], [ 2.299041157282396, 48.872672619583568 ], [ 2.299095702032512, 48.872672951158563 ], [ 2.299095953348198, 48.872654960874101 ], [ 2.299150498079756, 48.872655292423083 ], [ 2.299150749375639, 48.872637302138358 ], [ 2.299232566445514, 48.872637799413155 ], [ 2.299232817711818, 48.872619809128054 ], [ 2.299314634754604, 48.872620306344487 ], [ 2.299314132280407, 48.872656286915245 ], [ 2.299341404648054, 48.872656452641365 ], [ 2.299340650964222, 48.872710423497402 ], [ 2.299367923361448, 48.872710589217384 ], [ 2.299367672142783, 48.872728579502713 ], [ 2.29934039973578, 48.872728413782617 ], [ 2.299340148507089, 48.872746404067797 ], [ 2.299285603674276, 48.872746072608066 ], [ 2.299285352425782, 48.872764062892969 ], [ 2.299230807574411, 48.872763731407225 ], [ 2.299230556306114, 48.872781721691872 ], [ 2.299176011436186, 48.87278139018013 ], [ 2.299175760148086, 48.8727993804645 ], [ 2.299121215259601, 48.87279904892673 ], [ 2.299120963951699, 48.872817039210844 ], [ 2.299148236405594, 48.872817204983058 ], [ 2.299147733808596, 48.872853185551307 ], [ 2.299175006282293, 48.872853351317268 ], [ 2.299174503703853, 48.872889331885496 ], [ 2.299201776197354, 48.872889497645211 ], [ 2.299201273637471, 48.872925478213425 ], [ 2.299228546150775, 48.872925643966902 ], [ 2.299228043609449, 48.872961624535087 ], [ 2.299255316142556, 48.872961790282346 ], [ 2.299254813619788, 48.872997770850496 ], [ 2.299282086172698, 48.872997936591503 ], [ 2.299281583668487, 48.873033917159646 ], [ 2.2993088562412, 48.873034082894414 ], [ 2.299308604998498, 48.873052073178499 ], [ 2.299363150164226, 48.873052404628879 ], [ 2.299363401387373, 48.873034414344581 ], [ 2.299417946534543, 48.873034745768948 ], [ 2.299418197737888, 48.873016755484379 ], [ 2.299472742866499, 48.873017086882754 ], [ 2.29947299405004, 48.872999096597908 ], [ 2.299527539160093, 48.872999427970271 ], [ 2.299527790323832, 48.872981437685176 ], [ 2.299582335415327, 48.872981769031512 ], [ 2.299582084271143, 48.872999759316819 ], [ 2.299609356827041, 48.872999924980419 ], [ 2.299609105692384, 48.87301791526577 ], [ 2.299663650824481, 48.873018246573835 ], [ 2.299663399709129, 48.873036236859335 ], [ 2.299690672285327, 48.8730364025038 ], [ 2.299690421179504, 48.873054392789349 ], [ 2.29971769376573, 48.873054558427469 ], [ 2.299717442669434, 48.873072548713061 ], [ 2.299744715265684, 48.873072714344829 ], [ 2.299744464178917, 48.873090704630492 ], [ 2.299771736785194, 48.873090870255908 ], [ 2.299771485707955, 48.873108860541599 ], [ 2.299798758324257, 48.873109026160677 ], [ 2.299798507256546, 48.873127016446425 ], [ 2.299825779882875, 48.87312718205915 ], [ 2.299825528824692, 48.873145172344934 ], [ 2.299852801461046, 48.873145337951321 ], [ 2.299852550412392, 48.873163328237148 ], [ 2.299879823058772, 48.873163493837197 ], [ 2.299879572019646, 48.873181484123073 ], [ 2.299906844676053, 48.873181649716756 ], [ 2.299906593646454, 48.873199640002689 ], [ 2.299933866312887, 48.873199805590033 ], [ 2.299933615292817, 48.873217795876002 ], [ 2.299960887969275, 48.873217961457016 ], [ 2.299960636958734, 48.873235951743034 ], [ 2.299987909645218, 48.873236117317695 ], [ 2.299987658644204, 48.873254107603771 ], [ 2.299960385947943, 48.873253942028995 ], [ 2.299959883925617, 48.873289922600755 ], [ 2.29993261121005, 48.873289757019322 ], [ 2.299932360188736, 48.873307747305013 ], [ 2.299905087463641, 48.87330758171705 ], [ 2.299904585400712, 48.873343562288035 ], [ 2.299877312656311, 48.873343396693407 ], [ 2.299876810572834, 48.873379377263952 ], [ 2.299849537809127, 48.873379211662666 ], [ 2.299849035705099, 48.873415192232777 ], [ 2.299821762922088, 48.873415026624826 ], [ 2.299821511859923, 48.873433016909694 ], [ 2.299794239067383, 48.873432851295192 ], [ 2.299793736922753, 48.873468831864542 ], [ 2.299766464110907, 48.873468666243383 ], [ 2.299765961945727, 48.873504646812293 ], [ 2.299738689114576, 48.873504481184469 ], [ 2.299738186928845, 48.873540461752945 ], [ 2.299683641228181, 48.873540130477537 ], [ 2.299683892340724, 48.873522140193543 ], [ 2.299656619500543, 48.873521974546257 ], [ 2.299656870622615, 48.873503984262307 ], [ 2.29962959779246, 48.87350381860869 ], [ 2.299629848924061, 48.873485828324775 ], [ 2.299602576103931, 48.87348566266482 ], [ 2.299602827245061, 48.873467672380954 ], [ 2.299575554434958, 48.87346750671464 ], [ 2.299575805585615, 48.873449516430817 ], [ 2.299548532785539, 48.873449350758158 ], [ 2.299548783945724, 48.873431360474399 ], [ 2.299521511155673, 48.873431194795394 ], [ 2.299521762325387, 48.873413204511671 ], [ 2.299467216765587, 48.873412873134519 ], [ 2.299467467954607, 48.87339488285096 ], [ 2.299440195184858, 48.873394717152806 ], [ 2.299440446383405, 48.873376726869282 ], [ 2.299385900864208, 48.873376395453853 ], [ 2.299386152082061, 48.873358405170485 ], [ 2.299249788337312, 48.873357576519538 ], [ 2.299250039603802, 48.873339586236639 ], [ 2.299140948651594, 48.873338923200215 ], [ 2.299140697345996, 48.873356913482688 ], [ 2.299031606358665, 48.873356250342646 ], [ 2.299031355013709, 48.873374240624656 ], [ 2.298976809501984, 48.873373909015726 ], [ 2.298976558137224, 48.873391899297474 ], [ 2.298922012606942, 48.873391567662523 ], [ 2.298921761222378, 48.873409557944001 ], [ 2.298894488447834, 48.873409392116756 ], [ 2.298894739842174, 48.873391401835377 ], [ 2.298867467077656, 48.87339123600178 ], [ 2.298867969885145, 48.873355255439066 ], [ 2.29884069714043, 48.873355089599229 ], [ 2.298841199966476, 48.873319109036487 ], [ 2.298813927241565, 48.873318943190405 ], [ 2.298814430086169, 48.873282962627655 ], [ 2.298787157381061, 48.873282796775335 ], [ 2.298787660244221, 48.873246816212557 ], [ 2.298760387558918, 48.873246650353984 ], [ 2.298760890440636, 48.873210669791185 ], [ 2.298733617775135, 48.87321050392638 ], [ 2.29873412067541, 48.873174523363559 ], [ 2.298706848029714, 48.873174357492516 ], [ 2.298707350948546, 48.873138376929674 ], [ 2.298652805697008, 48.873138045168659 ], [ 2.298652554218162, 48.873156035449895 ], [ 2.298598008948066, 48.873155703662874 ], [ 2.298597757449418, 48.873173693943841 ], [ 2.298570484804967, 48.873173528040553 ], [ 2.29857098782157, 48.873137547478748 ], [ 2.298543715196923, 48.873137381569215 ], [ 2.298544218232083, 48.873101401007403 ], [ 2.298516945627239, 48.873101235091625 ], [ 2.298517448680955, 48.873065254529777 ], [ 2.298490176095915, 48.87306508860776 ], [ 2.298490679168189, 48.873029108045905 ], [ 2.298463406602952, 48.873028942117649 ], [ 2.298463658148492, 48.87301095183674 ], [ 2.29854547581562, 48.873011449601847 ], [ 2.298545727331579, 48.872993459320561 ], [ 2.298600272424691, 48.872993791131513 ], [ 2.298600523920847, 48.872975800849964 ], [ 2.298573251383944, 48.872975634947821 ], [ 2.298573754395062, 48.872939654384751 ], [ 2.298546481877962, 48.872939488476369 ], [ 2.298546984907636, 48.872903507913286 ], [ 2.298519712410339, 48.872903341998665 ], [ 2.29851996393458, 48.872885351717137 ], [ 2.298465418960288, 48.872885019868747 ], [ 2.29846491587245, 48.872921000431305 ], [ 2.298492188379025, 48.872921166358942 ], [ 2.298491936844509, 48.872939156640243 ], [ 2.298437391812054, 48.872938824778331 ], [ 2.298437140257735, 48.872956815059368 ], [ 2.298382595206723, 48.872956483171436 ], [ 2.29838309835422, 48.872920502609716 ], [ 2.298355825848643, 48.872920336656286 ], [ 2.298355574265242, 48.872938326937067 ], [ 2.298328301750137, 48.872938160977085 ], [ 2.298327546969106, 48.872992131818776 ], [ 2.298354819513543, 48.872992297779078 ], [ 2.298354316344497, 48.873028278340115 ], [ 2.298381588908737, 48.873028444294171 ], [ 2.298381085758247, 48.873064424855194 ], [ 2.29840835834229, 48.873064590803018 ], [ 2.298407855210357, 48.873100571364027 ], [ 2.298435127814204, 48.873100737305599 ], [ 2.298434624700827, 48.873136717866572 ], [ 2.298461897324477, 48.873136883801912 ], [ 2.298461394229657, 48.873172864362886 ], [ 2.298488666873111, 48.873173030291973 ], [ 2.298488163796848, 48.873209010852918 ], [ 2.298515436460105, 48.873209176775759 ], [ 2.298514933402398, 48.873245157336683 ], [ 2.298542206085459, 48.873245323253293 ], [ 2.29854170304631, 48.87328130381421 ], [ 2.298568975749174, 48.873281469724567 ], [ 2.298568472728582, 48.873317450285448 ], [ 2.298595745451249, 48.873317616189574 ], [ 2.298595242449215, 48.873353596750434 ], [ 2.298567969706992, 48.873353430846102 ], [ 2.298567718195824, 48.873371421126336 ], [ 2.298513172692573, 48.873371089298104 ], [ 2.29851266963038, 48.87340706985799 ], [ 2.298594487944292, 48.873407567591293 ], [ 2.298594739446182, 48.873389577311066 ], [ 2.298649284970483, 48.873389909100808 ], [ 2.298649536452569, 48.873371918820311 ], [ 2.298676809205316, 48.873372084705402 ], [ 2.298676557733007, 48.873390074986006 ], [ 2.298703830495781, 48.873390240864751 ], [ 2.298704081958313, 48.873372250584055 ], [ 2.298758627465053, 48.873372582321977 ], [ 2.298758878907782, 48.873354592041011 ], [ 2.298813424395965, 48.873354923752935 ], [ 2.298813172972791, 48.873372914034114 ], [ 2.298840445727033, 48.873373079880508 ], [ 2.298839942899492, 48.873409060442903 ], [ 2.298867215673538, 48.873409226283059 ], [ 2.298866964269171, 48.873427216564266 ], [ 2.298812418701774, 48.873426884877304 ], [ 2.298812167277602, 48.873444875158263 ], [ 2.298757621691647, 48.873444543445281 ], [ 2.298757370247673, 48.87346253372597 ], [ 2.29870282464316, 48.873462201986989 ], [ 2.298702573179381, 48.873480192267408 ], [ 2.298648027556311, 48.873479860502428 ], [ 2.29864777607273, 48.873497850782577 ], [ 2.298593230431103, 48.873497518991577 ], [ 2.298592978927716, 48.873515509271449 ], [ 2.298538433267532, 48.873515177454451 ], [ 2.298538181744342, 48.873533167734074 ], [ 2.298429090387855, 48.873532504022236 ] ] ] } },
{ "type": "Feature", "properties": { "height": 20.0 }, "geometry": { "type": "Polygon", "coordinates": [ [ [ 2.297242944946447, 48.87253573119267 ], [ 2.297243448903717, 48.872499750637097 ], [ 2.297270721174196, 48.872499916852576 ], [ 2.297270973142679, 48.872481926574594 ], [ 2.297298245403631, 48.872482092783507 ], [ 2.29729748952676, 48.872536063617574 ], [ 2.297242944946447, 48.87253573119267 ] ] ] } },
{ "type": "Feature", "properties": { "height": 19.305221557617188 }, "geometry": { "type": "Polygon", "coordinates": [ [ [ 2.292744288476199, 48.87241826597289 ], [ 2.292744542066858, 48.872400275712167 ], [ 2.292799086447165, 48.872400610264251 ], [ 2.29279883287606, 48.872418600525179 ], [ 2.292744288476199, 48.87241826597289 ] ] ] } },
{ "type": "Feature", "properties": { "height": 19.305221557617188 }, "geometry": { "type": "Polygon", "coordinates": [ [ [ 2.292799086447165, 48.872400610264251 ], [ 2.292799340018018, 48.872382620003258 ], [ 2.292826612198772, 48.872382787269515 ], [ 2.292826358637695, 48.872400777530601 ], [ 2.292799086447165, 48.872400610264251 ] ] ] } },
{ "type": "Feature", "properties": { "height": 19.305221557617188 }, "geometry": { "type": "Polygon", "coordinates": [ [ [ 2.292853884379777, 48.872382954529328 ], [ 2.292854137930826, 48.872364964268058 ], [ 2.292881410102306, 48.872365131521313 ], [ 2.292881156561033, 48.872383121782683 ], [ 2.292853884379777, 48.872382954529328 ] ] ] } },
{ "type": "Feature", "properties": { "height": 18.158391952514648 }, "geometry": { "type": "Polygon", "coordinates": [ [ [ 2.295106355488464, 48.873188386432034 ], [ 2.295106608239077, 48.873170396164575 ], [ 2.29507933561684, 48.87317022943558 ], [ 2.295079841136868, 48.873134248900698 ], [ 2.295052568534436, 48.873134082165471 ], [ 2.295052821303852, 48.873116091898048 ], [ 2.295025548711447, 48.873115925156476 ], [ 2.295025801490389, 48.87309793488911 ], [ 2.294998528908012, 48.873097768141186 ], [ 2.29499878169648, 48.873079777873862 ], [ 2.294971509124131, 48.8730796111196 ], [ 2.294971761922126, 48.873061620852312 ], [ 2.294944489359803, 48.873061454091712 ], [ 2.294944742167325, 48.873043463824473 ], [ 2.294917469615031, 48.873043297057514 ], [ 2.294917722432078, 48.873025306790332 ], [ 2.294890449889812, 48.873025140017035 ], [ 2.294890702716386, 48.873007149749895 ], [ 2.294863430184146, 48.873006982970253 ], [ 2.294863683020246, 48.872988992703164 ], [ 2.294836410498035, 48.872988825917176 ], [ 2.294836663343661, 48.872970835650143 ], [ 2.294809390831477, 48.872970668857803 ], [ 2.294810402250586, 48.872898707789481 ], [ 2.294837674723663, 48.872898874581395 ], [ 2.294837927568036, 48.872880884314078 ], [ 2.294892472495388, 48.872881217878351 ], [ 2.294892725319956, 48.872863227610758 ], [ 2.294947270228756, 48.872863561149018 ], [ 2.294947523033521, 48.872845570881168 ], [ 2.29500206792377, 48.872845904393415 ], [ 2.29500232070873, 48.872827914125281 ], [ 2.295056865580428, 48.87282824761153 ], [ 2.295057118345583, 48.87281025734314 ], [ 2.295084390772031, 48.872810424076484 ], [ 2.295084138016652, 48.87282841434498 ], [ 2.295111410453126, 48.872828581071978 ], [ 2.29511090496117, 48.872864561609013 ], [ 2.295138177417449, 48.872864728329773 ], [ 2.295137419206966, 48.872918699135205 ], [ 2.295191964178937, 48.872919032558009 ], [ 2.295192216896462, 48.872901042289378 ], [ 2.295246761849882, 48.872901375686162 ], [ 2.295246509151911, 48.872919365955006 ], [ 2.295273781638774, 48.872919532643827 ], [ 2.295273276261634, 48.872955513181559 ], [ 2.295300548768301, 48.872955679864141 ], [ 2.295300043409714, 48.872991660401837 ], [ 2.295409133517102, 48.872992327068516 ], [ 2.295409386157412, 48.872974336799267 ], [ 2.295463931193054, 48.872974670093704 ], [ 2.295464183813561, 48.872956679824192 ], [ 2.295518728830651, 48.872957013092616 ], [ 2.295518981431354, 48.872939022822827 ], [ 2.295573526429892, 48.872939356065231 ], [ 2.29557377901079, 48.872921365795186 ], [ 2.295628323990775, 48.872921699011592 ], [ 2.295629081673306, 48.872867728200482 ], [ 2.295601809212518, 48.872867561595818 ], [ 2.295602314352507, 48.872831581055003 ], [ 2.295575041911524, 48.872831414444107 ], [ 2.295575547070066, 48.872795433903285 ], [ 2.295548274648887, 48.872795267286136 ], [ 2.29554877982598, 48.872759286745278 ], [ 2.295521507424605, 48.872759120121906 ], [ 2.295521760022553, 48.872741129851491 ], [ 2.295494487631206, 48.872740963221773 ], [ 2.295494235023481, 48.872758953492067 ], [ 2.295439690221983, 48.872758620213062 ], [ 2.295439437594454, 48.872776610483093 ], [ 2.295384892774404, 48.872776277178083 ], [ 2.295384640127071, 48.872794267447851 ], [ 2.295330095288469, 48.872793934116814 ], [ 2.295329842621332, 48.872811924386319 ], [ 2.29530257019263, 48.872811757711027 ], [ 2.295302822869544, 48.872793767441635 ], [ 2.295275550450869, 48.872793600759991 ], [ 2.295276308509439, 48.872739629951774 ], [ 2.295330853288378, 48.872739963307971 ], [ 2.295331105954514, 48.872721973038239 ], [ 2.2953856507149, 48.872722306368424 ], [ 2.295385903361231, 48.872704316098435 ], [ 2.295440448103067, 48.8727046494026 ], [ 2.295440700729594, 48.872686659132341 ], [ 2.295495245452877, 48.872686992410515 ], [ 2.295495498059601, 48.872669002139972 ], [ 2.295550042764332, 48.872669335392132 ], [ 2.295550295351251, 48.872651345121334 ], [ 2.295632112380896, 48.87265184495088 ], [ 2.295632364938235, 48.872633854679705 ], [ 2.295686909606363, 48.872634187866957 ], [ 2.295687162143897, 48.872616197595512 ], [ 2.295741706793474, 48.872616530756751 ], [ 2.295741959311204, 48.872598540485043 ], [ 2.295796503942228, 48.872598873620269 ], [ 2.295796756440155, 48.872580883348284 ], [ 2.295851301052626, 48.872581216457505 ], [ 2.295851553530749, 48.872563226185278 ], [ 2.295906098124668, 48.872563559268471 ], [ 2.295906350582988, 48.87254556899596 ], [ 2.295960895158354, 48.872545902053162 ], [ 2.29596114759687, 48.872527911780388 ], [ 2.296015692153684, 48.872528244811576 ], [ 2.296015944572396, 48.872510254538533 ], [ 2.296070489110658, 48.872510587543715 ], [ 2.296070741509566, 48.872492597270409 ], [ 2.296125286029275, 48.872492930249571 ], [ 2.29612553840838, 48.872474939976001 ], [ 2.296180082909536, 48.872475272929172 ], [ 2.296180335268837, 48.872457282655319 ], [ 2.296234879751441, 48.872457615582483 ], [ 2.296235132090939, 48.87243962530836 ], [ 2.296289676554989, 48.872439958209512 ], [ 2.296289928874684, 48.872421967935132 ], [ 2.296371745543305, 48.87242246723816 ], [ 2.29637199783342, 48.872404476963418 ], [ 2.296426542260865, 48.87240480979964 ], [ 2.296426794531176, 48.872386819524628 ], [ 2.296481338940068, 48.872387152334838 ], [ 2.296481591190576, 48.872369162059556 ], [ 2.296536135580914, 48.872369494843774 ], [ 2.296536387811619, 48.872351504568215 ], [ 2.296618204369672, 48.872352003695852 ], [ 2.296617952168297, 48.872369993971716 ], [ 2.296645224364592, 48.872370160334789 ], [ 2.296645476556189, 48.872352170058818 ], [ 2.296672748742957, 48.872352336415354 ], [ 2.29667325310585, 48.872316355863028 ], [ 2.296700525273315, 48.872316522212898 ], [ 2.29670077744461, 48.872298531936543 ], [ 2.296755321760735, 48.872298864616731 ], [ 2.296755573912227, 48.872280874340113 ], [ 2.2968101182098, 48.87228120699428 ], [ 2.296810370341488, 48.8722632167174 ], [ 2.296864914620507, 48.872263549345561 ], [ 2.296865166732393, 48.872245559068404 ], [ 2.296919710992858, 48.872245891670559 ], [ 2.296919963084941, 48.872227901393138 ], [ 2.296947235205771, 48.872228067684432 ], [ 2.296946983123465, 48.872246057961959 ], [ 2.296974255254323, 48.872246224246908 ], [ 2.296974003181543, 48.872264214524471 ], [ 2.297001275322427, 48.872264380803081 ], [ 2.297001023259174, 48.872282371080701 ], [ 2.297028295410085, 48.872282537352966 ], [ 2.297027791302383, 48.872318517908234 ], [ 2.297055063473096, 48.87231868417426 ], [ 2.297054811428647, 48.872336674451908 ], [ 2.297082083609387, 48.872336840711583 ], [ 2.297081579539292, 48.872372821266929 ], [ 2.297027035138957, 48.872372488740709 ], [ 2.297026783083982, 48.872390479018087 ], [ 2.296944966456022, 48.872389980180074 ], [ 2.296944714371466, 48.87240797045709 ], [ 2.296890169934522, 48.87240763786594 ], [ 2.296889917830164, 48.872425628142686 ], [ 2.296835373374666, 48.872425295525538 ], [ 2.296835121250505, 48.872443285802014 ], [ 2.296780576776453, 48.87244295315886 ], [ 2.296780324632489, 48.872460943435058 ], [ 2.296725780139884, 48.872460610765899 ], [ 2.296725527976116, 48.872478601041841 ], [ 2.296698255720412, 48.872478434697477 ], [ 2.296697751372573, 48.872514415248972 ], [ 2.296779568199095, 48.872514914263327 ], [ 2.29677982034381, 48.872496923987292 ], [ 2.296834364876521, 48.872497256631085 ], [ 2.296834617001433, 48.872479266354787 ], [ 2.29688916151559, 48.872479598972561 ], [ 2.296889413620698, 48.872461608695986 ], [ 2.296943958116302, 48.872461941287753 ], [ 2.296944210201607, 48.872443951010922 ], [ 2.296998754678657, 48.872444283576677 ], [ 2.296999006744158, 48.872426293299583 ], [ 2.297053551202655, 48.872426625839324 ], [ 2.297053299156707, 48.872444616116638 ], [ 2.297080571396106, 48.872444782376938 ], [ 2.297080319359685, 48.872462772654302 ], [ 2.297107591609111, 48.872462938908257 ], [ 2.297107339582217, 48.872480929185656 ], [ 2.29713461184167, 48.872481095433272 ], [ 2.297134359824302, 48.872499085710722 ], [ 2.297107087555073, 48.872498919463006 ], [ 2.297106583500035, 48.872534900017534 ], [ 2.297079311211502, 48.872534733763146 ], [ 2.297078807135912, 48.872570714317234 ], [ 2.297051534828075, 48.872570548056196 ], [ 2.297051030731931, 48.872606528609857 ], [ 2.296996486077901, 48.872606196068013 ], [ 2.296996234009901, 48.872624186344531 ], [ 2.296941689337316, 48.872623853776687 ], [ 2.296941437249513, 48.872641844052943 ], [ 2.296886892558374, 48.872641511459079 ], [ 2.296886640450767, 48.872659501735072 ], [ 2.296832095741075, 48.872659169115209 ], [ 2.296831843613664, 48.872677159390932 ], [ 2.296777298885417, 48.872676826745071 ], [ 2.296777046738204, 48.872694817020523 ], [ 2.296722501991403, 48.872694484348635 ], [ 2.296722249824386, 48.872712474623825 ], [ 2.296667705059032, 48.872712141925938 ], [ 2.296667452872211, 48.872730132200864 ], [ 2.296612908088303, 48.872729799476957 ], [ 2.296612655881678, 48.872747789751614 ], [ 2.296558111079217, 48.872747457001708 ], [ 2.296557858852788, 48.872765447276102 ], [ 2.296503314031773, 48.872765114500176 ], [ 2.296503061785542, 48.872783104774307 ], [ 2.296421244526564, 48.872782605561731 ], [ 2.296420992250751, 48.872800595835479 ], [ 2.296366447393129, 48.872800262994637 ], [ 2.296366195097513, 48.872818253268129 ], [ 2.2963389226593, 48.872818086837938 ], [ 2.296338418047763, 48.87285406738453 ], [ 2.296311145590247, 48.872853900947668 ], [ 2.296310893274326, 48.872871891220761 ], [ 2.296283620807283, 48.872871724777355 ], [ 2.29628387313298, 48.872853734504361 ], [ 2.296202055762682, 48.872853235135736 ], [ 2.296201803407654, 48.872871225408417 ], [ 2.296147258475819, 48.872870892463546 ], [ 2.296147006100987, 48.872888882735964 ], [ 2.296092461150599, 48.872888549765079 ], [ 2.296092208755963, 48.872906540037228 ], [ 2.296037663787021, 48.872906207040337 ], [ 2.296037411372581, 48.872924197312223 ], [ 2.295982866385087, 48.872923864289319 ], [ 2.295982613950843, 48.872941854560942 ], [ 2.295928068944796, 48.872941521512026 ], [ 2.295927816490747, 48.872959511783378 ], [ 2.295873271466148, 48.872959178708456 ], [ 2.295873018992295, 48.872977168979538 ], [ 2.295818473949142, 48.872976835878617 ], [ 2.295818221455486, 48.872994826149423 ], [ 2.29576367639378, 48.872994493022496 ], [ 2.295763423880319, 48.873012483293039 ], [ 2.295708878800061, 48.873012150140099 ], [ 2.295708626266796, 48.873030140410371 ], [ 2.295626808618955, 48.873029640632254 ], [ 2.295626556056108, 48.873047630902171 ], [ 2.295572010939245, 48.873047297684309 ], [ 2.295571758356595, 48.873065287953949 ], [ 2.295517213221179, 48.873064954710074 ], [ 2.295516960618724, 48.873082944979451 ], [ 2.295489688041616, 48.87308277834773 ], [ 2.2954891828164, 48.873118758886108 ], [ 2.295516455413063, 48.873118925518028 ], [ 2.295516202809857, 48.873136915787235 ], [ 2.295461657597226, 48.873136582516707 ], [ 2.295461404974216, 48.873154572785651 ], [ 2.295406859743033, 48.873154239489132 ], [ 2.295406607100219, 48.873172229757792 ], [ 2.295324789225992, 48.873171729764316 ], [ 2.295325294570035, 48.873135749227558 ], [ 2.295298021965348, 48.873135582550368 ], [ 2.295297769283675, 48.873153572818666 ], [ 2.295243224055498, 48.873153239444754 ], [ 2.29524297135402, 48.873171229712788 ], [ 2.295188426107291, 48.873170896312857 ], [ 2.295188173386009, 48.873188886580621 ], [ 2.295106355488464, 48.873188386432034 ] ] ] } },
{ "type": "Feature", "properties": { "height": 21.100284576416016 }, "geometry": { "type": "Polygon", "coordinates": [ [ [ 2.291369499059843, 48.873201464963948 ], [ 2.291369753150414, 48.873183474711027 ], [ 2.291342480543038, 48.873183307098181 ], [ 2.291342734643134, 48.873165316845302 ], [ 2.291288189448693, 48.873164981600475 ], [ 2.291288443568091, 48.873146991347753 ], [ 2.291261170981025, 48.873146823715771 ], [ 2.291261425109949, 48.873128833463092 ], [ 2.291206879956127, 48.873128498179987 ], [ 2.291207134104352, 48.873110507927471 ], [ 2.291179861537596, 48.873110340276348 ], [ 2.291180115695346, 48.873092350023875 ], [ 2.291125570582144, 48.873092014702493 ], [ 2.291125824759197, 48.873074024450183 ], [ 2.29109855221275, 48.873073856779918 ], [ 2.291098806399328, 48.873055866527643 ], [ 2.291044261326745, 48.873055531167992 ], [ 2.291044515532624, 48.873037540915874 ], [ 2.290989970480604, 48.873037205530615 ], [ 2.290990224705785, 48.873019215278653 ], [ 2.29096295218993, 48.873019047576456 ], [ 2.290963206424635, 48.873001057324544 ], [ 2.290908661413234, 48.873000721901022 ], [ 2.290908915667242, 48.872982731649266 ], [ 2.290881643171697, 48.872982563927927 ], [ 2.290881897435229, 48.872964573676214 ], [ 2.290827352464449, 48.872964238214415 ], [ 2.290827606747283, 48.872946247962851 ], [ 2.290800334272047, 48.872946080222391 ], [ 2.290800588564406, 48.872928089970877 ], [ 2.290746043634246, 48.872927754470794 ], [ 2.290746297945907, 48.872909764219429 ], [ 2.290719025490981, 48.87290959645982 ], [ 2.290719279812167, 48.872891606208505 ], [ 2.290664734922626, 48.872891270670152 ], [ 2.290664989263113, 48.872873280419 ], [ 2.290610444394134, 48.872872944855068 ], [ 2.290610698753923, 48.872854954604065 ], [ 2.290583426329589, 48.872854786812518 ], [ 2.290583680698902, 48.872836796561565 ], [ 2.290529135870544, 48.872836460959348 ], [ 2.290529390259159, 48.872818470708552 ], [ 2.290502117855135, 48.872818302897862 ], [ 2.290502372253274, 48.872800312647115 ], [ 2.290447827465536, 48.872799977006622 ], [ 2.290448081882977, 48.872781986756024 ], [ 2.290420809499263, 48.872781818926207 ], [ 2.290421063926229, 48.872763828675659 ], [ 2.290366519179111, 48.872763492996881 ], [ 2.290366773625379, 48.87274550274649 ], [ 2.290339501261974, 48.87274533489753 ], [ 2.290339755717766, 48.872727344647195 ], [ 2.290285211011269, 48.872727008930148 ], [ 2.290285465486362, 48.872709018679942 ], [ 2.290258193143268, 48.872708850811847 ], [ 2.290258447627886, 48.872690860561711 ], [ 2.290231175294821, 48.872690692687272 ], [ 2.290231429788963, 48.872672702437171 ], [ 2.290258702112251, 48.872672870311504 ], [ 2.290259211080224, 48.872636889810941 ], [ 2.29028648338421, 48.872637057678595 ], [ 2.290286228910126, 48.87265504792903 ], [ 2.290313501224142, 48.87265521579036 ], [ 2.290313755688449, 48.872637225539826 ], [ 2.29034102799294, 48.872637393394605 ], [ 2.290341536901244, 48.872601412893154 ], [ 2.290368809186434, 48.872601580741268 ], [ 2.29036906363043, 48.872583590490358 ], [ 2.290396335906096, 48.872583758331906 ], [ 2.290396590340064, 48.872565768080833 ], [ 2.290423862606205, 48.87256593591583 ], [ 2.290423608182014, 48.87258392616701 ], [ 2.290450880458183, 48.872584093995663 ], [ 2.290450626043516, 48.8726020842469 ], [ 2.290477898329715, 48.8726022520692 ], [ 2.290477643924573, 48.872620242320487 ], [ 2.29053218851728, 48.872620577945966 ], [ 2.290532442902868, 48.87260258769448 ], [ 2.290559715189823, 48.872602755497439 ], [ 2.290559969565384, 48.87258476524579 ], [ 2.290587241842814, 48.872584933042198 ], [ 2.290587496208345, 48.872566942790385 ], [ 2.290614768476252, 48.872567110580242 ], [ 2.290615022831754, 48.872549120328259 ], [ 2.290642295090136, 48.87254928811155 ], [ 2.290642549435609, 48.872531297859403 ], [ 2.290615277187004, 48.872531130076219 ], [ 2.290615531542002, 48.872513139824122 ], [ 2.290588259303426, 48.872512972034592 ], [ 2.290588513667949, 48.872494981782552 ], [ 2.290561241439402, 48.872494813986663 ], [ 2.290561750187244, 48.872458833482625 ], [ 2.290589022396238, 48.872459001278294 ], [ 2.290589276760004, 48.872441011026083 ], [ 2.290616548959473, 48.872441178815187 ], [ 2.290616803313211, 48.872423188562813 ], [ 2.290644075503156, 48.872423356345365 ], [ 2.290644329846864, 48.872405366092821 ], [ 2.290671602027285, 48.872405533868829 ], [ 2.290671856360965, 48.872387543616121 ], [ 2.290699128531861, 48.872387711385571 ], [ 2.290699637178911, 48.872351730879764 ], [ 2.290672365027569, 48.872351563110527 ], [ 2.290672619360492, 48.872333572857656 ], [ 2.290727163643877, 48.872333908389457 ], [ 2.290727672269862, 48.872297927883118 ], [ 2.290700400147597, 48.872297760120645 ], [ 2.290700908792126, 48.872261779614277 ], [ 2.290646364587458, 48.872261444070425 ], [ 2.290646110245767, 48.872279434323424 ], [ 2.290618838134034, 48.87227926654171 ], [ 2.290619346836718, 48.872243286035868 ], [ 2.290592074744791, 48.872243118247916 ], [ 2.290592329105532, 48.872225127995016 ], [ 2.290646873270086, 48.872225463564249 ], [ 2.290647127611021, 48.872207473311079 ], [ 2.29070167175703, 48.872207808854313 ], [ 2.29070192607816, 48.872189818600859 ], [ 2.290756470205625, 48.872190154118087 ], [ 2.290756215904048, 48.872208144371726 ], [ 2.290783487977934, 48.872208312120776 ], [ 2.290782979393576, 48.872244292628118 ], [ 2.290810251487268, 48.872244460370922 ], [ 2.290809742921455, 48.872280440878249 ], [ 2.290837015034952, 48.872280608614808 ], [ 2.290836506487683, 48.872316589122114 ], [ 2.290863778620985, 48.872316756852449 ], [ 2.290863270092262, 48.872352737359726 ], [ 2.290890542245369, 48.872352905083822 ], [ 2.290890033735191, 48.872388885591086 ], [ 2.290917305908104, 48.872389053308936 ], [ 2.29091679741647, 48.872425033816192 ], [ 2.290944069609187, 48.872425201527804 ], [ 2.290943561136099, 48.872461182035039 ], [ 2.290970833348622, 48.872461349740405 ], [ 2.29097007066643, 48.872515320501144 ], [ 2.290997342908535, 48.872515488200385 ], [ 2.290996834472033, 48.872551468707464 ], [ 2.291024106733944, 48.872551636400459 ], [ 2.291023598315987, 48.872587616907531 ], [ 2.291050870597703, 48.872587784594288 ], [ 2.291050362198292, 48.872623765101331 ], [ 2.291077634499813, 48.872623932781856 ], [ 2.291077126118947, 48.872659913288892 ], [ 2.291104398440274, 48.872660080963179 ], [ 2.291103890077955, 48.87269606147018 ], [ 2.291131162419086, 48.872696229138228 ], [ 2.291130654075312, 48.872732209645207 ], [ 2.29115792643625, 48.872732377307024 ], [ 2.291157418111022, 48.872768357813996 ], [ 2.291184690491765, 48.87276852546956 ], [ 2.291184182185083, 48.872804505976504 ], [ 2.291211454585631, 48.872804673625843 ], [ 2.291210946297495, 48.872840654132773 ], [ 2.291238218717849, 48.87284082177586 ], [ 2.291237710448259, 48.872876802282782 ], [ 2.291264982888418, 48.872876969919623 ], [ 2.291264474637374, 48.872912950426525 ], [ 2.291291747097339, 48.872913118057141 ], [ 2.291291238864841, 48.872949098564014 ], [ 2.291318511344612, 48.872949266188392 ], [ 2.291317749023307, 48.873003236948591 ], [ 2.29134502153266, 48.87300340456683 ], [ 2.291344513336751, 48.873039385073568 ], [ 2.29137178586591, 48.873039552685576 ], [ 2.291371277688547, 48.873075533192271 ], [ 2.291398550237512, 48.873075700798033 ], [ 2.291398042078696, 48.873111681304721 ], [ 2.291425314647467, 48.873111848904252 ], [ 2.29142429836592, 48.873183809917357 ], [ 2.291397025758041, 48.873183642317422 ], [ 2.291396771677247, 48.873201632570442 ], [ 2.291369499059843, 48.873201464963948 ] ] ] } },
{ "type": "Feature", "properties": { "height": 20.344810485839844 }, "geometry": { "type": "Polygon", "coordinates": [ [ [ 2.297630297493443, 48.872142271469116 ], [ 2.297630801165982, 48.8721062909081 ], [ 2.297603529107343, 48.872106124778774 ], [ 2.297604032798436, 48.87207014421773 ], [ 2.297576760759599, 48.87206997808218 ], [ 2.297577264469247, 48.8720339975211 ], [ 2.297604536488531, 48.872034163656458 ], [ 2.297604788333203, 48.872016173375741 ], [ 2.297659332352966, 48.872016505626881 ], [ 2.297659584177837, 48.871998515345901 ], [ 2.297714128179046, 48.871998847571028 ], [ 2.297714379984113, 48.871980857289778 ], [ 2.297768923966768, 48.871981189488899 ], [ 2.297769175752033, 48.871963199207386 ], [ 2.297850991698557, 48.871963697457396 ], [ 2.297850488186436, 48.871999678021005 ], [ 2.297877760188662, 48.871999844091654 ], [ 2.297877256695096, 48.872035824655242 ], [ 2.297904528717125, 48.872035990719652 ], [ 2.297904276979743, 48.872053981001457 ], [ 2.297877004947938, 48.872053814936955 ], [ 2.297876753200531, 48.872071805218617 ], [ 2.297822209118115, 48.872071473070029 ], [ 2.297821957350905, 48.872089463351415 ], [ 2.297767413249935, 48.872089131176836 ], [ 2.297767161462922, 48.872107121457958 ], [ 2.297712617343397, 48.872106789257359 ], [ 2.297712365536583, 48.872124779538218 ], [ 2.297657821398503, 48.87212444731162 ], [ 2.297657569571885, 48.872142437592196 ], [ 2.297630297493443, 48.872142271469116 ] ] ] } },
{ "type": "Feature", "properties": { "height": 19.0 }, "geometry": { "type": "Polygon", "coordinates": [ [ [ 2.298371675100146, 48.871786948851422 ], [ 2.298371926667587, 48.87176895856696 ], [ 2.29839919854746, 48.871769124513712 ], [ 2.298398946989796, 48.871787114798273 ], [ 2.298371675100146, 48.871786948851422 ] ] ] } },
{ "type": "Feature", "properties": { "height": 12.920963287353516 }, "geometry": { "type": "Polygon", "coordinates": [ [ [ 2.290655012054973, 48.871649775434221 ], [ 2.290655266387841, 48.871631785179211 ], [ 2.290682538147876, 48.871631952950672 ], [ 2.290682283824785, 48.871649943205789 ], [ 2.290655012054973, 48.871649775434221 ] ] ] } },
{ "type": "Feature", "properties": { "height": 28.0 }, "geometry": { "type": "Polygon", "coordinates": [ [ [ 2.298585574869271, 48.872094111086746 ], [ 2.298585826362738, 48.872076120802433 ], [ 2.298558554314921, 48.872075954899067 ], [ 2.298559057320662, 48.872039974330477 ], [ 2.298531785292647, 48.872039808420851 ], [ 2.298532288316944, 48.872003827852254 ], [ 2.298505016308731, 48.872003661936397 ], [ 2.298505519351584, 48.871967681367764 ], [ 2.298478247363173, 48.871967515445668 ], [ 2.298478750424581, 48.871931534877021 ], [ 2.298451478455973, 48.87193136894868 ], [ 2.298451981535936, 48.871895388380011 ], [ 2.298424709587129, 48.871895222445438 ], [ 2.298425212685649, 48.871859241876749 ], [ 2.298397940756644, 48.871859075935923 ], [ 2.298398443873719, 48.871823095367219 ], [ 2.298371171964516, 48.871822929420148 ], [ 2.298371423532456, 48.871804939135806 ], [ 2.298398695431882, 48.871805105082764 ], [ 2.298398946989796, 48.871787114798273 ], [ 2.298426218879695, 48.871787280738658 ], [ 2.298426470427583, 48.871769290454012 ], [ 2.298481014188576, 48.871769622315249 ], [ 2.298481265716662, 48.871751632030318 ], [ 2.298508537587757, 48.871751797951156 ], [ 2.298508789105817, 48.871733807666061 ], [ 2.298563332829201, 48.87173413948819 ], [ 2.29856358432746, 48.871716149202832 ], [ 2.298618128032289, 48.871716480998948 ], [ 2.298618882466911, 48.87166251014191 ], [ 2.29864615429037, 48.87166267602997 ], [ 2.298645902822189, 48.871680666315811 ], [ 2.298700446489408, 48.871680998072812 ], [ 2.298700949386417, 48.871645017500661 ], [ 2.298782764830458, 48.871645515087152 ], [ 2.29878301624926, 48.871627524800687 ], [ 2.298810288054662, 48.871627690649845 ], [ 2.298810036645636, 48.871645680936432 ], [ 2.298837308461064, 48.871645846779245 ], [ 2.29883554865934, 48.871771778784456 ], [ 2.298808276775477, 48.871771612940897 ], [ 2.298808025364458, 48.871789603227029 ], [ 2.298835297258096, 48.871789769070688 ], [ 2.298834794454862, 48.871825749642966 ], [ 2.298807522541671, 48.871825583799108 ], [ 2.298807271129904, 48.871843574085069 ], [ 2.298861814976088, 48.871843905766546 ], [ 2.298861563583624, 48.871861896052643 ], [ 2.298807019717887, 48.87186156437096 ], [ 2.298805259826795, 48.871987496370622 ], [ 2.298832531827973, 48.871987662215425 ], [ 2.298832029019257, 48.872023642786438 ], [ 2.298804756998526, 48.872023476941422 ], [ 2.298804254169259, 48.872059457512009 ], [ 2.298695166010615, 48.872058794066632 ], [ 2.298694914556501, 48.872076784351428 ], [ 2.298640370459122, 48.87207645258983 ], [ 2.298640118985206, 48.872094442874349 ], [ 2.298585574869271, 48.872094111086746 ] ] ] } },
{ "type": "Feature", "properties": { "height": 16.64691162109375 }, "geometry": { "type": "Polygon", "coordinates": [ [ [ 2.293352891558504, 48.871810275653665 ], [ 2.293353398292318, 48.871774295123622 ], [ 2.29332612643919, 48.871774127983485 ], [ 2.293326633191552, 48.871738147453428 ], [ 2.293299361358228, 48.87173798030706 ], [ 2.293299868129138, 48.871701999776988 ], [ 2.293272596315617, 48.871701832624368 ], [ 2.293273103105075, 48.871665852094274 ], [ 2.293245831311358, 48.871665684935422 ], [ 2.293246338119364, 48.871629704405308 ], [ 2.29321906634545, 48.871629537240217 ], [ 2.293219573172004, 48.871593556710096 ], [ 2.293274116680978, 48.871593891033399 ], [ 2.293274370074326, 48.871575900768043 ], [ 2.293465272295214, 48.871577070695743 ], [ 2.29346349901554, 48.871703002557226 ], [ 2.293436227200511, 48.871702835443315 ], [ 2.293434960515758, 48.87179278677069 ], [ 2.2934076886521, 48.871792619649788 ], [ 2.293407435304619, 48.871810609915002 ], [ 2.293352891558504, 48.871810275653665 ] ] ] } },
{ "type": "Feature", "properties": { "height": 19.153083801269531 }, "geometry": { "type": "Polygon", "coordinates": [ [ [ 2.29497656503642, 48.872719805763154 ], [ 2.294976817829403, 48.872701815494729 ], [ 2.294949545462618, 48.872701648736218 ], [ 2.294949798265128, 48.872683658467835 ], [ 2.294922525908371, 48.872683491702972 ], [ 2.294923031532192, 48.87264751116625 ], [ 2.294950303869395, 48.8726476779309 ], [ 2.29495080947266, 48.872611697393758 ], [ 2.294978081790561, 48.872611864151743 ], [ 2.29497858737327, 48.87257588361414 ], [ 2.295005859671868, 48.87257605036546 ], [ 2.295006112453069, 48.872558060096473 ], [ 2.29503338474214, 48.872558226841242 ], [ 2.295033890284239, 48.872522246302893 ], [ 2.295061162554008, 48.872522413041004 ], [ 2.295061668075551, 48.872486432502207 ], [ 2.295088940326016, 48.87248659923366 ], [ 2.295089445827004, 48.872450618694423 ], [ 2.295116718058167, 48.872450785419204 ], [ 2.295117223538599, 48.872414804879533 ], [ 2.295144495750459, 48.872414971597671 ], [ 2.295144748480523, 48.872396981327633 ], [ 2.295172020682857, 48.872397148039219 ], [ 2.29517252612268, 48.872361167498767 ], [ 2.295199798305711, 48.872361334203688 ], [ 2.295200303724978, 48.872325353662795 ], [ 2.295227575888706, 48.872325520361059 ], [ 2.295228081287418, 48.872289539819747 ], [ 2.295255353431844, 48.872289706511346 ], [ 2.295255858810001, 48.872253725969593 ], [ 2.295283130935124, 48.872253892654527 ], [ 2.295283383614051, 48.872235902383451 ], [ 2.295310655729648, 48.872236069061842 ], [ 2.295311161067195, 48.872200088519321 ], [ 2.29533843316349, 48.872200255191046 ], [ 2.295338938480483, 48.872164274648078 ], [ 2.295366210557475, 48.872164441313139 ], [ 2.295366715853913, 48.872128460769737 ], [ 2.295393987911603, 48.87212862742814 ], [ 2.295394493187487, 48.87209264688429 ], [ 2.295421765225873, 48.872092813536042 ], [ 2.295422270481202, 48.87205683299176 ], [ 2.295449542500287, 48.87205699963684 ], [ 2.295449795117799, 48.872039009364514 ], [ 2.295477067127357, 48.872039176003042 ], [ 2.295477572342078, 48.872003195457999 ], [ 2.295504844332334, 48.87200336208987 ], [ 2.2955053495265, 48.871967381544387 ], [ 2.295532621497453, 48.8719675481696 ], [ 2.295533126671065, 48.871931567623683 ], [ 2.295560398622716, 48.871931734242231 ], [ 2.295560903775773, 48.871895753695874 ], [ 2.295588175708122, 48.871895920307765 ], [ 2.295588428274499, 48.871877930034387 ], [ 2.295615700197322, 48.871878096639733 ], [ 2.295616205309772, 48.871842116092608 ], [ 2.295643477213292, 48.87184228269129 ], [ 2.295643982305188, 48.871806302143703 ], [ 2.295671254189406, 48.871806468735741 ], [ 2.295671759260748, 48.871770488187721 ], [ 2.295699031125664, 48.871770654773087 ], [ 2.295699536176452, 48.871734674224641 ], [ 2.295726808022065, 48.871734840803335 ], [ 2.295727060537307, 48.871716850528934 ], [ 2.295754332373395, 48.871717017101084 ], [ 2.295754837383576, 48.87168103655187 ], [ 2.295782109200362, 48.871681203117355 ], [ 2.295782614189989, 48.871645222567707 ], [ 2.295809885987472, 48.871645389126535 ], [ 2.295810390956547, 48.871609408576447 ], [ 2.295837662734727, 48.871609575128602 ], [ 2.295838167683248, 48.871573594578081 ], [ 2.295919982960634, 48.871574094195275 ], [ 2.295920235405191, 48.871556103919609 ], [ 2.295974778905147, 48.871556436965278 ], [ 2.295974526480143, 48.87157442724115 ], [ 2.296001798240273, 48.87157459375441 ], [ 2.296001545824795, 48.871592584030338 ], [ 2.296028817594951, 48.871592750537246 ], [ 2.296028565188999, 48.87161074081321 ], [ 2.296055836969182, 48.871610907313801 ], [ 2.296055584572755, 48.871628897589808 ], [ 2.296082856362965, 48.871629064084047 ], [ 2.296082603976065, 48.871647054360103 ], [ 2.2961098757763, 48.87164722084799 ], [ 2.296109623398927, 48.871665211124096 ], [ 2.296136895209188, 48.871665377605645 ], [ 2.296136642841341, 48.871683367881801 ], [ 2.296163914661628, 48.871683534357004 ], [ 2.296163662303307, 48.87170152463321 ], [ 2.296190934133622, 48.871701691102047 ], [ 2.296190681784826, 48.871719681378309 ], [ 2.296217953625167, 48.871719847840815 ], [ 2.296217701285898, 48.871737838117113 ], [ 2.296244973136265, 48.871738004573281 ], [ 2.296244720806522, 48.871755994849622 ], [ 2.296271992666916, 48.871756161299437 ], [ 2.296271740346699, 48.871774151575835 ], [ 2.296299012217119, 48.871774318019312 ], [ 2.296298759906429, 48.871792308295745 ], [ 2.296326031786875, 48.871792474732871 ], [ 2.29632577948571, 48.871810465009368 ], [ 2.296353051376184, 48.871810631440148 ], [ 2.296352799084545, 48.871828621716695 ], [ 2.296380070985045, 48.871828788141137 ], [ 2.29637956642057, 48.87186476869423 ], [ 2.296406838340872, 48.871864935112441 ], [ 2.296406586068036, 48.871882925389009 ], [ 2.296433857998365, 48.871883091800861 ], [ 2.296433605735056, 48.871901082077478 ], [ 2.296460877675411, 48.871901248482999 ], [ 2.296460625421628, 48.871919238759666 ], [ 2.29648789737201, 48.871919405158827 ], [ 2.296487645127752, 48.871937395435538 ], [ 2.29651491708816, 48.871937561828354 ], [ 2.29651466485343, 48.871955552105121 ], [ 2.296541936823864, 48.871955718491591 ], [ 2.29654168459866, 48.871973708768408 ], [ 2.296568956579121, 48.871973875148527 ], [ 2.296568704363443, 48.871991865425393 ], [ 2.296595976353931, 48.871992031799174 ], [ 2.296595724147779, 48.872010022076083 ], [ 2.296622996148293, 48.872010188443511 ], [ 2.296622743951668, 48.872028178720477 ], [ 2.296650015962208, 48.87202834508156 ], [ 2.29664976377511, 48.872046335358561 ], [ 2.296677035795677, 48.872046501713307 ], [ 2.296676783618104, 48.872064491990358 ], [ 2.296704055648697, 48.872064658338758 ], [ 2.296703803480652, 48.872082648615859 ], [ 2.296731075521271, 48.872082814957921 ], [ 2.296730823362752, 48.872100805235057 ], [ 2.296758095413398, 48.872100971570774 ], [ 2.296757843264406, 48.872118961847967 ], [ 2.296785115325078, 48.872119128177332 ], [ 2.296784863185612, 48.872137118454575 ], [ 2.296757591115164, 48.872136952125096 ], [ 2.296757086815929, 48.872172932679206 ], [ 2.296729814726177, 48.872172766343077 ], [ 2.296729562566409, 48.872190756619936 ], [ 2.296675018368101, 48.87219042392811 ], [ 2.29667476618853, 48.872208414204692 ], [ 2.29662022197167, 48.872208081486875 ], [ 2.296619969772295, 48.872226071763194 ], [ 2.296565425536882, 48.872225739019356 ], [ 2.296565173317703, 48.872243729295406 ], [ 2.296483356937129, 48.872243230130962 ], [ 2.296483104688372, 48.872261220406664 ], [ 2.296428560416353, 48.872260887597903 ], [ 2.296428308147792, 48.872278877873313 ], [ 2.29637376385722, 48.872278545038562 ], [ 2.296373511568856, 48.872296535313708 ], [ 2.296318967259731, 48.872296202452937 ], [ 2.296318714951564, 48.872314192727828 ], [ 2.296264170623886, 48.87231385984105 ], [ 2.296263918295915, 48.872331850115664 ], [ 2.296209373949685, 48.872331517202873 ], [ 2.29620912160191, 48.872349507477217 ], [ 2.296154577237127, 48.872349174538428 ], [ 2.29615432486955, 48.872367164812509 ], [ 2.296099780486214, 48.872366831847707 ], [ 2.296099528098834, 48.872384822121525 ], [ 2.296044983696945, 48.87238448913071 ], [ 2.296044731289761, 48.872402479404265 ], [ 2.29599018686932, 48.872402146387444 ], [ 2.295989934442332, 48.872420136660729 ], [ 2.295935390003339, 48.872419803617888 ], [ 2.295935137556548, 48.872437793890903 ], [ 2.295880593099003, 48.87243746082207 ], [ 2.295880340632408, 48.872455451094808 ], [ 2.29582579615631, 48.872455117999969 ], [ 2.295825543669912, 48.872473108272452 ], [ 2.295770999175261, 48.872472775151593 ], [ 2.295770746669059, 48.872490765423812 ], [ 2.295688929899632, 48.872490265693827 ], [ 2.295689182435164, 48.872472275421927 ], [ 2.295661910188965, 48.872472108832476 ], [ 2.295663172911754, 48.872382157472636 ], [ 2.295635900714689, 48.872381990877265 ], [ 2.295636153268272, 48.872364000605224 ], [ 2.295608881081234, 48.872363834003501 ], [ 2.295608628517874, 48.872381824275422 ], [ 2.295554084124996, 48.87238149105243 ], [ 2.295553831541832, 48.872399481324102 ], [ 2.295499287130402, 48.872399148075083 ], [ 2.295499034527434, 48.872417138346478 ], [ 2.295526306742801, 48.87241730497432 ], [ 2.295525801555669, 48.872453285517139 ], [ 2.295553073790839, 48.872453452138735 ], [ 2.295552568622258, 48.87248943268154 ], [ 2.295579840877232, 48.872489599296898 ], [ 2.295580093451871, 48.872471609025418 ], [ 2.295634637943017, 48.872471942236572 ], [ 2.295634385387931, 48.872489932508259 ], [ 2.295661657643656, 48.872490099104269 ], [ 2.295661405098097, 48.872508089376005 ], [ 2.295634132832595, 48.872507922779896 ], [ 2.295633880277009, 48.872525913051469 ], [ 2.295579335727203, 48.872525579839682 ], [ 2.295579083151813, 48.872543570110992 ], [ 2.295551810867509, 48.872543403495314 ], [ 2.295552063452676, 48.872525413224118 ], [ 2.295470246630596, 48.872524913338715 ], [ 2.295469994016099, 48.872542903609606 ], [ 2.295497266299653, 48.872543070244625 ], [ 2.295497013694682, 48.872561060515565 ], [ 2.295469741401353, 48.87256089388044 ], [ 2.295469488786355, 48.872578884151203 ], [ 2.295414944180894, 48.872578550861391 ], [ 2.295414691546092, 48.872596541131912 ], [ 2.295360146922079, 48.872596207816095 ], [ 2.295359894267473, 48.872614198086318 ], [ 2.295305349624909, 48.872613864744494 ], [ 2.295305096950499, 48.872631855014468 ], [ 2.295250552289382, 48.872631521646632 ], [ 2.295250299595169, 48.872649511916336 ], [ 2.295195754915501, 48.872649178522487 ], [ 2.295195502201484, 48.872667168791935 ], [ 2.295140957503264, 48.87266683537208 ], [ 2.295140704769442, 48.872684825641244 ], [ 2.295086160052671, 48.872684492195376 ], [ 2.295085907299045, 48.872702482464277 ], [ 2.295031362563723, 48.872702148992396 ], [ 2.295031109790294, 48.872720139261034 ], [ 2.29497656503642, 48.872719805763154 ] ] ] } },
{ "type": "Feature", "properties": { "height": 17.013927459716797 }, "geometry": { "type": "Polygon", "coordinates": [ [ [ 2.294185666217924, 48.872714967144617 ], [ 2.294185919294434, 48.87269697687924 ], [ 2.294104102216647, 48.872696476023215 ], [ 2.294104355322237, 48.872678485758094 ], [ 2.294022538276039, 48.87267798484433 ], [ 2.294022791410708, 48.872659994579472 ], [ 2.293940974396098, 48.872659493607983 ], [ 2.293941227559847, 48.872641503343381 ], [ 2.293832138249654, 48.872640835291513 ], [ 2.293832391452259, 48.872622845027266 ], [ 2.293777846818222, 48.872622510962856 ], [ 2.293779112925248, 48.872532559641833 ], [ 2.293806385193257, 48.872532726676745 ], [ 2.2938086640821, 48.872370814294349 ], [ 2.293835936262371, 48.872370981321865 ], [ 2.293838215042894, 48.872209068933884 ], [ 2.293865487135427, 48.872209235953996 ], [ 2.293867765807633, 48.872047323560409 ], [ 2.293895037812428, 48.872047490573124 ], [ 2.293897316376318, 48.871885578173952 ], [ 2.293924588293377, 48.87188574517927 ], [ 2.293926866748952, 48.871723832774492 ], [ 2.293954138578275, 48.871723999772428 ], [ 2.293956416925539, 48.871562087362058 ], [ 2.293983688667126, 48.871562254352582 ], [ 2.293983941805791, 48.871544264084378 ], [ 2.2943112026071, 48.871546267466435 ], [ 2.294310696564147, 48.871582248005332 ], [ 2.294337968318772, 48.871582414912126 ], [ 2.294337715306696, 48.871600405181582 ], [ 2.294364987071348, 48.871600572082023 ], [ 2.294364734068796, 48.871618562351543 ], [ 2.294528364720633, 48.871619563619412 ], [ 2.294529376494704, 48.87154760253852 ], [ 2.294665735182606, 48.871548436748959 ], [ 2.294665988076615, 48.871530446478054 ], [ 2.295211422695356, 48.87153378170531 ], [ 2.295211169996869, 48.871551771978297 ], [ 2.295238441740213, 48.871551938672049 ], [ 2.295237936362041, 48.871587919218072 ], [ 2.295210664599145, 48.871587752524121 ], [ 2.295210159200417, 48.871623733069704 ], [ 2.295182887418219, 48.871623566369095 ], [ 2.295182634708704, 48.871641556641691 ], [ 2.29515536291698, 48.871641389934524 ], [ 2.295154857477645, 48.871677370479361 ], [ 2.29512758566662, 48.871677203765522 ], [ 2.29512708020673, 48.871713184309904 ], [ 2.295099808376402, 48.871713017589414 ], [ 2.295099302895959, 48.871748998133363 ], [ 2.295072031046328, 48.871748831406215 ], [ 2.29507152554533, 48.871784811949716 ], [ 2.295044253676398, 48.871784645215904 ], [ 2.295044000915747, 48.87180263548747 ], [ 2.295016729037289, 48.871802468747106 ], [ 2.295016223495682, 48.871838449289847 ], [ 2.294988951597922, 48.871838282542825 ], [ 2.29498844603576, 48.871874263085132 ], [ 2.294961174118698, 48.871874096331453 ], [ 2.294960668535981, 48.871910076873313 ], [ 2.294933396599617, 48.871909910112969 ], [ 2.294932890996345, 48.871945890654395 ], [ 2.294905619040679, 48.871945723887386 ], [ 2.29490536622889, 48.8719637141579 ], [ 2.294878094263699, 48.871963547384347 ], [ 2.294877588619817, 48.871999527925006 ], [ 2.294850316635323, 48.871999361144788 ], [ 2.294849810970887, 48.872035341685006 ], [ 2.29482253896709, 48.87203517489813 ], [ 2.294822033282098, 48.872071155437908 ], [ 2.294794761259, 48.872070988644374 ], [ 2.294794255553452, 48.872106969183719 ], [ 2.294766983511051, 48.872106802383527 ], [ 2.294766477784949, 48.872142782922431 ], [ 2.294739205723245, 48.872142616115575 ], [ 2.294738952850041, 48.872160606384838 ], [ 2.294711680778812, 48.872160439571417 ], [ 2.294711175012099, 48.87219642010956 ], [ 2.294683902921567, 48.872196253289495 ], [ 2.294683397134299, 48.872232233827184 ], [ 2.294656125024465, 48.872232067000454 ], [ 2.294655619216641, 48.872268047537709 ], [ 2.294628347087504, 48.872267880704321 ], [ 2.294627841259124, 48.872303861241143 ], [ 2.294600569110686, 48.87230369440109 ], [ 2.294600316186343, 48.872321684669302 ], [ 2.294573044028378, 48.872321517822698 ], [ 2.294572538159387, 48.872357498358753 ], [ 2.294545265982121, 48.872357331505491 ], [ 2.294544760092573, 48.872393312041105 ], [ 2.294517487896004, 48.872393145181178 ], [ 2.2945169819859, 48.872429125716351 ], [ 2.294489709770029, 48.872428958849774 ], [ 2.294489203839369, 48.872464939384507 ], [ 2.294461931604194, 48.872464772511258 ], [ 2.294461678628712, 48.872482762778439 ], [ 2.294434406384012, 48.872482595898639 ], [ 2.294433900412741, 48.872518576432604 ], [ 2.294406628148737, 48.872518409546139 ], [ 2.29440612215691, 48.872554390079671 ], [ 2.294378849873604, 48.872554223186555 ], [ 2.294378343861221, 48.872590203719646 ], [ 2.294351071558612, 48.872590036819872 ], [ 2.294350565525672, 48.872626017352509 ], [ 2.294323293203761, 48.872625850446084 ], [ 2.294322787150263, 48.872661830978295 ], [ 2.29429551480905, 48.872661664065198 ], [ 2.294295261772148, 48.872679654331115 ], [ 2.294267989421408, 48.872679487411467 ], [ 2.294267483327299, 48.872715467942911 ], [ 2.294185666217924, 48.872714967144617 ] ] ] } },
{ "type": "Feature", "properties": { "height": 20.606723785400391 }, "geometry": { "type": "Polygon", "coordinates": [ [ [ 2.291535421046155, 48.873040558222122 ], [ 2.291535929105187, 48.873004577713914 ], [ 2.291508656594071, 48.873004410140815 ], [ 2.29150916467165, 48.872968429632593 ], [ 2.291481892180339, 48.87296826205327 ], [ 2.291482400276464, 48.872932281545026 ], [ 2.291455127804959, 48.872932113959457 ], [ 2.29145563591963, 48.872896133451192 ], [ 2.291428363467931, 48.872895965859385 ], [ 2.291428871601149, 48.872859985351113 ], [ 2.291401599169255, 48.872859817753067 ], [ 2.291402107321019, 48.872823837244766 ], [ 2.291374834908931, 48.872823669640482 ], [ 2.291375343079241, 48.872787689132174 ], [ 2.291348070686958, 48.872787521521644 ], [ 2.291348578875815, 48.872751541013315 ], [ 2.291321306503338, 48.872751373396547 ], [ 2.29132181471074, 48.872715392888196 ], [ 2.291294542358068, 48.872715225265196 ], [ 2.291295050584017, 48.872679244756824 ], [ 2.29126777825115, 48.872679077127579 ], [ 2.291268286495645, 48.8726430966192 ], [ 2.291241014182584, 48.872642928983716 ], [ 2.291241522445624, 48.872606948475301 ], [ 2.291214250152368, 48.872606780833586 ], [ 2.29121501257437, 48.872552810070857 ], [ 2.291187740310696, 48.87255264242301 ], [ 2.291188248610324, 48.872516661914446 ], [ 2.291160976366456, 48.872516494260367 ], [ 2.29116148468463, 48.872480513751782 ], [ 2.291134212460566, 48.87248034609145 ], [ 2.291134720797286, 48.872444365582858 ], [ 2.291107448593027, 48.872444197916288 ], [ 2.291107956948292, 48.872408217407674 ], [ 2.291080684763839, 48.872408049734865 ], [ 2.29108119313765, 48.87237206922623 ], [ 2.291053920973001, 48.87237190154719 ], [ 2.291054429365357, 48.872335921038534 ], [ 2.291027157220514, 48.872335753353255 ], [ 2.291027665631415, 48.872299772844578 ], [ 2.291000393506378, 48.87229960515306 ], [ 2.291000901935823, 48.872263624644368 ], [ 2.29097362983059, 48.872263456946612 ], [ 2.290974138278582, 48.872227476437892 ], [ 2.290946866193154, 48.872227308733898 ], [ 2.29094737465969, 48.872191328225171 ], [ 2.290920102594067, 48.872191160514937 ], [ 2.290920611079148, 48.872155180006196 ], [ 2.290893339033331, 48.872155012289717 ], [ 2.290893847536956, 48.872119031780954 ], [ 2.290866575510944, 48.872118864058244 ], [ 2.290867084033114, 48.872082883549453 ], [ 2.290839812026906, 48.872082715820504 ], [ 2.290840320567621, 48.872046735311706 ], [ 2.290813048581219, 48.872046567576511 ], [ 2.290813557140479, 48.872010587067692 ], [ 2.29078628517388, 48.872010419326259 ], [ 2.290786539462909, 48.871992429071881 ], [ 2.290759267506339, 48.871992261324102 ], [ 2.290759776103192, 48.871956280815361 ], [ 2.290732504166427, 48.871956113061337 ], [ 2.290732758474252, 48.871938122806995 ], [ 2.290705486547516, 48.87193795504664 ], [ 2.290705995181961, 48.871901974537977 ], [ 2.29067872327503, 48.871901806771383 ], [ 2.290678977601651, 48.871883816517069 ], [ 2.290651705704748, 48.871883648744138 ], [ 2.290652214376787, 48.871847668235553 ], [ 2.290624942499688, 48.871847500456376 ], [ 2.290625196845105, 48.871829510202105 ], [ 2.290597924978035, 48.871829342416582 ], [ 2.290598433687667, 48.871793361908075 ], [ 2.290571161840401, 48.871793194116307 ], [ 2.290571416204615, 48.871775203862079 ], [ 2.290544144367378, 48.871775036063966 ], [ 2.290544398741115, 48.871757045809794 ], [ 2.290517126913907, 48.871756878005343 ], [ 2.290517635680179, 48.871720897497006 ], [ 2.290490363872775, 48.871720729686331 ], [ 2.29049087265759, 48.87168474917798 ], [ 2.290545416233545, 48.871685084792475 ], [ 2.290545670606022, 48.871667094538005 ], [ 2.290600214163434, 48.871667430126493 ], [ 2.290600468516106, 48.871649439871753 ], [ 2.290655012054973, 48.871649775434221 ], [ 2.290654503388481, 48.871685755944071 ], [ 2.290681775177845, 48.871685923715845 ], [ 2.290681266529897, 48.87172190422568 ], [ 2.290708538339066, 48.871722071991215 ], [ 2.290708029709662, 48.871758052501022 ], [ 2.290735301538635, 48.871758220260325 ], [ 2.290734792927775, 48.871794200770118 ], [ 2.290762064776553, 48.871794368523183 ], [ 2.290761556184237, 48.871830349032962 ], [ 2.29078882805282, 48.871830516779788 ], [ 2.290788319479048, 48.871866497289538 ], [ 2.290761047590913, 48.871866329542506 ], [ 2.290760793293873, 48.871884319797189 ], [ 2.290815337089948, 48.871884655285015 ], [ 2.290815591367435, 48.871866665030119 ], [ 2.290842863256075, 48.871866832764255 ], [ 2.290843371790741, 48.871830852254085 ], [ 2.29089791552967, 48.871831187702576 ], [ 2.290898169777073, 48.871813197447182 ], [ 2.290870897917258, 48.871813029726269 ], [ 2.29087140643086, 48.871777049215524 ], [ 2.290816862751092, 48.871776713754763 ], [ 2.29081737130279, 48.871740733244224 ], [ 2.290790099482837, 48.871740565504375 ], [ 2.290790862337823, 48.871686594738463 ], [ 2.29076359054745, 48.871686426992483 ], [ 2.290764099135733, 48.871650446481794 ], [ 2.290736827365165, 48.871650278729575 ], [ 2.290737335971991, 48.871614298218852 ], [ 2.290764607723007, 48.871614465970865 ], [ 2.290764862016267, 48.871596475715307 ], [ 2.290792133757758, 48.871596643460755 ], [ 2.290792642323967, 48.871560662949278 ], [ 2.290874457491297, 48.8715611661463 ], [ 2.290873948983745, 48.871597146658409 ], [ 2.290901220726244, 48.871597314378057 ], [ 2.290901474970371, 48.871579324121932 ], [ 2.290956018436574, 48.871579659541666 ], [ 2.290957035332349, 48.871507698515721 ], [ 2.291011578721351, 48.871508033908817 ], [ 2.291011832925113, 48.871490043651967 ], [ 2.291066376295571, 48.871490379019065 ], [ 2.291066630479528, 48.871472388761951 ], [ 2.291121173831442, 48.871472724103029 ], [ 2.291120665502379, 48.871508704617625 ], [ 2.291147937198266, 48.87150887227871 ], [ 2.291147428887748, 48.871544852793264 ], [ 2.291174700603439, 48.87154502044811 ], [ 2.291174192311466, 48.871581000962649 ], [ 2.291201464046961, 48.871581168611257 ], [ 2.291200955773533, 48.87161714912579 ], [ 2.291228227528832, 48.871617316768152 ], [ 2.291227719273948, 48.87165329728267 ], [ 2.291254991049052, 48.871653464918786 ], [ 2.291254482812712, 48.871689445433283 ], [ 2.291281754607621, 48.871689613063161 ], [ 2.291281246389826, 48.871725593577644 ], [ 2.291308518204539, 48.871725761201283 ], [ 2.291308010005289, 48.871761741715751 ], [ 2.291335281839806, 48.871761909333159 ], [ 2.291334519568372, 48.871815880104727 ], [ 2.291361791432469, 48.871816047716003 ], [ 2.291361283269806, 48.871852028230307 ], [ 2.291388555153708, 48.871852195835338 ], [ 2.291388047009591, 48.871888176349621 ], [ 2.291415318913297, 48.87188834394842 ], [ 2.291414810787725, 48.871924324462697 ], [ 2.291442082711236, 48.87192449205525 ], [ 2.291441574604208, 48.871960472569498 ], [ 2.291468846547524, 48.871960640155812 ], [ 2.291468338459043, 48.871996620670046 ], [ 2.291495610422163, 48.871996788250122 ], [ 2.291495102352227, 48.872032768764342 ], [ 2.291522374335151, 48.872032936338179 ], [ 2.291521866283761, 48.872068916852385 ], [ 2.29154913828649, 48.872069084419984 ], [ 2.291548630253645, 48.872105064934168 ], [ 2.291575902276179, 48.872105232495528 ], [ 2.29157539426188, 48.872141213009684 ], [ 2.291602666304219, 48.87214138056482 ], [ 2.291602158308465, 48.872177361078947 ], [ 2.291629430370609, 48.872177528627837 ], [ 2.29162866840442, 48.872231499398929 ], [ 2.291655940496145, 48.872231666941687 ], [ 2.29165543253698, 48.872267647455672 ], [ 2.291682704648509, 48.872267814992185 ], [ 2.291682196707891, 48.872303795506141 ], [ 2.291709468839225, 48.87230396303643 ], [ 2.291708960917152, 48.872339943550372 ], [ 2.291736233068291, 48.872340111074415 ], [ 2.291735725164765, 48.872376091588343 ], [ 2.291762997335709, 48.872376259106147 ], [ 2.291762489450728, 48.872412239620061 ], [ 2.291789761641477, 48.872412407131613 ], [ 2.291789253775044, 48.872448387645512 ], [ 2.291816525985597, 48.872448555150832 ], [ 2.29181601813771, 48.872484535664704 ], [ 2.291843290368069, 48.872484703163785 ], [ 2.291842782538728, 48.872520683677635 ], [ 2.291870054788891, 48.872520851170478 ], [ 2.291869546978097, 48.872556831684328 ], [ 2.291896819248066, 48.872556999170925 ], [ 2.291896311455818, 48.872592979684747 ], [ 2.291923583745592, 48.872593147165119 ], [ 2.291922822084664, 48.872647117935728 ], [ 2.29195009440402, 48.872647285409968 ], [ 2.291949586648362, 48.872683265923619 ], [ 2.291976858987523, 48.872683433391622 ], [ 2.291976351250413, 48.872719413905273 ], [ 2.292003623609379, 48.872719581367022 ], [ 2.292003115890815, 48.872755561880652 ], [ 2.292030388269587, 48.872755729336163 ], [ 2.29202988056957, 48.872791709849771 ], [ 2.292057152968147, 48.872791877299044 ], [ 2.292056899127538, 48.872809867555873 ], [ 2.292002354311083, 48.872809532650649 ], [ 2.292002100450668, 48.872827522907208 ], [ 2.291974828033041, 48.872827355444826 ], [ 2.291974574162599, 48.872845345701208 ], [ 2.291947301735447, 48.872845178232275 ], [ 2.291947047854975, 48.872863168488493 ], [ 2.291919775418298, 48.872863001013002 ], [ 2.291919521527798, 48.872880991269071 ], [ 2.291892249081596, 48.872880823787007 ], [ 2.291891995181067, 48.872898814042927 ], [ 2.291837450269863, 48.872898479059252 ], [ 2.29183719634953, 48.872916469314887 ], [ 2.291809923884529, 48.87291630181327 ], [ 2.291809669954166, 48.872934292068749 ], [ 2.29178239747964, 48.872934124560587 ], [ 2.291782143539249, 48.872952114815895 ], [ 2.291754871055197, 48.872951947301168 ], [ 2.291754617104778, 48.872969937556313 ], [ 2.291700072117876, 48.872969602507304 ], [ 2.291699818147651, 48.872987592762179 ], [ 2.291672545644801, 48.872987425227898 ], [ 2.291672291664546, 48.873005415482623 ], [ 2.291645019152171, 48.873005247941784 ], [ 2.291644765161888, 48.873023238196325 ], [ 2.291617492639988, 48.873023070648934 ], [ 2.291617238639677, 48.873041060903326 ], [ 2.291535421046155, 48.873040558222122 ] ] ] } },
{ "type": "Feature", "properties": { "height": 15.755550384521484 }, "geometry": { "type": "Polygon", "coordinates": [ [ [ 2.293236962008606, 48.8722953441752 ], [ 2.293237468834195, 48.8722593636491 ], [ 2.293210196718109, 48.872259196480329 ], [ 2.293210703562246, 48.872223215954222 ], [ 2.293183431465963, 48.872223048779198 ], [ 2.293183938328649, 48.872187068253069 ], [ 2.293156666252171, 48.872186901071821 ], [ 2.293157173133405, 48.872150920545671 ], [ 2.293129901076731, 48.872150753358177 ], [ 2.293130407976512, 48.872114772832006 ], [ 2.293103135939643, 48.872114605638274 ], [ 2.293103642857973, 48.872078625112074 ], [ 2.293076370840907, 48.872078457912103 ], [ 2.293076877777785, 48.872042477385904 ], [ 2.293049605780523, 48.872042310179694 ], [ 2.293050112735949, 48.872006329653466 ], [ 2.293022840758491, 48.872006162441018 ], [ 2.293023347732464, 48.871970181914762 ], [ 2.29299607577481, 48.871970014696082 ], [ 2.292996582767332, 48.871934034169819 ], [ 2.292969310829482, 48.871933866944886 ], [ 2.292969817840551, 48.871897886418608 ], [ 2.292942545922505, 48.871897719187437 ], [ 2.292943052952122, 48.871861738661138 ], [ 2.29291578105388, 48.871861571423729 ], [ 2.292916541625749, 48.871807600634163 ], [ 2.292889269757088, 48.871807433390629 ], [ 2.292889776823296, 48.871771452864166 ], [ 2.292862504974439, 48.871771285614379 ], [ 2.292863265601195, 48.871717314824579 ], [ 2.292835993781918, 48.871717147568674 ], [ 2.292836500884718, 48.87168116704207 ], [ 2.292809229085245, 48.871680999779912 ], [ 2.292809482646044, 48.871663009516624 ], [ 2.292782210856598, 48.871662842248135 ], [ 2.292782717996996, 48.871626861721602 ], [ 2.292755446227353, 48.87162669444686 ], [ 2.292755953386297, 48.871590713920305 ], [ 2.292728681636459, 48.871590546639339 ], [ 2.292729188813949, 48.871554566112771 ], [ 2.292756460544236, 48.871554733393538 ], [ 2.292756714122828, 48.871536743130065 ], [ 2.292811257564602, 48.871537077672031 ], [ 2.292811511123391, 48.871519087408288 ], [ 2.292866054546618, 48.871519421924241 ], [ 2.292866308085604, 48.871501431660228 ], [ 2.292920851490284, 48.871501766150175 ], [ 2.292921105009466, 48.871483775885899 ], [ 2.292948376702407, 48.871483943121092 ], [ 2.292948123193001, 48.871501933385474 ], [ 2.29297539489597, 48.871502100614329 ], [ 2.292974887895957, 48.871538081143136 ], [ 2.293002159618729, 48.871538248365766 ], [ 2.293001652637264, 48.871574228894545 ], [ 2.29302892437984, 48.871574396110923 ], [ 2.293028417416922, 48.871610376639687 ], [ 2.293055689179301, 48.871610543849812 ], [ 2.293055182234931, 48.871646524378576 ], [ 2.293082454017113, 48.87164669158247 ], [ 2.293081693628002, 48.871700662375488 ], [ 2.293108965439764, 48.871700829573243 ], [ 2.293108458531986, 48.871736810101844 ], [ 2.293135730363553, 48.871736977293374 ], [ 2.293135223474323, 48.871772957821939 ], [ 2.293162495325692, 48.87177312500723 ], [ 2.293161988455009, 48.871809105535789 ], [ 2.293189260326184, 48.871809272714835 ], [ 2.293188753474049, 48.871845253243379 ], [ 2.293216025365027, 48.871845420416179 ], [ 2.29321551853144, 48.871881400944709 ], [ 2.293242790442221, 48.87188156811127 ], [ 2.293242283627182, 48.871917548639779 ], [ 2.293269555557768, 48.871917715800095 ], [ 2.293269048761276, 48.871953696328582 ], [ 2.293296320711666, 48.871953863482666 ], [ 2.293295813933722, 48.871989844011139 ], [ 2.293323085903916, 48.871990011158985 ], [ 2.293322579144521, 48.872025991687423 ], [ 2.293349851134519, 48.872026158829037 ], [ 2.293349091022872, 48.872080129621587 ], [ 2.293376363042449, 48.872080296757062 ], [ 2.293374589508251, 48.872206228605101 ], [ 2.293347317420237, 48.872206061468887 ], [ 2.293346303927493, 48.872278022523211 ], [ 2.293264487547641, 48.872277521074622 ], [ 2.293264234144498, 48.872295511337732 ], [ 2.293236962008606, 48.8722953441752 ] ] ] } },
{ "type": "Feature", "properties": { "height": 19.305221557617188 }, "geometry": { "type": "Polygon", "coordinates": [ [ [ 2.292468268519585, 48.872650466194919 ], [ 2.29246877590272, 48.872614485677019 ], [ 2.292441503598138, 48.872614318325539 ], [ 2.292442264700284, 48.872560347548564 ], [ 2.292414992425284, 48.872560180190966 ], [ 2.292415499845011, 48.87252419967291 ], [ 2.292388227589815, 48.872524032309059 ], [ 2.292388735028089, 48.872488051790995 ], [ 2.292361462792698, 48.872487884420906 ], [ 2.29236197024952, 48.872451903902821 ], [ 2.292334698033934, 48.872451736526493 ], [ 2.292335205509302, 48.87241575600838 ], [ 2.292307933313521, 48.872415588625813 ], [ 2.292308440807437, 48.872379608107693 ], [ 2.292281168631461, 48.872379440718881 ], [ 2.292281676143924, 48.872343460200732 ], [ 2.292254403987752, 48.872343292805688 ], [ 2.292254911518762, 48.872307312287518 ], [ 2.292227639382395, 48.872307144886243 ], [ 2.292228146931952, 48.872271164368065 ], [ 2.29220087481539, 48.872270996960523 ], [ 2.292201382383493, 48.872235016442332 ], [ 2.292174110286735, 48.87223484902858 ], [ 2.292174617873386, 48.872198868510345 ], [ 2.292147345796432, 48.872198701090355 ], [ 2.292148107203851, 48.872144730312911 ], [ 2.292120835156478, 48.872144562886774 ], [ 2.29212134277972, 48.872108582368398 ], [ 2.292094070752152, 48.872108414936029 ], [ 2.292094578393939, 48.872072434417625 ], [ 2.292067306386175, 48.872072266979018 ], [ 2.292067814046509, 48.872036286460613 ], [ 2.292040542058551, 48.872036119015753 ], [ 2.292041049737431, 48.872000138497327 ], [ 2.292013777769276, 48.871999971046236 ], [ 2.292014285466703, 48.871963990527796 ], [ 2.291987013518352, 48.871963823070466 ], [ 2.291987521234325, 48.871927842551997 ], [ 2.291960249305779, 48.871927675088436 ], [ 2.291960757040298, 48.871891694569946 ], [ 2.291933485131557, 48.871891527100146 ], [ 2.291933992884622, 48.871855546581628 ], [ 2.291906720995685, 48.87185537910559 ], [ 2.291907228767295, 48.871819398587064 ], [ 2.291879956898163, 48.87181923110478 ], [ 2.291880464688319, 48.87178325058624 ], [ 2.291853192838991, 48.871783083097711 ], [ 2.291853700647694, 48.87174710257915 ], [ 2.291826428818169, 48.871746935084403 ], [ 2.291827190558664, 48.87169296430644 ], [ 2.291799918758721, 48.871692796805554 ], [ 2.291800426604011, 48.871656816286844 ], [ 2.291827698384402, 48.871656983787517 ], [ 2.291827952296894, 48.871638993527966 ], [ 2.29188249583888, 48.871639328509758 ], [ 2.291882749731567, 48.871621338249952 ], [ 2.291937293255007, 48.871621673205752 ], [ 2.29193754712789, 48.871603682945661 ], [ 2.291992090632784, 48.871604017875448 ], [ 2.291992344485864, 48.871586027615102 ], [ 2.292046887972212, 48.871586362518876 ], [ 2.292047141805488, 48.87156837225826 ], [ 2.29210168527329, 48.871568707136014 ], [ 2.292101939086761, 48.871550716875127 ], [ 2.292183754261024, 48.871551219143093 ], [ 2.292184008044915, 48.871533228881823 ], [ 2.292238551476129, 48.871533563694676 ], [ 2.292238805240217, 48.871515573433136 ], [ 2.292293348652884, 48.871515908219983 ], [ 2.292293602397168, 48.87149791795818 ], [ 2.292348145791289, 48.871498252719014 ], [ 2.292348399515769, 48.871480262456949 ], [ 2.292402942891344, 48.87148059719177 ], [ 2.292403196596021, 48.871462606929434 ], [ 2.29248501163194, 48.871463108982979 ], [ 2.292484504280993, 48.871499089508227 ], [ 2.292511775979688, 48.871499256846725 ], [ 2.292511268647287, 48.871535237371944 ], [ 2.292538540365786, 48.871535404704204 ], [ 2.292538033051931, 48.871571385229409 ], [ 2.292565304790234, 48.87157155255543 ], [ 2.292564797494926, 48.871607533080621 ], [ 2.292592069253032, 48.871607700400403 ], [ 2.292591561976271, 48.871643680925565 ], [ 2.292618833754181, 48.871643848239103 ], [ 2.292618326495966, 48.871679828764258 ], [ 2.292645598293681, 48.871679996071556 ], [ 2.292645091054013, 48.87171597659669 ], [ 2.292672362871531, 48.871716143897757 ], [ 2.29267185565041, 48.871752124422876 ], [ 2.292699127487732, 48.871752291717691 ], [ 2.292698366683494, 48.871806262505253 ], [ 2.292725638550396, 48.871806429793935 ], [ 2.292725131365867, 48.871842410318898 ], [ 2.292752403252573, 48.871842577601356 ], [ 2.292751896086591, 48.871878558126291 ], [ 2.292779167993101, 48.871878725402496 ], [ 2.292778660845666, 48.871914705927423 ], [ 2.29280593277198, 48.871914873197397 ], [ 2.292805425643092, 48.871950853722304 ], [ 2.29283269758921, 48.871951020986025 ], [ 2.29283219047887, 48.871987001510909 ], [ 2.292859462444792, 48.871987168768406 ], [ 2.292858955352999, 48.87202314929327 ], [ 2.292886227338725, 48.872023316544528 ], [ 2.29288572026548, 48.872059297069377 ], [ 2.292912992271011, 48.87205946431439 ], [ 2.292912485216313, 48.872095444839218 ], [ 2.292939757241648, 48.872095612078006 ], [ 2.292939250205497, 48.87213159260282 ], [ 2.292966522250636, 48.872131759835348 ], [ 2.292966015233034, 48.872167740360133 ], [ 2.292993287297977, 48.872167907586437 ], [ 2.292992526799019, 48.872221878373509 ], [ 2.293019798893543, 48.872222045593674 ], [ 2.293019291912533, 48.87225802611831 ], [ 2.293046564026862, 48.872258193332236 ], [ 2.293046057064401, 48.872294173856851 ], [ 2.293073329198533, 48.872294341064546 ], [ 2.29307282225462, 48.872330321589132 ], [ 2.293100094408558, 48.872330488790574 ], [ 2.293099587483193, 48.872366469315153 ], [ 2.293126859656934, 48.872366636510371 ], [ 2.293126352750118, 48.872402617034936 ], [ 2.293153624943664, 48.872402784223908 ], [ 2.293153118055395, 48.872438764748445 ], [ 2.293180390268746, 48.872438931931171 ], [ 2.293179883399026, 48.872474912455694 ], [ 2.293207155632181, 48.872475079632181 ], [ 2.293206648781009, 48.87251106015669 ], [ 2.293233921033969, 48.872511227326932 ], [ 2.293232907367718, 48.872583188375685 ], [ 2.293014729038222, 48.872581850829725 ], [ 2.293014475542817, 48.872599841090924 ], [ 2.292823569449263, 48.872598670398858 ], [ 2.29282331588517, 48.872616660659261 ], [ 2.292796043577319, 48.872616493391632 ], [ 2.292796297151189, 48.872598503131336 ], [ 2.292769024853367, 48.872598335857361 ], [ 2.292769532019905, 48.87256235533679 ], [ 2.292742259741887, 48.872562188056577 ], [ 2.292743020519139, 48.87250821727563 ], [ 2.292715748270703, 48.872508049989278 ], [ 2.292716001872395, 48.872490059728953 ], [ 2.29266145739583, 48.872489725137122 ], [ 2.292661203774585, 48.872507715397241 ], [ 2.292606659279472, 48.872507380779403 ], [ 2.292605898355569, 48.87256135155878 ], [ 2.29263317063233, 48.872561518871244 ], [ 2.292632409735494, 48.872615489650428 ], [ 2.292659682041837, 48.872615656956746 ], [ 2.292659428418832, 48.87263364721646 ], [ 2.292604883786845, 48.872633312597152 ], [ 2.292604630144036, 48.872651302856603 ], [ 2.292468268519585, 48.872650466194919 ] ] ] } },
{ "type": "Feature", "properties": { "height": 19.832752227783203 }, "geometry": { "type": "Polygon", "coordinates": [ [ [ 2.298236573734756, 48.871696167600206 ], [ 2.298237076964657, 48.871660187031708 ], [ 2.298209805144938, 48.871660021046893 ], [ 2.298210056769291, 48.871642030762665 ], [ 2.298182784959597, 48.871641864771519 ], [ 2.298183288227107, 48.871605884203092 ], [ 2.298156016437215, 48.871605718205686 ], [ 2.298156268080373, 48.871587727921508 ], [ 2.298183539860488, 48.871587893918793 ], [ 2.298183791493619, 48.871569903634445 ], [ 2.298238335035046, 48.871570235609468 ], [ 2.298238586648376, 48.871552245324857 ], [ 2.298265858409687, 48.871552411302602 ], [ 2.298266110012991, 48.871534421017799 ], [ 2.298293381764775, 48.871534586988993 ], [ 2.298293633358053, 48.871516596704048 ], [ 2.298348176842818, 48.871516928626853 ], [ 2.298348428416295, 48.871498938341652 ], [ 2.298375700149276, 48.871499104293278 ], [ 2.298375951712726, 48.871481114007899 ], [ 2.298430495159883, 48.871481445891611 ], [ 2.298430746703532, 48.871463455605962 ], [ 2.298458018417707, 48.871463621538034 ], [ 2.298458269951332, 48.871445631252236 ], [ 2.298512813360879, 48.871445963096811 ], [ 2.298512310332487, 48.871481943668769 ], [ 2.298539582057187, 48.871482109581592 ], [ 2.298539330552392, 48.871500099867596 ], [ 2.298566602287119, 48.871500265774074 ], [ 2.298566099296335, 48.87153624634611 ], [ 2.298593371050862, 48.871536412246336 ], [ 2.298592868078634, 48.871572392818358 ], [ 2.298538324530724, 48.871572061011015 ], [ 2.298538073024683, 48.871590051296728 ], [ 2.298510801241326, 48.87158988538328 ], [ 2.29851054972526, 48.871607875668829 ], [ 2.298456006139741, 48.871607543822364 ], [ 2.298455754603874, 48.87162553410765 ], [ 2.298428482801711, 48.871625368174641 ], [ 2.298428231255818, 48.871643358459764 ], [ 2.29837368763269, 48.871643026574183 ], [ 2.298373436066995, 48.871661016859044 ], [ 2.298346164246028, 48.871660850906473 ], [ 2.298345912670308, 48.871678841191169 ], [ 2.29829136900957, 48.871678509266481 ], [ 2.298291117414048, 48.8716964995509 ], [ 2.298236573734756, 48.871696167600206 ] ] ] } },
{ "type": "Feature", "properties": { "height": 17.004924774169922 }, "geometry": { "type": "Polygon", "coordinates": [ [ [ 2.296976271827562, 48.872102302024281 ], [ 2.296976523898093, 48.872084311746185 ], [ 2.296949251855224, 48.872084145462182 ], [ 2.296949503935282, 48.872066155184136 ], [ 2.296922231902439, 48.872065988893787 ], [ 2.296922483992023, 48.872047998615805 ], [ 2.296895211969207, 48.872047832319097 ], [ 2.296895464068317, 48.872029842041151 ], [ 2.296868192055528, 48.872029675738112 ], [ 2.296868444164164, 48.872011685460215 ], [ 2.296841172161401, 48.872011519150817 ], [ 2.296841424279565, 48.871993528872963 ], [ 2.296814152286828, 48.871993362557227 ], [ 2.296814404414518, 48.871975372279437 ], [ 2.296787132431807, 48.871975205957355 ], [ 2.296787384569023, 48.8719572156796 ], [ 2.296760112596339, 48.871957049351167 ], [ 2.296760364743082, 48.871939059073469 ], [ 2.296733092780424, 48.871938892738697 ], [ 2.296733344936694, 48.871920902461042 ], [ 2.296706072984062, 48.871920736119918 ], [ 2.296706325149858, 48.871902745842299 ], [ 2.296679053207253, 48.871902579494851 ], [ 2.296679305382575, 48.871884589217288 ], [ 2.296652033449996, 48.871884422863481 ], [ 2.296652285634845, 48.871866432585961 ], [ 2.296625013712292, 48.871866266225815 ], [ 2.296625265906667, 48.871848275948345 ], [ 2.296597993994141, 48.871848109581848 ], [ 2.296598498401694, 48.871812129026949 ], [ 2.29657122650897, 48.871811962654206 ], [ 2.296571478722148, 48.871793972376778 ], [ 2.296544206839451, 48.871793805997697 ], [ 2.296544459062155, 48.871775815720312 ], [ 2.296517187189484, 48.871775649334879 ], [ 2.296517439421714, 48.871757659057543 ], [ 2.29649016755907, 48.871757492665765 ], [ 2.296490419800826, 48.871739502388493 ], [ 2.296463147948208, 48.87173933599037 ], [ 2.296463400199491, 48.871721345713134 ], [ 2.296436128356899, 48.871721179308658 ], [ 2.296436380617708, 48.871703189031479 ], [ 2.296409108785143, 48.871703022620679 ], [ 2.296409361055478, 48.871685032343521 ], [ 2.296382089232939, 48.871684865926369 ], [ 2.2963823415128, 48.871666875649261 ], [ 2.296355069700287, 48.871666709225764 ], [ 2.296355321989675, 48.871648718948713 ], [ 2.296328050187188, 48.871648552518877 ], [ 2.296328302486102, 48.871630562241869 ], [ 2.296301030693642, 48.871630395805688 ], [ 2.296301535310272, 48.871594415251707 ], [ 2.296328807083179, 48.871594581687688 ], [ 2.296329059381343, 48.871576591410502 ], [ 2.296356331144725, 48.871576757839925 ], [ 2.296356583432862, 48.871558767562576 ], [ 2.296383855186717, 48.871558933985455 ], [ 2.296384107464828, 48.871540943707949 ], [ 2.296411379209158, 48.871541110124248 ], [ 2.296413145080499, 48.871415178179376 ], [ 2.296494960109689, 48.871415677387418 ], [ 2.29649294220464, 48.871559599612397 ], [ 2.296602029226563, 48.871560265136175 ], [ 2.296601777026412, 48.871578255414462 ], [ 2.296683592324808, 48.871578754489882 ], [ 2.296683340153735, 48.871596744768418 ], [ 2.296792427260867, 48.871597410112429 ], [ 2.296792175128649, 48.871615400391335 ], [ 2.296819446915833, 48.871615566711313 ], [ 2.296819194793142, 48.871633556990275 ], [ 2.296846466590352, 48.871633723303916 ], [ 2.296846718703268, 48.871615733024861 ], [ 2.296873990490951, 48.871615899331943 ], [ 2.296873738387812, 48.871633889611104 ], [ 2.296928281983482, 48.87163422220614 ], [ 2.296928029899646, 48.871652212485451 ], [ 2.296955301707632, 48.871652378773405 ], [ 2.296955049633322, 48.871670369052751 ], [ 2.296982321451334, 48.871670535334353 ], [ 2.29698206938655, 48.871688525613777 ], [ 2.297009341214588, 48.871688691889027 ], [ 2.297009089159331, 48.871706682168472 ], [ 2.297036360997395, 48.871706848437391 ], [ 2.297036108951664, 48.871724838716887 ], [ 2.297063380799754, 48.87172500497946 ], [ 2.29706312876355, 48.871742995259005 ], [ 2.297090400621667, 48.871743161515226 ], [ 2.297089896568062, 48.871779142074359 ], [ 2.29711716844598, 48.871779308324335 ], [ 2.297116916428579, 48.871797298603923 ], [ 2.297144188316524, 48.87179746484756 ], [ 2.297143936308649, 48.871815455127191 ], [ 2.297225752003313, 48.871815953819713 ], [ 2.297225500024517, 48.871833944099613 ], [ 2.297280043841761, 48.871834276529256 ], [ 2.297280295801004, 48.87181628624915 ], [ 2.297334839599694, 48.871816618652787 ], [ 2.297335091539134, 48.871798628372424 ], [ 2.297444179100407, 48.871799293101887 ], [ 2.297444431000492, 48.871781302821041 ], [ 2.297471702881658, 48.87178146898718 ], [ 2.297471954771718, 48.871763478706178 ], [ 2.297553770387384, 48.871763977165571 ], [ 2.297554022247865, 48.8717459868842 ], [ 2.297608565973338, 48.871746319158007 ], [ 2.297608817814016, 48.871728328876358 ], [ 2.297663361520936, 48.871728661124159 ], [ 2.297663613341812, 48.871710670842262 ], [ 2.297718157030177, 48.87171100306405 ], [ 2.297717905228854, 48.871728993346167 ], [ 2.297799720792602, 48.871729491630788 ], [ 2.297799972564597, 48.871711501348372 ], [ 2.297854516255458, 48.871711833505657 ], [ 2.297854768007651, 48.871693843222964 ], [ 2.297827496171872, 48.871693677147647 ], [ 2.297827747933592, 48.871675686864997 ], [ 2.297800476107838, 48.871675520783327 ], [ 2.297800979650081, 48.871639540218062 ], [ 2.297746436038429, 48.871639208035809 ], [ 2.297746184247879, 48.87165719831826 ], [ 2.297664368802944, 48.871656699996187 ], [ 2.297664620622821, 48.871638709714055 ], [ 2.297637348818118, 48.871638543593896 ], [ 2.297637600647523, 48.871620553311814 ], [ 2.297528513470311, 48.871619888767128 ], [ 2.297528765338571, 48.871601898485395 ], [ 2.297474221771016, 48.871601566174562 ], [ 2.297473969883204, 48.871619556456075 ], [ 2.297446698090024, 48.871619390290888 ], [ 2.297446446192186, 48.871637380572245 ], [ 2.29741917438948, 48.871637214400494 ], [ 2.297418922481616, 48.871655204681701 ], [ 2.297391650669383, 48.871655038503398 ], [ 2.297391398751493, 48.871673028784429 ], [ 2.297364126929735, 48.87167286259956 ], [ 2.297363875001818, 48.871690852880448 ], [ 2.297309331339497, 48.871690520491171 ], [ 2.297309079391779, 48.871708510771768 ], [ 2.297281807551216, 48.871708344567359 ], [ 2.297282059508711, 48.871690354286862 ], [ 2.297254787678175, 48.871690188076094 ], [ 2.297255039645196, 48.871672197795647 ], [ 2.297227767824686, 48.871672031578534 ], [ 2.297228019801233, 48.871654041298129 ], [ 2.297200747990749, 48.871653875074678 ], [ 2.297200999976823, 48.871635884794316 ], [ 2.297173728176365, 48.871635718564534 ], [ 2.297173980171965, 48.871617728284214 ], [ 2.297146708381533, 48.87161756204808 ], [ 2.29714696038666, 48.87159957176781 ], [ 2.297119688606254, 48.87159940552533 ], [ 2.297122460753702, 48.871401512439782 ], [ 2.297558807549566, 48.871404171527175 ], [ 2.297556540838942, 48.871566084067297 ], [ 2.297583812603791, 48.871566250206378 ], [ 2.297584064451749, 48.871548259924268 ], [ 2.297611336207072, 48.871548426056798 ], [ 2.297611588045005, 48.871530435774524 ], [ 2.297638859790801, 48.871530601900488 ], [ 2.297639111618708, 48.871512611618058 ], [ 2.297666383354978, 48.871512777737479 ], [ 2.297666635172859, 48.871494787454878 ], [ 2.297693906899601, 48.871494953567755 ], [ 2.297694158707457, 48.871476963284998 ], [ 2.297748702142139, 48.871477295491168 ], [ 2.297748953930193, 48.871459305208141 ], [ 2.297776225638132, 48.871459471301442 ], [ 2.29777647741616, 48.871441481018259 ], [ 2.297803749114573, 48.871441647105016 ], [ 2.297803497346321, 48.871459637388313 ], [ 2.29783076905476, 48.871459803468717 ], [ 2.297830265537061, 48.871495784035339 ], [ 2.297857537265302, 48.871495950109498 ], [ 2.297857285515854, 48.871513940392823 ], [ 2.29788455725412, 48.871514106460651 ], [ 2.297884053774029, 48.871550087027344 ], [ 2.297911325532097, 48.871550253088927 ], [ 2.297911073801453, 48.871568243372302 ], [ 2.297938345569547, 48.871568409427539 ], [ 2.297937842127062, 48.871604389994303 ], [ 2.297965113914958, 48.871604556043295 ], [ 2.297964862203119, 48.871622546326698 ], [ 2.29799213400104, 48.871622712369359 ], [ 2.297991630596164, 48.871658692936194 ], [ 2.298018902413888, 48.871658858972602 ], [ 2.298018650720851, 48.871676849256048 ], [ 2.298045922548601, 48.87167701528611 ], [ 2.298045419181332, 48.871712995853024 ], [ 2.298072691028884, 48.871713161876855 ], [ 2.29807193600544, 48.871767132727108 ], [ 2.298017392251928, 48.87176680067239 ], [ 2.298017140557396, 48.871784790955481 ], [ 2.29796259678533, 48.871784458874743 ], [ 2.297962345070995, 48.871802449157563 ], [ 2.297907801280374, 48.871802117050834 ], [ 2.297907549546236, 48.871820107333392 ], [ 2.297853005737061, 48.871819775200628 ], [ 2.297852753983122, 48.871837765482937 ], [ 2.297798210155392, 48.871837433324181 ], [ 2.29779795838165, 48.871855423606206 ], [ 2.297743414535366, 48.871855091421438 ], [ 2.297743162741822, 48.871873081703207 ], [ 2.297688618876983, 48.871872749492425 ], [ 2.297688367063637, 48.871890739773924 ], [ 2.297633823180244, 48.871890407537137 ], [ 2.297633571347096, 48.871908397818373 ], [ 2.297579027445148, 48.871908065555573 ], [ 2.297578775592197, 48.871926055836539 ], [ 2.297524231671696, 48.87192572354774 ], [ 2.297523979798942, 48.871943713828429 ], [ 2.297469435859887, 48.871943381513624 ], [ 2.297469183967331, 48.871961371794065 ], [ 2.297414640009722, 48.871961039453247 ], [ 2.297414388097363, 48.87197902973341 ], [ 2.297359844121199, 48.871978697366586 ], [ 2.297359592189038, 48.87199668764648 ], [ 2.297277776197336, 48.871996189047564 ], [ 2.297277524235596, 48.872014179327081 ], [ 2.297222980222824, 48.872013846895349 ], [ 2.297222728241281, 48.872031837174603 ], [ 2.297168184209956, 48.872031504716858 ], [ 2.29716793220861, 48.872049494995856 ], [ 2.29711338815873, 48.872049162512099 ], [ 2.297113136137582, 48.872067152790819 ], [ 2.297058592069149, 48.872066820281056 ], [ 2.297058340028197, 48.872084810559514 ], [ 2.297003795941211, 48.872084478023744 ], [ 2.297003543880457, 48.872102468301946 ], [ 2.296976271827562, 48.872102302024281 ] ] ] } }
]
}
