{
"type": "FeatureCollection",
"name": "building",
"crs": { "type": "name", "properties": { "name": "urn:ogc:def:crs:OGC:1.3:CRS84" } },
"features": [
{ "type": "Feature", "properties": { "height": 15.656753540039062 }, "geometry": { "type": "Polygon", "coordinates": [ [ [ 11.572388785686442, 48.14178137860317 ], [ 11.572387886980874, 48.14176340283116 ], [ 11.572334171222661, 48.141764605811517 ], [ 11.572333272536691, 48.141746630038675 ], [ 11.572279556793674, 48.141747832993211 ], [ 11.572278658127297, 48.141729857219545 ], [ 11.572224942399476, 48.141731060148231 ], [ 11.572224043752698, 48.141713084373748 ], [ 11.57217032804007, 48.141714287276599 ], [ 11.572169429412888, 48.141696311501299 ], [ 11.572115713715458, 48.141697514378315 ], [ 11.572114815107872, 48.141679538602183 ], [ 11.572034241583198, 48.14168134286956 ], [ 11.572036038743102, 48.141717294424026 ], [ 11.57200918088107, 48.141717895834688 ], [ 11.572010079452985, 48.141735871612205 ], [ 11.57195636370756, 48.141737074415488 ], [ 11.571955465154364, 48.141719098637239 ], [ 11.571874891557702, 48.141720902794006 ], [ 11.571873993033458, 48.141702927014535 ], [ 11.571820277316666, 48.14170412975362 ], [ 11.571819378812018, 48.141686153973339 ], [ 11.571765663110423, 48.141687356686582 ], [ 11.571764764625371, 48.141669380905469 ], [ 11.571711048938973, 48.141670583592877 ], [ 11.571710150473516, 48.14165260781094 ], [ 11.571656434802312, 48.141653810472512 ], [ 11.571655536356452, 48.141635834689765 ], [ 11.571601820700447, 48.141637037325502 ], [ 11.571600922274181, 48.141619061541917 ], [ 11.571520348811648, 48.141620865447372 ], [ 11.571519450414335, 48.141602889662593 ], [ 11.571465734786964, 48.141604092234118 ], [ 11.571464836409247, 48.141586116448501 ], [ 11.57141112079707, 48.141587318994198 ], [ 11.571410222438951, 48.14156934320777 ], [ 11.571356506841971, 48.141570545727618 ], [ 11.571355608503445, 48.14155256994038 ], [ 11.571301892921664, 48.141553772434399 ], [ 11.571300994602735, 48.141535796646323 ], [ 11.57124727903615, 48.141536999114507 ], [ 11.571246380736815, 48.141519023325614 ], [ 11.571192665185427, 48.141520225767962 ], [ 11.57119176690569, 48.141502249978245 ], [ 11.57111119360008, 48.141504053593607 ], [ 11.571110295349296, 48.141486077802696 ], [ 11.571056579826541, 48.141487280180826 ], [ 11.571055681595354, 48.141469304389076 ], [ 11.571001966087795, 48.141470506741385 ], [ 11.571001067876201, 48.141452530948818 ], [ 11.570947352383842, 48.141453733275291 ], [ 11.570946454191844, 48.141435757481901 ], [ 11.570892738714681, 48.141436959782538 ], [ 11.570891840542277, 48.141418983988316 ], [ 11.570838125080313, 48.141420186263119 ], [ 11.570837226927505, 48.141402210468087 ], [ 11.570756653756034, 48.141404013832116 ], [ 11.570755755632179, 48.14138603803589 ], [ 11.570702040198849, 48.141387240246473 ], [ 11.57070114209459, 48.141369264449416 ], [ 11.570647426676459, 48.141370466634172 ], [ 11.570646528591794, 48.141352490836297 ], [ 11.570592813188858, 48.141353692995203 ], [ 11.57059191512379, 48.141335717196505 ], [ 11.570538199736053, 48.141336919329582 ], [ 11.57053730169058, 48.141318943530059 ], [ 11.570483586318041, 48.141320145637302 ], [ 11.570482688292161, 48.141302169836955 ], [ 11.57042897293482, 48.141303371918376 ], [ 11.570428074928538, 48.141285396117205 ], [ 11.57045493259829, 48.141284795080004 ], [ 11.570451340544521, 48.141212891876151 ], [ 11.570478198175964, 48.141212290834183 ], [ 11.570477300155362, 48.141194315033431 ], [ 11.570504157776568, 48.141193713985579 ], [ 11.570503259747488, 48.141175738185126 ], [ 11.570610690186081, 48.141173333932528 ], [ 11.57060979212045, 48.14115535813351 ], [ 11.570717222507543, 48.141152953782097 ], [ 11.570716324405359, 48.141134977984521 ], [ 11.570823754740946, 48.1411325735343 ], [ 11.570822856602215, 48.141114597738152 ], [ 11.57095714445512, 48.141111592036189 ], [ 11.570956246270477, 48.141093616241854 ], [ 11.571063676499536, 48.141091211568913 ], [ 11.571062778278343, 48.141073235776034 ], [ 11.571170208455896, 48.141070831004278 ], [ 11.571169310198153, 48.141052855212834 ], [ 11.571276740324203, 48.141050450342277 ], [ 11.571275842029905, 48.141032474552269 ], [ 11.571383272104448, 48.141030069582875 ], [ 11.571385068768782, 48.141066021159808 ], [ 11.571411926303933, 48.141065419901032 ], [ 11.571413722990499, 48.141101371476935 ], [ 11.571440580543488, 48.141100770211139 ], [ 11.571443275608008, 48.141154697573327 ], [ 11.571470133188189, 48.141154096300141 ], [ 11.571471929920987, 48.141190047873827 ], [ 11.571498787519003, 48.141189446593607 ], [ 11.571500584274032, 48.141225398166263 ], [ 11.571527441889884, 48.141224796879023 ], [ 11.571530137057103, 48.141278724236372 ], [ 11.571556994700147, 48.141278122941728 ], [ 11.57155879150141, 48.141314074512188 ], [ 11.571585649162289, 48.141313473210509 ], [ 11.571588344398853, 48.141367400564562 ], [ 11.571615202086926, 48.141366799255501 ], [ 11.571616998934417, 48.141402750823758 ], [ 11.571590141227627, 48.141403352133594 ], [ 11.571591938059919, 48.141439303702342 ], [ 11.571618795785426, 48.14143870239176 ], [ 11.571619694212252, 48.141456678175651 ], [ 11.571673409679338, 48.141455475534912 ], [ 11.571674308125758, 48.141473451317985 ], [ 11.571728023608042, 48.141472248651418 ], [ 11.571728922074058, 48.141490224433653 ], [ 11.571782637571539, 48.141489021741258 ], [ 11.571783536057151, 48.141506997522676 ], [ 11.571837251569825, 48.141505794804431 ], [ 11.571838150075033, 48.141523770585032 ], [ 11.571918723365522, 48.141521966459521 ], [ 11.571919621899681, 48.141539942238907 ], [ 11.571973337440992, 48.141538739456465 ], [ 11.571974235994748, 48.141556715235026 ], [ 11.572027951551251, 48.141555512426756 ], [ 11.572028850124603, 48.141573488204493 ], [ 11.572082565696304, 48.14157228537038 ], [ 11.572083464289252, 48.141590261147314 ], [ 11.572137179876147, 48.141589058287352 ], [ 11.572138078488692, 48.141607034063455 ], [ 11.572191794090783, 48.141605831177671 ], [ 11.572192692722924, 48.141623806952936 ], [ 11.572273266147532, 48.141622002576092 ], [ 11.572274164808627, 48.141639978350177 ], [ 11.572327880439349, 48.141638775400168 ], [ 11.572328779120038, 48.141656751173436 ], [ 11.572382494765957, 48.141655548197583 ], [ 11.572383393466243, 48.14167352397002 ], [ 11.572437109127355, 48.141672320968354 ], [ 11.572438007847236, 48.141690296739952 ], [ 11.572464865685831, 48.141689695229331 ], [ 11.572466663146949, 48.141725646771583 ], [ 11.57243980528964, 48.141726248282971 ], [ 11.572441602735566, 48.141762199825713 ], [ 11.57241474485866, 48.141762801331566 ], [ 11.572415643573585, 48.1417807771032 ], [ 11.572388785686442, 48.14178137860317 ] ] ] } },
{ "type": "Feature", "properties": { "height": 4.7137603759765625 }, "geometry": { "type": "Polygon", "coordinates": [ [ [ 11.572456673370427, 48.140988038597825 ], [ 11.572455774666155, 48.140970062824273 ], [ 11.572428917202751, 48.140970664326083 ], [ 11.572426221123289, 48.140916737003863 ], [ 11.572453078558619, 48.140916135503197 ], [ 11.572451281157997, 48.140880183955467 ], [ 11.572585568227868, 48.140877176361826 ], [ 11.572587365722066, 48.140913127905783 ], [ 11.572614223152117, 48.140912526367487 ], [ 11.572616020668551, 48.140948477910428 ], [ 11.572589163219785, 48.14094907944947 ], [ 11.572590960721026, 48.140985030992866 ], [ 11.572456673370427, 48.140988038597825 ] ] ] } },
{ "type": "Feature", "properties": { "height": 16.369064331054688 }, "geometry": { "type": "Polygon", "coordinates": [ [ [ 11.582049449474717, 48.141402652704308 ], [ 11.582046743278086, 48.141348725794288 ], [ 11.582019885819797, 48.141349329540724 ], [ 11.582017179659191, 48.141295402628955 ], [ 11.581990322228089, 48.141296006367988 ], [ 11.581987616103508, 48.141242079454464 ], [ 11.581960758699594, 48.141242683186086 ], [ 11.581958052611032, 48.141188756270807 ], [ 11.58193119523431, 48.141189359995025 ], [ 11.581928489181772, 48.141135433077963 ], [ 11.581901631832237, 48.141136036794784 ], [ 11.581898023811982, 48.141064134236238 ], [ 11.581871166498996, 48.141064737945257 ], [ 11.581868460521154, 48.141010811024486 ], [ 11.581841603235352, 48.141011414726108 ], [ 11.581838897293531, 48.140957487803583 ], [ 11.58181204003492, 48.140958091497801 ], [ 11.581809334129122, 48.140904164573513 ], [ 11.5817824768977, 48.140904768260327 ], [ 11.581779771027923, 48.14085084133427 ], [ 11.581833485433741, 48.140849633956641 ], [ 11.581832583460201, 48.14083165831525 ], [ 11.581913155034233, 48.140829847202916 ], [ 11.581912253033504, 48.140811871562583 ], [ 11.58196596739306, 48.140810664123777 ], [ 11.581965065374501, 48.140792688484126 ], [ 11.582045636879139, 48.140790877280018 ], [ 11.582047440973284, 48.140826828556968 ], [ 11.582074298158446, 48.140826224808968 ], [ 11.582076102274838, 48.140862176084887 ], [ 11.58210295947783, 48.140861572329861 ], [ 11.582103861546708, 48.14087954796733 ], [ 11.582130718758174, 48.14087894420566 ], [ 11.582132522917298, 48.140914895479632 ], [ 11.582159380146594, 48.140914291710928 ], [ 11.582161184327965, 48.140950242983884 ], [ 11.582188041575094, 48.140949639208152 ], [ 11.582189845778714, 48.140985590480071 ], [ 11.582216703043672, 48.140984986697312 ], [ 11.582217605156165, 48.141002962332784 ], [ 11.582244462429598, 48.141002358543375 ], [ 11.582246266675947, 48.141038309813354 ], [ 11.582273123967211, 48.141037706016917 ], [ 11.58227492823581, 48.141073657285887 ], [ 11.582301785544905, 48.14107305348243 ], [ 11.582303589835753, 48.141109004750348 ], [ 11.582330447162679, 48.141108400939849 ], [ 11.582331349318785, 48.141126376573339 ], [ 11.582358206654183, 48.14112577275619 ], [ 11.58235730448872, 48.141107797123098 ], [ 11.582384161813881, 48.141107193300073 ], [ 11.582383259639943, 48.141089217667286 ], [ 11.582436974268894, 48.141088010003173 ], [ 11.582436072077126, 48.141070034371076 ], [ 11.58248978668383, 48.141068826682641 ], [ 11.582488884474229, 48.141050851051219 ], [ 11.582542599058684, 48.141049643338469 ], [ 11.582541696831253, 48.141031667707736 ], [ 11.582595411393459, 48.141030459970679 ], [ 11.582594509148196, 48.141012484340635 ], [ 11.582621366418616, 48.141011880463068 ], [ 11.582620464164879, 48.140993904833337 ], [ 11.582674178684355, 48.140992697060156 ], [ 11.582673276412789, 48.140974721431128 ], [ 11.582726990910013, 48.140973513633625 ], [ 11.582726088620616, 48.140955538005272 ], [ 11.582779803095592, 48.140954330183447 ], [ 11.582778900788364, 48.140936354555784 ], [ 11.582805758015168, 48.14093575063584 ], [ 11.582804855699466, 48.140917775008489 ], [ 11.582831712916031, 48.140917171082663 ], [ 11.582830810591856, 48.140899195455617 ], [ 11.582803953384648, 48.140899799381067 ], [ 11.582802148757663, 48.140863848126017 ], [ 11.582775291568286, 48.140864452044447 ], [ 11.582773486963546, 48.140828500788366 ], [ 11.582746629792002, 48.140829104699762 ], [ 11.582745727500317, 48.140811129071245 ], [ 11.582718870337244, 48.140811732975976 ], [ 11.582717065775237, 48.140775781717956 ], [ 11.582690208629996, 48.140776385615681 ], [ 11.582688404090238, 48.140740434356637 ], [ 11.582661546962827, 48.140741038247327 ], [ 11.582659742445317, 48.140705086987239 ], [ 11.582632885335737, 48.140705690870917 ], [ 11.582630178594172, 48.140651763979122 ], [ 11.582683892756306, 48.140650556207788 ], [ 11.58268299049217, 48.140632580577822 ], [ 11.582709847562553, 48.140631976683125 ], [ 11.582710749836048, 48.140649952312728 ], [ 11.582737606914904, 48.140649348411387 ], [ 11.582736704632055, 48.140631372782167 ], [ 11.582817275835254, 48.140629561041663 ], [ 11.582816373525217, 48.140611585413502 ], [ 11.582843230581826, 48.140610981487839 ], [ 11.582842328263316, 48.140593005860005 ], [ 11.582896042355168, 48.140591797990623 ], [ 11.582895140018826, 48.140573822363478 ], [ 11.582975711121906, 48.140572010513516 ], [ 11.582979320584858, 48.140643913017165 ], [ 11.58300617765488, 48.140643309053125 ], [ 11.583008884789445, 48.140697235929011 ], [ 11.583035741886652, 48.14069663195756 ], [ 11.583038449057243, 48.14075055883167 ], [ 11.58306530618164, 48.140749954852822 ], [ 11.583068013388257, 48.140803881725184 ], [ 11.58309487053984, 48.140803277738932 ], [ 11.583097577782478, 48.140857204609517 ], [ 11.583124434961253, 48.140856600615862 ], [ 11.583127142239919, 48.140910527484692 ], [ 11.583153999445878, 48.140909923483619 ], [ 11.583157609200567, 48.140981825972922 ], [ 11.583184466443072, 48.140981221964068 ], [ 11.583187173796443, 48.141035148829175 ], [ 11.583214031066134, 48.141034544812911 ], [ 11.583216738455532, 48.141088471676269 ], [ 11.583243595752412, 48.141087867652601 ], [ 11.583245400701809, 48.141123818893732 ], [ 11.583191686069732, 48.141125026936315 ], [ 11.583192588527043, 48.141143002557527 ], [ 11.583112016544229, 48.141144814575512 ], [ 11.583112918974351, 48.141162790197811 ], [ 11.583032346955507, 48.141164602160501 ], [ 11.583033249358442, 48.141182577783844 ], [ 11.582952677303574, 48.141184389691247 ], [ 11.582953579679319, 48.141202365315664 ], [ 11.582873007588427, 48.141204177167772 ], [ 11.582873909936982, 48.141222152793254 ], [ 11.582793337810065, 48.141223964590061 ], [ 11.582794240131431, 48.141241940216617 ], [ 11.582713667968488, 48.141243751958122 ], [ 11.582714570262668, 48.14126172758575 ], [ 11.582633998063697, 48.141263539271968 ], [ 11.582634900330689, 48.141281514900662 ], [ 11.582554328095696, 48.141283326531578 ], [ 11.582555230335496, 48.141301302161331 ], [ 11.582474658064479, 48.14130311373696 ], [ 11.582475560277089, 48.141321089367786 ], [ 11.582394987970048, 48.14132290088812 ], [ 11.582395890155471, 48.141340876520005 ], [ 11.582315317812405, 48.141342687985045 ], [ 11.58231621997064, 48.141360663618009 ], [ 11.582235647591547, 48.141362475027748 ], [ 11.582236549722595, 48.141380450661771 ], [ 11.58215597730748, 48.141382262016222 ], [ 11.582156879411336, 48.141400237651304 ], [ 11.582049449474717, 48.141402652704308 ] ] ] } },
{ "type": "Feature", "properties": { "height": 18.089073181152344 }, "geometry": { "type": "Polygon", "coordinates": [ [ [ 11.583335682367666, 48.140779865960177 ], [ 11.583333877376996, 48.140743914719444 ], [ 11.583307020261438, 48.140744518760997 ], [ 11.583307922746974, 48.140762494381782 ], [ 11.583281065621174, 48.140763098417438 ], [ 11.583278358195289, 48.140709171553759 ], [ 11.583251501096678, 48.140709775582017 ], [ 11.583248793706817, 48.140655848716577 ], [ 11.583221936635395, 48.14065645273741 ], [ 11.583219229281561, 48.140602525870207 ], [ 11.583192372237324, 48.140603129883658 ], [ 11.583189664919516, 48.1405492030147 ], [ 11.583162807902466, 48.140549807020733 ], [ 11.583161905474324, 48.140531831397233 ], [ 11.583215619488822, 48.140530623379647 ], [ 11.583214717042848, 48.140512647756836 ], [ 11.583295288029898, 48.140510835684566 ], [ 11.583294385556737, 48.140492860062814 ], [ 11.583321242541297, 48.140492256026569 ], [ 11.583320340059661, 48.140474280405115 ], [ 11.583400910979964, 48.140472468259887 ], [ 11.583400008471141, 48.14045449263952 ], [ 11.58348057935542, 48.140452680438997 ], [ 11.58347967681941, 48.140434704819697 ], [ 11.583560247667661, 48.140432892563865 ], [ 11.583559345104463, 48.140414916945637 ], [ 11.583693629787087, 48.140411896395761 ], [ 11.58369272717799, 48.140393920779353 ], [ 11.583719584102505, 48.140393316650957 ], [ 11.58372048672096, 48.14041129226699 ], [ 11.58374734365395, 48.140410688131929 ], [ 11.58375005154269, 48.140464614978491 ], [ 11.583776908502866, 48.140464010836034 ], [ 11.583779616427632, 48.140517937680833 ], [ 11.583806473414995, 48.140517333530966 ], [ 11.583809181375788, 48.140571260373989 ], [ 11.58383603839034, 48.140570656216724 ], [ 11.583836941055061, 48.140588631830546 ], [ 11.583783227006364, 48.140589840139583 ], [ 11.583784129653257, 48.140607815754088 ], [ 11.583757272618223, 48.140608419899586 ], [ 11.583758175256643, 48.14062639551441 ], [ 11.583785032301032, 48.140625791368535 ], [ 11.583785934949693, 48.140643766982912 ], [ 11.583705363785802, 48.140645579402836 ], [ 11.583706266407274, 48.140663555018286 ], [ 11.583733123472147, 48.140662950884206 ], [ 11.583734026103862, 48.140680926499208 ], [ 11.583707169029632, 48.140681530633671 ], [ 11.583708071652874, 48.140699506248978 ], [ 11.583627500396814, 48.140701318615882 ], [ 11.583628402992867, 48.140719294232255 ], [ 11.583547831700779, 48.140721106543872 ], [ 11.583548734269645, 48.140739082161311 ], [ 11.58346816294153, 48.14074089441764 ], [ 11.583469065483209, 48.140758870036152 ], [ 11.583388494119069, 48.140760682237186 ], [ 11.58338939663356, 48.140778657856757 ], [ 11.583335682367666, 48.140779865960177 ] ] ] } },
{ "type": "Feature", "properties": { "height": 23.015129089355469 }, "geometry": { "type": "Polygon", "coordinates": [ [ [ 11.569580225689313, 48.140998436331081 ], [ 11.569578430289461, 48.140962484702825 ], [ 11.569551572769369, 48.140963085532206 ], [ 11.569547982017646, 48.14089118227335 ], [ 11.569521124534104, 48.140891783094951 ], [ 11.569517533833878, 48.140819879833487 ], [ 11.569490676386888, 48.140820480647328 ], [ 11.569488881060764, 48.140784529015406 ], [ 11.56951573848904, 48.140783928202325 ], [ 11.56951484081794, 48.140765952386651 ], [ 11.569622270484821, 48.140763549073142 ], [ 11.569621372777169, 48.140745573258897 ], [ 11.5697556597942, 48.140742568977821 ], [ 11.569754762040642, 48.140724593165395 ], [ 11.569862191601009, 48.140722189629173 ], [ 11.569861293810899, 48.140704213818189 ], [ 11.569941865943871, 48.140702411101316 ], [ 11.569942763762056, 48.14072038691117 ], [ 11.569969621147312, 48.140719785992623 ], [ 11.56997321246627, 48.140791689229872 ], [ 11.570000069888076, 48.140791088303544 ], [ 11.570003661258532, 48.140862991538171 ], [ 11.570030518716893, 48.14086239060407 ], [ 11.570033212282038, 48.140916318028182 ], [ 11.570006354795606, 48.140916918963406 ], [ 11.570007252643055, 48.140934894771682 ], [ 11.569899822651108, 48.140937298451398 ], [ 11.569900720462005, 48.140955274261103 ], [ 11.569793290418557, 48.140957677842003 ], [ 11.569794188192907, 48.140975653653157 ], [ 11.56968675809796, 48.140978057135236 ], [ 11.569687655835756, 48.140996032947825 ], [ 11.569580225689313, 48.140998436331081 ] ] ] } },
{ "type": "Feature", "properties": { "height": 17.254123687744141 }, "geometry": { "type": "Polygon", "coordinates": [ [ [ 11.580481609211441, 48.140700054266972 ], [ 11.580478904723545, 48.140646127283738 ], [ 11.580452047598568, 48.140646730657259 ], [ 11.580449343146691, 48.140592803672256 ], [ 11.580422486048903, 48.140593407038367 ], [ 11.580419781633042, 48.140539480051608 ], [ 11.580392924562442, 48.140540083410329 ], [ 11.580390220182599, 48.140486156421808 ], [ 11.580443934266775, 48.140484949700365 ], [ 11.580443032789878, 48.140466974038155 ], [ 11.580523603881451, 48.140465163910093 ], [ 11.580522702377365, 48.140447188248935 ], [ 11.580630130449672, 48.140444774658604 ], [ 11.580629228909041, 48.140426798998895 ], [ 11.580709799925931, 48.140424988741451 ], [ 11.580708898358113, 48.140407013082815 ], [ 11.58081632633084, 48.140404599319957 ], [ 11.580815424726477, 48.140386623662749 ], [ 11.580869138688829, 48.140385416744458 ], [ 11.580871843560711, 48.140439343713581 ], [ 11.580898700568634, 48.140438740243901 ], [ 11.580902307114268, 48.140510642866914 ], [ 11.580929164158736, 48.140510039389447 ], [ 11.580931869105305, 48.140563966354854 ], [ 11.580958726176959, 48.140563362869976 ], [ 11.580960529497801, 48.140599314179148 ], [ 11.580933672407431, 48.14059991766478 ], [ 11.580934574059819, 48.140617893319629 ], [ 11.580827145652076, 48.140620307200976 ], [ 11.580828047267918, 48.140638282857282 ], [ 11.580747475924769, 48.140640093203587 ], [ 11.580748377513423, 48.140658068860951 ], [ 11.580640949006101, 48.140660482569764 ], [ 11.580641850558209, 48.140678458228585 ], [ 11.580561279140372, 48.140680268445486 ], [ 11.580562180665293, 48.140698244105366 ], [ 11.580481609211441, 48.140700054266972 ] ] ] } },
{ "type": "Feature", "properties": { "height": 30.237899780273438 }, "geometry": { "type": "Polygon", "coordinates": [ [ [ 11.570414604939828, 48.141015759091339 ], [ 11.570413706947615, 48.140997783289066 ], [ 11.570386849426706, 48.14099838431396 ], [ 11.570384155483419, 48.140944456905586 ], [ 11.570411012976255, 48.140943855881815 ], [ 11.570410114987562, 48.140925880079266 ], [ 11.570356400019726, 48.140927082119767 ], [ 11.570357297989705, 48.140945057923069 ], [ 11.57024986800605, 48.140947461930345 ], [ 11.570250765939479, 48.140965437735076 ], [ 11.570143335904325, 48.140967841643544 ], [ 11.570141540113209, 48.140931890030963 ], [ 11.570114682620938, 48.140932490991652 ], [ 11.570111091086691, 48.140860587764166 ], [ 11.57008423363097, 48.140861188717075 ], [ 11.570080642148223, 48.140789285486974 ], [ 11.570161214400455, 48.140787482613959 ], [ 11.570160316503895, 48.140769506807388 ], [ 11.570267746123799, 48.140767102890443 ], [ 11.570266848190684, 48.140749127085321 ], [ 11.570374277759088, 48.140746723069547 ], [ 11.570373379789425, 48.140728747265861 ], [ 11.570480809306325, 48.140726343151279 ], [ 11.570479911300113, 48.140708367349028 ], [ 11.570587340765515, 48.14070596313563 ], [ 11.570586442722748, 48.140687987334815 ], [ 11.570693872136648, 48.140685583022609 ], [ 11.570692974057334, 48.140667607223229 ], [ 11.57080040341973, 48.140665202812201 ], [ 11.570799505303865, 48.140647227014284 ], [ 11.57090693461476, 48.140644822504441 ], [ 11.570906036462343, 48.140626846707939 ], [ 11.571013465721734, 48.140624442099288 ], [ 11.571012567532767, 48.140606466304227 ], [ 11.571119996740654, 48.140604061596761 ], [ 11.571119098515139, 48.140586085803143 ], [ 11.57122652767152, 48.140583680996862 ], [ 11.571225629409456, 48.140565705204693 ], [ 11.571333058514332, 48.14056330029959 ], [ 11.571332160215716, 48.140545324508849 ], [ 11.571385874744161, 48.140544122019442 ], [ 11.571389468018763, 48.140616025178986 ], [ 11.571416325319095, 48.14061542392335 ], [ 11.571419918645203, 48.140687327080272 ], [ 11.571446775982086, 48.140686725816884 ], [ 11.571449471013976, 48.140740653182718 ], [ 11.571342041548876, 48.140743058203213 ], [ 11.571342939857169, 48.140761033993208 ], [ 11.571235510340561, 48.140763438914874 ], [ 11.571236408612304, 48.140781414706311 ], [ 11.571128979044195, 48.140783819529169 ], [ 11.571129877279386, 48.140801795322027 ], [ 11.571022447659768, 48.140804200046084 ], [ 11.571023345858411, 48.140822175840377 ], [ 11.570915916187291, 48.140824580465619 ], [ 11.570916814349381, 48.140842556261354 ], [ 11.5707825271939, 48.140845561903703 ], [ 11.570783425310083, 48.140863537701257 ], [ 11.570675995532437, 48.140865942103787 ], [ 11.570676893612069, 48.140883917902777 ], [ 11.57056946378292, 48.140886322206491 ], [ 11.570570361826, 48.140904298006916 ], [ 11.57046293194535, 48.140906702211815 ], [ 11.57046382995188, 48.140924678013683 ], [ 11.57049068743272, 48.140924076971487 ], [ 11.570494279505063, 48.140995980176768 ], [ 11.570440564467644, 48.140997182257898 ], [ 11.570441462469214, 48.141015158059801 ], [ 11.570414604939828, 48.141015759091339 ] ] ] } },
{ "type": "Feature", "properties": { "height": 4.468963623046875 }, "geometry": { "type": "Polygon", "coordinates": [ [ [ 11.569274919190676, 48.140807311113321 ], [ 11.569274021602915, 48.140789335294315 ], [ 11.569247164166727, 48.140789936050965 ], [ 11.569246266589204, 48.140771960231518 ], [ 11.569219409161493, 48.140772560981517 ], [ 11.569218511594206, 48.140754585161623 ], [ 11.569191654174976, 48.140755185904979 ], [ 11.569190756617925, 48.140737210084637 ], [ 11.569163899207174, 48.140737810821349 ], [ 11.569163001660359, 48.14071983500056 ], [ 11.569136144258087, 48.140720435730621 ], [ 11.569135246721508, 48.140702459909384 ], [ 11.569108389327713, 48.140703060632802 ], [ 11.569106594275908, 48.14066710898939 ], [ 11.569133451650991, 48.140666508266726 ], [ 11.569132554117049, 48.14064853244529 ], [ 11.569159411481891, 48.140647931716735 ], [ 11.569158513939472, 48.140629955895605 ], [ 11.569185371294077, 48.14062935516116 ], [ 11.569184473743178, 48.140611379340335 ], [ 11.56921133108755, 48.140610778599999 ], [ 11.569210433528172, 48.14059280277948 ], [ 11.56931786285943, 48.140590399756931 ], [ 11.569316965263504, 48.140572423937847 ], [ 11.569397537224646, 48.14057062160623 ], [ 11.569396639601525, 48.140552645788219 ], [ 11.569504068833309, 48.140550242593115 ], [ 11.569507659480786, 48.140622145858728 ], [ 11.569534516823966, 48.140621545042769 ], [ 11.56953810752294, 48.140693448305782 ], [ 11.569564964902668, 48.140692847482043 ], [ 11.569566760276146, 48.140728799112381 ], [ 11.569486188078173, 48.140730601567036 ], [ 11.569487085738158, 48.140748577383228 ], [ 11.569433370916402, 48.140749778989075 ], [ 11.569434268558549, 48.140767754805957 ], [ 11.569380553714559, 48.140768956387468 ], [ 11.569381451338872, 48.140786932205025 ], [ 11.569327736472651, 48.1407881337622 ], [ 11.569328634079127, 48.14080610958046 ], [ 11.569274919190676, 48.140807311113321 ] ] ] } },
{ "type": "Feature", "properties": { "height": 16.845527648925781 }, "geometry": { "type": "Polygon", "coordinates": [ [ [ 11.572596458540151, 48.141632760273929 ], [ 11.572595559766762, 48.141614784504384 ], [ 11.572514986373838, 48.141616589106953 ], [ 11.572514087629401, 48.1415986133362 ], [ 11.572433514256629, 48.141600417881214 ], [ 11.572432615541148, 48.141582442109261 ], [ 11.572378899973614, 48.141583645107175 ], [ 11.572378001277727, 48.141565669334383 ], [ 11.57232428572539, 48.141566872306441 ], [ 11.572323387049101, 48.141548896532854 ], [ 11.572242813742067, 48.141550700942794 ], [ 11.572241915094731, 48.141532725167984 ], [ 11.572188199571023, 48.141533928075837 ], [ 11.572187300943284, 48.141515952300217 ], [ 11.572133585434772, 48.141517155182243 ], [ 11.572132686826627, 48.141499179405791 ], [ 11.572105829080408, 48.141499780837023 ], [ 11.572104031885477, 48.141463829283154 ], [ 11.572077174157094, 48.141464430707359 ], [ 11.572073579815223, 48.141392527597297 ], [ 11.572019864430679, 48.141393730423871 ], [ 11.572020762996113, 48.141411706202256 ], [ 11.571886474472567, 48.141414713160856 ], [ 11.571887372992091, 48.141432688941052 ], [ 11.571753084399758, 48.141435695744782 ], [ 11.571752185927023, 48.141417719962696 ], [ 11.571698470502646, 48.141418922639552 ], [ 11.571697572049507, 48.141400946856642 ], [ 11.571670714345357, 48.141401548185286 ], [ 11.571668019019295, 48.141347620835049 ], [ 11.571641161342338, 48.141348222156282 ], [ 11.571639364481412, 48.141312270588358 ], [ 11.571612506822291, 48.141312871902578 ], [ 11.571609811565574, 48.141258944549023 ], [ 11.571582953933644, 48.141259545855839 ], [ 11.571581157118949, 48.141223594285719 ], [ 11.571554299504855, 48.141224195585501 ], [ 11.571553401108185, 48.141206219799955 ], [ 11.57158025871292, 48.141205618500543 ], [ 11.571579360307771, 48.141187642715309 ], [ 11.571659933088622, 48.141185838780579 ], [ 11.57165903465628, 48.141167862996397 ], [ 11.571739607401138, 48.141166059006366 ], [ 11.571737810482947, 48.141130107440077 ], [ 11.571710952920924, 48.141130708775613 ], [ 11.57170825757831, 48.141076781424523 ], [ 11.571654542507769, 48.141077984074499 ], [ 11.571655440935711, 48.141095959859015 ], [ 11.571521153197169, 48.14109896637612 ], [ 11.571516661300196, 48.141009087443393 ], [ 11.571570376304674, 48.141007884859135 ], [ 11.571569477909204, 48.140989909073141 ], [ 11.571623192891449, 48.140988706464547 ], [ 11.571624091305635, 48.141006682249795 ], [ 11.571650948804795, 48.141006080935718 ], [ 11.571651847229218, 48.141024056720518 ], [ 11.571678704736856, 48.14102345539979 ], [ 11.571680501607057, 48.141059406968438 ], [ 11.571707359132532, 48.141058805640675 ], [ 11.571704663800476, 48.141004878288754 ], [ 11.571677806303075, 48.141005479615366 ], [ 11.571675111007012, 48.140951552261704 ], [ 11.57170196847634, 48.140950950936215 ], [ 11.57170107003672, 48.140932975151877 ], [ 11.571808499867801, 48.140930569788758 ], [ 11.571807601391631, 48.140912594005876 ], [ 11.571888173727631, 48.14091078991882 ], [ 11.57188727522427, 48.140892814137004 ], [ 11.571967847524276, 48.140891009994647 ], [ 11.571966948993721, 48.140873034213904 ], [ 11.57210123609601, 48.140870027186445 ], [ 11.572100337519547, 48.140852051407514 ], [ 11.572180909742292, 48.140850247116937 ], [ 11.572180011138636, 48.140832271339065 ], [ 11.572233725930682, 48.14083106844808 ], [ 11.572237320425446, 48.140902971556159 ], [ 11.572264177857578, 48.140902370099752 ], [ 11.572266873765964, 48.140956297428964 ], [ 11.572293731225288, 48.140955695965154 ], [ 11.572296427169666, 48.141009623292604 ], [ 11.572323284656187, 48.141009021821397 ], [ 11.572325980636558, 48.141062949147091 ], [ 11.572352838150271, 48.14106234766848 ], [ 11.572354635493634, 48.141098299217852 ], [ 11.572381493025182, 48.141097697732214 ], [ 11.572383290390782, 48.14113364928054 ], [ 11.572463863036285, 48.141131844783757 ], [ 11.572462964324973, 48.141113869010752 ], [ 11.572516679398859, 48.141112665982305 ], [ 11.572519375591586, 48.141166593298841 ], [ 11.572546233155283, 48.141165991774066 ], [ 11.572548929384002, 48.14121991908884 ], [ 11.572575786974893, 48.14121931755669 ], [ 11.57257758448382, 48.141255269098757 ], [ 11.572604442092546, 48.141254667559572 ], [ 11.572606239623711, 48.141290619100623 ], [ 11.572659954875952, 48.141289416001932 ], [ 11.572656359742279, 48.141217512922566 ], [ 11.572710074916136, 48.141216309801806 ], [ 11.572709176116202, 48.141198334032545 ], [ 11.572762891267823, 48.141197130887456 ], [ 11.572761992450054, 48.141179155118884 ], [ 11.57284256514281, 48.141177350355363 ], [ 11.572841666297849, 48.141159374587851 ], [ 11.572895381403237, 48.141158171381562 ], [ 11.572894482540441, 48.141140195614739 ], [ 11.572948197623592, 48.141138992384136 ], [ 11.57294729874296, 48.141121016618001 ], [ 11.573001013803875, 48.141119813363062 ], [ 11.573000114905408, 48.141101837597603 ], [ 11.573080687462104, 48.141100032669314 ], [ 11.573079788536447, 48.141082056904921 ], [ 11.573133503551126, 48.141080853588804 ], [ 11.573132604607633, 48.141062877825085 ], [ 11.573186319600076, 48.141061674484646 ], [ 11.573185420638747, 48.14104369872161 ], [ 11.573265993092738, 48.14104189366504 ], [ 11.573265094104217, 48.141023917903091 ], [ 11.57334566652221, 48.141022112791212 ], [ 11.573344767506498, 48.141004137030329 ], [ 11.573398482428708, 48.141002933591807 ], [ 11.57339758339516, 48.140984957831598 ], [ 11.5734781557438, 48.140983152627925 ], [ 11.573477256683059, 48.140965176868789 ], [ 11.573504114121489, 48.140964575122076 ], [ 11.573505912262565, 48.141000526639544 ], [ 11.573559627174211, 48.140999323125797 ], [ 11.573557828995705, 48.140963371609828 ], [ 11.573530971559036, 48.140963973369075 ], [ 11.573529173402767, 48.140928021852091 ], [ 11.573502315983934, 48.140928623604331 ], [ 11.573499618784206, 48.140874696327181 ], [ 11.573472761392566, 48.140875298072004 ], [ 11.573470963282531, 48.140839346552816 ], [ 11.573444105908726, 48.140839948290612 ], [ 11.573445004953944, 48.140857924050628 ], [ 11.573391290184974, 48.140859127508186 ], [ 11.573392189212361, 48.14087710326887 ], [ 11.573311617024229, 48.140878908409313 ], [ 11.573312516024425, 48.14089688417107 ], [ 11.573285658617262, 48.140897485872379 ], [ 11.573283860636472, 48.140861534348048 ], [ 11.573257003247145, 48.140862136042337 ], [ 11.573257902227743, 48.140880111804911 ], [ 11.573204187427732, 48.140881315175442 ], [ 11.573205086390496, 48.140899290938712 ], [ 11.573124514155806, 48.1409010959486 ], [ 11.573125413091375, 48.14091907171295 ], [ 11.573071698245132, 48.140920275022282 ], [ 11.573072597162868, 48.140938250787293 ], [ 11.572992024858827, 48.1409400557054 ], [ 11.572992923749371, 48.14095803147147 ], [ 11.572912351409334, 48.140959836334282 ], [ 11.572910553685274, 48.140923884799797 ], [ 11.572883696255548, 48.140924486407442 ], [ 11.572880999704132, 48.140870559104059 ], [ 11.572854142301599, 48.1408711607043 ], [ 11.572852344623772, 48.140835209167605 ], [ 11.572906059390526, 48.140834005962361 ], [ 11.572905160534217, 48.140816030194671 ], [ 11.572958875278735, 48.140814826965105 ], [ 11.572957976404592, 48.140796851198104 ], [ 11.573038548486693, 48.140795046307865 ], [ 11.573037649585357, 48.140777070541915 ], [ 11.573091364283641, 48.140775867251151 ], [ 11.573090465364471, 48.140757891485904 ], [ 11.573171037377223, 48.140756086503863 ], [ 11.573170138430861, 48.140738110739676 ], [ 11.573223853082911, 48.140736907387719 ], [ 11.573222954118714, 48.1407189316242 ], [ 11.573303526062116, 48.140717126550399 ], [ 11.573302627070728, 48.140699150787931 ], [ 11.573383198978133, 48.140697345658822 ], [ 11.573382299959549, 48.140679369897434 ], [ 11.57343601454137, 48.140678166447422 ], [ 11.573435115504955, 48.140660190686731 ], [ 11.573488830064539, 48.140658987212397 ], [ 11.573487931010289, 48.140641011452381 ], [ 11.573568502814988, 48.140639206194983 ], [ 11.573567603733547, 48.140621230436032 ], [ 11.573621318246895, 48.140620026900507 ], [ 11.573620419147622, 48.140602051142231 ], [ 11.573700990882967, 48.140600245793067 ], [ 11.5737000917565, 48.140582270035857 ], [ 11.573753806223614, 48.14058106643914 ], [ 11.573752907079314, 48.140563090682626 ], [ 11.573833478745307, 48.14056128524166 ], [ 11.573832579573814, 48.140543309486205 ], [ 11.573886293994693, 48.14054210582831 ], [ 11.573885394805368, 48.140524130073523 ], [ 11.57393910920401, 48.140522926391291 ], [ 11.573938209996848, 48.140504950637222 ], [ 11.574018781560135, 48.140503145067974 ], [ 11.574017882325782, 48.14048516931495 ], [ 11.574098453853072, 48.140483363690414 ], [ 11.574097554591528, 48.140465387938455 ], [ 11.574151268919936, 48.140464184158169 ], [ 11.574150369640558, 48.140446208406907 ], [ 11.574204083946727, 48.140445004602284 ], [ 11.574203184649518, 48.140427028851697 ], [ 11.57425689893345, 48.140425825022767 ], [ 11.574255999618405, 48.140407849272854 ], [ 11.574336571009628, 48.140406043483559 ], [ 11.57433567166739, 48.140388067734719 ], [ 11.574389385905087, 48.14038686384459 ], [ 11.574388486545018, 48.14036888809644 ], [ 11.574442200760478, 48.140367684181982 ], [ 11.574441301382574, 48.140349708434513 ], [ 11.574495015575796, 48.140348504495741 ], [ 11.574494116180059, 48.140330528748954 ], [ 11.574574687435213, 48.140328722794898 ], [ 11.574576486283711, 48.140364674286118 ], [ 11.574603343385714, 48.140364072288143 ], [ 11.574604242820641, 48.140382048033267 ], [ 11.574631099931123, 48.140381446028648 ], [ 11.574632898822335, 48.140417397517957 ], [ 11.574659755950648, 48.140416795506304 ], [ 11.574660655406932, 48.140434771250476 ], [ 11.574687512543724, 48.140434169232172 ], [ 11.574689311477648, 48.140470120719549 ], [ 11.574716168632273, 48.140469518694225 ], [ 11.574717068109914, 48.140487494437423 ], [ 11.574743925273015, 48.140486892405455 ], [ 11.574745724249654, 48.140522843890906 ], [ 11.57477258143059, 48.140522241851905 ], [ 11.574774380429467, 48.140558193336325 ], [ 11.574801237628236, 48.140557591290303 ], [ 11.574802137138352, 48.140575567032023 ], [ 11.574828994345598, 48.140574964979358 ], [ 11.574830793387191, 48.140610916461853 ], [ 11.574857650612268, 48.140610314402153 ], [ 11.574858550143743, 48.140628290142921 ], [ 11.574885407377298, 48.14062768807657 ], [ 11.574887206461606, 48.14066363955714 ], [ 11.574914063712994, 48.140663037483769 ], [ 11.574915862819541, 48.140698988963308 ], [ 11.574942720088762, 48.140698386882917 ], [ 11.574943619652714, 48.140716362622207 ], [ 11.574970476930412, 48.140715760535166 ], [ 11.574972276079674, 48.140751712012772 ], [ 11.574999133375206, 48.140751109918696 ], [ 11.575000032960517, 48.140769085657027 ], [ 11.575026890264525, 48.140768483556315 ], [ 11.575028689456504, 48.140804435031995 ], [ 11.575055546778346, 48.140803832924263 ], [ 11.575056446385014, 48.140821808661613 ], [ 11.575083303715333, 48.14082120654723 ], [ 11.575085102950025, 48.140857158020992 ], [ 11.575111960298178, 48.140856555899582 ], [ 11.575113759555112, 48.140892507372314 ], [ 11.575140616921098, 48.140891905243883 ], [ 11.575141516560244, 48.140909880979756 ], [ 11.575168373934707, 48.140909278844674 ], [ 11.575169273584089, 48.140927254580106 ], [ 11.57514241620027, 48.140927856715578 ], [ 11.575143315841176, 48.140945832451315 ], [ 11.575116458447116, 48.14094643458089 ], [ 11.575117358079547, 48.140964410316947 ], [ 11.575063643270072, 48.140965614558027 ], [ 11.575064542884668, 48.140983590294766 ], [ 11.574983970635772, 48.14098539661051 ], [ 11.574984870223178, 48.141003372348315 ], [ 11.574931155367462, 48.141004576528211 ], [ 11.574932054937033, 48.141022552266698 ], [ 11.574851482618778, 48.14102435849064 ], [ 11.574852382161156, 48.141042334230207 ], [ 11.5747986672592, 48.14104353834891 ], [ 11.574799566783746, 48.141061514089145 ], [ 11.574718994396131, 48.141063320221306 ], [ 11.574719893893484, 48.141081295962614 ], [ 11.574639321469867, 48.141083102039481 ], [ 11.574640220940029, 48.14110107778184 ], [ 11.574559648480413, 48.141102883803413 ], [ 11.574560547923383, 48.141120859546831 ], [ 11.574506832927186, 48.141122063530624 ], [ 11.574507732352322, 48.141140039274724 ], [ 11.574427159823347, 48.141141845204515 ], [ 11.57442805922129, 48.141159820949689 ], [ 11.574347486656315, 48.141161626824164 ], [ 11.574348386027065, 48.141179602570411 ], [ 11.574294670960629, 48.141180806456134 ], [ 11.574295570313545, 48.141198782203055 ], [ 11.574241855224873, 48.14119998606445 ], [ 11.574242754559956, 48.141217961812075 ], [ 11.574189039449042, 48.141219165649147 ], [ 11.574189938766288, 48.14123714139744 ], [ 11.57410936606524, 48.141238947107162 ], [ 11.574110265355296, 48.14125692285652 ], [ 11.574056550198147, 48.141258126632394 ], [ 11.574057449470367, 48.141276102382449 ], [ 11.574003734290978, 48.141277306134008 ], [ 11.574004633545364, 48.141295281884737 ], [ 11.573950918343737, 48.141296485611967 ], [ 11.573951817580287, 48.141314461363379 ], [ 11.573898102356424, 48.141315665066287 ], [ 11.573899001575139, 48.141333640818388 ], [ 11.573845286329037, 48.141334844496967 ], [ 11.573846185529918, 48.14135282024975 ], [ 11.573765612626085, 48.141354625721725 ], [ 11.573766511799773, 48.141372601475581 ], [ 11.573712796507435, 48.141373805092968 ], [ 11.573713695663288, 48.141391780847499 ], [ 11.573633122690101, 48.141393586227686 ], [ 11.573634021818762, 48.14141156198329 ], [ 11.573580306480183, 48.141412765539471 ], [ 11.57358120559101, 48.141430741295757 ], [ 11.573500632548468, 48.141432546584149 ], [ 11.5735015316321, 48.141450522341501 ], [ 11.573447816247288, 48.141451725836497 ], [ 11.573448715313084, 48.141469701594531 ], [ 11.573368142201188, 48.141471506791135 ], [ 11.573369041239793, 48.141489482550234 ], [ 11.573315325808744, 48.141490685984039 ], [ 11.573316224829513, 48.141508661743821 ], [ 11.573262509376228, 48.141509865153303 ], [ 11.573263408379162, 48.14152784091376 ], [ 11.573182835164555, 48.141529645982089 ], [ 11.573183734140297, 48.141547621743626 ], [ 11.573130018640773, 48.14154882509191 ], [ 11.573130917598679, 48.141566800854122 ], [ 11.57307720207692, 48.141568004178083 ], [ 11.573078101016991, 48.141585979940984 ], [ 11.572997527699673, 48.14158778488104 ], [ 11.572998426612552, 48.141605760645 ], [ 11.572890995473042, 48.141608167145442 ], [ 11.572891894349366, 48.141626142910845 ], [ 11.572596458540151, 48.141632760273929 ] ] ] } },
{ "type": "Feature", "properties": { "height": 12.844497680664062 }, "geometry": { "type": "Polygon", "coordinates": [ [ [ 11.569832640872614, 48.140668863088337 ], [ 11.569829947540905, 48.14061493565341 ], [ 11.569803090207397, 48.140615536538341 ], [ 11.569799499148191, 48.140543633289283 ], [ 11.569772641851234, 48.140544234166448 ], [ 11.569770846345619, 48.140508282540743 ], [ 11.569663417223859, 48.140510685983635 ], [ 11.569664314938798, 48.140528661798037 ], [ 11.569637457646802, 48.140529262643462 ], [ 11.569634764532699, 48.140475335198957 ], [ 11.569607907267898, 48.140475936036978 ], [ 11.56960521418978, 48.140422008590726 ], [ 11.56963207142651, 48.140421407753827 ], [ 11.569631173726204, 48.140403431938658 ], [ 11.569738602626902, 48.14040102852988 ], [ 11.569737704890048, 48.140383052716146 ], [ 11.56984513373925, 48.140380649208559 ], [ 11.569844235965844, 48.140362673396247 ], [ 11.569951664763551, 48.140360269789866 ], [ 11.569950766953596, 48.140342293978989 ], [ 11.570058195699803, 48.140339890273779 ], [ 11.570057297853296, 48.140321914464359 ], [ 11.570164726548008, 48.140319510660341 ], [ 11.570163828664951, 48.140301534852341 ], [ 11.570271257308164, 48.140299130949515 ], [ 11.570270359388557, 48.140281155142958 ], [ 11.57037778798027, 48.140278751141309 ], [ 11.570376890024114, 48.140260775336195 ], [ 11.570484318564327, 48.140258371235731 ], [ 11.570483420571623, 48.140240395432059 ], [ 11.570590849060336, 48.140237991232787 ], [ 11.57058995103108, 48.14022001543055 ], [ 11.570697379468294, 48.140217611132464 ], [ 11.570696481402488, 48.140199635331669 ], [ 11.5708039097882, 48.140197230934753 ], [ 11.570803011685847, 48.140179255135401 ], [ 11.570910440020056, 48.140176850639683 ], [ 11.570909541881152, 48.140158874841767 ], [ 11.570990113094503, 48.14015707140527 ], [ 11.570992807598067, 48.140210998795446 ], [ 11.571019664695497, 48.140210397636267 ], [ 11.571023257416661, 48.140282300820672 ], [ 11.571050114550641, 48.140281699653727 ], [ 11.571053707323305, 48.140353602835503 ], [ 11.571080564493833, 48.14035300166077 ], [ 11.571084157318003, 48.140424904839954 ], [ 11.571111014525082, 48.140424303657447 ], [ 11.571114607400755, 48.140496206834015 ], [ 11.571141464644382, 48.140495605643729 ], [ 11.571142362874857, 48.140513581437318 ], [ 11.571061791113262, 48.140515384990479 ], [ 11.571062689316545, 48.140533360785128 ], [ 11.57095526025134, 48.140535765436397 ], [ 11.570956158418074, 48.140553741232495 ], [ 11.570929301140215, 48.140554342380014 ], [ 11.57092840298284, 48.140536366583547 ], [ 11.570901545713459, 48.140536967724415 ], [ 11.570897953130185, 48.140465064536343 ], [ 11.570871095897356, 48.140465665669439 ], [ 11.570867503365585, 48.140393762478759 ], [ 11.570840646169305, 48.140394363604074 ], [ 11.570837053689036, 48.140322460410779 ], [ 11.570810196529306, 48.140323061528321 ], [ 11.570809298420796, 48.140305085729452 ], [ 11.570728726964399, 48.140306889043316 ], [ 11.570729625044839, 48.140324864843308 ], [ 11.570622196386569, 48.140327269175536 ], [ 11.570623094430459, 48.140345244976977 ], [ 11.570515665720688, 48.140347649210391 ], [ 11.570516563728027, 48.14036562501326 ], [ 11.570409134966756, 48.140368029147858 ], [ 11.570410032937545, 48.14038600495217 ], [ 11.570302604124775, 48.140388408987953 ], [ 11.570303502059014, 48.1404063847937 ], [ 11.570196073194742, 48.140408788730667 ], [ 11.570196971092434, 48.140426764537864 ], [ 11.570089542176662, 48.140429168376023 ], [ 11.570090440037802, 48.140447144184648 ], [ 11.569983011070534, 48.140449547923986 ], [ 11.569983908895123, 48.140467523734053 ], [ 11.570010766147616, 48.140466922808251 ], [ 11.570014357492193, 48.140538826046345 ], [ 11.570041214781238, 48.14053822511277 ], [ 11.570044806177313, 48.140610128348243 ], [ 11.570071663502906, 48.14060952740688 ], [ 11.570072561363482, 48.1406275032152 ], [ 11.569991989355989, 48.140629306021602 ], [ 11.56999288718937, 48.140647281830979 ], [ 11.569885457796305, 48.140649685486586 ], [ 11.569886355593136, 48.1406676612974 ], [ 11.569832640872614, 48.140668863088337 ] ] ] } },
{ "type": "Feature", "properties": { "height": 22.272796630859375 }, "geometry": { "type": "Polygon", "coordinates": [ [ [ 11.582546900694947, 48.140599648693289 ], [ 11.582545998480247, 48.140581673061213 ], [ 11.582519141432632, 48.140582276917151 ], [ 11.5825173370246, 48.140546325652039 ], [ 11.582490479994815, 48.140546929500942 ], [ 11.582488675609032, 48.140510978234794 ], [ 11.582461818597077, 48.140511582076677 ], [ 11.582460014233542, 48.14047563080949 ], [ 11.582433157239418, 48.140476234644339 ], [ 11.582431352898128, 48.140440283376115 ], [ 11.582404495921837, 48.140440887203951 ], [ 11.582403593761876, 48.140422911569352 ], [ 11.582376736794059, 48.140423515390538 ], [ 11.582374932495497, 48.140387564120381 ], [ 11.582348075545509, 48.140388167934539 ], [ 11.582346271269197, 48.140352216663352 ], [ 11.582319414337041, 48.140352820470476 ], [ 11.582317610082976, 48.140316869198266 ], [ 11.582290753168651, 48.140317472998362 ], [ 11.582288948936835, 48.140281521725115 ], [ 11.582262092040338, 48.140282125518183 ], [ 11.582261189935112, 48.140264149881069 ], [ 11.58223433304709, 48.140264753667488 ], [ 11.582232528858002, 48.140228802392301 ], [ 11.582205671987808, 48.140229406171706 ], [ 11.582203867820969, 48.140193454895474 ], [ 11.582177010968607, 48.140194058667852 ], [ 11.582175206824015, 48.14015810739059 ], [ 11.582148349989483, 48.140158711155934 ], [ 11.582146545867138, 48.140122759877663 ], [ 11.582119689050437, 48.140123363635972 ], [ 11.582118786999946, 48.140105387996336 ], [ 11.582091930191719, 48.140105991748008 ], [ 11.582090126112101, 48.140070040467791 ], [ 11.582063269321704, 48.140070644212436 ], [ 11.582061465264335, 48.140034692931195 ], [ 11.582034608491766, 48.140035296668792 ], [ 11.582032804456645, 48.139999345386506 ], [ 11.582005947701907, 48.13999994911709 ], [ 11.582004143689032, 48.139963997833775 ], [ 11.581977286952124, 48.139964601557338 ], [ 11.581976384956368, 48.139946625915194 ], [ 11.581949528227938, 48.139947229632106 ], [ 11.58194862624242, 48.139929253989514 ], [ 11.581975482961496, 48.139928650272985 ], [ 11.581974580967508, 48.139910674630706 ], [ 11.582001437676343, 48.139910070908279 ], [ 11.582000535673881, 48.139892095266312 ], [ 11.58205424907019, 48.139890887803418 ], [ 11.582053347049897, 48.139872912162126 ], [ 11.582107060423958, 48.13987170467491 ], [ 11.582106158385836, 48.139853729034314 ], [ 11.58215987173765, 48.139852521522776 ], [ 11.582158969681698, 48.139834545882877 ], [ 11.582212683011265, 48.139833338347003 ], [ 11.582211780937481, 48.1398153627078 ], [ 11.582265494244803, 48.139814155147604 ], [ 11.582267298430679, 48.139850106424454 ], [ 11.582294155101728, 48.139849502634206 ], [ 11.582295959309851, 48.139885453910033 ], [ 11.582322815998729, 48.13988485011275 ], [ 11.582324620229102, 48.139920801387525 ], [ 11.582351476935811, 48.139920197583223 ], [ 11.58235328118843, 48.139956148856982 ], [ 11.582380137912969, 48.139955545045638 ], [ 11.58238104004996, 48.139973520682027 ], [ 11.582407896782971, 48.139972916864046 ], [ 11.582409701078317, 48.140008868135872 ], [ 11.582436557829162, 48.140008264310865 ], [ 11.582438362146755, 48.140044215581639 ], [ 11.582465218915429, 48.140043611749611 ], [ 11.582467023255269, 48.140079563019356 ], [ 11.582493880041772, 48.140078959180286 ], [ 11.582495684403863, 48.140114910449014 ], [ 11.582522541208196, 48.140114306602918 ], [ 11.582523443399923, 48.140132282236792 ], [ 11.582550300212727, 48.140131678384058 ], [ 11.582552104617546, 48.140167629650847 ], [ 11.582578961448183, 48.140167025791079 ], [ 11.582580765875248, 48.140202977056838 ], [ 11.582607622723716, 48.140202373190036 ], [ 11.582609427173031, 48.140238324454764 ], [ 11.582636284039326, 48.140237720580942 ], [ 11.58263808851089, 48.140273671844618 ], [ 11.582664945395017, 48.140273067963776 ], [ 11.582665847641479, 48.140291043595148 ], [ 11.582692704534081, 48.140290439707648 ], [ 11.582694509048372, 48.140326390969399 ], [ 11.582721365958804, 48.140325787074879 ], [ 11.582723170495344, 48.140361738335592 ], [ 11.582750027423605, 48.140361134434045 ], [ 11.582751831982392, 48.140397085693721 ], [ 11.582778688928483, 48.140396481785146 ], [ 11.582780493509523, 48.140432433043792 ], [ 11.582807350473445, 48.14043182912819 ], [ 11.582808252774646, 48.140449804757033 ], [ 11.582835109747039, 48.14044920083478 ], [ 11.582836914370805, 48.140485152091493 ], [ 11.582863771361032, 48.14048454816222 ], [ 11.582864673683599, 48.140502523790104 ], [ 11.582810959683551, 48.140503731643157 ], [ 11.582811861988285, 48.140521707271716 ], [ 11.582758147965986, 48.140522915100448 ], [ 11.582759050252893, 48.140540890729703 ], [ 11.582732193231061, 48.140541494635045 ], [ 11.582733095509493, 48.140559470264606 ], [ 11.582679381444464, 48.140560678057227 ], [ 11.582680283705065, 48.140578653687484 ], [ 11.582626569617791, 48.140579861455784 ], [ 11.58262747186056, 48.140597837086723 ], [ 11.582546900694947, 48.140599648693289 ] ] ] } },
{ "type": "Feature", "properties": { "height": 16.534530639648438 }, "geometry": { "type": "Polygon", "coordinates": [ [ [ 11.57179771821184, 48.140714860389629 ], [ 11.571795921281499, 48.140678908822139 ], [ 11.571769063956054, 48.14067951016704 ], [ 11.571766368595215, 48.14062558281416 ], [ 11.571739511296961, 48.140626184151671 ], [ 11.571738612854464, 48.140608208366857 ], [ 11.5716580409825, 48.140610012340638 ], [ 11.571658939396924, 48.140627988126575 ], [ 11.571632082095151, 48.140628589438997 ], [ 11.571631183690085, 48.140610613652683 ], [ 11.571604326396789, 48.140611214958454 ], [ 11.571601631214941, 48.140557287597957 ], [ 11.571574773948841, 48.140557888896346 ], [ 11.571572078802983, 48.14050396153408 ], [ 11.571545221564074, 48.140504562825072 ], [ 11.571543424823282, 48.140468611249119 ], [ 11.571516567602206, 48.140469212533084 ], [ 11.57151387252569, 48.140415285167521 ], [ 11.571487015331808, 48.140415886444067 ], [ 11.571484320291281, 48.140361959076763 ], [ 11.57145746312459, 48.140362560345906 ], [ 11.571454768120054, 48.140308632976854 ], [ 11.571427910980555, 48.140309234238607 ], [ 11.57142521601201, 48.140255306867786 ], [ 11.571344644672452, 48.140257110612033 ], [ 11.57134554296635, 48.140275086403491 ], [ 11.571291828716864, 48.14027628886906 ], [ 11.571292726992926, 48.140294264661208 ], [ 11.571212155584032, 48.14029606831366 ], [ 11.57121125733604, 48.140278092520383 ], [ 11.571184400207338, 48.140278693724945 ], [ 11.571181705496716, 48.140224766343543 ], [ 11.571154848395206, 48.140225367540701 ], [ 11.571152153720572, 48.14017144015753 ], [ 11.571232724938247, 48.140169636550624 ], [ 11.571231826687056, 48.140151660757226 ], [ 11.57131239786874, 48.140149857095025 ], [ 11.571311499590358, 48.140131881302686 ], [ 11.571392070736053, 48.140130077585177 ], [ 11.571391172430477, 48.140112101793903 ], [ 11.571444886504494, 48.14011089928497 ], [ 11.571443988181086, 48.140092923494393 ], [ 11.571524559257441, 48.140091119685096 ], [ 11.571523660906839, 48.14007314389557 ], [ 11.571604231947205, 48.140071340030964 ], [ 11.571603333569414, 48.140053364242505 ], [ 11.57168390457379, 48.140051560322618 ], [ 11.571683006168804, 48.14003358453521 ], [ 11.571763577137192, 48.140031780560022 ], [ 11.571762678705017, 48.14001380477368 ], [ 11.571816392660828, 48.140012602092959 ], [ 11.571815494210817, 48.139994626307306 ], [ 11.571896065109863, 48.139992822240316 ], [ 11.571895166632661, 48.139974846455736 ], [ 11.571975737495716, 48.139973042333459 ], [ 11.571974838991324, 48.139955066549931 ], [ 11.57200169593456, 48.139954465163676 ], [ 11.572004391478448, 48.140008392512918 ], [ 11.572031248448873, 48.140007791119267 ], [ 11.572033944028755, 48.140061718466761 ], [ 11.572060801026373, 48.140061117065713 ], [ 11.572061699564115, 48.140079092847699 ], [ 11.572034842557139, 48.140079694249124 ], [ 11.572035741086406, 48.140097670031416 ], [ 11.571955170032133, 48.140099474199225 ], [ 11.571956068534206, 48.140117449982576 ], [ 11.571875497443941, 48.140119254095097 ], [ 11.571876395918824, 48.140137229879507 ], [ 11.571795824792567, 48.140139033936734 ], [ 11.571796723240258, 48.140157009722209 ], [ 11.571716152078013, 48.140158813724121 ], [ 11.57171705049851, 48.140176789510669 ], [ 11.571663336367232, 48.140177992148018 ], [ 11.571664234769898, 48.140195967935242 ], [ 11.571610520616387, 48.140197170548277 ], [ 11.571612317386927, 48.140233122124016 ], [ 11.571639174482838, 48.140232520819886 ], [ 11.571640971275611, 48.140268472394602 ], [ 11.571667828389359, 48.140267871083452 ], [ 11.571670523613189, 48.140321798443871 ], [ 11.571697380754127, 48.140321197125317 ], [ 11.571700076013951, 48.140375124483988 ], [ 11.571726933182079, 48.14037452315803 ], [ 11.571729628477893, 48.140428450514953 ], [ 11.571756485673214, 48.140427849181584 ], [ 11.571759181005021, 48.140481776536767 ], [ 11.571786038227534, 48.140481175196001 ], [ 11.571787835138517, 48.140517126765012 ], [ 11.571841549618334, 48.140515924063173 ], [ 11.571840651143688, 48.14049794827946 ], [ 11.571921222828742, 48.140496144180815 ], [ 11.571920324326902, 48.140478168398147 ], [ 11.572000895975965, 48.140476364244194 ], [ 11.571999997446934, 48.140458388462591 ], [ 11.572080569060004, 48.14045658425335 ], [ 11.572079670503781, 48.140438608472806 ], [ 11.57216024208086, 48.14043680420825 ], [ 11.572159343497445, 48.140418828428786 ], [ 11.572213057859051, 48.140417625555152 ], [ 11.5722121592578, 48.14039964977637 ], [ 11.572292730765536, 48.140397845420026 ], [ 11.572291832137093, 48.140379869642317 ], [ 11.572345546452468, 48.140378666707491 ], [ 11.572346445099624, 48.140396642484454 ], [ 11.572373302265349, 48.140396041007264 ], [ 11.572375998240171, 48.140449968336618 ], [ 11.572402855433088, 48.140449366852025 ], [ 11.572405551443902, 48.140503294179638 ], [ 11.572432408664008, 48.140502692687633 ], [ 11.572435104710815, 48.140556620013477 ], [ 11.572408247462635, 48.140557221506604 ], [ 11.572409146137307, 48.140575197282125 ], [ 11.572328574359412, 48.140577001725028 ], [ 11.572329473006892, 48.1405949775016 ], [ 11.57227575846518, 48.140596180432937 ], [ 11.572276657094825, 48.140614156210198 ], [ 11.572196085247585, 48.140615960561306 ], [ 11.572196983850038, 48.140633936339633 ], [ 11.572116411966803, 48.140635740635453 ], [ 11.572117310542065, 48.140653716414839 ], [ 11.57203673862284, 48.140655520655351 ], [ 11.57203763717091, 48.140673496435802 ], [ 11.571957065215692, 48.140675300621005 ], [ 11.571957963736567, 48.140693276402523 ], [ 11.571877391745359, 48.140695080532439 ], [ 11.571878290239042, 48.140713056315015 ], [ 11.57179771821184, 48.140714860389629 ] ] ] } },
{ "type": "Feature", "properties": { "height": 15.697792053222656 }, "geometry": { "type": "Polygon", "coordinates": [ [ [ 11.577697624619095, 48.141482402344607 ], [ 11.577694922972908, 48.141428475250542 ], [ 11.577668065380982, 48.141429077980838 ], [ 11.577665363770805, 48.141375150885018 ], [ 11.577638506206069, 48.141375753607917 ], [ 11.577635804631903, 48.141321826510335 ], [ 11.57760894709436, 48.141322429225831 ], [ 11.577606245556202, 48.141268502126486 ], [ 11.57757938804585, 48.141269104834578 ], [ 11.577575786044752, 48.141197202032991 ], [ 11.577548928570947, 48.141197804733295 ], [ 11.577546227107456, 48.141143877630242 ], [ 11.577519369660841, 48.141144480323135 ], [ 11.577516668233359, 48.141090553218326 ], [ 11.577489810813937, 48.141091155903823 ], [ 11.577486208960405, 48.141019253094925 ], [ 11.577459351577529, 48.14101985577264 ], [ 11.577456650224713, 48.140965928664123 ], [ 11.577429792869028, 48.140966531334428 ], [ 11.577427091552218, 48.140912604224141 ], [ 11.577400234223724, 48.140913206887042 ], [ 11.577396632517754, 48.140841304070847 ], [ 11.577369775225806, 48.140841906725967 ], [ 11.577367073983661, 48.140787979611964 ], [ 11.577340216718905, 48.140788582259681 ], [ 11.577337515512767, 48.140734655143916 ], [ 11.5773106582752, 48.140735257784236 ], [ 11.57730795710507, 48.140681330666709 ], [ 11.577281099894694, 48.140681933299625 ], [ 11.577278398760573, 48.140628006180357 ], [ 11.577251541577386, 48.140628608805862 ], [ 11.577248840479273, 48.140574681684825 ], [ 11.577221983323277, 48.140575284302933 ], [ 11.577219282261169, 48.140521357180148 ], [ 11.577192425132363, 48.140521959790838 ], [ 11.577189724106264, 48.140468032666298 ], [ 11.577162867004647, 48.140468635269599 ], [ 11.577161066343704, 48.140432683852133 ], [ 11.577134209259922, 48.140433286448406 ], [ 11.577131508303191, 48.140379359320555 ], [ 11.577104651246598, 48.140379961909424 ], [ 11.577101950325874, 48.140326034779811 ], [ 11.57707509329647, 48.140326637361284 ], [ 11.577072392411752, 48.140272710229908 ], [ 11.577045535409537, 48.14027331280397 ], [ 11.577042834560826, 48.140219385670854 ], [ 11.5770159775858, 48.140219988237511 ], [ 11.577013276773096, 48.14016606110264 ], [ 11.576986419825262, 48.140166663661894 ], [ 11.576983719048565, 48.140112736525261 ], [ 11.576956862127918, 48.140113339077118 ], [ 11.576955061633242, 48.140077387651587 ], [ 11.576928204730429, 48.140077990196417 ], [ 11.576925504023095, 48.140024063056472 ], [ 11.576898647147472, 48.140024665593906 ], [ 11.576895946476146, 48.139970738452206 ], [ 11.576922803323699, 48.13997013591591 ], [ 11.576921903092328, 48.139952160202249 ], [ 11.577056187270086, 48.139949147428652 ], [ 11.577055286992815, 48.13993117171681 ], [ 11.577189571101744, 48.139928158788344 ], [ 11.57718867077857, 48.139910183078335 ], [ 11.577322954818673, 48.139907169995006 ], [ 11.577322054449596, 48.139889194286802 ], [ 11.577456338420872, 48.139886181048624 ], [ 11.57745543800589, 48.139868205342239 ], [ 11.577589721908337, 48.139865191949212 ], [ 11.577588821447453, 48.139847216244647 ], [ 11.577723105281068, 48.139844202696757 ], [ 11.577722204774282, 48.13982622699401 ], [ 11.577856488539068, 48.139823213291265 ], [ 11.577855587986379, 48.139805237590352 ], [ 11.57798987168233, 48.139802223732744 ], [ 11.577988971083741, 48.139784248033664 ], [ 11.578069541262657, 48.139782439644989 ], [ 11.578078547568959, 48.139962196621497 ], [ 11.578105404387069, 48.139961593808962 ], [ 11.578119814810318, 48.140249204950919 ], [ 11.578146671777258, 48.140248602126064 ], [ 11.578155678500023, 48.140428359077021 ], [ 11.578128821439513, 48.140428961905648 ], [ 11.578133324787187, 48.140518840380423 ], [ 11.578106467679008, 48.140519443204681 ], [ 11.578127183147112, 48.140932884175051 ], [ 11.57815404047051, 48.140932281342096 ], [ 11.578159444638553, 48.141040135499978 ], [ 11.57818630201721, 48.141039532658489 ], [ 11.578192606985565, 48.141165362503564 ], [ 11.578219464428845, 48.141164759653158 ], [ 11.578225769505924, 48.141290589492208 ], [ 11.578252627013825, 48.141289986632877 ], [ 11.578256229971849, 48.141361889395 ], [ 11.578229372426517, 48.141362492255837 ], [ 11.578230273158871, 48.141380467946583 ], [ 11.578122842931293, 48.141382879328745 ], [ 11.578123743627101, 48.141400855020926 ], [ 11.57801631334798, 48.141403266304273 ], [ 11.578017214007236, 48.14142124199789 ], [ 11.577936641260562, 48.141423050395701 ], [ 11.577937541892627, 48.141441026090398 ], [ 11.577830111513949, 48.14144343720119 ], [ 11.577831012109465, 48.141461412897335 ], [ 11.577723581679244, 48.141463823909334 ], [ 11.577724482238214, 48.1414817996069 ], [ 11.577697624619095, 48.141482402344607 ] ] ] } },
{ "type": "Feature", "properties": { "height": 17.448577880859375 }, "geometry": { "type": "Polygon", "coordinates": [ [ [ 11.572537141384467, 48.140446359335009 ], [ 11.57253624266917, 48.140428383560874 ], [ 11.572509385490012, 48.140428985076447 ], [ 11.57250758808077, 48.140393033527253 ], [ 11.572480730919446, 48.140393635035792 ], [ 11.572478034840259, 48.140339707710346 ], [ 11.572451177706128, 48.140340309211489 ], [ 11.572449380343116, 48.140304357660085 ], [ 11.57242252322682, 48.140304959154207 ], [ 11.572420725886044, 48.140269007601781 ], [ 11.57239386878758, 48.140269609088868 ], [ 11.572392071469039, 48.140233657535404 ], [ 11.572365214388411, 48.140234259015479 ], [ 11.572363417092106, 48.140198307460984 ], [ 11.57233656002931, 48.140198908934032 ], [ 11.572333864119525, 48.140144981600642 ], [ 11.572307007083921, 48.140145583066285 ], [ 11.572305209833845, 48.140109631509581 ], [ 11.572278352816076, 48.140110232968212 ], [ 11.572276555588235, 48.140074281410492 ], [ 11.572249698588299, 48.140074882862081 ], [ 11.572247901382692, 48.14003893130333 ], [ 11.572221044400592, 48.140039532747906 ], [ 11.572219247217218, 48.140003581188104 ], [ 11.572192390252951, 48.14000418262566 ], [ 11.572190593091813, 48.139968231064842 ], [ 11.572163736145381, 48.139968832495363 ], [ 11.572161040438344, 48.139914905152487 ], [ 11.572134183519104, 48.139915506575619 ], [ 11.572132386404192, 48.139879555012591 ], [ 11.57215924330472, 48.139878953590234 ], [ 11.572158344739226, 48.139860977808993 ], [ 11.572212058518925, 48.139859774946203 ], [ 11.572211159935598, 48.139841799165659 ], [ 11.572264873693065, 48.139840596278546 ], [ 11.572263975091905, 48.139822620498677 ], [ 11.572344545693433, 48.139820816122118 ], [ 11.572343647065081, 48.139802840343314 ], [ 11.572397360776318, 48.13980163739501 ], [ 11.572396462130133, 48.139783661616903 ], [ 11.572450175819135, 48.139782458644262 ], [ 11.572449277155117, 48.139764482866838 ], [ 11.572502990821885, 48.139763279869882 ], [ 11.572502092140031, 48.13974530409314 ], [ 11.572582662605512, 48.139743499551805 ], [ 11.572581763896467, 48.139725523776129 ], [ 11.572635477517007, 48.139724320717988 ], [ 11.572634578790129, 48.139706344942987 ], [ 11.572688292388435, 48.13970514186051 ], [ 11.572687393643724, 48.139687166086205 ], [ 11.572741107219795, 48.139685962979414 ], [ 11.572740208457249, 48.139667987205776 ], [ 11.572820778786683, 48.139666182499703 ], [ 11.572819879996947, 48.139648206727131 ], [ 11.572873593526788, 48.139647003559155 ], [ 11.572872694719218, 48.139629027787272 ], [ 11.572926408226824, 48.13962782459496 ], [ 11.572925509401422, 48.13960984882376 ], [ 11.572979222886794, 48.139608645607126 ], [ 11.572978324043559, 48.139590669836622 ], [ 11.573032037506694, 48.139589466595666 ], [ 11.573031138645625, 48.139571490825837 ], [ 11.573111708805657, 48.139569685918495 ], [ 11.573113506584818, 48.139605637455823 ], [ 11.573140363321784, 48.13960503580676 ], [ 11.57314216112318, 48.139640987343043 ], [ 11.573169017877976, 48.139640385686938 ], [ 11.573170815701609, 48.139676337222191 ], [ 11.573197672474238, 48.139675735559067 ], [ 11.573199470320107, 48.139711687093289 ], [ 11.57322632711057, 48.139711085423151 ], [ 11.573228124978673, 48.139747036956337 ], [ 11.57325498178697, 48.139746435279179 ], [ 11.573256779677306, 48.139782386811333 ], [ 11.57328363650344, 48.139781785127134 ], [ 11.573285434416013, 48.139817736658273 ], [ 11.573312291259978, 48.139817134967053 ], [ 11.573314089194787, 48.139853086497148 ], [ 11.573340946056584, 48.139852484798908 ], [ 11.573342744013628, 48.139888436327972 ], [ 11.573369600893258, 48.139887834622705 ], [ 11.573371398872538, 48.139923786150746 ], [ 11.573398255770005, 48.139923184438445 ], [ 11.57340005377152, 48.139959135965455 ], [ 11.57342691068682, 48.139958534246126 ], [ 11.573428708710569, 48.139994485772114 ], [ 11.573455565643703, 48.139993884045772 ], [ 11.573457363689689, 48.140029835570708 ], [ 11.573484220640657, 48.140029233837353 ], [ 11.573486018708879, 48.140065185361259 ], [ 11.573512875677681, 48.140064583620862 ], [ 11.573514673768138, 48.140100535143738 ], [ 11.573541530754772, 48.140099933396328 ], [ 11.573542429810679, 48.14011790915729 ], [ 11.573515572814687, 48.140118510905076 ], [ 11.573516471862117, 48.140136486666343 ], [ 11.573462757848779, 48.140137690143874 ], [ 11.573463656878376, 48.140155665905837 ], [ 11.573409942842801, 48.140156869359018 ], [ 11.573410841854562, 48.140174845121663 ], [ 11.573357127796752, 48.140176048550543 ], [ 11.573358026790681, 48.140194024313864 ], [ 11.573304312710633, 48.140195227718415 ], [ 11.573305211686728, 48.140213203482418 ], [ 11.573224640531983, 48.140215008543358 ], [ 11.573225539480886, 48.140232984308426 ], [ 11.573171825354606, 48.140234187651792 ], [ 11.573172724285675, 48.140252163417557 ], [ 11.573119010137161, 48.14025336673658 ], [ 11.573119909050396, 48.140271342503027 ], [ 11.573066194879644, 48.140272545797743 ], [ 11.573067093775045, 48.140290521564864 ], [ 11.572986522484243, 48.140292326461029 ], [ 11.572987421352453, 48.140310302229224 ], [ 11.572933707135471, 48.140311505462741 ], [ 11.572934605985846, 48.140329481231625 ], [ 11.572880891746628, 48.140330684440819 ], [ 11.572881790579169, 48.140348660210378 ], [ 11.572801219185667, 48.140350464978269 ], [ 11.572802117991015, 48.140368440748894 ], [ 11.572748403705566, 48.140369643896896 ], [ 11.572749302493081, 48.140387619668196 ], [ 11.572668731030234, 48.140389424344313 ], [ 11.572669629790557, 48.140407400116686 ], [ 11.572615915458874, 48.140408603203497 ], [ 11.572616814201366, 48.140426578976552 ], [ 11.572563099847448, 48.140427782039048 ], [ 11.572563998572104, 48.140445757812785 ], [ 11.572537141384467, 48.140446359335009 ] ] ] } },
{ "type": "Feature", "properties": { "height": 13.357109069824219 }, "geometry": { "type": "Polygon", "coordinates": [ [ [ 11.581326412621584, 48.139853259481754 ], [ 11.581324609092446, 48.139817308178259 ], [ 11.581297752417669, 48.139817911741666 ], [ 11.581295047158655, 48.139763984784771 ], [ 11.581268190511066, 48.139764588340768 ], [ 11.581264583548837, 48.139692685729102 ], [ 11.581237726937793, 48.139693289277318 ], [ 11.581235021753463, 48.139639362316707 ], [ 11.581208165169604, 48.139639965857512 ], [ 11.581204558306954, 48.13956806324088 ], [ 11.581177701759639, 48.139568666773904 ], [ 11.581174996649994, 48.13951473980957 ], [ 11.581148140129866, 48.139515343335191 ], [ 11.581144533366794, 48.139443440713599 ], [ 11.58111767688321, 48.139444044231432 ], [ 11.581116775204006, 48.139426068575482 ], [ 11.581197344624043, 48.139424258004283 ], [ 11.581196442917651, 48.139406282349398 ], [ 11.581250155841214, 48.139405075271341 ], [ 11.581249254116994, 48.139387099617139 ], [ 11.581302967018312, 48.139385892514767 ], [ 11.58130206527626, 48.139367916861261 ], [ 11.581382634593544, 48.139366106161809 ], [ 11.581381732824306, 48.139348130509354 ], [ 11.581408589252279, 48.139347526930713 ], [ 11.581409491030872, 48.139365502582777 ], [ 11.581436347467315, 48.139364898997485 ], [ 11.581438151045866, 48.139400850300653 ], [ 11.581465007500141, 48.139400246708341 ], [ 11.581466811100935, 48.139436198010472 ], [ 11.581493667573039, 48.139435594411133 ], [ 11.58149547119608, 48.139471545712226 ], [ 11.581522327686015, 48.139470942105845 ], [ 11.581523229508216, 48.139488917755926 ], [ 11.581550086006624, 48.139488314142895 ], [ 11.58155188967239, 48.13952426544207 ], [ 11.581578746188628, 48.139523661822018 ], [ 11.581580549876639, 48.139559613120149 ], [ 11.581607406410706, 48.139559009493077 ], [ 11.581609210120964, 48.139594960790177 ], [ 11.581636066672862, 48.139594357156078 ], [ 11.581636968538673, 48.139612332804148 ], [ 11.581663825099044, 48.139611729163398 ], [ 11.581665628852027, 48.139647680458566 ], [ 11.581692485430228, 48.139647076810796 ], [ 11.581694289205458, 48.139683028104926 ], [ 11.58172114580149, 48.139682424450136 ], [ 11.581723851499028, 48.139736351389679 ], [ 11.58167013824994, 48.139737558695288 ], [ 11.581671040132173, 48.139755534342427 ], [ 11.58161732686084, 48.139756741623714 ], [ 11.581618228725242, 48.139774717271528 ], [ 11.581537658783548, 48.139776528147578 ], [ 11.581538560620764, 48.139794503796466 ], [ 11.581484847303171, 48.139795711016575 ], [ 11.581485749122557, 48.139813686666159 ], [ 11.581405179111476, 48.139815497450421 ], [ 11.581406080903674, 48.139833473101071 ], [ 11.581352367539823, 48.13983468025998 ], [ 11.581353269314192, 48.139852655911312 ], [ 11.581326412621584, 48.139853259481754 ] ] ] } },
{ "type": "Feature", "properties": { "height": 4.6191864013671875 }, "geometry": { "type": "Polygon", "coordinates": [ [ [ 11.583694992702005, 48.139368102309405 ], [ 11.583694090125462, 48.139350126689735 ], [ 11.583667233744519, 48.139350730802434 ], [ 11.583666331178215, 48.139332755182309 ], [ 11.583639474805745, 48.139333359288358 ], [ 11.583638572249679, 48.139315383667793 ], [ 11.583665428612795, 48.13931477956212 ], [ 11.583663623484608, 48.139278828321522 ], [ 11.583797905193356, 48.139275807702894 ], [ 11.583797002583806, 48.13925783208439 ], [ 11.58387757157038, 48.13925601963912 ], [ 11.583880279485889, 48.139309946491018 ], [ 11.583853423129845, 48.139310550646854 ], [ 11.583854325760761, 48.139328526264393 ], [ 11.583746900290324, 48.13933094282654 ], [ 11.583747802884698, 48.139348918445528 ], [ 11.583720946505522, 48.139349522570761 ], [ 11.583721849091422, 48.139367498190055 ], [ 11.583694992702005, 48.139368102309405 ] ] ] } },
{ "type": "Feature", "properties": { "height": 17.223945617675781 }, "geometry": { "type": "Polygon", "coordinates": [ [ [ 11.5787318971652, 48.14226900258047 ], [ 11.578730996229652, 48.142251026899615 ], [ 11.578704138230544, 48.142251629879681 ], [ 11.578696930852784, 48.142107824427363 ], [ 11.578670072927657, 48.142108427398128 ], [ 11.578664667487541, 48.142000573303719 ], [ 11.578637809617682, 48.14200117626595 ], [ 11.578631503376529, 48.141875346483339 ], [ 11.578604645571293, 48.141875949436653 ], [ 11.578598339438878, 48.141750119648002 ], [ 11.578571481698264, 48.141750722592406 ], [ 11.578565175674584, 48.141624892797708 ], [ 11.578538317998591, 48.141625495733194 ], [ 11.578532912925992, 48.141517641618492 ], [ 11.578506055305263, 48.141518244545438 ], [ 11.578499749492874, 48.141392414739165 ], [ 11.578472891936769, 48.141393017657187 ], [ 11.578466586233112, 48.141267187844868 ], [ 11.578439728741625, 48.141267790753979 ], [ 11.578433423146699, 48.141141960935606 ], [ 11.578406565719835, 48.141142563835807 ], [ 11.578401161014733, 48.141034709700826 ], [ 11.57837430364313, 48.141035312592471 ], [ 11.578367998259486, 48.140909482762531 ], [ 11.578341140952503, 48.140910085645274 ], [ 11.578334835677586, 48.140784255809287 ], [ 11.578307978435223, 48.140784858683105 ], [ 11.578301673269031, 48.140659028841085 ], [ 11.578274816091286, 48.140659631705986 ], [ 11.578270312474398, 48.14056975324344 ], [ 11.578324026735434, 48.140568547511137 ], [ 11.578323125995988, 48.140550571819176 ], [ 11.578430554470044, 48.140548160280851 ], [ 11.578429653694052, 48.140530184590325 ], [ 11.578510225012259, 48.140528375871895 ], [ 11.578509324209076, 48.140510400182428 ], [ 11.578589895491271, 48.140508591408697 ], [ 11.578588994660901, 48.140490615720303 ], [ 11.578669565907086, 48.140488806891284 ], [ 11.578668665049525, 48.140470831203949 ], [ 11.578776093327992, 48.140468419345638 ], [ 11.578775192433884, 48.140450443659766 ], [ 11.5788557636054, 48.140448634701329 ], [ 11.578854862684103, 48.140430659016509 ], [ 11.578935433819606, 48.140428850002792 ], [ 11.578934532871122, 48.140410874319031 ], [ 11.579041961002009, 48.140408462214459 ], [ 11.579041060016978, 48.140390486532155 ], [ 11.579121631077809, 48.140388677389026 ], [ 11.579120730065588, 48.140370701707781 ], [ 11.579201301090405, 48.140368892509358 ], [ 11.579200400050999, 48.140350916829178 ], [ 11.579280971039804, 48.14034910757546 ], [ 11.579280069973207, 48.140331131896346 ], [ 11.579387497908495, 48.140328719471796 ], [ 11.579386596805353, 48.140310743794132 ], [ 11.579467167719484, 48.140308934411003 ], [ 11.579466266589151, 48.140290958734397 ], [ 11.579546837467269, 48.140289149295988 ], [ 11.579545936309747, 48.140271173620441 ], [ 11.579626507151852, 48.140269364126738 ], [ 11.579625605967141, 48.140251388452263 ], [ 11.57973303370683, 48.140248975707728 ], [ 11.579732132485576, 48.140231000034696 ], [ 11.579812703253003, 48.140229190411596 ], [ 11.579808197019613, 48.140139312051097 ], [ 11.579781340144805, 48.14013991526317 ], [ 11.579778636443434, 48.140085988244905 ], [ 11.579751779595814, 48.140086591449581 ], [ 11.579748174710435, 48.140014688756082 ], [ 11.579721317899359, 48.14001529195297 ], [ 11.579720416689579, 48.139997316279043 ], [ 11.579693559886977, 48.139997919469295 ], [ 11.579694461087401, 48.140015895143591 ], [ 11.579667604274562, 48.140016498327945 ], [ 11.579665801893308, 48.139980546978506 ], [ 11.579638945098299, 48.139981150155826 ], [ 11.579636241561111, 48.139927223130023 ], [ 11.579582528024586, 48.139928429463595 ], [ 11.579583429184053, 48.139946405139682 ], [ 11.579529715625284, 48.139947611448946 ], [ 11.579527012205673, 48.139893684418176 ], [ 11.579500155453035, 48.139894287562264 ], [ 11.579497452069438, 48.139840360529746 ], [ 11.579470595343988, 48.13984096366643 ], [ 11.579466990882306, 48.139769060953917 ], [ 11.579440134193401, 48.13976966408282 ], [ 11.579437430884475, 48.139715737046579 ], [ 11.579410574222758, 48.139716340168071 ], [ 11.579406068772313, 48.139626461771051 ], [ 11.579486638614467, 48.139624652393437 ], [ 11.579485737498954, 48.139606676714955 ], [ 11.579458880895142, 48.139607279846715 ], [ 11.579455276479349, 48.139535377130613 ], [ 11.579428419912082, 48.139535980254585 ], [ 11.579427518819696, 48.139518004575024 ], [ 11.579534945046044, 48.139515592042976 ], [ 11.579534043917114, 48.139497616364842 ], [ 11.579641470091916, 48.139495203734 ], [ 11.579640568926441, 48.139477228057302 ], [ 11.579721138520206, 48.139475418519481 ], [ 11.579720237327544, 48.139457442843849 ], [ 11.579827663402781, 48.13945503004048 ], [ 11.579826762173578, 48.139437054366304 ], [ 11.579907331692668, 48.139435244699079 ], [ 11.579906430436276, 48.139417269025962 ], [ 11.580013856411949, 48.139414856050074 ], [ 11.580012955119011, 48.139396880378399 ], [ 11.580093524563429, 48.139395070581777 ], [ 11.580092623243306, 48.139377094911175 ], [ 11.580200049119412, 48.139374681762746 ], [ 11.580199147762745, 48.139356706093587 ], [ 11.580279717132486, 48.139354896167568 ], [ 11.580278815748633, 48.139336920499474 ], [ 11.580386241525169, 48.139334507178532 ], [ 11.580385340104772, 48.139316531511867 ], [ 11.580465909399837, 48.139314721456479 ], [ 11.580465007952254, 48.139296745790887 ], [ 11.580572433629222, 48.139294332297432 ], [ 11.580571532145093, 48.139276356633275 ], [ 11.580678957770509, 48.139273943041005 ], [ 11.580678056249839, 48.139255967378311 ], [ 11.580758625431562, 48.13925415711941 ], [ 11.580757723883705, 48.139236181457782 ], [ 11.580865149409549, 48.139233767692993 ], [ 11.580866952580998, 48.139269719013157 ], [ 11.580893808978963, 48.139269115555521 ], [ 11.580897415369879, 48.139341018193512 ], [ 11.58092427180439, 48.13934041472811 ], [ 11.580926976634917, 48.139394341704744 ], [ 11.580953833096613, 48.139393738231931 ], [ 11.580957439587104, 48.139465640864969 ], [ 11.580984296085344, 48.139465037384362 ], [ 11.58098790262739, 48.139536940014764 ], [ 11.581014759162173, 48.13953633652639 ], [ 11.581017464106047, 48.139590263497333 ], [ 11.581044320668017, 48.13958966000154 ], [ 11.581047927309639, 48.139661562626983 ], [ 11.581074783908152, 48.139660959123397 ], [ 11.581077488926711, 48.139714886090637 ], [ 11.581023775672662, 48.139716093093774 ], [ 11.581026480643025, 48.139770020062642 ], [ 11.581053337298563, 48.139769416563063 ], [ 11.581055140635268, 48.139805367874537 ], [ 11.581108853981119, 48.139804160855071 ], [ 11.581109755669509, 48.139822136509949 ], [ 11.581136612350468, 48.139821532990439 ], [ 11.581140219150289, 48.139893435607739 ], [ 11.581167075867789, 48.139892832080442 ], [ 11.581169781004997, 48.13994675904155 ], [ 11.581196637749684, 48.139946155506841 ], [ 11.581200244649086, 48.140018058119182 ], [ 11.581227101430319, 48.140017454576693 ], [ 11.581230708381277, 48.140089357186405 ], [ 11.581257565199053, 48.140088753636121 ], [ 11.581260270449613, 48.140142680591545 ], [ 11.581287127294578, 48.140142077033865 ], [ 11.581290734345117, 48.140213979638617 ], [ 11.581317591226629, 48.140213376073156 ], [ 11.581320296551876, 48.140267303024856 ], [ 11.581347153460575, 48.140266699451992 ], [ 11.581350760610695, 48.14033860205177 ], [ 11.581377617555939, 48.140337998471125 ], [ 11.581381224757619, 48.140409901068281 ], [ 11.581408081739406, 48.140409297479842 ], [ 11.58141078717801, 48.140463224425844 ], [ 11.581437644186986, 48.14046262083 ], [ 11.581441251488252, 48.140534523422197 ], [ 11.581468108533771, 48.140533919818566 ], [ 11.581470814047064, 48.140587846760852 ], [ 11.581497671119774, 48.140587243149824 ], [ 11.581501278520626, 48.14065914573704 ], [ 11.581528135629883, 48.140658542118231 ], [ 11.581531743082293, 48.140730444702832 ], [ 11.581558600228091, 48.140729841076229 ], [ 11.581561305854747, 48.140783768012824 ], [ 11.581480734330484, 48.140785578877221 ], [ 11.581481636179728, 48.140803554523742 ], [ 11.581374207430917, 48.140805968923345 ], [ 11.581375109243618, 48.140823944571316 ], [ 11.581321394845197, 48.140825151734248 ], [ 11.58132049305121, 48.140807176085509 ], [ 11.581293635860034, 48.140807779657209 ], [ 11.581290028730351, 48.140735877060081 ], [ 11.581263171575719, 48.140736480623978 ], [ 11.581260466265801, 48.14068255367426 ], [ 11.581233609138359, 48.140683157230761 ], [ 11.58123000210826, 48.140611254628674 ], [ 11.581203145017362, 48.140611858177387 ], [ 11.581200439782133, 48.140557931223945 ], [ 11.581173582718424, 48.140558534765262 ], [ 11.58116997578791, 48.140486632158201 ], [ 11.581143118760746, 48.140487235691722 ], [ 11.581139511881789, 48.140415333082061 ], [ 11.581112654891172, 48.140415936607795 ], [ 11.581109949769298, 48.140362009648669 ], [ 11.581083092805867, 48.140362613166999 ], [ 11.581079486026495, 48.140290710552364 ], [ 11.581052629099608, 48.140291314062914 ], [ 11.581049924052419, 48.140237387100051 ], [ 11.581023067152723, 48.14023799060319 ], [ 11.581019460472929, 48.140166087983594 ], [ 11.580992603609776, 48.14016669147896 ], [ 11.580988996981539, 48.140094788856729 ], [ 11.580962140154931, 48.1400953923443 ], [ 11.580959435221093, 48.140041465375766 ], [ 11.580932578421674, 48.140042068855941 ], [ 11.580928971893016, 48.13997016622875 ], [ 11.580902115130138, 48.139970769701129 ], [ 11.580899410270987, 48.139916842728866 ], [ 11.580872553535297, 48.139917446193841 ], [ 11.580868947106218, 48.139845543561691 ], [ 11.580842090407074, 48.139846147018893 ], [ 11.580842992003662, 48.139864122677416 ], [ 11.580735565160827, 48.139866536445027 ], [ 11.580736466720872, 48.139884512104985 ], [ 11.580763323442262, 48.139883908672111 ], [ 11.580766929728698, 48.139955811309768 ], [ 11.58079378648663, 48.139955207869107 ], [ 11.580796491238798, 48.140009134845499 ], [ 11.580823348023923, 48.140008531397434 ], [ 11.580826954409934, 48.140080434030132 ], [ 11.580853811231599, 48.14007983057428 ], [ 11.580857417669167, 48.140151733204362 ], [ 11.580884274527378, 48.140151129740723 ], [ 11.580886979392895, 48.140205056711416 ], [ 11.58083326561945, 48.140206263634681 ], [ 11.58083416722434, 48.140224239292202 ], [ 11.580726739629425, 48.140226653064992 ], [ 11.58072764119777, 48.140244628723963 ], [ 11.580647070464241, 48.140246438988861 ], [ 11.5806479720054, 48.140264414648897 ], [ 11.580540544310907, 48.140266828249167 ], [ 11.58054144581552, 48.140284803910646 ], [ 11.580434018069472, 48.140287217412116 ], [ 11.580434919537542, 48.140305193075029 ], [ 11.580354348690665, 48.140307003136435 ], [ 11.580355250131545, 48.140324978800408 ], [ 11.580247822285921, 48.14032739212935 ], [ 11.580248723690255, 48.140345367794772 ], [ 11.580195009743434, 48.140346574422388 ], [ 11.580197713905591, 48.140400501420508 ], [ 11.580224570907514, 48.140399898108711 ], [ 11.580228176506845, 48.140471800770399 ], [ 11.580255033545313, 48.140471197450807 ], [ 11.58025593495671, 48.140489173115675 ], [ 11.580309649049715, 48.140487966456938 ], [ 11.580311451912582, 48.140523917784961 ], [ 11.580338308976476, 48.140523314445431 ], [ 11.580341914750237, 48.140595217099133 ], [ 11.580368771850676, 48.140594613751816 ], [ 11.580371476218337, 48.140648540740223 ], [ 11.580398333345963, 48.140647937385509 ], [ 11.580401939219302, 48.140719840034244 ], [ 11.580428796383474, 48.140719236671735 ], [ 11.580431500825819, 48.140773163656426 ], [ 11.580458358017182, 48.140772560286514 ], [ 11.580461963990096, 48.140844462930296 ], [ 11.580488821218005, 48.140843859552604 ], [ 11.580491525735034, 48.140897786533571 ], [ 11.58051838299013, 48.140897183148475 ], [ 11.580519284506929, 48.140915158808276 ], [ 11.580626713555917, 48.140912745203678 ], [ 11.580625812001689, 48.140894769545383 ], [ 11.580706383751087, 48.140892959277238 ], [ 11.58070548216967, 48.140874983620002 ], [ 11.580812911119075, 48.140872569842877 ], [ 11.580812009501113, 48.140854594187097 ], [ 11.580892581175824, 48.140852783789548 ], [ 11.580891679530671, 48.140834808134834 ], [ 11.580999108380498, 48.140832394185168 ], [ 11.580998206698798, 48.140814418531889 ], [ 11.581078778298822, 48.140812608004943 ], [ 11.581082385143205, 48.140884510613063 ], [ 11.581109242378874, 48.140883907090029 ], [ 11.581111947549504, 48.140937834044266 ], [ 11.581138804812364, 48.140937230513821 ], [ 11.58114241175633, 48.141009133116974 ], [ 11.581169269055737, 48.141008529578755 ], [ 11.581171974301055, 48.141062456529255 ], [ 11.581198831627651, 48.141061852983619 ], [ 11.5812024386712, 48.141133755581819 ], [ 11.581229296034342, 48.141133152028402 ], [ 11.581232001354351, 48.141187078975179 ], [ 11.581258858744683, 48.141186475414358 ], [ 11.581262465887823, 48.141258378007599 ], [ 11.581289323314699, 48.141257774438991 ], [ 11.581292028709399, 48.141311701382044 ], [ 11.581318886163466, 48.141311097806032 ], [ 11.581321591594188, 48.14136502474733 ], [ 11.581348449075442, 48.141364421163914 ], [ 11.581352056366198, 48.141436323749829 ], [ 11.581378913884002, 48.141435720158633 ], [ 11.581379815718257, 48.141453695804557 ], [ 11.581487245818069, 48.141451281375538 ], [ 11.581486343946386, 48.141433305731134 ], [ 11.581566916483897, 48.141431494844667 ], [ 11.581566014585023, 48.141413519201329 ], [ 11.581592872086404, 48.141412915560345 ], [ 11.581591068272589, 48.141376964274194 ], [ 11.581698498194417, 48.141374549650585 ], [ 11.581697596251406, 48.141356574008924 ], [ 11.581778168655429, 48.141354762976519 ], [ 11.581777266685226, 48.141336787335931 ], [ 11.58183098159811, 48.1413355799504 ], [ 11.581832785576825, 48.141371531230014 ], [ 11.581859643050658, 48.141370927527092 ], [ 11.58186325105612, 48.141442830083953 ], [ 11.581890108566499, 48.141442226373243 ], [ 11.581892814607944, 48.141496153289019 ], [ 11.581919672145512, 48.141495549570912 ], [ 11.581923280250569, 48.1415674521228 ], [ 11.581950137824682, 48.141566848396906 ], [ 11.581951039862513, 48.141584824034325 ], [ 11.581897324694685, 48.141586031480621 ], [ 11.581898226714683, 48.14160400711873 ], [ 11.581817653928242, 48.141605818242283 ], [ 11.581818555921052, 48.141623793881458 ], [ 11.58160369504348, 48.141628623271373 ], [ 11.581604596962309, 48.141646598913511 ], [ 11.581497166464894, 48.141649013459507 ], [ 11.581498068347177, 48.141666989103101 ], [ 11.581417495436769, 48.141668799947894 ], [ 11.581418397291863, 48.14168677559254 ], [ 11.581310966694854, 48.141689189965994 ], [ 11.581311868513401, 48.14170716561209 ], [ 11.581231295528299, 48.141708976327479 ], [ 11.581232197319656, 48.14172695197464 ], [ 11.581124766623057, 48.141729366175561 ], [ 11.581125668377863, 48.141747341824164 ], [ 11.581045095318071, 48.141749152410149 ], [ 11.581045997045688, 48.141767128059811 ], [ 11.580938566249502, 48.141769542088198 ], [ 11.580939467940572, 48.141787517739317 ], [ 11.580858894806086, 48.141789328195891 ], [ 11.580860698134728, 48.141825279500182 ], [ 11.580806982669891, 48.141826486441403 ], [ 11.580807884316824, 48.141844462094198 ], [ 11.580700453339121, 48.141846875902907 ], [ 11.580701354949506, 48.141864851557152 ], [ 11.58064763943664, 48.14186605842464 ], [ 11.580650344216938, 48.141919985389229 ], [ 11.580677202001885, 48.141919381957472 ], [ 11.580678103606443, 48.141937357611823 ], [ 11.580624388016949, 48.141938564469797 ], [ 11.580625289603674, 48.141956540124838 ], [ 11.580517858376663, 48.141958953767059 ], [ 11.580518759926838, 48.141976929423535 ], [ 11.580438186469232, 48.141978739590499 ], [ 11.580439087992218, 48.141996715248041 ], [ 11.580331656665621, 48.141999128717728 ], [ 11.580332558152056, 48.142017104376706 ], [ 11.580251984619766, 48.142018914414265 ], [ 11.580252886079011, 48.14203689007433 ], [ 11.580145454652829, 48.142039303371462 ], [ 11.580146356075526, 48.142057279032954 ], [ 11.580065782468548, 48.142059088941117 ], [ 11.580063078287328, 48.142005161953008 ], [ 11.579982504756627, 48.142006971801329 ], [ 11.579983406121411, 48.142024947465231 ], [ 11.579902832554689, 48.142026757258243 ], [ 11.579903733892282, 48.142044732923218 ], [ 11.579823160289543, 48.142046542660935 ], [ 11.579822258980025, 48.142028566994831 ], [ 11.579741685397414, 48.142030376674981 ], [ 11.57974258667886, 48.142048352342215 ], [ 11.579635155185594, 48.142050765162821 ], [ 11.579636056430489, 48.142068740831505 ], [ 11.579555482773197, 48.14207055038225 ], [ 11.5795563839909, 48.142088526052 ], [ 11.579475810297591, 48.142090335547451 ], [ 11.579476711488104, 48.142108311218259 ], [ 11.579369279847237, 48.142110723792591 ], [ 11.579370181001201, 48.142128699464841 ], [ 11.579289607233211, 48.142130508830896 ], [ 11.579290508359982, 48.142148484504219 ], [ 11.579209934555973, 48.142150293814964 ], [ 11.579210835655553, 48.142168269489353 ], [ 11.579130261815529, 48.14217007874479 ], [ 11.57913116288792, 48.142188054420245 ], [ 11.579023731051436, 48.14219046667457 ], [ 11.579024632087274, 48.142208442351468 ], [ 11.578970916145019, 48.142209648441764 ], [ 11.578971817163026, 48.142227624119343 ], [ 11.578918101198527, 48.142228830185317 ], [ 11.578919002198701, 48.142246805863593 ], [ 11.57883842821726, 48.142248614916653 ], [ 11.578839329190242, 48.142266590595987 ], [ 11.5787318971652, 48.14226900258047 ] ] ] } },
{ "type": "Feature", "properties": { "height": 17.448577880859375 }, "geometry": { "type": "Polygon", "coordinates": [ [ [ 11.58197187499084, 48.139856747703448 ], [ 11.581970973000384, 48.139838772060891 ], [ 11.58194411632809, 48.139839375775523 ], [ 11.581943214347875, 48.139821400132533 ], [ 11.581916357684054, 48.139822003840514 ], [ 11.581914553744987, 48.139786052553532 ], [ 11.581887697098997, 48.1397866562545 ], [ 11.581885893182175, 48.139750704966495 ], [ 11.581859036554016, 48.139751308660415 ], [ 11.581857232659443, 48.139715357371379 ], [ 11.581830376049112, 48.1397159610583 ], [ 11.581828572176784, 48.13968000976822 ], [ 11.581801715584284, 48.1396806134481 ], [ 11.581800813658802, 48.13966263780258 ], [ 11.581773957074777, 48.139663241475823 ], [ 11.581772153245174, 48.139627290183796 ], [ 11.581745296678978, 48.139627893850019 ], [ 11.581743492871624, 48.139591942556976 ], [ 11.581716636323257, 48.139592546216157 ], [ 11.581714832538148, 48.139556594922084 ], [ 11.581687976007613, 48.139557198574238 ], [ 11.581686172244749, 48.139521247279127 ], [ 11.581659315732043, 48.139521850924254 ], [ 11.581658413861291, 48.139503875276212 ], [ 11.58163155735706, 48.139504478914695 ], [ 11.581629753636921, 48.139468527617659 ], [ 11.581602897150519, 48.139469131249108 ], [ 11.581601093452626, 48.139433179951034 ], [ 11.581574236984055, 48.139433783575463 ], [ 11.581573335145791, 48.139415807925943 ], [ 11.581627048063337, 48.139414600671593 ], [ 11.581626146207244, 48.139396625022755 ], [ 11.581653002655335, 48.139396021386553 ], [ 11.581652100790768, 48.13937804573802 ], [ 11.581705813665589, 48.139376838447554 ], [ 11.581704911783193, 48.139358862799718 ], [ 11.58175862463577, 48.139357655484936 ], [ 11.58175772273554, 48.139339679837789 ], [ 11.581811435565873, 48.139338472498672 ], [ 11.581810533647815, 48.139320496852214 ], [ 11.581837390052298, 48.139319893173635 ], [ 11.581836488125766, 48.13930191752749 ], [ 11.581890200913374, 48.13930071015227 ], [ 11.581889298969013, 48.139282734506807 ], [ 11.581943011734372, 48.139281527107279 ], [ 11.581942109772182, 48.139263551462506 ], [ 11.581995822515296, 48.139262344038642 ], [ 11.581994920535276, 48.139244368394564 ], [ 11.582048633256143, 48.139243160946393 ], [ 11.582047731258292, 48.139225185302983 ], [ 11.582074587608046, 48.139224581569877 ], [ 11.582073685601724, 48.13920660592678 ], [ 11.582154254617611, 48.139204794690961 ], [ 11.582156058687277, 48.139240745974789 ], [ 11.582182915042852, 48.139240142216217 ], [ 11.582183817088367, 48.139258117857651 ], [ 11.582210673452416, 48.139257514092435 ], [ 11.582212477564807, 48.139293465374337 ], [ 11.582239333946685, 48.139292861602087 ], [ 11.582241138081324, 48.139328812882965 ], [ 11.582267994481033, 48.139328209103688 ], [ 11.582269798637917, 48.139364160383529 ], [ 11.582296655055453, 48.139363556597225 ], [ 11.582297557144578, 48.139381532236669 ], [ 11.582324413570589, 48.139380928443714 ], [ 11.5823262177702, 48.139416879721615 ], [ 11.582353074214039, 48.139416275921647 ], [ 11.582354878435897, 48.139452227198511 ], [ 11.582381734897567, 48.139451623391501 ], [ 11.582383539141674, 48.139487574667356 ], [ 11.582410395621171, 48.139486970853319 ], [ 11.582412199887523, 48.139522922128123 ], [ 11.582439056384851, 48.139522318307058 ], [ 11.58243995852871, 48.13954029394398 ], [ 11.582466815034509, 48.139539690116273 ], [ 11.58246861934359, 48.139575641389158 ], [ 11.582495475867221, 48.139575037554415 ], [ 11.582497280198547, 48.139610988826256 ], [ 11.582524136740009, 48.139610384984493 ], [ 11.582525038916355, 48.139628360619938 ], [ 11.582498182365537, 48.139628964462069 ], [ 11.58249908453341, 48.139646940097826 ], [ 11.582472227972353, 48.139647543934068 ], [ 11.582473130131751, 48.13966551957013 ], [ 11.582419416988271, 48.139666727224572 ], [ 11.58242031912984, 48.13968470286131 ], [ 11.582366605964115, 48.139685910491423 ], [ 11.582367508087854, 48.139703886128864 ], [ 11.58231379489988, 48.139705093734662 ], [ 11.58231469700579, 48.139723069372778 ], [ 11.582260983795571, 48.139724276954261 ], [ 11.58226188588365, 48.139742252593059 ], [ 11.582235029267858, 48.139742856374774 ], [ 11.582235931347464, 48.139760832013891 ], [ 11.582182218094516, 48.139762039559272 ], [ 11.582183120156294, 48.139780015199072 ], [ 11.582129406881098, 48.139781222720117 ], [ 11.582130308925045, 48.139799198360627 ], [ 11.582076595627603, 48.139800405857358 ], [ 11.582077497653719, 48.139818381498529 ], [ 11.58205064099432, 48.139818985237866 ], [ 11.582051543011961, 48.139836960879357 ], [ 11.581997829671792, 48.139838168339985 ], [ 11.581998731671606, 48.139856143982158 ], [ 11.58197187499084, 48.139856747703448 ] ] ] } },
{ "type": "Feature", "properties": { "height": 16.7552490234375 }, "geometry": { "type": "Polygon", "coordinates": [ [ [ 11.57370357176814, 48.140114298538876 ], [ 11.573702672656092, 48.140096322780167 ], [ 11.573675815674738, 48.140096924565206 ], [ 11.573674017471996, 48.140060973046857 ], [ 11.573647160508479, 48.140061574824877 ], [ 11.573646261417784, 48.140043599065216 ], [ 11.573619404462741, 48.140044200836577 ], [ 11.57361760630271, 48.140008249316296 ], [ 11.573590749365502, 48.140008851080637 ], [ 11.573588951227705, 48.139972899559325 ], [ 11.573562094308331, 48.139973501316632 ], [ 11.573560296192772, 48.139937549794311 ], [ 11.57353343929123, 48.139938151544591 ], [ 11.573531641197906, 48.139902200021226 ], [ 11.573504784314201, 48.139902801764492 ], [ 11.573502986243112, 48.139866850240089 ], [ 11.573476129377239, 48.139867451976329 ], [ 11.573475230352372, 48.139849476213655 ], [ 11.573448373494976, 48.139850077943237 ], [ 11.573446575466596, 48.139814126416915 ], [ 11.573419718627035, 48.139814728139477 ], [ 11.573417920620891, 48.139778776612125 ], [ 11.573391063799162, 48.139779378327674 ], [ 11.573389265815257, 48.139743426799285 ], [ 11.573362409011359, 48.139744028507799 ], [ 11.573360611049688, 48.139708076978387 ], [ 11.573333754263626, 48.139708678679881 ], [ 11.573331956324189, 48.139672727149431 ], [ 11.573305099555961, 48.139673328843898 ], [ 11.573303301638759, 48.139637377312411 ], [ 11.573276444888364, 48.139637978999865 ], [ 11.573275545940442, 48.139620003233645 ], [ 11.573248689198522, 48.139620604914441 ], [ 11.573246891324033, 48.13958465338105 ], [ 11.573220034599945, 48.139585255054804 ], [ 11.573218236747689, 48.139549303520369 ], [ 11.573191380041436, 48.13954990518711 ], [ 11.573189582211416, 48.139513953651644 ], [ 11.573162725522996, 48.139514555311372 ], [ 11.573161826618664, 48.139496579543156 ], [ 11.57324239665321, 48.139494774546314 ], [ 11.573241497721686, 48.139476798779157 ], [ 11.573295211054935, 48.139475595417323 ], [ 11.573294312105578, 48.139457619650862 ], [ 11.573348025416591, 48.139456416264707 ], [ 11.573347126449404, 48.139438440498921 ], [ 11.573400839738181, 48.139437237088451 ], [ 11.573399940753159, 48.139419261323354 ], [ 11.573480510651654, 48.139417456161745 ], [ 11.57347961163944, 48.139399480397714 ], [ 11.573533324881987, 48.139398276926052 ], [ 11.573532425851942, 48.13938030116271 ], [ 11.573586139072257, 48.139379097666705 ], [ 11.573585240024375, 48.139361121904045 ], [ 11.573665809820172, 48.139359316614176 ], [ 11.573664910745102, 48.139341340852575 ], [ 11.573718623919182, 48.139340137295399 ], [ 11.573717724826283, 48.139322161534487 ], [ 11.573771437978126, 48.139320957952982 ], [ 11.573770538867391, 48.139302982192753 ], [ 11.573824251997001, 48.139301778586926 ], [ 11.573823352868434, 48.139283802827386 ], [ 11.573877065975809, 48.139282599197237 ], [ 11.573876166829407, 48.139264623438365 ], [ 11.57414473221988, 48.139258604915206 ], [ 11.574146530700695, 48.139294556425305 ], [ 11.574441952734347, 48.139287935317348 ], [ 11.574442852078999, 48.139305911068149 ], [ 11.574577134833122, 48.139302901220944 ], [ 11.574578034225439, 48.139320876969776 ], [ 11.574712317004325, 48.13931786696395 ], [ 11.574713216444305, 48.139335842710821 ], [ 11.574740073006797, 48.139335240690464 ], [ 11.574741871908115, 48.139371192183269 ], [ 11.574768728488438, 48.139370590155892 ], [ 11.574770527411994, 48.139406541647645 ], [ 11.57479738401015, 48.139405939613248 ], [ 11.574800082430155, 48.139459866849251 ], [ 11.574826939055503, 48.139459264807435 ], [ 11.574828738025293, 48.139495216297 ], [ 11.57485559466847, 48.139494614248171 ], [ 11.574858293157831, 48.13954854148087 ], [ 11.574885149828201, 48.139547939424638 ], [ 11.57488784835356, 48.139601866655568 ], [ 11.574914705051118, 48.139601264591946 ], [ 11.574916504091142, 48.139637216078114 ], [ 11.574943360806532, 48.139636614007465 ], [ 11.574946059401245, 48.139690541235097 ], [ 11.574972916143826, 48.139689939157037 ], [ 11.574973815686517, 48.139707914899063 ], [ 11.575000672437573, 48.139707312814359 ], [ 11.5750015719905, 48.139725288555937 ], [ 11.575028428750032, 48.139724686464575 ], [ 11.575031127442173, 48.139778613687774 ], [ 11.575057984228895, 48.139778011589016 ], [ 11.575059783380107, 48.13981396307004 ], [ 11.575086640184663, 48.139813360964268 ], [ 11.575088439358112, 48.139849312444269 ], [ 11.575034725710694, 48.13985051665108 ], [ 11.575035625280025, 48.139868492391713 ], [ 11.57498191161037, 48.139869696574209 ], [ 11.574982811161869, 48.139887672315538 ], [ 11.574902240622707, 48.139889478543374 ], [ 11.574903140147017, 48.139907454285783 ], [ 11.574849426431124, 48.13990865840708 ], [ 11.5748503259376, 48.139926634150164 ], [ 11.574769755329083, 48.139928440286205 ], [ 11.574770654808368, 48.139946416030362 ], [ 11.57471694104624, 48.139947620090474 ], [ 11.574717840507692, 48.139965595835314 ], [ 11.57469098361595, 48.139966197856332 ], [ 11.574690084163851, 48.139948222111123 ], [ 11.574663227280585, 48.139948824125497 ], [ 11.574660528957653, 48.139894896888315 ], [ 11.57455310152806, 48.139897304878609 ], [ 11.57455400093073, 48.139915280625907 ], [ 11.574500287191933, 48.139916484584191 ], [ 11.574501186576768, 48.139934460332185 ], [ 11.574420615933898, 48.1399362662237 ], [ 11.574421515291544, 48.13995424197276 ], [ 11.574367801506511, 48.139955445869845 ], [ 11.574366002829532, 48.139919494370162 ], [ 11.574312289078405, 48.139920698240658 ], [ 11.574313188397742, 48.139938673991288 ], [ 11.574232617736376, 48.139940479751147 ], [ 11.574233517028523, 48.139958455502857 ], [ 11.574179803231162, 48.139959659312161 ], [ 11.574180702505474, 48.139977635064554 ], [ 11.574100131774756, 48.139979440732631 ], [ 11.574101031021879, 48.139997416486082 ], [ 11.574047317178282, 48.139998620234195 ], [ 11.57404821640757, 48.140016595988328 ], [ 11.573994502541739, 48.140017799712119 ], [ 11.573995401753193, 48.140035775466949 ], [ 11.573914830919769, 48.140037581006737 ], [ 11.573915730104034, 48.140055556762626 ], [ 11.573862016191969, 48.140056760425239 ], [ 11.573862915358399, 48.140074736181802 ], [ 11.573809201424096, 48.140075939820079 ], [ 11.573810100572693, 48.140093915577339 ], [ 11.573729529636562, 48.140095720988867 ], [ 11.573730428757969, 48.140113696747193 ], [ 11.57370357176814, 48.140114298538876 ] ] ] } },
{ "type": "Feature", "properties": { "height": 18.157314300537109 }, "geometry": { "type": "Polygon", "coordinates": [ [ [ 11.576887844509772, 48.139808957023384 ], [ 11.576886944295694, 48.139790981308728 ], [ 11.576860087540828, 48.139791583834963 ], [ 11.576859187336989, 48.13977360811986 ], [ 11.5768323305906, 48.139774210639459 ], [ 11.576831430396997, 48.139756234923901 ], [ 11.576804573659082, 48.139756837436842 ], [ 11.57680367347572, 48.139738861720843 ], [ 11.576776816746278, 48.139739464227134 ], [ 11.576775916573155, 48.139721488510702 ], [ 11.576749059852192, 48.139722091010341 ], [ 11.576747259527302, 48.13968613957649 ], [ 11.576720402824169, 48.139686742069109 ], [ 11.576717702371516, 48.139632814916681 ], [ 11.576690845695571, 48.139633417401896 ], [ 11.576688145278924, 48.139579490247712 ], [ 11.576661288630168, 48.139580092725517 ], [ 11.576657688124405, 48.139508189850787 ], [ 11.576630831512196, 48.139508792320825 ], [ 11.576629031283314, 48.13947284088227 ], [ 11.576655887876811, 48.139472238412985 ], [ 11.576654987754337, 48.139454262694009 ], [ 11.576708700919969, 48.139453057737377 ], [ 11.576707800779666, 48.13943508201907 ], [ 11.576761513923058, 48.139433877038115 ], [ 11.576760613764922, 48.139415901320497 ], [ 11.57684118344533, 48.139414093803197 ], [ 11.576840283260005, 48.139396118086637 ], [ 11.576893996357157, 48.139394913044498 ], [ 11.576893096153999, 48.139376937328642 ], [ 11.576946809228913, 48.139375732262174 ], [ 11.576945909007922, 48.139357756546993 ], [ 11.576999622060594, 48.139356551456217 ], [ 11.576998721821772, 48.139338575741725 ], [ 11.577052434852206, 48.139337370626613 ], [ 11.577051534595553, 48.139319394912803 ], [ 11.57713210410652, 48.13931758719427 ], [ 11.577131203822679, 48.139299611481519 ], [ 11.577211773297643, 48.139297803707684 ], [ 11.577210872986614, 48.139279827995999 ], [ 11.577291442425572, 48.139278020166877 ], [ 11.577290542087354, 48.139260044456265 ], [ 11.577371111490308, 48.139258236571848 ], [ 11.577370211124901, 48.13924026086228 ], [ 11.57745078049185, 48.139238452922577 ], [ 11.577449880099257, 48.139220477214081 ], [ 11.577530449430199, 48.139218669219076 ], [ 11.577529549010418, 48.139200693511654 ], [ 11.577610118305353, 48.13919888546134 ], [ 11.577609217858384, 48.139180909754977 ], [ 11.577716643535194, 48.139178498934974 ], [ 11.57771574305168, 48.139160523230061 ], [ 11.577850025081069, 48.139157509565884 ], [ 11.577849124551655, 48.139139533862789 ], [ 11.577929693730637, 48.139137725590182 ], [ 11.577933295965863, 48.13920962839763 ], [ 11.577960152394519, 48.139209025626045 ], [ 11.577964655255178, 48.139298904131905 ], [ 11.577991511729735, 48.139298301352149 ], [ 11.577999617018694, 48.139460082654949 ], [ 11.578026473576578, 48.139459479865522 ], [ 11.578032777805101, 48.139585309761181 ], [ 11.5780596344276, 48.139584706962836 ], [ 11.578063236900727, 48.139656609757324 ], [ 11.577928953592277, 48.139659623693845 ], [ 11.57792985416598, 48.139677599394183 ], [ 11.577795570788696, 48.139680613175855 ], [ 11.577796471316498, 48.139698588878019 ], [ 11.577662187870382, 48.139701602504829 ], [ 11.577663088352281, 48.139719578208819 ], [ 11.577528804837337, 48.139722591680787 ], [ 11.577529705273333, 48.139740567386575 ], [ 11.577395421689559, 48.139743580703687 ], [ 11.577396322079654, 48.139761556411308 ], [ 11.577262038427051, 48.139764569573565 ], [ 11.577262938771243, 48.139782545283005 ], [ 11.577128655049814, 48.139785558290406 ], [ 11.577127754752405, 48.13976758257909 ], [ 11.577074041276376, 48.139768787737395 ], [ 11.57707494155507, 48.139786763449486 ], [ 11.576913801049677, 48.139790378776212 ], [ 11.576914701273113, 48.139808354490498 ], [ 11.576887844509772, 48.139808957023384 ] ] ] } },
{ "type": "Feature", "properties": { "height": 16.89837646484375 }, "geometry": { "type": "Polygon", "coordinates": [ [ [ 11.575925019807771, 48.141522169169512 ], [ 11.575924119875769, 48.141504193446622 ], [ 11.575897262206938, 48.141504795763851 ], [ 11.575895462364297, 48.141468844317096 ], [ 11.575868604713301, 48.141469446627298 ], [ 11.5758668048929, 48.141433495179527 ], [ 11.575839947259739, 48.141434097482687 ], [ 11.575839047360219, 48.141416121758326 ], [ 11.575812189735533, 48.141416724054849 ], [ 11.575810389957851, 48.141380772605153 ], [ 11.575783532351, 48.14138137489465 ], [ 11.575781732595559, 48.141345423443916 ], [ 11.575754875006542, 48.141346025726392 ], [ 11.57575307527334, 48.141310074274621 ], [ 11.575726217702158, 48.141310676550056 ], [ 11.575725317846237, 48.141292700823698 ], [ 11.575698460283531, 48.141293303092503 ], [ 11.575696660593049, 48.141257351638814 ], [ 11.575669803048175, 48.141257953900592 ], [ 11.575668003379933, 48.141222002445872 ], [ 11.575641145852893, 48.141222604700616 ], [ 11.575639346206891, 48.141186653244858 ], [ 11.575612488697688, 48.141187255492568 ], [ 11.575610689073926, 48.141151304035795 ], [ 11.575583831582556, 48.141151906276491 ], [ 11.575582031981034, 48.14111595481868 ], [ 11.575555174507498, 48.141116557052349 ], [ 11.575553374928216, 48.141080605593501 ], [ 11.575526517472511, 48.141081207820143 ], [ 11.575524717915469, 48.141045256360258 ], [ 11.575497860477602, 48.141045858579886 ], [ 11.5754960609428, 48.141009907118978 ], [ 11.575469203522765, 48.141010509331565 ], [ 11.575467404010201, 48.140974557869619 ], [ 11.575440546608002, 48.140975160075193 ], [ 11.575439646862399, 48.140957184343733 ], [ 11.575412789468674, 48.140957786542657 ], [ 11.575410989998829, 48.140921835078785 ], [ 11.575384132622938, 48.140922437270667 ], [ 11.57538233317533, 48.140886485805765 ], [ 11.575355475817274, 48.140887087990649 ], [ 11.575354576104152, 48.140869112257711 ], [ 11.57532771875457, 48.140869714435937 ], [ 11.575325919349678, 48.140833762969102 ], [ 11.575299062017933, 48.1408343651403 ], [ 11.575297262635283, 48.140798413672449 ], [ 11.575270405321371, 48.14079901583662 ], [ 11.575268605960959, 48.140763064367718 ], [ 11.57524174866488, 48.140763666524876 ], [ 11.575240848995353, 48.140745690789942 ], [ 11.575213991707749, 48.140746292940442 ], [ 11.575212192390055, 48.140710341469635 ], [ 11.575185335120285, 48.140710943613101 ], [ 11.575183535824829, 48.140674992141264 ], [ 11.575156678572894, 48.140675594277702 ], [ 11.575155778935844, 48.140657618541297 ], [ 11.575128921692386, 48.140658220671092 ], [ 11.575127122439644, 48.140622269197316 ], [ 11.575100265214019, 48.140622871320097 ], [ 11.575099365598328, 48.140604895582726 ], [ 11.575072508381178, 48.140605497698857 ], [ 11.575070709171154, 48.140569546223155 ], [ 11.575043851971836, 48.140570148332252 ], [ 11.575042952377505, 48.140552172593921 ], [ 11.575016095186665, 48.140552774696374 ], [ 11.575015195602569, 48.140534798957603 ], [ 11.574988338420205, 48.140535401053413 ], [ 11.574986539273374, 48.140499449574897 ], [ 11.574959682108844, 48.140500051663679 ], [ 11.574958782546107, 48.140482075923934 ], [ 11.574931925390052, 48.140482678006073 ], [ 11.574930126285937, 48.140446726525632 ], [ 11.574903269147717, 48.140447328600729 ], [ 11.574902369606335, 48.140429352860039 ], [ 11.574875512476591, 48.1404299549285 ], [ 11.574874612945449, 48.140411979187341 ], [ 11.574847755824182, 48.140412581249166 ], [ 11.574845956783255, 48.140376629765889 ], [ 11.574819099679821, 48.140377231820679 ], [ 11.574818200170036, 48.140359256078568 ], [ 11.574791343075081, 48.140359858126708 ], [ 11.574790443575532, 48.140341882384156 ], [ 11.574763586489052, 48.140342484425652 ], [ 11.574761787511315, 48.140306532939569 ], [ 11.574734930442668, 48.140307134974037 ], [ 11.574734030964478, 48.140289159230512 ], [ 11.574707173904308, 48.14028976125833 ], [ 11.574706274436355, 48.140271785514372 ], [ 11.57467941738466, 48.140272387535546 ], [ 11.574677618470114, 48.140236436046656 ], [ 11.574650761436253, 48.140237038060803 ], [ 11.574649861989659, 48.140219062315865 ], [ 11.574623004964273, 48.140219664323368 ], [ 11.574622105527917, 48.140201688577996 ], [ 11.574595248511008, 48.140202290578856 ], [ 11.574590751389222, 48.140112411849039 ], [ 11.574644465328587, 48.140111207844832 ], [ 11.574643565888159, 48.14009323209941 ], [ 11.574724136762528, 48.140091426047228 ], [ 11.57472323729491, 48.140073450302872 ], [ 11.574776951188039, 48.14007224623748 ], [ 11.574776051702585, 48.140054270493813 ], [ 11.574856622507602, 48.140052464349836 ], [ 11.574855722994958, 48.140034488607235 ], [ 11.57490943684185, 48.140033284480644 ], [ 11.574908537311373, 48.140015308738739 ], [ 11.574962251136027, 48.140014104587827 ], [ 11.574961351587717, 48.139996128846605 ], [ 11.575041922290019, 48.139994322574346 ], [ 11.575041022714521, 48.139976346834182 ], [ 11.575094736492936, 48.139975142622085 ], [ 11.575093836899605, 48.13995716688261 ], [ 11.57517440753255, 48.13995536051857 ], [ 11.575173507912028, 48.139937384780154 ], [ 11.575227221644205, 48.139936180506872 ], [ 11.575226322005848, 48.139918204769131 ], [ 11.57525317886126, 48.13991760262347 ], [ 11.575252279214428, 48.139899626886049 ], [ 11.575225422368376, 48.139900229031333 ], [ 11.57522362309607, 48.139864277555525 ], [ 11.575196766267851, 48.139864879693796 ], [ 11.575194067394071, 48.139810952478427 ], [ 11.57516721059304, 48.139811554609288 ], [ 11.575166310979565, 48.139793578870311 ], [ 11.57513945418701, 48.139794180994535 ], [ 11.575136755379946, 48.139740253776083 ], [ 11.57510989861458, 48.139740855892889 ], [ 11.575108099432986, 48.139704904412824 ], [ 11.575081242685455, 48.13970550652261 ], [ 11.575078543947747, 48.139651579300853 ], [ 11.575051687227404, 48.139652181403235 ], [ 11.57504988809205, 48.139616229920961 ], [ 11.57502303138954, 48.139616832016316 ], [ 11.575020332721186, 48.139562904791248 ], [ 11.574993476045863, 48.13956350687922 ], [ 11.574990777413507, 48.139509579652383 ], [ 11.574963920765377, 48.139510181732952 ], [ 11.574962121700258, 48.139474230247288 ], [ 11.574935265069961, 48.139474832320822 ], [ 11.574932566506959, 48.139420905090702 ], [ 11.574905709903849, 48.139421507156825 ], [ 11.574903011376847, 48.139367579924951 ], [ 11.574876154800927, 48.13936818198367 ], [ 11.574874355806044, 48.139332230494666 ], [ 11.574847499247957, 48.139332832546366 ], [ 11.574846599761191, 48.139314856801377 ], [ 11.575007739040363, 48.139311244399366 ], [ 11.575006839498341, 48.139293268656587 ], [ 11.575167978689658, 48.139289656031146 ], [ 11.575167079092376, 48.139271680290548 ], [ 11.575355074709998, 48.139267465278238 ], [ 11.575354175048101, 48.139249489540212 ], [ 11.575542170557055, 48.139245274223327 ], [ 11.575541270830541, 48.139227298487874 ], [ 11.575729266230827, 48.139223082866415 ], [ 11.575728366439696, 48.139205107133535 ], [ 11.575889505263721, 48.139201493501474 ], [ 11.575888605417335, 48.139183517770789 ], [ 11.576076600606438, 48.139179301584072 ], [ 11.576075700695435, 48.139161325855959 ], [ 11.576183126460966, 48.139158916470002 ], [ 11.576184026409393, 48.139176892196602 ], [ 11.576210882857929, 48.139176289834047 ], [ 11.57621448269788, 48.139248192738229 ], [ 11.576241339182959, 48.139247590367894 ], [ 11.576244939074437, 48.139319493269454 ], [ 11.576271795596062, 48.139318890891353 ], [ 11.576274495551994, 48.139372818065652 ], [ 11.57630135210081, 48.139372215680147 ], [ 11.57630315209455, 48.139408167128586 ], [ 11.576330008661198, 48.13940756473604 ], [ 11.57633270868649, 48.139461491907056 ], [ 11.576252138899696, 48.139463299069249 ], [ 11.57625303888182, 48.139481274793908 ], [ 11.576199325667503, 48.139482479538117 ], [ 11.576200225631794, 48.139500455263459 ], [ 11.57611965577564, 48.139502262333885 ], [ 11.576120555712743, 48.139520238060292 ], [ 11.576039985820586, 48.139522045075417 ], [ 11.576040885730499, 48.13954002080289 ], [ 11.575987172445943, 48.139541225449044 ], [ 11.575988072338024, 48.139559201177207 ], [ 11.575907502376507, 48.139561008100543 ], [ 11.575909302107174, 48.139596959558936 ], [ 11.575882445432859, 48.139597561854927 ], [ 11.575883345290157, 48.13961553758439 ], [ 11.575829631920172, 48.139616742158331 ], [ 11.575830531759635, 48.139634717888484 ], [ 11.575749961669976, 48.139636524703498 ], [ 11.575750861482252, 48.139654500434709 ], [ 11.575670291356591, 48.139656307194429 ], [ 11.575671191141678, 48.139674282926705 ], [ 11.575617477701451, 48.139675487402599 ], [ 11.575618377468706, 48.139693463135572 ], [ 11.575537807273687, 48.139695269803497 ], [ 11.575538707013752, 48.139713245537529 ], [ 11.575484993527285, 48.13971444995223 ], [ 11.575485893249517, 48.139732425686937 ], [ 11.575405322985141, 48.139734232263095 ], [ 11.575406222680183, 48.139752207998875 ], [ 11.575352509147478, 48.139753412352384 ], [ 11.575353408824689, 48.139771388088853 ], [ 11.575299695269747, 48.139772592418041 ], [ 11.575300594929123, 48.139790568155185 ], [ 11.575246881351944, 48.13979177246005 ], [ 11.575248680635916, 48.13982772393566 ], [ 11.575275537443659, 48.139827121785608 ], [ 11.575277336749869, 48.13986307326018 ], [ 11.575304193575446, 48.139862471103108 ], [ 11.575306892569438, 48.139916398313318 ], [ 11.575333749422205, 48.139915796148834 ], [ 11.575332849747303, 48.13989782041255 ], [ 11.575386563431481, 48.139896616065542 ], [ 11.575385663738746, 48.139878640329933 ], [ 11.575466234230332, 48.139876833763523 ], [ 11.575465334510406, 48.139858858028987 ], [ 11.575519048148346, 48.139857653620787 ], [ 11.575518148410589, 48.139839677886933 ], [ 11.575598718832817, 48.139837871228742 ], [ 11.57559781906787, 48.139819895495954 ], [ 11.575678389454097, 48.139818088782462 ], [ 11.575677489661961, 48.13980011305074 ], [ 11.57573120322966, 48.139798908544485 ], [ 11.575730303419691, 48.139780932813437 ], [ 11.575810873736559, 48.139779126008165 ], [ 11.5758099738994, 48.139761150278197 ], [ 11.57586368742086, 48.139759945710757 ], [ 11.575862787565868, 48.139741969981465 ], [ 11.575943357813376, 48.139740163084412 ], [ 11.575942457931195, 48.139722187356185 ], [ 11.575996171406414, 48.139720982727567 ], [ 11.575995271506402, 48.139703007000023 ], [ 11.576075841684551, 48.139701200011189 ], [ 11.576074941757348, 48.13968322428471 ], [ 11.576128655186325, 48.1396820195949 ], [ 11.576127755241291, 48.139664043869111 ], [ 11.576208325350079, 48.139662236788503 ], [ 11.576207425377856, 48.139644261063765 ], [ 11.576261138760593, 48.139643056312771 ], [ 11.576260238770537, 48.139625080588722 ], [ 11.576421378841458, 48.139621466187513 ], [ 11.576422278887653, 48.139639441909289 ], [ 11.576449135572412, 48.139638839486764 ], [ 11.576450035628847, 48.139656815208085 ], [ 11.576476892322081, 48.139656212778917 ], [ 11.576479592524745, 48.139710139941343 ], [ 11.576506449245167, 48.139709537504771 ], [ 11.576509149483835, 48.13976346466545 ], [ 11.576536006231446, 48.139762862221467 ], [ 11.576538706506119, 48.139816789380397 ], [ 11.576565563280919, 48.139816186929018 ], [ 11.576568263591595, 48.139870114086172 ], [ 11.576595120393584, 48.139869511627396 ], [ 11.576597820740263, 48.139923438782802 ], [ 11.576624677569443, 48.139922836316607 ], [ 11.576627377952127, 48.139976763470258 ], [ 11.576654234808494, 48.139976160996675 ], [ 11.576656935227184, 48.140030088148563 ], [ 11.576683792110741, 48.140029485667569 ], [ 11.576686492565436, 48.140083412817724 ], [ 11.576713349476183, 48.140082810329318 ], [ 11.57671604996688, 48.140136737477697 ], [ 11.576742906904817, 48.140136134981901 ], [ 11.57674470725507, 48.140172086413045 ], [ 11.576771564210841, 48.140171483910223 ], [ 11.576774264770904, 48.140225411055305 ], [ 11.576801121753865, 48.140224808545064 ], [ 11.576803822349934, 48.140278735688391 ], [ 11.576830679360082, 48.140278133170753 ], [ 11.576832479780583, 48.140314084598536 ], [ 11.576859336808564, 48.140313482073879 ], [ 11.576862037474003, 48.140367409213908 ], [ 11.576888894529175, 48.140366806681847 ], [ 11.576891595230615, 48.1404207338201 ], [ 11.576918452312977, 48.140420131280649 ], [ 11.576920252803728, 48.140456082705043 ], [ 11.576947109903921, 48.140455480158543 ], [ 11.576949810674732, 48.140509407293507 ], [ 11.576976667802116, 48.140508804739611 ], [ 11.576979368608932, 48.140562731872812 ], [ 11.577006225763505, 48.140562129311519 ], [ 11.577008026324505, 48.140598080732538 ], [ 11.577034883496914, 48.140597478164224 ], [ 11.577037584373096, 48.140651405294115 ], [ 11.577064441572695, 48.14065080271839 ], [ 11.577067142484886, 48.140704729846526 ], [ 11.577093999711673, 48.14070412726339 ], [ 11.577095800342924, 48.140740078681048 ], [ 11.577122657587545, 48.1407394760909 ], [ 11.577125358569106, 48.140793403215724 ], [ 11.577152215840917, 48.140792800618172 ], [ 11.577154916858486, 48.140846727741248 ], [ 11.577181774157486, 48.140846125136285 ], [ 11.577184475211062, 48.140900052257599 ], [ 11.577211332537257, 48.140899449645239 ], [ 11.577214033626841, 48.140953376764806 ], [ 11.577240890980223, 48.140952774145035 ], [ 11.577243592105816, 48.141006701262832 ], [ 11.577270449486388, 48.141006098635664 ], [ 11.57727315064799, 48.141060025751706 ], [ 11.577300008055753, 48.141059423117134 ], [ 11.577302709253361, 48.141113350231414 ], [ 11.577329566688316, 48.141112747589439 ], [ 11.577332267921935, 48.141166674701978 ], [ 11.577359125384081, 48.141166072052599 ], [ 11.577360025806408, 48.141184047756262 ], [ 11.577333168334905, 48.141184650406032 ], [ 11.577334068748756, 48.141202626109994 ], [ 11.577253496300886, 48.141204434022811 ], [ 11.577254396687547, 48.141222409727845 ], [ 11.577173824203665, 48.141224217585354 ], [ 11.577174724563134, 48.141242193291454 ], [ 11.577121009550757, 48.141243398499199 ], [ 11.577121909892394, 48.141261374205982 ], [ 11.577041337339143, 48.141263181971709 ], [ 11.577042237653586, 48.141281157679565 ], [ 11.576961665064326, 48.141282965389991 ], [ 11.576962565351581, 48.141300941098898 ], [ 11.576881992726312, 48.14130274875405 ], [ 11.576882892986376, 48.141320724464023 ], [ 11.576802320325099, 48.141322532063846 ], [ 11.57680322055797, 48.141340507774892 ], [ 11.57674950542733, 48.141341712810856 ], [ 11.576750405642368, 48.141359688522591 ], [ 11.576669832911721, 48.141361496030633 ], [ 11.576670733099567, 48.14137947174342 ], [ 11.576590160332914, 48.141381279196175 ], [ 11.576591060493568, 48.141399254910041 ], [ 11.576483630088259, 48.141401664760757 ], [ 11.576484530212364, 48.141419640476059 ], [ 11.576377099755517, 48.141422050227973 ], [ 11.576377999843073, 48.141440025944718 ], [ 11.576297426963109, 48.141441833193944 ], [ 11.576298327023474, 48.141459808911755 ], [ 11.576217754107503, 48.14146161610568 ], [ 11.576218654140677, 48.141479591824563 ], [ 11.57611122353628, 48.141482001330203 ], [ 11.576112123532903, 48.141499977050515 ], [ 11.576031550542277, 48.141501784115043 ], [ 11.576032450511708, 48.14151975983642 ], [ 11.575925019807771, 48.141522169169512 ] ] ] } },
{ "type": "Feature", "properties": { "height": 16.625617980957031 }, "geometry": { "type": "Polygon", "coordinates": [ [ [ 11.581087213724652, 48.139372745117257 ], [ 11.581084508728356, 48.139318818147224 ], [ 11.5810576523085, 48.13931942164988 ], [ 11.581054045696559, 48.139247519020685 ], [ 11.581027189313247, 48.139248122515561 ], [ 11.581024484391632, 48.139194195541798 ], [ 11.580997628035508, 48.139194799029269 ], [ 11.580996726406092, 48.139176823370825 ], [ 11.58107729544375, 48.139175012890774 ], [ 11.581076393787148, 48.139157037233396 ], [ 11.581183819120906, 48.139154623173724 ], [ 11.581182917427762, 48.139136647517795 ], [ 11.581263486390739, 48.139134836908333 ], [ 11.581262584670409, 48.139116861253477 ], [ 11.581370009904591, 48.139114447021271 ], [ 11.581369108147717, 48.139096471367857 ], [ 11.581449677036012, 48.139094660629006 ], [ 11.581448775251951, 48.139076684976658 ], [ 11.581556200386556, 48.139074270571932 ], [ 11.581555298565956, 48.139056294921041 ], [ 11.581635867379566, 48.139054484052799 ], [ 11.581634965531778, 48.139036508402967 ], [ 11.581742390566802, 48.139034093825714 ], [ 11.581741488682473, 48.139016118177324 ], [ 11.581822057421398, 48.1390143071797 ], [ 11.581821155509882, 48.138996331532361 ], [ 11.581928580445327, 48.138993916782603 ], [ 11.581927678497269, 48.138975941136721 ], [ 11.581981390940978, 48.138974733724979 ], [ 11.58198229290775, 48.138992709370108 ], [ 11.582009149137635, 48.138992105654452 ], [ 11.582010953092537, 48.139028056943729 ], [ 11.582037809340253, 48.139027453221054 ], [ 11.5820396133174, 48.139063404509301 ], [ 11.582066469582946, 48.139062800779598 ], [ 11.58206827358234, 48.139098752066808 ], [ 11.582095129865715, 48.139098148330078 ], [ 11.582096031876095, 48.139116123973203 ], [ 11.582122888167941, 48.139115520229815 ], [ 11.58212469221006, 48.139151471515106 ], [ 11.582044123275731, 48.139153282728699 ], [ 11.582045025270046, 48.139171258372379 ], [ 11.581964456299698, 48.139173069530706 ], [ 11.581965358266828, 48.139191045175444 ], [ 11.58188478926046, 48.13919285627847 ], [ 11.581885691200405, 48.139210831924274 ], [ 11.581778265808788, 48.139213246642058 ], [ 11.581779167712192, 48.139231222289304 ], [ 11.581698598631137, 48.139233033262947 ], [ 11.58169950050735, 48.139251008911266 ], [ 11.581592075016154, 48.139253423456516 ], [ 11.581592976855827, 48.139271399106285 ], [ 11.581512407700087, 48.139273209950531 ], [ 11.581513309512573, 48.139291185601358 ], [ 11.581432740320816, 48.13929299639031 ], [ 11.581433642106116, 48.13931097204221 ], [ 11.581326216467316, 48.139313386341222 ], [ 11.581327118216073, 48.139331361994564 ], [ 11.581246548949631, 48.139333172654126 ], [ 11.581247450671201, 48.139351148308528 ], [ 11.581140024932823, 48.139353562435026 ], [ 11.58114092661785, 48.13937153809087 ], [ 11.581087213724652, 48.139372745117257 ] ] ] } },
{ "type": "Feature", "properties": { "height": 16.039581298828125 }, "geometry": { "type": "Polygon", "coordinates": [ [ [ 11.583198473166423, 48.140189086534285 ], [ 11.583197570737239, 48.14017111091016 ], [ 11.583170713917569, 48.140171714914509 ], [ 11.58316890908057, 48.14013576366527 ], [ 11.583142052278728, 48.140136367662606 ], [ 11.583141149870912, 48.140118392037508 ], [ 11.583114293077546, 48.140118996028185 ], [ 11.583112488283271, 48.140083044777022 ], [ 11.583085631507737, 48.140083648760672 ], [ 11.583083826735713, 48.140047697508479 ], [ 11.583056969978006, 48.140048301485095 ], [ 11.583055165228233, 48.140012350231871 ], [ 11.583028308488355, 48.140012954201467 ], [ 11.583026503760831, 48.139977002947212 ], [ 11.582999647038784, 48.139977606909774 ], [ 11.582997842333505, 48.139941655654468 ], [ 11.582970985629288, 48.139942259610024 ], [ 11.582970083287332, 48.139924283981884 ], [ 11.58294322659159, 48.139924887930789 ], [ 11.582941421929041, 48.139888936673543 ], [ 11.582914565251127, 48.1398895406154 ], [ 11.582912760610826, 48.139853589357152 ], [ 11.582885903950743, 48.139854193291988 ], [ 11.582884099332688, 48.139818242032682 ], [ 11.582857242690434, 48.139818845960491 ], [ 11.582855438094629, 48.139782894700161 ], [ 11.582828581470205, 48.13978349862095 ], [ 11.582827679182984, 48.139765522990295 ], [ 11.582800822567032, 48.139766126904426 ], [ 11.582799018013956, 48.139730175642164 ], [ 11.582772161415836, 48.139730779549275 ], [ 11.582770356885007, 48.139694828285982 ], [ 11.582743500304714, 48.139695432186066 ], [ 11.582741695796134, 48.139659480921736 ], [ 11.58271483923367, 48.139660084814786 ], [ 11.582713936990062, 48.139642109182141 ], [ 11.582687080436074, 48.139642713068547 ], [ 11.582685275970219, 48.139606761802277 ], [ 11.582658419434059, 48.139607365681655 ], [ 11.582656614990455, 48.139571414414355 ], [ 11.582629758472123, 48.139572018286707 ], [ 11.582627954050766, 48.139536067018383 ], [ 11.582601097550265, 48.139536670883707 ], [ 11.582600195350269, 48.139518695249045 ], [ 11.582573338858241, 48.139519299107732 ], [ 11.582571534479611, 48.139483347837469 ], [ 11.582544678005412, 48.139483951689122 ], [ 11.582542873649029, 48.139448000417822 ], [ 11.58251601719266, 48.139448604262448 ], [ 11.582514212858523, 48.139412652990117 ], [ 11.582487356419984, 48.139413256827716 ], [ 11.582486454263599, 48.139395281191071 ], [ 11.582459597833534, 48.139395885022026 ], [ 11.582457793542122, 48.139359933747755 ], [ 11.582430937129887, 48.139360537571683 ], [ 11.582429132860723, 48.139324586296389 ], [ 11.582402276466318, 48.139325190113269 ], [ 11.582400472219399, 48.139289238836938 ], [ 11.582373615842823, 48.139289842646811 ], [ 11.582371811618154, 48.139253891369442 ], [ 11.582344955259407, 48.139254495172288 ], [ 11.582344053157753, 48.139236519533121 ], [ 11.582317196807479, 48.139237123329309 ], [ 11.582315392625535, 48.139201172050022 ], [ 11.582288536293088, 48.13920177583919 ], [ 11.582286732133392, 48.139165824558859 ], [ 11.582259875818776, 48.139166428340999 ], [ 11.582258071681327, 48.139130477059638 ], [ 11.582231215384539, 48.139131080834751 ], [ 11.582230313326495, 48.139113105193587 ], [ 11.582203457038181, 48.13911370896205 ], [ 11.582201652943459, 48.139077757678763 ], [ 11.582174796672971, 48.139078361440191 ], [ 11.582172992600494, 48.139042410155874 ], [ 11.58214613634784, 48.139043013910282 ], [ 11.582144332297608, 48.13900706262492 ], [ 11.582117476062781, 48.139007666372301 ], [ 11.582114770022127, 48.138953739442613 ], [ 11.582168482434756, 48.138952531943843 ], [ 11.582167580404258, 48.13893455630123 ], [ 11.58224814898851, 48.13893274500721 ], [ 11.582247246930828, 48.138914769365662 ], [ 11.582354671660038, 48.138912354220707 ], [ 11.582353769565813, 48.138894378580602 ], [ 11.582434338075377, 48.138892567157193 ], [ 11.582433435953968, 48.138874591518153 ], [ 11.58254086058359, 48.138872176200678 ], [ 11.58253995842564, 48.138854200563095 ], [ 11.582620526860511, 48.138852389010282 ], [ 11.582619624675376, 48.138834413373758 ], [ 11.582700193074228, 48.138832601765664 ], [ 11.582699290861907, 48.138814626130213 ], [ 11.582806715343915, 48.138812210566506 ], [ 11.582807617593662, 48.138830186200444 ], [ 11.582834473721311, 48.138829582293454 ], [ 11.582837180503921, 48.138883509193725 ], [ 11.582864036658755, 48.138882905279338 ], [ 11.582865841203624, 48.138918856545075 ], [ 11.582892697376288, 48.138918252623661 ], [ 11.582895404228287, 48.138972179520614 ], [ 11.582922260428138, 48.138971575591803 ], [ 11.582924967316158, 48.139025502487002 ], [ 11.582951823543192, 48.13902489855078 ], [ 11.582954530467235, 48.139078825444216 ], [ 11.582981386721453, 48.139078221500583 ], [ 11.582983191360613, 48.139114172761772 ], [ 11.583010047632662, 48.139113568811119 ], [ 11.583012754626095, 48.139167495701244 ], [ 11.583039610925329, 48.13916689174318 ], [ 11.583042317954787, 48.139220818631543 ], [ 11.583069174281206, 48.139220214666068 ], [ 11.583071881346685, 48.139274141552676 ], [ 11.58309873770029, 48.139273537579804 ], [ 11.583100542433741, 48.139309488836439 ], [ 11.583127398805175, 48.139308884856547 ], [ 11.583130105940048, 48.139362811739844 ], [ 11.583103249540546, 48.139363415720879 ], [ 11.583104151911249, 48.139381391348891 ], [ 11.583131008320109, 48.139380787367472 ], [ 11.583133715465586, 48.139434714249937 ], [ 11.583160571901631, 48.139434110261107 ], [ 11.583163279083132, 48.13948803714181 ], [ 11.583190135546364, 48.13948743314559 ], [ 11.583192842763887, 48.139541360024538 ], [ 11.583219699254304, 48.139540756020892 ], [ 11.583222406507851, 48.139594682898085 ], [ 11.583249263025452, 48.139594078887043 ], [ 11.583251970315024, 48.139648005762467 ], [ 11.583278826859814, 48.139647401744021 ], [ 11.583281534185408, 48.13970132861769 ], [ 11.583308390757383, 48.13970072459184 ], [ 11.583311098119001, 48.13975465146374 ], [ 11.583337954718163, 48.139754047430486 ], [ 11.583340662115805, 48.139807974300638 ], [ 11.583367518742152, 48.13980737025998 ], [ 11.583369323697047, 48.139843321505644 ], [ 11.583396180341223, 48.139842717457945 ], [ 11.583398887808261, 48.139896644324786 ], [ 11.583425744479625, 48.13989604026969 ], [ 11.583428451982689, 48.139949967134761 ], [ 11.58345530868124, 48.139949363072255 ], [ 11.583457113706416, 48.139985314314551 ], [ 11.583510827138291, 48.139984106169216 ], [ 11.583513534738822, 48.140038033029839 ], [ 11.583540391481504, 48.140037428946634 ], [ 11.583543099118062, 48.140091355805502 ], [ 11.58351624234731, 48.140091959889837 ], [ 11.58351714488524, 48.140109935509706 ], [ 11.58343657453961, 48.140111747726259 ], [ 11.583437477050353, 48.140129723347187 ], [ 11.583383763463466, 48.140130931460966 ], [ 11.583384665956382, 48.140148907082583 ], [ 11.583304095541351, 48.140150719207362 ], [ 11.583304998007078, 48.140168694830045 ], [ 11.583224427556024, 48.140170506899537 ], [ 11.583225329994566, 48.140188482523278 ], [ 11.583198473166423, 48.140189086534285 ] ] ] } },
{ "type": "Feature", "properties": { "height": 17.840629577636719 }, "geometry": { "type": "Polygon", "coordinates": [ [ [ 11.578273586684912, 48.139561908654692 ], [ 11.57827088461741, 48.139507981566972 ], [ 11.578244028039395, 48.139508584413946 ], [ 11.578240425332503, 48.139436681627828 ], [ 11.578213568791032, 48.139437284467029 ], [ 11.578209966135677, 48.139365381678303 ], [ 11.578183109630752, 48.139365984509723 ], [ 11.57817860637819, 48.139276106020361 ], [ 11.578151749919163, 48.139276708843624 ], [ 11.578148147370417, 48.139204806049385 ], [ 11.578121290947934, 48.139205408864846 ], [ 11.578117688450725, 48.139133506067985 ], [ 11.578090832064786, 48.139134108875687 ], [ 11.578086329009903, 48.139044230376165 ], [ 11.578059472669864, 48.139044833175703 ], [ 11.578058572070891, 48.139026857475208 ], [ 11.578085428401572, 48.139026254676054 ], [ 11.578084527794122, 48.139008278975858 ], [ 11.578191953070602, 48.139005867718055 ], [ 11.578191052426609, 48.138987892019315 ], [ 11.578325333955583, 48.138984877807886 ], [ 11.57832443326569, 48.138966902110973 ], [ 11.578485571015211, 48.138963284852622 ], [ 11.578484670270061, 48.138945309157904 ], [ 11.578618951656956, 48.138942294605414 ], [ 11.578618050865906, 48.138924318912515 ], [ 11.578752332183965, 48.138921304205184 ], [ 11.578751431347017, 48.138903328514104 ], [ 11.578885712596239, 48.138900313651909 ], [ 11.578884811713392, 48.138882337962656 ], [ 11.579019092893777, 48.138879322945627 ], [ 11.57901819196503, 48.138861347258192 ], [ 11.579152473076576, 48.138858332086301 ], [ 11.579154275028516, 48.138894283457333 ], [ 11.579181131266891, 48.138893680403378 ], [ 11.579183834229489, 48.138947607458263 ], [ 11.579210690495051, 48.138947004396918 ], [ 11.579213393493658, 48.139000931450028 ], [ 11.579240249786407, 48.139000328381279 ], [ 11.579242051808603, 48.139036279748922 ], [ 11.579268908119181, 48.139035676673139 ], [ 11.579271611187163, 48.139089603722951 ], [ 11.579298467524929, 48.139089000639764 ], [ 11.57930117062892, 48.139142927687821 ], [ 11.579328026993874, 48.139142324597231 ], [ 11.579330730133877, 48.139196251643526 ], [ 11.579357586526017, 48.139195648545545 ], [ 11.579359388642477, 48.139231599908634 ], [ 11.579386245052447, 48.139230996803626 ], [ 11.579388948261824, 48.13928492384661 ], [ 11.579415804698982, 48.139284320734184 ], [ 11.579417606861693, 48.13932027209507 ], [ 11.579310181032916, 48.139322684510155 ], [ 11.579311082078169, 48.139340660192012 ], [ 11.579230512669252, 48.139342469438624 ], [ 11.579231413687316, 48.139360445121547 ], [ 11.579123987758981, 48.139362857364098 ], [ 11.579124888740502, 48.139380833048456 ], [ 11.579044319256916, 48.139382642165671 ], [ 11.579045220211249, 48.139400617851109 ], [ 11.578937794183355, 48.139403029921148 ], [ 11.578938695101145, 48.139421005608007 ], [ 11.578858125542892, 48.139422814595832 ], [ 11.578859026433495, 48.139440790283764 ], [ 11.578751600306045, 48.139443202181269 ], [ 11.578752501160103, 48.139461177870658 ], [ 11.578671931527182, 48.139462986729079 ], [ 11.578672832354052, 48.139480962419533 ], [ 11.578565406127048, 48.139483374144497 ], [ 11.578566306917374, 48.139501349836387 ], [ 11.578485737209787, 48.139503158565418 ], [ 11.578486637972924, 48.139521134258374 ], [ 11.578379211646368, 48.139523545810817 ], [ 11.57838011237296, 48.139541521505215 ], [ 11.57829954259071, 48.139543330104843 ], [ 11.578300443290116, 48.139561305800306 ], [ 11.578273586684912, 48.139561908654692 ] ] ] } },
{ "type": "Feature", "properties": { "height": 16.495285034179688 }, "geometry": { "type": "Polygon", "coordinates": [ [ [ 11.568542589196216, 48.140679722716847 ], [ 11.568541691868139, 48.140661746887112 ], [ 11.568514834483084, 48.140662347471455 ], [ 11.568513937165246, 48.140644371641287 ], [ 11.568487079788666, 48.140644972218979 ], [ 11.568485285174342, 48.140609020557676 ], [ 11.568458427815598, 48.140609621128355 ], [ 11.568457530519112, 48.140591645297221 ], [ 11.568430673168848, 48.140592245861242 ], [ 11.568429775882596, 48.140574270029674 ], [ 11.568402918540814, 48.140574870587045 ], [ 11.568402021264799, 48.140556894755022 ], [ 11.568375163931492, 48.140557495305757 ], [ 11.568374266665714, 48.140539519473279 ], [ 11.568347409340886, 48.140540120017356 ], [ 11.568346512085343, 48.140522144184445 ], [ 11.568319654768995, 48.140522744721885 ], [ 11.56831875752369, 48.140504768888526 ], [ 11.56829190021582, 48.140505369419316 ], [ 11.568290105746559, 48.140469417751632 ], [ 11.568263248456526, 48.140470018275401 ], [ 11.568261454009495, 48.140434066606701 ], [ 11.568288311280812, 48.140433466083685 ], [ 11.568287414049257, 48.140415490249609 ], [ 11.568314271310339, 48.140414889720695 ], [ 11.568313374070305, 48.140396913886924 ], [ 11.56834023132115, 48.140396313352127 ], [ 11.568339334072638, 48.140378337518655 ], [ 11.568366191313249, 48.14037773697796 ], [ 11.568365294056257, 48.140359761144801 ], [ 11.568392151286631, 48.140359160598209 ], [ 11.56839125402116, 48.140341184765376 ], [ 11.568444968460556, 48.14033998365413 ], [ 11.56844407117725, 48.140322007821972 ], [ 11.568470928386274, 48.140321407257332 ], [ 11.568469133803582, 48.140285455593535 ], [ 11.568442276613274, 48.140286056157429 ], [ 11.568441379332604, 48.14026808032505 ], [ 11.568414522150775, 48.140268680882293 ], [ 11.568412727610786, 48.140232729216585 ], [ 11.568385870446791, 48.140233329766801 ], [ 11.568384075929032, 48.140197378100062 ], [ 11.568410933074311, 48.140196777550599 ], [ 11.568410035807393, 48.140178801717511 ], [ 11.568436892942437, 48.140178201162136 ], [ 11.568435995667038, 48.140160225329353 ], [ 11.568489709915772, 48.140159024200571 ], [ 11.568487915330184, 48.140123072536298 ], [ 11.568461058224971, 48.140123673103062 ], [ 11.568460160942852, 48.140105697270442 ], [ 11.568433303846117, 48.14010629783057 ], [ 11.568432406574233, 48.140088321997496 ], [ 11.568378692396843, 48.140089523098183 ], [ 11.568379589650013, 48.140107498932018 ], [ 11.56835273255064, 48.140108099473323 ], [ 11.568353629795331, 48.14012607530745 ], [ 11.568326772685722, 48.140126675842872 ], [ 11.568327669921933, 48.140144651677311 ], [ 11.568273955681368, 48.140145852730093 ], [ 11.568273058463873, 48.140127876894908 ], [ 11.568246201351631, 48.140128477411515 ], [ 11.568245304144371, 48.14011050157589 ], [ 11.568218447040607, 48.140111102085854 ], [ 11.568216652647434, 48.140075150413615 ], [ 11.568189795561505, 48.140075750916559 ], [ 11.568188898375595, 48.140057775079967 ], [ 11.568162041298146, 48.140058375576267 ], [ 11.568161144122472, 48.140040399739227 ], [ 11.568134287053502, 48.140041000228877 ], [ 11.568133389888063, 48.140023024391404 ], [ 11.568106532827571, 48.140023624874402 ], [ 11.568105635672367, 48.140005649036475 ], [ 11.568078778620354, 48.140006249512822 ], [ 11.568077881475388, 48.139988273674454 ], [ 11.568051024431853, 48.139988874144159 ], [ 11.568050127297122, 48.139970898305336 ], [ 11.568023270262065, 48.139971498768396 ], [ 11.56802237313757, 48.139953522929133 ], [ 11.56799551611099, 48.139954123385543 ], [ 11.567994618996732, 48.139936147545832 ], [ 11.567967761978633, 48.139936747995598 ], [ 11.567965967771466, 48.139900796315224 ], [ 11.567939110771201, 48.139901396757963 ], [ 11.567938213678291, 48.139883420917286 ], [ 11.567911356686507, 48.139884021353396 ], [ 11.567910459603832, 48.139866045512271 ], [ 11.567883602620526, 48.139866645941723 ], [ 11.56788180847653, 48.139830694258528 ], [ 11.567854951511059, 48.13983129468096 ], [ 11.567854054449736, 48.139813318838875 ], [ 11.567827197492745, 48.139813919254671 ], [ 11.567825403391446, 48.13977796756955 ], [ 11.567798546452289, 48.139778567978318 ], [ 11.567797649412318, 48.139760592135275 ], [ 11.567770792481639, 48.139761192537385 ], [ 11.567769895451901, 48.139743216693894 ], [ 11.567743038529704, 48.139743817089368 ], [ 11.567741244491575, 48.139707865401434 ], [ 11.567714387587213, 48.139708465789887 ], [ 11.567713490578823, 48.139690489945437 ], [ 11.567686633682939, 48.139691090327233 ], [ 11.567685736684787, 48.139673114482349 ], [ 11.567658879797381, 48.139673714857494 ], [ 11.567657085822423, 48.139637763166746 ], [ 11.567630228952853, 48.139638363534885 ], [ 11.56762933197605, 48.139620387689028 ], [ 11.56760247511496, 48.13962098805051 ], [ 11.567601578148391, 48.139603012204226 ], [ 11.567574721295777, 48.13960361255905 ], [ 11.567572927383992, 48.139567660865502 ], [ 11.567546070549215, 48.13956826121332 ], [ 11.567545173603994, 48.139550285366063 ], [ 11.567518316777695, 48.13955088570723 ], [ 11.567517419842712, 48.139532909859525 ], [ 11.567490563024892, 48.139533510194049 ], [ 11.567488769176274, 48.139497558497681 ], [ 11.56746191237629, 48.139498158825177 ], [ 11.567461015462655, 48.13948018297652 ], [ 11.567487872253283, 48.139479582649393 ], [ 11.567486975331171, 48.139461606801042 ], [ 11.567540688891075, 48.139460406128741 ], [ 11.567539791951129, 48.139442430281079 ], [ 11.567620362256328, 48.139440629226726 ], [ 11.567619465289187, 48.139422653380116 ], [ 11.567673178802881, 48.139421452646623 ], [ 11.567672281817904, 48.139403476800695 ], [ 11.567725995309372, 48.139402276042873 ], [ 11.567725098306559, 48.139384300197619 ], [ 11.567832525241522, 48.139381898608256 ], [ 11.567834319322881, 48.139417850295665 ], [ 11.567861176073139, 48.139417249881888 ], [ 11.567862970176725, 48.139453201568273 ], [ 11.567889826944818, 48.139452601147475 ], [ 11.567891621070633, 48.139488552832823 ], [ 11.567918477856562, 48.139487952405005 ], [ 11.567919374930142, 48.139505928247196 ], [ 11.56794623172455, 48.139505327812735 ], [ 11.567948025893061, 48.139541279496157 ], [ 11.567974882705306, 48.139540679054669 ], [ 11.567975779800236, 48.139558654895907 ], [ 11.568002636620959, 48.139558054447775 ], [ 11.56800443083217, 48.139594006129272 ], [ 11.568031287670728, 48.139593405674113 ], [ 11.568032184787009, 48.139611381514392 ], [ 11.568059041634044, 48.139610781052589 ], [ 11.568060835887954, 48.139646732732174 ], [ 11.568087692752826, 48.139646132263351 ], [ 11.568088589890456, 48.139664108102657 ], [ 11.568115446763805, 48.139663507627183 ], [ 11.568117241060417, 48.139699459304865 ], [ 11.568144097951603, 48.139698858822371 ], [ 11.568144995110583, 48.139716834660724 ], [ 11.568171852010247, 48.139716234171587 ], [ 11.568173646349557, 48.139752185847321 ], [ 11.568200503267057, 48.139751585351156 ], [ 11.568201400447386, 48.139769561188551 ], [ 11.568228257373365, 48.139768960685743 ], [ 11.568230051755375, 48.139804912359558 ], [ 11.568256908699189, 48.13980431184973 ], [ 11.568257805900869, 48.139822287686165 ], [ 11.568284662853161, 48.139821687169679 ], [ 11.568283765642123, 48.13980371133362 ], [ 11.568337479525358, 48.1398025102826 ], [ 11.568336582296482, 48.139784534447237 ], [ 11.568363439227426, 48.139783933912696 ], [ 11.568361644753601, 48.139747982242504 ], [ 11.568334787841373, 48.139748582776292 ], [ 11.568333890615136, 48.139730606940716 ], [ 11.568307033711386, 48.139731207467854 ], [ 11.568305239280264, 48.139695255795736 ], [ 11.568278382394348, 48.139695856315846 ], [ 11.568276587985453, 48.139659904642699 ], [ 11.568249731117376, 48.139660505155788 ], [ 11.568247936730709, 48.139624553481603 ], [ 11.568221079880466, 48.13962515398768 ], [ 11.568218388335127, 48.139571226474764 ], [ 11.568137817863342, 48.139573027951961 ], [ 11.568136023560317, 48.139537076274095 ], [ 11.568109166753343, 48.139537676753186 ], [ 11.568106475333469, 48.139483749234728 ], [ 11.568079618553687, 48.139484349706436 ], [ 11.568077824296877, 48.139448398026353 ], [ 11.568050967534933, 48.139448998491048 ], [ 11.568048276184378, 48.139395070969286 ], [ 11.568021419449625, 48.139395671426556 ], [ 11.568019625239028, 48.139359719744292 ], [ 11.568046481955067, 48.139359119287761 ], [ 11.568045584841729, 48.139341143446892 ], [ 11.5681261549565, 48.139339342040813 ], [ 11.568125257815971, 48.139321366201024 ], [ 11.568205827894765, 48.13931956473963 ], [ 11.568204930727042, 48.139301588900885 ], [ 11.5682586440898, 48.13930038789605 ], [ 11.568257746904241, 48.13928241205798 ], [ 11.568338316913716, 48.139280610504819 ], [ 11.568337419700967, 48.139262634667816 ], [ 11.568417989674463, 48.139260833059346 ], [ 11.568417092434522, 48.139242857223422 ], [ 11.568497662372039, 48.139241055559651 ], [ 11.568496765104907, 48.139223079724772 ], [ 11.568577335006445, 48.139221278005706 ], [ 11.568576437712121, 48.1392033021719 ], [ 11.568657007577679, 48.139201500397533 ], [ 11.568656110256164, 48.139183524564785 ], [ 11.568709823476761, 48.139182323351271 ], [ 11.568708926137409, 48.139164347519198 ], [ 11.568789495933647, 48.139162545653051 ], [ 11.568788598567105, 48.139144569822029 ], [ 11.568869168327364, 48.139142767900594 ], [ 11.568868270933628, 48.139124792070639 ], [ 11.568948840657907, 48.139122990093888 ], [ 11.56894794323698, 48.139105014264999 ], [ 11.56900165636339, 48.139103812916566 ], [ 11.569000758924632, 48.139085837088366 ], [ 11.569081328579585, 48.139084035019835 ], [ 11.569080431113633, 48.139066059192693 ], [ 11.569161000732608, 48.13906425706886 ], [ 11.569163693217309, 48.139118184546696 ], [ 11.569190549783281, 48.139117583825076 ], [ 11.569193242303962, 48.139171511301164 ], [ 11.569220098897123, 48.139170910572155 ], [ 11.569222791453786, 48.139224838046474 ], [ 11.569249648074138, 48.139224237310067 ], [ 11.569251443135023, 48.139260188958517 ], [ 11.56927829977321, 48.139259588215076 ], [ 11.569280992399198, 48.139313515686112 ], [ 11.569307849064577, 48.139312914935267 ], [ 11.569310541726546, 48.139366842404549 ], [ 11.569337398419115, 48.139366241646307 ], [ 11.569340091117066, 48.139420169113841 ], [ 11.569313234396427, 48.139420769873205 ], [ 11.569314131954812, 48.139438745695955 ], [ 11.569340988684809, 48.139438144936214 ], [ 11.569343681393308, 48.139492072402909 ], [ 11.569370538150498, 48.139491471635758 ], [ 11.569373230894978, 48.139545399100712 ], [ 11.569400087679361, 48.13954479832617 ], [ 11.569402780459823, 48.139598725789348 ], [ 11.569429637271396, 48.13959812500741 ], [ 11.569432330087841, 48.139652052468861 ], [ 11.569459186926606, 48.139651451679512 ], [ 11.569461879779034, 48.139705379139208 ], [ 11.569488736644994, 48.139704778342463 ], [ 11.569491429533402, 48.139758705800396 ], [ 11.569518286426552, 48.139758104996254 ], [ 11.569520979350946, 48.139812032452433 ], [ 11.569547836271289, 48.139811431640894 ], [ 11.569549631577326, 48.13984738327725 ], [ 11.569576488515503, 48.139846782458683 ], [ 11.569579181509225, 48.139900709911558 ], [ 11.569606038474594, 48.139900109085588 ], [ 11.569608731504299, 48.139954036536743 ], [ 11.56963558849686, 48.139953435703362 ], [ 11.56963828156255, 48.140007363152748 ], [ 11.569665138582303, 48.140006762311984 ], [ 11.569667831683978, 48.140060689759601 ], [ 11.569694688730923, 48.14006008891144 ], [ 11.569697381868581, 48.140114016357323 ], [ 11.569724238942719, 48.140113415501752 ], [ 11.569726932116358, 48.140167342945858 ], [ 11.569753789217691, 48.140166742082904 ], [ 11.569756482427316, 48.140220669525277 ], [ 11.56978333955584, 48.140220068654912 ], [ 11.569786032801451, 48.140273996095523 ], [ 11.569705461329024, 48.140275798691214 ], [ 11.569706359051247, 48.14029377450575 ], [ 11.569598930371608, 48.140296177880394 ], [ 11.569599828057282, 48.140314153696359 ], [ 11.569492399326148, 48.140316556972195 ], [ 11.569493296975269, 48.140334532789602 ], [ 11.56938586819264, 48.140336935966623 ], [ 11.569386765805213, 48.140354911785472 ], [ 11.569279336971089, 48.140357314863678 ], [ 11.569280234547112, 48.140375290683956 ], [ 11.56922652010606, 48.140376492186192 ], [ 11.569225622548753, 48.140358516365147 ], [ 11.569198765336266, 48.140359117106492 ], [ 11.569197867789196, 48.140341141285013 ], [ 11.569171010585187, 48.1403417420197 ], [ 11.569170113048353, 48.140323766197774 ], [ 11.569143255852824, 48.140324366925817 ], [ 11.569142358326225, 48.140306391103444 ], [ 11.569115501139175, 48.140306991824851 ], [ 11.569114603622813, 48.140289016002022 ], [ 11.569087746444241, 48.140289616716764 ], [ 11.569085951432868, 48.140253665070162 ], [ 11.56900537994802, 48.140255467174541 ], [ 11.569004482471724, 48.140237491350007 ], [ 11.568977625317707, 48.140238092038544 ], [ 11.568976727851648, 48.140220116213548 ], [ 11.56894987070611, 48.140220716895449 ], [ 11.568948075795342, 48.140184765244527 ], [ 11.56892121866764, 48.1401853659194 ], [ 11.568920321222931, 48.140167390093453 ], [ 11.568893464103709, 48.140167990761675 ], [ 11.568892566669236, 48.140150014935287 ], [ 11.568865709558491, 48.140150615596873 ], [ 11.568864812134255, 48.140132639770037 ], [ 11.568837955031988, 48.140133240424966 ], [ 11.568836160204869, 48.140097288770342 ], [ 11.568809303120435, 48.14009788941825 ], [ 11.568808405717551, 48.140079913590448 ], [ 11.568781548641599, 48.140080514231713 ], [ 11.56878065124895, 48.140062538403477 ], [ 11.568753794181474, 48.140063139038084 ], [ 11.568752896799063, 48.140045163209393 ], [ 11.568726039740067, 48.140045763837364 ], [ 11.568725142367891, 48.140027788008233 ], [ 11.568698285317373, 48.140028388629545 ], [ 11.568696490594371, 48.139992436970331 ], [ 11.568669633561688, 48.139993037584631 ], [ 11.568668736210864, 48.139975061754548 ], [ 11.568641879186659, 48.139975662362183 ], [ 11.568640981846071, 48.139957686531659 ], [ 11.568614124830345, 48.13995828713265 ], [ 11.568613227499991, 48.139940311301665 ], [ 11.568586370492744, 48.139940911896034 ], [ 11.568585473172627, 48.139922936064593 ], [ 11.568558616173856, 48.139923536652304 ], [ 11.568556821554974, 48.139887584988493 ], [ 11.568529964574042, 48.139888185569177 ], [ 11.568529067275273, 48.139870209736785 ], [ 11.568502210302819, 48.139870810310825 ], [ 11.568501313014288, 48.139852834477992 ], [ 11.568474456050311, 48.139853435045382 ], [ 11.568473558772016, 48.139835459212115 ], [ 11.568446701816518, 48.139836059772854 ], [ 11.568445804548459, 48.139818083939126 ], [ 11.56841894760144, 48.139818684493228 ], [ 11.568417153086672, 48.139782732824806 ], [ 11.568390296157487, 48.139783333371888 ], [ 11.568391193405075, 48.139801309206504 ], [ 11.568364336465656, 48.139801909747689 ], [ 11.568365233704764, 48.139819885582611 ], [ 11.568338376755108, 48.139820486117898 ], [ 11.568339273985741, 48.13983846195314 ], [ 11.568312417025847, 48.13983906248253 ], [ 11.568314211471032, 48.139875014153539 ], [ 11.568341068449637, 48.139874413623396 ], [ 11.568341965682903, 48.139892389458417 ], [ 11.568368822669987, 48.139891788921624 ], [ 11.568369719913489, 48.139909764756197 ], [ 11.568396576909052, 48.139909164212753 ], [ 11.56840016592928, 48.139981067548881 ], [ 11.568427022961393, 48.139980466997663 ], [ 11.568427920228002, 48.139998442831143 ], [ 11.568454777268594, 48.139997842273274 ], [ 11.56845567454544, 48.140015818106306 ], [ 11.56848253159451, 48.140015217541801 ], [ 11.568483428881592, 48.140033193374386 ], [ 11.568510285939139, 48.140032592803223 ], [ 11.568511183236458, 48.140050568635367 ], [ 11.568538040302485, 48.140049968057568 ], [ 11.56853893761004, 48.140067943889257 ], [ 11.568565794684543, 48.140067343304807 ], [ 11.568567589321004, 48.14010329496724 ], [ 11.568594446413345, 48.14010269437577 ], [ 11.568595343742249, 48.140120670206507 ], [ 11.56862220084307, 48.140120069608379 ], [ 11.56862309818221, 48.140138045438675 ], [ 11.568649955291509, 48.140137444833904 ], [ 11.568650852640888, 48.140155420663746 ], [ 11.568677709758663, 48.140154820052338 ], [ 11.568678607118276, 48.140172795881732 ], [ 11.56870546424453, 48.140172195263681 ], [ 11.56870636161438, 48.140190171092627 ], [ 11.568733218749113, 48.140189570467911 ], [ 11.568735910892007, 48.14024349795325 ], [ 11.568789625214981, 48.140242296682757 ], [ 11.568790522616419, 48.140260272510297 ], [ 11.568817379785944, 48.14025967186528 ], [ 11.568818277197616, 48.140277647692372 ], [ 11.568845134375621, 48.140277047040705 ], [ 11.568846031797531, 48.140295022867356 ], [ 11.568872888984012, 48.140294422209038 ], [ 11.568873786416159, 48.140312398035249 ], [ 11.568900643611121, 48.140311797370288 ], [ 11.568901541053503, 48.140329773196051 ], [ 11.568928398256942, 48.140329172524439 ], [ 11.568930193163059, 48.140365124174998 ], [ 11.568957050384332, 48.140364523496366 ], [ 11.568957947848066, 48.140382499321177 ], [ 11.56898480507782, 48.140381898635887 ], [ 11.568986600026639, 48.140417850284535 ], [ 11.568959742778169, 48.140418450970571 ], [ 11.568960640244539, 48.140436426795169 ], [ 11.568933782985834, 48.140437027475308 ], [ 11.568934680443725, 48.140455003300211 ], [ 11.568907823174783, 48.140455603974459 ], [ 11.568908720624195, 48.140473579799675 ], [ 11.568881863345018, 48.140474180468026 ], [ 11.56888276078595, 48.140492156293547 ], [ 11.568855903496537, 48.140492756956007 ], [ 11.568856800928993, 48.140510732781827 ], [ 11.568829943629341, 48.140511333438404 ], [ 11.56883084105332, 48.140529309264537 ], [ 11.568777126432664, 48.140530510559621 ], [ 11.568778023838806, 48.140548486386443 ], [ 11.568751166517803, 48.140549087024951 ], [ 11.568752063915465, 48.140567062852078 ], [ 11.568725206584226, 48.140567663484696 ], [ 11.568726103973411, 48.140585639312135 ], [ 11.568699246631935, 48.140586239938855 ], [ 11.56870014401264, 48.140604215766594 ], [ 11.568673286660928, 48.14060481638743 ], [ 11.568674184033156, 48.140622792215474 ], [ 11.568647326671208, 48.140623392830413 ], [ 11.568648224034954, 48.140641368658763 ], [ 11.56862136666277, 48.140641969267818 ], [ 11.568622264018041, 48.140659945096473 ], [ 11.568568549252319, 48.140661146296495 ], [ 11.56856944658975, 48.140679122125853 ], [ 11.568542589196216, 48.140679722716847 ] ] ] } },
{ "type": "Feature", "properties": { "height": 16.729713439941406 }, "geometry": { "type": "Polygon", "coordinates": [ [ [ 11.583912998666349, 48.140496941255833 ], [ 11.583912095977976, 48.140478965642799 ], [ 11.583885239012861, 48.140479569816989 ], [ 11.583882530981116, 48.140425642976325 ], [ 11.583855674043191, 48.140426247143097 ], [ 11.58385296604747, 48.140372320300678 ], [ 11.583826109136732, 48.14037292446006 ], [ 11.583823401177039, 48.140318997615871 ], [ 11.583796544293486, 48.140319601767843 ], [ 11.583793836369821, 48.140265674921906 ], [ 11.583766979513454, 48.140266279066466 ], [ 11.583764271625816, 48.140212352218761 ], [ 11.583737414796635, 48.140212956355924 ], [ 11.583734706945021, 48.140159029506442 ], [ 11.583707850143028, 48.140159633636195 ], [ 11.583705142327441, 48.140105706784972 ], [ 11.583678285552635, 48.140106310907321 ], [ 11.583675577773073, 48.140052384054336 ], [ 11.583648721025456, 48.140052988169273 ], [ 11.583646915862214, 48.140017036932854 ], [ 11.583620059132423, 48.140017641040764 ], [ 11.583617351422262, 48.139963714184475 ], [ 11.58359049471966, 48.139964318284974 ], [ 11.583587787045522, 48.139910391426923 ], [ 11.583560930370107, 48.139910995520026 ], [ 11.583558222731993, 48.139857068660199 ], [ 11.583531366083763, 48.13985767274589 ], [ 11.583528658481676, 48.139803745884329 ], [ 11.583501801860633, 48.139804349962603 ], [ 11.583499094294568, 48.139750423099265 ], [ 11.583472237700709, 48.139751027170142 ], [ 11.583469530170673, 48.139697100305057 ], [ 11.583442673604001, 48.13969770436853 ], [ 11.583439966109989, 48.139643777501682 ], [ 11.583413109570502, 48.139644381557751 ], [ 11.583412207083621, 48.139626405934948 ], [ 11.583439063613751, 48.139625801879262 ], [ 11.583437258623928, 48.139589850634202 ], [ 11.583410402112511, 48.139590454689127 ], [ 11.583407694662476, 48.139536527819892 ], [ 11.583380838178247, 48.139537131867414 ], [ 11.583379033234689, 48.139501180620165 ], [ 11.583352176768287, 48.139501784660659 ], [ 11.583349469387649, 48.139447857788113 ], [ 11.583322612948432, 48.139448461821196 ], [ 11.583319905603817, 48.139394534946895 ], [ 11.583293049191786, 48.139395138972581 ], [ 11.583290341883195, 48.139341212096518 ], [ 11.58326348549835, 48.139341816114786 ], [ 11.58326077822578, 48.139287889236968 ], [ 11.583233921868121, 48.139288493247847 ], [ 11.583231214631576, 48.139234566368259 ], [ 11.583204358301105, 48.139235170371727 ], [ 11.58320165110058, 48.139181243490377 ], [ 11.583174794797293, 48.139181847486434 ], [ 11.583172087632793, 48.139127920603336 ], [ 11.58314523135669, 48.139128524591996 ], [ 11.583142524228212, 48.139074597707129 ], [ 11.583115667979294, 48.139075201688385 ], [ 11.583112960886838, 48.139021274801763 ], [ 11.583086104665105, 48.139021878775601 ], [ 11.583084299959934, 48.13898592751675 ], [ 11.583030587551244, 48.138987135444111 ], [ 11.583027880556246, 48.138933208553034 ], [ 11.583001024378648, 48.138933812506188 ], [ 11.582998317419674, 48.138879885613356 ], [ 11.582971461269256, 48.138880489559085 ], [ 11.582968754346306, 48.138826562664505 ], [ 11.582941898223075, 48.13882716660283 ], [ 11.582939191336141, 48.138773239706474 ], [ 11.582992903525584, 48.138772031825816 ], [ 11.582992001212995, 48.138754056194315 ], [ 11.583072569462464, 48.138752244327456 ], [ 11.583071667122692, 48.138734268697029 ], [ 11.583179091405517, 48.138731852788283 ], [ 11.583178189029205, 48.13871387715929 ], [ 11.583258757203978, 48.138712065163034 ], [ 11.583257854800477, 48.138694089535122 ], [ 11.583338422939232, 48.138692277483571 ], [ 11.583337520508548, 48.138674301856717 ], [ 11.583444944643752, 48.138671885701726 ], [ 11.583444042176527, 48.138653910076336 ], [ 11.583524610240584, 48.138652097895395 ], [ 11.583523707746176, 48.138634122271057 ], [ 11.583631131781788, 48.138631705943567 ], [ 11.583630229250838, 48.138613730320664 ], [ 11.583737653234882, 48.138611313894373 ], [ 11.583736750667393, 48.138593338272926 ], [ 11.583844174599871, 48.138590921747827 ], [ 11.583843271995843, 48.13857294612783 ], [ 11.583923839907852, 48.138571133669323 ], [ 11.583925645172931, 48.138607084906972 ], [ 11.583952501160548, 48.138606480740833 ], [ 11.583959722331072, 48.13875028568566 ], [ 11.583986578392651, 48.138749681510227 ], [ 11.5839937996946, 48.138893486447593 ], [ 11.584020655830145, 48.138892882262859 ], [ 11.584028779946669, 48.139054662808682 ], [ 11.584055636165534, 48.139054058614271 ], [ 11.584060149641324, 48.139143936690957 ], [ 11.584087005906088, 48.139143332488381 ], [ 11.584089714030238, 48.139197259332427 ], [ 11.584116570322188, 48.139196655122447 ], [ 11.58411837576142, 48.13923260635071 ], [ 11.584145232071199, 48.139232002133696 ], [ 11.584147940264748, 48.139285928974431 ], [ 11.58417479660171, 48.13928532475002 ], [ 11.584177504831286, 48.139339251588993 ], [ 11.584204361195432, 48.139338647357171 ], [ 11.584207069461035, 48.139392574194382 ], [ 11.584233925852368, 48.139391969955156 ], [ 11.584234828618692, 48.139409945567046 ], [ 11.584261685018499, 48.139409341321169 ], [ 11.584262587795063, 48.13942731693259 ], [ 11.584289444203343, 48.13942671268007 ], [ 11.584290346990146, 48.139444688291071 ], [ 11.584317203406897, 48.139444084031886 ], [ 11.584319009001876, 48.139480035252909 ], [ 11.584345865436454, 48.139479430986697 ], [ 11.584346768244625, 48.139497406596732 ], [ 11.584373624687677, 48.139496802323876 ], [ 11.584374527506089, 48.139514777933449 ], [ 11.584401383957612, 48.13951417365395 ], [ 11.5844031896158, 48.139550124872152 ], [ 11.584430046085155, 48.139549520585611 ], [ 11.584430948924931, 48.139567496194218 ], [ 11.584457805402756, 48.13956689190104 ], [ 11.584458708252773, 48.139584867509207 ], [ 11.584485564739071, 48.139584263209386 ], [ 11.584487370460472, 48.139620214424745 ], [ 11.584514226964599, 48.139619610117897 ], [ 11.584515129835983, 48.139637585725097 ], [ 11.584541986348581, 48.139636981411591 ], [ 11.584542889230207, 48.139654957018344 ], [ 11.584569745751278, 48.139654352698194 ], [ 11.584571551535891, 48.139690303910726 ], [ 11.58459840807479, 48.139689699583542 ], [ 11.584599310977781, 48.139707675189328 ], [ 11.584626167525153, 48.139707070855508 ], [ 11.584627070438385, 48.139725046460839 ], [ 11.58465392699423, 48.139724442120354 ], [ 11.584655732842057, 48.139760393330079 ], [ 11.5846288762675, 48.13976099767131 ], [ 11.584630682100151, 48.139796948881497 ], [ 11.584603825505996, 48.139797553217214 ], [ 11.584604728414291, 48.139815528822588 ], [ 11.584577871809897, 48.139816133152422 ], [ 11.584579677610426, 48.139852084363696 ], [ 11.584552820986433, 48.139852688688023 ], [ 11.584553723878669, 48.139870664293944 ], [ 11.584526867244433, 48.139871268612374 ], [ 11.584527770128195, 48.139889244218608 ], [ 11.584500913483721, 48.139889848531155 ], [ 11.584502719235184, 48.139925799744141 ], [ 11.584475862571113, 48.139926404051181 ], [ 11.584476765438813, 48.139944379657962 ], [ 11.584449908764499, 48.13994498395909 ], [ 11.584451714483842, 48.139980935173199 ], [ 11.584424857789932, 48.139981539468813 ], [ 11.584425760641572, 48.139999515076148 ], [ 11.584398903937418, 48.140000119365872 ], [ 11.584399806780587, 48.14001809497352 ], [ 11.584372950066195, 48.140018699257361 ], [ 11.584374755736469, 48.140054650473189 ], [ 11.584347899002479, 48.140055254751509 ], [ 11.584348801829586, 48.140073230359697 ], [ 11.584321945085353, 48.14007383463214 ], [ 11.584323750723506, 48.140109785849063 ], [ 11.584296893959676, 48.140110390115993 ], [ 11.584297796770723, 48.140128365724728 ], [ 11.584270939996651, 48.140128969985767 ], [ 11.584271842799225, 48.140146945594807 ], [ 11.584244986014914, 48.140147549849964 ], [ 11.584246791603999, 48.14018350106862 ], [ 11.584219934800089, 48.140184105318248 ], [ 11.584220837586601, 48.14020208092785 ], [ 11.584193980772451, 48.14020268517158 ], [ 11.584195786329413, 48.140238636391338 ], [ 11.584168929495666, 48.140239240629562 ], [ 11.584169832266117, 48.140257216239711 ], [ 11.584142975422127, 48.140257820472058 ], [ 11.584143878184104, 48.140275796082506 ], [ 11.584117021329876, 48.140276400308956 ], [ 11.584118826837768, 48.140312351530419 ], [ 11.584091969963941, 48.140312955751362 ], [ 11.584092872709858, 48.140330931362364 ], [ 11.584066015825789, 48.14033153557741 ], [ 11.584067821301559, 48.140367486799974 ], [ 11.584040964397893, 48.140368091009513 ], [ 11.584041867127747, 48.140386066621062 ], [ 11.58401501021384, 48.140386670824711 ], [ 11.58401591293522, 48.140404646436572 ], [ 11.58398905601107, 48.140405250634316 ], [ 11.583990861437773, 48.1404412018586 ], [ 11.583964004494026, 48.140441806050852 ], [ 11.583964907199347, 48.140459781663267 ], [ 11.583938050245356, 48.1404603858496 ], [ 11.583939855639937, 48.140496337075007 ], [ 11.583912998666349, 48.140496941255833 ] ] ] } },
{ "type": "Feature", "properties": { "height": 17.554145812988281 }, "geometry": { "type": "Polygon", "coordinates": [ [ [ 11.574815245837758, 48.139225580118541 ], [ 11.574814346365637, 48.139207604372764 ], [ 11.574599494386151, 48.139212420489365 ], [ 11.574598594989764, 48.139194444740482 ], [ 11.574410599526971, 48.139198658510715 ], [ 11.574409700196959, 48.139180682759132 ], [ 11.574221704756507, 48.139184896219497 ], [ 11.574220805492875, 48.1391669204652 ], [ 11.574086523055771, 48.139169929889768 ], [ 11.574082926197175, 48.139098026864346 ], [ 11.574109782648927, 48.13909742499348 ], [ 11.574106185766995, 48.139025521968463 ], [ 11.574240467825431, 48.139022512527639 ], [ 11.574241367091377, 48.13904048828212 ], [ 11.574321936343939, 48.139038682541255 ], [ 11.574324634231269, 48.139092609800862 ], [ 11.574458916441609, 48.139089600101698 ], [ 11.57445981578593, 48.139107575852883 ], [ 11.574620954465415, 48.139103964004725 ], [ 11.574619155665374, 48.139068012506833 ], [ 11.574646012090158, 48.139067410510947 ], [ 11.574646911499093, 48.139085386259552 ], [ 11.57488861936673, 48.139079968011082 ], [ 11.574889518860756, 48.139097943756219 ], [ 11.574943231729254, 48.139096739631285 ], [ 11.574942332216514, 48.139078763886907 ], [ 11.575022901484584, 48.139076957653607 ], [ 11.575020202867446, 48.139023030423445 ], [ 11.575047059260305, 48.139022428334279 ], [ 11.575046159713661, 48.139004452591116 ], [ 11.575234154373513, 48.139000237794008 ], [ 11.575233254762257, 48.138982262053439 ], [ 11.575313823860908, 48.138980455618913 ], [ 11.575304827516108, 48.138800698220699 ], [ 11.575385396326137, 48.138798891741068 ], [ 11.575384496668432, 48.138780916001998 ], [ 11.575653059217696, 48.138774893999475 ], [ 11.57565215946731, 48.138756918264122 ], [ 11.576028146757256, 48.138748486412581 ], [ 11.576029046638631, 48.138766462142648 ], [ 11.576055902876375, 48.138765859820147 ], [ 11.576059502448114, 48.138837762738234 ], [ 11.576086358722401, 48.138837160407952 ], [ 11.576090858253687, 48.138927039052128 ], [ 11.576117714573876, 48.138926436713675 ], [ 11.576121314252193, 48.138998339626269 ], [ 11.576148170608928, 48.138997737280043 ], [ 11.57615177033877, 48.139069640189994 ], [ 11.576178626732048, 48.139069037835988 ], [ 11.576180426620972, 48.139104989289791 ], [ 11.575992431718527, 48.139109205641482 ], [ 11.575993331598816, 48.139127181370931 ], [ 11.575805336587697, 48.139131397418055 ], [ 11.575806236403368, 48.139149373150069 ], [ 11.575618241283573, 48.139153588892619 ], [ 11.575619141034631, 48.139171564627212 ], [ 11.575404289341432, 48.13917638224553 ], [ 11.575405189018516, 48.139194357983072 ], [ 11.575217193675217, 48.139198573072598 ], [ 11.575218093287686, 48.139216548812719 ], [ 11.574815245837758, 48.139225580118541 ] ] ] } },
{ "type": "Feature", "properties": { "height": 16.102500915527344 }, "geometry": { "type": "Polygon", "coordinates": [ [ [ 11.56997223724405, 48.140233838197723 ], [ 11.569971339430893, 48.140215862386761 ], [ 11.569944482308523, 48.140216463301023 ], [ 11.569942686703557, 48.140180511678103 ], [ 11.569915829599022, 48.140181112585346 ], [ 11.569913136226244, 48.140127185149346 ], [ 11.5698862791489, 48.140127786049177 ], [ 11.569883585812105, 48.140073858611423 ], [ 11.569856728761957, 48.140074459503857 ], [ 11.569854035461143, 48.140020532064341 ], [ 11.569827178438187, 48.140021132949386 ], [ 11.56982448517336, 48.139967205508121 ], [ 11.569797628177596, 48.139967806385762 ], [ 11.569794934948753, 48.139913878942735 ], [ 11.56976807798018, 48.139914479812973 ], [ 11.569765384787321, 48.139860552368212 ], [ 11.56973852784594, 48.139861153231038 ], [ 11.569735834689066, 48.139807225784523 ], [ 11.569708977774878, 48.139807826639952 ], [ 11.569706284653986, 48.139753899191689 ], [ 11.569679427766991, 48.139754500039722 ], [ 11.569676734682082, 48.139700572589696 ], [ 11.569649877822277, 48.139701173430332 ], [ 11.569647184773354, 48.139647245978551 ], [ 11.569620327940742, 48.139647846811783 ], [ 11.569616737258576, 48.139575943540265 ], [ 11.569589880462512, 48.139576544365731 ], [ 11.569587187488191, 48.139522616910249 ], [ 11.56956033071932, 48.139523217728289 ], [ 11.56955763778098, 48.139469290271059 ], [ 11.569530781039301, 48.13946989108171 ], [ 11.569528088136945, 48.139415963622717 ], [ 11.569501231422455, 48.139416564425972 ], [ 11.569499436177328, 48.139380612785551 ], [ 11.569445722783142, 48.139381814371745 ], [ 11.569443927578956, 48.139345862729535 ], [ 11.569417070899258, 48.139346463512467 ], [ 11.569415275717303, 48.139310511869226 ], [ 11.569388419055439, 48.139311112645146 ], [ 11.56938572631717, 48.139257185178636 ], [ 11.569358869682498, 48.139257785947152 ], [ 11.569356176980209, 48.139203858478886 ], [ 11.569329320372729, 48.139204459239998 ], [ 11.569326627706422, 48.139150531769985 ], [ 11.569299771126135, 48.139151132523708 ], [ 11.56929707849581, 48.139097205051939 ], [ 11.569270221942709, 48.139097805798258 ], [ 11.569268426878935, 48.139061854149297 ], [ 11.569241570343671, 48.139062454888588 ], [ 11.569239775302126, 48.139026503238625 ], [ 11.569320344849137, 48.139024701004189 ], [ 11.569319447301613, 48.139006725180245 ], [ 11.569400016812644, 48.139004922890507 ], [ 11.569399119237929, 48.138986947067608 ], [ 11.569479688712979, 48.138985144722582 ], [ 11.569478791111074, 48.138967168900741 ], [ 11.569586217028073, 48.138964765687774 ], [ 11.569585319389619, 48.138946789867376 ], [ 11.56966588879007, 48.138944987392946 ], [ 11.569664991124425, 48.138927011573614 ], [ 11.569718704034949, 48.138925809893401 ], [ 11.56971780635147, 48.138907834074743 ], [ 11.569798375682595, 48.138906031508526 ], [ 11.569797477971923, 48.138888055690941 ], [ 11.569904903697022, 48.138885652183056 ], [ 11.569904005949805, 48.1388676763669 ], [ 11.569957718788364, 48.138866474576091 ], [ 11.569959514321107, 48.138902426206819 ], [ 11.569986370757782, 48.138901825301261 ], [ 11.569989064091557, 48.138955752745709 ], [ 11.570015920555422, 48.138955151832747 ], [ 11.57001861392518, 48.139009079275439 ], [ 11.570045470416236, 48.139008478355088 ], [ 11.570048163821976, 48.139062405796032 ], [ 11.570128733374078, 48.139060602993929 ], [ 11.570127835543216, 48.139042627181482 ], [ 11.570208405059338, 48.139040824324084 ], [ 11.570207507201284, 48.139022848512695 ], [ 11.57028807668142, 48.139021045600003 ], [ 11.570287178796177, 48.139003069789673 ], [ 11.570367748240329, 48.13900126682168 ], [ 11.570366850327895, 48.138983291012416 ], [ 11.570447419736062, 48.138981487989142 ], [ 11.570446521796438, 48.138963512180936 ], [ 11.570527091168623, 48.138961709102347 ], [ 11.570526193201808, 48.1389437332952 ], [ 11.570606762538008, 48.13894193016133 ], [ 11.570605864544001, 48.138923954355242 ], [ 11.570686433844216, 48.138922151166064 ], [ 11.570685535823019, 48.138904175361048 ], [ 11.57076610508725, 48.138902372116569 ], [ 11.570765207038864, 48.138884396312612 ], [ 11.570845776267111, 48.138882593012845 ], [ 11.570844878191535, 48.138864617209947 ], [ 11.570925447383795, 48.138862813854878 ], [ 11.570924549281028, 48.138844838053039 ], [ 11.570978262052757, 48.138843635785733 ], [ 11.570977363932156, 48.13882565998459 ], [ 11.571057933055085, 48.138823856537734 ], [ 11.571057034907293, 48.138805880737642 ], [ 11.571137603994236, 48.138804077235491 ], [ 11.571136705819255, 48.138786101436466 ], [ 11.571163562170456, 48.13878550025693 ], [ 11.571166256726105, 48.138839427652663 ], [ 11.571193113104496, 48.138838826465715 ], [ 11.571195807696133, 48.138892753859707 ], [ 11.571222664101713, 48.138892152665356 ], [ 11.571225358729336, 48.138946080057593 ], [ 11.571252215162106, 48.138945478855845 ], [ 11.571254011603633, 48.138981430449562 ], [ 11.571280868054235, 48.138980829240786 ], [ 11.571283562751194, 48.139034756629727 ], [ 11.571310419228986, 48.139034155413555 ], [ 11.571313113961933, 48.139088082800747 ], [ 11.571339970466916, 48.139087481577164 ], [ 11.571342665235848, 48.139141408962601 ], [ 11.571369521768023, 48.139140807731629 ], [ 11.571372216572941, 48.139194735115304 ], [ 11.571399073132305, 48.139194133876927 ], [ 11.571401767973212, 48.139248061258847 ], [ 11.571428624559767, 48.139247460013074 ], [ 11.571431319436661, 48.139301387393239 ], [ 11.571458176050406, 48.139300786140062 ], [ 11.571460870963287, 48.139354713518479 ], [ 11.571487727604223, 48.139354112257898 ], [ 11.571490422553095, 48.139408039634567 ], [ 11.57151727922122, 48.139407438366582 ], [ 11.571519974206078, 48.139461365741496 ], [ 11.571546830901395, 48.139460764466122 ], [ 11.571549525922244, 48.13951469183926 ], [ 11.57157638264475, 48.139514090556496 ], [ 11.571579077701584, 48.139568017927893 ], [ 11.571605934451284, 48.139567416637711 ], [ 11.571608629544109, 48.139621344007367 ], [ 11.571635486320998, 48.139620742709788 ], [ 11.571638181449812, 48.139674670077682 ], [ 11.571665038253892, 48.139674068772692 ], [ 11.571667733418694, 48.139727996138831 ], [ 11.571694590249965, 48.139727394826458 ], [ 11.571696387049613, 48.139763346402781 ], [ 11.571723243898719, 48.139762745083367 ], [ 11.571725939132859, 48.139816672446216 ], [ 11.571752796009157, 48.139816071119405 ], [ 11.571755491279289, 48.139869998480485 ], [ 11.571648063656536, 48.13987240375463 ], [ 11.571648962044243, 48.13989037954304 ], [ 11.571541534369986, 48.139892784718363 ], [ 11.571542432721145, 48.139910760508201 ], [ 11.571461861928142, 48.139912564324995 ], [ 11.571462760252112, 48.139930540115891 ], [ 11.571355332478365, 48.139932945118687 ], [ 11.571356230765785, 48.139950920911019 ], [ 11.571248802940532, 48.139953325815 ], [ 11.571249701191404, 48.139971301608774 ], [ 11.571169130285156, 48.139973105222062 ], [ 11.571170028508837, 48.139991081016902 ], [ 11.571062600584098, 48.139993485748334 ], [ 11.571063498771228, 48.14001146154461 ], [ 11.570956070794987, 48.140013866177242 ], [ 11.570956968945566, 48.140031841974952 ], [ 11.570876397926078, 48.140033645384705 ], [ 11.570877296049469, 48.140051621183503 ], [ 11.570769867973743, 48.140054025643586 ], [ 11.570770766060583, 48.140072001443805 ], [ 11.570690194966479, 48.140073804724153 ], [ 11.570691093026131, 48.140091780525445 ], [ 11.57058366485092, 48.140094184812973 ], [ 11.570584562874018, 48.140112160615693 ], [ 11.570477134647307, 48.140114564804406 ], [ 11.570478032633856, 48.140132540608576 ], [ 11.570397461426518, 48.140134343685403 ], [ 11.570398359385875, 48.140152319490625 ], [ 11.570290931059684, 48.140154723506811 ], [ 11.570291828982491, 48.14017269931346 ], [ 11.5701844006048, 48.140175103230824 ], [ 11.57018529849106, 48.140193079038923 ], [ 11.570104727170488, 48.140194881912237 ], [ 11.570105625029553, 48.140212857721409 ], [ 11.569998196552383, 48.140215261466238 ], [ 11.569999094374898, 48.140233237276824 ], [ 11.56997223724405, 48.140233838197723 ] ] ] } },
{ "type": "Feature", "properties": { "height": 20.365928649902344 }, "geometry": { "type": "Polygon", "coordinates": [ [ [ 11.584807842505668, 48.139577011122434 ], [ 11.584806939534015, 48.139559035519206 ], [ 11.584780083067685, 48.139559639893882 ], [ 11.584779180106274, 48.139541664290206 ], [ 11.584752323648416, 48.139542268658225 ], [ 11.584751420697243, 48.139524293054095 ], [ 11.584724564247859, 48.139524897415491 ], [ 11.584722758366883, 48.139488946206257 ], [ 11.584695901935325, 48.139489550560612 ], [ 11.584694999005521, 48.139471574955515 ], [ 11.584668142582437, 48.139472179303226 ], [ 11.58466723966287, 48.139454203697674 ], [ 11.584640383248258, 48.139454808038735 ], [ 11.584638577430495, 48.13941885682668 ], [ 11.584611721033712, 48.139419461160713 ], [ 11.584609915238195, 48.139383509947606 ], [ 11.584583058859241, 48.139384114274613 ], [ 11.584582155972166, 48.139366138667583 ], [ 11.584555299601684, 48.139366742987939 ], [ 11.584554396724851, 48.139348767380469 ], [ 11.584527540362838, 48.13934937169418 ], [ 11.584526637496246, 48.139331396086249 ], [ 11.584499781142709, 48.139332000393303 ], [ 11.584497975430887, 48.13929604917648 ], [ 11.584471119095175, 48.139296653476514 ], [ 11.584469313405604, 48.139260702258653 ], [ 11.584442457087725, 48.13926130655166 ], [ 11.584438845756615, 48.139189404113594 ], [ 11.584411989475276, 48.13919000839882 ], [ 11.584412892297371, 48.13920798400882 ], [ 11.584332323419977, 48.139209796827991 ], [ 11.584330517832811, 48.139173845605654 ], [ 11.584303661557291, 48.139174449865429 ], [ 11.58430095321124, 48.13912052303025 ], [ 11.584274096962904, 48.139121127282614 ], [ 11.584272291422003, 48.139085176058067 ], [ 11.584245435191498, 48.139085780303397 ], [ 11.584243629672846, 48.13904982907782 ], [ 11.584216773460168, 48.139050433316122 ], [ 11.584215870711525, 48.139032457702839 ], [ 11.584242726914846, 48.139031853464914 ], [ 11.584241824157729, 48.139013877851966 ], [ 11.584349248924751, 48.139011460839086 ], [ 11.584348346131096, 48.138993485227566 ], [ 11.58442891466901, 48.138991672403229 ], [ 11.584428011848168, 48.13897369679276 ], [ 11.584535436515585, 48.138971279607382 ], [ 11.584537242233001, 48.139007230825179 ], [ 11.584564098416356, 48.139006626512405 ], [ 11.584563195547851, 48.138988650903919 ], [ 11.584590051720966, 48.138988046585247 ], [ 11.584589148843987, 48.138970070977074 ], [ 11.584642861168854, 48.138968862321683 ], [ 11.584641958274048, 48.138950886714206 ], [ 11.584829951317733, 48.1389466562255 ], [ 11.584828145399786, 48.138910705015626 ], [ 11.584935569901875, 48.138908287458612 ], [ 11.584934666906802, 48.138890311855079 ], [ 11.584988379133829, 48.138889103039716 ], [ 11.584985670097781, 48.138835176230998 ], [ 11.584958814012779, 48.138835780640683 ], [ 11.584956105012759, 48.138781853830196 ], [ 11.58487553683665, 48.13878366701821 ], [ 11.584876439807704, 48.138801642622909 ], [ 11.584795871595571, 48.138803455755635 ], [ 11.584796774539438, 48.1388214313614 ], [ 11.584823630620392, 48.138820826989715 ], [ 11.584825436529496, 48.138856778200285 ], [ 11.584744868227851, 48.138858591298806 ], [ 11.584745771155662, 48.138876566905132 ], [ 11.584611490588452, 48.13887958861249 ], [ 11.584612393470366, 48.138897564220635 ], [ 11.58455868121858, 48.13889877286045 ], [ 11.584554166911417, 48.138808894815256 ], [ 11.584500454749655, 48.138810103426209 ], [ 11.584502260432444, 48.13884605464601 ], [ 11.58452911653248, 48.13884545034292 ], [ 11.584531825091362, 48.138899377170965 ], [ 11.584424400573646, 48.138901794350282 ], [ 11.584425303390951, 48.138919769961007 ], [ 11.584398447249953, 48.138920374240541 ], [ 11.584395738828761, 48.138866447407025 ], [ 11.58436888271495, 48.138867051679149 ], [ 11.584367979919008, 48.138849076067459 ], [ 11.584341123813671, 48.138849680332932 ], [ 11.584344734965311, 48.13892158278081 ], [ 11.58429102267713, 48.138922791295997 ], [ 11.584291925448538, 48.138940766908547 ], [ 11.584238213138107, 48.138941975399412 ], [ 11.584235504882674, 48.138888048559274 ], [ 11.584128080363483, 48.138890465461216 ], [ 11.584125372228277, 48.138836538615912 ], [ 11.584098516124339, 48.138837142824592 ], [ 11.584091294544208, 48.138693337897685 ], [ 11.584064438514234, 48.138693942097063 ], [ 11.58405721706553, 48.138550137162703 ], [ 11.584030361109519, 48.138550741352773 ], [ 11.584029458441764, 48.138532765735292 ], [ 11.584110026279076, 48.138530953147395 ], [ 11.584109123584138, 48.138512977530972 ], [ 11.584216547317418, 48.138510560660855 ], [ 11.584215644585939, 48.138492585045881 ], [ 11.584296212348551, 48.138490772328595 ], [ 11.584295309589887, 48.138472796714694 ], [ 11.584402733223568, 48.138470379672057 ], [ 11.584401830428364, 48.138452404059592 ], [ 11.584482398116274, 48.138450591212923 ], [ 11.584481495293888, 48.138432615601531 ], [ 11.584535207062695, 48.138431407006493 ], [ 11.584536109903793, 48.138449382617125 ], [ 11.584562965796225, 48.138448778309822 ], [ 11.584565674352891, 48.138502705140183 ], [ 11.584592530272507, 48.138502100825477 ], [ 11.584596141731197, 48.138574003263443 ], [ 11.584622997687354, 48.138573398940949 ], [ 11.584626609197613, 48.1386453013763 ], [ 11.584653465190311, 48.138644697046026 ], [ 11.584655270969456, 48.138680648262536 ], [ 11.584682126979981, 48.138680043925213 ], [ 11.584681224080612, 48.138662068317387 ], [ 11.584788648076442, 48.13865965090698 ], [ 11.584787745140531, 48.138641675300597 ], [ 11.584868313100051, 48.138639862178103 ], [ 11.584867410136955, 48.138621886572786 ], [ 11.58494797806045, 48.138620073394996 ], [ 11.584947075070172, 48.138602097790745 ], [ 11.585027642957639, 48.138600284557683 ], [ 11.585026739940174, 48.138582308954504 ], [ 11.585080451842021, 48.138581100101852 ], [ 11.585082257915255, 48.138617051306653 ], [ 11.585109113883565, 48.138616446870174 ], [ 11.585111823028116, 48.138670373675694 ], [ 11.585138679023608, 48.138669769231804 ], [ 11.58514229126615, 48.138741671636708 ], [ 11.585088579199434, 48.138742880521235 ], [ 11.585090385288588, 48.138778831724778 ], [ 11.5851172413411, 48.138778227284895 ], [ 11.58512717499759, 48.138975958895273 ], [ 11.585154031152136, 48.138975354444931 ], [ 11.585163965018552, 48.13917308604276 ], [ 11.585137108761089, 48.139173690497259 ], [ 11.585140721065256, 48.139245592895897 ], [ 11.585113864769482, 48.139246197345649 ], [ 11.585116573978825, 48.139300124145045 ], [ 11.585089717654096, 48.13930072858966 ], [ 11.58509062071629, 48.139318704189691 ], [ 11.585063764381323, 48.139319308628416 ], [ 11.585064667435043, 48.139337284228759 ], [ 11.585037811089833, 48.139337888661601 ], [ 11.585038714135083, 48.139355864262257 ], [ 11.585011857779632, 48.139356468689193 ], [ 11.58501366385407, 48.139392419891067 ], [ 11.584986807479023, 48.139393024312497 ], [ 11.584988613538288, 48.139428975514846 ], [ 11.584961757143644, 48.139429579930756 ], [ 11.584962660165244, 48.139447555532207 ], [ 11.584935803760358, 48.139448159942226 ], [ 11.584937609787502, 48.139484111145684 ], [ 11.584910753363021, 48.139484715550196 ], [ 11.584911656368561, 48.139502691152188 ], [ 11.584884799933837, 48.139503295550817 ], [ 11.584886605928862, 48.139539246755362 ], [ 11.584859749474541, 48.13953985114847 ], [ 11.584860652464023, 48.13955782675103 ], [ 11.584833795999462, 48.139558431138248 ], [ 11.584834698980471, 48.139576406741106 ], [ 11.584807842505668, 48.139577011122434 ] ] ] } },
{ "type": "Feature", "properties": { "height": 13.441276550292969 }, "geometry": { "type": "Polygon", "coordinates": [ [ [ 11.580615328486596, 48.139077417547853 ], [ 11.580614426994352, 48.139059441883646 ], [ 11.580587570699832, 48.139060045274029 ], [ 11.580585767736702, 48.139024093944634 ], [ 11.580558911460013, 48.139024697327997 ], [ 11.580558009989131, 48.139006721662831 ], [ 11.580531153720914, 48.139007325039536 ], [ 11.580529350800507, 48.138971373708209 ], [ 11.580502494550123, 48.138971977077894 ], [ 11.580500691651958, 48.138936025745537 ], [ 11.580473835419403, 48.138936629108208 ], [ 11.580472032543483, 48.138900677774807 ], [ 11.580445176328759, 48.138901281130451 ], [ 11.580443373475081, 48.138865329796005 ], [ 11.580416517278186, 48.138865933144622 ], [ 11.580414714446752, 48.138829981809153 ], [ 11.580441570624934, 48.138829378461296 ], [ 11.580440669201186, 48.138811402793849 ], [ 11.580494381536191, 48.138810196080094 ], [ 11.580493480094614, 48.138792220413315 ], [ 11.580520336251434, 48.13879161704741 ], [ 11.580519434801383, 48.138773641380951 ], [ 11.580573147093666, 48.138772434631079 ], [ 11.580572245625783, 48.138754458965302 ], [ 11.580625957895823, 48.138753252191115 ], [ 11.580625056410113, 48.138735276526035 ], [ 11.580678768657908, 48.138734069727526 ], [ 11.580677867154368, 48.138716094063128 ], [ 11.580731579379918, 48.13871488724029 ], [ 11.580730677858549, 48.138696911576581 ], [ 11.580757533960643, 48.138696308156142 ], [ 11.5807566324308, 48.138678332492738 ], [ 11.58081034461363, 48.138677125633805 ], [ 11.580809443065956, 48.13865914997109 ], [ 11.580863155226544, 48.138657943087843 ], [ 11.580862253661039, 48.13863996742581 ], [ 11.580915965799383, 48.138638760518226 ], [ 11.58091506421605, 48.13862078485689 ], [ 11.58094192027454, 48.138620181394081 ], [ 11.580941018682735, 48.138602205733058 ], [ 11.580994730778356, 48.138600998789357 ], [ 11.580993829168721, 48.13858302312903 ], [ 11.581047541242096, 48.138581816161022 ], [ 11.581046639614632, 48.138563840501369 ], [ 11.581100351665764, 48.138562633509039 ], [ 11.581099450020471, 48.138544657850076 ], [ 11.581126306035356, 48.138544054344891 ], [ 11.581125404381591, 48.138526078686233 ], [ 11.58117911639, 48.138524871657793 ], [ 11.581178214718404, 48.138506895999832 ], [ 11.58123192670457, 48.138505688947077 ], [ 11.581231025015144, 48.138487713289805 ], [ 11.581284736979066, 48.138486506212729 ], [ 11.581283835271813, 48.138468530556139 ], [ 11.58133754721349, 48.138467323454741 ], [ 11.581336645488408, 48.13844934779884 ], [ 11.581390357407839, 48.138448140673127 ], [ 11.581392160896312, 48.138484091983358 ], [ 11.581419016873415, 48.138483488410337 ], [ 11.581419918628333, 48.138501464064973 ], [ 11.581446774613909, 48.138500860485308 ], [ 11.581448578145105, 48.138536811793621 ], [ 11.58147543414851, 48.138536208206922 ], [ 11.581476335924789, 48.138554183860592 ], [ 11.581503191936669, 48.138553580267249 ], [ 11.581504093723186, 48.138571555920471 ], [ 11.581530949743538, 48.138570952320492 ], [ 11.581532753337935, 48.138606903625956 ], [ 11.581559609376116, 48.138606300018949 ], [ 11.581560511183996, 48.138624275671198 ], [ 11.581587367230648, 48.138623672057541 ], [ 11.581589170867769, 48.138659623361079 ], [ 11.581616026932252, 48.138659019740388 ], [ 11.581616928761493, 48.138676995391684 ], [ 11.58164378483445, 48.138676391764356 ], [ 11.581645588514293, 48.138712343065961 ], [ 11.581672444605077, 48.138711739431599 ], [ 11.58167334645568, 48.138729715081922 ], [ 11.581700202554938, 48.138729111440917 ], [ 11.581701104415782, 48.138747087090792 ], [ 11.581727960523512, 48.138746483443136 ], [ 11.581729764266559, 48.13878243474192 ], [ 11.581756620392119, 48.13878183108725 ], [ 11.58175932604138, 48.138835758033778 ], [ 11.581651901421566, 48.138838172619437 ], [ 11.581652803268996, 48.138856148269667 ], [ 11.58157223476679, 48.138857959144218 ], [ 11.581573136587036, 48.138875934795514 ], [ 11.581465711867642, 48.13887834920866 ], [ 11.581466613651344, 48.138896324861392 ], [ 11.581386045074456, 48.138898135606553 ], [ 11.581386946830973, 48.138916111260357 ], [ 11.581279522012, 48.138918525500983 ], [ 11.581280423731975, 48.138936501156223 ], [ 11.581199855080406, 48.138938311772002 ], [ 11.581200756773192, 48.138956287428307 ], [ 11.581093331854648, 48.138958701496421 ], [ 11.581094233510893, 48.138976677154169 ], [ 11.581013664784642, 48.13897848764055 ], [ 11.581014566413701, 48.138996463299371 ], [ 11.580933997651435, 48.138998273730465 ], [ 11.580934899253309, 48.139016249390345 ], [ 11.580827474187169, 48.139018663212212 ], [ 11.5808283757525, 48.139036638873542 ], [ 11.580747806915554, 48.139038449175246 ], [ 11.580748708453699, 48.139056424837634 ], [ 11.580641283287987, 48.139058838486974 ], [ 11.580642184789589, 48.139076814150819 ], [ 11.580615328486596, 48.139077417547853 ] ] ] } },
{ "type": "Feature", "properties": { "height": 5.676971435546875 }, "geometry": { "type": "Polygon", "coordinates": [ [ [ 11.578224950684472, 48.138591220980416 ], [ 11.578223149400516, 48.138555269581197 ], [ 11.578196293318392, 48.138555872408148 ], [ 11.578194492056674, 48.138519921007884 ], [ 11.578248204182618, 48.138518715349242 ], [ 11.578249104831748, 48.13853669104865 ], [ 11.578275960902753, 48.138536088209541 ], [ 11.578278662883502, 48.138590015306207 ], [ 11.578224950684472, 48.138591220980416 ] ] ] } },
{ "type": "Feature", "properties": { "height": 46.515892028808594 }, "geometry": { "type": "Polygon", "coordinates": [ [ [ 11.57448127612586, 48.138999119388018 ], [ 11.574478578083324, 48.138945192134166 ], [ 11.574156301650314, 48.138952415187823 ], [ 11.574155402416842, 48.138934439431878 ], [ 11.573537705781003, 48.13894828108581 ], [ 11.5735359077471, 48.138912329556355 ], [ 11.573562764113545, 48.138911727815028 ], [ 11.573546581798468, 48.138588164044165 ], [ 11.573868856106127, 48.138580942740809 ], [ 11.573869755228426, 48.138598918501927 ], [ 11.574782865396298, 48.138578453226735 ], [ 11.574783764837592, 48.138596428974942 ], [ 11.574891189533712, 48.1385940208175 ], [ 11.574892089013312, 48.138611996564137 ], [ 11.574945801374801, 48.138610792447054 ], [ 11.574947600374065, 48.138646743938573 ], [ 11.5749744565722, 48.13864614186987 ], [ 11.574975356082511, 48.138664117615164 ], [ 11.575002212289121, 48.138663515539797 ], [ 11.575010308005764, 48.138825297240878 ], [ 11.574983451714944, 48.138825899319613 ], [ 11.574984351234063, 48.138843875064218 ], [ 11.574957494933006, 48.138844477137063 ], [ 11.574958394443652, 48.138862452881966 ], [ 11.574985250754063, 48.138861850808738 ], [ 11.574986150274944, 48.138879826553193 ], [ 11.575013006593831, 48.138879224473314 ], [ 11.575013906124951, 48.138897200217322 ], [ 11.575040762452314, 48.138896598130785 ], [ 11.575041661993669, 48.138914573874338 ], [ 11.575014805656949, 48.138915175961252 ], [ 11.575015705189831, 48.138933151705132 ], [ 11.574988848842873, 48.138933753786134 ], [ 11.574989748367278, 48.138951729530326 ], [ 11.57490917929305, 48.138953535736874 ], [ 11.574910078790268, 48.138971511482119 ], [ 11.574829509680043, 48.138973317633386 ], [ 11.574830409150071, 48.138991293379696 ], [ 11.57448127612586, 48.138999119388018 ] ] ] } },
{ "type": "Feature", "properties": { "height": 18.100860595703125 }, "geometry": { "type": "Polygon", "coordinates": [ [ [ 11.575276172004662, 48.138765348886807 ], [ 11.575274372768511, 48.138729397405299 ], [ 11.575247516533285, 48.138729999544857 ], [ 11.575243918108979, 48.138658096579512 ], [ 11.57532448669974, 48.138656290146564 ], [ 11.575323587067798, 48.138638314406194 ], [ 11.575431011805721, 48.138635905742646 ], [ 11.575430112137235, 48.138617930003711 ], [ 11.575510680653357, 48.138616123441359 ], [ 11.575509780957683, 48.13859814770349 ], [ 11.575617205596085, 48.13859573886743 ], [ 11.575616305863866, 48.138577763131003 ], [ 11.575723730450745, 48.138575354196149 ], [ 11.575722830681983, 48.138557378461158 ], [ 11.575803399084823, 48.138555571695306 ], [ 11.575802499288871, 48.138537595961374 ], [ 11.575883067655713, 48.138535789140242 ], [ 11.575883967479731, 48.138553764873045 ], [ 11.575910823609606, 48.138553162586412 ], [ 11.57591352311502, 48.138607089783235 ], [ 11.57594037927208, 48.138606487489206 ], [ 11.575943078813493, 48.138660414684288 ], [ 11.575969934997742, 48.138659812382848 ], [ 11.575972634575157, 48.138713739576168 ], [ 11.575892065935557, 48.138715546465065 ], [ 11.575892965768389, 48.138733522197171 ], [ 11.575570691018415, 48.138740749193005 ], [ 11.575571590739852, 48.138758724929566 ], [ 11.575276172004662, 48.138765348886807 ] ] ] } },
{ "type": "Feature", "properties": { "height": 15.270912170410156 }, "geometry": { "type": "Polygon", "coordinates": [ [ [ 11.571990913838196, 48.139738755760462 ], [ 11.571990015335887, 48.139720779976415 ], [ 11.571963158514293, 48.139721381357759 ], [ 11.571961361531026, 48.139685429788713 ], [ 11.571934504727265, 48.139686031163038 ], [ 11.57193270776623, 48.13965007959294 ], [ 11.571905850980304, 48.139650680960244 ], [ 11.571903155573425, 48.139596753603456 ], [ 11.57187629881469, 48.139597354963364 ], [ 11.571874501899883, 48.139561403391063 ], [ 11.57184764515898, 48.139562004743944 ], [ 11.571845848266408, 48.139526053170613 ], [ 11.57181899154334, 48.139526654516473 ], [ 11.571818093107728, 48.139508678729335 ], [ 11.571871806534269, 48.139507476032101 ], [ 11.571870908080825, 48.139489500245638 ], [ 11.571951478185964, 48.139487696153914 ], [ 11.57195057970533, 48.139469720368524 ], [ 11.572084863149515, 48.139466713425449 ], [ 11.572083964622975, 48.139448737641871 ], [ 11.572110821299814, 48.139448136234826 ], [ 11.572109024230663, 48.139412184668224 ], [ 11.572082167572535, 48.139412786074509 ], [ 11.572080370525619, 48.139376834506862 ], [ 11.572053513885324, 48.139377435906148 ], [ 11.572051716860638, 48.139341484337464 ], [ 11.572024860238178, 48.139342085729709 ], [ 11.57202216473582, 48.139288158375052 ], [ 11.571995308140551, 48.139288759759886 ], [ 11.571993511162091, 48.139252808189013 ], [ 11.571966654584656, 48.139253409566827 ], [ 11.571963959151637, 48.139199482208873 ], [ 11.571937102601392, 48.139200083579304 ], [ 11.571935305669157, 48.139164132006222 ], [ 11.571908449136746, 48.139164733369611 ], [ 11.571906652226744, 48.139128781795513 ], [ 11.571879795712166, 48.139129383151875 ], [ 11.571877100381833, 48.139075455789069 ], [ 11.571850243894445, 48.139076057138034 ], [ 11.57184844703067, 48.139040105561726 ], [ 11.571821590561116, 48.139040706903678 ], [ 11.571819793719571, 48.13900475532634 ], [ 11.571792937267849, 48.139005356661251 ], [ 11.571790242040205, 48.138951429293598 ], [ 11.571763385615673, 48.138952030621127 ], [ 11.571761588820355, 48.138916079041593 ], [ 11.571734732413656, 48.13891668036208 ], [ 11.57173293564057, 48.138880728781523 ], [ 11.571706079251706, 48.138881330095003 ], [ 11.571706977628454, 48.138899305885694 ], [ 11.57165326482937, 48.138900508494579 ], [ 11.571654163188285, 48.138918484285952 ], [ 11.571573593954996, 48.138920288153393 ], [ 11.57157449228672, 48.138938263945832 ], [ 11.571520779441412, 48.138939466493532 ], [ 11.571521677755303, 48.13895744228666 ], [ 11.571494821321975, 48.138958043551483 ], [ 11.571492126411014, 48.138904116170757 ], [ 11.571465270004875, 48.138904717428183 ], [ 11.571463473420678, 48.138868765839945 ], [ 11.571436617032374, 48.138869367090344 ], [ 11.57143482047041, 48.138833415501068 ], [ 11.571407964099938, 48.138834016744447 ], [ 11.57140526929166, 48.138780089358882 ], [ 11.571378412948379, 48.138780690594864 ], [ 11.571376616432637, 48.138744739003371 ], [ 11.571403472757206, 48.13874413776815 ], [ 11.571402574491298, 48.138726161972691 ], [ 11.571456287119085, 48.1387249594842 ], [ 11.571455388835345, 48.138706983689417 ], [ 11.571535957742356, 48.138705179910794 ], [ 11.571535059431424, 48.138687204117076 ], [ 11.571588772012989, 48.138686001567393 ], [ 11.571587873684226, 48.138668025774365 ], [ 11.571641586243556, 48.138666823200353 ], [ 11.571640687896959, 48.138648847408021 ], [ 11.57172125670129, 48.138647043501109 ], [ 11.571720358327504, 48.138629067709822 ], [ 11.571774070840611, 48.138627865074632 ], [ 11.571773172448991, 48.138609889284027 ], [ 11.571853741183984, 48.138608085285348 ], [ 11.571852842765178, 48.138590109495809 ], [ 11.571906555232061, 48.138588906799434 ], [ 11.571905656795419, 48.138570931010584 ], [ 11.571986225461078, 48.13856912692011 ], [ 11.571985326997247, 48.138551151132326 ], [ 11.572039039417907, 48.138549948374759 ], [ 11.572038140936243, 48.13853197258765 ], [ 11.572118709532564, 48.138530168405403 ], [ 11.572117811023713, 48.138512192619359 ], [ 11.572171523398147, 48.138510989800608 ], [ 11.572172421925714, 48.138528965585898 ], [ 11.572199278120967, 48.138528364166731 ], [ 11.57220017665877, 48.138546339951567 ], [ 11.572307601468413, 48.138543934210716 ], [ 11.572308500044521, 48.138561909993989 ], [ 11.572335356254088, 48.138561308542727 ], [ 11.572337153427656, 48.138597260108291 ], [ 11.572364009655056, 48.138596658650002 ], [ 11.572364908252515, 48.138614634432315 ], [ 11.572338052015759, 48.138615235890981 ], [ 11.572340747785351, 48.13866916323861 ], [ 11.572367604050177, 48.138668561778822 ], [ 11.572369401253017, 48.138704513342795 ], [ 11.572396257535674, 48.138703911875972 ], [ 11.572397156147773, 48.138721887657489 ], [ 11.572424012438905, 48.138721286184015 ], [ 11.57242491106124, 48.138739261965092 ], [ 11.57245176736085, 48.138738660484975 ], [ 11.572452665993421, 48.138756636265597 ], [ 11.57247952230151, 48.138756034778837 ], [ 11.572480420944315, 48.138774010559011 ], [ 11.572507277260879, 48.138773409065607 ], [ 11.572508175913921, 48.138791384845334 ], [ 11.572535032238962, 48.138790783345279 ], [ 11.572535930902241, 48.138808759124551 ], [ 11.572562787235757, 48.138808157617852 ], [ 11.572563685909273, 48.138826133396691 ], [ 11.572590542251268, 48.138825531883342 ], [ 11.572591440935019, 48.138843507661733 ], [ 11.572618297285489, 48.138842906141733 ], [ 11.572620094674345, 48.138878857697549 ], [ 11.57264695104265, 48.138878256170528 ], [ 11.572647849747755, 48.138896231947939 ], [ 11.572674706124534, 48.138895630414282 ], [ 11.572675604839878, 48.138913606191274 ], [ 11.572702461225132, 48.138913004650945 ], [ 11.572703359950712, 48.138930980427482 ], [ 11.572730216344443, 48.138930378880524 ], [ 11.572731115080259, 48.138948354656605 ], [ 11.572757971482467, 48.138947753102997 ], [ 11.572758870228519, 48.138965728878638 ], [ 11.572812583049009, 48.138964525751867 ], [ 11.572813481814656, 48.138982501526684 ], [ 11.572840338232936, 48.138981899953521 ], [ 11.572841237008817, 48.138999875727883 ], [ 11.572894949861453, 48.138998672561982 ], [ 11.572895848656929, 48.139016648335527 ], [ 11.572922705091283, 48.139016046742796 ], [ 11.572923603896996, 48.139034022515894 ], [ 11.572977316781776, 48.13903281931087 ], [ 11.572978215607082, 48.139050795083136 ], [ 11.573031928507053, 48.139049591852284 ], [ 11.573032827351954, 48.139067567623748 ], [ 11.573086540267118, 48.139066364367046 ], [ 11.57308743913161, 48.139084340137664 ], [ 11.573168008525824, 48.139082535204473 ], [ 11.573168907419268, 48.139100510973904 ], [ 11.573222620363055, 48.139099307652998 ], [ 11.573223519276093, 48.139117283421605 ], [ 11.573277232235071, 48.139116080074871 ], [ 11.573278131167701, 48.139134055842646 ], [ 11.57335870062764, 48.139132250774388 ], [ 11.573359599589221, 48.139150226540963 ], [ 11.573467025560904, 48.139147819694003 ], [ 11.573467924560793, 48.139165795459007 ], [ 11.573575350555817, 48.139163388510205 ], [ 11.57357804767304, 48.139217315800266 ], [ 11.573604904197664, 48.139216714046263 ], [ 11.57360670229893, 48.13925266557186 ], [ 11.573552989211374, 48.139253869075119 ], [ 11.573553888244611, 48.139271844838568 ], [ 11.57350017513482, 48.139273048317492 ], [ 11.573501074150226, 48.139291024081636 ], [ 11.573420504450866, 48.139292829254131 ], [ 11.573421403439081, 48.139310805019335 ], [ 11.573367690283058, 48.139312008437066 ], [ 11.573368589253443, 48.139329984202945 ], [ 11.573314876075182, 48.139331187596362 ], [ 11.573315775027734, 48.139349163362937 ], [ 11.573235205225673, 48.139350968407165 ], [ 11.573236104151034, 48.139368944174798 ], [ 11.573182390926545, 48.139370147507009 ], [ 11.573183289834073, 48.139388123275332 ], [ 11.57312957658735, 48.139389326583235 ], [ 11.573130475477043, 48.139407302352247 ], [ 11.573049905572287, 48.1394091072682 ], [ 11.573050804434791, 48.139427083038257 ], [ 11.572997091141836, 48.139428286284975 ], [ 11.572997989986508, 48.139446262055728 ], [ 11.572917420012406, 48.139448066879893 ], [ 11.572918318829887, 48.139466042651712 ], [ 11.572864605490704, 48.139467245837224 ], [ 11.57286550429035, 48.139485221609732 ], [ 11.572811790928935, 48.139486424770929 ], [ 11.572812689710748, 48.139504400544105 ], [ 11.572732119633951, 48.139506205240004 ], [ 11.572733018388574, 48.139524181014259 ], [ 11.572679304980927, 48.139525384114265 ], [ 11.572680203717717, 48.13954335988921 ], [ 11.572626490287837, 48.139544562964886 ], [ 11.572627389006794, 48.139562538740513 ], [ 11.5725468188273, 48.139564343308123 ], [ 11.572547717519067, 48.139582319084816 ], [ 11.572494004042957, 48.139583522099301 ], [ 11.572494902716889, 48.139601497876676 ], [ 11.572414332468053, 48.139603302352519 ], [ 11.572415231114796, 48.139621278130953 ], [ 11.572361517592457, 48.139622481084253 ], [ 11.572362416221365, 48.139640456863368 ], [ 11.572308702676795, 48.139641659792346 ], [ 11.572309601287868, 48.139659635572144 ], [ 11.572229030936338, 48.13966143991972 ], [ 11.572229929520223, 48.139679415700584 ], [ 11.572176215929423, 48.139680618568363 ], [ 11.572177114495471, 48.139698594349916 ], [ 11.572123400882438, 48.139699797193373 ], [ 11.572124299430655, 48.139717772975608 ], [ 11.572043728976434, 48.139719577194896 ], [ 11.572044627497457, 48.139737552978204 ], [ 11.571990913838196, 48.139738755760462 ] ] ] } },
{ "type": "Feature", "properties": { "height": 4.5574798583984375 }, "geometry": { "type": "Polygon", "coordinates": [ [ [ 11.582568410128552, 48.138349675008101 ], [ 11.582565703678075, 48.138295748091366 ], [ 11.582538847823155, 48.13829635193057 ], [ 11.582537043545967, 48.138260400651653 ], [ 11.582563899382173, 48.138259796813209 ], [ 11.582562997235549, 48.138241821174034 ], [ 11.582697276356555, 48.138238801889692 ], [ 11.582699080744247, 48.138274753164204 ], [ 11.582725936584509, 48.13827414928776 ], [ 11.582728643200742, 48.138328076197887 ], [ 11.582701787332413, 48.138328680075446 ], [ 11.582702689530235, 48.138346655712404 ], [ 11.582568410128552, 48.138349675008101 ] ] ] } },
{ "type": "Feature", "properties": { "height": 15.754951477050781 }, "geometry": { "type": "Polygon", "coordinates": [ [ [ 11.580332343135144, 48.138795840477101 ], [ 11.580331441750586, 48.138777864807999 ], [ 11.58030458559694, 48.13877846812963 ], [ 11.580303684222622, 48.138760492460086 ], [ 11.58027682807745, 48.138761095775074 ], [ 11.580275926713369, 48.138743120105076 ], [ 11.58024907057667, 48.13874372341342 ], [ 11.580247267869872, 48.138707772072443 ], [ 11.580220411751004, 48.138708375373767 ], [ 11.580219510408284, 48.13869039970281 ], [ 11.580192654297889, 48.138691002997476 ], [ 11.580191752965408, 48.138673027326071 ], [ 11.580164896863488, 48.138673630614079 ], [ 11.580163094219886, 48.138637679270303 ], [ 11.580136238135797, 48.138638282551284 ], [ 11.580135336824675, 48.138620306878906 ], [ 11.580108480749056, 48.138620910153271 ], [ 11.580107579448175, 48.138602934480438 ], [ 11.58008072338103, 48.138603537748139 ], [ 11.580078920800627, 48.138567586401514 ], [ 11.580052064751314, 48.138568189662195 ], [ 11.580051163471792, 48.138550213988395 ], [ 11.58002430743095, 48.138550817242432 ], [ 11.580023406161668, 48.138532841568193 ], [ 11.5799965501293, 48.138533444815572 ], [ 11.579995648870256, 48.138515469140884 ], [ 11.579968792846362, 48.13851607238162 ], [ 11.579967891597557, 48.138498096706485 ], [ 11.579994747612096, 48.13849749346614 ], [ 11.579993846354816, 48.138479517791303 ], [ 11.580047558362532, 48.138478311292545 ], [ 11.580046657087424, 48.138460335618412 ], [ 11.580100369072897, 48.138459129095324 ], [ 11.580099467779959, 48.138441153421866 ], [ 11.580153179743188, 48.138439946874456 ], [ 11.580152278432422, 48.138421971201701 ], [ 11.580205990373409, 48.138420764629963 ], [ 11.580205089044812, 48.13840278895789 ], [ 11.580258800963557, 48.138401582361851 ], [ 11.580257899617131, 48.138383606690461 ], [ 11.580311611513634, 48.138382400070078 ], [ 11.580310710149378, 48.138364424399391 ], [ 11.580364422023637, 48.138363217754701 ], [ 11.580363520641551, 48.138345242084682 ], [ 11.58044408841825, 48.138343432071764 ], [ 11.580443187008981, 48.138325456402818 ], [ 11.580496898836989, 48.138324249696943 ], [ 11.580495997409889, 48.138306274028679 ], [ 11.580549709215655, 48.138305067298489 ], [ 11.580548807770725, 48.138287091630922 ], [ 11.580602519554247, 48.138285884876403 ], [ 11.580601618091489, 48.13826790920951 ], [ 11.580655329852767, 48.138266702430691 ], [ 11.580654428372181, 48.138248726764473 ], [ 11.580708140111216, 48.138247519961311 ], [ 11.580705435618615, 48.138193592964583 ], [ 11.580759147297984, 48.13819238613862 ], [ 11.580758245783505, 48.138174410473653 ], [ 11.580811957440629, 48.138173203623367 ], [ 11.58081105590832, 48.138155227959096 ], [ 11.580864767543202, 48.138154021084489 ], [ 11.580863865993063, 48.138136045420914 ], [ 11.580890721799825, 48.138135441974583 ], [ 11.580892524919696, 48.138171393300929 ], [ 11.580946236567991, 48.138170186387946 ], [ 11.580945334988902, 48.138152210725558 ], [ 11.58097219080237, 48.138151607260049 ], [ 11.580973092390815, 48.138169582922053 ], [ 11.580999948212757, 48.138168979449887 ], [ 11.581000849811439, 48.138186955111451 ], [ 11.581027705641855, 48.138186351632633 ], [ 11.581028607250776, 48.138204327293742 ], [ 11.581055463089662, 48.138203723808267 ], [ 11.581056364708823, 48.138221699468943 ], [ 11.581083220556183, 48.138221095976839 ], [ 11.581084122185581, 48.138239071637052 ], [ 11.581110978041414, 48.13823846813829 ], [ 11.581111879681053, 48.138256443798063 ], [ 11.581138735545361, 48.138255840292665 ], [ 11.581139637195239, 48.138273815951976 ], [ 11.581166493068016, 48.13827321243992 ], [ 11.581167394728134, 48.138291188098798 ], [ 11.581221106489755, 48.138289981055131 ], [ 11.581222909850059, 48.138325932371146 ], [ 11.581249765748257, 48.138325328839159 ], [ 11.581250667439091, 48.138343304496679 ], [ 11.581277523345761, 48.138342700958034 ], [ 11.581278425046834, 48.138360676615122 ], [ 11.581305280961978, 48.138360073069826 ], [ 11.581307084385484, 48.138396024383027 ], [ 11.581280228451629, 48.138396627929069 ], [ 11.581281130155348, 48.138414603585929 ], [ 11.581254274211254, 48.138415207126101 ], [ 11.581255175906504, 48.138433182783274 ], [ 11.581201463996951, 48.138434389845536 ], [ 11.581202365674372, 48.138452365503397 ], [ 11.581175509708917, 48.138452969025508 ], [ 11.581176411377861, 48.138470944683682 ], [ 11.581149555402167, 48.138471548199902 ], [ 11.581150457062641, 48.138489523858389 ], [ 11.581096745089891, 48.138490730872753 ], [ 11.581097646732534, 48.138508706531937 ], [ 11.581043934737538, 48.138509913521979 ], [ 11.581044836362352, 48.138527889181852 ], [ 11.581017980354176, 48.138528492667852 ], [ 11.581018881970516, 48.138546468328023 ], [ 11.580911457891551, 48.138548882210848 ], [ 11.580912359471352, 48.138566857872462 ], [ 11.58085864740786, 48.138568064777019 ], [ 11.58085954896983, 48.138586040439314 ], [ 11.580832692927402, 48.138586643882569 ], [ 11.580833594480902, 48.138604619545184 ], [ 11.580779882374685, 48.138605826413624 ], [ 11.580780783910354, 48.138623802076928 ], [ 11.580727071781896, 48.138625008921053 ], [ 11.580727973299735, 48.138642984585033 ], [ 11.580701117224825, 48.138643587998082 ], [ 11.58070201873419, 48.138661563662374 ], [ 11.58064830656301, 48.138662770470397 ], [ 11.580649208054547, 48.138680746135371 ], [ 11.580595495861122, 48.138681952919086 ], [ 11.580596397334828, 48.138699928584742 ], [ 11.580569541227437, 48.138700531967572 ], [ 11.58057044269267, 48.138718507633556 ], [ 11.580516730456523, 48.138719714381146 ], [ 11.580517631903929, 48.138737690047819 ], [ 11.580463919645537, 48.138738896771095 ], [ 11.580464821075113, 48.138756872438456 ], [ 11.580437964935237, 48.138757475791067 ], [ 11.580438866356337, 48.138775451458727 ], [ 11.580385154055227, 48.138776658145908 ], [ 11.580386055458497, 48.13879463381425 ], [ 11.580332343135144, 48.138795840477101 ] ] ] } },
{ "type": "Feature", "properties": { "height": 18.089073181152344 }, "geometry": { "type": "Polygon", "coordinates": [ [ [ 11.575215262722143, 48.138622747227451 ], [ 11.57521256394652, 48.138568820001154 ], [ 11.575185707793739, 48.138569422124782 ], [ 11.575183009054113, 48.13851549489673 ], [ 11.575102440674687, 48.138517301226585 ], [ 11.575103340225613, 48.138535276970465 ], [ 11.574995915669955, 48.138537685323996 ], [ 11.574993217132096, 48.138483758087617 ], [ 11.574966361019047, 48.13848436015919 ], [ 11.574964562016927, 48.138448408667166 ], [ 11.574991418111262, 48.138447806596339 ], [ 11.574990518602167, 48.138429830850605 ], [ 11.575071086851818, 48.138428024601652 ], [ 11.575070187315536, 48.138410048856983 ], [ 11.57515075552919, 48.138408242552735 ], [ 11.575149855965719, 48.138390266809132 ], [ 11.575257280200836, 48.138387858317209 ], [ 11.575256380600822, 48.138369882575041 ], [ 11.57528323664804, 48.138369280436763 ], [ 11.575282337039551, 48.138351304694901 ], [ 11.575362905147857, 48.138349498243585 ], [ 11.575362005512179, 48.138331522502803 ], [ 11.575442573584489, 48.138329715996178 ], [ 11.575441673921622, 48.138311740256455 ], [ 11.575522241957936, 48.138309933694558 ], [ 11.575521342267882, 48.138291957955886 ], [ 11.575601910268196, 48.138290151338694 ], [ 11.575601010550955, 48.138272175601088 ], [ 11.575681578515271, 48.138270368928602 ], [ 11.575680678770842, 48.138252393192062 ], [ 11.575734390723936, 48.138251188713149 ], [ 11.575737090015998, 48.138305115920303 ], [ 11.575763946019292, 48.138304513670313 ], [ 11.57576574557045, 48.138340465140644 ], [ 11.575792601591575, 48.138339862883619 ], [ 11.575795300952992, 48.138393790087484 ], [ 11.575822157001303, 48.138393187823063 ], [ 11.575824856398716, 48.138447115025158 ], [ 11.575851712474217, 48.138446512753333 ], [ 11.575854411907629, 48.138500439953674 ], [ 11.575746987488074, 48.138502849007892 ], [ 11.57574788726355, 48.138520824742706 ], [ 11.575667318911561, 48.138522631468675 ], [ 11.57566821865985, 48.138540607204554 ], [ 11.575614506402072, 48.13854181165793 ], [ 11.575612706943803, 48.138505860184587 ], [ 11.575585850832304, 48.138506462401125 ], [ 11.575586750551642, 48.138524438138205 ], [ 11.575479326059416, 48.138526846943137 ], [ 11.575480225742211, 48.138544822681666 ], [ 11.575399657335719, 48.138546629220677 ], [ 11.575402356305183, 48.138600556439251 ], [ 11.575321787806557, 48.138602362925226 ], [ 11.575322687436737, 48.138620338665739 ], [ 11.575215262722143, 48.138622747227451 ] ] ] } },
{ "type": "Feature", "properties": { "height": 14.607353210449219 }, "geometry": { "type": "Polygon", "coordinates": [ [ [ 11.581890901006672, 48.138778812719771 ], [ 11.581889097151352, 48.138742861425513 ], [ 11.581862241048919, 48.138743465110785 ], [ 11.58186133913194, 48.138725489463184 ], [ 11.581834483037982, 48.13872609314182 ], [ 11.581833581131242, 48.138708117493756 ], [ 11.581806725045755, 48.138708721165735 ], [ 11.581800411788802, 48.138582891624772 ], [ 11.581827267808793, 48.138582287955437 ], [ 11.581819150743522, 48.138420507115455 ], [ 11.581846006678429, 48.138419903443278 ], [ 11.58183879149451, 48.138276098250508 ], [ 11.581865647353684, 48.138275494575062 ], [ 11.581856628359716, 48.138095738081667 ], [ 11.582205753232337, 48.138087889779719 ], [ 11.582210263326411, 48.138177768002677 ], [ 11.582237119126439, 48.138177164241363 ], [ 11.582243433360738, 48.138302993747956 ], [ 11.582270289225375, 48.138302389977717 ], [ 11.582275701516787, 48.138410243835544 ], [ 11.582302557436677, 48.138409640056757 ], [ 11.582309773949543, 48.138553445193622 ], [ 11.582336629943397, 48.138552841405541 ], [ 11.58234384658765, 48.138696646534932 ], [ 11.582290134449361, 48.138697854110852 ], [ 11.582291036515155, 48.138715829752478 ], [ 11.582210468273027, 48.138717641070485 ], [ 11.582211370311637, 48.13873561671317 ], [ 11.582103945939009, 48.138738031717601 ], [ 11.582104847941075, 48.138756007361735 ], [ 11.582024279624262, 48.13875781855036 ], [ 11.582025181599144, 48.138775794195553 ], [ 11.581890901006672, 48.138778812719771 ] ] ] } },
{ "type": "Feature", "properties": { "height": 18.364158630371094 }, "geometry": { "type": "Polygon", "coordinates": [ [ [ 11.572806291714134, 48.138838695326214 ], [ 11.572805392955532, 48.13882071955085 ], [ 11.572778536620579, 48.138821321114357 ], [ 11.57277763787221, 48.138803345338545 ], [ 11.572750781545736, 48.138803946895401 ], [ 11.572749882807605, 48.138785971119148 ], [ 11.572723026489603, 48.138786572669353 ], [ 11.572721229034695, 48.138750621115861 ], [ 11.572694372734526, 48.138751222659053 ], [ 11.572693474017751, 48.13873324688182 ], [ 11.57266661772606, 48.138733848418369 ], [ 11.572665719019518, 48.138715872640702 ], [ 11.572638862736303, 48.138716474170586 ], [ 11.572637964039998, 48.138698498392472 ], [ 11.57261110776526, 48.138699099915712 ], [ 11.572609310394006, 48.138663148358518 ], [ 11.5725824541371, 48.138663749874745 ], [ 11.572580656788077, 48.138627798316513 ], [ 11.572553800549006, 48.138628399825713 ], [ 11.572552003222215, 48.138592448266458 ], [ 11.572525147000974, 48.13859304976863 ], [ 11.57252334969642, 48.138557098208338 ], [ 11.572496493493013, 48.138557699703497 ], [ 11.572493797570845, 48.13850377236141 ], [ 11.572466941394628, 48.138504373849152 ], [ 11.572464245508449, 48.138450446505324 ], [ 11.572437389359422, 48.138451047985669 ], [ 11.572435592125084, 48.138415096422008 ], [ 11.572462448255401, 48.138414494942417 ], [ 11.572461549630196, 48.138396519160864 ], [ 11.572542117987796, 48.138394714685596 ], [ 11.572541219335401, 48.138376738905109 ], [ 11.57259493155069, 48.138375535891001 ], [ 11.572594032880462, 48.138357560111189 ], [ 11.572647745073516, 48.138356357072766 ], [ 11.572646846385457, 48.138338381293643 ], [ 11.57272741464037, 48.138336576690094 ], [ 11.572726515925124, 48.138318600912051 ], [ 11.572780228071952, 48.138317397812429 ], [ 11.572779329338873, 48.138299422035054 ], [ 11.572833041463468, 48.138298218911125 ], [ 11.572832142712555, 48.138280243134432 ], [ 11.572912710864779, 48.138278438402629 ], [ 11.57291181208668, 48.138260462627002 ], [ 11.572965524165047, 48.138259259441881 ], [ 11.572964625369115, 48.138241283666943 ], [ 11.573018337425252, 48.138240080457479 ], [ 11.573017438611487, 48.138222104683237 ], [ 11.57307115064539, 48.138220901449451 ], [ 11.573070251813792, 48.138202925675884 ], [ 11.573150819829976, 48.138201120779328 ], [ 11.573149920971192, 48.13818314500682 ], [ 11.573203632958869, 48.138181941711863 ], [ 11.573202734082251, 48.138163965940038 ], [ 11.573256446047694, 48.138162762620759 ], [ 11.573257344943025, 48.138180738391824 ], [ 11.573284200933781, 48.138180136722404 ], [ 11.573285998745794, 48.138216088263583 ], [ 11.573312854754384, 48.138215486587129 ], [ 11.573314652588628, 48.13825143812727 ], [ 11.57334150861505, 48.138250836443795 ], [ 11.57334330647153, 48.138286787982913 ], [ 11.573370162515785, 48.138286186292412 ], [ 11.573371960394498, 48.1383221378305 ], [ 11.573398816456583, 48.138321536132977 ], [ 11.573400614357531, 48.138357487670028 ], [ 11.57342747043745, 48.138356885965486 ], [ 11.573431066287334, 48.138428789037249 ], [ 11.573457922403797, 48.138428187324926 ], [ 11.573461518305191, 48.138500090394061 ], [ 11.573434662151303, 48.138500692107904 ], [ 11.573435561119497, 48.138518667875381 ], [ 11.573354992624484, 48.138520472980403 ], [ 11.573355891565489, 48.138538448748946 ], [ 11.573302179212366, 48.1385396521217 ], [ 11.573303078135538, 48.13855762789094 ], [ 11.573222509571185, 48.138559432904167 ], [ 11.573223408467166, 48.138577408674472 ], [ 11.57319655226793, 48.138578010333383 ], [ 11.573197451155439, 48.138595986103986 ], [ 11.573170594945967, 48.138596587757014 ], [ 11.573171493824999, 48.138614563527945 ], [ 11.57314463760529, 48.138615165175075 ], [ 11.573145536475845, 48.138633140946304 ], [ 11.5731186802459, 48.138633742587537 ], [ 11.57311957910798, 48.138651718359064 ], [ 11.573092722867797, 48.138652319994407 ], [ 11.5730936217214, 48.138670295766261 ], [ 11.573066765470982, 48.138670897395713 ], [ 11.57306766431611, 48.138688873167858 ], [ 11.573040808055453, 48.138689474791413 ], [ 11.573041706892104, 48.138707450563878 ], [ 11.573014850621213, 48.138708052181542 ], [ 11.573015749449388, 48.13872602795432 ], [ 11.572988893168258, 48.138726629566087 ], [ 11.572989791987958, 48.13874460533917 ], [ 11.572962935696591, 48.138745206945046 ], [ 11.572963834507814, 48.138763182718435 ], [ 11.572936978206213, 48.138763784318428 ], [ 11.572937877008957, 48.138781760092108 ], [ 11.57291102069712, 48.138782361686211 ], [ 11.572911919491389, 48.138800337460211 ], [ 11.572885063169315, 48.138800939048409 ], [ 11.572885961955107, 48.138818914822714 ], [ 11.572859105622795, 48.138819516405036 ], [ 11.572860004400113, 48.138837492179647 ], [ 11.572806291714134, 48.138838695326214 ] ] ] } },
{ "type": "Feature", "properties": { "height": 18.743820190429688 }, "geometry": { "type": "Polygon", "coordinates": [ [ [ 11.567396539208232, 48.139265673413583 ], [ 11.567395642324731, 48.13924769756327 ], [ 11.567368785653109, 48.139248297866679 ], [ 11.567366991907454, 48.139212346165095 ], [ 11.567340135253666, 48.139212946461498 ], [ 11.567337444669842, 48.139159018907456 ], [ 11.567310588043247, 48.139159619196455 ], [ 11.567311484894287, 48.139177595048245 ], [ 11.567204058341696, 48.139179996143042 ], [ 11.567201367903493, 48.139126068582947 ], [ 11.567067084833347, 48.139129069804724 ], [ 11.567065291305839, 48.139093118093889 ], [ 11.566850438497648, 48.139097919716669 ], [ 11.566851335186108, 48.139115895575138 ], [ 11.566824478571776, 48.139116495750145 ], [ 11.566826271932619, 48.139152447467623 ], [ 11.566799415298696, 48.139153047637116 ], [ 11.566802105318473, 48.139206975213938 ], [ 11.566452968632637, 48.139214776861479 ], [ 11.566453865186014, 48.139232752725185 ], [ 11.566400151817847, 48.139233952885341 ], [ 11.566389393459838, 48.139018242507419 ], [ 11.566362536886718, 48.139018842573584 ], [ 11.566354468285391, 48.138857059780236 ], [ 11.566327611795606, 48.138857659836738 ], [ 11.566318646859992, 48.138677901167135 ], [ 11.566291790462895, 48.138678501213619 ], [ 11.566281929238045, 48.138480766664919 ], [ 11.56625507294299, 48.138481366701001 ], [ 11.566248797738892, 48.138355535617585 ], [ 11.566436791327357, 48.138351335251876 ], [ 11.566435894807647, 48.138333359385165 ], [ 11.566704456908695, 48.138327358333569 ], [ 11.566703560296295, 48.13830938247056 ], [ 11.566810985074705, 48.138306981875886 ], [ 11.566816364986821, 48.138414837043868 ], [ 11.566843221235366, 48.138414236877267 ], [ 11.566844117899814, 48.138432212737975 ], [ 11.566951542922641, 48.138429812007367 ], [ 11.566950646220766, 48.138411836148151 ], [ 11.567084927432759, 48.138408835095696 ], [ 11.567084030684981, 48.138390859238307 ], [ 11.567218311828237, 48.138387858031003 ], [ 11.567217415034554, 48.138369882175425 ], [ 11.567297983681899, 48.138368081376925 ], [ 11.56730067414979, 48.138422008940061 ], [ 11.567327530391886, 48.138421408660243 ], [ 11.567332014569384, 48.138511287928893 ], [ 11.567358870857383, 48.138510687640903 ], [ 11.567362458252617, 48.138582591053073 ], [ 11.567389314577165, 48.138581990757316 ], [ 11.567393798887752, 48.138671870019088 ], [ 11.567420655258202, 48.138671269715182 ], [ 11.567425139637532, 48.138761148973359 ], [ 11.567451996053887, 48.138760548661281 ], [ 11.567455583610585, 48.138832452065081 ], [ 11.56748244006349, 48.13883185174523 ], [ 11.567485130768306, 48.138885779296224 ], [ 11.567511987248402, 48.138885178968984 ], [ 11.567514677989195, 48.138939106518215 ], [ 11.567541534496479, 48.138938506183578 ], [ 11.567544225273247, 48.138992433731055 ], [ 11.567571081807726, 48.138991833389021 ], [ 11.567573772620468, 48.139045760934749 ], [ 11.56760062918214, 48.139045160585312 ], [ 11.567602423080407, 48.139081112281367 ], [ 11.567629279659913, 48.139080511924909 ], [ 11.567631073580408, 48.139116463619935 ], [ 11.567657930177749, 48.139115863256457 ], [ 11.567659724120471, 48.139151814950459 ], [ 11.567686580735646, 48.139151214579947 ], [ 11.567688374700595, 48.139187166272926 ], [ 11.567634661431937, 48.139188367009169 ], [ 11.567635558397015, 48.139206342856291 ], [ 11.567554988459371, 48.139208143914772 ], [ 11.567555885397256, 48.139226119762959 ], [ 11.567502172082387, 48.139227320438017 ], [ 11.567503069002438, 48.139245296286902 ], [ 11.567422498995475, 48.13924709725358 ], [ 11.567423395888333, 48.139265073103523 ], [ 11.567396539208232, 48.139265673413583 ] ] ] } },
{ "type": "Feature", "properties": { "height": 17.422035217285156 }, "geometry": { "type": "Polygon", "coordinates": [ [ [ 11.581904928422041, 48.137986676824745 ], [ 11.581894105584915, 48.137770969027613 ], [ 11.581867249989472, 48.137771572704978 ], [ 11.58186544621436, 48.137735621403735 ], [ 11.582080290803498, 48.137730791815265 ], [ 11.582083898656636, 48.137802694405359 ], [ 11.582110754263725, 48.13780209067707 ], [ 11.582118872069156, 48.137963871497362 ], [ 11.582092016377866, 48.137964475229055 ], [ 11.582092918351307, 48.137982450875789 ], [ 11.581904928422041, 48.137986676824745 ] ] ] } },
{ "type": "Feature", "properties": { "height": 17.477428436279297 }, "geometry": { "type": "Polygon", "coordinates": [ [ [ 11.573756935939844, 48.138493471128115 ], [ 11.573756036860257, 48.138475495365086 ], [ 11.57372918072541, 48.13847609714751 ], [ 11.573727382587586, 48.138440145620486 ], [ 11.573700526470573, 48.138440747395883 ], [ 11.57369782929851, 48.13838682010369 ], [ 11.573670973208683, 48.138387421871677 ], [ 11.573669175117089, 48.138351470342457 ], [ 11.573642319045096, 48.138352072103437 ], [ 11.573640520975736, 48.138316120573172 ], [ 11.573613664921574, 48.138316722327119 ], [ 11.573610967852206, 48.13826279503008 ], [ 11.573584111825232, 48.138263396776622 ], [ 11.573582313802103, 48.138227445244162 ], [ 11.57355545779296, 48.138228046983684 ], [ 11.573553659792061, 48.138192095450201 ], [ 11.573526803800753, 48.138192697182689 ], [ 11.57352500582209, 48.138156745648175 ], [ 11.573498149848611, 48.138157347373642 ], [ 11.573495452915287, 48.138103420070202 ], [ 11.573468596968997, 48.138104021788273 ], [ 11.573466799036563, 48.138068070251542 ], [ 11.573493654964141, 48.138067468534231 ], [ 11.573492755989887, 48.138049492766143 ], [ 11.573573323739272, 48.138047687577711 ], [ 11.573572424737829, 48.138029711810688 ], [ 11.573626136547638, 48.138028508321135 ], [ 11.573625237528365, 48.138010532554802 ], [ 11.573678949315939, 48.138009329040933 ], [ 11.573678050278835, 48.137991353275282 ], [ 11.573758617925526, 48.137989547958583 ], [ 11.573757718861234, 48.137971572193997 ], [ 11.573811430602579, 48.13797036861893 ], [ 11.573810531520456, 48.137952392855034 ], [ 11.573891099097803, 48.137950587446561 ], [ 11.573890199988492, 48.137932611683716 ], [ 11.573943911683608, 48.137931408047471 ], [ 11.573943012556466, 48.137913432285316 ], [ 11.57399672422935, 48.137912228624756 ], [ 11.573995825084376, 48.137894252863283 ], [ 11.574076392559029, 48.13789244732655 ], [ 11.574079090080795, 48.137946374607353 ], [ 11.574105945931986, 48.137945772748111 ], [ 11.574108643489749, 48.137999700027166 ], [ 11.574135499368127, 48.137999098160513 ], [ 11.574138196961883, 48.138053025437806 ], [ 11.574165052867448, 48.138052423563757 ], [ 11.574167750497196, 48.138106350839301 ], [ 11.57419460642995, 48.138105748957848 ], [ 11.574196404872897, 48.138141700473781 ], [ 11.574142692969083, 48.138142904231934 ], [ 11.574145390583972, 48.138196831507571 ], [ 11.574172246564387, 48.138196229630502 ], [ 11.574174944215269, 48.138250156904384 ], [ 11.574255512235435, 48.138248351232157 ], [ 11.574256411482226, 48.138266326988848 ], [ 11.574283267496542, 48.138265725085184 ], [ 11.574285965270265, 48.138319652353715 ], [ 11.574312821311771, 48.138319050442647 ], [ 11.574316418393156, 48.138390953464864 ], [ 11.574343274471204, 48.138390351546022 ], [ 11.574346871604105, 48.138462254565638 ], [ 11.574320015488631, 48.138462856485994 ], [ 11.574320914764701, 48.1384808322411 ], [ 11.573756935939844, 48.138493471128115 ] ] ] } },
{ "type": "Feature", "properties": { "height": 18.620353698730469 }, "geometry": { "type": "Polygon", "coordinates": [ [ [ 11.579858665110466, 48.138464558251712 ], [ 11.579857763901733, 48.138446582574858 ], [ 11.57983090791085, 48.138447185782724 ], [ 11.579830006712355, 48.138429210105421 ], [ 11.579803150729946, 48.138429813306651 ], [ 11.579802249541691, 48.138411837628908 ], [ 11.579775393567754, 48.138412440823465 ], [ 11.579774492389738, 48.138394465145275 ], [ 11.579747636424276, 48.13839506833321 ], [ 11.579745834089602, 48.138359116975856 ], [ 11.579718978141969, 48.138359720156757 ], [ 11.57971807698531, 48.1383417444776 ], [ 11.579691221046154, 48.13834234765185 ], [ 11.579690319899735, 48.138324371972246 ], [ 11.579717175829536, 48.138323768798379 ], [ 11.579716274674643, 48.138305793119066 ], [ 11.579743130594208, 48.138305189939302 ], [ 11.579742229430842, 48.138287214260309 ], [ 11.579715373520633, 48.138287817439689 ], [ 11.57971357121526, 48.138251866080751 ], [ 11.579686715322882, 48.138252469253118 ], [ 11.579687616465771, 48.138270444932999 ], [ 11.579660760563154, 48.138271048099469 ], [ 11.579658958296969, 48.138235096738882 ], [ 11.579632102412184, 48.138235699898331 ], [ 11.57963030016824, 48.138199748536699 ], [ 11.579603444301283, 48.138200351689115 ], [ 11.579601642079583, 48.13816440032646 ], [ 11.579574786230454, 48.138165003471855 ], [ 11.579572984030994, 48.138129052108155 ], [ 11.579546128199697, 48.13812965524653 ], [ 11.57954432602248, 48.138093703881793 ], [ 11.579490614394658, 48.138094910138221 ], [ 11.579489713326083, 48.138076934454993 ], [ 11.579462857520205, 48.138077537573416 ], [ 11.579461055404419, 48.138041586206015 ], [ 11.579434199616369, 48.13804218931741 ], [ 11.579432397522824, 48.138006237948957 ], [ 11.579405541752605, 48.138006841053333 ], [ 11.579403739681299, 48.137970889683842 ], [ 11.579430595432807, 48.13797028658022 ], [ 11.579429694389123, 48.137952310895763 ], [ 11.57948340587078, 48.137951104670471 ], [ 11.579482504809267, 48.137933128986688 ], [ 11.579536216268682, 48.137931922737081 ], [ 11.579535315189338, 48.137913947053981 ], [ 11.579589026626513, 48.137912740780045 ], [ 11.579588125529341, 48.137894765097649 ], [ 11.579641836944274, 48.137893558799384 ], [ 11.579640935829273, 48.137875583117676 ], [ 11.579694647221965, 48.137874376795104 ], [ 11.579693746089134, 48.137856401114071 ], [ 11.579774313143485, 48.137854591584315 ], [ 11.579773411983471, 48.137836615904355 ], [ 11.579827123329915, 48.137835409520605 ], [ 11.57982622215207, 48.137817433841327 ], [ 11.579879933476272, 48.137816227433248 ], [ 11.579879032280598, 48.137798251754653 ], [ 11.57993274358256, 48.137797045322259 ], [ 11.579931842369056, 48.137779069644353 ], [ 11.580012409287312, 48.137777259949864 ], [ 11.580011508046622, 48.137759284273031 ], [ 11.580065219302336, 48.137758077779459 ], [ 11.580064318043819, 48.137740102103315 ], [ 11.580118029277291, 48.137738895585407 ], [ 11.580117128000945, 48.137720919909938 ], [ 11.580170839212172, 48.13771971336773 ], [ 11.580169937917999, 48.13770173769295 ], [ 11.580196793512934, 48.137701134412815 ], [ 11.580197694816462, 48.137719110087211 ], [ 11.580224550419871, 48.137718506800432 ], [ 11.580225451733638, 48.137736482474381 ], [ 11.580252307345519, 48.137735879180944 ], [ 11.580254109994415, 48.137771830527882 ], [ 11.580280965624125, 48.137771227227425 ], [ 11.580282768295261, 48.137807178573318 ], [ 11.580309623942799, 48.137806575265842 ], [ 11.580310525289049, 48.137824550938298 ], [ 11.580337380945059, 48.137823947624184 ], [ 11.580339183658916, 48.137859898968145 ], [ 11.580366039332755, 48.137859295646997 ], [ 11.580367842068855, 48.137895246989928 ], [ 11.580394697760525, 48.137894643661753 ], [ 11.580396500518864, 48.13793059500366 ], [ 11.580423356228362, 48.137929991668436 ], [ 11.580426060400562, 48.137983918679652 ], [ 11.580452916137245, 48.137983315337038 ], [ 11.5804538175391, 48.13800129100693 ], [ 11.58050752902853, 48.138000084302135 ], [ 11.580510233295524, 48.138054011309109 ], [ 11.580537089066981, 48.138053407946181 ], [ 11.580540694806089, 48.138125310619643 ], [ 11.580567550614088, 48.138124707248927 ], [ 11.580572057854615, 48.13821458558732 ], [ 11.580518346144176, 48.138215792326278 ], [ 11.580519247576218, 48.138233767994492 ], [ 11.580465535843535, 48.138234974709128 ], [ 11.580466437257748, 48.138252950378039 ], [ 11.580439581380727, 48.138253553726329 ], [ 11.580440482786466, 48.13827152939556 ], [ 11.580386771011064, 48.138272736074079 ], [ 11.580387672398974, 48.138290711743991 ], [ 11.580333960601328, 48.138291918398203 ], [ 11.580334861971409, 48.138309894068797 ], [ 11.580254294240254, 48.138311704004217 ], [ 11.580255195583149, 48.138329679675884 ], [ 11.58017462781598, 48.138331489556016 ], [ 11.580175529131688, 48.138349465228742 ], [ 11.580121817263786, 48.138350671784899 ], [ 11.580120915966788, 48.138332696111419 ], [ 11.580094060040866, 48.13833329937971 ], [ 11.580093158754106, 48.138315323705783 ], [ 11.580039446918331, 48.138316530222809 ], [ 11.580040348186378, 48.138334505897497 ], [ 11.580067204114064, 48.13833390264174 ], [ 11.580068105392348, 48.138351878315987 ], [ 11.580041249455308, 48.13835248157212 ], [ 11.580042150725122, 48.138370457246673 ], [ 11.579988438829677, 48.138371663740905 ], [ 11.579989340081662, 48.13838963941614 ], [ 11.579962484123259, 48.138390242654232 ], [ 11.579963385366771, 48.138408218329772 ], [ 11.579936529398129, 48.138408821561967 ], [ 11.579937430633166, 48.13842679723782 ], [ 11.579910574654287, 48.138427400464131 ], [ 11.579911475880849, 48.138445376140297 ], [ 11.579884619891732, 48.138445979360718 ], [ 11.579885521109823, 48.138463955037196 ], [ 11.579858665110466, 48.138464558251712 ] ] ] } },
{ "type": "Feature", "properties": { "height": 17.103683471679688 }, "geometry": { "type": "Polygon", "coordinates": [ [ [ 11.567765356558329, 48.139113461739825 ], [ 11.567764459550856, 48.139095485894224 ], [ 11.567737602966387, 48.139096086282422 ], [ 11.567734911977317, 48.139042158744083 ], [ 11.56770805542004, 48.13904275912487 ], [ 11.567705364466944, 48.138988831584797 ], [ 11.567678507936856, 48.138989431958173 ], [ 11.56767581701974, 48.138935504416338 ], [ 11.567648960516845, 48.138936104782324 ], [ 11.567645372677079, 48.138864201390746 ], [ 11.567618516210732, 48.138864801748952 ], [ 11.567613134533573, 48.138756946657239 ], [ 11.567586278122491, 48.138757547006925 ], [ 11.567580896533094, 48.138649691910466 ], [ 11.567554040177269, 48.138650292251626 ], [ 11.567549555590377, 48.138560413000782 ], [ 11.567522699280458, 48.138561013333785 ], [ 11.567519111664179, 48.138489109930369 ], [ 11.567492255390807, 48.138489710255598 ], [ 11.567487770937005, 48.138399830997898 ], [ 11.567460914709537, 48.13840043131497 ], [ 11.567458224075864, 48.138346503758385 ], [ 11.567485080275263, 48.138345903442449 ], [ 11.567484183389775, 48.138327927590481 ], [ 11.567591608141162, 48.138325526265518 ], [ 11.567590711219124, 48.138307550415 ], [ 11.567671279745372, 48.138305749356562 ], [ 11.567670382796146, 48.138287773507109 ], [ 11.567777807448087, 48.138285372009605 ], [ 11.567776910462312, 48.138267396161581 ], [ 11.567884335062773, 48.138264994565247 ], [ 11.56788343804045, 48.138247018718658 ], [ 11.567990862589433, 48.138244617023531 ], [ 11.567989965530563, 48.138226641178385 ], [ 11.568070533905008, 48.138224839842344 ], [ 11.568069636818947, 48.138206863998249 ], [ 11.56817706126848, 48.138204462130588 ], [ 11.568176164145873, 48.138186486287943 ], [ 11.568283588543926, 48.138184084321466 ], [ 11.568282691384772, 48.138166108480249 ], [ 11.56839011573134, 48.138163706414979 ], [ 11.568389218535641, 48.138145730575189 ], [ 11.568469786758273, 48.13814392896154 ], [ 11.568468889535383, 48.138125953122824 ], [ 11.568576313782499, 48.138123550885005 ], [ 11.568575416523062, 48.138105575047732 ], [ 11.568682840718695, 48.138103172711105 ], [ 11.568681943422714, 48.138085196875274 ], [ 11.568789367566861, 48.138082794439832 ], [ 11.568788470234333, 48.138064818605436 ], [ 11.568869038305149, 48.138063016714163 ], [ 11.56886814094543, 48.138045040880819 ], [ 11.568975564990122, 48.138042638272857 ], [ 11.568974667593858, 48.138024662440948 ], [ 11.569082091587065, 48.138022259734186 ], [ 11.569081194154254, 48.138004283903712 ], [ 11.569161762111863, 48.13800248180894 ], [ 11.569160864651863, 48.137984505979531 ], [ 11.569268288545613, 48.137982103100221 ], [ 11.569267391049067, 48.137964127272262 ], [ 11.569374814891329, 48.137961724294144 ], [ 11.569373917358238, 48.137943748467606 ], [ 11.569454485202636, 48.137941946169335 ], [ 11.569453587642355, 48.137923970343863 ], [ 11.569561011385158, 48.137921567193217 ], [ 11.569560113788331, 48.137903591369188 ], [ 11.569667537479646, 48.137901188119734 ], [ 11.569666639846272, 48.137883212297133 ], [ 11.569693495757546, 48.137882611469479 ], [ 11.569697086333733, 48.137954514757944 ], [ 11.569723942281554, 48.137953913922509 ], [ 11.569727532909232, 48.138025817208359 ], [ 11.569754388893596, 48.138025216365143 ], [ 11.569757081901651, 48.13807914382766 ], [ 11.569783937913208, 48.138078542977055 ], [ 11.569787528640346, 48.138150446257946 ], [ 11.569814384688447, 48.13814984539956 ], [ 11.56981797546708, 48.138221748677843 ], [ 11.569844831551725, 48.138221147811684 ], [ 11.569848422381849, 48.138293051087352 ], [ 11.569875278503041, 48.138292450213413 ], [ 11.569878869384654, 48.138364353486466 ], [ 11.569905725542393, 48.138363752604747 ], [ 11.569911111947325, 48.138471607509992 ], [ 11.569937968160323, 48.138471006619746 ], [ 11.569942456902059, 48.138560885703669 ], [ 11.569969313160959, 48.138560284805266 ], [ 11.569974699736195, 48.13866813970143 ], [ 11.570001556050354, 48.138667538794493 ], [ 11.570003351601178, 48.13870349042525 ], [ 11.569815357252601, 48.138707696647394 ], [ 11.569816254963836, 48.138725672465306 ], [ 11.569628260506688, 48.138729878382875 ], [ 11.569629158153306, 48.138747854203345 ], [ 11.569468019956753, 48.138751459033294 ], [ 11.569468917548113, 48.138769434855959 ], [ 11.569307779263776, 48.138773039462457 ], [ 11.569308676799876, 48.138791015287325 ], [ 11.569201251221978, 48.138793418234421 ], [ 11.569202148721528, 48.138811394060731 ], [ 11.569094723092144, 48.138813796909027 ], [ 11.569095620555148, 48.138831772736758 ], [ 11.568988194874272, 48.138834175486252 ], [ 11.568989092300729, 48.138852151315426 ], [ 11.568881666568368, 48.138854553966105 ], [ 11.568882563958274, 48.138872529796714 ], [ 11.568775138174423, 48.138874932348585 ], [ 11.568776035527785, 48.138892908180637 ], [ 11.568668609692448, 48.138895310633707 ], [ 11.568669507009261, 48.138913286467186 ], [ 11.568588937595461, 48.138915088242278 ], [ 11.568589834885081, 48.138933064076831 ], [ 11.568509265435303, 48.138934865796621 ], [ 11.568510162697734, 48.138952841632225 ], [ 11.568429593211977, 48.138954643296728 ], [ 11.568430490447216, 48.138972619133391 ], [ 11.568349920925481, 48.138974420742592 ], [ 11.56835081813353, 48.138992396580313 ], [ 11.568270248575818, 48.13899419813422 ], [ 11.568271145756674, 48.139012173973001 ], [ 11.568190576162984, 48.139013975471606 ], [ 11.568191473316647, 48.139031951311459 ], [ 11.568110903686978, 48.139033752754763 ], [ 11.568111800813453, 48.139051728595675 ], [ 11.568004374590835, 48.139054130433813 ], [ 11.568005271680759, 48.139072106276153 ], [ 11.5679247019765, 48.139073907590053 ], [ 11.567925599039233, 48.139091883433458 ], [ 11.567845029298999, 48.139093684692064 ], [ 11.56784592633454, 48.139111660536528 ], [ 11.567765356558329, 48.139113461739825 ] ] ] } },
{ "type": "Feature", "properties": { "height": 16.168601989746094 }, "geometry": { "type": "Polygon", "coordinates": [ [ [ 11.582422610565958, 48.13865888384435 ], [ 11.582417197919659, 48.138551030003711 ], [ 11.582390341928456, 48.138551633810593 ], [ 11.582381321015525, 48.138371877400189 ], [ 11.582354465116998, 48.138372481197017 ], [ 11.582345444385966, 48.138192724775905 ], [ 11.582318588580115, 48.138193328562679 ], [ 11.582295135336109, 48.137725961825552 ], [ 11.582268279772624, 48.137726565596196 ], [ 11.582261965605214, 48.137600736079413 ], [ 11.582449954072629, 48.137596509571701 ], [ 11.582449051986758, 48.137578533928831 ], [ 11.5826370403454, 48.137574307116587 ], [ 11.582636138194921, 48.137556331476283 ], [ 11.582850981905517, 48.137551500460589 ], [ 11.582850079681078, 48.137533524823255 ], [ 11.583064923260283, 48.137528693409365 ], [ 11.583064020961883, 48.13751071777498 ], [ 11.583252008981811, 48.137506489961346 ], [ 11.583251106618807, 48.137488514329547 ], [ 11.583465949942287, 48.137483682169396 ], [ 11.583465047505323, 48.137465706540567 ], [ 11.583626179904682, 48.137462082159423 ], [ 11.583627082397779, 48.137480057785993 ], [ 11.583653937803936, 48.137479453700138 ], [ 11.583661157855369, 48.137623258707151 ], [ 11.583688013335484, 48.137622654612002 ], [ 11.583695233518325, 48.137766459611548 ], [ 11.583722089072403, 48.137765855507105 ], [ 11.583728406844278, 48.13789168487542 ], [ 11.583755262462962, 48.137891080762053 ], [ 11.583762482901554, 48.138034885747238 ], [ 11.583789338594199, 48.13803428162457 ], [ 11.583795656589862, 48.138160110980301 ], [ 11.583822512347112, 48.138159506848716 ], [ 11.58383153822389, 48.138339263061525 ], [ 11.583858394073816, 48.138338658919892 ], [ 11.583860199278488, 48.138374610160866 ], [ 11.583806487540329, 48.138375818439393 ], [ 11.58380739012528, 48.138393794060534 ], [ 11.58369996660093, 48.138396210543888 ], [ 11.583700869149341, 48.138414186166472 ], [ 11.583620301468729, 48.138415998464289 ], [ 11.583621203989956, 48.138433974087945 ], [ 11.583513780366012, 48.138436390398766 ], [ 11.583514682850698, 48.138454366023872 ], [ 11.583407259175187, 48.138456782235913 ], [ 11.583408161623336, 48.138474757862468 ], [ 11.583327593829354, 48.138476569956801 ], [ 11.583328496250317, 48.138494545584408 ], [ 11.583221072475213, 48.138496961623943 ], [ 11.583221974859637, 48.138514937252985 ], [ 11.583141406990961, 48.138516749217942 ], [ 11.583142309348199, 48.138534724848078 ], [ 11.583034885473504, 48.13853714071508 ], [ 11.583035787794202, 48.138555116346645 ], [ 11.582955219850833, 48.138556928182211 ], [ 11.582956122144347, 48.138574903814849 ], [ 11.582848698170062, 48.138577319509345 ], [ 11.582849600427036, 48.138595295143425 ], [ 11.582769032408976, 48.138597106849602 ], [ 11.582769934638762, 48.138615082484748 ], [ 11.582662510564889, 48.138617498006731 ], [ 11.582663412758137, 48.138635473643326 ], [ 11.582555988632704, 48.138637889066509 ], [ 11.582556890789409, 48.138655864704539 ], [ 11.582422610565958, 48.13865888384435 ] ] ] } },
{ "type": "Feature", "properties": { "height": 16.536476135253906 }, "geometry": { "type": "Polygon", "coordinates": [ [ [ 11.583991770662397, 48.138317662498928 ], [ 11.583988160080073, 48.138245760023459 ], [ 11.583961304281347, 48.138246364194551 ], [ 11.583954083233976, 48.13810255923724 ], [ 11.583927227509212, 48.138103163399037 ], [ 11.58392000659326, 48.137959358434266 ], [ 11.583893150942457, 48.137959962586763 ], [ 11.583885930157919, 48.137816157614516 ], [ 11.583859074581079, 48.137816761757712 ], [ 11.583851853927957, 48.137672956778026 ], [ 11.583824998425078, 48.137673560911914 ], [ 11.583815972781778, 48.13749380467727 ], [ 11.58378911737157, 48.137494408801096 ], [ 11.583785507176419, 48.1374225063038 ], [ 11.58394663939988, 48.13741888147581 ], [ 11.583945736797169, 48.137400905853575 ], [ 11.584106868932675, 48.137397280802183 ], [ 11.584105966274716, 48.137379305182165 ], [ 11.584320808997715, 48.137374471432246 ], [ 11.584319906265797, 48.137356495815183 ], [ 11.584481038214783, 48.137352870241735 ], [ 11.584480135427617, 48.137334894626868 ], [ 11.584668122595721, 48.137330664508561 ], [ 11.584669928301913, 48.137366615732908 ], [ 11.584696783626818, 48.13736601140446 ], [ 11.584700395087237, 48.137437913850803 ], [ 11.58472725044868, 48.137437309514567 ], [ 11.584729959081342, 48.137491236347458 ], [ 11.584756814469964, 48.137490632003811 ], [ 11.584760426029982, 48.137562534445181 ], [ 11.584787281455144, 48.137561930093753 ], [ 11.584789990162507, 48.137615856922913 ], [ 11.584763134709279, 48.137616461275485 ], [ 11.584764037604147, 48.137634436885442 ], [ 11.58479089306673, 48.137633832532501 ], [ 11.584793601784705, 48.13768775936083 ], [ 11.58482045727447, 48.137687155000478 ], [ 11.584821360191585, 48.137705130609412 ], [ 11.584848215689822, 48.137704526242409 ], [ 11.584849118617177, 48.137722501850888 ], [ 11.584875974123886, 48.137721897477242 ], [ 11.584878682939323, 48.13777582430113 ], [ 11.584905538473214, 48.137775219920073 ], [ 11.584910053230072, 48.137865097956585 ], [ 11.584802630902091, 48.137867515450758 ], [ 11.584803533818693, 48.137885491059386 ], [ 11.584696111439145, 48.137887908454751 ], [ 11.584697014319206, 48.137905884064807 ], [ 11.584589591888088, 48.137908301361392 ], [ 11.584590494731613, 48.137926276972891 ], [ 11.58450992787092, 48.137928089880646 ], [ 11.584510830687263, 48.13794606549321 ], [ 11.584403408156541, 48.137948482617276 ], [ 11.584404310936344, 48.137966458231297 ], [ 11.584323744000955, 48.137968271009662 ], [ 11.584324646753576, 48.137986246624749 ], [ 11.584351502408945, 48.137985642371191 ], [ 11.584355113465689, 48.138057544829316 ], [ 11.584381969157599, 48.138056940567971 ], [ 11.584384677487508, 48.138110867409708 ], [ 11.584411533206598, 48.138110263140952 ], [ 11.584414241572532, 48.138164189980934 ], [ 11.584441097318805, 48.138163585704767 ], [ 11.584443805720763, 48.138217512542994 ], [ 11.584470661494221, 48.13821690825943 ], [ 11.584471564305998, 48.138234883871654 ], [ 11.584364141169434, 48.13823730096982 ], [ 11.584365043944672, 48.138255276583486 ], [ 11.584284476554899, 48.138257089342417 ], [ 11.584285379302951, 48.138275064957156 ], [ 11.584177956066789, 48.138277481882803 ], [ 11.584178858778301, 48.138295457498984 ], [ 11.584098291313829, 48.138297270128533 ], [ 11.58409919399816, 48.138315245745794 ], [ 11.583991770662397, 48.138317662498928 ] ] ] } },
{ "type": "Feature", "properties": { "height": 17.103691101074219 }, "geometry": { "type": "Polygon", "coordinates": [ [ [ 11.570080329384115, 48.138629784407314 ], [ 11.570077635985538, 48.138575856963648 ], [ 11.570050779720798, 48.13857645788751 ], [ 11.570045393003523, 48.138468602996049 ], [ 11.570018536794043, 48.138469203911377 ], [ 11.57001404793394, 48.138379324831376 ], [ 11.569987191770361, 48.138379925738548 ], [ 11.56998180522339, 48.138272070838021 ], [ 11.56995494911507, 48.138272671736658 ], [ 11.569949562655886, 48.138164816831363 ], [ 11.569922706602824, 48.138165417721474 ], [ 11.569920013413169, 48.138111490266766 ], [ 11.569893157387298, 48.13811209114948 ], [ 11.569889566517492, 48.138040187874068 ], [ 11.569862710528165, 48.138040788748995 ], [ 11.569858222007468, 48.137950909651288 ], [ 11.569831366064042, 48.137951510518072 ], [ 11.569827775300734, 48.137879607237146 ], [ 11.569800919393856, 48.137880208096149 ], [ 11.569800021714583, 48.137862232275374 ], [ 11.569907445299398, 48.137859828803229 ], [ 11.56990654758358, 48.13784185298389 ], [ 11.569987115234895, 48.137840050315084 ], [ 11.569986217491886, 48.13782207449681 ], [ 11.570066785107221, 48.137820271772711 ], [ 11.570065887337023, 48.137802295955495 ], [ 11.570173310774404, 48.137799892237098 ], [ 11.570172412967661, 48.137781916421311 ], [ 11.570252980508396, 48.137780113567814 ], [ 11.570252082674465, 48.1377621377531 ], [ 11.570332650179218, 48.137760334844309 ], [ 11.570331752318101, 48.137742359030653 ], [ 11.570412319786872, 48.137740556066568 ], [ 11.570411421898562, 48.137722580253964 ], [ 11.570465133521303, 48.137721378247321 ], [ 11.570464235615162, 48.137703402435399 ], [ 11.570544803014608, 48.137701599379533 ], [ 11.570543905081278, 48.137683623568684 ], [ 11.570624472444742, 48.13768182045753 ], [ 11.570623574484223, 48.137663844647733 ], [ 11.570704141811706, 48.137662041481285 ], [ 11.570703243824001, 48.137644065672546 ], [ 11.570783811115501, 48.137642262450811 ], [ 11.570782913100604, 48.137624286643138 ], [ 11.570809768853323, 48.137623685557053 ], [ 11.570810666877573, 48.137641661364341 ], [ 11.570837522638769, 48.137641060271619 ], [ 11.570838420673255, 48.13765903607846 ], [ 11.570865276442927, 48.137658434979095 ], [ 11.570866174487648, 48.137676410785495 ], [ 11.570893030265797, 48.137675809679486 ], [ 11.570893928320753, 48.137693785485432 ], [ 11.570920784107379, 48.137693184372765 ], [ 11.570921682172571, 48.137711160178263 ], [ 11.570948537967672, 48.137710559058959 ], [ 11.570949436043101, 48.137728534864017 ], [ 11.570976291846678, 48.13772793373807 ], [ 11.570977189932343, 48.13774590954268 ], [ 11.571245748013304, 48.137739897934523 ], [ 11.571246646193407, 48.137757873735296 ], [ 11.571354069438589, 48.137755468914975 ], [ 11.571353171221061, 48.137737493115715 ], [ 11.571487450210965, 48.137734486951139 ], [ 11.571486551947539, 48.137716511153698 ], [ 11.571620830868673, 48.137713504834267 ], [ 11.571619932559345, 48.137695529038631 ], [ 11.571781067179538, 48.137691921250685 ], [ 11.571783762278569, 48.137745848630601 ], [ 11.571810618073588, 48.137745247309539 ], [ 11.571815109969677, 48.137835126272776 ], [ 11.571841965810599, 48.137834524943564 ], [ 11.571847356171075, 48.137942379694927 ], [ 11.571874212067254, 48.13794177835716 ], [ 11.571878704105291, 48.138031657312844 ], [ 11.571905560047368, 48.138031055966941 ], [ 11.571906458466971, 48.138049031757483 ], [ 11.571879602515537, 48.138049633103755 ], [ 11.571880500926664, 48.138067608894623 ], [ 11.571907356887454, 48.13806700754796 ], [ 11.571910052154182, 48.138120934918987 ], [ 11.571936908142161, 48.138120333564935 ], [ 11.571938705009758, 48.138156285144504 ], [ 11.571965561015569, 48.138155683783424 ], [ 11.571968256351632, 48.138209611151161 ], [ 11.571995112384633, 48.138209009782685 ], [ 11.571997807756683, 48.138262937148653 ], [ 11.572024663816872, 48.138262335772772 ], [ 11.572026460754683, 48.138298287348981 ], [ 11.572053316832704, 48.138297685966073 ], [ 11.572055113792748, 48.138333637541265 ], [ 11.572001401598399, 48.138334840302306 ], [ 11.572002300061028, 48.13835281609056 ], [ 11.571948587844446, 48.1383540188273 ], [ 11.571949486289244, 48.138371994616229 ], [ 11.571868917929704, 48.138373798675438 ], [ 11.571869816347311, 48.138391774465425 ], [ 11.571816104084506, 48.138392977140967 ], [ 11.571817002484282, 48.138410952931643 ], [ 11.571736434055408, 48.138412756899072 ], [ 11.571737332427995, 48.138430732690807 ], [ 11.571683620118966, 48.138431935305178 ], [ 11.571684518473718, 48.138449911097595 ], [ 11.571603949975509, 48.138451714973243 ], [ 11.571604848303075, 48.138469690766733 ], [ 11.571524279768878, 48.138471494587087 ], [ 11.571525178069253, 48.138489470381629 ], [ 11.571444609499073, 48.138491274146681 ], [ 11.571445507772257, 48.138509249942288 ], [ 11.571391795369024, 48.138510452421734 ], [ 11.571392693624377, 48.138528428218031 ], [ 11.571365837412083, 48.138529029448726 ], [ 11.571364040920974, 48.138493077855316 ], [ 11.571256616137861, 48.138495482712379 ], [ 11.571257514345552, 48.138513458510623 ], [ 11.571150089510938, 48.138515863268886 ], [ 11.571150987682083, 48.138533839068579 ], [ 11.571016706572244, 48.138536844877216 ], [ 11.571017604697486, 48.138554820678713 ], [ 11.570856467280517, 48.138558427444444 ], [ 11.570857365350502, 48.138576403248145 ], [ 11.570561946567576, 48.138583015069919 ], [ 11.570562844535516, 48.138600990877691 ], [ 11.570267425543266, 48.138607601944997 ], [ 11.570268323409165, 48.138625577756841 ], [ 11.570080329384115, 48.138629784407314 ] ] ] } },
{ "type": "Feature", "properties": { "height": 18.55316162109375 }, "geometry": { "type": "Polygon", "coordinates": [ [ [ 11.574427439945243, 48.138460448766971 ], [ 11.574426540632627, 48.138442473013306 ], [ 11.574399684529151, 48.138443074952086 ], [ 11.574396087324926, 48.138371171935219 ], [ 11.574369231257993, 48.138371773866218 ], [ 11.574366533392139, 48.138317846601716 ], [ 11.574339677352395, 48.138318448525318 ], [ 11.574336979522535, 48.138264521259053 ], [ 11.57431012350998, 48.138265123175252 ], [ 11.574307425716114, 48.138211195907246 ], [ 11.574280569730746, 48.138211797816034 ], [ 11.574278771224618, 48.138175846302929 ], [ 11.574251915257081, 48.138176448204703 ], [ 11.574249217532561, 48.138122520933379 ], [ 11.574222361592213, 48.138123122827743 ], [ 11.574219663903685, 48.138069195554671 ], [ 11.574192807990526, 48.138069797441638 ], [ 11.574190110337993, 48.138015870166811 ], [ 11.574163254452019, 48.138016472046381 ], [ 11.57416055683548, 48.137962544769806 ], [ 11.574133700976695, 48.137963146641965 ], [ 11.574131902588784, 48.137927195123147 ], [ 11.574105046747828, 48.137927796988279 ], [ 11.574102349200635, 48.137873869708407 ], [ 11.574129205013522, 48.137873267844391 ], [ 11.574128305823528, 48.137855292084666 ], [ 11.574208873228837, 48.137853486456159 ], [ 11.574207974011657, 48.137835510697492 ], [ 11.574261685592081, 48.137834306914556 ], [ 11.574260786357069, 48.137816331156586 ], [ 11.574341353693033, 48.137814525436291 ], [ 11.574340454430834, 48.137796549679386 ], [ 11.574394165965028, 48.137795345835265 ], [ 11.574393266684998, 48.137777370079043 ], [ 11.574446978196958, 48.137776166210593 ], [ 11.574446078899097, 48.137758190455052 ], [ 11.574526646132364, 48.137756384606504 ], [ 11.574525746807316, 48.137738408852037 ], [ 11.574579458273046, 48.137737204922409 ], [ 11.574578558930167, 48.137719229168624 ], [ 11.574659126094089, 48.137717423228288 ], [ 11.57465822672402, 48.137699447475569 ], [ 11.574711938143521, 48.137698243484749 ], [ 11.574711038755623, 48.137680267732712 ], [ 11.574791605850198, 48.137678461700609 ], [ 11.574790706435113, 48.137660485949624 ], [ 11.57484441780838, 48.137659281897648 ], [ 11.574843518375467, 48.137641306147344 ], [ 11.574924085400694, 48.137639500023468 ], [ 11.574923185940593, 48.13762152427423 ], [ 11.574976897267629, 48.137620320161055 ], [ 11.574975997789696, 48.137602344412507 ], [ 11.575056564745578, 48.137600538196864 ], [ 11.575055665240459, 48.137582562449381 ], [ 11.575136232160343, 48.13758075617843 ], [ 11.575135332628038, 48.137562780432013 ], [ 11.575189043884848, 48.137561576220797 ], [ 11.575188144334712, 48.13754360047507 ], [ 11.575268711185247, 48.137541794112344 ], [ 11.575267811607924, 48.137523818367661 ], [ 11.575348378422465, 48.137522011949663 ], [ 11.575347478817957, 48.137504036206046 ], [ 11.575401190004536, 48.137502831896789 ], [ 11.575400290382197, 48.137484856153876 ], [ 11.575427145964808, 48.137484253990216 ], [ 11.575429844862535, 48.137538181217622 ], [ 11.575456700472332, 48.137537579046558 ], [ 11.575459399406055, 48.137591506272216 ], [ 11.575486255043041, 48.137590904093749 ], [ 11.575488954012759, 48.137644831317651 ], [ 11.575515809676931, 48.137644229131787 ], [ 11.575518508682647, 48.137698156353935 ], [ 11.575545364374005, 48.137697554160667 ], [ 11.575547163734264, 48.137733505640981 ], [ 11.575574019443453, 48.137732903440693 ], [ 11.575578517906303, 48.137822782138421 ], [ 11.575605373661389, 48.137822179929969 ], [ 11.575610771902019, 48.137930034362682 ], [ 11.575637627712361, 48.137929432145697 ], [ 11.575643026040845, 48.138037286573656 ], [ 11.575669881906441, 48.13803668434813 ], [ 11.575673480847145, 48.138108587297225 ], [ 11.575700336749282, 48.138107985063925 ], [ 11.575703035992129, 48.138161912273873 ], [ 11.575729891921455, 48.138161310033176 ], [ 11.5757325912003, 48.138215237241369 ], [ 11.575678879284633, 48.138216441718761 ], [ 11.575679779027297, 48.138234417455443 ], [ 11.575572355147962, 48.138236826336531 ], [ 11.575573254854083, 48.138254802074655 ], [ 11.575492686907266, 48.13825660867078 ], [ 11.5754935865862, 48.138274584409956 ], [ 11.575413018603383, 48.138276390950786 ], [ 11.57541391825513, 48.138294366691035 ], [ 11.575333350236313, 48.138296173176563 ], [ 11.575334249860873, 48.138314148917871 ], [ 11.575253681806061, 48.138315955348119 ], [ 11.575254581403433, 48.138333931090493 ], [ 11.57514715728059, 48.13833633957789 ], [ 11.575148056841419, 48.138354315321692 ], [ 11.575067488711968, 48.138356121622543 ], [ 11.57506838824561, 48.138374097367425 ], [ 11.575014676136194, 48.138375301537387 ], [ 11.575013776621264, 48.138357325791752 ], [ 11.574906352429284, 48.138359734054951 ], [ 11.574907251906788, 48.138377709802093 ], [ 11.574799827663291, 48.138380117966484 ], [ 11.57480072710425, 48.138398093715075 ], [ 11.574720158884309, 48.138399899773681 ], [ 11.574721058298081, 48.138417875523331 ], [ 11.574586777867117, 48.138420885497482 ], [ 11.574587677234987, 48.138438861248943 ], [ 11.574480252836938, 48.138441269116939 ], [ 11.574481152168264, 48.138459244869836 ], [ 11.574427439945243, 48.138460448766971 ] ] ] } },
{ "type": "Feature", "properties": { "height": 16.601531982421875 }, "geometry": { "type": "Polygon", "coordinates": [ [ [ 11.584129210957768, 48.137306798506089 ], [ 11.584123794993657, 48.137198944785098 ], [ 11.584096939743743, 48.137199548978103 ], [ 11.584096037095506, 48.137181573357317 ], [ 11.584257168525605, 48.1371779481075 ], [ 11.58425626582212, 48.137159972488924 ], [ 11.584336831497172, 48.137158159780526 ], [ 11.584342247899729, 48.137266013484151 ], [ 11.584369103179109, 48.137265409233216 ], [ 11.584370005925317, 48.137283384849852 ], [ 11.584235729472798, 48.137286406043792 ], [ 11.584236632173116, 48.137304381662268 ], [ 11.584129210957768, 48.137306798506089 ] ] ] } },
{ "type": "Feature", "properties": { "height": 16.864006042480469 }, "geometry": { "type": "Polygon", "coordinates": [ [ [ 11.579291811690741, 48.137883423603149 ], [ 11.579290009706636, 48.137847472229673 ], [ 11.579236298324897, 48.137848678362666 ], [ 11.579234496381744, 48.137812726987391 ], [ 11.579207640708262, 48.137813330043734 ], [ 11.579205838787351, 48.13777737866743 ], [ 11.579178983131698, 48.137777981716738 ], [ 11.579178082181921, 48.137760006028103 ], [ 11.579151226534742, 48.13776060907076 ], [ 11.579149424656547, 48.13772465769253 ], [ 11.579122569027195, 48.137725260728168 ], [ 11.579120767171242, 48.137689309348893 ], [ 11.57909391155972, 48.13768991237751 ], [ 11.579092109726007, 48.13765396099722 ], [ 11.579065254132315, 48.137654564018796 ], [ 11.579061650512898, 48.137582661255877 ], [ 11.579034794955748, 48.137583264269672 ], [ 11.579032993170044, 48.137547312887037 ], [ 11.579006137630721, 48.137547915893805 ], [ 11.579004335867257, 48.137511964510132 ], [ 11.579031191387868, 48.137511361504117 ], [ 11.579030290498103, 48.137493385812562 ], [ 11.579084001517966, 48.137492179782477 ], [ 11.579083100610374, 48.137474204091603 ], [ 11.579109956109628, 48.137473601067541 ], [ 11.579109055193559, 48.137455625376973 ], [ 11.579162766170707, 48.137454419310785 ], [ 11.579161865236813, 48.137436443620899 ], [ 11.579242431667849, 48.137434634475731 ], [ 11.579243332629813, 48.137452610164473 ], [ 11.579270188114416, 48.137452007103171 ], [ 11.579269287143097, 48.137434031414806 ], [ 11.579296142617462, 48.137433428347613 ], [ 11.579295241637672, 48.137415452659546 ], [ 11.5793220971018, 48.137414849586463 ], [ 11.579321196113534, 48.137396873898716 ], [ 11.579348051567424, 48.137396270819735 ], [ 11.579347150570687, 48.137378295132301 ], [ 11.579374006014339, 48.13737769204743 ], [ 11.579373105009129, 48.137359716360308 ], [ 11.579399960442542, 48.13735911326954 ], [ 11.579399059428859, 48.137341137582723 ], [ 11.579425914852035, 48.137340534486071 ], [ 11.579425013829876, 48.137322558799553 ], [ 11.579478724654871, 48.137321352588202 ], [ 11.579477823614885, 48.137303376902373 ], [ 11.579531534417638, 48.137302170666707 ], [ 11.579530633359823, 48.137284194981568 ], [ 11.57955748875052, 48.137283591854697 ], [ 11.579556587684232, 48.13726561616987 ], [ 11.579583443064692, 48.137265013037116 ], [ 11.579582541989932, 48.137247037352608 ], [ 11.579636252729495, 48.137245831069038 ], [ 11.579635351636906, 48.137227855385213 ], [ 11.579662206996007, 48.137227252234403 ], [ 11.579661305894943, 48.137209276550877 ], [ 11.579715016591789, 48.13720807023121 ], [ 11.579716818832217, 48.137244021596672 ], [ 11.579743674198028, 48.137243418426685 ], [ 11.579744575328922, 48.137261394108933 ], [ 11.579771430703206, 48.137260790932295 ], [ 11.57977323298635, 48.137296742295817 ], [ 11.579800088378462, 48.137296139112159 ], [ 11.57980189068385, 48.137332090474658 ], [ 11.57982874609379, 48.137331487283966 ], [ 11.579829647257162, 48.137349462964728 ], [ 11.579856502675575, 48.137348859767393 ], [ 11.579858305023679, 48.137384811127966 ], [ 11.57988516045992, 48.137384207923603 ], [ 11.579886061644652, 48.137402183603399 ], [ 11.579912917089366, 48.137401580392392 ], [ 11.579914719480188, 48.13743753175104 ], [ 11.579941574942731, 48.137436928532999 ], [ 11.579942476148823, 48.13745490421185 ], [ 11.579969331619838, 48.137454300987159 ], [ 11.579971134053377, 48.137490252343881 ], [ 11.579997989542221, 48.137489649112162 ], [ 11.579998890769671, 48.13750762479004 ], [ 11.580025746266989, 48.137507021551677 ], [ 11.580027548743246, 48.137542972906473 ], [ 11.580054404258393, 48.137542369661091 ], [ 11.5800553055072, 48.137560345337995 ], [ 11.580082161030818, 48.137559742085962 ], [ 11.580083963549793, 48.137595693438819 ], [ 11.580110819091241, 48.137595090179772 ], [ 11.580111720361408, 48.13761306585571 ], [ 11.580138575911331, 48.137612462590006 ], [ 11.580139477191734, 48.137630438265511 ], [ 11.580085766072299, 48.137631644791405 ], [ 11.580086667334875, 48.137649620467585 ], [ 11.580006100621032, 48.137651430210553 ], [ 11.580007001856425, 48.137669405887806 ], [ 11.579953290690739, 48.137670612352522 ], [ 11.579954191908303, 48.137688588030457 ], [ 11.579900480720378, 48.137689794470866 ], [ 11.579901381920111, 48.13770777014949 ], [ 11.579847670709944, 48.13770897656557 ], [ 11.579848571891848, 48.13772695224489 ], [ 11.57976800504191, 48.137728761823119 ], [ 11.57976890619663, 48.137746737503505 ], [ 11.579715194940214, 48.137747943858393 ], [ 11.579716096077105, 48.137765919539454 ], [ 11.579662384798446, 48.137767125870035 ], [ 11.57966328591751, 48.137785101551792 ], [ 11.579609574616612, 48.137786307858043 ], [ 11.579610475717844, 48.137804283540483 ], [ 11.579556764394706, 48.137805489822426 ], [ 11.579557665478109, 48.137823465505548 ], [ 11.579503954132727, 48.137824671763163 ], [ 11.579504855198302, 48.13784264744698 ], [ 11.579424288145546, 48.137844456787505 ], [ 11.579425189183937, 48.137862432472396 ], [ 11.579371477792307, 48.137863638668826 ], [ 11.579372378812868, 48.137881614354392 ], [ 11.579291811690741, 48.137883423603149 ] ] ] } },
{ "type": "Feature", "properties": { "height": 7.698638916015625 }, "geometry": { "type": "Polygon", "coordinates": [ [ [ 11.583077341885678, 48.137240479302044 ], [ 11.583076439592061, 48.137222503666941 ], [ 11.583022729022414, 48.137223711557695 ], [ 11.583020022203, 48.137169784649672 ], [ 11.583046877460198, 48.137169180708568 ], [ 11.583044170620669, 48.137115253801056 ], [ 11.583151591528367, 48.137112837978492 ], [ 11.58315429848016, 48.137166764881457 ], [ 11.583127443226495, 48.137167368847642 ], [ 11.583131052470501, 48.137239271385468 ], [ 11.583077341885678, 48.137240479302044 ] ] ] } },
{ "type": "Feature", "properties": { "height": 16.420467376708984 }, "geometry": { "type": "Polygon", "coordinates": [ [ [ 11.581302575833341, 48.138306146099517 ], [ 11.581301674125564, 48.138288170442614 ], [ 11.581274818247843, 48.138288773986389 ], [ 11.581273014853645, 48.13825282267161 ], [ 11.581246158993755, 48.138253426208351 ], [ 11.581245257307335, 48.138235450550475 ], [ 11.581218401455917, 48.138236054080572 ], [ 11.581217499779738, 48.138218078422256 ], [ 11.581190643936793, 48.138218681945716 ], [ 11.581189742270853, 48.138200706286945 ], [ 11.581162886436379, 48.138201309803748 ], [ 11.581161984780678, 48.138183334144529 ], [ 11.581135128954678, 48.138183937654695 ], [ 11.581133325664636, 48.138147986335298 ], [ 11.581106469856467, 48.138148589838437 ], [ 11.581105568222126, 48.138130614178259 ], [ 11.581078712422428, 48.138131217674733 ], [ 11.581077810798327, 48.138113242014114 ], [ 11.581050955007102, 48.138113845503945 ], [ 11.581050053393239, 48.138095869842864 ], [ 11.581023197610488, 48.138096473326065 ], [ 11.581021394404122, 48.138060522002945 ], [ 11.580994538639199, 48.138061125479105 ], [ 11.580993637046697, 48.138043149817072 ], [ 11.580966781290247, 48.138043753286574 ], [ 11.580965879707982, 48.138025777624101 ], [ 11.580939023960005, 48.138026381086952 ], [ 11.580938122387982, 48.138008405424031 ], [ 11.580911266648478, 48.138009008880239 ], [ 11.580910365086691, 48.137991033216856 ], [ 11.58088350935566, 48.137991636666435 ], [ 11.580881706253448, 48.137955685338689 ], [ 11.580854850540245, 48.137956288781226 ], [ 11.580853948999819, 48.137938313116891 ], [ 11.580827093295088, 48.137938916552777 ], [ 11.580826191764901, 48.137920940887987 ], [ 11.580799336068646, 48.137921544317237 ], [ 11.580798434548697, 48.137903568651986 ], [ 11.580771578860913, 48.137904172074592 ], [ 11.580770677351204, 48.1378861964089 ], [ 11.580743821671893, 48.137886799824855 ], [ 11.580744723172247, 48.137904775490924 ], [ 11.580717867482699, 48.137905378900996 ], [ 11.580718768974579, 48.137923354567363 ], [ 11.580665057574121, 48.137924561369445 ], [ 11.580664156100953, 48.137906585702311 ], [ 11.580637300408753, 48.137907189093568 ], [ 11.580636398945822, 48.137889213425986 ], [ 11.580609543262099, 48.137889816810592 ], [ 11.580607740357594, 48.137853865474455 ], [ 11.580580884691701, 48.137854468852041 ], [ 11.580579983250129, 48.137836493183499 ], [ 11.580553127592706, 48.137837096554428 ], [ 11.580552226161373, 48.137819120885432 ], [ 11.580525370512424, 48.137819724249724 ], [ 11.580526271934401, 48.137837699919089 ], [ 11.580499416275213, 48.137838303277491 ], [ 11.580498514862592, 48.137820327607734 ], [ 11.580471659211875, 48.137820930959478 ], [ 11.580470757809493, 48.137802955289288 ], [ 11.580443902167252, 48.137803558634381 ], [ 11.580443000775107, 48.137785582963737 ], [ 11.580416145141337, 48.137786186302193 ], [ 11.580415243759433, 48.137768210631101 ], [ 11.580388388134136, 48.137768813962893 ], [ 11.580386585391683, 48.137732862619742 ], [ 11.580359729784215, 48.137733465944528 ], [ 11.58035882842367, 48.137715490272463 ], [ 11.580331972824675, 48.137716093590598 ], [ 11.580331071474367, 48.137698117918085 ], [ 11.580304215883846, 48.137698721229576 ], [ 11.580302413204588, 48.137662769883597 ], [ 11.580329268776399, 48.137662166572873 ], [ 11.58032836742874, 48.137644190900168 ], [ 11.58035522299031, 48.13764358758354 ], [ 11.580354321634177, 48.13762561191114 ], [ 11.58038117718551, 48.137625008588621 ], [ 11.580380275820904, 48.137607032916542 ], [ 11.580407131362, 48.137606429588139 ], [ 11.58040622998892, 48.137588453916351 ], [ 11.580459941049751, 48.137587247241505 ], [ 11.580459039658843, 48.137569271570406 ], [ 11.58048589517858, 48.137568668223956 ], [ 11.5804849937792, 48.137550692553162 ], [ 11.580511849288696, 48.137550089200829 ], [ 11.580510947880843, 48.137532113530341 ], [ 11.580537803380102, 48.13753151017211 ], [ 11.580536901963775, 48.137513534501934 ], [ 11.580563757452795, 48.13751293113782 ], [ 11.580562856027997, 48.13749495546795 ], [ 11.580616566984679, 48.137493748721653 ], [ 11.580615665542052, 48.137475773052486 ], [ 11.580642521009711, 48.137475169670303 ], [ 11.580641619558612, 48.137457194001442 ], [ 11.580668475016035, 48.137456590613382 ], [ 11.580667573556461, 48.137438614944813 ], [ 11.580694429003646, 48.137438011550856 ], [ 11.580693527535601, 48.137420035882613 ], [ 11.580747238408611, 48.137418829076651 ], [ 11.580746336922735, 48.137400853409083 ], [ 11.580773192348559, 48.137400249997079 ], [ 11.580772290854213, 48.137382274329823 ], [ 11.580799146269801, 48.137381670911928 ], [ 11.58079824476698, 48.137363695244993 ], [ 11.580825100172328, 48.1373630918212 ], [ 11.580824198661036, 48.137345116154563 ], [ 11.580877909450374, 48.137343909288951 ], [ 11.580877007921254, 48.137325933622996 ], [ 11.580903863305242, 48.137325330181149 ], [ 11.58090296176765, 48.137307354515521 ], [ 11.580929817141399, 48.13730675106779 ], [ 11.580928915595335, 48.137288775402467 ], [ 11.580955770958846, 48.137288171948839 ], [ 11.580954869404309, 48.137270196283829 ], [ 11.580981724757581, 48.137269592824325 ], [ 11.580982626321475, 48.137287568488951 ], [ 11.581009481683223, 48.137286965022795 ], [ 11.581010383257354, 48.137304940686988 ], [ 11.581037238627573, 48.137304337214182 ], [ 11.581038140211943, 48.137322312877927 ], [ 11.581064995590635, 48.137321709398464 ], [ 11.581066798780734, 48.137357660724987 ], [ 11.581093654177254, 48.137357057238503 ], [ 11.581094555782984, 48.137375032901289 ], [ 11.581121411187976, 48.137374429408155 ], [ 11.581122312803943, 48.137392405070493 ], [ 11.58120287904169, 48.13739059455235 ], [ 11.581200174112235, 48.137336667568555 ], [ 11.581173318728602, 48.13733727107973 ], [ 11.581172417096571, 48.13731929541796 ], [ 11.581145561721412, 48.137319898922492 ], [ 11.58114195523954, 48.13724799627316 ], [ 11.58111509990092, 48.137248599769904 ], [ 11.581112395076852, 48.137194672781042 ], [ 11.581139250387407, 48.137194069285428 ], [ 11.581138348771795, 48.137176093622713 ], [ 11.581165204072112, 48.137175490121209 ], [ 11.581164302448027, 48.137157514458806 ], [ 11.581218013027302, 48.137156307437742 ], [ 11.58121711138539, 48.137138331776036 ], [ 11.581243966664346, 48.137137728256469 ], [ 11.581243065013961, 48.137119752595062 ], [ 11.581269920282679, 48.137119149069626 ], [ 11.581269018623823, 48.137101173408517 ], [ 11.581295873882302, 48.137100569877177 ], [ 11.581294972214973, 48.137082594216388 ], [ 11.581348682710573, 48.137081387135659 ], [ 11.581347781025416, 48.137063411475559 ], [ 11.581428346734128, 48.137061600808593 ], [ 11.581431051876447, 48.137115527785291 ], [ 11.581457907138983, 48.137114924215958 ], [ 11.581462415773951, 48.137204802507163 ], [ 11.581489271082383, 48.13720419892968 ], [ 11.581493779786204, 48.137294077217263 ], [ 11.58152063514053, 48.137293473631601 ], [ 11.581526045670387, 48.137401327572157 ], [ 11.581552901079961, 48.137400723977962 ], [ 11.581557409925907, 48.137490602257969 ], [ 11.581584265381375, 48.137489998655617 ], [ 11.581588774296177, 48.13757987693198 ], [ 11.58161562979754, 48.137579273321457 ], [ 11.581620138781194, 48.137669151594217 ], [ 11.581646994328453, 48.13766854797553 ], [ 11.581651503380964, 48.137758426244666 ], [ 11.58167835897412, 48.137757822617814 ], [ 11.581681966269448, 48.137829725230354 ], [ 11.581708821899143, 48.137829121595736 ], [ 11.581731368048981, 48.138278512889549 ], [ 11.581409097627612, 48.138285756204809 ], [ 11.581409999372815, 48.138303731860205 ], [ 11.581302575833341, 48.138306146099517 ] ] ] } },
{ "type": "Feature", "properties": { "height": 26.0 }, "geometry": { "type": "Polygon", "coordinates": [ [ [ 11.576212540558792, 48.138672367115596 ], [ 11.576210740674746, 48.13863641565996 ], [ 11.576183884507785, 48.138637018017441 ], [ 11.576182984576441, 48.13861904228915 ], [ 11.576156128417955, 48.138619644639981 ], [ 11.576152528738815, 48.138547741724615 ], [ 11.576125672616874, 48.138548344067672 ], [ 11.576122972894838, 48.138494416879276 ], [ 11.576096116800084, 48.138495019214922 ], [ 11.576093417114052, 48.138441092024784 ], [ 11.576066561046483, 48.138441694353034 ], [ 11.576063861396451, 48.138387767161134 ], [ 11.576037005356071, 48.138388369481994 ], [ 11.576034305742036, 48.138334442288325 ], [ 11.576007449728843, 48.138335044601774 ], [ 11.576004750150812, 48.138281117406358 ], [ 11.575977894164806, 48.138281719712403 ], [ 11.575975194622771, 48.138227792515231 ], [ 11.575948338663952, 48.138228394813879 ], [ 11.575944739324335, 48.138156491881837 ], [ 11.575917883402058, 48.138157094172698 ], [ 11.575914284113965, 48.138085191238034 ], [ 11.575887428228233, 48.138085793521114 ], [ 11.57588382899166, 48.138013890583842 ], [ 11.575856973142471, 48.138014492859149 ], [ 11.575853373957422, 48.137942589919248 ], [ 11.575826518144776, 48.137943192186775 ], [ 11.575823818793308, 48.137889264980004 ], [ 11.575796963007848, 48.137889867240112 ], [ 11.575793363922321, 48.137817964295273 ], [ 11.5757665081734, 48.137818566547601 ], [ 11.575763808896573, 48.137764639337107 ], [ 11.575736953174843, 48.137765241582038 ], [ 11.575733354188834, 48.137693338632239 ], [ 11.575706498503642, 48.13769394086939 ], [ 11.575703799301456, 48.137640013655179 ], [ 11.575676943643451, 48.137640615884941 ], [ 11.575672445037538, 48.137550737191297 ], [ 11.575645589425433, 48.137551339412902 ], [ 11.575643790007947, 48.137515387934194 ], [ 11.575724356785486, 48.137513581252875 ], [ 11.575726156259107, 48.137549532729309 ], [ 11.575753011868567, 48.137548930488897 ], [ 11.575753911616056, 48.137566906226631 ], [ 11.575807622851048, 48.13756570172626 ], [ 11.575806723084849, 48.137547725989286 ], [ 11.57588728990266, 48.137545919192846 ], [ 11.575886390109275, 48.137527943456938 ], [ 11.57596695689109, 48.137526136605196 ], [ 11.57596425743202, 48.13747220940045 ], [ 11.57593740186703, 48.137472811689484 ], [ 11.575936502058457, 48.13745483595406 ], [ 11.575990213168845, 48.137453631370455 ], [ 11.575989313342443, 48.137435655635713 ], [ 11.576043024430593, 48.137434451027772 ], [ 11.576040324900541, 48.137380523825385 ], [ 11.576013469384971, 48.137381126131352 ], [ 11.576008970232616, 48.137291247457433 ], [ 11.575982114762944, 48.137291849755243 ], [ 11.575980315126884, 48.137255898284444 ], [ 11.575926604222321, 48.137257102859735 ], [ 11.575925704424321, 48.137239127123472 ], [ 11.575952559867687, 48.137238524839326 ], [ 11.575951660061216, 48.137220549103368 ], [ 11.575924804627205, 48.137221151387138 ], [ 11.575923904830969, 48.137203175650733 ], [ 11.575950760255624, 48.137202573367347 ], [ 11.575949860450914, 48.137184597631254 ], [ 11.57600357127887, 48.137183393046442 ], [ 11.576004471102291, 48.137201368781774 ], [ 11.576031326524303, 48.137200766479587 ], [ 11.576034026027921, 48.137254693684056 ], [ 11.576060881477121, 48.137254091374466 ], [ 11.576063581016735, 48.137308018577173 ], [ 11.576090436493118, 48.137307416260185 ], [ 11.576091336350775, 48.137325391993912 ], [ 11.576145047319608, 48.137324187340347 ], [ 11.576144147443241, 48.137306211607388 ], [ 11.576224713861814, 48.137304404581172 ], [ 11.576227413577763, 48.137358331776454 ], [ 11.576254269076925, 48.137357729420707 ], [ 11.576256968828874, 48.137411656614248 ], [ 11.576283824355221, 48.137411054251103 ], [ 11.57628562421297, 48.137447005712353 ], [ 11.576339335300446, 48.137445800965743 ], [ 11.576338435352419, 48.137427825235903 ], [ 11.576365290885478, 48.137427222853574 ], [ 11.576363490973359, 48.137391271394449 ], [ 11.576336635459009, 48.137391873776032 ], [ 11.576333035682769, 48.137319970855444 ], [ 11.576359891159694, 48.137319368475367 ], [ 11.576360791111789, 48.13733734420525 ], [ 11.576387646597189, 48.13733674181853 ], [ 11.576390346486827, 48.137390669006606 ], [ 11.576417201999412, 48.137390066612497 ], [ 11.576418101973744, 48.137408042341335 ], [ 11.576498668534279, 48.137406235120238 ], [ 11.576497768531882, 48.13738825939253 ], [ 11.576551479549122, 48.137387054547872 ], [ 11.576548779491082, 48.13733312736661 ], [ 11.576521924010972, 48.137333729790939 ], [ 11.576521024002743, 48.13731575406333 ], [ 11.5765478794735, 48.137315151639378 ], [ 11.576546979456799, 48.137297175912082 ], [ 11.576627545835715, 48.137295368603738 ], [ 11.576629345926133, 48.137331320055999 ], [ 11.57665620140272, 48.137330717606595 ], [ 11.576658001515376, 48.137366669057826 ], [ 11.576711712503329, 48.137365464138703 ], [ 11.576713512656932, 48.137401415588144 ], [ 11.576740368168297, 48.137400813118418 ], [ 11.57674216834414, 48.137436764566829 ], [ 11.576876445981299, 48.137433752120394 ], [ 11.576875545846161, 48.137415776398107 ], [ 11.576956112389812, 48.137413968856144 ], [ 11.576955212227485, 48.137395993134923 ], [ 11.577008923233468, 48.137394788076357 ], [ 11.577012523962903, 48.137466690957787 ], [ 11.577039379501995, 48.137466088417604 ], [ 11.577042080086395, 48.137520015576818 ], [ 11.577068935652672, 48.137519413029217 ], [ 11.577070736065391, 48.137555364467588 ], [ 11.577097591649496, 48.137554761912959 ], [ 11.577100292303255, 48.137608689068877 ], [ 11.577127147914547, 48.137608086506852 ], [ 11.577129848604306, 48.137662013661 ], [ 11.577156704242784, 48.137661411091571 ], [ 11.577159404968544, 48.137715338243964 ], [ 11.577186260634207, 48.137714735667124 ], [ 11.577188061141168, 48.137750687100954 ], [ 11.577241772507273, 48.137749481926967 ], [ 11.577243573055183, 48.137785433359014 ], [ 11.577270428755625, 48.137784830761859 ], [ 11.577272229325773, 48.137820782192868 ], [ 11.577299085044046, 48.137820179588694 ], [ 11.577301785933948, 48.137874106733548 ], [ 11.577328641679404, 48.13787350412197 ], [ 11.577330442295793, 48.137909455550769 ], [ 11.577357298059081, 48.137908852932156 ], [ 11.577359098697706, 48.137944804359933 ], [ 11.577385954478826, 48.1379442017343 ], [ 11.577388655471445, 48.137998128874308 ], [ 11.577415511279748, 48.137997526241264 ], [ 11.577416411621741, 48.138015501954087 ], [ 11.57744326743852, 48.138014899314406 ], [ 11.577445068143861, 48.138050850739084 ], [ 11.57747192397847, 48.138050248092384 ], [ 11.577473724706051, 48.138086199516025 ], [ 11.577500580558491, 48.13808559686229 ], [ 11.577502381308308, 48.1381215482849 ], [ 11.577421813692212, 48.138123356229563 ], [ 11.577422714040376, 48.138141331941902 ], [ 11.577342146388272, 48.138143139831264 ], [ 11.577343046709251, 48.138161115544655 ], [ 11.577369902603522, 48.13816051292077 ], [ 11.577371703266834, 48.138196464346592 ], [ 11.577398559178938, 48.138195861715673 ], [ 11.577400359864489, 48.138231813140465 ], [ 11.577427215794421, 48.138231210502532 ], [ 11.577429016502212, 48.138267161926294 ], [ 11.577455872449976, 48.13826655928132 ], [ 11.57745677281455, 48.138284534992728 ], [ 11.577483628770787, 48.13828393234111 ], [ 11.577485429521291, 48.138319883762946 ], [ 11.577512285495359, 48.138319281104302 ], [ 11.577514086268105, 48.138355232525115 ], [ 11.577540942260002, 48.138354629859442 ], [ 11.577542743054986, 48.138390581279225 ], [ 11.577489031032881, 48.138391786605801 ], [ 11.577489931412984, 48.13840976231635 ], [ 11.577409363345149, 48.138411570260338 ], [ 11.577410263698065, 48.138429545971938 ], [ 11.577383407664334, 48.138430148607775 ], [ 11.577380706636301, 48.138376221471617 ], [ 11.577407562641962, 48.138375618836911 ], [ 11.577403961246173, 48.138303715989245 ], [ 11.577377105277932, 48.138304318622438 ], [ 11.577375304604042, 48.138268367197433 ], [ 11.577348448653634, 48.138268969823606 ], [ 11.577346648001978, 48.138233018397571 ], [ 11.577319792069401, 48.138233621016703 ], [ 11.577317991439985, 48.13819766958963 ], [ 11.57729113552524, 48.138198272201748 ], [ 11.577289334918062, 48.138162320773638 ], [ 11.577262479021146, 48.138162923378736 ], [ 11.577263379314935, 48.138180899093207 ], [ 11.577182811590829, 48.13818270687198 ], [ 11.577183711857433, 48.13820068258751 ], [ 11.577103144097324, 48.138202490311002 ], [ 11.577104044336741, 48.13822046602759 ], [ 11.577023476540626, 48.138222273695796 ], [ 11.577024376752858, 48.13824024941345 ], [ 11.576943808920742, 48.138242057026353 ], [ 11.576944709105788, 48.138260032745087 ], [ 11.576864141237671, 48.138261840302697 ], [ 11.576865041395529, 48.138279816022482 ], [ 11.57678447349141, 48.138281623524811 ], [ 11.57678537362208, 48.138299599245663 ], [ 11.57670480568196, 48.13830140669269 ], [ 11.576705705785443, 48.138319382414601 ], [ 11.576625137809321, 48.138321189806348 ], [ 11.576626037885619, 48.138339165529324 ], [ 11.576545469873494, 48.13834097286577 ], [ 11.576546369922605, 48.138358948589818 ], [ 11.57646580187448, 48.138360755870977 ], [ 11.576466701896404, 48.138378731596077 ], [ 11.576386133812278, 48.138380538821941 ], [ 11.576387033807015, 48.138398514548108 ], [ 11.576306465686887, 48.138400321718684 ], [ 11.576308265622869, 48.138436273173077 ], [ 11.576335121682504, 48.138435670788404 ], [ 11.576336921640722, 48.138471622241774 ], [ 11.576363777718191, 48.138471019850073 ], [ 11.576364677707977, 48.138488995576267 ], [ 11.576337821621154, 48.138489597968345 ], [ 11.576338721602466, 48.138507573694852 ], [ 11.576311865505406, 48.138508176081046 ], [ 11.576312765478244, 48.138526151807866 ], [ 11.576232197153704, 48.138527958929942 ], [ 11.576233997045888, 48.138563910385642 ], [ 11.576287709300551, 48.13856270564235 ], [ 11.576286809335308, 48.138544729915289 ], [ 11.576313665451963, 48.138544127534622 ], [ 11.576315465402045, 48.138580078987907 ], [ 11.576342321536531, 48.138579476600206 ], [ 11.576344121508852, 48.138615428052468 ], [ 11.576370977661167, 48.13861482565774 ], [ 11.576371877658007, 48.138632801383395 ], [ 11.576345021496335, 48.138633403778492 ], [ 11.576345921484696, 48.138651379504459 ], [ 11.57626535296632, 48.138653186653272 ], [ 11.576266252927496, 48.138671162380291 ], [ 11.576212540558792, 48.138672367115596 ] ] ] } },
{ "type": "Feature", "properties": { "height": 18.14056396484375 }, "geometry": { "type": "Polygon", "coordinates": [ [ [ 11.57215894410462, 48.138259328799286 ], [ 11.572157147076766, 48.138223377226581 ], [ 11.572130291039688, 48.138223978633057 ], [ 11.572127595532574, 48.138170051272311 ], [ 11.572100739522686, 48.138170652671398 ], [ 11.572097145562946, 48.138098749521269 ], [ 11.5720702895896, 48.138099350912576 ], [ 11.572066695681363, 48.138027447759839 ], [ 11.572039839744564, 48.138028049143358 ], [ 11.572035347425844, 48.137938170199007 ], [ 11.572062203315863, 48.137937568817371 ], [ 11.572058609439299, 48.137865665662133 ], [ 11.572031753586705, 48.13786626704227 ], [ 11.572028159761643, 48.137794363884431 ], [ 11.572001303945594, 48.137794965256781 ], [ 11.571996811730843, 48.137705086306049 ], [ 11.571969955960693, 48.137705687670241 ], [ 11.571966362242154, 48.137633784506889 ], [ 11.571939506508546, 48.137634385863308 ], [ 11.571938608090466, 48.137616410071928 ], [ 11.571965463814717, 48.137615808715886 ], [ 11.571964565388162, 48.137597832924804 ], [ 11.571991421102178, 48.137597231562864 ], [ 11.571990522667146, 48.137579255772103 ], [ 11.572017378370926, 48.137578654404265 ], [ 11.572016479927418, 48.137560678613802 ], [ 11.572043335620961, 48.137560077240089 ], [ 11.572042437168976, 48.137542101449924 ], [ 11.572069292852287, 48.13754150007032 ], [ 11.572067495932247, 48.137505548490566 ], [ 11.572094351595963, 48.137504947105441 ], [ 11.572093453127907, 48.137486971315838 ], [ 11.572120308781388, 48.137486369924808 ], [ 11.572119410304856, 48.13746839413551 ], [ 11.572146265948101, 48.137467792738605 ], [ 11.572145367463094, 48.137449816949612 ], [ 11.572172223096103, 48.137449215546809 ], [ 11.572171324602619, 48.137431239758129 ], [ 11.572198180225394, 48.137430638349436 ], [ 11.572197281723433, 48.137412662561061 ], [ 11.57222413733597, 48.13741206114647 ], [ 11.572222340315982, 48.137376109570262 ], [ 11.572249195908928, 48.137375508150164 ], [ 11.572248297390896, 48.137357532362337 ], [ 11.572275152973608, 48.137356930936342 ], [ 11.572274254447102, 48.137338955148827 ], [ 11.572301110019577, 48.137338353716935 ], [ 11.572300211484592, 48.137320377929726 ], [ 11.572327067046832, 48.137319776491942 ], [ 11.572326168503373, 48.137301800705032 ], [ 11.572353024055378, 48.137301199261366 ], [ 11.572352125503443, 48.137283223474768 ], [ 11.57237898104521, 48.137282622025197 ], [ 11.572378082484802, 48.137264646238911 ], [ 11.572404938016334, 48.137264044783457 ], [ 11.572403140879439, 48.137228093211426 ], [ 11.572429996391381, 48.137227491750451 ], [ 11.572429097814899, 48.137209515964713 ], [ 11.572455953316606, 48.137208914497847 ], [ 11.572456851902443, 48.137226890283223 ], [ 11.572483707412626, 48.137226288809707 ], [ 11.572484606008697, 48.137244264594628 ], [ 11.572511461527355, 48.137243663114482 ], [ 11.572512360133665, 48.137261638898948 ], [ 11.572539215660797, 48.137261037412145 ], [ 11.572540114277341, 48.137279013196164 ], [ 11.57256696981295, 48.137278411702717 ], [ 11.57256786843973, 48.137296387486302 ], [ 11.572594723983816, 48.137295785986197 ], [ 11.572595622620831, 48.137313761769342 ], [ 11.572649333725071, 48.137312558749585 ], [ 11.572650232381678, 48.137330534531898 ], [ 11.572677087941834, 48.137329933012246 ], [ 11.572677986608676, 48.137347908794105 ], [ 11.572704842177309, 48.137347307267795 ], [ 11.572705740854389, 48.13736528304922 ], [ 11.572732596431495, 48.137364681516267 ], [ 11.572733495118809, 48.137382657297231 ], [ 11.572760350704392, 48.137382055757634 ], [ 11.572761249401943, 48.137400031538164 ], [ 11.572788104996, 48.137399429991916 ], [ 11.572789902412454, 48.137435381552002 ], [ 11.572763046799686, 48.137435983099003 ], [ 11.572764844200947, 48.137471934659558 ], [ 11.572737988568585, 48.137472536201052 ], [ 11.572738887261181, 48.137490511981603 ], [ 11.572712031618583, 48.137491113517193 ], [ 11.572712930302703, 48.137509089298064 ], [ 11.572686074649869, 48.137509690827756 ], [ 11.572686973325514, 48.137527666608925 ], [ 11.572660117662444, 48.137528268132733 ], [ 11.57266191499766, 48.137564219695633 ], [ 11.572635059314999, 48.137564821213928 ], [ 11.572635957974573, 48.137582796995638 ], [ 11.572609102281676, 48.137583398508035 ], [ 11.572610000932773, 48.137601374290071 ], [ 11.57258314522964, 48.137601975796578 ], [ 11.57258404387226, 48.137619951578912 ], [ 11.572557188158891, 48.137620553079529 ], [ 11.572558985428062, 48.137656504644738 ], [ 11.5725321296951, 48.137657106139841 ], [ 11.572533028321651, 48.137675081922723 ], [ 11.572506172578453, 48.137675683411921 ], [ 11.572507071196528, 48.137693659195122 ], [ 11.572480215443095, 48.137694260678444 ], [ 11.572481114052692, 48.137712236461937 ], [ 11.572454258289024, 48.137712837939354 ], [ 11.572455156890145, 48.137730813723167 ], [ 11.57242830111624, 48.137731415194693 ], [ 11.572429199708887, 48.137749390978811 ], [ 11.572456055492145, 48.137748789506901 ], [ 11.572458751303431, 48.137802716857699 ], [ 11.572485607113878, 48.137802115378399 ], [ 11.572488302961149, 48.137856042727428 ], [ 11.572515158798787, 48.137855441240717 ], [ 11.572516956053413, 48.137891392805649 ], [ 11.572543811908879, 48.137890791311911 ], [ 11.572546507825487, 48.137944718657657 ], [ 11.572573363708145, 48.137944117156529 ], [ 11.57257605966074, 48.137998044500513 ], [ 11.572602915570585, 48.137997442991967 ], [ 11.572605611559171, 48.138051370334203 ], [ 11.572632467496202, 48.138050768818267 ], [ 11.572635163520776, 48.138104696158742 ], [ 11.572662019484998, 48.138104094635409 ], [ 11.572662918170971, 48.138122070415051 ], [ 11.572636062197393, 48.138122671938767 ], [ 11.572636960874892, 48.138140647718721 ], [ 11.572556392920813, 48.138142452253383 ], [ 11.572557291571124, 48.138160428034404 ], [ 11.572503579578624, 48.138161631026918 ], [ 11.572504478211101, 48.13817960680862 ], [ 11.572450766196372, 48.138180809776813 ], [ 11.572451664811016, 48.13819878555919 ], [ 11.572371096754251, 48.138200589965585 ], [ 11.572371995341708, 48.138218565749028 ], [ 11.572318283280753, 48.138219768656036 ], [ 11.572319181850377, 48.138237744440168 ], [ 11.572265469767187, 48.138238947322847 ], [ 11.57226636831898, 48.138256923107662 ], [ 11.57215894410462, 48.138259328799286 ] ] ] } },
{ "type": "Feature", "properties": { "height": 15.3616943359375 }, "geometry": { "type": "Polygon", "coordinates": [ [ [ 11.577634859807461, 48.138082583499582 ], [ 11.577632158549005, 48.138028656370807 ], [ 11.577605302729042, 48.138029259054747 ], [ 11.577603501913194, 48.137993307634481 ], [ 11.57757664611106, 48.137993910311394 ], [ 11.577573944921967, 48.137939983179329 ], [ 11.57754708914702, 48.137940585848845 ], [ 11.577545288377411, 48.137904634426377 ], [ 11.577518432620296, 48.137905237088866 ], [ 11.577516631872925, 48.137869285665339 ], [ 11.577489776133639, 48.137869888320814 ], [ 11.577487975408507, 48.137833936896271 ], [ 11.577461119687051, 48.137834539544713 ], [ 11.577459318984159, 48.137798588119132 ], [ 11.577432463280534, 48.137799190760546 ], [ 11.577430662599879, 48.137763239333935 ], [ 11.577403806914083, 48.137763841968329 ], [ 11.577402006255667, 48.137727890540681 ], [ 11.577375150587701, 48.137728493168048 ], [ 11.577373349951522, 48.137692541739369 ], [ 11.577346494301386, 48.137693144359702 ], [ 11.577344693687447, 48.137657192930007 ], [ 11.577317838055139, 48.137657795543326 ], [ 11.577316037463438, 48.13762184411258 ], [ 11.577289181848963, 48.137622446718872 ], [ 11.577287381279499, 48.137586495287096 ], [ 11.577260525682851, 48.13758709788636 ], [ 11.577258725135627, 48.137551146453561 ], [ 11.57723186955681, 48.137551749045791 ], [ 11.57723006903182, 48.137515797611954 ], [ 11.577203213470835, 48.137516400197171 ], [ 11.577201412968083, 48.137480448762297 ], [ 11.577174557424927, 48.137481051340487 ], [ 11.577172756944414, 48.137445099904582 ], [ 11.577145901419087, 48.137445702475752 ], [ 11.577144100960814, 48.13740975103881 ], [ 11.577117245453314, 48.137410353602952 ], [ 11.577115445017277, 48.13737440216498 ], [ 11.577088589527611, 48.137375004722095 ], [ 11.57708678911381, 48.1373390532831 ], [ 11.577059933641971, 48.137339655833188 ], [ 11.577058133250409, 48.137303704393148 ], [ 11.577031277796399, 48.137304306936223 ], [ 11.577029477427075, 48.137268355495152 ], [ 11.577002621990896, 48.1372689580312 ], [ 11.577000821643811, 48.137233006589092 ], [ 11.577054532477865, 48.137231801512257 ], [ 11.577053632286933, 48.137213825791861 ], [ 11.577107343098751, 48.13721262069069 ], [ 11.57710644288999, 48.137194644970975 ], [ 11.577160153679571, 48.137193439845497 ], [ 11.577159253452979, 48.137175464126472 ], [ 11.577212964220323, 48.137174258976664 ], [ 11.577212063975901, 48.137156283258328 ], [ 11.577265774721008, 48.137155078084199 ], [ 11.577264874458757, 48.137137102366552 ], [ 11.577291729820633, 48.13713649977047 ], [ 11.577290829549909, 48.137118524053115 ], [ 11.577344540252303, 48.137117318842883 ], [ 11.57734363996375, 48.137099343126224 ], [ 11.577370495304269, 48.13709874051208 ], [ 11.577371395602178, 48.13711671622837 ], [ 11.577398250951171, 48.137116113607576 ], [ 11.577399151259318, 48.137134089323403 ], [ 11.577426006616784, 48.137133486695966 ], [ 11.577425106299284, 48.137115510980514 ], [ 11.577478816992862, 48.137114305707598 ], [ 11.577479717329073, 48.137132281422296 ], [ 11.577506572683896, 48.137131678776051 ], [ 11.577507473030346, 48.137149654490301 ], [ 11.577534328393641, 48.137149051837412 ], [ 11.577535228750328, 48.137167027551214 ], [ 11.577562084122098, 48.137166424891674 ], [ 11.577563884856829, 48.137202376318328 ], [ 11.577590740246428, 48.137201773651761 ], [ 11.577591640624471, 48.137219749364611 ], [ 11.577618496022543, 48.1372191466914 ], [ 11.577619396410823, 48.137237122403789 ], [ 11.57764625181737, 48.137236519723928 ], [ 11.577647152215887, 48.137254495435876 ], [ 11.577674007630907, 48.137253892749371 ], [ 11.577674908039663, 48.137271868460871 ], [ 11.577701763463157, 48.137271265767716 ], [ 11.577703564302023, 48.13730721718975 ], [ 11.577730419743347, 48.137306614489567 ], [ 11.577731320173458, 48.137324590200109 ], [ 11.577758175623256, 48.137323987493289 ], [ 11.577759976504835, 48.137359938913399 ], [ 11.577786831972462, 48.137359336199552 ], [ 11.577787732423928, 48.13737731190912 ], [ 11.577814587900029, 48.137376709188629 ], [ 11.577815488361734, 48.13739468489775 ], [ 11.577842343846308, 48.137394082170601 ], [ 11.577844144791076, 48.137430033587883 ], [ 11.577871000293481, 48.137429430853729 ], [ 11.577871900776541, 48.137447406561876 ], [ 11.57789875628742, 48.137446803821064 ], [ 11.577900557274901, 48.137482755236434 ], [ 11.577927412803609, 48.137482152488587 ], [ 11.577928313308025, 48.137500128195789 ], [ 11.577955168845207, 48.137499525441292 ], [ 11.577956969875402, 48.13753547685473 ], [ 11.57798382543041, 48.137534874093213 ], [ 11.577984725956187, 48.137552849799455 ], [ 11.578011581519672, 48.137552247031287 ], [ 11.57801338259258, 48.137588198442799 ], [ 11.578040238173894, 48.137587595667618 ], [ 11.578041138721025, 48.137605571372887 ], [ 11.578067994310814, 48.137604968591049 ], [ 11.578069795426435, 48.137640920000635 ], [ 11.578096651034052, 48.137640317211769 ], [ 11.578097551602541, 48.137658292916079 ], [ 11.578124407218633, 48.137657690120569 ], [ 11.578125307797361, 48.137675665824432 ], [ 11.578152163421926, 48.137675063022279 ], [ 11.578153064010891, 48.137693038725686 ], [ 11.578179919643929, 48.13769243591689 ], [ 11.578181720843217, 48.13772838732276 ], [ 11.578208576494085, 48.137727784506929 ], [ 11.578210377715612, 48.137763735911768 ], [ 11.578237233384309, 48.13776313308891 ], [ 11.578239034628075, 48.137799084492698 ], [ 11.578265890314604, 48.137798481662827 ], [ 11.578267691580608, 48.137834433065599 ], [ 11.578294547284967, 48.137833830228686 ], [ 11.578297249218657, 48.137887757331178 ], [ 11.578243537752925, 48.137888963000975 ], [ 11.578244438380542, 48.137906938702436 ], [ 11.578190726892572, 48.137908144347918 ], [ 11.578191627502356, 48.137926120050047 ], [ 11.578137915992148, 48.1379273256712 ], [ 11.578138816584103, 48.137945301374025 ], [ 11.578111960818319, 48.137945904175581 ], [ 11.578112861401802, 48.137963879878718 ], [ 11.578059149848878, 48.137965085463776 ], [ 11.57806005041453, 48.137983061167581 ], [ 11.577979483050459, 48.137984869499277 ], [ 11.577980383588926, 48.138002845204163 ], [ 11.577926671989758, 48.138004050728043 ], [ 11.577927572510395, 48.138022026433617 ], [ 11.57784700507696, 48.138023834673533 ], [ 11.577847905570412, 48.138041810380173 ], [ 11.577794193925003, 48.138043015842861 ], [ 11.577795094400622, 48.138060991550191 ], [ 11.577714526897825, 48.138062799698346 ], [ 11.577715427346261, 48.138080775406721 ], [ 11.577634859807461, 48.138082583499582 ] ] ] } },
{ "type": "Feature", "properties": { "height": 15.880256652832031 }, "geometry": { "type": "Polygon", "coordinates": [ [ [ 11.582819615378209, 48.1374622261702 ], [ 11.582818713167544, 48.137444250532127 ], [ 11.582791857762063, 48.13744485442249 ], [ 11.582790955561638, 48.13742687878397 ], [ 11.582764100164626, 48.137427482667697 ], [ 11.582763197974439, 48.137409507028735 ], [ 11.582736342585902, 48.137410110905797 ], [ 11.582735440405955, 48.137392135266388 ], [ 11.582708585025886, 48.137392739136807 ], [ 11.58270768285618, 48.13737476349695 ], [ 11.582680827484584, 48.137375367360725 ], [ 11.582679023166527, 48.137339416080032 ], [ 11.582652167812762, 48.137340019936779 ], [ 11.582651265664413, 48.137322044295942 ], [ 11.582624410319118, 48.137322648146046 ], [ 11.58262350818101, 48.137304672504776 ], [ 11.582596652844186, 48.137305276348222 ], [ 11.582595750716317, 48.137287300706497 ], [ 11.582568895387967, 48.137287904543307 ], [ 11.582567993270336, 48.137269928901148 ], [ 11.582541137950457, 48.137270532731293 ], [ 11.582540235843066, 48.137252557088672 ], [ 11.582513380531658, 48.137253160912181 ], [ 11.582511576338236, 48.137217209625987 ], [ 11.582484721044654, 48.137217813442469 ], [ 11.582483818958625, 48.137199837798882 ], [ 11.582456963673517, 48.137200441608712 ], [ 11.582456061597725, 48.137182465964685 ], [ 11.582429206321088, 48.137183069767865 ], [ 11.582428304255535, 48.13716509412339 ], [ 11.582401448987371, 48.137165697919933 ], [ 11.582400546932057, 48.137147722275003 ], [ 11.582373691672364, 48.137148326064889 ], [ 11.582372789627289, 48.137130350419525 ], [ 11.58234593437607, 48.13713095420276 ], [ 11.582344130307277, 48.137095002911053 ], [ 11.582317275073887, 48.137095606687261 ], [ 11.582316373050171, 48.137077631040924 ], [ 11.582289517825249, 48.137078234810495 ], [ 11.582288615811773, 48.137060259163697 ], [ 11.582261760595326, 48.137060862926617 ], [ 11.582260858592086, 48.137042887279392 ], [ 11.582234003384109, 48.137043491035648 ], [ 11.582231297407763, 48.13698956409241 ], [ 11.582204442226967, 48.136990167841269 ], [ 11.582202638265862, 48.136954216544666 ], [ 11.582229493427945, 48.13695361279656 ], [ 11.582227689451663, 48.136917661500433 ], [ 11.582254544594152, 48.136917057746814 ], [ 11.582253642597982, 48.136899082099042 ], [ 11.582280497730233, 48.136898478339525 ], [ 11.582279595725588, 48.136880502692051 ], [ 11.582360161088975, 48.136878691377035 ], [ 11.582361063121684, 48.136896667023379 ], [ 11.582414773378236, 48.136895459447935 ], [ 11.582415675430539, 48.136913435093447 ], [ 11.582469385702268, 48.136912227492168 ], [ 11.582472993995157, 48.136984130070502 ], [ 11.582446138822315, 48.136984733875799 ], [ 11.58244704088839, 48.137002709520594 ], [ 11.582473896070587, 48.137002105714927 ], [ 11.582474798146899, 48.137020081359267 ], [ 11.582501653337571, 48.137019477546957 ], [ 11.582502555424124, 48.13703745319085 ], [ 11.582529410623266, 48.137036849371896 ], [ 11.582531214817733, 48.137072800658707 ], [ 11.582558070034702, 48.137072196832726 ], [ 11.582558972142616, 48.137090172475659 ], [ 11.582585827368058, 48.13708956864302 ], [ 11.582586729486211, 48.137107544285506 ], [ 11.582613584720123, 48.137106940446216 ], [ 11.582614486848515, 48.137124916088254 ], [ 11.5826413420909, 48.137124312242328 ], [ 11.582642244229531, 48.137142287883918 ], [ 11.582669099480388, 48.137141684031327 ], [ 11.582670903779007, 48.137177635313535 ], [ 11.582697759047694, 48.13717703145393 ], [ 11.582698661207683, 48.137195007094547 ], [ 11.582725516484841, 48.137194403228293 ], [ 11.582726418655069, 48.137212378868462 ], [ 11.582753273940698, 48.137211774995563 ], [ 11.582755078302517, 48.137247726274957 ], [ 11.582781933605974, 48.137247122395017 ], [ 11.582782835797564, 48.137265098034234 ], [ 11.582809691109492, 48.137264494147651 ], [ 11.582810593311322, 48.137282469786406 ], [ 11.582837448631722, 48.137281865893186 ], [ 11.58283835084379, 48.137299841531501 ], [ 11.582865206172661, 48.13729923763163 ], [ 11.582867010618161, 48.137335188907279 ], [ 11.582947576655608, 48.137333377167785 ], [ 11.582946674404349, 48.137315401531133 ], [ 11.58305409573782, 48.1373129857922 ], [ 11.583053193450025, 48.13729501015699 ], [ 11.58326803599971, 48.137290178381264 ], [ 11.583266231277083, 48.137254227116678 ], [ 11.583400507748363, 48.137251207056877 ], [ 11.583399605341601, 48.137233231426393 ], [ 11.583480171185698, 48.137231419316407 ], [ 11.583479268751752, 48.137213443686989 ], [ 11.583506124021994, 48.137212839638174 ], [ 11.583502514257622, 48.137140937121274 ], [ 11.583529369489561, 48.137140333067705 ], [ 11.583526662147497, 48.137086406180451 ], [ 11.583553517350486, 48.137085802121746 ], [ 11.583550809988308, 48.137031875234975 ], [ 11.583577665162347, 48.137031271171146 ], [ 11.5835767627007, 48.137013295542459 ], [ 11.583603617864501, 48.137012691472741 ], [ 11.583604520335502, 48.137030667101037 ], [ 11.583711941019285, 48.137028250757922 ], [ 11.583712843528591, 48.137046226384641 ], [ 11.583766553883891, 48.137045018174703 ], [ 11.583769261473247, 48.137098945052166 ], [ 11.583742406267973, 48.137099549161405 ], [ 11.583745113837216, 48.137153476039366 ], [ 11.583718258602993, 48.137154080143475 ], [ 11.583720966152125, 48.137208007021947 ], [ 11.583694110888951, 48.137208611120919 ], [ 11.583696818417971, 48.137262537999909 ], [ 11.583669963125848, 48.137263142093744 ], [ 11.583673573139494, 48.13733504459961 ], [ 11.583646717809065, 48.137335648688698 ], [ 11.58364762030533, 48.137353624315374 ], [ 11.583593909623112, 48.137354832475495 ], [ 11.583594812101552, 48.137372808102846 ], [ 11.583433679977551, 48.137376432435012 ], [ 11.583434582400741, 48.13739440806458 ], [ 11.583219739444411, 48.137399240159411 ], [ 11.583220641793641, 48.137417215791935 ], [ 11.583032654094971, 48.137421443548433 ], [ 11.583033556379595, 48.137439419183544 ], [ 11.582872423975859, 48.137443042732599 ], [ 11.582873326205235, 48.137461018369919 ], [ 11.582819615378209, 48.1374622261702 ] ] ] } },
{ "type": "Feature", "properties": { "height": 21.070411682128906 }, "geometry": { "type": "Polygon", "coordinates": [ [ [ 11.583316332358756, 48.137181116584628 ], [ 11.583315429983591, 48.137163140952715 ], [ 11.583234864235854, 48.137164952945298 ], [ 11.583232157199861, 48.137111026045737 ], [ 11.583259012421927, 48.137110422055621 ], [ 11.583257207716974, 48.137074470789656 ], [ 11.583149786898257, 48.137076886709501 ], [ 11.583147982271681, 48.137040935440233 ], [ 11.583174837458973, 48.137040331470438 ], [ 11.583173032817221, 48.137004380201653 ], [ 11.583065612137586, 48.137006796040204 ], [ 11.583064709855456, 48.136988820404198 ], [ 11.582984144364518, 48.13699063221614 ], [ 11.582987753386075, 48.137062534764318 ], [ 11.58277291173866, 48.137067365999137 ], [ 11.582769303016473, 48.136995463438836 ], [ 11.582742447843991, 48.136996067313468 ], [ 11.582741545675006, 48.136978091672837 ], [ 11.582607269846125, 48.136981110950032 ], [ 11.582603661366132, 48.136909208379279 ], [ 11.582711081881321, 48.136906792976113 ], [ 11.58271017972611, 48.136888817334764 ], [ 11.582844455303443, 48.136885797941645 ], [ 11.582846259708299, 48.136921749220491 ], [ 11.58281940457589, 48.136922353112404 ], [ 11.582820306770289, 48.136940328752104 ], [ 11.582927727332047, 48.136937913145296 ], [ 11.582925922869293, 48.136901961868865 ], [ 11.58319447402474, 48.136895922420585 ], [ 11.58318906009637, 48.136788068612347 ], [ 11.583430755555543, 48.136782632593338 ], [ 11.583436169989096, 48.136890486381134 ], [ 11.583328749569329, 48.136892902461355 ], [ 11.583331456685773, 48.136946829358862 ], [ 11.583304601550555, 48.136947433364384 ], [ 11.583307308646885, 48.137001360262396 ], [ 11.583361018972564, 48.137000152242827 ], [ 11.583361921358486, 48.137018127874597 ], [ 11.583415631699342, 48.137016919829179 ], [ 11.583416534104858, 48.137034895460133 ], [ 11.583470244460887, 48.137033687388879 ], [ 11.583473854166629, 48.137105589908955 ], [ 11.583446998951635, 48.137106193949236 ], [ 11.583450608634093, 48.137178096469718 ], [ 11.583316332358756, 48.137181116584628 ] ] ] } },
{ "type": "Feature", "properties": { "height": 7.85601806640625 }, "geometry": { "type": "Polygon", "coordinates": [ [ [ 11.571054077483712, 48.137132327630276 ], [ 11.571053179390528, 48.137114351824827 ], [ 11.571026323908566, 48.137114952963032 ], [ 11.571025425825617, 48.137096977157135 ], [ 11.571052281298222, 48.137096376019301 ], [ 11.571051383206797, 48.137078400213696 ], [ 11.57110509413066, 48.137077197919957 ], [ 11.571104196021402, 48.137059222115049 ], [ 11.571131051472658, 48.137058620959152 ], [ 11.571130153354924, 48.137040645154549 ], [ 11.571157008795945, 48.137040043992769 ], [ 11.571156110669737, 48.137022068188479 ], [ 11.571182966100523, 48.137021467020794 ], [ 11.571182067965836, 48.137003491216809 ], [ 11.571208923386388, 48.137002890043235 ], [ 11.571209821530429, 48.137020865846843 ], [ 11.571236676959455, 48.137020264666617 ], [ 11.571237575113731, 48.137038240469785 ], [ 11.571264430551235, 48.137037639282923 ], [ 11.571265328715745, 48.137055615085636 ], [ 11.571238473268886, 48.137056216272882 ], [ 11.571239371424921, 48.137074192075907 ], [ 11.571212515967829, 48.137074793257263 ], [ 11.571213414115388, 48.137092769060587 ], [ 11.571159703179852, 48.137093971405243 ], [ 11.571160601309581, 48.137111947209256 ], [ 11.571106890351812, 48.137113149529576 ], [ 11.571107788463708, 48.137131125334278 ], [ 11.571054077483712, 48.137132327630276 ] ] ] } },
{ "type": "Feature", "properties": { "height": 15.349700927734375 }, "geometry": { "type": "Polygon", "coordinates": [ [ [ 11.580218241248209, 48.137592677080832 ], [ 11.580217339941502, 48.137574701406336 ], [ 11.58019048441294, 48.137575304690095 ], [ 11.580188681820886, 48.137539353340124 ], [ 11.580161826310153, 48.137539956616862 ], [ 11.580160925024805, 48.137521980941379 ], [ 11.580134069522543, 48.137522584211474 ], [ 11.580132266973209, 48.13748663285957 ], [ 11.580105411488775, 48.137487236122617 ], [ 11.580104510224787, 48.137469260446196 ], [ 11.580077654748829, 48.137469863702599 ], [ 11.58007585224221, 48.137433912348776 ], [ 11.580048996784079, 48.137434515598159 ], [ 11.58004809554145, 48.137416539920757 ], [ 11.58002124009179, 48.137417143163496 ], [ 11.580019437627891, 48.137381191807741 ], [ 11.579992582196061, 48.137381795043446 ], [ 11.579991680974791, 48.137363819365092 ], [ 11.579964825551434, 48.137364422594146 ], [ 11.579963023130251, 48.137328471236465 ], [ 11.579936167724725, 48.137329074458506 ], [ 11.579935266524812, 48.137311098779193 ], [ 11.579908411127757, 48.13731170199457 ], [ 11.579906608749292, 48.137275750634956 ], [ 11.579879753370065, 48.137276353843326 ], [ 11.579878852191513, 48.137258378163033 ], [ 11.579851996820757, 48.137258981364752 ], [ 11.57985019448501, 48.137223030003213 ], [ 11.579823339132085, 48.137223633197905 ], [ 11.57982243797489, 48.13720565751666 ], [ 11.579795582630437, 48.137206260704701 ], [ 11.579792879192214, 48.137152333659387 ], [ 11.579819734508598, 48.137151730472482 ], [ 11.579818833354933, 48.137133754790952 ], [ 11.579872543966346, 48.13713254839908 ], [ 11.579871642794851, 48.137114572718232 ], [ 11.579898498089877, 48.137113969513273 ], [ 11.579897596909911, 48.137095993832737 ], [ 11.579951307478607, 48.137094787404777 ], [ 11.579950406280812, 48.137076811724924 ], [ 11.579977261554481, 48.137076208501909 ], [ 11.579976360348212, 48.137058232822376 ], [ 11.580030070874193, 48.137057026358299 ], [ 11.580029169650095, 48.137039050679441 ], [ 11.580056024902404, 48.137038447438378 ], [ 11.580055123669835, 48.137020471759847 ], [ 11.580081978911908, 48.137019868512894 ], [ 11.580081077670867, 48.137001892834661 ], [ 11.580107932902701, 48.137001289581811 ], [ 11.580107031653187, 48.13698331390389 ], [ 11.580160742095496, 48.136982107380149 ], [ 11.580159840828154, 48.136964131702918 ], [ 11.580186696038631, 48.13696352843202 ], [ 11.580185794762814, 48.136945552755094 ], [ 11.580212649963054, 48.136944949478313 ], [ 11.580211748678765, 48.136926973801692 ], [ 11.580238603868764, 48.136926370519014 ], [ 11.580237702576005, 48.136908394842713 ], [ 11.580291412934645, 48.1369071882593 ], [ 11.580290511624058, 48.136889212583682 ], [ 11.5803173667927, 48.136888609282948 ], [ 11.580316465473638, 48.136870633607643 ], [ 11.580343320632041, 48.136870030301026 ], [ 11.580342419304507, 48.136852054626019 ], [ 11.580369274452673, 48.136851451313511 ], [ 11.580367471781541, 48.136815499964051 ], [ 11.580394326910117, 48.136814896646037 ], [ 11.580393425566518, 48.136796920971577 ], [ 11.580420280684853, 48.136796317647665 ], [ 11.580419379332785, 48.136778341973525 ], [ 11.580446234440881, 48.136777738643715 ], [ 11.580445333080339, 48.136759762969874 ], [ 11.580472188178199, 48.136759159634174 ], [ 11.580470385441053, 48.136723208287073 ], [ 11.580497240519319, 48.136722604945852 ], [ 11.580496339142714, 48.136704629272572 ], [ 11.580523194210743, 48.136704025925482 ], [ 11.580522292825666, 48.1366860502525 ], [ 11.580549147883458, 48.136685446899513 ], [ 11.580548246489908, 48.136667471226843 ], [ 11.580628811629918, 48.136665661131396 ], [ 11.580629713051531, 48.136683636802928 ], [ 11.580656568105791, 48.136683033424873 ], [ 11.580657469537643, 48.136701009095951 ], [ 11.580684324600375, 48.136700405711238 ], [ 11.580685226042466, 48.136718381381876 ], [ 11.580712081113669, 48.136717777990512 ], [ 11.580712982565998, 48.136735753660709 ], [ 11.580739837645673, 48.136735150262695 ], [ 11.58074073910824, 48.136753125932437 ], [ 11.580794449283655, 48.136751919116868 ], [ 11.580795350765815, 48.136769894785786 ], [ 11.580822205861553, 48.136769291368211 ], [ 11.580823107353952, 48.136787267036681 ], [ 11.580849962458162, 48.136786663612462 ], [ 11.580850863960796, 48.136804639280477 ], [ 11.580877719073481, 48.136804035849622 ], [ 11.580878620586354, 48.136822011517182 ], [ 11.580905475707509, 48.136821408079676 ], [ 11.580906377230621, 48.136839383746796 ], [ 11.58093323236025, 48.136838780302632 ], [ 11.580934133893599, 48.136856755969319 ], [ 11.580987844168918, 48.136855549061444 ], [ 11.580988745721861, 48.136873524727292 ], [ 11.581015600867552, 48.136872921263567 ], [ 11.581016502430732, 48.136890896928975 ], [ 11.581043357584894, 48.136890293458592 ], [ 11.581044259158315, 48.136908269123552 ], [ 11.581071114320949, 48.136907665646532 ], [ 11.581072015904606, 48.136925641311038 ], [ 11.581098871075712, 48.136925037827375 ], [ 11.58109977266961, 48.13694301349144 ], [ 11.581153483027887, 48.136941806504531 ], [ 11.581154384641374, 48.136959782167764 ], [ 11.581181239828544, 48.136959178664533 ], [ 11.581182141452272, 48.136977154327326 ], [ 11.581155286255747, 48.136977757830934 ], [ 11.581156187871002, 48.136995733494032 ], [ 11.581129332664238, 48.13699633699175 ], [ 11.58113023427102, 48.137014312655154 ], [ 11.581103379054021, 48.137014916146981 ], [ 11.581104280652331, 48.137032891810705 ], [ 11.581077425425091, 48.137033495296649 ], [ 11.581079228605649, 48.137069446624622 ], [ 11.581052373358817, 48.137070050105052 ], [ 11.581053274941064, 48.137088025769323 ], [ 11.581026419683994, 48.137088629243863 ], [ 11.581027321257769, 48.137106604908425 ], [ 11.58100046599046, 48.137107208377081 ], [ 11.581002269121949, 48.137143159706781 ], [ 11.580975413835047, 48.13714376316991 ], [ 11.580976315392761, 48.137161738835026 ], [ 11.580949460095619, 48.137162342292271 ], [ 11.580950361644861, 48.137180317957707 ], [ 11.580923506337481, 48.137180921409055 ], [ 11.580924407878248, 48.137198897074803 ], [ 11.58089755256063, 48.137199500520254 ], [ 11.580898454092928, 48.137217476186315 ], [ 11.580871598765071, 48.137218079625882 ], [ 11.580872500288894, 48.137236055292234 ], [ 11.5808456449508, 48.137236658725925 ], [ 11.580846546466152, 48.137254634392583 ], [ 11.580819691117819, 48.137255237820376 ], [ 11.580820592624697, 48.137273213487354 ], [ 11.580793737266125, 48.13727381690925 ], [ 11.58079463876453, 48.137291792576526 ], [ 11.580767783395721, 48.137292395992546 ], [ 11.580768684885655, 48.137310371660135 ], [ 11.580714974126677, 48.13731157847409 ], [ 11.580715875598782, 48.13732955414239 ], [ 11.580689020208613, 48.13733015754034 ], [ 11.580689921672244, 48.137348133208924 ], [ 11.580663066271839, 48.137348736600991 ], [ 11.580663967726997, 48.137366712269895 ], [ 11.580637112316353, 48.137367315656071 ], [ 11.580638013763039, 48.137385291325273 ], [ 11.580584302920389, 48.137386498079572 ], [ 11.580585204349248, 48.13740447374947 ], [ 11.580558348917243, 48.137405077117592 ], [ 11.580559250337627, 48.13742305278781 ], [ 11.580532394895386, 48.137423656150048 ], [ 11.580533296307296, 48.137441631820558 ], [ 11.580479585401454, 48.137442838526979 ], [ 11.580480486795537, 48.137460814198171 ], [ 11.580453631331936, 48.137461417542347 ], [ 11.580454532717548, 48.137479393213859 ], [ 11.580427677243705, 48.137479996552159 ], [ 11.580428578620845, 48.13749797222399 ], [ 11.580374867651804, 48.137499178882507 ], [ 11.580375769011116, 48.13751715455502 ], [ 11.580348913515916, 48.137517757875266 ], [ 11.580349814866752, 48.137535733548084 ], [ 11.580322959361315, 48.137536336862432 ], [ 11.580323860703679, 48.137554312535556 ], [ 11.580270149671444, 48.137555519146197 ], [ 11.580271050995981, 48.137573494820018 ], [ 11.580244195469183, 48.13757409811631 ], [ 11.580245096785244, 48.137592073790437 ], [ 11.580218241248209, 48.137592677080832 ] ] ] } },
{ "type": "Feature", "properties": { "height": 16.715705871582031 }, "geometry": { "type": "Polygon", "coordinates": [ [ [ 11.570380894219257, 48.137111402584523 ], [ 11.570378200649293, 48.137057475139258 ], [ 11.57035134518277, 48.137058076119239 ], [ 11.570348651648787, 48.137004148672233 ], [ 11.570321796209452, 48.137004749644802 ], [ 11.570320000543237, 48.136968798012362 ], [ 11.570293145121733, 48.136969398977925 ], [ 11.570290451657073, 48.136915471527615 ], [ 11.570317307050511, 48.136914870563189 ], [ 11.570316409221357, 48.136896894746656 ], [ 11.570396975368325, 48.136895091816903 ], [ 11.570396077511989, 48.136877116001429 ], [ 11.570476643622975, 48.13687531301639 ], [ 11.570475745739451, 48.136857337201981 ], [ 11.570556311814457, 48.136855534161633 ], [ 11.570555413903744, 48.13683755834829 ], [ 11.57063597994277, 48.136835755252655 ], [ 11.570637775821208, 48.136871706877017 ], [ 11.570664631184503, 48.136871105831837 ], [ 11.57066642708517, 48.136907057455176 ], [ 11.570693282466296, 48.136906456402976 ], [ 11.570692384506167, 48.136888480591722 ], [ 11.570719239877059, 48.136887879533639 ], [ 11.570718341908455, 48.13686990372269 ], [ 11.570798907987786, 48.136868100511954 ], [ 11.570798009991993, 48.136850124702079 ], [ 11.57085172068844, 48.136848922530973 ], [ 11.570850822674815, 48.13683094672178 ], [ 11.570877678012364, 48.136830345627196 ], [ 11.570880372083941, 48.136884273053461 ], [ 11.570907227448677, 48.136883671951502 ], [ 11.570909023519503, 48.136919623567906 ], [ 11.57093587890207, 48.136919022458912 ], [ 11.570938573042973, 48.136972949881873 ], [ 11.570965428452727, 48.136972348765482 ], [ 11.570967224569769, 48.137008300379691 ], [ 11.570886658281733, 48.137010103712328 ], [ 11.570887556313505, 48.137028079520455 ], [ 11.570833845431707, 48.137029281711627 ], [ 11.57083474344565, 48.137047257520443 ], [ 11.570781032541621, 48.137048459687286 ], [ 11.570780134546391, 48.137030483877709 ], [ 11.57069956821182, 48.137032287079819 ], [ 11.570700466178982, 48.137050262890533 ], [ 11.570619899808431, 48.137052066037349 ], [ 11.570620797748408, 48.137070041849107 ], [ 11.570540231341873, 48.137071844940635 ], [ 11.570541129254662, 48.137089820753467 ], [ 11.570460562812148, 48.137091623789694 ], [ 11.57046146069775, 48.137109599603583 ], [ 11.570380894219257, 48.137111402584523 ] ] ] } },
{ "type": "Feature", "properties": { "height": 4.4239311218261719 }, "geometry": { "type": "Polygon", "coordinates": [ [ [ 11.575369703746853, 48.13687368085354 ], [ 11.575368804155348, 48.136855705108204 ], [ 11.57531509364237, 48.136856909390275 ], [ 11.575314194070458, 48.136838933644107 ], [ 11.575287338822003, 48.136839535775373 ], [ 11.575286439260326, 48.136821560028771 ], [ 11.575259584020346, 48.136822162153379 ], [ 11.575258684468906, 48.13680418640633 ], [ 11.575231829237401, 48.136804788524294 ], [ 11.575230929696197, 48.136786812776791 ], [ 11.575204074473167, 48.136787414888111 ], [ 11.575203174942198, 48.13676943914016 ], [ 11.575176319727642, 48.136770041244823 ], [ 11.57517452068706, 48.136734089747968 ], [ 11.575201375882905, 48.136733487644058 ], [ 11.575200476354579, 48.136715511895886 ], [ 11.575254186724917, 48.136714307670012 ], [ 11.575255086271953, 48.136732283417409 ], [ 11.575308796657477, 48.136731079165692 ], [ 11.575309696224105, 48.136749054912265 ], [ 11.575336551424902, 48.136748452776629 ], [ 11.575337451001765, 48.136766428522762 ], [ 11.575364306211036, 48.136765826380476 ], [ 11.575365205798136, 48.13678380212616 ], [ 11.575392061015881, 48.136783199977224 ], [ 11.575392960613216, 48.136801175722454 ], [ 11.575419815839437, 48.13680057356688 ], [ 11.575420715447009, 48.136818549311677 ], [ 11.575447570681705, 48.136817947149439 ], [ 11.575448470299513, 48.136835922893788 ], [ 11.575421615055465, 48.136836525056374 ], [ 11.575422514664799, 48.136854500801036 ], [ 11.575395659410514, 48.13685510295776 ], [ 11.575396559011374, 48.136873078702713 ], [ 11.575369703746853, 48.13687368085354 ] ] ] } },
{ "type": "Feature", "properties": { "height": 14.464046478271484 }, "geometry": { "type": "Polygon", "coordinates": [ [ [ 11.580309254952923, 48.136726828202661 ], [ 11.580308353641804, 48.136708852526716 ], [ 11.580281498566714, 48.13670945582367 ], [ 11.580279695965837, 48.136673504470842 ], [ 11.580252840908576, 48.136674107760754 ], [ 11.580251939618817, 48.136656132083857 ], [ 11.580225084570028, 48.136656735367119 ], [ 11.580223282011866, 48.136620784012365 ], [ 11.580250137041944, 48.136620180729857 ], [ 11.580249235754835, 48.136602205052739 ], [ 11.580302945793632, 48.136600998469667 ], [ 11.580304748406158, 48.136636949822289 ], [ 11.580331603442946, 48.136636346520589 ], [ 11.580332504759888, 48.136654322196421 ], [ 11.580359359805145, 48.13665371888807 ], [ 11.580360261132325, 48.136671694563461 ], [ 11.580387116186058, 48.136671091248466 ], [ 11.580388017523475, 48.136689066923402 ], [ 11.580414872585678, 48.136688463601757 ], [ 11.580415773933336, 48.136706439276246 ], [ 11.580362063789334, 48.136707645914022 ], [ 11.580362965119162, 48.1367256215892 ], [ 11.580309254952923, 48.136726828202661 ] ] ] } },
{ "type": "Feature", "properties": { "height": 19.242057800292969 }, "geometry": { "type": "Polygon", "coordinates": [ [ [ 11.576401902570632, 48.13708447921158 ], [ 11.576400102654578, 48.137048527751332 ], [ 11.576373247319749, 48.137049130138273 ], [ 11.576370547480346, 48.13699520294626 ], [ 11.576343692172701, 48.136995805325789 ], [ 11.576340992369294, 48.136941878132014 ], [ 11.576314137088834, 48.136942480504146 ], [ 11.576311437321428, 48.136888553308616 ], [ 11.576338292573823, 48.136887950937613 ], [ 11.57633739264376, 48.136869975206018 ], [ 11.5764448136071, 48.136867565660836 ], [ 11.5764439136405, 48.136849589930669 ], [ 11.576685610672262, 48.136844168090661 ], [ 11.576684710622342, 48.136826192363841 ], [ 11.576765276255665, 48.136824384972122 ], [ 11.576764376178561, 48.136806409246361 ], [ 11.576871796973231, 48.136803999304483 ], [ 11.576870896859589, 48.136786023580164 ], [ 11.576951462418268, 48.136784216059063 ], [ 11.576950562277441, 48.136766240335803 ], [ 11.577031127800121, 48.136764432759414 ], [ 11.577030227632109, 48.136746457037212 ], [ 11.577110793118791, 48.136744649405543 ], [ 11.577109892923595, 48.136726673684407 ], [ 11.577163603224932, 48.136725468566027 ], [ 11.577162703011904, 48.136707492845588 ], [ 11.577189558151895, 48.136706890277367 ], [ 11.577188657930396, 48.136688914557233 ], [ 11.57721551306015, 48.136688311983129 ], [ 11.577214612830176, 48.1366703362633 ], [ 11.577241467949692, 48.136669733683306 ], [ 11.57723966747368, 48.136633782244182 ], [ 11.577266522573604, 48.136633179658681 ], [ 11.577267422820524, 48.136651155377891 ], [ 11.577294277928925, 48.136650552785731 ], [ 11.577295178186082, 48.136668528504508 ], [ 11.577322033302954, 48.136667925905712 ], [ 11.577322933570349, 48.13668590162402 ], [ 11.577349788695695, 48.136685299018566 ], [ 11.57735158925184, 48.136721250454237 ], [ 11.577324734107783, 48.136721853060443 ], [ 11.577325634377821, 48.136739828778559 ], [ 11.577298779223529, 48.136740431378875 ], [ 11.577299679485094, 48.13675840709729 ], [ 11.577272824320564, 48.136759009691716 ], [ 11.577273724573656, 48.136776985410435 ], [ 11.577246869398889, 48.136777587998971 ], [ 11.577247769643508, 48.13679556371801 ], [ 11.577220914458504, 48.136796166300655 ], [ 11.577221814694649, 48.13681414202 ], [ 11.577194959499407, 48.136814744596734 ], [ 11.577195859727079, 48.136832720316399 ], [ 11.5771690045216, 48.136833322887249 ], [ 11.577169904740797, 48.136851298607212 ], [ 11.577143049525082, 48.136851901172186 ], [ 11.577143949735806, 48.136869876892447 ], [ 11.577090239283022, 48.136871082004333 ], [ 11.577091139475915, 48.136889057725291 ], [ 11.577037429000892, 48.136890262812855 ], [ 11.577038329175958, 48.136908238534488 ], [ 11.577011473927771, 48.13690884106925 ], [ 11.577012374094361, 48.136926816791203 ], [ 11.576958663576628, 48.136928021842664 ], [ 11.576959563725389, 48.136945997565306 ], [ 11.576878997914115, 48.136947805096604 ], [ 11.57687989803569, 48.136965780820304 ], [ 11.576772476904228, 48.136968190775782 ], [ 11.576774277075183, 48.13700414222599 ], [ 11.576747421771401, 48.137004744699951 ], [ 11.576748321848847, 48.137022720425335 ], [ 11.57669461121993, 48.13702392535518 ], [ 11.576695511279544, 48.137041901081254 ], [ 11.576641800628391, 48.137043105986784 ], [ 11.576642700670178, 48.13706108171354 ], [ 11.576535279319874, 48.137063491450881 ], [ 11.576536179325119, 48.13708146717908 ], [ 11.576401902570632, 48.13708447921158 ] ] ] } },
{ "type": "Feature", "properties": { "height": 17.437664031982422 }, "geometry": { "type": "Polygon", "coordinates": [ [ [ 11.572768544610559, 48.13808371270116 ], [ 11.572766747168162, 48.138047761144541 ], [ 11.57273989123553, 48.138048362691826 ], [ 11.572737195106605, 48.137994435355253 ], [ 11.57271033920116, 48.137995036895134 ], [ 11.572708541804989, 48.137959085336313 ], [ 11.572681685917377, 48.137959686869173 ], [ 11.572678989857788, 48.137905759529303 ], [ 11.572652133997366, 48.137906361054753 ], [ 11.572644045950327, 48.137744579028009 ], [ 11.572670901726546, 48.137743977505949 ], [ 11.572668205698641, 48.137690050163577 ], [ 11.572695061445913, 48.13768944863638 ], [ 11.572693264079664, 48.137653497075199 ], [ 11.572720119807341, 48.13765289554248 ], [ 11.572719221116182, 48.137634919762178 ], [ 11.572746076833628, 48.137634318223562 ], [ 11.572745178133992, 48.137616342443565 ], [ 11.572772033841201, 48.137615740899058 ], [ 11.572771135133088, 48.137597765119366 ], [ 11.572797990830059, 48.137597163568969 ], [ 11.572797092113472, 48.137579187789576 ], [ 11.572823947800208, 48.137578586233296 ], [ 11.572822150350961, 48.137542634675071 ], [ 11.572849006018107, 48.13754203311327 ], [ 11.572848107285447, 48.137524057334439 ], [ 11.572874962942356, 48.13752345576674 ], [ 11.572874064201221, 48.137505479988207 ], [ 11.572900919847893, 48.137504878414624 ], [ 11.572900021098283, 48.137486902636404 ], [ 11.572926876734719, 48.137486301056924 ], [ 11.572925977976633, 48.137468325279016 ], [ 11.572952833602834, 48.137467723693639 ], [ 11.57295103607059, 48.137431772138356 ], [ 11.572977891677199, 48.13743117054748 ], [ 11.572976992903042, 48.137413194770104 ], [ 11.573003848499416, 48.13741259317333 ], [ 11.573002949716784, 48.137394617396268 ], [ 11.573029805302921, 48.137394015793603 ], [ 11.573028906511812, 48.137376040016846 ], [ 11.573055762087714, 48.137375438408291 ], [ 11.57305486328813, 48.137357462631847 ], [ 11.573081718853794, 48.137356861017395 ], [ 11.573079921238556, 48.137320909465053 ], [ 11.573106776784631, 48.137320307845087 ], [ 11.573105877968974, 48.13730233206919 ], [ 11.573132733504814, 48.137301730443326 ], [ 11.573131834680682, 48.137283754667727 ], [ 11.573158690206284, 48.137283153035995 ], [ 11.57315779137368, 48.137265177260709 ], [ 11.573184646889045, 48.137264575623064 ], [ 11.573183748047962, 48.137246599848091 ], [ 11.573210603553093, 48.137245998204563 ], [ 11.573208805854859, 48.137210046655156 ], [ 11.573235661340398, 48.137209445006107 ], [ 11.573234762483246, 48.137191469231681 ], [ 11.573261617958549, 48.137190867576734 ], [ 11.573260719092922, 48.137172891802621 ], [ 11.573287574557989, 48.137172290141784 ], [ 11.573286675683885, 48.137154314367976 ], [ 11.573313531138716, 48.137153712701242 ], [ 11.573312632256139, 48.137135736927739 ], [ 11.573339487700732, 48.137135135255122 ], [ 11.573337689919507, 48.137099183708671 ], [ 11.573364545344511, 48.137098582030539 ], [ 11.573363646445863, 48.137080606257591 ], [ 11.573390501860629, 48.137080004573555 ], [ 11.573389602953505, 48.137062028800912 ], [ 11.573416458358038, 48.137061427111 ], [ 11.573415559442438, 48.137043451338663 ], [ 11.573442414836734, 48.137042849642846 ], [ 11.573441515912661, 48.137024873870821 ], [ 11.57346837129672, 48.137024272169121 ], [ 11.573466573432501, 48.136988320625605 ], [ 11.573493428796969, 48.136987718918384 ], [ 11.573492529856825, 48.136969743146906 ], [ 11.573519385211057, 48.136969141433795 ], [ 11.573518486262438, 48.136951165662623 ], [ 11.573545341606435, 48.136950563943628 ], [ 11.573544442649341, 48.136932588172762 ], [ 11.573571297983101, 48.136931986447877 ], [ 11.573570399017532, 48.136914010677316 ], [ 11.573597254341056, 48.136913408946526 ], [ 11.573596355367011, 48.136895433176278 ], [ 11.573623210680301, 48.136894831439605 ], [ 11.573621412716141, 48.136858879899656 ], [ 11.573648268009839, 48.136858278157455 ], [ 11.573647369019724, 48.13684030238776 ], [ 11.573674224303186, 48.136839700639683 ], [ 11.573673325304597, 48.136821724870281 ], [ 11.573727035850169, 48.136820521356064 ], [ 11.573726136833749, 48.136802545587351 ], [ 11.573752992095859, 48.136801943821219 ], [ 11.573752093070963, 48.136783968052818 ], [ 11.573778948322836, 48.136783366280795 ], [ 11.573778049289466, 48.1367653905127 ], [ 11.573804904531105, 48.13676478873478 ], [ 11.57380400548926, 48.136746812967004 ], [ 11.573830860720662, 48.136746211183187 ], [ 11.573829961670342, 48.136728235415703 ], [ 11.573856816891508, 48.136727633626009 ], [ 11.573855917832713, 48.13670965785883 ], [ 11.573882773043643, 48.136709056063232 ], [ 11.573881873976372, 48.136691080296366 ], [ 11.574043005167338, 48.136687469393422 ], [ 11.574043904290743, 48.136705445158015 ], [ 11.574070759495511, 48.136704843318533 ], [ 11.574071658629149, 48.136722819082692 ], [ 11.574125369054755, 48.136721615384168 ], [ 11.574126268207985, 48.136739591147503 ], [ 11.574153123428824, 48.136738989288467 ], [ 11.574154022592289, 48.13675696505134 ], [ 11.574180877821602, 48.136756363185654 ], [ 11.574181776995303, 48.136774338948086 ], [ 11.574235487469997, 48.136773135197146 ], [ 11.574236386663291, 48.136791110958761 ], [ 11.574263241908671, 48.136790509073506 ], [ 11.574264141112199, 48.136808484834667 ], [ 11.574290996366056, 48.136807882942769 ], [ 11.574291895579821, 48.136825858703482 ], [ 11.574318750842153, 48.13682525680494 ], [ 11.574319650066155, 48.136843232565212 ], [ 11.57434650533696, 48.136842630660013 ], [ 11.574347404571199, 48.136860606419837 ], [ 11.57437425985048, 48.136860004508009 ], [ 11.574375159094952, 48.136877980267386 ], [ 11.574402014382708, 48.136877378348892 ], [ 11.574402913637416, 48.136895354107821 ], [ 11.574456624228997, 48.136894150251294 ], [ 11.574457523503298, 48.136912126009399 ], [ 11.574484378807123, 48.136911524071358 ], [ 11.574485278091659, 48.136929499829016 ], [ 11.574512133403958, 48.136928897884317 ], [ 11.574513032698732, 48.136946873641534 ], [ 11.574539888019507, 48.136946271690185 ], [ 11.574540787324514, 48.136964247446954 ], [ 11.574567642653765, 48.136963645488969 ], [ 11.574568541969009, 48.136981621245297 ], [ 11.574595397306735, 48.136981019280654 ], [ 11.574596296632217, 48.136998995036535 ], [ 11.574623151978415, 48.136998393065248 ], [ 11.574624051314133, 48.137016368820674 ], [ 11.574650906668808, 48.137015766842751 ], [ 11.57465180601476, 48.13703374259773 ], [ 11.574678661377908, 48.137033140613156 ], [ 11.574679560734099, 48.137051116367687 ], [ 11.574706416105723, 48.137050514376469 ], [ 11.57470731547215, 48.137068490130552 ], [ 11.574761026231464, 48.137067286128556 ], [ 11.574761925617484, 48.137085261881808 ], [ 11.574788781005175, 48.137084659871036 ], [ 11.574789680401429, 48.137102635623833 ], [ 11.574816535797597, 48.137102033606418 ], [ 11.574817435204087, 48.137120009358767 ], [ 11.574844290608729, 48.137119407334708 ], [ 11.574845190025457, 48.137137383086618 ], [ 11.574872045438573, 48.137136781055901 ], [ 11.574872944865536, 48.137154756807362 ], [ 11.574899800287128, 48.137154154770002 ], [ 11.574900699724328, 48.13717213052103 ], [ 11.574927555154394, 48.137171528477019 ], [ 11.57492845460183, 48.137189504227599 ], [ 11.574955310040371, 48.137188902176931 ], [ 11.574956209498044, 48.137206877927071 ], [ 11.574983064945059, 48.137206275869751 ], [ 11.574983964412969, 48.137224251619443 ], [ 11.57501081986846, 48.137223649555487 ], [ 11.575012618825632, 48.137259601053906 ], [ 11.575039474298951, 48.137258998982922 ], [ 11.575041273278359, 48.13729495048031 ], [ 11.575068128769511, 48.137294348402293 ], [ 11.575069927771153, 48.13733029989865 ], [ 11.575096783280134, 48.137329697813612 ], [ 11.57509858230401, 48.137365649308933 ], [ 11.575125437830822, 48.137365047216868 ], [ 11.575126337353437, 48.137383022964045 ], [ 11.575099481817269, 48.137383625056486 ], [ 11.57510038133141, 48.137401600803969 ], [ 11.575046670237722, 48.137402804970776 ], [ 11.57504756973403, 48.137420780718948 ], [ 11.574993858618106, 48.137421984861433 ], [ 11.574994758096585, 48.137439960610294 ], [ 11.574914191388025, 48.137441766778139 ], [ 11.574915090839317, 48.137459742528058 ], [ 11.574861379677163, 48.137460946609366 ], [ 11.574862279110626, 48.137478922359968 ], [ 11.574808567926235, 48.137480126416946 ], [ 11.574809467341867, 48.137498102168252 ], [ 11.574728900530609, 48.137499908207836 ], [ 11.574729799919055, 48.137517883960186 ], [ 11.574676088688435, 48.13751908795598 ], [ 11.574676988059046, 48.137537063709026 ], [ 11.574623276806193, 48.137538267680505 ], [ 11.574624176158977, 48.137556243434233 ], [ 11.574543609245019, 48.137558049345564 ], [ 11.574544508570616, 48.137576025100351 ], [ 11.57432966335314, 48.137580840591056 ], [ 11.57433056260477, 48.137598816348799 ], [ 11.574276851272883, 48.137600020159539 ], [ 11.574277750506683, 48.137617995917964 ], [ 11.57419718347418, 48.137619801588187 ], [ 11.574198082680791, 48.13763777734767 ], [ 11.574144371302674, 48.137638981097226 ], [ 11.574145270491458, 48.137656956857413 ], [ 11.57406470338961, 48.137658762435848 ], [ 11.574065602551206, 48.137676738197086 ], [ 11.57401189112686, 48.13767794188545 ], [ 11.574012790270622, 48.137695917647378 ], [ 11.573959078824045, 48.137697121311433 ], [ 11.573959977949977, 48.137715097074029 ], [ 11.573906266481163, 48.137716300713755 ], [ 11.573907165589263, 48.137734276477048 ], [ 11.573826598351372, 48.13773608189075 ], [ 11.573827497432287, 48.137754057655101 ], [ 11.573773785917245, 48.137755261233643 ], [ 11.573774684980327, 48.137773236998683 ], [ 11.573720973443052, 48.137774440552903 ], [ 11.573721872488305, 48.137792416318632 ], [ 11.573641305147721, 48.137794221604061 ], [ 11.573642204165784, 48.137812197370863 ], [ 11.573588492582282, 48.137813400863884 ], [ 11.573589391582512, 48.137831376631361 ], [ 11.573535679976775, 48.13783258010006 ], [ 11.573536578959176, 48.137850555868233 ], [ 11.573482867331208, 48.137851759312618 ], [ 11.573483766295777, 48.137869735081466 ], [ 11.573456910471114, 48.137870336794627 ], [ 11.573458708384182, 48.137906288332886 ], [ 11.573431852539928, 48.137906890040526 ], [ 11.573432751488427, 48.137924865809929 ], [ 11.573379039778565, 48.137926069207168 ], [ 11.57337993870923, 48.137944044977253 ], [ 11.573326226977137, 48.137945248350178 ], [ 11.573327125889973, 48.137963224120938 ], [ 11.573273414135643, 48.137964427469534 ], [ 11.573274313030648, 48.137982403240997 ], [ 11.573220601254089, 48.137983606565271 ], [ 11.573221500131259, 48.138001582337409 ], [ 11.573167788332464, 48.138002785637354 ], [ 11.573168687191805, 48.138020761410175 ], [ 11.573141831281733, 48.138021363051131 ], [ 11.573140033582645, 48.137985411504658 ], [ 11.573086321797284, 48.137986614766241 ], [ 11.573087220627672, 48.138004590540262 ], [ 11.573033508820076, 48.138005793777523 ], [ 11.573034407632635, 48.138023769552227 ], [ 11.572980695802807, 48.138024972765166 ], [ 11.572981594597534, 48.138042948540566 ], [ 11.572901026818121, 48.138044753314077 ], [ 11.57290192558566, 48.138062729090528 ], [ 11.572848213709605, 48.138063932242282 ], [ 11.572849112459313, 48.138081908019423 ], [ 11.572768544610559, 48.13808371270116 ] ] ] } },
{ "type": "Feature", "properties": { "height": 15.914443969726562 }, "geometry": { "type": "Polygon", "coordinates": [ [ [ 11.582062048933585, 48.136831405637629 ], [ 11.582061147007316, 48.136813429986844 ], [ 11.582034291914775, 48.136814033694307 ], [ 11.582033389998745, 48.136796058043082 ], [ 11.582006534914676, 48.136796661743887 ], [ 11.582005633008885, 48.136778686092221 ], [ 11.581978777933287, 48.136779289786382 ], [ 11.581977876037733, 48.136761314134262 ], [ 11.581951020970608, 48.136761917821786 ], [ 11.581950119085294, 48.136743942169204 ], [ 11.581923264026639, 48.136744545850078 ], [ 11.581922362151563, 48.136726570197055 ], [ 11.581895507101382, 48.136727173871279 ], [ 11.581894605236544, 48.136709198217822 ], [ 11.581867750194835, 48.136709801885395 ], [ 11.581866848340233, 48.136691826231484 ], [ 11.581839993306996, 48.136692429892413 ], [ 11.581839091462635, 48.136674454238047 ], [ 11.58181223643787, 48.136675057892326 ], [ 11.581811334603746, 48.136657082237527 ], [ 11.581784479587453, 48.13665768588514 ], [ 11.581783577763566, 48.136639710229893 ], [ 11.581756722755745, 48.136640313870878 ], [ 11.581755820942098, 48.136622338215169 ], [ 11.581728965942752, 48.136622941849517 ], [ 11.581728064139339, 48.136604966193353 ], [ 11.581701209148465, 48.136605569821043 ], [ 11.581700307355293, 48.136587594164446 ], [ 11.581673452372888, 48.136588197785485 ], [ 11.581672550589955, 48.136570222128441 ], [ 11.581645695616022, 48.136570825742844 ], [ 11.581643892071515, 48.13653487442776 ], [ 11.581670747026738, 48.136534270814117 ], [ 11.581669845246454, 48.136516295156859 ], [ 11.58169670019144, 48.136515691537326 ], [ 11.581695798402684, 48.136497715880381 ], [ 11.58172265333743, 48.136497112254951 ], [ 11.581721751540202, 48.136479136598318 ], [ 11.581748606464712, 48.136478532967004 ], [ 11.581747704659014, 48.136460557310677 ], [ 11.581774559573283, 48.136459953673466 ], [ 11.581773657759111, 48.136441978017444 ], [ 11.581800512663145, 48.136441374374357 ], [ 11.581799610840502, 48.136423398718648 ], [ 11.581826465734295, 48.136422795069663 ], [ 11.581827367566294, 48.136440770724995 ], [ 11.581854222468561, 48.13644016706936 ], [ 11.581855124310795, 48.136458142724244 ], [ 11.581881979221535, 48.136457539061979 ], [ 11.581882881074009, 48.136475514716402 ], [ 11.581909735993218, 48.136474911047472 ], [ 11.58191063785593, 48.136492886701475 ], [ 11.581937492783611, 48.136492283025902 ], [ 11.581938394656564, 48.136510258679436 ], [ 11.581965249592717, 48.136509654997212 ], [ 11.581966151475907, 48.136527630650313 ], [ 11.581993006420532, 48.136527026961438 ], [ 11.58199390831396, 48.136545002614092 ], [ 11.582020763267057, 48.136544398918581 ], [ 11.582021665170723, 48.136562374570794 ], [ 11.582048520132291, 48.136561770868617 ], [ 11.582049422046195, 48.136579746520376 ], [ 11.582076277016236, 48.13657914281157 ], [ 11.582077178940377, 48.136597118462866 ], [ 11.58210403391889, 48.136596514747403 ], [ 11.58210493585327, 48.136614490398259 ], [ 11.582131790840254, 48.136613886676152 ], [ 11.582132692784874, 48.136631862326567 ], [ 11.582159547780332, 48.136631258597809 ], [ 11.582160449735188, 48.13664923424777 ], [ 11.582187304739117, 48.136648630512362 ], [ 11.582188206704213, 48.136666606161874 ], [ 11.582215061716612, 48.136666002419837 ], [ 11.582215963691947, 48.136683978068895 ], [ 11.582242818712819, 48.136683374320192 ], [ 11.582244622684845, 48.136719325617356 ], [ 11.582217767645265, 48.136719929366819 ], [ 11.582218669623249, 48.136737905015671 ], [ 11.582191814573427, 48.136738508759237 ], [ 11.582192716542938, 48.136756484408401 ], [ 11.582165861482878, 48.136757088146076 ], [ 11.582166763443919, 48.136775063795554 ], [ 11.58213990837362, 48.136775667527338 ], [ 11.582140810326187, 48.136793643177121 ], [ 11.582113955245653, 48.136794246903015 ], [ 11.582114857189749, 48.136812222553111 ], [ 11.582088002098972, 48.136812826273108 ], [ 11.582088904034597, 48.136830801923516 ], [ 11.582062048933585, 48.136831405637629 ] ] ] } },
{ "type": "Feature", "properties": { "height": 15.697807312011719 }, "geometry": { "type": "Polygon", "coordinates": [ [ [ 11.567344521416969, 48.138223073981152 ], [ 11.56730595840993, 48.137450112182933 ], [ 11.567332814145033, 48.13744951191088 ], [ 11.567322949347666, 48.137251777480991 ], [ 11.567349804978974, 48.137251177206828 ], [ 11.567339940184956, 48.137053442772718 ], [ 11.567366795712475, 48.137052842496416 ], [ 11.567365002106268, 48.137016890780977 ], [ 11.56744556862742, 48.137015089916709 ], [ 11.567446465458151, 48.137033065773331 ], [ 11.56755388751148, 48.137030664531693 ], [ 11.567551196909651, 48.13697673696614 ], [ 11.567578052392721, 48.136976136641181 ], [ 11.567577155517844, 48.136958160786236 ], [ 11.567684577403917, 48.136955759425234 ], [ 11.567683680492497, 48.136937783571724 ], [ 11.567764246869762, 48.136935982486278 ], [ 11.567763349931154, 48.136918006633834 ], [ 11.567843916272444, 48.13691620549308 ], [ 11.567843019306649, 48.136898229641695 ], [ 11.567950441045319, 48.13689582803444 ], [ 11.567949544042978, 48.13687785218449 ], [ 11.568030110309689, 48.136876050914346 ], [ 11.568029213280159, 48.13685807506544 ], [ 11.568136634919387, 48.136855673285659 ], [ 11.568135737853313, 48.136837697438203 ], [ 11.568216304045444, 48.136835896038662 ], [ 11.568215406952183, 48.136817920192271 ], [ 11.568322828491967, 48.136815518239949 ], [ 11.568321931362162, 48.136797542394994 ], [ 11.568402497479708, 48.136795740866063 ], [ 11.568401600322714, 48.13677776502216 ], [ 11.568509021763058, 48.136775362897325 ], [ 11.568508124569519, 48.136757387054871 ], [ 11.568588690612483, 48.136755585396536 ], [ 11.568587793391757, 48.136737609555134 ], [ 11.568695214732653, 48.136735207257772 ], [ 11.568694317475384, 48.136717231417805 ], [ 11.568774883443762, 48.136715429630073 ], [ 11.568773986159304, 48.136697453791172 ], [ 11.568881407400754, 48.136695051321283 ], [ 11.568880510079753, 48.136677075483817 ], [ 11.568961075973547, 48.136675273566702 ], [ 11.568960178625357, 48.136657297730288 ], [ 11.568987033912176, 48.13665669707909 ], [ 11.568989725987445, 48.136710624586968 ], [ 11.569016581301451, 48.136710023928373 ], [ 11.569020170784867, 48.13678192726973 ], [ 11.569047026135417, 48.136781326603348 ], [ 11.569049718285273, 48.136835254107524 ], [ 11.569076573663009, 48.136834653433745 ], [ 11.569080163245879, 48.136906556770164 ], [ 11.569107018660159, 48.136905956088611 ], [ 11.569109710884604, 48.136959883589071 ], [ 11.569136566326073, 48.136959282900115 ], [ 11.569140156008391, 48.137031186231575 ], [ 11.569167011486403, 48.137030585534852 ], [ 11.569169703785439, 48.137084513031596 ], [ 11.569196559290639, 48.137083912327469 ], [ 11.569199251625651, 48.137137839822465 ], [ 11.569226107158039, 48.137137239110935 ], [ 11.569228799529027, 48.137191166604175 ], [ 11.569255655088606, 48.137190565885248 ], [ 11.56925834749557, 48.137244493376741 ], [ 11.569285203082336, 48.137243892650417 ], [ 11.569287895525278, 48.137297820140155 ], [ 11.569314751139233, 48.137297219406427 ], [ 11.5693165461243, 48.137333171065158 ], [ 11.569343401756088, 48.137332570324396 ], [ 11.569346094268349, 48.137386497810851 ], [ 11.569372949927326, 48.137385897062707 ], [ 11.569374744958607, 48.137421848719221 ], [ 11.569401600635414, 48.137421247964056 ], [ 11.569404293216994, 48.1374751754472 ], [ 11.569431148920991, 48.137474574684632 ], [ 11.569433841538549, 48.137528502166013 ], [ 11.569460697269736, 48.137527901396048 ], [ 11.569463389923273, 48.137581828875682 ], [ 11.569490245681648, 48.13758122809832 ], [ 11.569492938371162, 48.137635155576191 ], [ 11.569519794156728, 48.137634554791426 ], [ 11.569522486882221, 48.137688482267563 ], [ 11.569549342694975, 48.137687881475394 ], [ 11.569552035456447, 48.137741808949777 ], [ 11.569578891296388, 48.137741208150203 ], [ 11.569580686493811, 48.137777159798702 ], [ 11.569553830635158, 48.137777760599022 ], [ 11.569554728225832, 48.137795736423541 ], [ 11.569447304744999, 48.137798139563643 ], [ 11.569448202299128, 48.13781611538959 ], [ 11.569340778766808, 48.137818518430869 ], [ 11.56934167628439, 48.137836494258273 ], [ 11.569234252700586, 48.137838897200751 ], [ 11.569235150181621, 48.137856873029577 ], [ 11.569127726546331, 48.137859275873261 ], [ 11.569128623990821, 48.137877251703529 ], [ 11.569021200304043, 48.137879654448398 ], [ 11.569022097711988, 48.137897630280108 ], [ 11.568914673973723, 48.137900032926169 ], [ 11.568915571345123, 48.137918008759314 ], [ 11.56883500350413, 48.137919810679165 ], [ 11.56883590084834, 48.137937786513362 ], [ 11.56872847701062, 48.137940188986896 ], [ 11.568729374318284, 48.137958164822543 ], [ 11.56862195042908, 48.137960567197268 ], [ 11.568622847700199, 48.13797854303435 ], [ 11.568515423759512, 48.137980945310268 ], [ 11.568516320994085, 48.137998921148792 ], [ 11.568435753001275, 48.13800072279102 ], [ 11.568436650208657, 48.138018698630596 ], [ 11.568329226168517, 48.13802110073398 ], [ 11.568330123339356, 48.138039076574998 ], [ 11.568222699247732, 48.138041478579574 ], [ 11.568223596382024, 48.138059454422027 ], [ 11.568116172238918, 48.138061856327795 ], [ 11.568117069336664, 48.138079832171691 ], [ 11.568009645142078, 48.13808223397865 ], [ 11.568010542203275, 48.138100209823982 ], [ 11.567903117957208, 48.13810261153214 ], [ 11.56790401498186, 48.138120587378893 ], [ 11.567796590684313, 48.138122988988236 ], [ 11.567797487672419, 48.138140964836438 ], [ 11.567690063323392, 48.138143366346988 ], [ 11.567690960274948, 48.138161342196625 ], [ 11.567610391975888, 48.138163143264819 ], [ 11.567611288900254, 48.138181119115515 ], [ 11.567503864451783, 48.138183520453516 ], [ 11.567504761339604, 48.138201496305655 ], [ 11.567397336839653, 48.138203897544848 ], [ 11.567398233690927, 48.138221873398415 ], [ 11.567344521416969, 48.138223073981152 ] ] ] } },
{ "type": "Feature", "properties": { "height": 14.893791198730469 }, "geometry": { "type": "Polygon", "coordinates": [ [ [ 11.579630656164474, 48.139279495609131 ], [ 11.579629755009591, 48.139261519931608 ], [ 11.579576042167226, 48.139262726249733 ], [ 11.579575141031937, 48.139244750571386 ], [ 11.579548284618786, 48.139245353720668 ], [ 11.579546482369571, 48.139209402363008 ], [ 11.579519625974251, 48.139210005505262 ], [ 11.579517823747278, 48.139174054146572 ], [ 11.579490967369789, 48.139174657281792 ], [ 11.579489165165059, 48.139138705922065 ], [ 11.579462308805402, 48.139139309050272 ], [ 11.579459605532993, 48.139085382009029 ], [ 11.579432749200521, 48.139085985129825 ], [ 11.579430947042042, 48.139050033767887 ], [ 11.579404090727399, 48.139050636881663 ], [ 11.579402288591163, 48.139014685518703 ], [ 11.579375432294352, 48.139015288625444 ], [ 11.579373630180356, 48.138979337261446 ], [ 11.579346773901376, 48.138979940361175 ], [ 11.579344971809624, 48.138943988996139 ], [ 11.579318115548475, 48.138944592088833 ], [ 11.579316313478962, 48.138908640722768 ], [ 11.579289457235642, 48.138909243808435 ], [ 11.579287655188374, 48.138873292441332 ], [ 11.579260798962885, 48.138873895519978 ], [ 11.579258996937858, 48.138837944151845 ], [ 11.5792321407302, 48.138838547223457 ], [ 11.579229437727347, 48.138784620169616 ], [ 11.579202581546875, 48.138785223233825 ], [ 11.579200779568096, 48.138749271863489 ], [ 11.579173923405454, 48.138749874920677 ], [ 11.579172121448918, 48.138713923549304 ], [ 11.579145265304106, 48.138714526599472 ], [ 11.579142562403989, 48.138660599540763 ], [ 11.579115706286363, 48.138661202583506 ], [ 11.579113904376076, 48.138625251209952 ], [ 11.57908704827628, 48.138625854245667 ], [ 11.579086147331816, 48.13860787855841 ], [ 11.579032435148291, 48.138609084610309 ], [ 11.579033336074042, 48.138627060298326 ], [ 11.578979623868277, 48.138628266325902 ], [ 11.578980524776197, 48.138646242014616 ], [ 11.57889995643286, 48.13864805101008 ], [ 11.57890446084536, 48.138737929458287 ], [ 11.578931317007468, 48.13873732646416 ], [ 11.578932217901972, 48.138755302153228 ], [ 11.578878505558158, 48.138756508135934 ], [ 11.578879406434831, 48.138774483825671 ], [ 11.578771981699195, 48.138776895717363 ], [ 11.578772882539324, 48.138794871408557 ], [ 11.578638601553147, 48.138797886134 ], [ 11.578639502347377, 48.138815861827013 ], [ 11.578532077505132, 48.138818273496028 ], [ 11.578532978262819, 48.138836249190469 ], [ 11.578398697143385, 48.138839263637571 ], [ 11.578399597855171, 48.138857239333838 ], [ 11.57829217290632, 48.138859650780169 ], [ 11.578293073581564, 48.138877626477893 ], [ 11.578185648581174, 48.138880037825423 ], [ 11.578186549219875, 48.138898013524589 ], [ 11.578052267902763, 48.138901027569823 ], [ 11.578049566129652, 48.138847100466478 ], [ 11.578022709891654, 48.138847703255593 ], [ 11.578018207000888, 48.138757824746747 ], [ 11.577991350808789, 48.138758427527691 ], [ 11.577987748549477, 48.138686524717862 ], [ 11.577960892393921, 48.138687127491032 ], [ 11.577957290186147, 48.138615224678581 ], [ 11.577930434067133, 48.138615827443971 ], [ 11.577926831910892, 48.138543924628891 ], [ 11.577899975828421, 48.1385445273865 ], [ 11.577897274248569, 48.138490600273329 ], [ 11.577870418193285, 48.138491203023527 ], [ 11.577867716649441, 48.138437275908615 ], [ 11.577840860621343, 48.138437878651409 ], [ 11.577838159113503, 48.138383951534735 ], [ 11.577811303112592, 48.138384554270132 ], [ 11.577808601640756, 48.138330627151696 ], [ 11.577781745667032, 48.138331229879682 ], [ 11.5777790442312, 48.138277302759491 ], [ 11.577752188284663, 48.138277905480081 ], [ 11.57774858641999, 48.138206002650676 ], [ 11.577721730509994, 48.138206605363479 ], [ 11.577719029148819, 48.138152678239571 ], [ 11.57769217326601, 48.138153280944977 ], [ 11.577689471940838, 48.138099353819307 ], [ 11.577770039502415, 48.1380975456877 ], [ 11.577769139034386, 48.138079569980135 ], [ 11.577849706559959, 48.138077761793234 ], [ 11.577848806064745, 48.138059786086743 ], [ 11.577929373554316, 48.138057977844547 ], [ 11.577928473031914, 48.138040002139114 ], [ 11.577982184668507, 48.138038796613735 ], [ 11.577981284128274, 48.138020820908977 ], [ 11.578088707353452, 48.138018409784493 ], [ 11.578087806776681, 48.138000434081185 ], [ 11.578168374158235, 48.137998625673134 ], [ 11.578167473554275, 48.137980649970885 ], [ 11.578248040899826, 48.137978841507525 ], [ 11.578247140268681, 48.137960865806363 ], [ 11.578327707578227, 48.137959057287716 ], [ 11.578326806919897, 48.137941081587613 ], [ 11.578434229949517, 48.137938670143164 ], [ 11.578436031341905, 48.137974621540266 ], [ 11.578462887115816, 48.137974018662725 ], [ 11.578464688530444, 48.138009970058818 ], [ 11.578437832737821, 48.138010572937112 ], [ 11.578438733437103, 48.138028548635447 ], [ 11.578385021830497, 48.138029754373989 ], [ 11.578385922511949, 48.138047730072998 ], [ 11.578305355067359, 48.138049538634931 ], [ 11.578306255721623, 48.138067514334999 ], [ 11.578171976582887, 48.138070528481393 ], [ 11.578172877191255, 48.138088504183273 ], [ 11.578119165510874, 48.138089709798706 ], [ 11.578120066101413, 48.138107685501289 ], [ 11.578146921951399, 48.138107082696322 ], [ 11.578149623756373, 48.138161009802495 ], [ 11.578176479633546, 48.138160406990139 ], [ 11.578179181474525, 48.13821433409457 ], [ 11.578071757848267, 48.138216745310935 ], [ 11.578072658426267, 48.138234721013781 ], [ 11.578018946589136, 48.138235926585097 ], [ 11.578021648272289, 48.138289853695483 ], [ 11.578048504219364, 48.138289250911832 ], [ 11.57805210651334, 48.138361153723224 ], [ 11.578078962496958, 48.138360550931779 ], [ 11.578081664254769, 48.138414478038456 ], [ 11.578108520265571, 48.138413875239614 ], [ 11.578112122659091, 48.138485778046039 ], [ 11.578138978706438, 48.13848517523941 ], [ 11.578141680538907, 48.138539102342378 ], [ 11.578168536613441, 48.138538499528352 ], [ 11.578172139106504, 48.138610402329817 ], [ 11.57819899521758, 48.138609799507996 ], [ 11.578201697124706, 48.138663726607241 ], [ 11.578309121672465, 48.138661315252762 ], [ 11.57830822099845, 48.138643339554605 ], [ 11.578442501616522, 48.13864032522234 ], [ 11.578440700177572, 48.13860437382958 ], [ 11.578413844074435, 48.138604976707818 ], [ 11.578411141950697, 48.138551049617035 ], [ 11.578384285874744, 48.138551652487862 ], [ 11.578381583787014, 48.138497725395318 ], [ 11.578354727738249, 48.138498328258748 ], [ 11.578352025686524, 48.138444401164442 ], [ 11.578325169664947, 48.138445004020483 ], [ 11.578321566979087, 48.138373101225589 ], [ 11.578294710994051, 48.138373704073835 ], [ 11.578292009016986, 48.13831977697582 ], [ 11.578265153059135, 48.138320379816655 ], [ 11.578262451118077, 48.138266452716877 ], [ 11.578235595187415, 48.138267055550308 ], [ 11.578232893282362, 48.138213128448768 ], [ 11.578206037378884, 48.138213731274817 ], [ 11.578203335509837, 48.138159804171529 ], [ 11.578230191385245, 48.138159201346625 ], [ 11.578229290754638, 48.138141225645761 ], [ 11.578309858347508, 48.138139417134582 ], [ 11.578308957689714, 48.138121441434798 ], [ 11.578389525246575, 48.138119632868325 ], [ 11.578388624561596, 48.138101657169599 ], [ 11.578442336243048, 48.138100451428024 ], [ 11.578441435540238, 48.138082475729988 ], [ 11.578522003027734, 48.13808066707174 ], [ 11.578521102297739, 48.138062691374763 ], [ 11.578601669749228, 48.138060882661236 ], [ 11.578600768992048, 48.138042906965325 ], [ 11.57862762479809, 48.138042304048653 ], [ 11.578626724032436, 48.138024328353048 ], [ 11.578599868235749, 48.138024931269335 ], [ 11.578597165972145, 48.137971004180983 ], [ 11.578570310202643, 48.137971607089867 ], [ 11.578568508716696, 48.137935655696523 ], [ 11.578541652965024, 48.137936258598394 ], [ 11.578539851501317, 48.137900307204021 ], [ 11.578512995767476, 48.137900910098857 ], [ 11.578511194326008, 48.137864958703453 ], [ 11.578484338609996, 48.137865561591269 ], [ 11.578482537190768, 48.137829610194828 ], [ 11.578455681492587, 48.137830213075624 ], [ 11.5784538800956, 48.137794261678145 ], [ 11.578427024415245, 48.137794864551907 ], [ 11.578425223040499, 48.137758913153405 ], [ 11.578398367377973, 48.137759516020139 ], [ 11.578397466701279, 48.137741540320413 ], [ 11.578370611047228, 48.137742143180496 ], [ 11.578368809715197, 48.137706191780062 ], [ 11.578341954078976, 48.137706794633132 ], [ 11.578340152769185, 48.137670843231668 ], [ 11.578313297150792, 48.137671446077711 ], [ 11.57831149586324, 48.137635494675209 ], [ 11.578284640262678, 48.137636097514218 ], [ 11.57828373962958, 48.137618121812487 ], [ 11.578256884037492, 48.137618724644852 ], [ 11.578255082792653, 48.137582773240432 ], [ 11.578228227218396, 48.13758337606577 ], [ 11.578226425995796, 48.137547424660312 ], [ 11.578199570439367, 48.137548027478623 ], [ 11.578198669838747, 48.137530051775414 ], [ 11.578171814290792, 48.137530654587081 ], [ 11.578170013110906, 48.137494703179705 ], [ 11.578143157580781, 48.137495305984345 ], [ 11.578142257001517, 48.137477330280163 ], [ 11.578115401479865, 48.137477933078159 ], [ 11.578113600342695, 48.137441981668843 ], [ 11.578086744838869, 48.137442584459819 ], [ 11.578085844280963, 48.137424608754678 ], [ 11.578058988785614, 48.137425211539004 ], [ 11.578057187691156, 48.137389260127762 ], [ 11.578030332213638, 48.13738986290506 ], [ 11.578029431677088, 48.13737188719896 ], [ 11.578002576208043, 48.137372489969614 ], [ 11.57800167568173, 48.137354514263066 ], [ 11.577974820221158, 48.137355117027063 ], [ 11.577973919705082, 48.137337141320074 ], [ 11.577947064252985, 48.137337744077421 ], [ 11.577946163747146, 48.137319768369984 ], [ 11.577919308303521, 48.137320371120694 ], [ 11.577918407807921, 48.137302395412803 ], [ 11.577891552372771, 48.137302998156862 ], [ 11.577890651887408, 48.13728502244853 ], [ 11.577863796460731, 48.137285625185946 ], [ 11.577862895985604, 48.13726764947716 ], [ 11.577836040567401, 48.137268252207924 ], [ 11.577835140102513, 48.13725027649869 ], [ 11.577808284692784, 48.137250879222819 ], [ 11.577806483784364, 48.137214927803385 ], [ 11.577779628392463, 48.137215530520486 ], [ 11.577778727948932, 48.137197554810292 ], [ 11.577751872565504, 48.137198157520736 ], [ 11.577750972132211, 48.137180181810088 ], [ 11.577724116757256, 48.137180784513887 ], [ 11.577723216334201, 48.137162808802799 ], [ 11.577696360967721, 48.137163411499948 ], [ 11.577695460554901, 48.137145435788419 ], [ 11.577668605196894, 48.13714603847891 ], [ 11.577667704794312, 48.137128062766941 ], [ 11.577640849444782, 48.137128665450795 ], [ 11.577639949052434, 48.137110689738364 ], [ 11.577613093711376, 48.137111292415575 ], [ 11.577612193329267, 48.137093316702696 ], [ 11.577585337996684, 48.13709391937325 ], [ 11.577584437624813, 48.13707594365993 ], [ 11.577557582300702, 48.137076546323847 ], [ 11.577556681939068, 48.137058570610073 ], [ 11.577529826623431, 48.137059173267346 ], [ 11.577528926272036, 48.137041197553131 ], [ 11.577502070964874, 48.137041800203754 ], [ 11.577501170623712, 48.137023824489084 ], [ 11.577474315325023, 48.137024427133063 ], [ 11.577472514664059, 48.136988475702765 ], [ 11.5774456593832, 48.136989078339717 ], [ 11.577444759063397, 48.136971102624088 ], [ 11.577417903791011, 48.136971705254389 ], [ 11.577417003481443, 48.136953729538313 ], [ 11.57739014821753, 48.13695433216197 ], [ 11.577389247918202, 48.136936356445446 ], [ 11.577362392662764, 48.13693695906246 ], [ 11.577360592085459, 48.136901007628445 ], [ 11.577387447322186, 48.136900405012192 ], [ 11.577386547025503, 48.136882429295461 ], [ 11.577413402251993, 48.136881826673317 ], [ 11.577412501946835, 48.136863850956885 ], [ 11.577466212378461, 48.136862645694549 ], [ 11.577464411733368, 48.136826694263007 ], [ 11.577491266929149, 48.136826091623192 ], [ 11.577490366598569, 48.136808115907698 ], [ 11.577544076968774, 48.136806910610005 ], [ 11.577543176620365, 48.136788934895193 ], [ 11.577570031794789, 48.136788332237323 ], [ 11.577569131437906, 48.136770356522817 ], [ 11.577595986602095, 48.136769753859056 ], [ 11.577595086236739, 48.136751778144863 ], [ 11.577621941390689, 48.136751175475219 ], [ 11.57762104101686, 48.136733199761323 ], [ 11.577674751303405, 48.136731994403981 ], [ 11.577675651695944, 48.136749970117094 ], [ 11.577702506847251, 48.136749367428635 ], [ 11.577703407250027, 48.136767343141315 ], [ 11.577730262409805, 48.136766740446205 ], [ 11.577732063236715, 48.136802691870614 ], [ 11.577758918414323, 48.136802089168476 ], [ 11.577759818838455, 48.13682006488019 ], [ 11.577786674024537, 48.136819462171417 ], [ 11.577787574458906, 48.136837437882683 ], [ 11.577814429653461, 48.136836835167259 ], [ 11.577815330098067, 48.136854810878084 ], [ 11.577869040503241, 48.13685360542766 ], [ 11.577868140039925, 48.136835629717595 ], [ 11.577894995231835, 48.136835026983363 ], [ 11.577894094760044, 48.136817051273603 ], [ 11.577920949941717, 48.136816448533473 ], [ 11.577920049461452, 48.136798472824026 ], [ 11.577946904632887, 48.136797870078013 ], [ 11.577946004144149, 48.136779894368871 ], [ 11.577972859305348, 48.136779291616953 ], [ 11.577971958808135, 48.136761315908132 ], [ 11.577945103656292, 48.136761918659658 ], [ 11.577944203169318, 48.136743942950375 ], [ 11.577917348025949, 48.136744545695272 ], [ 11.577916447549212, 48.136726569985534 ], [ 11.577943302683225, 48.136725967241034 ], [ 11.577942402198014, 48.136707991531615 ], [ 11.577969257321792, 48.136707388781218 ], [ 11.577968356828107, 48.136689413072112 ], [ 11.577995211941648, 48.136688810315825 ], [ 11.57799431143949, 48.136670834607024 ], [ 11.578048021645213, 48.136669629076401 ], [ 11.578047121125227, 48.136651653368283 ], [ 11.578073976217409, 48.13665105059394 ], [ 11.57807307568895, 48.136633074886127 ], [ 11.578099930770897, 48.136632472105894 ], [ 11.578099030233965, 48.136614496398401 ], [ 11.578152740376503, 48.136613290819888 ], [ 11.578151839821741, 48.13659531511307 ], [ 11.578205549942041, 48.136594109510241 ], [ 11.57820464936945, 48.136576133804127 ], [ 11.578258359467512, 48.136574928176962 ], [ 11.578257458877092, 48.136556952471537 ], [ 11.578311168952917, 48.136555746820065 ], [ 11.578310268344669, 48.136537771115307 ], [ 11.578390833423724, 48.13653596259222 ], [ 11.578389932788292, 48.136517986888535 ], [ 11.578443642817877, 48.136516781175878 ], [ 11.578442742164619, 48.136498805472883 ], [ 11.578496452171963, 48.136497599735918 ], [ 11.578495551500875, 48.136479624033598 ], [ 11.578576116477214, 48.136477815382264 ], [ 11.578575215778944, 48.136459839681009 ], [ 11.578655780719277, 48.136458030974381 ], [ 11.578654879993824, 48.1364400552742 ], [ 11.578708589930924, 48.136438849439187 ], [ 11.578707689187643, 48.136420873739702 ], [ 11.578761399102506, 48.136419667880368 ], [ 11.578765902921289, 48.136509546373368 ], [ 11.578792757924173, 48.136508943432403 ], [ 11.578796361032497, 48.136580846224042 ], [ 11.578823216071918, 48.136580243275297 ], [ 11.578825017650084, 48.136616194669955 ], [ 11.578771307532934, 48.13661740056267 ], [ 11.578773109077208, 48.136653351958572 ], [ 11.578799964154934, 48.13665274901458 ], [ 11.578801765721444, 48.136688700409437 ], [ 11.578828620816997, 48.136688097458418 ], [ 11.578831323201445, 48.136742024549051 ], [ 11.578858178324182, 48.136741421590628 ], [ 11.578860880744637, 48.136795348679506 ], [ 11.578887735894558, 48.136794745713686 ], [ 11.578889537531316, 48.136830697105161 ], [ 11.578916392699064, 48.136830094132314 ], [ 11.57891909518888, 48.136884021217867 ], [ 11.578945950383813, 48.13688341823763 ], [ 11.578947752066814, 48.136919369626895 ], [ 11.578974607279575, 48.136918766639631 ], [ 11.578977309838757, 48.136972693721873 ], [ 11.579004165078702, 48.136972090727213 ], [ 11.57900686767389, 48.137026017807699 ], [ 11.579033722941018, 48.13702541480562 ], [ 11.579035524694268, 48.137061366191517 ], [ 11.579062379979225, 48.137060763182419 ], [ 11.579065082643776, 48.137114690259608 ], [ 11.579091937955921, 48.137114087243098 ], [ 11.579093739755409, 48.137150038626793 ], [ 11.579120595085381, 48.137149435603256 ], [ 11.579121495995805, 48.137167411294627 ], [ 11.579148351334249, 48.137166808264453 ], [ 11.579149252254911, 48.137184783955355 ], [ 11.57917610760183, 48.137184180918538 ], [ 11.57917790946451, 48.137220132299397 ], [ 11.579204764829257, 48.137219529255546 ], [ 11.579205665771276, 48.137237504945503 ], [ 11.579232521144494, 48.137236901894994 ], [ 11.579233422096753, 48.137254877584503 ], [ 11.579206566714177, 48.137255480635389 ], [ 11.579207467657961, 48.13727345632519 ], [ 11.579180612265148, 48.137274059370164 ], [ 11.57918151320046, 48.137292035060298 ], [ 11.579127802393476, 48.137293241132227 ], [ 11.579128703310959, 48.137311216823029 ], [ 11.579101847896787, 48.13731181984997 ], [ 11.579102748805797, 48.137329795541078 ], [ 11.579075893381388, 48.137330398562121 ], [ 11.579076794281924, 48.137348374253556 ], [ 11.579049938847279, 48.137348977268701 ], [ 11.57905083973934, 48.137366952960448 ], [ 11.578997128848689, 48.137368158972684 ], [ 11.578998029722923, 48.137386134665114 ], [ 11.578971174266918, 48.137386737662212 ], [ 11.578972075132679, 48.137404713354947 ], [ 11.578945219666437, 48.137405316346154 ], [ 11.578946120523723, 48.137423292039188 ], [ 11.578919265047245, 48.137423895024511 ], [ 11.578918364199314, 48.137405919331101 ], [ 11.578891508731308, 48.137406522309767 ], [ 11.578890607893616, 48.137388546615902 ], [ 11.578863752434081, 48.137389149587918 ], [ 11.578862851606628, 48.137371173893612 ], [ 11.578835996155568, 48.137371776858991 ], [ 11.578835095338352, 48.137353801164231 ], [ 11.578808239895766, 48.137354404122952 ], [ 11.578806438282687, 48.137318452732472 ], [ 11.578779582857932, 48.137319055684173 ], [ 11.578778682062071, 48.137301079988454 ], [ 11.578751826645789, 48.137301682933504 ], [ 11.578750925860167, 48.13728370723733 ], [ 11.578724070452356, 48.137284310175744 ], [ 11.578723169676971, 48.137266334479122 ], [ 11.578696314277636, 48.137266937410892 ], [ 11.578695413512488, 48.137248961713823 ], [ 11.578668558121624, 48.137249564638928 ], [ 11.578666756612689, 48.137213613243844 ], [ 11.578639901239653, 48.137214216161922 ], [ 11.578639000495864, 48.137196240463901 ], [ 11.578612145131304, 48.137196843375349 ], [ 11.578611244397752, 48.137178867676866 ], [ 11.578584389041664, 48.137179470581657 ], [ 11.578583488318349, 48.137161494882719 ], [ 11.578556632970734, 48.137162097780873 ], [ 11.578555732257657, 48.137144122081509 ], [ 11.578528876918517, 48.137144724972998 ], [ 11.578527976215677, 48.137126749273193 ], [ 11.578501120885011, 48.137127352158039 ], [ 11.578500220192408, 48.137109376457772 ], [ 11.578473364870215, 48.137109979335982 ], [ 11.578472464187852, 48.137092003635267 ], [ 11.57844560887413, 48.137092606506833 ], [ 11.578444708202003, 48.137074630805657 ], [ 11.578417852896756, 48.137075233670565 ], [ 11.578416952234868, 48.137057257968962 ], [ 11.578390096938094, 48.13705786082722 ], [ 11.578389196286439, 48.137039885125162 ], [ 11.57836234099814, 48.137040487976783 ], [ 11.578361440356726, 48.137022512274285 ], [ 11.578334585076899, 48.137023115119248 ], [ 11.578333684445722, 48.137005139416303 ], [ 11.57830682917437, 48.137005742254622 ], [ 11.578305928553428, 48.136987766551222 ], [ 11.578279073290549, 48.136988369382905 ], [ 11.578278172679846, 48.13697039367905 ], [ 11.57825131742544, 48.136970996504076 ], [ 11.578250416824977, 48.136953020799794 ], [ 11.578223561579042, 48.136953623618162 ], [ 11.578222660988814, 48.136935647913432 ], [ 11.578195805751355, 48.136936250725171 ], [ 11.578194905171364, 48.136918275019987 ], [ 11.578168049942379, 48.136918877825067 ], [ 11.578167149372623, 48.136900902119429 ], [ 11.578140294152112, 48.136901504917866 ], [ 11.578139393592595, 48.136883529211786 ], [ 11.578112538380557, 48.13688413200358 ], [ 11.578110737282879, 48.136848180590455 ], [ 11.578083882088668, 48.136848783375221 ], [ 11.57808298155051, 48.136830807668183 ], [ 11.578056126364773, 48.136831410446298 ], [ 11.578055225836851, 48.136813434738798 ], [ 11.578028370659588, 48.136814037510277 ], [ 11.578029271178155, 48.136832013218154 ], [ 11.578002415990655, 48.136832615983728 ], [ 11.57800331650075, 48.13685059169191 ], [ 11.577976461303011, 48.136851194451594 ], [ 11.577977361804633, 48.136869170160075 ], [ 11.577950506596657, 48.136869772913876 ], [ 11.577951407089804, 48.136887748622669 ], [ 11.577897696652499, 48.136888954112223 ], [ 11.577898597127817, 48.136906929821698 ], [ 11.577925452356267, 48.136906327079679 ], [ 11.577926352841821, 48.136924302788728 ], [ 11.577953208078744, 48.136923700040064 ], [ 11.577954108574538, 48.136941675748645 ], [ 11.577980963819932, 48.136941072993338 ], [ 11.577981864325963, 48.136959048701478 ], [ 11.578008719579833, 48.13695844593952 ], [ 11.5780096200961, 48.136976421647219 ], [ 11.578036475358443, 48.136975818878604 ], [ 11.578037375884946, 48.136993794585862 ], [ 11.578064231155764, 48.13699319181061 ], [ 11.578065131692506, 48.1370111675174 ], [ 11.578091986971796, 48.137010564735505 ], [ 11.578092887518775, 48.137028540441847 ], [ 11.578119742806539, 48.137027937653301 ], [ 11.578120643363755, 48.137045913359223 ], [ 11.578147498659993, 48.137045310564027 ], [ 11.578148399227446, 48.13706328626948 ], [ 11.578175254532157, 48.137062683467633 ], [ 11.578176155109848, 48.137080659172639 ], [ 11.578203010423032, 48.137080056364162 ], [ 11.578203911010961, 48.137098032068735 ], [ 11.578230766332618, 48.137097429253593 ], [ 11.578231666930785, 48.137115404957704 ], [ 11.578258522260915, 48.137114802135919 ], [ 11.578259422869319, 48.137132777839589 ], [ 11.578286278207923, 48.13713217501116 ], [ 11.578287178826562, 48.137150150714383 ], [ 11.578314034173642, 48.137149547879311 ], [ 11.57831493480252, 48.137167523582086 ], [ 11.578341790158072, 48.137166920740363 ], [ 11.578342690797188, 48.13718489644269 ], [ 11.578369546161213, 48.137184293594323 ], [ 11.578370446810565, 48.137202269296196 ], [ 11.578397302183065, 48.137201666441179 ], [ 11.578398202842655, 48.137219642142611 ], [ 11.578425058223626, 48.13721903928095 ], [ 11.578425958893455, 48.137237014981935 ], [ 11.578452814282901, 48.137236412113623 ], [ 11.578453714962967, 48.13725438781416 ], [ 11.578480570360886, 48.137253784939205 ], [ 11.578481471051189, 48.137271760639294 ], [ 11.578508326457582, 48.137271157757681 ], [ 11.578509227158122, 48.13728913345733 ], [ 11.578536082572988, 48.137288530569066 ], [ 11.578536983283767, 48.137306506268267 ], [ 11.578563838707108, 48.137305903373367 ], [ 11.578564739428122, 48.137323879072113 ], [ 11.578591594859935, 48.137323276170555 ], [ 11.57859249559119, 48.137341251868868 ], [ 11.578619351031476, 48.137340648960659 ], [ 11.578620251772966, 48.137358624658518 ], [ 11.578647107221727, 48.13735802174368 ], [ 11.578648007973456, 48.137375997441083 ], [ 11.57867486343069, 48.137375394519587 ], [ 11.578676664955504, 48.137411345913442 ], [ 11.578703520430567, 48.137410742984919 ], [ 11.578704421203653, 48.137428718681363 ], [ 11.57873127668719, 48.137428115746211 ], [ 11.578732177470513, 48.1374460914422 ], [ 11.578759032962523, 48.137445488500383 ], [ 11.578760834550527, 48.137481439891424 ], [ 11.578787690060366, 48.137480836942579 ], [ 11.578788590865049, 48.137498812637617 ], [ 11.578815446383361, 48.137498209682136 ], [ 11.578816347198281, 48.137516185376718 ], [ 11.578843202725066, 48.137515582414586 ], [ 11.578844103550223, 48.137533558108714 ], [ 11.578790392477059, 48.137534764027471 ], [ 11.578791293284386, 48.137552739722295 ], [ 11.578764437737123, 48.137553342672646 ], [ 11.57876533853598, 48.137571318367783 ], [ 11.57873848297848, 48.137571921312237 ], [ 11.578739383768861, 48.137589897007679 ], [ 11.578712528201123, 48.137590499946249 ], [ 11.578711627420098, 48.137572524250423 ], [ 11.578657916300687, 48.137573730107988 ], [ 11.578657015539257, 48.137555754411352 ], [ 11.578603304435029, 48.137556960243096 ], [ 11.578602403693191, 48.137538984545614 ], [ 11.578575548149111, 48.137539587451705 ], [ 11.578577349614958, 48.137575538847337 ], [ 11.578604205177751, 48.137574935940492 ], [ 11.578606006665837, 48.137610887335093 ], [ 11.57863286224646, 48.137610284421221 ], [ 11.57863376300118, 48.137628260118035 ], [ 11.578660618590275, 48.137627657197527 ], [ 11.578662420121077, 48.137663608590188 ], [ 11.578689275728001, 48.137663005662652 ], [ 11.578691077281043, 48.137698957054283 ], [ 11.578717932905798, 48.137698354119713 ], [ 11.578718833692998, 48.137716329815042 ], [ 11.578745689326224, 48.137715726873843 ], [ 11.578747490921982, 48.137751678263548 ], [ 11.578774346573038, 48.137751075315315 ], [ 11.578775247381596, 48.137769051009691 ], [ 11.578802103041127, 48.137768448054793 ], [ 11.578800301406183, 48.137732496666736 ], [ 11.578773445765362, 48.13773309962086 ], [ 11.578771644152658, 48.137697148231773 ], [ 11.578744788529669, 48.137697751178884 ], [ 11.578742086145294, 48.137643824093594 ], [ 11.578768941740217, 48.13764322114762 ], [ 11.578768040937833, 48.13762524545276 ], [ 11.578794896522519, 48.137624642500903 ], [ 11.578793995711662, 48.137606666806356 ], [ 11.578874562432356, 48.137604857914297 ], [ 11.578875463271279, 48.137622833607701 ], [ 11.578902318852434, 48.137622230630768 ], [ 11.578904120551639, 48.137658182016629 ], [ 11.578930976150623, 48.137657579032663 ], [ 11.578932777872069, 48.137693530417486 ], [ 11.578959633488884, 48.1376929274265 ], [ 11.57896143523257, 48.1377288788103 ], [ 11.578988290867212, 48.137728275812279 ], [ 11.578990092633138, 48.137764227195056 ], [ 11.579016948285611, 48.137763624190015 ], [ 11.579018750073777, 48.137799575571741 ], [ 11.57904560574408, 48.137798972559672 ], [ 11.579047407554485, 48.137834923940368 ], [ 11.579074263242617, 48.137834320921272 ], [ 11.5790751641585, 48.137852296611136 ], [ 11.579102019855105, 48.137851693585404 ], [ 11.579103821708228, 48.137887644964167 ], [ 11.579130677422661, 48.137887041931407 ], [ 11.579132479298027, 48.137922993309139 ], [ 11.57915933503029, 48.137922390269352 ], [ 11.579161136927896, 48.137958341646048 ], [ 11.579187992677989, 48.137957738599233 ], [ 11.579189794597834, 48.137993689974898 ], [ 11.579216650365757, 48.137993086921064 ], [ 11.579218452307845, 48.138029038295706 ], [ 11.579245308093595, 48.138028435234837 ], [ 11.579247110057924, 48.138064386608441 ], [ 11.579273965861507, 48.138063783540552 ], [ 11.579275767848074, 48.138099734913119 ], [ 11.579302623669486, 48.138099131838203 ], [ 11.579304425678297, 48.13813508320974 ], [ 11.579331281517536, 48.138134480127796 ], [ 11.579333083548589, 48.138170431498288 ], [ 11.579359939405659, 48.138169828409325 ], [ 11.579361741458952, 48.138205779778794 ], [ 11.579388597333852, 48.138205176682796 ], [ 11.579390399409386, 48.13824112805122 ], [ 11.579417255302113, 48.138240524948209 ], [ 11.579419057399891, 48.13827647631561 ], [ 11.579445913310449, 48.138275873205579 ], [ 11.579447715430467, 48.138311824571936 ], [ 11.579474571358856, 48.138311221454863 ], [ 11.579476373501114, 48.138347172820211 ], [ 11.579503229447333, 48.138346569696111 ], [ 11.579504130529141, 48.138364545378288 ], [ 11.579530986483833, 48.138363942247544 ], [ 11.579532788668812, 48.138399893610945 ], [ 11.579559644641334, 48.138399290473174 ], [ 11.579561446848553, 48.138435241835552 ], [ 11.579588302838905, 48.138434638690761 ], [ 11.579590105068368, 48.138470590052101 ], [ 11.579616961076548, 48.138469986900269 ], [ 11.579618763328252, 48.138505938260586 ], [ 11.579645619354263, 48.138505335101733 ], [ 11.579646520490794, 48.138523310781409 ], [ 11.579592808419177, 48.138524517093586 ], [ 11.57959370953788, 48.138542492773944 ], [ 11.579539997444023, 48.138543699061827 ], [ 11.579540898544893, 48.138561674742867 ], [ 11.579487186428793, 48.138562881006415 ], [ 11.579488087511836, 48.138580856688158 ], [ 11.579461231443105, 48.138581459810901 ], [ 11.579462132517673, 48.138599435492949 ], [ 11.579408420358854, 48.138600641720387 ], [ 11.579409321415593, 48.138618617403125 ], [ 11.579355609234531, 48.138619823606241 ], [ 11.579356510273438, 48.138637799289661 ], [ 11.579302798070136, 48.138639005468455 ], [ 11.579303699091215, 48.138656981152565 ], [ 11.579249986865667, 48.138658187307044 ], [ 11.579253590883956, 48.138730090045797 ], [ 11.579280447034595, 48.138729486970178 ], [ 11.579282249067745, 48.138765438338375 ], [ 11.579309105236215, 48.138764835255742 ], [ 11.579310006263471, 48.138782810939361 ], [ 11.579336862440414, 48.138782207850063 ], [ 11.579335961403801, 48.138764232166828 ], [ 11.579389673736328, 48.138763025970199 ], [ 11.579388772681886, 48.138745050287639 ], [ 11.57941562883747, 48.138744447180294 ], [ 11.579414727774553, 48.138726471498046 ], [ 11.57946844006436, 48.138725265265315 ], [ 11.579467538983614, 48.138707289583749 ], [ 11.57952125125118, 48.138706083326696 ], [ 11.579520350152604, 48.13868810764582 ], [ 11.579574062397928, 48.138686901364444 ], [ 11.579573161281521, 48.138668925684257 ], [ 11.579626873504601, 48.138667719378546 ], [ 11.579625972370366, 48.138649743699062 ], [ 11.579679684571206, 48.138648537369029 ], [ 11.579678783419139, 48.138630561690221 ], [ 11.579732495597733, 48.138629355335873 ], [ 11.579731594427839, 48.138611379657753 ], [ 11.57978530658419, 48.138610173279083 ], [ 11.579784405396467, 48.138592197601646 ], [ 11.579838117530576, 48.138590991198654 ], [ 11.579837216325023, 48.138573015521906 ], [ 11.579864072381397, 48.138572412311397 ], [ 11.57986317116737, 48.138554436634948 ], [ 11.579916883258759, 48.138553230195853 ], [ 11.579917784491501, 48.138571205871536 ], [ 11.579944640545229, 48.138570602642211 ], [ 11.579945541788208, 48.138588578317453 ], [ 11.57997239785041, 48.138587975081471 ], [ 11.579973299103628, 48.138605950756251 ], [ 11.580000155174304, 48.138605347513632 ], [ 11.580001957702098, 48.13864129886224 ], [ 11.580028813790603, 48.138640695612594 ], [ 11.580029715065182, 48.138658671286422 ], [ 11.580056571162158, 48.138658068030118 ], [ 11.580057472446976, 48.138676043703491 ], [ 11.580084328552429, 48.138675440440551 ], [ 11.580085229847484, 48.138693416113469 ], [ 11.58011208596141, 48.138692812843871 ], [ 11.580113888572882, 48.13872876418877 ], [ 11.580140744704638, 48.138728160912152 ], [ 11.580141646021055, 48.138746136584118 ], [ 11.580168502161282, 48.138745533300842 ], [ 11.580169403487936, 48.138763508972353 ], [ 11.58019625963664, 48.138762905682448 ], [ 11.580197160973533, 48.138780881353512 ], [ 11.580224017130709, 48.138780278056949 ], [ 11.580225819825857, 48.138816229398117 ], [ 11.580252676000864, 48.138815626094534 ], [ 11.580253577359118, 48.138833601764631 ], [ 11.580280433542598, 48.138832998454397 ], [ 11.58028133491109, 48.138850974124061 ], [ 11.580254478718256, 48.138851577434679 ], [ 11.580255380078277, 48.138869553104634 ], [ 11.580201667671245, 48.138870759707828 ], [ 11.580202569013435, 48.138888735378472 ], [ 11.580148856584161, 48.138889941957338 ], [ 11.580149757908522, 48.138907917628678 ], [ 11.580096045457003, 48.138909124183222 ], [ 11.580097848070945, 48.138945075527204 ], [ 11.58012470431586, 48.138944472252319 ], [ 11.580125605633512, 48.138962447923831 ], [ 11.580152461886899, 48.138961844642289 ], [ 11.580151560559891, 48.138943868971161 ], [ 11.580258985527186, 48.138941455783822 ], [ 11.580258084163633, 48.138923480114137 ], [ 11.580284940393893, 48.138922876801999 ], [ 11.580284039021869, 48.138904901132619 ], [ 11.580364607679286, 48.138903091159747 ], [ 11.580366410480357, 48.138939042496169 ], [ 11.580393266716442, 48.138938439158586 ], [ 11.580395069539755, 48.138974390493978 ], [ 11.58042192579367, 48.138973787149361 ], [ 11.580423728639229, 48.139009738483715 ], [ 11.580450584910974, 48.139009135132063 ], [ 11.580451486344435, 48.139027110798764 ], [ 11.580478342624653, 48.139026507440484 ], [ 11.580481046958397, 48.139080434439016 ], [ 11.580427334340936, 48.139081641151584 ], [ 11.580429137197086, 48.139117592485107 ], [ 11.580348568208136, 48.139119402509216 ], [ 11.580349469609468, 48.139137378177018 ], [ 11.580268900584503, 48.139139188145833 ], [ 11.580269801958648, 48.139157163814701 ], [ 11.580162376542246, 48.139159577020187 ], [ 11.580163277879848, 48.139177552690498 ], [ 11.580082708780209, 48.13917936252993 ], [ 11.580083610090622, 48.139197338201292 ], [ 11.579976184574654, 48.139199751234258 ], [ 11.579977085848524, 48.139217726907077 ], [ 11.579896516674212, 48.139219536617112 ], [ 11.579897417920897, 48.13923751229099 ], [ 11.579789992305363, 48.139239925151436 ], [ 11.579790893515504, 48.139257900826756 ], [ 11.57971032426652, 48.139259710407387 ], [ 11.579711225449472, 48.139277686083787 ], [ 11.579630656164474, 48.139279495609131 ] ] ] } },
{ "type": "Feature", "properties": { "height": 15.095916748046875 }, "geometry": { "type": "Polygon", "coordinates": [ [ [ 11.573150600744519, 48.137121371055969 ], [ 11.573149701919837, 48.137103395280064 ], [ 11.573095991054863, 48.137104598529753 ], [ 11.573095092249771, 48.13708662275301 ], [ 11.573068236825323, 48.137087224368088 ], [ 11.573067338030464, 48.137069248590919 ], [ 11.573040482614489, 48.137069850199332 ], [ 11.573039583829868, 48.137051874421715 ], [ 11.57301272842237, 48.137052476023484 ], [ 11.573011829647985, 48.13703450024542 ], [ 11.572984974248961, 48.137035101840539 ], [ 11.572984075484809, 48.13701712606202 ], [ 11.572957220094262, 48.137017727650502 ], [ 11.572956321340348, 48.136999751871535 ], [ 11.572929465958275, 48.137000353453374 ], [ 11.572928567214596, 48.136982377673959 ], [ 11.572901711841, 48.136982979249154 ], [ 11.572900813107557, 48.1369650034693 ], [ 11.572847102376432, 48.136966206600107 ], [ 11.57284620366258, 48.136948230819435 ], [ 11.572819348305053, 48.136948832375055 ], [ 11.572817550898703, 48.13691288081273 ], [ 11.572844406237518, 48.136912279257864 ], [ 11.572843507526308, 48.136894303476979 ], [ 11.572870362854887, 48.136893701916229 ], [ 11.5728694641352, 48.136875726135656 ], [ 11.572896319453545, 48.136875124569002 ], [ 11.572894521998101, 48.136839173008397 ], [ 11.572921377296856, 48.136838571436229 ], [ 11.572920478561098, 48.136820595656211 ], [ 11.572947333849616, 48.136819994078145 ], [ 11.572946435105383, 48.136802018298425 ], [ 11.572973290383667, 48.136801416714484 ], [ 11.572972391630959, 48.136783440935069 ], [ 11.572999246899005, 48.13678283934523 ], [ 11.572998348137821, 48.136764863566128 ], [ 11.573025203395634, 48.136764261970399 ], [ 11.573024304625974, 48.136746286191595 ], [ 11.57305115987355, 48.136745684589968 ], [ 11.573050261095416, 48.13672770881147 ], [ 11.573077116332756, 48.136727107203953 ], [ 11.573076217546149, 48.136709131425782 ], [ 11.573103072773252, 48.136708529812367 ], [ 11.573102173978169, 48.136690554034502 ], [ 11.573129029195035, 48.136689952415189 ], [ 11.573128130391476, 48.136671976637629 ], [ 11.57315498559811, 48.13667137501244 ], [ 11.573154086786076, 48.136653399235179 ], [ 11.573180941982473, 48.1366527976041 ], [ 11.573180043161964, 48.136634821827158 ], [ 11.573206898348126, 48.136634220190174 ], [ 11.573205999519141, 48.136616244413531 ], [ 11.573232854695068, 48.136615642770664 ], [ 11.573231955857608, 48.136597666994334 ], [ 11.573258811023299, 48.136597065345576 ], [ 11.573257912177363, 48.136579089569551 ], [ 11.573284767332819, 48.136578487914889 ], [ 11.573282969624879, 48.136542536363407 ], [ 11.573309824760742, 48.136541934703232 ], [ 11.573308925898736, 48.136523958927768 ], [ 11.573362636149117, 48.136522755589375 ], [ 11.573363535029831, 48.136540731364086 ], [ 11.573390390163055, 48.136540129685116 ], [ 11.573391289054008, 48.136558105459386 ], [ 11.573444999336525, 48.136556902081871 ], [ 11.573445898247067, 48.136574877855324 ], [ 11.573472753396361, 48.136574276156793 ], [ 11.573473652317139, 48.136592251929791 ], [ 11.573500507474908, 48.136591650224602 ], [ 11.573501406405921, 48.13660962599716 ], [ 11.573528261572164, 48.136609024285335 ], [ 11.573529160513415, 48.136627000057445 ], [ 11.573556015688133, 48.136626398338976 ], [ 11.573556914639619, 48.136644374110624 ], [ 11.573583769822813, 48.136643772385504 ], [ 11.573584668784534, 48.136661748156726 ], [ 11.573611523976203, 48.136661146424956 ], [ 11.573612422948159, 48.136679122195723 ], [ 11.573639278148303, 48.136678520457316 ], [ 11.573640177130494, 48.136696496227636 ], [ 11.573667032339113, 48.136695894482571 ], [ 11.57366793133154, 48.13671387025245 ], [ 11.573641076113567, 48.136714471997891 ], [ 11.573642874082353, 48.13675042353821 ], [ 11.573616018844788, 48.136751025278137 ], [ 11.573616917821145, 48.136769001048556 ], [ 11.573590062573345, 48.1367696027826 ], [ 11.573590961541226, 48.136787578553324 ], [ 11.57356410628319, 48.136788180281471 ], [ 11.573565005242598, 48.136806156052515 ], [ 11.573538149974326, 48.136806757774757 ], [ 11.573539048925257, 48.136824733546113 ], [ 11.573512193646748, 48.136825335262465 ], [ 11.573513092589208, 48.136843311034127 ], [ 11.573486237300461, 48.136843912744595 ], [ 11.573487136234444, 48.136861888516563 ], [ 11.573460280935464, 48.136862490221134 ], [ 11.573461179860971, 48.136880465993407 ], [ 11.573434324551755, 48.136881067692087 ], [ 11.573436122386701, 48.136917019237195 ], [ 11.573409267057892, 48.136917620930355 ], [ 11.57341016596733, 48.136935596703175 ], [ 11.573383310628286, 48.136936198390458 ], [ 11.573384209529248, 48.136954174163577 ], [ 11.57335735417997, 48.13695477584497 ], [ 11.573358253072456, 48.136972751618408 ], [ 11.573331397712941, 48.136973353293904 ], [ 11.573332296596952, 48.136991329067641 ], [ 11.573305441227204, 48.136991930737246 ], [ 11.573306340102738, 48.137009906511295 ], [ 11.573279484722752, 48.13701050817501 ], [ 11.573280383589815, 48.137028483949379 ], [ 11.573253528199592, 48.137029085607189 ], [ 11.573255325917643, 48.137065037156461 ], [ 11.573228470507829, 48.137065638808764 ], [ 11.57322936935882, 48.137083614583673 ], [ 11.573202513938771, 48.137084216230086 ], [ 11.573203412781284, 48.137102192005294 ], [ 11.573176557351001, 48.137102793645816 ], [ 11.573177456185039, 48.137120769421337 ], [ 11.573150600744519, 48.137121371055969 ] ] ] } },
{ "type": "Feature", "properties": { "height": 17.366798400878906 }, "geometry": { "type": "Polygon", "coordinates": [ [ [ 11.583711038510861, 48.137010275131146 ], [ 11.583710136003322, 48.136992299504293 ], [ 11.583602715394381, 48.136994715844374 ], [ 11.583596398128298, 48.136868886443864 ], [ 11.583623253216372, 48.136868282370898 ], [ 11.583617838395208, 48.136760428598613 ], [ 11.583590983363266, 48.136761032669284 ], [ 11.58359008090552, 48.136743057039958 ], [ 11.583563225882047, 48.136743661103992 ], [ 11.583562323434538, 48.136725685474218 ], [ 11.583535468419539, 48.136726289531609 ], [ 11.583533663545888, 48.136690338271087 ], [ 11.583506808548712, 48.136690942321451 ], [ 11.583505906122568, 48.136672966690703 ], [ 11.583479051133864, 48.136673570734423 ], [ 11.583478148717958, 48.136655595103221 ], [ 11.583451293737726, 48.136656199140305 ], [ 11.583449488927274, 48.136620247876941 ], [ 11.583422633964869, 48.13662085190699 ], [ 11.583421731570324, 48.136602876274821 ], [ 11.58339487661639, 48.13660348029822 ], [ 11.58339307184866, 48.136567529032931 ], [ 11.583339361975561, 48.13656873705942 ], [ 11.583340264340274, 48.136586712692846 ], [ 11.583313409393044, 48.136587316697067 ], [ 11.583314311749286, 48.13660529233082 ], [ 11.583287456791817, 48.136605896329137 ], [ 11.58328655444493, 48.136587920695007 ], [ 11.583259699495933, 48.136588524686687 ], [ 11.583258797159285, 48.136570549052117 ], [ 11.58323194221876, 48.136571153037146 ], [ 11.58323103989235, 48.136553177402128 ], [ 11.583257894823522, 48.136552573417475 ], [ 11.583256992488639, 48.136534597782749 ], [ 11.583283847409572, 48.136533993792213 ], [ 11.58328294506622, 48.136516018157806 ], [ 11.583309799976913, 48.13651541416138 ], [ 11.58330889762509, 48.136497438527279 ], [ 11.583335752525544, 48.136496834524955 ], [ 11.583334850165249, 48.136478858891181 ], [ 11.583361705055465, 48.13647825488296 ], [ 11.5833608026867, 48.136460279249491 ], [ 11.583333947805839, 48.136460883257321 ], [ 11.583333045447311, 48.136442907623405 ], [ 11.583306190574922, 48.136443511624584 ], [ 11.583305288226631, 48.136425535990213 ], [ 11.583278433362715, 48.136426139984749 ], [ 11.583277531024663, 48.136408164349923 ], [ 11.583250676169216, 48.136408768337823 ], [ 11.583249773841406, 48.136390792702542 ], [ 11.583222918994428, 48.136391396683791 ], [ 11.583223821312885, 48.136409372319442 ], [ 11.58319696645567, 48.136409976294793 ], [ 11.583197868765657, 48.136427951930742 ], [ 11.583171013898204, 48.13642855590021 ], [ 11.583171916199719, 48.136446531536471 ], [ 11.583145061322027, 48.136447135500035 ], [ 11.583145963615069, 48.136465111136616 ], [ 11.583119108727139, 48.136465715094296 ], [ 11.583120011011712, 48.136483690731175 ], [ 11.583093156113542, 48.136484294682973 ], [ 11.583094058389642, 48.136502270320165 ], [ 11.583067203481235, 48.136502874266057 ], [ 11.583068105748863, 48.136520849903576 ], [ 11.583041250830219, 48.136521453843578 ], [ 11.583042153089375, 48.136539429481395 ], [ 11.583069008017377, 48.136538825541002 ], [ 11.583069910286772, 48.136556801178372 ], [ 11.583096765223242, 48.136556197231336 ], [ 11.583097667502878, 48.136574172868251 ], [ 11.583124522447822, 48.136573568914578 ], [ 11.583125424737693, 48.136591544551038 ], [ 11.583152279691109, 48.1365909405907 ], [ 11.58315318199122, 48.13660891622672 ], [ 11.583180036953108, 48.136608312259746 ], [ 11.583181841574689, 48.136644263530812 ], [ 11.583154986594094, 48.136644867498561 ], [ 11.583155888896856, 48.136662843134367 ], [ 11.583129033906021, 48.136663447096218 ], [ 11.583129936200312, 48.13668142273233 ], [ 11.583103081199237, 48.136682026688291 ], [ 11.583103983485056, 48.136700002324723 ], [ 11.583023418448468, 48.136701814156105 ], [ 11.583022516190715, 48.136683838518536 ], [ 11.582995661186105, 48.136684442449422 ], [ 11.58299475893859, 48.136666466811405 ], [ 11.582967903942453, 48.136667070735633 ], [ 11.582967001705178, 48.136649095097177 ], [ 11.582940146717512, 48.136649699014761 ], [ 11.582939244490474, 48.136631723375849 ], [ 11.582885534531203, 48.136632931191457 ], [ 11.58288643673953, 48.136650906831122 ], [ 11.582859581749217, 48.136651510729898 ], [ 11.582860483949071, 48.136669486369883 ], [ 11.582833628948515, 48.136670090262761 ], [ 11.582834531139902, 48.136688065903058 ], [ 11.582807676129109, 48.136688669790047 ], [ 11.582809480495818, 48.136724621071167 ], [ 11.582836335525322, 48.136724017183418 ], [ 11.582837237719357, 48.136741992823495 ], [ 11.582864092757331, 48.136741388929089 ], [ 11.582865897166762, 48.136777340208283 ], [ 11.582892752222564, 48.136776736306857 ], [ 11.58289365443796, 48.136794711945974 ], [ 11.582786234172033, 48.136797127515592 ], [ 11.582787136350893, 48.13681510315616 ], [ 11.582706571114104, 48.13681691476868 ], [ 11.58270566896331, 48.136798939126976 ], [ 11.582678813891969, 48.136799542984889 ], [ 11.582677911751414, 48.136781567342744 ], [ 11.582651056688546, 48.136782171194021 ], [ 11.582651958819744, 48.136800146836542 ], [ 11.582571393597771, 48.136801958353892 ], [ 11.582570491494637, 48.136783982710242 ], [ 11.582516781360948, 48.136785190356363 ], [ 11.582515879277407, 48.136767214711874 ], [ 11.582489024218592, 48.136767818525158 ], [ 11.582488122145293, 48.136749842880221 ], [ 11.582514977194752, 48.136749239067328 ], [ 11.582514075112977, 48.136731263422703 ], [ 11.582540930152199, 48.136730659603913 ], [ 11.582540028061953, 48.136712683959587 ], [ 11.582566883090935, 48.136712080134906 ], [ 11.582565980992218, 48.136694104490907 ], [ 11.582592836010962, 48.136693500660328 ], [ 11.582591933903773, 48.136675525016635 ], [ 11.58261878891228, 48.136674921180173 ], [ 11.582617886796619, 48.136656945536785 ], [ 11.582644741794885, 48.136656341694433 ], [ 11.582642937547504, 48.136620390408204 ], [ 11.582669792526177, 48.136619786560331 ], [ 11.582668890394457, 48.136601810917504 ], [ 11.582695745362892, 48.136601207063748 ], [ 11.582694843222701, 48.13658323142122 ], [ 11.582721698180896, 48.13658262756158 ], [ 11.582720796032232, 48.13656465191935 ], [ 11.58274765098019, 48.136564048053813 ], [ 11.582746748823055, 48.136546072411903 ], [ 11.582773603760774, 48.136545468540476 ], [ 11.582772701595166, 48.136527492898878 ], [ 11.582799556522648, 48.13652688902156 ], [ 11.582798654348569, 48.136508913380261 ], [ 11.582825509265811, 48.13650830949706 ], [ 11.582824607083261, 48.136490333856074 ], [ 11.582851461990266, 48.136489729966968 ], [ 11.582850559799244, 48.136471754326301 ], [ 11.582904269591891, 48.136470546530049 ], [ 11.582903367383043, 48.136452570890071 ], [ 11.582930222268688, 48.136451966982925 ], [ 11.582929320051367, 48.136433991343246 ], [ 11.582956174926773, 48.136433387430216 ], [ 11.582955272700982, 48.13641541179085 ], [ 11.582982127566147, 48.136414807871915 ], [ 11.582981225331887, 48.136396832232862 ], [ 11.583008080186813, 48.13639622830803 ], [ 11.583007177944079, 48.136378252669296 ], [ 11.583034032788769, 48.136377648738588 ], [ 11.583033130537565, 48.136359673100145 ], [ 11.583059985372016, 48.136359069163554 ], [ 11.583059083112339, 48.136341093525424 ], [ 11.583085937936552, 48.136340489582935 ], [ 11.583085035668402, 48.136322513945117 ], [ 11.583111890482378, 48.136321909996731 ], [ 11.583110988205759, 48.136303934359233 ], [ 11.583137843009492, 48.136303330404949 ], [ 11.583136940724403, 48.136285354767757 ], [ 11.583190650310515, 48.136284146841163 ], [ 11.583191552614313, 48.136302122477602 ], [ 11.5832184074154, 48.136301518504531 ], [ 11.583219309729438, 48.136319494140508 ], [ 11.583246164538995, 48.136318890160801 ], [ 11.583247066863272, 48.136336865796338 ], [ 11.583273921681299, 48.136336261809959 ], [ 11.583274824015815, 48.136354237445069 ], [ 11.583301678842313, 48.136353633452025 ], [ 11.583302581187068, 48.13637160908668 ], [ 11.583329436022037, 48.136371005087014 ], [ 11.58333033837703, 48.136388980721215 ], [ 11.583357193220472, 48.136388376714898 ], [ 11.583358095585703, 48.136406352348651 ], [ 11.583384950437615, 48.136405748335683 ], [ 11.583385852813086, 48.136423723968988 ], [ 11.583412707673469, 48.13642311994937 ], [ 11.583413610059178, 48.136441095582228 ], [ 11.583440464928033, 48.136440491555966 ], [ 11.58344136732398, 48.136458467188376 ], [ 11.583468222201308, 48.136457863155478 ], [ 11.583469124607493, 48.136475838787426 ], [ 11.583495979493289, 48.136475234747877 ], [ 11.583497784327024, 48.136511186010829 ], [ 11.583524639230648, 48.136510581964259 ], [ 11.583525541658195, 48.136528557595248 ], [ 11.58355239657029, 48.136527953542014 ], [ 11.583554201446747, 48.13656390480304 ], [ 11.583581056376667, 48.136563300742779 ], [ 11.583581958825576, 48.136581276372809 ], [ 11.583608813763968, 48.136580672305904 ], [ 11.583610618683148, 48.136616623565004 ], [ 11.583637473639365, 48.136616019491065 ], [ 11.583639278580788, 48.136651970749121 ], [ 11.583666133554834, 48.136651366668154 ], [ 11.583667036036227, 48.13666934229672 ], [ 11.583693891018743, 48.13666873820911 ], [ 11.58369569600289, 48.13670468946524 ], [ 11.583722551003232, 48.136704085370603 ], [ 11.583723453505986, 48.136722060998189 ], [ 11.583750308514801, 48.1367214568969 ], [ 11.583752113541671, 48.136757408151098 ], [ 11.583778968568311, 48.13675680404279 ], [ 11.583791603986352, 48.137008462809121 ], [ 11.583711038510861, 48.137010275131146 ] ] ] } },
{ "type": "Feature", "properties": { "height": 28.0 }, "geometry": { "type": "Polygon", "coordinates": [ [ [ 11.576172661685405, 48.136801686399536 ], [ 11.57617176181588, 48.13678371066532 ], [ 11.576144906614331, 48.136784312996433 ], [ 11.576144006755044, 48.136766337261783 ], [ 11.576117151561972, 48.136766939586252 ], [ 11.576113552171057, 48.136695036645399 ], [ 11.576086697014521, 48.136695638962088 ], [ 11.576083997508654, 48.136641711754571 ], [ 11.576057142379303, 48.136642314063856 ], [ 11.57605534273184, 48.136606362591088 ], [ 11.576082197842481, 48.136605760282556 ], [ 11.576080398179833, 48.136569808810265 ], [ 11.576107253270882, 48.136569206496219 ], [ 11.576106353431525, 48.136551230760354 ], [ 11.576186918671315, 48.13654942378173 ], [ 11.576185118939113, 48.136513472312053 ], [ 11.576292539171655, 48.136511062922466 ], [ 11.576291639269456, 48.136493087189031 ], [ 11.576399059450479, 48.136490677700657 ], [ 11.576398159511738, 48.136472701968664 ], [ 11.576505579641239, 48.136470292381489 ], [ 11.576504679665961, 48.136452316650946 ], [ 11.57661209974394, 48.136449906964991 ], [ 11.57661119973212, 48.136431931235862 ], [ 11.576718619758577, 48.136429521451113 ], [ 11.576717719710221, 48.13641154572344 ], [ 11.576798284692744, 48.136409738320189 ], [ 11.576797384617201, 48.13639176259359 ], [ 11.576904804544137, 48.136389352636314 ], [ 11.576905704657099, 48.136407328361415 ], [ 11.577013124607353, 48.136404918302318 ], [ 11.577014024758617, 48.136422894025834 ], [ 11.577067734747166, 48.13642168895791 ], [ 11.577068634918021, 48.136439664680601 ], [ 11.577095489920328, 48.136439062136859 ], [ 11.577096390101421, 48.136457037859103 ], [ 11.577123245112203, 48.136456435308723 ], [ 11.577126845882809, 48.136528338195475 ], [ 11.577153700930129, 48.136527735637308 ], [ 11.577155501339432, 48.136563687079516 ], [ 11.577128646273401, 48.136564289638429 ], [ 11.577129546470019, 48.136582265359813 ], [ 11.577102691393753, 48.136582867912843 ], [ 11.577104491770923, 48.136618819356151 ], [ 11.577050781578325, 48.136620024444909 ], [ 11.577051681749522, 48.13663800016721 ], [ 11.577024826642544, 48.136638602702575 ], [ 11.577026626968873, 48.136674554147746 ], [ 11.576999771842305, 48.136675156677583 ], [ 11.577000671997435, 48.136693132400431 ], [ 11.576785830878306, 48.136697952416512 ], [ 11.576786730959476, 48.136715928142308 ], [ 11.576679310341337, 48.136718338001401 ], [ 11.576680210385968, 48.136736313728647 ], [ 11.576572789716305, 48.136738723488939 ], [ 11.576573689724396, 48.136756699217628 ], [ 11.576466269003209, 48.136759108879126 ], [ 11.576467168974759, 48.136777084609257 ], [ 11.576359748202051, 48.136779494171961 ], [ 11.576360648137062, 48.136797469903527 ], [ 11.57628008252021, 48.136799277010866 ], [ 11.576279182613264, 48.136781301278155 ], [ 11.576252327415242, 48.13678190363435 ], [ 11.576253227312831, 48.136799879367437 ], [ 11.576172661685405, 48.136801686399536 ] ] ] } },
{ "type": "Feature", "properties": { "height": 18.140556335449219 }, "geometry": { "type": "Polygon", "coordinates": [ [ [ 11.575390394594613, 48.13728712297722 ], [ 11.575389494982847, 48.137269147233475 ], [ 11.575362639511622, 48.137269749386341 ], [ 11.575361739910091, 48.137251773642134 ], [ 11.575334884447342, 48.137252375788357 ], [ 11.575333984856048, 48.13723440004371 ], [ 11.575307129401772, 48.137235002183274 ], [ 11.575306229820715, 48.137217026438186 ], [ 11.575279374374913, 48.137217628571115 ], [ 11.575278474804094, 48.137199652825572 ], [ 11.575251619366769, 48.137200254951857 ], [ 11.575250719806183, 48.137182279205867 ], [ 11.575223864377332, 48.137182881325494 ], [ 11.575222964826983, 48.137164905579063 ], [ 11.575196109406606, 48.137165507692046 ], [ 11.575195209866497, 48.137147531945168 ], [ 11.575168354454593, 48.137148134051493 ], [ 11.575167454924719, 48.137130158304181 ], [ 11.575140599521292, 48.137130760403863 ], [ 11.575139700001653, 48.13711278465609 ], [ 11.5751128446067, 48.137113386749128 ], [ 11.575111945097298, 48.137095411000907 ], [ 11.57508508971082, 48.137096013087309 ], [ 11.575084190211655, 48.137078037338647 ], [ 11.575057334833653, 48.137078639418391 ], [ 11.575056435344722, 48.137060663669281 ], [ 11.575029579975194, 48.137061265742382 ], [ 11.575028680496501, 48.137043289992832 ], [ 11.575001825135447, 48.137043892059275 ], [ 11.575000925666991, 48.137025916309284 ], [ 11.574974070314411, 48.137026518369076 ], [ 11.574973170856191, 48.137008542618638 ], [ 11.574946315512086, 48.137009144671794 ], [ 11.574945416064102, 48.1369911689209 ], [ 11.574918560728474, 48.136991770967406 ], [ 11.574917661290725, 48.136973795216058 ], [ 11.57489080596357, 48.136974397255926 ], [ 11.574889906536058, 48.136956421504138 ], [ 11.574863051217378, 48.136957023537356 ], [ 11.574862151800103, 48.13693904778512 ], [ 11.574835296489898, 48.136939649811694 ], [ 11.574834397082858, 48.13692167405901 ], [ 11.574807541781128, 48.136922276078934 ], [ 11.574806642384324, 48.136904300325803 ], [ 11.574779787091069, 48.136904902339083 ], [ 11.574778887704502, 48.136886926585504 ], [ 11.57475203241972, 48.13688752859214 ], [ 11.574751133043391, 48.136869552838121 ], [ 11.574724277767084, 48.1368701548381 ], [ 11.574723378400989, 48.136852179083633 ], [ 11.574696523133158, 48.136852781076968 ], [ 11.5746956237773, 48.136834805322053 ], [ 11.574668768517943, 48.136835407308737 ], [ 11.57466786917232, 48.136817431553382 ], [ 11.574614158669675, 48.136818635507197 ], [ 11.574615057996585, 48.136836611263313 ], [ 11.574588202734585, 48.136837213231196 ], [ 11.574587303417029, 48.136819237474704 ], [ 11.574560448163504, 48.136819839435937 ], [ 11.574559548856186, 48.13680186367899 ], [ 11.574532693611136, 48.136802465633586 ], [ 11.574531794314053, 48.136784489876199 ], [ 11.574478083840022, 48.136785693765816 ], [ 11.574476285285918, 48.136749742249322 ], [ 11.574449430066291, 48.13675034418398 ], [ 11.574448530799918, 48.13673236842525 ], [ 11.574421675588766, 48.136732970353243 ], [ 11.574420776332627, 48.136714994594072 ], [ 11.57439392112995, 48.136715596515415 ], [ 11.574393021884047, 48.136697620755797 ], [ 11.574366166689844, 48.136698222670496 ], [ 11.574364368219392, 48.136662271150307 ], [ 11.574391223394882, 48.136661669236346 ], [ 11.57439032415162, 48.136643693476522 ], [ 11.57444403448125, 48.13664248963056 ], [ 11.574443135220159, 48.136624513871425 ], [ 11.574469990374295, 48.136623911939417 ], [ 11.57446909110473, 48.13660593618058 ], [ 11.574522801391655, 48.136604732298515 ], [ 11.574521902104259, 48.136586756540368 ], [ 11.574548757237045, 48.136586154590304 ], [ 11.574547857941173, 48.136568178832476 ], [ 11.574601568185392, 48.136566974914302 ], [ 11.574600668871691, 48.136548999157149 ], [ 11.574654379093678, 48.136547795214661 ], [ 11.574653479762146, 48.13652981945819 ], [ 11.574680334862464, 48.136529217477914 ], [ 11.574679435522457, 48.136511241721749 ], [ 11.574760000790057, 48.136509435744451 ], [ 11.574759101422867, 48.136491459989365 ], [ 11.574812811578154, 48.136490255973904 ], [ 11.574811912193132, 48.136472280219486 ], [ 11.574865622326186, 48.13647107617971 ], [ 11.574864722923335, 48.136453100425989 ], [ 11.574918433034155, 48.136451896361883 ], [ 11.574917533613476, 48.136433920608852 ], [ 11.574998098745032, 48.136432114466814 ], [ 11.574997199297169, 48.136414138714834 ], [ 11.575050909361758, 48.136412934589558 ], [ 11.575051808828333, 48.136430910340771 ], [ 11.575159228984365, 48.136428502013473 ], [ 11.575160128489241, 48.136446477763101 ], [ 11.575213838580682, 48.13644527356108 ], [ 11.575214738105151, 48.136463249309905 ], [ 11.575295303263768, 48.136461442958719 ], [ 11.575296202817183, 48.13647941870633 ], [ 11.575349912937236, 48.136478214440118 ], [ 11.575350812510242, 48.136496190186897 ], [ 11.575404522645481, 48.136494985894856 ], [ 11.575405422238079, 48.136512961640818 ], [ 11.575459132388504, 48.136511757322936 ], [ 11.575460032000695, 48.136529733068073 ], [ 11.57548688708394, 48.136529130899348 ], [ 11.575487786706365, 48.136547106644052 ], [ 11.575514641798085, 48.136546504468669 ], [ 11.575515541430747, 48.136564480212918 ], [ 11.575569251630256, 48.136563275842612 ], [ 11.575570151282509, 48.136581251586044 ], [ 11.575597006390298, 48.136580649391107 ], [ 11.575597906052785, 48.136598625134077 ], [ 11.57565161628443, 48.136597420724648 ], [ 11.57565251596651, 48.136615396466802 ], [ 11.575679371090368, 48.136614794252303 ], [ 11.575680270782684, 48.136632769994016 ], [ 11.575707125915015, 48.136632167772866 ], [ 11.575708025617567, 48.136650143514125 ], [ 11.575734880758372, 48.136649541286339 ], [ 11.57573578047116, 48.136667517027149 ], [ 11.575762635620439, 48.136666914792713 ], [ 11.575763535343464, 48.136684890533083 ], [ 11.57579039050122, 48.136684288292003 ], [ 11.575791290234481, 48.136702264031932 ], [ 11.575818145400708, 48.136701661784208 ], [ 11.575819045144208, 48.136719637523662 ], [ 11.575845900318908, 48.136719035269287 ], [ 11.575846800072641, 48.136737011008321 ], [ 11.575873655255817, 48.136736408747289 ], [ 11.575874555019789, 48.136754384485876 ], [ 11.57590141021144, 48.136753782218193 ], [ 11.575902309985647, 48.136771757956318 ], [ 11.575929165185771, 48.136771155682013 ], [ 11.575930064970215, 48.136789131419697 ], [ 11.575956920178815, 48.136788529138727 ], [ 11.575958719769057, 48.136824480613143 ], [ 11.575985574995485, 48.136823878325139 ], [ 11.575986474801283, 48.136841854061863 ], [ 11.576013330036185, 48.136841251767237 ], [ 11.57601422985222, 48.1368592275035 ], [ 11.576041085095596, 48.136858625202223 ], [ 11.57604288474902, 48.136894576673811 ], [ 11.576069740010226, 48.136893974365506 ], [ 11.576070639847615, 48.136911950100817 ], [ 11.576097495117295, 48.136911347785855 ], [ 11.576099294813428, 48.13694729925551 ], [ 11.57612615010094, 48.136946696933542 ], [ 11.576127049959682, 48.136964672667894 ], [ 11.576153905255667, 48.136964070339275 ], [ 11.576154805124647, 48.136982046073157 ], [ 11.576181660429105, 48.136981443737895 ], [ 11.576183460188421, 48.137017395204737 ], [ 11.576210315510709, 48.13701679286244 ], [ 11.576212115292259, 48.137052744328237 ], [ 11.576185259951261, 48.137053346671308 ], [ 11.576186159834002, 48.137071322404474 ], [ 11.576132449130649, 48.137072527072533 ], [ 11.576133348995562, 48.137090502806402 ], [ 11.576079638269972, 48.137091707450132 ], [ 11.576080538117054, 48.13710968318469 ], [ 11.576026827369228, 48.137110887804077 ], [ 11.576027727198483, 48.137128863539331 ], [ 11.57597401642842, 48.137130068134411 ], [ 11.575974916239844, 48.13714804387034 ], [ 11.575921205447546, 48.137149248441119 ], [ 11.575922105241139, 48.137167224177716 ], [ 11.57584153901802, 48.137169030987991 ], [ 11.575842438784427, 48.137187006725647 ], [ 11.575761872525311, 48.137188813480627 ], [ 11.575762772264531, 48.13720678921937 ], [ 11.575682205969418, 48.137208595919056 ], [ 11.575683105681454, 48.13722657165885 ], [ 11.57557568390488, 48.137228980505505 ], [ 11.575576583580375, 48.137246956246756 ], [ 11.57552287266809, 48.137248160633213 ], [ 11.575523772325754, 48.137266136375139 ], [ 11.575443205922653, 48.137267942908949 ], [ 11.57544410555313, 48.137285918651941 ], [ 11.575390394594613, 48.13728712297722 ] ] ] } },
{ "type": "Feature", "properties": { "height": 16.710762023925781 }, "geometry": { "type": "Polygon", "coordinates": [ [ [ 11.579366797997357, 48.137233886548465 ], [ 11.579365896999205, 48.137215910860789 ], [ 11.57933904163975, 48.137216513942256 ], [ 11.579338140651839, 48.137198538254118 ], [ 11.579311285300857, 48.137199141328942 ], [ 11.579310384323181, 48.137181165640371 ], [ 11.579283528980676, 48.137181768708544 ], [ 11.579282628013235, 48.137163793019518 ], [ 11.579255772679204, 48.137164396081033 ], [ 11.579253970765684, 48.137128444702029 ], [ 11.579227115449479, 48.137129047756517 ], [ 11.579226214503398, 48.137111072066524 ], [ 11.579199359195666, 48.13711167511439 ], [ 11.579197557324862, 48.137075723733446 ], [ 11.579170702034959, 48.137076326774277 ], [ 11.579168900186394, 48.137040375392289 ], [ 11.57914204491432, 48.1370409784261 ], [ 11.579140243087995, 48.137005027043081 ], [ 11.579113387833749, 48.137005630069858 ], [ 11.579111586029665, 48.136969678685823 ], [ 11.579084730793246, 48.136970281705572 ], [ 11.579082929011401, 48.1369343303205 ], [ 11.579056073792813, 48.136934933333229 ], [ 11.579052470277128, 48.136863030560733 ], [ 11.579025615095079, 48.136863633565675 ], [ 11.5790211107671, 48.136773755096613 ], [ 11.578994255630944, 48.136774358093398 ], [ 11.578988850522613, 48.136666503925973 ], [ 11.578961995441707, 48.136667106914217 ], [ 11.578952086261824, 48.136469374263307 ], [ 11.578978941239823, 48.136468771279219 ], [ 11.578978040401225, 48.136450795583649 ], [ 11.579112315231214, 48.136447780571075 ], [ 11.579111414346723, 48.136429804877316 ], [ 11.579218834157412, 48.13642739275592 ], [ 11.579217933236382, 48.136409417063611 ], [ 11.579298498057073, 48.136407607907884 ], [ 11.579297597108862, 48.136389632216641 ], [ 11.579405016820006, 48.136387219922732 ], [ 11.579404115835258, 48.136369244232931 ], [ 11.579484680581288, 48.136367434947822 ], [ 11.579483779569355, 48.13634945925908 ], [ 11.579537489376921, 48.136348253038413 ], [ 11.579536588347162, 48.136330277350368 ], [ 11.579617153023827, 48.136328467973485 ], [ 11.579616251966884, 48.136310492286498 ], [ 11.579669961728206, 48.136309286004661 ], [ 11.579669060653435, 48.136291310318356 ], [ 11.579722770392516, 48.136290104012197 ], [ 11.579721869299918, 48.136272128326581 ], [ 11.579748724158783, 48.136271525164481 ], [ 11.579749625260735, 48.136289500849706 ], [ 11.57977648012807, 48.136288897680956 ], [ 11.579777381240261, 48.136306873365747 ], [ 11.579804236116068, 48.136306270190339 ], [ 11.579805137238495, 48.136324245874668 ], [ 11.579831992122777, 48.136323642692631 ], [ 11.579832893255441, 48.13634161837652 ], [ 11.579859748148195, 48.136341015187824 ], [ 11.579860649291096, 48.136358990871258 ], [ 11.579914359092664, 48.136357784474299 ], [ 11.579915260255158, 48.136375760156923 ], [ 11.579942115163973, 48.13637515694866 ], [ 11.579943016336706, 48.136393132630836 ], [ 11.579969871253995, 48.136392529415929 ], [ 11.579970772436965, 48.136410505097636 ], [ 11.579997627362726, 48.136409901876092 ], [ 11.579999429750023, 48.136445853238563 ], [ 11.580026284693611, 48.136445250009977 ], [ 11.580027185897938, 48.136463225690733 ], [ 11.580054040849999, 48.136462622455511 ], [ 11.580054942064564, 48.136480598135819 ], [ 11.5800817970251, 48.136479994893946 ], [ 11.580082698249901, 48.136497970573807 ], [ 11.580109553218907, 48.13649736732529 ], [ 11.580110454453948, 48.136515343004696 ], [ 11.580137309431425, 48.136514739749522 ], [ 11.580138210676704, 48.136532715428487 ], [ 11.580165065662655, 48.13653211216667 ], [ 11.580165966918171, 48.136550087845194 ], [ 11.580192821912595, 48.136549484576733 ], [ 11.580193723178349, 48.136567460254803 ], [ 11.580166868174569, 48.13656806352364 ], [ 11.580167769431851, 48.136586039202029 ], [ 11.580140914417834, 48.136586642464984 ], [ 11.580143618166909, 48.136640569500841 ], [ 11.580170473208991, 48.136639966236764 ], [ 11.580171374469801, 48.136657941914862 ], [ 11.580198229520356, 48.136657338644127 ], [ 11.580200032063336, 48.136693289999357 ], [ 11.580226887131719, 48.136692686721609 ], [ 11.580227788413888, 48.136710662398748 ], [ 11.580254643490743, 48.136710059114336 ], [ 11.580255544783149, 48.136728034791027 ], [ 11.580282399868477, 48.136727431499978 ], [ 11.580283301171123, 48.136745407176221 ], [ 11.580310156264924, 48.136744803878521 ], [ 11.580311057577804, 48.136762779554317 ], [ 11.580284202474651, 48.136763382852401 ], [ 11.58028510377906, 48.136781358528502 ], [ 11.580258248665666, 48.136781961820688 ], [ 11.580259149961606, 48.136799937497095 ], [ 11.580232294837975, 48.136800540783398 ], [ 11.580233196125439, 48.136818516460124 ], [ 11.580206340991571, 48.136819119740537 ], [ 11.580207242270564, 48.136837095417569 ], [ 11.580153531981468, 48.136838301960324 ], [ 11.580154433242633, 48.136856277638053 ], [ 11.580127578087406, 48.136856880900403 ], [ 11.580128479340097, 48.136874856578444 ], [ 11.580101624174633, 48.136875459834904 ], [ 11.580102525418853, 48.136893435513244 ], [ 11.580075670243151, 48.136894038763813 ], [ 11.580076571478896, 48.136912014442458 ], [ 11.580022861106134, 48.136913220925564 ], [ 11.580023762324052, 48.136931196604898 ], [ 11.579996907126992, 48.13693179983742 ], [ 11.579997808336437, 48.136949775517067 ], [ 11.579970953129138, 48.136950378743698 ], [ 11.579971854330111, 48.136968354423651 ], [ 11.579918143894156, 48.136969560858859 ], [ 11.5799190450773, 48.136987536539493 ], [ 11.579892189848643, 48.136988139748077 ], [ 11.579893091023315, 48.137006115429031 ], [ 11.579839380544643, 48.137007321828136 ], [ 11.579840281701486, 48.13702529750978 ], [ 11.579813426451473, 48.137025900700309 ], [ 11.579814327599843, 48.137043876382258 ], [ 11.579760617078454, 48.13704508274526 ], [ 11.579761518208997, 48.137063058427906 ], [ 11.579707807665368, 48.1370642647666 ], [ 11.579708708778082, 48.137082240449921 ], [ 11.57968185349559, 48.137082843610223 ], [ 11.57968275459983, 48.137100819293863 ], [ 11.579629044013485, 48.137102025596448 ], [ 11.579629945099898, 48.137120001280763 ], [ 11.579603089796047, 48.137120604423032 ], [ 11.579603990873986, 48.13713858010766 ], [ 11.579550280244927, 48.137139786374142 ], [ 11.579551181305037, 48.137157762059452 ], [ 11.579524325979827, 48.13715836518368 ], [ 11.579525227031466, 48.137176340869296 ], [ 11.579471516359687, 48.137177547099675 ], [ 11.579472417393498, 48.137195522785987 ], [ 11.57941870669948, 48.137196728992045 ], [ 11.579419607715462, 48.137214704679039 ], [ 11.579392752357775, 48.137215307773054 ], [ 11.579393653365281, 48.137233283460347 ], [ 11.579366797997357, 48.137233886548465 ] ] ] } },
{ "type": "Feature", "properties": { "height": 15.349700927734375 }, "geometry": { "type": "Polygon", "coordinates": [ [ [ 11.569767779815136, 48.137754978199347 ], [ 11.569766882151372, 48.13773700237769 ], [ 11.569740026317582, 48.137737603221147 ], [ 11.569737333359633, 48.13768367575468 ], [ 11.569710477553034, 48.13768427659074 ], [ 11.569707784631063, 48.13763034912251 ], [ 11.569680928851652, 48.137630949951159 ], [ 11.569678235965661, 48.137577022481189 ], [ 11.56965138021344, 48.137577623302448 ], [ 11.569648687363429, 48.13752369583073 ], [ 11.569621831638395, 48.137524296644578 ], [ 11.569619138824365, 48.137470369171105 ], [ 11.569592283126518, 48.137470969977549 ], [ 11.569589590348466, 48.137417042502328 ], [ 11.569562734677808, 48.137417643301383 ], [ 11.569560939515547, 48.137381691650134 ], [ 11.569534083862724, 48.137382292442162 ], [ 11.569531391153991, 48.137328364963629 ], [ 11.569504535528354, 48.137328965748267 ], [ 11.569501842855599, 48.13727503826798 ], [ 11.569474987257154, 48.137275639045214 ], [ 11.569472294620375, 48.137221711563178 ], [ 11.569445439049119, 48.137222312333016 ], [ 11.569443643981041, 48.137186360677227 ], [ 11.569416788427615, 48.137186961440044 ], [ 11.569414095860157, 48.137133033954711 ], [ 11.569387240333919, 48.137133634710125 ], [ 11.569384547802438, 48.137079707223045 ], [ 11.569357692303388, 48.137080307971047 ], [ 11.569354999807885, 48.137026380482226 ], [ 11.569328144336025, 48.137026981222832 ], [ 11.569325451876496, 48.136973053732248 ], [ 11.569298596431825, 48.136973654465464 ], [ 11.569295904008275, 48.136919726973133 ], [ 11.569269048590792, 48.136920327698938 ], [ 11.569267253664863, 48.136884376036285 ], [ 11.569240398265212, 48.13688497675507 ], [ 11.569237705910979, 48.136831049259442 ], [ 11.569210850538514, 48.136831649970823 ], [ 11.569208158220256, 48.136777722473433 ], [ 11.569181302874981, 48.136778323177431 ], [ 11.569178610592699, 48.1367243956783 ], [ 11.569151755274612, 48.13672499637488 ], [ 11.569149063028307, 48.136671068873994 ], [ 11.569122207737406, 48.136671669563199 ], [ 11.569120412929642, 48.136635717894833 ], [ 11.569147268201833, 48.136635117206382 ], [ 11.569146370789912, 48.136617141372483 ], [ 11.569226936573143, 48.136615339270676 ], [ 11.569226039134037, 48.136597363437836 ], [ 11.569333460128618, 48.136594960549168 ], [ 11.569332562652967, 48.136576984717749 ], [ 11.56941312836161, 48.136575182486553 ], [ 11.569412230858772, 48.136557206656214 ], [ 11.569492796531437, 48.136555404369709 ], [ 11.569491899001411, 48.136537428540429 ], [ 11.569572464638101, 48.136535626198643 ], [ 11.569571567080889, 48.136517650370408 ], [ 11.5696521326816, 48.136515847973335 ], [ 11.569651235097201, 48.136497872146172 ], [ 11.569758655848421, 48.136495468863799 ], [ 11.569760451092943, 48.136531420515055 ], [ 11.569787306297263, 48.136530819678029 ], [ 11.569789101564011, 48.136566771328248 ], [ 11.569815956786162, 48.136566170484208 ], [ 11.569818649720942, 48.136620097957881 ], [ 11.56984550497028, 48.136619497106437 ], [ 11.569847300283241, 48.13665544875446 ], [ 11.56987415555041, 48.136654847895997 ], [ 11.569875950885596, 48.136690799542976 ], [ 11.569956516737966, 48.13668899692771 ], [ 11.569955619041865, 48.136671021105379 ], [ 11.570009329587005, 48.136669819331281 ], [ 11.570008431873074, 48.136651843509632 ], [ 11.57008899765612, 48.136650040802593 ], [ 11.570088099915001, 48.13663206498201 ], [ 11.570141810413928, 48.136630863146721 ], [ 11.570140912654978, 48.136612887326812 ], [ 11.570194623131675, 48.136611685467209 ], [ 11.570193725354892, 48.136593709648011 ], [ 11.570274291035281, 48.136591906812683 ], [ 11.570273393231311, 48.136573930994544 ], [ 11.570327103661793, 48.136572729073741 ], [ 11.570326205839994, 48.136554753256277 ], [ 11.570379916248251, 48.13655355131116 ], [ 11.570379018408618, 48.136535575494371 ], [ 11.570432728794646, 48.136534373524931 ], [ 11.570431830937183, 48.136516397708839 ], [ 11.570485541300984, 48.136515195715063 ], [ 11.570484643425688, 48.136497219899645 ], [ 11.570538353767262, 48.136496017881555 ], [ 11.570537455874135, 48.136478042066834 ], [ 11.570591166193481, 48.136476840024422 ], [ 11.570590268282523, 48.136458864210368 ], [ 11.570643978579639, 48.136457662143627 ], [ 11.570644876509308, 48.136475637956927 ], [ 11.570671731665904, 48.136475036913787 ], [ 11.570673527546591, 48.136510988539399 ], [ 11.570700382721018, 48.136510387489231 ], [ 11.570702178623934, 48.136546339113821 ], [ 11.570729033816193, 48.136545738056633 ], [ 11.570730829741334, 48.136581689680192 ], [ 11.570757684951426, 48.136581088615969 ], [ 11.570759480898797, 48.136617040238491 ], [ 11.570786336126718, 48.136616439167256 ], [ 11.570788132096316, 48.136652390788754 ], [ 11.57081498734207, 48.136651789710484 ], [ 11.570815885337543, 48.136669765520764 ], [ 11.570762174826449, 48.136670967671769 ], [ 11.570763072804091, 48.136688943482724 ], [ 11.570736217537869, 48.136689544549206 ], [ 11.570737115507036, 48.136707520360467 ], [ 11.570683404953243, 48.136708722475376 ], [ 11.570684302904578, 48.136726698287305 ], [ 11.570630592328557, 48.136727900377899 ], [ 11.570633286131706, 48.136781827815575 ], [ 11.570579575496033, 48.136783029883347 ], [ 11.570577779663811, 48.136747078256775 ], [ 11.570550924363367, 48.136747679280511 ], [ 11.57054912855337, 48.136711727652916 ], [ 11.570522273270761, 48.136712328669617 ], [ 11.570521375376435, 48.136694352855343 ], [ 11.570467664827284, 48.136695554869185 ], [ 11.570468562702898, 48.136713530684212 ], [ 11.570387996844509, 48.13671533365909 ], [ 11.570389792542239, 48.136751285291204 ], [ 11.570416647847956, 48.136750684305092 ], [ 11.570417545707496, 48.136768660120666 ], [ 11.570390690392422, 48.136769261107162 ], [ 11.570391588243485, 48.136787236923041 ], [ 11.570311022264917, 48.136789039846008 ], [ 11.570311920088793, 48.136807015662967 ], [ 11.570258209413309, 48.136808217581013 ], [ 11.570259107219352, 48.136826193398655 ], [ 11.570178541171463, 48.136827996229847 ], [ 11.570179438950317, 48.136845972048533 ], [ 11.57012572822862, 48.136847173905416 ], [ 11.570126625989644, 48.136865149724784 ], [ 11.570072915245717, 48.136866351557337 ], [ 11.570073812988909, 48.136884327377388 ], [ 11.569993246838358, 48.136886130080335 ], [ 11.569994144554363, 48.136904105901451 ], [ 11.569940433764224, 48.136905307672812 ], [ 11.569941331462395, 48.136923283494617 ], [ 11.569860765242524, 48.136925086105769 ], [ 11.569858072234844, 48.136871158636765 ], [ 11.569831216854528, 48.136871759493474 ], [ 11.569830319196415, 48.136853783669949 ], [ 11.569749753078264, 48.136855586201349 ], [ 11.569750650708309, 48.136873562026004 ], [ 11.569723795324478, 48.13687416285763 ], [ 11.569724692946048, 48.136892138682597 ], [ 11.569751548339234, 48.136891537850587 ], [ 11.569754241237282, 48.136945465323912 ], [ 11.569807952077154, 48.13694426363881 ], [ 11.569809747384339, 48.136980215285853 ], [ 11.569836602821667, 48.136979614433137 ], [ 11.569839295817102, 48.137033541902035 ], [ 11.569866151281618, 48.137032941041937 ], [ 11.569868844313032, 48.137086868509094 ], [ 11.569895699804734, 48.137086267641585 ], [ 11.569897495182119, 48.137122219285253 ], [ 11.569924350691654, 48.137121618410731 ], [ 11.569925248391021, 48.137139594232082 ], [ 11.569844681831707, 48.13714139683799 ], [ 11.569845579503886, 48.137159372660406 ], [ 11.569765012908595, 48.13716117521102 ], [ 11.569765910553585, 48.137179151034495 ], [ 11.569739055010707, 48.137179751872537 ], [ 11.569736362106443, 48.137125824400776 ], [ 11.569709506590753, 48.137126425231415 ], [ 11.56970771134435, 48.137090473582468 ], [ 11.569680855846492, 48.137091074406079 ], [ 11.569678163011547, 48.137037146931029 ], [ 11.569651307540878, 48.137037747747243 ], [ 11.569648614741912, 48.13698382027043 ], [ 11.569621759298432, 48.136984421079262 ], [ 11.569620861709888, 48.136966445253137 ], [ 11.569647717144013, 48.136965844444688 ], [ 11.569646819546994, 48.136947868618876 ], [ 11.569619964122225, 48.136948469426947 ], [ 11.569618168949535, 48.136912517774356 ], [ 11.569537602726086, 48.136914320158688 ], [ 11.569538500283924, 48.136932295986149 ], [ 11.569511644864994, 48.136932896768755 ], [ 11.569513439964597, 48.136968848424225 ], [ 11.569540295402238, 48.136968247640844 ], [ 11.569542988086301, 48.137022175122389 ], [ 11.569516132620594, 48.137022775906892 ], [ 11.569518825284499, 48.137076703388942 ], [ 11.569545680778274, 48.137076102603309 ], [ 11.569546578344022, 48.137094078430152 ], [ 11.569573433846275, 48.137093477637883 ], [ 11.569572536271171, 48.137075501811424 ], [ 11.569599391763187, 48.137074901013243 ], [ 11.569602084519204, 48.137128828491299 ], [ 11.569628940038411, 48.137128227685736 ], [ 11.569630735232195, 48.137164179336651 ], [ 11.569657590769234, 48.137163578524067 ], [ 11.569660283594573, 48.137217505998812 ], [ 11.569687139158798, 48.137216905178818 ], [ 11.569689832020112, 48.137270832651801 ], [ 11.569716687611528, 48.137270231824417 ], [ 11.569718482875512, 48.137306183471978 ], [ 11.569745338484758, 48.137305582637566 ], [ 11.569748031415395, 48.13735951010726 ], [ 11.56977488705183, 48.137358909265451 ], [ 11.569776682362029, 48.137394860910824 ], [ 11.569803538016297, 48.137394260061988 ], [ 11.569806231016253, 48.137448187528378 ], [ 11.569833086697709, 48.137447586672145 ], [ 11.569835779733646, 48.137501514136794 ], [ 11.569862635442291, 48.137500913273158 ], [ 11.56986443082269, 48.137536864915155 ], [ 11.569891286549169, 48.137536264044492 ], [ 11.569892184250042, 48.137554239865004 ], [ 11.569945895719071, 48.137553038104137 ], [ 11.569944997999487, 48.137535062284371 ], [ 11.57002556516837, 48.137533259597177 ], [ 11.570024667421597, 48.13751528377847 ], [ 11.570051523133442, 48.137514682870574 ], [ 11.57005421640447, 48.137568610325353 ], [ 11.570081072143507, 48.137568009410053 ], [ 11.570080174376262, 48.137550033592234 ], [ 11.570160741560025, 48.137548230809863 ], [ 11.570159843765593, 48.137530254993116 ], [ 11.570213555198329, 48.137529053107599 ], [ 11.570211759574677, 48.137493101475407 ], [ 11.570184903877459, 48.137493702420542 ], [ 11.570182210476645, 48.137439774970595 ], [ 11.570155354806616, 48.137440375908326 ], [ 11.570152661441782, 48.137386448456638 ], [ 11.570125805798943, 48.137387049386973 ], [ 11.570124010245493, 48.137351097751399 ], [ 11.570097154620486, 48.137351698674713 ], [ 11.570096256854436, 48.137333722856447 ], [ 11.570123112470087, 48.137333121933523 ], [ 11.57012221469556, 48.137315146115554 ], [ 11.57020278150917, 48.137313343310261 ], [ 11.570201883707457, 48.137295367493365 ], [ 11.570282450485086, 48.137293564632785 ], [ 11.570281552656184, 48.137275588816941 ], [ 11.570362119397833, 48.137273785901066 ], [ 11.570361221541742, 48.137255810086295 ], [ 11.570441788247409, 48.137254007115111 ], [ 11.570440890364132, 48.137236031301406 ], [ 11.57052145703382, 48.137234228274934 ], [ 11.570520559123352, 48.137216252462274 ], [ 11.570574270213372, 48.137215050414042 ], [ 11.570573372285072, 48.137197074602085 ], [ 11.570653938885437, 48.13719527148384 ], [ 11.570653040929949, 48.137177295672927 ], [ 11.570733607494333, 48.137175492499381 ], [ 11.570732709511658, 48.137157516689548 ], [ 11.570813276040059, 48.137155713460707 ], [ 11.570812378030196, 48.137137737651926 ], [ 11.570866089026023, 48.137136535468784 ], [ 11.570866987054597, 48.137154511276805 ], [ 11.570893842560546, 48.137153910175464 ], [ 11.570896536679612, 48.137207837597977 ], [ 11.570923392212748, 48.137207236489232 ], [ 11.570925188315234, 48.137243188103149 ], [ 11.570978899416295, 48.137241985865316 ], [ 11.570978001345901, 48.13722401005915 ], [ 11.57103171242473, 48.137222807796995 ], [ 11.571030814336504, 48.137204831991504 ], [ 11.571084525393104, 48.137203629705027 ], [ 11.571083627287047, 48.137185653900232 ], [ 11.571137338321417, 48.137184451589434 ], [ 11.571136440197527, 48.137166475785314 ], [ 11.57119015120967, 48.137165273450201 ], [ 11.571189253067947, 48.137147297646756 ], [ 11.571242964057859, 48.137146095287314 ], [ 11.571242065898305, 48.137128119484565 ], [ 11.571295776865988, 48.137126917100801 ], [ 11.571294878688605, 48.137108941298735 ], [ 11.571321734161769, 48.137108340097832 ], [ 11.57132263234851, 48.137126315899508 ], [ 11.571349487830153, 48.137125714691948 ], [ 11.571350386027129, 48.137143690493197 ], [ 11.571377241517247, 48.137143089278986 ], [ 11.571378139724459, 48.137161065079781 ], [ 11.571404995223054, 48.137160463858933 ], [ 11.571405893440501, 48.13717843965928 ], [ 11.57143274894757, 48.137177838431789 ], [ 11.571433647175251, 48.137195814231681 ], [ 11.571460502690799, 48.137195212997547 ], [ 11.571461400928717, 48.137213188796991 ], [ 11.571488256452739, 48.137212587556206 ], [ 11.571489154700892, 48.137230563355217 ], [ 11.571516010233392, 48.137229962107781 ], [ 11.57151690849178, 48.137247937906345 ], [ 11.571570619572849, 48.137246735391912 ], [ 11.571571517850829, 48.137264711189665 ], [ 11.5715983733994, 48.137264109922661 ], [ 11.571599271687614, 48.137282085719946 ], [ 11.571626127244661, 48.137281484446305 ], [ 11.571627025543112, 48.137299460243156 ], [ 11.571653881108636, 48.137298858962865 ], [ 11.571654779417322, 48.137316834759268 ], [ 11.57168163499132, 48.137316233472333 ], [ 11.571682533310241, 48.137334209268282 ], [ 11.571709388892716, 48.137333607974703 ], [ 11.571710287221874, 48.137351583770219 ], [ 11.571737142812825, 48.137350982469989 ], [ 11.571738041152217, 48.13736895826505 ], [ 11.571764896751644, 48.13736835695817 ], [ 11.571765795101271, 48.13738633275279 ], [ 11.571792650709176, 48.137385731439267 ], [ 11.571793549069039, 48.137403707233432 ], [ 11.571820404685418, 48.137403105913265 ], [ 11.571821303055517, 48.137421081706989 ], [ 11.571848158680371, 48.137420480380172 ], [ 11.571849057060707, 48.137438456173449 ], [ 11.571875912694038, 48.137437854839987 ], [ 11.571876811084607, 48.137455830632817 ], [ 11.571903666726415, 48.137455229292712 ], [ 11.571905463528905, 48.137491180877404 ], [ 11.571878607868387, 48.13749178221827 ], [ 11.571879506261595, 48.1375097580109 ], [ 11.571852650590841, 48.137510359345868 ], [ 11.571853548975573, 48.137528335138803 ], [ 11.571826693294582, 48.137528936467881 ], [ 11.571827591670839, 48.137546912261122 ], [ 11.571773880287507, 48.137548114901222 ], [ 11.571774778645933, 48.137566090695152 ], [ 11.571694211536267, 48.137567894609411 ], [ 11.571695109867505, 48.137585870404401 ], [ 11.571560831287025, 48.137588876804671 ], [ 11.571561729572361, 48.137606852601465 ], [ 11.571400595190621, 48.137610460077155 ], [ 11.571401493420701, 48.137628435876167 ], [ 11.571213503203156, 48.137632644315183 ], [ 11.571214401368625, 48.137650620116752 ], [ 11.571026411042489, 48.137654828251215 ], [ 11.57102551294251, 48.137636852447002 ], [ 11.570971801431552, 48.13763805471396 ], [ 11.570970903351165, 48.137620078908931 ], [ 11.570944047603724, 48.137620680032626 ], [ 11.570943149533571, 48.137602704227149 ], [ 11.570916293794607, 48.137603305344193 ], [ 11.570915395734692, 48.137585329538275 ], [ 11.570888540004203, 48.137585930648676 ], [ 11.570887641954522, 48.137567954842311 ], [ 11.57086078623251, 48.137568555946061 ], [ 11.570859888193064, 48.137550580139255 ], [ 11.570833032479529, 48.137551181236368 ], [ 11.570832134450319, 48.137533205429115 ], [ 11.57080527874526, 48.137533806519571 ], [ 11.57080348270819, 48.137497854904097 ], [ 11.570749771332856, 48.137499057064701 ], [ 11.57075066933224, 48.137517032873227 ], [ 11.570670102234574, 48.137518836068267 ], [ 11.570671000206771, 48.137536811877844 ], [ 11.570590433073125, 48.137538615017583 ], [ 11.570591331018132, 48.137556590828233 ], [ 11.570510763848503, 48.13755839391267 ], [ 11.570511661766323, 48.137576369724378 ], [ 11.570431094560714, 48.137578172753521 ], [ 11.570431992451342, 48.137596148566288 ], [ 11.570351425209752, 48.137597951540144 ], [ 11.570352323073193, 48.137615927353977 ], [ 11.570271755795622, 48.137617730272538 ], [ 11.570272653631873, 48.13763570608743 ], [ 11.570218942090385, 48.137636908002534 ], [ 11.570219839908805, 48.137654883818129 ], [ 11.57013927256191, 48.137656686644888 ], [ 11.57014017035314, 48.137674662461535 ], [ 11.570059602970263, 48.137676465233021 ], [ 11.570060500734305, 48.137694441050726 ], [ 11.56997993331545, 48.137696243766904 ], [ 11.569980831052302, 48.137714219585661 ], [ 11.569900263597464, 48.137716022246558 ], [ 11.569901161307129, 48.137733998066381 ], [ 11.569820593816312, 48.137735800671976 ], [ 11.569821491498788, 48.137753776492872 ], [ 11.569767779815136, 48.137754978199347 ] ] ] } },
{ "type": "Feature", "properties": { "height": 4.5276870727539062 }, "geometry": { "type": "Polygon", "coordinates": [ [ [ 11.577347988143075, 48.136649347582619 ], [ 11.577347087868088, 48.136631371864532 ], [ 11.577320232770809, 48.136631974468848 ], [ 11.577319332506059, 48.136613998750327 ], [ 11.577292477417252, 48.136614601347993 ], [ 11.57729157716274, 48.136596625629018 ], [ 11.577264722082406, 48.13659722822004 ], [ 11.577262021352224, 48.136543301061579 ], [ 11.577315731455876, 48.136542095875527 ], [ 11.577314831195535, 48.136524120156665 ], [ 11.577287976153503, 48.136524722752441 ], [ 11.577287075903399, 48.136506747033124 ], [ 11.577260220869842, 48.136507349622256 ], [ 11.577258420390988, 48.136471398182657 ], [ 11.577231565375259, 48.136472000764769 ], [ 11.577230665146509, 48.136454025044493 ], [ 11.577203810139254, 48.136454627619941 ], [ 11.577202009703109, 48.136418676178423 ], [ 11.577175154713684, 48.136419278746864 ], [ 11.577174254506289, 48.136401303025615 ], [ 11.577147399525337, 48.136401905587412 ], [ 11.577145599131901, 48.136365954143955 ], [ 11.577118744168779, 48.136366556698725 ], [ 11.577117843982737, 48.136348580976502 ], [ 11.577090989028088, 48.136349183524629 ], [ 11.577090088852284, 48.136331207801966 ], [ 11.577063233906108, 48.136331810343435 ], [ 11.577062333740541, 48.136313834620339 ], [ 11.577008623864256, 48.136315039683716 ], [ 11.577007723718278, 48.136297063959795 ], [ 11.576927158925303, 48.13629887150671 ], [ 11.576926258808273, 48.136280895781582 ], [ 11.576899403884875, 48.136281498284305 ], [ 11.576898503778082, 48.136263522558721 ], [ 11.576925358692126, 48.136262920056389 ], [ 11.576923558462477, 48.136226968605776 ], [ 11.576950413356931, 48.136226366097922 ], [ 11.576948613112096, 48.136190414647785 ], [ 11.576975467986959, 48.136189812134411 ], [ 11.576974567856508, 48.136171836409623 ], [ 11.577001422721134, 48.136171233890366 ], [ 11.577002322860938, 48.136189209614777 ], [ 11.577029177734037, 48.136188607088869 ], [ 11.577030077884078, 48.136206582812832 ], [ 11.57705693276565, 48.136205980280273 ], [ 11.577057832925929, 48.136223956003789 ], [ 11.577084687815974, 48.136223353464594 ], [ 11.57708558798649, 48.136241329187655 ], [ 11.577112442885008, 48.136240726641816 ], [ 11.57711334306576, 48.136258702364422 ], [ 11.577140197972753, 48.136258099811926 ], [ 11.577141098163741, 48.136276075534106 ], [ 11.577167953079208, 48.136275472974965 ], [ 11.577168853280432, 48.136293448696691 ], [ 11.577195708204369, 48.1362928461309 ], [ 11.577197508628174, 48.136328797573391 ], [ 11.577224363569943, 48.136328195000573 ], [ 11.577225263792522, 48.136346170721339 ], [ 11.577252118742765, 48.136345568141884 ], [ 11.577253018975581, 48.136363543862203 ], [ 11.577279873934295, 48.13636294127609 ], [ 11.577281674421281, 48.136398892715768 ], [ 11.577308529397827, 48.136398290122628 ], [ 11.577309429651997, 48.136416265841987 ], [ 11.577336284637015, 48.136415663242204 ], [ 11.577338085166712, 48.136451614679942 ], [ 11.577364940169558, 48.136451012073138 ], [ 11.577365840445083, 48.136468987791531 ], [ 11.577392695456403, 48.136468385178084 ], [ 11.577394496028811, 48.136504336613903 ], [ 11.577421351057959, 48.136503733993429 ], [ 11.577422251354839, 48.136521709710848 ], [ 11.577449106392462, 48.136521107083723 ], [ 11.577450907007581, 48.136557058517617 ], [ 11.57747776206303, 48.136556455883458 ], [ 11.577478662381266, 48.136574431599925 ], [ 11.577505517445191, 48.136573828959136 ], [ 11.577507318103018, 48.136609780391098 ], [ 11.577453607936867, 48.136610985667936 ], [ 11.577454508248394, 48.136628961384574 ], [ 11.57742765315464, 48.136629564013973 ], [ 11.577428553457692, 48.136647539730916 ], [ 11.577347988143075, 48.136649347582619 ] ] ] } },
{ "type": "Feature", "properties": { "height": 14.893783569335938 }, "geometry": { "type": "Polygon", "coordinates": [ [ [ 11.580460470449863, 48.136525475872936 ], [ 11.580459569092325, 48.136507500198505 ], [ 11.580405859157667, 48.136508706853043 ], [ 11.58040495781972, 48.13649073117778 ], [ 11.580351247900243, 48.136491937806476 ], [ 11.58035034658189, 48.13647396213041 ], [ 11.580296636677591, 48.136475168733263 ], [ 11.580295735378831, 48.136457193056359 ], [ 11.580242025489714, 48.136458399633383 ], [ 11.580241124210547, 48.136440423955662 ], [ 11.580214269274018, 48.136441027234383 ], [ 11.580213368005086, 48.136423051556221 ], [ 11.580186513077031, 48.136423654828299 ], [ 11.580185611818338, 48.136405679149675 ], [ 11.580158756898756, 48.136406282415109 ], [ 11.580157855650301, 48.136388306736038 ], [ 11.580131000739192, 48.136388909994828 ], [ 11.580130099500973, 48.136370934315316 ], [ 11.580103244598334, 48.136371537567449 ], [ 11.580102343370353, 48.136353561887482 ], [ 11.580075488476188, 48.136354165132978 ], [ 11.580074587258446, 48.136336189452564 ], [ 11.580047732372753, 48.136336792691409 ], [ 11.580046831165248, 48.136318817010554 ], [ 11.580019976288028, 48.136319420242756 ], [ 11.580019075090759, 48.13630144456144 ], [ 11.579992220222012, 48.136302047786998 ], [ 11.579991319034981, 48.136284072105241 ], [ 11.579964464174708, 48.136284675324141 ], [ 11.579963562997913, 48.136266699641929 ], [ 11.579936708146111, 48.136267302854201 ], [ 11.579934004649093, 48.136213375806037 ], [ 11.579987714295685, 48.136212169377515 ], [ 11.579986813113068, 48.136194193695417 ], [ 11.580013667925687, 48.136193590472132 ], [ 11.580012766734596, 48.136175614790339 ], [ 11.580066476338475, 48.136174408325715 ], [ 11.580065575129558, 48.136156432644611 ], [ 11.580092429920818, 48.136155829403279 ], [ 11.580091528703429, 48.136137853722481 ], [ 11.580145238264592, 48.136136647221754 ], [ 11.580144337029374, 48.136118671541645 ], [ 11.580198046568299, 48.136117465016603 ], [ 11.580197145315255, 48.136099489337191 ], [ 11.580250854831938, 48.13609828278782 ], [ 11.580249953561065, 48.136080307109083 ], [ 11.58030366305551, 48.136079100535405 ], [ 11.580302761766811, 48.136061124857356 ], [ 11.580356471239016, 48.136059918259363 ], [ 11.580355569932491, 48.136041942581997 ], [ 11.580409279382453, 48.136040735959682 ], [ 11.580410180707689, 48.136058711636288 ], [ 11.580437035440701, 48.136058108315346 ], [ 11.580438838112531, 48.136094059667599 ], [ 11.580465692863369, 48.13609345633963 ], [ 11.580467495557439, 48.136129407690845 ], [ 11.580494350326106, 48.136128804355849 ], [ 11.580496153042416, 48.136164755706034 ], [ 11.58052300782891, 48.136164152364017 ], [ 11.580525711938058, 48.136218079387618 ], [ 11.580552566751734, 48.136217476038205 ], [ 11.580556172280378, 48.136289378733885 ], [ 11.580529317429283, 48.136289982084811 ], [ 11.58053112018019, 48.136325933432978 ], [ 11.580504265309502, 48.136326536778405 ], [ 11.580505166676923, 48.136344512452766 ], [ 11.580478311795998, 48.136345115792302 ], [ 11.580480114514781, 48.136381067141564 ], [ 11.580506969414419, 48.136380463801281 ], [ 11.580507870784487, 48.136398439475443 ], [ 11.580534725692596, 48.136397836128509 ], [ 11.580537429836172, 48.136451763149417 ], [ 11.580510574899996, 48.136452366497487 ], [ 11.5805141803997, 48.136524269192577 ], [ 11.580460470449863, 48.136525475872936 ] ] ] } },
{ "type": "Feature", "properties": { "height": 15.134857177734375 }, "geometry": { "type": "Polygon", "coordinates": [ [ [ 11.573930189879485, 48.136582022089051 ], [ 11.573929290799663, 48.136564046322462 ], [ 11.573795015119224, 48.13656705528534 ], [ 11.573794116087059, 48.13654907951679 ], [ 11.573740405827431, 48.136550283057304 ], [ 11.573739506814862, 48.136532307287936 ], [ 11.573685796570421, 48.136533510802622 ], [ 11.573684897577442, 48.136515535032423 ], [ 11.573658042463256, 48.136516136779996 ], [ 11.573657143480512, 48.136498161009349 ], [ 11.573603433268211, 48.136499364484898 ], [ 11.573602534305058, 48.136481388713435 ], [ 11.573575679206941, 48.136481990441432 ], [ 11.573574780254026, 48.136464014669535 ], [ 11.573521070073863, 48.136465218105961 ], [ 11.573520171140537, 48.136447242333226 ], [ 11.573493316058491, 48.136447844041655 ], [ 11.573492417135398, 48.136429868268465 ], [ 11.573465562061827, 48.136430469970264 ], [ 11.573464663148972, 48.136412494196634 ], [ 11.573491518213189, 48.136411892495225 ], [ 11.573490619291858, 48.136393916721907 ], [ 11.573517474345838, 48.136393315014601 ], [ 11.573516575416033, 48.136375339241603 ], [ 11.573543430459777, 48.136374737528392 ], [ 11.573542531521497, 48.1363567617557 ], [ 11.573569386555006, 48.136356160036605 ], [ 11.573568487608252, 48.136338184264211 ], [ 11.573595342631526, 48.136337582539234 ], [ 11.573594443676296, 48.136319606767152 ], [ 11.573621298689336, 48.136319005036285 ], [ 11.573620399725629, 48.136301029264509 ], [ 11.573647254728431, 48.136300427527736 ], [ 11.573646355756253, 48.136282451756273 ], [ 11.57367321074882, 48.13628185001361 ], [ 11.573672311768165, 48.136263874242452 ], [ 11.573699166750497, 48.136263272493906 ], [ 11.573698267761369, 48.136245296723054 ], [ 11.573725122733464, 48.136244694968617 ], [ 11.573723324739136, 48.13620874342746 ], [ 11.573750179691643, 48.13620814166751 ], [ 11.573749280686444, 48.136190165897197 ], [ 11.573776135628714, 48.136189564131364 ], [ 11.573775236615042, 48.136171588361364 ], [ 11.573802091547075, 48.136170986589633 ], [ 11.573801192524927, 48.136153010819939 ], [ 11.573828047446726, 48.13615240904231 ], [ 11.57382894647823, 48.136170384811621 ], [ 11.573882656337897, 48.136169181236795 ], [ 11.573883555388992, 48.136187157005303 ], [ 11.57391041032686, 48.136186555208106 ], [ 11.573912208450398, 48.136222506744119 ], [ 11.573939063406096, 48.136221904939909 ], [ 11.573940861551867, 48.136257856474892 ], [ 11.573967716525397, 48.136257254663647 ], [ 11.573969514693399, 48.136293206197614 ], [ 11.573996369684757, 48.136292604379349 ], [ 11.573998167874992, 48.136328555912272 ], [ 11.574025022884181, 48.13632795408698 ], [ 11.574026821096647, 48.136363905618872 ], [ 11.574053676123665, 48.13636330378656 ], [ 11.574055474358365, 48.136399255317414 ], [ 11.574082329403213, 48.136398653478096 ], [ 11.574084127660145, 48.136434605007913 ], [ 11.574110982722823, 48.136434003161561 ], [ 11.574112781001986, 48.136469954690362 ], [ 11.574139636082494, 48.136469352836976 ], [ 11.574141434383892, 48.136505304364739 ], [ 11.574168289482229, 48.136504702504332 ], [ 11.574169188643605, 48.136522678267731 ], [ 11.574142333535912, 48.136523280128515 ], [ 11.57414323268881, 48.136541255892226 ], [ 11.574089522452072, 48.136542459595745 ], [ 11.574090421587142, 48.136560435360124 ], [ 11.574036711328173, 48.136561639039314 ], [ 11.574037610445412, 48.136579614804397 ], [ 11.573930189879485, 48.136582022089051 ] ] ] } },
{ "type": "Feature", "properties": { "height": 5.4339027404785156 }, "geometry": { "type": "Polygon", "coordinates": [ [ [ 11.577434701598481, 48.136233495602603 ], [ 11.57743380130635, 48.136215519884452 ], [ 11.577406946427764, 48.136216122505139 ], [ 11.577405145864859, 48.136180171067863 ], [ 11.577378291004102, 48.136180773681538 ], [ 11.577377390733327, 48.13616279796242 ], [ 11.577404245584731, 48.136162195349122 ], [ 11.577403345305481, 48.13614421963031 ], [ 11.577430200146647, 48.136143617011122 ], [ 11.577429299858924, 48.136125641292615 ], [ 11.5774830095199, 48.136124436036177 ], [ 11.577482109214351, 48.136106460318373 ], [ 11.577508964034161, 48.136105857681123 ], [ 11.577508063720137, 48.136087881963611 ], [ 11.577534918529713, 48.136087279320478 ], [ 11.577534018207215, 48.136069303603271 ], [ 11.577587727805009, 48.136068098298971 ], [ 11.577586827464685, 48.136050122582446 ], [ 11.577613682252903, 48.136049519921258 ], [ 11.577615482953146, 48.136085471353468 ], [ 11.577642337759192, 48.136084868685259 ], [ 11.577643238119991, 48.136102844400881 ], [ 11.577670092934511, 48.136102241726029 ], [ 11.577671893677463, 48.136138193156299 ], [ 11.577645038844233, 48.136138795831911 ], [ 11.577645939207676, 48.136156771547327 ], [ 11.577592229519858, 48.13615797688049 ], [ 11.577593129865473, 48.136175952596595 ], [ 11.57756627501089, 48.136176555254153 ], [ 11.577567175348031, 48.136194530970563 ], [ 11.577513465617505, 48.136195736267638 ], [ 11.577514365936818, 48.13621371198473 ], [ 11.577487511060877, 48.136214314624226 ], [ 11.577488411371716, 48.136232290341638 ], [ 11.577434701598481, 48.136233495602603 ] ] ] } },
{ "type": "Feature", "properties": { "height": 5.67578125 }, "geometry": { "type": "Polygon", "coordinates": [ [ [ 11.577212660756636, 48.136094510624325 ], [ 11.577211760546399, 48.136076534902593 ], [ 11.577184905735601, 48.136077137470117 ], [ 11.577182205138243, 48.13602321030335 ], [ 11.577235914702829, 48.136022005164293 ], [ 11.577235014486762, 48.136004029442667 ], [ 11.57728872402911, 48.136002824279295 ], [ 11.577290524499544, 48.136038775720976 ], [ 11.577317379288107, 48.13603817312913 ], [ 11.577319179780778, 48.136074124569795 ], [ 11.577292324973506, 48.136074727162388 ], [ 11.577293225211806, 48.136092702882983 ], [ 11.577212660756636, 48.136094510624325 ] ] ] } },
{ "type": "Feature", "properties": { "height": 17.422035217285156 }, "geometry": { "type": "Polygon", "coordinates": [ [ [ 11.583834705103502, 48.137331419933453 ], [ 11.583830192307996, 48.137241541812323 ], [ 11.583857047585461, 48.137240937681234 ], [ 11.583853437327539, 48.137169035184606 ], [ 11.5838802925667, 48.137168431048764 ], [ 11.583876682285501, 48.137096528552533 ], [ 11.583903537486355, 48.137095924411959 ], [ 11.583900829756672, 48.137041997540173 ], [ 11.583927684928575, 48.137041393394462 ], [ 11.58392497717878, 48.136987466523202 ], [ 11.583951832321736, 48.13698686237236 ], [ 11.583948221963627, 48.136914959877892 ], [ 11.583975077068279, 48.136914355722297 ], [ 11.583971466686894, 48.136842453228233 ], [ 11.583998321753239, 48.136841849067885 ], [ 11.58399741915075, 48.136823873444584 ], [ 11.583970564093757, 48.136824477604556 ], [ 11.583966051141331, 48.136734599485067 ], [ 11.583939196130233, 48.136735203636889 ], [ 11.583931072955748, 48.136573423014063 ], [ 11.583904218027961, 48.1365740271562 ], [ 11.583903315466792, 48.136556051530711 ], [ 11.583876460547476, 48.136556655666197 ], [ 11.583875557996546, 48.136538680040267 ], [ 11.583848703085701, 48.136539284169103 ], [ 11.58384780054501, 48.136521308542726 ], [ 11.583820945642637, 48.136521912664918 ], [ 11.583820043112185, 48.136503937038086 ], [ 11.583793188218282, 48.13650454115362 ], [ 11.583792285698069, 48.13648656552634 ], [ 11.583765430812637, 48.136487169635231 ], [ 11.583764528302662, 48.13646919400751 ], [ 11.5837376734257, 48.136469798109758 ], [ 11.583736770925967, 48.13645182248159 ], [ 11.583709916057478, 48.136452426577186 ], [ 11.583709013567981, 48.136434450948563 ], [ 11.583682158707962, 48.136435055037509 ], [ 11.583681256228704, 48.136417079408453 ], [ 11.583654401377158, 48.136417683490748 ], [ 11.583652596440002, 48.136381732231648 ], [ 11.58362574160628, 48.13638233630693 ], [ 11.583624839148383, 48.136364360676886 ], [ 11.583597984323134, 48.136364964745532 ], [ 11.583597081875476, 48.136346989115033 ], [ 11.583570227058697, 48.136347593177028 ], [ 11.583569324621278, 48.136329617546089 ], [ 11.583542469812972, 48.136330221601426 ], [ 11.58354156738579, 48.136312245970046 ], [ 11.583514712585954, 48.136312850018733 ], [ 11.583513810169011, 48.136294874386905 ], [ 11.583486955377646, 48.136295478428941 ], [ 11.583486052970944, 48.136277502796673 ], [ 11.583459198188049, 48.136278106832059 ], [ 11.583458295791583, 48.136260131199343 ], [ 11.583431441017161, 48.136260735228078 ], [ 11.583430538630935, 48.136242759594914 ], [ 11.583403683864983, 48.136243363617012 ], [ 11.583402781488996, 48.136225387983387 ], [ 11.583375926731515, 48.136225991998835 ], [ 11.583375024365765, 48.136208016364762 ], [ 11.583348169616757, 48.136208620373566 ], [ 11.583346364906618, 48.136172669104475 ], [ 11.583319510175436, 48.136173273106238 ], [ 11.583318607831044, 48.136155297471213 ], [ 11.583345462552874, 48.136154693469813 ], [ 11.583344560200013, 48.136136717835093 ], [ 11.583371414911602, 48.136136113827803 ], [ 11.583370512550271, 48.136118138193403 ], [ 11.583397367251623, 48.136117534180222 ], [ 11.583396464881819, 48.136099558546128 ], [ 11.583423319572931, 48.13609895452705 ], [ 11.583422417194658, 48.136080978893268 ], [ 11.583449271875532, 48.136080374868307 ], [ 11.583448369488785, 48.136062399234824 ], [ 11.583475224159422, 48.136061795203979 ], [ 11.583474321764204, 48.136043819570801 ], [ 11.583501176424601, 48.136043215534073 ], [ 11.583500274020915, 48.136025239901201 ], [ 11.583527128671074, 48.136024635858575 ], [ 11.583526226258916, 48.136006660226023 ], [ 11.583553080898835, 48.1360060561775 ], [ 11.583552178478206, 48.13598808054526 ], [ 11.583579033107888, 48.135987476490861 ], [ 11.583578130678788, 48.13596950085892 ], [ 11.58360498529823, 48.135968896798623 ], [ 11.58360408286066, 48.135950921167009 ], [ 11.583630937469865, 48.135950317100814 ], [ 11.583630035023821, 48.135932341469498 ], [ 11.583656889622789, 48.135931737397421 ], [ 11.583655987168274, 48.13591376176641 ], [ 11.583682841757003, 48.135913157688442 ], [ 11.583681939294019, 48.135895182057745 ], [ 11.583708793872509, 48.135894577973879 ], [ 11.583707891401053, 48.135876602343501 ], [ 11.583734745969304, 48.135875998253752 ], [ 11.583733843489378, 48.13585802262368 ], [ 11.58376069804739, 48.135857418528033 ], [ 11.583759795558995, 48.135839442898266 ], [ 11.583813504653659, 48.135838234688954 ], [ 11.583814407160766, 48.135856210317961 ], [ 11.583841261716127, 48.135855606203521 ], [ 11.583842164233472, 48.135873581832094 ], [ 11.583869018797305, 48.135872977710989 ], [ 11.583869921324888, 48.135890953339107 ], [ 11.583896775897191, 48.135890349211365 ], [ 11.583897678435012, 48.135908324839036 ], [ 11.583951387595677, 48.135907116563992 ], [ 11.583952290153093, 48.135925092190845 ], [ 11.583979144741454, 48.135924488043536 ], [ 11.583980047309108, 48.135942463669927 ], [ 11.584006901905939, 48.135941859515981 ], [ 11.584009609642266, 48.135995786393607 ], [ 11.58403646426628, 48.13599518223225 ], [ 11.584040074631174, 48.13606708473327 ], [ 11.584066929291723, 48.136066480564125 ], [ 11.584071442314503, 48.136156358686954 ], [ 11.58409829702094, 48.136155754509652 ], [ 11.584100102254949, 48.136191705757533 ], [ 11.584073247529803, 48.136192309935581 ], [ 11.584074150138779, 48.136210285559805 ], [ 11.584047295403392, 48.136210889731984 ], [ 11.584048198003899, 48.136228865356507 ], [ 11.584021343258273, 48.136229469522782 ], [ 11.584022245850308, 48.136247445147625 ], [ 11.583995391094446, 48.136248049308016 ], [ 11.583996293678007, 48.136266024933164 ], [ 11.583969438911904, 48.136266629087658 ], [ 11.583970341486998, 48.136284604713119 ], [ 11.583943486710657, 48.136285208861736 ], [ 11.583944389277278, 48.136303184487488 ], [ 11.583917534490697, 48.136303788630215 ], [ 11.583918437048847, 48.13632176425628 ], [ 11.583891582252029, 48.136322368393117 ], [ 11.583892484801709, 48.136340344019494 ], [ 11.583865629994651, 48.136340948150448 ], [ 11.583866532535859, 48.136358923777131 ], [ 11.583839677718563, 48.136359527902179 ], [ 11.583840580251302, 48.136377503529182 ], [ 11.58386743507795, 48.13637689940375 ], [ 11.583868337620926, 48.136394875030319 ], [ 11.583895192456046, 48.136394270898236 ], [ 11.583896095009262, 48.136412246524351 ], [ 11.583922949852854, 48.136411642385617 ], [ 11.583923852416307, 48.13642961801127 ], [ 11.58395070726837, 48.136429013865907 ], [ 11.583951609842062, 48.136446989491112 ], [ 11.583978464702597, 48.136446385339092 ], [ 11.583979367286528, 48.136464360963856 ], [ 11.584006222155532, 48.136463756805192 ], [ 11.584007124749702, 48.136481732429502 ], [ 11.584033979627177, 48.136481128264187 ], [ 11.584034882231586, 48.136499103888056 ], [ 11.584061737117535, 48.13649849971609 ], [ 11.584062639732181, 48.136516475339519 ], [ 11.584089494626602, 48.13651587116091 ], [ 11.584091299877256, 48.13655182240678 ], [ 11.584145009700862, 48.136550614029233 ], [ 11.584144107056384, 48.13653263840709 ], [ 11.584251526655569, 48.136530221578298 ], [ 11.584250623974553, 48.13651224595759 ], [ 11.584331188636595, 48.136510433271312 ], [ 11.584332994055639, 48.136546384510353 ], [ 11.584359848959929, 48.1365457802683 ], [ 11.584363459846047, 48.136617682744053 ], [ 11.584390314786873, 48.136617078494211 ], [ 11.584393022988809, 48.136671005349157 ], [ 11.584419877956815, 48.136670401091919 ], [ 11.584423488942527, 48.136742303562698 ], [ 11.58445034394707, 48.136741699297659 ], [ 11.584453954984346, 48.136813601765837 ], [ 11.584480810025426, 48.13681299749301 ], [ 11.584483518340731, 48.136866924342272 ], [ 11.584510373408991, 48.136866320062047 ], [ 11.584513984545861, 48.136938222525231 ], [ 11.584540839650659, 48.136937618237226 ], [ 11.58454354804066, 48.136991545082758 ], [ 11.58457040317264, 48.136990940787342 ], [ 11.584574014409105, 48.137062843245566 ], [ 11.584600869577621, 48.137062238942363 ], [ 11.584603578042319, 48.137116165784171 ], [ 11.584630433238017, 48.137115561473564 ], [ 11.58463223890428, 48.137151512700321 ], [ 11.584605383689873, 48.137152117011695 ], [ 11.584607189340961, 48.137188068238927 ], [ 11.584499768399647, 48.137190485424718 ], [ 11.584500671189097, 48.137208461039762 ], [ 11.584446960694425, 48.137209669595798 ], [ 11.584446057923685, 48.137191693980007 ], [ 11.584419202684378, 48.137192298248245 ], [ 11.584415591647684, 48.13712039578288 ], [ 11.58444244684957, 48.137119791516149 ], [ 11.584440641317817, 48.137083840283807 ], [ 11.584413786134641, 48.137084444549771 ], [ 11.584411077871707, 48.137030517699593 ], [ 11.584384222715713, 48.137031121958152 ], [ 11.584380611748266, 48.136959219488766 ], [ 11.58435375662881, 48.136959823739538 ], [ 11.584350145712929, 48.136887921267522 ], [ 11.584323290630007, 48.136888525510521 ], [ 11.584320582480442, 48.136834598654644 ], [ 11.584293727424704, 48.136835202890232 ], [ 11.584292824719306, 48.136817227271088 ], [ 11.584131694422442, 48.136820852550656 ], [ 11.584134402372898, 48.136874779414704 ], [ 11.584107547292261, 48.136875383607155 ], [ 11.58411115786782, 48.136947286093076 ], [ 11.584084302748879, 48.13694789028078 ], [ 11.584087010661765, 48.137001817145638 ], [ 11.584060155513875, 48.137002421328219 ], [ 11.58406286340665, 48.137056348193589 ], [ 11.584036008229809, 48.137056952371019 ], [ 11.584039618728463, 48.137128854858723 ], [ 11.584012763513318, 48.137129459031406 ], [ 11.584016373988694, 48.137201361519516 ], [ 11.583989518735244, 48.137201965687446 ], [ 11.583990421346941, 48.137219941309674 ], [ 11.58404413187167, 48.137218732966787 ], [ 11.584047742402145, 48.137290635451997 ], [ 11.584074597700605, 48.137290031269629 ], [ 11.584075500344788, 48.137308006890372 ], [ 11.584021789728274, 48.137309215249587 ], [ 11.584022692354631, 48.137327190871034 ], [ 11.583834705103502, 48.137331419933453 ] ] ] } },
{ "type": "Feature", "properties": { "height": 5.3886146545410156 }, "geometry": { "type": "Polygon", "coordinates": [ [ [ 11.57710074061546, 48.136007042241403 ], [ 11.577099840447051, 48.135989066517809 ], [ 11.577072985679502, 48.135989669058368 ], [ 11.577072085521328, 48.135971693334334 ], [ 11.577045230762252, 48.13597229586825 ], [ 11.577044330614315, 48.13595432014376 ], [ 11.577071185364037, 48.135953717610228 ], [ 11.577070285207627, 48.135935741886051 ], [ 11.577097139947112, 48.135935139346621 ], [ 11.577095339618223, 48.135899187898815 ], [ 11.577122194338118, 48.135898585353871 ], [ 11.577123094511474, 48.135916561077423 ], [ 11.577149949239843, 48.135915958525842 ], [ 11.577150849423436, 48.135933934248953 ], [ 11.577204558896236, 48.135932729126218 ], [ 11.577206359303487, 48.13596868057072 ], [ 11.577179504548818, 48.135969283135985 ], [ 11.577180404744411, 48.135987258858513 ], [ 11.577153549979506, 48.135987861417874 ], [ 11.577154450166628, 48.136005837140715 ], [ 11.57710074061546, 48.136007042241403 ] ] ] } },
{ "type": "Feature", "properties": { "height": 17.038528442382812 }, "geometry": { "type": "Polygon", "coordinates": [ [ [ 11.57192782714214, 48.137400700569899 ], [ 11.571926928735497, 48.137382724777609 ], [ 11.571900073131992, 48.137383326122475 ], [ 11.571899174735586, 48.137365350329752 ], [ 11.571872319140557, 48.137365951667974 ], [ 11.571871420754388, 48.137347975874789 ], [ 11.571844565167835, 48.137348577206367 ], [ 11.571843666791899, 48.137330601412749 ], [ 11.571816811213822, 48.137331202737677 ], [ 11.571815912848121, 48.137313226943604 ], [ 11.57178905727852, 48.137313828261881 ], [ 11.571788158923058, 48.137295852467375 ], [ 11.571761303361932, 48.137296453779015 ], [ 11.571760405016704, 48.137278477984047 ], [ 11.571706693910526, 48.137279680587753 ], [ 11.571705795584887, 48.137261704791975 ], [ 11.571678940039837, 48.137262306084054 ], [ 11.571678041724434, 48.137244330287821 ], [ 11.57170489726013, 48.137243728996111 ], [ 11.571703100613252, 48.1372077774042 ], [ 11.571676245096267, 48.137208378695149 ], [ 11.571675346783506, 48.13719040289871 ], [ 11.571648491274996, 48.137191004182995 ], [ 11.571647592972468, 48.137173028386115 ], [ 11.571620737472434, 48.137173629663771 ], [ 11.571619839180142, 48.137155653866444 ], [ 11.571592983688584, 48.137156255137434 ], [ 11.571592085406529, 48.137138279339659 ], [ 11.571565229923447, 48.13713888060402 ], [ 11.571564331651626, 48.137120904805791 ], [ 11.571537476177019, 48.137121506063508 ], [ 11.571536577915435, 48.137103530264831 ], [ 11.571509722449305, 48.137104131515912 ], [ 11.571508824197952, 48.137086155716787 ], [ 11.571481968740301, 48.13708675696121 ], [ 11.571481070499184, 48.137068781161652 ], [ 11.571454215050005, 48.137069382399417 ], [ 11.571453316819126, 48.137051406599412 ], [ 11.571426461378424, 48.137052007830533 ], [ 11.57142556315778, 48.13703403203008 ], [ 11.571398707725555, 48.137034633254565 ], [ 11.571397809515144, 48.137016657453664 ], [ 11.571370954091396, 48.137017258671499 ], [ 11.57137005589122, 48.13699928287015 ], [ 11.571343200475948, 48.136999884081334 ], [ 11.571342302286007, 48.136981908279544 ], [ 11.571315446879209, 48.136982509484085 ], [ 11.571314548699506, 48.136964533681848 ], [ 11.571287693301183, 48.136965134879738 ], [ 11.571286795131716, 48.136947159077053 ], [ 11.57125993974187, 48.136947760268299 ], [ 11.571259041582637, 48.136929784465174 ], [ 11.571232186201266, 48.136930385649777 ], [ 11.571231288052267, 48.136912409846197 ], [ 11.571204432679375, 48.136913011024163 ], [ 11.57120353454061, 48.136895035220128 ], [ 11.571176679176192, 48.136895636391444 ], [ 11.571175781047664, 48.136877660586975 ], [ 11.571148925691723, 48.136878261751633 ], [ 11.571148027573431, 48.136860285946725 ], [ 11.571121172225965, 48.136860887104746 ], [ 11.571120274117906, 48.136842911299382 ], [ 11.571093418778917, 48.136843512450753 ], [ 11.571091622584149, 48.13680756083906 ], [ 11.571064767262992, 48.136808161983417 ], [ 11.571063869176282, 48.13679018617708 ], [ 11.571037013863602, 48.136790787314787 ], [ 11.571036115787125, 48.136772811508017 ], [ 11.571009260482921, 48.136773412639059 ], [ 11.571007464351322, 48.136737461024566 ], [ 11.570980609064947, 48.136738062148595 ], [ 11.570979711009823, 48.136720086340873 ], [ 11.570952855731925, 48.136720687458251 ], [ 11.570951059643024, 48.13668473584184 ], [ 11.570924204382957, 48.136685336952198 ], [ 11.570922408316287, 48.136649385334742 ], [ 11.570895553074049, 48.13664998643808 ], [ 11.57089465505139, 48.136632010628887 ], [ 11.570867799817631, 48.136632611725581 ], [ 11.570866003793657, 48.136596660106207 ], [ 11.570839148577729, 48.136597261195874 ], [ 11.570837352575984, 48.136561309575455 ], [ 11.570810497377888, 48.136561910658116 ], [ 11.57080870139837, 48.136525959036668 ], [ 11.570781846218106, 48.136526560112308 ], [ 11.570780050260817, 48.136490608489822 ], [ 11.570753195098384, 48.136491209558436 ], [ 11.570750501197113, 48.136437282123083 ], [ 11.570723646061865, 48.136437883184286 ], [ 11.570722748105888, 48.136419907371994 ], [ 11.57074960323178, 48.136419306311154 ], [ 11.570748705267327, 48.136401330499176 ], [ 11.570802415497761, 48.136400128359469 ], [ 11.570801517515477, 48.136382152548165 ], [ 11.570855227723683, 48.136380950384137 ], [ 11.570854329723566, 48.136362974573508 ], [ 11.570908039909545, 48.136361772385165 ], [ 11.570907141891599, 48.136343796575233 ], [ 11.570960852055348, 48.13634259436256 ], [ 11.570959954019571, 48.136324618553296 ], [ 11.571013664161091, 48.136323416316301 ], [ 11.571012766107483, 48.136305440507734 ], [ 11.571066476226775, 48.13630423824641 ], [ 11.571065578155338, 48.136286262438531 ], [ 11.571092433204308, 48.136285661298849 ], [ 11.571091535124392, 48.136267685491276 ], [ 11.571145245200988, 48.13626648319385 ], [ 11.571144347103242, 48.136248507386959 ], [ 11.571198057157609, 48.136247305065211 ], [ 11.571197159042031, 48.136229329259002 ], [ 11.57125086907417, 48.13622812691294 ], [ 11.571249970940761, 48.13621015110742 ], [ 11.571276825946155, 48.136209549925361 ], [ 11.571275927804271, 48.136191574120133 ], [ 11.571329637793712, 48.136190371737953 ], [ 11.571328739633996, 48.136172395933436 ], [ 11.571355594618042, 48.136171794733315 ], [ 11.571354696449854, 48.136153818929095 ], [ 11.571408406396595, 48.136152616510806 ], [ 11.571407508210573, 48.136134640707269 ], [ 11.571434363173271, 48.136134039489114 ], [ 11.571433464978773, 48.136116063685883 ], [ 11.571487174882817, 48.136114861231491 ], [ 11.571486276670489, 48.136096885428948 ], [ 11.571513131611839, 48.136096284192725 ], [ 11.571512233391035, 48.136078308390495 ], [ 11.571539088322147, 48.136077707148388 ], [ 11.57153819009287, 48.136059731346464 ], [ 11.571565045013747, 48.136059130098452 ], [ 11.571564146775993, 48.136041154296827 ], [ 11.571591001686636, 48.136040553042932 ], [ 11.571590103440407, 48.136022577241619 ], [ 11.571616958340815, 48.136021975981826 ], [ 11.571616060086111, 48.136004000180833 ], [ 11.571669769865579, 48.136002797643201 ], [ 11.571668871593044, 48.135984821842868 ], [ 11.571695726472104, 48.135984220565042 ], [ 11.571694828191092, 48.135966244765029 ], [ 11.571721683059918, 48.135965643481285 ], [ 11.571720784770431, 48.135947667681592 ], [ 11.571747639629022, 48.135947066391964 ], [ 11.571748537927862, 48.135965042191287 ], [ 11.571775392794928, 48.135964440895023 ], [ 11.571776291104005, 48.135982416693892 ], [ 11.571830000854208, 48.135981214081781 ], [ 11.571830899182872, 48.13599918987984 ], [ 11.571857754066009, 48.135998588564 ], [ 11.571858652404909, 48.136016564361611 ], [ 11.571912362187255, 48.136015361710371 ], [ 11.571913260545745, 48.136033337507165 ], [ 11.571966970343281, 48.136032134830103 ], [ 11.571967868721361, 48.136050110626066 ], [ 11.571994723628166, 48.136049509277754 ], [ 11.57199562201648, 48.136067485073269 ], [ 11.572049331846159, 48.136066282357085 ], [ 11.572050230254064, 48.136084258151776 ], [ 11.572077085176938, 48.13608365678391 ], [ 11.572077983595078, 48.136101632578146 ], [ 11.572131693456898, 48.136100429822847 ], [ 11.572132591894629, 48.136118405616266 ], [ 11.572186301771639, 48.136117202835131 ], [ 11.57218720022896, 48.136135178627733 ], [ 11.5722140551755, 48.136134577227381 ], [ 11.572214953643055, 48.136152553019535 ], [ 11.57224180859807, 48.136151951612526 ], [ 11.572242707075862, 48.136169927404246 ], [ 11.572296417001965, 48.136168724570695 ], [ 11.572297315499345, 48.136186700361577 ], [ 11.572324170470431, 48.136186098935021 ], [ 11.572325068978047, 48.136204074725455 ], [ 11.572351923957608, 48.136203473292248 ], [ 11.572352822475461, 48.13622144908225 ], [ 11.572406532450653, 48.136220246196281 ], [ 11.572407430988095, 48.136238221985444 ], [ 11.572434285983729, 48.136237620532675 ], [ 11.572435184531404, 48.136255596321405 ], [ 11.57248889453874, 48.136254393396307 ], [ 11.572489793106007, 48.136272369184205 ], [ 11.572543503128532, 48.136271166233279 ], [ 11.57254440171539, 48.136289142020352 ], [ 11.572571256734687, 48.136288540535112 ], [ 11.57257215533178, 48.136306516321753 ], [ 11.572625865386446, 48.136305313331697 ], [ 11.572626764003129, 48.136323289117506 ], [ 11.572653619038498, 48.136322687612704 ], [ 11.572654517665415, 48.136340663398059 ], [ 11.572708227752225, 48.13633946036888 ], [ 11.572709126398733, 48.136357436153432 ], [ 11.572762836500729, 48.136356233098418 ], [ 11.572763735166831, 48.136374208882138 ], [ 11.572790590225864, 48.136373607344858 ], [ 11.572791488902197, 48.136391583128109 ], [ 11.572845199036337, 48.136390380033994 ], [ 11.57284609773226, 48.136408355816428 ], [ 11.572872952807366, 48.136407754259587 ], [ 11.572873851513524, 48.136425730041587 ], [ 11.572927561679805, 48.136424526908336 ], [ 11.572928460405556, 48.136442502689505 ], [ 11.572982170587025, 48.136441299530432 ], [ 11.572983069332368, 48.136459275310777 ], [ 11.573009924431139, 48.136458673721464 ], [ 11.573010823186713, 48.136476649501368 ], [ 11.573064533400325, 48.136475446303166 ], [ 11.573065432175492, 48.136493422082239 ], [ 11.573119142404293, 48.136492218858201 ], [ 11.573120041199049, 48.136510194636458 ], [ 11.573146896321484, 48.136509593014658 ], [ 11.573148693932351, 48.136545544570197 ], [ 11.573121838791208, 48.136546146192757 ], [ 11.573122737588603, 48.1365641219708 ], [ 11.573095882437222, 48.136564723587462 ], [ 11.573096781226145, 48.136582699365817 ], [ 11.573069926064528, 48.136583300976589 ], [ 11.573070824844978, 48.13660127675525 ], [ 11.573043969673124, 48.136601878360125 ], [ 11.573044868445097, 48.136619854139092 ], [ 11.57301801326301, 48.136620455738083 ], [ 11.573018912026505, 48.136638431517355 ], [ 11.572992056834183, 48.136639033110455 ], [ 11.572992955589203, 48.136657008890047 ], [ 11.572966100386648, 48.136657610477243 ], [ 11.572966999133193, 48.136675586257141 ], [ 11.572940143920398, 48.136676187838447 ], [ 11.572941042658471, 48.13669416361865 ], [ 11.572914187435442, 48.136694765194065 ], [ 11.572915086165036, 48.136712740974588 ], [ 11.57288823093177, 48.136713342544112 ], [ 11.572889129652893, 48.136731318324934 ], [ 11.572862274409392, 48.136731919888554 ], [ 11.572863173122037, 48.136749895669695 ], [ 11.572836317868299, 48.136750497227425 ], [ 11.572837216572472, 48.136768473008878 ], [ 11.5728103613085, 48.136769074560718 ], [ 11.572811260004196, 48.13678705034247 ], [ 11.572784404729987, 48.136787651888433 ], [ 11.572785303417207, 48.136805627670476 ], [ 11.572758448132765, 48.136806229210542 ], [ 11.572759346811507, 48.136824204992905 ], [ 11.572732491516829, 48.136824806527081 ], [ 11.572733390187098, 48.136842782309742 ], [ 11.572706534882185, 48.136843383838027 ], [ 11.572707433543979, 48.136861359621001 ], [ 11.572680578228828, 48.136861961143389 ], [ 11.572681476882147, 48.136879936926675 ], [ 11.572654621556762, 48.136880538443165 ], [ 11.572655520201605, 48.136898514226758 ], [ 11.572628664865984, 48.136899115737371 ], [ 11.572629563502352, 48.136917091521269 ], [ 11.572602708156495, 48.136917693025985 ], [ 11.572603606784385, 48.136935668810196 ], [ 11.572576751428294, 48.136936270309008 ], [ 11.572577650047711, 48.136954246093531 ], [ 11.572550794681382, 48.136954847586452 ], [ 11.572551693292322, 48.136972823371273 ], [ 11.572524837915759, 48.136973424858311 ], [ 11.572525736518225, 48.136991400643446 ], [ 11.572498881131427, 48.136992002124586 ], [ 11.572499779725415, 48.137009977910026 ], [ 11.572472924328384, 48.137010579385283 ], [ 11.572473822913896, 48.137028555171028 ], [ 11.572446967506625, 48.137029156640388 ], [ 11.572447866083664, 48.137047132426453 ], [ 11.57242101066616, 48.137047733889922 ], [ 11.572421909234723, 48.137065709676286 ], [ 11.572395053806982, 48.137066311133857 ], [ 11.572395952367069, 48.137084286920533 ], [ 11.572369096929092, 48.137084888372222 ], [ 11.572369995480704, 48.137102864159196 ], [ 11.572343140032492, 48.137103465604987 ], [ 11.572344038575627, 48.137121441392274 ], [ 11.57231718311718, 48.137122042832175 ], [ 11.57231808165184, 48.137140018619782 ], [ 11.572291226183157, 48.137140620053778 ], [ 11.572292124709341, 48.13715859584169 ], [ 11.572265269230423, 48.137159197269803 ], [ 11.572266167748131, 48.137177173058014 ], [ 11.572239312258976, 48.137177774480229 ], [ 11.572240210768211, 48.137195750268766 ], [ 11.57218649976855, 48.137196953095142 ], [ 11.572185601278029, 48.137178977305872 ], [ 11.572158745786238, 48.137179578709286 ], [ 11.572157847305951, 48.137161602919562 ], [ 11.572130991822632, 48.137162204316333 ], [ 11.572130093352584, 48.137144228526175 ], [ 11.572103237877743, 48.137144829916288 ], [ 11.572102339417928, 48.137126854125675 ], [ 11.57207548395156, 48.137127455509152 ], [ 11.572074585501982, 48.137109479718099 ], [ 11.57204773004409, 48.137110081094917 ], [ 11.572046831604748, 48.137092105303417 ], [ 11.572019976155334, 48.137092706673599 ], [ 11.572019077726226, 48.13707473088165 ], [ 11.571992222285287, 48.137075332245182 ], [ 11.571990425448421, 48.137039380660312 ], [ 11.571963570025314, 48.13703998201683 ], [ 11.571961773210678, 48.137004030430923 ], [ 11.571988628615076, 48.137003429075172 ], [ 11.571987730199721, 48.136985453282499 ], [ 11.572014585593882, 48.136984851920843 ], [ 11.572013687170053, 48.136966876128476 ], [ 11.572067397937024, 48.136965673387124 ], [ 11.572066499495364, 48.136947697595453 ], [ 11.572093354868175, 48.136947096215742 ], [ 11.572092456418035, 48.136929120424369 ], [ 11.572119311780613, 48.136928519038769 ], [ 11.572118413322, 48.136910543247708 ], [ 11.572145268674339, 48.136909941856217 ], [ 11.572144370207251, 48.136891966065456 ], [ 11.572171225549356, 48.136891364668081 ], [ 11.572170327073792, 48.136873388877625 ], [ 11.572143471741043, 48.13687399027463 ], [ 11.572142573275716, 48.13685601448374 ], [ 11.572115717951442, 48.136856615874088 ], [ 11.572113921042138, 48.136820664291335 ], [ 11.572087065735696, 48.136821265674676 ], [ 11.572086167291719, 48.136803289882806 ], [ 11.572059311993753, 48.136803891259504 ], [ 11.57205841356001, 48.1367859154672 ], [ 11.571977847688901, 48.136787719558512 ], [ 11.571976949284105, 48.136769743765001 ], [ 11.57195009400133, 48.13677034511587 ], [ 11.571950992396772, 48.136788320909751 ], [ 11.57192413710376, 48.136788922254709 ], [ 11.571925035490725, 48.136806898048903 ], [ 11.571898180187482, 48.136807499387977 ], [ 11.57189907856597, 48.136825475182469 ], [ 11.571872223252489, 48.136826076515646 ], [ 11.571873121622504, 48.136844052310458 ], [ 11.571819410974193, 48.136845254958772 ], [ 11.571820309326375, 48.136863230754244 ], [ 11.571793453991544, 48.13686383206938 ], [ 11.571794352335251, 48.13688180786518 ], [ 11.571767496990185, 48.136882409174412 ], [ 11.571768395325416, 48.136900384970517 ], [ 11.571741539970116, 48.136900986273865 ], [ 11.571742438296869, 48.136918962070268 ], [ 11.571715582931335, 48.136919563367719 ], [ 11.571716481249613, 48.136937539164443 ], [ 11.571689625873843, 48.13693814045601 ], [ 11.571690524183644, 48.136956116253032 ], [ 11.571663668797639, 48.136956717538702 ], [ 11.571664567098967, 48.136974693336036 ], [ 11.571691422494327, 48.136974092049996 ], [ 11.571692320805889, 48.13699206784689 ], [ 11.571719176209728, 48.136991466554193 ], [ 11.571720074531525, 48.137009442350646 ], [ 11.571746929943838, 48.137008841051312 ], [ 11.571747828275871, 48.13702681684731 ], [ 11.571774683696662, 48.137026215541326 ], [ 11.571775582038928, 48.137044191336884 ], [ 11.571802437468195, 48.137043590024248 ], [ 11.571803335820698, 48.137061565819359 ], [ 11.57183019125844, 48.137060964500087 ], [ 11.571831089621179, 48.137078940294742 ], [ 11.571857945067396, 48.137078338968827 ], [ 11.571858843440371, 48.137096314763035 ], [ 11.571885698895064, 48.137095713430469 ], [ 11.571886597278272, 48.137113689224243 ], [ 11.571913452741443, 48.137113087885034 ], [ 11.571914351134888, 48.137131063678353 ], [ 11.571941206606532, 48.137130462332493 ], [ 11.571942105010214, 48.137148438125372 ], [ 11.571968960490334, 48.137147836772854 ], [ 11.57196985890425, 48.137165812565293 ], [ 11.571996714392847, 48.137165211206138 ], [ 11.571997612816999, 48.137183186998122 ], [ 11.572024468314071, 48.137182585632324 ], [ 11.572025366748459, 48.13720056142386 ], [ 11.572052222254007, 48.137199960051412 ], [ 11.572053120698628, 48.137217935842507 ], [ 11.572079976212652, 48.137217334463415 ], [ 11.572080874667511, 48.137235310254063 ], [ 11.572107730190011, 48.13723470886832 ], [ 11.572108628655105, 48.13725268465852 ], [ 11.572135484186081, 48.137252083266141 ], [ 11.57213728113762, 48.137288034845575 ], [ 11.572110425587931, 48.137288636238708 ], [ 11.572111324055664, 48.137306612028702 ], [ 11.572084468495742, 48.137307213415951 ], [ 11.572085366954999, 48.137325189206251 ], [ 11.57205851138484, 48.13732579058761 ], [ 11.572059409835623, 48.137343766378208 ], [ 11.572032554255228, 48.137344367753677 ], [ 11.572033452697534, 48.137362343544588 ], [ 11.572006597106904, 48.137362944914159 ], [ 11.572007495540733, 48.137380920705382 ], [ 11.571980639939866, 48.137381522069063 ], [ 11.571981538365222, 48.137399497860592 ], [ 11.57192782714214, 48.137400700569899 ] ] ] } },
{ "type": "Feature", "properties": { "height": 6.1363449096679688 }, "geometry": { "type": "Polygon", "coordinates": [ [ [ 11.57747940830299, 48.136052533164488 ], [ 11.577477607699823, 48.136016581728242 ], [ 11.577450752925905, 48.136017184357321 ], [ 11.577449852635002, 48.135999208638708 ], [ 11.577422997869558, 48.135999811261144 ], [ 11.577422097588888, 48.135981835542083 ], [ 11.577395242831917, 48.135982438157875 ], [ 11.577393442291934, 48.135946486718801 ], [ 11.577366587552792, 48.135947089327559 ], [ 11.577365687293476, 48.135929113607538 ], [ 11.577338832562807, 48.135929716209667 ], [ 11.577337032065531, 48.13589376476866 ], [ 11.577310177352691, 48.135894367363747 ], [ 11.577309277114731, 48.135876391642761 ], [ 11.577282422410363, 48.135876994231218 ], [ 11.577281522182638, 48.135859018509777 ], [ 11.577254667486745, 48.135859621091583 ], [ 11.577253767269257, 48.135841645369702 ], [ 11.577280621955799, 48.135841042788279 ], [ 11.577279721729838, 48.135823067066717 ], [ 11.577333431081563, 48.135821861885816 ], [ 11.577332530837774, 48.135803886164936 ], [ 11.577386240167263, 48.135802680959721 ], [ 11.577387140429762, 48.13582065667984 ], [ 11.577413995102539, 48.135820054067459 ], [ 11.577415795648889, 48.135856005506746 ], [ 11.577442650339496, 48.135855402887337 ], [ 11.577443550623347, 48.13587337860649 ], [ 11.577470405322426, 48.135872775980431 ], [ 11.577471305616516, 48.135890751699158 ], [ 11.577498160324067, 48.135890149066448 ], [ 11.577499960933601, 48.135926100502921 ], [ 11.577526815658979, 48.135925497863184 ], [ 11.577527715974425, 48.135943473580944 ], [ 11.577554570708276, 48.135942870934556 ], [ 11.577556371360519, 48.135978822369097 ], [ 11.5775832261122, 48.135978219715703 ], [ 11.577585026786679, 48.13601417114922 ], [ 11.577531317245015, 48.136015376451255 ], [ 11.577532217564865, 48.136033352168667 ], [ 11.577505362783358, 48.136033954810664 ], [ 11.577506263094737, 48.136051930528389 ], [ 11.57747940830299, 48.136052533164488 ] ] ] } },
{ "type": "Feature", "properties": { "height": 5.2259674072265625 }, "geometry": { "type": "Polygon", "coordinates": [ [ [ 11.576961966122761, 48.135920176255318 ], [ 11.576961066005532, 48.135902200529486 ], [ 11.576934211280351, 48.135902803036807 ], [ 11.576933311173359, 48.135884827310534 ], [ 11.57690645645665, 48.135885429811225 ], [ 11.576905556359895, 48.135867454084497 ], [ 11.576932411067249, 48.135866851584197 ], [ 11.576931510962019, 48.135848875857789 ], [ 11.576958365659138, 48.135848273351584 ], [ 11.576956565432614, 48.135812321899316 ], [ 11.576983420110142, 48.135811719387604 ], [ 11.576982519988848, 48.135793743661743 ], [ 11.577009374656138, 48.135793141144141 ], [ 11.577008474526369, 48.135775165418579 ], [ 11.577035329183424, 48.135774562895094 ], [ 11.577033528907823, 48.13573861144453 ], [ 11.577060383545287, 48.135738008915524 ], [ 11.577059483399454, 48.135720033190509 ], [ 11.577086338026682, 48.13571943065562 ], [ 11.577087238181868, 48.135737406380258 ], [ 11.577114092817569, 48.135736803838711 ], [ 11.577114992982994, 48.135754779562895 ], [ 11.577141847627164, 48.135754177014704 ], [ 11.577142747802826, 48.135772152738447 ], [ 11.577169602455472, 48.135771550183605 ], [ 11.577170502641369, 48.135789525906901 ], [ 11.577143647979367, 48.135790128462119 ], [ 11.577145448335097, 48.135826079909243 ], [ 11.577118593653504, 48.135826682458948 ], [ 11.577119493823334, 48.135844658182783 ], [ 11.577092639131505, 48.135845260726576 ], [ 11.577093539292862, 48.135863236450724 ], [ 11.577066684590799, 48.135863838988648 ], [ 11.577068484897449, 48.135899790437485 ], [ 11.577041630175792, 48.13590039296988 ], [ 11.577042530321084, 48.135918368694576 ], [ 11.576961966122761, 48.135920176255318 ] ] ] } },
{ "type": "Feature", "properties": { "height": 5.352996826171875 }, "geometry": { "type": "Polygon", "coordinates": [ [ [ 11.576525990510055, 48.135803985501767 ], [ 11.576525090548673, 48.135786009769411 ], [ 11.576471381200189, 48.135787214571891 ], [ 11.576469581317493, 48.135751263105469 ], [ 11.576496435973464, 48.135750660708112 ], [ 11.576495536024082, 48.13573268497516 ], [ 11.576522390669819, 48.135732082571913 ], [ 11.576521490711963, 48.135714106839281 ], [ 11.576575199982083, 48.135712902014738 ], [ 11.576576099958647, 48.135730877746617 ], [ 11.576602954601739, 48.135730275324569 ], [ 11.576603854588539, 48.135748251056008 ], [ 11.576630709240105, 48.135747648627301 ], [ 11.576631609237143, 48.135765624358292 ], [ 11.576604754576222, 48.135766226787361 ], [ 11.576605654564787, 48.135784202518664 ], [ 11.57657879989363, 48.135784804941842 ], [ 11.57657969987372, 48.135802780673444 ], [ 11.576525990510055, 48.135803985501767 ] ] ] } },
{ "type": "Feature", "properties": { "height": 5.728271484375 }, "geometry": { "type": "Polygon", "coordinates": [ [ [ 11.576718473415006, 48.135889647140452 ], [ 11.576717573383736, 48.135871671411088 ], [ 11.576663863954044, 48.135872876305122 ], [ 11.576662963942363, 48.135854900574934 ], [ 11.576636109235551, 48.135855503012174 ], [ 11.576635209234105, 48.135837527281531 ], [ 11.576662063931565, 48.135836924844675 ], [ 11.576660263912609, 48.135800973383944 ], [ 11.576687118590478, 48.135800370941567 ], [ 11.57668531855634, 48.135764419481326 ], [ 11.576712173214615, 48.13576381703345 ], [ 11.576711273189513, 48.135745841303589 ], [ 11.576738127837555, 48.135745238849822 ], [ 11.576736327771284, 48.135709287390654 ], [ 11.576763182399732, 48.135708684931366 ], [ 11.576762282358567, 48.135690709202059 ], [ 11.576789136976778, 48.135690106736881 ], [ 11.576790037027301, 48.135708082465804 ], [ 11.576843746279794, 48.135706877515887 ], [ 11.576844646349905, 48.135724853243985 ], [ 11.576871500984184, 48.135724250759246 ], [ 11.576873301145765, 48.135760202214477 ], [ 11.576846446492777, 48.135760804699984 ], [ 11.576848246639173, 48.135796756155699 ], [ 11.576821391966593, 48.135797358635678 ], [ 11.576823192097805, 48.135833310091883 ], [ 11.576796337405636, 48.135833912566355 ], [ 11.576797237463209, 48.135851888294724 ], [ 11.576770382760802, 48.135852490763305 ], [ 11.576772182859884, 48.135888442220583 ], [ 11.576718473415006, 48.135889647140452 ] ] ] } },
{ "type": "Feature", "properties": { "height": 15.698829650878906 }, "geometry": { "type": "Polygon", "coordinates": [ [ [ 11.568368406131549, 48.136112658749305 ], [ 11.56836750900794, 48.13609468290278 ], [ 11.568340654001164, 48.136095283404011 ], [ 11.568337962663673, 48.136041355862893 ], [ 11.568311107684082, 48.136041956356728 ], [ 11.568308416382564, 48.135988028813856 ], [ 11.56828156143016, 48.135988629300279 ], [ 11.568278870164612, 48.135934701755652 ], [ 11.568305725088949, 48.135934101270351 ], [ 11.568303930897601, 48.135898149574345 ], [ 11.568330785802347, 48.135897549083531 ], [ 11.568329888698637, 48.135879573235798 ], [ 11.568410453379544, 48.135877771726861 ], [ 11.568411350511322, 48.135895747573457 ], [ 11.568438205412555, 48.135895147057568 ], [ 11.568439999697455, 48.135931098749808 ], [ 11.568466854616522, 48.135930498226898 ], [ 11.568469546078529, 48.135984425763617 ], [ 11.568496401024781, 48.135983825233303 ], [ 11.56849909252276, 48.136037752768267 ], [ 11.5685259474962, 48.136037152230557 ], [ 11.568528639030148, 48.136091079763759 ], [ 11.568448074022999, 48.136092881361492 ], [ 11.568448971174673, 48.13611085720688 ], [ 11.568368406131549, 48.136112658749305 ] ] ] } },
{ "type": "Feature", "properties": { "height": 5.1775054931640625 }, "geometry": { "type": "Polygon", "coordinates": [ [ [ 11.576414972081587, 48.135734492147293 ], [ 11.57641407216115, 48.13571651641314 ], [ 11.576387217521244, 48.135717118790943 ], [ 11.576384517793286, 48.135663191586964 ], [ 11.576411372405129, 48.135662589210305 ], [ 11.576410472488218, 48.13564461347589 ], [ 11.576491036290392, 48.135642806309427 ], [ 11.576492836181224, 48.135678757775935 ], [ 11.576519690798895, 48.135678155373817 ], [ 11.576521490711963, 48.135714106839281 ], [ 11.576467781438319, 48.135715311638748 ], [ 11.576468681377463, 48.135733287372148 ], [ 11.576414972081587, 48.135734492147293 ] ] ] } },
{ "type": "Feature", "properties": { "height": 17.702926635742188 }, "geometry": { "type": "Polygon", "coordinates": [ [ [ 11.581147171758184, 48.136815976859943 ], [ 11.581146270151757, 48.136798001196141 ], [ 11.581119415047903, 48.136798604689702 ], [ 11.581118513451715, 48.136780629025466 ], [ 11.581091658356334, 48.136781232512384 ], [ 11.581090756770383, 48.136763256847694 ], [ 11.581063901683473, 48.136763860327953 ], [ 11.581063000107761, 48.136745884662822 ], [ 11.581036145029326, 48.136746488136438 ], [ 11.58103524346385, 48.13672851247086 ], [ 11.581008388393885, 48.136729115937825 ], [ 11.581007486838651, 48.1367111402718 ], [ 11.580980631777157, 48.136711743732114 ], [ 11.58097973023216, 48.136693768065641 ], [ 11.580952875179138, 48.136694371519312 ], [ 11.58095197364438, 48.13667639585239 ], [ 11.580925118599833, 48.136676999299425 ], [ 11.58092421707531, 48.136659023632049 ], [ 11.580897362039234, 48.136659627072419 ], [ 11.580896460524951, 48.136641651404609 ], [ 11.580869605497346, 48.136642254838335 ], [ 11.580868703993302, 48.136624279170071 ], [ 11.58084184897417, 48.136624882597154 ], [ 11.580840947480363, 48.136606906928435 ], [ 11.580814092469701, 48.136607510348874 ], [ 11.580813190986134, 48.136589534679715 ], [ 11.580786335983946, 48.136590138093496 ], [ 11.580785434510615, 48.136572162423889 ], [ 11.5807585795169, 48.136572765831019 ], [ 11.580757678053807, 48.136554790160965 ], [ 11.580730823068563, 48.136555393561444 ], [ 11.580729020163735, 48.136519442220369 ], [ 11.580702165196321, 48.13652004561385 ], [ 11.580701263754586, 48.136502069942814 ], [ 11.580674408795641, 48.136502673329638 ], [ 11.580673507364144, 48.136484697658176 ], [ 11.580646652413675, 48.136485301038348 ], [ 11.580645750992415, 48.136467325366432 ], [ 11.580618896050417, 48.136467928739954 ], [ 11.580616191819999, 48.136414001722649 ], [ 11.580643046733933, 48.136413398350271 ], [ 11.580642145316205, 48.136395422678078 ], [ 11.580669000219899, 48.136394819299788 ], [ 11.580669901646983, 48.136412794971612 ], [ 11.580723611470434, 48.136411588195479 ], [ 11.580720907135701, 48.136357661182103 ], [ 11.580694052252481, 48.136358264572159 ], [ 11.580692249385784, 48.136322313228803 ], [ 11.580665394520393, 48.136322916611839 ], [ 11.580663591675936, 48.136286965267452 ], [ 11.580636736828371, 48.136287568643468 ], [ 11.580634032596368, 48.136233641625211 ], [ 11.580607177775985, 48.136234244993815 ], [ 11.580605374977775, 48.136198293647233 ], [ 11.580578520175219, 48.136198897008811 ], [ 11.58057671739925, 48.136162945661177 ], [ 11.580549862614522, 48.136163549015727 ], [ 11.580548059860792, 48.136127597667063 ], [ 11.580521205093889, 48.136128201014593 ], [ 11.580519402362402, 48.136092249664891 ], [ 11.580492547613327, 48.136092853005387 ], [ 11.580490744904079, 48.136056901654662 ], [ 11.580463890172831, 48.136057504988138 ], [ 11.580462087485824, 48.136021553636382 ], [ 11.580515796910015, 48.136020346964663 ], [ 11.580514895549127, 48.136002371289436 ], [ 11.580568604951079, 48.136001164593402 ], [ 11.580567703572363, 48.135983188918864 ], [ 11.580621412952075, 48.135981982198501 ], [ 11.58062051155553, 48.135964006524659 ], [ 11.580674220913004, 48.135962799779989 ], [ 11.580673319498633, 48.135944824106822 ], [ 11.580727028833863, 48.135943617337837 ], [ 11.580726127401666, 48.135925641665345 ], [ 11.580779836714658, 48.135924434872045 ], [ 11.580778935264632, 48.13590645920025 ], [ 11.58080578991045, 48.135905855794576 ], [ 11.580804888451953, 48.135887880123086 ], [ 11.580858597722228, 48.135886673293683 ], [ 11.580857696245905, 48.13586869762289 ], [ 11.580911405493941, 48.135867490769165 ], [ 11.580910503999791, 48.135849515099061 ], [ 11.580964213225585, 48.135848308221014 ], [ 11.58096331171361, 48.135830332551585 ], [ 11.581017020917162, 48.135829125649238 ], [ 11.58101611938736, 48.135811149980491 ], [ 11.581069828568671, 48.135809943053815 ], [ 11.581068927021041, 48.135791967385764 ], [ 11.581122636180115, 48.135790760434759 ], [ 11.581121734614658, 48.135772784767411 ], [ 11.581175443751489, 48.135771577792084 ], [ 11.581174542168206, 48.135753602125419 ], [ 11.581228251282797, 48.135752395125785 ], [ 11.581227349681686, 48.135734419459794 ], [ 11.581281058774037, 48.135733212435831 ], [ 11.581280157155103, 48.135715236770544 ], [ 11.581333866225208, 48.135714029722266 ], [ 11.581332964588448, 48.135696054057661 ], [ 11.581413528158924, 48.135694243439367 ], [ 11.581412626494981, 48.135676267775821 ], [ 11.581466335518842, 48.135675060666372 ], [ 11.581465433837073, 48.135657085003515 ], [ 11.58151914283869, 48.135655877869745 ], [ 11.581518241139095, 48.135637902207591 ], [ 11.581571950118473, 48.135636695049492 ], [ 11.581571048401052, 48.135618719388013 ], [ 11.581624757358188, 48.135617512205599 ], [ 11.58162385562294, 48.135599536544817 ], [ 11.581677564557834, 48.135598329338087 ], [ 11.58167666280476, 48.135580353677987 ], [ 11.581730371717414, 48.135579146446943 ], [ 11.581729469946517, 48.135561170787533 ], [ 11.581783178836929, 48.135559963532167 ], [ 11.581782277048202, 48.135541987873438 ], [ 11.581835985916374, 48.135540780593765 ], [ 11.581835084109821, 48.135522804935718 ], [ 11.581888792955752, 48.135521597631723 ], [ 11.581887891131373, 48.135503621974372 ], [ 11.581914745543658, 48.135503018313351 ], [ 11.581917451047506, 48.135556945284058 ], [ 11.581944305486971, 48.135556341615626 ], [ 11.581947011026831, 48.135610268584585 ], [ 11.581973865493477, 48.135609664908749 ], [ 11.581976571069347, 48.135663591875947 ], [ 11.582003425563176, 48.135662988192713 ], [ 11.582006131175058, 48.135716915158156 ], [ 11.581952422130394, 48.135718122520629 ], [ 11.581953323984077, 48.135736098176402 ], [ 11.581872760382392, 48.135737909174225 ], [ 11.581873662208896, 48.135755884831063 ], [ 11.58181995311798, 48.135757092132351 ], [ 11.581820854926658, 48.135775067789872 ], [ 11.581794000370522, 48.135775671431503 ], [ 11.581792196772758, 48.135739720115652 ], [ 11.581765342234448, 48.135740323750248 ], [ 11.581764440446245, 48.135722348091825 ], [ 11.581737585916406, 48.135722951719778 ], [ 11.581738487695254, 48.135740927378571 ], [ 11.581711633155175, 48.135741531000633 ], [ 11.581710731385684, 48.135723555341464 ], [ 11.58165702232159, 48.135724762566028 ], [ 11.581657924072372, 48.135742738225957 ], [ 11.581604214986038, 48.135743945426199 ], [ 11.581605116718995, 48.135761921086797 ], [ 11.581551407610419, 48.135763128262731 ], [ 11.581553211041564, 48.135799079585261 ], [ 11.581580065615002, 48.135798475999685 ], [ 11.581581869068389, 48.135834427321193 ], [ 11.581555014476239, 48.135835030907529 ], [ 11.58155681791445, 48.135870982229513 ], [ 11.581583672525307, 48.135870378642423 ], [ 11.581585475985758, 48.135906329963355 ], [ 11.581612330614444, 48.135905726369238 ], [ 11.581614134097135, 48.135941677689146 ], [ 11.581640988743645, 48.135941074088002 ], [ 11.58164279224858, 48.135977025406874 ], [ 11.581669646912918, 48.135976421798702 ], [ 11.581671450440092, 48.136012373116543 ], [ 11.581698305122256, 48.136011769501359 ], [ 11.581700108671674, 48.136047720818169 ], [ 11.581726963371665, 48.136047117195943 ], [ 11.581728766943325, 48.136083068511716 ], [ 11.58175562166114, 48.136082464882463 ], [ 11.581757425255041, 48.136118416197206 ], [ 11.581784279990686, 48.136117812560926 ], [ 11.581785181798317, 48.136135788217821 ], [ 11.581812036542432, 48.136135184574897 ], [ 11.581811134725447, 48.136117208918385 ], [ 11.581837989459324, 48.136116605269564 ], [ 11.581837087633867, 48.136098629613358 ], [ 11.581810232909344, 48.136099233261803 ], [ 11.581809331094124, 48.136081257605142 ], [ 11.581836185809292, 48.13608065395708 ], [ 11.581835283985603, 48.136062678300739 ], [ 11.581862138690532, 48.136062074646787 ], [ 11.581861236858371, 48.136044098990759 ], [ 11.58191494624687, 48.1360428916648 ], [ 11.581914044396882, 48.136024916009461 ], [ 11.581887189712429, 48.136025519675194 ], [ 11.581884484195827, 48.135971592707619 ], [ 11.581911338852215, 48.135970989043017 ], [ 11.58191043700576, 48.135953013387393 ], [ 11.58196414629718, 48.135951806040154 ], [ 11.581965048162346, 48.135969781695017 ], [ 11.581991902816085, 48.135969178011614 ], [ 11.581995510322999, 48.136041080628864 ], [ 11.582022365013275, 48.13604047693768 ], [ 11.582027776356268, 48.136148330859207 ], [ 11.582000921609865, 48.136148934552658 ], [ 11.582001823494098, 48.136166910206384 ], [ 11.581974968737455, 48.136167513893952 ], [ 11.581975870613219, 48.136185489547984 ], [ 11.581949015846339, 48.136186093229661 ], [ 11.581949917713629, 48.136204068884005 ], [ 11.581896208158508, 48.136205276229305 ], [ 11.581897110007974, 48.136223251884338 ], [ 11.581870255219734, 48.136223855547961 ], [ 11.581871157060728, 48.1362418312033 ], [ 11.581844302262249, 48.136242434861039 ], [ 11.581845204094769, 48.136260410516691 ], [ 11.581818349286054, 48.136261014168539 ], [ 11.581819251110105, 48.136278989824497 ], [ 11.581792396291149, 48.136279593470441 ], [ 11.581793298106728, 48.136297569126711 ], [ 11.58173958844746, 48.136298776400572 ], [ 11.581740490245211, 48.136316752057539 ], [ 11.581713635404897, 48.136317355685435 ], [ 11.581714537194175, 48.1363353313427 ], [ 11.581687682343624, 48.136335934964713 ], [ 11.581688584124432, 48.136353910622283 ], [ 11.581661729263644, 48.13635451423842 ], [ 11.581662631035979, 48.136372489896289 ], [ 11.581608921293039, 48.136373697110493 ], [ 11.581609823047547, 48.136391672769065 ], [ 11.581582968165401, 48.136392276367147 ], [ 11.581583869911436, 48.136410252026018 ], [ 11.581557015019049, 48.136410855618202 ], [ 11.581557916756614, 48.136428831277385 ], [ 11.581531061853989, 48.136429434863686 ], [ 11.581531963583082, 48.136447410523189 ], [ 11.581478253756472, 48.136448617677722 ], [ 11.58147915546774, 48.136466593337907 ], [ 11.581452300543756, 48.136467196906153 ], [ 11.581453202246548, 48.136485172566637 ], [ 11.581426347312327, 48.136485776128993 ], [ 11.581427249006648, 48.136503751789803 ], [ 11.581400394062188, 48.136504355346268 ], [ 11.581401295748037, 48.13652233100737 ], [ 11.58137444079334, 48.136522934557952 ], [ 11.581375342470718, 48.136540910219374 ], [ 11.58134848750578, 48.136541513764044 ], [ 11.581350290844476, 48.136577465087456 ], [ 11.581323435859947, 48.136578068626619 ], [ 11.581325239183462, 48.136614019950507 ], [ 11.581298384179339, 48.136614623484149 ], [ 11.581300187487676, 48.136650574808506 ], [ 11.581273332463962, 48.136651178336649 ], [ 11.581276037405024, 48.136705105323799 ], [ 11.58124918235236, 48.136705708846804 ], [ 11.581250985632108, 48.136741660171985 ], [ 11.58122413055985, 48.136742263689484 ], [ 11.581225933824419, 48.136778215015127 ], [ 11.581199078732567, 48.136778818527127 ], [ 11.581200881981955, 48.136814769853252 ], [ 11.581147171758184, 48.136815976859943 ] ] ] } },
{ "type": "Feature", "properties": { "height": 5.1368370056152344 }, "geometry": { "type": "Polygon", "coordinates": [ [ [ 11.576679018464617, 48.13563858936827 ], [ 11.576678118455039, 48.135620613637556 ], [ 11.576651263870721, 48.135621216076153 ], [ 11.57664856387534, 48.13556728888247 ], [ 11.576702272986969, 48.135566084001283 ], [ 11.576701372971563, 48.135548108270676 ], [ 11.576755082060957, 48.13554690336516 ], [ 11.576756882130072, 48.135582854824804 ], [ 11.576783736692155, 48.135582252361885 ], [ 11.576785536783504, 48.135618203820499 ], [ 11.576731827621037, 48.135619408741576 ], [ 11.576732727649322, 48.135637384471522 ], [ 11.576679018464617, 48.13563858936827 ] ] ] } },
{ "type": "Feature", "properties": { "height": 5.2193832397460938 }, "geometry": { "type": "Polygon", "coordinates": [ [ [ 11.57633080856696, 48.135664396321481 ], [ 11.576329908678112, 48.135646420585921 ], [ 11.576303054072982, 48.135647022943395 ], [ 11.57630125431664, 48.135611071471338 ], [ 11.576274399729339, 48.135611673821778 ], [ 11.576273499861845, 48.135593698085259 ], [ 11.576300354439791, 48.135593095735189 ], [ 11.576299454563825, 48.13557511999899 ], [ 11.576353163698366, 48.135573915280787 ], [ 11.576352263804571, 48.135555939545256 ], [ 11.576379118361167, 48.135555337177145 ], [ 11.576380918168349, 48.135591288647355 ], [ 11.576407772742771, 48.135590686272216 ], [ 11.57640867265704, 48.135608662006838 ], [ 11.576435527239934, 48.135608059625042 ], [ 11.576436427164438, 48.135626035359223 ], [ 11.576409572572189, 48.135626637741396 ], [ 11.576410472488218, 48.13564461347589 ], [ 11.576356763282362, 48.135645818222187 ], [ 11.576357663180563, 48.135663793957349 ], [ 11.57633080856696, 48.135664396321481 ] ] ] } },
{ "type": "Feature", "properties": { "height": 16.129928588867188 }, "geometry": { "type": "Polygon", "coordinates": [ [ [ 11.577801665745751, 48.136045301117441 ], [ 11.577800765331467, 48.13602732540388 ], [ 11.577773910558776, 48.136027928108575 ], [ 11.577773010154729, 48.136009952394566 ], [ 11.577746155390511, 48.136010555092604 ], [ 11.577744354603771, 48.13597460366362 ], [ 11.57771749985738, 48.135975206354644 ], [ 11.577716599474691, 48.135957230639683 ], [ 11.577689744736771, 48.135957833324056 ], [ 11.577687943992744, 48.135921881893147 ], [ 11.577661089272654, 48.135922484570493 ], [ 11.577660188911318, 48.135904508854559 ], [ 11.577633334199703, 48.135905111525268 ], [ 11.577632433848601, 48.135887135808879 ], [ 11.577605579145457, 48.135887738472924 ], [ 11.577603778464614, 48.135851787039208 ], [ 11.577576923779297, 48.135852389696232 ], [ 11.577576023449552, 48.135834413978891 ], [ 11.577549168772711, 48.135835016629265 ], [ 11.577547368134574, 48.135799065193616 ], [ 11.577520513475561, 48.13579966783697 ], [ 11.577519613167169, 48.135781692118663 ], [ 11.577492758516627, 48.135782294755373 ], [ 11.577490957921203, 48.135746343317791 ], [ 11.577464103288488, 48.135746945947481 ], [ 11.577463203001452, 48.135728970228207 ], [ 11.577436348377212, 48.13572957285124 ], [ 11.577434547824494, 48.13569362141174 ], [ 11.577407693218081, 48.135694224027752 ], [ 11.5774067929524, 48.135676248307512 ], [ 11.577379938354461, 48.13567685091688 ], [ 11.577379038099016, 48.135658875196199 ], [ 11.57735218350955, 48.13565947779891 ], [ 11.577350383020011, 48.135623526356589 ], [ 11.577323528448375, 48.13562412895228 ], [ 11.577322628214285, 48.13560615323064 ], [ 11.57729577365112, 48.135606755819687 ], [ 11.577293973204291, 48.13557080437544 ], [ 11.577267118658954, 48.13557140695746 ], [ 11.577266218446216, 48.135553431234861 ], [ 11.577293072982197, 48.135552828653211 ], [ 11.577292172760988, 48.135534852930903 ], [ 11.577345881811599, 48.135533647749561 ], [ 11.57734498157256, 48.135515672027957 ], [ 11.577398690600935, 48.135514466822293 ], [ 11.577399590858683, 48.135532442543159 ], [ 11.577426445380903, 48.135531839930536 ], [ 11.577428245917751, 48.135567791371287 ], [ 11.577455100457799, 48.135567188751658 ], [ 11.5774560007369, 48.135585164471536 ], [ 11.577536564379818, 48.135583356573889 ], [ 11.577538364996794, 48.135619308011208 ], [ 11.577565219561379, 48.135618705365346 ], [ 11.577566119880544, 48.135636681083525 ], [ 11.577592974453603, 48.135636078431041 ], [ 11.577594775113287, 48.13567202986642 ], [ 11.577621629704174, 48.135671427206901 ], [ 11.577622530044692, 48.135689402924122 ], [ 11.577595675444453, 48.135690005584003 ], [ 11.5775965757765, 48.135707981301529 ], [ 11.577623430386096, 48.135707378641257 ], [ 11.577624330728378, 48.135725354358328 ], [ 11.577651185346447, 48.13572475169142 ], [ 11.577652986052367, 48.135760703124589 ], [ 11.577679840688264, 48.135760100450653 ], [ 11.577680741051902, 48.135778076166773 ], [ 11.577707595696271, 48.135777473486165 ], [ 11.577709396444902, 48.135813424917444 ], [ 11.577736251107099, 48.135812822229816 ], [ 11.577737151492091, 48.135830797944955 ], [ 11.577764006162763, 48.135830195250698 ], [ 11.577764906557992, 48.135848170965396 ], [ 11.577791761237135, 48.135847568264481 ], [ 11.577793562048948, 48.135883519692918 ], [ 11.577820416745919, 48.135882916984983 ], [ 11.577821317162504, 48.135900892698707 ], [ 11.577901881276192, 48.135899084536163 ], [ 11.577900980831545, 48.135881108823568 ], [ 11.577954690217551, 48.135879903351281 ], [ 11.577956491145148, 48.135915854774893 ], [ 11.577983345855539, 48.135915252028589 ], [ 11.577984246330017, 48.135933227739926 ], [ 11.578011101048881, 48.135932624986971 ], [ 11.578012001533594, 48.135950600697853 ], [ 11.577985146805375, 48.135951203451185 ], [ 11.577986047281614, 48.135969179162373 ], [ 11.577932337803823, 48.135970384650975 ], [ 11.577933238262233, 48.135988360362845 ], [ 11.57790638351266, 48.135988963098136 ], [ 11.577907283962599, 48.136006938810318 ], [ 11.577880429202789, 48.136007541539698 ], [ 11.577881329644256, 48.1360255172522 ], [ 11.577827620103278, 48.136026722692925 ], [ 11.577828520526916, 48.136044698406103 ], [ 11.577801665745751, 48.136045301117441 ] ] ] } },
{ "type": "Feature", "properties": { "height": 17.707569122314453 }, "geometry": { "type": "Polygon", "coordinates": [ [ [ 11.582182591192847, 48.136018879007352 ], [ 11.582180787308424, 48.135982927704028 ], [ 11.582153932651513, 48.135983531431698 ], [ 11.582148521075569, 48.135875677517788 ], [ 11.582121666473899, 48.135876281236911 ], [ 11.5821153530743, 48.13575045166489 ], [ 11.582088498537232, 48.135751055375096 ], [ 11.582083989039358, 48.135661177105391 ], [ 11.582057134548181, 48.135661780807432 ], [ 11.582055330773922, 48.135625829498309 ], [ 11.582028476300572, 48.135626433193323 ], [ 11.582025770673873, 48.135572506227987 ], [ 11.5819989162277, 48.135573109915605 ], [ 11.581996210637012, 48.135519182948499 ], [ 11.581969356218023, 48.135519786628706 ], [ 11.581966650663347, 48.13546585965986 ], [ 11.581993505054273, 48.135465255980783 ], [ 11.581992603195127, 48.13544728032474 ], [ 11.582046311955622, 48.135446072948547 ], [ 11.582045410078651, 48.135428097293186 ], [ 11.582125973184707, 48.135426286183012 ], [ 11.582125071280556, 48.135408310528732 ], [ 11.582205634350601, 48.135406499363256 ], [ 11.582204732419266, 48.135388523710034 ], [ 11.582365858479381, 48.135384901212142 ], [ 11.58236676046684, 48.13540287686309 ], [ 11.582420469165189, 48.135401669312884 ], [ 11.582421371172241, 48.135419644963008 ], [ 11.582448225529445, 48.135419041178125 ], [ 11.582449127546735, 48.135437016827808 ], [ 11.58247598191241, 48.135436413036274 ], [ 11.582476883939938, 48.135454388685503 ], [ 11.582530592687347, 48.135453181082873 ], [ 11.582531494734464, 48.135471156731278 ], [ 11.5825583491162, 48.135470552920182 ], [ 11.582559251173556, 48.135488528568139 ], [ 11.582586105563763, 48.135487924750393 ], [ 11.582587007631359, 48.135505900397902 ], [ 11.582613862030033, 48.135505296573513 ], [ 11.582615666186584, 48.135541247867558 ], [ 11.582642520603086, 48.135540644036141 ], [ 11.582643422692041, 48.135558619682683 ], [ 11.582670277117012, 48.135558015844623 ], [ 11.582671179216206, 48.135575991490711 ], [ 11.582698033649649, 48.135575387646 ], [ 11.58269893575908, 48.135593363291648 ], [ 11.582725790200994, 48.135592759440286 ], [ 11.582726692320664, 48.135610735085493 ], [ 11.58275354677105, 48.135610131227487 ], [ 11.582754448900957, 48.135628106872232 ], [ 11.582781303359813, 48.135627503007584 ], [ 11.582784911925692, 48.135699405584397 ], [ 11.582758057429416, 48.135700009450559 ], [ 11.582758959563739, 48.135717985094963 ], [ 11.582732105057225, 48.135718588955243 ], [ 11.582733007183078, 48.135736564599959 ], [ 11.582706152666326, 48.135737168454355 ], [ 11.582707054783707, 48.13575514409937 ], [ 11.582653345728843, 48.1357563517901 ], [ 11.582654247828398, 48.135774327435811 ], [ 11.582627393290288, 48.135774931272152 ], [ 11.582628295381371, 48.135792906918176 ], [ 11.582601440833022, 48.135793510748627 ], [ 11.582602342915633, 48.13581148639495 ], [ 11.582575488357046, 48.13581209021951 ], [ 11.582576390431187, 48.135830065866159 ], [ 11.582549535862363, 48.135830669684829 ], [ 11.582550437928033, 48.135848645331784 ], [ 11.582523583348969, 48.135849249144556 ], [ 11.582524485406168, 48.135867224791809 ], [ 11.582497630816867, 48.135867828598698 ], [ 11.582498532865594, 48.135885804246264 ], [ 11.582444823665631, 48.135887011842001 ], [ 11.582445725696532, 48.135904987490257 ], [ 11.582418871085871, 48.135905591279091 ], [ 11.582419773108303, 48.135923566927659 ], [ 11.582392918487402, 48.135924170710609 ], [ 11.582393820501361, 48.135942146359483 ], [ 11.582366965870223, 48.135942750136543 ], [ 11.58236786787571, 48.135960725785743 ], [ 11.582341013234336, 48.135961329556906 ], [ 11.582341915231352, 48.135979305206398 ], [ 11.582315060579738, 48.13597990897167 ], [ 11.582315962568284, 48.135997884621474 ], [ 11.582262253243698, 48.135999092133979 ], [ 11.582263155214413, 48.136017067784465 ], [ 11.582182591192847, 48.136018879007352 ] ] ] } },
{ "type": "Feature", "properties": { "height": 16.102500915527344 }, "geometry": { "type": "Polygon", "coordinates": [ [ [ 11.57583870232075, 48.136575229354591 ], [ 11.575837802574945, 48.136557253614946 ], [ 11.575810947484442, 48.136557855865924 ], [ 11.575809148014185, 48.136521904385667 ], [ 11.575782292941511, 48.136522506629618 ], [ 11.57578139321706, 48.136504530889006 ], [ 11.575754538152859, 48.136505133126306 ], [ 11.575753638438643, 48.136487157385254 ], [ 11.575726783382917, 48.136487759615925 ], [ 11.575724983975842, 48.136451808132833 ], [ 11.575698128937946, 48.136452410356469 ], [ 11.575697229245085, 48.136434434614465 ], [ 11.575670374215662, 48.136435036831443 ], [ 11.575669474533036, 48.13641706108897 ], [ 11.575642619512088, 48.136417663299319 ], [ 11.575641719839698, 48.136399687556406 ], [ 11.575614864827223, 48.136400289760097 ], [ 11.575613065503799, 48.13636433827331 ], [ 11.575586210509154, 48.136364940469981 ], [ 11.57558531085812, 48.136346964726101 ], [ 11.575558455871947, 48.136347566916122 ], [ 11.575557556231148, 48.136329591171801 ], [ 11.575530701253452, 48.136330193355178 ], [ 11.575529801622887, 48.13631221761041 ], [ 11.575502946653666, 48.136312819787143 ], [ 11.575502047033339, 48.13629484404192 ], [ 11.575448337110961, 48.136296048375826 ], [ 11.575447437510226, 48.136278072629793 ], [ 11.575393727603032, 48.136279276937849 ], [ 11.575392828021888, 48.136261301190984 ], [ 11.575339118129882, 48.136262505473226 ], [ 11.57533821856833, 48.136244529725531 ], [ 11.57525765375178, 48.136246336100747 ], [ 11.575256754219172, 48.136228360351843 ], [ 11.575176189422761, 48.136230166669492 ], [ 11.575175289919098, 48.136212190919402 ], [ 11.57512158006913, 48.13621339509907 ], [ 11.57512068058506, 48.136195419348155 ], [ 11.575040115831566, 48.136197225569511 ], [ 11.575039216376442, 48.136179249817381 ], [ 11.574985506555086, 48.136180453932845 ], [ 11.574984607119553, 48.136162478179898 ], [ 11.574904042408976, 48.136164284304954 ], [ 11.574903143002389, 48.136146308550813 ], [ 11.574849433209645, 48.136147512602072 ], [ 11.574848533822649, 48.1361295368471 ], [ 11.574794824045092, 48.136130740872538 ], [ 11.574793924677685, 48.136112765116742 ], [ 11.574740214915316, 48.136113969116344 ], [ 11.574739315567502, 48.136095993359724 ], [ 11.574685605820319, 48.136097197333498 ], [ 11.574684706492096, 48.136079221576054 ], [ 11.574657851626538, 48.136079823553153 ], [ 11.574656952308549, 48.136061847795261 ], [ 11.574630097451468, 48.136062449765717 ], [ 11.57462650022574, 48.135990546731975 ], [ 11.574653355045406, 48.135989944763018 ], [ 11.574652455731821, 48.135971969004785 ], [ 11.574679310541248, 48.135971367029946 ], [ 11.574678411219187, 48.135953391272018 ], [ 11.574705266018379, 48.135952789291295 ], [ 11.574706165349793, 48.135970765048846 ], [ 11.574759874964245, 48.13596956106781 ], [ 11.57476077431525, 48.135987536824537 ], [ 11.574814483944886, 48.13598633281768 ], [ 11.574815383315483, 48.13600430857359 ], [ 11.574869092960308, 48.136003104540897 ], [ 11.574869992350495, 48.136021080295968 ], [ 11.574896847180939, 48.136020478269842 ], [ 11.57489324958806, 48.135948575250637 ], [ 11.574866394795032, 48.135949177275251 ], [ 11.574864596022588, 48.135913225764476 ], [ 11.574837741247389, 48.135913827782076 ], [ 11.574835043123391, 48.135859900514248 ], [ 11.57480818837538, 48.135860502524437 ], [ 11.574806389649162, 48.13582455101146 ], [ 11.574725825455966, 48.135826357002145 ], [ 11.574726724790571, 48.13584433275981 ], [ 11.574673015305327, 48.135845536723018 ], [ 11.574673914622103, 48.13586351248135 ], [ 11.574647059868804, 48.135864114453931 ], [ 11.574647959177105, 48.135882090212569 ], [ 11.574594249649158, 48.135883294139667 ], [ 11.574595148939631, 48.135901269899016 ], [ 11.574568294164981, 48.135901871853534 ], [ 11.57456919344698, 48.135919847613174 ], [ 11.574542338662095, 48.135920449561809 ], [ 11.574543237935616, 48.135938425321754 ], [ 11.574516383140498, 48.135939027264499 ], [ 11.574517282405546, 48.135957003024764 ], [ 11.574490427600189, 48.135957604961611 ], [ 11.574491326856762, 48.135975580722175 ], [ 11.574464472041171, 48.135976182653131 ], [ 11.574465371289273, 48.135994158414015 ], [ 11.574384806809149, 48.135995964170398 ], [ 11.574383907589114, 48.135977988408392 ], [ 11.574357052769999, 48.135978590314267 ], [ 11.574356153560201, 48.135960614551813 ], [ 11.57430244393804, 48.135961818344015 ], [ 11.574301544747833, 48.13594384258073 ], [ 11.574274689944785, 48.13594444446705 ], [ 11.574273790764812, 48.135926468703332 ], [ 11.574246935970242, 48.135927070583008 ], [ 11.574246036800504, 48.135909094818828 ], [ 11.574219182014408, 48.135909696691854 ], [ 11.574218282854904, 48.135891720927226 ], [ 11.574245137631646, 48.135891119054584 ], [ 11.57424423846367, 48.135873143290276 ], [ 11.574271093230177, 48.135872541411736 ], [ 11.574270194053724, 48.135854565647726 ], [ 11.574297048809996, 48.135853963763296 ], [ 11.574296149625072, 48.135835987999599 ], [ 11.574323004371106, 48.135835386109278 ], [ 11.574322105177705, 48.135817410345886 ], [ 11.574348959913506, 48.135816808449682 ], [ 11.57434806071163, 48.135798832686589 ], [ 11.574374915437195, 48.135798230784488 ], [ 11.574374016226846, 48.135780255021707 ], [ 11.574400870942176, 48.135779653113723 ], [ 11.574399971723354, 48.135761677351255 ], [ 11.574426826428446, 48.135761075437358 ], [ 11.574425927201149, 48.13574309967521 ], [ 11.574452781896008, 48.135742497755423 ], [ 11.574451882660235, 48.135724521993588 ], [ 11.574478737344858, 48.13572392006791 ], [ 11.574477838100613, 48.135705944306373 ], [ 11.574531547448506, 48.135704740436978 ], [ 11.574530648186432, 48.13568676467613 ], [ 11.574557502849702, 48.135686162732398 ], [ 11.574556603579154, 48.135668186971856 ], [ 11.574637167535618, 48.135666381104208 ], [ 11.574636268237885, 48.135648405344732 ], [ 11.57471683215836, 48.13564659942179 ], [ 11.574715932833442, 48.135628623663365 ], [ 11.574796496717926, 48.135626817685129 ], [ 11.574795597365828, 48.135608841927777 ], [ 11.574929870442245, 48.135605831840579 ], [ 11.574928971044253, 48.135587856085031 ], [ 11.575063244051879, 48.135584845842985 ], [ 11.575062344607995, 48.135566870089278 ], [ 11.575196617546826, 48.13556385969239 ], [ 11.575195718057048, 48.13554588394048 ], [ 11.575517972908141, 48.13553865835307 ], [ 11.575517073306987, 48.135520682605637 ], [ 11.575839327918972, 48.13551345612003 ], [ 11.575840227632384, 48.135531431862923 ], [ 11.575893936740755, 48.135530227360135 ], [ 11.575894836473759, 48.135548203102225 ], [ 11.575948545597317, 48.135546998573609 ], [ 11.575949445349911, 48.135564974314867 ], [ 11.575976299919722, 48.135564372040768 ], [ 11.575977199682553, 48.135582347781572 ], [ 11.576004054260839, 48.135581745500836 ], [ 11.57600585380785, 48.135617696981491 ], [ 11.576032708403963, 48.135617094693735 ], [ 11.576033608188146, 48.13563507043358 ], [ 11.576060462792734, 48.13563446813918 ], [ 11.57606226238245, 48.135670419617902 ], [ 11.576089117004866, 48.135669817316469 ], [ 11.576090016810403, 48.135687793055354 ], [ 11.576116871441291, 48.135687190747277 ], [ 11.576118671073717, 48.13572314222408 ], [ 11.576145525722435, 48.135722539908976 ], [ 11.576146425549322, 48.135740515646894 ], [ 11.576173280206515, 48.135739913325139 ], [ 11.576175079881644, 48.135775864800031 ], [ 11.576201934556664, 48.135775262471256 ], [ 11.576202834404906, 48.135793238208215 ], [ 11.5762296890884, 48.135792635872789 ], [ 11.576230588946878, 48.135810611609301 ], [ 11.576257443638845, 48.135810009267239 ], [ 11.576259243377153, 48.135845960739296 ], [ 11.57628609808695, 48.135845358390213 ], [ 11.576286997966781, 48.135863334125759 ], [ 11.57631385268505, 48.135862731770018 ], [ 11.576315652466066, 48.135898683240143 ], [ 11.576342507202163, 48.135898080877382 ], [ 11.576343407103348, 48.135916056611968 ], [ 11.576397116591611, 48.135914851866872 ], [ 11.576398016512385, 48.135932827600634 ], [ 11.576451726015833, 48.135931622829723 ], [ 11.5764526259562, 48.135949598562654 ], [ 11.576479480715957, 48.135948996167407 ], [ 11.57648038066656, 48.135966971899897 ], [ 11.57653409020214, 48.135965767089857 ], [ 11.576534990172332, 48.135983742821516 ], [ 11.576588699723096, 48.13598253798564 ], [ 11.576589599712882, 48.136000513716482 ], [ 11.576643309278829, 48.135999308854771 ], [ 11.576644209288208, 48.136017284584781 ], [ 11.576671064079214, 48.136016682144152 ], [ 11.576671964098827, 48.136034657873722 ], [ 11.576725673696906, 48.136033452972882 ], [ 11.576726573736112, 48.136051428701627 ], [ 11.576780283349375, 48.136050223774959 ], [ 11.576781183408171, 48.136068199502873 ], [ 11.576834893036619, 48.13606699455039 ], [ 11.576836693194274, 48.136102946004513 ], [ 11.576809838361781, 48.136103548484641 ], [ 11.576812538576807, 48.136157475666437 ], [ 11.576785683715368, 48.136158078141442 ], [ 11.576787483844415, 48.136194029596368 ], [ 11.576760628963385, 48.136194632065859 ], [ 11.576763329135501, 48.136248559248884 ], [ 11.576736474225523, 48.136249161713238 ], [ 11.576738274325965, 48.136285113168988 ], [ 11.576711419396394, 48.136285715627842 ], [ 11.576714119525603, 48.136339642812089 ], [ 11.576660409607689, 48.136340847713221 ], [ 11.576659509582447, 48.136322871984447 ], [ 11.576552089773463, 48.136325281709986 ], [ 11.576551189786525, 48.136307305979642 ], [ 11.576497479895455, 48.136308510804042 ], [ 11.576498379863683, 48.136326486535147 ], [ 11.576444669950378, 48.136327691335218 ], [ 11.576445569900779, 48.136345667067019 ], [ 11.576391859965238, 48.136346871842768 ], [ 11.576392759897807, 48.136364847575251 ], [ 11.576339049940032, 48.136366052326686 ], [ 11.576339949854773, 48.136384028059851 ], [ 11.576286239874761, 48.136385232786971 ], [ 11.576287139771676, 48.136403208520825 ], [ 11.576260284770992, 48.136403810875358 ], [ 11.576261184659431, 48.136421786609517 ], [ 11.576207474636711, 48.13642299130052 ], [ 11.576208374507321, 48.136440967035362 ], [ 11.576154664462367, 48.136442171702065 ], [ 11.576155564315146, 48.136460147437589 ], [ 11.576101854247957, 48.136461352079962 ], [ 11.576102754082909, 48.136479327816176 ], [ 11.576049043993482, 48.136480532434227 ], [ 11.576049943810604, 48.136498508171123 ], [ 11.576023088755214, 48.136499110471121 ], [ 11.576023988563863, 48.136517086208343 ], [ 11.575970278431729, 48.136518290790292 ], [ 11.575971178222549, 48.136536266528189 ], [ 11.575917468068182, 48.136537471085802 ], [ 11.575918367841171, 48.136555446824389 ], [ 11.575864657664569, 48.136556651357694 ], [ 11.575865557419728, 48.136574627096962 ], [ 11.57583870232075, 48.136575229354591 ] ] ] } },
{ "type": "Feature", "properties": { "height": 4.0598297119140625 }, "geometry": { "type": "Polygon", "coordinates": [ [ [ 11.577000373398127, 48.135613383885456 ], [ 11.576999473277173, 48.135595408159219 ], [ 11.576972618712784, 48.135596010672664 ], [ 11.576970818492233, 48.135560059219202 ], [ 11.576943963945672, 48.13556066172562 ], [ 11.576943063846073, 48.135542685998409 ], [ 11.576916209307987, 48.135543288498184 ], [ 11.576915309218622, 48.135525312770532 ], [ 11.576969018275205, 48.13552410776547 ], [ 11.576968118168013, 48.135506132038479 ], [ 11.576994972685629, 48.135505529526938 ], [ 11.576994072569965, 48.135487553800282 ], [ 11.577074636089456, 48.135485746229129 ], [ 11.577076436377794, 48.135521697680119 ], [ 11.577103290901238, 48.135521095143119 ], [ 11.577104191056083, 48.13553907086812 ], [ 11.577131045588001, 48.135538468324484 ], [ 11.577131945753083, 48.135556444049051 ], [ 11.577105091211813, 48.135557046593078 ], [ 11.577105991368422, 48.135575022317958 ], [ 11.577079136816913, 48.135575624856088 ], [ 11.577080036965048, 48.135593600581281 ], [ 11.577026327840679, 48.135594805639506 ], [ 11.577027227970989, 48.135612781365374 ], [ 11.577000373398127, 48.135613383885456 ] ] ] } },
{ "type": "Feature", "properties": { "height": 20.971549987792969 }, "geometry": { "type": "Polygon", "coordinates": [ [ [ 11.573248024930169, 48.136381356028735 ], [ 11.573247126094795, 48.136363380251879 ], [ 11.57319341600577, 48.136364583533336 ], [ 11.573192517189989, 48.136346607755655 ], [ 11.573138807116154, 48.136347811011262 ], [ 11.573137908319962, 48.136329835232772 ], [ 11.573111053291079, 48.136330436850791 ], [ 11.573110154505121, 48.136312461071853 ], [ 11.573056444463427, 48.136313664288338 ], [ 11.573055545697061, 48.136295688508568 ], [ 11.573028690684248, 48.136296290107033 ], [ 11.573027791928117, 48.136278314326809 ], [ 11.572974081918561, 48.136279517504171 ], [ 11.572973183182022, 48.136261541723144 ], [ 11.57294632818528, 48.136262143302041 ], [ 11.572945429458976, 48.136244167520559 ], [ 11.572891719481559, 48.136245370658806 ], [ 11.572890820774846, 48.136227394876478 ], [ 11.572863965794172, 48.136227996435828 ], [ 11.572863067097694, 48.136210020653074 ], [ 11.572809357152421, 48.136211223752191 ], [ 11.572808458475532, 48.136193247968613 ], [ 11.572781603510927, 48.136193849508395 ], [ 11.572780704844273, 48.136175873724376 ], [ 11.57272699493114, 48.136177076784364 ], [ 11.572726096284075, 48.136159100999514 ], [ 11.572699241335544, 48.136159702519727 ], [ 11.572698342698716, 48.136141726734436 ], [ 11.572644632817722, 48.136142929755302 ], [ 11.572643734200485, 48.136124953969187 ], [ 11.572616879268022, 48.136125555469832 ], [ 11.572615980661018, 48.136107579683276 ], [ 11.572562270812167, 48.136108782665026 ], [ 11.572561372224753, 48.136090806877625 ], [ 11.572534517308361, 48.13609140835873 ], [ 11.572533618731184, 48.136073432570889 ], [ 11.572506763823267, 48.136074034045336 ], [ 11.572505865256327, 48.136056058257047 ], [ 11.572452155456563, 48.136057261186394 ], [ 11.572451256909211, 48.136039285397288 ], [ 11.572424402017365, 48.136039886852181 ], [ 11.572423503480248, 48.13602191106262 ], [ 11.572369793712625, 48.136023113952831 ], [ 11.572368895195098, 48.136005138162453 ], [ 11.572342040319324, 48.136005739597785 ], [ 11.57234114181203, 48.135987763806959 ], [ 11.572314286944732, 48.135988365235633 ], [ 11.572313388447673, 48.135970389444374 ], [ 11.57234024330562, 48.13596978801607 ], [ 11.572339344800087, 48.135951812225109 ], [ 11.572366199647796, 48.135951210790921 ], [ 11.572364402620661, 48.13591525920954 ], [ 11.572391257448782, 48.135914657769838 ], [ 11.572389460406455, 48.13587870618894 ], [ 11.572416315214987, 48.135878104743718 ], [ 11.572414518157469, 48.135842153163296 ], [ 11.572441372946411, 48.135841551712559 ], [ 11.572440474409618, 48.135823575922622 ], [ 11.572467329188322, 48.135822974465988 ], [ 11.572465532098667, 48.135787022886667 ], [ 11.572492386857784, 48.135786421424534 ], [ 11.572490589752936, 48.135750469845675 ], [ 11.572517444492462, 48.135749868378021 ], [ 11.572516545932004, 48.135731892588865 ], [ 11.572543400661294, 48.13573129111532 ], [ 11.572541603524307, 48.13569533953757 ], [ 11.572568458234009, 48.135694738058497 ], [ 11.572566661081833, 48.135658786481237 ], [ 11.572593515771944, 48.13565818499665 ], [ 11.572592617187821, 48.13564020920829 ], [ 11.572619471867696, 48.13563960771782 ], [ 11.57261767468338, 48.135603656141633 ], [ 11.572644529343668, 48.135603054645635 ], [ 11.572642732144161, 48.135567103069945 ], [ 11.572669586784858, 48.135566501568441 ], [ 11.572670485393527, 48.135584477355948 ], [ 11.572724194690991, 48.135583274333392 ], [ 11.572725093319251, 48.135601250120068 ], [ 11.572778802631905, 48.135600047071676 ], [ 11.572779701279753, 48.135618022857543 ], [ 11.572806555944116, 48.135617421323559 ], [ 11.572807454602199, 48.135635397108985 ], [ 11.572834309275034, 48.13563479556835 ], [ 11.572835207943353, 48.135652771353328 ], [ 11.572888917305097, 48.13565156825252 ], [ 11.57288801861807, 48.135633592468295 ], [ 11.572914873288267, 48.135632990908874 ], [ 11.572913974592767, 48.135615015124969 ], [ 11.572940829252728, 48.135614413559644 ], [ 11.572939930548751, 48.135596437776037 ], [ 11.572966785198478, 48.135595836204828 ], [ 11.572967683911809, 48.135613811988058 ], [ 11.573021393227334, 48.135612608826072 ], [ 11.573022291960255, 48.135630584608464 ], [ 11.573049146626053, 48.135629983017687 ], [ 11.573050045369207, 48.135647958799645 ], [ 11.57307690004348, 48.13564735720221 ], [ 11.573077798796872, 48.13566533298372 ], [ 11.573131508161485, 48.13566412976931 ], [ 11.573132406934464, 48.135682105549996 ], [ 11.573159261624806, 48.135681503933021 ], [ 11.573160160408023, 48.135699479713246 ], [ 11.573187015106837, 48.13569887808962 ], [ 11.57318791390029, 48.135716853869411 ], [ 11.57324162331399, 48.135715650602592 ], [ 11.57324252212703, 48.135733626381558 ], [ 11.573269376841916, 48.135733024738364 ], [ 11.573270275665191, 48.135751000516876 ], [ 11.573297130388552, 48.135750398867039 ], [ 11.573298029222062, 48.135768374645117 ], [ 11.573351738684851, 48.135767171325874 ], [ 11.573352637537953, 48.135785147103121 ], [ 11.573379492277381, 48.135784545433729 ], [ 11.573380391140718, 48.135802521210529 ], [ 11.573434100635646, 48.13580131785217 ], [ 11.573434999518572, 48.135819293628153 ], [ 11.57346185427407, 48.1358186919392 ], [ 11.573462753167231, 48.135836667714727 ], [ 11.573489607931204, 48.135836066019117 ], [ 11.573490506834602, 48.135854041794204 ], [ 11.573544216378616, 48.135852838383428 ], [ 11.573545115301604, 48.135870814157698 ], [ 11.573571970081646, 48.135870212442519 ], [ 11.573572869014869, 48.135888188216342 ], [ 11.573599723803383, 48.135887586494526 ], [ 11.573600622746842, 48.135905562267887 ], [ 11.573654332339945, 48.135904358804702 ], [ 11.573655231302993, 48.135922334577245 ], [ 11.573682086107578, 48.135921732835875 ], [ 11.573684783030069, 48.135975660151963 ], [ 11.573711637861839, 48.135975058403176 ], [ 11.573712536847117, 48.135993034174696 ], [ 11.573739391687361, 48.135992432419265 ], [ 11.573741189679271, 48.136028383961339 ], [ 11.573768044537347, 48.136027782198894 ], [ 11.573769842551489, 48.136063733739917 ], [ 11.573742987674704, 48.136064335503121 ], [ 11.573743886673739, 48.136082311273903 ], [ 11.573717031786719, 48.136082913031217 ], [ 11.573717930777281, 48.136100888802325 ], [ 11.573664220981888, 48.136102092298877 ], [ 11.573665119954621, 48.136120068070667 ], [ 11.573638265046249, 48.136120669809927 ], [ 11.573640062975644, 48.136156621354047 ], [ 11.57361320804768, 48.136157223087785 ], [ 11.573614107004344, 48.136175198860123 ], [ 11.573587252066147, 48.136175800587978 ], [ 11.573588151014336, 48.136193776360614 ], [ 11.573561296065902, 48.136194378082571 ], [ 11.573562195005614, 48.13621235385552 ], [ 11.573535340046947, 48.136212955571594 ], [ 11.573536238978186, 48.136230931344848 ], [ 11.573509384009281, 48.13623153305501 ], [ 11.573510282932045, 48.136249508828577 ], [ 11.573483427952906, 48.13625011053287 ], [ 11.573484326867193, 48.136268086306742 ], [ 11.573457471877818, 48.136268688005124 ], [ 11.573458370783632, 48.136286663779309 ], [ 11.573431515784023, 48.136287265471815 ], [ 11.573432414681362, 48.136305241246305 ], [ 11.573405559671516, 48.13630584293292 ], [ 11.573406458560379, 48.136323818707709 ], [ 11.573379603540298, 48.136324420388426 ], [ 11.573380502420687, 48.136342396163528 ], [ 11.57335364739037, 48.136342997838355 ], [ 11.573354546262284, 48.136360973613769 ], [ 11.573327691221733, 48.136361575282699 ], [ 11.57332859008517, 48.136379551058418 ], [ 11.573248024930169, 48.136381356028735 ] ] ] } },
{ "type": "Feature", "properties": { "height": 5.4132080078125 }, "geometry": { "type": "Polygon", "coordinates": [ [ [ 11.576218890855403, 48.135576927029263 ], [ 11.57621709116224, 48.135540975554385 ], [ 11.576190236609714, 48.13554157788451 ], [ 11.576188436938784, 48.13550562640858 ], [ 11.576242146005537, 48.135504421743555 ], [ 11.576241246152685, 48.135486446006247 ], [ 11.576294955197206, 48.1354852413169 ], [ 11.576295855068766, 48.135503217053454 ], [ 11.57632270959906, 48.135502614699007 ], [ 11.576325409247096, 48.135556541907121 ], [ 11.576298554688739, 48.135557144262712 ], [ 11.576299454563825, 48.13557511999899 ], [ 11.576218890855403, 48.135576927029263 ] ] ] } },
{ "type": "Feature", "properties": { "height": 5.4016036987304688 }, "geometry": { "type": "Polygon", "coordinates": [ [ [ 11.576594854760184, 48.135568493738589 ], [ 11.576593954782197, 48.135550518006461 ], [ 11.576567100232653, 48.135551120424743 ], [ 11.57656530029803, 48.135515168959522 ], [ 11.576538445766314, 48.135515771370784 ], [ 11.576537545809678, 48.13549779563769 ], [ 11.576591254853522, 48.135496590809673 ], [ 11.576590354879057, 48.135478615077275 ], [ 11.576617209390303, 48.135478012654247 ], [ 11.576616309407367, 48.135460036922161 ], [ 11.576643163908374, 48.135459434493235 ], [ 11.576644063900666, 48.135477410224944 ], [ 11.576670918410146, 48.135476807789374 ], [ 11.576672718416082, 48.135512759251831 ], [ 11.576699572943392, 48.135512156809234 ], [ 11.576701372971563, 48.135548108270676 ], [ 11.576647663878642, 48.13554931315111 ], [ 11.57664856387534, 48.13556728888247 ], [ 11.576594854760184, 48.135568493738589 ] ] ] } },
{ "type": "Feature", "properties": { "height": 13.3167724609375 }, "geometry": { "type": "Polygon", "coordinates": [ [ [ 11.577789960428849, 48.135811616835774 ], [ 11.57778906002603, 48.135793641121317 ], [ 11.577762205374949, 48.135794243821096 ], [ 11.577760404590663, 48.135758292391202 ], [ 11.577733549957413, 48.13575889508396 ], [ 11.577731749195364, 48.13572294365305 ], [ 11.57770489457994, 48.135723546338767 ], [ 11.577703994209591, 48.135705570622832 ], [ 11.577677139602642, 48.135706173301898 ], [ 11.577675338883301, 48.135670221869063 ], [ 11.577648484294178, 48.135670824541116 ], [ 11.577646683597074, 48.135634873107243 ], [ 11.577619829025778, 48.135635475772283 ], [ 11.577618928687905, 48.135617500054856 ], [ 11.577592074125082, 48.135618102713245 ], [ 11.577590273470687, 48.13558215127744 ], [ 11.577563418925694, 48.135582753928801 ], [ 11.577561618293533, 48.13554680249198 ], [ 11.577534763766367, 48.135547405136293 ], [ 11.577532963156443, 48.135511453698435 ], [ 11.577506108647105, 48.135512056335735 ], [ 11.577505208352822, 48.135494080616326 ], [ 11.577478353851955, 48.135494683246982 ], [ 11.57747655328474, 48.135458731807205 ], [ 11.577557116728563, 48.135456923898666 ], [ 11.577556216418214, 48.135438948179804 ], [ 11.577583070888371, 48.135438345531462 ], [ 11.577583971208076, 48.135456321249961 ], [ 11.577637680164454, 48.135455115933723 ], [ 11.577639480843924, 48.135491067368982 ], [ 11.577666335339499, 48.135490464700695 ], [ 11.577668136041206, 48.135526416134944 ], [ 11.577694990554612, 48.135525813459644 ], [ 11.577696791278553, 48.135561764892827 ], [ 11.577723645809785, 48.1355611622105 ], [ 11.577724546182433, 48.135579137926612 ], [ 11.577751400722137, 48.135578535237642 ], [ 11.577753201488788, 48.135614486668914 ], [ 11.57778005604632, 48.135613883972916 ], [ 11.577781856835209, 48.135649835403143 ], [ 11.577808711410569, 48.135649232700125 ], [ 11.57780961181569, 48.135667208414759 ], [ 11.577836466399523, 48.135666605705083 ], [ 11.577838267231119, 48.135702557133392 ], [ 11.577865121832778, 48.135701954416696 ], [ 11.577866922686612, 48.135737905843975 ], [ 11.5778937773061, 48.135737303120251 ], [ 11.577894677743695, 48.135755278833422 ], [ 11.577921532371656, 48.135754676103055 ], [ 11.577922432819488, 48.135772651815763 ], [ 11.57789557818217, 48.135773254546514 ], [ 11.577896478621527, 48.135791230259528 ], [ 11.577869623973976, 48.135791832984367 ], [ 11.577870524404862, 48.135809808697694 ], [ 11.577789960428849, 48.135811616835774 ] ] ] } },
{ "type": "Feature", "properties": { "height": 19.619979858398438 }, "geometry": { "type": "Polygon", "coordinates": [ [ [ 11.573891530242319, 48.135809064063245 ], [ 11.573889732159278, 48.135773112524049 ], [ 11.573916586881101, 48.135772510729268 ], [ 11.573915687831548, 48.135754534959943 ], [ 11.573942542543135, 48.135753933159272 ], [ 11.573941643485105, 48.135735957390253 ], [ 11.573968498186458, 48.135735355583691 ], [ 11.573967599119955, 48.135717379814984 ], [ 11.573994453811071, 48.135716778002532 ], [ 11.573993554736093, 48.135698802234131 ], [ 11.574020409416974, 48.135698200415781 ], [ 11.574019510333523, 48.1356802246477 ], [ 11.574046365004168, 48.135679622823453 ], [ 11.574045465912242, 48.13566164705567 ], [ 11.574072320572652, 48.135661045225547 ], [ 11.574071421472253, 48.135643069458077 ], [ 11.574098276122427, 48.135642467622056 ], [ 11.574097377013553, 48.135624491854898 ], [ 11.574124231653494, 48.135623890012972 ], [ 11.574123332536143, 48.135605914246121 ], [ 11.574150187165849, 48.135605312398319 ], [ 11.574149288040024, 48.135587336631758 ], [ 11.574176142659494, 48.135586734778066 ], [ 11.574175243525195, 48.135568759011825 ], [ 11.57420209813443, 48.135568157152235 ], [ 11.574201198991656, 48.1355501813863 ], [ 11.574228053590655, 48.135549579520827 ], [ 11.574227154439409, 48.135531603755197 ], [ 11.574280863616057, 48.135530400006189 ], [ 11.57427996444698, 48.135512424241256 ], [ 11.574333673601396, 48.135511220467919 ], [ 11.574332774414492, 48.135493244703667 ], [ 11.574359628981025, 48.135492642807975 ], [ 11.574358729785644, 48.135474667044036 ], [ 11.574412438897358, 48.135473463234604 ], [ 11.574411539684149, 48.13545548747134 ], [ 11.57449210331705, 48.135453681711311 ], [ 11.574493901800478, 48.135489633235494 ], [ 11.574520756361727, 48.135489031302193 ], [ 11.574521655614115, 48.135507007063801 ], [ 11.574467946472026, 48.135508210924904 ], [ 11.574468845706585, 48.135526186687194 ], [ 11.574415136542266, 48.135527390523976 ], [ 11.574416035758995, 48.135545366286948 ], [ 11.574389181166161, 48.135545968196318 ], [ 11.574390080374416, 48.135563943959596 ], [ 11.574336371167396, 48.135565147760268 ], [ 11.574337270357821, 48.135583123524256 ], [ 11.574283561128569, 48.135584327300606 ], [ 11.574284460301167, 48.135602303065269 ], [ 11.574257605675863, 48.13560290494442 ], [ 11.574258504839987, 48.135620880709382 ], [ 11.57423165020445, 48.135621482582636 ], [ 11.574232549360099, 48.135639458347924 ], [ 11.574205694714326, 48.135640060215295 ], [ 11.574206593861501, 48.135658035980867 ], [ 11.574179739205492, 48.13565863784234 ], [ 11.574180638344194, 48.13567661360824 ], [ 11.574126929010825, 48.135677817313137 ], [ 11.574127828131697, 48.135695793079712 ], [ 11.574100973454337, 48.135696394923137 ], [ 11.574101872566734, 48.135714370690039 ], [ 11.574075017879139, 48.135714972527559 ], [ 11.574075916983062, 48.135732948294752 ], [ 11.574049062285232, 48.135733550126389 ], [ 11.57404996138068, 48.135751525893902 ], [ 11.574023106672614, 48.135752127719648 ], [ 11.574024005759588, 48.135770103487459 ], [ 11.573997151041286, 48.135770705307316 ], [ 11.573998050119787, 48.135788681075432 ], [ 11.57397119539125, 48.135789282889405 ], [ 11.573972094461276, 48.135807258657834 ], [ 11.573891530242319, 48.135809064063245 ] ] ] } },
{ "type": "Feature", "properties": { "height": 14.604545593261719 }, "geometry": { "type": "Polygon", "coordinates": [ [ [ 11.582295626748513, 48.136664191156058 ], [ 11.582294724745998, 48.136646215508058 ], [ 11.582267869745602, 48.136646819268535 ], [ 11.582266967753325, 48.136628843620095 ], [ 11.582240112761403, 48.136629447373934 ], [ 11.582239210779363, 48.136611471725033 ], [ 11.58221235579591, 48.136612075472215 ], [ 11.58221145382411, 48.136594099822879 ], [ 11.58218459884913, 48.136594703563418 ], [ 11.582183696887569, 48.136576727913614 ], [ 11.582210551853192, 48.136576124173466 ], [ 11.582209649883158, 48.136558148523982 ], [ 11.582236504838546, 48.136557544777936 ], [ 11.582235602860038, 48.136539569128757 ], [ 11.582262457805186, 48.136538965376822 ], [ 11.58226155581821, 48.136520989727948 ], [ 11.582288410753119, 48.136520385970123 ], [ 11.58228750875767, 48.136502410321569 ], [ 11.582341218606128, 48.136501202787869 ], [ 11.582340316592854, 48.136483227139998 ], [ 11.582367171506402, 48.136482623364124 ], [ 11.582366269484654, 48.136464647716565 ], [ 11.582393124387966, 48.136464043934801 ], [ 11.582392222357747, 48.136446068287547 ], [ 11.582419077250821, 48.1364454644999 ], [ 11.582418175212128, 48.136427488852952 ], [ 11.582445030094965, 48.136426885059407 ], [ 11.582444128047802, 48.136408909412779 ], [ 11.582470982920396, 48.13640830561333 ], [ 11.582470080864764, 48.136390329967028 ], [ 11.582496935727121, 48.136389726161696 ], [ 11.582496033663015, 48.136371750515679 ], [ 11.582522888515136, 48.136371146704462 ], [ 11.582521986442558, 48.136353171058765 ], [ 11.582548841284439, 48.136352567241659 ], [ 11.582547939203389, 48.136334591596274 ], [ 11.582601648865792, 48.136333383943992 ], [ 11.582600746766918, 48.136315408299289 ], [ 11.582573891945513, 48.136316012128184 ], [ 11.582572087769121, 48.136280060837812 ], [ 11.582545232965543, 48.136280664659679 ], [ 11.582544330888027, 48.136262689014018 ], [ 11.582517476092919, 48.136263292829234 ], [ 11.582516574025641, 48.136245317183111 ], [ 11.582489719239007, 48.136245920991691 ], [ 11.582488817181966, 48.136227945345126 ], [ 11.582461962403803, 48.136228549147035 ], [ 11.582461060357002, 48.136210573500044 ], [ 11.58243420558731, 48.136211177295309 ], [ 11.582433303550747, 48.136193201647856 ], [ 11.582406448789525, 48.136193805436477 ], [ 11.582405546763201, 48.13617582978857 ], [ 11.582378692010449, 48.136176433570547 ], [ 11.58237688797916, 48.136140482273781 ], [ 11.582403742713202, 48.13613987849255 ], [ 11.582402840689527, 48.136121902844444 ], [ 11.582429695413328, 48.136121299057329 ], [ 11.582428793381181, 48.136103323409529 ], [ 11.582455648094745, 48.136102719616517 ], [ 11.582454746054129, 48.136084743969022 ], [ 11.582481600757454, 48.136084140170134 ], [ 11.582480698708364, 48.136066164522944 ], [ 11.582534408093654, 48.136064956907099 ], [ 11.582533506026738, 48.136046981260606 ], [ 11.582560360708705, 48.136046377443662 ], [ 11.582559458633316, 48.136028401797468 ], [ 11.582586313305045, 48.136027797974641 ], [ 11.582585411221187, 48.136009822328752 ], [ 11.582612265882675, 48.136009218500035 ], [ 11.582611363790345, 48.135991242854459 ], [ 11.582638218441597, 48.135990639019845 ], [ 11.582637316340795, 48.135972663374588 ], [ 11.582664170981809, 48.135972059534083 ], [ 11.582663268872537, 48.135954083889132 ], [ 11.582636414240879, 48.135954687729267 ], [ 11.582635512141843, 48.135936712083861 ], [ 11.582608657518657, 48.135937315917332 ], [ 11.58260775542986, 48.135919340271485 ], [ 11.582580900815145, 48.135919944098319 ], [ 11.582579096658911, 48.13588399280566 ], [ 11.582605951254918, 48.135883388979593 ], [ 11.582605049168771, 48.135865413333541 ], [ 11.582631903754541, 48.135864809501577 ], [ 11.582631001659923, 48.135846833855823 ], [ 11.582657856235453, 48.135846230017975 ], [ 11.582656954132364, 48.135828254372534 ], [ 11.582683808697656, 48.135827650528789 ], [ 11.582682906586095, 48.135809674883667 ], [ 11.58270976114115, 48.135809071034032 ], [ 11.582708859021119, 48.135791095389216 ], [ 11.582762568109867, 48.135789887671891 ], [ 11.58276166597201, 48.135771912027764 ], [ 11.582788520505705, 48.135771308160088 ], [ 11.582787618359376, 48.135753332516266 ], [ 11.582814472882832, 48.135752728642686 ], [ 11.582813570728034, 48.135734752999184 ], [ 11.582840425241251, 48.135734149119713 ], [ 11.582839523077981, 48.13571617347651 ], [ 11.582866377580959, 48.135715569591163 ], [ 11.582865475409218, 48.135697593948265 ], [ 11.58291918439382, 48.135696386159516 ], [ 11.582918282204252, 48.135678410517308 ], [ 11.582971991166609, 48.13567720270423 ], [ 11.582971088959216, 48.13565922706271 ], [ 11.582997943429715, 48.135658623147158 ], [ 11.582997041213849, 48.135640647505944 ], [ 11.583023895674112, 48.13564004358448 ], [ 11.583022993449777, 48.135622067943594 ], [ 11.583049847899799, 48.135621464016253 ], [ 11.583048945666993, 48.135603488375665 ], [ 11.583075800106776, 48.135602884442427 ], [ 11.583073995625107, 48.135566933161805 ], [ 11.582993432359228, 48.135568744940421 ], [ 11.582992530147781, 48.135550769298874 ], [ 11.582965675733409, 48.135551373212159 ], [ 11.582964773532201, 48.135533397570157 ], [ 11.5829379191263, 48.135534001476806 ], [ 11.582937016935329, 48.135516025834363 ], [ 11.5829101625379, 48.135516629734347 ], [ 11.582909260357168, 48.135498654091464 ], [ 11.582882405968208, 48.135499257984812 ], [ 11.582881503797712, 48.135481282341466 ], [ 11.582854649417225, 48.13548188622817 ], [ 11.582853747256967, 48.135463910584377 ], [ 11.582826892884952, 48.135464514464424 ], [ 11.582825990734932, 48.13544653882019 ], [ 11.582799136371387, 48.135447142693593 ], [ 11.582798234231605, 48.135429167048912 ], [ 11.582717671163731, 48.135430978630374 ], [ 11.582716769052897, 48.135413002984485 ], [ 11.582689914704527, 48.13541360683206 ], [ 11.582689012603931, 48.135395631185716 ], [ 11.582662158264032, 48.135396235026654 ], [ 11.582661256173672, 48.135378259379856 ], [ 11.582634401842245, 48.135378863214129 ], [ 11.582633499762125, 48.135360887566897 ], [ 11.582606645439167, 48.135361491394526 ], [ 11.582604841300284, 48.135325540099096 ], [ 11.582631695604533, 48.13532493627222 ], [ 11.582630793527061, 48.135306960624781 ], [ 11.582684502114198, 48.135305752952981 ], [ 11.582683600018902, 48.135287777306218 ], [ 11.582710454301791, 48.1352871734613 ], [ 11.582709552198024, 48.13526919781485 ], [ 11.582736406470675, 48.135268593964042 ], [ 11.582737308583797, 48.135286569610102 ], [ 11.582817871424513, 48.135284758018919 ], [ 11.582818773566583, 48.135302733663792 ], [ 11.582899336427412, 48.135300922015027 ], [ 11.582900238598425, 48.135318897658692 ], [ 11.582953947186605, 48.13531768986077 ], [ 11.582954849377211, 48.13533566550359 ], [ 11.58298170367933, 48.135335061594844 ], [ 11.582983508081902, 48.135371012879538 ], [ 11.583010362401847, 48.135370408963766 ], [ 11.583011264613814, 48.135388384605648 ], [ 11.583038118942229, 48.135387780683217 ], [ 11.583039021164431, 48.135405756324637 ], [ 11.583065875501317, 48.13540515239557 ], [ 11.583066777733759, 48.135423128036535 ], [ 11.583093632079116, 48.135422524100825 ], [ 11.583094534321797, 48.135440499741343 ], [ 11.583121388675625, 48.135439895798982 ], [ 11.583122290928541, 48.135457871439051 ], [ 11.583149145290841, 48.135457267490047 ], [ 11.583150949818037, 48.135493218769227 ], [ 11.583124095437029, 48.135493822718992 ], [ 11.583124997692599, 48.13551179835887 ], [ 11.583178706472438, 48.135510590452299 ], [ 11.583179608747599, 48.135528566091338 ], [ 11.583233317542614, 48.135527358158939 ], [ 11.583231512955757, 48.135491406882316 ], [ 11.583392639207341, 48.135487782939222 ], [ 11.583393541556454, 48.135505758575299 ], [ 11.583420395937981, 48.135505154562473 ], [ 11.583421298297333, 48.135523130198088 ], [ 11.583448152687328, 48.135522526178619 ], [ 11.583449055056919, 48.135540501813793 ], [ 11.583475909455387, 48.135539897787666 ], [ 11.583476811835213, 48.135557873422407 ], [ 11.583503666242153, 48.135557269389615 ], [ 11.58350456863222, 48.135575245023908 ], [ 11.583531423047628, 48.135574640984487 ], [ 11.583532325447933, 48.135592616618332 ], [ 11.583559179871814, 48.135592012572261 ], [ 11.583560082282355, 48.135609988205644 ], [ 11.583586936714708, 48.135609384152929 ], [ 11.583587839135488, 48.135627359785872 ], [ 11.58361469357631, 48.135626755726506 ], [ 11.583615596007331, 48.135644731359008 ], [ 11.583642450456622, 48.135644127292991 ], [ 11.58364335289788, 48.135662102925039 ], [ 11.583670207355642, 48.135661498852379 ], [ 11.583671109807138, 48.135679474483979 ], [ 11.583697964273373, 48.135678870404661 ], [ 11.583698866735107, 48.135696846035806 ], [ 11.583725721209813, 48.135696241949852 ], [ 11.583726623681784, 48.135714217580556 ], [ 11.583699769197725, 48.135714821666888 ], [ 11.583700671661227, 48.135732797297898 ], [ 11.583673817166929, 48.135733401378346 ], [ 11.583674719621959, 48.135751377009662 ], [ 11.583647865117422, 48.135751981084226 ], [ 11.583648767563982, 48.135769956715862 ], [ 11.583621913049209, 48.135770560784529 ], [ 11.583622815487297, 48.135788536416463 ], [ 11.583595960962283, 48.13578914047924 ], [ 11.583596863391902, 48.135807116111486 ], [ 11.58357000885665, 48.13580772016838 ], [ 11.583570911277798, 48.135825695800932 ], [ 11.583544056732308, 48.135826299851928 ], [ 11.583544959144984, 48.135844275484807 ], [ 11.583518104589256, 48.135844879529913 ], [ 11.583519006993463, 48.135862855163083 ], [ 11.583492152427496, 48.135863459202305 ], [ 11.583493054823229, 48.135881434835781 ], [ 11.583466200247024, 48.13588203886912 ], [ 11.583467102634286, 48.135900014502909 ], [ 11.583440248047843, 48.13590061853035 ], [ 11.583441150426635, 48.135918594164451 ], [ 11.583414295829956, 48.135919198186002 ], [ 11.583415198200276, 48.135937173820423 ], [ 11.583361488985553, 48.135938381845463 ], [ 11.583362391338049, 48.135956357480573 ], [ 11.583335536720007, 48.135956961484069 ], [ 11.583336439064031, 48.135974937119485 ], [ 11.583309584435751, 48.135975541117091 ], [ 11.583310486771303, 48.135993516752805 ], [ 11.583283632132785, 48.135994120744527 ], [ 11.583284534459869, 48.136012096380554 ], [ 11.58325767981111, 48.136012700366386 ], [ 11.583258582129721, 48.136030676002726 ], [ 11.583231727470727, 48.13603127998266 ], [ 11.583232629780866, 48.136049255619312 ], [ 11.583205775111631, 48.136049859593356 ], [ 11.583206677413301, 48.136067835230328 ], [ 11.583179822733829, 48.136068439198475 ], [ 11.583180725027027, 48.136086414835752 ], [ 11.583153870337316, 48.136087018798023 ], [ 11.583154772622041, 48.136104994435591 ], [ 11.583127917922095, 48.136105598391971 ], [ 11.583128820198349, 48.136123574029867 ], [ 11.583101965488162, 48.136124177980349 ], [ 11.583102867755946, 48.136142153618543 ], [ 11.583076013035521, 48.136142757563142 ], [ 11.583076915294832, 48.136160733201642 ], [ 11.583023205832621, 48.136161941072793 ], [ 11.583024108074108, 48.136179916711988 ], [ 11.582970398589653, 48.13618112455881 ], [ 11.582971300813313, 48.136199100198688 ], [ 11.582944446060406, 48.136199704113082 ], [ 11.582945348275596, 48.13621767975328 ], [ 11.582918493512448, 48.136218283661776 ], [ 11.582919395719166, 48.136236259302279 ], [ 11.582865686171514, 48.136237467101225 ], [ 11.582866588360405, 48.13625544274241 ], [ 11.5828397335759, 48.136256046632859 ], [ 11.58284063575632, 48.136274022274357 ], [ 11.582813780961574, 48.136274626158915 ], [ 11.582814683133522, 48.136292601800733 ], [ 11.58278782832854, 48.136293205679401 ], [ 11.582788730492016, 48.136311181321517 ], [ 11.582761875676796, 48.136311785194287 ], [ 11.5827627778318, 48.136329760836716 ], [ 11.582735923006341, 48.136330364703596 ], [ 11.582736825152876, 48.136348340346345 ], [ 11.582709970317177, 48.136348944207342 ], [ 11.582710872455241, 48.136366919850374 ], [ 11.582684017609305, 48.136367523705488 ], [ 11.582684919738895, 48.13638549934884 ], [ 11.582711774594186, 48.136384895493364 ], [ 11.582713578874728, 48.13642084677911 ], [ 11.582686724000727, 48.136421450635346 ], [ 11.582687626132968, 48.1364394262785 ], [ 11.582660771248728, 48.136440030128853 ], [ 11.582661673372497, 48.136458005772312 ], [ 11.582607963582658, 48.136459213454962 ], [ 11.5826088656886, 48.136477189099104 ], [ 11.582582010783002, 48.136477792931409 ], [ 11.582582912880474, 48.136495768575863 ], [ 11.582556057964634, 48.136496372402263 ], [ 11.582556960053633, 48.136514348047037 ], [ 11.582530105127558, 48.136514951867561 ], [ 11.582531007208086, 48.13653292751264 ], [ 11.582504152271772, 48.136533531327281 ], [ 11.582505054343828, 48.136551506972665 ], [ 11.582478199397274, 48.136552110781395 ], [ 11.58247910146086, 48.136570086427099 ], [ 11.582452246504069, 48.136570690229945 ], [ 11.58245314855918, 48.136588665875941 ], [ 11.582426293592151, 48.136589269672896 ], [ 11.582427195638793, 48.136607245319219 ], [ 11.582400340661524, 48.136607849110277 ], [ 11.582401242699692, 48.136625824756898 ], [ 11.582374387712187, 48.136626428542087 ], [ 11.582375289741885, 48.136644404189013 ], [ 11.582321579745511, 48.136645611741315 ], [ 11.58232248175738, 48.136663587388938 ], [ 11.582295626748513, 48.136664191156058 ] ] ] } },
{ "type": "Feature", "properties": { "height": 19.992012023925781 }, "geometry": { "type": "Polygon", "coordinates": [ [ [ 11.572151360841476, 48.135956022088926 ], [ 11.572150462402309, 48.135938046295259 ], [ 11.572096752710642, 48.135939249056321 ], [ 11.572095854291064, 48.135921273261829 ], [ 11.572068999453265, 48.135921874632565 ], [ 11.572068101043921, 48.13590389883764 ], [ 11.572014391384394, 48.135905101559572 ], [ 11.572013492994643, 48.135887125763801 ], [ 11.571986638172914, 48.135887727114991 ], [ 11.571985739793396, 48.135869751318786 ], [ 11.57193203016601, 48.135870954001597 ], [ 11.571931131806084, 48.135852978204568 ], [ 11.571904277000426, 48.135853579536203 ], [ 11.571903378650731, 48.135835603738705 ], [ 11.571849669055487, 48.135836806382393 ], [ 11.571847872396159, 48.135800854785728 ], [ 11.57187472717551, 48.135800253467771 ], [ 11.571872930500993, 48.135764301871582 ], [ 11.571899785260754, 48.135763700548111 ], [ 11.571897988571045, 48.135727748952391 ], [ 11.571924843311217, 48.135727147623406 ], [ 11.571923944958327, 48.135709171825823 ], [ 11.571950799688263, 48.135708570490941 ], [ 11.571949002966413, 48.135672618896329 ], [ 11.571975857676762, 48.135672017555933 ], [ 11.5719749593078, 48.135654041758897 ], [ 11.572001814007914, 48.135653440412604 ], [ 11.572000915630477, 48.135635464615888 ], [ 11.572027770320355, 48.135634863263704 ], [ 11.572026871934444, 48.135616887467265 ], [ 11.572053726614088, 48.135616286109212 ], [ 11.572052828219702, 48.135598310313092 ], [ 11.572079682889113, 48.135597708949135 ], [ 11.572077886084269, 48.135561757357458 ], [ 11.572104740734089, 48.135561155987979 ], [ 11.572103842323632, 48.135543180192414 ], [ 11.572130696963217, 48.135542578817045 ], [ 11.572129798544285, 48.135524603021786 ], [ 11.572156653173636, 48.135524001640526 ], [ 11.57215575474623, 48.135506025845579 ], [ 11.572182609365345, 48.13550542445843 ], [ 11.572181710929463, 48.135487448663788 ], [ 11.572235420146347, 48.135486245871434 ], [ 11.572236318600938, 48.135504221665322 ], [ 11.572263173217417, 48.135503620259364 ], [ 11.572264071682241, 48.135521596052804 ], [ 11.572317780931266, 48.13552039322132 ], [ 11.572318679415682, 48.135538369013943 ], [ 11.572372388679897, 48.135537166156638 ], [ 11.572373287183902, 48.13555514194843 ], [ 11.572426996463305, 48.135553939065296 ], [ 11.572427894986902, 48.135571914856264 ], [ 11.572481604281494, 48.135570711947295 ], [ 11.572482502824679, 48.135588687737453 ], [ 11.57250935748001, 48.135588086273174 ], [ 11.57251025603343, 48.135606062062884 ], [ 11.572483401368745, 48.135606663527525 ], [ 11.572485198459514, 48.135642615107486 ], [ 11.572458343775237, 48.135643216566613 ], [ 11.572459242312584, 48.135661192356856 ], [ 11.572432387618074, 48.135661793810087 ], [ 11.572434184676702, 48.135697745391148 ], [ 11.5724073299626, 48.135698346838865 ], [ 11.572409127006038, 48.135734298420381 ], [ 11.572382272272348, 48.135734899862584 ], [ 11.572384069300595, 48.135770851444597 ], [ 11.572357214547315, 48.135771452881286 ], [ 11.572358113053403, 48.135789428672553 ], [ 11.572331258289887, 48.135790030103351 ], [ 11.572333055285995, 48.135825981686445 ], [ 11.572306200502888, 48.135826583111729 ], [ 11.572307098992908, 48.135844558903557 ], [ 11.572280244199566, 48.135845160322951 ], [ 11.572282041163534, 48.135881111907132 ], [ 11.572255186350604, 48.135881713321012 ], [ 11.572256084824552, 48.135899689113394 ], [ 11.572229230001389, 48.13590029052137 ], [ 11.572231026933213, 48.135936242106652 ], [ 11.572204172090457, 48.135936843509128 ], [ 11.572205070548335, 48.135954819302043 ], [ 11.572151360841476, 48.135956022088926 ] ] ] } },
{ "type": "Feature", "properties": { "height": 5.343536376953125 }, "geometry": { "type": "Polygon", "coordinates": [ [ [ 11.576510691286435, 48.135498398042301 ], [ 11.576509791340037, 48.13548042230876 ], [ 11.576482936825267, 48.135481024706728 ], [ 11.576481136953822, 48.135445073238692 ], [ 11.576454282456881, 48.135445675629633 ], [ 11.576453382531835, 48.135427699895132 ], [ 11.576480237019423, 48.135427097504582 ], [ 11.576479337085903, 48.135409121770394 ], [ 11.576506191563254, 48.135408519373954 ], [ 11.576505291621261, 48.135390543640071 ], [ 11.57655900055461, 48.135389338829121 ], [ 11.576559900515312, 48.135407314562251 ], [ 11.576586754990018, 48.135406712146995 ], [ 11.576587654960957, 48.13542468787967 ], [ 11.576614509444138, 48.135424085457771 ], [ 11.576616309407367, 48.135460036922161 ], [ 11.576589454905475, 48.135460639344821 ], [ 11.576590354879057, 48.135478615077275 ], [ 11.576536645853926, 48.135479819904546 ], [ 11.576537545809678, 48.13549779563769 ], [ 11.576510691286435, 48.135498398042301 ] ] ] } },
{ "type": "Feature", "properties": { "height": 14.886039733886719 }, "geometry": { "type": "Polygon", "coordinates": [ [ [ 11.579761161355844, 48.135983311029044 ], [ 11.579759359164115, 48.13594735965691 ], [ 11.579732504474523, 48.135947962818484 ], [ 11.579729801221609, 48.135894035758639 ], [ 11.579702946559198, 48.135894638912816 ], [ 11.579701144413709, 48.13585868753848 ], [ 11.579674289769128, 48.135859290685616 ], [ 11.579671586585578, 48.135805363622467 ], [ 11.579644731968177, 48.135805966762199 ], [ 11.579642028820633, 48.135752039697287 ], [ 11.579615174230415, 48.13575264282963 ], [ 11.579609768015278, 48.135644788695657 ], [ 11.579582913480303, 48.135645391819438 ], [ 11.579577507353058, 48.135537537680733 ], [ 11.579550652873332, 48.135538140795994 ], [ 11.579545246833979, 48.135430286652507 ], [ 11.579518392409495, 48.13543088975922 ], [ 11.579510283494212, 48.13526910853593 ], [ 11.57959084651244, 48.135267299207179 ], [ 11.579589945498201, 48.135249323516497 ], [ 11.579643654153898, 48.135248117266734 ], [ 11.579645456220677, 48.135284068646534 ], [ 11.579672310565909, 48.135283465511492 ], [ 11.57967501370076, 48.135337392579537 ], [ 11.579701868073174, 48.13533678943709 ], [ 11.579705472302743, 48.135408692191994 ], [ 11.579732326711696, 48.135408089041775 ], [ 11.579735029921203, 48.135462016106096 ], [ 11.579761884357334, 48.135461412948473 ], [ 11.579764587602844, 48.135515340011025 ], [ 11.579791442066158, 48.135514736845998 ], [ 11.579795046443277, 48.135586639593605 ], [ 11.579821900943127, 48.13558603642079 ], [ 11.579824604263296, 48.135639963479619 ], [ 11.579851458790328, 48.135639360299407 ], [ 11.57985506326699, 48.13571126304204 ], [ 11.579881917830559, 48.135710659854048 ], [ 11.579884621225386, 48.135764586909168 ], [ 11.579911475816136, 48.135763983713765 ], [ 11.579915080392345, 48.135835886451439 ], [ 11.579941935019631, 48.135835283248248 ], [ 11.579944638489119, 48.135889210299645 ], [ 11.579971493143587, 48.135888607089058 ], [ 11.579974196649081, 48.135942534138692 ], [ 11.579893632598836, 48.13594434375505 ], [ 11.579894533741035, 48.135962319439251 ], [ 11.579813969654783, 48.135964129000314 ], [ 11.5798148707698, 48.135982104685588 ], [ 11.579761161355844, 48.135983311029044 ] ] ] } },
{ "type": "Feature", "properties": { "height": 5.6454086303710938 }, "geometry": { "type": "Polygon", "coordinates": [ [ [ 11.576133828053072, 48.13548885530971 ], [ 11.576132928238518, 48.135470879570825 ], [ 11.576106073720769, 48.135471481880636 ], [ 11.576102474508788, 48.135399578922879 ], [ 11.576156183468575, 48.135398374300003 ], [ 11.576155283649074, 48.135380398561139 ], [ 11.576208992586624, 48.135379193913941 ], [ 11.576208092749296, 48.135361218175767 ], [ 11.576261801664613, 48.135360013504254 ], [ 11.576260901809455, 48.135342037766762 ], [ 11.576341465147758, 48.135340230713602 ], [ 11.576340565265419, 48.135322254977183 ], [ 11.576394274134506, 48.135321050244492 ], [ 11.576393374234339, 48.135303074508755 ], [ 11.576473937503295, 48.135301267363836 ], [ 11.576475737360639, 48.135337218832959 ], [ 11.576502591800571, 48.135336616438018 ], [ 11.576503491739921, 48.135354592172106 ], [ 11.576530346188326, 48.135353989770522 ], [ 11.576531246137911, 48.135371965504163 ], [ 11.576504391680151, 48.135372567906124 ], [ 11.576505291621261, 48.135390543640071 ], [ 11.576424728214628, 48.135392350809468 ], [ 11.576425628128558, 48.135410326544481 ], [ 11.576371919167686, 48.135411531293492 ], [ 11.576372819063787, 48.135429507029201 ], [ 11.576319110080682, 48.135430711753891 ], [ 11.576320009958955, 48.135448687490268 ], [ 11.576266300953616, 48.135449892190636 ], [ 11.576267200814062, 48.135467867927709 ], [ 11.576213491786486, 48.135469072603762 ], [ 11.576214391629103, 48.13548704834151 ], [ 11.576133828053072, 48.13548885530971 ] ] ] } },
{ "type": "Feature", "properties": { "height": 19.448554992675781 }, "geometry": { "type": "Polygon", "coordinates": [ [ [ 11.567517166600984, 48.136833530437272 ], [ 11.567516269751845, 48.136815554581013 ], [ 11.56748941435122, 48.136816154890028 ], [ 11.567488517512317, 48.136798179033335 ], [ 11.567381095938456, 48.136800580205239 ], [ 11.567379302338129, 48.136764628488628 ], [ 11.567406157714199, 48.136764028205803 ], [ 11.56739898327317, 48.136620221339584 ], [ 11.56742583857352, 48.136619621053505 ], [ 11.567419560918237, 48.136493790044568 ], [ 11.567446416152217, 48.136493189754844 ], [ 11.567441035282952, 48.136385334603879 ], [ 11.567467890459922, 48.136384734310163 ], [ 11.567466096825148, 48.136348782593387 ], [ 11.56749295198253, 48.136348182294142 ], [ 11.56749026150889, 48.136294254719573 ], [ 11.567517116637328, 48.136293654415191 ], [ 11.567515322973914, 48.136257702699211 ], [ 11.567542178082762, 48.136257102389315 ], [ 11.567539487566165, 48.136203174815975 ], [ 11.567566342646069, 48.136202574500942 ], [ 11.567564548954017, 48.136166622785787 ], [ 11.567591404014333, 48.136166022465233 ], [ 11.567588713454777, 48.136112094893114 ], [ 11.567615568486147, 48.136111494567416 ], [ 11.567613774765459, 48.136075542853085 ], [ 11.567640629777241, 48.136074942521873 ], [ 11.567637939174727, 48.13602101495097 ], [ 11.567664794157565, 48.136020414614634 ], [ 11.567662103534889, 48.135966487044229 ], [ 11.567688958488784, 48.135965886702742 ], [ 11.567686267845948, 48.135911959132848 ], [ 11.567713122770899, 48.135911358786217 ], [ 11.56771132899469, 48.135875407073378 ], [ 11.567765038804536, 48.135874206362814 ], [ 11.567764141899039, 48.135856230507038 ], [ 11.567737287003908, 48.135856830865073 ], [ 11.56773549321426, 48.135820879152568 ], [ 11.567762348090678, 48.135820278795279 ], [ 11.567759657384725, 48.135766351227126 ], [ 11.5677865122322, 48.135765750864707 ], [ 11.567783821506087, 48.135711823297051 ], [ 11.567810676324617, 48.13571122292948 ], [ 11.567807985578343, 48.135657295362343 ], [ 11.567834840367933, 48.135656694989642 ], [ 11.567832149601497, 48.135602767423016 ], [ 11.567859004362143, 48.135602167045164 ], [ 11.567856313575549, 48.135548239479036 ], [ 11.567883168307251, 48.13554763909606 ], [ 11.567880477500497, 48.135493711530444 ], [ 11.567907332203255, 48.135493111142317 ], [ 11.567904641376339, 48.135439183577198 ], [ 11.567931496050155, 48.135438583183941 ], [ 11.567930599100253, 48.135420607329138 ], [ 11.568118581726882, 48.135416404403415 ], [ 11.56811947874227, 48.135434380255589 ], [ 11.568146333409057, 48.135433779812175 ], [ 11.56814992151681, 48.135505683218639 ], [ 11.56817677622014, 48.135505082767452 ], [ 11.568180364379367, 48.135576986171301 ], [ 11.568207219119238, 48.135576385712334 ], [ 11.568209910275948, 48.135630313263356 ], [ 11.568236765043006, 48.135629712796991 ], [ 11.568239456235686, 48.135683640346279 ], [ 11.568266311029928, 48.135683039872511 ], [ 11.568269002258582, 48.135736967420051 ], [ 11.568295857080011, 48.135736366938893 ], [ 11.568298548344634, 48.135790294484657 ], [ 11.568325403193255, 48.135789693996109 ], [ 11.568327197392771, 48.135825645692186 ], [ 11.56835405225922, 48.135825045196604 ], [ 11.56835584648096, 48.135860996891651 ], [ 11.568302136709764, 48.135862197878055 ], [ 11.568303033803243, 48.135880173726228 ], [ 11.568222469111793, 48.13588197515994 ], [ 11.568223366178085, 48.135899951009179 ], [ 11.568115946539766, 48.13590235283452 ], [ 11.568116843569516, 48.135920328685202 ], [ 11.568063133726376, 48.13592152956101 ], [ 11.568061339705176, 48.135885577858076 ], [ 11.568007629895941, 48.135886778707317 ], [ 11.568012114861979, 48.135976657967866 ], [ 11.567985259909269, 48.135977258384962 ], [ 11.56798974485049, 48.136067137645675 ], [ 11.568016599849978, 48.136066537226704 ], [ 11.568015702850621, 48.136048561375077 ], [ 11.568149977788098, 48.136045559188041 ], [ 11.568149080742845, 48.136027583338226 ], [ 11.568202790692975, 48.13602638242029 ], [ 11.568205481887503, 48.136080309967255 ], [ 11.56815177188124, 48.136081510887465 ], [ 11.56815266892913, 48.136099486737074 ], [ 11.567991538833128, 48.136103089349476 ], [ 11.567992435825763, 48.136121065201273 ], [ 11.567938725768023, 48.136122266022682 ], [ 11.56792796213889, 48.135906555787521 ], [ 11.567901107220965, 48.135907156184302 ], [ 11.567902004175872, 48.135925132037983 ], [ 11.567848294318678, 48.135926332813483 ], [ 11.56785008819371, 48.135962284522165 ], [ 11.567823233245084, 48.135962884901268 ], [ 11.567825924036153, 48.136016812464888 ], [ 11.567799069058584, 48.136017412838854 ], [ 11.567801759829493, 48.136071340402978 ], [ 11.567774904822979, 48.136071940771807 ], [ 11.567777595573727, 48.136125868336428 ], [ 11.567750740538271, 48.136126468700112 ], [ 11.567752534357783, 48.13616242041028 ], [ 11.567725679302736, 48.136163020768436 ], [ 11.567726576204457, 48.136180996623793 ], [ 11.567780286332379, 48.136179795900432 ], [ 11.567779389411951, 48.136161820045835 ], [ 11.56796737476653, 48.136157617319256 ], [ 11.567966477781493, 48.136139641467217 ], [ 11.568127607995027, 48.136136038887898 ], [ 11.568126710954738, 48.136118063038055 ], [ 11.568287841080519, 48.136114460235312 ], [ 11.568288738176941, 48.136132436082896 ], [ 11.568315593204185, 48.13613183559346 ], [ 11.568319181636081, 48.1362037389816 ], [ 11.568399746824806, 48.136201937471135 ], [ 11.568398849687446, 48.136183961625335 ], [ 11.568533124937639, 48.136180958984397 ], [ 11.568532227754385, 48.136162983140423 ], [ 11.568639647901303, 48.136160580916332 ], [ 11.56864054512198, 48.136178556758807 ], [ 11.568667400165868, 48.136177956186735 ], [ 11.568670091861234, 48.136231883712647 ], [ 11.568696946932311, 48.136231283133171 ], [ 11.56869963866365, 48.136285210657327 ], [ 11.568726493761915, 48.136284610070469 ], [ 11.568729185529227, 48.136338537592863 ], [ 11.568756040654678, 48.136337936998579 ], [ 11.568757835189324, 48.136373888679088 ], [ 11.568784690332606, 48.136373288077806 ], [ 11.568787382169232, 48.13642721559691 ], [ 11.568814237339703, 48.136426614988224 ], [ 11.568816929212304, 48.136480542505574 ], [ 11.56884378440996, 48.136479941889483 ], [ 11.568846476318534, 48.136533869405085 ], [ 11.568873331543379, 48.136533268781591 ], [ 11.5688751261722, 48.136569220457559 ], [ 11.568794560438898, 48.136571022311479 ], [ 11.56879545772656, 48.136588998150501 ], [ 11.568688036699099, 48.136591400536119 ], [ 11.568688933950217, 48.136609376376562 ], [ 11.568608368142328, 48.136611178101084 ], [ 11.568609265366261, 48.136629153942593 ], [ 11.568501844239353, 48.136631556155692 ], [ 11.568502741426741, 48.136649531998636 ], [ 11.568395320248355, 48.13665193411294 ], [ 11.568396217399201, 48.136669909957327 ], [ 11.568288796169334, 48.136672311972816 ], [ 11.568289693283635, 48.136690287818624 ], [ 11.568209127323945, 48.136692089265566 ], [ 11.568210024411057, 48.136710065112432 ], [ 11.568102603081748, 48.136712466955402 ], [ 11.568103500132317, 48.136730442803724 ], [ 11.567996078751532, 48.136732844547879 ], [ 11.567996975765558, 48.136750820397644 ], [ 11.567889554333295, 48.136753222042998 ], [ 11.567890451310776, 48.136771197894198 ], [ 11.567783029827037, 48.136773599440751 ], [ 11.567783926767973, 48.13679157529338 ], [ 11.567676505232757, 48.136793976741131 ], [ 11.567677402137152, 48.136811952595188 ], [ 11.567569980550461, 48.136814353944153 ], [ 11.567570877418309, 48.136832329799653 ], [ 11.567517166600984, 48.136833530437272 ] ] ] } },
{ "type": "Feature", "properties": { "height": 17.588104248046875 }, "geometry": { "type": "Polygon", "coordinates": [ [ [ 11.580052958297376, 48.135904773101835 ], [ 11.580052057101696, 48.135886797419694 ], [ 11.580025202449876, 48.135887400649082 ], [ 11.580022498896195, 48.135833473601096 ], [ 11.579995644271557, 48.13583407682308 ], [ 11.579992940753883, 48.135780149773339 ], [ 11.579966086156427, 48.135780752987927 ], [ 11.579963382674759, 48.13572682593643 ], [ 11.579936528104483, 48.135727429143614 ], [ 11.579933824658822, 48.135673502090334 ], [ 11.579906970115729, 48.135674105290121 ], [ 11.579904266706073, 48.135620178235094 ], [ 11.579877412190163, 48.135620781427477 ], [ 11.579873807693728, 48.135548878684965 ], [ 11.579846953214352, 48.13554948186956 ], [ 11.579843348769455, 48.135477579124434 ], [ 11.579816494326616, 48.135478182301242 ], [ 11.579813791030272, 48.135424255240544 ], [ 11.579786936614614, 48.135424858409948 ], [ 11.57978333226926, 48.135352955659855 ], [ 11.579756477890136, 48.135353558821478 ], [ 11.579751972525072, 48.135263680380412 ], [ 11.579725118191838, 48.135264283533886 ], [ 11.579724217130828, 48.135246307845087 ], [ 11.579777925777703, 48.135245101532654 ], [ 11.579777024698863, 48.135227125844537 ], [ 11.579911296253837, 48.135224109955615 ], [ 11.57991039512911, 48.135206134269332 ], [ 11.580044666615247, 48.135203118225576 ], [ 11.58004376544463, 48.135185142541111 ], [ 11.580204891142751, 48.135181523084015 ], [ 11.580203989916889, 48.135163547401746 ], [ 11.58036511552711, 48.135159927721247 ], [ 11.580364214246003, 48.135141952041174 ], [ 11.580552194018958, 48.135137728798007 ], [ 11.580551292673254, 48.13511975312052 ], [ 11.5806855638664, 48.13511673633208 ], [ 11.580684662474807, 48.135098760656426 ], [ 11.580711516701433, 48.135098157280304 ], [ 11.580713319504211, 48.135134108630808 ], [ 11.580740173748662, 48.135133505247666 ], [ 11.580744680817826, 48.13522338362084 ], [ 11.580771535108166, 48.135222780229533 ], [ 11.580776042246168, 48.135312658599062 ], [ 11.5808028965824, 48.135312055199606 ], [ 11.580805600903856, 48.135365982219355 ], [ 11.580832455267268, 48.135365378812494 ], [ 11.580835159624732, 48.135419305830482 ], [ 11.580862014015326, 48.13541870241621 ], [ 11.580863816943426, 48.135454653760441 ], [ 11.580890671351845, 48.135454050339156 ], [ 11.580892474302184, 48.135490001682342 ], [ 11.580919328728431, 48.135489398254023 ], [ 11.580922033188623, 48.135543325267165 ], [ 11.58094888764205, 48.135542721831442 ], [ 11.580950690638636, 48.135578673172418 ], [ 11.580977545109889, 48.135578069729675 ], [ 11.580980249639451, 48.135631996739505 ], [ 11.580926540639936, 48.135633203621005 ], [ 11.580927442132847, 48.135651179291571 ], [ 11.58087373311109, 48.135652386148756 ], [ 11.580874634586175, 48.135670361819997 ], [ 11.580820925542179, 48.13567156865286 ], [ 11.580821826999435, 48.135689544324798 ], [ 11.580768117933198, 48.135690751133346 ], [ 11.58076901937263, 48.135708726805966 ], [ 11.580715310284154, 48.135709933590199 ], [ 11.580716211705756, 48.135727909263508 ], [ 11.580635648038356, 48.135729719393964 ], [ 11.58063654943278, 48.135747695068339 ], [ 11.580555985729371, 48.135749505143508 ], [ 11.580556887096613, 48.135767480818956 ], [ 11.580476323357196, 48.135769290838851 ], [ 11.580477224697256, 48.135787266515351 ], [ 11.580423515514521, 48.135788473164688 ], [ 11.580424416836756, 48.135806448841883 ], [ 11.580370707631781, 48.135807655466891 ], [ 11.580371608936188, 48.135825631144783 ], [ 11.580317899708975, 48.135826837745483 ], [ 11.580318800995554, 48.135844813424058 ], [ 11.580265091746101, 48.135846020000429 ], [ 11.580265993014853, 48.135863995679692 ], [ 11.58018542910599, 48.135865805498376 ], [ 11.58018633034756, 48.135883781178698 ], [ 11.58010576640269, 48.13588559094211 ], [ 11.580106667617079, 48.135903566623483 ], [ 11.580052958297376, 48.135904773101835 ] ] ] } },
{ "type": "Feature", "properties": { "height": 19.185722351074219 }, "geometry": { "type": "Polygon", "coordinates": [ [ [ 11.577609025029471, 48.13541976715868 ], [ 11.577608124702175, 48.135401791440437 ], [ 11.577500706894622, 48.135404202018215 ], [ 11.577499806605626, 48.135386226298394 ], [ 11.577419243268768, 48.135388034164755 ], [ 11.577410240707945, 48.135208276951317 ], [ 11.577437095060899, 48.135207674339242 ], [ 11.577434394281779, 48.135153747174989 ], [ 11.577676083166136, 48.135148323394397 ], [ 11.577679684543487, 48.135220226266313 ], [ 11.577599121477716, 48.135222034254134 ], [ 11.577600922115556, 48.135257985691958 ], [ 11.577574067739826, 48.135258588342779 ], [ 11.577575868362482, 48.135294539781071 ], [ 11.577629577150478, 48.13529333447164 ], [ 11.57762867682, 48.135275358753283 ], [ 11.577709239967316, 48.13527355074325 ], [ 11.577716442860336, 48.135417356479088 ], [ 11.577609025029471, 48.13541976715868 ] ] ] } },
{ "type": "Feature", "properties": { "height": 16.536476135253906 }, "geometry": { "type": "Polygon", "coordinates": [ [ [ 11.581004399580259, 48.135577466280658 ], [ 11.581002596546256, 48.135541514941181 ], [ 11.580975742094592, 48.135542118389445 ], [ 11.580973939082831, 48.135506167048938 ], [ 11.580947084648995, 48.135506770490174 ], [ 11.580944380166034, 48.135452843477758 ], [ 11.58091752575938, 48.135453446911598 ], [ 11.58091482131243, 48.135399519897405 ], [ 11.580887966932956, 48.135400123323848 ], [ 11.580884361053464, 48.135328220635792 ], [ 11.580857506710528, 48.135328824054433 ], [ 11.580853900882575, 48.135256921363769 ], [ 11.580827046576172, 48.135257524774637 ], [ 11.580822539357868, 48.135167646407844 ], [ 11.580795685097353, 48.135168249810548 ], [ 11.580792079376018, 48.135096347114349 ], [ 11.580818933599113, 48.135095743713165 ], [ 11.580818032161631, 48.135077768039324 ], [ 11.581220845261821, 48.135068716274901 ], [ 11.581221746839617, 48.135086691943073 ], [ 11.581463434688574, 48.135081260203997 ], [ 11.581464336351441, 48.135099235868687 ], [ 11.581571753187662, 48.135096821597919 ], [ 11.581572654888831, 48.135114797261032 ], [ 11.581680071748337, 48.135112382888458 ], [ 11.581680973487808, 48.135130358549986 ], [ 11.581788390370605, 48.135127944075606 ], [ 11.581795604617492, 48.135271749353194 ], [ 11.581822458910818, 48.135271145715897 ], [ 11.581823360705005, 48.13528912137491 ], [ 11.58176965209876, 48.13529032864399 ], [ 11.581770553875124, 48.135308304303692 ], [ 11.58174369956132, 48.1353089079292 ], [ 11.581744601329213, 48.135326883589201 ], [ 11.581717747005174, 48.135327487208833 ], [ 11.581718648764594, 48.13534546286914 ], [ 11.581664940095157, 48.13534667009035 ], [ 11.581665841836752, 48.135364645751352 ], [ 11.581612133145075, 48.135365852948233 ], [ 11.581613034868843, 48.135383828609925 ], [ 11.581559326154924, 48.135385035782491 ], [ 11.581560227860868, 48.135403011444872 ], [ 11.58153337349323, 48.135403615022135 ], [ 11.5815342751907, 48.135421590684814 ], [ 11.581480566434065, 48.135422797821285 ], [ 11.581481468113711, 48.135440773484667 ], [ 11.581427759334836, 48.135441980596809 ], [ 11.581428660996655, 48.135459956260874 ], [ 11.581374952195537, 48.135461163348701 ], [ 11.581375853839532, 48.135479139013455 ], [ 11.581322145016173, 48.13548034607696 ], [ 11.581323046642341, 48.135498321742411 ], [ 11.581269337796742, 48.135499528781601 ], [ 11.581270239405082, 48.135517504447719 ], [ 11.581216530537246, 48.135518711462595 ], [ 11.58121743212776, 48.135536687129409 ], [ 11.581163723237681, 48.135537894119963 ], [ 11.581164624810368, 48.135555869787474 ], [ 11.581084061440563, 48.135557680227421 ], [ 11.581084962986072, 48.135575655895984 ], [ 11.581004399580259, 48.135577466280658 ] ] ] } },
{ "type": "Feature", "properties": { "height": 4.599273681640625 }, "geometry": { "type": "Polygon", "coordinates": [ [ [ 11.57720800841469, 48.135464757761468 ], [ 11.577207108225952, 48.135446782037697 ], [ 11.577153399260073, 48.135447987152567 ], [ 11.577148898423147, 48.135358108528862 ], [ 11.577122043985659, 48.135358711075007 ], [ 11.577113042471465, 48.13517895381861 ], [ 11.57713989681541, 48.135178351276245 ], [ 11.577138996659484, 48.135160375550605 ], [ 11.577192705326016, 48.135159170447821 ], [ 11.577191805152264, 48.13514119472287 ], [ 11.577218659474852, 48.13514059216245 ], [ 11.57721955965796, 48.135158567887032 ], [ 11.577246413989025, 48.135157965319969 ], [ 11.577247314182367, 48.135175941044089 ], [ 11.577274168521901, 48.135175338470383 ], [ 11.577275968929944, 48.135211289917677 ], [ 11.577302823287308, 48.135210687336944 ], [ 11.577313625921857, 48.135426396010388 ], [ 11.577286771452238, 48.135426998595662 ], [ 11.577287671668159, 48.135444974318375 ], [ 11.57723396270757, 48.135446179470861 ], [ 11.577234862905662, 48.135464155194263 ], [ 11.57720800841469, 48.135464757761468 ] ] ] } },
{ "type": "Feature", "properties": { "height": 17.378242492675781 }, "geometry": { "type": "Polygon", "coordinates": [ [ [ 11.577719457522415, 48.136551031893994 ], [ 11.577718557120864, 48.136533056180859 ], [ 11.577691702082703, 48.136533658871066 ], [ 11.577689901300957, 48.13649770744383 ], [ 11.577663046280623, 48.13649831012701 ], [ 11.577661245521114, 48.136462358698736 ], [ 11.577634390518611, 48.136462961374882 ], [ 11.577633490149532, 48.136444985660269 ], [ 11.577606635155503, 48.136445588329771 ], [ 11.577604834438704, 48.136409636899579 ], [ 11.577577979462502, 48.136410239562046 ], [ 11.577576178767941, 48.136374288130824 ], [ 11.577549323809569, 48.136374890786286 ], [ 11.577547523137243, 48.136338939354019 ], [ 11.577520668196698, 48.136339542002439 ], [ 11.577518867546608, 48.136303590569149 ], [ 11.577545722468445, 48.136302987921489 ], [ 11.577544822135367, 48.136285012205121 ], [ 11.577652241776468, 48.136282601553269 ], [ 11.577651341406852, 48.136264625838344 ], [ 11.577705051203401, 48.136263420475551 ], [ 11.577704150815958, 48.136245444761315 ], [ 11.577731005703557, 48.136244842070901 ], [ 11.577729204912604, 48.136208890642969 ], [ 11.577809769513975, 48.136207082536373 ], [ 11.577808869091756, 48.13618910682343 ], [ 11.577862578802884, 48.136187901388439 ], [ 11.577861678362838, 48.136169925676185 ], [ 11.577888533207725, 48.136169322949669 ], [ 11.577887632759206, 48.136151347237728 ], [ 11.577914487593855, 48.136150744505322 ], [ 11.577913587136862, 48.136132768793694 ], [ 11.577940441961275, 48.13613216605539 ], [ 11.577939541495809, 48.13611419034406 ], [ 11.57799325112328, 48.136112984849404 ], [ 11.577992350639985, 48.136095009138771 ], [ 11.578046060245219, 48.136093803619787 ], [ 11.578045159744097, 48.136075827909835 ], [ 11.578206288482507, 48.136072211204734 ], [ 11.578207189039759, 48.136090186912412 ], [ 11.578260898630884, 48.136088981293128 ], [ 11.578261799207727, 48.136106956999981 ], [ 11.578288654011322, 48.136106354180569 ], [ 11.578289554598403, 48.136124329886982 ], [ 11.578316409410469, 48.136123727060912 ], [ 11.578314608218479, 48.136087775648775 ], [ 11.578287753425121, 48.136088378474092 ], [ 11.578286852839804, 48.136070402767544 ], [ 11.57825999805492, 48.136071005586196 ], [ 11.578258196905642, 48.13603505417214 ], [ 11.578231342138585, 48.136035656983779 ], [ 11.578230441574625, 48.136017681276279 ], [ 11.57820358681604, 48.13601828408126 ], [ 11.578201785709473, 48.135982332665272 ], [ 11.578174930968718, 48.135982935463247 ], [ 11.578174030426112, 48.135964959754773 ], [ 11.578147175693829, 48.135965562546097 ], [ 11.578145374629973, 48.135929611128184 ], [ 11.578118519915519, 48.135930213912474 ], [ 11.578116718873897, 48.135894262493522 ], [ 11.578089864177272, 48.135894865270799 ], [ 11.57808896366714, 48.135876889560841 ], [ 11.578062108978985, 48.135877492331467 ], [ 11.578060307980076, 48.13584154091059 ], [ 11.578033453309748, 48.135842143674196 ], [ 11.578032552820973, 48.135824167963271 ], [ 11.578005698159119, 48.13582477072022 ], [ 11.578003897202919, 48.135788819297424 ], [ 11.577977042558896, 48.135789422047345 ], [ 11.577975241624934, 48.135753470623513 ], [ 11.577948386998735, 48.135754073366414 ], [ 11.577947486542431, 48.135736097654011 ], [ 11.577920631924707, 48.135736700390275 ], [ 11.577918831033454, 48.135700748964503 ], [ 11.577891976433557, 48.135701351693733 ], [ 11.577890175564541, 48.135665400266937 ], [ 11.577863320982472, 48.135666002989147 ], [ 11.57786242055864, 48.135648027275266 ], [ 11.577835565985046, 48.135648629990833 ], [ 11.577833765158738, 48.135612678562111 ], [ 11.57780691060297, 48.135613281270643 ], [ 11.5778051097989, 48.135577329840892 ], [ 11.577778255260959, 48.135577932542404 ], [ 11.577776454479125, 48.135541981111615 ], [ 11.577749599959013, 48.135542583806107 ], [ 11.577747799199415, 48.13550663237428 ], [ 11.577720944697129, 48.135507235061738 ], [ 11.577720044328005, 48.135489259345341 ], [ 11.577773753312986, 48.135488053964913 ], [ 11.577772852926037, 48.135470078249206 ], [ 11.577826561888781, 48.135468872844456 ], [ 11.577825661484004, 48.135450897129438 ], [ 11.578067351688512, 48.135445472501139 ], [ 11.578061948773218, 48.135337618229975 ], [ 11.578035094365706, 48.135338220989269 ], [ 11.578033293419704, 48.135302269564249 ], [ 11.578060147808507, 48.135301666805717 ], [ 11.578059247327475, 48.135283691093477 ], [ 11.578193519211496, 48.135280677208691 ], [ 11.578194419739301, 48.135298652919033 ], [ 11.578248128505445, 48.135297447320482 ], [ 11.578249029052841, 48.135315423030008 ], [ 11.578275883443943, 48.135314820220941 ], [ 11.578278585119488, 48.135368747347968 ], [ 11.57822487628027, 48.135369952962094 ], [ 11.578228478451837, 48.135441855800181 ], [ 11.578201623993488, 48.135442458599343 ], [ 11.578204325603357, 48.135496385728317 ], [ 11.578123762138826, 48.135498194091603 ], [ 11.578127364185409, 48.135570096933797 ], [ 11.57807365512981, 48.135571302481004 ], [ 11.578074555624953, 48.135589278192136 ], [ 11.577993992006872, 48.135591086467059 ], [ 11.577994892474832, 48.135609062179249 ], [ 11.577968037924354, 48.135609664925404 ], [ 11.577969838844208, 48.135645616350345 ], [ 11.577996693413393, 48.135645013603437 ], [ 11.577997593884, 48.135662989315428 ], [ 11.57802444846166, 48.135662386561883 ], [ 11.5780253489425, 48.135680362273419 ], [ 11.578052203528634, 48.135679759513216 ], [ 11.578051303038437, 48.135661783802057 ], [ 11.578078157614334, 48.135661181035971 ], [ 11.578077257115666, 48.135643205325117 ], [ 11.578130966246105, 48.135641999774883 ], [ 11.578130065729608, 48.135624024064725 ], [ 11.578183774837809, 48.135622818490162 ], [ 11.578181973770045, 48.13558686707114 ], [ 11.578262537369604, 48.135585058664574 ], [ 11.57826163680898, 48.135567082956086 ], [ 11.578315345852234, 48.135565877321106 ], [ 11.578314445273783, 48.135547901613315 ], [ 11.578341299784732, 48.135547298786797 ], [ 11.578343100961227, 48.135583250201577 ], [ 11.578369955490004, 48.135582647368039 ], [ 11.578372657289423, 48.135636574488551 ], [ 11.578453220954657, 48.135634765946939 ], [ 11.578452320325905, 48.135616790241293 ], [ 11.578479174869862, 48.135616187381927 ], [ 11.578477373596295, 48.135580235971211 ], [ 11.578450519071044, 48.135580838829817 ], [ 11.578446916571909, 48.135508936006048 ], [ 11.578312644119526, 48.135511950197504 ], [ 11.578311743543722, 48.135493974489499 ], [ 11.578284889059953, 48.135494577308606 ], [ 11.578279485679765, 48.13538672305684 ], [ 11.578333194534164, 48.135385517416893 ], [ 11.578332293955178, 48.135367541708781 ], [ 11.578520274852309, 48.13536332177415 ], [ 11.578521175496778, 48.135381297479618 ], [ 11.578762865242352, 48.135375871394608 ], [ 11.578763765971896, 48.135393847096601 ], [ 11.578790620393013, 48.135393244166544 ], [ 11.578791521132793, 48.135411219868089 ], [ 11.578818375562385, 48.135410616931395 ], [ 11.5788192763124, 48.135428592632493 ], [ 11.578846130750465, 48.135427989689148 ], [ 11.57884793227185, 48.135463941090379 ], [ 11.578874786727742, 48.135463338140013 ], [ 11.578876588271365, 48.135499289540213 ], [ 11.578984006160947, 48.135496877673013 ], [ 11.578983105351275, 48.135478901974452 ], [ 11.579063668731136, 48.135477093009349 ], [ 11.579064569568873, 48.135495068706774 ], [ 11.579091424036417, 48.135494465705492 ], [ 11.579092324884389, 48.135512441402462 ], [ 11.579226597255648, 48.135509426300132 ], [ 11.579225696360902, 48.135491450605045 ], [ 11.579333114204612, 48.135489038411848 ], [ 11.579330411413416, 48.135435111330722 ], [ 11.579222993681961, 48.135437523519379 ], [ 11.579216687461974, 48.135311693650408 ], [ 11.579189833092387, 48.135312296679245 ], [ 11.579186229594935, 48.135240393893945 ], [ 11.579159375261884, 48.135240996915002 ], [ 11.57915847439908, 48.135223021218131 ], [ 11.57910476574904, 48.135224227240698 ], [ 11.57910746828397, 48.135278154333385 ], [ 11.579134322637493, 48.135277551324108 ], [ 11.579135223493589, 48.13529552702115 ], [ 11.57910836913071, 48.13529613003081 ], [ 11.579110170826837, 48.13533208142546 ], [ 11.579056462061013, 48.135333287427486 ], [ 11.579057362891691, 48.135351263125457 ], [ 11.57900365410363, 48.135352469103161 ], [ 11.578999150052606, 48.135262590608825 ], [ 11.578972295704027, 48.135263193586383 ], [ 11.578971394905823, 48.135245217886926 ], [ 11.578675997116111, 48.135251850222176 ], [ 11.578675096421691, 48.135233874518505 ], [ 11.578621387739895, 48.13523508031539 ], [ 11.578622288415609, 48.135253056019835 ], [ 11.577924074988033, 48.135268729107345 ], [ 11.577924975421411, 48.135286704821546 ], [ 11.577817557880689, 48.135289115691165 ], [ 11.577811255127486, 48.135163285679731 ], [ 11.577972381040389, 48.135159669353563 ], [ 11.577971480594474, 48.135141693639646 ], [ 11.578562275131066, 48.135128431854568 ], [ 11.578561374480234, 48.135110456148887 ], [ 11.57866879158543, 48.135108044590766 ], [ 11.578669692273678, 48.13512602029494 ], [ 11.578991943616838, 48.135118785014249 ], [ 11.578992844418222, 48.13513676071382 ], [ 11.579100261541802, 48.135134348751478 ], [ 11.579101162381486, 48.135152324449464 ], [ 11.579181725242968, 48.135150515410743 ], [ 11.579182626111599, 48.135168491107521 ], [ 11.579236334700219, 48.135167285049604 ], [ 11.57923723558844, 48.135185260745573 ], [ 11.579210381285215, 48.135185863778041 ], [ 11.579213083927105, 48.135239790866606 ], [ 11.579374209901596, 48.13523617257097 ], [ 11.579385922171186, 48.135469856584763 ], [ 11.579412776618787, 48.135469253508631 ], [ 11.579422687220104, 48.135666986122381 ], [ 11.579449541769726, 48.135666383035826 ], [ 11.579453145688639, 48.135738285800883 ], [ 11.579480000274797, 48.135737682706541 ], [ 11.579481802258256, 48.13577363408789 ], [ 11.57950865686224, 48.135773030986527 ], [ 11.579511359872111, 48.135826958056896 ], [ 11.579538214503279, 48.135826354948129 ], [ 11.579540917549155, 48.13588028201675 ], [ 11.579567772207502, 48.135879678900579 ], [ 11.579570475289383, 48.135933605967438 ], [ 11.579597329974913, 48.135933002843856 ], [ 11.579599132052623, 48.135968954220665 ], [ 11.579518567937253, 48.135970763574846 ], [ 11.579519468949366, 48.135988739264285 ], [ 11.579465759515998, 48.135989945469824 ], [ 11.579466660510283, 48.136007921159937 ], [ 11.579386096325551, 48.136009730422366 ], [ 11.579385195359329, 48.135991754731108 ], [ 11.579331485917137, 48.135992960873963 ], [ 11.579332386864651, 48.136010936565981 ], [ 11.579251822666684, 48.136012745734369 ], [ 11.579252723587013, 48.136030721427446 ], [ 11.579172159353043, 48.136032530540554 ], [ 11.579173060246188, 48.136050506234689 ], [ 11.579092495976212, 48.13605231529251 ], [ 11.579093396842175, 48.136070290987718 ], [ 11.579039687305736, 48.136071496995669 ], [ 11.579040588153873, 48.136089472691566 ], [ 11.578960023814535, 48.13609128165762 ], [ 11.578960924635489, 48.136109257354576 ], [ 11.578880360260145, 48.136111066265336 ], [ 11.578881261053919, 48.136129041963365 ], [ 11.578800696642572, 48.136130850818844 ], [ 11.578801597409159, 48.136148826517932 ], [ 11.578747887778476, 48.136150032390994 ], [ 11.578748788527236, 48.13616800809077 ], [ 11.578668224046529, 48.13616981685449 ], [ 11.578669124768107, 48.136187792555326 ], [ 11.578588560251397, 48.136189601263752 ], [ 11.578589460945791, 48.13620757696566 ], [ 11.578508896393078, 48.136209385618805 ], [ 11.57850979706029, 48.136227361321765 ], [ 11.578429232471573, 48.136229169919616 ], [ 11.578428331832427, 48.136211194215512 ], [ 11.57840147697711, 48.136211797068547 ], [ 11.578399675720172, 48.136175845659373 ], [ 11.578372820882686, 48.136176448505381 ], [ 11.578374622120915, 48.136212399915316 ], [ 11.578347767263836, 48.136213002755809 ], [ 11.57835046909973, 48.136266929871312 ], [ 11.578323614213703, 48.13626753270669 ], [ 11.578324514818076, 48.136285508412094 ], [ 11.578297659921816, 48.13628611124156 ], [ 11.578298560517716, 48.136304086947277 ], [ 11.578244850703834, 48.136305292588162 ], [ 11.578245751281905, 48.136323268294568 ], [ 11.578218896364287, 48.136323871105994 ], [ 11.578219796933887, 48.136341846812712 ], [ 11.578166087077294, 48.136343052417494 ], [ 11.578166987629064, 48.136361028124888 ], [ 11.578113277750235, 48.136362233705356 ], [ 11.578114178284178, 48.136380209413453 ], [ 11.578087323334085, 48.136380812194659 ], [ 11.578088223859554, 48.136398787903047 ], [ 11.578034513938011, 48.136399993447419 ], [ 11.578035414445653, 48.13641796915649 ], [ 11.577981704501875, 48.136419174676533 ], [ 11.577982604991686, 48.136437150386307 ], [ 11.577955750009119, 48.136437753137308 ], [ 11.577956650490458, 48.13645572884738 ], [ 11.577902940503968, 48.136456934331314 ], [ 11.577903840967478, 48.136474910042082 ], [ 11.577850130958749, 48.136476115501708 ], [ 11.577851031404432, 48.136494091213159 ], [ 11.577824176389392, 48.13649469393394 ], [ 11.577825076826597, 48.136512669645704 ], [ 11.57777136677516, 48.13651387506922 ], [ 11.57777226719454, 48.136531850781658 ], [ 11.577745412158142, 48.136532453484399 ], [ 11.577746312569049, 48.136550429197165 ], [ 11.577719457522415, 48.136551031893994 ] ] ] } },
{ "type": "Feature", "properties": { "height": 5.6351394653320312 }, "geometry": { "type": "Polygon", "coordinates": [ [ [ 11.575852686728458, 48.135243217725915 ], [ 11.575851787019788, 48.135225241982283 ], [ 11.575824932624192, 48.135225844224131 ], [ 11.575823133228202, 48.135189892735895 ], [ 11.575796278850431, 48.135190494970715 ], [ 11.575794479476677, 48.135154543481441 ], [ 11.575848188193918, 48.135153339007061 ], [ 11.575847288489651, 48.135135363263082 ], [ 11.575900997184657, 48.135134158764366 ], [ 11.575901896907633, 48.135152134507592 ], [ 11.575928751263168, 48.13515153224845 ], [ 11.575930550730471, 48.135187483733944 ], [ 11.575957405103836, 48.135186881467781 ], [ 11.575958304848163, 48.135204857210049 ], [ 11.575904596081843, 48.135206061736845 ], [ 11.575905495808342, 48.135224037479801 ], [ 11.575878641414505, 48.135224639734176 ], [ 11.575879541132529, 48.135242615477431 ], [ 11.575852686728458, 48.135243217725915 ] ] ] } },
{ "type": "Feature", "properties": { "height": 5.4833602905273438 }, "geometry": { "type": "Polygon", "coordinates": [ [ [ 11.576060323692976, 48.135094593635664 ], [ 11.576059423916517, 48.135076617894491 ], [ 11.576032569602804, 48.135077220183469 ], [ 11.576031669836581, 48.135059244441855 ], [ 11.576004815531341, 48.135059846724168 ], [ 11.576003016020248, 48.135023895239982 ], [ 11.57602987030678, 48.135023292958408 ], [ 11.5760289705432, 48.135005317216596 ], [ 11.576055824819496, 48.135004714929138 ], [ 11.576054925047444, 48.134986739187632 ], [ 11.576108633578681, 48.134985534594655 ], [ 11.576110433161086, 48.135021486076099 ], [ 11.576137287444093, 48.135020883769464 ], [ 11.576139087048729, 48.13505683524987 ], [ 11.576112232747015, 48.135057437557272 ], [ 11.5761131325413, 48.135075413297749 ], [ 11.576086278229351, 48.13507601559926 ], [ 11.576087178015163, 48.13509399134005 ], [ 11.576060323692976, 48.135094593635664 ] ] ] } },
{ "type": "Feature", "properties": { "height": 6.4079208374023438 }, "geometry": { "type": "Polygon", "coordinates": [ [ [ 11.577482701282229, 48.135044687608463 ], [ 11.577477299667274, 48.13493683328015 ], [ 11.57782640432843, 48.134928998663369 ], [ 11.577831806673027, 48.135036852962209 ], [ 11.577482701282229, 48.135044687608463 ] ] ] } },
{ "type": "Feature", "properties": { "height": 4.5900497436523438 }, "geometry": { "type": "Polygon", "coordinates": [ [ [ 11.576490892669231, 48.135102931888611 ], [ 11.576489992742221, 48.135084956153555 ], [ 11.576463138433253, 48.135085558543203 ], [ 11.576461338600582, 48.135049607072133 ], [ 11.576434484309441, 48.135050209454754 ], [ 11.576433584403784, 48.135032233718746 ], [ 11.576487292966476, 48.135031028947978 ], [ 11.576486393042989, 48.135013053212639 ], [ 11.576540101583447, 48.135011848417562 ], [ 11.576539201642133, 48.134993872682912 ], [ 11.576619764418149, 48.134992065444422 ], [ 11.576618864449653, 48.134974089710838 ], [ 11.576779989921761, 48.134970475066837 ], [ 11.57677908989802, 48.134952499335462 ], [ 11.576805944130932, 48.134951896873233 ], [ 11.576810444305222, 48.135041775527561 ], [ 11.576676172897987, 48.135044787785461 ], [ 11.576677072888716, 48.135062763518008 ], [ 11.576569655709648, 48.135065173213007 ], [ 11.576570555663839, 48.13508314894699 ], [ 11.576516847050307, 48.135084353757634 ], [ 11.576517746986674, 48.135102329492305 ], [ 11.576490892669231, 48.135102931888611 ] ] ] } },
{ "type": "Feature", "properties": { "height": 4.281219482421875 }, "geometry": { "type": "Polygon", "coordinates": [ [ [ 11.577054833150438, 48.135090280249976 ], [ 11.577052132782718, 48.135036353068401 ], [ 11.577105841323577, 48.135035148008527 ], [ 11.577102240770788, 48.134963245101815 ], [ 11.577075386538219, 48.134963847633387 ], [ 11.577074486411579, 48.134945871906147 ], [ 11.577208757518848, 48.134942859187539 ], [ 11.57721235821778, 48.135014762088474 ], [ 11.577158649702683, 48.135015967197759 ], [ 11.577162250340885, 48.135087870100605 ], [ 11.577054833150438, 48.135090280249976 ] ] ] } },
{ "type": "Feature", "properties": { "height": 5.2720680236816406 }, "geometry": { "type": "Polygon", "coordinates": [ [ [ 11.576378975951499, 48.13501546272758 ], [ 11.576377176182003, 48.13497951125369 ], [ 11.576350321925636, 48.134980113615995 ], [ 11.576348522178376, 48.134944162141061 ], [ 11.576375376416035, 48.134943559779522 ], [ 11.576374476534374, 48.134925584042335 ], [ 11.576455039213997, 48.134923776921191 ], [ 11.57645683903433, 48.134959728393248 ], [ 11.576483693277819, 48.134959126006244 ], [ 11.576485493120384, 48.134995077477242 ], [ 11.57643178459511, 48.134996282246483 ], [ 11.576432684499006, 48.135014257982647 ], [ 11.576378975951499, 48.13501546272758 ] ] ] } },
{ "type": "Feature", "properties": { "height": 5.1505661010742188 }, "geometry": { "type": "Polygon", "coordinates": [ [ [ 11.576697627199199, 48.134936330951938 ], [ 11.576696727205283, 48.134918355219277 ], [ 11.576669872987553, 48.134918957655685 ], [ 11.576667173039159, 48.134865030456176 ], [ 11.576801443978674, 48.134862018217156 ], [ 11.576805044098716, 48.134933921142142 ], [ 11.576697627199199, 48.134936330951938 ] ] ] } },
{ "type": "Feature", "properties": { "height": 5.8233413696289062 }, "geometry": { "type": "Polygon", "coordinates": [ [ [ 11.577073586285819, 48.134927896178858 ], [ 11.577069085670253, 48.134838017541327 ], [ 11.577176502333327, 48.134835607388048 ], [ 11.577180102973687, 48.134907510292145 ], [ 11.577099540365452, 48.134909317921057 ], [ 11.577100440499683, 48.13492729364804 ], [ 11.577073586285819, 48.134927896178858 ] ] ] } },
{ "type": "Feature", "properties": { "height": 5.2977142333984375 }, "geometry": { "type": "Polygon", "coordinates": [ [ [ 11.576266159772507, 48.134910017710638 ], [ 11.576265259930025, 48.134892041971803 ], [ 11.576238405716905, 48.134892644307151 ], [ 11.576235706222809, 48.134838717089089 ], [ 11.576289414592042, 48.1348375124144 ], [ 11.576288514743728, 48.134819536675664 ], [ 11.576342223090727, 48.134818331976646 ], [ 11.57634402282565, 48.134854283452555 ], [ 11.576370877016537, 48.134853681092885 ], [ 11.576372676773692, 48.134889632567749 ], [ 11.576345822564098, 48.134890234928164 ], [ 11.576346722434643, 48.13490821066587 ], [ 11.576266159772507, 48.134910017710638 ] ] ] } },
{ "type": "Feature", "properties": { "height": 17.588096618652344 }, "geometry": { "type": "Polygon", "coordinates": [ [ [ 11.571630339371804, 48.135751737699117 ], [ 11.571629441120937, 48.135733761897455 ], [ 11.571602586371089, 48.135734363157489 ], [ 11.571601688130457, 48.13571638735538 ], [ 11.571547978646832, 48.135717589855872 ], [ 11.571547080425789, 48.135699614052939 ], [ 11.571493370957354, 48.135700816527596 ], [ 11.571492472755901, 48.135682840723852 ], [ 11.57146561802972, 48.135683441951407 ], [ 11.571464719838502, 48.135665466147195 ], [ 11.57141101040221, 48.135666668582743 ], [ 11.571410112230581, 48.135648692777714 ], [ 11.57135640280948, 48.135649895187427 ], [ 11.571355504657442, 48.135631919381566 ], [ 11.571328649954927, 48.13563252057665 ], [ 11.57132775181312, 48.135614544770355 ], [ 11.571274042424163, 48.135615747140939 ], [ 11.571273144301948, 48.135597771333828 ], [ 11.571219434928182, 48.135598973678583 ], [ 11.571218536825555, 48.135580997870647 ], [ 11.571191682146708, 48.135581599033245 ], [ 11.571190784054316, 48.135563623224854 ], [ 11.571137074712691, 48.135564825530501 ], [ 11.571136176639888, 48.135546849721287 ], [ 11.571082467313458, 48.135548052001099 ], [ 11.571081569260244, 48.135530076191067 ], [ 11.571054714605063, 48.135530677321185 ], [ 11.571053816562085, 48.135512701510706 ], [ 11.571000107267796, 48.135513903751395 ], [ 11.570999209244405, 48.135495927940099 ], [ 11.57094549996531, 48.135497130154953 ], [ 11.570944601961507, 48.135479154342825 ], [ 11.570917747329995, 48.135479755440471 ], [ 11.570916849336429, 48.135461779627903 ], [ 11.570863140089477, 48.135462981803641 ], [ 11.570862242115497, 48.135445005990242 ], [ 11.570808532883735, 48.135446208140152 ], [ 11.570807634929347, 48.135428232325935 ], [ 11.570780780321501, 48.135428833391103 ], [ 11.570779882377348, 48.135410857576446 ], [ 11.57072617317773, 48.135412059687226 ], [ 11.570725275253164, 48.135394083871731 ], [ 11.570671566068739, 48.13539528595669 ], [ 11.570670668163761, 48.135377310140377 ], [ 11.570616958994528, 48.135378512199502 ], [ 11.570616061109138, 48.135360536382365 ], [ 11.57058920653256, 48.13536113740215 ], [ 11.570588308657404, 48.135343161584572 ], [ 11.570534599520316, 48.135344363604574 ], [ 11.570533701664752, 48.135326387786179 ], [ 11.570506847104243, 48.135326988786403 ], [ 11.570505949258912, 48.135309012967554 ], [ 11.570532803810066, 48.135308411967706 ], [ 11.570531905956258, 48.135290436149177 ], [ 11.57055876049718, 48.135289835143439 ], [ 11.570556964773493, 48.135253883506905 ], [ 11.570583819294825, 48.135253282495654 ], [ 11.570582921424947, 48.135235306677664 ], [ 11.570609775936045, 48.135234705660515 ], [ 11.570608878057692, 48.135216729842831 ], [ 11.570635732558554, 48.135216128819806 ], [ 11.570634834671726, 48.13519815300242 ], [ 11.570661689162355, 48.135197551973498 ], [ 11.57066079126705, 48.135179576156432 ], [ 11.570687645747446, 48.135178975121605 ], [ 11.570685849940766, 48.135143023488013 ], [ 11.570712704401574, 48.135142422447686 ], [ 11.570711806490197, 48.135124446631153 ], [ 11.570738660940771, 48.135123845584928 ], [ 11.570737763020919, 48.135105869768729 ], [ 11.570764617461256, 48.1351052687166 ], [ 11.57076371953293, 48.135087292900693 ], [ 11.570790573963036, 48.13508669184268 ], [ 11.570789676026232, 48.135068716027078 ], [ 11.570816530446104, 48.135068114963175 ], [ 11.570814734556427, 48.135032163332525 ], [ 11.570841588956711, 48.135031562263109 ], [ 11.570840691003838, 48.135013586448054 ], [ 11.570867545393885, 48.135012985372747 ], [ 11.570866647432537, 48.134995009557997 ], [ 11.570893501812352, 48.134994408476807 ], [ 11.570892603842527, 48.134976432662363 ], [ 11.570919458212108, 48.134975831575275 ], [ 11.570918560233808, 48.134957855761144 ], [ 11.570945414593156, 48.134957254668159 ], [ 11.570943618620486, 48.134921303040443 ], [ 11.570970472960244, 48.134920701941937 ], [ 11.570969574965874, 48.134902726128352 ], [ 11.570996429295398, 48.13490212502397 ], [ 11.570995531292553, 48.134884149210691 ], [ 11.571049239930254, 48.134882946983858 ], [ 11.57105013795181, 48.134900922796369 ], [ 11.571076992278694, 48.134900321673172 ], [ 11.571077890310484, 48.13491829748525 ], [ 11.571104744645845, 48.134917696355402 ], [ 11.571105642687867, 48.134935672167025 ], [ 11.571159351374662, 48.134934469887781 ], [ 11.571160249436273, 48.134952445698595 ], [ 11.571187103787706, 48.134951844549185 ], [ 11.57118800185955, 48.134969820359544 ], [ 11.571214856219457, 48.134969219203491 ], [ 11.571215754301537, 48.134987195013409 ], [ 11.57124260866992, 48.134986593850712 ], [ 11.571243506762233, 48.135004569660175 ], [ 11.57127036113909, 48.135003968490835 ], [ 11.571271259241637, 48.135021944299865 ], [ 11.571324968011423, 48.135020741941609 ], [ 11.571325866133559, 48.135038717749808 ], [ 11.571352720526487, 48.135038116560906 ], [ 11.571353618658858, 48.135056092368657 ], [ 11.571380473060261, 48.135055491173105 ], [ 11.571381371202866, 48.135073466980415 ], [ 11.571435080021743, 48.135072264569764 ], [ 11.571435978183937, 48.135090240376236 ], [ 11.57146283260141, 48.13508963916113 ], [ 11.571463730773837, 48.135107614967168 ], [ 11.571490585199786, 48.135107013745412 ], [ 11.571491483382447, 48.135124989551009 ], [ 11.571518337816872, 48.135124388322602 ], [ 11.571519236009769, 48.135142364127745 ], [ 11.571572944894687, 48.135141161651383 ], [ 11.571573843107172, 48.135159137455709 ], [ 11.571627552007282, 48.135157934953511 ], [ 11.571628450239354, 48.135175910757006 ], [ 11.571655304697446, 48.135175309496134 ], [ 11.571657101182941, 48.135211261102171 ], [ 11.571630246706139, 48.135211862363796 ], [ 11.571631144940852, 48.135229838167092 ], [ 11.571657999427007, 48.135229236905083 ], [ 11.571658897671952, 48.135247212707917 ], [ 11.571712606660331, 48.135246010164344 ], [ 11.571713504924867, 48.135263985966368 ], [ 11.571740359427093, 48.135263384684798 ], [ 11.571741257701863, 48.135281360486367 ], [ 11.571794966722383, 48.135280157903679 ], [ 11.571795865016741, 48.135298133704431 ], [ 11.571822719535037, 48.135297532403293 ], [ 11.571823617839629, 48.135315508203597 ], [ 11.571877326892292, 48.13531430558178 ], [ 11.571878225216475, 48.13533228138126 ], [ 11.57190507975084, 48.135331680060574 ], [ 11.571905978085256, 48.135349655859613 ], [ 11.571959687170061, 48.135348453198674 ], [ 11.571960585524065, 48.135366428996882 ], [ 11.571987440074501, 48.135365827656635 ], [ 11.571988338438741, 48.135383803454395 ], [ 11.572015192997654, 48.135383202107512 ], [ 11.572017888123717, 48.135437129499266 ], [ 11.571991033536742, 48.135437730847293 ], [ 11.571991931904499, 48.135455706644791 ], [ 11.57196507730729, 48.135456307986928 ], [ 11.571966874026737, 48.135492259582442 ], [ 11.571940019409938, 48.135492860919065 ], [ 11.571940917761626, 48.13551083671711 ], [ 11.571914063134592, 48.135511438047828 ], [ 11.571914961477807, 48.135529413846179 ], [ 11.571888106840538, 48.135530015171014 ], [ 11.571889903510893, 48.135565966768254 ], [ 11.571863048854034, 48.135566568087576 ], [ 11.571863947181178, 48.135584543886466 ], [ 11.571837092514087, 48.135585145199897 ], [ 11.571837990832755, 48.1356031209991 ], [ 11.571811136155427, 48.135603722306634 ], [ 11.571812932776693, 48.135639673905594 ], [ 11.571786078079775, 48.135640275207606 ], [ 11.571786976382372, 48.135658251007349 ], [ 11.57176012167522, 48.135658852303486 ], [ 11.571761918264345, 48.135694803903533 ], [ 11.571735063537604, 48.135695405194141 ], [ 11.57173596182413, 48.135713380994446 ], [ 11.571709107087155, 48.135713982279164 ], [ 11.571710903644137, 48.135749933880291 ], [ 11.571630339371804, 48.135751737699117 ] ] ] } },
{ "type": "Feature", "properties": { "height": 5.3367233276367188 }, "geometry": { "type": "Polygon", "coordinates": [ [ [ 11.576665373077971, 48.13482907898949 ], [ 11.576661773166167, 48.134757176055267 ], [ 11.576769189695035, 48.13475476628566 ], [ 11.576772789756511, 48.13482666921383 ], [ 11.576665373077971, 48.13482907898949 ] ] ] } },
{ "type": "Feature", "properties": { "height": 5.0356292724609375 }, "geometry": { "type": "Polygon", "coordinates": [ [ [ 11.576397731206542, 48.134853078726955 ], [ 11.576396831319931, 48.134835102989797 ], [ 11.576369977139281, 48.13483570535535 ], [ 11.576369077262905, 48.134817729617751 ], [ 11.576342223090727, 48.134818331976646 ], [ 11.576341323224588, 48.134800356238607 ], [ 11.57636817738741, 48.134799753880074 ], [ 11.576367277512798, 48.134781778142333 ], [ 11.576394131665387, 48.13478117577791 ], [ 11.5763932317823, 48.134763200040474 ], [ 11.576420085924653, 48.134762597670168 ], [ 11.576419186033093, 48.134744621933045 ], [ 11.576446040165209, 48.134744019556841 ], [ 11.576447839967917, 48.134779971030262 ], [ 11.576474694117863, 48.134779368647045 ], [ 11.576475594029892, 48.134797344383266 ], [ 11.576502448188307, 48.134796741993391 ], [ 11.576503348110576, 48.134814717729178 ], [ 11.576476493942803, 48.134815320119436 ], [ 11.576477393856596, 48.134833295855529 ], [ 11.576450539678588, 48.13483389823989 ], [ 11.576451439583908, 48.134851873976288 ], [ 11.576397731206542, 48.134853078726955 ] ] ] } },
{ "type": "Feature", "properties": { "height": 5.2552566528320312 }, "geometry": { "type": "Polygon", "coordinates": [ [ [ 11.577282118592571, 48.134797245685007 ], [ 11.577278517823695, 48.134725342785273 ], [ 11.57749335063032, 48.134720521995348 ], [ 11.57749425089605, 48.134738497717358 ], [ 11.577601667315619, 48.134736087170431 ], [ 11.57760436823035, 48.134790014331514 ], [ 11.577282118592571, 48.134797245685007 ] ] ] } },
{ "type": "Feature", "properties": { "height": 4.6121788024902344 }, "geometry": { "type": "Polygon", "coordinates": [ [ [ 11.577068185549784, 48.134820041813619 ], [ 11.57706638531149, 48.134784090357989 ], [ 11.577039531171581, 48.134784692879499 ], [ 11.577036830848812, 48.1347307656944 ], [ 11.57717110139923, 48.1347277530298 ], [ 11.577174702018434, 48.134799655935566 ], [ 11.577094139578579, 48.134801463557672 ], [ 11.577095039707521, 48.134819439285074 ], [ 11.577068185549784, 48.134820041813619 ] ] ] } },
{ "type": "Feature", "properties": { "height": 5.6497383117675781 }, "geometry": { "type": "Polygon", "coordinates": [ [ [ 11.576529302345845, 48.134796139597256 ], [ 11.576528402415107, 48.134778163861782 ], [ 11.576501548266926, 48.134778766257547 ], [ 11.576500648346421, 48.134760790521625 ], [ 11.576473794206713, 48.134761392910747 ], [ 11.57647199438706, 48.134725441437936 ], [ 11.576498848508059, 48.134724839049575 ], [ 11.5764979485902, 48.13470686331344 ], [ 11.576524802700964, 48.134706260919195 ], [ 11.576523902774632, 48.134688285183373 ], [ 11.576550756875161, 48.13468768278323 ], [ 11.576551656810848, 48.134705658518669 ], [ 11.57657851091985, 48.134705056111876 ], [ 11.576579410865772, 48.134723031846868 ], [ 11.576606264983248, 48.134722429433431 ], [ 11.576608064896444, 48.134758380902461 ], [ 11.57658121076026, 48.134758983316644 ], [ 11.576582110708827, 48.134776959051443 ], [ 11.576555256562408, 48.134777561459742 ], [ 11.5765561565025, 48.134795537194847 ], [ 11.576529302345845, 48.134796139597256 ] ] ] } },
{ "type": "Feature", "properties": { "height": 10.650283813476562 }, "geometry": { "type": "Polygon", "coordinates": [ [ [ 11.574602219320642, 48.135505201225143 ], [ 11.574601320040189, 48.135487225464665 ], [ 11.574574465481582, 48.135487827416782 ], [ 11.57457266694203, 48.135451875894859 ], [ 11.574545812401253, 48.135452477839948 ], [ 11.574544013883928, 48.135416526316995 ], [ 11.57451715936098, 48.135417128255057 ], [ 11.574514461619664, 48.135363200968975 ], [ 11.574487607123897, 48.135363802899633 ], [ 11.574485808652801, 48.135327851374484 ], [ 11.574458954174863, 48.135328453298115 ], [ 11.574457155725998, 48.135292501771929 ], [ 11.57443030126589, 48.135293103688539 ], [ 11.574429402052132, 48.135275127924949 ], [ 11.574456256502886, 48.135274526008722 ], [ 11.574455357280655, 48.135256550245458 ], [ 11.574509066160811, 48.135255346394928 ], [ 11.574508166920751, 48.135237370632353 ], [ 11.574561875778675, 48.135236166757508 ], [ 11.57456097652079, 48.135218190995609 ], [ 11.574587830939075, 48.135217589049162 ], [ 11.574588730206319, 48.135235564810678 ], [ 11.574615584633079, 48.135234962857588 ], [ 11.574617383188919, 48.135270914379653 ], [ 11.574644237633507, 48.135270312419536 ], [ 11.574646036211577, 48.135306263940571 ], [ 11.574672890673996, 48.13530566197344 ], [ 11.574674689274296, 48.135341613493459 ], [ 11.574701543754545, 48.135341011519287 ], [ 11.57470244306537, 48.135358987278813 ], [ 11.574783006528893, 48.135357181317566 ], [ 11.574782107190002, 48.13533920555917 ], [ 11.574889525091615, 48.135336797524594 ], [ 11.574887726341638, 48.135300846010615 ], [ 11.574941435249743, 48.135299641957232 ], [ 11.574940535857367, 48.135281666200889 ], [ 11.575074808065443, 48.135278655959603 ], [ 11.575073908627173, 48.135260680205064 ], [ 11.57510076305679, 48.135260078138387 ], [ 11.575098064719207, 48.135206150875554 ], [ 11.575044355915217, 48.135207355000389 ], [ 11.575042557065316, 48.135171403489991 ], [ 11.575015702680711, 48.135172005542259 ], [ 11.575014803266436, 48.135154029786577 ], [ 11.57496109451329, 48.135155233871536 ], [ 11.574961993908856, 48.135173209627979 ], [ 11.574881430744467, 48.135175015709542 ], [ 11.574880531376966, 48.13515703995197 ], [ 11.57485367699643, 48.135157641966245 ], [ 11.574851878282777, 48.135121690450134 ], [ 11.574932441365616, 48.135119884390775 ], [ 11.574931541982048, 48.13510190863375 ], [ 11.574850978927271, 48.135103714691972 ], [ 11.574849180218903, 48.135067763175456 ], [ 11.574822325884258, 48.135068365181574 ], [ 11.574821426540751, 48.13505038942283 ], [ 11.574848280866039, 48.135049787417088 ], [ 11.57484738151406, 48.135031811658656 ], [ 11.574901090143285, 48.135030607629126 ], [ 11.574900190773475, 48.135012631871369 ], [ 11.574873336468656, 48.135013233888898 ], [ 11.574872437109081, 48.134995258130701 ], [ 11.574845582812735, 48.134995860141579 ], [ 11.574846482162956, 48.135013835900153 ], [ 11.574739064931348, 48.135016243882482 ], [ 11.574739964245033, 48.135034219642492 ], [ 11.574686255605236, 48.135035423596804 ], [ 11.574687154901092, 48.135053399357503 ], [ 11.574714009230783, 48.135052797383096 ], [ 11.574716707151699, 48.135106724663657 ], [ 11.574743561508575, 48.135106122681854 ], [ 11.574745360145629, 48.13514207420112 ], [ 11.574664797016231, 48.135143880129966 ], [ 11.574665696308017, 48.13516185589063 ], [ 11.57458513314263, 48.135163661764196 ], [ 11.574586032407231, 48.135181637525918 ], [ 11.574559178007652, 48.135182239471611 ], [ 11.574558278752406, 48.135164263709505 ], [ 11.574504569969317, 48.135165467581331 ], [ 11.574505469205855, 48.135183443344197 ], [ 11.574478614803636, 48.135184045271082 ], [ 11.574479514031697, 48.135202021034232 ], [ 11.574425805205907, 48.135203224869962 ], [ 11.574426704416144, 48.135221200633815 ], [ 11.574372995568122, 48.135222404445223 ], [ 11.574373894760528, 48.135240380209751 ], [ 11.574347040325842, 48.135240982106431 ], [ 11.57434524196062, 48.135205030576543 ], [ 11.574318387543761, 48.135205632466182 ], [ 11.57431658920077, 48.135169680935256 ], [ 11.574289734801742, 48.135170282817882 ], [ 11.574287037321922, 48.135116355519834 ], [ 11.574260182950075, 48.135116957395063 ], [ 11.574258384653307, 48.135081005861934 ], [ 11.574231530299288, 48.135081607730136 ], [ 11.574229732024753, 48.13504565619597 ], [ 11.574202877688563, 48.135046258057145 ], [ 11.574201079436255, 48.135010306521963 ], [ 11.574174225117895, 48.135010908376124 ], [ 11.57417242688782, 48.134974956839883 ], [ 11.574145572587287, 48.134975558687017 ], [ 11.574142875276841, 48.134921631381026 ], [ 11.574169729549309, 48.134921029535029 ], [ 11.574168830438234, 48.134903053766607 ], [ 11.57422253896182, 48.134901850056565 ], [ 11.574221639832915, 48.134883874288818 ], [ 11.57427534833427, 48.134882670554454 ], [ 11.574274449187538, 48.134864694787382 ], [ 11.574328157666661, 48.134863491028696 ], [ 11.5743272585021, 48.134845515262327 ], [ 11.574380966958994, 48.13484431147932 ], [ 11.574380067776605, 48.13482633571364 ], [ 11.574433776211269, 48.134825131906304 ], [ 11.57443287701105, 48.134807156141306 ], [ 11.574513439628378, 48.134805350384426 ], [ 11.574512540400976, 48.134787374620501 ], [ 11.574566248789415, 48.134786170751987 ], [ 11.574565349544187, 48.13476819498873 ], [ 11.574619057910395, 48.134766991095901 ], [ 11.574618158647338, 48.134749015333341 ], [ 11.574671866991316, 48.13474781141619 ], [ 11.574670967710432, 48.134729835654319 ], [ 11.574724676032178, 48.134728631712846 ], [ 11.574723776733466, 48.134710655951658 ], [ 11.574750630883662, 48.134710053971894 ], [ 11.57475153019173, 48.134728029732713 ], [ 11.574778384350402, 48.134727427746299 ], [ 11.574779283668704, 48.134745403506663 ], [ 11.57480613783585, 48.134744801513619 ], [ 11.574807936493803, 48.134780753033382 ], [ 11.574834790678777, 48.134780151033297 ], [ 11.57483569001843, 48.13479812679271 ], [ 11.574862544211877, 48.134797524785988 ], [ 11.574864342912532, 48.134833476303832 ], [ 11.574891197123808, 48.134832874290076 ], [ 11.574892096484811, 48.134850850048515 ], [ 11.574918950704561, 48.134850248028123 ], [ 11.574920749447919, 48.134886199544049 ], [ 11.574947603685496, 48.134885597516629 ], [ 11.574949402451084, 48.134921549031517 ], [ 11.574976256706488, 48.134920946997077 ], [ 11.57497715609996, 48.134938922754046 ], [ 11.575004010363839, 48.134938320712948 ], [ 11.575005809172131, 48.134974272225918 ], [ 11.575032663453838, 48.1349736701778 ], [ 11.575034462284362, 48.135009621689726 ], [ 11.575061316583897, 48.135009019634595 ], [ 11.575062216009835, 48.135026995390085 ], [ 11.575089070317844, 48.135026393328303 ], [ 11.575090869191071, 48.13506234483831 ], [ 11.575117723516907, 48.135061742769494 ], [ 11.575118622964196, 48.135079718524018 ], [ 11.575145477298506, 48.135079116448573 ], [ 11.575147276214436, 48.135115067956647 ], [ 11.575174130566575, 48.135114465874175 ], [ 11.575175929504738, 48.135150417381219 ], [ 11.575202783874703, 48.135149815291719 ], [ 11.575203683354459, 48.135167791044758 ], [ 11.575230537732901, 48.135167188948621 ], [ 11.575233236205518, 48.135221116206189 ], [ 11.575260090611144, 48.135220514102649 ], [ 11.575264588129896, 48.135310392862024 ], [ 11.575291442581412, 48.13530979075032 ], [ 11.57529594016896, 48.13539966950605 ], [ 11.575161667668704, 48.135402680011332 ], [ 11.575162567142083, 48.13542065576415 ], [ 11.575055149088605, 48.135423064057051 ], [ 11.575056048525447, 48.135441039811312 ], [ 11.57492177589201, 48.135444050038259 ], [ 11.574922675282957, 48.135462025794347 ], [ 11.574815257122935, 48.13546443386457 ], [ 11.574816156477343, 48.135482409622099 ], [ 11.574681883710729, 48.135485419570728 ], [ 11.574682783019243, 48.135503395330069 ], [ 11.574602219320642, 48.135505201225143 ] ] ] } },
{ "type": "Feature", "properties": { "height": 4.7861099243164062 }, "geometry": { "type": "Polygon", "coordinates": [ [ [ 11.577737738522728, 48.134769025282729 ], [ 11.577736838171045, 48.134751049564258 ], [ 11.577656275842852, 48.134752857579031 ], [ 11.577650873919652, 48.134645003259941 ], [ 11.577785144181606, 48.134641989881985 ], [ 11.577791446755825, 48.134767819907459 ], [ 11.577737738522728, 48.134769025282729 ] ] ] } },
{ "type": "Feature", "properties": { "height": 5.1690597534179688 }, "geometry": { "type": "Polygon", "coordinates": [ [ [ 11.576660873190418, 48.13473920032154 ], [ 11.576659973215554, 48.134721224587764 ], [ 11.57663311909984, 48.134721827013728 ], [ 11.576629519246605, 48.134649924076342 ], [ 11.576763789629267, 48.134646911891345 ], [ 11.576767389669589, 48.13471881482117 ], [ 11.576686827330382, 48.13472062215552 ], [ 11.576687727314605, 48.134738597888919 ], [ 11.576660873190418, 48.13473920032154 ] ] ] } },
{ "type": "Feature", "properties": { "height": 4.7996902465820312 }, "geometry": { "type": "Polygon", "coordinates": [ [ [ 11.577035930742985, 48.134712789965903 ], [ 11.577031430227075, 48.134622911322325 ], [ 11.577138846444671, 48.134620501212261 ], [ 11.577142447005304, 48.134692404121211 ], [ 11.57711559291481, 48.134693006659639 ], [ 11.57711649304782, 48.13471098238707 ], [ 11.577035930742985, 48.134712789965903 ] ] ] } },
{ "type": "Feature", "properties": { "height": 14.90594482421875 }, "geometry": { "type": "Polygon", "coordinates": [ [ [ 11.579231830272352, 48.135077406568819 ], [ 11.579230929389427, 48.135059430872445 ], [ 11.5789623869723, 48.135065460888555 ], [ 11.578961486183799, 48.135047485188331 ], [ 11.577994733088593, 48.135069188042159 ], [ 11.57799203173866, 48.135015260900261 ], [ 11.577911469013326, 48.135017069101295 ], [ 11.577898863211436, 48.13476540908168 ], [ 11.578194258391624, 48.134758778793632 ], [ 11.578195158903213, 48.134776754505616 ], [ 11.57840999176935, 48.134771931998486 ], [ 11.578417196492461, 48.134915737667647 ], [ 11.578336633949771, 48.134917546163898 ], [ 11.578334832819827, 48.134881594744755 ], [ 11.578093145312513, 48.134887019888211 ], [ 11.578092244833055, 48.13486904417514 ], [ 11.578038536507105, 48.134870249692867 ], [ 11.578043038819681, 48.134960128261326 ], [ 11.578526414468135, 48.134949277665108 ], [ 11.578514706312387, 48.134715593471952 ], [ 11.578138749201871, 48.134724032931288 ], [ 11.578134246759529, 48.134634154365898 ], [ 11.578161100797811, 48.134633551589999 ], [ 11.578158399314924, 48.134579624451057 ], [ 11.578373231364942, 48.134574802027345 ], [ 11.57837413193319, 48.134592777737382 ], [ 11.578615818006188, 48.134587352027751 ], [ 11.578616718659505, 48.134605327734299 ], [ 11.578858404745251, 48.134599901513504 ], [ 11.578859305483638, 48.134617877216606 ], [ 11.579100991582127, 48.134612450484646 ], [ 11.579101892405582, 48.134630426184252 ], [ 11.579370432524753, 48.134624395882781 ], [ 11.579371333442634, 48.134642371578543 ], [ 11.579586165549285, 48.134637546882985 ], [ 11.57958706654288, 48.134655522575642 ], [ 11.57977504465536, 48.134651300635291 ], [ 11.579775945715317, 48.134669276325234 ], [ 11.579963923850039, 48.134665054075057 ], [ 11.579964824976356, 48.1346830297623 ], [ 11.579991679001427, 48.134682426558236 ], [ 11.579997986975842, 48.134808256364273 ], [ 11.579971132885291, 48.134808859570967 ], [ 11.579980144258776, 48.134988616434626 ], [ 11.579953290073801, 48.13498921963884 ], [ 11.579956894610486, 48.135061122383874 ], [ 11.579392955736411, 48.135073788255987 ], [ 11.579390252921897, 48.13501986117349 ], [ 11.579417107134757, 48.135019258100542 ], [ 11.579404493974392, 48.134767598379263 ], [ 11.579323931726048, 48.134769407563404 ], [ 11.579326634447382, 48.134823334651074 ], [ 11.579299780334773, 48.134823937701064 ], [ 11.579300681234296, 48.134841913397196 ], [ 11.579220118863114, 48.134843722510645 ], [ 11.579219217991657, 48.134825746813384 ], [ 11.579084947402151, 48.13482876187522 ], [ 11.579084046578346, 48.134810786175997 ], [ 11.579110900688656, 48.134810183176533 ], [ 11.579108198194474, 48.134756256079577 ], [ 11.579027635945081, 48.134758065055728 ], [ 11.579026735143513, 48.134740089355461 ], [ 11.578999881067972, 48.134740692334596 ], [ 11.579000781860186, 48.134758668035232 ], [ 11.57892021960021, 48.134760476936158 ], [ 11.578923822665633, 48.134832379742555 ], [ 11.578896968539796, 48.134832982698505 ], [ 11.578899670820062, 48.134886909803697 ], [ 11.578953379126986, 48.13488570388327 ], [ 11.578954279907547, 48.134903679584113 ], [ 11.579195967329229, 48.134898252628453 ], [ 11.579196868194863, 48.134916228325828 ], [ 11.57935799315908, 48.134912610071019 ], [ 11.579366101494607, 48.135074391323798 ], [ 11.579231830272352, 48.135077406568819 ] ] ] } },
{ "type": "Feature", "properties": { "height": 8.0000076293945312 }, "geometry": { "type": "Polygon", "coordinates": [ [ [ 11.572928141357751, 48.134822877460891 ], [ 11.572918255985446, 48.134625143808172 ], [ 11.573347922179027, 48.13461551814212 ], [ 11.573354213905862, 48.134741348607093 ], [ 11.573381068100961, 48.134740746947038 ], [ 11.573384663430218, 48.134812650066856 ], [ 11.572928141357751, 48.134822877460891 ] ] ] } },
{ "type": "Feature", "properties": { "height": 16.978279113769531 }, "geometry": { "type": "Polygon", "coordinates": [ [ [ 11.570425385600174, 48.135310815929472 ], [ 11.570424487783786, 48.135292840109422 ], [ 11.570370778692276, 48.135294042051939 ], [ 11.570369880895475, 48.135276066231071 ], [ 11.570343026357756, 48.135276667192542 ], [ 11.570342128571191, 48.135258691371234 ], [ 11.570288419511824, 48.135259893274622 ], [ 11.570287521744847, 48.13524191745249 ], [ 11.5702606672232, 48.135242518394413 ], [ 11.570259769466457, 48.135224542571827 ], [ 11.570206060439235, 48.135225744436099 ], [ 11.570205162702079, 48.135207768612688 ], [ 11.570151453690048, 48.135208970451131 ], [ 11.570150555972486, 48.135190994626903 ], [ 11.570123701474504, 48.135191595536355 ], [ 11.570122803767175, 48.135173619711679 ], [ 11.570069094787288, 48.135174821511001 ], [ 11.570068197099545, 48.135156845685501 ], [ 11.570041342617637, 48.135157446575377 ], [ 11.5700395472635, 48.135121494923425 ], [ 11.570066401726699, 48.135120894034301 ], [ 11.570065504041592, 48.135102918208595 ], [ 11.570092358494554, 48.135102317313567 ], [ 11.570090563108272, 48.135066365662709 ], [ 11.570117417541647, 48.135065764762167 ], [ 11.570116519840468, 48.135047788937015 ], [ 11.57014337426361, 48.135047188030583 ], [ 11.570142476553958, 48.135029212205737 ], [ 11.570169330966866, 48.135028611293421 ], [ 11.570168433248737, 48.135010635468873 ], [ 11.57019528765141, 48.13501003455066 ], [ 11.570194389924806, 48.134992058726425 ], [ 11.570221244317247, 48.134991457802336 ], [ 11.570220346582168, 48.134973481978399 ], [ 11.570247200964374, 48.134972881048398 ], [ 11.570245405478142, 48.134936929401086 ], [ 11.570272259840761, 48.134936328465578 ], [ 11.57027136208961, 48.134918352642202 ], [ 11.570298216441994, 48.134917751700797 ], [ 11.570297318682366, 48.13489977587772 ], [ 11.570324173024517, 48.134899174930425 ], [ 11.570323275256415, 48.13488119910766 ], [ 11.570350129588332, 48.134880598154474 ], [ 11.570349231811756, 48.134862622332022 ], [ 11.570376086133438, 48.134862021372946 ], [ 11.57037429056421, 48.134826069728568 ], [ 11.570401144866308, 48.134825468763971 ], [ 11.570400247073657, 48.134807492942066 ], [ 11.570427101365519, 48.134806891971579 ], [ 11.570425305764148, 48.134770940328288 ], [ 11.570452160036421, 48.134770339352301 ], [ 11.570451262227701, 48.134752363530929 ], [ 11.57047811648974, 48.134751762549037 ], [ 11.570477218672544, 48.134733786727978 ], [ 11.570504072924351, 48.134733185740188 ], [ 11.570502277273887, 48.134697234098617 ], [ 11.570529131506104, 48.134696633105321 ], [ 11.570528233672837, 48.134678657284809 ], [ 11.570555087894821, 48.134678056285615 ], [ 11.570555985737442, 48.134696032105758 ], [ 11.570609694197485, 48.134694830087817 ], [ 11.570610592059694, 48.134712805907128 ], [ 11.57063744629775, 48.134712204888373 ], [ 11.570638344170195, 48.134730180707237 ], [ 11.570665198416725, 48.134729579681839 ], [ 11.570666096299403, 48.134747555500262 ], [ 11.570719804808537, 48.134746353429904 ], [ 11.570720702710803, 48.13476432924751 ], [ 11.570747556973405, 48.13476372820255 ], [ 11.570748454885903, 48.134781704019694 ], [ 11.570802163427178, 48.134780501910221 ], [ 11.570803061359268, 48.134798477726548 ], [ 11.57082991563794, 48.134797876662034 ], [ 11.570830813580264, 48.134815852477914 ], [ 11.570857667867411, 48.134815251406742 ], [ 11.570858565819966, 48.134833227222188 ], [ 11.570912274410334, 48.134832025060298 ], [ 11.570913172382479, 48.134850000874913 ], [ 11.570940026685699, 48.134849399784194 ], [ 11.570940924668076, 48.134867375598354 ], [ 11.570914070355503, 48.134867976689456 ], [ 11.570914968329404, 48.134885952503929 ], [ 11.570888114006596, 48.134886553589133 ], [ 11.570889909938332, 48.13492250521864 ], [ 11.570863055595934, 48.134923106298324 ], [ 11.570863953553767, 48.13494108211335 ], [ 11.570837099201135, 48.134941683187158 ], [ 11.57083889510073, 48.134977634817751 ], [ 11.570812040728509, 48.134978235886024 ], [ 11.570812938670269, 48.134996211701605 ], [ 11.570786084287816, 48.134996812763987 ], [ 11.570786982221101, 48.135014788579873 ], [ 11.570760127828416, 48.135015389636372 ], [ 11.570761923678914, 48.135051341268664 ], [ 11.57073506926664, 48.135051942319656 ], [ 11.570735967183854, 48.135069918136075 ], [ 11.570709112761342, 48.13507051918117 ], [ 11.570710010670082, 48.135088494997909 ], [ 11.570683156237338, 48.135089096037113 ], [ 11.570684054137601, 48.135107071854158 ], [ 11.570657199694626, 48.135107672887465 ], [ 11.57065899547908, 48.13514362452208 ], [ 11.570632141016514, 48.13514422554988 ], [ 11.570633038900706, 48.135162201367464 ], [ 11.570606184427906, 48.135162802389367 ], [ 11.570607082303622, 48.135180778207264 ], [ 11.570580227820589, 48.135181379223269 ], [ 11.570581125687829, 48.135199355041472 ], [ 11.570554271194561, 48.135199956051586 ], [ 11.570555169053327, 48.135217931870102 ], [ 11.570528314549826, 48.135218532874326 ], [ 11.570529212400114, 48.135236508693133 ], [ 11.570502357886379, 48.135237109691474 ], [ 11.570504153570887, 48.135273061329649 ], [ 11.570477299037563, 48.135273662322476 ], [ 11.570478196871781, 48.13529163814183 ], [ 11.570451342328223, 48.135292239128759 ], [ 11.570452240153966, 48.135310214948433 ], [ 11.570425385600174, 48.135310815929472 ] ] ] } },
{ "type": "Feature", "properties": { "height": 14.877861022949219 }, "geometry": { "type": "Polygon", "coordinates": [ [ [ 11.572391156730037, 48.135374782592706 ], [ 11.572390258225475, 48.135356806800587 ], [ 11.572363403688236, 48.135357408234867 ], [ 11.572362505193908, 48.135339432442322 ], [ 11.572335650665144, 48.135340033869952 ], [ 11.57233475218105, 48.135322058076945 ], [ 11.572281043139592, 48.135323260912664 ], [ 11.572280144675089, 48.135305285118847 ], [ 11.572253290162394, 48.135305886526915 ], [ 11.572252391708126, 48.135287910732643 ], [ 11.572198682698806, 48.13528911352924 ], [ 11.572197784264127, 48.135271137734144 ], [ 11.572170929767502, 48.135271739122665 ], [ 11.572170031343058, 48.135253763327121 ], [ 11.572116322365877, 48.135254966084602 ], [ 11.572115423961023, 48.135236990288227 ], [ 11.572088569480467, 48.135237591657194 ], [ 11.572087671085846, 48.135219615860379 ], [ 11.572060816613767, 48.135220217222688 ], [ 11.57205991822938, 48.135202241425432 ], [ 11.572033063765776, 48.135202842781098 ], [ 11.572032165391622, 48.135184866983394 ], [ 11.572005310936493, 48.135185468332409 ], [ 11.572004412572575, 48.135167492534265 ], [ 11.571977558125921, 48.135168093876629 ], [ 11.571976659772238, 48.13515011807803 ], [ 11.571922950894997, 48.135151320743219 ], [ 11.571922052560902, 48.135133344943803 ], [ 11.571895198130317, 48.135133946266613 ], [ 11.571894299806457, 48.135115970466742 ], [ 11.571867445384347, 48.135116571782909 ], [ 11.571866547070721, 48.135098595982598 ], [ 11.571839692657086, 48.135099197292128 ], [ 11.571838794353695, 48.135081221491362 ], [ 11.571811939948535, 48.135081822794241 ], [ 11.571811041655378, 48.135063846993035 ], [ 11.571784187258693, 48.135064448289263 ], [ 11.571783288975769, 48.135046472487609 ], [ 11.571756434587559, 48.135047073777187 ], [ 11.571755536314871, 48.135029097975085 ], [ 11.571782390693727, 48.135028496685891 ], [ 11.571781492412562, 48.135010520884094 ], [ 11.571808346781184, 48.135009919588988 ], [ 11.571806550202785, 48.134973967985971 ], [ 11.571833404551818, 48.134973366685358 ], [ 11.571832506254582, 48.134955390884109 ], [ 11.571859360593383, 48.134954789577606 ], [ 11.571858462287674, 48.134936813776676 ], [ 11.571885316616237, 48.134936212464275 ], [ 11.57188351998875, 48.134900260862949 ], [ 11.571910374297724, 48.134899659545049 ], [ 11.571909475975946, 48.134881683744652 ], [ 11.571936330274687, 48.134881082420854 ], [ 11.571935431944434, 48.134863106620777 ], [ 11.571962286232941, 48.134862505291082 ], [ 11.571960489556362, 48.134826553691468 ], [ 11.571987343825281, 48.134825952356266 ], [ 11.571986445478956, 48.134807976556729 ], [ 11.572013299737641, 48.134807375215622 ], [ 11.572012401382842, 48.134789399416398 ], [ 11.572039255631292, 48.134788798069415 ], [ 11.572037458905626, 48.134752846471507 ], [ 11.572064313134488, 48.134752245118996 ], [ 11.572063414763619, 48.134734269320312 ], [ 11.572090268982246, 48.134733667961925 ], [ 11.572089370602903, 48.134715692163553 ], [ 11.572116224811296, 48.134715090799261 ], [ 11.57211442803654, 48.134679139203065 ], [ 11.572141282225346, 48.13467853783326 ], [ 11.572140383829934, 48.134660562035442 ], [ 11.572167238008504, 48.134659960659739 ], [ 11.572166339604616, 48.134641984862228 ], [ 11.572193193772954, 48.134641383480634 ], [ 11.572191396949108, 48.134605431886158 ], [ 11.572218251097855, 48.134604830499043 ], [ 11.5722173526779, 48.134586854702079 ], [ 11.572244206816414, 48.134586253309088 ], [ 11.572243308387982, 48.134568277512429 ], [ 11.572270162516261, 48.134567676113534 ], [ 11.572271060954048, 48.134585651909831 ], [ 11.572324769226675, 48.134584449092493 ], [ 11.572325667684048, 48.134602424887959 ], [ 11.5723525218284, 48.134601823469509 ], [ 11.572353420296006, 48.13461979926452 ], [ 11.572380274448829, 48.134619197839427 ], [ 11.572381172926672, 48.134637173633998 ], [ 11.572408027087969, 48.134636572202261 ], [ 11.572408925576047, 48.134654547996384 ], [ 11.572435779745817, 48.134653946557997 ], [ 11.572436678244129, 48.134671922351664 ], [ 11.572463532422375, 48.134671320906634 ], [ 11.572464430930921, 48.134689296699875 ], [ 11.572491285117643, 48.134688695248194 ], [ 11.57249218363642, 48.134706671040981 ], [ 11.572545892025932, 48.134705468118071 ], [ 11.572546790564301, 48.134723443910033 ], [ 11.572573644767091, 48.134722842438791 ], [ 11.572574543315694, 48.134740818230306 ], [ 11.572601397526958, 48.134740216752412 ], [ 11.572602296085794, 48.134758192543487 ], [ 11.572629150305534, 48.134757591058964 ], [ 11.572630048874606, 48.134775566849584 ], [ 11.572656903102819, 48.134774965358403 ], [ 11.572657801682125, 48.134792941148589 ], [ 11.572684655918811, 48.134792339650758 ], [ 11.572685554508354, 48.134810315440497 ], [ 11.572658700262309, 48.13481091693869 ], [ 11.572659598843375, 48.134828892728713 ], [ 11.572632744587098, 48.13482949422103 ], [ 11.572634541733159, 48.134865445801651 ], [ 11.572607687457293, 48.13486604728844 ], [ 11.572608586022287, 48.134884023079017 ], [ 11.572581731736188, 48.134884624559923 ], [ 11.572582630292708, 48.134902600350813 ], [ 11.572555775996374, 48.134903201825821 ], [ 11.572556674544419, 48.134921177617024 ], [ 11.572529820237852, 48.134921779086135 ], [ 11.572530718777424, 48.134939754877657 ], [ 11.57250386446062, 48.134940356340877 ], [ 11.572504762991716, 48.13495833213269 ], [ 11.572477908664679, 48.134958933590021 ], [ 11.5724788071873, 48.134976909382132 ], [ 11.572451952850027, 48.134977510833579 ], [ 11.572452851364176, 48.134995486626018 ], [ 11.572425997016669, 48.13499608807156 ], [ 11.572426895522344, 48.135014063864304 ], [ 11.572400041164602, 48.135014665303963 ], [ 11.572400939661801, 48.135032641097006 ], [ 11.572374085293823, 48.135033242530767 ], [ 11.57237498378255, 48.135051218324129 ], [ 11.572348129404338, 48.135051819752 ], [ 11.572349027884588, 48.135069795545668 ], [ 11.572375882272151, 48.135069194117413 ], [ 11.572376780762637, 48.135087169910634 ], [ 11.572403635158675, 48.135086568475742 ], [ 11.572404533659393, 48.135104544268515 ], [ 11.572431388063908, 48.135103942826966 ], [ 11.572433185086695, 48.135139894411537 ], [ 11.572460039509037, 48.135139292962975 ], [ 11.572460938031103, 48.135157268754774 ], [ 11.572487792461924, 48.135156667299569 ], [ 11.572488690994225, 48.135174643090942 ], [ 11.572515545433518, 48.135174041629078 ], [ 11.572516443976053, 48.135192017419982 ], [ 11.572543298423822, 48.135191415951482 ], [ 11.572544196976592, 48.135209391741952 ], [ 11.572571051432835, 48.135208790266809 ], [ 11.57257194999584, 48.135226766056824 ], [ 11.572598804460556, 48.13522616457503 ], [ 11.572599703033797, 48.135244140364605 ], [ 11.572572848559725, 48.135244741846776 ], [ 11.57257554425666, 48.135298669216226 ], [ 11.572548689753644, 48.135299270693267 ], [ 11.572549588311693, 48.135317246483318 ], [ 11.572522733798444, 48.135317847954461 ], [ 11.57252363234802, 48.135335823744832 ], [ 11.572496777824535, 48.135336425210077 ], [ 11.572497676365632, 48.135354401000747 ], [ 11.572443967297314, 48.135355603913204 ], [ 11.572444865820586, 48.13537357970457 ], [ 11.572391156730037, 48.135374782592706 ] ] ] } },
{ "type": "Feature", "properties": { "height": 16.729713439941406 }, "geometry": { "type": "Polygon", "coordinates": [ [ [ 11.569034462873994, 48.13652966490902 ], [ 11.569033565504771, 48.136511689073195 ], [ 11.568979855083457, 48.136512890388367 ], [ 11.568977163037189, 48.136458962878223 ], [ 11.56895030785328, 48.136459563525271 ], [ 11.568948513178873, 48.136423611850731 ], [ 11.568921658012796, 48.136424212490766 ], [ 11.568918966035838, 48.136370284977311 ], [ 11.568892110896948, 48.136370885609949 ], [ 11.56889031626875, 48.136334933933213 ], [ 11.568863461147693, 48.136335534558832 ], [ 11.568860769240048, 48.136281607042079 ], [ 11.568833914146179, 48.136282207660301 ], [ 11.568832119564187, 48.136246255981355 ], [ 11.56880526448815, 48.13624685659255 ], [ 11.568803469928383, 48.136210904912588 ], [ 11.568776614870178, 48.136211505516748 ], [ 11.568773923065184, 48.136157577995164 ], [ 11.568747068034163, 48.136158178591934 ], [ 11.568745273520605, 48.136122226909777 ], [ 11.568718418507419, 48.136122827499527 ], [ 11.568715726771737, 48.136068899974632 ], [ 11.568688871785737, 48.136069500556978 ], [ 11.568686180086027, 48.136015573030349 ], [ 11.568659325127216, 48.136016173605299 ], [ 11.568656633463478, 48.135962246076893 ], [ 11.568629778531854, 48.135962846644446 ], [ 11.568627984112467, 48.135926894957755 ], [ 11.568601129198672, 48.135927495518288 ], [ 11.568598437604246, 48.135873567986593 ], [ 11.56857158271764, 48.135874168539722 ], [ 11.568568891159185, 48.135820241006286 ], [ 11.568542036299764, 48.135820841552018 ], [ 11.568539344777284, 48.135766914016827 ], [ 11.56851248994505, 48.135767514555148 ], [ 11.568510695619832, 48.135731562863931 ], [ 11.568483840805429, 48.135732163395247 ], [ 11.568481149352255, 48.135678235856744 ], [ 11.56845429456504, 48.13567883638067 ], [ 11.568451603147839, 48.13562490884042 ], [ 11.568424748387811, 48.135625509356935 ], [ 11.56842295413278, 48.13558955766235 ], [ 11.568396099390581, 48.135590158171837 ], [ 11.568393408042688, 48.135536230628304 ], [ 11.568366553327678, 48.135536831130395 ], [ 11.568363862015756, 48.1354829035851 ], [ 11.56833700732793, 48.135483504079801 ], [ 11.568334316051981, 48.135429576532758 ], [ 11.56830746139134, 48.135430177020055 ], [ 11.568305667230478, 48.135394225320923 ], [ 11.568278812587668, 48.135394825801193 ], [ 11.568275224313899, 48.135322922400604 ], [ 11.568248369707634, 48.135323522873108 ], [ 11.56824478148534, 48.135251619469919 ], [ 11.568217926915615, 48.135252219934628 ], [ 11.568212544664656, 48.135144364825514 ], [ 11.56818569015018, 48.135144965281704 ], [ 11.568176719895739, 48.13496520675718 ], [ 11.568203574316668, 48.134964606304756 ], [ 11.568202677286699, 48.134946630452305 ], [ 11.568229531697396, 48.134946029993984 ], [ 11.568225046513961, 48.134856150732553 ], [ 11.568251900877005, 48.134855550269862 ], [ 11.568251003833598, 48.13483757441773 ], [ 11.568277858186411, 48.134836973949135 ], [ 11.568276961134528, 48.134818998097323 ], [ 11.568250106791071, 48.134819598565549 ], [ 11.568247415668758, 48.134765671008566 ], [ 11.568274269984151, 48.134765070541476 ], [ 11.568272475888291, 48.134729118837242 ], [ 11.568299330184097, 48.134728518364632 ], [ 11.568297536073045, 48.134692566660874 ], [ 11.568324390349263, 48.134691966182743 ], [ 11.568322596223013, 48.134656014479461 ], [ 11.568349450479642, 48.134655413995816 ], [ 11.568347656338197, 48.13461946229301 ], [ 11.568374510575241, 48.134618861803844 ], [ 11.568372716418601, 48.134582910101514 ], [ 11.568399570636057, 48.134582309606841 ], [ 11.568398673549702, 48.134564333755954 ], [ 11.568506090373321, 48.134561931716071 ], [ 11.568506987497095, 48.13457990756546 ], [ 11.568533841710158, 48.134579307039452 ], [ 11.568534738844166, 48.134597282888379 ], [ 11.568561593065702, 48.134596682355721 ], [ 11.568562490209946, 48.134614658204221 ], [ 11.56858934443996, 48.134614057664912 ], [ 11.568590241594434, 48.134632033512965 ], [ 11.568617095832924, 48.134631432967005 ], [ 11.56861799299763, 48.13464940881461 ], [ 11.568671701490688, 48.134648207703144 ], [ 11.568672598674979, 48.134666183549932 ], [ 11.568699452929545, 48.134665582984411 ], [ 11.568700350124072, 48.134683558830751 ], [ 11.568727204387113, 48.134682958258587 ], [ 11.568728101591871, 48.134700934104472 ], [ 11.568754955863389, 48.134700333525672 ], [ 11.568755853078383, 48.134718309371124 ], [ 11.568782707358375, 48.134717708785672 ], [ 11.568783604583599, 48.134735684630662 ], [ 11.568810458872068, 48.134735084038567 ], [ 11.568811356107528, 48.134753059883131 ], [ 11.568865064700537, 48.134751858679373 ], [ 11.568865961955584, 48.134769834523105 ], [ 11.568892816260124, 48.134769233911449 ], [ 11.568893713525405, 48.134787209754734 ], [ 11.568920567838422, 48.134786609136441 ], [ 11.568921465113936, 48.134804584979278 ], [ 11.56894831943543, 48.134803984354328 ], [ 11.568949216721178, 48.134821960196732 ], [ 11.568976071051145, 48.13482135956513 ], [ 11.568976968347126, 48.134839335407094 ], [ 11.569030677023136, 48.134838134124344 ], [ 11.569031574338704, 48.134856109965469 ], [ 11.569058428684745, 48.13485550931432 ], [ 11.569059326010548, 48.134873485154998 ], [ 11.569086180365066, 48.134872884497206 ], [ 11.569087077701099, 48.134890860337443 ], [ 11.569113932064093, 48.134890259672993 ], [ 11.56911482941036, 48.134908235512782 ], [ 11.569141683781831, 48.134907634841696 ], [ 11.569142581138331, 48.134925610681037 ], [ 11.569196289897343, 48.134924409319304 ], [ 11.569197187273431, 48.134942385157821 ], [ 11.569224041660975, 48.134941784467173 ], [ 11.569224939047297, 48.13495976030525 ], [ 11.569251793443316, 48.134959159607952 ], [ 11.569252690839873, 48.134977135445581 ], [ 11.569279545244367, 48.134976534741647 ], [ 11.569280442651156, 48.134994510578828 ], [ 11.569334151476218, 48.134993309151398 ], [ 11.569335048902595, 48.135011284987762 ], [ 11.569361903323163, 48.135010684264259 ], [ 11.569362800759771, 48.135028660100176 ], [ 11.569389655188814, 48.135028059370029 ], [ 11.56939055263566, 48.135046035205505 ], [ 11.569417407073178, 48.135045434468708 ], [ 11.569418304530256, 48.135063410303722 ], [ 11.569445158976249, 48.135062809560289 ], [ 11.569446056443562, 48.135080785394877 ], [ 11.569499765351624, 48.135079583888441 ], [ 11.569500662838523, 48.135097559722198 ], [ 11.569527517300592, 48.135096958959195 ], [ 11.569528414797723, 48.135114934792512 ], [ 11.569555269268267, 48.135114334022873 ], [ 11.569556166775634, 48.135132309855734 ], [ 11.569609875732793, 48.135131108296896 ], [ 11.569610773259747, 48.135149084128933 ], [ 11.569637627746364, 48.135148483339734 ], [ 11.569638525283553, 48.135166459171323 ], [ 11.569692234272857, 48.135165257573362 ], [ 11.569693131829634, 48.135183233404128 ], [ 11.569719986332322, 48.135182632595374 ], [ 11.569720883899333, 48.135200608425698 ], [ 11.569747738410499, 48.135200007610287 ], [ 11.569748635987741, 48.135217983440164 ], [ 11.569802345026142, 48.135216781789794 ], [ 11.569803242622976, 48.135234757618854 ], [ 11.569830097150213, 48.135234156783881 ], [ 11.569830994757279, 48.1352521326125 ], [ 11.569884703827826, 48.135250930923 ], [ 11.56988560145448, 48.135268906750788 ], [ 11.569912455997791, 48.135268305896261 ], [ 11.569913353634679, 48.135286281723602 ], [ 11.569967062737371, 48.135285079994986 ], [ 11.569967960393848, 48.135303055821502 ], [ 11.56999481495323, 48.135302454947421 ], [ 11.56999571261994, 48.135320430773497 ], [ 11.570049421754778, 48.135319229005752 ], [ 11.570050319441076, 48.135337204831011 ], [ 11.570104028591107, 48.135336003037438 ], [ 11.570104926296995, 48.135353978861872 ], [ 11.570131780880047, 48.135353377955312 ], [ 11.570132678596169, 48.135371353779291 ], [ 11.570186387778342, 48.135370151946603 ], [ 11.570187285514052, 48.135388127769758 ], [ 11.570214140113178, 48.135387526843644 ], [ 11.570215037859121, 48.135405502666359 ], [ 11.57026874707344, 48.135404300794541 ], [ 11.570269644838975, 48.135422276616445 ], [ 11.570323354068487, 48.135421074718806 ], [ 11.570324251853609, 48.135439050539873 ], [ 11.570351106476403, 48.135438449581272 ], [ 11.570352004271758, 48.135456425401898 ], [ 11.570405713533415, 48.135455223465136 ], [ 11.570406611348361, 48.135473199284931 ], [ 11.570460320625209, 48.135471997322355 ], [ 11.570461218459744, 48.135489973141325 ], [ 11.570488073106205, 48.135489372150253 ], [ 11.570488970950972, 48.135507347968776 ], [ 11.570542680259967, 48.135506145967078 ], [ 11.570543578124324, 48.135524121784783 ], [ 11.570597287448511, 48.135522919757243 ], [ 11.570598185332456, 48.135540895574138 ], [ 11.570651894671835, 48.135539693520755 ], [ 11.57065279257537, 48.135557669336812 ], [ 11.570679647253096, 48.135557068300358 ], [ 11.570680545166866, 48.135575044115974 ], [ 11.570734254538388, 48.135573842023476 ], [ 11.570735152471746, 48.135591817838275 ], [ 11.570788861858462, 48.135590615719948 ], [ 11.570789759811408, 48.135608591533916 ], [ 11.570816614512802, 48.135607990464976 ], [ 11.570817512475985, 48.135625966278511 ], [ 11.570871221894844, 48.135624764121054 ], [ 11.570872119877615, 48.135642739933758 ], [ 11.570925829311667, 48.135641537750494 ], [ 11.570926727314028, 48.135659513562373 ], [ 11.570953582039088, 48.135658912460961 ], [ 11.570954480051682, 48.135676888272378 ], [ 11.571008189517878, 48.135675686049993 ], [ 11.571009087550062, 48.1356936618606 ], [ 11.571062797031448, 48.135692459612379 ], [ 11.571063695083222, 48.135710435422169 ], [ 11.571090549831952, 48.135709834288278 ], [ 11.571091447893959, 48.135727810097613 ], [ 11.571145157407489, 48.13572660781027 ], [ 11.571146055489086, 48.135744583618795 ], [ 11.571199765017809, 48.135743381305609 ], [ 11.571200663118995, 48.135761357113303 ], [ 11.571227517891392, 48.135760755946926 ], [ 11.571228416002814, 48.135778731754179 ], [ 11.571282125563677, 48.135777529401885 ], [ 11.571283023694688, 48.135795505208314 ], [ 11.571336733270746, 48.135794302830178 ], [ 11.571337631421347, 48.13581227863579 ], [ 11.57136448621741, 48.135811677436941 ], [ 11.571365384378245, 48.135829653242098 ], [ 11.571419093986444, 48.135828450824839 ], [ 11.571419992166868, 48.135846426629179 ], [ 11.571473701790261, 48.135845224186092 ], [ 11.571474599990275, 48.135863199989615 ], [ 11.571501454810006, 48.135862598758294 ], [ 11.571502353020254, 48.135880574561355 ], [ 11.571556062675787, 48.135879372079152 ], [ 11.571557859136343, 48.13591532368357 ], [ 11.571531004290305, 48.135915924928561 ], [ 11.571531902512547, 48.13593390073104 ], [ 11.571505047656276, 48.135934501970141 ], [ 11.571505945870042, 48.135952477772925 ], [ 11.571479091003535, 48.135953079006136 ], [ 11.571479989208825, 48.135971054809225 ], [ 11.571453134332085, 48.135971656036538 ], [ 11.5714540325289, 48.135989631839934 ], [ 11.571427177641922, 48.135990233061364 ], [ 11.571428075830264, 48.136008208865071 ], [ 11.571401220933053, 48.136008810080597 ], [ 11.571402119112916, 48.136026785884617 ], [ 11.571375264205471, 48.136027387094266 ], [ 11.571376162376859, 48.136045362898578 ], [ 11.57132245254062, 48.136046565299807 ], [ 11.571323350694179, 48.136064541104815 ], [ 11.571296495765385, 48.136065142296403 ], [ 11.571297393910466, 48.136083118101723 ], [ 11.571243684031529, 48.136084320466836 ], [ 11.571244582158782, 48.136102296272846 ], [ 11.571217727208637, 48.136102897446378 ], [ 11.571218625327413, 48.136120873252686 ], [ 11.571191770367037, 48.136121474420321 ], [ 11.571192668477336, 48.136139450226942 ], [ 11.571138958535231, 48.136140652544171 ], [ 11.571139856627703, 48.136158628351474 ], [ 11.571113001645974, 48.136159229501054 ], [ 11.571113899729969, 48.136177205308663 ], [ 11.571060189745166, 48.136178407589782 ], [ 11.571061087811328, 48.136196383398087 ], [ 11.5710073778043, 48.136197585654877 ], [ 11.571008275852632, 48.136215561463864 ], [ 11.570954565823374, 48.136216763696339 ], [ 11.570955463853874, 48.136234739506008 ], [ 11.570928608828572, 48.136235340613212 ], [ 11.570929506850597, 48.136253316423186 ], [ 11.57087579677864, 48.136254518619552 ], [ 11.570876694782834, 48.136272494430209 ], [ 11.57082298468865, 48.136273696602245 ], [ 11.570823882675015, 48.136291672413599 ], [ 11.570770172558602, 48.136292874561313 ], [ 11.570771070527135, 48.136310850373341 ], [ 11.570717360388496, 48.136312052496741 ], [ 11.570718258339195, 48.136330028309459 ], [ 11.570664548178328, 48.13633123040853 ], [ 11.570665446111198, 48.136349206221929 ], [ 11.5706117359281, 48.136350408296671 ], [ 11.57061263384314, 48.136368384110767 ], [ 11.570558923637817, 48.136369586161194 ], [ 11.570559821535024, 48.136387561975965 ], [ 11.570506111307473, 48.136388764002064 ], [ 11.570507009186848, 48.136406739817517 ], [ 11.570453298937071, 48.1364079418193 ], [ 11.570454196798615, 48.136425917635435 ], [ 11.570373631389286, 48.136427720592224 ], [ 11.570374529223644, 48.136445696409417 ], [ 11.57032081892765, 48.136446898350016 ], [ 11.570321716744177, 48.136464874167892 ], [ 11.570268006425957, 48.136466076084176 ], [ 11.570268904224651, 48.136484051902741 ], [ 11.570215193884202, 48.136485253794689 ], [ 11.570216091665065, 48.136503229613943 ], [ 11.570162381302392, 48.136504431481569 ], [ 11.57016148354024, 48.136486455661569 ], [ 11.570134628366938, 48.136487056585594 ], [ 11.570132832863983, 48.136451104944626 ], [ 11.570105977708513, 48.136451705861631 ], [ 11.570104182227785, 48.136415754219641 ], [ 11.570077327090148, 48.136416355129626 ], [ 11.570075531631646, 48.136380403486598 ], [ 11.570048676511842, 48.136381004389563 ], [ 11.570045983358749, 48.136327076923372 ], [ 11.570019128266129, 48.136327677818933 ], [ 11.570018230559544, 48.136309701996346 ], [ 11.569910810217699, 48.136312105514413 ], [ 11.569911707886863, 48.1363300813385 ], [ 11.569831142593181, 48.136331883912348 ], [ 11.569832040235156, 48.1363498597375 ], [ 11.569724619793853, 48.13635226308304 ], [ 11.569725517399288, 48.136370238909628 ], [ 11.569618096906501, 48.136372642156374 ], [ 11.569618994475391, 48.136390617984397 ], [ 11.569538429068505, 48.136392420354753 ], [ 11.56953932661021, 48.136410396183834 ], [ 11.569458761167349, 48.136412198498917 ], [ 11.569459658681865, 48.13643017432905 ], [ 11.569379093203025, 48.136431976588831 ], [ 11.569379990690358, 48.13644995242003 ], [ 11.56929942517554, 48.136451754624517 ], [ 11.569300322635685, 48.136469730456781 ], [ 11.569246612269369, 48.136470931895843 ], [ 11.56924750971168, 48.136488907728797 ], [ 11.569166944127549, 48.136490709841503 ], [ 11.569167841542672, 48.136508685675516 ], [ 11.569087275922566, 48.136510487732934 ], [ 11.569088173310504, 48.136528463568006 ], [ 11.569034462873994, 48.13652966490902 ] ] ] } },
{ "type": "Feature", "properties": { "height": 14.074668884277344 }, "geometry": { "type": "Polygon", "coordinates": [ [ [ 11.572623758909588, 48.134649736313783 ], [ 11.572621961784645, 48.134613784731506 ], [ 11.57259510763974, 48.134614386213016 ], [ 11.572592411986989, 48.134560458837953 ], [ 11.572565557869268, 48.134561060312059 ], [ 11.572562862252497, 48.134507132935241 ], [ 11.572643424518832, 48.13450532849749 ], [ 11.572642525953606, 48.134487352706216 ], [ 11.572749942258984, 48.134484946702969 ], [ 11.57274904365722, 48.134466970913131 ], [ 11.572829605848954, 48.134465166346004 ], [ 11.572828707220005, 48.134447190557218 ], [ 11.572909269375755, 48.134445385934811 ], [ 11.572908370719626, 48.13442741014709 ], [ 11.572935224760428, 48.134426808594121 ], [ 11.572937022092274, 48.134462760168752 ], [ 11.572963876150904, 48.134462158608756 ], [ 11.572966572183338, 48.134516085969025 ], [ 11.572993426269152, 48.134515484401632 ], [ 11.572996122337569, 48.134569411760147 ], [ 11.572942414108935, 48.134570614890912 ], [ 11.57294331278146, 48.134588590677694 ], [ 11.572862750403846, 48.134590395327955 ], [ 11.572863649049188, 48.134608371115817 ], [ 11.572783086635594, 48.134610175710797 ], [ 11.57278398525375, 48.134628151499705 ], [ 11.572703422804173, 48.134629956039397 ], [ 11.572704321395147, 48.134647931829385 ], [ 11.572623758909588, 48.134649736313783 ] ] ] } },
{ "type": "Feature", "properties": { "height": 16.23406982421875 }, "geometry": { "type": "Polygon", "coordinates": [ [ [ 11.571673176686415, 48.134994950198433 ], [ 11.571672278444428, 48.134976974394995 ], [ 11.57164542409012, 48.134977575657985 ], [ 11.571644525858366, 48.134959599854113 ], [ 11.571617671512533, 48.134960201110474 ], [ 11.571616773291014, 48.134942225306141 ], [ 11.571589918953652, 48.134942826555843 ], [ 11.571589020742369, 48.134924850751062 ], [ 11.571562166413484, 48.134925451994121 ], [ 11.571560370012262, 48.134889500383608 ], [ 11.571533515701208, 48.134890101619654 ], [ 11.571532617511272, 48.134872125813921 ], [ 11.571505763208691, 48.134872727043316 ], [ 11.571504865028988, 48.134854751237135 ], [ 11.571478010734882, 48.134855352459873 ], [ 11.571477112565415, 48.134837376653252 ], [ 11.571450258279784, 48.134837977869346 ], [ 11.57144936012055, 48.134820002062277 ], [ 11.571422505843396, 48.134820603271734 ], [ 11.571420709546274, 48.134784651656631 ], [ 11.571393855286948, 48.134785252859054 ], [ 11.57139295714906, 48.134767277051019 ], [ 11.57136610289821, 48.134767878246798 ], [ 11.571365204770556, 48.134749902438315 ], [ 11.57133835052818, 48.134750503627465 ], [ 11.571337452410761, 48.134732527818535 ], [ 11.57131059817686, 48.134733129001027 ], [ 11.571309700069675, 48.13471515319165 ], [ 11.571282845844248, 48.134715754367512 ], [ 11.571281049651226, 48.134679802747797 ], [ 11.571254195443629, 48.134680403916619 ], [ 11.571253297357792, 48.134662428106289 ], [ 11.57122644315867, 48.134663029268467 ], [ 11.571225545083065, 48.134645053457689 ], [ 11.57119869089242, 48.134645654613223 ], [ 11.571197792827048, 48.134627678801998 ], [ 11.571170938644878, 48.134628279950881 ], [ 11.571169142535483, 48.134592328327471 ], [ 11.57114228837114, 48.134592929469335 ], [ 11.571141390327119, 48.13457495365715 ], [ 11.571114536171249, 48.134575554792363 ], [ 11.571113638137462, 48.134557578979731 ], [ 11.571086783990069, 48.134558180108307 ], [ 11.571085885966513, 48.134540204295227 ], [ 11.571059031827595, 48.13454080541716 ], [ 11.571058133814274, 48.134522829603618 ], [ 11.571031279683831, 48.134523430718907 ], [ 11.571029483678535, 48.134487479090893 ], [ 11.571002629565921, 48.134488080199155 ], [ 11.571001731573945, 48.134470104384668 ], [ 11.570974877469808, 48.134470705486279 ], [ 11.570973979488066, 48.134452729671345 ], [ 11.570947125392401, 48.134453330766306 ], [ 11.570946227420896, 48.134435354950931 ], [ 11.570919373333707, 48.134435956039262 ], [ 11.570918475372432, 48.134417980223425 ], [ 11.57089162129372, 48.134418581305106 ], [ 11.570889825392518, 48.134382629672487 ], [ 11.570916679452523, 48.134382028591567 ], [ 11.570915781493888, 48.134364052775538 ], [ 11.570942635543659, 48.134363451688714 ], [ 11.570941737576549, 48.134345475872991 ], [ 11.570995445654745, 48.134344273681307 ], [ 11.570994547669804, 48.134326297866266 ], [ 11.57102140169823, 48.134325696761408 ], [ 11.571020503704815, 48.134307720946673 ], [ 11.571047357723007, 48.134307119835903 ], [ 11.571046459721117, 48.13428914402148 ], [ 11.571073313729075, 48.134288542904834 ], [ 11.57107241571871, 48.134270567090709 ], [ 11.571099269716434, 48.134269965968173 ], [ 11.571098371697595, 48.134251990154354 ], [ 11.571178933657428, 48.134250186750243 ], [ 11.571178035611405, 48.134232210937505 ], [ 11.571231743561524, 48.134231008637499 ], [ 11.57123084549767, 48.134213032825436 ], [ 11.571284553425564, 48.134211830501108 ], [ 11.571283655343882, 48.134193854689734 ], [ 11.571337363249548, 48.134192652341099 ], [ 11.571336465150038, 48.134174676530399 ], [ 11.571390173033477, 48.134173474157443 ], [ 11.57138927491614, 48.13415549834744 ], [ 11.57144298277735, 48.134154295950147 ], [ 11.571442084642184, 48.134136320140833 ], [ 11.571495792481169, 48.134135117719225 ], [ 11.571494894328174, 48.134117141910586 ], [ 11.571602309958177, 48.134114736993659 ], [ 11.57160410633988, 48.134150688607853 ], [ 11.57163096026389, 48.134150087362201 ], [ 11.571632756667821, 48.134186038975365 ], [ 11.571659610609659, 48.134185437722685 ], [ 11.571661407035817, 48.134221389334826 ], [ 11.571688260995485, 48.134220788075126 ], [ 11.57169095566938, 48.134274715491664 ], [ 11.57171780965623, 48.134274114224574 ], [ 11.571719606128601, 48.134310065834498 ], [ 11.57174646013328, 48.134309464560381 ], [ 11.571748256627878, 48.134345416169275 ], [ 11.571775110650385, 48.134344814888138 ], [ 11.571776907167211, 48.134380766496001 ], [ 11.571803761207546, 48.134380165207837 ], [ 11.571805557746597, 48.134416116814677 ], [ 11.571832411804763, 48.134415515519485 ], [ 11.571835106647999, 48.134469442928093 ], [ 11.571861960733349, 48.134468841625505 ], [ 11.571863757318614, 48.13450479323015 ], [ 11.571890611421793, 48.134504191920534 ], [ 11.571891509725097, 48.13452216772238 ], [ 11.571918363836751, 48.134521566406129 ], [ 11.57191926215029, 48.134539542207513 ], [ 11.571946116270418, 48.134538940884603 ], [ 11.571947014594192, 48.134556916685554 ], [ 11.572000722850516, 48.134555714020181 ], [ 11.572001621193879, 48.1345736898203 ], [ 11.572028475330075, 48.134573088477843 ], [ 11.572029373683671, 48.134591064277508 ], [ 11.572056227828345, 48.134590462928408 ], [ 11.572057126192174, 48.134608438727639 ], [ 11.572110834497588, 48.134607236009849 ], [ 11.572111732881005, 48.134625211808249 ], [ 11.572084878719386, 48.134625813170658 ], [ 11.572085777094328, 48.134643788969377 ], [ 11.572058922922475, 48.134644390325882 ], [ 11.572059821288944, 48.134662366124907 ], [ 11.572032967106855, 48.134662967475535 ], [ 11.572034763823723, 48.134698919074125 ], [ 11.572007909622045, 48.13469952041924 ], [ 11.572008807972445, 48.134717496218812 ], [ 11.571981953760535, 48.134718097558014 ], [ 11.57198285210246, 48.134736073357899 ], [ 11.571955997880314, 48.134736674691226 ], [ 11.571957794548094, 48.134772626291529 ], [ 11.571930940306359, 48.134773227619334 ], [ 11.571931838632214, 48.134791203419759 ], [ 11.571904984380245, 48.134791804741674 ], [ 11.571905882697626, 48.134809780542419 ], [ 11.571879028435424, 48.134810381858436 ], [ 11.571880825054116, 48.134846333460452 ], [ 11.571853970772324, 48.134846934770962 ], [ 11.571854869073633, 48.13486491057224 ], [ 11.571828014781609, 48.13486551187686 ], [ 11.571828913074443, 48.134883487678444 ], [ 11.571802058772185, 48.134884088977174 ], [ 11.571803855341786, 48.134920040580901 ], [ 11.571777001019937, 48.13492064187411 ], [ 11.571777899296702, 48.134938617676241 ], [ 11.571751044964619, 48.134939218963574 ], [ 11.571751943232913, 48.134957194766017 ], [ 11.571725088890595, 48.134957796047438 ], [ 11.571726885411106, 48.134993747652871 ], [ 11.571673176686415, 48.134994950198433 ] ] ] } },
{ "type": "Feature", "properties": { "height": 19.293601989746094 }, "geometry": { "type": "Polygon", "coordinates": [ [ [ 11.580845598740931, 48.134555266669302 ], [ 11.580844697311223, 48.134537290994132 ], [ 11.58020020271522, 48.134551770911941 ], [ 11.580198400307445, 48.134515819543246 ], [ 11.580225254240387, 48.134515216286182 ], [ 11.580204526589563, 48.134101775535029 ], [ 11.580285087737668, 48.134099965752327 ], [ 11.580284186517986, 48.134081990067799 ], [ 11.580418455033744, 48.134078973639831 ], [ 11.580417553768175, 48.134060997957114 ], [ 11.580578675901835, 48.134057378038946 ], [ 11.580577774581027, 48.134039402358454 ], [ 11.580712042954703, 48.134036385589489 ], [ 11.58071114158801, 48.134018409910809 ], [ 11.580872263551171, 48.13401478958346 ], [ 11.580871362129235, 48.133996813906975 ], [ 11.581005630360828, 48.133993796797029 ], [ 11.581004728893006, 48.133975821122363 ], [ 11.58113899705576, 48.133972803857596 ], [ 11.581138095542052, 48.133954828184763 ], [ 11.581272363635968, 48.133951810765176 ], [ 11.581271462076375, 48.133933835094155 ], [ 11.581432583703817, 48.133930213986069 ], [ 11.581431682088985, 48.133912238317251 ], [ 11.581565950040806, 48.133909220556689 ], [ 11.581565048380087, 48.133891244889696 ], [ 11.581699316263066, 48.1338882269743 ], [ 11.581698414556461, 48.133870251309133 ], [ 11.581805828809536, 48.133867836865505 ], [ 11.581809435790912, 48.133939739519704 ], [ 11.58183628938939, 48.133939135891609 ], [ 11.581839896422307, 48.134011038543193 ], [ 11.581705628234022, 48.134014056628537 ], [ 11.581706529947692, 48.134032032293149 ], [ 11.581572261690562, 48.13403505022368 ], [ 11.581573163358344, 48.134053025890111 ], [ 11.581438895032372, 48.134056043665829 ], [ 11.581439796654267, 48.134074019334079 ], [ 11.581305528259456, 48.134077036954963 ], [ 11.581306429835465, 48.134095012625053 ], [ 11.581145307676433, 48.134098633565522 ], [ 11.581146209197204, 48.134116609237815 ], [ 11.581011940660295, 48.134119626517723 ], [ 11.581012842135179, 48.134137602191807 ], [ 11.58093228097438, 48.134139412485673 ], [ 11.580933182422084, 48.134157388160837 ], [ 11.580960036152588, 48.134156784735445 ], [ 11.580963641989648, 48.134228687433925 ], [ 11.580990495756685, 48.134228084000739 ], [ 11.580998609025899, 48.134389865064882 ], [ 11.580971755174678, 48.134390468501465 ], [ 11.580972656644095, 48.134408444175293 ], [ 11.581214341357493, 48.134403013016978 ], [ 11.581213439803889, 48.134385037346554 ], [ 11.581777370327277, 48.134372362677162 ], [ 11.581779173828233, 48.134408314002037 ], [ 11.581752319983908, 48.134408917621165 ], [ 11.581755926959, 48.134480820271584 ], [ 11.581729073076374, 48.134481423885966 ], [ 11.581731778288903, 48.134535350874202 ], [ 11.580845598740931, 48.134555266669302 ] ] ] } },
{ "type": "Feature", "properties": { "height": 6.8795547485351562 }, "geometry": { "type": "Polygon", "coordinates": [ [ [ 11.575601101231351, 48.135050904459028 ], [ 11.575600201616561, 48.13503292871124 ], [ 11.575546493014427, 48.135034133067499 ], [ 11.575545593419228, 48.135016157318887 ], [ 11.575518739126192, 48.135016759487236 ], [ 11.575517839541229, 48.134998783738169 ], [ 11.575490985256669, 48.134999385899881 ], [ 11.57549008568194, 48.134981410150367 ], [ 11.575463231405852, 48.134982012305429 ], [ 11.57546233184136, 48.134964036555466 ], [ 11.575435477573746, 48.13496463870387 ], [ 11.57543457801949, 48.134946662953467 ], [ 11.575461432277748, 48.134946060805433 ], [ 11.575460532715017, 48.134928085055328 ], [ 11.575433678466112, 48.134928687203001 ], [ 11.575432778913617, 48.134910711452449 ], [ 11.575405924673184, 48.134911313593463 ], [ 11.575405025130925, 48.13489333784247 ], [ 11.575378170898967, 48.134893939976834 ], [ 11.575377271366941, 48.134875964225394 ], [ 11.575350417143458, 48.134876566353114 ], [ 11.575349517621666, 48.134858590601233 ], [ 11.575295809190765, 48.134859794837098 ], [ 11.575294909688564, 48.134841819084386 ], [ 11.575268055481146, 48.134842421192545 ], [ 11.575267155989181, 48.134824445439385 ], [ 11.575240301790236, 48.134825047540907 ], [ 11.575239402308506, 48.134807071787307 ], [ 11.575212548118035, 48.134807673882172 ], [ 11.57521164864654, 48.134789698128124 ], [ 11.575184794464544, 48.134790300216338 ], [ 11.575183895003283, 48.134772324461842 ], [ 11.575157040829762, 48.134772926543413 ], [ 11.575156141378736, 48.134754950788469 ], [ 11.575129287213686, 48.134755552863389 ], [ 11.575128387772898, 48.134737577107998 ], [ 11.575101533616321, 48.134738179176274 ], [ 11.575100634185766, 48.134720203420443 ], [ 11.575073780037663, 48.134720805482083 ], [ 11.575072880617343, 48.134702829725803 ], [ 11.575046026477715, 48.134703431780785 ], [ 11.57504512706763, 48.134685456024052 ], [ 11.575018272936473, 48.134686058072397 ], [ 11.575017373536625, 48.134668082315216 ], [ 11.574990519413943, 48.13466868435691 ], [ 11.574989620024327, 48.134650708599288 ], [ 11.574962765910119, 48.134651310634325 ], [ 11.574961866530741, 48.13463333487627 ], [ 11.574935012425005, 48.134633936904663 ], [ 11.574934113055862, 48.134615961146153 ], [ 11.5749072589586, 48.134616563167903 ], [ 11.574906359599691, 48.134598587408945 ], [ 11.574879505510903, 48.134599189424058 ], [ 11.57487860616223, 48.134581213664653 ], [ 11.57482489800072, 48.134582417675297 ], [ 11.574823998671635, 48.134564441915074 ], [ 11.574797144598913, 48.134565043910619 ], [ 11.574796245280064, 48.134547068149942 ], [ 11.574769391215817, 48.134547670138836 ], [ 11.5747684919072, 48.134529694377719 ], [ 11.574741637851426, 48.134530296359962 ], [ 11.574740738553047, 48.134512320598397 ], [ 11.574713884505746, 48.134512922574004 ], [ 11.5747129852176, 48.134494946811991 ], [ 11.574686131178774, 48.134495548780947 ], [ 11.574685231900864, 48.134477573018486 ], [ 11.574658377870511, 48.134478174980799 ], [ 11.574657478602834, 48.134460199217884 ], [ 11.574630624580953, 48.134460801173553 ], [ 11.574629725323513, 48.13444282541019 ], [ 11.574602871310107, 48.134443427359216 ], [ 11.574601972062901, 48.134425451595412 ], [ 11.57457511805797, 48.134426053537787 ], [ 11.574574218820999, 48.134408077773536 ], [ 11.574547364824539, 48.134408679709267 ], [ 11.574546465597802, 48.134390703944561 ], [ 11.574519611609817, 48.134391305873656 ], [ 11.574518712393315, 48.134373330108502 ], [ 11.574491858413802, 48.134373932030947 ], [ 11.574490959207536, 48.134355956265352 ], [ 11.574464105236499, 48.134356558181146 ], [ 11.574463206040466, 48.134338582415104 ], [ 11.574436352077901, 48.134339184324247 ], [ 11.574435452892104, 48.134321208557765 ], [ 11.574408598938014, 48.134321810460271 ], [ 11.57440769976245, 48.134303834693334 ], [ 11.574353991870336, 48.134305038478779 ], [ 11.574353092714361, 48.134287062711024 ], [ 11.574326238776338, 48.134287664593963 ], [ 11.574325339630597, 48.134269688825761 ], [ 11.574298485701046, 48.134270290702055 ], [ 11.574297586565542, 48.134252314933406 ], [ 11.574270732644466, 48.134252916803042 ], [ 11.574269833519194, 48.134234941033959 ], [ 11.574242979606591, 48.134235542896953 ], [ 11.574242080491556, 48.134217567127422 ], [ 11.574215226587427, 48.134218168983772 ], [ 11.574214327482625, 48.134200193213779 ], [ 11.574241181377401, 48.134199591357799 ], [ 11.574240282264126, 48.134181615588119 ], [ 11.574267136148666, 48.134181013726248 ], [ 11.574266237026919, 48.134163037956874 ], [ 11.574293090901223, 48.13416243608912 ], [ 11.574292191771002, 48.134144460320051 ], [ 11.574319045635072, 48.1341438584464 ], [ 11.574318146496376, 48.134125882677637 ], [ 11.574345000350215, 48.134125280798102 ], [ 11.574344101203044, 48.134107305029644 ], [ 11.574370955046648, 48.134106703144212 ], [ 11.574370055891004, 48.134088727376074 ], [ 11.574396909724372, 48.134088125484752 ], [ 11.574396010560257, 48.134070149716919 ], [ 11.57442286438339, 48.134069547819699 ], [ 11.574421965210801, 48.134051572052179 ], [ 11.574448819023699, 48.134050970149062 ], [ 11.574447919842637, 48.134032994381847 ], [ 11.574501627447084, 48.134031790557586 ], [ 11.574502526646857, 48.134049766324047 ], [ 11.574529380457113, 48.134049164402128 ], [ 11.574530279667119, 48.134067140168142 ], [ 11.57455713348585, 48.13406653823958 ], [ 11.57455803270609, 48.134084514005146 ], [ 11.574584886533295, 48.13408391206994 ], [ 11.574585785763771, 48.134101887835065 ], [ 11.574612639599449, 48.134101285893216 ], [ 11.574614438081749, 48.134137237422493 ], [ 11.574641291935253, 48.13413663547361 ], [ 11.574642191187079, 48.134154611237776 ], [ 11.57466904504906, 48.134154009282256 ], [ 11.574669944311118, 48.134171985045967 ], [ 11.57469679818157, 48.134171383083796 ], [ 11.574697697453864, 48.13418935884706 ], [ 11.574724551332791, 48.134188756878245 ], [ 11.574725450615318, 48.134206732641061 ], [ 11.574779158389237, 48.134205528683864 ], [ 11.574780057691354, 48.134223504445863 ], [ 11.574806911586347, 48.134222902457495 ], [ 11.574807810898699, 48.134240878219046 ], [ 11.574834664802164, 48.13424027622402 ], [ 11.574835564124754, 48.134258251985116 ], [ 11.574862418036691, 48.134257649983454 ], [ 11.574863317369514, 48.13427562574411 ], [ 11.574890171289926, 48.134275023735789 ], [ 11.574891070632983, 48.13429299949599 ], [ 11.57491792456187, 48.13429239748104 ], [ 11.57491882391516, 48.134310373240794 ], [ 11.574945677852519, 48.134309771219193 ], [ 11.574946577216046, 48.134327746978506 ], [ 11.574973431161878, 48.134327144950255 ], [ 11.574974330535639, 48.134345120709121 ], [ 11.575001184489945, 48.134344518674219 ], [ 11.575002083873942, 48.134362494432651 ], [ 11.575028937836722, 48.134361892391098 ], [ 11.575029837230954, 48.134379868149068 ], [ 11.575056691202207, 48.134379266100886 ], [ 11.575057590606672, 48.134397241858416 ], [ 11.575084444586398, 48.134396639803576 ], [ 11.575085344001099, 48.134414615560665 ], [ 11.5751121979893, 48.134414013499182 ], [ 11.575113097414237, 48.134431989255816 ], [ 11.575139951410909, 48.134431387187675 ], [ 11.575140850846077, 48.134449362943862 ], [ 11.575167704851225, 48.134448760869091 ], [ 11.575168604296632, 48.134466736624837 ], [ 11.575222312322991, 48.134465532455714 ], [ 11.575223211787986, 48.134483508210643 ], [ 11.575250065809199, 48.134482906116304 ], [ 11.575250965284429, 48.134500881870771 ], [ 11.575277819314115, 48.134500279769796 ], [ 11.575278718799579, 48.134518255523808 ], [ 11.57530557283774, 48.134517653416175 ], [ 11.575306472333438, 48.134535629169761 ], [ 11.575333326380072, 48.134535027055477 ], [ 11.575334225886007, 48.134553002808609 ], [ 11.575361079941114, 48.134552400687689 ], [ 11.575361979457282, 48.134570376440365 ], [ 11.575388833520863, 48.134569774312808 ], [ 11.575389733047269, 48.134587750065037 ], [ 11.575416587119323, 48.134587147930823 ], [ 11.575417486655962, 48.134605123682611 ], [ 11.575444340736487, 48.134604521541746 ], [ 11.575445240283363, 48.134622497293094 ], [ 11.575472094372364, 48.134621895145585 ], [ 11.575472993929475, 48.134639870896486 ], [ 11.575499848026947, 48.134639268742326 ], [ 11.575500747594292, 48.134657244492779 ], [ 11.575527601700239, 48.134656642331983 ], [ 11.57552850127782, 48.134674618081988 ], [ 11.57555535539224, 48.134674015914541 ], [ 11.575556254980055, 48.134691991664106 ], [ 11.575583109102951, 48.134691389490001 ], [ 11.575584008701002, 48.134709365239111 ], [ 11.575610862832368, 48.13470876305837 ], [ 11.575611762440655, 48.134726738807032 ], [ 11.575665470719454, 48.134725534426003 ], [ 11.57566637034733, 48.134743510173827 ], [ 11.575720078641316, 48.134742305766963 ], [ 11.575720978288782, 48.134760281513977 ], [ 11.575747832443806, 48.134759679300757 ], [ 11.575748732101506, 48.134777655047337 ], [ 11.575775586265005, 48.134777052827474 ], [ 11.575776485932943, 48.134795028573592 ], [ 11.575803340104914, 48.134794426347085 ], [ 11.575804239783086, 48.134812402092749 ], [ 11.575831093963529, 48.134811799859598 ], [ 11.575831993651937, 48.134829775604821 ], [ 11.575858847840857, 48.13482917336502 ], [ 11.575859747539498, 48.134847149109802 ], [ 11.57588660173689, 48.134846546863358 ], [ 11.575888401155527, 48.134882498351949 ], [ 11.575861546939427, 48.134883100599154 ], [ 11.575862446640711, 48.134901076343716 ], [ 11.575835592414377, 48.134901678585038 ], [ 11.575836492107188, 48.13491965432992 ], [ 11.575809637870616, 48.134920256565344 ], [ 11.575810537554954, 48.134938232310517 ], [ 11.575783683308147, 48.134938834540051 ], [ 11.575784582984012, 48.134956810285544 ], [ 11.57575772872697, 48.134957412509188 ], [ 11.575758628394361, 48.134975388254993 ], [ 11.575731774127085, 48.134975990472739 ], [ 11.575732673786003, 48.13499396621885 ], [ 11.575705819508489, 48.134994568430706 ], [ 11.575706719158935, 48.135012544177137 ], [ 11.575679864871185, 48.135013146383095 ], [ 11.575680764513157, 48.135031122129824 ], [ 11.575653910215173, 48.135031724329899 ], [ 11.575654809848672, 48.135049700076941 ], [ 11.575601101231351, 48.135050904459028 ] ] ] } },
{ "type": "Feature", "properties": { "height": 15.948394775390625 }, "geometry": { "type": "Polygon", "coordinates": [ [ [ 11.573974557283439, 48.134781436154924 ], [ 11.573973658244887, 48.13476346038329 ], [ 11.573946804050445, 48.134764062182022 ], [ 11.573945005994693, 48.134728110637823 ], [ 11.573918151818079, 48.134728712429521 ], [ 11.573917252800877, 48.134710736656935 ], [ 11.573890398632738, 48.134711338441996 ], [ 11.573889499625771, 48.134693362668962 ], [ 11.573862645466107, 48.134693964447358 ], [ 11.573861746469374, 48.134675988673891 ], [ 11.573834892318184, 48.134676590445643 ], [ 11.573835791305562, 48.134694566219494 ], [ 11.573808937144136, 48.13469516798537 ], [ 11.573810735102825, 48.134731119533626 ], [ 11.573757026739916, 48.134732323048063 ], [ 11.573757925701871, 48.134750298822837 ], [ 11.573704217316733, 48.134751502312959 ], [ 11.573705116260859, 48.13476947808843 ], [ 11.573624553648486, 48.134771283277722 ], [ 11.573623654732422, 48.134753307501128 ], [ 11.57359680053589, 48.134753909217977 ], [ 11.573595002725112, 48.134717957663824 ], [ 11.573568148546409, 48.134718559373646 ], [ 11.573567249651694, 48.134700583596093 ], [ 11.573594103821042, 48.134699981886634 ], [ 11.573593204917854, 48.134682006109394 ], [ 11.57356635075786, 48.134682607818469 ], [ 11.573565451864907, 48.134664632040774 ], [ 11.573538597713387, 48.134665233743199 ], [ 11.573536799948828, 48.13462928218685 ], [ 11.573509945815136, 48.134629883882255 ], [ 11.573505451465914, 48.134540004988288 ], [ 11.573478597378116, 48.134540606675529 ], [ 11.573476799663295, 48.134504655116707 ], [ 11.573449945593326, 48.134505256796935 ], [ 11.573448147900736, 48.134469305237069 ], [ 11.573421293848593, 48.134469906910269 ], [ 11.573419496178232, 48.13443395534938 ], [ 11.573392642143917, 48.134434557015567 ], [ 11.573390844495787, 48.134398605453626 ], [ 11.573363990479299, 48.134399207112786 ], [ 11.573362192853399, 48.134363255549822 ], [ 11.57333533885474, 48.134363857201961 ], [ 11.573332642450552, 48.134309929855881 ], [ 11.573413204359698, 48.134308124884079 ], [ 11.573412305531999, 48.134290149103045 ], [ 11.573439159490601, 48.13428954743361 ], [ 11.573437361819135, 48.134253595872103 ], [ 11.573410507879242, 48.134254197540784 ], [ 11.573408710230005, 48.134218245978232 ], [ 11.57343556415119, 48.134217644310311 ], [ 11.573434665318539, 48.134199668529305 ], [ 11.57346151922949, 48.134199066855494 ], [ 11.573460620388362, 48.134181091074808 ], [ 11.573487474289077, 48.134180489395092 ], [ 11.573486575439478, 48.134162513614719 ], [ 11.57351342932996, 48.134161911929112 ], [ 11.573512530471886, 48.134143936149044 ], [ 11.573539384352133, 48.134143334457555 ], [ 11.573538485485585, 48.134125358677785 ], [ 11.573565339355598, 48.134124756980412 ], [ 11.573564440480578, 48.134106781200948 ], [ 11.573591294340355, 48.134106179497685 ], [ 11.573590395456861, 48.134088203718534 ], [ 11.573617249306405, 48.134087602009373 ], [ 11.573616350414436, 48.134069626230527 ], [ 11.573643204253747, 48.134069024515476 ], [ 11.573642305353305, 48.134051048736943 ], [ 11.573669159182378, 48.134050447015994 ], [ 11.573670058092176, 48.134068422794158 ], [ 11.573696911929726, 48.134067821066566 ], [ 11.573697810849758, 48.134085796844282 ], [ 11.57372466469578, 48.134085195110046 ], [ 11.573725563626047, 48.134103170887315 ], [ 11.573752417480543, 48.134102569146435 ], [ 11.573753316421042, 48.134120544923256 ], [ 11.573780170284014, 48.134119943175733 ], [ 11.573781069234748, 48.134137918952106 ], [ 11.573807923106193, 48.13413731719794 ], [ 11.573808822067161, 48.134155292973851 ], [ 11.573835675947079, 48.134154691213041 ], [ 11.573836574918282, 48.134172666988519 ], [ 11.573863428806677, 48.134172065221073 ], [ 11.573864327788113, 48.134190040996089 ], [ 11.57389118168498, 48.134189439221991 ], [ 11.57389208067665, 48.134207414996574 ], [ 11.573918934581991, 48.134206813215819 ], [ 11.573919833583897, 48.134224788989961 ], [ 11.57394668749771, 48.13422418720257 ], [ 11.573947586509851, 48.13424216297625 ], [ 11.573974440432139, 48.134241561182208 ], [ 11.573975339454515, 48.134259536955454 ], [ 11.574002193385276, 48.134258935154755 ], [ 11.574003092417886, 48.134276910927561 ], [ 11.574056800295475, 48.134275707306614 ], [ 11.574057699347673, 48.134293683078589 ], [ 11.574084553294501, 48.134293081258335 ], [ 11.574085452356933, 48.134311057029869 ], [ 11.574112306312236, 48.134310455202964 ], [ 11.574113205384904, 48.134328430974058 ], [ 11.574140059348679, 48.13432782914051 ], [ 11.574140958431581, 48.134345804911142 ], [ 11.574167812403831, 48.134345203070943 ], [ 11.574168711496968, 48.134363178841149 ], [ 11.574195565477689, 48.134362576994299 ], [ 11.574197363685313, 48.134398528533723 ], [ 11.574224217683863, 48.13439792667986 ], [ 11.574225116798351, 48.134415902449092 ], [ 11.574251970805376, 48.134415300588593 ], [ 11.574252869930097, 48.13443327635737 ], [ 11.574279723945596, 48.134432674490228 ], [ 11.574280623080551, 48.134450650258543 ], [ 11.574307477104524, 48.134450048384757 ], [ 11.574308376249714, 48.134468024152639 ], [ 11.574335230282159, 48.134467422272202 ], [ 11.574336129437585, 48.134485398039637 ], [ 11.574362983478506, 48.134484796152549 ], [ 11.574363882644164, 48.134502771919536 ], [ 11.574390736693559, 48.134502170025804 ], [ 11.574391635869453, 48.134520145792351 ], [ 11.57441848992732, 48.134519543891962 ], [ 11.57441938911345, 48.134537519658075 ], [ 11.574446243179791, 48.134536917751035 ], [ 11.57444983997053, 48.134608820813241 ], [ 11.574396131762132, 48.13461002462406 ], [ 11.57439703094331, 48.134628000390194 ], [ 11.574370176828436, 48.134628602286568 ], [ 11.574371076001141, 48.134646578053015 ], [ 11.574317367750041, 48.134647781827717 ], [ 11.574318266904919, 48.134665757594853 ], [ 11.574291412768694, 48.134666359473179 ], [ 11.574292311915096, 48.134684335240607 ], [ 11.574238603621298, 48.13468553897922 ], [ 11.574239502749872, 48.134703514747343 ], [ 11.574212648592297, 48.134704116607622 ], [ 11.574213547712397, 48.134722092376059 ], [ 11.574159839375898, 48.134723296078562 ], [ 11.574160738478172, 48.134741271847673 ], [ 11.574133884299249, 48.134741873689897 ], [ 11.574134783393045, 48.134759849459321 ], [ 11.574081075013847, 48.134761053125729 ], [ 11.574081974089816, 48.134779028895828 ], [ 11.573974557283439, 48.134781436154924 ] ] ] } },
{ "type": "Feature", "properties": { "height": 17.223945617675781 }, "geometry": { "type": "Polygon", "coordinates": [ [ [ 11.569903479677251, 48.135088547619034 ], [ 11.56990258205003, 48.135070571790919 ], [ 11.569875727609622, 48.135071172641304 ], [ 11.569874829992637, 48.135053196812756 ], [ 11.569821121127895, 48.135054398493956 ], [ 11.569820223530495, 48.135036422664584 ], [ 11.569793369106161, 48.135037023495414 ], [ 11.569792471518998, 48.135019047665601 ], [ 11.569738762686397, 48.135020249307679 ], [ 11.569739660254852, 48.13503822513826 ], [ 11.569659096971298, 48.135040027555497 ], [ 11.56965819943091, 48.135022051723794 ], [ 11.569631345010654, 48.135022652516625 ], [ 11.569630447480497, 48.135004676684481 ], [ 11.56957673865606, 48.135005878250588 ], [ 11.569575841145491, 48.13498790241762 ], [ 11.56954898674131, 48.13498850319089 ], [ 11.569548089240975, 48.134970527357474 ], [ 11.569521234845269, 48.134971128124093 ], [ 11.569520337355167, 48.134953152290223 ], [ 11.569493482967935, 48.134953753050219 ], [ 11.569491688009077, 48.13491780138154 ], [ 11.569464833639676, 48.134918402134488 ], [ 11.569463936170921, 48.134900426299673 ], [ 11.569437081809998, 48.134901027045984 ], [ 11.569436184351474, 48.134883051210721 ], [ 11.569409329999027, 48.134883651950382 ], [ 11.569408432550736, 48.134865676114678 ], [ 11.569354723861913, 48.134866877574453 ], [ 11.569353826433211, 48.134848901737911 ], [ 11.569326972096835, 48.134849502458017 ], [ 11.569326074678367, 48.134831526621042 ], [ 11.569299220350468, 48.134832127334498 ], [ 11.569298322942233, 48.134814151497068 ], [ 11.569271468622809, 48.134814752203887 ], [ 11.569270571224807, 48.134796776366017 ], [ 11.569243716913858, 48.134797377066192 ], [ 11.569242819526091, 48.13477940122786 ], [ 11.569215965223618, 48.134780001921399 ], [ 11.569215067846082, 48.134762026082633 ], [ 11.569188213552085, 48.134762626769508 ], [ 11.569187316184784, 48.134744650930294 ], [ 11.569160461899264, 48.134745251610532 ], [ 11.569159564542195, 48.134727275770878 ], [ 11.569132710265151, 48.134727876444458 ], [ 11.569131812918316, 48.134709900604356 ], [ 11.569104958649746, 48.1347105012713 ], [ 11.569104061313144, 48.134692525430765 ], [ 11.56907720705305, 48.134693126091058 ], [ 11.569076309726682, 48.134675150250068 ], [ 11.569049455475064, 48.134675750903718 ], [ 11.569048558158929, 48.134657775062273 ], [ 11.569021703915785, 48.134658375709279 ], [ 11.569020806609883, 48.134640399867401 ], [ 11.568993952375218, 48.134641000507756 ], [ 11.568993055079547, 48.13462302466543 ], [ 11.568966200853358, 48.134623625299142 ], [ 11.568965303567923, 48.134605649456368 ], [ 11.568938449350208, 48.134606250083444 ], [ 11.568937552075004, 48.134588274240215 ], [ 11.568910697865764, 48.13458887486064 ], [ 11.568909800600796, 48.134570899016971 ], [ 11.568882946400032, 48.134571499630766 ], [ 11.568882049145296, 48.134553523786643 ], [ 11.568855194953008, 48.134554124393773 ], [ 11.568854297708505, 48.134536148549202 ], [ 11.568827443524693, 48.134536749149703 ], [ 11.568826546290422, 48.134518773304691 ], [ 11.568799692115087, 48.134519373898527 ], [ 11.568798794891048, 48.134501398053075 ], [ 11.568771940724188, 48.134501998640275 ], [ 11.568771043510385, 48.134484022794382 ], [ 11.568744189352, 48.134484623374931 ], [ 11.568743292148429, 48.134466647528598 ], [ 11.568716437998519, 48.134467248102496 ], [ 11.568715540805181, 48.134449272255715 ], [ 11.568688686663748, 48.134449872822977 ], [ 11.568687789480643, 48.134431896975741 ], [ 11.568660935347685, 48.134432497536359 ], [ 11.568660038174814, 48.134414521688676 ], [ 11.568633184050332, 48.13441512224265 ], [ 11.568632286887693, 48.134397146394527 ], [ 11.568605432771687, 48.13439774694185 ], [ 11.568604535619281, 48.134379771093286 ], [ 11.56857768151175, 48.134380371633966 ], [ 11.568576784369577, 48.13436239578494 ], [ 11.568549930270525, 48.134362996318984 ], [ 11.568549033138584, 48.134345020469524 ], [ 11.568575887228283, 48.134344419935864 ], [ 11.568574092948326, 48.134308468237478 ], [ 11.568600947018439, 48.134307867698297 ], [ 11.568599152723287, 48.134271916000394 ], [ 11.568626006773814, 48.134271315455699 ], [ 11.568625109618202, 48.134253339607028 ], [ 11.568651963658494, 48.134252739056443 ], [ 11.568650169331196, 48.134216787359634 ], [ 11.568677023351903, 48.134216186803528 ], [ 11.568675229009411, 48.134180235107188 ], [ 11.568702083010532, 48.134179634545582 ], [ 11.56870118583125, 48.134161658697685 ], [ 11.568728039822135, 48.134161058130182 ], [ 11.56872893701077, 48.134179033977695 ], [ 11.568809499006216, 48.134177232236432 ], [ 11.568810396223794, 48.134195208082758 ], [ 11.569266914207645, 48.134184997143521 ], [ 11.569266016831046, 48.134167021303604 ], [ 11.569453994685105, 48.134162816275285 ], [ 11.569454892127183, 48.134180792112559 ], [ 11.569481746112174, 48.134180191368785 ], [ 11.569482643564486, 48.134198167205618 ], [ 11.569536351550537, 48.134196965698486 ], [ 11.569535454079519, 48.134178989862406 ], [ 11.569562308061872, 48.134178389099816 ], [ 11.569563205542247, 48.134196364935519 ], [ 11.569590059533075, 48.134195764166279 ], [ 11.569590957023683, 48.134213740001535 ], [ 11.569644665021414, 48.134212538443506 ], [ 11.569645562531608, 48.134230514277952 ], [ 11.569672416538509, 48.134229913489158 ], [ 11.569673314058939, 48.134247889323149 ], [ 11.569700168074315, 48.134247288527696 ], [ 11.569701065604976, 48.134265264361254 ], [ 11.569727919628825, 48.134264663559158 ], [ 11.569728817169722, 48.134282639392261 ], [ 11.569755671202049, 48.134282038583528 ], [ 11.569756568753176, 48.134300014416176 ], [ 11.569783422793979, 48.134299413600807 ], [ 11.569784320355339, 48.134317389433008 ], [ 11.569811174404617, 48.134316788610988 ], [ 11.569812071976211, 48.134334764442748 ], [ 11.569838926033963, 48.134334163614085 ], [ 11.569839823615791, 48.134352139445397 ], [ 11.569893531747368, 48.134350937768502 ], [ 11.569894429348782, 48.134368913598991 ], [ 11.569921283422607, 48.134368312750766 ], [ 11.569922181034254, 48.134386288580814 ], [ 11.569949035116556, 48.134385687725938 ], [ 11.569949932738437, 48.134403663555545 ], [ 11.57000364091911, 48.134402461826234 ], [ 11.570004538560578, 48.13442043765501 ], [ 11.570031392658951, 48.13441983678058 ], [ 11.570032290310651, 48.134437812608915 ], [ 11.570059144417501, 48.134437211727828 ], [ 11.570060042079435, 48.134455187555716 ], [ 11.570113750309201, 48.134453985773995 ], [ 11.570114647990723, 48.134471961601065 ], [ 11.570141502113643, 48.134471360700424 ], [ 11.5701423998054, 48.134489336527039 ], [ 11.570169253936793, 48.134488735619755 ], [ 11.570170151638784, 48.13450671144593 ], [ 11.570223859917643, 48.134505509611806 ], [ 11.570224757639222, 48.134523485437164 ], [ 11.570251611786688, 48.134522884510318 ], [ 11.570252509518498, 48.134540860335221 ], [ 11.570279363674439, 48.134540259401739 ], [ 11.570280261416483, 48.134558235226187 ], [ 11.570333969744436, 48.13455703333964 ], [ 11.57033486750607, 48.134575009163278 ], [ 11.570361721678081, 48.134574408210234 ], [ 11.570362619449948, 48.134592384033418 ], [ 11.570416327810044, 48.134591182107762 ], [ 11.570417225601497, 48.134609157930129 ], [ 11.570444079789581, 48.134608556957517 ], [ 11.570445875393835, 48.134644508601284 ], [ 11.570419021187044, 48.134645109574642 ], [ 11.570420816776107, 48.134681061218892 ], [ 11.570393962549726, 48.134681662186736 ], [ 11.570394860336222, 48.134699638009131 ], [ 11.570368006099608, 48.134700238971092 ], [ 11.570368903877627, 48.134718214793793 ], [ 11.57034204963078, 48.134718815749864 ], [ 11.570342947400324, 48.13473679157287 ], [ 11.570316093143244, 48.13473739252305 ], [ 11.570316990904313, 48.134755368346354 ], [ 11.570290136636997, 48.134755969290637 ], [ 11.570291932143066, 48.134791920937815 ], [ 11.570265077856163, 48.134792521876584 ], [ 11.57026597560116, 48.134810497700464 ], [ 11.570239121304024, 48.134811098633328 ], [ 11.570240019040547, 48.134829074457507 ], [ 11.570213164733175, 48.134829675384474 ], [ 11.570214062461224, 48.134847651208965 ], [ 11.570187208143619, 48.134848252130048 ], [ 11.570189003583641, 48.134884203779563 ], [ 11.57016214924645, 48.134884804695133 ], [ 11.570163046958424, 48.134902780520164 ], [ 11.570136192610999, 48.134903381429837 ], [ 11.570137090314498, 48.134921357255173 ], [ 11.57011023595684, 48.134921958158969 ], [ 11.570111133651862, 48.134939933984604 ], [ 11.57008427928397, 48.134940534882503 ], [ 11.570086074657947, 48.134976486534342 ], [ 11.570059220270466, 48.134977087426726 ], [ 11.570060117949417, 48.134995063252909 ], [ 11.570033263551704, 48.134995664139403 ], [ 11.570034161222178, 48.135013639965891 ], [ 11.570007306814231, 48.135014240846495 ], [ 11.570009102139112, 48.135050192500024 ], [ 11.569982247711573, 48.135050793375115 ], [ 11.569983145365979, 48.135068769202164 ], [ 11.569956290928209, 48.135069370071349 ], [ 11.569957188574136, 48.135087345898697 ], [ 11.569903479677251, 48.135088547619034 ] ] ] } },
{ "type": "Feature", "properties": { "height": 6.8369827270507812 }, "geometry": { "type": "Polygon", "coordinates": [ [ [ 11.577804638348796, 48.133957707175341 ], [ 11.577803737999373, 48.133939731455271 ], [ 11.577723176944557, 48.133941539494238 ], [ 11.577722276624076, 48.13392356377296 ], [ 11.577641715589388, 48.13392537175438 ], [ 11.577638114428527, 48.133853468864032 ], [ 11.577664968070223, 48.133852866211335 ], [ 11.57766406777286, 48.13383489048897 ], [ 11.577744628664595, 48.133833082494412 ], [ 11.577745528990022, 48.133851058215654 ], [ 11.57785294353741, 48.133848647466976 ], [ 11.577853843901133, 48.133866623186648 ], [ 11.57788069754513, 48.133866020483424 ], [ 11.577881597919088, 48.133883996202641 ], [ 11.577854744265739, 48.133884598906242 ], [ 11.577857445364842, 48.133938526064618 ], [ 11.577830591682549, 48.133939128763068 ], [ 11.577831492041327, 48.133957104482768 ], [ 11.577804638348796, 48.133957707175341 ] ] ] } },
{ "type": "Feature", "properties": { "height": 19.03070068359375 }, "geometry": { "type": "Polygon", "coordinates": [ [ [ 11.576043228090937, 48.134753054541655 ], [ 11.576042328331221, 48.134735078799174 ], [ 11.576015474195241, 48.134735681080969 ], [ 11.576014574445757, 48.134717705338041 ], [ 11.575987720318251, 48.134718307613198 ], [ 11.575986820579004, 48.134700331869823 ], [ 11.575959966459971, 48.134700934138316 ], [ 11.57595906673096, 48.134682958394492 ], [ 11.575932212620401, 48.134683560656349 ], [ 11.575931312901623, 48.134665584912071 ], [ 11.575904458799537, 48.134666187167284 ], [ 11.575903559090998, 48.134648211422572 ], [ 11.575876704997384, 48.134648813671134 ], [ 11.575875805299077, 48.134630837925968 ], [ 11.575848951213937, 48.134631440167887 ], [ 11.575848051525869, 48.13461346442228 ], [ 11.575821197449201, 48.134614066657548 ], [ 11.575820297771367, 48.134596090911486 ], [ 11.575793443703173, 48.134596693140118 ], [ 11.575792544035572, 48.134578717393609 ], [ 11.575765689975851, 48.134579319615582 ], [ 11.575764790318489, 48.13456134386864 ], [ 11.575737936267242, 48.13456194608397 ], [ 11.575737036620112, 48.134543970336566 ], [ 11.575710182577337, 48.134544572545252 ], [ 11.575709282940444, 48.134526596797414 ], [ 11.575682428906143, 48.134527198999443 ], [ 11.575681529279485, 48.134509223251165 ], [ 11.575654675253658, 48.13450982544655 ], [ 11.575652876021691, 48.134473873949013 ], [ 11.57567973002881, 48.134473271754366 ], [ 11.57567793078166, 48.134437320257305 ], [ 11.57570478476919, 48.13443671805716 ], [ 11.575703885137582, 48.134418742308902 ], [ 11.575730739114874, 48.134418140102859 ], [ 11.575729839474795, 48.134400164354915 ], [ 11.575756693441853, 48.134399562142974 ], [ 11.575755793793299, 48.134381586395335 ], [ 11.575782647750122, 48.134380984177511 ], [ 11.575781748093096, 48.134363008430178 ], [ 11.575808602039684, 48.134362406206463 ], [ 11.575807702374183, 48.134344430459443 ], [ 11.575834556310538, 48.134343828229838 ], [ 11.575833656636563, 48.134325852483116 ], [ 11.575860510562682, 48.134325250247628 ], [ 11.575859610880233, 48.134307274501211 ], [ 11.575886464796119, 48.134306672259832 ], [ 11.5758855651052, 48.134288696513735 ], [ 11.575912419010846, 48.134288094266445 ], [ 11.575911519311454, 48.134270118520661 ], [ 11.575938373206867, 48.134269516267487 ], [ 11.575937473499001, 48.134251540522015 ], [ 11.575964327384179, 48.134250938262944 ], [ 11.57596342766784, 48.134232962517771 ], [ 11.575990281542785, 48.134232360252831 ], [ 11.575989381817973, 48.13421438450797 ], [ 11.576016235682681, 48.134213782237126 ], [ 11.576015335949396, 48.134195806492563 ], [ 11.57604218980387, 48.134195204215835 ], [ 11.576041290062109, 48.134177228471579 ], [ 11.576068143906348, 48.13417662618896 ], [ 11.576067244156118, 48.134158650445023 ], [ 11.57609409799012, 48.134158048156507 ], [ 11.576093198231415, 48.134140072412876 ], [ 11.576120052055185, 48.134139470118477 ], [ 11.576119152288008, 48.134121494375151 ], [ 11.576146006101538, 48.134120892074854 ], [ 11.576145106325889, 48.134102916331834 ], [ 11.576171960129187, 48.13410231402564 ], [ 11.576171060345063, 48.134084338282939 ], [ 11.576197914138127, 48.134083735970862 ], [ 11.576197014345531, 48.134065760228474 ], [ 11.576223868128357, 48.134065157910499 ], [ 11.57622296832729, 48.134047182168409 ], [ 11.576249822099882, 48.134046579844544 ], [ 11.576248922290342, 48.134028604102767 ], [ 11.576275776052698, 48.134028001773011 ], [ 11.576274876234683, 48.134010026031547 ], [ 11.576301729986806, 48.134009423695908 ], [ 11.576300830160321, 48.133991447954742 ], [ 11.576327683902207, 48.133990845613212 ], [ 11.576326784067247, 48.133972869872366 ], [ 11.576353637798901, 48.133972267524939 ], [ 11.576352737955466, 48.133954291784384 ], [ 11.576379591676885, 48.133953689431067 ], [ 11.57637869182498, 48.133935713690832 ], [ 11.57640554553616, 48.133935111331624 ], [ 11.576404645675781, 48.133917135591702 ], [ 11.57643149937673, 48.133916533226603 ], [ 11.576430599507878, 48.133898557486987 ], [ 11.576457453198591, 48.133897955115998 ], [ 11.576456553321266, 48.13387997937668 ], [ 11.576483407001746, 48.133879376999801 ], [ 11.576482507115948, 48.133861401260795 ], [ 11.57650936078619, 48.133860798878018 ], [ 11.576508460891922, 48.133842823139332 ], [ 11.576615875526661, 48.133840413547091 ], [ 11.576623075004811, 48.133984219442631 ], [ 11.576649928736124, 48.133983617025869 ], [ 11.576658928256665, 48.134163374385295 ], [ 11.576685782080634, 48.134162771958493 ], [ 11.576692981835349, 48.134306577838018 ], [ 11.576746689630312, 48.13430537295956 ], [ 11.576747589622325, 48.134323348693428 ], [ 11.576774443527841, 48.134322746244436 ], [ 11.576782543579805, 48.134484527842801 ], [ 11.576728835599521, 48.134485732741332 ], [ 11.576729735590993, 48.134503708474895 ], [ 11.576595465578091, 48.134506720613444 ], [ 11.576596365523674, 48.134524696348826 ], [ 11.576515803477296, 48.134526503557865 ], [ 11.576516703395697, 48.134544479294306 ], [ 11.576462995341664, 48.134545684069749 ], [ 11.576463895242238, 48.134563659806879 ], [ 11.576410187165969, 48.134564864557987 ], [ 11.576411087048719, 48.134582840295806 ], [ 11.576357378950217, 48.134584045022606 ], [ 11.576358278815135, 48.134602020761115 ], [ 11.57633142475521, 48.134602623115491 ], [ 11.576332324611657, 48.134620598854305 ], [ 11.576305470541495, 48.134621201202776 ], [ 11.576306370389469, 48.134639176941903 ], [ 11.576279516309071, 48.134639779284491 ], [ 11.576280416148572, 48.134657755023916 ], [ 11.576226707966427, 48.134658959691059 ], [ 11.5762276077881, 48.134676935431166 ], [ 11.576200753686351, 48.134677537755707 ], [ 11.576201653499551, 48.134695513496133 ], [ 11.576174799387566, 48.134696115814791 ], [ 11.576175699192294, 48.134714091555523 ], [ 11.576121990946973, 48.134715296174761 ], [ 11.576122890733872, 48.13473327191619 ], [ 11.576096036600536, 48.134733874216785 ], [ 11.576096936378962, 48.134751849958505 ], [ 11.576043228090937, 48.134753054541655 ] ] ] } },
{ "type": "Feature", "properties": { "height": 17.129867553710938 }, "geometry": { "type": "Polygon", "coordinates": [ [ [ 11.573966349270378, 48.134079779219867 ], [ 11.573965450256807, 48.134061803445924 ], [ 11.573938596428061, 48.134062405236207 ], [ 11.573937697424721, 48.13404442946181 ], [ 11.57391084360445, 48.134045031245442 ], [ 11.573909944611346, 48.134027055470604 ], [ 11.573883090799546, 48.134027657247593 ], [ 11.573882191816679, 48.134009681472314 ], [ 11.573855338013354, 48.134010283242652 ], [ 11.573854439040719, 48.133992307466926 ], [ 11.573827585245866, 48.133992909230614 ], [ 11.573826686283466, 48.133974933454446 ], [ 11.573853540068965, 48.133974331691135 ], [ 11.573852641098091, 48.133956355915267 ], [ 11.573879494873355, 48.133955754146058 ], [ 11.573878595894008, 48.133937778370502 ], [ 11.573905449659035, 48.13393717659541 ], [ 11.573904550671216, 48.133919200820152 ], [ 11.573931404426011, 48.13391859903917 ], [ 11.573930505429717, 48.133900623264232 ], [ 11.573957359174276, 48.133900021477359 ], [ 11.573956460169509, 48.13388204570272 ], [ 11.573983313903835, 48.133881443909956 ], [ 11.573984212917956, 48.133899419684219 ], [ 11.574011066660757, 48.133898817884806 ], [ 11.574011965685115, 48.133916793658599 ], [ 11.574038819436387, 48.133916191852535 ], [ 11.574039718470978, 48.133934167625902 ], [ 11.574066572230725, 48.133933565813194 ], [ 11.574067471275551, 48.133951541586114 ], [ 11.574094325043772, 48.133950939766756 ], [ 11.574096123154773, 48.133986891311629 ], [ 11.574069269367843, 48.133987493131734 ], [ 11.574071067463656, 48.134023444677084 ], [ 11.574044213657139, 48.134024046491675 ], [ 11.574045112697013, 48.134042022264623 ], [ 11.57401825888026, 48.134042624073324 ], [ 11.574019157911659, 48.13406059984657 ], [ 11.573992304084673, 48.134061201649381 ], [ 11.573993203107598, 48.13407917742294 ], [ 11.573966349270378, 48.134079779219867 ] ] ] } },
{ "type": "Feature", "properties": { "height": 13.532363891601562 }, "geometry": { "type": "Polygon", "coordinates": [ [ [ 11.574879379241937, 48.134059314607903 ], [ 11.574878479910328, 48.134041338846792 ], [ 11.574851626111519, 48.134041940850203 ], [ 11.574850726790144, 48.134023965088652 ], [ 11.574823872999808, 48.134024567085419 ], [ 11.574822973688669, 48.134006591323413 ], [ 11.574796119906807, 48.134007193313522 ], [ 11.574795220605901, 48.133989217551076 ], [ 11.574768366832513, 48.133989819534548 ], [ 11.574767467541843, 48.133971843771654 ], [ 11.574740613776926, 48.133972445748483 ], [ 11.574739714496493, 48.133954469985142 ], [ 11.574712860740048, 48.133955071955313 ], [ 11.574711961469848, 48.133937096191531 ], [ 11.574685107721878, 48.133937698155066 ], [ 11.574684208461912, 48.133919722390814 ], [ 11.574657354722415, 48.133920324347699 ], [ 11.574656455472685, 48.133902348583021 ], [ 11.574683309202827, 48.13390174662652 ], [ 11.574682409944621, 48.133883770862141 ], [ 11.574709263664531, 48.13388316889975 ], [ 11.574708364397852, 48.133865193135684 ], [ 11.574735218107525, 48.133864591167395 ], [ 11.574734318832373, 48.133846615403634 ], [ 11.574761172531813, 48.133846013429462 ], [ 11.574760273248188, 48.133828037666014 ], [ 11.574840834313159, 48.13382623170699 ], [ 11.574841733624845, 48.133844207469302 ], [ 11.574868587320761, 48.133843605470048 ], [ 11.574869486642683, 48.133861581231919 ], [ 11.574896340347074, 48.133860979226021 ], [ 11.574897239679229, 48.133878954987445 ], [ 11.574924093392092, 48.133878352974897 ], [ 11.574924992734482, 48.133896328735872 ], [ 11.57495184645582, 48.133895726716688 ], [ 11.574952745808444, 48.133913702477216 ], [ 11.574979599538253, 48.133913100451366 ], [ 11.574980498901112, 48.133931076211461 ], [ 11.575007352639394, 48.133930474178968 ], [ 11.575008252012488, 48.133948449938607 ], [ 11.575035105759245, 48.133947847899478 ], [ 11.575036005142573, 48.133965823658663 ], [ 11.575009151386464, 48.133966425698169 ], [ 11.575010050761319, 48.133984401457667 ], [ 11.574983196994975, 48.133985003491283 ], [ 11.574984096361355, 48.134002979251086 ], [ 11.574957242584777, 48.134003581278805 ], [ 11.574958141942686, 48.134021557038928 ], [ 11.574931288155872, 48.134022159060756 ], [ 11.574932187505306, 48.13404013482117 ], [ 11.574905333708259, 48.134040736837122 ], [ 11.574906233049219, 48.134058712597849 ], [ 11.574879379241937, 48.134059314607903 ] ] ] } },
{ "type": "Feature", "properties": { "height": 16.818065643310547 }, "geometry": { "type": "Polygon", "coordinates": [ [ [ 11.579823346226096, 48.134542240173587 ], [ 11.579822445153606, 48.134524264483915 ], [ 11.579580759606241, 48.134529692725529 ], [ 11.579579858618823, 48.134511717032389 ], [ 11.579365027036003, 48.134516541706766 ], [ 11.579364126124297, 48.134498566010528 ], [ 11.57914929455985, 48.13450339028067 ], [ 11.579148393723861, 48.134485414581341 ], [ 11.578906708230559, 48.134490841402318 ], [ 11.578905807479639, 48.134472865699507 ], [ 11.578717829889824, 48.134477086206573 ], [ 11.578716929205262, 48.134459110501048 ], [ 11.578555805578574, 48.134462727831774 ], [ 11.578554904951023, 48.134444752123926 ], [ 11.57831321953565, 48.134450177693502 ], [ 11.578312318993165, 48.134432201982165 ], [ 11.577157599202817, 48.134458117123302 ], [ 11.577158499343076, 48.134476092850882 ], [ 11.576943667499501, 48.134480912996708 ], [ 11.576937367060044, 48.134355082881008 ], [ 11.57691051314111, 48.134355685368376 ], [ 11.576908713042188, 48.134319733905357 ], [ 11.576962420841758, 48.134318528925853 ], [ 11.576954320271877, 48.134156747345706 ], [ 11.576927466456718, 48.134157349835199 ], [ 11.57691756596004, 48.133959616781006 ], [ 11.576890712246893, 48.133960219260075 ], [ 11.576882612004026, 48.133798437660651 ], [ 11.576990026514583, 48.133796027720386 ], [ 11.576989126454588, 48.133778051988273 ], [ 11.577096540913629, 48.133775641949235 ], [ 11.577101941511305, 48.133883496331748 ], [ 11.577209356180735, 48.133881086183344 ], [ 11.57721025632085, 48.133899061912004 ], [ 11.577290817341728, 48.133897254233737 ], [ 11.577291717510784, 48.133915229961211 ], [ 11.577345424872338, 48.133914024810267 ], [ 11.577346325060983, 48.133932000536902 ], [ 11.577426886124762, 48.13393019276235 ], [ 11.57742778634235, 48.133948168487784 ], [ 11.577481493732504, 48.133946963272642 ], [ 11.577482393969682, 48.133964938997252 ], [ 11.577536101375017, 48.133963733756289 ], [ 11.577537901889432, 48.133999685203783 ], [ 11.577564755609485, 48.133999082573148 ], [ 11.577566556146135, 48.134035034019618 ], [ 11.577593409884013, 48.134034431381949 ], [ 11.577594310163013, 48.134052407104704 ], [ 11.577621163909365, 48.134051804460384 ], [ 11.577622064198602, 48.134069780182692 ], [ 11.577675771707369, 48.134068574874512 ], [ 11.577674871399424, 48.134050599152957 ], [ 11.577701725143131, 48.134049996489836 ], [ 11.577700824826714, 48.134032020768601 ], [ 11.577754532292774, 48.13403081542431 ], [ 11.577753631958531, 48.13401283970375 ], [ 11.577780485680886, 48.134012237022588 ], [ 11.577779585338172, 48.133994261302341 ], [ 11.577833292761527, 48.133993055921955 ], [ 11.577834193122948, 48.13401103164145 ], [ 11.577861046842658, 48.134010428941465 ], [ 11.577862847586857, 48.134046380379488 ], [ 11.577889701324393, 48.13404577767249 ], [ 11.577890601707168, 48.134063753391018 ], [ 11.577998016685907, 48.134061342498832 ], [ 11.577998917106981, 48.134079318215782 ], [ 11.578106332109028, 48.134076907221782 ], [ 11.578104531192933, 48.13404095579083 ], [ 11.578131384922532, 48.134040353027423 ], [ 11.578129583991258, 48.134004401596961 ], [ 11.578290706238091, 48.134000784889366 ], [ 11.578291606759411, 48.134018760602359 ], [ 11.57842587532096, 48.134015746505092 ], [ 11.57842677588993, 48.134033722216124 ], [ 11.578587898190811, 48.134030105090275 ], [ 11.578588798816787, 48.134048080798976 ], [ 11.578615652539868, 48.134047477922337 ], [ 11.578616553176081, 48.134065453630598 ], [ 11.578589699443647, 48.134066056507606 ], [ 11.5785933019599, 48.13413795934143 ], [ 11.578673863266804, 48.134136150687077 ], [ 11.578674763926134, 48.134154126394208 ], [ 11.578782179027076, 48.1341517147658 ], [ 11.578783079724703, 48.134169690471367 ], [ 11.578917348627803, 48.134166675792919 ], [ 11.578918249373084, 48.134184651496518 ], [ 11.57899881073242, 48.134182842613086 ], [ 11.578999711506645, 48.134200818315499 ], [ 11.579080272886104, 48.134199009374512 ], [ 11.579082074493323, 48.134234960776851 ], [ 11.579055220682344, 48.134235563764207 ], [ 11.579057923071721, 48.134289490868312 ], [ 11.578977361549304, 48.134291299796153 ], [ 11.578976460780027, 48.134273324093719 ], [ 11.5788153377675, 48.134276941777891 ], [ 11.578814437055225, 48.134258966073126 ], [ 11.57878758322607, 48.134259568998168 ], [ 11.578786682524035, 48.134241593292948 ], [ 11.578759828703353, 48.134242196211339 ], [ 11.578758928011551, 48.134224220505672 ], [ 11.578544097489175, 48.134229043624167 ], [ 11.578543196873088, 48.134211067915395 ], [ 11.578382074000389, 48.134214684988706 ], [ 11.578381173441308, 48.13419670927761 ], [ 11.578193196781847, 48.134200928908612 ], [ 11.578192296289124, 48.134182953194795 ], [ 11.578031173459891, 48.13418656977462 ], [ 11.578030273024174, 48.13416859405848 ], [ 11.577842296415428, 48.134172813113736 ], [ 11.577843196785667, 48.134190788832548 ], [ 11.577789489156526, 48.13419199422124 ], [ 11.577790389508939, 48.134209969940727 ], [ 11.577763535683692, 48.134210572626046 ], [ 11.577764436027632, 48.134228548345845 ], [ 11.577710728355784, 48.134229753698442 ], [ 11.577711628681898, 48.134247729418924 ], [ 11.577684774835298, 48.134248332086202 ], [ 11.577683874518538, 48.134230356365336 ], [ 11.577657020680409, 48.13423095902597 ], [ 11.577655220068243, 48.134195007583294 ], [ 11.577628366247941, 48.134195610236894 ], [ 11.577627465952533, 48.134177634515076 ], [ 11.577573758327993, 48.134178839802722 ], [ 11.577572858052177, 48.134160864080073 ], [ 11.577519150442816, 48.134162069341897 ], [ 11.577517349931242, 48.134126117894887 ], [ 11.577490496143948, 48.134126720515631 ], [ 11.577488695654607, 48.134090769067583 ], [ 11.577461841885141, 48.134091371681322 ], [ 11.577460941651145, 48.134073395956811 ], [ 11.57743408789015, 48.134073998563885 ], [ 11.57743318766639, 48.134056022838934 ], [ 11.577406333913869, 48.134056625439364 ], [ 11.577405433700346, 48.134038649713965 ], [ 11.577378579956296, 48.134039252307758 ], [ 11.577377679753006, 48.134021276581912 ], [ 11.57732397228097, 48.134022481749916 ], [ 11.577323072097274, 48.134004506023253 ], [ 11.577242510910668, 48.134006313727127 ], [ 11.577241610755912, 48.133988337999249 ], [ 11.577134195865515, 48.133990748181802 ], [ 11.577141396828914, 48.134134554014942 ], [ 11.577168250627667, 48.134133951475683 ], [ 11.577169150761412, 48.13415192720413 ], [ 11.577196004568638, 48.134151324658227 ], [ 11.57719510442554, 48.134133348930149 ], [ 11.577221958222529, 48.134132746378363 ], [ 11.577222858374983, 48.134150722106057 ], [ 11.577249712180446, 48.13415011954762 ], [ 11.577248812018636, 48.134132143820295 ], [ 11.57730251960821, 48.134130938685367 ], [ 11.577305220152398, 48.134184865864839 ], [ 11.577332073973926, 48.134184263286834 ], [ 11.57733297416644, 48.134202239012822 ], [ 11.577306120335559, 48.134202841591204 ], [ 11.577307920704524, 48.134238793043714 ], [ 11.577254213002702, 48.134239998183169 ], [ 11.577255113169798, 48.134257973910067 ], [ 11.577228259308212, 48.134258576470785 ], [ 11.57722735915047, 48.134240600743496 ], [ 11.577039382160162, 48.134244818490295 ], [ 11.577043882630294, 48.134334697139238 ], [ 11.577339275538716, 48.134328069092717 ], [ 11.57733567474927, 48.134256166190326 ], [ 11.577362528607329, 48.134255563604555 ], [ 11.577361628402818, 48.134237587879163 ], [ 11.57744218994365, 48.134235780085326 ], [ 11.577443090176224, 48.134253755809581 ], [ 11.577523651737183, 48.134251947958212 ], [ 11.577527252788544, 48.134323850850016 ], [ 11.577500398898355, 48.134324453474918 ], [ 11.577501299154045, 48.134342429198085 ], [ 11.577581860850026, 48.134340621303416 ], [ 11.577580060283404, 48.134304669859297 ], [ 11.577606914161592, 48.134304067215965 ], [ 11.577606013870248, 48.134286091494189 ], [ 11.578331067995515, 48.134269817764817 ], [ 11.57833196853942, 48.134287793476389 ], [ 11.578519945495403, 48.13428357361277 ], [ 11.578520846105665, 48.134301549321627 ], [ 11.578574553818147, 48.134300343589132 ], [ 11.578575454448, 48.134318319297186 ], [ 11.578736577620399, 48.134314701946977 ], [ 11.578737478307257, 48.134332677652679 ], [ 11.578925455367074, 48.134328457122905 ], [ 11.57892635612029, 48.134346432825893 ], [ 11.579141187067703, 48.134341608984151 ], [ 11.579142087896635, 48.134359584684034 ], [ 11.57927635725687, 48.134356569577335 ], [ 11.579277258133455, 48.134374545275264 ], [ 11.579465235266211, 48.13437032385994 ], [ 11.579466136209156, 48.13438829955517 ], [ 11.579680967239915, 48.134383474701366 ], [ 11.579681868258575, 48.134401450393497 ], [ 11.579869845429648, 48.134397228314668 ], [ 11.579860834627977, 48.134217471416818 ], [ 11.579833980842583, 48.134218074585959 ], [ 11.579831277647349, 48.13416414751412 ], [ 11.579804423889135, 48.134164750675858 ], [ 11.579805324943976, 48.134182726366923 ], [ 11.579778471175525, 48.134183329522763 ], [ 11.579781174317279, 48.134237256596663 ], [ 11.579754320519886, 48.13423785974738 ], [ 11.579757023641521, 48.134291786821791 ], [ 11.579783877466978, 48.134291183669944 ], [ 11.579786580624615, 48.134345110742608 ], [ 11.579652311348193, 48.134348126444834 ], [ 11.579651410341535, 48.13433015075212 ], [ 11.579543994941933, 48.134332563199557 ], [ 11.579543093973573, 48.134314587505266 ], [ 11.57932826320685, 48.134319412096211 ], [ 11.579327362314205, 48.134301436398829 ], [ 11.5791930931031, 48.134304451562542 ], [ 11.579191291413997, 48.134268500163785 ], [ 11.579218145239272, 48.134267897144333 ], [ 11.57921724438669, 48.134249921445239 ], [ 11.57924409820173, 48.13424931841989 ], [ 11.579242296480501, 48.134213367022241 ], [ 11.579269150275952, 48.134212763991378 ], [ 11.579267348539545, 48.134176812594205 ], [ 11.579294202315404, 48.134176209557836 ], [ 11.57929059881576, 48.134104306764158 ], [ 11.579236891337986, 48.13410551282761 ], [ 11.579235990483989, 48.134087537128259 ], [ 11.579155429288779, 48.134089346175266 ], [ 11.579154528463723, 48.134071370474715 ], [ 11.579073967288632, 48.134073179464174 ], [ 11.579073066492523, 48.134055203762422 ], [ 11.57901935905676, 48.134056409723286 ], [ 11.57901845828024, 48.134038434020709 ], [ 11.578937897148041, 48.134040242913862 ], [ 11.578936996400463, 48.134022267210085 ], [ 11.57885643528839, 48.134024076045691 ], [ 11.578855534569756, 48.134006100340699 ], [ 11.578774973477804, 48.134007909118765 ], [ 11.578774072788114, 48.133989933412565 ], [ 11.578720365407779, 48.133991139232513 ], [ 11.578719464737677, 48.133973163525503 ], [ 11.578638903688621, 48.133974972207263 ], [ 11.578638003047464, 48.133956996499045 ], [ 11.57855744201853, 48.133958805123257 ], [ 11.578556541406316, 48.133940829413831 ], [ 11.578475980397506, 48.133942637980489 ], [ 11.578475079814238, 48.133924662269862 ], [ 11.578421372489331, 48.133925867948868 ], [ 11.578420471925648, 48.133907892237424 ], [ 11.578339910959736, 48.13390970070779 ], [ 11.578339010424997, 48.133891724995131 ], [ 11.578258449479209, 48.133893533407949 ], [ 11.578257548973415, 48.13387555769409 ], [ 11.57820384169052, 48.133876763270528 ], [ 11.578201140234553, 48.133822836126271 ], [ 11.57822799384838, 48.133822233342315 ], [ 11.578225292372284, 48.133768306198576 ], [ 11.578252145957169, 48.133767703409482 ], [ 11.578250344958809, 48.133731751980726 ], [ 11.578304052088516, 48.133730546385259 ], [ 11.578304952605963, 48.133748522098912 ], [ 11.578358659750849, 48.13374731647761 ], [ 11.578359560287884, 48.133765292190439 ], [ 11.578440121026663, 48.133763483710339 ], [ 11.578441021592642, 48.133781459421975 ], [ 11.578521582351545, 48.133779650884328 ], [ 11.578522482946468, 48.133797626594749 ], [ 11.578603043725494, 48.133795817999548 ], [ 11.578603944349361, 48.133813793708782 ], [ 11.578657651549676, 48.133812587946544 ], [ 11.578658552193131, 48.133830563654932 ], [ 11.578739113015052, 48.133828754963439 ], [ 11.578740013687451, 48.133846730670641 ], [ 11.578820574529493, 48.133844921921593 ], [ 11.578821475230836, 48.13386289762758 ], [ 11.578902036093004, 48.133861088820986 ], [ 11.578902936823287, 48.133879064525765 ], [ 11.578956644079032, 48.133877858622604 ], [ 11.578957544828905, 48.133895834326566 ], [ 11.579038105733964, 48.133894025423665 ], [ 11.579039006512783, 48.133912001126433 ], [ 11.579119567437965, 48.133910192165985 ], [ 11.579120468245728, 48.133928167867538 ], [ 11.579201029191031, 48.133926358849543 ], [ 11.579201930027736, 48.133944334549888 ], [ 11.579255637338905, 48.133943128505798 ], [ 11.5792565381952, 48.133961104205326 ], [ 11.579337099183395, 48.133959295091039 ], [ 11.579338000068633, 48.133977270789352 ], [ 11.579418561076951, 48.13397546161751 ], [ 11.579419461991133, 48.133993437314622 ], [ 11.579500023019573, 48.133991628085226 ], [ 11.5795009239627, 48.134009603781145 ], [ 11.579581485011259, 48.134007794494195 ], [ 11.579582385983329, 48.134025770188906 ], [ 11.579636093363332, 48.134024563965511 ], [ 11.579636994354994, 48.134042539659397 ], [ 11.579717555446443, 48.134040730276155 ], [ 11.579718456467045, 48.134058705968833 ], [ 11.579799017578615, 48.134056896528037 ], [ 11.579799918628163, 48.134074872219522 ], [ 11.579853626050173, 48.134073665893553 ], [ 11.579854527119309, 48.134091641584206 ], [ 11.579935088273769, 48.134089832047117 ], [ 11.579935989371851, 48.134107807736562 ], [ 11.58001655054643, 48.134105998141926 ], [ 11.580025561856392, 48.134285755021232 ], [ 11.579998708038875, 48.134286358229488 ], [ 11.580011323890114, 48.13453801785419 ], [ 11.579823346226096, 48.134542240173587 ] ] ] } },
{ "type": "Feature", "properties": { "height": 16.701393127441406 }, "geometry": { "type": "Polygon", "coordinates": [ [ [ 11.575488153731618, 48.134405583980211 ], [ 11.575487254176604, 48.134387608228785 ], [ 11.575460400210087, 48.134388210377644 ], [ 11.57545950066531, 48.134370234625777 ], [ 11.575405792748347, 48.134371438903955 ], [ 11.575404893223158, 48.134353463151264 ], [ 11.575378039272708, 48.134354065280569 ], [ 11.575377139757757, 48.13433608952743 ], [ 11.57535028581578, 48.134336691650091 ], [ 11.575349386311061, 48.134318715896512 ], [ 11.575322532377559, 48.13431931801253 ], [ 11.575321632883075, 48.134301342258496 ], [ 11.575294778958046, 48.134301944367863 ], [ 11.575293879473797, 48.134283968613381 ], [ 11.57526702555724, 48.134284570716112 ], [ 11.575266126083227, 48.134266594961197 ], [ 11.575239272175146, 48.13426719705727 ], [ 11.575238372711365, 48.134249221301893 ], [ 11.575211518811757, 48.134249823391322 ], [ 11.575210619358213, 48.134231847635512 ], [ 11.575183765467076, 48.13423244971829 ], [ 11.575182866023766, 48.134214473962025 ], [ 11.575156012141104, 48.134215076038167 ], [ 11.575155112708028, 48.134197100281455 ], [ 11.575128258833841, 48.134197702350946 ], [ 11.575127359411001, 48.134179726593793 ], [ 11.575100505545285, 48.134180328656633 ], [ 11.57509960613268, 48.134162352899033 ], [ 11.575072752275435, 48.134162954955237 ], [ 11.575071852873066, 48.134144979197181 ], [ 11.575044999024296, 48.134145581246734 ], [ 11.575044099632162, 48.134127605488231 ], [ 11.575070953471576, 48.134127003439055 ], [ 11.575070054070968, 48.134109027680871 ], [ 11.575096907900148, 48.134108425625811 ], [ 11.575096008491066, 48.134090449867927 ], [ 11.57512286231001, 48.134089847806969 ], [ 11.575121962892457, 48.134071872049397 ], [ 11.575148816701166, 48.134071269982556 ], [ 11.575147917275139, 48.134053294225289 ], [ 11.575174771073614, 48.134052692152558 ], [ 11.575173871639112, 48.134034716395604 ], [ 11.575200725427353, 48.134034114316968 ], [ 11.57519802710107, 48.133980187046831 ], [ 11.57522488086037, 48.133979584963065 ], [ 11.575222182513951, 48.133925657693432 ], [ 11.575249036244307, 48.133925055604522 ], [ 11.575247237332389, 48.133889104091836 ], [ 11.575274091043157, 48.133888501997426 ], [ 11.575271392653828, 48.133834574729008 ], [ 11.575298246335652, 48.133833972629454 ], [ 11.575296447395127, 48.133798021117599 ], [ 11.575323301057365, 48.133797419012538 ], [ 11.575320602625123, 48.133743491745363 ], [ 11.575347456258418, 48.133742889635158 ], [ 11.575344757806043, 48.133688962368495 ], [ 11.575371611410393, 48.133688360253153 ], [ 11.575370711918676, 48.13367038449784 ], [ 11.575397565512795, 48.133669782376614 ], [ 11.575398465013865, 48.133687758131558 ], [ 11.575452172218165, 48.133686553869531 ], [ 11.575453071738826, 48.13370452962365 ], [ 11.575479925349006, 48.133703927482863 ], [ 11.575480824879902, 48.133721903236527 ], [ 11.575507678498557, 48.133721301089096 ], [ 11.575508578039686, 48.13373927684232 ], [ 11.575535431666815, 48.133738674688239 ], [ 11.575536331218178, 48.133756650441015 ], [ 11.575509477581695, 48.133757252595473 ], [ 11.575511276668358, 48.133793204101565 ], [ 11.575484423012286, 48.133793806250509 ], [ 11.575486222083764, 48.133829757757084 ], [ 11.575459368408106, 48.133830359900522 ], [ 11.575461167464399, 48.13386631140758 ], [ 11.575434313769151, 48.133866913545489 ], [ 11.575436112810261, 48.133902865053024 ], [ 11.575409259095425, 48.133903467185426 ], [ 11.57541105812135, 48.133939418693451 ], [ 11.575384204386925, 48.133940020820333 ], [ 11.575386003397664, 48.133975972328827 ], [ 11.575359149643651, 48.133976574450202 ], [ 11.575360948639206, 48.134012525959172 ], [ 11.575387802411928, 48.134011923837043 ], [ 11.575388701920382, 48.134029899591049 ], [ 11.575496117039876, 48.134027491038317 ], [ 11.575495217494007, 48.134009515285832 ], [ 11.575522071262325, 48.134008913132355 ], [ 11.575521171707983, 48.133990937380169 ], [ 11.575548025466064, 48.133990335220801 ], [ 11.575547125903251, 48.133972359468927 ], [ 11.575573979651098, 48.133971757303676 ], [ 11.575573080079812, 48.133953781552108 ], [ 11.575599933817424, 48.133953179380946 ], [ 11.575598134658783, 48.133917227878364 ], [ 11.575571280939878, 48.133917830048759 ], [ 11.575570381371231, 48.133899854296978 ], [ 11.575597235080783, 48.133899252126973 ], [ 11.575596335503663, 48.13388127637549 ], [ 11.575623189202981, 48.133880674199595 ], [ 11.575622289617391, 48.133862698448439 ], [ 11.575649143306471, 48.133862096266633 ], [ 11.575648243712408, 48.133844120515789 ], [ 11.575675097391255, 48.133843518328099 ], [ 11.575674197788716, 48.133825542577561 ], [ 11.57570105145733, 48.133824940383981 ], [ 11.57570015184632, 48.133806964633742 ], [ 11.575727005504696, 48.133806362434271 ], [ 11.575726105885213, 48.133788386684344 ], [ 11.575752959533357, 48.133787784478983 ], [ 11.575753859162194, 48.133805760228533 ], [ 11.575780712818808, 48.133805158016528 ], [ 11.575781612457879, 48.133823133765624 ], [ 11.575808466122968, 48.133822531546976 ], [ 11.575810265422463, 48.133858483044214 ], [ 11.57583711910538, 48.133857880818532 ], [ 11.575838018765802, 48.133875856566675 ], [ 11.575891726147697, 48.133874652095756 ], [ 11.575892625827709, 48.133892627843068 ], [ 11.575919479526689, 48.133892025597838 ], [ 11.575920379216935, 48.133910001344702 ], [ 11.575947232924388, 48.133909399092829 ], [ 11.575946333224786, 48.133891423346327 ], [ 11.575973186922006, 48.133890821088556 ], [ 11.575972287213931, 48.133872845342374 ], [ 11.575999140900915, 48.133872243078713 ], [ 11.575998241184369, 48.133854267332843 ], [ 11.576025094861118, 48.133853665063278 ], [ 11.5760241951361, 48.133835689317721 ], [ 11.576051048802613, 48.133835087042264 ], [ 11.576050149069122, 48.133817111297013 ], [ 11.5760770027254, 48.133816509015666 ], [ 11.576076102983436, 48.133798533270728 ], [ 11.576102956629478, 48.133797930983498 ], [ 11.576103856380797, 48.13381590672806 ], [ 11.576130710035313, 48.133815304434194 ], [ 11.576131609796867, 48.133833280178315 ], [ 11.576158463459857, 48.133832677877798 ], [ 11.576159363231644, 48.133850653621472 ], [ 11.576186216903107, 48.133850051314305 ], [ 11.576187116685128, 48.133868027057524 ], [ 11.576213970365064, 48.133867424743705 ], [ 11.576214870157321, 48.133885400486491 ], [ 11.576241723845728, 48.133884798166029 ], [ 11.576242623648222, 48.133902773908375 ], [ 11.57621576995046, 48.133903376229206 ], [ 11.576216669744479, 48.13392135197185 ], [ 11.576189816036484, 48.133921954286791 ], [ 11.57619071582203, 48.133939930029747 ], [ 11.576163862103801, 48.133940532338805 ], [ 11.576164761880873, 48.13395850808206 ], [ 11.576137908152408, 48.133959110385227 ], [ 11.576138807921009, 48.133977086128802 ], [ 11.576111954182307, 48.133977688426071 ], [ 11.576112853942435, 48.133995664169952 ], [ 11.576086000193499, 48.133996266461331 ], [ 11.576086899945155, 48.134014242205517 ], [ 11.576060046185985, 48.134014844491013 ], [ 11.576060945929166, 48.134032820235497 ], [ 11.576034092159761, 48.134033422515117 ], [ 11.57603499189447, 48.134051398259906 ], [ 11.57600813811483, 48.134052000533615 ], [ 11.576009037841066, 48.134069976278724 ], [ 11.57598218405119, 48.134070578546549 ], [ 11.575983083768953, 48.134088554291964 ], [ 11.575956229968842, 48.134089156553898 ], [ 11.575957129678134, 48.134107132299611 ], [ 11.575930275867787, 48.134107734555663 ], [ 11.575931175568606, 48.134125710301696 ], [ 11.575904321748023, 48.134126312551849 ], [ 11.575905221440371, 48.134144288298188 ], [ 11.575878367609553, 48.134144890542451 ], [ 11.575879267293425, 48.13416286628911 ], [ 11.575852413452372, 48.134163468527468 ], [ 11.575853313127773, 48.134181444274425 ], [ 11.575826459276486, 48.134182046506893 ], [ 11.575827358943412, 48.13420002225417 ], [ 11.575800505081892, 48.134200624480748 ], [ 11.575801404740345, 48.13421860022833 ], [ 11.575774550868587, 48.134219202449017 ], [ 11.575775450518567, 48.134237178196912 ], [ 11.575748596636576, 48.134237780411709 ], [ 11.575749496278084, 48.134255756159902 ], [ 11.575722642385857, 48.134256358368816 ], [ 11.57572354201889, 48.134274334117315 ], [ 11.575696688116427, 48.134274936320338 ], [ 11.57569758774099, 48.134292912069142 ], [ 11.575670733828293, 48.134293514266275 ], [ 11.575671633444381, 48.134311490015399 ], [ 11.575644779521449, 48.134312092206635 ], [ 11.575645679129062, 48.134330067956064 ], [ 11.575618825195896, 48.134330670141409 ], [ 11.575619724795036, 48.134348645891151 ], [ 11.575592870851635, 48.134349248070606 ], [ 11.575593770442303, 48.134367223820647 ], [ 11.575566916488667, 48.134367825994218 ], [ 11.575567816070862, 48.134385801744564 ], [ 11.57554096210699, 48.134386403912238 ], [ 11.57554186168071, 48.134404379662904 ], [ 11.575488153731618, 48.134405583980211 ] ] ] } },
{ "type": "Feature", "properties": { "height": 19.684913635253906 }, "geometry": { "type": "Polygon", "coordinates": [ [ [ 11.57069645965824, 48.134278982148111 ], [ 11.570694663902069, 48.134243030509111 ], [ 11.570667809909862, 48.134243631536869 ], [ 11.570666912042448, 48.134225655716882 ], [ 11.570640058058718, 48.134226256738003 ], [ 11.570639160201537, 48.134208280917584 ], [ 11.570612306226282, 48.134208881932047 ], [ 11.570611408379337, 48.134190906111172 ], [ 11.570584554412555, 48.134191507118999 ], [ 11.570583656575844, 48.134173531297677 ], [ 11.570556802617538, 48.13417413229886 ], [ 11.570555904791057, 48.134156156477097 ], [ 11.570582758740009, 48.134155555476298 ], [ 11.570581860905055, 48.134137579654841 ], [ 11.570474445141391, 48.13413998361893 ], [ 11.570472649548954, 48.134104031972797 ], [ 11.570445795624547, 48.134104632947384 ], [ 11.570444000054332, 48.134068681300235 ], [ 11.570417146147758, 48.134069282267802 ], [ 11.570415350599768, 48.134033330619609 ], [ 11.57038849671102, 48.134033931580156 ], [ 11.570387598947699, 48.134015955755572 ], [ 11.570280183421335, 48.134018359533577 ], [ 11.570279285696309, 48.134000383707424 ], [ 11.570198724070368, 48.134002186473978 ], [ 11.570197826374285, 48.133984210646631 ], [ 11.570170972506565, 48.133984811555898 ], [ 11.570171870193297, 48.134002787383622 ], [ 11.570118162436517, 48.134003989184116 ], [ 11.570119060105418, 48.134021965012536 ], [ 11.570065352326415, 48.134023166788708 ], [ 11.570066249977486, 48.134041142617804 ], [ 11.570012542176258, 48.134042344369661 ], [ 11.570011644543893, 48.134024368539791 ], [ 11.569984790651315, 48.134024969405935 ], [ 11.569982995407932, 48.133989017745265 ], [ 11.569956141533183, 48.133989618604396 ], [ 11.569957039145081, 48.13400759443514 ], [ 11.569903331374235, 48.134008796135319 ], [ 11.569902433781046, 48.133990820303829 ], [ 11.569929287657553, 48.133990219457239 ], [ 11.569928390055889, 48.133972243626047 ], [ 11.569901536188736, 48.133972844472261 ], [ 11.569900638597304, 48.133954868640622 ], [ 11.569873784738625, 48.133955469480178 ], [ 11.569871091997666, 48.133901541983732 ], [ 11.569897945828282, 48.133900941145299 ], [ 11.569897048240367, 48.13388296531339 ], [ 11.570031317333493, 48.133879961029081 ], [ 11.570030419699686, 48.13386198519899 ], [ 11.570057273506318, 48.133861384323694 ], [ 11.570056375864036, 48.133843408493902 ], [ 11.570083229660439, 48.133842807612723 ], [ 11.570079639062683, 48.133770904294387 ], [ 11.57010649282079, 48.133770303408433 ], [ 11.570102902199682, 48.133698400090495 ], [ 11.570129755919494, 48.133697799199794 ], [ 11.570127960595507, 48.133661847541156 ], [ 11.570101106894404, 48.13366244843111 ], [ 11.57009931159264, 48.133626496771441 ], [ 11.57001875054018, 48.133628299401423 ], [ 11.57001785291868, 48.133610323570352 ], [ 11.569990999242121, 48.133610924434102 ], [ 11.569988306410954, 48.133556996939369 ], [ 11.570042013707067, 48.133555795207869 ], [ 11.570041116079727, 48.133537819376897 ], [ 11.570094823353616, 48.133536617621075 ], [ 11.570093925708447, 48.133518641790793 ], [ 11.570201340208262, 48.133516238205438 ], [ 11.570200442526556, 48.133498262376598 ], [ 11.57022729613996, 48.133497661464958 ], [ 11.570229091522954, 48.13353361312182 ], [ 11.570255945154186, 48.133533012203166 ], [ 11.570257740559406, 48.133568963859005 ], [ 11.570284594208465, 48.133568362933332 ], [ 11.570286389635909, 48.133604314588126 ], [ 11.570313243302797, 48.133603713655425 ], [ 11.570315038752465, 48.133639665309197 ], [ 11.570341892437181, 48.133639064369483 ], [ 11.570342790172687, 48.133657040195878 ], [ 11.570423351249625, 48.133655237337969 ], [ 11.570424249014073, 48.133673213163185 ], [ 11.570585371200336, 48.133669607275849 ], [ 11.570584473379766, 48.133651631452906 ], [ 11.570611327065045, 48.13365103045011 ], [ 11.570610429235998, 48.133633054627474 ], [ 11.570664136585213, 48.133631852603855 ], [ 11.570663238738339, 48.133613876781908 ], [ 11.570690092402273, 48.133613275761064 ], [ 11.570691888115608, 48.133649227404142 ], [ 11.570718741797371, 48.133648626376285 ], [ 11.570719639664711, 48.133666602197358 ], [ 11.57074649335495, 48.133666001162851 ], [ 11.570747391232521, 48.133683976983455 ], [ 11.570774244931235, 48.133683375942304 ], [ 11.570777836487737, 48.133755279222562 ], [ 11.570724129014602, 48.133756481301617 ], [ 11.570725026887219, 48.133774457122257 ], [ 11.570671319391858, 48.133775659176976 ], [ 11.570672217246644, 48.133793634998312 ], [ 11.570699071004119, 48.13379303397371 ], [ 11.570699968869137, 48.133811009794591 ], [ 11.570753676400155, 48.133809807725818 ], [ 11.570756370056616, 48.133863735185805 ], [ 11.570729516263485, 48.133864336224455 ], [ 11.570733107780324, 48.133936239504962 ], [ 11.570706253948899, 48.133936840538844 ], [ 11.570708049693886, 48.133972792179442 ], [ 11.570681195842871, 48.133973393207825 ], [ 11.570680297979292, 48.133955417387185 ], [ 11.570653444136754, 48.133956018408909 ], [ 11.570654341990979, 48.133973994229926 ], [ 11.570600634284556, 48.133975196255342 ], [ 11.570602429958226, 48.134011147898669 ], [ 11.570629283830588, 48.134010546888341 ], [ 11.570630181678096, 48.134028522709535 ], [ 11.570657035558931, 48.134027921692564 ], [ 11.570658831275294, 48.134063873333965 ], [ 11.570685685173958, 48.13406327230998 ], [ 11.570686583042811, 48.134081248130201 ], [ 11.57071343694995, 48.134080647099566 ], [ 11.570714334829038, 48.134098622919339 ], [ 11.570741188744652, 48.134098021882068 ], [ 11.570742086633972, 48.1341159977014 ], [ 11.570768940558061, 48.134115396657471 ], [ 11.570768042659385, 48.134097420838515 ], [ 11.570794896573242, 48.134096819788695 ], [ 11.57079399866609, 48.134078843970045 ], [ 11.570820852569712, 48.134078242914335 ], [ 11.570819056739341, 48.134042291277595 ], [ 11.570845910623374, 48.134041690216364 ], [ 11.570845012700154, 48.134023714398275 ], [ 11.570871866573956, 48.134023113331146 ], [ 11.570870968642257, 48.134005137513348 ], [ 11.570897822505826, 48.134004536440337 ], [ 11.570896924565655, 48.133986560622859 ], [ 11.570950632271442, 48.13398535845878 ], [ 11.570949734313444, 48.133967382641984 ], [ 11.570976588155665, 48.133966781550924 ], [ 11.570975690189194, 48.133948805734427 ], [ 11.57100254402118, 48.133948204637477 ], [ 11.571005237951301, 48.134002132085612 ], [ 11.571032091810473, 48.134001530981266 ], [ 11.571033887786992, 48.134037482612257 ], [ 11.571060741663993, 48.13403688150089 ], [ 11.571062537662737, 48.134072833130851 ], [ 11.571035683767031, 48.134073434242985 ], [ 11.571036581758367, 48.13409141005824 ], [ 11.571009727852427, 48.134092011164469 ], [ 11.571010625835289, 48.134109986980029 ], [ 11.570983771919115, 48.134110588080382 ], [ 11.570984669893502, 48.134128563896255 ], [ 11.570957815967095, 48.134129164990703 ], [ 11.570958713933006, 48.134147140806874 ], [ 11.570931859996366, 48.134147741895447 ], [ 11.570932757953804, 48.13416571771193 ], [ 11.57090590400693, 48.134166318794598 ], [ 11.570906801955891, 48.134184294611394 ], [ 11.570853094040794, 48.134185496758683 ], [ 11.570853991971928, 48.134203472576161 ], [ 11.570827138003708, 48.134204073640774 ], [ 11.570828035926368, 48.134222049458565 ], [ 11.570801181947914, 48.134222650517295 ], [ 11.570802079862098, 48.134240626335384 ], [ 11.570775225873408, 48.134241227388223 ], [ 11.570776123779117, 48.134259203206632 ], [ 11.570722415780393, 48.134260405294242 ], [ 11.570723313668276, 48.134278381113326 ], [ 11.57069645965824, 48.134278982148111 ] ] ] } },
{ "type": "Feature", "properties": { "height": 16.736167907714844 }, "geometry": { "type": "Polygon", "coordinates": [ [ [ 11.572019491842495, 48.134393330477245 ], [ 11.572018593498576, 48.134375354676813 ], [ 11.571991739465277, 48.134375956015127 ], [ 11.571989044466859, 48.13432202861226 ], [ 11.571962190460741, 48.134322629943185 ], [ 11.571960393818236, 48.134286678340182 ], [ 11.571933539829947, 48.134287279664072 ], [ 11.571930844900852, 48.134233352257915 ], [ 11.571903990939747, 48.134233953574416 ], [ 11.571901296046628, 48.134180026166483 ], [ 11.571874442112705, 48.13418062747558 ], [ 11.571872645540401, 48.134144675869216 ], [ 11.571845791624305, 48.134145277171278 ], [ 11.571842198527667, 48.134073373956198 ], [ 11.57181534464811, 48.134073975250494 ], [ 11.571810853343871, 48.133984096228176 ], [ 11.571783999510206, 48.133984697514329 ], [ 11.571780406520066, 48.133912794293721 ], [ 11.571753552722935, 48.133913395572094 ], [ 11.571749959784285, 48.133841492348893 ], [ 11.571723106023692, 48.133842093619464 ], [ 11.571718614916938, 48.133752214587012 ], [ 11.571691761202235, 48.133752815849462 ], [ 11.571688168370081, 48.133680912620747 ], [ 11.571661314691912, 48.133681513875402 ], [ 11.571660416495428, 48.133663538067665 ], [ 11.57168727016424, 48.133662936813394 ], [ 11.571686371959279, 48.13364496100597 ], [ 11.571820640243381, 48.133641954642407 ], [ 11.571819741992531, 48.133623978836809 ], [ 11.571954010207872, 48.133620972318425 ], [ 11.571953111911133, 48.133602996514632 ], [ 11.572087380057715, 48.133599989841414 ], [ 11.572086481715086, 48.133582014039447 ], [ 11.572220749792907, 48.133579007211402 ], [ 11.572219851404387, 48.133561031411247 ], [ 11.572380973012617, 48.133557423013002 ], [ 11.572380074568857, 48.133539447215043 ], [ 11.572514342504752, 48.133536440046001 ], [ 11.572512545526328, 48.133500488453649 ], [ 11.572485691959615, 48.133501089899227 ], [ 11.572486590439034, 48.133519065695829 ], [ 11.572325468964165, 48.133522674240005 ], [ 11.572326367388339, 48.133540650038782 ], [ 11.572138392228817, 48.133544859724395 ], [ 11.572139290588394, 48.133562835525751 ], [ 11.571951315320291, 48.133567044906847 ], [ 11.571952213615273, 48.133585020710775 ], [ 11.57176423823859, 48.133589229787347 ], [ 11.571765136468974, 48.13360720559384 ], [ 11.571630868269615, 48.133610211890939 ], [ 11.571627275540434, 48.133538308657002 ], [ 11.571600421935342, 48.13353890989611 ], [ 11.571597727425754, 48.133484982468794 ], [ 11.571570873847842, 48.133485583700491 ], [ 11.57156817937423, 48.133431656271426 ], [ 11.5715413258235, 48.133432257495727 ], [ 11.571537733241746, 48.133360354254499 ], [ 11.571510879727551, 48.133360955471026 ], [ 11.571508185328531, 48.133307028038246 ], [ 11.571481331841518, 48.133307629247369 ], [ 11.571478637478474, 48.133253701812833 ], [ 11.571451784018643, 48.133254303014567 ], [ 11.571449089691576, 48.133200375578276 ], [ 11.571422236258927, 48.133200976772613 ], [ 11.571418643872565, 48.133129073521751 ], [ 11.571391790476449, 48.133129674708307 ], [ 11.571389096223973, 48.1330757472683 ], [ 11.57136224285504, 48.13307634844746 ], [ 11.571359548638538, 48.133022421005691 ], [ 11.571332695296785, 48.133023022177454 ], [ 11.571329103057845, 48.132951118919301 ], [ 11.571302249752627, 48.132951720083277 ], [ 11.571299555610715, 48.132897792637806 ], [ 11.571272702332678, 48.132898393794399 ], [ 11.571270008226742, 48.13284446634718 ], [ 11.571243154975885, 48.132845067496355 ], [ 11.571239562884362, 48.132773164230912 ], [ 11.571212709670039, 48.13277376537232 ], [ 11.571210015638691, 48.132719837921378 ], [ 11.571183162451552, 48.13272043905539 ], [ 11.571180468456175, 48.1326665116027 ], [ 11.571153615296216, 48.132667112729301 ], [ 11.571150023352107, 48.132595209456568 ], [ 11.571176876474652, 48.132594608331473 ], [ 11.57117597848147, 48.132576632513498 ], [ 11.571229684705216, 48.132575430245247 ], [ 11.571228786694206, 48.13255745442796 ], [ 11.571255639795408, 48.132556853284797 ], [ 11.571256537815771, 48.132574829101713 ], [ 11.571283390925444, 48.132574227951913 ], [ 11.57128428895604, 48.13259220376839 ], [ 11.57131114207419, 48.132591602611946 ], [ 11.571312938156726, 48.132627554243932 ], [ 11.571366644427799, 48.132626351910737 ], [ 11.571365746367386, 48.132608376095533 ], [ 11.571392599492249, 48.132607774919911 ], [ 11.571389905288223, 48.132553847475016 ], [ 11.571363052191417, 48.132554448649508 ], [ 11.571361256078502, 48.132518497018488 ], [ 11.571334402999526, 48.132519098185959 ], [ 11.57133350495374, 48.132501122369959 ], [ 11.571387211092107, 48.132499920029503 ], [ 11.571386313028496, 48.132481944214199 ], [ 11.571413166087007, 48.132481343034947 ], [ 11.571412268014921, 48.132463367219941 ], [ 11.571465974110598, 48.132462164843389 ], [ 11.571466872201391, 48.132480140657634 ], [ 11.571493725257266, 48.132479539459574 ], [ 11.571494623358289, 48.132497515273378 ], [ 11.571521476422637, 48.132496914068675 ], [ 11.571522374533895, 48.132514889882032 ], [ 11.571549227606715, 48.132514288670684 ], [ 11.571550125728207, 48.132532264483594 ], [ 11.571576978809501, 48.13253166326561 ], [ 11.571577876941225, 48.132549639078057 ], [ 11.571604730030995, 48.132549037853423 ], [ 11.57160562817295, 48.132567013665422 ], [ 11.571632481271193, 48.132566412434151 ], [ 11.571633379423384, 48.132584388245718 ], [ 11.571660232530098, 48.132583787007789 ], [ 11.571661130692521, 48.132601762818915 ], [ 11.571687983807712, 48.132601161574343 ], [ 11.571688881980366, 48.132619137385028 ], [ 11.571742588226815, 48.132617934876315 ], [ 11.571743486419056, 48.132635910686169 ], [ 11.571770339550314, 48.132635309422035 ], [ 11.571771237752788, 48.132653285231441 ], [ 11.571798090892521, 48.132652683960671 ], [ 11.571798989105227, 48.132670659769623 ], [ 11.571825842253434, 48.132670058492202 ], [ 11.571826740476375, 48.132688034300713 ], [ 11.571853593633053, 48.132687433016649 ], [ 11.571854491866224, 48.132705408824712 ], [ 11.571881345031379, 48.132704807533997 ], [ 11.571882243274786, 48.13272278334162 ], [ 11.571909096448412, 48.132722182044269 ], [ 11.571909994702052, 48.132740157851437 ], [ 11.571936847884155, 48.132739556547435 ], [ 11.571937746148025, 48.132757532354155 ], [ 11.571991452528296, 48.13275632972659 ], [ 11.571992350811755, 48.132774305532493 ], [ 11.572019204009923, 48.132773704208937 ], [ 11.572020102303615, 48.132791680014392 ], [ 11.57204695551026, 48.132791078684185 ], [ 11.572047853814183, 48.132809054489201 ], [ 11.5720747070293, 48.132808453152343 ], [ 11.572075605343457, 48.132826428956911 ], [ 11.572102458567048, 48.132825827613409 ], [ 11.572103356891439, 48.132843803417529 ], [ 11.572130210123504, 48.132843202067384 ], [ 11.572131108458127, 48.132861177871057 ], [ 11.572157961698665, 48.132860576514268 ], [ 11.572158860043523, 48.132878552317493 ], [ 11.572212566540667, 48.132877349584355 ], [ 11.572213464905111, 48.13289532538677 ], [ 11.572240318161716, 48.132894724010406 ], [ 11.572241216536394, 48.132912699812373 ], [ 11.572268069801474, 48.132912098429379 ], [ 11.572268968186382, 48.132930074230892 ], [ 11.572295821459937, 48.132929472841241 ], [ 11.572296719855082, 48.132947448642312 ], [ 11.572323573137107, 48.132946847246025 ], [ 11.572324471542485, 48.132964823046642 ], [ 11.572351324832985, 48.132964221643711 ], [ 11.572352223248595, 48.13298219744388 ], [ 11.57237907654757, 48.132981596034298 ], [ 11.572379974973412, 48.132999571834034 ], [ 11.57243368158743, 48.132998368995317 ], [ 11.572434580032862, 48.133016344794214 ], [ 11.572461433347904, 48.133015743365085 ], [ 11.572462331803566, 48.133033719163542 ], [ 11.572489185127083, 48.133033117727756 ], [ 11.57249008359298, 48.133051093525772 ], [ 11.572516936924972, 48.133050492083335 ], [ 11.572517835401101, 48.133068467880918 ], [ 11.572544688741566, 48.133067866431844 ], [ 11.572545587227928, 48.133085842228965 ], [ 11.572572440576867, 48.133085240773234 ], [ 11.572573339073463, 48.133103216569907 ], [ 11.572600192430874, 48.133102615107546 ], [ 11.572601090937704, 48.133120590903786 ], [ 11.572654797668596, 48.133119387959482 ], [ 11.572655696195012, 48.133137363754884 ], [ 11.572682549568492, 48.133136762272954 ], [ 11.572683448105142, 48.133154738067915 ], [ 11.572710301487094, 48.13315413657935 ], [ 11.572711200033979, 48.133172112373849 ], [ 11.572738053424406, 48.13317151087864 ], [ 11.572738951981524, 48.133189486672713 ], [ 11.572765805380422, 48.133188885170838 ], [ 11.572766703947774, 48.133206860964464 ], [ 11.572793557355148, 48.133206259455953 ], [ 11.572794455932733, 48.133224235249124 ], [ 11.572821309348582, 48.133223633733969 ], [ 11.572822207936399, 48.133241609526699 ], [ 11.572875914784163, 48.133240406476823 ], [ 11.572876813391568, 48.133258382268735 ], [ 11.572903666823484, 48.13325778073402 ], [ 11.572904565441123, 48.133275756525471 ], [ 11.572931418881511, 48.133275154984112 ], [ 11.572932317509384, 48.133293130775115 ], [ 11.572959170958248, 48.133292529227113 ], [ 11.572960069596352, 48.133310505017683 ], [ 11.572986923053689, 48.133309903463037 ], [ 11.572987821702029, 48.133327879253152 ], [ 11.573014675167839, 48.133327277691862 ], [ 11.573015573826414, 48.133345253481522 ], [ 11.573042427300697, 48.133344651913589 ], [ 11.573043325969502, 48.133362627702802 ], [ 11.57309703293414, 48.13336142454736 ], [ 11.573097931622534, 48.133379400335762 ], [ 11.573124785112887, 48.133378798748254 ], [ 11.573125683811512, 48.133396774536216 ], [ 11.573152537310337, 48.133396172942071 ], [ 11.573153436019199, 48.133414148729578 ], [ 11.573180289526499, 48.133413547128782 ], [ 11.573181188245595, 48.133431522915842 ], [ 11.573208041761367, 48.133430921308396 ], [ 11.573208940490696, 48.133448897095022 ], [ 11.573235794014941, 48.133448295480939 ], [ 11.573236692754506, 48.133466271267096 ], [ 11.573263546287226, 48.133465669646377 ], [ 11.573264445037022, 48.133483645432101 ], [ 11.573318152118528, 48.133482442171072 ], [ 11.573319050887914, 48.133500417955979 ], [ 11.573345904436701, 48.133499816315691 ], [ 11.573346803216319, 48.133517792100143 ], [ 11.57337365677358, 48.133517190453198 ], [ 11.573374555563433, 48.133535166237209 ], [ 11.573401409129167, 48.133534564583627 ], [ 11.573402307929253, 48.133552540367184 ], [ 11.57342916150346, 48.133551938706958 ], [ 11.573430060313781, 48.133569914490067 ], [ 11.573456913896463, 48.133569312823191 ], [ 11.573457812717017, 48.133587288605867 ], [ 11.573484666308172, 48.13358668693234 ], [ 11.573485565138961, 48.133604662714568 ], [ 11.573539272337339, 48.133603459347974 ], [ 11.573540171187714, 48.133621435129363 ], [ 11.573567024794936, 48.133620833436289 ], [ 11.573567923655547, 48.133638809217231 ], [ 11.573594777271243, 48.133638207517514 ], [ 11.573595676142086, 48.133656183298015 ], [ 11.573622529766254, 48.133655581591647 ], [ 11.573623428647332, 48.133673557371694 ], [ 11.573650282279978, 48.133672955658682 ], [ 11.573651181171289, 48.133690931438288 ], [ 11.573678034812405, 48.13369032971864 ], [ 11.573678933713952, 48.133708305497791 ], [ 11.573705787363544, 48.133707703771492 ], [ 11.573706686275322, 48.133725679550203 ], [ 11.573679832616378, 48.133726281276886 ], [ 11.573680731519685, 48.133744257055916 ], [ 11.573653877850505, 48.133744858776716 ], [ 11.573654776745339, 48.133762834556052 ], [ 11.573627923065928, 48.133763436270947 ], [ 11.573628821952285, 48.133781412050595 ], [ 11.57360196826264, 48.1337820137596 ], [ 11.573602867140526, 48.133799989539568 ], [ 11.573576013440645, 48.133800591242682 ], [ 11.573577811180348, 48.133836542803124 ], [ 11.573550957460879, 48.133837144500724 ], [ 11.573551856322698, 48.133855120281225 ], [ 11.573525002592994, 48.133855721972949 ], [ 11.57352590144634, 48.133873697753756 ], [ 11.573499047706402, 48.133874299439576 ], [ 11.573499946551275, 48.133892275220688 ], [ 11.573473092801102, 48.133892876900632 ], [ 11.573473991637499, 48.13391085268205 ], [ 11.573447137877094, 48.13391145435611 ], [ 11.573448036705019, 48.133929430137833 ], [ 11.573421182934378, 48.133930031805974 ], [ 11.573422081753828, 48.133948007588032 ], [ 11.573395227972954, 48.133948609250275 ], [ 11.573397025595787, 48.133984560814902 ], [ 11.573370171795325, 48.13398516247166 ], [ 11.573371070598707, 48.134003138254236 ], [ 11.57334421678801, 48.134003739905097 ], [ 11.573345115582919, 48.134021715687986 ], [ 11.57331826176199, 48.134022317332949 ], [ 11.573319160548424, 48.134040293116158 ], [ 11.57329230671726, 48.134040894755223 ], [ 11.57329320549522, 48.134058870538738 ], [ 11.573266351653821, 48.134059472171913 ], [ 11.573267250423308, 48.13407744795574 ], [ 11.573240396571675, 48.134078049583024 ], [ 11.573242194094581, 48.134114001151211 ], [ 11.573215340223358, 48.134114602772982 ], [ 11.573216238976778, 48.134132578557349 ], [ 11.573189385095322, 48.134133180173244 ], [ 11.573190283840265, 48.134151155957902 ], [ 11.573163429948577, 48.134151757567899 ], [ 11.573164328685047, 48.134169733352877 ], [ 11.573137474783126, 48.13417033495697 ], [ 11.573138373511123, 48.134188310742267 ], [ 11.573111519598964, 48.134188912340477 ], [ 11.573112418318487, 48.134206888126087 ], [ 11.573058710472825, 48.134208091304437 ], [ 11.573059609174518, 48.134226067090729 ], [ 11.57297904737136, 48.134227871812399 ], [ 11.572979946045871, 48.134245847599743 ], [ 11.572926238153991, 48.13424705071693 ], [ 11.572927136810675, 48.134265026504963 ], [ 11.572873428896568, 48.134266229597834 ], [ 11.572874327535422, 48.13428420538655 ], [ 11.572820619599085, 48.134285408455099 ], [ 11.572821518220112, 48.134303384244497 ], [ 11.572714102299461, 48.134305790307877 ], [ 11.572715000883953, 48.134323766098724 ], [ 11.57258073091657, 48.134326773538781 ], [ 11.57258162945517, 48.134344749331447 ], [ 11.572447359419019, 48.134347756616677 ], [ 11.572448257911729, 48.134365732411155 ], [ 11.572313987806812, 48.134368739541557 ], [ 11.572314886253629, 48.134386715337854 ], [ 11.572234324152058, 48.134388519542 ], [ 11.572232527315432, 48.134352567947083 ], [ 11.572205673298523, 48.134353169335185 ], [ 11.572206571707042, 48.134371145133045 ], [ 11.572072301562537, 48.134374151981355 ], [ 11.572073199925164, 48.134392127781048 ], [ 11.572019491842495, 48.134393330477245 ] ] ] } }
]
}
